<?xml version="1.0" encoding="UTF-8"?>
<gpx creator="StravaGPX" version="1.1" xmlns="http://www.topografix.com/GPX/1/1" xmlns:xsi="http://www.w3.org/2001/XMLSchema-instance" xsi:schemaLocation="http://www.topografix.com/GPX/1/1 http://www.topografix.com/GPX/1/1/gpx.xsd">
 <metadata>
  <name>Twan - Maastricht</name>
  <author>
   <name>Joeri Scapicchio</name>
   <link href="https://www.strava.com/athletes/2447439"/>
  </author>
  <copyright author="OpenStreetMap contributors">
   <year>2020</year>
   <license>https://www.openstreetmap.org/copyright</license>
  </copyright>
  <link href="https://www.strava.com/routes/18873760"/>
 </metadata>
 <trk>
  <name>Twan - Maastricht</name>
  <link href="https://www.strava.com/routes/18873760"/>
  <type>cycling</type>
  <trkseg>
   <trkpt lat="51.063430000000004" lon="5.088710000000001">
    <ele>29.240000000000002</ele>
   </trkpt>
   <trkpt lat="51.06295" lon="5.0888100000000005">
    <ele>30.340000000000003</ele>
   </trkpt>
   <trkpt lat="51.06215" lon="5.08891">
    <ele>32.93</ele>
   </trkpt>
   <trkpt lat="51.06147333330364" lon="5.088953334603">
    <ele>35.07</ele>
   </trkpt>
   <trkpt lat="51.06079666659124" lon="5.088996667939238">
    <ele>37.22</ele>
   </trkpt>
   <trkpt lat="51.060120000000005" lon="5.089040000000001">
    <ele>38.17</ele>
   </trkpt>
   <trkpt lat="51.059830000000005" lon="5.0890200000000005">
    <ele>38.330000000000005</ele>
   </trkpt>
   <trkpt lat="51.05906" lon="5.089040000000001">
    <ele>38.35</ele>
   </trkpt>
   <trkpt lat="51.05883000000001" lon="5.089090000000001">
    <ele>38.17</ele>
   </trkpt>
   <trkpt lat="51.05807" lon="5.08907">
    <ele>37.78</ele>
   </trkpt>
   <trkpt lat="51.057460000000006" lon="5.088970000000001">
    <ele>37.49</ele>
   </trkpt>
   <trkpt lat="51.05702" lon="5.0889500000000005">
    <ele>37.49</ele>
   </trkpt>
   <trkpt lat="51.05673" lon="5.088900000000001">
    <ele>37.49</ele>
   </trkpt>
   <trkpt lat="51.056360000000005" lon="5.0888100000000005">
    <ele>37.410000000000004</ele>
   </trkpt>
   <trkpt lat="51.055870000093215" lon="5.088659998411839">
    <ele>37.34</ele>
   </trkpt>
   <trkpt lat="51.05538000000001" lon="5.08851">
    <ele>36.94</ele>
   </trkpt>
   <trkpt lat="51.05509000000001" lon="5.08846">
    <ele>36.54</ele>
   </trkpt>
   <trkpt lat="51.05433500060776" lon="5.088239989235938">
    <ele>35.11</ele>
   </trkpt>
   <trkpt lat="51.05358000080248" lon="5.0880199856459205">
    <ele>32.879999999999995</ele>
   </trkpt>
   <trkpt lat="51.05282500058424" lon="5.087799989229522">
    <ele>31.86</ele>
   </trkpt>
   <trkpt lat="51.05207000000001" lon="5.08758">
    <ele>30.28</ele>
   </trkpt>
   <trkpt lat="51.05203" lon="5.08751">
    <ele>30.28</ele>
   </trkpt>
   <trkpt lat="51.05181" lon="5.0874500000000005">
    <ele>30.0</ele>
   </trkpt>
   <trkpt lat="51.051550000000006" lon="5.087400000000001">
    <ele>29.66</ele>
   </trkpt>
   <trkpt lat="51.051520000000004" lon="5.08748">
    <ele>29.66</ele>
   </trkpt>
   <trkpt lat="51.05144000000001" lon="5.087490000000001">
    <ele>29.5</ele>
   </trkpt>
   <trkpt lat="51.05118" lon="5.087420000000001">
    <ele>29.130000000000003</ele>
   </trkpt>
   <trkpt lat="51.050740000000005" lon="5.08736">
    <ele>28.71</ele>
   </trkpt>
   <trkpt lat="51.050700000000006" lon="5.0877300000000005">
    <ele>28.610000000000003</ele>
   </trkpt>
   <trkpt lat="51.050082506037285" lon="5.088417527512531">
    <ele>27.91</ele>
   </trkpt>
   <trkpt lat="51.0494650080413" lon="5.0891050366920885">
    <ele>27.26</ele>
   </trkpt>
   <trkpt lat="51.04884750601222" lon="5.089792527539444">
    <ele>26.590000000000003</ele>
   </trkpt>
   <trkpt lat="51.048230000000004" lon="5.09048">
    <ele>26.430000000000003</ele>
   </trkpt>
   <trkpt lat="51.04762" lon="5.091150000000001">
    <ele>26.46</ele>
   </trkpt>
   <trkpt lat="51.04692000153768" lon="5.091760009262043">
    <ele>26.2</ele>
   </trkpt>
   <trkpt lat="51.046220000000005" lon="5.092370000000001">
    <ele>25.78</ele>
   </trkpt>
   <trkpt lat="51.04571000000001" lon="5.09274">
    <ele>25.43</ele>
   </trkpt>
   <trkpt lat="51.04515500032869" lon="5.093085004244873">
    <ele>25.210000000000004</ele>
   </trkpt>
   <trkpt lat="51.0446" lon="5.093430000000001">
    <ele>24.900000000000002</ele>
   </trkpt>
   <trkpt lat="51.04383666754638" lon="5.093763344348441">
    <ele>23.970000000000002</ele>
   </trkpt>
   <trkpt lat="51.0430733341446" lon="5.094096677711438">
    <ele>24.330000000000002</ele>
   </trkpt>
   <trkpt lat="51.04231000000001" lon="5.09443">
    <ele>25.150000000000002</ele>
   </trkpt>
   <trkpt lat="51.04211" lon="5.09447">
    <ele>25.150000000000002</ele>
   </trkpt>
   <trkpt lat="51.041650000000004" lon="5.0944400000000005">
    <ele>25.400000000000002</ele>
   </trkpt>
   <trkpt lat="51.04144" lon="5.09449">
    <ele>25.400000000000002</ele>
   </trkpt>
   <trkpt lat="51.04122" lon="5.09464">
    <ele>25.640000000000004</ele>
   </trkpt>
   <trkpt lat="51.04059333665023" lon="5.095260016736112">
    <ele>26.230000000000004</ele>
   </trkpt>
   <trkpt lat="51.039966670020135" lon="5.095880016699626">
    <ele>27.180000000000003</ele>
   </trkpt>
   <trkpt lat="51.03934" lon="5.096500000000001">
    <ele>29.53</ele>
   </trkpt>
   <trkpt lat="51.03923" lon="5.096590000000001">
    <ele>29.960000000000004</ele>
   </trkpt>
   <trkpt lat="51.03876000007784" lon="5.096810002291894">
    <ele>30.810000000000002</ele>
   </trkpt>
   <trkpt lat="51.03829" lon="5.09703">
    <ele>33.28</ele>
   </trkpt>
   <trkpt lat="51.038000000000004" lon="5.09726">
    <ele>33.440000000000005</ele>
   </trkpt>
   <trkpt lat="51.03786" lon="5.09745">
    <ele>34.15</ele>
   </trkpt>
   <trkpt lat="51.0377" lon="5.097580000000001">
    <ele>34.510000000000005</ele>
   </trkpt>
   <trkpt lat="51.03748" lon="5.097650000000001">
    <ele>34.72</ele>
   </trkpt>
   <trkpt lat="51.03728" lon="5.097650000000001">
    <ele>35.64000000000001</ele>
   </trkpt>
   <trkpt lat="51.0367799999981" lon="5.097614999621828">
    <ele>37.24</ele>
   </trkpt>
   <trkpt lat="51.036280000000005" lon="5.097580000000001">
    <ele>38.89</ele>
   </trkpt>
   <trkpt lat="51.036150000000006" lon="5.097580000000001">
    <ele>39.089999999999996</ele>
   </trkpt>
   <trkpt lat="51.03604000000001" lon="5.097600000000001">
    <ele>39.27</ele>
   </trkpt>
   <trkpt lat="51.03595000000001" lon="5.09764">
    <ele>39.370000000000005</ele>
   </trkpt>
   <trkpt lat="51.03513" lon="5.09815">
    <ele>39.03</ele>
   </trkpt>
   <trkpt lat="51.034467502100405" lon="5.098557517492834">
    <ele>37.61000000000001</ele>
   </trkpt>
   <trkpt lat="51.03380500278366" lon="5.098965023333748">
    <ele>34.21</ele>
   </trkpt>
   <trkpt lat="51.033142502049806" lon="5.09937251752333">
    <ele>30.160000000000004</ele>
   </trkpt>
   <trkpt lat="51.03248000000001" lon="5.09978">
    <ele>26.230000000000004</ele>
   </trkpt>
   <trkpt lat="51.03238" lon="5.0998600000000005">
    <ele>26.230000000000004</ele>
   </trkpt>
   <trkpt lat="51.032180000000004" lon="5.100090000000001">
    <ele>25.740000000000002</ele>
   </trkpt>
   <trkpt lat="51.031560000000006" lon="5.10088">
    <ele>23.57</ele>
   </trkpt>
   <trkpt lat="51.03134000000001" lon="5.10109">
    <ele>23.69</ele>
   </trkpt>
   <trkpt lat="51.03132" lon="5.10104">
    <ele>23.69</ele>
   </trkpt>
   <trkpt lat="51.031220000000005" lon="5.10116">
    <ele>23.6</ele>
   </trkpt>
   <trkpt lat="51.03052602873843" lon="5.102025116566907">
    <ele>22.750000000000004</ele>
   </trkpt>
   <trkpt lat="51.029832051089954" lon="5.102890207226468">
    <ele>22.72</ele>
   </trkpt>
   <trkpt lat="51.02913806705494" lon="5.103755271979861">
    <ele>22.8</ele>
   </trkpt>
   <trkpt lat="51.02844407663373" lon="5.104620310828269">
    <ele>22.660000000000004</ele>
   </trkpt>
   <trkpt lat="51.02775007982669" lon="5.105485323772866">
    <ele>22.660000000000004</ele>
   </trkpt>
   <trkpt lat="51.02705607663414" lon="5.106350310814834">
    <ele>22.770000000000003</ele>
   </trkpt>
   <trkpt lat="51.02636206705646" lon="5.1072152719553525">
    <ele>22.44</ele>
   </trkpt>
   <trkpt lat="51.025668051093994" lon="5.108080207195598">
    <ele>22.7</ele>
   </trkpt>
   <trkpt lat="51.02497402874708" lon="5.108945116536751">
    <ele>22.820000000000004</ele>
   </trkpt>
   <trkpt lat="51.024280000000005" lon="5.10981">
    <ele>22.98</ele>
   </trkpt>
   <trkpt lat="51.023800001510004" lon="5.110425006501078">
    <ele>22.79</ele>
   </trkpt>
   <trkpt lat="51.023320000000005" lon="5.11104">
    <ele>22.910000000000004</ele>
   </trkpt>
   <trkpt lat="51.02317000000001" lon="5.11129">
    <ele>22.9</ele>
   </trkpt>
   <trkpt lat="51.02269000148833" lon="5.111880006105221">
    <ele>23.06</ele>
   </trkpt>
   <trkpt lat="51.02221" lon="5.11247">
    <ele>24.46</ele>
   </trkpt>
   <trkpt lat="51.02223000000001" lon="5.112520000000001">
    <ele>24.46</ele>
   </trkpt>
   <trkpt lat="51.022040000000004" lon="5.112760000000001">
    <ele>24.51</ele>
   </trkpt>
   <trkpt lat="51.021930000000005" lon="5.1129500000000005">
    <ele>24.51</ele>
   </trkpt>
   <trkpt lat="51.02179" lon="5.113110000000001">
    <ele>24.78</ele>
   </trkpt>
   <trkpt lat="51.02127500186624" lon="5.113755007050928">
    <ele>26.64</ele>
   </trkpt>
   <trkpt lat="51.02076" lon="5.114400000000001">
    <ele>28.46</ele>
   </trkpt>
   <trkpt lat="51.02075000000001" lon="5.114400000000001">
    <ele>28.470000000000002</ele>
   </trkpt>
   <trkpt lat="51.02025500162877" lon="5.11502500672097">
    <ele>30.240000000000002</ele>
   </trkpt>
   <trkpt lat="51.019760000000005" lon="5.1156500000000005">
    <ele>34.45</ele>
   </trkpt>
   <trkpt lat="51.01923000000001" lon="5.11629">
    <ele>35.370000000000005</ele>
   </trkpt>
   <trkpt lat="51.01852502339965" lon="5.1171750941896335">
    <ele>37.98</ele>
   </trkpt>
   <trkpt lat="51.01782004011341" lon="5.118060161464852">
    <ele>37.540000000000006</ele>
   </trkpt>
   <trkpt lat="51.01711505014169" lon="5.1189452018268975">
    <ele>34.54</ele>
   </trkpt>
   <trkpt lat="51.01641005348482" lon="5.11983021527701">
    <ele>32.5</ele>
   </trkpt>
   <trkpt lat="51.015705050143225" lon="5.120715201816429">
    <ele>32.040000000000006</ele>
   </trkpt>
   <trkpt lat="51.01500004011723" lon="5.121600161446395">
    <ele>31.830000000000002</ele>
   </trkpt>
   <trkpt lat="51.01429502340723" lon="5.122485094168148">
    <ele>31.650000000000002</ele>
   </trkpt>
   <trkpt lat="51.01359" lon="5.12337">
    <ele>31.94</ele>
   </trkpt>
   <trkpt lat="51.01343000000001" lon="5.1235100000000005">
    <ele>31.98</ele>
   </trkpt>
   <trkpt lat="51.013180000000006" lon="5.123900000000001">
    <ele>32.230000000000004</ele>
   </trkpt>
   <trkpt lat="51.01306" lon="5.124040000000001">
    <ele>32.36</ele>
   </trkpt>
   <trkpt lat="51.01297" lon="5.1241200000000005">
    <ele>32.29</ele>
   </trkpt>
   <trkpt lat="51.012890000000006" lon="5.124090000000001">
    <ele>32.32</ele>
   </trkpt>
   <trkpt lat="51.012800000000006" lon="5.1241200000000005">
    <ele>32.42</ele>
   </trkpt>
   <trkpt lat="51.012750000000004" lon="5.1241900000000005">
    <ele>32.42</ele>
   </trkpt>
   <trkpt lat="51.01272" lon="5.12429">
    <ele>32.64</ele>
   </trkpt>
   <trkpt lat="51.012710000000006" lon="5.124420000000001">
    <ele>32.64</ele>
   </trkpt>
   <trkpt lat="51.012640000000005" lon="5.124560000000001">
    <ele>32.940000000000005</ele>
   </trkpt>
   <trkpt lat="51.01245" lon="5.124790000000001">
    <ele>33.150000000000006</ele>
   </trkpt>
   <trkpt lat="51.012350000000005" lon="5.1249400000000005">
    <ele>33.410000000000004</ele>
   </trkpt>
   <trkpt lat="51.011725002549404" lon="5.125710010353149">
    <ele>34.77</ele>
   </trkpt>
   <trkpt lat="51.011100000000006" lon="5.126480000000001">
    <ele>37.2</ele>
   </trkpt>
   <trkpt lat="51.01042537616865" lon="5.127326839081274">
    <ele>40.81</ele>
   </trkpt>
   <trkpt lat="51.009750746216504" lon="5.128173653527241">
    <ele>44.0</ele>
   </trkpt>
   <trkpt lat="51.00907611014392" lon="5.1290204433389865">
    <ele>44.88</ele>
   </trkpt>
   <trkpt lat="51.008401467951174" lon="5.1298672085176005">
    <ele>41.79</ele>
   </trkpt>
   <trkpt lat="51.00772681963862" lon="5.130713949064166">
    <ele>37.73</ele>
   </trkpt>
   <trkpt lat="51.007052165206595" lon="5.13156066497977">
    <ele>34.010000000000005</ele>
   </trkpt>
   <trkpt lat="51.00637750465539" lon="5.132407356265501">
    <ele>32.220000000000006</ele>
   </trkpt>
   <trkpt lat="51.00570283798537" lon="5.133254022922442">
    <ele>30.560000000000002</ele>
   </trkpt>
   <trkpt lat="51.005028165196826" lon="5.13410066495168">
    <ele>29.060000000000002</ele>
   </trkpt>
   <trkpt lat="51.0043534862901" lon="5.1349472823543">
    <ele>28.5</ele>
   </trkpt>
   <trkpt lat="51.00367880126551" lon="5.135793875131391">
    <ele>28.71</ele>
   </trkpt>
   <trkpt lat="51.0030041101234" lon="5.136640443284035">
    <ele>28.690000000000005</ele>
   </trkpt>
   <trkpt lat="51.00232941286407" lon="5.137486986813321">
    <ele>29.060000000000002</ele>
   </trkpt>
   <trkpt lat="51.00165470948787" lon="5.138333505720333">
    <ele>29.26</ele>
   </trkpt>
   <trkpt lat="51.000980000000006" lon="5.1391800000000005">
    <ele>29.66</ele>
   </trkpt>
   <trkpt lat="51.00097" lon="5.13919">
    <ele>29.67</ele>
   </trkpt>
   <trkpt lat="51.000580000930704" lon="5.1396600039653375">
    <ele>29.78</ele>
   </trkpt>
   <trkpt lat="51.00019" lon="5.14013">
    <ele>30.220000000000002</ele>
   </trkpt>
   <trkpt lat="50.99982000089056" lon="5.1406000038144075">
    <ele>30.36</ele>
   </trkpt>
   <trkpt lat="50.99945" lon="5.14107">
    <ele>30.26</ele>
   </trkpt>
   <trkpt lat="50.99916" lon="5.14137">
    <ele>29.78</ele>
   </trkpt>
   <trkpt lat="50.998870000000004" lon="5.1416200000000005">
    <ele>29.14</ele>
   </trkpt>
   <trkpt lat="50.998650000000005" lon="5.141870000000001">
    <ele>28.040000000000003</ele>
   </trkpt>
   <trkpt lat="50.998450000000005" lon="5.14224">
    <ele>26.63</ele>
   </trkpt>
   <trkpt lat="50.99813" lon="5.14275">
    <ele>25.120000000000005</ele>
   </trkpt>
   <trkpt lat="50.997590005531016" lon="5.143553351997972">
    <ele>24.34</ele>
   </trkpt>
   <trkpt lat="50.99705000555317" lon="5.14435668529803">
    <ele>24.040000000000003</ele>
   </trkpt>
   <trkpt lat="50.99651" lon="5.145160000000001">
    <ele>23.930000000000003</ele>
   </trkpt>
   <trkpt lat="50.99638" lon="5.14543">
    <ele>23.98</ele>
   </trkpt>
   <trkpt lat="50.99626000000001" lon="5.1458">
    <ele>23.98</ele>
   </trkpt>
   <trkpt lat="50.995922521133984" lon="5.147085028071738">
    <ele>23.98</ele>
   </trkpt>
   <trkpt lat="50.995585028172364" lon="5.148370037452154">
    <ele>23.96</ele>
   </trkpt>
   <trkpt lat="50.9952475211155" lon="5.149655028140962">
    <ele>23.96</ele>
   </trkpt>
   <trkpt lat="50.994910000000004" lon="5.15094">
    <ele>24.23</ele>
   </trkpt>
   <trkpt lat="50.99484" lon="5.1513800000000005">
    <ele>24.17</ele>
   </trkpt>
   <trkpt lat="50.994730003321216" lon="5.152260001958208">
    <ele>24.51</ele>
   </trkpt>
   <trkpt lat="50.994620000000005" lon="5.1531400000000005">
    <ele>24.73</ele>
   </trkpt>
   <trkpt lat="50.99452" lon="5.153060000000001">
    <ele>24.68</ele>
   </trkpt>
   <trkpt lat="50.99423000254051" lon="5.152289995214562">
    <ele>22.85</ele>
   </trkpt>
   <trkpt lat="50.99394" lon="5.1515200000000005">
    <ele>22.7</ele>
   </trkpt>
   <trkpt lat="50.993575002496655" lon="5.150759994087828">
    <ele>22.680000000000003</ele>
   </trkpt>
   <trkpt lat="50.993210000000005" lon="5.15">
    <ele>22.840000000000003</ele>
   </trkpt>
   <trkpt lat="50.99322" lon="5.150010000000001">
    <ele>22.840000000000003</ele>
   </trkpt>
   <trkpt lat="50.993100000000005" lon="5.149760000000001">
    <ele>22.840000000000003</ele>
   </trkpt>
   <trkpt lat="50.99291" lon="5.14921">
    <ele>23.07</ele>
   </trkpt>
   <trkpt lat="50.99287" lon="5.14892">
    <ele>23.07</ele>
   </trkpt>
   <trkpt lat="50.992830000000005" lon="5.148090000000001">
    <ele>22.930000000000003</ele>
   </trkpt>
   <trkpt lat="50.992740000000005" lon="5.14773">
    <ele>23.1</ele>
   </trkpt>
   <trkpt lat="50.9923300024131" lon="5.146964993083574">
    <ele>23.160000000000004</ele>
   </trkpt>
   <trkpt lat="50.99192000000001" lon="5.1462">
    <ele>23.37</ele>
   </trkpt>
   <trkpt lat="50.99139" lon="5.1452800000000005">
    <ele>23.12</ele>
   </trkpt>
   <trkpt lat="50.99105500109237" lon="5.144744995931866">
    <ele>23.01</ele>
   </trkpt>
   <trkpt lat="50.99072" lon="5.14421">
    <ele>22.97</ele>
   </trkpt>
   <trkpt lat="50.990610000000004" lon="5.144080000000001">
    <ele>22.97</ele>
   </trkpt>
   <trkpt lat="50.99015500064755" lon="5.143624995303447">
    <ele>22.750000000000004</ele>
   </trkpt>
   <trkpt lat="50.989700000000006" lon="5.1431700000000005">
    <ele>22.820000000000004</ele>
   </trkpt>
   <trkpt lat="50.989540000000005" lon="5.143050000000001">
    <ele>22.8</ele>
   </trkpt>
   <trkpt lat="50.98942" lon="5.143000000000001">
    <ele>22.8</ele>
   </trkpt>
   <trkpt lat="50.98891500005175" lon="5.142879998692095">
    <ele>22.570000000000004</ele>
   </trkpt>
   <trkpt lat="50.98841" lon="5.14276">
    <ele>22.950000000000003</ele>
   </trkpt>
   <trkpt lat="50.98798000000001" lon="5.14269">
    <ele>22.950000000000003</ele>
   </trkpt>
   <trkpt lat="50.987840000000006" lon="5.1427700000000005">
    <ele>23.080000000000002</ele>
   </trkpt>
   <trkpt lat="50.98772" lon="5.1428">
    <ele>23.080000000000002</ele>
   </trkpt>
   <trkpt lat="50.98736" lon="5.14285">
    <ele>22.990000000000002</ele>
   </trkpt>
   <trkpt lat="50.987260000000006" lon="5.1429">
    <ele>23.03</ele>
   </trkpt>
   <trkpt lat="50.98716" lon="5.14301">
    <ele>23.03</ele>
   </trkpt>
   <trkpt lat="50.98691" lon="5.14344">
    <ele>23.180000000000003</ele>
   </trkpt>
   <trkpt lat="50.98682" lon="5.143540000000001">
    <ele>23.03</ele>
   </trkpt>
   <trkpt lat="50.986720000000005" lon="5.143610000000001">
    <ele>23.03</ele>
   </trkpt>
   <trkpt lat="50.986580000000004" lon="5.14364">
    <ele>23.020000000000003</ele>
   </trkpt>
   <trkpt lat="50.986290000000004" lon="5.1436">
    <ele>23.180000000000003</ele>
   </trkpt>
   <trkpt lat="50.98584" lon="5.14374">
    <ele>23.020000000000003</ele>
   </trkpt>
   <trkpt lat="50.9857" lon="5.14381">
    <ele>22.96</ele>
   </trkpt>
   <trkpt lat="50.98523000029759" lon="5.14409500291529">
    <ele>22.820000000000004</ele>
   </trkpt>
   <trkpt lat="50.98476" lon="5.144380000000001">
    <ele>22.94</ele>
   </trkpt>
   <trkpt lat="50.98461" lon="5.14451">
    <ele>22.98</ele>
   </trkpt>
   <trkpt lat="50.984390000000005" lon="5.14477">
    <ele>22.860000000000003</ele>
   </trkpt>
   <trkpt lat="50.98397500133001" lon="5.145350005332872">
    <ele>22.96</ele>
   </trkpt>
   <trkpt lat="50.983560000000004" lon="5.145930000000001">
    <ele>23.14</ele>
   </trkpt>
   <trkpt lat="50.98350000000001" lon="5.145980000000001">
    <ele>23.160000000000004</ele>
   </trkpt>
   <trkpt lat="50.983250000000005" lon="5.14611">
    <ele>23.15</ele>
   </trkpt>
   <trkpt lat="50.98312000000001" lon="5.1462200000000005">
    <ele>23.15</ele>
   </trkpt>
   <trkpt lat="50.98299" lon="5.1463600000000005">
    <ele>23.22</ele>
   </trkpt>
   <trkpt lat="50.98281" lon="5.1466">
    <ele>23.41</ele>
   </trkpt>
   <trkpt lat="50.982332508404305" lon="5.147410024988441">
    <ele>23.73</ele>
   </trkpt>
   <trkpt lat="50.98185501120721" lon="5.148220033314907">
    <ele>23.76</ele>
   </trkpt>
   <trkpt lat="50.98137750840893" lon="5.1490300249798215">
    <ele>23.83</ele>
   </trkpt>
   <trkpt lat="50.980900000000005" lon="5.14984">
    <ele>23.91</ele>
   </trkpt>
   <trkpt lat="50.980516673798185" lon="5.148926651609016">
    <ele>22.76</ele>
   </trkpt>
   <trkpt lat="50.98013334047472" lon="5.148013318299432">
    <ele>21.95</ele>
   </trkpt>
   <trkpt lat="50.97975" lon="5.1471">
    <ele>22.02</ele>
   </trkpt>
   <trkpt lat="50.979600000000005" lon="5.14681">
    <ele>22.490000000000002</ele>
   </trkpt>
   <trkpt lat="50.97957" lon="5.146780000000001">
    <ele>22.490000000000002</ele>
   </trkpt>
   <trkpt lat="50.9795" lon="5.14677">
    <ele>22.490000000000002</ele>
   </trkpt>
   <trkpt lat="50.97943" lon="5.146800000000001">
    <ele>22.45</ele>
   </trkpt>
   <trkpt lat="50.97898000000001" lon="5.14728">
    <ele>22.37</ele>
   </trkpt>
   <trkpt lat="50.97887000000001" lon="5.14735">
    <ele>22.47</ele>
   </trkpt>
   <trkpt lat="50.97872" lon="5.14735">
    <ele>22.35</ele>
   </trkpt>
   <trkpt lat="50.97793" lon="5.14695">
    <ele>22.28</ele>
   </trkpt>
   <trkpt lat="50.977920000000005" lon="5.146940000000001">
    <ele>22.28</ele>
   </trkpt>
   <trkpt lat="50.97729" lon="5.14663">
    <ele>22.73</ele>
   </trkpt>
   <trkpt lat="50.97721000000001" lon="5.1465700000000005">
    <ele>22.740000000000002</ele>
   </trkpt>
   <trkpt lat="50.977160000000005" lon="5.14646">
    <ele>22.740000000000002</ele>
   </trkpt>
   <trkpt lat="50.976980000000005" lon="5.1458900000000005">
    <ele>22.770000000000003</ele>
   </trkpt>
   <trkpt lat="50.976890000000004" lon="5.1456800000000005">
    <ele>23.020000000000003</ele>
   </trkpt>
   <trkpt lat="50.976760000000006" lon="5.145510000000001">
    <ele>23.110000000000003</ele>
   </trkpt>
   <trkpt lat="50.976690000000005" lon="5.14557">
    <ele>23.110000000000003</ele>
   </trkpt>
   <trkpt lat="50.976600000000005" lon="5.1456100000000005">
    <ele>22.96</ele>
   </trkpt>
   <trkpt lat="50.975820000000006" lon="5.1458200000000005">
    <ele>23.31</ele>
   </trkpt>
   <trkpt lat="50.975460000000005" lon="5.145840000000001">
    <ele>23.630000000000003</ele>
   </trkpt>
   <trkpt lat="50.9748" lon="5.1458">
    <ele>24.380000000000003</ele>
   </trkpt>
   <trkpt lat="50.974270000000004" lon="5.145580000000001">
    <ele>25.07</ele>
   </trkpt>
   <trkpt lat="50.97397" lon="5.14548">
    <ele>26.44</ele>
   </trkpt>
   <trkpt lat="50.973770002920865" lon="5.146315003827515">
    <ele>26.320000000000004</ele>
   </trkpt>
   <trkpt lat="50.97357" lon="5.147150000000001">
    <ele>26.430000000000003</ele>
   </trkpt>
   <trkpt lat="50.97339000253517" lon="5.147920002966516">
    <ele>26.67</ele>
   </trkpt>
   <trkpt lat="50.97321" lon="5.14869">
    <ele>27.19</ele>
   </trkpt>
   <trkpt lat="50.97291603066467" lon="5.150030033913119">
    <ele>27.750000000000004</ele>
   </trkpt>
   <trkpt lat="50.97262204599853" lon="5.151370050861588">
    <ele>29.1</ele>
   </trkpt>
   <trkpt lat="50.972328046001934" lon="5.152710050844918">
    <ele>31.71</ele>
   </trkpt>
   <trkpt lat="50.97203403067527" lon="5.154050033862618">
    <ele>32.67</ele>
   </trkpt>
   <trkpt lat="50.971740000000004" lon="5.155390000000001">
    <ele>30.680000000000003</ele>
   </trkpt>
   <trkpt lat="50.97139000000001" lon="5.156580000000001">
    <ele>28.3</ele>
   </trkpt>
   <trkpt lat="50.97115500219272" lon="5.157305003826023">
    <ele>26.11</ele>
   </trkpt>
   <trkpt lat="50.97092000000001" lon="5.15803">
    <ele>24.93</ele>
   </trkpt>
   <trkpt lat="50.970800000000004" lon="5.158510000000001">
    <ele>25.300000000000004</ele>
   </trkpt>
   <trkpt lat="50.97059" lon="5.15815">
    <ele>25.25</ele>
   </trkpt>
   <trkpt lat="50.97034500362771" lon="5.1590750049731895">
    <ele>22.830000000000002</ele>
   </trkpt>
   <trkpt lat="50.9701" lon="5.16">
    <ele>22.950000000000003</ele>
   </trkpt>
   <trkpt lat="50.969805004918136" lon="5.161075006882834">
    <ele>23.080000000000002</ele>
   </trkpt>
   <trkpt lat="50.96951000000001" lon="5.1621500000000005">
    <ele>23.06</ele>
   </trkpt>
   <trkpt lat="50.96918" lon="5.16272">
    <ele>23.13</ele>
   </trkpt>
   <trkpt lat="50.96871" lon="5.1635100000000005">
    <ele>23.080000000000002</ele>
   </trkpt>
   <trkpt lat="50.96848000000001" lon="5.1638">
    <ele>23.080000000000002</ele>
   </trkpt>
   <trkpt lat="50.9680100004123" lon="5.164095002959313">
    <ele>23.07</ele>
   </trkpt>
   <trkpt lat="50.96754000000001" lon="5.16439">
    <ele>23.000000000000004</ele>
   </trkpt>
   <trkpt lat="50.96737" lon="5.16453">
    <ele>22.96</ele>
   </trkpt>
   <trkpt lat="50.967310000000005" lon="5.16464">
    <ele>22.97</ele>
   </trkpt>
   <trkpt lat="50.96726" lon="5.1648000000000005">
    <ele>22.97</ele>
   </trkpt>
   <trkpt lat="50.96726" lon="5.1649400000000005">
    <ele>22.97</ele>
   </trkpt>
   <trkpt lat="50.967310000000005" lon="5.165220000000001">
    <ele>22.930000000000003</ele>
   </trkpt>
   <trkpt lat="50.967690000000005" lon="5.16603">
    <ele>22.98</ele>
   </trkpt>
   <trkpt lat="50.967760000000006" lon="5.166340000000001">
    <ele>23.000000000000004</ele>
   </trkpt>
   <trkpt lat="50.967780000000005" lon="5.1666300000000005">
    <ele>23.000000000000004</ele>
   </trkpt>
   <trkpt lat="50.967670000000005" lon="5.167350000000001">
    <ele>22.89</ele>
   </trkpt>
   <trkpt lat="50.967620000000004" lon="5.167520000000001">
    <ele>22.89</ele>
   </trkpt>
   <trkpt lat="50.96752000000001" lon="5.16765">
    <ele>22.930000000000003</ele>
   </trkpt>
   <trkpt lat="50.967330000000004" lon="5.167820000000001">
    <ele>22.9</ele>
   </trkpt>
   <trkpt lat="50.96728" lon="5.16791">
    <ele>22.79</ele>
   </trkpt>
   <trkpt lat="50.967220000000005" lon="5.16816">
    <ele>22.79</ele>
   </trkpt>
   <trkpt lat="50.96723" lon="5.1683900000000005">
    <ele>22.54</ele>
   </trkpt>
   <trkpt lat="50.96728" lon="5.168550000000001">
    <ele>22.54</ele>
   </trkpt>
   <trkpt lat="50.96734000000001" lon="5.1686700000000005">
    <ele>22.54</ele>
   </trkpt>
   <trkpt lat="50.96752000000001" lon="5.16889">
    <ele>22.2</ele>
   </trkpt>
   <trkpt lat="50.96764" lon="5.16919">
    <ele>21.69</ele>
   </trkpt>
   <trkpt lat="50.96768" lon="5.16943">
    <ele>21.330000000000002</ele>
   </trkpt>
   <trkpt lat="50.967650000000006" lon="5.16971">
    <ele>20.48</ele>
   </trkpt>
   <trkpt lat="50.96736602385964" lon="5.170892028897778">
    <ele>19.450000000000003</ele>
   </trkpt>
   <trkpt lat="50.967082035790156" lon="5.172074043342859">
    <ele>19.62</ele>
   </trkpt>
   <trkpt lat="50.966798035791854" lon="5.17325604333496">
    <ele>19.700000000000003</ele>
   </trkpt>
   <trkpt lat="50.96651402386499" lon="5.174438028873799">
    <ele>19.96</ele>
   </trkpt>
   <trkpt lat="50.96623" lon="5.17562">
    <ele>20.34</ele>
   </trkpt>
   <trkpt lat="50.96594000603665" lon="5.176810007464845">
    <ele>20.48</ele>
   </trkpt>
   <trkpt lat="50.965650000000004" lon="5.178000000000001">
    <ele>20.5</ele>
   </trkpt>
   <trkpt lat="50.9656" lon="5.17827">
    <ele>20.610000000000003</ele>
   </trkpt>
   <trkpt lat="50.965630000000004" lon="5.178800000000001">
    <ele>20.610000000000003</ele>
   </trkpt>
   <trkpt lat="50.96542" lon="5.179550000000001">
    <ele>20.82</ele>
   </trkpt>
   <trkpt lat="50.965360000000004" lon="5.17964">
    <ele>20.82</ele>
   </trkpt>
   <trkpt lat="50.96529" lon="5.179690000000001">
    <ele>20.82</ele>
   </trkpt>
   <trkpt lat="50.96519000000001" lon="5.1797200000000005">
    <ele>20.98</ele>
   </trkpt>
   <trkpt lat="50.96464" lon="5.1797">
    <ele>20.76</ele>
   </trkpt>
   <trkpt lat="50.9645" lon="5.17975">
    <ele>20.76</ele>
   </trkpt>
   <trkpt lat="50.963950000000004" lon="5.18046">
    <ele>20.400000000000002</ele>
   </trkpt>
   <trkpt lat="50.963770000000004" lon="5.18062">
    <ele>20.46</ele>
   </trkpt>
   <trkpt lat="50.963370000000005" lon="5.18086">
    <ele>20.450000000000003</ele>
   </trkpt>
   <trkpt lat="50.96302000000001" lon="5.181030000000001">
    <ele>20.6</ele>
   </trkpt>
   <trkpt lat="50.96293000000001" lon="5.18109">
    <ele>20.6</ele>
   </trkpt>
   <trkpt lat="50.962720000000004" lon="5.181360000000001">
    <ele>20.540000000000003</ele>
   </trkpt>
   <trkpt lat="50.96190000000001" lon="5.18165">
    <ele>22.310000000000002</ele>
   </trkpt>
   <trkpt lat="50.962030006612345" lon="5.182894996468548">
    <ele>21.67</ele>
   </trkpt>
   <trkpt lat="50.962160000000004" lon="5.18414">
    <ele>22.320000000000004</ele>
   </trkpt>
   <trkpt lat="50.962265002173055" lon="5.184849998537138">
    <ele>22.42</ele>
   </trkpt>
   <trkpt lat="50.96237000000001" lon="5.185560000000001">
    <ele>22.79</ele>
   </trkpt>
   <trkpt lat="50.96238" lon="5.18571">
    <ele>22.78</ele>
   </trkpt>
   <trkpt lat="50.96247" lon="5.186100000000001">
    <ele>22.820000000000004</ele>
   </trkpt>
   <trkpt lat="50.96246000000001" lon="5.186190000000001">
    <ele>22.85</ele>
   </trkpt>
   <trkpt lat="50.962480000000006" lon="5.18628">
    <ele>22.85</ele>
   </trkpt>
   <trkpt lat="50.962390000000006" lon="5.186540000000001">
    <ele>22.94</ele>
   </trkpt>
   <trkpt lat="50.96197000103532" lon="5.187040004558087">
    <ele>22.81</ele>
   </trkpt>
   <trkpt lat="50.96155" lon="5.18754">
    <ele>23.19</ele>
   </trkpt>
   <trkpt lat="50.961000004189614" lon="5.188540011982373">
    <ele>24.040000000000003</ele>
   </trkpt>
   <trkpt lat="50.96045" lon="5.18954">
    <ele>24.900000000000002</ele>
   </trkpt>
   <trkpt lat="50.95991" lon="5.19043">
    <ele>25.890000000000004</ele>
   </trkpt>
   <trkpt lat="50.959500000958975" lon="5.190925004473017">
    <ele>26.12</ele>
   </trkpt>
   <trkpt lat="50.95909" lon="5.191420000000001">
    <ele>27.01</ele>
   </trkpt>
   <trkpt lat="50.95884" lon="5.1917">
    <ele>27.430000000000003</ele>
   </trkpt>
   <trkpt lat="50.95837" lon="5.19216">
    <ele>28.130000000000003</ele>
   </trkpt>
   <trkpt lat="50.958000000000006" lon="5.19249">
    <ele>28.32</ele>
   </trkpt>
   <trkpt lat="50.95727000152012" lon="5.19307000904497">
    <ele>28.16</ele>
   </trkpt>
   <trkpt lat="50.956540000000004" lon="5.193650000000001">
    <ele>27.630000000000003</ele>
   </trkpt>
   <trkpt lat="50.956210000000006" lon="5.19385">
    <ele>27.31</ele>
   </trkpt>
   <trkpt lat="50.955960000000005" lon="5.19395">
    <ele>27.090000000000003</ele>
   </trkpt>
   <trkpt lat="50.95566" lon="5.19402">
    <ele>26.92</ele>
   </trkpt>
   <trkpt lat="50.954890000000006" lon="5.19413">
    <ele>26.7</ele>
   </trkpt>
   <trkpt lat="50.95459" lon="5.1942200000000005">
    <ele>26.7</ele>
   </trkpt>
   <trkpt lat="50.954260000000005" lon="5.1943600000000005">
    <ele>26.820000000000004</ele>
   </trkpt>
   <trkpt lat="50.95366000090649" lon="5.194696675394102">
    <ele>27.05</ele>
   </trkpt>
   <trkpt lat="50.95306000084512" lon="5.195033342095061">
    <ele>27.4</ele>
   </trkpt>
   <trkpt lat="50.95246" lon="5.1953700000000005">
    <ele>27.6</ele>
   </trkpt>
   <trkpt lat="50.95165" lon="5.19585">
    <ele>27.96</ele>
   </trkpt>
   <trkpt lat="50.950957502628626" lon="5.196305020352689">
    <ele>28.540000000000003</ele>
   </trkpt>
   <trkpt lat="50.950265003489356" lon="5.196760027146579">
    <ele>29.150000000000002</ele>
   </trkpt>
   <trkpt lat="50.94957250258229" lon="5.197215020382373">
    <ele>29.6</ele>
   </trkpt>
   <trkpt lat="50.94888" lon="5.1976700000000005">
    <ele>30.29</ele>
   </trkpt>
   <trkpt lat="50.94865" lon="5.19779">
    <ele>30.490000000000002</ele>
   </trkpt>
   <trkpt lat="50.94845" lon="5.19784">
    <ele>30.520000000000003</ele>
   </trkpt>
   <trkpt lat="50.94818" lon="5.19787">
    <ele>30.570000000000004</ele>
   </trkpt>
   <trkpt lat="50.94796" lon="5.19786">
    <ele>30.660000000000004</ele>
   </trkpt>
   <trkpt lat="50.947770000000006" lon="5.197800000000001">
    <ele>30.97</ele>
   </trkpt>
   <trkpt lat="50.94728500023301" lon="5.1975999979389504">
    <ele>30.560000000000002</ele>
   </trkpt>
   <trkpt lat="50.9468" lon="5.1974">
    <ele>30.27</ele>
   </trkpt>
   <trkpt lat="50.946810000000006" lon="5.1974">
    <ele>30.27</ele>
   </trkpt>
   <trkpt lat="50.94607750125731" lon="5.197089985357013">
    <ele>30.560000000000002</ele>
   </trkpt>
   <trkpt lat="50.945345001693916" lon="5.196779980483812">
    <ele>29.36</ele>
   </trkpt>
   <trkpt lat="50.94461250130992" lon="5.1964699853798475">
    <ele>29.39</ele>
   </trkpt>
   <trkpt lat="50.94388000000001" lon="5.196160000000001">
    <ele>30.12</ele>
   </trkpt>
   <trkpt lat="50.94375" lon="5.1962600000000005">
    <ele>29.87</ele>
   </trkpt>
   <trkpt lat="50.943360000000006" lon="5.1967300000000005">
    <ele>29.710000000000004</ele>
   </trkpt>
   <trkpt lat="50.94288" lon="5.197360000000001">
    <ele>29.880000000000003</ele>
   </trkpt>
   <trkpt lat="50.942730000000005" lon="5.197640000000001">
    <ele>29.880000000000003</ele>
   </trkpt>
   <trkpt lat="50.94234" lon="5.198670000000001">
    <ele>30.060000000000002</ele>
   </trkpt>
   <trkpt lat="50.94221" lon="5.1989">
    <ele>30.230000000000004</ele>
   </trkpt>
   <trkpt lat="50.94209000000001" lon="5.199020000000001">
    <ele>30.230000000000004</ele>
   </trkpt>
   <trkpt lat="50.941930000000006" lon="5.19911">
    <ele>30.26</ele>
   </trkpt>
   <trkpt lat="50.94117500050765" lon="5.199445005427236">
    <ele>30.11</ele>
   </trkpt>
   <trkpt lat="50.94042" lon="5.1997800000000005">
    <ele>29.910000000000004</ele>
   </trkpt>
   <trkpt lat="50.94021000000001" lon="5.19984">
    <ele>29.85</ele>
   </trkpt>
   <trkpt lat="50.94008" lon="5.19983">
    <ele>29.800000000000004</ele>
   </trkpt>
   <trkpt lat="50.93966" lon="5.199750000000001">
    <ele>29.710000000000004</ele>
   </trkpt>
   <trkpt lat="50.939510000000006" lon="5.199750000000001">
    <ele>29.630000000000003</ele>
   </trkpt>
   <trkpt lat="50.939420000000005" lon="5.19979">
    <ele>29.630000000000003</ele>
   </trkpt>
   <trkpt lat="50.939330000000005" lon="5.19986">
    <ele>29.630000000000003</ele>
   </trkpt>
   <trkpt lat="50.939150000000005" lon="5.20007">
    <ele>29.370000000000005</ele>
   </trkpt>
   <trkpt lat="50.93872500139487" lon="5.200655005438313">
    <ele>29.09</ele>
   </trkpt>
   <trkpt lat="50.938300000000005" lon="5.20124">
    <ele>28.740000000000002</ele>
   </trkpt>
   <trkpt lat="50.93797500113961" lon="5.201760003658369">
    <ele>29.05</ele>
   </trkpt>
   <trkpt lat="50.937650000000005" lon="5.20228">
    <ele>29.220000000000002</ele>
   </trkpt>
   <trkpt lat="50.93723000220896" lon="5.2029850062220495">
    <ele>28.900000000000002</ele>
   </trkpt>
   <trkpt lat="50.93681" lon="5.203690000000001">
    <ele>28.21</ele>
   </trkpt>
   <trkpt lat="50.93648" lon="5.2042600000000006">
    <ele>28.060000000000002</ele>
   </trkpt>
   <trkpt lat="50.936060000000005" lon="5.20523">
    <ele>27.91</ele>
   </trkpt>
   <trkpt lat="50.93580000000001" lon="5.20593">
    <ele>27.790000000000003</ele>
   </trkpt>
   <trkpt lat="50.935750000000006" lon="5.2062100000000004">
    <ele>27.790000000000003</ele>
   </trkpt>
   <trkpt lat="50.93578" lon="5.2064900000000005">
    <ele>27.790000000000003</ele>
   </trkpt>
   <trkpt lat="50.936060000000005" lon="5.2076">
    <ele>28.62</ele>
   </trkpt>
   <trkpt lat="50.93618000000001" lon="5.20821">
    <ele>28.73</ele>
   </trkpt>
   <trkpt lat="50.93621" lon="5.20852">
    <ele>28.71</ele>
   </trkpt>
   <trkpt lat="50.93620000000001" lon="5.20964">
    <ele>28.44</ele>
   </trkpt>
   <trkpt lat="50.93623" lon="5.209840000000001">
    <ele>28.540000000000003</ele>
   </trkpt>
   <trkpt lat="50.935900000000004" lon="5.21035">
    <ele>27.35</ele>
   </trkpt>
   <trkpt lat="50.93564000000001" lon="5.210660000000001">
    <ele>26.98</ele>
   </trkpt>
   <trkpt lat="50.935460000000006" lon="5.210800000000001">
    <ele>26.36</ele>
   </trkpt>
   <trkpt lat="50.935300000000005" lon="5.21086">
    <ele>26.160000000000004</ele>
   </trkpt>
   <trkpt lat="50.93477000000001" lon="5.21089">
    <ele>25.94</ele>
   </trkpt>
   <trkpt lat="50.93469" lon="5.21091">
    <ele>25.94</ele>
   </trkpt>
   <trkpt lat="50.9346" lon="5.21096">
    <ele>25.94</ele>
   </trkpt>
   <trkpt lat="50.934490000000004" lon="5.21114">
    <ele>25.92</ele>
   </trkpt>
   <trkpt lat="50.93431" lon="5.211740000000001">
    <ele>26.09</ele>
   </trkpt>
   <trkpt lat="50.93424" lon="5.21206">
    <ele>26.46</ele>
   </trkpt>
   <trkpt lat="50.933890000000005" lon="5.213360000000001">
    <ele>26.770000000000003</ele>
   </trkpt>
   <trkpt lat="50.933800000000005" lon="5.21361">
    <ele>26.770000000000003</ele>
   </trkpt>
   <trkpt lat="50.933690000000006" lon="5.2138100000000005">
    <ele>26.94</ele>
   </trkpt>
   <trkpt lat="50.93336000000001" lon="5.2143500000000005">
    <ele>26.85</ele>
   </trkpt>
   <trkpt lat="50.933150000000005" lon="5.21487">
    <ele>27.01</ele>
   </trkpt>
   <trkpt lat="50.93292" lon="5.21553">
    <ele>27.080000000000002</ele>
   </trkpt>
   <trkpt lat="50.93283" lon="5.21567">
    <ele>27.200000000000003</ele>
   </trkpt>
   <trkpt lat="50.93271000000001" lon="5.215750000000001">
    <ele>27.23</ele>
   </trkpt>
   <trkpt lat="50.932610000000004" lon="5.215750000000001">
    <ele>27.23</ele>
   </trkpt>
   <trkpt lat="50.93207" lon="5.21555">
    <ele>27.330000000000002</ele>
   </trkpt>
   <trkpt lat="50.931850000000004" lon="5.21553">
    <ele>27.330000000000002</ele>
   </trkpt>
   <trkpt lat="50.931650000000005" lon="5.2155700000000005">
    <ele>27.3</ele>
   </trkpt>
   <trkpt lat="50.93146" lon="5.2157">
    <ele>27.3</ele>
   </trkpt>
   <trkpt lat="50.93132000000001" lon="5.21584">
    <ele>27.3</ele>
   </trkpt>
   <trkpt lat="50.93063" lon="5.216690000000001">
    <ele>26.820000000000004</ele>
   </trkpt>
   <trkpt lat="50.930460000000004" lon="5.2170000000000005">
    <ele>26.820000000000004</ele>
   </trkpt>
   <trkpt lat="50.93037" lon="5.217250000000001">
    <ele>26.820000000000004</ele>
   </trkpt>
   <trkpt lat="50.93018500264821" lon="5.2180300028906075">
    <ele>26.6</ele>
   </trkpt>
   <trkpt lat="50.93000000000001" lon="5.21881">
    <ele>26.44</ele>
   </trkpt>
   <trkpt lat="50.9299" lon="5.21914">
    <ele>26.44</ele>
   </trkpt>
   <trkpt lat="50.929700000000004" lon="5.219620000000001">
    <ele>26.38</ele>
   </trkpt>
   <trkpt lat="50.92932000622045" lon="5.2204733472726135">
    <ele>25.87</ele>
   </trkpt>
   <trkpt lat="50.92894000622185" lon="5.2213266806025755">
    <ele>26.220000000000002</ele>
   </trkpt>
   <trkpt lat="50.928560000000004" lon="5.222180000000001">
    <ele>26.340000000000003</ele>
   </trkpt>
   <trkpt lat="50.92839000000001" lon="5.22261">
    <ele>26.560000000000002</ele>
   </trkpt>
   <trkpt lat="50.92816500211271" lon="5.2233150034405265">
    <ele>27.12</ele>
   </trkpt>
   <trkpt lat="50.92794000000001" lon="5.22402">
    <ele>27.560000000000002</ele>
   </trkpt>
   <trkpt lat="50.92761500192367" lon="5.22471000505307">
    <ele>27.89</ele>
   </trkpt>
   <trkpt lat="50.927290000000006" lon="5.2254000000000005">
    <ele>27.970000000000002</ele>
   </trkpt>
   <trkpt lat="50.926755004880484" lon="5.226470012322941">
    <ele>28.25</ele>
   </trkpt>
   <trkpt lat="50.92622" lon="5.22754">
    <ele>28.26</ele>
   </trkpt>
   <trkpt lat="50.92597000000001" lon="5.2279">
    <ele>28.380000000000003</ele>
   </trkpt>
   <trkpt lat="50.92544" lon="5.22836">
    <ele>28.51</ele>
   </trkpt>
   <trkpt lat="50.925290000000004" lon="5.22853">
    <ele>28.51</ele>
   </trkpt>
   <trkpt lat="50.92519" lon="5.22867">
    <ele>28.400000000000002</ele>
   </trkpt>
   <trkpt lat="50.924890000000005" lon="5.229310000000001">
    <ele>28.37</ele>
   </trkpt>
   <trkpt lat="50.92446000466717" lon="5.230050013696189">
    <ele>28.380000000000003</ele>
   </trkpt>
   <trkpt lat="50.92403000465733" lon="5.230790013712896">
    <ele>28.62</ele>
   </trkpt>
   <trkpt lat="50.92360000000001" lon="5.23153">
    <ele>28.810000000000002</ele>
   </trkpt>
   <trkpt lat="50.92334" lon="5.23209">
    <ele>28.87</ele>
   </trkpt>
   <trkpt lat="50.923" lon="5.23289">
    <ele>29.060000000000002</ele>
   </trkpt>
   <trkpt lat="50.922920000000005" lon="5.233180000000001">
    <ele>29.060000000000002</ele>
   </trkpt>
   <trkpt lat="50.92287" lon="5.23345">
    <ele>29.040000000000003</ele>
   </trkpt>
   <trkpt lat="50.922850000000004" lon="5.234170000000001">
    <ele>29.09</ele>
   </trkpt>
   <trkpt lat="50.92286000000001" lon="5.23472">
    <ele>29.35</ele>
   </trkpt>
   <trkpt lat="50.92284" lon="5.23491">
    <ele>29.380000000000003</ele>
   </trkpt>
   <trkpt lat="50.922700000000006" lon="5.23531">
    <ele>29.32</ele>
   </trkpt>
   <trkpt lat="50.92257000000001" lon="5.23552">
    <ele>29.030000000000005</ele>
   </trkpt>
   <trkpt lat="50.92242" lon="5.2357000000000005">
    <ele>28.89</ele>
   </trkpt>
   <trkpt lat="50.92217" lon="5.23596">
    <ele>28.53</ele>
   </trkpt>
   <trkpt lat="50.922050000000006" lon="5.2361200000000006">
    <ele>28.35</ele>
   </trkpt>
   <trkpt lat="50.921960000000006" lon="5.23629">
    <ele>28.180000000000003</ele>
   </trkpt>
   <trkpt lat="50.921870000000006" lon="5.23655">
    <ele>28.17</ele>
   </trkpt>
   <trkpt lat="50.92174000000001" lon="5.23709">
    <ele>28.23</ele>
   </trkpt>
   <trkpt lat="50.92159" lon="5.237500000000001">
    <ele>28.110000000000003</ele>
   </trkpt>
   <trkpt lat="50.92141" lon="5.23786">
    <ele>27.840000000000003</ele>
   </trkpt>
   <trkpt lat="50.920930000000006" lon="5.23843">
    <ele>27.37</ele>
   </trkpt>
   <trkpt lat="50.92083" lon="5.23859">
    <ele>27.180000000000003</ele>
   </trkpt>
   <trkpt lat="50.920570000000005" lon="5.23913">
    <ele>27.21</ele>
   </trkpt>
   <trkpt lat="50.920460000000006" lon="5.2395000000000005">
    <ele>27.57</ele>
   </trkpt>
   <trkpt lat="50.92029000313875" lon="5.2403500028389685">
    <ele>27.680000000000003</ele>
   </trkpt>
   <trkpt lat="50.920120000000004" lon="5.2412">
    <ele>28.19</ele>
   </trkpt>
   <trkpt lat="50.91995000000001" lon="5.242500000000001">
    <ele>28.26</ele>
   </trkpt>
   <trkpt lat="50.919940000000004" lon="5.24272">
    <ele>28.26</ele>
   </trkpt>
   <trkpt lat="50.92000000327313" lon="5.2435999983674355">
    <ele>28.380000000000003</ele>
   </trkpt>
   <trkpt lat="50.92006000000001" lon="5.24448">
    <ele>28.32</ele>
   </trkpt>
   <trkpt lat="50.920030000000004" lon="5.244800000000001">
    <ele>28.080000000000002</ele>
   </trkpt>
   <trkpt lat="50.91996" lon="5.24511">
    <ele>28.07</ele>
   </trkpt>
   <trkpt lat="50.91996" lon="5.24512">
    <ele>28.07</ele>
   </trkpt>
   <trkpt lat="50.919810000000005" lon="5.245690000000001">
    <ele>27.85</ele>
   </trkpt>
   <trkpt lat="50.91977000000001" lon="5.24598">
    <ele>27.85</ele>
   </trkpt>
   <trkpt lat="50.919700000000006" lon="5.2468900000000005">
    <ele>27.82</ele>
   </trkpt>
   <trkpt lat="50.919520000000006" lon="5.247660000000001">
    <ele>28.39</ele>
   </trkpt>
   <trkpt lat="50.91939000000001" lon="5.247870000000001">
    <ele>28.5</ele>
   </trkpt>
   <trkpt lat="50.91933" lon="5.24786">
    <ele>28.5</ele>
   </trkpt>
   <trkpt lat="50.91928000000001" lon="5.248010000000001">
    <ele>28.62</ele>
   </trkpt>
   <trkpt lat="50.91910000000001" lon="5.24784">
    <ele>28.35</ele>
   </trkpt>
   <trkpt lat="50.91903000000001" lon="5.24781">
    <ele>28.25</ele>
   </trkpt>
   <trkpt lat="50.918780000000005" lon="5.24758">
    <ele>28.25</ele>
   </trkpt>
   <trkpt lat="50.9187" lon="5.247470000000001">
    <ele>28.25</ele>
   </trkpt>
   <trkpt lat="50.91827500059751" lon="5.2470899965121856">
    <ele>28.360000000000003</ele>
   </trkpt>
   <trkpt lat="50.91785" lon="5.24671">
    <ele>28.84</ele>
   </trkpt>
   <trkpt lat="50.917750000000005" lon="5.246670000000001">
    <ele>28.98</ele>
   </trkpt>
   <trkpt lat="50.91765" lon="5.246580000000001">
    <ele>28.98</ele>
   </trkpt>
   <trkpt lat="50.91762000000001" lon="5.2467500000000005">
    <ele>29.01</ele>
   </trkpt>
   <trkpt lat="50.91713000000001" lon="5.24758">
    <ele>29.150000000000002</ele>
   </trkpt>
   <trkpt lat="50.91713000000001" lon="5.247590000000001">
    <ele>29.150000000000002</ele>
   </trkpt>
   <trkpt lat="50.916880000000006" lon="5.248030000000001">
    <ele>29.67</ele>
   </trkpt>
   <trkpt lat="50.916810000000005" lon="5.24809">
    <ele>29.67</ele>
   </trkpt>
   <trkpt lat="50.91657000000001" lon="5.2481100000000005">
    <ele>30.070000000000004</ele>
   </trkpt>
   <trkpt lat="50.916560000000004" lon="5.248430000000001">
    <ele>30.070000000000004</ele>
   </trkpt>
   <trkpt lat="50.91658" lon="5.248550000000001">
    <ele>30.320000000000004</ele>
   </trkpt>
   <trkpt lat="50.916470000000004" lon="5.24875">
    <ele>30.320000000000004</ele>
   </trkpt>
   <trkpt lat="50.916380000000004" lon="5.24934">
    <ele>30.160000000000004</ele>
   </trkpt>
   <trkpt lat="50.91633" lon="5.249490000000001">
    <ele>30.160000000000004</ele>
   </trkpt>
   <trkpt lat="50.91621000000001" lon="5.24971">
    <ele>30.17</ele>
   </trkpt>
   <trkpt lat="50.915760000000006" lon="5.250120000000001">
    <ele>30.35</ele>
   </trkpt>
   <trkpt lat="50.91557" lon="5.25044">
    <ele>30.490000000000002</ele>
   </trkpt>
   <trkpt lat="50.91518000000001" lon="5.25161">
    <ele>31.110000000000003</ele>
   </trkpt>
   <trkpt lat="50.915110000000006" lon="5.2517700000000005">
    <ele>31.110000000000003</ele>
   </trkpt>
   <trkpt lat="50.91496" lon="5.25197">
    <ele>31.150000000000002</ele>
   </trkpt>
   <trkpt lat="50.91501" lon="5.252140000000001">
    <ele>30.900000000000002</ele>
   </trkpt>
   <trkpt lat="50.915020000000005" lon="5.25225">
    <ele>30.900000000000002</ele>
   </trkpt>
   <trkpt lat="50.915000000000006" lon="5.2525200000000005">
    <ele>30.410000000000004</ele>
   </trkpt>
   <trkpt lat="50.9149" lon="5.253080000000001">
    <ele>30.230000000000004</ele>
   </trkpt>
   <trkpt lat="50.914820000000006" lon="5.253310000000001">
    <ele>30.28</ele>
   </trkpt>
   <trkpt lat="50.914770000000004" lon="5.25342">
    <ele>30.240000000000002</ele>
   </trkpt>
   <trkpt lat="50.914770000000004" lon="5.253430000000001">
    <ele>30.240000000000002</ele>
   </trkpt>
   <trkpt lat="50.91465" lon="5.253710000000001">
    <ele>30.140000000000004</ele>
   </trkpt>
   <trkpt lat="50.914590000000004" lon="5.2538">
    <ele>30.140000000000004</ele>
   </trkpt>
   <trkpt lat="50.91427" lon="5.254130000000001">
    <ele>30.19</ele>
   </trkpt>
   <trkpt lat="50.913790000000006" lon="5.254530000000001">
    <ele>30.480000000000004</ele>
   </trkpt>
   <trkpt lat="50.91317500072419" lon="5.25491000495494">
    <ele>30.8</ele>
   </trkpt>
   <trkpt lat="50.912560000000006" lon="5.2552900000000005">
    <ele>31.240000000000002</ele>
   </trkpt>
   <trkpt lat="50.91227000000001" lon="5.25555">
    <ele>31.34</ele>
   </trkpt>
   <trkpt lat="50.91205" lon="5.255960000000001">
    <ele>31.48</ele>
   </trkpt>
   <trkpt lat="50.91194" lon="5.256220000000001">
    <ele>31.48</ele>
   </trkpt>
   <trkpt lat="50.911880000000004" lon="5.256500000000001">
    <ele>31.43</ele>
   </trkpt>
   <trkpt lat="50.91187000000001" lon="5.2568600000000005">
    <ele>31.160000000000004</ele>
   </trkpt>
   <trkpt lat="50.91189000000001" lon="5.257040000000001">
    <ele>30.980000000000004</ele>
   </trkpt>
   <trkpt lat="50.91225000000001" lon="5.258100000000001">
    <ele>30.71</ele>
   </trkpt>
   <trkpt lat="50.9123" lon="5.25837">
    <ele>30.7</ele>
   </trkpt>
   <trkpt lat="50.912290000000006" lon="5.2586200000000005">
    <ele>30.7</ele>
   </trkpt>
   <trkpt lat="50.91209500216927" lon="5.259335003047092">
    <ele>30.410000000000004</ele>
   </trkpt>
   <trkpt lat="50.9119" lon="5.260050000000001">
    <ele>30.470000000000002</ele>
   </trkpt>
   <trkpt lat="50.91180000000001" lon="5.260330000000001">
    <ele>30.470000000000002</ele>
   </trkpt>
   <trkpt lat="50.91156" lon="5.260820000000001">
    <ele>30.62</ele>
   </trkpt>
   <trkpt lat="50.91095000000001" lon="5.26177">
    <ele>31.110000000000003</ele>
   </trkpt>
   <trkpt lat="50.910520000000005" lon="5.26248">
    <ele>31.470000000000006</ele>
   </trkpt>
   <trkpt lat="50.90998751301266" lon="5.263487534564155">
    <ele>32.21</ele>
   </trkpt>
   <trkpt lat="50.90945501735471" lon="5.26449504607618">
    <ele>31.95</ele>
   </trkpt>
   <trkpt lat="50.908922513026525" lon="5.265502534536663">
    <ele>31.21</ele>
   </trkpt>
   <trkpt lat="50.908390000000004" lon="5.26651">
    <ele>30.63</ele>
   </trkpt>
   <trkpt lat="50.90793000000001" lon="5.267340000000001">
    <ele>30.320000000000004</ele>
   </trkpt>
   <trkpt lat="50.907720000000005" lon="5.2677700000000005">
    <ele>30.400000000000002</ele>
   </trkpt>
   <trkpt lat="50.907500000000006" lon="5.268020000000001">
    <ele>30.29</ele>
   </trkpt>
   <trkpt lat="50.90738" lon="5.268230000000001">
    <ele>30.26</ele>
   </trkpt>
   <trkpt lat="50.906960000000005" lon="5.26933">
    <ele>30.11</ele>
   </trkpt>
   <trkpt lat="50.90668" lon="5.270670000000001">
    <ele>30.12</ele>
   </trkpt>
   <trkpt lat="50.906670000000005" lon="5.27106">
    <ele>30.09</ele>
   </trkpt>
   <trkpt lat="50.906725003006336" lon="5.271899998897416">
    <ele>29.86</ele>
   </trkpt>
   <trkpt lat="50.906780000000005" lon="5.272740000000001">
    <ele>29.7</ele>
   </trkpt>
   <trkpt lat="50.906760000000006" lon="5.27306">
    <ele>29.640000000000004</ele>
   </trkpt>
   <trkpt lat="50.906560000000006" lon="5.273980000000001">
    <ele>29.890000000000004</ele>
   </trkpt>
   <trkpt lat="50.90633500196926" lon="5.274655003192467">
    <ele>30.060000000000002</ele>
   </trkpt>
   <trkpt lat="50.906110000000005" lon="5.27533">
    <ele>30.310000000000002</ele>
   </trkpt>
   <trkpt lat="50.90605000000001" lon="5.2758400000000005">
    <ele>30.310000000000002</ele>
   </trkpt>
   <trkpt lat="50.906020000000005" lon="5.27597">
    <ele>30.310000000000002</ele>
   </trkpt>
   <trkpt lat="50.90572000254619" lon="5.276750005162312">
    <ele>30.55</ele>
   </trkpt>
   <trkpt lat="50.90542000000001" lon="5.2775300000000005">
    <ele>30.590000000000003</ele>
   </trkpt>
   <trkpt lat="50.905150000000006" lon="5.278180000000001">
    <ele>30.63</ele>
   </trkpt>
   <trkpt lat="50.90487" lon="5.278670000000001">
    <ele>30.860000000000003</ele>
   </trkpt>
   <trkpt lat="50.9046" lon="5.27908">
    <ele>30.88</ele>
   </trkpt>
   <trkpt lat="50.90447" lon="5.2792200000000005">
    <ele>30.860000000000003</ele>
   </trkpt>
   <trkpt lat="50.90447" lon="5.27923">
    <ele>30.860000000000003</ele>
   </trkpt>
   <trkpt lat="50.904320000000006" lon="5.27942">
    <ele>30.830000000000002</ele>
   </trkpt>
   <trkpt lat="50.90355" lon="5.280150000000001">
    <ele>31.150000000000002</ele>
   </trkpt>
   <trkpt lat="50.90317000067994" lon="5.280560003387393">
    <ele>31.090000000000003</ele>
   </trkpt>
   <trkpt lat="50.90279" lon="5.280970000000001">
    <ele>31.110000000000003</ele>
   </trkpt>
   <trkpt lat="50.90230666965052" lon="5.2815600122370014">
    <ele>31.200000000000003</ele>
   </trkpt>
   <trkpt lat="50.90182333632746" lon="5.282150012224271">
    <ele>31.070000000000004</ele>
   </trkpt>
   <trkpt lat="50.901340000000005" lon="5.28274">
    <ele>30.97</ele>
   </trkpt>
   <trkpt lat="50.90124" lon="5.282830000000001">
    <ele>30.97</ele>
   </trkpt>
   <trkpt lat="50.90080500049956" lon="5.28314500288801">
    <ele>31.070000000000004</ele>
   </trkpt>
   <trkpt lat="50.90037" lon="5.283460000000001">
    <ele>31.150000000000002</ele>
   </trkpt>
   <trkpt lat="50.9003" lon="5.283530000000001">
    <ele>31.43</ele>
   </trkpt>
   <trkpt lat="50.899980000000006" lon="5.284050000000001">
    <ele>31.68</ele>
   </trkpt>
   <trkpt lat="50.899620001300775" lon="5.284595004164933">
    <ele>31.700000000000006</ele>
   </trkpt>
   <trkpt lat="50.899260000000005" lon="5.28514">
    <ele>31.580000000000002</ele>
   </trkpt>
   <trkpt lat="50.89912" lon="5.285410000000001">
    <ele>31.580000000000002</ele>
   </trkpt>
   <trkpt lat="50.898753340412654" lon="5.286320014317727">
    <ele>31.700000000000006</ele>
   </trkpt>
   <trkpt lat="50.89838667375132" lon="5.287230014304286">
    <ele>31.85</ele>
   </trkpt>
   <trkpt lat="50.89802" lon="5.28814">
    <ele>31.810000000000006</ele>
   </trkpt>
   <trkpt lat="50.89788" lon="5.28863">
    <ele>32.07</ele>
   </trkpt>
   <trkpt lat="50.89764334535146" lon="5.289816678784199">
    <ele>32.019999999999996</ele>
   </trkpt>
   <trkpt lat="50.89740667867361" lon="5.291003345506671">
    <ele>32.11</ele>
   </trkpt>
   <trkpt lat="50.89717" lon="5.292190000000001">
    <ele>32.730000000000004</ele>
   </trkpt>
   <trkpt lat="50.897130000000004" lon="5.2923100000000005">
    <ele>32.730000000000004</ele>
   </trkpt>
   <trkpt lat="50.89656" lon="5.29335">
    <ele>33.510000000000005</ele>
   </trkpt>
   <trkpt lat="50.89627000238581" lon="5.294100004713819">
    <ele>34.14</ele>
   </trkpt>
   <trkpt lat="50.89598" lon="5.29485">
    <ele>34.440000000000005</ele>
   </trkpt>
   <trkpt lat="50.895920000000004" lon="5.295120000000001">
    <ele>34.440000000000005</ele>
   </trkpt>
   <trkpt lat="50.8958950036156" lon="5.296040000478012">
    <ele>34.36</ele>
   </trkpt>
   <trkpt lat="50.89587" lon="5.29696">
    <ele>34.24</ele>
   </trkpt>
   <trkpt lat="50.89589" lon="5.29738">
    <ele>34.04</ele>
   </trkpt>
   <trkpt lat="50.896" lon="5.29837">
    <ele>33.38</ele>
   </trkpt>
   <trkpt lat="50.89605" lon="5.2987">
    <ele>32.720000000000006</ele>
   </trkpt>
   <trkpt lat="50.89620000000001" lon="5.29938">
    <ele>32.53</ele>
   </trkpt>
   <trkpt lat="50.89622000000001" lon="5.29969">
    <ele>32.53</ele>
   </trkpt>
   <trkpt lat="50.89598" lon="5.300940000000001">
    <ele>32.54</ele>
   </trkpt>
   <trkpt lat="50.895970000000005" lon="5.300960000000001">
    <ele>32.54</ele>
   </trkpt>
   <trkpt lat="50.89576" lon="5.3021400000000005">
    <ele>33.74</ele>
   </trkpt>
   <trkpt lat="50.895720000000004" lon="5.30224">
    <ele>33.74</ele>
   </trkpt>
   <trkpt lat="50.89558" lon="5.302440000000001">
    <ele>34.370000000000005</ele>
   </trkpt>
   <trkpt lat="50.895500000000006" lon="5.30252">
    <ele>34.34</ele>
   </trkpt>
   <trkpt lat="50.894820001091766" lon="5.303040007640933">
    <ele>33.95</ele>
   </trkpt>
   <trkpt lat="50.89414000000001" lon="5.30356">
    <ele>34.06</ele>
   </trkpt>
   <trkpt lat="50.89363" lon="5.3039000000000005">
    <ele>34.13</ele>
   </trkpt>
   <trkpt lat="50.89347" lon="5.30414">
    <ele>34.15</ele>
   </trkpt>
   <trkpt lat="50.893350000000005" lon="5.304290000000001">
    <ele>34.15</ele>
   </trkpt>
   <trkpt lat="50.893130000000006" lon="5.304340000000001">
    <ele>34.15</ele>
   </trkpt>
   <trkpt lat="50.89287" lon="5.3043700000000005">
    <ele>34.0</ele>
   </trkpt>
   <trkpt lat="50.89269" lon="5.30442">
    <ele>34.0</ele>
   </trkpt>
   <trkpt lat="50.892540000000004" lon="5.30449">
    <ele>33.86</ele>
   </trkpt>
   <trkpt lat="50.892360000000004" lon="5.304620000000001">
    <ele>33.79</ele>
   </trkpt>
   <trkpt lat="50.89206" lon="5.304900000000001">
    <ele>33.63</ele>
   </trkpt>
   <trkpt lat="50.89163500140743" lon="5.305500005658714">
    <ele>33.410000000000004</ele>
   </trkpt>
   <trkpt lat="50.89121" lon="5.306100000000001">
    <ele>33.800000000000004</ele>
   </trkpt>
   <trkpt lat="50.891070000000006" lon="5.306190000000001">
    <ele>33.800000000000004</ele>
   </trkpt>
   <trkpt lat="50.890980000000006" lon="5.30621">
    <ele>33.89</ele>
   </trkpt>
   <trkpt lat="50.89099" lon="5.306310000000001">
    <ele>33.89</ele>
   </trkpt>
   <trkpt lat="50.890910000000005" lon="5.30656">
    <ele>33.74</ele>
   </trkpt>
   <trkpt lat="50.89061" lon="5.3068800000000005">
    <ele>33.660000000000004</ele>
   </trkpt>
   <trkpt lat="50.89045" lon="5.306970000000001">
    <ele>33.64</ele>
   </trkpt>
   <trkpt lat="50.890330000000006" lon="5.30701">
    <ele>33.64</ele>
   </trkpt>
   <trkpt lat="50.89021" lon="5.307">
    <ele>33.68</ele>
   </trkpt>
   <trkpt lat="50.88982000000001" lon="5.30689">
    <ele>33.72</ele>
   </trkpt>
   <trkpt lat="50.8898" lon="5.3068800000000005">
    <ele>33.730000000000004</ele>
   </trkpt>
   <trkpt lat="50.889320000000005" lon="5.306730000000001">
    <ele>33.95</ele>
   </trkpt>
   <trkpt lat="50.88917000000001" lon="5.30682">
    <ele>34.14</ele>
   </trkpt>
   <trkpt lat="50.88888000000001" lon="5.30728">
    <ele>33.870000000000005</ele>
   </trkpt>
   <trkpt lat="50.88881000000001" lon="5.30747">
    <ele>33.85</ele>
   </trkpt>
   <trkpt lat="50.888690000000004" lon="5.307650000000001">
    <ele>33.85</ele>
   </trkpt>
   <trkpt lat="50.88862" lon="5.307790000000001">
    <ele>33.97</ele>
   </trkpt>
   <trkpt lat="50.888450000000006" lon="5.30801">
    <ele>33.97</ele>
   </trkpt>
   <trkpt lat="50.88824" lon="5.30823">
    <ele>34.11</ele>
   </trkpt>
   <trkpt lat="50.88756000000001" lon="5.30876">
    <ele>34.65</ele>
   </trkpt>
   <trkpt lat="50.88714" lon="5.308940000000001">
    <ele>34.96</ele>
   </trkpt>
   <trkpt lat="50.886970000000005" lon="5.309010000000001">
    <ele>35.08</ele>
   </trkpt>
   <trkpt lat="50.88684000000001" lon="5.309100000000001">
    <ele>35.22</ele>
   </trkpt>
   <trkpt lat="50.886700000000005" lon="5.3092500000000005">
    <ele>35.22</ele>
   </trkpt>
   <trkpt lat="50.88609" lon="5.3101400000000005">
    <ele>35.46000000000001</ele>
   </trkpt>
   <trkpt lat="50.88597000000001" lon="5.310370000000001">
    <ele>35.61</ele>
   </trkpt>
   <trkpt lat="50.885670000000005" lon="5.311400000000001">
    <ele>36.27</ele>
   </trkpt>
   <trkpt lat="50.885580000000004" lon="5.311640000000001">
    <ele>36.39000000000001</ele>
   </trkpt>
   <trkpt lat="50.885200000000005" lon="5.312460000000001">
    <ele>36.43000000000001</ele>
   </trkpt>
   <trkpt lat="50.88463" lon="5.313440000000001">
    <ele>36.47</ele>
   </trkpt>
   <trkpt lat="50.885070000000006" lon="5.31435">
    <ele>35.32</ele>
   </trkpt>
   <trkpt lat="50.88553" lon="5.31524">
    <ele>36.08</ele>
   </trkpt>
   <trkpt lat="50.885380000000005" lon="5.31545">
    <ele>35.7</ele>
   </trkpt>
   <trkpt lat="50.88497" lon="5.316470000000001">
    <ele>35.54</ele>
   </trkpt>
   <trkpt lat="50.8849" lon="5.316730000000001">
    <ele>35.440000000000005</ele>
   </trkpt>
   <trkpt lat="50.884890000000006" lon="5.317830000000001">
    <ele>34.81</ele>
   </trkpt>
   <trkpt lat="50.885040000000004" lon="5.318630000000001">
    <ele>34.13</ele>
   </trkpt>
   <trkpt lat="50.885160000000006" lon="5.31923">
    <ele>33.910000000000004</ele>
   </trkpt>
   <trkpt lat="50.885110000000005" lon="5.319570000000001">
    <ele>33.92</ele>
   </trkpt>
   <trkpt lat="50.88485667610028" lon="5.320620011358127">
    <ele>34.190000000000005</ele>
   </trkpt>
   <trkpt lat="50.8846033427816" lon="5.321670011297195">
    <ele>35.050000000000004</ele>
   </trkpt>
   <trkpt lat="50.884350000000005" lon="5.32272">
    <ele>35.910000000000004</ele>
   </trkpt>
   <trkpt lat="50.88421" lon="5.32321">
    <ele>35.96000000000001</ele>
   </trkpt>
   <trkpt lat="50.88396000189374" lon="5.323895003978778">
    <ele>36.59</ele>
   </trkpt>
   <trkpt lat="50.88371" lon="5.32458">
    <ele>36.78</ele>
   </trkpt>
   <trkpt lat="50.883340000000004" lon="5.325670000000001">
    <ele>37.32000000000001</ele>
   </trkpt>
   <trkpt lat="50.8830666765957" lon="5.326746679198908">
    <ele>37.970000000000006</ele>
   </trkpt>
   <trkpt lat="50.88279334328781" lon="5.327823345765147">
    <ele>38.44</ele>
   </trkpt>
   <trkpt lat="50.88252000000001" lon="5.328900000000001">
    <ele>39.11000000000001</ele>
   </trkpt>
   <trkpt lat="50.882380000000005" lon="5.328810000000001">
    <ele>39.0</ele>
   </trkpt>
   <trkpt lat="50.88204" lon="5.32868">
    <ele>38.7</ele>
   </trkpt>
   <trkpt lat="50.881245000100094" lon="5.328449996039275">
    <ele>38.650000000000006</ele>
   </trkpt>
   <trkpt lat="50.88045" lon="5.328220000000001">
    <ele>39.03</ele>
   </trkpt>
   <trkpt lat="50.88044000000001" lon="5.32821">
    <ele>39.05</ele>
   </trkpt>
   <trkpt lat="50.87982" lon="5.32803">
    <ele>40.79</ele>
   </trkpt>
   <trkpt lat="50.87988000854121" lon="5.329029997386916">
    <ele>41.1</ele>
   </trkpt>
   <trkpt lat="50.879940008538966" lon="5.330029997349317">
    <ele>41.260000000000005</ele>
   </trkpt>
   <trkpt lat="50.88" lon="5.33103">
    <ele>41.940000000000005</ele>
   </trkpt>
   <trkpt lat="50.87913333347828" lon="5.331110007438687">
    <ele>41.050000000000004</ele>
   </trkpt>
   <trkpt lat="50.87826666690189" lon="5.331190011901324">
    <ele>42.18</ele>
   </trkpt>
   <trkpt lat="50.87740000027079" lon="5.3312700133881155">
    <ele>42.63</ele>
   </trkpt>
   <trkpt lat="50.87653333358503" lon="5.331350011899263">
    <ele>42.370000000000005</ele>
   </trkpt>
   <trkpt lat="50.87566666684458" lon="5.331430007434968">
    <ele>41.690000000000005</ele>
   </trkpt>
   <trkpt lat="50.87480000000001" lon="5.331510000000001">
    <ele>41.99000000000001</ele>
   </trkpt>
   <trkpt lat="50.874790000000004" lon="5.331510000000001">
    <ele>41.99000000000001</ele>
   </trkpt>
   <trkpt lat="50.87471000000001" lon="5.33152">
    <ele>41.99000000000001</ele>
   </trkpt>
   <trkpt lat="50.874550000000006" lon="5.331580000000001">
    <ele>42.22</ele>
   </trkpt>
   <trkpt lat="50.87422" lon="5.33187">
    <ele>42.22</ele>
   </trkpt>
   <trkpt lat="50.87371000148142" lon="5.332480006804378">
    <ele>41.86</ele>
   </trkpt>
   <trkpt lat="50.873200000000004" lon="5.33309">
    <ele>41.56</ele>
   </trkpt>
   <trkpt lat="50.87260501249617" lon="5.333855048834733">
    <ele>41.580000000000005</ele>
   </trkpt>
   <trkpt lat="50.87201001999169" lon="5.334620078136959">
    <ele>41.67</ele>
   </trkpt>
   <trkpt lat="50.87141502248682" lon="5.33538508790743">
    <ele>41.620000000000005</ele>
   </trkpt>
   <trkpt lat="50.870820019981785" lon="5.336150078146893">
    <ele>41.660000000000004</ele>
   </trkpt>
   <trkpt lat="50.870225012476816" lon="5.336915048856099">
    <ele>42.010000000000005</ele>
   </trkpt>
   <trkpt lat="50.86963" lon="5.337680000000001">
    <ele>42.160000000000004</ele>
   </trkpt>
   <trkpt lat="50.868980005956146" lon="5.338513356544423">
    <ele>41.96</ele>
   </trkpt>
   <trkpt lat="50.86833000597871" lon="5.339346689848388">
    <ele>41.97</ele>
   </trkpt>
   <trkpt lat="50.86768000000001" lon="5.34018">
    <ele>42.150000000000006</ele>
   </trkpt>
   <trkpt lat="50.867160000000005" lon="5.34081">
    <ele>42.75</ele>
   </trkpt>
   <trkpt lat="50.86715" lon="5.340820000000001">
    <ele>42.760000000000005</ele>
   </trkpt>
   <trkpt lat="50.86688" lon="5.34116">
    <ele>43.870000000000005</ele>
   </trkpt>
   <trkpt lat="50.866760000000006" lon="5.341240000000001">
    <ele>43.870000000000005</ele>
   </trkpt>
   <trkpt lat="50.866835003001334" lon="5.342074998909286">
    <ele>44.1</ele>
   </trkpt>
   <trkpt lat="50.866910000000004" lon="5.342910000000001">
    <ele>44.02</ele>
   </trkpt>
   <trkpt lat="50.866910000000004" lon="5.34313">
    <ele>44.04</ele>
   </trkpt>
   <trkpt lat="50.866820000000004" lon="5.3436900000000005">
    <ele>44.300000000000004</ele>
   </trkpt>
   <trkpt lat="50.86679" lon="5.344010000000001">
    <ele>44.620000000000005</ele>
   </trkpt>
   <trkpt lat="50.86670000618622" lon="5.34521500255459">
    <ele>45.28</ele>
   </trkpt>
   <trkpt lat="50.86661" lon="5.34642">
    <ele>45.83</ele>
   </trkpt>
   <trkpt lat="50.866620000000005" lon="5.3470200000000006">
    <ele>46.07000000000001</ele>
   </trkpt>
   <trkpt lat="50.86666" lon="5.34748">
    <ele>46.34</ele>
   </trkpt>
   <trkpt lat="50.86688000630287" lon="5.348694994245317">
    <ele>47.52</ele>
   </trkpt>
   <trkpt lat="50.8671" lon="5.34991">
    <ele>49.17</ele>
   </trkpt>
   <trkpt lat="50.86719" lon="5.350720000000001">
    <ele>50.300000000000004</ele>
   </trkpt>
   <trkpt lat="50.86753" lon="5.351990000000001">
    <ele>50.72</ele>
   </trkpt>
   <trkpt lat="50.867540000000005" lon="5.35221">
    <ele>51.31</ele>
   </trkpt>
   <trkpt lat="50.86750000000001" lon="5.3524">
    <ele>51.31</ele>
   </trkpt>
   <trkpt lat="50.86737" lon="5.352600000000001">
    <ele>51.5</ele>
   </trkpt>
   <trkpt lat="50.86682333468328" lon="5.353006676251121">
    <ele>52.2</ele>
   </trkpt>
   <trkpt lat="50.86627666795349" lon="5.3534133429646">
    <ele>52.83</ele>
   </trkpt>
   <trkpt lat="50.865730000000006" lon="5.353820000000001">
    <ele>54.17</ele>
   </trkpt>
   <trkpt lat="50.865700000000004" lon="5.35383">
    <ele>54.21</ele>
   </trkpt>
   <trkpt lat="50.86500000118051" lon="5.354355007880461">
    <ele>55.63</ele>
   </trkpt>
   <trkpt lat="50.86430000000001" lon="5.3548800000000005">
    <ele>56.85</ele>
   </trkpt>
   <trkpt lat="50.86413" lon="5.354970000000001">
    <ele>56.81</ele>
   </trkpt>
   <trkpt lat="50.86394000000001" lon="5.355020000000001">
    <ele>56.71</ele>
   </trkpt>
   <trkpt lat="50.863850000000006" lon="5.355020000000001">
    <ele>56.13</ele>
   </trkpt>
   <trkpt lat="50.863490000000006" lon="5.35489">
    <ele>55.92</ele>
   </trkpt>
   <trkpt lat="50.86272" lon="5.354570000000001">
    <ele>55.02</ele>
   </trkpt>
   <trkpt lat="50.86252" lon="5.35454">
    <ele>55.02</ele>
   </trkpt>
   <trkpt lat="50.862350000000006" lon="5.354550000000001">
    <ele>54.760000000000005</ele>
   </trkpt>
   <trkpt lat="50.862210000000005" lon="5.354590000000001">
    <ele>54.67</ele>
   </trkpt>
   <trkpt lat="50.86182" lon="5.35479">
    <ele>54.470000000000006</ele>
   </trkpt>
   <trkpt lat="50.861830000000005" lon="5.35505">
    <ele>54.510000000000005</ele>
   </trkpt>
   <trkpt lat="50.861810000000006" lon="5.35533">
    <ele>54.64</ele>
   </trkpt>
   <trkpt lat="50.86178" lon="5.355460000000001">
    <ele>54.64</ele>
   </trkpt>
   <trkpt lat="50.86142" lon="5.3562">
    <ele>54.24</ele>
   </trkpt>
   <trkpt lat="50.861270000000005" lon="5.35658">
    <ele>54.31</ele>
   </trkpt>
   <trkpt lat="50.86110000000001" lon="5.35693">
    <ele>54.3</ele>
   </trkpt>
   <trkpt lat="50.86103000000001" lon="5.35714">
    <ele>54.31</ele>
   </trkpt>
   <trkpt lat="50.86094000000001" lon="5.357600000000001">
    <ele>54.36000000000001</ele>
   </trkpt>
   <trkpt lat="50.860730000000004" lon="5.35873">
    <ele>55.1</ele>
   </trkpt>
   <trkpt lat="50.86072000000001" lon="5.3589">
    <ele>55.1</ele>
   </trkpt>
   <trkpt lat="50.860730000000004" lon="5.359100000000001">
    <ele>55.43000000000001</ele>
   </trkpt>
   <trkpt lat="50.86086" lon="5.359570000000001">
    <ele>55.74</ele>
   </trkpt>
   <trkpt lat="50.86102" lon="5.360930000000001">
    <ele>58.04</ele>
   </trkpt>
   <trkpt lat="50.86055500032657" lon="5.361215002854685">
    <ele>58.510000000000005</ele>
   </trkpt>
   <trkpt lat="50.86009000000001" lon="5.3615">
    <ele>59.230000000000004</ele>
   </trkpt>
   <trkpt lat="50.859840000000005" lon="5.361770000000001">
    <ele>59.580000000000005</ele>
   </trkpt>
   <trkpt lat="50.859190000000005" lon="5.3626700000000005">
    <ele>60.4</ele>
   </trkpt>
   <trkpt lat="50.85882" lon="5.36308">
    <ele>61.13</ele>
   </trkpt>
   <trkpt lat="50.858560000000004" lon="5.36331">
    <ele>61.34</ele>
   </trkpt>
   <trkpt lat="50.857920002838" lon="5.3638866824984115">
    <ele>61.86000000000001</ele>
   </trkpt>
   <trkpt lat="50.8572800028344" lon="5.364463349168056">
    <ele>62.2</ele>
   </trkpt>
   <trkpt lat="50.856640000000006" lon="5.3650400000000005">
    <ele>62.31</ele>
   </trkpt>
   <trkpt lat="50.856200000444275" lon="5.365345002845154">
    <ele>62.800000000000004</ele>
   </trkpt>
   <trkpt lat="50.855760000000004" lon="5.3656500000000005">
    <ele>62.97000000000001</ele>
   </trkpt>
   <trkpt lat="50.855500000000006" lon="5.36587">
    <ele>63.29</ele>
   </trkpt>
   <trkpt lat="50.8552" lon="5.3662">
    <ele>63.67</ele>
   </trkpt>
   <trkpt lat="50.85457" lon="5.36688">
    <ele>63.94000000000001</ele>
   </trkpt>
   <trkpt lat="50.85423" lon="5.367120000000001">
    <ele>63.94000000000001</ele>
   </trkpt>
   <trkpt lat="50.853440000147295" lon="5.36735500400683">
    <ele>64.62</ele>
   </trkpt>
   <trkpt lat="50.852650000000004" lon="5.367590000000001">
    <ele>65.41000000000001</ele>
   </trkpt>
   <trkpt lat="50.852650000000004" lon="5.36767">
    <ele>65.5</ele>
   </trkpt>
   <trkpt lat="50.85276" lon="5.3683700000000005">
    <ele>64.75</ele>
   </trkpt>
   <trkpt lat="50.852810000000005" lon="5.369000000000001">
    <ele>64.73</ele>
   </trkpt>
   <trkpt lat="50.85278500790014" lon="5.370360000860981">
    <ele>65.01</ele>
   </trkpt>
   <trkpt lat="50.85276" lon="5.371720000000001">
    <ele>65.02000000000001</ele>
   </trkpt>
   <trkpt lat="50.85277000000001" lon="5.37234">
    <ele>64.82000000000001</ele>
   </trkpt>
   <trkpt lat="50.8528" lon="5.372870000000001">
    <ele>64.60000000000001</ele>
   </trkpt>
   <trkpt lat="50.852900000000005" lon="5.3736500000000005">
    <ele>64.43</ele>
   </trkpt>
   <trkpt lat="50.853060000000006" lon="5.3745">
    <ele>64.02000000000001</ele>
   </trkpt>
   <trkpt lat="50.85331500764137" lon="5.375839992513764">
    <ele>63.39</ele>
   </trkpt>
   <trkpt lat="50.853570000000005" lon="5.37718">
    <ele>63.01000000000001</ele>
   </trkpt>
   <trkpt lat="50.85372" lon="5.377910000000001">
    <ele>62.68</ele>
   </trkpt>
   <trkpt lat="50.85392" lon="5.378520000000001">
    <ele>62.54</ele>
   </trkpt>
   <trkpt lat="50.854290000000006" lon="5.379370000000001">
    <ele>61.69</ele>
   </trkpt>
   <trkpt lat="50.85483000000001" lon="5.38034">
    <ele>60.9</ele>
   </trkpt>
   <trkpt lat="50.85526" lon="5.38121">
    <ele>60.36</ele>
   </trkpt>
   <trkpt lat="50.85552500235203" lon="5.3819299962815235">
    <ele>60.050000000000004</ele>
   </trkpt>
   <trkpt lat="50.855790000000006" lon="5.382650000000001">
    <ele>59.370000000000005</ele>
   </trkpt>
   <trkpt lat="50.85606000000001" lon="5.38332">
    <ele>58.85000000000001</ele>
   </trkpt>
   <trkpt lat="50.85643" lon="5.3839500000000005">
    <ele>58.36</ele>
   </trkpt>
   <trkpt lat="50.856820000000006" lon="5.3844">
    <ele>57.85</ele>
   </trkpt>
   <trkpt lat="50.85678000000001" lon="5.384550000000001">
    <ele>57.040000000000006</ele>
   </trkpt>
   <trkpt lat="50.856480000000005" lon="5.3851700000000005">
    <ele>56.0</ele>
   </trkpt>
   <trkpt lat="50.856280000000005" lon="5.3855900000000005">
    <ele>56.18000000000001</ele>
   </trkpt>
   <trkpt lat="50.85670500148441" lon="5.386179994619189">
    <ele>55.74</ele>
   </trkpt>
   <trkpt lat="50.857130000000005" lon="5.38677">
    <ele>55.910000000000004</ele>
   </trkpt>
   <trkpt lat="50.85758500161591" lon="5.387364994329774">
    <ele>55.71</ele>
   </trkpt>
   <trkpt lat="50.85804" lon="5.3879600000000005">
    <ele>55.31</ele>
   </trkpt>
   <trkpt lat="50.858270000000005" lon="5.38832">
    <ele>55.470000000000006</ele>
   </trkpt>
   <trkpt lat="50.85778500294005" lon="5.389135008304536">
    <ele>53.46000000000001</ele>
   </trkpt>
   <trkpt lat="50.8573" lon="5.389950000000001">
    <ele>52.77</ele>
   </trkpt>
   <trkpt lat="50.85721" lon="5.390140000000001">
    <ele>52.660000000000004</ele>
   </trkpt>
   <trkpt lat="50.85698000000001" lon="5.3906600000000005">
    <ele>52.47</ele>
   </trkpt>
   <trkpt lat="50.85658" lon="5.391780000000001">
    <ele>52.50000000000001</ele>
   </trkpt>
   <trkpt lat="50.85633000000001" lon="5.39236">
    <ele>53.36000000000001</ele>
   </trkpt>
   <trkpt lat="50.8562" lon="5.392620000000001">
    <ele>54.050000000000004</ele>
   </trkpt>
   <trkpt lat="50.855850000000004" lon="5.3932">
    <ele>55.21</ele>
   </trkpt>
   <trkpt lat="50.85544" lon="5.39379">
    <ele>56.88</ele>
   </trkpt>
   <trkpt lat="50.854980000000005" lon="5.394340000000001">
    <ele>58.7</ele>
   </trkpt>
   <trkpt lat="50.854710000000004" lon="5.39475">
    <ele>59.550000000000004</ele>
   </trkpt>
   <trkpt lat="50.854670000000006" lon="5.39484">
    <ele>59.550000000000004</ele>
   </trkpt>
   <trkpt lat="50.85468" lon="5.39494">
    <ele>59.57</ele>
   </trkpt>
   <trkpt lat="50.85487500280828" lon="5.395754996468548">
    <ele>58.95</ele>
   </trkpt>
   <trkpt lat="50.855070000000005" lon="5.3965700000000005">
    <ele>58.77</ele>
   </trkpt>
   <trkpt lat="50.855090000000004" lon="5.3968300000000005">
    <ele>58.77</ele>
   </trkpt>
   <trkpt lat="50.85506" lon="5.39723">
    <ele>58.49000000000001</ele>
   </trkpt>
   <trkpt lat="50.85502" lon="5.39742">
    <ele>58.49000000000001</ele>
   </trkpt>
   <trkpt lat="50.854800002894144" lon="5.398230003486056">
    <ele>58.2</ele>
   </trkpt>
   <trkpt lat="50.854580000000006" lon="5.39904">
    <ele>58.050000000000004</ele>
   </trkpt>
   <trkpt lat="50.85446" lon="5.3996900000000005">
    <ele>57.7</ele>
   </trkpt>
   <trkpt lat="50.854380000000006" lon="5.40038">
    <ele>57.6</ele>
   </trkpt>
   <trkpt lat="50.85434106478566" lon="5.401678009767088">
    <ele>57.010000000000005</ele>
   </trkpt>
   <trkpt lat="50.854302115174356" lon="5.4029760173665595">
    <ele>56.550000000000004</ele>
   </trkpt>
   <trkpt lat="50.85426315116613" lon="5.404274022797621">
    <ele>56.17</ele>
   </trkpt>
   <trkpt lat="50.85422417276107" lon="5.405572026059476">
    <ele>55.720000000000006</ele>
   </trkpt>
   <trkpt lat="50.854185179959174" lon="5.4068700271513315">
    <ele>55.42</ele>
   </trkpt>
   <trkpt lat="50.8541461727605" lon="5.408168026072393">
    <ele>54.55</ele>
   </trkpt>
   <trkpt lat="50.85410715116512" lon="5.409466022821864">
    <ele>53.88</ele>
   </trkpt>
   <trkpt lat="50.85406811517304" lon="5.410764017398951">
    <ele>53.14000000000001</ele>
   </trkpt>
   <trkpt lat="50.854029064784335" lon="5.412062009802859">
    <ele>52.33</ele>
   </trkpt>
   <trkpt lat="50.85399" lon="5.413360000000001">
    <ele>51.27</ele>
   </trkpt>
   <trkpt lat="50.853916683101374" lon="5.4147466709551875">
    <ele>50.03</ele>
   </trkpt>
   <trkpt lat="50.85384334977182" lon="5.416133337550232">
    <ele>49.470000000000006</ele>
   </trkpt>
   <trkpt lat="50.853770000000004" lon="5.417520000000001">
    <ele>48.88</ele>
   </trkpt>
   <trkpt lat="50.85371000000001" lon="5.41786">
    <ele>48.82</ele>
   </trkpt>
   <trkpt lat="50.853550000000006" lon="5.41833">
    <ele>48.77</ele>
   </trkpt>
   <trkpt lat="50.85329" lon="5.418740000000001">
    <ele>48.620000000000005</ele>
   </trkpt>
   <trkpt lat="50.853280000000005" lon="5.418760000000001">
    <ele>48.61000000000001</ele>
   </trkpt>
   <trkpt lat="50.85264" lon="5.419650000000001">
    <ele>48.36000000000001</ele>
   </trkpt>
   <trkpt lat="50.852700000000006" lon="5.419720000000001">
    <ele>48.36000000000001</ele>
   </trkpt>
   <trkpt lat="50.852790000000006" lon="5.42001">
    <ele>47.980000000000004</ele>
   </trkpt>
   <trkpt lat="50.85314" lon="5.421270000000001">
    <ele>47.03</ele>
   </trkpt>
   <trkpt lat="50.85325" lon="5.421950000000001">
    <ele>46.86000000000001</ele>
   </trkpt>
   <trkpt lat="50.85334" lon="5.423240000000001">
    <ele>48.080000000000005</ele>
   </trkpt>
   <trkpt lat="50.85338" lon="5.4234800000000005">
    <ele>48.35</ele>
   </trkpt>
   <trkpt lat="50.85351000000001" lon="5.4238100000000005">
    <ele>48.550000000000004</ele>
   </trkpt>
   <trkpt lat="50.85360000000001" lon="5.42393">
    <ele>49.11</ele>
   </trkpt>
   <trkpt lat="50.85409000000001" lon="5.4243500000000004">
    <ele>49.99000000000001</ele>
   </trkpt>
   <trkpt lat="50.854330000000004" lon="5.42452">
    <ele>50.32</ele>
   </trkpt>
   <trkpt lat="50.85461" lon="5.42464">
    <ele>51.35000000000001</ele>
   </trkpt>
   <trkpt lat="50.85473" lon="5.424720000000001">
    <ele>51.56</ele>
   </trkpt>
   <trkpt lat="50.854910000000004" lon="5.42489">
    <ele>51.75</ele>
   </trkpt>
   <trkpt lat="50.85502" lon="5.42508">
    <ele>51.870000000000005</ele>
   </trkpt>
   <trkpt lat="50.85512000000001" lon="5.4253">
    <ele>52.07000000000001</ele>
   </trkpt>
   <trkpt lat="50.855380000000004" lon="5.426030000000001">
    <ele>53.63</ele>
   </trkpt>
   <trkpt lat="50.855430000000005" lon="5.4264">
    <ele>53.99</ele>
   </trkpt>
   <trkpt lat="50.855430000000005" lon="5.426830000000001">
    <ele>54.480000000000004</ele>
   </trkpt>
   <trkpt lat="50.855380000000004" lon="5.42687">
    <ele>54.480000000000004</ele>
   </trkpt>
   <trkpt lat="50.8554" lon="5.42701">
    <ele>54.45</ele>
   </trkpt>
   <trkpt lat="50.85544" lon="5.427180000000001">
    <ele>54.400000000000006</ele>
   </trkpt>
   <trkpt lat="50.85504" lon="5.428400000000001">
    <ele>55.11000000000001</ele>
   </trkpt>
   <trkpt lat="50.854780000000005" lon="5.42895">
    <ele>56.690000000000005</ele>
   </trkpt>
   <trkpt lat="50.85445000000001" lon="5.429340000000001">
    <ele>58.89</ele>
   </trkpt>
   <trkpt lat="50.85390000107021" lon="5.4298450059730605">
    <ele>63.32</ele>
   </trkpt>
   <trkpt lat="50.853350000000006" lon="5.430350000000001">
    <ele>65.45</ele>
   </trkpt>
   <trkpt lat="50.852790000000006" lon="5.43078">
    <ele>67.84</ele>
   </trkpt>
   <trkpt lat="50.852500000000006" lon="5.43099">
    <ele>68.33</ele>
   </trkpt>
   <trkpt lat="50.85239000000001" lon="5.431120000000001">
    <ele>68.33</ele>
   </trkpt>
   <trkpt lat="50.85177" lon="5.43207">
    <ele>69.62</ele>
   </trkpt>
   <trkpt lat="50.851490000000005" lon="5.4324">
    <ele>70.05</ele>
   </trkpt>
   <trkpt lat="50.85116000000001" lon="5.43269">
    <ele>70.57000000000001</ele>
   </trkpt>
   <trkpt lat="50.85087000000001" lon="5.432860000000001">
    <ele>71.41</ele>
   </trkpt>
   <trkpt lat="50.85033000000001" lon="5.4331000000000005">
    <ele>71.86</ele>
   </trkpt>
   <trkpt lat="50.84946000000001" lon="5.433450000000001">
    <ele>73.08</ele>
   </trkpt>
   <trkpt lat="50.84865000109382" lon="5.433813345966473">
    <ele>74.7</ele>
   </trkpt>
   <trkpt lat="50.84784000105952" lon="5.434176679314922">
    <ele>76.08000000000001</ele>
   </trkpt>
   <trkpt lat="50.847030000000004" lon="5.43454">
    <ele>77.33000000000001</ele>
   </trkpt>
   <trkpt lat="50.84687" lon="5.43458">
    <ele>77.44000000000001</ele>
   </trkpt>
   <trkpt lat="50.846680000000006" lon="5.43458">
    <ele>77.68</ele>
   </trkpt>
   <trkpt lat="50.84655000000001" lon="5.434570000000001">
    <ele>77.68</ele>
   </trkpt>
   <trkpt lat="50.8464" lon="5.43451">
    <ele>78.09</ele>
   </trkpt>
   <trkpt lat="50.84573500055846" lon="5.434139994711238">
    <ele>78.55000000000001</ele>
   </trkpt>
   <trkpt lat="50.84507000000001" lon="5.433770000000001">
    <ele>79.27000000000001</ele>
   </trkpt>
   <trkpt lat="50.84431500103538" lon="5.433284992170992">
    <ele>79.82000000000001</ele>
   </trkpt>
   <trkpt lat="50.843560000000004" lon="5.4328">
    <ele>80.47</ele>
   </trkpt>
   <trkpt lat="50.842760000000006" lon="5.432300000000001">
    <ele>81.2</ele>
   </trkpt>
   <trkpt lat="50.84275" lon="5.432300000000001">
    <ele>81.2</ele>
   </trkpt>
   <trkpt lat="50.842600000000004" lon="5.432180000000001">
    <ele>81.30000000000001</ele>
   </trkpt>
   <trkpt lat="50.84221" lon="5.431800000000001">
    <ele>81.73</ele>
   </trkpt>
   <trkpt lat="50.841930000000005" lon="5.43149">
    <ele>82.02000000000001</ele>
   </trkpt>
   <trkpt lat="50.84178000000001" lon="5.43179">
    <ele>82.03</ele>
   </trkpt>
   <trkpt lat="50.84149000000001" lon="5.432530000000001">
    <ele>82.52000000000001</ele>
   </trkpt>
   <trkpt lat="50.84131000000001" lon="5.43297">
    <ele>82.83</ele>
   </trkpt>
   <trkpt lat="50.841120000000004" lon="5.43337">
    <ele>82.92</ele>
   </trkpt>
   <trkpt lat="50.84093000000001" lon="5.43367">
    <ele>83.19</ele>
   </trkpt>
   <trkpt lat="50.84029" lon="5.434570000000001">
    <ele>84.66000000000001</ele>
   </trkpt>
   <trkpt lat="50.839980000000004" lon="5.43508">
    <ele>85.63000000000001</ele>
   </trkpt>
   <trkpt lat="50.83946" lon="5.4360100000000005">
    <ele>87.14</ele>
   </trkpt>
   <trkpt lat="50.83934000000001" lon="5.436190000000001">
    <ele>87.37</ele>
   </trkpt>
   <trkpt lat="50.83919" lon="5.43639">
    <ele>87.52</ele>
   </trkpt>
   <trkpt lat="50.83962000409931" lon="5.437354991377293">
    <ele>85.08</ele>
   </trkpt>
   <trkpt lat="50.840050000000005" lon="5.43832">
    <ele>83.42</ele>
   </trkpt>
   <trkpt lat="50.840140000000005" lon="5.43843">
    <ele>83.16000000000001</ele>
   </trkpt>
   <trkpt lat="50.84002" lon="5.43879">
    <ele>83.05000000000001</ele>
   </trkpt>
   <trkpt lat="50.839510000000004" lon="5.43993">
    <ele>83.45</ele>
   </trkpt>
   <trkpt lat="50.83923000000001" lon="5.44059">
    <ele>84.48000000000002</ele>
   </trkpt>
   <trkpt lat="50.83872" lon="5.441660000000001">
    <ele>84.69</ele>
   </trkpt>
   <trkpt lat="50.83831500288419" lon="5.442495007442814">
    <ele>84.34</ele>
   </trkpt>
   <trkpt lat="50.83791" lon="5.4433300000000004">
    <ele>84.12</ele>
   </trkpt>
   <trkpt lat="50.83784000000001" lon="5.443510000000001">
    <ele>84.03</ele>
   </trkpt>
   <trkpt lat="50.837790000000005" lon="5.443840000000001">
    <ele>83.7</ele>
   </trkpt>
   <trkpt lat="50.837650000000004" lon="5.44425">
    <ele>83.49000000000001</ele>
   </trkpt>
   <trkpt lat="50.837120000000006" lon="5.4453000000000005">
    <ele>83.32000000000001</ele>
   </trkpt>
   <trkpt lat="50.837" lon="5.44519">
    <ele>83.19</ele>
   </trkpt>
   <trkpt lat="50.836920000000006" lon="5.44521">
    <ele>83.19</ele>
   </trkpt>
   <trkpt lat="50.836670000000005" lon="5.445690000000001">
    <ele>83.2</ele>
   </trkpt>
   <trkpt lat="50.836440003060034" lon="5.446540004289926">
    <ele>81.87</ele>
   </trkpt>
   <trkpt lat="50.83621" lon="5.44739">
    <ele>80.36</ele>
   </trkpt>
   <trkpt lat="50.836200000000005" lon="5.44763">
    <ele>80.06</ele>
   </trkpt>
   <trkpt lat="50.83626" lon="5.447870000000001">
    <ele>79.64</ele>
   </trkpt>
   <trkpt lat="50.83625000000001" lon="5.44784">
    <ele>79.69000000000001</ele>
   </trkpt>
   <trkpt lat="50.836310000000005" lon="5.448">
    <ele>79.69000000000001</ele>
   </trkpt>
   <trkpt lat="50.83666000110945" lon="5.448524995960153">
    <ele>78.02000000000001</ele>
   </trkpt>
   <trkpt lat="50.83701000000001" lon="5.449050000000001">
    <ele>77.2</ele>
   </trkpt>
   <trkpt lat="50.837050000000005" lon="5.449140000000001">
    <ele>77.2</ele>
   </trkpt>
   <trkpt lat="50.837070000000004" lon="5.44932">
    <ele>77.07</ele>
   </trkpt>
   <trkpt lat="50.83690000000001" lon="5.449350000000001">
    <ele>77.03</ele>
   </trkpt>
   <trkpt lat="50.836780000000005" lon="5.449420000000001">
    <ele>77.03</ele>
   </trkpt>
   <trkpt lat="50.836160001140485" lon="5.44994000692076">
    <ele>77.30000000000001</ele>
   </trkpt>
   <trkpt lat="50.83554" lon="5.4504600000000005">
    <ele>77.82</ele>
   </trkpt>
   <trkpt lat="50.83514" lon="5.45073">
    <ele>78.4</ele>
   </trkpt>
   <trkpt lat="50.83493000000001" lon="5.45082">
    <ele>78.77000000000001</ele>
   </trkpt>
   <trkpt lat="50.834970000000006" lon="5.45183">
    <ele>79.19000000000001</ele>
   </trkpt>
   <trkpt lat="50.83494" lon="5.45228">
    <ele>79.53</ele>
   </trkpt>
   <trkpt lat="50.83487" lon="5.452800000000001">
    <ele>79.98</ele>
   </trkpt>
   <trkpt lat="50.83475000000001" lon="5.453250000000001">
    <ele>80.2</ele>
   </trkpt>
   <trkpt lat="50.83433" lon="5.45422">
    <ele>80.45</ele>
   </trkpt>
   <trkpt lat="50.83433" lon="5.454230000000001">
    <ele>80.44000000000001</ele>
   </trkpt>
   <trkpt lat="50.834020002221436" lon="5.4549600049799">
    <ele>79.42999999999999</ele>
   </trkpt>
   <trkpt lat="50.83371" lon="5.455690000000001">
    <ele>77.65</ele>
   </trkpt>
   <trkpt lat="50.83353" lon="5.456060000000001">
    <ele>76.47000000000001</ele>
   </trkpt>
   <trkpt lat="50.833220000000004" lon="5.45647">
    <ele>75.83000000000001</ele>
   </trkpt>
   <trkpt lat="50.832460000000005" lon="5.4570300000000005">
    <ele>76.27</ele>
   </trkpt>
   <trkpt lat="50.83198" lon="5.45734">
    <ele>76.63</ele>
   </trkpt>
   <trkpt lat="50.83216500238981" lon="5.458089996971052">
    <ele>78.97000000000001</ele>
   </trkpt>
   <trkpt lat="50.832350000000005" lon="5.45884">
    <ele>83.68</ele>
   </trkpt>
   <trkpt lat="50.832350000000005" lon="5.45891">
    <ele>83.68</ele>
   </trkpt>
   <trkpt lat="50.832350000000005" lon="5.458900000000001">
    <ele>83.63000000000001</ele>
   </trkpt>
   <trkpt lat="50.83236" lon="5.45903">
    <ele>83.63000000000001</ele>
   </trkpt>
   <trkpt lat="50.83227" lon="5.45952">
    <ele>86.8</ele>
   </trkpt>
   <trkpt lat="50.832280000000004" lon="5.459700000000001">
    <ele>87.39</ele>
   </trkpt>
   <trkpt lat="50.83251500357206" lon="5.4606149953714915">
    <ele>89.06000000000002</ele>
   </trkpt>
   <trkpt lat="50.832750000000004" lon="5.461530000000001">
    <ele>90.47000000000001</ele>
   </trkpt>
   <trkpt lat="50.832860000000004" lon="5.46185">
    <ele>92.04</ele>
   </trkpt>
   <trkpt lat="50.83294" lon="5.462020000000001">
    <ele>92.04</ele>
   </trkpt>
   <trkpt lat="50.833090000000006" lon="5.462210000000001">
    <ele>92.24</ele>
   </trkpt>
   <trkpt lat="50.83361000000001" lon="5.4627300000000005">
    <ele>93.36000000000001</ele>
   </trkpt>
   <trkpt lat="50.83404" lon="5.463240000000001">
    <ele>94.26</ele>
   </trkpt>
   <trkpt lat="50.83417000000001" lon="5.4634">
    <ele>94.59</ele>
   </trkpt>
   <trkpt lat="50.83433" lon="5.4636700000000005">
    <ele>94.98</ele>
   </trkpt>
   <trkpt lat="50.834675005172016" lon="5.464769991873584">
    <ele>97.27000000000001</ele>
   </trkpt>
   <trkpt lat="50.83502000000001" lon="5.465870000000001">
    <ele>101.27000000000001</ele>
   </trkpt>
   <trkpt lat="50.835060000000006" lon="5.46605">
    <ele>101.83</ele>
   </trkpt>
   <trkpt lat="50.835060000000006" lon="5.46621">
    <ele>102.78</ele>
   </trkpt>
   <trkpt lat="50.83491" lon="5.46661">
    <ele>104.62</ele>
   </trkpt>
   <trkpt lat="50.83491" lon="5.466620000000001">
    <ele>104.62</ele>
   </trkpt>
   <trkpt lat="50.834610003106654" lon="5.467465005275212">
    <ele>104.85000000000001</ele>
   </trkpt>
   <trkpt lat="50.83431" lon="5.468310000000001">
    <ele>104.08</ele>
   </trkpt>
   <trkpt lat="50.83415" lon="5.468870000000001">
    <ele>103.43</ele>
   </trkpt>
   <trkpt lat="50.83388" lon="5.470070000000001">
    <ele>102.46000000000001</ele>
   </trkpt>
   <trkpt lat="50.833740000000006" lon="5.470560000000001">
    <ele>101.88000000000001</ele>
   </trkpt>
   <trkpt lat="50.833400000000005" lon="5.471550000000001">
    <ele>99.76</ele>
   </trkpt>
   <trkpt lat="50.833070000000006" lon="5.47229">
    <ele>93.91000000000001</ele>
   </trkpt>
   <trkpt lat="50.832480000000004" lon="5.47332">
    <ele>88.71000000000001</ele>
   </trkpt>
   <trkpt lat="50.832300000000004" lon="5.473610000000001">
    <ele>87.85000000000001</ele>
   </trkpt>
   <trkpt lat="50.83263" lon="5.473940000000001">
    <ele>87.47</ele>
   </trkpt>
   <trkpt lat="50.832300000000004" lon="5.474900000000001">
    <ele>82.9</ele>
   </trkpt>
   <trkpt lat="50.83227" lon="5.4750700000000005">
    <ele>82.4</ele>
   </trkpt>
   <trkpt lat="50.832280000000004" lon="5.475420000000001">
    <ele>82.10000000000001</ele>
   </trkpt>
   <trkpt lat="50.83227" lon="5.475490000000001">
    <ele>82.10000000000001</ele>
   </trkpt>
   <trkpt lat="50.832190000000004" lon="5.47562">
    <ele>82.22</ele>
   </trkpt>
   <trkpt lat="50.83166000000001" lon="5.4760800000000005">
    <ele>85.4</ele>
   </trkpt>
   <trkpt lat="50.831175001764144" lon="5.476735006899201">
    <ele>90.94000000000001</ele>
   </trkpt>
   <trkpt lat="50.830690000000004" lon="5.477390000000001">
    <ele>95.46000000000001</ele>
   </trkpt>
   <trkpt lat="50.83109" lon="5.477810000000001">
    <ele>94.1</ele>
   </trkpt>
   <trkpt lat="50.83124" lon="5.478000000000001">
    <ele>93.87</ele>
   </trkpt>
   <trkpt lat="50.831230000000005" lon="5.478000000000001">
    <ele>93.88000000000001</ele>
   </trkpt>
   <trkpt lat="50.83144" lon="5.478300000000001">
    <ele>93.30000000000001</ele>
   </trkpt>
   <trkpt lat="50.831880000000005" lon="5.4790600000000005">
    <ele>90.63</ele>
   </trkpt>
   <trkpt lat="50.83203" lon="5.47928">
    <ele>90.63</ele>
   </trkpt>
   <trkpt lat="50.83243" lon="5.479780000000001">
    <ele>89.00000000000001</ele>
   </trkpt>
   <trkpt lat="50.83308" lon="5.48055">
    <ele>85.22</ele>
   </trkpt>
   <trkpt lat="50.83261" lon="5.4811700000000005">
    <ele>84.10000000000001</ele>
   </trkpt>
   <trkpt lat="50.832390000000004" lon="5.48151">
    <ele>83.7</ele>
   </trkpt>
   <trkpt lat="50.83221" lon="5.48212">
    <ele>84.13000000000001</ele>
   </trkpt>
   <trkpt lat="50.83191000000001" lon="5.48266">
    <ele>84.66000000000001</ele>
   </trkpt>
   <trkpt lat="50.83191000000001" lon="5.482670000000001">
    <ele>84.66000000000001</ele>
   </trkpt>
   <trkpt lat="50.83171" lon="5.48312">
    <ele>85.36</ele>
   </trkpt>
   <trkpt lat="50.831500000000005" lon="5.483490000000001">
    <ele>86.82000000000001</ele>
   </trkpt>
   <trkpt lat="50.831230000000005" lon="5.483840000000001">
    <ele>87.43</ele>
   </trkpt>
   <trkpt lat="50.83075500112139" lon="5.484340005032168">
    <ele>84.37</ele>
   </trkpt>
   <trkpt lat="50.83028" lon="5.48484">
    <ele>81.7</ele>
   </trkpt>
   <trkpt lat="50.8299" lon="5.48528">
    <ele>81.39</ele>
   </trkpt>
   <trkpt lat="50.829890000000006" lon="5.485320000000001">
    <ele>81.39</ele>
   </trkpt>
   <trkpt lat="50.830110000000005" lon="5.486160000000001">
    <ele>80.56</ele>
   </trkpt>
   <trkpt lat="50.83019" lon="5.48669">
    <ele>80.39</ele>
   </trkpt>
   <trkpt lat="50.83021" lon="5.487030000000001">
    <ele>80.4</ele>
   </trkpt>
   <trkpt lat="50.83016000000001" lon="5.487710000000001">
    <ele>80.81</ele>
   </trkpt>
   <trkpt lat="50.830110000000005" lon="5.488110000000001">
    <ele>81.17</ele>
   </trkpt>
   <trkpt lat="50.83001" lon="5.48852">
    <ele>81.52000000000001</ele>
   </trkpt>
   <trkpt lat="50.82987000000001" lon="5.48876">
    <ele>82.0</ele>
   </trkpt>
   <trkpt lat="50.82965" lon="5.48894">
    <ele>82.08</ele>
   </trkpt>
   <trkpt lat="50.829620000000006" lon="5.4889600000000005">
    <ele>82.06</ele>
   </trkpt>
   <trkpt lat="50.829480000000004" lon="5.489070000000001">
    <ele>81.83</ele>
   </trkpt>
   <trkpt lat="50.828825000646845" lon="5.4894300050001466">
    <ele>82.54</ele>
   </trkpt>
   <trkpt lat="50.82817000000001" lon="5.48979">
    <ele>82.66000000000001</ele>
   </trkpt>
   <trkpt lat="50.82775" lon="5.489940000000001">
    <ele>82.89</ele>
   </trkpt>
   <trkpt lat="50.827760000000005" lon="5.489940000000001">
    <ele>82.89</ele>
   </trkpt>
   <trkpt lat="50.82753" lon="5.49002">
    <ele>82.89</ele>
   </trkpt>
   <trkpt lat="50.82683" lon="5.490360000000001">
    <ele>82.96000000000001</ele>
   </trkpt>
   <trkpt lat="50.82696000000001" lon="5.49082">
    <ele>81.64</ele>
   </trkpt>
   <trkpt lat="50.82696000000001" lon="5.490810000000001">
    <ele>81.66000000000001</ele>
   </trkpt>
   <trkpt lat="50.827110000000005" lon="5.491350000000001">
    <ele>80.58000000000001</ele>
   </trkpt>
   <trkpt lat="50.82688" lon="5.491420000000001">
    <ele>79.64</ele>
   </trkpt>
   <trkpt lat="50.826600000000006" lon="5.491580000000001">
    <ele>78.74000000000001</ele>
   </trkpt>
   <trkpt lat="50.826070001239" lon="5.492140006464246">
    <ele>79.06</ele>
   </trkpt>
   <trkpt lat="50.825540000000004" lon="5.4927">
    <ele>80.28999999999999</ele>
   </trkpt>
   <trkpt lat="50.825230000000005" lon="5.492990000000001">
    <ele>81.47</ele>
   </trkpt>
   <trkpt lat="50.825070000000004" lon="5.493130000000001">
    <ele>82.03</ele>
   </trkpt>
   <trkpt lat="50.82544401862798" lon="5.494173966538688">
    <ele>80.64</ele>
   </trkpt>
   <trkpt lat="50.82581802794086" lon="5.495217949804157">
    <ele>79.44000000000001</ele>
   </trkpt>
   <trkpt lat="50.82619202793841" lon="5.496261949796485">
    <ele>78.22000000000001</ele>
   </trkpt>
   <trkpt lat="50.82656601862034" lon="5.497305966515745">
    <ele>77.68</ele>
   </trkpt>
   <trkpt lat="50.82694000000001" lon="5.49835">
    <ele>77.22000000000001</ele>
   </trkpt>
   <trkpt lat="50.827160002001364" lon="5.4990249969856855">
    <ele>76.26</ele>
   </trkpt>
   <trkpt lat="50.827380000000005" lon="5.499700000000001">
    <ele>75.32000000000001</ele>
   </trkpt>
   <trkpt lat="50.827540000000006" lon="5.50021">
    <ele>74.56</ele>
   </trkpt>
   <trkpt lat="50.827600000000004" lon="5.5003400000000005">
    <ele>74.56</ele>
   </trkpt>
   <trkpt lat="50.82770000000001" lon="5.500450000000001">
    <ele>74.23</ele>
   </trkpt>
   <trkpt lat="50.82818" lon="5.50084">
    <ele>73.71000000000001</ele>
   </trkpt>
   <trkpt lat="50.828160000000004" lon="5.50117">
    <ele>73.06</ele>
   </trkpt>
   <trkpt lat="50.828135003018666" lon="5.502010000335731">
    <ele>72.66</ele>
   </trkpt>
   <trkpt lat="50.82811" lon="5.5028500000000005">
    <ele>71.97</ele>
   </trkpt>
   <trkpt lat="50.82806" lon="5.50368">
    <ele>70.47</ele>
   </trkpt>
   <trkpt lat="50.827940000000005" lon="5.504600000000001">
    <ele>70.23</ele>
   </trkpt>
   <trkpt lat="50.82795" lon="5.504770000000001">
    <ele>70.25</ele>
   </trkpt>
   <trkpt lat="50.828010000000006" lon="5.50499">
    <ele>70.19</ele>
   </trkpt>
   <trkpt lat="50.828390000000006" lon="5.50595">
    <ele>67.63000000000001</ele>
   </trkpt>
   <trkpt lat="50.82849" lon="5.506290000000001">
    <ele>67.3</ele>
   </trkpt>
   <trkpt lat="50.82875000000001" lon="5.507650000000001">
    <ele>66.97</ele>
   </trkpt>
   <trkpt lat="50.828810000000004" lon="5.5081500000000005">
    <ele>67.22</ele>
   </trkpt>
   <trkpt lat="50.82883" lon="5.508400000000001">
    <ele>67.22</ele>
   </trkpt>
   <trkpt lat="50.828835003424324" lon="5.509295000132764">
    <ele>69.27000000000001</ele>
   </trkpt>
   <trkpt lat="50.82884000000001" lon="5.510190000000001">
    <ele>71.44</ele>
   </trkpt>
   <trkpt lat="50.82885334211005" lon="5.511203332804897">
    <ele>72.75000000000001</ele>
   </trkpt>
   <trkpt lat="50.828866675444054" lon="5.51221666618885">
    <ele>71.88</ele>
   </trkpt>
   <trkpt lat="50.828880000000005" lon="5.51323">
    <ele>70.27</ele>
   </trkpt>
   <trkpt lat="50.82894" lon="5.5137100000000006">
    <ele>69.76</ele>
   </trkpt>
   <trkpt lat="50.82905" lon="5.51412">
    <ele>69.81000000000002</ele>
   </trkpt>
   <trkpt lat="50.82940000000001" lon="5.51501">
    <ele>71.35000000000001</ele>
   </trkpt>
   <trkpt lat="50.82952" lon="5.51531">
    <ele>71.82000000000001</ele>
   </trkpt>
   <trkpt lat="50.829390000000004" lon="5.51546">
    <ele>71.82000000000001</ele>
   </trkpt>
   <trkpt lat="50.828610000000005" lon="5.51609">
    <ele>72.12</ele>
   </trkpt>
   <trkpt lat="50.82802000060884" lon="5.516525005645065">
    <ele>73.18</ele>
   </trkpt>
   <trkpt lat="50.82743000000001" lon="5.51696">
    <ele>74.62</ele>
   </trkpt>
   <trkpt lat="50.826830000486176" lon="5.517325004741634">
    <ele>76.37</ele>
   </trkpt>
   <trkpt lat="50.82623" lon="5.517690000000001">
    <ele>77.24</ele>
   </trkpt>
   <trkpt lat="50.82621" lon="5.5177000000000005">
    <ele>77.26</ele>
   </trkpt>
   <trkpt lat="50.82554000066698" lon="5.518115005998397">
    <ele>78.95</ele>
   </trkpt>
   <trkpt lat="50.824870000000004" lon="5.51853">
    <ele>78.44000000000001</ele>
   </trkpt>
   <trkpt lat="50.82425500066622" lon="5.518905004899814">
    <ele>74.12</ele>
   </trkpt>
   <trkpt lat="50.823640000000005" lon="5.51928">
    <ele>72.13</ele>
   </trkpt>
   <trkpt lat="50.82354" lon="5.5193200000000004">
    <ele>71.68</ele>
   </trkpt>
   <trkpt lat="50.82336" lon="5.5193200000000004">
    <ele>71.54</ele>
   </trkpt>
   <trkpt lat="50.823260000000005" lon="5.519360000000001">
    <ele>71.45</ele>
   </trkpt>
   <trkpt lat="50.82309000000001" lon="5.5196000000000005">
    <ele>71.24000000000001</ele>
   </trkpt>
   <trkpt lat="50.82327" lon="5.51984">
    <ele>70.99000000000001</ele>
   </trkpt>
   <trkpt lat="50.823530000000005" lon="5.520230000000001">
    <ele>70.98</ele>
   </trkpt>
   <trkpt lat="50.82387000000001" lon="5.5208200000000005">
    <ele>71.03000000000002</ele>
   </trkpt>
   <trkpt lat="50.82428" lon="5.521730000000001">
    <ele>71.66</ele>
   </trkpt>
   <trkpt lat="50.82455000240011" lon="5.5224799956524535">
    <ele>72.29</ele>
   </trkpt>
   <trkpt lat="50.82482" lon="5.523230000000001">
    <ele>72.47</ele>
   </trkpt>
   <trkpt lat="50.82522" lon="5.52414">
    <ele>73.15</ele>
   </trkpt>
   <trkpt lat="50.825500000000005" lon="5.5246900000000005">
    <ele>73.16</ele>
   </trkpt>
   <trkpt lat="50.82549" lon="5.52468">
    <ele>73.16</ele>
   </trkpt>
   <trkpt lat="50.825970009392734" lon="5.525534973665232">
    <ele>73.33</ele>
   </trkpt>
   <trkpt lat="50.82645001253777" lon="5.526389964911594">
    <ele>73.82000000000001</ele>
   </trkpt>
   <trkpt lat="50.8269300094349" lon="5.5272449737395215">
    <ele>74.26</ele>
   </trkpt>
   <trkpt lat="50.82741000000001" lon="5.5281">
    <ele>74.65</ele>
   </trkpt>
   <trkpt lat="50.82775500177262" lon="5.528724995568303">
    <ele>74.89000000000001</ele>
   </trkpt>
   <trkpt lat="50.828100000000006" lon="5.529350000000001">
    <ele>75.05</ele>
   </trkpt>
   <trkpt lat="50.82804" lon="5.52946">
    <ele>75.06</ele>
   </trkpt>
   <trkpt lat="50.82768" lon="5.530640000000001">
    <ele>74.92</ele>
   </trkpt>
   <trkpt lat="50.82768" lon="5.5308600000000006">
    <ele>74.92</ele>
   </trkpt>
   <trkpt lat="50.82770000000001" lon="5.53103">
    <ele>75.00000000000001</ele>
   </trkpt>
   <trkpt lat="50.828010000000006" lon="5.531960000000001">
    <ele>75.07000000000001</ele>
   </trkpt>
   <trkpt lat="50.82804" lon="5.53213">
    <ele>75.17</ele>
   </trkpt>
   <trkpt lat="50.82806" lon="5.532500000000001">
    <ele>75.33000000000001</ele>
   </trkpt>
   <trkpt lat="50.82802" lon="5.53282">
    <ele>75.33000000000001</ele>
   </trkpt>
   <trkpt lat="50.827650000000006" lon="5.5339">
    <ele>76.19000000000001</ele>
   </trkpt>
   <trkpt lat="50.82764" lon="5.534120000000001">
    <ele>76.30000000000001</ele>
   </trkpt>
   <trkpt lat="50.82768" lon="5.53429">
    <ele>76.36000000000001</ele>
   </trkpt>
   <trkpt lat="50.827760000000005" lon="5.534490000000001">
    <ele>76.43</ele>
   </trkpt>
   <trkpt lat="50.82795" lon="5.534840000000001">
    <ele>77.14</ele>
   </trkpt>
   <trkpt lat="50.82849" lon="5.5356000000000005">
    <ele>78.21</ele>
   </trkpt>
   <trkpt lat="50.828570000000006" lon="5.535760000000001">
    <ele>78.21</ele>
   </trkpt>
   <trkpt lat="50.82858" lon="5.53577">
    <ele>78.22000000000001</ele>
   </trkpt>
   <trkpt lat="50.82912" lon="5.5368">
    <ele>79.78999999999999</ele>
   </trkpt>
   <trkpt lat="50.829350000000005" lon="5.536910000000001">
    <ele>80.08000000000001</ele>
   </trkpt>
   <trkpt lat="50.82947000000001" lon="5.537050000000001">
    <ele>80.22</ele>
   </trkpt>
   <trkpt lat="50.829510000000006" lon="5.537170000000001">
    <ele>80.22</ele>
   </trkpt>
   <trkpt lat="50.829550000000005" lon="5.537960000000001">
    <ele>80.38000000000001</ele>
   </trkpt>
   <trkpt lat="50.829420000000006" lon="5.53932">
    <ele>81.04</ele>
   </trkpt>
   <trkpt lat="50.82947000000001" lon="5.539890000000001">
    <ele>81.63000000000001</ele>
   </trkpt>
   <trkpt lat="50.829570000000004" lon="5.54035">
    <ele>81.75</ele>
   </trkpt>
   <trkpt lat="50.829846675826424" lon="5.541386654284323">
    <ele>83.04</ele>
   </trkpt>
   <trkpt lat="50.83012334246814" lon="5.542423320857268">
    <ele>85.63000000000001</ele>
   </trkpt>
   <trkpt lat="50.830400000000004" lon="5.5434600000000005">
    <ele>87.56000000000002</ele>
   </trkpt>
   <trkpt lat="50.830490000000005" lon="5.54394">
    <ele>88.09</ele>
   </trkpt>
   <trkpt lat="50.83057500396235" lon="5.544904998049291">
    <ele>89.89000000000001</ele>
   </trkpt>
   <trkpt lat="50.83066" lon="5.545870000000001">
    <ele>90.74</ele>
   </trkpt>
   <trkpt lat="50.83066" lon="5.54586">
    <ele>90.73</ele>
   </trkpt>
   <trkpt lat="50.83070000000001" lon="5.54628">
    <ele>91.3</ele>
   </trkpt>
   <trkpt lat="50.83088000000001" lon="5.54715">
    <ele>93.59</ele>
   </trkpt>
   <trkpt lat="50.83091" lon="5.54748">
    <ele>95.7</ele>
   </trkpt>
   <trkpt lat="50.830870000000004" lon="5.54771">
    <ele>97.22000000000001</ele>
   </trkpt>
   <trkpt lat="50.830780000000004" lon="5.54792">
    <ele>98.47</ele>
   </trkpt>
   <trkpt lat="50.83016000000001" lon="5.5487">
    <ele>106.42000000000002</ele>
   </trkpt>
   <trkpt lat="50.83041000000001" lon="5.54947">
    <ele>107.31</ele>
   </trkpt>
   <trkpt lat="50.83066" lon="5.550160000000001">
    <ele>107.99</ele>
   </trkpt>
   <trkpt lat="50.831020001975396" lon="5.550829994938981">
    <ele>108.39000000000001</ele>
   </trkpt>
   <trkpt lat="50.83138" lon="5.551500000000001">
    <ele>108.86000000000001</ele>
   </trkpt>
   <trkpt lat="50.83138" lon="5.55149">
    <ele>108.85</ele>
   </trkpt>
   <trkpt lat="50.831450000000004" lon="5.55163">
    <ele>108.85</ele>
   </trkpt>
   <trkpt lat="50.83166000000001" lon="5.5522800000000005">
    <ele>109.53</ele>
   </trkpt>
   <trkpt lat="50.83185" lon="5.552650000000001">
    <ele>109.87</ele>
   </trkpt>
   <trkpt lat="50.832280000000004" lon="5.5532200000000005">
    <ele>110.15</ele>
   </trkpt>
   <trkpt lat="50.832460000000005" lon="5.55337">
    <ele>110.22000000000001</ele>
   </trkpt>
   <trkpt lat="50.83268" lon="5.55365">
    <ele>110.16000000000001</ele>
   </trkpt>
   <trkpt lat="50.83263" lon="5.554390000000001">
    <ele>107.91</ele>
   </trkpt>
   <trkpt lat="50.83254" lon="5.55525">
    <ele>105.66</ele>
   </trkpt>
   <trkpt lat="50.83241500632584" lon="5.556465003082654">
    <ele>101.03</ele>
   </trkpt>
   <trkpt lat="50.83229000000001" lon="5.55768">
    <ele>99.10000000000001</ele>
   </trkpt>
   <trkpt lat="50.83221" lon="5.5579600000000005">
    <ele>98.57000000000001</ele>
   </trkpt>
   <trkpt lat="50.83207" lon="5.55834">
    <ele>97.91000000000001</ele>
   </trkpt>
   <trkpt lat="50.832010000000004" lon="5.558540000000001">
    <ele>97.63000000000001</ele>
   </trkpt>
   <trkpt lat="50.83198" lon="5.55879">
    <ele>97.47</ele>
   </trkpt>
   <trkpt lat="50.831970000000005" lon="5.558960000000001">
    <ele>97.41000000000001</ele>
   </trkpt>
   <trkpt lat="50.832" lon="5.559150000000001">
    <ele>97.42</ele>
   </trkpt>
   <trkpt lat="50.83229000000001" lon="5.560350000000001">
    <ele>98.38000000000001</ele>
   </trkpt>
   <trkpt lat="50.83256000602903" lon="5.561534993270191">
    <ele>97.69000000000001</ele>
   </trkpt>
   <trkpt lat="50.83283" lon="5.5627200000000006">
    <ele>96.88000000000001</ele>
   </trkpt>
   <trkpt lat="50.83288" lon="5.56294">
    <ele>96.85000000000001</ele>
   </trkpt>
   <trkpt lat="50.832950000000004" lon="5.563070000000001">
    <ele>96.88000000000001</ele>
   </trkpt>
   <trkpt lat="50.83287000000001" lon="5.563210000000001">
    <ele>96.82000000000001</ele>
   </trkpt>
   <trkpt lat="50.83296000000001" lon="5.56339">
    <ele>96.62</ele>
   </trkpt>
   <trkpt lat="50.833070000000006" lon="5.563750000000001">
    <ele>96.47000000000001</ele>
   </trkpt>
   <trkpt lat="50.83324" lon="5.564940000000001">
    <ele>96.11</ele>
   </trkpt>
   <trkpt lat="50.83334000000001" lon="5.565180000000001">
    <ele>95.97000000000001</ele>
   </trkpt>
   <trkpt lat="50.83386" lon="5.566260000000001">
    <ele>95.60000000000001</ele>
   </trkpt>
   <trkpt lat="50.833920000000006" lon="5.566490000000001">
    <ele>95.53</ele>
   </trkpt>
   <trkpt lat="50.83395" lon="5.56669">
    <ele>95.53</ele>
   </trkpt>
   <trkpt lat="50.83399000000001" lon="5.56803">
    <ele>95.84</ele>
   </trkpt>
   <trkpt lat="50.83402001385631" lon="5.569303331675294">
    <ele>95.89</ele>
   </trkpt>
   <trkpt lat="50.83405001385583" lon="5.570576664987897">
    <ele>96.32000000000001</ele>
   </trkpt>
   <trkpt lat="50.83408000000001" lon="5.57185">
    <ele>96.95</ele>
   </trkpt>
   <trkpt lat="50.83411" lon="5.57225">
    <ele>97.32000000000001</ele>
   </trkpt>
   <trkpt lat="50.83423000597576" lon="5.5734299972201065">
    <ele>98.08000000000001</ele>
   </trkpt>
   <trkpt lat="50.83435000000001" lon="5.574610000000001">
    <ele>98.86</ele>
   </trkpt>
   <trkpt lat="50.83449" lon="5.575760000000001">
    <ele>98.44000000000001</ele>
   </trkpt>
   <trkpt lat="50.834750007864706" lon="5.57711499255119">
    <ele>96.80000000000001</ele>
   </trkpt>
   <trkpt lat="50.835010000000004" lon="5.57847">
    <ele>95.25</ele>
   </trkpt>
   <trkpt lat="50.83513000000001" lon="5.5792600000000006">
    <ele>94.07</ele>
   </trkpt>
   <trkpt lat="50.835190000000004" lon="5.5802700000000005">
    <ele>92.95</ele>
   </trkpt>
   <trkpt lat="50.83522000000001" lon="5.5816300000000005">
    <ele>91.24</ele>
   </trkpt>
   <trkpt lat="50.83522000000001" lon="5.581650000000001">
    <ele>91.24</ele>
   </trkpt>
   <trkpt lat="50.835240000000006" lon="5.58229">
    <ele>91.27</ele>
   </trkpt>
   <trkpt lat="50.83527" lon="5.582470000000001">
    <ele>91.22000000000001</ele>
   </trkpt>
   <trkpt lat="50.835615022084035" lon="5.583782470895997">
    <ele>90.77</ele>
   </trkpt>
   <trkpt lat="50.83596002944631" lon="5.58509496119739">
    <ele>90.12</ele>
   </trkpt>
   <trkpt lat="50.83630502208643" lon="5.586407470903876">
    <ele>90.04</ele>
   </trkpt>
   <trkpt lat="50.836650000000006" lon="5.58772">
    <ele>88.96000000000001</ele>
   </trkpt>
   <trkpt lat="50.83679000000001" lon="5.58828">
    <ele>88.28000000000002</ele>
   </trkpt>
   <trkpt lat="50.83659" lon="5.588360000000001">
    <ele>87.97</ele>
   </trkpt>
   <trkpt lat="50.83626" lon="5.58854">
    <ele>87.24000000000001</ele>
   </trkpt>
   <trkpt lat="50.83588" lon="5.588710000000001">
    <ele>86.15</ele>
   </trkpt>
   <trkpt lat="50.83576000000001" lon="5.588780000000001">
    <ele>84.91000000000001</ele>
   </trkpt>
   <trkpt lat="50.83565" lon="5.588870000000001">
    <ele>84.91000000000001</ele>
   </trkpt>
   <trkpt lat="50.83552" lon="5.58901">
    <ele>84.42</ele>
   </trkpt>
   <trkpt lat="50.83545" lon="5.58922">
    <ele>84.14</ele>
   </trkpt>
   <trkpt lat="50.83536" lon="5.589250000000001">
    <ele>84.14</ele>
   </trkpt>
   <trkpt lat="50.83520000000001" lon="5.5893500000000005">
    <ele>83.35000000000001</ele>
   </trkpt>
   <trkpt lat="50.83512" lon="5.58945">
    <ele>82.78</ele>
   </trkpt>
   <trkpt lat="50.834630000000004" lon="5.59032">
    <ele>81.31</ele>
   </trkpt>
   <trkpt lat="50.834160000000004" lon="5.590920000000001">
    <ele>80.71000000000001</ele>
   </trkpt>
   <trkpt lat="50.83402" lon="5.59102">
    <ele>80.5</ele>
   </trkpt>
   <trkpt lat="50.83391" lon="5.591030000000001">
    <ele>80.5</ele>
   </trkpt>
   <trkpt lat="50.83382" lon="5.591">
    <ele>80.42</ele>
   </trkpt>
   <trkpt lat="50.83368" lon="5.59107">
    <ele>80.24000000000001</ele>
   </trkpt>
   <trkpt lat="50.832980000000006" lon="5.591710000000001">
    <ele>79.91000000000001</ele>
   </trkpt>
   <trkpt lat="50.83288" lon="5.59198">
    <ele>79.96000000000001</ele>
   </trkpt>
   <trkpt lat="50.832530000000006" lon="5.593140000000001">
    <ele>81.80000000000001</ele>
   </trkpt>
   <trkpt lat="50.83240000000001" lon="5.59341">
    <ele>82.62</ele>
   </trkpt>
   <trkpt lat="50.83213000000001" lon="5.593850000000001">
    <ele>84.71000000000001</ele>
   </trkpt>
   <trkpt lat="50.83174" lon="5.594530000000001">
    <ele>85.70000000000002</ele>
   </trkpt>
   <trkpt lat="50.83165" lon="5.594720000000001">
    <ele>85.94</ele>
   </trkpt>
   <trkpt lat="50.831250000000004" lon="5.59581">
    <ele>85.81000000000002</ele>
   </trkpt>
   <trkpt lat="50.831070000000004" lon="5.59623">
    <ele>85.24000000000001</ele>
   </trkpt>
   <trkpt lat="50.8308" lon="5.59668">
    <ele>85.12</ele>
   </trkpt>
   <trkpt lat="50.83064" lon="5.596850000000001">
    <ele>84.99000000000001</ele>
   </trkpt>
   <trkpt lat="50.830420000000004" lon="5.59707">
    <ele>84.99000000000001</ele>
   </trkpt>
   <trkpt lat="50.829833334841254" lon="5.597496677426142">
    <ele>84.55</ele>
   </trkpt>
   <trkpt lat="50.82924666812661" lon="5.597923344127525">
    <ele>83.60000000000001</ele>
   </trkpt>
   <trkpt lat="50.828660000000006" lon="5.598350000000001">
    <ele>82.79</ele>
   </trkpt>
   <trkpt lat="50.82829" lon="5.598700000000001">
    <ele>82.73</ele>
   </trkpt>
   <trkpt lat="50.828160000000004" lon="5.5989">
    <ele>82.93</ele>
   </trkpt>
   <trkpt lat="50.827960000000004" lon="5.599240000000001">
    <ele>83.51</ele>
   </trkpt>
   <trkpt lat="50.827740000000006" lon="5.599850000000001">
    <ele>84.65</ele>
   </trkpt>
   <trkpt lat="50.82764" lon="5.600350000000001">
    <ele>85.71000000000001</ele>
   </trkpt>
   <trkpt lat="50.82761000000001" lon="5.60062">
    <ele>86.0</ele>
   </trkpt>
   <trkpt lat="50.827600000000004" lon="5.60083">
    <ele>86.72</ele>
   </trkpt>
   <trkpt lat="50.827650000000006" lon="5.60158">
    <ele>89.12</ele>
   </trkpt>
   <trkpt lat="50.82786002144227" lon="5.602699979849326">
    <ele>92.01</ele>
   </trkpt>
   <trkpt lat="50.82807003216384" lon="5.603819969775777">
    <ele>92.93</ele>
   </trkpt>
   <trkpt lat="50.82828003216456" lon="5.6049399697790045">
    <ele>92.55000000000001</ele>
   </trkpt>
   <trkpt lat="50.828490021444246" lon="5.606059979858661">
    <ele>92.24</ele>
   </trkpt>
   <trkpt lat="50.828700000000005" lon="5.6071800000000005">
    <ele>92.54</ele>
   </trkpt>
   <trkpt lat="50.828810000000004" lon="5.607830000000001">
    <ele>92.79</ele>
   </trkpt>
   <trkpt lat="50.82882000000001" lon="5.608510000000001">
    <ele>92.9</ele>
   </trkpt>
   <trkpt lat="50.82879500479796" lon="5.609570000718024">
    <ele>91.57000000000001</ele>
   </trkpt>
   <trkpt lat="50.828770000000006" lon="5.6106300000000005">
    <ele>89.3</ele>
   </trkpt>
   <trkpt lat="50.828720000000004" lon="5.611090000000001">
    <ele>89.41</ele>
   </trkpt>
   <trkpt lat="50.828480000000006" lon="5.6123">
    <ele>91.81</ele>
   </trkpt>
   <trkpt lat="50.82842" lon="5.612780000000001">
    <ele>92.88</ele>
   </trkpt>
   <trkpt lat="50.828430000000004" lon="5.61298">
    <ele>92.88</ele>
   </trkpt>
   <trkpt lat="50.828520000000005" lon="5.6134200000000005">
    <ele>93.26</ele>
   </trkpt>
   <trkpt lat="50.828920000000004" lon="5.614680000000001">
    <ele>92.76</ele>
   </trkpt>
   <trkpt lat="50.82909" lon="5.6155800000000005">
    <ele>91.98</ele>
   </trkpt>
   <trkpt lat="50.82918" lon="5.616370000000001">
    <ele>90.71000000000001</ele>
   </trkpt>
   <trkpt lat="50.829240000000006" lon="5.61746">
    <ele>89.73</ele>
   </trkpt>
   <trkpt lat="50.82920000000001" lon="5.61795">
    <ele>89.38</ele>
   </trkpt>
   <trkpt lat="50.82910000328159" lon="5.618825001788313">
    <ele>89.07000000000001</ele>
   </trkpt>
   <trkpt lat="50.829" lon="5.619700000000001">
    <ele>88.71000000000001</ele>
   </trkpt>
   <trkpt lat="50.82887668156541" lon="5.621020006899252">
    <ele>88.15</ele>
   </trkpt>
   <trkpt lat="50.8287533482391" lon="5.622340006823942">
    <ele>87.43</ele>
   </trkpt>
   <trkpt lat="50.828630000000004" lon="5.62366">
    <ele>86.65</ele>
   </trkpt>
   <trkpt lat="50.82853" lon="5.62488">
    <ele>86.14</ele>
   </trkpt>
   <trkpt lat="50.828480000000006" lon="5.625540000000001">
    <ele>85.97</ele>
   </trkpt>
   <trkpt lat="50.82827" lon="5.6255500000000005">
    <ele>85.93</ele>
   </trkpt>
   <trkpt lat="50.827920000000006" lon="5.625590000000001">
    <ele>85.58</ele>
   </trkpt>
   <trkpt lat="50.82784" lon="5.625680000000001">
    <ele>85.58</ele>
   </trkpt>
   <trkpt lat="50.82706999993638" lon="5.625690000165771">
    <ele>85.4</ele>
   </trkpt>
   <trkpt lat="50.8263" lon="5.6257">
    <ele>86.02000000000001</ele>
   </trkpt>
   <trkpt lat="50.82556000007984" lon="5.625720000314895">
    <ele>86.31000000000002</ele>
   </trkpt>
   <trkpt lat="50.82482" lon="5.62574">
    <ele>86.65</ele>
   </trkpt>
   <trkpt lat="50.82466" lon="5.62575">
    <ele>86.76</ele>
   </trkpt>
   <trkpt lat="50.824510000000004" lon="5.625730000000001">
    <ele>86.78</ele>
   </trkpt>
   <trkpt lat="50.82434000000001" lon="5.62577">
    <ele>86.98</ele>
   </trkpt>
   <trkpt lat="50.82419" lon="5.62588">
    <ele>87.02000000000001</ele>
   </trkpt>
   <trkpt lat="50.82466705418523" lon="5.6270668908450165">
    <ele>86.3</ele>
   </trkpt>
   <trkpt lat="50.825144096330106" lon="5.62825380594496">
    <ele>85.64</ele>
   </trkpt>
   <trkpt lat="50.82562112643419" lon="5.629440745300125">
    <ele>85.21000000000001</ele>
   </trkpt>
   <trkpt lat="50.82609814449704" lon="5.630627708910809">
    <ele>84.49000000000001</ele>
   </trkpt>
   <trkpt lat="50.82657515051821" lon="5.631814696777306">
    <ele>84.17</ele>
   </trkpt>
   <trkpt lat="50.82705214449722" lon="5.633001708899915">
    <ele>83.96000000000001</ele>
   </trkpt>
   <trkpt lat="50.82752912643365" lon="5.634188745278927">
    <ele>83.72</ele>
   </trkpt>
   <trkpt lat="50.82800609632704" lon="5.635375805914642">
    <ele>83.69</ele>
   </trkpt>
   <trkpt lat="50.828483054176914" lon="5.636562890807353">
    <ele>83.66000000000001</ele>
   </trkpt>
   <trkpt lat="50.82896" lon="5.6377500000000005">
    <ele>83.63000000000001</ele>
   </trkpt>
   <trkpt lat="50.82896" lon="5.637740000000001">
    <ele>83.63000000000001</ele>
   </trkpt>
   <trkpt lat="50.82943334509516" lon="5.638913309527645">
    <ele>83.99000000000001</ele>
   </trkpt>
   <trkpt lat="50.829906678424365" lon="5.640086642850293">
    <ele>84.23000000000002</ele>
   </trkpt>
   <trkpt lat="50.830380000000005" lon="5.641260000000001">
    <ele>84.41000000000001</ele>
   </trkpt>
   <trkpt lat="50.83044" lon="5.64125">
    <ele>84.29</ele>
   </trkpt>
   <trkpt lat="50.83119000235836" lon="5.6407233502666605">
    <ele>79.87</ele>
   </trkpt>
   <trkpt lat="50.8319400023462" lon="5.640196683608882">
    <ele>79.24000000000001</ele>
   </trkpt>
   <trkpt lat="50.83269000000001" lon="5.639670000000001">
    <ele>80.06</ele>
   </trkpt>
   <trkpt lat="50.833423335085236" lon="5.639220014127729">
    <ele>80.52000000000001</ele>
   </trkpt>
   <trkpt lat="50.834156668439896" lon="5.638770014114929">
    <ele>80.67</ele>
   </trkpt>
   <trkpt lat="50.83489" lon="5.63832">
    <ele>81.16000000000001</ele>
   </trkpt>
   <trkpt lat="50.83555000054247" lon="5.637975004861221">
    <ele>82.86</ele>
   </trkpt>
   <trkpt lat="50.83621" lon="5.637630000000001">
    <ele>83.67</ele>
   </trkpt>
   <trkpt lat="50.83693500046788" lon="5.637325004708663">
    <ele>85.01</ele>
   </trkpt>
   <trkpt lat="50.83766000000001" lon="5.637020000000001">
    <ele>86.33</ele>
   </trkpt>
   <trkpt lat="50.83810500006619" lon="5.636835001797415">
    <ele>87.56000000000002</ele>
   </trkpt>
   <trkpt lat="50.838550000000005" lon="5.63665">
    <ele>88.55</ele>
   </trkpt>
   <trkpt lat="50.83834" lon="5.636170000000001">
    <ele>88.02</ele>
   </trkpt>
   <trkpt lat="50.837920000000004" lon="5.63513">
    <ele>87.68</ele>
   </trkpt>
   <trkpt lat="50.83757000000001" lon="5.6341600000000005">
    <ele>87.55</ele>
   </trkpt>
   <trkpt lat="50.837540000000004" lon="5.633990000000001">
    <ele>87.42000000000002</ele>
   </trkpt>
   <trkpt lat="50.83809" lon="5.63344">
    <ele>88.81000000000002</ele>
   </trkpt>
   <trkpt lat="50.838420000000006" lon="5.632960000000001">
    <ele>88.98</ele>
   </trkpt>
   <trkpt lat="50.83875000114919" lon="5.632440003687128">
    <ele>88.76</ele>
   </trkpt>
   <trkpt lat="50.83908" lon="5.63192">
    <ele>87.81000000000002</ele>
   </trkpt>
   <trkpt lat="50.83926" lon="5.63166">
    <ele>87.19</ele>
   </trkpt>
   <trkpt lat="50.839400000000005" lon="5.63152">
    <ele>86.41</ele>
   </trkpt>
   <trkpt lat="50.839650000000006" lon="5.6313200000000005">
    <ele>85.82000000000001</ele>
   </trkpt>
   <trkpt lat="50.83981000000001" lon="5.631170000000001">
    <ele>85.82000000000001</ele>
   </trkpt>
   <trkpt lat="50.84026" lon="5.63067">
    <ele>84.94</ele>
   </trkpt>
   <trkpt lat="50.84069500096151" lon="5.630185004569996">
    <ele>84.63000000000001</ele>
   </trkpt>
   <trkpt lat="50.84113000000001" lon="5.629700000000001">
    <ele>84.8</ele>
   </trkpt>
   <trkpt lat="50.841530000000006" lon="5.629090000000001">
    <ele>85.16000000000001</ele>
   </trkpt>
   <trkpt lat="50.841620000000006" lon="5.6288800000000005">
    <ele>85.37</ele>
   </trkpt>
   <trkpt lat="50.84174" lon="5.62858">
    <ele>85.47</ele>
   </trkpt>
   <trkpt lat="50.84197500258878" lon="5.627800003964526">
    <ele>85.65</ele>
   </trkpt>
   <trkpt lat="50.84221" lon="5.627020000000001">
    <ele>85.73</ele>
   </trkpt>
   <trkpt lat="50.84237" lon="5.6263700000000005">
    <ele>86.0</ele>
   </trkpt>
   <trkpt lat="50.84243000000001" lon="5.62603">
    <ele>85.98</ele>
   </trkpt>
   <trkpt lat="50.842490000000005" lon="5.625400000000001">
    <ele>86.39</ele>
   </trkpt>
   <trkpt lat="50.8433233333394" lon="5.625383334821753">
    <ele>84.28</ele>
   </trkpt>
   <trkpt lat="50.844156666676426" lon="5.625366669048188">
    <ele>81.98</ele>
   </trkpt>
   <trkpt lat="50.844990000011066" lon="5.6253500026792675">
    <ele>80.0</ele>
   </trkpt>
   <trkpt lat="50.845823333343354" lon="5.625333335714954">
    <ele>77.61000000000001</ele>
   </trkpt>
   <trkpt lat="50.84665666667325" lon="5.625316668155205">
    <ele>75.77</ele>
   </trkpt>
   <trkpt lat="50.84749000000001" lon="5.6253">
    <ele>75.2</ele>
   </trkpt>
   <trkpt lat="50.84741500443953" lon="5.624279998280716">
    <ele>74.94000000000001</ele>
   </trkpt>
   <trkpt lat="50.84734" lon="5.62326">
    <ele>74.54</ele>
   </trkpt>
   <trkpt lat="50.84733000000001" lon="5.62324">
    <ele>74.54</ele>
   </trkpt>
   <trkpt lat="50.847246675912636" lon="5.622199996323731">
    <ele>74.09</ele>
   </trkpt>
   <trkpt lat="50.84716334258244" lon="5.621159996362821">
    <ele>73.9</ele>
   </trkpt>
   <trkpt lat="50.847080000000005" lon="5.620120000000001">
    <ele>74.17</ele>
   </trkpt>
   <trkpt lat="50.84704000000001" lon="5.619440000000001">
    <ele>74.29</ele>
   </trkpt>
   <trkpt lat="50.847060000000006" lon="5.61904">
    <ele>74.64000000000001</ele>
   </trkpt>
   <trkpt lat="50.84717402228876" lon="5.617898011169297">
    <ele>75.31</ele>
   </trkpt>
   <trkpt lat="50.84728803343296" lon="5.616756016756432">
    <ele>76.41000000000001</ele>
   </trkpt>
   <trkpt lat="50.847402033432445" lon="5.615614016761904">
    <ele>77.31</ele>
   </trkpt>
   <trkpt lat="50.84751602228719" lon="5.614472011186204">
    <ele>77.99000000000001</ele>
   </trkpt>
   <trkpt lat="50.84763" lon="5.61333">
    <ele>79.53</ele>
   </trkpt>
   <trkpt lat="50.847640000000006" lon="5.613110000000001">
    <ele>79.78999999999999</ele>
   </trkpt>
   <trkpt lat="50.847620000000006" lon="5.61289">
    <ele>79.9</ele>
   </trkpt>
   <trkpt lat="50.847460000000005" lon="5.6121300000000005">
    <ele>80.10000000000001</ele>
   </trkpt>
   <trkpt lat="50.84745" lon="5.612120000000001">
    <ele>80.10000000000001</ele>
   </trkpt>
   <trkpt lat="50.847210000000004" lon="5.610970000000001">
    <ele>80.45</ele>
   </trkpt>
   <trkpt lat="50.84711" lon="5.6106300000000005">
    <ele>80.58000000000001</ele>
   </trkpt>
   <trkpt lat="50.84704000000001" lon="5.6104">
    <ele>80.58000000000001</ele>
   </trkpt>
   <trkpt lat="50.84666500391551" lon="5.609439992226212">
    <ele>81.32000000000001</ele>
   </trkpt>
   <trkpt lat="50.84629" lon="5.60848">
    <ele>81.27000000000001</ele>
   </trkpt>
   <trkpt lat="50.8462" lon="5.60831">
    <ele>81.19000000000001</ele>
   </trkpt>
   <trkpt lat="50.846230000000006" lon="5.6081">
    <ele>81.60000000000001</ele>
   </trkpt>
   <trkpt lat="50.84642" lon="5.60782">
    <ele>81.95</ele>
   </trkpt>
   <trkpt lat="50.847010008374646" lon="5.607120035411924">
    <ele>84.33</ele>
   </trkpt>
   <trkpt lat="50.84760001256228" lon="5.606420053118415">
    <ele>85.4</ele>
   </trkpt>
   <trkpt lat="50.848190012562775" lon="5.605720053118777">
    <ele>86.91</ele>
   </trkpt>
   <trkpt lat="50.84878000837587" lon="5.605020035412315">
    <ele>87.86</ele>
   </trkpt>
   <trkpt lat="50.84937000000001" lon="5.60432">
    <ele>88.08</ele>
   </trkpt>
   <trkpt lat="50.85005" lon="5.6035">
    <ele>87.05</ele>
   </trkpt>
   <trkpt lat="50.85029" lon="5.60327">
    <ele>86.05</ele>
   </trkpt>
   <trkpt lat="50.850550000000005" lon="5.603070000000001">
    <ele>85.82000000000001</ele>
   </trkpt>
   <trkpt lat="50.850930000000005" lon="5.60285">
    <ele>85.12</ele>
   </trkpt>
   <trkpt lat="50.851755000756405" lon="5.602435007329964">
    <ele>84.27000000000001</ele>
   </trkpt>
   <trkpt lat="50.85258" lon="5.60202">
    <ele>83.67</ele>
   </trkpt>
   <trkpt lat="50.853353334623456" lon="5.601633346149534">
    <ele>83.21000000000001</ele>
   </trkpt>
   <trkpt lat="50.85412666796936" lon="5.601246679476847">
    <ele>83.30000000000001</ele>
   </trkpt>
   <trkpt lat="50.8549" lon="5.600860000000001">
    <ele>83.26</ele>
   </trkpt>
   <trkpt lat="50.85450251634884" lon="5.599729971055866">
    <ele>83.32000000000001</ele>
   </trkpt>
   <trkpt lat="50.85410502178612" lon="5.598599961373468">
    <ele>83.84</ele>
   </trkpt>
   <trkpt lat="50.853707516312184" lon="5.597469970952736">
    <ele>84.63000000000001</ele>
   </trkpt>
   <trkpt lat="50.85331000000001" lon="5.5963400000000005">
    <ele>85.45000000000002</ele>
   </trkpt>
   <trkpt lat="50.85307667376166" lon="5.5954299909680945">
    <ele>86.21000000000001</ele>
   </trkpt>
   <trkpt lat="50.852843340447016" lon="5.594519991041106">
    <ele>86.73</ele>
   </trkpt>
   <trkpt lat="50.852610000000006" lon="5.593610000000001">
    <ele>87.58</ele>
   </trkpt>
   <trkpt lat="50.85239000000001" lon="5.59304">
    <ele>87.79</ele>
   </trkpt>
   <trkpt lat="50.85226" lon="5.5928">
    <ele>87.79</ele>
   </trkpt>
   <trkpt lat="50.85191500099365" lon="5.592309996329915">
    <ele>88.92000000000002</ele>
   </trkpt>
   <trkpt lat="50.85157" lon="5.59182">
    <ele>89.4</ele>
   </trkpt>
   <trkpt lat="50.85101750793888" lon="5.591032472001793">
    <ele>90.29</ele>
   </trkpt>
   <trkpt lat="50.85046501057811" lon="5.590244962659624">
    <ele>92.14000000000001</ele>
   </trkpt>
   <trkpt lat="50.84991250791792" lon="5.589457471972863">
    <ele>93.01</ele>
   </trkpt>
   <trkpt lat="50.849360000000004" lon="5.5886700000000005">
    <ele>93.62</ele>
   </trkpt>
   <trkpt lat="50.84873" lon="5.58772">
    <ele>94.97000000000001</ele>
   </trkpt>
   <trkpt lat="50.848125003863544" lon="5.586769987690957">
    <ele>95.9</ele>
   </trkpt>
   <trkpt lat="50.84752" lon="5.585820000000001">
    <ele>97.27000000000001</ele>
   </trkpt>
   <trkpt lat="50.847480000000004" lon="5.5857">
    <ele>97.27000000000001</ele>
   </trkpt>
   <trkpt lat="50.84730500622379" lon="5.584494995614942">
    <ele>97.05000000000001</ele>
   </trkpt>
   <trkpt lat="50.84713000000001" lon="5.583290000000001">
    <ele>97.67</ele>
   </trkpt>
   <trkpt lat="50.84713000000001" lon="5.58328">
    <ele>97.68</ele>
   </trkpt>
   <trkpt lat="50.84690000801296" lon="5.581909993206404">
    <ele>99.43</ele>
   </trkpt>
   <trkpt lat="50.84667" lon="5.58054">
    <ele>103.10000000000001</ele>
   </trkpt>
   <trkpt lat="50.84639000000001" lon="5.580570000000001">
    <ele>102.53</ele>
   </trkpt>
   <trkpt lat="50.84639500493793" lon="5.579495000069481">
    <ele>102.81000000000002</ele>
   </trkpt>
   <trkpt lat="50.8464" lon="5.57842">
    <ele>104.18</ele>
   </trkpt>
   <trkpt lat="50.84633" lon="5.577590000000001">
    <ele>104.65</ele>
   </trkpt>
   <trkpt lat="50.846220002645104" lon="5.576804998235449">
    <ele>105.4</ele>
   </trkpt>
   <trkpt lat="50.84611" lon="5.576020000000001">
    <ele>106.98</ele>
   </trkpt>
   <trkpt lat="50.84608" lon="5.575500000000001">
    <ele>107.3</ele>
   </trkpt>
   <trkpt lat="50.84608" lon="5.575080000000001">
    <ele>106.91</ele>
   </trkpt>
   <trkpt lat="50.846180000000004" lon="5.57502">
    <ele>106.91</ele>
   </trkpt>
   <trkpt lat="50.84686000000001" lon="5.575100000000001">
    <ele>111.7</ele>
   </trkpt>
   <trkpt lat="50.847300000000004" lon="5.57502">
    <ele>113.86</ele>
   </trkpt>
   <trkpt lat="50.847530000000006" lon="5.5749200000000005">
    <ele>114.49000000000001</ele>
   </trkpt>
   <trkpt lat="50.84765" lon="5.57474">
    <ele>114.72</ele>
   </trkpt>
   <trkpt lat="50.847750000000005" lon="5.57432">
    <ele>115.09</ele>
   </trkpt>
   <trkpt lat="50.84785000318325" lon="5.573455001972956">
    <ele>115.61</ele>
   </trkpt>
   <trkpt lat="50.847950000000004" lon="5.572590000000001">
    <ele>116.49000000000001</ele>
   </trkpt>
   <trkpt lat="50.847950000000004" lon="5.57258">
    <ele>116.49000000000001</ele>
   </trkpt>
   <trkpt lat="50.84808" lon="5.571440000000001">
    <ele>117.68</ele>
   </trkpt>
   <trkpt lat="50.84823" lon="5.570620000000001">
    <ele>118.45000000000002</ele>
   </trkpt>
   <trkpt lat="50.848420000000004" lon="5.57003">
    <ele>118.97</ele>
   </trkpt>
   <trkpt lat="50.848755002863975" lon="5.569200006157525">
    <ele>120.62</ele>
   </trkpt>
   <trkpt lat="50.849090000000004" lon="5.568370000000001">
    <ele>120.69</ele>
   </trkpt>
   <trkpt lat="50.849407512879075" lon="5.56736752048011">
    <ele>117.39</ele>
   </trkpt>
   <trkpt lat="50.84972501717023" lon="5.5663650273131475">
    <ele>113.53</ele>
   </trkpt>
   <trkpt lat="50.85004251287326" lon="5.565362520499145">
    <ele>110.07000000000001</ele>
   </trkpt>
   <trkpt lat="50.85036" lon="5.564360000000001">
    <ele>108.05000000000001</ele>
   </trkpt>
   <trkpt lat="50.85063" lon="5.5638700000000005">
    <ele>106.26</ele>
   </trkpt>
   <trkpt lat="50.85105500101709" lon="5.56339500426864">
    <ele>104.36</ele>
   </trkpt>
   <trkpt lat="50.85148" lon="5.56292">
    <ele>103.36</ele>
   </trkpt>
   <trkpt lat="50.851690000000005" lon="5.562670000000001">
    <ele>102.81000000000002</ele>
   </trkpt>
   <trkpt lat="50.851940000000006" lon="5.56226">
    <ele>101.94</ele>
   </trkpt>
   <trkpt lat="50.8522" lon="5.56177">
    <ele>100.52000000000001</ele>
   </trkpt>
   <trkpt lat="50.852540000000005" lon="5.5610800000000005">
    <ele>98.94000000000001</ele>
   </trkpt>
   <trkpt lat="50.853026672726884" lon="5.560236684295632">
    <ele>97.32000000000001</ele>
   </trkpt>
   <trkpt lat="50.85351333937647" lon="5.559393350992161">
    <ele>96.91000000000001</ele>
   </trkpt>
   <trkpt lat="50.854000000000006" lon="5.55855">
    <ele>98.72</ele>
   </trkpt>
   <trkpt lat="50.85438667237739" lon="5.557733346850143">
    <ele>100.13000000000001</ele>
   </trkpt>
   <trkpt lat="50.854773339055804" lon="5.556916680158879">
    <ele>100.16000000000001</ele>
   </trkpt>
   <trkpt lat="50.855160000000005" lon="5.556100000000001">
    <ele>99.07000000000001</ele>
   </trkpt>
   <trkpt lat="50.85549000107686" lon="5.555615003326224">
    <ele>99.27000000000001</ele>
   </trkpt>
   <trkpt lat="50.85582" lon="5.55513">
    <ele>99.56</ele>
   </trkpt>
   <trkpt lat="50.85587" lon="5.55499">
    <ele>99.56</ele>
   </trkpt>
   <trkpt lat="50.856" lon="5.554320000000001">
    <ele>99.7</ele>
   </trkpt>
   <trkpt lat="50.856370000000005" lon="5.553350000000001">
    <ele>99.55000000000001</ele>
   </trkpt>
   <trkpt lat="50.856390000000005" lon="5.5532">
    <ele>99.55000000000001</ele>
   </trkpt>
   <trkpt lat="50.85622000000001" lon="5.5531500000000005">
    <ele>99.41000000000001</ele>
   </trkpt>
   <trkpt lat="50.85559000000001" lon="5.55278">
    <ele>100.15</ele>
   </trkpt>
   <trkpt lat="50.85535" lon="5.552510000000001">
    <ele>100.33</ele>
   </trkpt>
   <trkpt lat="50.85484500271307" lon="5.551719991518717">
    <ele>101.32000000000001</ele>
   </trkpt>
   <trkpt lat="50.85434000000001" lon="5.55093">
    <ele>102.5</ele>
   </trkpt>
   <trkpt lat="50.854330000000004" lon="5.55091">
    <ele>102.53</ele>
   </trkpt>
   <trkpt lat="50.85409000000001" lon="5.55053">
    <ele>103.32000000000001</ele>
   </trkpt>
   <trkpt lat="50.853860000000005" lon="5.549980000000001">
    <ele>103.83</ele>
   </trkpt>
   <trkpt lat="50.85378000000001" lon="5.54964">
    <ele>103.60000000000001</ele>
   </trkpt>
   <trkpt lat="50.85371000000001" lon="5.5490900000000005">
    <ele>102.71000000000001</ele>
   </trkpt>
   <trkpt lat="50.853760002171" lon="5.548380000516832">
    <ele>100.03</ele>
   </trkpt>
   <trkpt lat="50.85381" lon="5.54767">
    <ele>98.47</ele>
   </trkpt>
   <trkpt lat="50.853930000000005" lon="5.54708">
    <ele>97.15</ele>
   </trkpt>
   <trkpt lat="50.854110002810565" lon="5.546270003093069">
    <ele>94.54</ele>
   </trkpt>
   <trkpt lat="50.854290000000006" lon="5.54546">
    <ele>89.67000000000002</ele>
   </trkpt>
   <trkpt lat="50.85434500406161" lon="5.544485001149294">
    <ele>83.81</ele>
   </trkpt>
   <trkpt lat="50.854400000000005" lon="5.54351">
    <ele>81.65</ele>
   </trkpt>
   <trkpt lat="50.85417667897985" lon="5.542309988551857">
    <ele>83.14</ele>
   </trkpt>
   <trkpt lat="50.85395334565468" lon="5.541109988595942">
    <ele>84.22</ele>
   </trkpt>
   <trkpt lat="50.853730000000006" lon="5.539910000000001">
    <ele>85.49000000000001</ele>
   </trkpt>
   <trkpt lat="50.853730000000006" lon="5.5399">
    <ele>85.47</ele>
   </trkpt>
   <trkpt lat="50.85365" lon="5.539250000000001">
    <ele>82.51</ele>
   </trkpt>
   <trkpt lat="50.85363" lon="5.538620000000001">
    <ele>78.38000000000001</ele>
   </trkpt>
   <trkpt lat="50.85354" lon="5.53777">
    <ele>74.32000000000001</ele>
   </trkpt>
   <trkpt lat="50.853480000000005" lon="5.53692">
    <ele>73.18</ele>
   </trkpt>
   <trkpt lat="50.85349" lon="5.536740000000001">
    <ele>73.18</ele>
   </trkpt>
   <trkpt lat="50.853460000000005" lon="5.53652">
    <ele>73.15</ele>
   </trkpt>
   <trkpt lat="50.853260000000006" lon="5.5360000000000005">
    <ele>74.04</ele>
   </trkpt>
   <trkpt lat="50.8530400018649" lon="5.5353299966780725">
    <ele>76.58000000000001</ele>
   </trkpt>
   <trkpt lat="50.85282" lon="5.534660000000001">
    <ele>78.13000000000001</ele>
   </trkpt>
   <trkpt lat="50.85258" lon="5.53481">
    <ele>78.46</ele>
   </trkpt>
   <trkpt lat="50.85239000000001" lon="5.53415">
    <ele>78.97000000000001</ele>
   </trkpt>
   <trkpt lat="50.852380000000004" lon="5.534140000000001">
    <ele>78.97000000000001</ele>
   </trkpt>
   <trkpt lat="50.85218500187795" lon="5.533464996940044">
    <ele>79.59</ele>
   </trkpt>
   <trkpt lat="50.85199" lon="5.53279">
    <ele>80.0</ele>
   </trkpt>
   <trkpt lat="50.85166" lon="5.53164">
    <ele>80.85000000000001</ele>
   </trkpt>
   <trkpt lat="50.85143000000001" lon="5.53099">
    <ele>81.52000000000001</ele>
   </trkpt>
   <trkpt lat="50.85126" lon="5.53115">
    <ele>81.76</ele>
   </trkpt>
   <trkpt lat="50.85092500109133" lon="5.530644996375671">
    <ele>82.99000000000001</ele>
   </trkpt>
   <trkpt lat="50.850590000000004" lon="5.53014">
    <ele>83.98000000000002</ele>
   </trkpt>
   <trkpt lat="50.849990000000005" lon="5.5291500000000005">
    <ele>86.57000000000001</ele>
   </trkpt>
   <trkpt lat="50.85" lon="5.5291500000000005">
    <ele>86.56000000000002</ele>
   </trkpt>
   <trkpt lat="50.84956500262553" lon="5.5283549924494295">
    <ele>88.55</ele>
   </trkpt>
   <trkpt lat="50.84913" lon="5.52756">
    <ele>89.50000000000001</ele>
   </trkpt>
   <trkpt lat="50.849676674977715" lon="5.526573356473778">
    <ele>89.09</ele>
   </trkpt>
   <trkpt lat="50.850223341636635" lon="5.525586689821535">
    <ele>88.56000000000002</ele>
   </trkpt>
   <trkpt lat="50.850770000000004" lon="5.5246">
    <ele>88.57000000000001</ele>
   </trkpt>
   <trkpt lat="50.85089000000001" lon="5.524240000000001">
    <ele>88.74000000000001</ele>
   </trkpt>
   <trkpt lat="50.850950003718424" lon="5.523305001464676">
    <ele>90.25000000000001</ele>
   </trkpt>
   <trkpt lat="50.85101" lon="5.5223700000000004">
    <ele>91.2</ele>
   </trkpt>
   <trkpt lat="50.85052" lon="5.522200000000001">
    <ele>91.38</ele>
   </trkpt>
   <trkpt lat="50.84976" lon="5.52174">
    <ele>91.49</ele>
   </trkpt>
   <trkpt lat="50.849285000359835" lon="5.52143499687008">
    <ele>91.14000000000001</ele>
   </trkpt>
   <trkpt lat="50.84881000000001" lon="5.52113">
    <ele>90.23</ele>
   </trkpt>
   <trkpt lat="50.84841" lon="5.52083">
    <ele>88.95</ele>
   </trkpt>
   <trkpt lat="50.84823" lon="5.520720000000001">
    <ele>88.18</ele>
   </trkpt>
   <trkpt lat="50.84769000000001" lon="5.520490000000001">
    <ele>88.85000000000001</ele>
   </trkpt>
   <trkpt lat="50.84702000000001" lon="5.5203500000000005">
    <ele>91.74</ele>
   </trkpt>
   <trkpt lat="50.846610000000005" lon="5.52017">
    <ele>93.15</ele>
   </trkpt>
   <trkpt lat="50.84639000000001" lon="5.520110000000001">
    <ele>93.96</ele>
   </trkpt>
   <trkpt lat="50.84611" lon="5.520090000000001">
    <ele>94.67</ele>
   </trkpt>
   <trkpt lat="50.845870000000005" lon="5.520130000000001">
    <ele>94.85000000000001</ele>
   </trkpt>
   <trkpt lat="50.845580000000005" lon="5.52027">
    <ele>95.16000000000001</ele>
   </trkpt>
   <trkpt lat="50.84521" lon="5.52041">
    <ele>95.26</ele>
   </trkpt>
   <trkpt lat="50.84489000000001" lon="5.52048">
    <ele>95.17</ele>
   </trkpt>
   <trkpt lat="50.84427" lon="5.520580000000001">
    <ele>94.01</ele>
   </trkpt>
   <trkpt lat="50.84377500005277" lon="5.520574999947484">
    <ele>90.7</ele>
   </trkpt>
   <trkpt lat="50.84328000000001" lon="5.52057">
    <ele>85.94</ele>
   </trkpt>
   <trkpt lat="50.84302" lon="5.5205400000000004">
    <ele>84.28</ele>
   </trkpt>
   <trkpt lat="50.842740000000006" lon="5.52045">
    <ele>82.54</ele>
   </trkpt>
   <trkpt lat="50.842530000000004" lon="5.52036">
    <ele>81.96000000000001</ele>
   </trkpt>
   <trkpt lat="50.842240000000004" lon="5.520180000000001">
    <ele>81.73</ele>
   </trkpt>
   <trkpt lat="50.84194" lon="5.51994">
    <ele>82.01</ele>
   </trkpt>
   <trkpt lat="50.842277052369546" lon="5.518773075867483">
    <ele>80.58000000000001</ele>
   </trkpt>
   <trkpt lat="50.84261409310198" lon="5.517606134876009">
    <ele>79.76</ele>
   </trkpt>
   <trkpt lat="50.84295112219701" lon="5.516439177025709">
    <ele>78.21</ele>
   </trkpt>
   <trkpt lat="50.84328813965432" lon="5.515272202316723">
    <ele>77.08000000000001</ele>
   </trkpt>
   <trkpt lat="50.843625145473624" lon="5.514105210749187">
    <ele>75.75000000000001</ele>
   </trkpt>
   <trkpt lat="50.84396213965459" lon="5.512938202323234">
    <ele>75.12</ele>
   </trkpt>
   <trkpt lat="50.84429912219693" lon="5.5117711770390025">
    <ele>75.11000000000001</ele>
   </trkpt>
   <trkpt lat="50.84463609310033" lon="5.51060413489663">
    <ele>75.27</ele>
   </trkpt>
   <trkpt lat="50.84497305236446" lon="5.509437075896249">
    <ele>74.62</ele>
   </trkpt>
   <trkpt lat="50.845310000000005" lon="5.50827">
    <ele>74.23</ele>
   </trkpt>
   <trkpt lat="50.84565202379826" lon="5.507090034598477">
    <ele>73.24</ele>
   </trkpt>
   <trkpt lat="50.845994035698155" lon="5.505910051896056">
    <ele>71.29</ele>
   </trkpt>
   <trkpt lat="50.846336035699366" lon="5.50473005189288">
    <ele>67.74000000000001</ele>
   </trkpt>
   <trkpt lat="50.846678023801545" lon="5.503550034589079">
    <ele>64.2</ele>
   </trkpt>
   <trkpt lat="50.84702000000001" lon="5.502370000000001">
    <ele>60.63</ele>
   </trkpt>
   <trkpt lat="50.846940000000004" lon="5.5022">
    <ele>59.870000000000005</ele>
   </trkpt>
   <trkpt lat="50.84677000000001" lon="5.50142">
    <ele>59.36</ele>
   </trkpt>
   <trkpt lat="50.846610000000005" lon="5.50105">
    <ele>59.9</ele>
   </trkpt>
   <trkpt lat="50.84662" lon="5.50105">
    <ele>59.9</ele>
   </trkpt>
   <trkpt lat="50.846410000000006" lon="5.500640000000001">
    <ele>60.67</ele>
   </trkpt>
   <trkpt lat="50.84635" lon="5.50046">
    <ele>60.84</ele>
   </trkpt>
   <trkpt lat="50.84605000383532" lon="5.499509993824944">
    <ele>59.49000000000001</ele>
   </trkpt>
   <trkpt lat="50.84575" lon="5.49856">
    <ele>58.88</ele>
   </trkpt>
   <trkpt lat="50.845560000000006" lon="5.49776">
    <ele>59.57</ele>
   </trkpt>
   <trkpt lat="50.84552000000001" lon="5.497420000000001">
    <ele>60.07000000000001</ele>
   </trkpt>
   <trkpt lat="50.8455" lon="5.496950000000001">
    <ele>61.470000000000006</ele>
   </trkpt>
   <trkpt lat="50.845490000000005" lon="5.49591">
    <ele>62.53</ele>
   </trkpt>
   <trkpt lat="50.845490000000005" lon="5.4958800000000005">
    <ele>62.56</ele>
   </trkpt>
   <trkpt lat="50.84548" lon="5.49551">
    <ele>63.58000000000001</ele>
   </trkpt>
   <trkpt lat="50.84545000000001" lon="5.495310000000001">
    <ele>63.58000000000001</ele>
   </trkpt>
   <trkpt lat="50.845330000000004" lon="5.494730000000001">
    <ele>64.07000000000001</ele>
   </trkpt>
   <trkpt lat="50.84548" lon="5.49476">
    <ele>64.22</ele>
   </trkpt>
   <trkpt lat="50.84519" lon="5.494070000000001">
    <ele>64.84</ele>
   </trkpt>
   <trkpt lat="50.845420000000004" lon="5.493200000000001">
    <ele>65.67</ele>
   </trkpt>
   <trkpt lat="50.84564334124214" lon="5.492236675982892">
    <ele>66.41000000000001</ele>
   </trkpt>
   <trkpt lat="50.845866674553946" lon="5.491273342742556">
    <ele>67.88000000000001</ele>
   </trkpt>
   <trkpt lat="50.846090000000004" lon="5.49031">
    <ele>68.78</ele>
   </trkpt>
   <trkpt lat="50.84637000000001" lon="5.48932">
    <ele>70.06000000000002</ele>
   </trkpt>
   <trkpt lat="50.84678" lon="5.48808">
    <ele>74.03000000000002</ele>
   </trkpt>
   <trkpt lat="50.846650000000004" lon="5.4879500000000005">
    <ele>74.21000000000001</ele>
   </trkpt>
   <trkpt lat="50.846830000000004" lon="5.48739">
    <ele>74.21000000000001</ele>
   </trkpt>
   <trkpt lat="50.846920000000004" lon="5.48719">
    <ele>74.38</ele>
   </trkpt>
   <trkpt lat="50.847260000000006" lon="5.48611">
    <ele>76.83000000000001</ele>
   </trkpt>
   <trkpt lat="50.84733000000001" lon="5.4858400000000005">
    <ele>77.89</ele>
   </trkpt>
   <trkpt lat="50.84742000000001" lon="5.4853700000000005">
    <ele>79.09</ele>
   </trkpt>
   <trkpt lat="50.84745" lon="5.4850900000000005">
    <ele>80.49000000000001</ele>
   </trkpt>
   <trkpt lat="50.84747" lon="5.484540000000001">
    <ele>82.05000000000001</ele>
   </trkpt>
   <trkpt lat="50.847440000000006" lon="5.4840800000000005">
    <ele>83.12</ele>
   </trkpt>
   <trkpt lat="50.8473150035074" lon="5.483169997336886">
    <ele>86.20000000000002</ele>
   </trkpt>
   <trkpt lat="50.847190000000005" lon="5.48226">
    <ele>88.45</ele>
   </trkpt>
   <trkpt lat="50.84692000426113" lon="5.4812599941693065">
    <ele>91.37</ele>
   </trkpt>
   <trkpt lat="50.846650000000004" lon="5.48026">
    <ele>95.34</ele>
   </trkpt>
   <trkpt lat="50.84633" lon="5.479450000000001">
    <ele>96.98</ele>
   </trkpt>
   <trkpt lat="50.84631" lon="5.479310000000001">
    <ele>97.24000000000001</ele>
   </trkpt>
   <trkpt lat="50.846320000000006" lon="5.479">
    <ele>97.69000000000001</ele>
   </trkpt>
   <trkpt lat="50.84637000000001" lon="5.47885">
    <ele>97.69000000000001</ele>
   </trkpt>
   <trkpt lat="50.846450000000004" lon="5.47869">
    <ele>98.02000000000001</ele>
   </trkpt>
   <trkpt lat="50.846540000000005" lon="5.478470000000001">
    <ele>98.28</ele>
   </trkpt>
   <trkpt lat="50.846630000000005" lon="5.47855">
    <ele>98.24000000000001</ele>
   </trkpt>
   <trkpt lat="50.84701500290923" lon="5.4777200069236915">
    <ele>98.71000000000001</ele>
   </trkpt>
   <trkpt lat="50.84740000000001" lon="5.47689">
    <ele>99.5</ele>
   </trkpt>
   <trkpt lat="50.84745" lon="5.4768300000000005">
    <ele>99.5</ele>
   </trkpt>
   <trkpt lat="50.848240000000004" lon="5.476260000000001">
    <ele>100.52000000000001</ele>
   </trkpt>
   <trkpt lat="50.84855" lon="5.475980000000001">
    <ele>100.7</ele>
   </trkpt>
   <trkpt lat="50.849000000000004" lon="5.47564">
    <ele>100.62000000000002</ele>
   </trkpt>
   <trkpt lat="50.84919000000001" lon="5.47553">
    <ele>100.44</ele>
   </trkpt>
   <trkpt lat="50.850030000000004" lon="5.475140000000001">
    <ele>98.56</ele>
   </trkpt>
   <trkpt lat="50.850590000000004" lon="5.4749300000000005">
    <ele>97.38000000000001</ele>
   </trkpt>
   <trkpt lat="50.85092" lon="5.4746500000000005">
    <ele>97.07000000000001</ele>
   </trkpt>
   <trkpt lat="50.851150000000004" lon="5.47445">
    <ele>96.46000000000001</ele>
   </trkpt>
   <trkpt lat="50.85139" lon="5.474340000000001">
    <ele>95.63000000000001</ele>
   </trkpt>
   <trkpt lat="50.85181000000001" lon="5.474270000000001">
    <ele>94.49000000000001</ele>
   </trkpt>
   <trkpt lat="50.85199" lon="5.47428">
    <ele>93.9</ele>
   </trkpt>
   <trkpt lat="50.852180000000004" lon="5.474340000000001">
    <ele>93.71</ele>
   </trkpt>
   <trkpt lat="50.852360000000004" lon="5.47442">
    <ele>93.08000000000001</ele>
   </trkpt>
   <trkpt lat="50.85293" lon="5.47484">
    <ele>89.35000000000001</ele>
   </trkpt>
   <trkpt lat="50.853390000000005" lon="5.475020000000001">
    <ele>87.34</ele>
   </trkpt>
   <trkpt lat="50.853370000000005" lon="5.475020000000001">
    <ele>87.41</ele>
   </trkpt>
   <trkpt lat="50.85372" lon="5.47517">
    <ele>86.61</ele>
   </trkpt>
   <trkpt lat="50.853770000000004" lon="5.4752600000000005">
    <ele>86.61</ele>
   </trkpt>
   <trkpt lat="50.85387000000001" lon="5.47557">
    <ele>87.08</ele>
   </trkpt>
   <trkpt lat="50.853910000000006" lon="5.47564">
    <ele>87.21000000000001</ele>
   </trkpt>
   <trkpt lat="50.85392" lon="5.475720000000001">
    <ele>87.37</ele>
   </trkpt>
   <trkpt lat="50.854020000000006" lon="5.476030000000001">
    <ele>88.01</ele>
   </trkpt>
   <trkpt lat="50.854020000000006" lon="5.47604">
    <ele>88.03000000000002</ele>
   </trkpt>
   <trkpt lat="50.85408" lon="5.4762900000000005">
    <ele>88.86000000000001</ele>
   </trkpt>
   <trkpt lat="50.854130000000005" lon="5.475820000000001">
    <ele>88.08</ele>
   </trkpt>
   <trkpt lat="50.85421" lon="5.47578">
    <ele>88.08</ele>
   </trkpt>
   <trkpt lat="50.85425000000001" lon="5.47566">
    <ele>87.74000000000001</ele>
   </trkpt>
   <trkpt lat="50.85423" lon="5.4755400000000005">
    <ele>87.74000000000001</ele>
   </trkpt>
   <trkpt lat="50.854200000000006" lon="5.475490000000001">
    <ele>87.29</ele>
   </trkpt>
   <trkpt lat="50.85416000000001" lon="5.4754700000000005">
    <ele>87.29</ele>
   </trkpt>
   <trkpt lat="50.85422500250071" lon="5.474705001062558">
    <ele>85.07000000000001</ele>
   </trkpt>
   <trkpt lat="50.854290000000006" lon="5.473940000000001">
    <ele>83.31</ele>
   </trkpt>
   <trkpt lat="50.8543" lon="5.47353">
    <ele>82.0</ele>
   </trkpt>
   <trkpt lat="50.854240000000004" lon="5.472950000000001">
    <ele>81.38000000000001</ele>
   </trkpt>
   <trkpt lat="50.85409000000001" lon="5.47233">
    <ele>80.36</ele>
   </trkpt>
   <trkpt lat="50.85392" lon="5.47191">
    <ele>79.56</ele>
   </trkpt>
   <trkpt lat="50.85378000000001" lon="5.4716700000000005">
    <ele>79.33000000000001</ele>
   </trkpt>
   <trkpt lat="50.85318500263478" lon="5.470889990095813">
    <ele>78.08000000000001</ele>
   </trkpt>
   <trkpt lat="50.852590000000006" lon="5.47011">
    <ele>76.35</ele>
   </trkpt>
   <trkpt lat="50.85201000000001" lon="5.469200000000001">
    <ele>73.15</ele>
   </trkpt>
   <trkpt lat="50.85157" lon="5.468400000000001">
    <ele>70.60000000000001</ele>
   </trkpt>
   <trkpt lat="50.85123000232549" lon="5.467659994575047">
    <ele>68.32000000000001</ele>
   </trkpt>
   <trkpt lat="50.85089000000001" lon="5.466920000000001">
    <ele>68.16000000000001</ele>
   </trkpt>
   <trkpt lat="50.850840000000005" lon="5.46699">
    <ele>68.17</ele>
   </trkpt>
   <trkpt lat="50.85033000000001" lon="5.466010000000001">
    <ele>70.53</ele>
   </trkpt>
   <trkpt lat="50.85024000000001" lon="5.46588">
    <ele>70.84</ele>
   </trkpt>
   <trkpt lat="50.85024000000001" lon="5.465870000000001">
    <ele>70.88000000000001</ele>
   </trkpt>
   <trkpt lat="50.850010000000005" lon="5.4655000000000005">
    <ele>71.86</ele>
   </trkpt>
   <trkpt lat="50.850060000000006" lon="5.465400000000001">
    <ele>71.86</ele>
   </trkpt>
   <trkpt lat="50.849990000000005" lon="5.465280000000001">
    <ele>71.83</ele>
   </trkpt>
   <trkpt lat="50.85042500304044" lon="5.464440007784037">
    <ele>69.06</ele>
   </trkpt>
   <trkpt lat="50.850860000000004" lon="5.4636000000000005">
    <ele>66.21000000000001</ele>
   </trkpt>
   <trkpt lat="50.85101" lon="5.46314">
    <ele>65.79</ele>
   </trkpt>
   <trkpt lat="50.8511" lon="5.46267">
    <ele>63.73000000000001</ele>
   </trkpt>
   <trkpt lat="50.851185002460866" lon="5.4619200008592905">
    <ele>62.980000000000004</ele>
   </trkpt>
   <trkpt lat="50.85127000000001" lon="5.46117">
    <ele>62.410000000000004</ele>
   </trkpt>
   <trkpt lat="50.8513" lon="5.46039">
    <ele>62.00000000000001</ele>
   </trkpt>
   <trkpt lat="50.8513" lon="5.45959">
    <ele>60.47</ele>
   </trkpt>
   <trkpt lat="50.85132" lon="5.459420000000001">
    <ele>60.2</ele>
   </trkpt>
   <trkpt lat="50.85143000000001" lon="5.459160000000001">
    <ele>60.03000000000001</ele>
   </trkpt>
   <trkpt lat="50.851490000000005" lon="5.4591">
    <ele>59.63</ele>
   </trkpt>
   <trkpt lat="50.851560000000006" lon="5.45905">
    <ele>59.63</ele>
   </trkpt>
   <trkpt lat="50.85155" lon="5.45906">
    <ele>59.65</ele>
   </trkpt>
   <trkpt lat="50.85195" lon="5.45889">
    <ele>59.120000000000005</ele>
   </trkpt>
   <trkpt lat="50.85210000000001" lon="5.4588600000000005">
    <ele>59.06</ele>
   </trkpt>
   <trkpt lat="50.85215" lon="5.458880000000001">
    <ele>59.06</ele>
   </trkpt>
   <trkpt lat="50.852230000000006" lon="5.45894">
    <ele>59.06</ele>
   </trkpt>
   <trkpt lat="50.85271" lon="5.459460000000001">
    <ele>58.72</ele>
   </trkpt>
   <trkpt lat="50.85286000000001" lon="5.45955">
    <ele>58.690000000000005</ele>
   </trkpt>
   <trkpt lat="50.852970000000006" lon="5.459580000000001">
    <ele>58.74000000000001</ele>
   </trkpt>
   <trkpt lat="50.8532" lon="5.459580000000001">
    <ele>59.04</ele>
   </trkpt>
   <trkpt lat="50.8539" lon="5.45929">
    <ele>59.86</ele>
   </trkpt>
   <trkpt lat="50.85401" lon="5.45929">
    <ele>59.86</ele>
   </trkpt>
   <trkpt lat="50.85421" lon="5.4593300000000005">
    <ele>60.04</ele>
   </trkpt>
   <trkpt lat="50.85488000031851" lon="5.4595599967275765">
    <ele>60.65</ele>
   </trkpt>
   <trkpt lat="50.85555" lon="5.459790000000001">
    <ele>61.31</ele>
   </trkpt>
   <trkpt lat="50.856205000147746" lon="5.459944997833696">
    <ele>61.51</ele>
   </trkpt>
   <trkpt lat="50.856860000000005" lon="5.460100000000001">
    <ele>61.07000000000001</ele>
   </trkpt>
   <trkpt lat="50.85709000000001" lon="5.460070000000001">
    <ele>60.71000000000001</ele>
   </trkpt>
   <trkpt lat="50.8571" lon="5.460070000000001">
    <ele>60.71000000000001</ele>
   </trkpt>
   <trkpt lat="50.857890000000005" lon="5.459840000000001">
    <ele>59.53000000000001</ele>
   </trkpt>
   <trkpt lat="50.85813" lon="5.459790000000001">
    <ele>59.150000000000006</ele>
   </trkpt>
   <trkpt lat="50.858230000000006" lon="5.45978">
    <ele>59.07</ele>
   </trkpt>
   <trkpt lat="50.858073347182106" lon="5.458506658065034">
    <ele>59.99</ele>
   </trkpt>
   <trkpt lat="50.857916680509724" lon="5.4572333246854745">
    <ele>60.0</ele>
   </trkpt>
   <trkpt lat="50.857760000000006" lon="5.45596">
    <ele>59.60000000000001</ele>
   </trkpt>
   <trkpt lat="50.857760000000006" lon="5.455220000000001">
    <ele>59.480000000000004</ele>
   </trkpt>
   <trkpt lat="50.85782000942577" lon="5.454170002612935">
    <ele>58.760000000000005</ele>
   </trkpt>
   <trkpt lat="50.857880009430886" lon="5.453120002523717">
    <ele>58.370000000000005</ele>
   </trkpt>
   <trkpt lat="50.857940000000006" lon="5.452070000000001">
    <ele>57.89</ele>
   </trkpt>
   <trkpt lat="50.858000000000004" lon="5.4516100000000005">
    <ele>57.75</ele>
   </trkpt>
   <trkpt lat="50.85814000236612" lon="5.450875001901818">
    <ele>57.440000000000005</ele>
   </trkpt>
   <trkpt lat="50.85828000000001" lon="5.45014">
    <ele>57.330000000000005</ele>
   </trkpt>
   <trkpt lat="50.85831" lon="5.4496400000000005">
    <ele>57.20000000000001</ele>
   </trkpt>
   <trkpt lat="50.858270000000005" lon="5.449400000000001">
    <ele>57.220000000000006</ele>
   </trkpt>
   <trkpt lat="50.85821000000001" lon="5.4491700000000005">
    <ele>57.220000000000006</ele>
   </trkpt>
   <trkpt lat="50.85793" lon="5.44822">
    <ele>57.410000000000004</ele>
   </trkpt>
   <trkpt lat="50.857510000000005" lon="5.4472000000000005">
    <ele>58.02</ele>
   </trkpt>
   <trkpt lat="50.857350000000004" lon="5.446750000000001">
    <ele>58.1</ele>
   </trkpt>
   <trkpt lat="50.857260000000004" lon="5.44638">
    <ele>58.54</ele>
   </trkpt>
   <trkpt lat="50.85714" lon="5.4455100000000005">
    <ele>59.45</ele>
   </trkpt>
   <trkpt lat="50.85769500010387" lon="5.445345001967429">
    <ele>58.45</ele>
   </trkpt>
   <trkpt lat="50.858250000000005" lon="5.445180000000001">
    <ele>58.510000000000005</ele>
   </trkpt>
   <trkpt lat="50.858430000000006" lon="5.445150000000001">
    <ele>58.550000000000004</ele>
   </trkpt>
   <trkpt lat="50.85904000000713" lon="5.445183332461107">
    <ele>58.650000000000006</ele>
   </trkpt>
   <trkpt lat="50.859650000004734" lon="5.445216665794297">
    <ele>59.09</ele>
   </trkpt>
   <trkpt lat="50.860260000000004" lon="5.445250000000001">
    <ele>59.480000000000004</ele>
   </trkpt>
   <trkpt lat="50.86012500489356" lon="5.44417999691914">
    <ele>59.96000000000001</ele>
   </trkpt>
   <trkpt lat="50.85999" lon="5.443110000000001">
    <ele>61.46000000000001</ele>
   </trkpt>
   <trkpt lat="50.859830005189075" lon="5.442009996359671">
    <ele>62.34</ele>
   </trkpt>
   <trkpt lat="50.85967" lon="5.440910000000001">
    <ele>62.97000000000001</ele>
   </trkpt>
   <trkpt lat="50.85980000000001" lon="5.440880000000001">
    <ele>62.78</ele>
   </trkpt>
   <trkpt lat="50.860220000000005" lon="5.44097">
    <ele>62.46000000000001</ele>
   </trkpt>
   <trkpt lat="50.86046" lon="5.44092">
    <ele>62.34</ele>
   </trkpt>
   <trkpt lat="50.86055" lon="5.440860000000001">
    <ele>62.07000000000001</ele>
   </trkpt>
   <trkpt lat="50.86063000000001" lon="5.44078">
    <ele>62.07000000000001</ele>
   </trkpt>
   <trkpt lat="50.86107000426276" lon="5.440073346677032">
    <ele>61.15</ele>
   </trkpt>
   <trkpt lat="50.86151000425856" lon="5.439366680017274">
    <ele>60.67</ele>
   </trkpt>
   <trkpt lat="50.86195000000001" lon="5.4386600000000005">
    <ele>60.13</ele>
   </trkpt>
   <trkpt lat="50.86215000000001" lon="5.43839">
    <ele>60.230000000000004</ele>
   </trkpt>
   <trkpt lat="50.862350000000006" lon="5.438160000000001">
    <ele>60.440000000000005</ele>
   </trkpt>
   <trkpt lat="50.86271000000001" lon="5.437830000000001">
    <ele>60.58</ele>
   </trkpt>
   <trkpt lat="50.863340000597475" lon="5.4374250055389135">
    <ele>60.47</ele>
   </trkpt>
   <trkpt lat="50.86397" lon="5.43702">
    <ele>59.56</ele>
   </trkpt>
   <trkpt lat="50.864340000000006" lon="5.43674">
    <ele>58.92000000000001</ele>
   </trkpt>
   <trkpt lat="50.864520000000006" lon="5.43656">
    <ele>57.68</ele>
   </trkpt>
   <trkpt lat="50.86473" lon="5.436310000000001">
    <ele>57.68</ele>
   </trkpt>
   <trkpt lat="50.865140000000004" lon="5.43569">
    <ele>56.440000000000005</ele>
   </trkpt>
   <trkpt lat="50.865390000000005" lon="5.435230000000001">
    <ele>55.760000000000005</ele>
   </trkpt>
   <trkpt lat="50.86553000000001" lon="5.434920000000001">
    <ele>55.620000000000005</ele>
   </trkpt>
   <trkpt lat="50.865700000000004" lon="5.43445">
    <ele>54.42</ele>
   </trkpt>
   <trkpt lat="50.8659920217496" lon="5.43332202823616">
    <ele>53.4</ele>
   </trkpt>
   <trkpt lat="50.86628403262792" lon="5.432194042341402">
    <ele>51.47</ele>
   </trkpt>
   <trkpt lat="50.866576032634704" lon="5.431066042315931">
    <ele>50.38</ele>
   </trkpt>
   <trkpt lat="50.86686802176971" lon="5.429938028159946">
    <ele>49.330000000000005</ele>
   </trkpt>
   <trkpt lat="50.867160000000005" lon="5.42881">
    <ele>48.07</ele>
   </trkpt>
   <trkpt lat="50.867160000000005" lon="5.42879">
    <ele>48.050000000000004</ele>
   </trkpt>
   <trkpt lat="50.86722" lon="5.42856">
    <ele>47.790000000000006</ele>
   </trkpt>
   <trkpt lat="50.867520000000006" lon="5.4278200000000005">
    <ele>46.760000000000005</ele>
   </trkpt>
   <trkpt lat="50.867850000000004" lon="5.4272">
    <ele>45.230000000000004</ele>
   </trkpt>
   <trkpt lat="50.86806000000001" lon="5.426740000000001">
    <ele>44.86000000000001</ele>
   </trkpt>
   <trkpt lat="50.86813" lon="5.42647">
    <ele>44.46000000000001</ele>
   </trkpt>
   <trkpt lat="50.8682" lon="5.425630000000001">
    <ele>44.480000000000004</ele>
   </trkpt>
   <trkpt lat="50.86806000000001" lon="5.42551">
    <ele>44.34</ele>
   </trkpt>
   <trkpt lat="50.867810000000006" lon="5.425400000000001">
    <ele>44.07000000000001</ele>
   </trkpt>
   <trkpt lat="50.866982501034045" lon="5.425119985099409">
    <ele>44.1</ele>
   </trkpt>
   <trkpt lat="50.866155001398155" lon="5.4248399801395575">
    <ele>44.28000000000001</ele>
   </trkpt>
   <trkpt lat="50.865327501092395" lon="5.4245599851198065">
    <ele>44.33</ele>
   </trkpt>
   <trkpt lat="50.86450000000001" lon="5.42428">
    <ele>44.59</ele>
   </trkpt>
   <trkpt lat="50.86419" lon="5.42414">
    <ele>44.480000000000004</ele>
   </trkpt>
   <trkpt lat="50.864110000000004" lon="5.42408">
    <ele>44.4</ele>
   </trkpt>
   <trkpt lat="50.86394000000001" lon="5.423900000000001">
    <ele>44.27</ele>
   </trkpt>
   <trkpt lat="50.863960000000006" lon="5.42379">
    <ele>44.27</ele>
   </trkpt>
   <trkpt lat="50.86434500250803" lon="5.423035006091997">
    <ele>43.58</ele>
   </trkpt>
   <trkpt lat="50.86473" lon="5.422280000000001">
    <ele>42.82</ele>
   </trkpt>
   <trkpt lat="50.86519500342041" lon="5.421390008807263">
    <ele>42.34</ele>
   </trkpt>
   <trkpt lat="50.865660000000005" lon="5.4205000000000005">
    <ele>42.28</ele>
   </trkpt>
   <trkpt lat="50.86580000000001" lon="5.420310000000001">
    <ele>42.14</ele>
   </trkpt>
   <trkpt lat="50.86594" lon="5.4202">
    <ele>42.14</ele>
   </trkpt>
   <trkpt lat="50.86603" lon="5.420170000000001">
    <ele>42.14</ele>
   </trkpt>
   <trkpt lat="50.866130000000005" lon="5.420170000000001">
    <ele>42.14</ele>
   </trkpt>
   <trkpt lat="50.866220000000006" lon="5.4202">
    <ele>42.14</ele>
   </trkpt>
   <trkpt lat="50.86695" lon="5.420730000000001">
    <ele>42.010000000000005</ele>
   </trkpt>
   <trkpt lat="50.867050000000006" lon="5.42077">
    <ele>42.010000000000005</ele>
   </trkpt>
   <trkpt lat="50.867180000000005" lon="5.420780000000001">
    <ele>41.870000000000005</ele>
   </trkpt>
   <trkpt lat="50.86728" lon="5.420750000000001">
    <ele>41.870000000000005</ele>
   </trkpt>
   <trkpt lat="50.8674" lon="5.4206900000000005">
    <ele>41.870000000000005</ele>
   </trkpt>
   <trkpt lat="50.86759000000001" lon="5.420520000000001">
    <ele>41.870000000000005</ele>
   </trkpt>
   <trkpt lat="50.86807500223709" lon="5.419785007754337">
    <ele>41.660000000000004</ele>
   </trkpt>
   <trkpt lat="50.86856" lon="5.41905">
    <ele>41.550000000000004</ele>
   </trkpt>
   <trkpt lat="50.868905001212326" lon="5.41851500397581">
    <ele>41.34</ele>
   </trkpt>
   <trkpt lat="50.86925" lon="5.41798">
    <ele>41.02</ele>
   </trkpt>
   <trkpt lat="50.86934" lon="5.41781">
    <ele>41.02</ele>
   </trkpt>
   <trkpt lat="50.869420000000005" lon="5.417610000000001">
    <ele>40.93</ele>
   </trkpt>
   <trkpt lat="50.869490000000006" lon="5.41736">
    <ele>40.93</ele>
   </trkpt>
   <trkpt lat="50.86957" lon="5.416810000000001">
    <ele>40.870000000000005</ele>
   </trkpt>
   <trkpt lat="50.869670000000006" lon="5.4164">
    <ele>40.6</ele>
   </trkpt>
   <trkpt lat="50.86977" lon="5.41621">
    <ele>40.6</ele>
   </trkpt>
   <trkpt lat="50.87037500992659" lon="5.415330034263095">
    <ele>40.68</ele>
   </trkpt>
   <trkpt lat="50.870980013236995" lon="5.4144500456827425">
    <ele>40.830000000000005</ele>
   </trkpt>
   <trkpt lat="50.871585009930925" lon="5.413570034258104">
    <ele>40.870000000000005</ele>
   </trkpt>
   <trkpt lat="50.87219" lon="5.4126900000000004">
    <ele>40.95</ele>
   </trkpt>
   <trkpt lat="50.87281667312847" lon="5.41182002340214">
    <ele>40.510000000000005</ele>
   </trkpt>
   <trkpt lat="50.8734433397902" lon="5.410950023409436">
    <ele>40.07</ele>
   </trkpt>
   <trkpt lat="50.87407" lon="5.410080000000001">
    <ele>40.040000000000006</ele>
   </trkpt>
   <trkpt lat="50.87416" lon="5.41">
    <ele>40.160000000000004</ele>
   </trkpt>
   <trkpt lat="50.8744" lon="5.409960000000001">
    <ele>39.800000000000004</ele>
   </trkpt>
   <trkpt lat="50.87502500026593" lon="5.40975500272086">
    <ele>39.970000000000006</ele>
   </trkpt>
   <trkpt lat="50.87565000000001" lon="5.40955">
    <ele>39.96</ele>
   </trkpt>
   <trkpt lat="50.875780000000006" lon="5.40951">
    <ele>39.96</ele>
   </trkpt>
   <trkpt lat="50.87641000000001" lon="5.40943">
    <ele>40.17</ele>
   </trkpt>
   <trkpt lat="50.87677000000001" lon="5.409350000000001">
    <ele>40.330000000000005</ele>
   </trkpt>
   <trkpt lat="50.877230000000004" lon="5.40918">
    <ele>40.77</ele>
   </trkpt>
   <trkpt lat="50.877460000000006" lon="5.409140000000001">
    <ele>40.92</ele>
   </trkpt>
   <trkpt lat="50.877410000000005" lon="5.408980000000001">
    <ele>40.99</ele>
   </trkpt>
   <trkpt lat="50.877390000000005" lon="5.40883">
    <ele>40.93</ele>
   </trkpt>
   <trkpt lat="50.877460000000006" lon="5.40873">
    <ele>40.75</ele>
   </trkpt>
   <trkpt lat="50.87760500220942" lon="5.408010002265592">
    <ele>38.96</ele>
   </trkpt>
   <trkpt lat="50.877750000000006" lon="5.407290000000001">
    <ele>38.82</ele>
   </trkpt>
   <trkpt lat="50.877860000000005" lon="5.406350000000001">
    <ele>38.86000000000001</ele>
   </trkpt>
   <trkpt lat="50.87801" lon="5.40582">
    <ele>39.39</ele>
   </trkpt>
   <trkpt lat="50.87827000000001" lon="5.405270000000001">
    <ele>39.7</ele>
   </trkpt>
   <trkpt lat="50.878370000000004" lon="5.405130000000001">
    <ele>39.68</ele>
   </trkpt>
   <trkpt lat="50.878820000000005" lon="5.404350000000001">
    <ele>39.690000000000005</ele>
   </trkpt>
   <trkpt lat="50.879220000000004" lon="5.40371">
    <ele>40.2</ele>
   </trkpt>
   <trkpt lat="50.87935" lon="5.40345">
    <ele>40.31</ele>
   </trkpt>
   <trkpt lat="50.87941000000001" lon="5.40326">
    <ele>40.38</ele>
   </trkpt>
   <trkpt lat="50.879630000000006" lon="5.40228">
    <ele>40.74</ele>
   </trkpt>
   <trkpt lat="50.87997000000001" lon="5.40118">
    <ele>40.78</ele>
   </trkpt>
   <trkpt lat="50.88035000000001" lon="5.40007">
    <ele>39.650000000000006</ele>
   </trkpt>
   <trkpt lat="50.880520000000004" lon="5.399380000000001">
    <ele>39.7</ele>
   </trkpt>
   <trkpt lat="50.880590000000005" lon="5.39916">
    <ele>39.93</ele>
   </trkpt>
   <trkpt lat="50.880900000000004" lon="5.398650000000001">
    <ele>39.720000000000006</ele>
   </trkpt>
   <trkpt lat="50.881220001935155" lon="5.397990004379303">
    <ele>39.57</ele>
   </trkpt>
   <trkpt lat="50.88154" lon="5.39733">
    <ele>39.900000000000006</ele>
   </trkpt>
   <trkpt lat="50.881780000000006" lon="5.396890000000001">
    <ele>39.720000000000006</ele>
   </trkpt>
   <trkpt lat="50.882000000000005" lon="5.39655">
    <ele>39.800000000000004</ele>
   </trkpt>
   <trkpt lat="50.88241000000001" lon="5.3959600000000005">
    <ele>40.2</ele>
   </trkpt>
   <trkpt lat="50.88253" lon="5.39583">
    <ele>40.2</ele>
   </trkpt>
   <trkpt lat="50.88298500072613" lon="5.395445003681155">
    <ele>41.230000000000004</ele>
   </trkpt>
   <trkpt lat="50.88344000000001" lon="5.395060000000001">
    <ele>41.95</ele>
   </trkpt>
   <trkpt lat="50.883995001172906" lon="5.39456000586167">
    <ele>42.56</ele>
   </trkpt>
   <trkpt lat="50.884550000000004" lon="5.3940600000000005">
    <ele>43.84</ele>
   </trkpt>
   <trkpt lat="50.88485000000001" lon="5.39386">
    <ele>44.4</ele>
   </trkpt>
   <trkpt lat="50.885160000000006" lon="5.393680000000001">
    <ele>45.43000000000001</ele>
   </trkpt>
   <trkpt lat="50.885655000405876" lon="5.39350000181529">
    <ele>46.1</ele>
   </trkpt>
   <trkpt lat="50.88615" lon="5.39332">
    <ele>46.88</ele>
   </trkpt>
   <trkpt lat="50.88627" lon="5.393260000000001">
    <ele>46.88</ele>
   </trkpt>
   <trkpt lat="50.886410000000005" lon="5.39313">
    <ele>47.370000000000005</ele>
   </trkpt>
   <trkpt lat="50.88653000000001" lon="5.392950000000001">
    <ele>47.870000000000005</ele>
   </trkpt>
   <trkpt lat="50.88687" lon="5.39219">
    <ele>48.67</ele>
   </trkpt>
   <trkpt lat="50.88703" lon="5.39191">
    <ele>49.220000000000006</ele>
   </trkpt>
   <trkpt lat="50.88703" lon="5.391920000000001">
    <ele>49.220000000000006</ele>
   </trkpt>
   <trkpt lat="50.88739" lon="5.391520000000001">
    <ele>49.88</ele>
   </trkpt>
   <trkpt lat="50.88754" lon="5.391400000000001">
    <ele>50.68</ele>
   </trkpt>
   <trkpt lat="50.8877" lon="5.391330000000001">
    <ele>50.68</ele>
   </trkpt>
   <trkpt lat="50.887820000000005" lon="5.3913">
    <ele>50.910000000000004</ele>
   </trkpt>
   <trkpt lat="50.887710000000006" lon="5.390630000000001">
    <ele>50.74000000000001</ele>
   </trkpt>
   <trkpt lat="50.887730000000005" lon="5.39015">
    <ele>51.60000000000001</ele>
   </trkpt>
   <trkpt lat="50.88779" lon="5.38987">
    <ele>52.35000000000001</ele>
   </trkpt>
   <trkpt lat="50.88814751345317" lon="5.388845023627679">
    <ele>54.12</ele>
   </trkpt>
   <trkpt lat="50.888505017931166" lon="5.387820031522433">
    <ele>56.93</ele>
   </trkpt>
   <trkpt lat="50.888862513433715" lon="5.386795023684216">
    <ele>59.14</ele>
   </trkpt>
   <trkpt lat="50.88922" lon="5.385770000000001">
    <ele>60.550000000000004</ele>
   </trkpt>
   <trkpt lat="50.88931" lon="5.38553">
    <ele>60.7</ele>
   </trkpt>
   <trkpt lat="50.88938" lon="5.3852400000000005">
    <ele>60.730000000000004</ele>
   </trkpt>
   <trkpt lat="50.8894" lon="5.38499">
    <ele>60.730000000000004</ele>
   </trkpt>
   <trkpt lat="50.88936" lon="5.384510000000001">
    <ele>60.68000000000001</ele>
   </trkpt>
   <trkpt lat="50.88912500602098" lon="5.383319993855595">
    <ele>60.510000000000005</ele>
   </trkpt>
   <trkpt lat="50.88889" lon="5.38213">
    <ele>59.39</ele>
   </trkpt>
   <trkpt lat="50.88890000000001" lon="5.38196">
    <ele>59.120000000000005</ele>
   </trkpt>
   <trkpt lat="50.88899000000001" lon="5.3817200000000005">
    <ele>58.690000000000005</ele>
   </trkpt>
   <trkpt lat="50.88902" lon="5.381570000000001">
    <ele>58.690000000000005</ele>
   </trkpt>
   <trkpt lat="50.88897000000001" lon="5.38126">
    <ele>57.11000000000001</ele>
   </trkpt>
   <trkpt lat="50.888980000000004" lon="5.38098">
    <ele>56.540000000000006</ele>
   </trkpt>
   <trkpt lat="50.88906" lon="5.380470000000001">
    <ele>55.6</ele>
   </trkpt>
   <trkpt lat="50.889050000000005" lon="5.3802900000000005">
    <ele>54.900000000000006</ele>
   </trkpt>
   <trkpt lat="50.888830000000006" lon="5.379370000000001">
    <ele>52.76</ele>
   </trkpt>
   <trkpt lat="50.888780000000004" lon="5.37894">
    <ele>51.88</ele>
   </trkpt>
   <trkpt lat="50.8888" lon="5.37842">
    <ele>51.43</ele>
   </trkpt>
   <trkpt lat="50.88891000247103" lon="5.377660001768207">
    <ele>52.10000000000001</ele>
   </trkpt>
   <trkpt lat="50.88902" lon="5.3769">
    <ele>53.120000000000005</ele>
   </trkpt>
   <trkpt lat="50.889206674713265" lon="5.375930007729665">
    <ele>53.77</ele>
   </trkpt>
   <trkpt lat="50.889393341388555" lon="5.374960007684911">
    <ele>53.910000000000004</ele>
   </trkpt>
   <trkpt lat="50.88958" lon="5.37399">
    <ele>52.50000000000001</ele>
   </trkpt>
   <trkpt lat="50.88973000000001" lon="5.37263">
    <ele>49.93</ele>
   </trkpt>
   <trkpt lat="50.889810000000004" lon="5.37208">
    <ele>48.5</ele>
   </trkpt>
   <trkpt lat="50.890010000000004" lon="5.371250000000001">
    <ele>47.300000000000004</ele>
   </trkpt>
   <trkpt lat="50.89025500323795" lon="5.370380004558674">
    <ele>45.900000000000006</ele>
   </trkpt>
   <trkpt lat="50.8905" lon="5.36951">
    <ele>44.64000000000001</ele>
   </trkpt>
   <trkpt lat="50.8905" lon="5.3695">
    <ele>44.620000000000005</ele>
   </trkpt>
   <trkpt lat="50.89056" lon="5.369120000000001">
    <ele>44.33</ele>
   </trkpt>
   <trkpt lat="50.89058000000001" lon="5.36852">
    <ele>44.11</ele>
   </trkpt>
   <trkpt lat="50.89065" lon="5.368150000000001">
    <ele>44.35</ele>
   </trkpt>
   <trkpt lat="50.89076000000001" lon="5.367870000000001">
    <ele>44.85</ele>
   </trkpt>
   <trkpt lat="50.89017250420226" lon="5.36729747833968">
    <ele>44.50000000000001</ele>
   </trkpt>
   <trkpt lat="50.8895850056044" lon="5.3667249711214104">
    <ele>44.52</ele>
   </trkpt>
   <trkpt lat="50.88899750420656" lon="5.366152478344596">
    <ele>44.09</ele>
   </trkpt>
   <trkpt lat="50.88841000000001" lon="5.3655800000000005">
    <ele>43.83</ele>
   </trkpt>
   <trkpt lat="50.88826" lon="5.365410000000001">
    <ele>43.77</ele>
   </trkpt>
   <trkpt lat="50.887800000000006" lon="5.3649700000000005">
    <ele>43.06</ele>
   </trkpt>
   <trkpt lat="50.88756000000001" lon="5.36477">
    <ele>42.57</ele>
   </trkpt>
   <trkpt lat="50.88693500158725" lon="5.364169991997656">
    <ele>39.730000000000004</ele>
   </trkpt>
   <trkpt lat="50.88631" lon="5.36357">
    <ele>38.50000000000001</ele>
   </trkpt>
   <trkpt lat="50.886070000000004" lon="5.3632800000000005">
    <ele>37.910000000000004</ele>
   </trkpt>
   <trkpt lat="50.885850000000005" lon="5.36298">
    <ele>37.7</ele>
   </trkpt>
   <trkpt lat="50.885720000000006" lon="5.3627">
    <ele>37.69</ele>
   </trkpt>
   <trkpt lat="50.88570000000001" lon="5.362550000000001">
    <ele>37.64</ele>
   </trkpt>
   <trkpt lat="50.88570000000001" lon="5.36237">
    <ele>37.64</ele>
   </trkpt>
   <trkpt lat="50.88579000000001" lon="5.36186">
    <ele>37.42</ele>
   </trkpt>
   <trkpt lat="50.8858" lon="5.36165">
    <ele>37.28</ele>
   </trkpt>
   <trkpt lat="50.885760000000005" lon="5.3615">
    <ele>37.00000000000001</ele>
   </trkpt>
   <trkpt lat="50.885690000000004" lon="5.361400000000001">
    <ele>37.00000000000001</ele>
   </trkpt>
   <trkpt lat="50.88526" lon="5.36092">
    <ele>36.160000000000004</ele>
   </trkpt>
   <trkpt lat="50.88481" lon="5.360480000000001">
    <ele>36.2</ele>
   </trkpt>
   <trkpt lat="50.88477" lon="5.36038">
    <ele>36.13</ele>
   </trkpt>
   <trkpt lat="50.884780000000006" lon="5.360270000000001">
    <ele>35.96000000000001</ele>
   </trkpt>
   <trkpt lat="50.885140003195836" lon="5.359405006684848">
    <ele>35.67</ele>
   </trkpt>
   <trkpt lat="50.88550000000001" lon="5.3585400000000005">
    <ele>35.84</ele>
   </trkpt>
   <trkpt lat="50.885600000000004" lon="5.358390000000001">
    <ele>35.89000000000001</ele>
   </trkpt>
   <trkpt lat="50.88573" lon="5.35827">
    <ele>35.89000000000001</ele>
   </trkpt>
   <trkpt lat="50.88606000000001" lon="5.358020000000001">
    <ele>35.83</ele>
   </trkpt>
   <trkpt lat="50.886280000000006" lon="5.3577900000000005">
    <ele>35.88</ele>
   </trkpt>
   <trkpt lat="50.8864" lon="5.3575800000000005">
    <ele>35.88</ele>
   </trkpt>
   <trkpt lat="50.886720000000004" lon="5.356890000000001">
    <ele>36.22</ele>
   </trkpt>
   <trkpt lat="50.88709000000001" lon="5.35601">
    <ele>36.82000000000001</ele>
   </trkpt>
   <trkpt lat="50.88732" lon="5.35548">
    <ele>37.040000000000006</ele>
   </trkpt>
   <trkpt lat="50.88736" lon="5.35531">
    <ele>37.040000000000006</ele>
   </trkpt>
   <trkpt lat="50.887370000000004" lon="5.3544">
    <ele>36.28</ele>
   </trkpt>
   <trkpt lat="50.88740000000001" lon="5.35393">
    <ele>36.980000000000004</ele>
   </trkpt>
   <trkpt lat="50.887730002557596" lon="5.353155005508881">
    <ele>35.7</ele>
   </trkpt>
   <trkpt lat="50.88806" lon="5.35238">
    <ele>35.440000000000005</ele>
   </trkpt>
   <trkpt lat="50.88824" lon="5.3518300000000005">
    <ele>35.7</ele>
   </trkpt>
   <trkpt lat="50.88832000000001" lon="5.35144">
    <ele>35.79</ele>
   </trkpt>
   <trkpt lat="50.88841000000001" lon="5.35076">
    <ele>35.85</ele>
   </trkpt>
   <trkpt lat="50.888440004845584" lon="5.349695000658834">
    <ele>35.9</ele>
   </trkpt>
   <trkpt lat="50.888470000000005" lon="5.34863">
    <ele>36.29</ele>
   </trkpt>
   <trkpt lat="50.88849251522387" lon="5.347540001625339">
    <ele>36.28</ele>
   </trkpt>
   <trkpt lat="50.888515020297866" lon="5.346450002197227">
    <ele>36.36</ele>
   </trkpt>
   <trkpt lat="50.888537515222005" lon="5.345360001716135">
    <ele>36.4</ele>
   </trkpt>
   <trkpt lat="50.888560000000005" lon="5.344270000000001">
    <ele>36.64000000000001</ele>
   </trkpt>
   <trkpt lat="50.88861000000001" lon="5.34344">
    <ele>36.95</ele>
   </trkpt>
   <trkpt lat="50.88866" lon="5.34313">
    <ele>37.17</ele>
   </trkpt>
   <trkpt lat="50.888720000000006" lon="5.34288">
    <ele>37.45</ele>
   </trkpt>
   <trkpt lat="50.88881000000001" lon="5.342630000000001">
    <ele>38.03</ele>
   </trkpt>
   <trkpt lat="50.889100000000006" lon="5.34208">
    <ele>38.57</ele>
   </trkpt>
   <trkpt lat="50.889390000000006" lon="5.34173">
    <ele>39.67</ele>
   </trkpt>
   <trkpt lat="50.8896" lon="5.34156">
    <ele>39.67</ele>
   </trkpt>
   <trkpt lat="50.89020000000001" lon="5.341200000000001">
    <ele>41.580000000000005</ele>
   </trkpt>
   <trkpt lat="50.890350000000005" lon="5.341080000000001">
    <ele>42.010000000000005</ele>
   </trkpt>
   <trkpt lat="50.890480000000004" lon="5.3409">
    <ele>42.78</ele>
   </trkpt>
   <trkpt lat="50.89056" lon="5.34074">
    <ele>42.78</ele>
   </trkpt>
   <trkpt lat="50.890660000000004" lon="5.340400000000001">
    <ele>43.72</ele>
   </trkpt>
   <trkpt lat="50.8907" lon="5.34018">
    <ele>44.1</ele>
   </trkpt>
   <trkpt lat="50.890730000000005" lon="5.3399">
    <ele>44.58</ele>
   </trkpt>
   <trkpt lat="50.89071502050589" lon="5.338634998799163">
    <ele>45.89000000000001</ele>
   </trkpt>
   <trkpt lat="50.89070002734134" lon="5.337369998412338">
    <ele>45.86000000000001</ele>
   </trkpt>
   <trkpt lat="50.89068502050636" lon="5.336104998840268">
    <ele>45.18000000000001</ele>
   </trkpt>
   <trkpt lat="50.89067000000001" lon="5.334840000000001">
    <ele>44.59</ele>
   </trkpt>
   <trkpt lat="50.89068" lon="5.33443">
    <ele>44.13</ele>
   </trkpt>
   <trkpt lat="50.890750000000004" lon="5.333740000000001">
    <ele>43.89000000000001</ele>
   </trkpt>
   <trkpt lat="50.890910000000005" lon="5.332990000000001">
    <ele>43.730000000000004</ele>
   </trkpt>
   <trkpt lat="50.89097" lon="5.33281">
    <ele>43.660000000000004</ele>
   </trkpt>
   <trkpt lat="50.891270000000006" lon="5.332050000000001">
    <ele>43.52</ele>
   </trkpt>
   <trkpt lat="50.89167667435651" lon="5.331103349784961">
    <ele>45.33</ele>
   </trkpt>
   <trkpt lat="50.89208334105733" lon="5.330156683039039">
    <ele>48.13</ele>
   </trkpt>
   <trkpt lat="50.89249" lon="5.329210000000001">
    <ele>51.730000000000004</ele>
   </trkpt>
   <trkpt lat="50.892680000000006" lon="5.328720000000001">
    <ele>52.980000000000004</ele>
   </trkpt>
   <trkpt lat="50.892990000000005" lon="5.3277">
    <ele>56.470000000000006</ele>
   </trkpt>
   <trkpt lat="50.893100000000004" lon="5.327190000000001">
    <ele>58.14</ele>
   </trkpt>
   <trkpt lat="50.89321" lon="5.32648">
    <ele>59.11</ele>
   </trkpt>
   <trkpt lat="50.89327" lon="5.3256000000000006">
    <ele>57.830000000000005</ele>
   </trkpt>
   <trkpt lat="50.8933" lon="5.3245000000000005">
    <ele>54.730000000000004</ele>
   </trkpt>
   <trkpt lat="50.89336334936864" lon="5.323130003690829">
    <ele>51.120000000000005</ele>
   </trkpt>
   <trkpt lat="50.89342668270363" lon="5.321760003655224">
    <ele>47.080000000000005</ele>
   </trkpt>
   <trkpt lat="50.89349000000001" lon="5.320390000000001">
    <ele>44.07000000000001</ele>
   </trkpt>
   <trkpt lat="50.89349000000001" lon="5.32038">
    <ele>44.04</ele>
   </trkpt>
   <trkpt lat="50.893550000000005" lon="5.3193">
    <ele>41.32</ele>
   </trkpt>
   <trkpt lat="50.893620000000006" lon="5.31876">
    <ele>40.190000000000005</ele>
   </trkpt>
   <trkpt lat="50.89374" lon="5.31819">
    <ele>39.220000000000006</ele>
   </trkpt>
   <trkpt lat="50.8941" lon="5.3169900000000005">
    <ele>37.67</ele>
   </trkpt>
   <trkpt lat="50.894180000000006" lon="5.316540000000001">
    <ele>37.52</ele>
   </trkpt>
   <trkpt lat="50.89428" lon="5.31623">
    <ele>37.7</ele>
   </trkpt>
   <trkpt lat="50.89437" lon="5.315860000000001">
    <ele>37.68000000000001</ele>
   </trkpt>
   <trkpt lat="50.89470000000001" lon="5.31489">
    <ele>37.37</ele>
   </trkpt>
   <trkpt lat="50.89497" lon="5.31437">
    <ele>37.660000000000004</ele>
   </trkpt>
   <trkpt lat="50.895340000000004" lon="5.313840000000001">
    <ele>38.37</ele>
   </trkpt>
   <trkpt lat="50.895630000000004" lon="5.313580000000001">
    <ele>39.27</ele>
   </trkpt>
   <trkpt lat="50.896260000000005" lon="5.31324">
    <ele>41.68</ele>
   </trkpt>
   <trkpt lat="50.89643" lon="5.3131900000000005">
    <ele>41.68</ele>
   </trkpt>
   <trkpt lat="50.89663" lon="5.3131900000000005">
    <ele>42.27</ele>
   </trkpt>
   <trkpt lat="50.89683" lon="5.31324">
    <ele>42.68</ele>
   </trkpt>
   <trkpt lat="50.89701" lon="5.31332">
    <ele>43.64000000000001</ele>
   </trkpt>
   <trkpt lat="50.89717" lon="5.3134500000000005">
    <ele>43.64000000000001</ele>
   </trkpt>
   <trkpt lat="50.89716000000001" lon="5.3134500000000005">
    <ele>43.620000000000005</ele>
   </trkpt>
   <trkpt lat="50.897290000000005" lon="5.313560000000001">
    <ele>44.4</ele>
   </trkpt>
   <trkpt lat="50.897720001320494" lon="5.314079995398521">
    <ele>45.790000000000006</ele>
   </trkpt>
   <trkpt lat="50.89815" lon="5.3146">
    <ele>47.49</ele>
   </trkpt>
   <trkpt lat="50.898340000000005" lon="5.3147400000000005">
    <ele>49.14</ele>
   </trkpt>
   <trkpt lat="50.89846000000001" lon="5.314780000000001">
    <ele>49.14</ele>
   </trkpt>
   <trkpt lat="50.89862" lon="5.31475">
    <ele>49.260000000000005</ele>
   </trkpt>
   <trkpt lat="50.899300000000004" lon="5.31446">
    <ele>50.230000000000004</ele>
   </trkpt>
   <trkpt lat="50.89951000000001" lon="5.314170000000001">
    <ele>50.46</ele>
   </trkpt>
   <trkpt lat="50.89969000000001" lon="5.313890000000001">
    <ele>50.43</ele>
   </trkpt>
   <trkpt lat="50.900200000000005" lon="5.3129100000000005">
    <ele>50.18</ele>
   </trkpt>
   <trkpt lat="50.900310000000005" lon="5.3128">
    <ele>50.18</ele>
   </trkpt>
   <trkpt lat="50.90044" lon="5.3127200000000006">
    <ele>50.02</ele>
   </trkpt>
   <trkpt lat="50.90090000000001" lon="5.312530000000001">
    <ele>49.93</ele>
   </trkpt>
   <trkpt lat="50.900890000000004" lon="5.312530000000001">
    <ele>49.940000000000005</ele>
   </trkpt>
   <trkpt lat="50.900980000000004" lon="5.31249">
    <ele>49.92</ele>
   </trkpt>
   <trkpt lat="50.90113" lon="5.3123700000000005">
    <ele>49.74</ele>
   </trkpt>
   <trkpt lat="50.9015650010577" lon="5.311850004974403">
    <ele>49.330000000000005</ele>
   </trkpt>
   <trkpt lat="50.902" lon="5.311330000000001">
    <ele>49.67</ele>
   </trkpt>
   <trkpt lat="50.902742507302534" lon="5.310575036122936">
    <ele>48.78</ele>
   </trkpt>
   <trkpt lat="50.9034850097362" lon="5.309820048165469">
    <ele>48.52</ele>
   </trkpt>
   <trkpt lat="50.90422750730069" lon="5.309065036126351">
    <ele>47.49</ele>
   </trkpt>
   <trkpt lat="50.904970000000006" lon="5.3083100000000005">
    <ele>46.89</ele>
   </trkpt>
   <trkpt lat="50.90567" lon="5.30762">
    <ele>46.63</ele>
   </trkpt>
   <trkpt lat="50.905820000000006" lon="5.30745">
    <ele>46.49</ele>
   </trkpt>
   <trkpt lat="50.90612" lon="5.3069500000000005">
    <ele>46.48</ele>
   </trkpt>
   <trkpt lat="50.90625000000001" lon="5.306620000000001">
    <ele>46.55</ele>
   </trkpt>
   <trkpt lat="50.90652000000001" lon="5.30576">
    <ele>46.86000000000001</ele>
   </trkpt>
   <trkpt lat="50.906830004314365" lon="5.304755006690491">
    <ele>47.07</ele>
   </trkpt>
   <trkpt lat="50.907140000000005" lon="5.303750000000001">
    <ele>47.330000000000005</ele>
   </trkpt>
   <trkpt lat="50.90736000245787" lon="5.303000003355329">
    <ele>47.300000000000004</ele>
   </trkpt>
   <trkpt lat="50.90758" lon="5.302250000000001">
    <ele>47.34</ele>
   </trkpt>
   <trkpt lat="50.907610000000005" lon="5.301690000000001">
    <ele>47.28</ele>
   </trkpt>
   <trkpt lat="50.907590000000006" lon="5.30119">
    <ele>47.28</ele>
   </trkpt>
   <trkpt lat="50.90753" lon="5.300890000000001">
    <ele>47.45</ele>
   </trkpt>
   <trkpt lat="50.907430000000005" lon="5.300560000000001">
    <ele>47.45</ele>
   </trkpt>
   <trkpt lat="50.90731" lon="5.300260000000001">
    <ele>47.74</ele>
   </trkpt>
   <trkpt lat="50.907140000000005" lon="5.299950000000001">
    <ele>47.839999999999996</ele>
   </trkpt>
   <trkpt lat="50.907120000000006" lon="5.299930000000001">
    <ele>47.85</ele>
   </trkpt>
   <trkpt lat="50.90702" lon="5.299790000000001">
    <ele>47.980000000000004</ele>
   </trkpt>
   <trkpt lat="50.906850000000006" lon="5.29962">
    <ele>48.03</ele>
   </trkpt>
   <trkpt lat="50.906490000000005" lon="5.299340000000001">
    <ele>47.940000000000005</ele>
   </trkpt>
   <trkpt lat="50.90637" lon="5.29921">
    <ele>47.85</ele>
   </trkpt>
   <trkpt lat="50.906270000000006" lon="5.29905">
    <ele>47.730000000000004</ele>
   </trkpt>
   <trkpt lat="50.90619" lon="5.298870000000001">
    <ele>47.53</ele>
   </trkpt>
   <trkpt lat="50.90612" lon="5.29863">
    <ele>47.35</ele>
   </trkpt>
   <trkpt lat="50.906090000000006" lon="5.29837">
    <ele>47.21</ele>
   </trkpt>
   <trkpt lat="50.906090000000006" lon="5.298190000000001">
    <ele>46.78</ele>
   </trkpt>
   <trkpt lat="50.906130000000005" lon="5.297980000000001">
    <ele>46.55</ele>
   </trkpt>
   <trkpt lat="50.906315002530526" lon="5.297210003067047">
    <ele>45.95</ele>
   </trkpt>
   <trkpt lat="50.9065" lon="5.2964400000000005">
    <ele>45.61000000000001</ele>
   </trkpt>
   <trkpt lat="50.906760000000006" lon="5.295660000000001">
    <ele>45.39000000000001</ele>
   </trkpt>
   <trkpt lat="50.90692000000001" lon="5.2952900000000005">
    <ele>45.21000000000001</ele>
   </trkpt>
   <trkpt lat="50.907230000000006" lon="5.294840000000001">
    <ele>45.14000000000001</ele>
   </trkpt>
   <trkpt lat="50.90786666911322" lon="5.294303348024842">
    <ele>44.84</ele>
   </trkpt>
   <trkpt lat="50.908503335766405" lon="5.293766681369809">
    <ele>44.61</ele>
   </trkpt>
   <trkpt lat="50.90914" lon="5.29323">
    <ele>44.61</ele>
   </trkpt>
   <trkpt lat="50.90957" lon="5.292870000000001">
    <ele>44.51</ele>
   </trkpt>
   <trkpt lat="50.90975" lon="5.292680000000001">
    <ele>44.39000000000001</ele>
   </trkpt>
   <trkpt lat="50.910030000000006" lon="5.29232">
    <ele>44.300000000000004</ele>
   </trkpt>
   <trkpt lat="50.91037000000001" lon="5.2917000000000005">
    <ele>43.940000000000005</ele>
   </trkpt>
   <trkpt lat="50.91075001010103" lon="5.2908125217151">
    <ele>42.96</ele>
   </trkpt>
   <trkpt lat="50.911130013474484" lon="5.28992502893888">
    <ele>41.85</ele>
   </trkpt>
   <trkpt lat="50.91151001012012" lon="5.289037521671162">
    <ele>41.080000000000005</ele>
   </trkpt>
   <trkpt lat="50.91189000000001" lon="5.288150000000001">
    <ele>40.910000000000004</ele>
   </trkpt>
   <trkpt lat="50.91231000605205" lon="5.286960010726437">
    <ele>40.370000000000005</ele>
   </trkpt>
   <trkpt lat="50.91273" lon="5.28577">
    <ele>39.510000000000005</ele>
   </trkpt>
   <trkpt lat="50.91305000228501" lon="5.2850450048937025">
    <ele>39.16</ele>
   </trkpt>
   <trkpt lat="50.91337000000001" lon="5.28432">
    <ele>38.73</ele>
   </trkpt>
   <trkpt lat="50.91378" lon="5.28321">
    <ele>37.88</ele>
   </trkpt>
   <trkpt lat="50.91408333959813" lon="5.2823533445102955">
    <ele>37.13</ele>
   </trkpt>
   <trkpt lat="50.91438667292804" lon="5.281496677853484">
    <ele>36.26</ele>
   </trkpt>
   <trkpt lat="50.91469000000001" lon="5.28064">
    <ele>35.33</ele>
   </trkpt>
   <trkpt lat="50.915165005516094" lon="5.279505011549909">
    <ele>33.11</ele>
   </trkpt>
   <trkpt lat="50.91564" lon="5.278370000000001">
    <ele>31.880000000000006</ele>
   </trkpt>
   <trkpt lat="50.915780000000005" lon="5.27798">
    <ele>31.55</ele>
   </trkpt>
   <trkpt lat="50.91590000000001" lon="5.277480000000001">
    <ele>31.55</ele>
   </trkpt>
   <trkpt lat="50.916070000000005" lon="5.27618">
    <ele>31.26</ele>
   </trkpt>
   <trkpt lat="50.91622" lon="5.27519">
    <ele>31.150000000000002</ele>
   </trkpt>
   <trkpt lat="50.91642334256672" lon="5.274150009112696">
    <ele>31.040000000000003</ele>
   </trkpt>
   <trkpt lat="50.91662667589537" lon="5.273110009136875">
    <ele>30.78</ele>
   </trkpt>
   <trkpt lat="50.916830000000004" lon="5.27207">
    <ele>30.650000000000002</ele>
   </trkpt>
   <trkpt lat="50.916970000000006" lon="5.27146">
    <ele>30.560000000000002</ele>
   </trkpt>
   <trkpt lat="50.91709" lon="5.271120000000001">
    <ele>30.580000000000002</ele>
   </trkpt>
   <trkpt lat="50.917370000000005" lon="5.270510000000001">
    <ele>30.37</ele>
   </trkpt>
   <trkpt lat="50.917530000000006" lon="5.27027">
    <ele>30.37</ele>
   </trkpt>
   <trkpt lat="50.91796" lon="5.26979">
    <ele>30.27</ele>
   </trkpt>
   <trkpt lat="50.918240000000004" lon="5.26954">
    <ele>30.140000000000004</ele>
   </trkpt>
   <trkpt lat="50.918510000000005" lon="5.26937">
    <ele>29.980000000000004</ele>
   </trkpt>
   <trkpt lat="50.91917000065836" lon="5.2689850054460585">
    <ele>29.550000000000004</ele>
   </trkpt>
   <trkpt lat="50.919830000000005" lon="5.2686">
    <ele>30.060000000000002</ele>
   </trkpt>
   <trkpt lat="50.92037499997318" lon="5.26852500088548">
    <ele>29.52</ele>
   </trkpt>
   <trkpt lat="50.92092" lon="5.2684500000000005">
    <ele>29.630000000000003</ele>
   </trkpt>
   <trkpt lat="50.92134" lon="5.26836">
    <ele>29.890000000000004</ele>
   </trkpt>
   <trkpt lat="50.92202" lon="5.26796">
    <ele>30.18</ele>
   </trkpt>
   <trkpt lat="50.92253000042875" lon="5.267620003770259">
    <ele>30.6</ele>
   </trkpt>
   <trkpt lat="50.92304000000001" lon="5.26728">
    <ele>30.76</ele>
   </trkpt>
   <trkpt lat="50.92318" lon="5.266970000000001">
    <ele>30.480000000000004</ele>
   </trkpt>
   <trkpt lat="50.92354334066112" lon="5.266043347823053">
    <ele>30.29</ele>
   </trkpt>
   <trkpt lat="50.92390667398832" lon="5.265116681172279">
    <ele>29.910000000000004</ele>
   </trkpt>
   <trkpt lat="50.92427000000001" lon="5.26419">
    <ele>29.720000000000002</ele>
   </trkpt>
   <trkpt lat="50.92468" lon="5.26315">
    <ele>30.240000000000002</ele>
   </trkpt>
   <trkpt lat="50.924760000000006" lon="5.26301">
    <ele>30.310000000000002</ele>
   </trkpt>
   <trkpt lat="50.92481" lon="5.2629600000000005">
    <ele>30.28</ele>
   </trkpt>
   <trkpt lat="50.924850000000006" lon="5.263070000000001">
    <ele>30.310000000000002</ele>
   </trkpt>
   <trkpt lat="50.92493" lon="5.26299">
    <ele>30.35</ele>
   </trkpt>
   <trkpt lat="50.92454000000001" lon="5.2618100000000005">
    <ele>29.830000000000002</ele>
   </trkpt>
   <trkpt lat="50.92443" lon="5.26137">
    <ele>29.67</ele>
   </trkpt>
   <trkpt lat="50.924380000000006" lon="5.261">
    <ele>29.630000000000003</ele>
   </trkpt>
   <trkpt lat="50.9243" lon="5.259740000000001">
    <ele>29.84</ele>
   </trkpt>
   <trkpt lat="50.924330000000005" lon="5.259440000000001">
    <ele>29.880000000000003</ele>
   </trkpt>
   <trkpt lat="50.9243" lon="5.25912">
    <ele>29.86</ele>
   </trkpt>
   <trkpt lat="50.92436000000001" lon="5.25867">
    <ele>29.66</ele>
   </trkpt>
   <trkpt lat="50.92459667387432" lon="5.25775000944275">
    <ele>29.560000000000002</ele>
   </trkpt>
   <trkpt lat="50.924833340519875" lon="5.256830009524999">
    <ele>29.61</ele>
   </trkpt>
   <trkpt lat="50.925070000000005" lon="5.25591">
    <ele>29.42</ele>
   </trkpt>
   <trkpt lat="50.925180000000005" lon="5.2552900000000005">
    <ele>29.460000000000004</ele>
   </trkpt>
   <trkpt lat="50.92524" lon="5.2552">
    <ele>29.460000000000004</ele>
   </trkpt>
   <trkpt lat="50.925230000000006" lon="5.255140000000001">
    <ele>29.36</ele>
   </trkpt>
   <trkpt lat="50.92558500207401" lon="5.254440005378087">
    <ele>28.78</ele>
   </trkpt>
   <trkpt lat="50.925940000000004" lon="5.2537400000000005">
    <ele>28.990000000000002</ele>
   </trkpt>
   <trkpt lat="50.92618" lon="5.253240000000001">
    <ele>28.950000000000003</ele>
   </trkpt>
   <trkpt lat="50.926280000000006" lon="5.25283">
    <ele>28.950000000000003</ele>
   </trkpt>
   <trkpt lat="50.92641500432297" lon="5.251825002843117">
    <ele>28.96</ele>
   </trkpt>
   <trkpt lat="50.926550000000006" lon="5.25082">
    <ele>29.05</ele>
   </trkpt>
   <trkpt lat="50.92669" lon="5.250170000000001">
    <ele>29.130000000000003</ele>
   </trkpt>
   <trkpt lat="50.92681" lon="5.24983">
    <ele>29.240000000000002</ele>
   </trkpt>
   <trkpt lat="50.92698000000001" lon="5.2495">
    <ele>29.34</ele>
   </trkpt>
   <trkpt lat="50.92737" lon="5.24903">
    <ele>29.51</ele>
   </trkpt>
   <trkpt lat="50.927490000000006" lon="5.2489300000000005">
    <ele>29.51</ele>
   </trkpt>
   <trkpt lat="50.92784" lon="5.248740000000001">
    <ele>29.43</ele>
   </trkpt>
   <trkpt lat="50.92813" lon="5.24868">
    <ele>29.43</ele>
   </trkpt>
   <trkpt lat="50.928610000000006" lon="5.24875">
    <ele>29.040000000000003</ele>
   </trkpt>
   <trkpt lat="50.929443335906434" lon="5.249096635615324">
    <ele>28.970000000000002</ele>
   </trkpt>
   <trkpt lat="50.93027667078662" lon="5.2494432836513365">
    <ele>29.310000000000002</ele>
   </trkpt>
   <trkpt lat="50.931110004640544" lon="5.249789944108838">
    <ele>29.560000000000002</ele>
   </trkpt>
   <trkpt lat="50.93194333746809" lon="5.250136616988627">
    <ele>29.34</ele>
   </trkpt>
   <trkpt lat="50.93277666926924" lon="5.250483302291503">
    <ele>29.34</ele>
   </trkpt>
   <trkpt lat="50.93361" lon="5.2508300000000006">
    <ele>29.48</ele>
   </trkpt>
   <trkpt lat="50.933840000000004" lon="5.25089">
    <ele>29.620000000000005</ele>
   </trkpt>
   <trkpt lat="50.934160000000006" lon="5.25088">
    <ele>29.66</ele>
   </trkpt>
   <trkpt lat="50.934580000000004" lon="5.2507">
    <ele>29.630000000000003</ele>
   </trkpt>
   <trkpt lat="50.93531000110547" lon="5.250215007546106">
    <ele>29.640000000000004</ele>
   </trkpt>
   <trkpt lat="50.936040000000006" lon="5.2497300000000005">
    <ele>29.61</ele>
   </trkpt>
   <trkpt lat="50.936605000877165" lon="5.249340004581297">
    <ele>29.720000000000002</ele>
   </trkpt>
   <trkpt lat="50.93717" lon="5.248950000000001">
    <ele>29.890000000000004</ele>
   </trkpt>
   <trkpt lat="50.937290000000004" lon="5.24882">
    <ele>29.92</ele>
   </trkpt>
   <trkpt lat="50.937580000000004" lon="5.24845">
    <ele>29.880000000000003</ele>
   </trkpt>
   <trkpt lat="50.937720000000006" lon="5.24821">
    <ele>29.890000000000004</ele>
   </trkpt>
   <trkpt lat="50.93824500925921" lon="5.247360028783872">
    <ele>29.87</ele>
   </trkpt>
   <trkpt lat="50.938770012348655" lon="5.246510038374215">
    <ele>29.540000000000003</ele>
   </trkpt>
   <trkpt lat="50.93929500926811" lon="5.245660028770464">
    <ele>29.17</ele>
   </trkpt>
   <trkpt lat="50.939820000000005" lon="5.24481">
    <ele>29.220000000000002</ele>
   </trkpt>
   <trkpt lat="50.94001" lon="5.244540000000001">
    <ele>29.18</ele>
   </trkpt>
   <trkpt lat="50.94008" lon="5.24451">
    <ele>29.18</ele>
   </trkpt>
   <trkpt lat="50.940200000000004" lon="5.24451">
    <ele>29.18</ele>
   </trkpt>
   <trkpt lat="50.94087000034903" lon="5.244784996047947">
    <ele>29.09</ele>
   </trkpt>
   <trkpt lat="50.94154" lon="5.2450600000000005">
    <ele>29.17</ele>
   </trkpt>
   <trkpt lat="50.94164000000001" lon="5.245150000000001">
    <ele>29.25</ele>
   </trkpt>
   <trkpt lat="50.941790000000005" lon="5.245340000000001">
    <ele>29.25</ele>
   </trkpt>
   <trkpt lat="50.941930000000006" lon="5.245590000000001">
    <ele>29.280000000000005</ele>
   </trkpt>
   <trkpt lat="50.94203" lon="5.2458800000000005">
    <ele>29.35</ele>
   </trkpt>
   <trkpt lat="50.942165002159854" lon="5.246594997802158">
    <ele>29.490000000000002</ele>
   </trkpt>
   <trkpt lat="50.9423" lon="5.247310000000001">
    <ele>29.630000000000003</ele>
   </trkpt>
   <trkpt lat="50.942440000000005" lon="5.24784">
    <ele>29.61</ele>
   </trkpt>
   <trkpt lat="50.94265000000001" lon="5.248360000000001">
    <ele>29.630000000000003</ele>
   </trkpt>
   <trkpt lat="50.94314000414983" lon="5.249339989769494">
    <ele>29.740000000000002</ele>
   </trkpt>
   <trkpt lat="50.943630000000006" lon="5.25032">
    <ele>29.66</ele>
   </trkpt>
   <trkpt lat="50.94379000000001" lon="5.2498700000000005">
    <ele>29.77</ele>
   </trkpt>
   <trkpt lat="50.944050000000004" lon="5.24908">
    <ele>30.590000000000003</ele>
   </trkpt>
   <trkpt lat="50.944030000000005" lon="5.24894">
    <ele>30.590000000000003</ele>
   </trkpt>
   <trkpt lat="50.944030000000005" lon="5.24849">
    <ele>30.470000000000002</ele>
   </trkpt>
   <trkpt lat="50.944030000000005" lon="5.24852">
    <ele>30.480000000000004</ele>
   </trkpt>
   <trkpt lat="50.944030000000005" lon="5.24795">
    <ele>30.44</ele>
   </trkpt>
   <trkpt lat="50.94406000000001" lon="5.247870000000001">
    <ele>30.44</ele>
   </trkpt>
   <trkpt lat="50.94411" lon="5.24784">
    <ele>30.44</ele>
   </trkpt>
   <trkpt lat="50.944900000038835" lon="5.247849999660611">
    <ele>30.02</ele>
   </trkpt>
   <trkpt lat="50.94569000007684" lon="5.247859999661085">
    <ele>30.330000000000002</ele>
   </trkpt>
   <trkpt lat="50.94648" lon="5.247870000000001">
    <ele>30.860000000000003</ele>
   </trkpt>
   <trkpt lat="50.94646" lon="5.247870000000001">
    <ele>30.85</ele>
   </trkpt>
   <trkpt lat="50.946740000000005" lon="5.247870000000001">
    <ele>31.000000000000004</ele>
   </trkpt>
   <trkpt lat="50.946830000000006" lon="5.247610000000001">
    <ele>30.890000000000004</ele>
   </trkpt>
   <trkpt lat="50.947520000000004" lon="5.24828">
    <ele>30.03</ele>
   </trkpt>
   <trkpt lat="50.947570000000006" lon="5.2483">
    <ele>30.03</ele>
   </trkpt>
   <trkpt lat="50.94762000000001" lon="5.24831">
    <ele>30.03</ele>
   </trkpt>
   <trkpt lat="50.94769" lon="5.249420000000001">
    <ele>29.26</ele>
   </trkpt>
   <trkpt lat="50.94765" lon="5.249490000000001">
    <ele>29.26</ele>
   </trkpt>
   <trkpt lat="50.94765" lon="5.24959">
    <ele>29.36</ele>
   </trkpt>
   <trkpt lat="50.947700000000005" lon="5.24971">
    <ele>29.36</ele>
   </trkpt>
   <trkpt lat="50.94774" lon="5.24974">
    <ele>29.370000000000005</ele>
   </trkpt>
   <trkpt lat="50.947790000000005" lon="5.24974">
    <ele>29.370000000000005</ele>
   </trkpt>
   <trkpt lat="50.947860000000006" lon="5.249650000000001">
    <ele>29.26</ele>
   </trkpt>
   <trkpt lat="50.94787" lon="5.24957">
    <ele>29.26</ele>
   </trkpt>
   <trkpt lat="50.94816" lon="5.249280000000001">
    <ele>29.030000000000005</ele>
   </trkpt>
   <trkpt lat="50.94802000000001" lon="5.24896">
    <ele>28.57</ele>
   </trkpt>
   <trkpt lat="50.94800000000001" lon="5.2488">
    <ele>28.430000000000003</ele>
   </trkpt>
   <trkpt lat="50.94802000000001" lon="5.248690000000001">
    <ele>28.430000000000003</ele>
   </trkpt>
   <trkpt lat="50.94811000000001" lon="5.248340000000001">
    <ele>28.380000000000003</ele>
   </trkpt>
   <trkpt lat="50.948356673476916" lon="5.24744667616378">
    <ele>28.690000000000005</ele>
   </trkpt>
   <trkpt lat="50.94860334013925" lon="5.246553342846308">
    <ele>28.600000000000005</ele>
   </trkpt>
   <trkpt lat="50.94885000000001" lon="5.24566">
    <ele>28.53</ele>
   </trkpt>
   <trkpt lat="50.94903000000001" lon="5.24471">
    <ele>28.580000000000002</ele>
   </trkpt>
   <trkpt lat="50.949200000000005" lon="5.24331">
    <ele>27.89</ele>
   </trkpt>
   <trkpt lat="50.94933" lon="5.242730000000001">
    <ele>27.73</ele>
   </trkpt>
   <trkpt lat="50.949400000000004" lon="5.2424800000000005">
    <ele>27.73</ele>
   </trkpt>
   <trkpt lat="50.94946" lon="5.24232">
    <ele>27.680000000000003</ele>
   </trkpt>
   <trkpt lat="50.949740000000006" lon="5.2416100000000005">
    <ele>27.91</ele>
   </trkpt>
   <trkpt lat="50.950040002584686" lon="5.240840004833159">
    <ele>27.6</ele>
   </trkpt>
   <trkpt lat="50.950340000000004" lon="5.24007">
    <ele>27.53</ele>
   </trkpt>
   <trkpt lat="50.95035000000001" lon="5.239890000000001">
    <ele>27.53</ele>
   </trkpt>
   <trkpt lat="50.95042" lon="5.239540000000001">
    <ele>27.500000000000004</ele>
   </trkpt>
   <trkpt lat="50.95051" lon="5.2394300000000005">
    <ele>27.470000000000002</ele>
   </trkpt>
   <trkpt lat="50.95055000000001" lon="5.239330000000001">
    <ele>27.470000000000002</ele>
   </trkpt>
   <trkpt lat="50.950610000000005" lon="5.23887">
    <ele>27.500000000000004</ele>
   </trkpt>
   <trkpt lat="50.95059500704756" lon="5.2375849993812">
    <ele>27.720000000000002</ele>
   </trkpt>
   <trkpt lat="50.95058" lon="5.236300000000001">
    <ele>27.82</ele>
   </trkpt>
   <trkpt lat="50.9506" lon="5.235650000000001">
    <ele>27.860000000000003</ele>
   </trkpt>
   <trkpt lat="50.95064000000001" lon="5.2353000000000005">
    <ele>27.810000000000002</ele>
   </trkpt>
   <trkpt lat="50.95062" lon="5.23411">
    <ele>27.66</ele>
   </trkpt>
   <trkpt lat="50.95064000000001" lon="5.2334700000000005">
    <ele>27.810000000000002</ele>
   </trkpt>
   <trkpt lat="50.9507250059083" lon="5.232295001959587">
    <ele>27.73</ele>
   </trkpt>
   <trkpt lat="50.950810000000004" lon="5.231120000000001">
    <ele>27.66</ele>
   </trkpt>
   <trkpt lat="50.95082000000001" lon="5.230460000000001">
    <ele>27.39</ele>
   </trkpt>
   <trkpt lat="50.95080500283811" lon="5.229644999855041">
    <ele>27.03</ele>
   </trkpt>
   <trkpt lat="50.950790000000005" lon="5.22883">
    <ele>27.12</ele>
   </trkpt>
   <trkpt lat="50.95078500377094" lon="5.227889999594338">
    <ele>27.090000000000003</ele>
   </trkpt>
   <trkpt lat="50.95078" lon="5.22695">
    <ele>26.78</ele>
   </trkpt>
   <trkpt lat="50.950750000000006" lon="5.2259400000000005">
    <ele>26.480000000000004</ele>
   </trkpt>
   <trkpt lat="50.950660000000006" lon="5.224690000000001">
    <ele>26.21</ele>
   </trkpt>
   <trkpt lat="50.95069" lon="5.22428">
    <ele>26.050000000000004</ele>
   </trkpt>
   <trkpt lat="50.950860000000006" lon="5.223310000000001">
    <ele>25.93</ele>
   </trkpt>
   <trkpt lat="50.9508" lon="5.22245">
    <ele>25.720000000000002</ele>
   </trkpt>
   <trkpt lat="50.9508" lon="5.22219">
    <ele>25.75</ele>
   </trkpt>
   <trkpt lat="50.95091000000001" lon="5.22163">
    <ele>25.96</ele>
   </trkpt>
   <trkpt lat="50.95094" lon="5.220230000000001">
    <ele>26.500000000000004</ele>
   </trkpt>
   <trkpt lat="50.95094" lon="5.22024">
    <ele>26.500000000000004</ele>
   </trkpt>
   <trkpt lat="50.95096000279598" lon="5.219430000560912">
    <ele>26.81</ele>
   </trkpt>
   <trkpt lat="50.95098" lon="5.2186200000000005">
    <ele>27.22</ele>
   </trkpt>
   <trkpt lat="50.95166000025175" lon="5.218894995947764">
    <ele>26.76</ele>
   </trkpt>
   <trkpt lat="50.95234000000001" lon="5.21917">
    <ele>26.89</ele>
   </trkpt>
   <trkpt lat="50.952470000000005" lon="5.219200000000001">
    <ele>26.900000000000002</ele>
   </trkpt>
   <trkpt lat="50.952780000000004" lon="5.21919">
    <ele>26.730000000000004</ele>
   </trkpt>
   <trkpt lat="50.95330000020901" lon="5.21935999812588">
    <ele>26.580000000000002</ele>
   </trkpt>
   <trkpt lat="50.95382000000001" lon="5.219530000000001">
    <ele>26.680000000000003</ele>
   </trkpt>
   <trkpt lat="50.953920000000004" lon="5.21952">
    <ele>26.79</ele>
   </trkpt>
   <trkpt lat="50.95407" lon="5.21947">
    <ele>26.830000000000002</ele>
   </trkpt>
   <trkpt lat="50.954550000000005" lon="5.219180000000001">
    <ele>26.97</ele>
   </trkpt>
   <trkpt lat="50.954730000000005" lon="5.21902">
    <ele>26.97</ele>
   </trkpt>
   <trkpt lat="50.955000000000005" lon="5.218730000000001">
    <ele>27.05</ele>
   </trkpt>
   <trkpt lat="50.95519" lon="5.21849">
    <ele>27.05</ele>
   </trkpt>
   <trkpt lat="50.955470000000005" lon="5.21809">
    <ele>26.900000000000002</ele>
   </trkpt>
   <trkpt lat="50.95588000000001" lon="5.217420000000001">
    <ele>26.400000000000002</ele>
   </trkpt>
   <trkpt lat="50.95609" lon="5.217110000000001">
    <ele>26.250000000000004</ele>
   </trkpt>
   <trkpt lat="50.95673500336082" lon="5.216225012260769">
    <ele>25.84</ele>
   </trkpt>
   <trkpt lat="50.95738000000001" lon="5.21534">
    <ele>25.25</ele>
   </trkpt>
   <trkpt lat="50.957930000000005" lon="5.2163">
    <ele>24.020000000000003</ele>
   </trkpt>
   <trkpt lat="50.95825000000001" lon="5.215800000000001">
    <ele>23.44</ele>
   </trkpt>
   <trkpt lat="50.958650000000006" lon="5.21522">
    <ele>23.23</ele>
   </trkpt>
   <trkpt lat="50.95917000000001" lon="5.2145">
    <ele>23.07</ele>
   </trkpt>
   <trkpt lat="50.95989" lon="5.21372">
    <ele>22.94</ele>
   </trkpt>
   <trkpt lat="50.96012" lon="5.213430000000001">
    <ele>22.78</ele>
   </trkpt>
   <trkpt lat="50.9604750027038" lon="5.212645005836399">
    <ele>22.930000000000003</ele>
   </trkpt>
   <trkpt lat="50.96083" lon="5.211860000000001">
    <ele>23.15</ele>
   </trkpt>
   <trkpt lat="50.96087000000001" lon="5.211860000000001">
    <ele>23.15</ele>
   </trkpt>
   <trkpt lat="50.961270000000006" lon="5.21154">
    <ele>23.32</ele>
   </trkpt>
   <trkpt lat="50.961290000000005" lon="5.21149">
    <ele>23.32</ele>
   </trkpt>
   <trkpt lat="50.96153" lon="5.21145">
    <ele>23.32</ele>
   </trkpt>
   <trkpt lat="50.961710000000004" lon="5.2113700000000005">
    <ele>23.32</ele>
   </trkpt>
   <trkpt lat="50.96181000000001" lon="5.21126">
    <ele>23.32</ele>
   </trkpt>
   <trkpt lat="50.96191" lon="5.211080000000001">
    <ele>23.32</ele>
   </trkpt>
   <trkpt lat="50.96197" lon="5.21084">
    <ele>23.49</ele>
   </trkpt>
   <trkpt lat="50.96199000000001" lon="5.21063">
    <ele>23.49</ele>
   </trkpt>
   <trkpt lat="50.96199000000001" lon="5.210610000000001">
    <ele>23.500000000000004</ele>
   </trkpt>
   <trkpt lat="50.961980000000004" lon="5.21032">
    <ele>23.500000000000004</ele>
   </trkpt>
   <trkpt lat="50.96182" lon="5.20992">
    <ele>23.66</ele>
   </trkpt>
   <trkpt lat="50.96139" lon="5.2090000000000005">
    <ele>23.76</ele>
   </trkpt>
   <trkpt lat="50.961330000000004" lon="5.2088">
    <ele>23.950000000000003</ele>
   </trkpt>
   <trkpt lat="50.961270000000006" lon="5.2084600000000005">
    <ele>23.950000000000003</ele>
   </trkpt>
   <trkpt lat="50.96115" lon="5.20739">
    <ele>24.3</ele>
   </trkpt>
   <trkpt lat="50.96115" lon="5.207190000000001">
    <ele>24.42</ele>
   </trkpt>
   <trkpt lat="50.96134000000001" lon="5.20582">
    <ele>24.93</ele>
   </trkpt>
   <trkpt lat="50.96144" lon="5.20492">
    <ele>25.42</ele>
   </trkpt>
   <trkpt lat="50.96150500295445" lon="5.204085001452524">
    <ele>25.540000000000003</ele>
   </trkpt>
   <trkpt lat="50.96157" lon="5.203250000000001">
    <ele>25.26</ele>
   </trkpt>
   <trkpt lat="50.961710000000004" lon="5.2019">
    <ele>24.790000000000003</ele>
   </trkpt>
   <trkpt lat="50.961710000000004" lon="5.20167">
    <ele>24.790000000000003</ele>
   </trkpt>
   <trkpt lat="50.961710000000004" lon="5.201650000000001">
    <ele>24.790000000000003</ele>
   </trkpt>
   <trkpt lat="50.96173500276075" lon="5.200845000619945">
    <ele>24.62</ele>
   </trkpt>
   <trkpt lat="50.961760000000005" lon="5.20004">
    <ele>24.650000000000002</ele>
   </trkpt>
   <trkpt lat="50.961690000000004" lon="5.1999">
    <ele>24.73</ele>
   </trkpt>
   <trkpt lat="50.961420000000004" lon="5.19875">
    <ele>25.130000000000003</ele>
   </trkpt>
   <trkpt lat="50.961420000000004" lon="5.19833">
    <ele>25.18</ele>
   </trkpt>
   <trkpt lat="50.96168334549334" lon="5.19713668018941">
    <ele>25.0</ele>
   </trkpt>
   <trkpt lat="50.96194667882779" lon="5.195943346851256">
    <ele>24.560000000000002</ele>
   </trkpt>
   <trkpt lat="50.962210000000006" lon="5.194750000000001">
    <ele>23.73</ele>
   </trkpt>
   <trkpt lat="50.962480012926356" lon="5.193520014256493">
    <ele>23.17</ele>
   </trkpt>
   <trkpt lat="50.96275001293523" lon="5.19229001421636">
    <ele>22.8</ele>
   </trkpt>
   <trkpt lat="50.96302000000001" lon="5.19106">
    <ele>22.54</ele>
   </trkpt>
   <trkpt lat="50.96324667504362" lon="5.190070009622747">
    <ele>22.45</ele>
   </trkpt>
   <trkpt lat="50.963473341718945" lon="5.189080009585042">
    <ele>22.250000000000004</ele>
   </trkpt>
   <trkpt lat="50.9637" lon="5.188090000000001">
    <ele>22.250000000000004</ele>
   </trkpt>
   <trkpt lat="50.96395500455934" lon="5.187055005737253">
    <ele>22.21</ele>
   </trkpt>
   <trkpt lat="50.96421" lon="5.18602">
    <ele>22.46</ele>
   </trkpt>
   <trkpt lat="50.964220000000005" lon="5.1860100000000005">
    <ele>22.46</ele>
   </trkpt>
   <trkpt lat="50.96446" lon="5.1849300000000005">
    <ele>22.78</ele>
   </trkpt>
   <trkpt lat="50.96453" lon="5.184500000000001">
    <ele>22.97</ele>
   </trkpt>
   <trkpt lat="50.964850000000006" lon="5.1843">
    <ele>22.76</ele>
   </trkpt>
   <trkpt lat="50.96488" lon="5.184340000000001">
    <ele>22.76</ele>
   </trkpt>
   <trkpt lat="50.965140000000005" lon="5.18433">
    <ele>22.240000000000002</ele>
   </trkpt>
   <trkpt lat="50.966" lon="5.18435">
    <ele>21.79</ele>
   </trkpt>
   <trkpt lat="50.96625" lon="5.18438">
    <ele>21.69</ele>
   </trkpt>
   <trkpt lat="50.96690499998311" lon="5.184499998293574">
    <ele>21.67</ele>
   </trkpt>
   <trkpt lat="50.967560000000006" lon="5.184620000000001">
    <ele>22.01</ele>
   </trkpt>
   <trkpt lat="50.9677" lon="5.184620000000001">
    <ele>22.340000000000003</ele>
   </trkpt>
   <trkpt lat="50.967780000000005" lon="5.18465">
    <ele>22.340000000000003</ele>
   </trkpt>
   <trkpt lat="50.967940000000006" lon="5.18475">
    <ele>22.480000000000004</ele>
   </trkpt>
   <trkpt lat="50.96857000000001" lon="5.185250000000001">
    <ele>22.28</ele>
   </trkpt>
   <trkpt lat="50.968790000000006" lon="5.18534">
    <ele>22.070000000000004</ele>
   </trkpt>
   <trkpt lat="50.969010000000004" lon="5.18538">
    <ele>21.990000000000002</ele>
   </trkpt>
   <trkpt lat="50.969280000000005" lon="5.18538">
    <ele>21.900000000000002</ele>
   </trkpt>
   <trkpt lat="50.9698349999337" lon="5.185290001091775">
    <ele>21.77</ele>
   </trkpt>
   <trkpt lat="50.97039" lon="5.1852">
    <ele>22.160000000000004</ele>
   </trkpt>
   <trkpt lat="50.97079" lon="5.18517">
    <ele>22.76</ele>
   </trkpt>
   <trkpt lat="50.970960000000005" lon="5.18517">
    <ele>22.76</ele>
   </trkpt>
   <trkpt lat="50.971180000000004" lon="5.18519">
    <ele>23.01</ele>
   </trkpt>
   <trkpt lat="50.97129" lon="5.185230000000001">
    <ele>23.01</ele>
   </trkpt>
   <trkpt lat="50.971560000000004" lon="5.18538">
    <ele>22.11</ele>
   </trkpt>
   <trkpt lat="50.972350000000006" lon="5.1860100000000005">
    <ele>21.550000000000004</ele>
   </trkpt>
   <trkpt lat="50.973170002276376" lon="5.186429977761442">
    <ele>21.52</ele>
   </trkpt>
   <trkpt lat="50.97399000304682" lon="5.186849970353902">
    <ele>22.04</ele>
   </trkpt>
   <trkpt lat="50.97481000231122" lon="5.187269977778311">
    <ele>22.09</ele>
   </trkpt>
   <trkpt lat="50.97563" lon="5.187690000000001">
    <ele>22.36</ele>
   </trkpt>
   <trkpt lat="50.975660000000005" lon="5.18759">
    <ele>22.47</ele>
   </trkpt>
   <trkpt lat="50.97578000000001" lon="5.1874">
    <ele>22.21</ele>
   </trkpt>
   <trkpt lat="50.975880000000004" lon="5.187360000000001">
    <ele>22.21</ele>
   </trkpt>
   <trkpt lat="50.97655666675715" lon="5.187303334979553">
    <ele>22.04</ele>
   </trkpt>
   <trkpt lat="50.97723333348688" lon="5.187246668307633">
    <ele>22.22</ele>
   </trkpt>
   <trkpt lat="50.97791" lon="5.18719">
    <ele>22.490000000000002</ele>
   </trkpt>
   <trkpt lat="50.97833000000001" lon="5.18714">
    <ele>22.55</ele>
   </trkpt>
   <trkpt lat="50.978550000000006" lon="5.187080000000001">
    <ele>22.9</ele>
   </trkpt>
   <trkpt lat="50.97874" lon="5.187">
    <ele>22.9</ele>
   </trkpt>
   <trkpt lat="50.979290000000006" lon="5.186710000000001">
    <ele>23.87</ele>
   </trkpt>
   <trkpt lat="50.979380000000006" lon="5.186640000000001">
    <ele>23.87</ele>
   </trkpt>
   <trkpt lat="50.979510000000005" lon="5.1865000000000006">
    <ele>23.880000000000003</ele>
   </trkpt>
   <trkpt lat="50.979620000000004" lon="5.18628">
    <ele>23.91</ele>
   </trkpt>
   <trkpt lat="50.97991000232089" lon="5.18554000466432">
    <ele>24.240000000000002</ele>
   </trkpt>
   <trkpt lat="50.9802" lon="5.1848">
    <ele>24.92</ele>
   </trkpt>
   <trkpt lat="50.9804" lon="5.18461">
    <ele>25.0</ele>
   </trkpt>
   <trkpt lat="50.981055000928244" lon="5.184125006898382">
    <ele>25.23</ele>
   </trkpt>
   <trkpt lat="50.98171000000001" lon="5.1836400000000005">
    <ele>26.150000000000002</ele>
   </trkpt>
   <trkpt lat="50.98199" lon="5.1835">
    <ele>26.520000000000003</ele>
   </trkpt>
   <trkpt lat="50.98257" lon="5.183260000000001">
    <ele>27.89</ele>
   </trkpt>
   <trkpt lat="50.98239" lon="5.1823500000000005">
    <ele>27.15</ele>
   </trkpt>
   <trkpt lat="50.98239" lon="5.18236">
    <ele>27.15</ele>
   </trkpt>
   <trkpt lat="50.982146680291706" lon="5.1810966534224585">
    <ele>27.13</ele>
   </trkpt>
   <trkpt lat="50.98190334695799" lon="5.179833320087454">
    <ele>27.48</ele>
   </trkpt>
   <trkpt lat="50.981660000000005" lon="5.178570000000001">
    <ele>28.37</ele>
   </trkpt>
   <trkpt lat="50.98165" lon="5.17844">
    <ele>28.46</ele>
   </trkpt>
   <trkpt lat="50.981680000000004" lon="5.178380000000001">
    <ele>28.580000000000002</ele>
   </trkpt>
   <trkpt lat="50.981590000000004" lon="5.1782900000000005">
    <ele>28.520000000000003</ele>
   </trkpt>
   <trkpt lat="50.98116" lon="5.17797">
    <ele>27.15</ele>
   </trkpt>
   <trkpt lat="50.98091" lon="5.17785">
    <ele>26.770000000000003</ele>
   </trkpt>
   <trkpt lat="50.98086000000001" lon="5.177370000000001">
    <ele>26.240000000000002</ele>
   </trkpt>
   <trkpt lat="50.980650000000004" lon="5.17644">
    <ele>26.250000000000004</ele>
   </trkpt>
   <trkpt lat="50.980520000000006" lon="5.175680000000001">
    <ele>26.02</ele>
   </trkpt>
   <trkpt lat="50.980470000000004" lon="5.17516">
    <ele>26.050000000000004</ele>
   </trkpt>
   <trkpt lat="50.980560000000004" lon="5.1748400000000006">
    <ele>26.51</ele>
   </trkpt>
   <trkpt lat="50.98059000000001" lon="5.174650000000001">
    <ele>26.51</ele>
   </trkpt>
   <trkpt lat="50.98059000000001" lon="5.17422">
    <ele>26.51</ele>
   </trkpt>
   <trkpt lat="50.98059000000001" lon="5.174200000000001">
    <ele>26.51</ele>
   </trkpt>
   <trkpt lat="50.98059000000001" lon="5.1737">
    <ele>26.64</ele>
   </trkpt>
   <trkpt lat="50.98026" lon="5.172580000000001">
    <ele>26.01</ele>
   </trkpt>
   <trkpt lat="50.9802" lon="5.172300000000001">
    <ele>25.900000000000002</ele>
   </trkpt>
   <trkpt lat="50.9802" lon="5.17213">
    <ele>25.900000000000002</ele>
   </trkpt>
   <trkpt lat="50.980270000000004" lon="5.1715">
    <ele>25.810000000000002</ele>
   </trkpt>
   <trkpt lat="50.980270000000004" lon="5.17131">
    <ele>25.810000000000002</ele>
   </trkpt>
   <trkpt lat="50.98024" lon="5.171010000000001">
    <ele>25.810000000000002</ele>
   </trkpt>
   <trkpt lat="50.98015" lon="5.170610000000001">
    <ele>25.75</ele>
   </trkpt>
   <trkpt lat="50.979780000000005" lon="5.1694700000000005">
    <ele>25.59</ele>
   </trkpt>
   <trkpt lat="50.97945500215419" lon="5.168759995035452">
    <ele>25.39</ele>
   </trkpt>
   <trkpt lat="50.979130000000005" lon="5.16805">
    <ele>24.970000000000002</ele>
   </trkpt>
   <trkpt lat="50.97905" lon="5.16783">
    <ele>24.93</ele>
   </trkpt>
   <trkpt lat="50.97898000000001" lon="5.167520000000001">
    <ele>24.96</ele>
   </trkpt>
   <trkpt lat="50.978840000000005" lon="5.16668">
    <ele>24.84</ele>
   </trkpt>
   <trkpt lat="50.978790000000004" lon="5.165970000000001">
    <ele>24.91</ele>
   </trkpt>
   <trkpt lat="50.97876" lon="5.165780000000001">
    <ele>24.91</ele>
   </trkpt>
   <trkpt lat="50.97851000000001" lon="5.164820000000001">
    <ele>24.41</ele>
   </trkpt>
   <trkpt lat="50.97843" lon="5.1645900000000005">
    <ele>24.25</ele>
   </trkpt>
   <trkpt lat="50.978390000000005" lon="5.16427">
    <ele>23.990000000000002</ele>
   </trkpt>
   <trkpt lat="50.97836" lon="5.163830000000001">
    <ele>23.76</ele>
   </trkpt>
   <trkpt lat="50.97840000000001" lon="5.16303">
    <ele>23.650000000000002</ele>
   </trkpt>
   <trkpt lat="50.97833000000001" lon="5.1623600000000005">
    <ele>23.57</ele>
   </trkpt>
   <trkpt lat="50.97833000000001" lon="5.1621500000000005">
    <ele>23.57</ele>
   </trkpt>
   <trkpt lat="50.97842000319307" lon="5.1612850016848695">
    <ele>23.32</ele>
   </trkpt>
   <trkpt lat="50.97851000000001" lon="5.16042">
    <ele>23.560000000000002</ele>
   </trkpt>
   <trkpt lat="50.9787150150849" lon="5.159335014320714">
    <ele>23.8</ele>
   </trkpt>
   <trkpt lat="50.97892002011967" lon="5.158250019060459">
    <ele>23.73</ele>
   </trkpt>
   <trkpt lat="50.979125015104124" lon="5.157165014219552">
    <ele>23.650000000000002</ele>
   </trkpt>
   <trkpt lat="50.979330000000004" lon="5.15608">
    <ele>23.630000000000003</ele>
   </trkpt>
   <trkpt lat="50.979420000000005" lon="5.1556500000000005">
    <ele>23.73</ele>
   </trkpt>
   <trkpt lat="50.97960000270003" lon="5.154845003416578">
    <ele>23.57</ele>
   </trkpt>
   <trkpt lat="50.979780000000005" lon="5.15404">
    <ele>23.51</ele>
   </trkpt>
   <trkpt lat="50.979820000000004" lon="5.15343">
    <ele>23.44</ele>
   </trkpt>
   <trkpt lat="50.9799" lon="5.152900000000001">
    <ele>23.500000000000004</ele>
   </trkpt>
   <trkpt lat="50.980000000000004" lon="5.15259">
    <ele>23.67</ele>
   </trkpt>
   <trkpt lat="50.98030000000001" lon="5.151870000000001">
    <ele>23.860000000000003</ele>
   </trkpt>
   <trkpt lat="50.98053" lon="5.15106">
    <ele>23.83</ele>
   </trkpt>
   <trkpt lat="50.98067" lon="5.15038">
    <ele>23.860000000000003</ele>
   </trkpt>
   <trkpt lat="50.98078" lon="5.150060000000001">
    <ele>23.860000000000003</ele>
   </trkpt>
   <trkpt lat="50.98128750958186" lon="5.149195028365003">
    <ele>23.83</ele>
   </trkpt>
   <trkpt lat="50.981795012776324" lon="5.1483300378198">
    <ele>23.82</ele>
   </trkpt>
   <trkpt lat="50.982302509583086" lon="5.147465028363872">
    <ele>23.73</ele>
   </trkpt>
   <trkpt lat="50.98281" lon="5.1466">
    <ele>23.41</ele>
   </trkpt>
   <trkpt lat="50.98299" lon="5.1463600000000005">
    <ele>23.22</ele>
   </trkpt>
   <trkpt lat="50.98312000000001" lon="5.1462200000000005">
    <ele>23.15</ele>
   </trkpt>
   <trkpt lat="50.983250000000005" lon="5.14611">
    <ele>23.15</ele>
   </trkpt>
   <trkpt lat="50.98350000000001" lon="5.145980000000001">
    <ele>23.160000000000004</ele>
   </trkpt>
   <trkpt lat="50.983560000000004" lon="5.145930000000001">
    <ele>23.14</ele>
   </trkpt>
   <trkpt lat="50.983975001541836" lon="5.145350005036821">
    <ele>22.96</ele>
   </trkpt>
   <trkpt lat="50.984390000000005" lon="5.14477">
    <ele>22.96</ele>
   </trkpt>
   <trkpt lat="50.98461" lon="5.14451">
    <ele>22.98</ele>
   </trkpt>
   <trkpt lat="50.98476" lon="5.144380000000001">
    <ele>22.94</ele>
   </trkpt>
   <trkpt lat="50.98523000039583" lon="5.144095002855723">
    <ele>22.820000000000004</ele>
   </trkpt>
   <trkpt lat="50.9857" lon="5.14381">
    <ele>22.96</ele>
   </trkpt>
   <trkpt lat="50.98584" lon="5.14374">
    <ele>23.020000000000003</ele>
   </trkpt>
   <trkpt lat="50.986290000000004" lon="5.1436">
    <ele>23.180000000000003</ele>
   </trkpt>
   <trkpt lat="50.986580000000004" lon="5.14364">
    <ele>23.020000000000003</ele>
   </trkpt>
   <trkpt lat="50.986720000000005" lon="5.143610000000001">
    <ele>23.03</ele>
   </trkpt>
   <trkpt lat="50.98682" lon="5.143540000000001">
    <ele>23.03</ele>
   </trkpt>
   <trkpt lat="50.98691" lon="5.14344">
    <ele>23.180000000000003</ele>
   </trkpt>
   <trkpt lat="50.98716" lon="5.14301">
    <ele>23.03</ele>
   </trkpt>
   <trkpt lat="50.987260000000006" lon="5.1429">
    <ele>23.03</ele>
   </trkpt>
   <trkpt lat="50.98736" lon="5.14285">
    <ele>22.990000000000002</ele>
   </trkpt>
   <trkpt lat="50.98772" lon="5.1428">
    <ele>23.080000000000002</ele>
   </trkpt>
   <trkpt lat="50.987840000000006" lon="5.1427700000000005">
    <ele>23.080000000000002</ele>
   </trkpt>
   <trkpt lat="50.98798000000001" lon="5.14269">
    <ele>22.950000000000003</ele>
   </trkpt>
   <trkpt lat="50.98841" lon="5.14276">
    <ele>22.950000000000003</ele>
   </trkpt>
   <trkpt lat="50.98891500007118" lon="5.142879998696713">
    <ele>22.570000000000004</ele>
   </trkpt>
   <trkpt lat="50.98942" lon="5.143000000000001">
    <ele>22.8</ele>
   </trkpt>
   <trkpt lat="50.989540000000005" lon="5.143050000000001">
    <ele>22.8</ele>
   </trkpt>
   <trkpt lat="50.989700000000006" lon="5.1431700000000005">
    <ele>22.820000000000004</ele>
   </trkpt>
   <trkpt lat="50.99015500111976" lon="5.143624995775658">
    <ele>22.750000000000004</ele>
   </trkpt>
   <trkpt lat="50.990610000000004" lon="5.144080000000001">
    <ele>22.97</ele>
   </trkpt>
   <trkpt lat="50.99072" lon="5.14421">
    <ele>22.97</ele>
   </trkpt>
   <trkpt lat="50.991055001351" lon="5.144744996344919">
    <ele>23.01</ele>
   </trkpt>
   <trkpt lat="50.99139" lon="5.1452800000000005">
    <ele>23.12</ele>
   </trkpt>
   <trkpt lat="50.99192000000001" lon="5.1462">
    <ele>23.37</ele>
   </trkpt>
   <trkpt lat="50.99233000258265" lon="5.146964993399916">
    <ele>23.160000000000004</ele>
   </trkpt>
   <trkpt lat="50.992740000000005" lon="5.14773">
    <ele>23.1</ele>
   </trkpt>
   <trkpt lat="50.992830000000005" lon="5.148090000000001">
    <ele>22.930000000000003</ele>
   </trkpt>
   <trkpt lat="50.99287" lon="5.14892">
    <ele>23.07</ele>
   </trkpt>
   <trkpt lat="50.99291" lon="5.14921">
    <ele>23.07</ele>
   </trkpt>
   <trkpt lat="50.993100000000005" lon="5.149760000000001">
    <ele>22.85</ele>
   </trkpt>
   <trkpt lat="50.9935200032675" lon="5.150639991956692">
    <ele>22.830000000000002</ele>
   </trkpt>
   <trkpt lat="50.99394" lon="5.1515200000000005">
    <ele>22.7</ele>
   </trkpt>
   <trkpt lat="50.99423000252066" lon="5.152289995161841">
    <ele>22.85</ele>
   </trkpt>
   <trkpt lat="50.99452" lon="5.153060000000001">
    <ele>24.68</ele>
   </trkpt>
   <trkpt lat="50.994620000000005" lon="5.1531400000000005">
    <ele>24.73</ele>
   </trkpt>
   <trkpt lat="50.99473000328929" lon="5.152260002213674">
    <ele>24.51</ele>
   </trkpt>
   <trkpt lat="50.99484" lon="5.1513800000000005">
    <ele>24.17</ele>
   </trkpt>
   <trkpt lat="50.994910000000004" lon="5.15094">
    <ele>24.23</ele>
   </trkpt>
   <trkpt lat="50.99524752115172" lon="5.149655028003083">
    <ele>23.96</ele>
   </trkpt>
   <trkpt lat="50.995585028208566" lon="5.148370037314274">
    <ele>23.96</ele>
   </trkpt>
   <trkpt lat="50.995922521170186" lon="5.147085027933857">
    <ele>23.98</ele>
   </trkpt>
   <trkpt lat="50.99626000000001" lon="5.1458">
    <ele>23.98</ele>
   </trkpt>
   <trkpt lat="50.99638" lon="5.14543">
    <ele>23.930000000000003</ele>
   </trkpt>
   <trkpt lat="50.99651" lon="5.145160000000001">
    <ele>23.930000000000003</ele>
   </trkpt>
   <trkpt lat="50.99703" lon="5.144380000000001">
    <ele>24.110000000000003</ele>
   </trkpt>
   <trkpt lat="50.997580002818616" lon="5.143565009684503">
    <ele>24.34</ele>
   </trkpt>
   <trkpt lat="50.99813" lon="5.14275">
    <ele>25.120000000000005</ele>
   </trkpt>
   <trkpt lat="50.998450000000005" lon="5.14224">
    <ele>26.63</ele>
   </trkpt>
   <trkpt lat="50.998650000000005" lon="5.141870000000001">
    <ele>28.040000000000003</ele>
   </trkpt>
   <trkpt lat="50.998870000000004" lon="5.1416200000000005">
    <ele>29.14</ele>
   </trkpt>
   <trkpt lat="50.99916" lon="5.14137">
    <ele>29.78</ele>
   </trkpt>
   <trkpt lat="50.99945" lon="5.14107">
    <ele>30.26</ele>
   </trkpt>
   <trkpt lat="50.99982000099503" lon="5.140600003681686">
    <ele>30.36</ele>
   </trkpt>
   <trkpt lat="51.00019" lon="5.14013">
    <ele>30.220000000000002</ele>
   </trkpt>
   <trkpt lat="51.00076000000001" lon="5.139460000000001">
    <ele>29.78</ele>
   </trkpt>
   <trkpt lat="51.001449378070134" lon="5.13859484667504">
    <ele>29.32</ele>
   </trkpt>
   <trkpt lat="51.002138749751055" lon="5.137729667639278">
    <ele>29.200000000000003</ele>
   </trkpt>
   <trkpt lat="51.00282811504245" lon="5.136864462891557">
    <ele>28.78</ele>
   </trkpt>
   <trkpt lat="51.00351747394393" lon="5.135999232430718">
    <ele>28.71</ele>
   </trkpt>
   <trkpt lat="51.00420682645518" lon="5.135133976255604">
    <ele>28.51</ele>
   </trkpt>
   <trkpt lat="51.004896172575855" lon="5.134268694365056">
    <ele>29.060000000000002</ele>
   </trkpt>
   <trkpt lat="51.00558551230558" lon="5.133403386757915">
    <ele>30.35</ele>
   </trkpt>
   <trkpt lat="51.006274845644064" lon="5.132538053433022">
    <ele>32.220000000000006</ele>
   </trkpt>
   <trkpt lat="51.006964172590884" lon="5.131672694389221">
    <ele>34.010000000000005</ele>
   </trkpt>
   <trkpt lat="51.00765349314576" lon="5.130807309625348">
    <ele>37.73</ele>
   </trkpt>
   <trkpt lat="51.00834280730831" lon="5.129941899140251">
    <ele>41.79</ele>
   </trkpt>
   <trkpt lat="51.009032115078185" lon="5.1290764629327645">
    <ele>44.79</ele>
   </trkpt>
   <trkpt lat="51.00972141645505" lon="5.128211001001735">
    <ele>44.0</ele>
   </trkpt>
   <trkpt lat="51.01041071143855" lon="5.127345513346002">
    <ele>40.81</ele>
   </trkpt>
   <trkpt lat="51.011100000000006" lon="5.126480000000001">
    <ele>37.2</ele>
   </trkpt>
   <trkpt lat="51.01172500251112" lon="5.125710010400318">
    <ele>34.77</ele>
   </trkpt>
   <trkpt lat="51.012350000000005" lon="5.1249400000000005">
    <ele>33.410000000000004</ele>
   </trkpt>
   <trkpt lat="51.01245" lon="5.124790000000001">
    <ele>33.150000000000006</ele>
   </trkpt>
   <trkpt lat="51.012640000000005" lon="5.124560000000001">
    <ele>32.940000000000005</ele>
   </trkpt>
   <trkpt lat="51.012710000000006" lon="5.124420000000001">
    <ele>32.64</ele>
   </trkpt>
   <trkpt lat="51.01272" lon="5.12429">
    <ele>32.42</ele>
   </trkpt>
   <trkpt lat="51.012750000000004" lon="5.1241900000000005">
    <ele>32.42</ele>
   </trkpt>
   <trkpt lat="51.012800000000006" lon="5.1241200000000005">
    <ele>32.32</ele>
   </trkpt>
   <trkpt lat="51.012890000000006" lon="5.124090000000001">
    <ele>32.32</ele>
   </trkpt>
   <trkpt lat="51.01297" lon="5.1241200000000005">
    <ele>32.29</ele>
   </trkpt>
   <trkpt lat="51.01306" lon="5.124040000000001">
    <ele>32.230000000000004</ele>
   </trkpt>
   <trkpt lat="51.013180000000006" lon="5.123900000000001">
    <ele>32.230000000000004</ele>
   </trkpt>
   <trkpt lat="51.01343000000001" lon="5.1235100000000005">
    <ele>31.95</ele>
   </trkpt>
   <trkpt lat="51.01359" lon="5.12337">
    <ele>31.94</ele>
   </trkpt>
   <trkpt lat="51.014295023393636" lon="5.122485094185221">
    <ele>31.650000000000002</ele>
   </trkpt>
   <trkpt lat="51.01500004010363" lon="5.121600161463467">
    <ele>31.830000000000002</ele>
   </trkpt>
   <trkpt lat="51.01570505012961" lon="5.1207152018335025">
    <ele>32.040000000000006</ele>
   </trkpt>
   <trkpt lat="51.016410053471226" lon="5.119830215294085">
    <ele>32.5</ele>
   </trkpt>
   <trkpt lat="51.01711505012808" lon="5.118945201843974">
    <ele>34.54</ele>
   </trkpt>
   <trkpt lat="51.017820040099814" lon="5.11806016148193">
    <ele>37.540000000000006</ele>
   </trkpt>
   <trkpt lat="51.01852502338604" lon="5.1171750942067105">
    <ele>37.76</ele>
   </trkpt>
   <trkpt lat="51.01923000000001" lon="5.11629">
    <ele>35.370000000000005</ele>
   </trkpt>
   <trkpt lat="51.019760000000005" lon="5.1156500000000005">
    <ele>34.5</ele>
   </trkpt>
   <trkpt lat="51.019800000000004" lon="5.11571">
    <ele>34.5</ele>
   </trkpt>
   <trkpt lat="51.020030000000006" lon="5.115430000000001">
    <ele>33.42</ele>
   </trkpt>
   <trkpt lat="51.02011" lon="5.115290000000001">
    <ele>32.85</ele>
   </trkpt>
   <trkpt lat="51.02065333726953" lon="5.114610015950787">
    <ele>29.550000000000004</ele>
   </trkpt>
   <trkpt lat="51.02119667059274" lon="5.113930015963714">
    <ele>26.55</ele>
   </trkpt>
   <trkpt lat="51.02174" lon="5.113250000000001">
    <ele>25.41</ele>
   </trkpt>
   <trkpt lat="51.0219" lon="5.113110000000001">
    <ele>24.82</ele>
   </trkpt>
   <trkpt lat="51.022000000000006" lon="5.11305">
    <ele>24.82</ele>
   </trkpt>
   <trkpt lat="51.02228" lon="5.1127">
    <ele>24.560000000000002</ele>
   </trkpt>
   <trkpt lat="51.022490000000005" lon="5.11244">
    <ele>23.950000000000003</ele>
   </trkpt>
   <trkpt lat="51.022560000000006" lon="5.112290000000001">
    <ele>23.950000000000003</ele>
   </trkpt>
   <trkpt lat="51.02326000000001" lon="5.111400000000001">
    <ele>23.200000000000003</ele>
   </trkpt>
   <trkpt lat="51.023360000000004" lon="5.1112400000000004">
    <ele>23.1</ele>
   </trkpt>
   <trkpt lat="51.02395000463953" lon="5.110503352074611">
    <ele>23.14</ele>
   </trkpt>
   <trkpt lat="51.02454000464771" lon="5.109766685398042">
    <ele>23.1</ele>
   </trkpt>
   <trkpt lat="51.025130000000004" lon="5.109030000000001">
    <ele>23.19</ele>
   </trkpt>
   <trkpt lat="51.02581377190086" lon="5.108173838409721">
    <ele>23.06</ele>
   </trkpt>
   <trkpt lat="51.02649753754577" lon="5.107317651560819">
    <ele>22.88</ele>
   </trkpt>
   <trkpt lat="51.02718129693439" lon="5.106461439452162">
    <ele>23.000000000000004</ele>
   </trkpt>
   <trkpt lat="51.027865050066396" lon="5.105605202082622">
    <ele>23.01</ele>
   </trkpt>
   <trkpt lat="51.02854879694147" lon="5.104748939451066">
    <ele>22.840000000000003</ele>
   </trkpt>
   <trkpt lat="51.02923253755923" lon="5.103892651556365">
    <ele>22.73</ele>
   </trkpt>
   <trkpt lat="51.02991627191937" lon="5.103036338397388">
    <ele>22.9</ele>
   </trkpt>
   <trkpt lat="51.03060000000001" lon="5.102180000000001">
    <ele>23.000000000000004</ele>
   </trkpt>
   <trkpt lat="51.03107000000001" lon="5.1016">
    <ele>23.19</ele>
   </trkpt>
   <trkpt lat="51.03119" lon="5.10149">
    <ele>23.200000000000003</ele>
   </trkpt>
   <trkpt lat="51.03141" lon="5.1012200000000005">
    <ele>23.28</ele>
   </trkpt>
   <trkpt lat="51.031380000000006" lon="5.101170000000001">
    <ele>23.470000000000002</ele>
   </trkpt>
   <trkpt lat="51.031560000000006" lon="5.10088">
    <ele>23.57</ele>
   </trkpt>
   <trkpt lat="51.032180000000004" lon="5.100090000000001">
    <ele>25.740000000000002</ele>
   </trkpt>
   <trkpt lat="51.03238" lon="5.0998600000000005">
    <ele>26.230000000000004</ele>
   </trkpt>
   <trkpt lat="51.03248000000001" lon="5.09978">
    <ele>26.230000000000004</ele>
   </trkpt>
   <trkpt lat="51.03314250215086" lon="5.099372517461167">
    <ele>30.160000000000004</ele>
   </trkpt>
   <trkpt lat="51.03380500288471" lon="5.098965023271585">
    <ele>34.21</ele>
   </trkpt>
   <trkpt lat="51.03446750220147" lon="5.098557517430668">
    <ele>37.61000000000001</ele>
   </trkpt>
   <trkpt lat="51.03513" lon="5.09815">
    <ele>39.03</ele>
   </trkpt>
   <trkpt lat="51.03595000000001" lon="5.09764">
    <ele>39.27</ele>
   </trkpt>
   <trkpt lat="51.03604000000001" lon="5.097600000000001">
    <ele>39.27</ele>
   </trkpt>
   <trkpt lat="51.036150000000006" lon="5.097580000000001">
    <ele>39.089999999999996</ele>
   </trkpt>
   <trkpt lat="51.036280000000005" lon="5.097580000000001">
    <ele>38.89</ele>
   </trkpt>
   <trkpt lat="51.03678000001236" lon="5.097614999622826">
    <ele>37.24</ele>
   </trkpt>
   <trkpt lat="51.03728" lon="5.097650000000001">
    <ele>35.64000000000001</ele>
   </trkpt>
   <trkpt lat="51.03748" lon="5.097650000000001">
    <ele>34.72</ele>
   </trkpt>
   <trkpt lat="51.0377" lon="5.097580000000001">
    <ele>34.510000000000005</ele>
   </trkpt>
   <trkpt lat="51.03786" lon="5.09745">
    <ele>34.15</ele>
   </trkpt>
   <trkpt lat="51.03804" lon="5.09734">
    <ele>34.260000000000005</ele>
   </trkpt>
   <trkpt lat="51.03819000000001" lon="5.09712">
    <ele>33.480000000000004</ele>
   </trkpt>
   <trkpt lat="51.03829" lon="5.09703">
    <ele>33.28</ele>
   </trkpt>
   <trkpt lat="51.03876000033517" lon="5.096810002171443">
    <ele>30.810000000000002</ele>
   </trkpt>
   <trkpt lat="51.03923" lon="5.096590000000001">
    <ele>29.960000000000004</ele>
   </trkpt>
   <trkpt lat="51.03934" lon="5.096500000000001">
    <ele>29.53</ele>
   </trkpt>
   <trkpt lat="51.03996666991024" lon="5.095880016808347">
    <ele>27.180000000000003</ele>
   </trkpt>
   <trkpt lat="51.04059333654033" lon="5.095260016844835">
    <ele>26.230000000000004</ele>
   </trkpt>
   <trkpt lat="51.04122" lon="5.09464">
    <ele>25.640000000000004</ele>
   </trkpt>
   <trkpt lat="51.04144" lon="5.09449">
    <ele>25.400000000000002</ele>
   </trkpt>
   <trkpt lat="51.041650000000004" lon="5.0944400000000005">
    <ele>25.400000000000002</ele>
   </trkpt>
   <trkpt lat="51.04211" lon="5.09447">
    <ele>25.150000000000002</ele>
   </trkpt>
   <trkpt lat="51.04231000000001" lon="5.09443">
    <ele>25.150000000000002</ele>
   </trkpt>
   <trkpt lat="51.043073334349884" lon="5.094096677621797">
    <ele>24.240000000000002</ele>
   </trkpt>
   <trkpt lat="51.04383666775166" lon="5.093763344258798">
    <ele>23.970000000000002</ele>
   </trkpt>
   <trkpt lat="51.0446" lon="5.093430000000001">
    <ele>24.900000000000002</ele>
   </trkpt>
   <trkpt lat="51.045230000000004" lon="5.093050000000001">
    <ele>25.210000000000004</ele>
   </trkpt>
   <trkpt lat="51.045685000251844" lon="5.0927500030339194">
    <ele>25.43</ele>
   </trkpt>
   <trkpt lat="51.04614" lon="5.09245">
    <ele>25.78</ele>
   </trkpt>
   <trkpt lat="51.046755001186824" lon="5.091910007220018">
    <ele>26.150000000000002</ele>
   </trkpt>
   <trkpt lat="51.04737" lon="5.09137">
    <ele>26.410000000000004</ele>
   </trkpt>
   <trkpt lat="51.04762" lon="5.091150000000001">
    <ele>26.46</ele>
   </trkpt>
   <trkpt lat="51.04787" lon="5.090870000000001">
    <ele>26.45</ele>
   </trkpt>
   <trkpt lat="51.048433336589646" lon="5.090246681894703">
    <ele>26.47</ele>
   </trkpt>
   <trkpt lat="51.04899666986398" lon="5.089623348626912">
    <ele>26.750000000000004</ele>
   </trkpt>
   <trkpt lat="51.04956000000001" lon="5.089">
    <ele>27.42</ele>
   </trkpt>
   <trkpt lat="51.05013000171655" lon="5.088365007819287">
    <ele>27.91</ele>
   </trkpt>
   <trkpt lat="51.050700000000006" lon="5.0877300000000005">
    <ele>28.610000000000003</ele>
   </trkpt>
   <trkpt lat="51.050760000000004" lon="5.08774">
    <ele>28.610000000000003</ele>
   </trkpt>
   <trkpt lat="51.05096" lon="5.08748">
    <ele>28.770000000000003</ele>
   </trkpt>
   <trkpt lat="51.05133000000001" lon="5.08753">
    <ele>29.05</ele>
   </trkpt>
   <trkpt lat="51.0514" lon="5.08757">
    <ele>29.05</ele>
   </trkpt>
   <trkpt lat="51.051460000000006" lon="5.08764">
    <ele>29.26</ele>
   </trkpt>
   <trkpt lat="51.05160000000001" lon="5.08795">
    <ele>29.220000000000002</ele>
   </trkpt>
   <trkpt lat="51.05167" lon="5.087980000000001">
    <ele>29.220000000000002</ele>
   </trkpt>
   <trkpt lat="51.051730000000006" lon="5.08795">
    <ele>29.310000000000002</ele>
   </trkpt>
   <trkpt lat="51.051790000000004" lon="5.087890000000001">
    <ele>29.310000000000002</ele>
   </trkpt>
   <trkpt lat="51.051860000000005" lon="5.08767">
    <ele>29.470000000000002</ele>
   </trkpt>
   <trkpt lat="51.051930000000006" lon="5.087610000000001">
    <ele>29.86</ele>
   </trkpt>
   <trkpt lat="51.052020000000006" lon="5.087630000000001">
    <ele>30.28</ele>
   </trkpt>
   <trkpt lat="51.05207000000001" lon="5.08758">
    <ele>30.28</ele>
   </trkpt>
   <trkpt lat="51.05283000000001" lon="5.0878000000000005">
    <ele>31.86</ele>
   </trkpt>
   <trkpt lat="51.05296667769863" lon="5.08666333997752">
    <ele>32.6</ele>
   </trkpt>
   <trkpt lat="51.053103344373135" lon="5.085526673245832">
    <ele>35.02</ele>
   </trkpt>
   <trkpt lat="51.05324" lon="5.084390000000001">
    <ele>37.040000000000006</ele>
   </trkpt>
   <trkpt lat="51.05339667769708" lon="5.083253340978583">
    <ele>38.900000000000006</ele>
   </trkpt>
   <trkpt lat="51.0535533443701" lon="5.0821166742660475">
    <ele>39.900000000000006</ele>
   </trkpt>
   <trkpt lat="51.05371" lon="5.08098">
    <ele>41.31</ele>
   </trkpt>
   <trkpt lat="51.053850000000004" lon="5.080970000000001">
    <ele>41.510000000000005</ele>
   </trkpt>
   <trkpt lat="51.05361334044847" lon="5.080056657321456">
    <ele>39.68</ele>
   </trkpt>
   <trkpt lat="51.053376673779226" lon="5.079143323978278">
    <ele>38.84</ele>
   </trkpt>
   <trkpt lat="51.053140000000006" lon="5.0782300000000005">
    <ele>38.580000000000005</ele>
   </trkpt>
   <trkpt lat="51.05326" lon="5.07821">
    <ele>38.49</ele>
   </trkpt>
   <trkpt lat="51.05391500011606" lon="5.0783549979548965">
    <ele>38.96</ele>
   </trkpt>
   <trkpt lat="51.054570000000005" lon="5.0785">
    <ele>40.43</ele>
   </trkpt>
   <trkpt lat="51.05481" lon="5.0785100000000005">
    <ele>40.550000000000004</ele>
   </trkpt>
   <trkpt lat="51.05491000000001" lon="5.07849">
    <ele>40.49</ele>
   </trkpt>
   <trkpt lat="51.05512" lon="5.0784">
    <ele>40.2</ele>
   </trkpt>
   <trkpt lat="51.05527000000001" lon="5.07831">
    <ele>39.870000000000005</ele>
   </trkpt>
   <trkpt lat="51.055460000000004" lon="5.07812">
    <ele>39.81</ele>
   </trkpt>
   <trkpt lat="51.055640000000004" lon="5.077870000000001">
    <ele>39.27</ele>
   </trkpt>
   <trkpt lat="51.055930000000004" lon="5.077240000000001">
    <ele>38.96</ele>
   </trkpt>
   <trkpt lat="51.05613" lon="5.07695">
    <ele>38.93000000000001</ele>
   </trkpt>
   <trkpt lat="51.056380000000004" lon="5.07674">
    <ele>38.760000000000005</ele>
   </trkpt>
   <trkpt lat="51.05653" lon="5.07666">
    <ele>38.760000000000005</ele>
   </trkpt>
   <trkpt lat="51.05669" lon="5.0766100000000005">
    <ele>38.760000000000005</ele>
   </trkpt>
   <trkpt lat="51.05686000000001" lon="5.0766">
    <ele>38.71</ele>
   </trkpt>
   <trkpt lat="51.0576" lon="5.07674">
    <ele>38.92</ele>
   </trkpt>
   <trkpt lat="51.057590000000005" lon="5.07674">
    <ele>38.92</ele>
   </trkpt>
   <trkpt lat="51.058130000000006" lon="5.07685">
    <ele>38.970000000000006</ele>
   </trkpt>
   <trkpt lat="51.05834" lon="5.07692">
    <ele>38.970000000000006</ele>
   </trkpt>
   <trkpt lat="51.05908000009556" lon="5.07703999615966">
    <ele>38.17</ele>
   </trkpt>
   <trkpt lat="51.05982000006824" lon="5.077159996155156">
    <ele>38.650000000000006</ele>
   </trkpt>
   <trkpt lat="51.06056" lon="5.07728">
    <ele>40.870000000000005</ele>
   </trkpt>
   <trkpt lat="51.06072" lon="5.07725">
    <ele>41.07</ele>
   </trkpt>
   <trkpt lat="51.06035500356348" lon="5.076334992765862">
    <ele>40.64</ele>
   </trkpt>
   <trkpt lat="51.059990000000006" lon="5.07542">
    <ele>40.53</ele>
   </trkpt>
   <trkpt lat="51.06027" lon="5.07514">
    <ele>40.31</ele>
   </trkpt>
   <trkpt lat="51.06035000000001" lon="5.0751100000000005">
    <ele>40.31</ele>
   </trkpt>
   <trkpt lat="51.06042000000001" lon="5.07512">
    <ele>40.28</ele>
   </trkpt>
   <trkpt lat="51.061110000000006" lon="5.075360000000001">
    <ele>39.66</ele>
   </trkpt>
   <trkpt lat="51.061330000000005" lon="5.075360000000001">
    <ele>38.8</ele>
   </trkpt>
   <trkpt lat="51.06195333366055" lon="5.075180004832558">
    <ele>36.44</ele>
   </trkpt>
   <trkpt lat="51.06257666704465" lon="5.075000004817974">
    <ele>33.89</ele>
   </trkpt>
   <trkpt lat="51.0632" lon="5.074820000000001">
    <ele>32.150000000000006</ele>
   </trkpt>
   <trkpt lat="51.06338" lon="5.07479">
    <ele>31.05</ele>
   </trkpt>
   <trkpt lat="51.06388500014017" lon="5.0747750001595024">
    <ele>28.98</ele>
   </trkpt>
   <trkpt lat="51.06439" lon="5.07476">
    <ele>26.85</ele>
   </trkpt>
   <trkpt lat="51.064620000000005" lon="5.07469">
    <ele>26.520000000000003</ele>
   </trkpt>
   <trkpt lat="51.06483000000001" lon="5.074590000000001">
    <ele>26.0</ele>
   </trkpt>
   <trkpt lat="51.06555" lon="5.07425">
    <ele>25.07</ele>
   </trkpt>
   <trkpt lat="51.065650000000005" lon="5.07416">
    <ele>25.14</ele>
   </trkpt>
   <trkpt lat="51.06605500279504" lon="5.074979992676828">
    <ele>24.290000000000003</ele>
   </trkpt>
   <trkpt lat="51.066460000000006" lon="5.0758">
    <ele>24.080000000000002</ele>
   </trkpt>
   <trkpt lat="51.066700000000004" lon="5.07645">
    <ele>23.89</ele>
   </trkpt>
   <trkpt lat="51.066860000000005" lon="5.077120000000001">
    <ele>23.76</ele>
   </trkpt>
   <trkpt lat="51.066950000000006" lon="5.07763">
    <ele>23.94</ele>
   </trkpt>
   <trkpt lat="51.06698" lon="5.0776900000000005">
    <ele>23.98</ele>
   </trkpt>
   <trkpt lat="51.06702000000001" lon="5.07772">
    <ele>23.98</ele>
   </trkpt>
   <trkpt lat="51.0671" lon="5.07772">
    <ele>23.98</ele>
   </trkpt>
   <trkpt lat="51.06747000000001" lon="5.07753">
    <ele>23.430000000000003</ele>
   </trkpt>
   <trkpt lat="51.067690000000006" lon="5.077470000000001">
    <ele>23.200000000000003</ele>
   </trkpt>
   <trkpt lat="51.06781" lon="5.07746">
    <ele>23.13</ele>
   </trkpt>
   <trkpt lat="51.06796000000001" lon="5.07749">
    <ele>23.13</ele>
   </trkpt>
   <trkpt lat="51.068110000000004" lon="5.0775500000000005">
    <ele>23.080000000000002</ele>
   </trkpt>
   <trkpt lat="51.06828" lon="5.077660000000001">
    <ele>23.080000000000002</ele>
   </trkpt>
   <trkpt lat="51.068490000000004" lon="5.07788">
    <ele>23.12</ele>
   </trkpt>
   <trkpt lat="51.06894500278869" lon="5.0786949919077555">
    <ele>22.950000000000003</ele>
   </trkpt>
   <trkpt lat="51.0694" lon="5.079510000000001">
    <ele>22.53</ele>
   </trkpt>
   <trkpt lat="51.0694" lon="5.0795">
    <ele>22.53</ele>
   </trkpt>
   <trkpt lat="51.06994001559217" lon="5.080455955378611">
    <ele>22.950000000000003</ele>
   </trkpt>
   <trkpt lat="51.070480023387624" lon="5.0814119330656125">
    <ele>22.990000000000002</ele>
   </trkpt>
   <trkpt lat="51.071020023386076" lon="5.082367933061634">
    <ele>22.21</ele>
   </trkpt>
   <trkpt lat="51.07156001558715" lon="5.083323955367303">
    <ele>21.79</ele>
   </trkpt>
   <trkpt lat="51.072100000000006" lon="5.084280000000001">
    <ele>22.430000000000003</ele>
   </trkpt>
   <trkpt lat="51.07273500701467" lon="5.083540030454146">
    <ele>22.240000000000002</ele>
   </trkpt>
   <trkpt lat="51.07337000935786" lon="5.082800040600512">
    <ele>22.02</ele>
   </trkpt>
   <trkpt lat="51.074005007029314" lon="5.082060030438228">
    <ele>22.0</ele>
   </trkpt>
   <trkpt lat="51.07464" lon="5.081320000000001">
    <ele>22.340000000000003</ele>
   </trkpt>
   <trkpt lat="51.074740000000006" lon="5.081300000000001">
    <ele>22.430000000000003</ele>
   </trkpt>
   <trkpt lat="51.074920000000006" lon="5.081110000000001">
    <ele>22.55</ele>
   </trkpt>
   <trkpt lat="51.07558000752837" lon="5.080342532852798">
    <ele>23.64</ele>
   </trkpt>
   <trkpt lat="51.076240010031704" lon="5.079575043811698">
    <ele>26.400000000000002</ele>
   </trkpt>
   <trkpt lat="51.076900007509764" lon="5.078807532875727">
    <ele>29.26</ele>
   </trkpt>
   <trkpt lat="51.077560000000005" lon="5.0780400000000006">
    <ele>28.62</ele>
   </trkpt>
   <trkpt lat="51.077950000889274" lon="5.077605003575047">
    <ele>26.830000000000002</ele>
   </trkpt>
   <trkpt lat="51.078340000000004" lon="5.077170000000001">
    <ele>24.78</ele>
   </trkpt>
   <trkpt lat="51.07869" lon="5.07673">
    <ele>23.73</ele>
   </trkpt>
   <trkpt lat="51.07876" lon="5.07669">
    <ele>23.73</ele>
   </trkpt>
   <trkpt lat="51.07898" lon="5.07641">
    <ele>23.06</ele>
   </trkpt>
  </trkseg>
 </trk>
</gpx>
