<?xml version="1.0" encoding="UTF-8"?>
<gpx creator="StravaGPX" version="1.1" xmlns="http://www.topografix.com/GPX/1/1" xmlns:xsi="http://www.w3.org/2001/XMLSchema-instance" xsi:schemaLocation="http://www.topografix.com/GPX/1/1 http://www.topografix.com/GPX/1/1/gpx.xsd">
 <metadata>
  <name>Nieuwrode</name>
  <author>
   <name>Joeri Scapicchio</name>
   <link href="https://www.strava.com/athletes/2447439"/>
  </author>
  <copyright author="OpenStreetMap contributors">
   <year>2020</year>
   <license>https://www.openstreetmap.org/copyright</license>
  </copyright>
  <link href="https://www.strava.com/routes/2911566676542427532"/>
 </metadata>
 <trk>
  <name>Nieuwrode</name>
  <link href="https://www.strava.com/routes/2911566676542427532"/>
  <type>cycling</type>
  <trkseg>
   <trkpt lat="51.06989" lon="5.087960000000001">
    <ele>22.87</ele>
   </trkpt>
   <trkpt lat="51.06998" lon="5.08732">
    <ele>22.740000000000002</ele>
   </trkpt>
   <trkpt lat="51.070130000000006" lon="5.086830000000001">
    <ele>22.7</ele>
   </trkpt>
   <trkpt lat="51.0703" lon="5.08645">
    <ele>22.73</ele>
   </trkpt>
   <trkpt lat="51.07047000000001" lon="5.08617">
    <ele>22.73</ele>
   </trkpt>
   <trkpt lat="51.070640000000004" lon="5.08595">
    <ele>22.500000000000004</ele>
   </trkpt>
   <trkpt lat="51.07059" lon="5.085920000000001">
    <ele>22.500000000000004</ele>
   </trkpt>
   <trkpt lat="51.07043" lon="5.0861">
    <ele>22.55</ele>
   </trkpt>
   <trkpt lat="51.0703" lon="5.08612">
    <ele>22.62</ele>
   </trkpt>
   <trkpt lat="51.070150000000005" lon="5.08605">
    <ele>22.72</ele>
   </trkpt>
   <trkpt lat="51.070060000000005" lon="5.086080000000001">
    <ele>22.85</ele>
   </trkpt>
   <trkpt lat="51.06998" lon="5.08605">
    <ele>22.85</ele>
   </trkpt>
   <trkpt lat="51.069880000000005" lon="5.086040000000001">
    <ele>22.930000000000003</ele>
   </trkpt>
   <trkpt lat="51.06917000000001" lon="5.0861">
    <ele>23.67</ele>
   </trkpt>
   <trkpt lat="51.06918" lon="5.08609">
    <ele>23.67</ele>
   </trkpt>
   <trkpt lat="51.068720000000006" lon="5.086130000000001">
    <ele>24.12</ele>
   </trkpt>
   <trkpt lat="51.06841000000001" lon="5.08609">
    <ele>24.87</ele>
   </trkpt>
   <trkpt lat="51.06784000014169" lon="5.085979998662732">
    <ele>25.730000000000004</ele>
   </trkpt>
   <trkpt lat="51.06727000000001" lon="5.085870000000001">
    <ele>26.750000000000004</ele>
   </trkpt>
   <trkpt lat="51.06712" lon="5.08593">
    <ele>26.6</ele>
   </trkpt>
   <trkpt lat="51.06696" lon="5.08605">
    <ele>26.580000000000002</ele>
   </trkpt>
   <trkpt lat="51.066500000000005" lon="5.08624">
    <ele>26.950000000000003</ele>
   </trkpt>
   <trkpt lat="51.06627" lon="5.086270000000001">
    <ele>27.13</ele>
   </trkpt>
   <trkpt lat="51.066030000000005" lon="5.08636">
    <ele>27.46</ele>
   </trkpt>
   <trkpt lat="51.06597000000001" lon="5.08629">
    <ele>27.46</ele>
   </trkpt>
   <trkpt lat="51.06586" lon="5.08609">
    <ele>27.340000000000003</ele>
   </trkpt>
   <trkpt lat="51.06586" lon="5.086080000000001">
    <ele>27.340000000000003</ele>
   </trkpt>
   <trkpt lat="51.06551000176422" lon="5.085444995278644">
    <ele>27.680000000000003</ele>
   </trkpt>
   <trkpt lat="51.065160000000006" lon="5.08481">
    <ele>29.05</ele>
   </trkpt>
   <trkpt lat="51.06488" lon="5.084250000000001">
    <ele>29.84</ele>
   </trkpt>
   <trkpt lat="51.06456500128694" lon="5.083694996175586">
    <ele>30.650000000000002</ele>
   </trkpt>
   <trkpt lat="51.06425" lon="5.08314">
    <ele>31.98</ele>
   </trkpt>
   <trkpt lat="51.063970000000005" lon="5.082800000000001">
    <ele>32.97</ele>
   </trkpt>
   <trkpt lat="51.06380000000001" lon="5.08263">
    <ele>33.830000000000005</ele>
   </trkpt>
   <trkpt lat="51.06338" lon="5.0823">
    <ele>35.47</ele>
   </trkpt>
   <trkpt lat="51.063" lon="5.0819600000000005">
    <ele>36.69</ele>
   </trkpt>
   <trkpt lat="51.06246" lon="5.081270000000001">
    <ele>39.1</ele>
   </trkpt>
   <trkpt lat="51.06223000000001" lon="5.08091">
    <ele>39.720000000000006</ele>
   </trkpt>
   <trkpt lat="51.06204" lon="5.080500000000001">
    <ele>40.470000000000006</ele>
   </trkpt>
   <trkpt lat="51.06160001000547" lon="5.079416646054928">
    <ele>41.14</ele>
   </trkpt>
   <trkpt lat="51.061160009997465" lon="5.07833331270226">
    <ele>41.53</ele>
   </trkpt>
   <trkpt lat="51.06072" lon="5.07725">
    <ele>41.07</ele>
   </trkpt>
   <trkpt lat="51.06056" lon="5.07728">
    <ele>40.870000000000005</ele>
   </trkpt>
   <trkpt lat="51.05972499995286" lon="5.077139997453155">
    <ele>38.650000000000006</ele>
   </trkpt>
   <trkpt lat="51.058890000000005" lon="5.077000000000001">
    <ele>38.06</ele>
   </trkpt>
   <trkpt lat="51.058870000000006" lon="5.077000000000001">
    <ele>38.05</ele>
   </trkpt>
   <trkpt lat="51.05834" lon="5.07692">
    <ele>38.970000000000006</ele>
   </trkpt>
   <trkpt lat="51.058130000000006" lon="5.07685">
    <ele>38.970000000000006</ele>
   </trkpt>
   <trkpt lat="51.057495000147334" lon="5.076724998301593">
    <ele>38.86000000000001</ele>
   </trkpt>
   <trkpt lat="51.05686000000001" lon="5.0766">
    <ele>38.71</ele>
   </trkpt>
   <trkpt lat="51.05669" lon="5.0766100000000005">
    <ele>38.760000000000005</ele>
   </trkpt>
   <trkpt lat="51.05653" lon="5.07666">
    <ele>38.760000000000005</ele>
   </trkpt>
   <trkpt lat="51.056380000000004" lon="5.07674">
    <ele>38.760000000000005</ele>
   </trkpt>
   <trkpt lat="51.05613" lon="5.07695">
    <ele>38.93000000000001</ele>
   </trkpt>
   <trkpt lat="51.055930000000004" lon="5.077240000000001">
    <ele>38.96</ele>
   </trkpt>
   <trkpt lat="51.055640000000004" lon="5.077870000000001">
    <ele>39.27</ele>
   </trkpt>
   <trkpt lat="51.055460000000004" lon="5.07812">
    <ele>39.81</ele>
   </trkpt>
   <trkpt lat="51.05527000000001" lon="5.07831">
    <ele>39.870000000000005</ele>
   </trkpt>
   <trkpt lat="51.05512" lon="5.0784">
    <ele>40.2</ele>
   </trkpt>
   <trkpt lat="51.05491000000001" lon="5.07849">
    <ele>40.49</ele>
   </trkpt>
   <trkpt lat="51.05481" lon="5.0785100000000005">
    <ele>40.550000000000004</ele>
   </trkpt>
   <trkpt lat="51.054570000000005" lon="5.0785">
    <ele>40.43</ele>
   </trkpt>
   <trkpt lat="51.053915000063334" lon="5.0783549979432205">
    <ele>38.96</ele>
   </trkpt>
   <trkpt lat="51.05326" lon="5.07821">
    <ele>38.49</ele>
   </trkpt>
   <trkpt lat="51.053140000000006" lon="5.0782300000000005">
    <ele>38.580000000000005</ele>
   </trkpt>
   <trkpt lat="51.05306" lon="5.0779700000000005">
    <ele>38.510000000000005</ele>
   </trkpt>
   <trkpt lat="51.053000000000004" lon="5.07784">
    <ele>38.510000000000005</ele>
   </trkpt>
   <trkpt lat="51.05284" lon="5.07763">
    <ele>38.57</ele>
   </trkpt>
   <trkpt lat="51.05245000084998" lon="5.077184996258329">
    <ele>38.690000000000005</ele>
   </trkpt>
   <trkpt lat="51.052060000000004" lon="5.07674">
    <ele>38.790000000000006</ele>
   </trkpt>
   <trkpt lat="51.05205" lon="5.07674">
    <ele>38.78</ele>
   </trkpt>
   <trkpt lat="51.0519" lon="5.07657">
    <ele>38.75</ele>
   </trkpt>
   <trkpt lat="51.051213339694456" lon="5.075706641067395">
    <ele>38.17</ele>
   </trkpt>
   <trkpt lat="51.05052667302894" lon="5.0748433077360255">
    <ele>36.050000000000004</ele>
   </trkpt>
   <trkpt lat="51.04984" lon="5.073980000000001">
    <ele>34.68</ele>
   </trkpt>
   <trkpt lat="51.04916500290081" lon="5.073149987856586">
    <ele>33.88</ele>
   </trkpt>
   <trkpt lat="51.04849" lon="5.07232">
    <ele>34.1</ele>
   </trkpt>
   <trkpt lat="51.04782500283822" lon="5.071504988304146">
    <ele>35.33</ele>
   </trkpt>
   <trkpt lat="51.047160000000005" lon="5.070690000000001">
    <ele>37.46</ele>
   </trkpt>
   <trkpt lat="51.046940000000006" lon="5.07045">
    <ele>38.690000000000005</ele>
   </trkpt>
   <trkpt lat="51.046201675235864" lon="5.069816616202524">
    <ele>40.1</ele>
   </trkpt>
   <trkpt lat="51.04546334704859" lon="5.06918325259628">
    <ele>38.790000000000006</ele>
   </trkpt>
   <trkpt lat="51.044725015438395" lon="5.068549909180184">
    <ele>37.50000000000001</ele>
   </trkpt>
   <trkpt lat="51.043986680405474" lon="5.067916585953155">
    <ele>36.97</ele>
   </trkpt>
   <trkpt lat="51.04324834195003" lon="5.067283282914111">
    <ele>34.58</ele>
   </trkpt>
   <trkpt lat="51.04251000000001" lon="5.06665">
    <ele>32.34</ele>
   </trkpt>
   <trkpt lat="51.04238" lon="5.06644">
    <ele>32.040000000000006</ele>
   </trkpt>
   <trkpt lat="51.041880008288665" lon="5.065453311999179">
    <ele>30.890000000000004</ele>
   </trkpt>
   <trkpt lat="51.04138000826991" lon="5.064466645295872">
    <ele>30.340000000000003</ele>
   </trkpt>
   <trkpt lat="51.04088" lon="5.06348">
    <ele>29.810000000000002</ele>
   </trkpt>
   <trkpt lat="51.04079" lon="5.063230000000001">
    <ele>29.57</ele>
   </trkpt>
   <trkpt lat="51.040600000000005" lon="5.06217">
    <ele>29.370000000000005</ele>
   </trkpt>
   <trkpt lat="51.04052" lon="5.0618300000000005">
    <ele>29.310000000000002</ele>
   </trkpt>
   <trkpt lat="51.040380000000006" lon="5.06156">
    <ele>29.310000000000002</ele>
   </trkpt>
   <trkpt lat="51.0398566721105" lon="5.0607633153782885">
    <ele>28.76</ele>
   </trkpt>
   <trkpt lat="51.0393333388049" lon="5.059966648754136">
    <ele>28.220000000000002</ele>
   </trkpt>
   <trkpt lat="51.038810000000005" lon="5.059170000000001">
    <ele>27.840000000000003</ele>
   </trkpt>
   <trkpt lat="51.03851" lon="5.0587800000000005">
    <ele>27.96</ele>
   </trkpt>
   <trkpt lat="51.038140000000006" lon="5.058350000000001">
    <ele>27.17</ele>
   </trkpt>
   <trkpt lat="51.03755500292574" lon="5.057524989614585">
    <ele>26.310000000000002</ele>
   </trkpt>
   <trkpt lat="51.036970000000004" lon="5.0567">
    <ele>25.79</ele>
   </trkpt>
   <trkpt lat="51.03639000604502" lon="5.055859979005725">
    <ele>24.73</ele>
   </trkpt>
   <trkpt lat="51.035810006068516" lon="5.055019979040162">
    <ele>24.01</ele>
   </trkpt>
   <trkpt lat="51.035230000000006" lon="5.054180000000001">
    <ele>23.31</ele>
   </trkpt>
   <trkpt lat="51.0347" lon="5.05341">
    <ele>23.330000000000002</ele>
   </trkpt>
   <trkpt lat="51.03454000000001" lon="5.053100000000001">
    <ele>23.87</ele>
   </trkpt>
   <trkpt lat="51.03439" lon="5.05215">
    <ele>23.610000000000003</ele>
   </trkpt>
   <trkpt lat="51.034290000000006" lon="5.05173">
    <ele>23.42</ele>
   </trkpt>
   <trkpt lat="51.03398000000001" lon="5.05105">
    <ele>22.94</ele>
   </trkpt>
   <trkpt lat="51.0339" lon="5.05083">
    <ele>22.8</ele>
   </trkpt>
   <trkpt lat="51.033820000000006" lon="5.05076">
    <ele>22.8</ele>
   </trkpt>
   <trkpt lat="51.03376" lon="5.0505700000000004">
    <ele>22.8</ele>
   </trkpt>
   <trkpt lat="51.03338" lon="5.04978">
    <ele>22.430000000000003</ele>
   </trkpt>
   <trkpt lat="51.03309" lon="5.04936">
    <ele>22.340000000000003</ele>
   </trkpt>
   <trkpt lat="51.033030000000004" lon="5.0492300000000006">
    <ele>22.330000000000002</ele>
   </trkpt>
   <trkpt lat="51.03298" lon="5.04917">
    <ele>22.330000000000002</ele>
   </trkpt>
   <trkpt lat="51.032900000000005" lon="5.049130000000001">
    <ele>22.330000000000002</ele>
   </trkpt>
   <trkpt lat="51.03282" lon="5.048990000000001">
    <ele>22.29</ele>
   </trkpt>
   <trkpt lat="51.03244500115914" lon="5.04846999579971">
    <ele>22.2</ele>
   </trkpt>
   <trkpt lat="51.032070000000004" lon="5.04795">
    <ele>22.29</ele>
   </trkpt>
   <trkpt lat="51.03201000000001" lon="5.04783">
    <ele>22.520000000000003</ele>
   </trkpt>
   <trkpt lat="51.031960000000005" lon="5.047770000000001">
    <ele>22.520000000000003</ele>
   </trkpt>
   <trkpt lat="51.031870000000005" lon="5.04772">
    <ele>22.580000000000002</ele>
   </trkpt>
   <trkpt lat="51.03182" lon="5.04765">
    <ele>22.580000000000002</ele>
   </trkpt>
   <trkpt lat="51.03181000000001" lon="5.04764">
    <ele>22.580000000000002</ele>
   </trkpt>
   <trkpt lat="51.031710000000004" lon="5.0475">
    <ele>22.63</ele>
   </trkpt>
   <trkpt lat="51.03154000000001" lon="5.047370000000001">
    <ele>22.650000000000002</ele>
   </trkpt>
   <trkpt lat="51.03128" lon="5.0472">
    <ele>22.750000000000004</ele>
   </trkpt>
   <trkpt lat="51.03117" lon="5.04715">
    <ele>22.6</ele>
   </trkpt>
   <trkpt lat="51.03049000000001" lon="5.04696">
    <ele>22.8</ele>
   </trkpt>
   <trkpt lat="51.03041" lon="5.04598">
    <ele>22.42</ele>
   </trkpt>
   <trkpt lat="51.03036" lon="5.045800000000001">
    <ele>22.520000000000003</ele>
   </trkpt>
   <trkpt lat="51.030300000000004" lon="5.04541">
    <ele>22.64</ele>
   </trkpt>
   <trkpt lat="51.03016" lon="5.04504">
    <ele>22.830000000000002</ele>
   </trkpt>
   <trkpt lat="51.030120000000004" lon="5.04488">
    <ele>23.1</ele>
   </trkpt>
   <trkpt lat="51.029970000000006" lon="5.0447500000000005">
    <ele>22.97</ele>
   </trkpt>
   <trkpt lat="51.02987" lon="5.04474">
    <ele>22.97</ele>
   </trkpt>
   <trkpt lat="51.02975000000001" lon="5.044770000000001">
    <ele>22.860000000000003</ele>
   </trkpt>
   <trkpt lat="51.029740000000004" lon="5.0441400000000005">
    <ele>22.44</ele>
   </trkpt>
   <trkpt lat="51.029700000000005" lon="5.043690000000001">
    <ele>22.35</ele>
   </trkpt>
   <trkpt lat="51.02951001752997" lon="5.042519985650947">
    <ele>21.92</ele>
   </trkpt>
   <trkpt lat="51.02932002337745" lon="5.041349980893953">
    <ele>21.62</ele>
   </trkpt>
   <trkpt lat="51.02913001754261" lon="5.0401799857294645">
    <ele>21.650000000000002</ele>
   </trkpt>
   <trkpt lat="51.028940000000006" lon="5.03901">
    <ele>21.79</ele>
   </trkpt>
   <trkpt lat="51.028940000000006" lon="5.039000000000001">
    <ele>21.79</ele>
   </trkpt>
   <trkpt lat="51.02872000000001" lon="5.0377">
    <ele>22.0</ele>
   </trkpt>
   <trkpt lat="51.02848" lon="5.036630000000001">
    <ele>21.85</ele>
   </trkpt>
   <trkpt lat="51.02832" lon="5.036090000000001">
    <ele>21.85</ele>
   </trkpt>
   <trkpt lat="51.02834000000001" lon="5.036020000000001">
    <ele>21.85</ele>
   </trkpt>
   <trkpt lat="51.02832" lon="5.0359300000000005">
    <ele>21.85</ele>
   </trkpt>
   <trkpt lat="51.027917823538964" lon="5.034772141852113">
    <ele>21.810000000000002</ele>
   </trkpt>
   <trkpt lat="51.02751563563687" lon="5.03361430379725">
    <ele>21.560000000000002</ele>
   </trkpt>
   <trkpt lat="51.027113436294144" lon="5.032456485835344">
    <ele>21.5</ele>
   </trkpt>
   <trkpt lat="51.02671122551113" lon="5.031298687966331">
    <ele>21.650000000000002</ele>
   </trkpt>
   <trkpt lat="51.02630900328816" lon="5.030140910190143">
    <ele>21.19</ele>
   </trkpt>
   <trkpt lat="51.02590676962564" lon="5.028983152506719">
    <ele>21.150000000000002</ele>
   </trkpt>
   <trkpt lat="51.02550452452392" lon="5.027825414915989">
    <ele>21.07</ele>
   </trkpt>
   <trkpt lat="51.02510226798334" lon="5.026667697417888">
    <ele>21.25</ele>
   </trkpt>
   <trkpt lat="51.0247" lon="5.025510000000001">
    <ele>21.400000000000002</ele>
   </trkpt>
   <trkpt lat="51.02427001741058" lon="5.024499962522269">
    <ele>22.250000000000004</ele>
   </trkpt>
   <trkpt lat="51.02384002611473" lon="5.023489943781666">
    <ele>22.01</ele>
   </trkpt>
   <trkpt lat="51.02341002611274" lon="5.022479943777937">
    <ele>21.87</ele>
   </trkpt>
   <trkpt lat="51.02298001740491" lon="5.021469962510827">
    <ele>21.7</ele>
   </trkpt>
   <trkpt lat="51.02255" lon="5.020460000000001">
    <ele>21.51</ele>
   </trkpt>
   <trkpt lat="51.022450000000006" lon="5.02026">
    <ele>21.5</ele>
   </trkpt>
   <trkpt lat="51.022380000000005" lon="5.02017">
    <ele>21.54</ele>
   </trkpt>
   <trkpt lat="51.02196000407354" lon="5.019194991206495">
    <ele>20.19</ele>
   </trkpt>
   <trkpt lat="51.02154" lon="5.01822">
    <ele>21.080000000000002</ele>
   </trkpt>
   <trkpt lat="51.02141" lon="5.01797">
    <ele>20.82</ele>
   </trkpt>
   <trkpt lat="51.02103402256533" lon="5.016819962666636">
    <ele>20.8</ele>
   </trkpt>
   <trkpt lat="51.02065803384306" lon="5.0156699439859365">
    <ele>21.6</ele>
   </trkpt>
   <trkpt lat="51.020282033833574" lon="5.014519943957909">
    <ele>21.62</ele>
   </trkpt>
   <trkpt lat="51.01990602253717" lon="5.013369962582561">
    <ele>21.28</ele>
   </trkpt>
   <trkpt lat="51.01953" lon="5.01222">
    <ele>20.86</ele>
   </trkpt>
   <trkpt lat="51.01915" lon="5.011220000000001">
    <ele>20.67</ele>
   </trkpt>
   <trkpt lat="51.018642887884184" lon="5.010124213807999">
    <ele>20.450000000000003</ele>
   </trkpt>
   <trkpt lat="51.018135765520476" lon="5.0090284515853645">
    <ele>20.450000000000003</ele>
   </trkpt>
   <trkpt lat="51.01762863290932" lon="5.007932713331623">
    <ele>20.66</ele>
   </trkpt>
   <trkpt lat="51.017121490051096" lon="5.0068369990463">
    <ele>20.09</ele>
   </trkpt>
   <trkpt lat="51.016614336946226" lon="5.005741308728922">
    <ele>19.540000000000003</ele>
   </trkpt>
   <trkpt lat="51.016107173595145" lon="5.004645642379015">
    <ele>18.89</ele>
   </trkpt>
   <trkpt lat="51.015600000000006" lon="5.003550000000001">
    <ele>19.05</ele>
   </trkpt>
   <trkpt lat="51.01563" lon="5.003450000000001">
    <ele>19.040000000000003</ele>
   </trkpt>
   <trkpt lat="51.01559" lon="5.00335">
    <ele>19.040000000000003</ele>
   </trkpt>
   <trkpt lat="51.01556" lon="5.00333">
    <ele>19.01</ele>
   </trkpt>
   <trkpt lat="51.015530000000005" lon="5.00333">
    <ele>19.01</ele>
   </trkpt>
   <trkpt lat="51.0155" lon="5.00335">
    <ele>19.01</ele>
   </trkpt>
   <trkpt lat="51.015026675583734" lon="5.00232664573068">
    <ele>17.910000000000004</ele>
   </trkpt>
   <trkpt lat="51.014553342229334" lon="5.001303312352185">
    <ele>17.78</ele>
   </trkpt>
   <trkpt lat="51.01408000000001" lon="5.00028">
    <ele>17.820000000000004</ele>
   </trkpt>
   <trkpt lat="51.01388000000001" lon="4.9999400000000005">
    <ele>17.820000000000004</ele>
   </trkpt>
   <trkpt lat="51.01370000000001" lon="4.99971">
    <ele>17.990000000000002</ele>
   </trkpt>
   <trkpt lat="51.01306333611167" lon="4.999143317807875">
    <ele>18.27</ele>
   </trkpt>
   <trkpt lat="51.01242666948251" lon="4.998576651174883">
    <ele>18.09</ele>
   </trkpt>
   <trkpt lat="51.011790000000005" lon="4.998010000000001">
    <ele>17.980000000000004</ele>
   </trkpt>
   <trkpt lat="51.011590000000005" lon="4.99774">
    <ele>17.87</ele>
   </trkpt>
   <trkpt lat="51.01149" lon="4.99755">
    <ele>17.900000000000002</ele>
   </trkpt>
   <trkpt lat="51.01097334490659" lon="4.996386640797104">
    <ele>17.84</ele>
   </trkpt>
   <trkpt lat="51.010456678261775" lon="4.995223307513477">
    <ele>18.2</ele>
   </trkpt>
   <trkpt lat="51.00994000000001" lon="4.99406">
    <ele>17.560000000000002</ele>
   </trkpt>
   <trkpt lat="51.009600000000006" lon="4.99322">
    <ele>17.240000000000002</ele>
   </trkpt>
   <trkpt lat="51.00948" lon="4.99275">
    <ele>17.080000000000002</ele>
   </trkpt>
   <trkpt lat="51.00948" lon="4.99274">
    <ele>17.080000000000002</ele>
   </trkpt>
   <trkpt lat="51.00941" lon="4.9922">
    <ele>17.02</ele>
   </trkpt>
   <trkpt lat="51.00939" lon="4.99178">
    <ele>17.17</ele>
   </trkpt>
   <trkpt lat="51.00940000000001" lon="4.99129">
    <ele>17.88</ele>
   </trkpt>
   <trkpt lat="51.00943" lon="4.9911">
    <ele>18.03</ele>
   </trkpt>
   <trkpt lat="51.008655000740525" lon="4.9907099935295784">
    <ele>18.36</ele>
   </trkpt>
   <trkpt lat="51.00788000000001" lon="4.9903200000000005">
    <ele>18.340000000000003</ele>
   </trkpt>
   <trkpt lat="51.007130000000004" lon="4.989920000000001">
    <ele>18.240000000000002</ele>
   </trkpt>
   <trkpt lat="51.006540000541825" lon="4.989579995703384">
    <ele>18.18</ele>
   </trkpt>
   <trkpt lat="51.005950000000006" lon="4.989240000000001">
    <ele>18.320000000000004</ele>
   </trkpt>
   <trkpt lat="51.00519000068262" lon="4.98886999398605">
    <ele>18.070000000000004</ele>
   </trkpt>
   <trkpt lat="51.004430000000006" lon="4.9885">
    <ele>18.400000000000002</ele>
   </trkpt>
   <trkpt lat="51.003930000000004" lon="4.988230000000001">
    <ele>18.11</ele>
   </trkpt>
   <trkpt lat="51.003840000000004" lon="4.9882">
    <ele>18.150000000000002</ele>
   </trkpt>
   <trkpt lat="51.003600000000006" lon="4.98801">
    <ele>18.27</ele>
   </trkpt>
   <trkpt lat="51.003330000000005" lon="4.98775">
    <ele>18.240000000000002</ele>
   </trkpt>
   <trkpt lat="51.00320000000001" lon="4.98766">
    <ele>18.29</ele>
   </trkpt>
   <trkpt lat="51.00307" lon="4.987620000000001">
    <ele>18.36</ele>
   </trkpt>
   <trkpt lat="51.00291000000001" lon="4.98763">
    <ele>18.47</ele>
   </trkpt>
   <trkpt lat="51.00226000000001" lon="4.98779">
    <ele>19.12</ele>
   </trkpt>
   <trkpt lat="51.00227" lon="4.98779">
    <ele>19.12</ele>
   </trkpt>
   <trkpt lat="51.00195" lon="4.98786">
    <ele>19.73</ele>
   </trkpt>
   <trkpt lat="51.00188000000001" lon="4.987830000000001">
    <ele>19.73</ele>
   </trkpt>
   <trkpt lat="51.00184" lon="4.987780000000001">
    <ele>19.73</ele>
   </trkpt>
   <trkpt lat="51.001810000000006" lon="4.9877">
    <ele>19.73</ele>
   </trkpt>
   <trkpt lat="51.001720000000006" lon="4.986280000000001">
    <ele>19.919999999999998</ele>
   </trkpt>
   <trkpt lat="51.00173" lon="4.9861200000000006">
    <ele>19.919999999999998</ele>
   </trkpt>
   <trkpt lat="51.001705002207274" lon="4.985399999461863">
    <ele>19.82</ele>
   </trkpt>
   <trkpt lat="51.00168000000001" lon="4.98468">
    <ele>19.470000000000002</ele>
   </trkpt>
   <trkpt lat="51.001650000000005" lon="4.98449">
    <ele>19.44</ele>
   </trkpt>
   <trkpt lat="51.001520000000006" lon="4.98406">
    <ele>19.71</ele>
   </trkpt>
   <trkpt lat="51.00139" lon="4.9838000000000005">
    <ele>19.71</ele>
   </trkpt>
   <trkpt lat="51.001200000000004" lon="4.98357">
    <ele>19.8</ele>
   </trkpt>
   <trkpt lat="51.000780000000006" lon="4.9832">
    <ele>20.21</ele>
   </trkpt>
   <trkpt lat="51.000710000000005" lon="4.983110000000001">
    <ele>20.21</ele>
   </trkpt>
   <trkpt lat="51.00065000000001" lon="4.982950000000001">
    <ele>20.21</ele>
   </trkpt>
   <trkpt lat="51.000620000000005" lon="4.98278">
    <ele>20.470000000000002</ele>
   </trkpt>
   <trkpt lat="51.000600000000006" lon="4.98141">
    <ele>20.290000000000003</ele>
   </trkpt>
   <trkpt lat="51.00057" lon="4.98116">
    <ele>20.25</ele>
   </trkpt>
   <trkpt lat="51.00034" lon="4.98034">
    <ele>20.240000000000002</ele>
   </trkpt>
   <trkpt lat="51.000020000000006" lon="4.97932">
    <ele>20.85</ele>
   </trkpt>
   <trkpt lat="50.99972500169505" lon="4.9786849959068284">
    <ele>21.39</ele>
   </trkpt>
   <trkpt lat="50.999430000000004" lon="4.9780500000000005">
    <ele>22.2</ele>
   </trkpt>
   <trkpt lat="50.999460000000006" lon="4.9779100000000005">
    <ele>22.18</ele>
   </trkpt>
   <trkpt lat="50.999430000000004" lon="4.97783">
    <ele>22.2</ele>
   </trkpt>
   <trkpt lat="50.99938" lon="4.9778">
    <ele>22.2</ele>
   </trkpt>
   <trkpt lat="50.999370000000006" lon="4.97761">
    <ele>22.13</ele>
   </trkpt>
   <trkpt lat="50.9992000030062" lon="4.97676499669885">
    <ele>22.67</ele>
   </trkpt>
   <trkpt lat="50.999030000000005" lon="4.97592">
    <ele>23.500000000000004</ele>
   </trkpt>
   <trkpt lat="50.99888000000001" lon="4.97484">
    <ele>24.71</ele>
   </trkpt>
   <trkpt lat="50.998810000000006" lon="4.973870000000001">
    <ele>25.710000000000004</ele>
   </trkpt>
   <trkpt lat="50.99877500400499" lon="4.972899998969803">
    <ele>25.59</ele>
   </trkpt>
   <trkpt lat="50.998740000000005" lon="4.97193">
    <ele>24.950000000000003</ele>
   </trkpt>
   <trkpt lat="50.99873500236974" lon="4.971185000052765">
    <ele>24.92</ele>
   </trkpt>
   <trkpt lat="50.99873" lon="4.97044">
    <ele>25.01</ele>
   </trkpt>
   <trkpt lat="50.99873" lon="4.97043">
    <ele>25.01</ele>
   </trkpt>
   <trkpt lat="50.99873" lon="4.96989">
    <ele>24.98</ele>
   </trkpt>
   <trkpt lat="50.99870000000001" lon="4.9695100000000005">
    <ele>24.810000000000002</ele>
   </trkpt>
   <trkpt lat="50.998630000000006" lon="4.968870000000001">
    <ele>24.41</ele>
   </trkpt>
   <trkpt lat="50.998500003309296" lon="4.967994997828392">
    <ele>23.4</ele>
   </trkpt>
   <trkpt lat="50.99837" lon="4.96712">
    <ele>23.05</ele>
   </trkpt>
   <trkpt lat="50.998340000000006" lon="4.966620000000001">
    <ele>22.62</ele>
   </trkpt>
   <trkpt lat="50.998340000000006" lon="4.9663200000000005">
    <ele>22.61</ele>
   </trkpt>
   <trkpt lat="50.99837" lon="4.965960000000001">
    <ele>22.61</ele>
   </trkpt>
   <trkpt lat="50.99842" lon="4.96563">
    <ele>21.93</ele>
   </trkpt>
   <trkpt lat="50.998540000000006" lon="4.96513">
    <ele>21.78</ele>
   </trkpt>
   <trkpt lat="50.998960000000004" lon="4.96396">
    <ele>22.96</ele>
   </trkpt>
   <trkpt lat="50.9992" lon="4.96295">
    <ele>24.34</ele>
   </trkpt>
   <trkpt lat="50.999280000000006" lon="4.9623800000000005">
    <ele>24.91</ele>
   </trkpt>
   <trkpt lat="50.99931" lon="4.961790000000001">
    <ele>25.740000000000002</ele>
   </trkpt>
   <trkpt lat="50.99927" lon="4.960850000000001">
    <ele>26.830000000000002</ele>
   </trkpt>
   <trkpt lat="50.999140000000004" lon="4.960030000000001">
    <ele>28.26</ele>
   </trkpt>
   <trkpt lat="50.99891500524243" lon="4.958924994794202">
    <ele>29.32</ele>
   </trkpt>
   <trkpt lat="50.99869" lon="4.957820000000001">
    <ele>30.810000000000002</ele>
   </trkpt>
   <trkpt lat="50.998610000000006" lon="4.957520000000001">
    <ele>31.450000000000006</ele>
   </trkpt>
   <trkpt lat="50.99832000000001" lon="4.95683">
    <ele>31.91</ele>
   </trkpt>
   <trkpt lat="50.99817" lon="4.956580000000001">
    <ele>31.91</ele>
   </trkpt>
   <trkpt lat="50.997960000000006" lon="4.956320000000001">
    <ele>31.76</ele>
   </trkpt>
   <trkpt lat="50.99727000000001" lon="4.95563">
    <ele>31.44</ele>
   </trkpt>
   <trkpt lat="50.997080000000004" lon="4.95542">
    <ele>30.990000000000002</ele>
   </trkpt>
   <trkpt lat="50.99694" lon="4.955220000000001">
    <ele>30.990000000000002</ele>
   </trkpt>
   <trkpt lat="50.99671000000001" lon="4.954840000000001">
    <ele>30.26</ele>
   </trkpt>
   <trkpt lat="50.99656" lon="4.954490000000001">
    <ele>30.26</ele>
   </trkpt>
   <trkpt lat="50.99625" lon="4.95349">
    <ele>29.32</ele>
   </trkpt>
   <trkpt lat="50.996" lon="4.952850000000001">
    <ele>29.110000000000003</ele>
   </trkpt>
   <trkpt lat="50.99539000000001" lon="4.9518200000000006">
    <ele>27.91</ele>
   </trkpt>
   <trkpt lat="50.995180000000005" lon="4.951350000000001">
    <ele>27.8</ele>
   </trkpt>
   <trkpt lat="50.994820000000004" lon="4.950100000000001">
    <ele>26.0</ele>
   </trkpt>
   <trkpt lat="50.994570005049745" lon="4.949009994035363">
    <ele>25.640000000000004</ele>
   </trkpt>
   <trkpt lat="50.99432" lon="4.947920000000001">
    <ele>25.66</ele>
   </trkpt>
   <trkpt lat="50.994240000000005" lon="4.94721">
    <ele>25.290000000000003</ele>
   </trkpt>
   <trkpt lat="50.99421" lon="4.94672">
    <ele>24.85</ele>
   </trkpt>
   <trkpt lat="50.99421" lon="4.9453700000000005">
    <ele>24.080000000000002</ele>
   </trkpt>
   <trkpt lat="50.99419" lon="4.94517">
    <ele>24.080000000000002</ele>
   </trkpt>
   <trkpt lat="50.99414" lon="4.944940000000001">
    <ele>24.0</ele>
   </trkpt>
   <trkpt lat="50.994020000000006" lon="4.944610000000001">
    <ele>23.970000000000002</ele>
   </trkpt>
   <trkpt lat="50.99381" lon="4.9443">
    <ele>23.57</ele>
   </trkpt>
   <trkpt lat="50.99382000000001" lon="4.944310000000001">
    <ele>23.57</ele>
   </trkpt>
   <trkpt lat="50.99356" lon="4.943890000000001">
    <ele>23.470000000000002</ele>
   </trkpt>
   <trkpt lat="50.99349" lon="4.943700000000001">
    <ele>23.450000000000003</ele>
   </trkpt>
   <trkpt lat="50.99345" lon="4.94352">
    <ele>23.450000000000003</ele>
   </trkpt>
   <trkpt lat="50.99349" lon="4.94343">
    <ele>23.450000000000003</ele>
   </trkpt>
   <trkpt lat="50.993480000000005" lon="4.943320000000001">
    <ele>23.330000000000002</ele>
   </trkpt>
   <trkpt lat="50.99345" lon="4.94329">
    <ele>23.330000000000002</ele>
   </trkpt>
   <trkpt lat="50.9934" lon="4.943280000000001">
    <ele>23.330000000000002</ele>
   </trkpt>
   <trkpt lat="50.99335000000001" lon="4.94334">
    <ele>23.450000000000003</ele>
   </trkpt>
   <trkpt lat="50.99334" lon="4.94338">
    <ele>23.450000000000003</ele>
   </trkpt>
   <trkpt lat="50.993230000000004" lon="4.943370000000001">
    <ele>23.37</ele>
   </trkpt>
   <trkpt lat="50.99262" lon="4.94373">
    <ele>24.270000000000003</ele>
   </trkpt>
   <trkpt lat="50.99242" lon="4.943770000000001">
    <ele>24.540000000000003</ele>
   </trkpt>
   <trkpt lat="50.99224" lon="4.9436800000000005">
    <ele>24.93</ele>
   </trkpt>
   <trkpt lat="50.99186500105561" lon="4.943204996279273">
    <ele>25.78</ele>
   </trkpt>
   <trkpt lat="50.991490000000006" lon="4.94273">
    <ele>27.92</ele>
   </trkpt>
   <trkpt lat="50.991260000000004" lon="4.942360000000001">
    <ele>29.09</ele>
   </trkpt>
   <trkpt lat="50.991150000000005" lon="4.94214">
    <ele>29.76</ele>
   </trkpt>
   <trkpt lat="50.99107000000001" lon="4.94193">
    <ele>30.2</ele>
   </trkpt>
   <trkpt lat="50.990697516425364" lon="4.940797472739453">
    <ele>32.64</ele>
   </trkpt>
   <trkpt lat="50.990325021901754" lon="4.93966496365718">
    <ele>32.68</ele>
   </trkpt>
   <trkpt lat="50.98995251642954" lon="4.938532472753184">
    <ele>29.51</ele>
   </trkpt>
   <trkpt lat="50.989580000000004" lon="4.9374">
    <ele>28.76</ele>
   </trkpt>
   <trkpt lat="50.989560000000004" lon="4.93719">
    <ele>28.59</ele>
   </trkpt>
   <trkpt lat="50.98950000000001" lon="4.93702">
    <ele>28.17</ele>
   </trkpt>
   <trkpt lat="50.98951" lon="4.9367600000000005">
    <ele>27.500000000000004</ele>
   </trkpt>
   <trkpt lat="50.98941000000001" lon="4.935350000000001">
    <ele>26.430000000000003</ele>
   </trkpt>
   <trkpt lat="50.98933" lon="4.934060000000001">
    <ele>26.340000000000003</ele>
   </trkpt>
   <trkpt lat="50.98924" lon="4.933190000000001">
    <ele>26.35</ele>
   </trkpt>
   <trkpt lat="50.989110000000004" lon="4.932060000000001">
    <ele>25.800000000000004</ele>
   </trkpt>
   <trkpt lat="50.98903000000001" lon="4.93114">
    <ele>25.370000000000005</ele>
   </trkpt>
   <trkpt lat="50.988975003333515" lon="4.930254998797635">
    <ele>25.07</ele>
   </trkpt>
   <trkpt lat="50.98892000000001" lon="4.9293700000000005">
    <ele>24.900000000000002</ele>
   </trkpt>
   <trkpt lat="50.988850000000006" lon="4.928710000000001">
    <ele>24.53</ele>
   </trkpt>
   <trkpt lat="50.98863334299656" lon="4.927646656793398">
    <ele>24.560000000000002</ele>
   </trkpt>
   <trkpt lat="50.98841667634078" lon="4.926583323513745">
    <ele>24.46</ele>
   </trkpt>
   <trkpt lat="50.988200000000006" lon="4.925520000000001">
    <ele>24.540000000000003</ele>
   </trkpt>
   <trkpt lat="50.9881" lon="4.9248">
    <ele>24.42</ele>
   </trkpt>
   <trkpt lat="50.98806334508531" lon="4.9236266647936215">
    <ele>24.240000000000002</ele>
   </trkpt>
   <trkpt lat="50.988026678418024" lon="4.922453331440676">
    <ele>24.130000000000003</ele>
   </trkpt>
   <trkpt lat="50.98799" lon="4.92128">
    <ele>23.64</ele>
   </trkpt>
   <trkpt lat="50.98794" lon="4.92072">
    <ele>23.51</ele>
   </trkpt>
   <trkpt lat="50.98778" lon="4.91959">
    <ele>22.69</ele>
   </trkpt>
   <trkpt lat="50.987680000000005" lon="4.91913">
    <ele>22.69</ele>
   </trkpt>
   <trkpt lat="50.987435003157806" lon="4.918274995618132">
    <ele>22.51</ele>
   </trkpt>
   <trkpt lat="50.987190000000005" lon="4.917420000000001">
    <ele>22.03</ele>
   </trkpt>
   <trkpt lat="50.98704000200429" lon="4.916739997941323">
    <ele>21.980000000000004</ele>
   </trkpt>
   <trkpt lat="50.98689" lon="4.916060000000001">
    <ele>21.890000000000004</ele>
   </trkpt>
   <trkpt lat="50.98677000000001" lon="4.915290000000001">
    <ele>21.67</ele>
   </trkpt>
   <trkpt lat="50.98662" lon="4.914140000000001">
    <ele>21.330000000000002</ele>
   </trkpt>
   <trkpt lat="50.986520000000006" lon="4.9135800000000005">
    <ele>21.07</ele>
   </trkpt>
   <trkpt lat="50.98626500446732" lon="4.912554994300266">
    <ele>19.76</ele>
   </trkpt>
   <trkpt lat="50.98601000000001" lon="4.911530000000001">
    <ele>18.400000000000002</ele>
   </trkpt>
   <trkpt lat="50.985766674848804" lon="4.910549989658761">
    <ele>17.53</ele>
   </trkpt>
   <trkpt lat="50.985523341498734" lon="4.90956998959154">
    <ele>16.98</ele>
   </trkpt>
   <trkpt lat="50.98528" lon="4.90859">
    <ele>16.59</ele>
   </trkpt>
   <trkpt lat="50.98508" lon="4.9079500000000005">
    <ele>16.380000000000003</ele>
   </trkpt>
   <trkpt lat="50.98481500219526" lon="4.907229995842338">
    <ele>16.41</ele>
   </trkpt>
   <trkpt lat="50.984550000000006" lon="4.906510000000001">
    <ele>16.810000000000002</ele>
   </trkpt>
   <trkpt lat="50.984460000000006" lon="4.90631">
    <ele>16.84</ele>
   </trkpt>
   <trkpt lat="50.98413000000001" lon="4.905670000000001">
    <ele>16.86</ele>
   </trkpt>
   <trkpt lat="50.983565009017894" lon="4.904829969304588">
    <ele>17.12</ele>
   </trkpt>
   <trkpt lat="50.983000012011814" lon="4.9039899590555915">
    <ele>17.66</ele>
   </trkpt>
   <trkpt lat="50.98243500898201" lon="4.903149969252316">
    <ele>18.590000000000003</ele>
   </trkpt>
   <trkpt lat="50.98187" lon="4.902310000000001">
    <ele>18.660000000000004</ele>
   </trkpt>
   <trkpt lat="50.981700000000004" lon="4.902170000000001">
    <ele>18.64</ele>
   </trkpt>
   <trkpt lat="50.98151000000001" lon="4.90195">
    <ele>18.76</ele>
   </trkpt>
   <trkpt lat="50.980920000000005" lon="4.9011700000000005">
    <ele>19.07</ele>
   </trkpt>
   <trkpt lat="50.980320000000006" lon="4.900650000000001">
    <ele>19.110000000000003</ele>
   </trkpt>
   <trkpt lat="50.97967000245696" lon="4.900113318305925">
    <ele>18.97</ele>
   </trkpt>
   <trkpt lat="50.97902000245506" lon="4.8995766516379495">
    <ele>18.63</ele>
   </trkpt>
   <trkpt lat="50.978370000000005" lon="4.89904">
    <ele>18.54</ele>
   </trkpt>
   <trkpt lat="50.97765500136085" lon="4.898494991678863">
    <ele>18.53</ele>
   </trkpt>
   <trkpt lat="50.976940000000006" lon="4.897950000000001">
    <ele>19.000000000000004</ele>
   </trkpt>
   <trkpt lat="50.97612" lon="4.8973700000000004">
    <ele>18.81</ele>
   </trkpt>
   <trkpt lat="50.97541500078914" lon="4.896914993031345">
    <ele>18.85</ele>
   </trkpt>
   <trkpt lat="50.97471" lon="4.89646">
    <ele>19.05</ele>
   </trkpt>
   <trkpt lat="50.974700000000006" lon="4.896450000000001">
    <ele>19.05</ele>
   </trkpt>
   <trkpt lat="50.974340000000005" lon="4.8962200000000005">
    <ele>19.3</ele>
   </trkpt>
   <trkpt lat="50.9742" lon="4.8961500000000004">
    <ele>19.919999999999998</ele>
   </trkpt>
   <trkpt lat="50.974070000000005" lon="4.89613">
    <ele>20.17</ele>
   </trkpt>
   <trkpt lat="50.97408" lon="4.895840000000001">
    <ele>20.17</ele>
   </trkpt>
   <trkpt lat="50.97413" lon="4.895580000000001">
    <ele>20.09</ele>
   </trkpt>
   <trkpt lat="50.97428000000001" lon="4.8951400000000005">
    <ele>20.1</ele>
   </trkpt>
   <trkpt lat="50.974320000000006" lon="4.8948100000000005">
    <ele>20.16</ele>
   </trkpt>
   <trkpt lat="50.974360000000004" lon="4.89435">
    <ele>20.290000000000003</ele>
   </trkpt>
   <trkpt lat="50.974380000000004" lon="4.8942000000000005">
    <ele>20.34</ele>
   </trkpt>
   <trkpt lat="50.97431" lon="4.89411">
    <ele>20.34</ele>
   </trkpt>
   <trkpt lat="50.97395" lon="4.89341">
    <ele>20.8</ele>
   </trkpt>
   <trkpt lat="50.97381000000001" lon="4.89318">
    <ele>21.060000000000002</ele>
   </trkpt>
   <trkpt lat="50.973400000000005" lon="4.89301">
    <ele>21.060000000000002</ele>
   </trkpt>
   <trkpt lat="50.9733" lon="4.89303">
    <ele>21.060000000000002</ele>
   </trkpt>
   <trkpt lat="50.973130000000005" lon="4.893120000000001">
    <ele>20.89</ele>
   </trkpt>
   <trkpt lat="50.972660000000005" lon="4.893350000000001">
    <ele>20.23</ele>
   </trkpt>
   <trkpt lat="50.97247" lon="4.893420000000001">
    <ele>20.23</ele>
   </trkpt>
   <trkpt lat="50.97181666681239" lon="4.89356333737242">
    <ele>19.880000000000003</ele>
   </trkpt>
   <trkpt lat="50.97116333344934" lon="4.8937066707121994">
    <ele>19.810000000000002</ele>
   </trkpt>
   <trkpt lat="50.970510000000004" lon="4.8938500000000005">
    <ele>19.82</ele>
   </trkpt>
   <trkpt lat="50.969837500269385" lon="4.893990006077241">
    <ele>19.85</ele>
   </trkpt>
   <trkpt lat="50.96916500037141" lon="4.894130008100298">
    <ele>19.84</ele>
   </trkpt>
   <trkpt lat="50.9684925003061" lon="4.894270006069383">
    <ele>20.39</ele>
   </trkpt>
   <trkpt lat="50.96782" lon="4.894410000000001">
    <ele>20.53</ele>
   </trkpt>
   <trkpt lat="50.967420000000004" lon="4.89463">
    <ele>20.71</ele>
   </trkpt>
   <trkpt lat="50.96712" lon="4.89494">
    <ele>20.950000000000003</ele>
   </trkpt>
   <trkpt lat="50.96697" lon="4.89519">
    <ele>20.950000000000003</ele>
   </trkpt>
   <trkpt lat="50.96653333934615" lon="4.8960300158148575">
    <ele>21.57</ele>
   </trkpt>
   <trkpt lat="50.96609667266771" lon="4.896870015837248">
    <ele>22.060000000000002</ele>
   </trkpt>
   <trkpt lat="50.96566000000001" lon="4.89771">
    <ele>22.500000000000004</ele>
   </trkpt>
   <trkpt lat="50.965320000000006" lon="4.89825">
    <ele>22.430000000000003</ele>
   </trkpt>
   <trkpt lat="50.965030000000006" lon="4.898630000000001">
    <ele>22.28</ele>
   </trkpt>
   <trkpt lat="50.96448" lon="4.8992">
    <ele>22.070000000000004</ele>
   </trkpt>
   <trkpt lat="50.9641" lon="4.89946">
    <ele>21.810000000000002</ele>
   </trkpt>
   <trkpt lat="50.963840000000005" lon="4.8996">
    <ele>21.560000000000002</ele>
   </trkpt>
   <trkpt lat="50.96360000000001" lon="4.8996900000000005">
    <ele>21.560000000000002</ele>
   </trkpt>
   <trkpt lat="50.96311000000001" lon="4.89975">
    <ele>21.220000000000002</ele>
   </trkpt>
   <trkpt lat="50.96287" lon="4.89975">
    <ele>21.19</ele>
   </trkpt>
   <trkpt lat="50.962300000000006" lon="4.89972">
    <ele>21.19</ele>
   </trkpt>
   <trkpt lat="50.961730000052015" lon="4.899684999573477">
    <ele>21.32</ele>
   </trkpt>
   <trkpt lat="50.96116000000001" lon="4.89965">
    <ele>21.460000000000004</ele>
   </trkpt>
   <trkpt lat="50.96094" lon="4.899590000000001">
    <ele>21.490000000000002</ele>
   </trkpt>
   <trkpt lat="50.960620000000006" lon="4.89944">
    <ele>21.48</ele>
   </trkpt>
   <trkpt lat="50.96031000000001" lon="4.899190000000001">
    <ele>21.650000000000002</ele>
   </trkpt>
   <trkpt lat="50.95972500447728" lon="4.898597477601408">
    <ele>21.7</ele>
   </trkpt>
   <trkpt lat="50.9591400059569" lon="4.898004970122752">
    <ele>21.68</ele>
   </trkpt>
   <trkpt lat="50.95855500443903" lon="4.897412477563424">
    <ele>21.740000000000002</ele>
   </trkpt>
   <trkpt lat="50.95797" lon="4.896820000000001">
    <ele>22.0</ele>
   </trkpt>
   <trkpt lat="50.95785000000001" lon="4.89674">
    <ele>22.02</ele>
   </trkpt>
   <trkpt lat="50.957640000000005" lon="4.896660000000001">
    <ele>22.01</ele>
   </trkpt>
   <trkpt lat="50.95754" lon="4.89665">
    <ele>21.92</ele>
   </trkpt>
   <trkpt lat="50.957350000000005" lon="4.89667">
    <ele>21.87</ele>
   </trkpt>
   <trkpt lat="50.95722000000001" lon="4.89672">
    <ele>21.84</ele>
   </trkpt>
   <trkpt lat="50.95712" lon="4.89677">
    <ele>21.820000000000004</ele>
   </trkpt>
   <trkpt lat="50.956970000000005" lon="4.8969000000000005">
    <ele>21.820000000000004</ele>
   </trkpt>
   <trkpt lat="50.956720000000004" lon="4.8971800000000005">
    <ele>22.02</ele>
   </trkpt>
   <trkpt lat="50.956114007661576" lon="4.897850034953872">
    <ele>22.03</ele>
   </trkpt>
   <trkpt lat="50.955508011489826" lon="4.898520052432694">
    <ele>23.200000000000003</ele>
   </trkpt>
   <trkpt lat="50.954902011484904" lon="4.8991900524371905">
    <ele>24.860000000000003</ele>
   </trkpt>
   <trkpt lat="50.95429600764704" lon="4.899860034968084">
    <ele>26.900000000000002</ele>
   </trkpt>
   <trkpt lat="50.95369" lon="4.900530000000001">
    <ele>28.12</ele>
   </trkpt>
   <trkpt lat="50.953570000000006" lon="4.90061">
    <ele>28.28</ele>
   </trkpt>
   <trkpt lat="50.953430000000004" lon="4.90066">
    <ele>28.35</ele>
   </trkpt>
   <trkpt lat="50.953190000000006" lon="4.900650000000001">
    <ele>28.35</ele>
   </trkpt>
   <trkpt lat="50.952980000000004" lon="4.90054">
    <ele>28.01</ele>
   </trkpt>
   <trkpt lat="50.95221500084014" lon="4.900099992765411">
    <ele>26.660000000000004</ele>
   </trkpt>
   <trkpt lat="50.95145" lon="4.899660000000001">
    <ele>25.48</ele>
   </trkpt>
   <trkpt lat="50.95116" lon="4.89956">
    <ele>25.48</ele>
   </trkpt>
   <trkpt lat="50.950880000000005" lon="4.899520000000001">
    <ele>24.62</ele>
   </trkpt>
   <trkpt lat="50.950275000016404" lon="4.899600001042762">
    <ele>24.42</ele>
   </trkpt>
   <trkpt lat="50.949670000000005" lon="4.89968">
    <ele>24.09</ele>
   </trkpt>
   <trkpt lat="50.949540000000006" lon="4.89972">
    <ele>24.020000000000003</ele>
   </trkpt>
   <trkpt lat="50.94939" lon="4.89979">
    <ele>24.020000000000003</ele>
   </trkpt>
   <trkpt lat="50.94905000000001" lon="4.9">
    <ele>24.05</ele>
   </trkpt>
   <trkpt lat="50.948750000000004" lon="4.90024">
    <ele>24.130000000000003</ele>
   </trkpt>
   <trkpt lat="50.94852" lon="4.900510000000001">
    <ele>24.110000000000003</ele>
   </trkpt>
   <trkpt lat="50.9483" lon="4.900860000000001">
    <ele>24.09</ele>
   </trkpt>
   <trkpt lat="50.94798500145966" lon="4.901445003967131">
    <ele>24.200000000000003</ele>
   </trkpt>
   <trkpt lat="50.94767" lon="4.902030000000001">
    <ele>24.57</ele>
   </trkpt>
   <trkpt lat="50.94709" lon="4.903090000000001">
    <ele>24.810000000000002</ele>
   </trkpt>
   <trkpt lat="50.946870000000004" lon="4.903370000000001">
    <ele>24.92</ele>
   </trkpt>
   <trkpt lat="50.94652000000001" lon="4.903650000000001">
    <ele>25.17</ele>
   </trkpt>
   <trkpt lat="50.94576000000001" lon="4.904000000000001">
    <ele>25.51</ele>
   </trkpt>
   <trkpt lat="50.94545" lon="4.904100000000001">
    <ele>25.67</ele>
   </trkpt>
   <trkpt lat="50.945080000000004" lon="4.90418">
    <ele>25.67</ele>
   </trkpt>
   <trkpt lat="50.94471000000001" lon="4.9042200000000005">
    <ele>25.910000000000004</ele>
   </trkpt>
   <trkpt lat="50.944280000000006" lon="4.9042200000000005">
    <ele>26.2</ele>
   </trkpt>
   <trkpt lat="50.94371" lon="4.904120000000001">
    <ele>26.87</ele>
   </trkpt>
   <trkpt lat="50.94292000026779" lon="4.903879995928497">
    <ele>27.44</ele>
   </trkpt>
   <trkpt lat="50.942130000000006" lon="4.90364">
    <ele>30.060000000000002</ele>
   </trkpt>
   <trkpt lat="50.94192" lon="4.9036">
    <ele>30.63</ele>
   </trkpt>
   <trkpt lat="50.94171000000001" lon="4.903630000000001">
    <ele>31.46</ele>
   </trkpt>
   <trkpt lat="50.94144000000001" lon="4.9037500000000005">
    <ele>32.32</ele>
   </trkpt>
   <trkpt lat="50.94122" lon="4.90394">
    <ele>33.980000000000004</ele>
   </trkpt>
   <trkpt lat="50.94106000000001" lon="4.90413">
    <ele>34.620000000000005</ele>
   </trkpt>
   <trkpt lat="50.94098" lon="4.904380000000001">
    <ele>35.15</ele>
   </trkpt>
   <trkpt lat="50.940920000000006" lon="4.90435">
    <ele>35.15</ele>
   </trkpt>
   <trkpt lat="50.94079000000001" lon="4.9043600000000005">
    <ele>35.56</ele>
   </trkpt>
   <trkpt lat="50.940740000000005" lon="4.90441">
    <ele>35.56</ele>
   </trkpt>
   <trkpt lat="50.94015" lon="4.904710000000001">
    <ele>35.97</ele>
   </trkpt>
   <trkpt lat="50.94001" lon="4.90479">
    <ele>35.83</ele>
   </trkpt>
   <trkpt lat="50.93981" lon="4.904940000000001">
    <ele>35.46000000000001</ele>
   </trkpt>
   <trkpt lat="50.939640000000004" lon="4.9051100000000005">
    <ele>34.260000000000005</ele>
   </trkpt>
   <trkpt lat="50.939105001689406" lon="4.905740007254925">
    <ele>32.46</ele>
   </trkpt>
   <trkpt lat="50.938570000000006" lon="4.906370000000001">
    <ele>31.240000000000002</ele>
   </trkpt>
   <trkpt lat="50.938205000812275" lon="4.906805003409423">
    <ele>30.8</ele>
   </trkpt>
   <trkpt lat="50.93784" lon="4.907240000000001">
    <ele>30.490000000000002</ele>
   </trkpt>
   <trkpt lat="50.93766" lon="4.907590000000001">
    <ele>30.42</ele>
   </trkpt>
   <trkpt lat="50.93741000000001" lon="4.90824">
    <ele>30.45</ele>
   </trkpt>
   <trkpt lat="50.93730000000001" lon="4.90847">
    <ele>30.45</ele>
   </trkpt>
   <trkpt lat="50.93715" lon="4.90871">
    <ele>30.53</ele>
   </trkpt>
   <trkpt lat="50.93706" lon="4.90882">
    <ele>30.53</ele>
   </trkpt>
   <trkpt lat="50.9369" lon="4.90896">
    <ele>30.69</ele>
   </trkpt>
   <trkpt lat="50.936640000000004" lon="4.909140000000001">
    <ele>30.910000000000004</ele>
   </trkpt>
   <trkpt lat="50.936460000000004" lon="4.9092">
    <ele>30.980000000000004</ele>
   </trkpt>
   <trkpt lat="50.936310000000006" lon="4.90922">
    <ele>31.14</ele>
   </trkpt>
   <trkpt lat="50.9356" lon="4.90916">
    <ele>31.650000000000002</ele>
   </trkpt>
   <trkpt lat="50.93489500009728" lon="4.9090849988708225">
    <ele>31.84</ele>
   </trkpt>
   <trkpt lat="50.93419" lon="4.90901">
    <ele>32.940000000000005</ele>
   </trkpt>
   <trkpt lat="50.93377" lon="4.90899">
    <ele>33.46</ele>
   </trkpt>
   <trkpt lat="50.93317499997958" lon="4.90909000128996">
    <ele>34.54</ele>
   </trkpt>
   <trkpt lat="50.93258" lon="4.909190000000001">
    <ele>35.65</ele>
   </trkpt>
   <trkpt lat="50.931830000000005" lon="4.90925">
    <ele>36.65</ele>
   </trkpt>
   <trkpt lat="50.93132000000001" lon="4.90927">
    <ele>38.150000000000006</ele>
   </trkpt>
   <trkpt lat="50.930440000000004" lon="4.9093800000000005">
    <ele>43.160000000000004</ele>
   </trkpt>
   <trkpt lat="50.930245005159755" lon="4.908279995348031">
    <ele>45.21000000000001</ele>
   </trkpt>
   <trkpt lat="50.93005" lon="4.90718">
    <ele>48.53</ele>
   </trkpt>
   <trkpt lat="50.92992" lon="4.90669">
    <ele>49.720000000000006</ele>
   </trkpt>
   <trkpt lat="50.929770000000005" lon="4.906420000000001">
    <ele>50.660000000000004</ele>
   </trkpt>
   <trkpt lat="50.9292266700236" lon="4.905796652148734">
    <ele>52.65</ele>
   </trkpt>
   <trkpt lat="50.928683336728795" lon="4.905173318859832">
    <ele>56.7</ele>
   </trkpt>
   <trkpt lat="50.928140000000006" lon="4.90455">
    <ele>60.300000000000004</ele>
   </trkpt>
   <trkpt lat="50.927980000000005" lon="4.90432">
    <ele>63.38</ele>
   </trkpt>
   <trkpt lat="50.92772" lon="4.9038">
    <ele>64.56</ele>
   </trkpt>
   <trkpt lat="50.92743000441216" lon="4.90278999389874">
    <ele>66.17</ele>
   </trkpt>
   <trkpt lat="50.92714" lon="4.9017800000000005">
    <ele>65.74000000000001</ele>
   </trkpt>
   <trkpt lat="50.927130000000005" lon="4.901610000000001">
    <ele>65.69000000000001</ele>
   </trkpt>
   <trkpt lat="50.927040000000005" lon="4.9015200000000005">
    <ele>65.74000000000001</ele>
   </trkpt>
   <trkpt lat="50.92689000000001" lon="4.9014500000000005">
    <ele>65.69000000000001</ele>
   </trkpt>
   <trkpt lat="50.926790000000004" lon="4.90143">
    <ele>65.7</ele>
   </trkpt>
   <trkpt lat="50.92645" lon="4.90151">
    <ele>66.30000000000001</ele>
   </trkpt>
   <trkpt lat="50.926260000000006" lon="4.901590000000001">
    <ele>67.18</ele>
   </trkpt>
   <trkpt lat="50.92577000000001" lon="4.901730000000001">
    <ele>70.46000000000001</ele>
   </trkpt>
   <trkpt lat="50.925250000000005" lon="4.902">
    <ele>74.96000000000001</ele>
   </trkpt>
   <trkpt lat="50.925070000000005" lon="4.90205">
    <ele>76.35</ele>
   </trkpt>
   <trkpt lat="50.92503000000001" lon="4.9019900000000005">
    <ele>77.26</ele>
   </trkpt>
   <trkpt lat="50.924890000000005" lon="4.90191">
    <ele>78.54</ele>
   </trkpt>
   <trkpt lat="50.92449000475738" lon="4.900854990940615">
    <ele>79.4</ele>
   </trkpt>
   <trkpt lat="50.92409000000001" lon="4.899800000000001">
    <ele>79.86</ele>
   </trkpt>
   <trkpt lat="50.92385" lon="4.89932">
    <ele>80.43</ele>
   </trkpt>
   <trkpt lat="50.923840000000006" lon="4.89932">
    <ele>80.44000000000001</ele>
   </trkpt>
   <trkpt lat="50.92367" lon="4.89902">
    <ele>81.16000000000001</ele>
   </trkpt>
   <trkpt lat="50.923380002461116" lon="4.898264995363865">
    <ele>81.43</ele>
   </trkpt>
   <trkpt lat="50.92309" lon="4.8975100000000005">
    <ele>81.76</ele>
   </trkpt>
   <trkpt lat="50.92264503658431" lon="4.896403675936587">
    <ele>81.05000000000001</ele>
   </trkpt>
   <trkpt lat="50.92220006271525" lon="4.895297373034712">
    <ele>80.88000000000001</ele>
   </trkpt>
   <trkpt lat="50.9217550783932" lon="4.8941910912941315">
    <ele>80.51</ele>
   </trkpt>
   <trkpt lat="50.92131008361851" lon="4.893084830714601">
    <ele>80.28</ele>
   </trkpt>
   <trkpt lat="50.920865078391564" lon="4.891978591295879">
    <ele>80.60000000000001</ele>
   </trkpt>
   <trkpt lat="50.920420062712736" lon="4.890872373037721">
    <ele>80.53999999999999</ele>
   </trkpt>
   <trkpt lat="50.91997503658237" lon="4.889766175939882">
    <ele>80.76</ele>
   </trkpt>
   <trkpt lat="50.91953" lon="4.888660000000001">
    <ele>81.5</ele>
   </trkpt>
   <trkpt lat="50.91946" lon="4.8883600000000005">
    <ele>81.71000000000001</ele>
   </trkpt>
   <trkpt lat="50.91930000000001" lon="4.8874">
    <ele>81.76</ele>
   </trkpt>
   <trkpt lat="50.91906752206779" lon="4.886087480313284">
    <ele>81.19000000000001</ele>
   </trkpt>
   <trkpt lat="50.91883502942201" lon="4.884774973742022">
    <ele>80.53</ele>
   </trkpt>
   <trkpt lat="50.91860252206293" lon="4.883462480286805">
    <ele>80.27000000000001</ele>
   </trkpt>
   <trkpt lat="50.91837" lon="4.88215">
    <ele>80.51</ele>
   </trkpt>
   <trkpt lat="50.91817500242675" lon="4.881394996806844">
    <ele>80.77000000000001</ele>
   </trkpt>
   <trkpt lat="50.91798000000001" lon="4.8806400000000005">
    <ele>80.86</ele>
   </trkpt>
   <trkpt lat="50.91794" lon="4.880310000000001">
    <ele>81.02000000000001</ele>
   </trkpt>
   <trkpt lat="50.9179" lon="4.87971">
    <ele>80.75</ele>
   </trkpt>
   <trkpt lat="50.917840004166905" lon="4.878719998415422">
    <ele>79.73</ele>
   </trkpt>
   <trkpt lat="50.91778000000001" lon="4.877730000000001">
    <ele>79.01</ele>
   </trkpt>
   <trkpt lat="50.91778000000001" lon="4.877560000000001">
    <ele>78.46</ele>
   </trkpt>
   <trkpt lat="50.91783" lon="4.877330000000001">
    <ele>78.46</ele>
   </trkpt>
   <trkpt lat="50.9179" lon="4.87718">
    <ele>78.46</ele>
   </trkpt>
   <trkpt lat="50.91817" lon="4.876860000000001">
    <ele>77.79</ele>
   </trkpt>
   <trkpt lat="50.91839" lon="4.8769">
    <ele>78.15</ele>
   </trkpt>
   <trkpt lat="50.91888" lon="4.87694">
    <ele>78.53</ele>
   </trkpt>
   <trkpt lat="50.9194" lon="4.8769100000000005">
    <ele>78.1</ele>
   </trkpt>
   <trkpt lat="50.92013000000001" lon="4.8767700000000005">
    <ele>76.37</ele>
   </trkpt>
   <trkpt lat="50.92014" lon="4.87676">
    <ele>76.37</ele>
   </trkpt>
   <trkpt lat="50.92078000004174" lon="4.876640001654305">
    <ele>74.2</ele>
   </trkpt>
   <trkpt lat="50.921420000000005" lon="4.87652">
    <ele>72.75000000000001</ele>
   </trkpt>
   <trkpt lat="50.92148" lon="4.876480000000001">
    <ele>72.62</ele>
   </trkpt>
   <trkpt lat="50.921510000000005" lon="4.87642">
    <ele>72.31</ele>
   </trkpt>
   <trkpt lat="50.921510000000005" lon="4.87631">
    <ele>71.59</ele>
   </trkpt>
   <trkpt lat="50.92139" lon="4.87561">
    <ele>69.32000000000001</ele>
   </trkpt>
   <trkpt lat="50.92136000000001" lon="4.87514">
    <ele>67.93</ele>
   </trkpt>
   <trkpt lat="50.92140667509108" lon="4.874146668722963">
    <ele>65.21000000000001</ele>
   </trkpt>
   <trkpt lat="50.92145334175476" lon="4.873153335453138">
    <ele>64.83</ele>
   </trkpt>
   <trkpt lat="50.9215" lon="4.87216">
    <ele>65.34</ele>
   </trkpt>
   <trkpt lat="50.92147000000001" lon="4.87185">
    <ele>65.71000000000001</ele>
   </trkpt>
   <trkpt lat="50.921420000000005" lon="4.871600000000001">
    <ele>65.71000000000001</ele>
   </trkpt>
   <trkpt lat="50.92123" lon="4.87101">
    <ele>66.27000000000001</ele>
   </trkpt>
   <trkpt lat="50.92089000000001" lon="4.870080000000001">
    <ele>66.41000000000001</ele>
   </trkpt>
   <trkpt lat="50.92081" lon="4.86965">
    <ele>66.68</ele>
   </trkpt>
   <trkpt lat="50.92076" lon="4.869000000000001">
    <ele>66.92</ele>
   </trkpt>
   <trkpt lat="50.92071334354556" lon="4.867906664533786">
    <ele>66.51</ele>
   </trkpt>
   <trkpt lat="50.92066667688144" lon="4.866813331260487">
    <ele>64.23</ele>
   </trkpt>
   <trkpt lat="50.92062000000001" lon="4.8657200000000005">
    <ele>64.32000000000001</ele>
   </trkpt>
   <trkpt lat="50.92065500843076" lon="4.864315001027618">
    <ele>66.07000000000001</ele>
   </trkpt>
   <trkpt lat="50.92069000000001" lon="4.86291">
    <ele>68.94</ele>
   </trkpt>
   <trkpt lat="50.920680000000004" lon="4.862640000000001">
    <ele>69.57000000000001</ele>
   </trkpt>
   <trkpt lat="50.92053000000001" lon="4.861820000000001">
    <ele>69.70000000000002</ele>
   </trkpt>
   <trkpt lat="50.920480000000005" lon="4.86127">
    <ele>69.31</ele>
   </trkpt>
   <trkpt lat="50.92049" lon="4.86078">
    <ele>69.22</ele>
   </trkpt>
   <trkpt lat="50.92053000000001" lon="4.8604400000000005">
    <ele>69.4</ele>
   </trkpt>
   <trkpt lat="50.920700000000004" lon="4.85932">
    <ele>70.03</ele>
   </trkpt>
   <trkpt lat="50.92078000000001" lon="4.8590800000000005">
    <ele>69.45000000000002</ele>
   </trkpt>
   <trkpt lat="50.92094" lon="4.85885">
    <ele>67.18</ele>
   </trkpt>
   <trkpt lat="50.92123" lon="4.85857">
    <ele>63.31</ele>
   </trkpt>
   <trkpt lat="50.921400000000006" lon="4.858350000000001">
    <ele>61.550000000000004</ele>
   </trkpt>
   <trkpt lat="50.921530000000004" lon="4.858140000000001">
    <ele>59.550000000000004</ele>
   </trkpt>
   <trkpt lat="50.921600000000005" lon="4.8579300000000005">
    <ele>58.79</ele>
   </trkpt>
   <trkpt lat="50.92178000311013" lon="4.857075003363194">
    <ele>55.11000000000001</ele>
   </trkpt>
   <trkpt lat="50.921960000000006" lon="4.85622">
    <ele>52.120000000000005</ele>
   </trkpt>
   <trkpt lat="50.921980000000005" lon="4.856070000000001">
    <ele>51.67000000000001</ele>
   </trkpt>
   <trkpt lat="50.92199" lon="4.85543">
    <ele>49.620000000000005</ele>
   </trkpt>
   <trkpt lat="50.92197" lon="4.855090000000001">
    <ele>48.830000000000005</ele>
   </trkpt>
   <trkpt lat="50.92201000000001" lon="4.85496">
    <ele>48.230000000000004</ele>
   </trkpt>
   <trkpt lat="50.92203000000001" lon="4.854760000000001">
    <ele>48.230000000000004</ele>
   </trkpt>
   <trkpt lat="50.92208" lon="4.85459">
    <ele>47.790000000000006</ele>
   </trkpt>
   <trkpt lat="50.92213" lon="4.854520000000001">
    <ele>47.59</ele>
   </trkpt>
   <trkpt lat="50.92212000000001" lon="4.8543400000000005">
    <ele>47.21</ele>
   </trkpt>
   <trkpt lat="50.92217" lon="4.8543400000000005">
    <ele>47.21</ele>
   </trkpt>
   <trkpt lat="50.922180000000004" lon="4.85414">
    <ele>46.18000000000001</ele>
   </trkpt>
   <trkpt lat="50.92208" lon="4.85405">
    <ele>46.12</ele>
   </trkpt>
   <trkpt lat="50.92201000000001" lon="4.853870000000001">
    <ele>45.730000000000004</ele>
   </trkpt>
   <trkpt lat="50.921980000000005" lon="4.85343">
    <ele>44.160000000000004</ele>
   </trkpt>
   <trkpt lat="50.921940000000006" lon="4.853350000000001">
    <ele>44.160000000000004</ele>
   </trkpt>
   <trkpt lat="50.92186" lon="4.8528">
    <ele>41.99000000000001</ele>
   </trkpt>
   <trkpt lat="50.92179" lon="4.85261">
    <ele>41.480000000000004</ele>
   </trkpt>
   <trkpt lat="50.921670000000006" lon="4.852390000000001">
    <ele>40.99</ele>
   </trkpt>
   <trkpt lat="50.92106500769915" lon="4.851612469612409">
    <ele>41.190000000000005</ele>
   </trkpt>
   <trkpt lat="50.92046001023498" lon="4.850834959444694">
    <ele>42.36</ele>
   </trkpt>
   <trkpt lat="50.91985500760775" lon="4.850057469496072">
    <ele>42.95</ele>
   </trkpt>
   <trkpt lat="50.919250000000005" lon="4.84928">
    <ele>43.83</ele>
   </trkpt>
   <trkpt lat="50.91917" lon="4.84919">
    <ele>43.9</ele>
   </trkpt>
   <trkpt lat="50.918980000000005" lon="4.848940000000001">
    <ele>43.99</ele>
   </trkpt>
   <trkpt lat="50.91863000000001" lon="4.84844">
    <ele>44.4</ele>
   </trkpt>
   <trkpt lat="50.918330000000005" lon="4.847910000000001">
    <ele>44.06</ele>
   </trkpt>
   <trkpt lat="50.918150000000004" lon="4.8475600000000005">
    <ele>43.370000000000005</ele>
   </trkpt>
   <trkpt lat="50.9179" lon="4.84696">
    <ele>41.97</ele>
   </trkpt>
   <trkpt lat="50.91760251551514" lon="4.845859978950211">
    <ele>37.49</ele>
   </trkpt>
   <trkpt lat="50.91730502069527" lon="4.844759971965159">
    <ele>33.550000000000004</ele>
   </trkpt>
   <trkpt lat="50.91700751554059" lon="4.843659979045003">
    <ele>33.14</ele>
   </trkpt>
   <trkpt lat="50.91671" lon="4.842560000000001">
    <ele>34.39</ele>
   </trkpt>
   <trkpt lat="50.91666000000001" lon="4.842280000000001">
    <ele>35.46000000000001</ele>
   </trkpt>
   <trkpt lat="50.91658" lon="4.84121">
    <ele>37.37</ele>
   </trkpt>
   <trkpt lat="50.916230000000006" lon="4.84131">
    <ele>37.31</ele>
   </trkpt>
   <trkpt lat="50.91612000000001" lon="4.841430000000001">
    <ele>37.17</ele>
   </trkpt>
   <trkpt lat="50.91599" lon="4.84137">
    <ele>37.49</ele>
   </trkpt>
   <trkpt lat="50.915850000000006" lon="4.841340000000001">
    <ele>37.49</ele>
   </trkpt>
   <trkpt lat="50.915710000000004" lon="4.841360000000001">
    <ele>37.910000000000004</ele>
   </trkpt>
   <trkpt lat="50.9155" lon="4.841430000000001">
    <ele>37.910000000000004</ele>
   </trkpt>
   <trkpt lat="50.914885000032044" lon="4.8415500015915365">
    <ele>38.68000000000001</ele>
   </trkpt>
   <trkpt lat="50.91427" lon="4.841670000000001">
    <ele>38.07</ele>
   </trkpt>
   <trkpt lat="50.91389" lon="4.84168">
    <ele>37.93000000000001</ele>
   </trkpt>
   <trkpt lat="50.913250000000005" lon="4.841620000000001">
    <ele>37.15</ele>
   </trkpt>
   <trkpt lat="50.91288" lon="4.841600000000001">
    <ele>36.97</ele>
   </trkpt>
   <trkpt lat="50.91264" lon="4.84161">
    <ele>37.06</ele>
   </trkpt>
   <trkpt lat="50.91228" lon="4.841690000000001">
    <ele>37.28</ele>
   </trkpt>
   <trkpt lat="50.9117" lon="4.84185">
    <ele>37.98</ele>
   </trkpt>
   <trkpt lat="50.910900000000005" lon="4.84206">
    <ele>39.25</ele>
   </trkpt>
   <trkpt lat="50.91073" lon="4.8420700000000005">
    <ele>39.75</ele>
   </trkpt>
   <trkpt lat="50.91051" lon="4.84205">
    <ele>40.080000000000005</ele>
   </trkpt>
   <trkpt lat="50.91028000000001" lon="4.84198">
    <ele>40.46</ele>
   </trkpt>
   <trkpt lat="50.910030000000006" lon="4.84184">
    <ele>41.1</ele>
   </trkpt>
   <trkpt lat="50.910030000000006" lon="4.841830000000001">
    <ele>41.120000000000005</ele>
   </trkpt>
   <trkpt lat="50.90926" lon="4.84119">
    <ele>43.43</ele>
   </trkpt>
   <trkpt lat="50.909110000000005" lon="4.84109">
    <ele>44.27</ele>
   </trkpt>
   <trkpt lat="50.909020000000005" lon="4.841060000000001">
    <ele>44.27</ele>
   </trkpt>
   <trkpt lat="50.90892" lon="4.841060000000001">
    <ele>44.53000000000001</ele>
   </trkpt>
   <trkpt lat="50.908820000000006" lon="4.840750000000001">
    <ele>44.24</ele>
   </trkpt>
   <trkpt lat="50.90827" lon="4.83999">
    <ele>45.50000000000001</ele>
   </trkpt>
   <trkpt lat="50.908080000000005" lon="4.839770000000001">
    <ele>46.42</ele>
   </trkpt>
   <trkpt lat="50.90789" lon="4.8396300000000005">
    <ele>48.080000000000005</ele>
   </trkpt>
   <trkpt lat="50.90775000000001" lon="4.8395600000000005">
    <ele>48.080000000000005</ele>
   </trkpt>
   <trkpt lat="50.90766000000001" lon="4.839090000000001">
    <ele>49.160000000000004</ele>
   </trkpt>
   <trkpt lat="50.90738" lon="4.838590000000001">
    <ele>51.61</ele>
   </trkpt>
   <trkpt lat="50.907320000000006" lon="4.83842">
    <ele>51.61</ele>
   </trkpt>
   <trkpt lat="50.907070000000004" lon="4.83746">
    <ele>55.78</ele>
   </trkpt>
   <trkpt lat="50.906960000000005" lon="4.8371">
    <ele>56.56</ele>
   </trkpt>
   <trkpt lat="50.90661500283404" lon="4.8362749937116485">
    <ele>58.660000000000004</ele>
   </trkpt>
   <trkpt lat="50.906270000000006" lon="4.835450000000001">
    <ele>61.300000000000004</ele>
   </trkpt>
   <trkpt lat="50.9063" lon="4.835520000000001">
    <ele>61.13</ele>
   </trkpt>
   <trkpt lat="50.906180000000006" lon="4.83516">
    <ele>61.82000000000001</ele>
   </trkpt>
   <trkpt lat="50.90596000705227" lon="4.834253324889454">
    <ele>65.07000000000001</ele>
   </trkpt>
   <trkpt lat="50.905740007082684" lon="4.833346658348233">
    <ele>67.23</ele>
   </trkpt>
   <trkpt lat="50.90552" lon="4.83244">
    <ele>68.27000000000001</ele>
   </trkpt>
   <trkpt lat="50.905280000000005" lon="4.83162">
    <ele>69.85000000000001</ele>
   </trkpt>
   <trkpt lat="50.90490667661615" lon="4.8305399826384665">
    <ele>70.62</ele>
   </trkpt>
   <trkpt lat="50.90453334326884" lon="4.829459982598339">
    <ele>70.92000000000002</ele>
   </trkpt>
   <trkpt lat="50.904160000000005" lon="4.82838">
    <ele>71.91</ele>
   </trkpt>
   <trkpt lat="50.904840002000014" lon="4.8277000099072245">
    <ele>72.32000000000001</ele>
   </trkpt>
   <trkpt lat="50.90552" lon="4.82702">
    <ele>72.76</ele>
   </trkpt>
   <trkpt lat="50.90617" lon="4.826580000000001">
    <ele>72.3</ele>
   </trkpt>
   <trkpt lat="50.90639" lon="4.826370000000001">
    <ele>71.85000000000001</ele>
   </trkpt>
   <trkpt lat="50.90711" lon="4.825570000000001">
    <ele>69.44</ele>
   </trkpt>
   <trkpt lat="50.90742" lon="4.82533">
    <ele>69.08</ele>
   </trkpt>
   <trkpt lat="50.90755000000001" lon="4.8252500000000005">
    <ele>69.12</ele>
   </trkpt>
   <trkpt lat="50.908170000552325" lon="4.82500000665216">
    <ele>68.32000000000001</ele>
   </trkpt>
   <trkpt lat="50.90879000057079" lon="4.8247500066448215">
    <ele>68.52000000000001</ele>
   </trkpt>
   <trkpt lat="50.90941" lon="4.8245000000000005">
    <ele>69.36</ele>
   </trkpt>
   <trkpt lat="50.910170000472256" lon="4.824205004777686">
    <ele>72.23</ele>
   </trkpt>
   <trkpt lat="50.91093000000001" lon="4.823910000000001">
    <ele>74.32000000000001</ele>
   </trkpt>
   <trkpt lat="50.91180750067884" lon="4.823680013008649">
    <ele>69.29</ele>
   </trkpt>
   <trkpt lat="50.91268500090586" lon="4.8234500173450705">
    <ele>64.49000000000001</ele>
   </trkpt>
   <trkpt lat="50.91356250068105" lon="4.823220013008673">
    <ele>61.050000000000004</ele>
   </trkpt>
   <trkpt lat="50.914440000000006" lon="4.822990000000001">
    <ele>59.2</ele>
   </trkpt>
   <trkpt lat="50.91492" lon="4.82289">
    <ele>57.74</ele>
   </trkpt>
   <trkpt lat="50.91539" lon="4.822830000000001">
    <ele>56.14</ele>
   </trkpt>
   <trkpt lat="50.91613749998568" lon="4.822812500843728">
    <ele>54.12</ele>
   </trkpt>
   <trkpt lat="50.91688499996872" lon="4.822795001125279">
    <ele>52.36</ele>
   </trkpt>
   <trkpt lat="50.91763249994918" lon="4.822777500844616">
    <ele>51.050000000000004</ele>
   </trkpt>
   <trkpt lat="50.918380000000006" lon="4.822760000000001">
    <ele>49.870000000000005</ele>
   </trkpt>
   <trkpt lat="50.91844000434383" lon="4.821750001513629">
    <ele>45.77</ele>
   </trkpt>
   <trkpt lat="50.9185" lon="4.820740000000001">
    <ele>43.75</ele>
   </trkpt>
   <trkpt lat="50.9185" lon="4.820760000000001">
    <ele>43.79</ele>
   </trkpt>
   <trkpt lat="50.91854000000001" lon="4.8193600000000005">
    <ele>43.29</ele>
   </trkpt>
   <trkpt lat="50.918470000000006" lon="4.819310000000001">
    <ele>42.95</ele>
   </trkpt>
   <trkpt lat="50.917770000000004" lon="4.818980000000001">
    <ele>42.4</ele>
   </trkpt>
   <trkpt lat="50.917570000000005" lon="4.818930000000001">
    <ele>42.730000000000004</ele>
   </trkpt>
   <trkpt lat="50.91757000929742" lon="4.817886666727151">
    <ele>41.0</ele>
   </trkpt>
   <trkpt lat="50.91757000929742" lon="4.816843333454093">
    <ele>40.019999999999996</ele>
   </trkpt>
   <trkpt lat="50.917570000000005" lon="4.8158">
    <ele>37.78</ele>
   </trkpt>
   <trkpt lat="50.917530000000006" lon="4.81468">
    <ele>36.81</ele>
   </trkpt>
   <trkpt lat="50.917460000000005" lon="4.814170000000001">
    <ele>35.64000000000001</ele>
   </trkpt>
   <trkpt lat="50.917440000000006" lon="4.81371">
    <ele>35.160000000000004</ele>
   </trkpt>
   <trkpt lat="50.917440000000006" lon="4.81268">
    <ele>34.760000000000005</ele>
   </trkpt>
   <trkpt lat="50.91738" lon="4.81233">
    <ele>34.63</ele>
   </trkpt>
   <trkpt lat="50.917210000000004" lon="4.81175">
    <ele>35.0</ele>
   </trkpt>
   <trkpt lat="50.917210000000004" lon="4.81174">
    <ele>35.02</ele>
   </trkpt>
   <trkpt lat="50.916970000000006" lon="4.810930000000001">
    <ele>36.03</ele>
   </trkpt>
   <trkpt lat="50.916663340729016" lon="4.809999987768052">
    <ele>36.71</ele>
   </trkpt>
   <trkpt lat="50.916356674070634" lon="4.809069987793382">
    <ele>38.09</ele>
   </trkpt>
   <trkpt lat="50.916050000000006" lon="4.808140000000001">
    <ele>39.27</ele>
   </trkpt>
   <trkpt lat="50.91593" lon="4.80743">
    <ele>39.71</ele>
   </trkpt>
   <trkpt lat="50.91592000000001" lon="4.80721">
    <ele>39.839999999999996</ele>
   </trkpt>
   <trkpt lat="50.91626" lon="4.80738">
    <ele>40.220000000000006</ele>
   </trkpt>
   <trkpt lat="50.91653" lon="4.80747">
    <ele>41.54</ele>
   </trkpt>
   <trkpt lat="50.916650000000004" lon="4.8074900000000005">
    <ele>41.84</ele>
   </trkpt>
   <trkpt lat="50.917350000000006" lon="4.8075">
    <ele>42.230000000000004</ele>
   </trkpt>
   <trkpt lat="50.91817500000737" lon="4.807495000088603">
    <ele>41.95</ele>
   </trkpt>
   <trkpt lat="50.919000000000004" lon="4.8074900000000005">
    <ele>41.650000000000006</ele>
   </trkpt>
   <trkpt lat="50.919250000000005" lon="4.8075">
    <ele>41.63</ele>
   </trkpt>
   <trkpt lat="50.919470000000004" lon="4.80754">
    <ele>41.410000000000004</ele>
   </trkpt>
   <trkpt lat="50.91966000000001" lon="4.80759">
    <ele>41.410000000000004</ele>
   </trkpt>
   <trkpt lat="50.920030000000004" lon="4.8077700000000005">
    <ele>41.32</ele>
   </trkpt>
   <trkpt lat="50.92076" lon="4.808260000000001">
    <ele>41.09</ele>
   </trkpt>
   <trkpt lat="50.921020000000006" lon="4.80837">
    <ele>40.940000000000005</ele>
   </trkpt>
   <trkpt lat="50.921420000000005" lon="4.808470000000001">
    <ele>40.79</ele>
   </trkpt>
   <trkpt lat="50.921640000000004" lon="4.808490000000001">
    <ele>40.620000000000005</ele>
   </trkpt>
   <trkpt lat="50.922050000000006" lon="4.808470000000001">
    <ele>40.06</ele>
   </trkpt>
   <trkpt lat="50.922782000488" lon="4.808304010443167">
    <ele>39.17</ele>
   </trkpt>
   <trkpt lat="50.923514000740674" lon="4.8081380156630855">
    <ele>35.99</ele>
   </trkpt>
   <trkpt lat="50.924246000758004" lon="4.807972015659458">
    <ele>33.75</ele>
   </trkpt>
   <trkpt lat="50.92497800053998" lon="4.8078060104319835">
    <ele>31.790000000000006</ele>
   </trkpt>
   <trkpt lat="50.92571" lon="4.80764">
    <ele>29.980000000000004</ele>
   </trkpt>
   <trkpt lat="50.925740000000005" lon="4.807880000000001">
    <ele>29.640000000000004</ele>
   </trkpt>
   <trkpt lat="50.926140000000004" lon="4.807810000000001">
    <ele>28.25</ele>
   </trkpt>
   <trkpt lat="50.926230000000004" lon="4.80778">
    <ele>27.990000000000002</ele>
   </trkpt>
   <trkpt lat="50.926390000000005" lon="4.80768">
    <ele>27.64</ele>
   </trkpt>
   <trkpt lat="50.926570000000005" lon="4.8074900000000005">
    <ele>27.21</ele>
   </trkpt>
   <trkpt lat="50.927150007754776" lon="4.8067125290682">
    <ele>25.290000000000003</ele>
   </trkpt>
   <trkpt lat="50.927730010347005" lon="4.805935038748497">
    <ele>24.39</ele>
   </trkpt>
   <trkpt lat="50.928310007776446" lon="4.8051575290401765">
    <ele>23.790000000000003</ele>
   </trkpt>
   <trkpt lat="50.92889" lon="4.80438">
    <ele>22.94</ele>
   </trkpt>
   <trkpt lat="50.929010000000005" lon="4.804180000000001">
    <ele>22.8</ele>
   </trkpt>
   <trkpt lat="50.92925" lon="4.803800000000001">
    <ele>22.61</ele>
   </trkpt>
   <trkpt lat="50.929550000000006" lon="4.80323">
    <ele>22.160000000000004</ele>
   </trkpt>
   <trkpt lat="50.929660000000005" lon="4.80307">
    <ele>22.160000000000004</ele>
   </trkpt>
   <trkpt lat="50.9299" lon="4.802840000000001">
    <ele>21.900000000000002</ele>
   </trkpt>
   <trkpt lat="50.930060000000005" lon="4.80273">
    <ele>21.77</ele>
   </trkpt>
   <trkpt lat="50.930220000000006" lon="4.802650000000001">
    <ele>21.650000000000002</ele>
   </trkpt>
   <trkpt lat="50.930870000379116" lon="4.802440005868699">
    <ele>21.080000000000002</ele>
   </trkpt>
   <trkpt lat="50.93152000038159" lon="4.802230005867997">
    <ele>20.98</ele>
   </trkpt>
   <trkpt lat="50.932170000000006" lon="4.802020000000001">
    <ele>20.71</ele>
   </trkpt>
   <trkpt lat="50.93279333369191" lon="4.801813338875121">
    <ele>20.560000000000002</ele>
   </trkpt>
   <trkpt lat="50.93341666701905" lon="4.801606672210596">
    <ele>20.21</ele>
   </trkpt>
   <trkpt lat="50.93404" lon="4.8014">
    <ele>20.110000000000003</ele>
   </trkpt>
   <trkpt lat="50.934360000000005" lon="4.80131">
    <ele>20.060000000000002</ele>
   </trkpt>
   <trkpt lat="50.93455" lon="4.80131">
    <ele>19.96</ele>
   </trkpt>
   <trkpt lat="50.934720000000006" lon="4.80133">
    <ele>19.85</ele>
   </trkpt>
   <trkpt lat="50.934870000000004" lon="4.80138">
    <ele>19.85</ele>
   </trkpt>
   <trkpt lat="50.93515000000001" lon="4.801550000000001">
    <ele>19.75</ele>
   </trkpt>
   <trkpt lat="50.93531" lon="4.80168">
    <ele>19.590000000000003</ele>
   </trkpt>
   <trkpt lat="50.935550000000006" lon="4.80198">
    <ele>19.5</ele>
   </trkpt>
   <trkpt lat="50.936130000000006" lon="4.80292">
    <ele>19.180000000000003</ele>
   </trkpt>
   <trkpt lat="50.936240000000005" lon="4.80306">
    <ele>19.180000000000003</ele>
   </trkpt>
   <trkpt lat="50.9365" lon="4.80334">
    <ele>19.180000000000003</ele>
   </trkpt>
   <trkpt lat="50.936640000000004" lon="4.80344">
    <ele>19.12</ele>
   </trkpt>
   <trkpt lat="50.93686" lon="4.80355">
    <ele>19.12</ele>
   </trkpt>
   <trkpt lat="50.937000000000005" lon="4.803590000000001">
    <ele>19.16</ele>
   </trkpt>
   <trkpt lat="50.937310000000004" lon="4.80363">
    <ele>19.32</ele>
   </trkpt>
   <trkpt lat="50.937630000000006" lon="4.803570000000001">
    <ele>19.22</ele>
   </trkpt>
   <trkpt lat="50.937920000000005" lon="4.80349">
    <ele>19.250000000000004</ele>
   </trkpt>
   <trkpt lat="50.9384" lon="4.803380000000001">
    <ele>19.430000000000003</ele>
   </trkpt>
   <trkpt lat="50.938610000000004" lon="4.80337">
    <ele>19.430000000000003</ele>
   </trkpt>
   <trkpt lat="50.938880000000005" lon="4.80339">
    <ele>19.520000000000003</ele>
   </trkpt>
   <trkpt lat="50.93918000000001" lon="4.80346">
    <ele>19.470000000000002</ele>
   </trkpt>
   <trkpt lat="50.93972000025573" lon="4.803694997279471">
    <ele>19.470000000000002</ele>
   </trkpt>
   <trkpt lat="50.94026" lon="4.80393">
    <ele>19.42</ele>
   </trkpt>
   <trkpt lat="50.940430000000006" lon="4.803990000000001">
    <ele>19.360000000000003</ele>
   </trkpt>
   <trkpt lat="50.940690000000004" lon="4.8040400000000005">
    <ele>19.340000000000003</ele>
   </trkpt>
   <trkpt lat="50.94084" lon="4.8040400000000005">
    <ele>19.340000000000003</ele>
   </trkpt>
   <trkpt lat="50.941" lon="4.804010000000001">
    <ele>19.28</ele>
   </trkpt>
   <trkpt lat="50.941210000000005" lon="4.80393">
    <ele>19.24</ele>
   </trkpt>
   <trkpt lat="50.94144000000001" lon="4.803800000000001">
    <ele>19.110000000000003</ele>
   </trkpt>
   <trkpt lat="50.94164000000001" lon="4.803610000000001">
    <ele>19.040000000000003</ele>
   </trkpt>
   <trkpt lat="50.94171000000001" lon="4.80356">
    <ele>19.040000000000003</ele>
   </trkpt>
   <trkpt lat="50.94182000000001" lon="4.80342">
    <ele>19.03</ele>
   </trkpt>
   <trkpt lat="50.942355006679975" lon="4.802697524950757">
    <ele>19.12</ele>
   </trkpt>
   <trkpt lat="50.942890008902424" lon="4.801975033273889">
    <ele>19.57</ele>
   </trkpt>
   <trkpt lat="50.943425006667184" lon="4.801252524968837">
    <ele>19.73</ele>
   </trkpt>
   <trkpt lat="50.943960000000004" lon="4.80053">
    <ele>20.3</ele>
   </trkpt>
   <trkpt lat="50.94404" lon="4.8004500000000005">
    <ele>20.3</ele>
   </trkpt>
   <trkpt lat="50.94408000000001" lon="4.800660000000001">
    <ele>20.32</ele>
   </trkpt>
   <trkpt lat="50.94427" lon="4.80142">
    <ele>20.290000000000003</ele>
   </trkpt>
   <trkpt lat="50.94454" lon="4.80231">
    <ele>20.52</ele>
   </trkpt>
   <trkpt lat="50.94464000000001" lon="4.8028">
    <ele>20.900000000000002</ele>
   </trkpt>
   <trkpt lat="50.94478" lon="4.803800000000001">
    <ele>21.18</ele>
   </trkpt>
   <trkpt lat="50.94484000304119" lon="4.80464499880377">
    <ele>21.48</ele>
   </trkpt>
   <trkpt lat="50.944900000000004" lon="4.805490000000001">
    <ele>21.67</ele>
   </trkpt>
   <trkpt lat="50.94503002516945" lon="4.8067039864097465">
    <ele>21.71</ele>
   </trkpt>
   <trkpt lat="50.94516003775375" lon="4.807917979610088">
    <ele>21.740000000000002</ele>
   </trkpt>
   <trkpt lat="50.94529003775279" lon="4.809131979600436">
    <ele>21.7</ele>
   </trkpt>
   <trkpt lat="50.945420025166406" lon="4.810345986380203">
    <ele>21.740000000000002</ele>
   </trkpt>
   <trkpt lat="50.945550000000004" lon="4.81156">
    <ele>22.02</ele>
   </trkpt>
   <trkpt lat="50.94575667431749" lon="4.812506658240571">
    <ele>22.230000000000004</ele>
   </trkpt>
   <trkpt lat="50.94596334098226" lon="4.813453324898412">
    <ele>22.660000000000004</ele>
   </trkpt>
   <trkpt lat="50.94617" lon="4.8144">
    <ele>22.85</ele>
   </trkpt>
   <trkpt lat="50.946296675420804" lon="4.815413327695617">
    <ele>22.89</ele>
   </trkpt>
   <trkpt lat="50.946423342073075" lon="4.816426660913717">
    <ele>23.22</ele>
   </trkpt>
   <trkpt lat="50.94655" lon="4.81744">
    <ele>23.14</ele>
   </trkpt>
   <trkpt lat="50.94666001221458" lon="4.818636660853168">
    <ele>22.94</ele>
   </trkpt>
   <trkpt lat="50.94677001220084" lon="4.8198333273700396">
    <ele>22.78</ele>
   </trkpt>
   <trkpt lat="50.94688000000001" lon="4.82103">
    <ele>22.76</ele>
   </trkpt>
   <trkpt lat="50.94694501459418" lon="4.822097495483726">
    <ele>22.72</ele>
   </trkpt>
   <trkpt lat="50.94701001945739" lon="4.823164993953254">
    <ele>22.69</ele>
   </trkpt>
   <trkpt lat="50.9470750145896" lon="4.824232495408154">
    <ele>22.430000000000003</ele>
   </trkpt>
   <trkpt lat="50.947140000000005" lon="4.8253">
    <ele>22.330000000000002</ele>
   </trkpt>
   <trkpt lat="50.947160000000004" lon="4.825480000000001">
    <ele>22.330000000000002</ele>
   </trkpt>
   <trkpt lat="50.947306675772914" lon="4.826513326729628">
    <ele>22.820000000000004</ele>
   </trkpt>
   <trkpt lat="50.947453342427856" lon="4.827546659980125">
    <ele>23.000000000000004</ele>
   </trkpt>
   <trkpt lat="50.9476" lon="4.8285800000000005">
    <ele>23.96</ele>
   </trkpt>
   <trkpt lat="50.94765" lon="4.82896">
    <ele>24.110000000000003</ele>
   </trkpt>
   <trkpt lat="50.947610000000005" lon="4.829140000000001">
    <ele>24.14</ele>
   </trkpt>
   <trkpt lat="50.947750000000006" lon="4.82948">
    <ele>24.330000000000002</ele>
   </trkpt>
   <trkpt lat="50.94785" lon="4.829840000000001">
    <ele>24.380000000000003</ele>
   </trkpt>
   <trkpt lat="50.94800000000001" lon="4.83021">
    <ele>24.630000000000003</ele>
   </trkpt>
   <trkpt lat="50.948170000000005" lon="4.83058">
    <ele>25.14</ele>
   </trkpt>
   <trkpt lat="50.948310000000006" lon="4.83051">
    <ele>25.17</ele>
   </trkpt>
   <trkpt lat="50.949110000000005" lon="4.830290000000001">
    <ele>25.970000000000002</ele>
   </trkpt>
   <trkpt lat="50.949310000000004" lon="4.830220000000001">
    <ele>26.330000000000002</ele>
   </trkpt>
   <trkpt lat="50.94950000000001" lon="4.830100000000001">
    <ele>26.85</ele>
   </trkpt>
   <trkpt lat="50.94961000000001" lon="4.830010000000001">
    <ele>27.040000000000003</ele>
   </trkpt>
   <trkpt lat="50.94986" lon="4.82972">
    <ele>28.01</ele>
   </trkpt>
   <trkpt lat="50.94999000000001" lon="4.8295">
    <ele>28.01</ele>
   </trkpt>
   <trkpt lat="50.95013" lon="4.829210000000001">
    <ele>29.330000000000002</ele>
   </trkpt>
   <trkpt lat="50.95049" lon="4.82824">
    <ele>32.220000000000006</ele>
   </trkpt>
   <trkpt lat="50.950610000000005" lon="4.827730000000001">
    <ele>33.81</ele>
   </trkpt>
   <trkpt lat="50.950660000000006" lon="4.8271500000000005">
    <ele>36.07000000000001</ele>
   </trkpt>
   <trkpt lat="50.95064000000001" lon="4.8265400000000005">
    <ele>39.41</ele>
   </trkpt>
   <trkpt lat="50.95037000000001" lon="4.8251800000000005">
    <ele>44.39000000000001</ele>
   </trkpt>
   <trkpt lat="50.950300000000006" lon="4.824540000000001">
    <ele>45.160000000000004</ele>
   </trkpt>
   <trkpt lat="50.95031" lon="4.8238900000000005">
    <ele>47.510000000000005</ele>
   </trkpt>
   <trkpt lat="50.95033" lon="4.82357">
    <ele>48.36000000000001</ele>
   </trkpt>
   <trkpt lat="50.950450000000004" lon="4.82287">
    <ele>50.32</ele>
   </trkpt>
   <trkpt lat="50.95062" lon="4.82228">
    <ele>54.3</ele>
   </trkpt>
   <trkpt lat="50.95078" lon="4.82192">
    <ele>55.82</ele>
   </trkpt>
   <trkpt lat="50.95096" lon="4.8216">
    <ele>57.080000000000005</ele>
   </trkpt>
   <trkpt lat="50.951080000000005" lon="4.821440000000001">
    <ele>57.77</ele>
   </trkpt>
   <trkpt lat="50.9513" lon="4.8211900000000005">
    <ele>58.57</ele>
   </trkpt>
   <trkpt lat="50.95197167301462" lon="4.820645039375257">
    <ele>58.49000000000001</ele>
   </trkpt>
   <trkpt lat="50.95264334349328" lon="4.820100062998995">
    <ele>57.910000000000004</ele>
   </trkpt>
   <trkpt lat="50.95331501143579" lon="4.819555070870444">
    <ele>56.870000000000005</ele>
   </trkpt>
   <trkpt lat="50.95398667684206" lon="4.819010062988827">
    <ele>55.370000000000005</ele>
   </trkpt>
   <trkpt lat="50.954658339711884" lon="4.818465039353373">
    <ele>52.88</ele>
   </trkpt>
   <trkpt lat="50.955330000000004" lon="4.81792">
    <ele>50.24000000000001</ele>
   </trkpt>
   <trkpt lat="50.955890000000004" lon="4.81745">
    <ele>49.38000000000001</ele>
   </trkpt>
   <trkpt lat="50.95618" lon="4.81712">
    <ele>49.190000000000005</ele>
   </trkpt>
   <trkpt lat="50.95669" lon="4.8163100000000005">
    <ele>49.13</ele>
   </trkpt>
   <trkpt lat="50.95696" lon="4.8160300000000005">
    <ele>49.260000000000005</ele>
   </trkpt>
   <trkpt lat="50.95716" lon="4.81587">
    <ele>49.330000000000005</ele>
   </trkpt>
   <trkpt lat="50.95796500107438" lon="4.815415007774819">
    <ele>49.78</ele>
   </trkpt>
   <trkpt lat="50.95877" lon="4.81496">
    <ele>49.88</ele>
   </trkpt>
   <trkpt lat="50.95881000000001" lon="4.81494">
    <ele>49.88</ele>
   </trkpt>
   <trkpt lat="50.959643335269725" lon="4.814460017235451">
    <ele>48.61000000000001</ele>
   </trkpt>
   <trkpt lat="50.960476668572255" lon="4.813980017253585">
    <ele>44.24</ele>
   </trkpt>
   <trkpt lat="50.961310000000005" lon="4.8135">
    <ele>39.589999999999996</ele>
   </trkpt>
   <trkpt lat="50.96152000000001" lon="4.81336">
    <ele>37.51</ele>
   </trkpt>
   <trkpt lat="50.96175" lon="4.813140000000001">
    <ele>36.75000000000001</ele>
   </trkpt>
   <trkpt lat="50.96202" lon="4.81277">
    <ele>34.71</ele>
   </trkpt>
   <trkpt lat="50.96224" lon="4.81236">
    <ele>34.160000000000004</ele>
   </trkpt>
   <trkpt lat="50.96237000000001" lon="4.812010000000001">
    <ele>33.03</ele>
   </trkpt>
   <trkpt lat="50.96246000000001" lon="4.81165">
    <ele>32.1</ele>
   </trkpt>
   <trkpt lat="50.96259000283958" lon="4.810835002256045">
    <ele>30.46</ele>
   </trkpt>
   <trkpt lat="50.962720000000004" lon="4.810020000000001">
    <ele>28.540000000000003</ele>
   </trkpt>
   <trkpt lat="50.96293000000001" lon="4.809340000000001">
    <ele>27.160000000000004</ele>
   </trkpt>
   <trkpt lat="50.96307" lon="4.809010000000001">
    <ele>26.680000000000003</ele>
   </trkpt>
   <trkpt lat="50.963480000000004" lon="4.80841">
    <ele>25.5</ele>
   </trkpt>
   <trkpt lat="50.96358000000001" lon="4.8083100000000005">
    <ele>25.23</ele>
   </trkpt>
   <trkpt lat="50.964110000000005" lon="4.80785">
    <ele>24.630000000000003</ele>
   </trkpt>
   <trkpt lat="50.964220000000005" lon="4.807790000000001">
    <ele>24.5</ele>
   </trkpt>
   <trkpt lat="50.96428" lon="4.80778">
    <ele>24.5</ele>
   </trkpt>
   <trkpt lat="50.96434000000001" lon="4.807810000000001">
    <ele>24.5</ele>
   </trkpt>
   <trkpt lat="50.96443000000001" lon="4.80757">
    <ele>24.5</ele>
   </trkpt>
   <trkpt lat="50.96519333684187" lon="4.806930021023179">
    <ele>22.930000000000003</ele>
   </trkpt>
   <trkpt lat="50.9659566701866" lon="4.806290021014054">
    <ele>21.75</ele>
   </trkpt>
   <trkpt lat="50.96672" lon="4.80565">
    <ele>21.14</ele>
   </trkpt>
   <trkpt lat="50.96661" lon="4.80501">
    <ele>20.98</ele>
   </trkpt>
   <trkpt lat="50.96609" lon="4.8039000000000005">
    <ele>21.03</ele>
   </trkpt>
   <trkpt lat="50.965900000000005" lon="4.80355">
    <ele>21.16</ele>
   </trkpt>
   <trkpt lat="50.96573" lon="4.80328">
    <ele>21.37</ele>
   </trkpt>
   <trkpt lat="50.965610000000005" lon="4.80304">
    <ele>21.36</ele>
   </trkpt>
   <trkpt lat="50.965235003428766" lon="4.802144992797047">
    <ele>20.78</ele>
   </trkpt>
   <trkpt lat="50.96486" lon="4.8012500000000005">
    <ele>20.37</ele>
   </trkpt>
   <trkpt lat="50.96464" lon="4.80055">
    <ele>20.16</ele>
   </trkpt>
   <trkpt lat="50.96455" lon="4.80015">
    <ele>19.96</ele>
   </trkpt>
   <trkpt lat="50.9645" lon="4.79982">
    <ele>19.96</ele>
   </trkpt>
   <trkpt lat="50.964410007721746" lon="4.798474997377014">
    <ele>19.3</ele>
   </trkpt>
   <trkpt lat="50.96432" lon="4.79713">
    <ele>18.740000000000002</ele>
   </trkpt>
   <trkpt lat="50.964330000000004" lon="4.796740000000001">
    <ele>18.51</ele>
   </trkpt>
   <trkpt lat="50.96441" lon="4.796060000000001">
    <ele>18.17</ele>
   </trkpt>
   <trkpt lat="50.964585015287604" lon="4.794967512337433">
    <ele>17.910000000000004</ele>
   </trkpt>
   <trkpt lat="50.96476002038455" lon="4.793875016443518">
    <ele>17.12</ele>
   </trkpt>
   <trkpt lat="50.96493501529069" lon="4.792782512318624">
    <ele>16.66</ele>
   </trkpt>
   <trkpt lat="50.96511" lon="4.79169">
    <ele>16.310000000000002</ele>
   </trkpt>
   <trkpt lat="50.96528000000001" lon="4.791040000000001">
    <ele>16.27</ele>
   </trkpt>
   <trkpt lat="50.965360000000004" lon="4.79084">
    <ele>16.200000000000003</ele>
   </trkpt>
   <trkpt lat="50.96557000000001" lon="4.79039">
    <ele>16.060000000000002</ele>
   </trkpt>
   <trkpt lat="50.96587" lon="4.7899400000000005">
    <ele>15.98</ele>
   </trkpt>
   <trkpt lat="50.96631000000001" lon="4.789420000000001">
    <ele>15.98</ele>
   </trkpt>
   <trkpt lat="50.96645" lon="4.78911">
    <ele>16.110000000000003</ele>
   </trkpt>
   <trkpt lat="50.966300000000004" lon="4.788830000000001">
    <ele>16.330000000000002</ele>
   </trkpt>
   <trkpt lat="50.966330000000006" lon="4.788760000000001">
    <ele>16.3</ele>
   </trkpt>
   <trkpt lat="50.96638" lon="4.7883700000000005">
    <ele>16.55</ele>
   </trkpt>
   <trkpt lat="50.96640000000001" lon="4.7877600000000005">
    <ele>17.130000000000003</ele>
   </trkpt>
   <trkpt lat="50.96645" lon="4.78723">
    <ele>18.01</ele>
   </trkpt>
   <trkpt lat="50.96658000000001" lon="4.78657">
    <ele>21.130000000000003</ele>
   </trkpt>
   <trkpt lat="50.96678000000001" lon="4.786040000000001">
    <ele>22.51</ele>
   </trkpt>
   <trkpt lat="50.96688" lon="4.785850000000001">
    <ele>23.06</ele>
   </trkpt>
   <trkpt lat="50.9671" lon="4.785500000000001">
    <ele>23.51</ele>
   </trkpt>
   <trkpt lat="50.967270000000006" lon="4.78531">
    <ele>23.330000000000002</ele>
   </trkpt>
   <trkpt lat="50.967890001638814" lon="4.784685008371231">
    <ele>21.150000000000002</ele>
   </trkpt>
   <trkpt lat="50.96851" lon="4.78406">
    <ele>16.6</ele>
   </trkpt>
   <trkpt lat="50.968790000000006" lon="4.78378">
    <ele>15.790000000000001</ele>
   </trkpt>
   <trkpt lat="50.96907" lon="4.783440000000001">
    <ele>15.520000000000001</ele>
   </trkpt>
   <trkpt lat="50.96947" lon="4.782920000000001">
    <ele>15.030000000000001</ele>
   </trkpt>
   <trkpt lat="50.97011500421462" lon="4.7819350135674155">
    <ele>14.57</ele>
   </trkpt>
   <trkpt lat="50.970760000000006" lon="4.780950000000001">
    <ele>13.98</ele>
   </trkpt>
   <trkpt lat="50.97130000000001" lon="4.78014">
    <ele>13.53</ele>
   </trkpt>
   <trkpt lat="50.97138" lon="4.780200000000001">
    <ele>13.15</ele>
   </trkpt>
   <trkpt lat="50.97144" lon="4.78019">
    <ele>13.15</ele>
   </trkpt>
   <trkpt lat="50.97149" lon="4.780150000000001">
    <ele>13.15</ele>
   </trkpt>
   <trkpt lat="50.97153" lon="4.780010000000001">
    <ele>12.910000000000002</ele>
   </trkpt>
   <trkpt lat="50.972340001056715" lon="4.780231647338417">
    <ele>11.950000000000001</ele>
   </trkpt>
   <trkpt lat="50.97315000169397" lon="4.780453302408357">
    <ele>11.770000000000001</ele>
   </trkpt>
   <trkpt lat="50.97396000191176" lon="4.780674965210309">
    <ele>11.65</ele>
   </trkpt>
   <trkpt lat="50.97477000171005" lon="4.780896635744764">
    <ele>11.91</ele>
   </trkpt>
   <trkpt lat="50.9755800010888" lon="4.781118314012209">
    <ele>12.0</ele>
   </trkpt>
   <trkpt lat="50.97639" lon="4.78134">
    <ele>12.24</ele>
   </trkpt>
   <trkpt lat="50.977250000000005" lon="4.78152">
    <ele>12.33</ele>
   </trkpt>
   <trkpt lat="50.97792499989934" lon="4.781604998747809">
    <ele>12.25</ele>
   </trkpt>
   <trkpt lat="50.97860000000001" lon="4.78169">
    <ele>13.260000000000002</ele>
   </trkpt>
   <trkpt lat="50.978910000000006" lon="4.78169">
    <ele>13.680000000000001</ele>
   </trkpt>
   <trkpt lat="50.97928" lon="4.78165">
    <ele>13.920000000000002</ele>
   </trkpt>
   <trkpt lat="50.97993500014843" lon="4.781550001394569">
    <ele>13.290000000000001</ele>
   </trkpt>
   <trkpt lat="50.98059000000001" lon="4.78145">
    <ele>13.01</ele>
   </trkpt>
   <trkpt lat="50.981010000000005" lon="4.78141">
    <ele>12.75</ele>
   </trkpt>
   <trkpt lat="50.98124000000001" lon="4.78141">
    <ele>12.770000000000001</ele>
   </trkpt>
   <trkpt lat="50.98171000000001" lon="4.781490000000001">
    <ele>12.66</ele>
   </trkpt>
   <trkpt lat="50.98221500014389" lon="4.781694997755727">
    <ele>12.55</ele>
   </trkpt>
   <trkpt lat="50.98272000000001" lon="4.7819">
    <ele>12.33</ele>
   </trkpt>
   <trkpt lat="50.98293" lon="4.78193">
    <ele>12.440000000000001</ele>
   </trkpt>
   <trkpt lat="50.98321000000001" lon="4.78193">
    <ele>12.560000000000002</ele>
   </trkpt>
   <trkpt lat="50.983830000000005" lon="4.781820000000001">
    <ele>13.240000000000002</ele>
   </trkpt>
   <trkpt lat="50.98384" lon="4.781820000000001">
    <ele>13.240000000000002</ele>
   </trkpt>
   <trkpt lat="50.98429" lon="4.781750000000001">
    <ele>14.180000000000001</ele>
   </trkpt>
   <trkpt lat="50.98436" lon="4.78169">
    <ele>14.470000000000002</ele>
   </trkpt>
   <trkpt lat="50.984370000000006" lon="4.7814700000000006">
    <ele>14.470000000000002</ele>
   </trkpt>
   <trkpt lat="50.984280000000005" lon="4.78075">
    <ele>13.57</ele>
   </trkpt>
   <trkpt lat="50.984280000000005" lon="4.7805800000000005">
    <ele>13.57</ele>
   </trkpt>
   <trkpt lat="50.984370000000006" lon="4.77925">
    <ele>12.32</ele>
   </trkpt>
   <trkpt lat="50.98443" lon="4.779050000000001">
    <ele>12.16</ele>
   </trkpt>
   <trkpt lat="50.98454" lon="4.77888">
    <ele>11.88</ele>
   </trkpt>
   <trkpt lat="50.98461" lon="4.7788">
    <ele>11.72</ele>
   </trkpt>
   <trkpt lat="50.984750000000005" lon="4.77869">
    <ele>11.580000000000002</ele>
   </trkpt>
   <trkpt lat="50.985130000000005" lon="4.77847">
    <ele>11.370000000000001</ele>
   </trkpt>
   <trkpt lat="50.98521" lon="4.778390000000001">
    <ele>11.31</ele>
   </trkpt>
   <trkpt lat="50.985350000000004" lon="4.77827">
    <ele>11.31</ele>
   </trkpt>
   <trkpt lat="50.98557" lon="4.77798">
    <ele>11.48</ele>
   </trkpt>
   <trkpt lat="50.98583000000001" lon="4.77749">
    <ele>12.270000000000001</ele>
   </trkpt>
   <trkpt lat="50.9859" lon="4.7773900000000005">
    <ele>12.64</ele>
   </trkpt>
   <trkpt lat="50.986000000000004" lon="4.77733">
    <ele>12.780000000000001</ele>
   </trkpt>
   <trkpt lat="50.98602" lon="4.77751">
    <ele>13.540000000000001</ele>
   </trkpt>
   <trkpt lat="50.986200000000004" lon="4.77847">
    <ele>16.62</ele>
   </trkpt>
   <trkpt lat="50.986200000000004" lon="4.778460000000001">
    <ele>16.6</ele>
   </trkpt>
   <trkpt lat="50.986320000000006" lon="4.77908">
    <ele>17.910000000000004</ele>
   </trkpt>
   <trkpt lat="50.98641000000001" lon="4.779710000000001">
    <ele>18.37</ele>
   </trkpt>
   <trkpt lat="50.98649" lon="4.780620000000001">
    <ele>18.63</ele>
   </trkpt>
   <trkpt lat="50.986560000000004" lon="4.781630000000001">
    <ele>19.090000000000003</ele>
   </trkpt>
   <trkpt lat="50.986610000000006" lon="4.78165">
    <ele>19.15</ele>
   </trkpt>
   <trkpt lat="50.986630000000005" lon="4.78171">
    <ele>19.15</ele>
   </trkpt>
   <trkpt lat="50.98710999981901" lon="4.781734999731918">
    <ele>19.41</ele>
   </trkpt>
   <trkpt lat="50.987590000000004" lon="4.78176">
    <ele>19.970000000000002</ele>
   </trkpt>
   <trkpt lat="50.987970000000004" lon="4.78183">
    <ele>20.360000000000003</ele>
   </trkpt>
   <trkpt lat="50.987950000000005" lon="4.781820000000001">
    <ele>20.34</ele>
   </trkpt>
   <trkpt lat="50.98809000000001" lon="4.78185">
    <ele>20.34</ele>
   </trkpt>
   <trkpt lat="50.988510000000005" lon="4.781980000000001">
    <ele>21.11</ele>
   </trkpt>
   <trkpt lat="50.98884" lon="4.78211">
    <ele>21.62</ele>
   </trkpt>
   <trkpt lat="50.98933" lon="4.78239">
    <ele>22.37</ele>
   </trkpt>
   <trkpt lat="50.98964" lon="4.782590000000001">
    <ele>22.96</ele>
   </trkpt>
   <trkpt lat="50.99" lon="4.78286">
    <ele>23.51</ele>
   </trkpt>
   <trkpt lat="50.99068333662118" lon="4.7834799817492515">
    <ele>24.85</ele>
   </trkpt>
   <trkpt lat="50.991366669961025" lon="4.784099981754801">
    <ele>26.53</ele>
   </trkpt>
   <trkpt lat="50.992050000000006" lon="4.78472">
    <ele>28.090000000000003</ele>
   </trkpt>
   <trkpt lat="50.99268000000001" lon="4.7852500000000004">
    <ele>28.91</ele>
   </trkpt>
   <trkpt lat="50.99332000273612" lon="4.785714980738305">
    <ele>28.89</ele>
   </trkpt>
   <trkpt lat="50.99396000362654" lon="4.786179974301593">
    <ele>29.040000000000003</ele>
   </trkpt>
   <trkpt lat="50.994600002671206" lon="4.786644980690473">
    <ele>28.690000000000005</ele>
   </trkpt>
   <trkpt lat="50.99524" lon="4.78711">
    <ele>28.35</ele>
   </trkpt>
   <trkpt lat="50.995746669526746" lon="4.7876899873213">
    <ele>27.3</ele>
   </trkpt>
   <trkpt lat="50.99625333618196" lon="4.788269987308004">
    <ele>26.37</ele>
   </trkpt>
   <trkpt lat="50.99676" lon="4.78885">
    <ele>24.950000000000003</ele>
   </trkpt>
   <trkpt lat="50.996950000000005" lon="4.789020000000001">
    <ele>24.950000000000003</ele>
   </trkpt>
   <trkpt lat="50.997080000000004" lon="4.78911">
    <ele>24.650000000000002</ele>
   </trkpt>
   <trkpt lat="50.99734" lon="4.789230000000001">
    <ele>24.14</ele>
   </trkpt>
   <trkpt lat="50.99747000000001" lon="4.7892600000000005">
    <ele>24.020000000000003</ele>
   </trkpt>
   <trkpt lat="50.99774000000001" lon="4.789280000000001">
    <ele>23.610000000000003</ele>
   </trkpt>
   <trkpt lat="50.99808" lon="4.78925">
    <ele>23.520000000000003</ele>
   </trkpt>
   <trkpt lat="50.99891500017177" lon="4.789142505800717">
    <ele>22.62</ele>
   </trkpt>
   <trkpt lat="50.99975000024488" lon="4.789035007732417">
    <ele>21.980000000000004</ele>
   </trkpt>
   <trkpt lat="51.00058500021937" lon="4.7889275057948435">
    <ele>20.91</ele>
   </trkpt>
   <trkpt lat="51.00142" lon="4.78882">
    <ele>19.55</ele>
   </trkpt>
   <trkpt lat="51.00141000000001" lon="4.78882">
    <ele>19.55</ele>
   </trkpt>
   <trkpt lat="51.00187500005063" lon="4.7887600005968185">
    <ele>18.67</ele>
   </trkpt>
   <trkpt lat="51.002340000000004" lon="4.7887">
    <ele>17.95</ele>
   </trkpt>
   <trkpt lat="51.00253000000001" lon="4.7886500000000005">
    <ele>17.66</ele>
   </trkpt>
   <trkpt lat="51.00308500003607" lon="4.788590000715557">
    <ele>17.29</ele>
   </trkpt>
   <trkpt lat="51.003640000000004" lon="4.788530000000001">
    <ele>16.650000000000002</ele>
   </trkpt>
   <trkpt lat="51.00450000000001" lon="4.788410000000001">
    <ele>15.770000000000003</ele>
   </trkpt>
   <trkpt lat="51.00466" lon="4.788410000000001">
    <ele>15.19</ele>
   </trkpt>
   <trkpt lat="51.004830000000005" lon="4.78845">
    <ele>15.19</ele>
   </trkpt>
   <trkpt lat="51.00497000000001" lon="4.7885100000000005">
    <ele>15.19</ele>
   </trkpt>
   <trkpt lat="51.005120000000005" lon="4.788600000000001">
    <ele>14.31</ele>
   </trkpt>
   <trkpt lat="51.005250000000004" lon="4.7887200000000005">
    <ele>14.31</ele>
   </trkpt>
   <trkpt lat="51.005500000000005" lon="4.789020000000001">
    <ele>14.13</ele>
   </trkpt>
   <trkpt lat="51.005680000000005" lon="4.7892">
    <ele>13.760000000000002</ele>
   </trkpt>
   <trkpt lat="51.005880000000005" lon="4.78934">
    <ele>13.73</ele>
   </trkpt>
   <trkpt lat="51.005950000000006" lon="4.789350000000001">
    <ele>13.73</ele>
   </trkpt>
   <trkpt lat="51.00594" lon="4.789510000000001">
    <ele>13.600000000000001</ele>
   </trkpt>
   <trkpt lat="51.00596" lon="4.7895900000000005">
    <ele>13.600000000000001</ele>
   </trkpt>
   <trkpt lat="51.00609000000001" lon="4.789820000000001">
    <ele>13.120000000000001</ele>
   </trkpt>
   <trkpt lat="51.006240000000005" lon="4.7902000000000005">
    <ele>12.780000000000001</ele>
   </trkpt>
   <trkpt lat="51.006450001832484" lon="4.790834997462747">
    <ele>12.820000000000002</ele>
   </trkpt>
   <trkpt lat="51.006660000000004" lon="4.79147">
    <ele>13.040000000000001</ele>
   </trkpt>
   <trkpt lat="51.006750000000004" lon="4.791910000000001">
    <ele>13.120000000000001</ele>
   </trkpt>
   <trkpt lat="51.00683" lon="4.792560000000001">
    <ele>13.290000000000001</ele>
   </trkpt>
   <trkpt lat="51.00686" lon="4.79302">
    <ele>13.49</ele>
   </trkpt>
   <trkpt lat="51.00680500624287" lon="4.794230001556829">
    <ele>13.36</ele>
   </trkpt>
   <trkpt lat="51.006750000000004" lon="4.79544">
    <ele>13.160000000000002</ele>
   </trkpt>
   <trkpt lat="51.00677" lon="4.79591">
    <ele>13.160000000000002</ele>
   </trkpt>
   <trkpt lat="51.00685000000001" lon="4.79654">
    <ele>13.430000000000001</ele>
   </trkpt>
   <trkpt lat="51.007020002795976" lon="4.797339997372175">
    <ele>13.57</ele>
   </trkpt>
   <trkpt lat="51.00719" lon="4.79814">
    <ele>13.56</ele>
   </trkpt>
   <trkpt lat="51.00736000221317" lon="4.798854997511611">
    <ele>13.250000000000002</ele>
   </trkpt>
   <trkpt lat="51.00753" lon="4.79957">
    <ele>12.93</ele>
   </trkpt>
   <trkpt lat="51.00779000000001" lon="4.8005">
    <ele>12.5</ele>
   </trkpt>
   <trkpt lat="51.00801500314383" lon="4.801359995780215">
    <ele>12.48</ele>
   </trkpt>
   <trkpt lat="51.00824" lon="4.80222">
    <ele>12.97</ele>
   </trkpt>
   <trkpt lat="51.008250000000004" lon="4.80243">
    <ele>13.540000000000001</ele>
   </trkpt>
   <trkpt lat="51.008010000000006" lon="4.80238">
    <ele>13.690000000000001</ele>
   </trkpt>
   <trkpt lat="51.00774000524042" lon="4.803490006534577">
    <ele>12.900000000000002</ele>
   </trkpt>
   <trkpt lat="51.007470000000005" lon="4.804600000000001">
    <ele>13.39</ele>
   </trkpt>
   <trkpt lat="51.00699000536283" lon="4.805720011567972">
    <ele>13.81</ele>
   </trkpt>
   <trkpt lat="51.006510000000006" lon="4.80684">
    <ele>13.840000000000002</ele>
   </trkpt>
   <trkpt lat="51.00604334352107" lon="4.807933355368067">
    <ele>13.930000000000001</ele>
   </trkpt>
   <trkpt lat="51.00557667683872" lon="4.809026688737747">
    <ele>13.89</ele>
   </trkpt>
   <trkpt lat="51.00511" lon="4.81012">
    <ele>14.020000000000001</ele>
   </trkpt>
   <trkpt lat="51.00497000000001" lon="4.81041">
    <ele>14.020000000000001</ele>
   </trkpt>
   <trkpt lat="51.004900000000006" lon="4.81059">
    <ele>14.020000000000001</ele>
   </trkpt>
   <trkpt lat="51.00477000000001" lon="4.810650000000001">
    <ele>14.15</ele>
   </trkpt>
   <trkpt lat="51.00462" lon="4.810770000000001">
    <ele>14.15</ele>
   </trkpt>
   <trkpt lat="51.00424" lon="4.81155">
    <ele>14.280000000000001</ele>
   </trkpt>
   <trkpt lat="51.00405000000001" lon="4.8120400000000005">
    <ele>14.700000000000001</ele>
   </trkpt>
   <trkpt lat="51.003745004601114" lon="4.8130850070741955">
    <ele>14.8</ele>
   </trkpt>
   <trkpt lat="51.003440000000005" lon="4.8141300000000005">
    <ele>14.910000000000002</ele>
   </trkpt>
   <trkpt lat="51.00332" lon="4.8144100000000005">
    <ele>14.910000000000002</ele>
   </trkpt>
   <trkpt lat="51.002955002337124" lon="4.815145005719318">
    <ele>14.820000000000002</ele>
   </trkpt>
   <trkpt lat="51.002590000000005" lon="4.815880000000001">
    <ele>14.85</ele>
   </trkpt>
   <trkpt lat="51.00222000224899" lon="4.816605005770916">
    <ele>14.980000000000002</ele>
   </trkpt>
   <trkpt lat="51.001850000000005" lon="4.81733">
    <ele>15.05</ele>
   </trkpt>
   <trkpt lat="51.00182" lon="4.817480000000001">
    <ele>15.05</ele>
   </trkpt>
   <trkpt lat="51.0017700022097" lon="4.818195000372474">
    <ele>15.280000000000001</ele>
   </trkpt>
   <trkpt lat="51.001720000000006" lon="4.818910000000001">
    <ele>15.280000000000001</ele>
   </trkpt>
   <trkpt lat="51.001650000000005" lon="4.819310000000001">
    <ele>15.360000000000001</ele>
   </trkpt>
   <trkpt lat="51.00144" lon="4.8203000000000005">
    <ele>15.48</ele>
   </trkpt>
   <trkpt lat="51.00113" lon="4.82148">
    <ele>15.120000000000001</ele>
   </trkpt>
   <trkpt lat="51.001050000000006" lon="4.8218700000000005">
    <ele>15.080000000000002</ele>
   </trkpt>
   <trkpt lat="51.001020000000004" lon="4.8222700000000005">
    <ele>15.080000000000002</ele>
   </trkpt>
   <trkpt lat="51.001020000000004" lon="4.82226">
    <ele>15.080000000000002</ele>
   </trkpt>
   <trkpt lat="51.00103000000001" lon="4.822900000000001">
    <ele>15.170000000000002</ele>
   </trkpt>
   <trkpt lat="51.00106" lon="4.82324">
    <ele>15.19</ele>
   </trkpt>
   <trkpt lat="51.001235006298735" lon="4.824454995405368">
    <ele>15.35</ele>
   </trkpt>
   <trkpt lat="51.00141000000001" lon="4.825670000000001">
    <ele>15.330000000000002</ele>
   </trkpt>
   <trkpt lat="51.001670000000004" lon="4.8269">
    <ele>14.910000000000002</ele>
   </trkpt>
   <trkpt lat="51.00179000000001" lon="4.82727">
    <ele>14.870000000000001</ele>
   </trkpt>
   <trkpt lat="51.00208000000001" lon="4.82802">
    <ele>15.150000000000002</ele>
   </trkpt>
   <trkpt lat="51.00233000000001" lon="4.828550000000001">
    <ele>14.900000000000002</ele>
   </trkpt>
   <trkpt lat="51.00244000000001" lon="4.82887">
    <ele>14.870000000000001</ele>
   </trkpt>
   <trkpt lat="51.00287" lon="4.82983">
    <ele>14.810000000000002</ele>
   </trkpt>
   <trkpt lat="51.0033600018952" lon="4.830499992895075">
    <ele>14.810000000000002</ele>
   </trkpt>
   <trkpt lat="51.00385000000001" lon="4.83117">
    <ele>14.980000000000002</ele>
   </trkpt>
   <trkpt lat="51.00394000000001" lon="4.83127">
    <ele>14.980000000000002</ele>
   </trkpt>
   <trkpt lat="51.00415" lon="4.83145">
    <ele>14.84</ele>
   </trkpt>
   <trkpt lat="51.00414000000001" lon="4.831440000000001">
    <ele>14.85</ele>
   </trkpt>
   <trkpt lat="51.004595000612525" lon="4.8318349960794125">
    <ele>14.770000000000001</ele>
   </trkpt>
   <trkpt lat="51.005050000000004" lon="4.83223">
    <ele>14.84</ele>
   </trkpt>
   <trkpt lat="51.00562000000001" lon="4.83269">
    <ele>14.810000000000002</ele>
   </trkpt>
   <trkpt lat="51.005630000000004" lon="4.83284">
    <ele>14.900000000000002</ele>
   </trkpt>
   <trkpt lat="51.00573000000001" lon="4.83298">
    <ele>15.0</ele>
   </trkpt>
   <trkpt lat="51.00628000066155" lon="4.833394995023989">
    <ele>14.59</ele>
   </trkpt>
   <trkpt lat="51.00683" lon="4.833810000000001">
    <ele>14.76</ele>
   </trkpt>
   <trkpt lat="51.00697" lon="4.833950000000001">
    <ele>14.76</ele>
   </trkpt>
   <trkpt lat="51.007200000000005" lon="4.83413">
    <ele>14.85</ele>
   </trkpt>
   <trkpt lat="51.007380000000005" lon="4.83424">
    <ele>14.700000000000001</ele>
   </trkpt>
   <trkpt lat="51.00780000031585" lon="4.834579996777687">
    <ele>14.8</ele>
   </trkpt>
   <trkpt lat="51.00822" lon="4.83492">
    <ele>14.790000000000001</ele>
   </trkpt>
   <trkpt lat="51.008430000000004" lon="4.83513">
    <ele>14.820000000000002</ele>
   </trkpt>
   <trkpt lat="51.00864000000001" lon="4.83542">
    <ele>14.770000000000001</ele>
   </trkpt>
   <trkpt lat="51.00878" lon="4.83565">
    <ele>14.72</ele>
   </trkpt>
   <trkpt lat="51.008990000000004" lon="4.83609">
    <ele>14.76</ele>
   </trkpt>
   <trkpt lat="51.00903" lon="4.83621">
    <ele>14.76</ele>
   </trkpt>
   <trkpt lat="51.00922500316262" lon="4.8370699964119135">
    <ele>14.41</ele>
   </trkpt>
   <trkpt lat="51.009420000000006" lon="4.83793">
    <ele>14.96</ele>
   </trkpt>
   <trkpt lat="51.0095" lon="4.8383400000000005">
    <ele>15.06</ele>
   </trkpt>
   <trkpt lat="51.009510000000006" lon="4.83849">
    <ele>15.06</ele>
   </trkpt>
   <trkpt lat="51.00949000000001" lon="4.83866">
    <ele>15.280000000000001</ele>
   </trkpt>
   <trkpt lat="51.00968" lon="4.83875">
    <ele>15.280000000000001</ele>
   </trkpt>
   <trkpt lat="51.00967000000001" lon="4.83898">
    <ele>15.35</ele>
   </trkpt>
   <trkpt lat="51.00981" lon="4.839600000000001">
    <ele>15.160000000000002</ele>
   </trkpt>
   <trkpt lat="51.009910000000005" lon="4.840190000000001">
    <ele>15.110000000000001</ele>
   </trkpt>
   <trkpt lat="51.00994000000001" lon="4.840520000000001">
    <ele>15.1</ele>
   </trkpt>
   <trkpt lat="51.00992" lon="4.841130000000001">
    <ele>15.01</ele>
   </trkpt>
   <trkpt lat="51.00974" lon="4.84234">
    <ele>15.31</ele>
   </trkpt>
   <trkpt lat="51.009550000000004" lon="4.84367">
    <ele>15.55</ele>
   </trkpt>
   <trkpt lat="51.009420000000006" lon="4.844320000000001">
    <ele>15.65</ele>
   </trkpt>
   <trkpt lat="51.0093" lon="4.84475">
    <ele>15.65</ele>
   </trkpt>
   <trkpt lat="51.00923" lon="4.844950000000001">
    <ele>16.110000000000003</ele>
   </trkpt>
   <trkpt lat="51.00918" lon="4.845210000000001">
    <ele>16.110000000000003</ele>
   </trkpt>
   <trkpt lat="51.00902500613131" lon="4.8464100041198686">
    <ele>16.560000000000002</ele>
   </trkpt>
   <trkpt lat="51.00887" lon="4.84761">
    <ele>17.310000000000002</ele>
   </trkpt>
   <trkpt lat="51.00877000223655" lon="4.848335001611383">
    <ele>17.640000000000004</ele>
   </trkpt>
   <trkpt lat="51.00867" lon="4.849060000000001">
    <ele>17.990000000000002</ele>
   </trkpt>
   <trkpt lat="51.008590000000005" lon="4.84935">
    <ele>18.45</ele>
   </trkpt>
   <trkpt lat="51.00818" lon="4.85027">
    <ele>19.07</ele>
   </trkpt>
   <trkpt lat="51.00808000000001" lon="4.8506100000000005">
    <ele>19.37</ele>
   </trkpt>
   <trkpt lat="51.008030000000005" lon="4.8508700000000005">
    <ele>19.37</ele>
   </trkpt>
   <trkpt lat="51.008" lon="4.85116">
    <ele>19.610000000000003</ele>
   </trkpt>
   <trkpt lat="51.00801000959193" lon="4.852219999702871">
    <ele>19.26</ele>
   </trkpt>
   <trkpt lat="51.008020009593444" lon="4.853279999863015">
    <ele>18.81</ele>
   </trkpt>
   <trkpt lat="51.008030000000005" lon="4.8543400000000005">
    <ele>18.230000000000004</ele>
   </trkpt>
   <trkpt lat="51.008210000000005" lon="4.855510000000001">
    <ele>18.500000000000004</ele>
   </trkpt>
   <trkpt lat="51.00824" lon="4.855980000000001">
    <ele>18.45</ele>
   </trkpt>
   <trkpt lat="51.00822" lon="4.85623">
    <ele>18.410000000000004</ele>
   </trkpt>
   <trkpt lat="51.008150003332474" lon="4.8571150014633195">
    <ele>17.97</ele>
   </trkpt>
   <trkpt lat="51.00808000000001" lon="4.8580000000000005">
    <ele>17.6</ele>
   </trkpt>
   <trkpt lat="51.008320000000005" lon="4.8586800000000006">
    <ele>16.900000000000002</ele>
   </trkpt>
   <trkpt lat="51.00865" lon="4.85977">
    <ele>17.14</ele>
   </trkpt>
   <trkpt lat="51.00897000230805" lon="4.860489995247843">
    <ele>16.78</ele>
   </trkpt>
   <trkpt lat="51.00929000000001" lon="4.861210000000001">
    <ele>17.0</ele>
   </trkpt>
   <trkpt lat="51.009260000000005" lon="4.861260000000001">
    <ele>17.0</ele>
   </trkpt>
   <trkpt lat="51.00921" lon="4.86139">
    <ele>16.6</ele>
   </trkpt>
   <trkpt lat="51.0091460254905" lon="4.862612006763842">
    <ele>16.59</ele>
   </trkpt>
   <trkpt lat="51.00908203823518" lon="4.86383401015634">
    <ele>16.55</ele>
   </trkpt>
   <trkpt lat="51.00901803823407" lon="4.865056010176838">
    <ele>16.740000000000002</ele>
   </trkpt>
   <trkpt lat="51.008954025487256" lon="4.8662780068246825">
    <ele>16.790000000000003</ele>
   </trkpt>
   <trkpt lat="51.00889" lon="4.867500000000001">
    <ele>16.75</ele>
   </trkpt>
   <trkpt lat="51.00889" lon="4.86749">
    <ele>16.75</ele>
   </trkpt>
   <trkpt lat="51.00883000512608" lon="4.868585001252259">
    <ele>16.76</ele>
   </trkpt>
   <trkpt lat="51.008770000000005" lon="4.869680000000001">
    <ele>16.69</ele>
   </trkpt>
   <trkpt lat="51.008680000000005" lon="4.870570000000001">
    <ele>16.650000000000002</ele>
   </trkpt>
   <trkpt lat="51.008630000000004" lon="4.87098">
    <ele>16.6</ele>
   </trkpt>
   <trkpt lat="51.00851" lon="4.87147">
    <ele>16.62</ele>
   </trkpt>
   <trkpt lat="51.008300002458725" lon="4.8722250033246715">
    <ele>16.62</ele>
   </trkpt>
   <trkpt lat="51.00809" lon="4.87298">
    <ele>16.580000000000002</ele>
   </trkpt>
   <trkpt lat="51.00795" lon="4.873600000000001">
    <ele>16.580000000000002</ele>
   </trkpt>
   <trkpt lat="51.00776500373131" lon="4.874530003507366">
    <ele>16.64</ele>
   </trkpt>
   <trkpt lat="51.007580000000004" lon="4.87546">
    <ele>16.630000000000003</ele>
   </trkpt>
   <trkpt lat="51.0073450042024" lon="4.8764500049331465">
    <ele>16.69</ele>
   </trkpt>
   <trkpt lat="51.007110000000004" lon="4.87744">
    <ele>16.439999999999998</ele>
   </trkpt>
   <trkpt lat="51.00708" lon="4.877730000000001">
    <ele>16.439999999999998</ele>
   </trkpt>
   <trkpt lat="51.0071" lon="4.8788800000000005">
    <ele>16.560000000000002</ele>
   </trkpt>
   <trkpt lat="51.007130000000004" lon="4.87905">
    <ele>16.560000000000002</ele>
   </trkpt>
   <trkpt lat="51.007200000000005" lon="4.879180000000001">
    <ele>16.540000000000003</ele>
   </trkpt>
   <trkpt lat="51.00755" lon="4.87974">
    <ele>16.580000000000002</ele>
   </trkpt>
   <trkpt lat="51.00787000255221" lon="4.880509994740458">
    <ele>16.67</ele>
   </trkpt>
   <trkpt lat="51.008190000000006" lon="4.88128">
    <ele>16.89</ele>
   </trkpt>
   <trkpt lat="51.00831" lon="4.8817">
    <ele>16.900000000000002</ele>
   </trkpt>
   <trkpt lat="51.00846500652759" lon="4.8829349960192845">
    <ele>16.830000000000002</ele>
   </trkpt>
   <trkpt lat="51.00862000000001" lon="4.88417">
    <ele>16.650000000000002</ele>
   </trkpt>
   <trkpt lat="51.008660000000006" lon="4.8843700000000005">
    <ele>16.75</ele>
   </trkpt>
   <trkpt lat="51.008750000000006" lon="4.88469">
    <ele>16.8</ele>
   </trkpt>
   <trkpt lat="51.009190000000004" lon="4.88569">
    <ele>16.900000000000002</ele>
   </trkpt>
   <trkpt lat="51.00945" lon="4.88637">
    <ele>17.05</ele>
   </trkpt>
   <trkpt lat="51.00972500599183" lon="4.887554992969943">
    <ele>17.37</ele>
   </trkpt>
   <trkpt lat="51.010000000000005" lon="4.88874">
    <ele>17.77</ele>
   </trkpt>
   <trkpt lat="51.01015" lon="4.88928">
    <ele>17.830000000000002</ele>
   </trkpt>
   <trkpt lat="51.010360000000006" lon="4.88973">
    <ele>17.85</ele>
   </trkpt>
   <trkpt lat="51.01052000000001" lon="4.890000000000001">
    <ele>17.900000000000002</ele>
   </trkpt>
   <trkpt lat="51.010670000000005" lon="4.890210000000001">
    <ele>17.92</ele>
   </trkpt>
   <trkpt lat="51.01093" lon="4.890490000000001">
    <ele>17.93</ele>
   </trkpt>
   <trkpt lat="51.01157000169873" lon="4.891114991406186">
    <ele>17.310000000000002</ele>
   </trkpt>
   <trkpt lat="51.01221" lon="4.89174">
    <ele>17.220000000000002</ele>
   </trkpt>
   <trkpt lat="51.01240000000001" lon="4.8919500000000005">
    <ele>17.03</ele>
   </trkpt>
   <trkpt lat="51.01265" lon="4.892410000000001">
    <ele>16.98</ele>
   </trkpt>
   <trkpt lat="51.01265" lon="4.8924">
    <ele>16.990000000000002</ele>
   </trkpt>
   <trkpt lat="51.01279" lon="4.892740000000001">
    <ele>16.94</ele>
   </trkpt>
   <trkpt lat="51.013110000000005" lon="4.893770000000001">
    <ele>16.62</ele>
   </trkpt>
   <trkpt lat="51.01332000000001" lon="4.894340000000001">
    <ele>16.880000000000003</ele>
   </trkpt>
   <trkpt lat="51.01384" lon="4.895390000000001">
    <ele>16.810000000000002</ele>
   </trkpt>
   <trkpt lat="51.01438" lon="4.896400000000001">
    <ele>16.240000000000002</ele>
   </trkpt>
   <trkpt lat="51.014980004442364" lon="4.897424986667452">
    <ele>15.940000000000003</ele>
   </trkpt>
   <trkpt lat="51.01558000000001" lon="4.89845">
    <ele>15.66</ele>
   </trkpt>
   <trkpt lat="51.01603" lon="4.899260000000001">
    <ele>15.76</ele>
   </trkpt>
   <trkpt lat="51.01632000000001" lon="4.8996900000000005">
    <ele>15.850000000000003</ele>
   </trkpt>
   <trkpt lat="51.01641000000001" lon="4.899800000000001">
    <ele>15.860000000000003</ele>
   </trkpt>
   <trkpt lat="51.016670000000005" lon="4.89998">
    <ele>15.93</ele>
   </trkpt>
   <trkpt lat="51.01697000000001" lon="4.9000900000000005">
    <ele>16.0</ele>
   </trkpt>
   <trkpt lat="51.01718" lon="4.900250000000001">
    <ele>16.19</ele>
   </trkpt>
   <trkpt lat="51.01735000000001" lon="4.90047">
    <ele>16.19</ele>
   </trkpt>
   <trkpt lat="51.017540000000004" lon="4.900950000000001">
    <ele>16.330000000000002</ele>
   </trkpt>
   <trkpt lat="51.017810000000004" lon="4.901800000000001">
    <ele>16.330000000000002</ele>
   </trkpt>
   <trkpt lat="51.018095007482984" lon="4.903124991814092">
    <ele>16.39</ele>
   </trkpt>
   <trkpt lat="51.01838000000001" lon="4.904450000000001">
    <ele>16.470000000000002</ele>
   </trkpt>
   <trkpt lat="51.01865000436015" lon="4.905459994144719">
    <ele>16.75</ele>
   </trkpt>
   <trkpt lat="51.01892" lon="4.9064700000000006">
    <ele>16.86</ele>
   </trkpt>
   <trkpt lat="51.01902000315283" lon="4.9073299981165786">
    <ele>16.900000000000002</ele>
   </trkpt>
   <trkpt lat="51.01912" lon="4.90819">
    <ele>16.77</ele>
   </trkpt>
   <trkpt lat="51.01935" lon="4.90922">
    <ele>16.71</ele>
   </trkpt>
   <trkpt lat="51.01947500258869" lon="4.910004997626371">
    <ele>16.6</ele>
   </trkpt>
   <trkpt lat="51.019600000000004" lon="4.91079">
    <ele>16.62</ele>
   </trkpt>
   <trkpt lat="51.01976500509274" lon="4.911884995944297">
    <ele>16.62</ele>
   </trkpt>
   <trkpt lat="51.01993" lon="4.91298">
    <ele>16.93</ele>
   </trkpt>
   <trkpt lat="51.01997" lon="4.91338">
    <ele>16.91</ele>
   </trkpt>
   <trkpt lat="51.019960000000005" lon="4.913760000000001">
    <ele>16.75</ele>
   </trkpt>
   <trkpt lat="51.019920000000006" lon="4.914090000000001">
    <ele>16.75</ele>
   </trkpt>
   <trkpt lat="51.019830000000006" lon="4.91446">
    <ele>16.810000000000002</ele>
   </trkpt>
   <trkpt lat="51.01960500195678" lon="4.915135003238263">
    <ele>16.78</ele>
   </trkpt>
   <trkpt lat="51.019380000000005" lon="4.9158100000000005">
    <ele>17.080000000000002</ele>
   </trkpt>
   <trkpt lat="51.019360000000006" lon="4.9159500000000005">
    <ele>17.080000000000002</ele>
   </trkpt>
   <trkpt lat="51.01928" lon="4.91601">
    <ele>17.080000000000002</ele>
   </trkpt>
   <trkpt lat="51.018840000000004" lon="4.91652">
    <ele>17.040000000000003</ele>
   </trkpt>
   <trkpt lat="51.01836" lon="4.9171000000000005">
    <ele>17.17</ele>
   </trkpt>
   <trkpt lat="51.018240000000006" lon="4.917280000000001">
    <ele>17.380000000000003</ele>
   </trkpt>
   <trkpt lat="51.018190000000004" lon="4.91744">
    <ele>17.380000000000003</ele>
   </trkpt>
   <trkpt lat="51.018150000000006" lon="4.91769">
    <ele>17.400000000000002</ele>
   </trkpt>
   <trkpt lat="51.01818" lon="4.91797">
    <ele>17.400000000000002</ele>
   </trkpt>
   <trkpt lat="51.01835667509583" lon="4.918963325807652">
    <ele>17.42</ele>
   </trkpt>
   <trkpt lat="51.01853334177036" lon="4.919956659185044">
    <ele>17.040000000000003</ele>
   </trkpt>
   <trkpt lat="51.018710000000006" lon="4.92095">
    <ele>17.060000000000002</ele>
   </trkpt>
   <trkpt lat="51.01878000000001" lon="4.921220000000001">
    <ele>17.0</ele>
   </trkpt>
   <trkpt lat="51.018860000000004" lon="4.9214400000000005">
    <ele>16.95</ele>
   </trkpt>
   <trkpt lat="51.01906" lon="4.92189">
    <ele>16.95</ele>
   </trkpt>
   <trkpt lat="51.01948500259317" lon="4.922659993056103">
    <ele>16.77</ele>
   </trkpt>
   <trkpt lat="51.01991" lon="4.923430000000001">
    <ele>16.77</ele>
   </trkpt>
   <trkpt lat="51.01990000000001" lon="4.92342">
    <ele>16.77</ele>
   </trkpt>
   <trkpt lat="51.02011" lon="4.9237400000000004">
    <ele>16.880000000000003</ele>
   </trkpt>
   <trkpt lat="51.02026000000001" lon="4.92389">
    <ele>16.970000000000002</ele>
   </trkpt>
   <trkpt lat="51.020410000000005" lon="4.924">
    <ele>17.220000000000002</ele>
   </trkpt>
   <trkpt lat="51.020680000000006" lon="4.92415">
    <ele>17.61</ele>
   </trkpt>
   <trkpt lat="51.020810000000004" lon="4.924250000000001">
    <ele>17.59</ele>
   </trkpt>
   <trkpt lat="51.020900000000005" lon="4.924370000000001">
    <ele>17.62</ele>
   </trkpt>
   <trkpt lat="51.021010000000004" lon="4.92428">
    <ele>17.62</ele>
   </trkpt>
   <trkpt lat="51.02109" lon="4.9244">
    <ele>17.42</ele>
   </trkpt>
   <trkpt lat="51.02160000000001" lon="4.924860000000001">
    <ele>16.360000000000003</ele>
   </trkpt>
   <trkpt lat="51.022000000000006" lon="4.92527">
    <ele>16.55</ele>
   </trkpt>
   <trkpt lat="51.022380000000005" lon="4.92569">
    <ele>16.76</ele>
   </trkpt>
   <trkpt lat="51.022830000000006" lon="4.92628">
    <ele>17.640000000000004</ele>
   </trkpt>
   <trkpt lat="51.02319000000001" lon="4.926830000000001">
    <ele>17.92</ele>
   </trkpt>
   <trkpt lat="51.023610000000005" lon="4.92727">
    <ele>17.980000000000004</ele>
   </trkpt>
   <trkpt lat="51.02403" lon="4.927770000000001">
    <ele>18.0</ele>
   </trkpt>
   <trkpt lat="51.02454" lon="4.92839">
    <ele>17.8</ele>
   </trkpt>
   <trkpt lat="51.02472" lon="4.92865">
    <ele>17.71</ele>
   </trkpt>
   <trkpt lat="51.02513667205824" lon="4.929443319110133">
    <ele>17.580000000000002</ele>
   </trkpt>
   <trkpt lat="51.025553338745226" lon="4.9302366524819625">
    <ele>17.470000000000002</ele>
   </trkpt>
   <trkpt lat="51.02597" lon="4.931030000000001">
    <ele>17.79</ele>
   </trkpt>
   <trkpt lat="51.02619000000001" lon="4.93154">
    <ele>17.69</ele>
   </trkpt>
   <trkpt lat="51.026300000000006" lon="4.93186">
    <ele>17.69</ele>
   </trkpt>
   <trkpt lat="51.02664500568884" lon="4.933014991391336">
    <ele>17.54</ele>
   </trkpt>
   <trkpt lat="51.026990000000005" lon="4.934170000000001">
    <ele>17.57</ele>
   </trkpt>
   <trkpt lat="51.026990000000005" lon="4.93416">
    <ele>17.57</ele>
   </trkpt>
   <trkpt lat="51.02729" lon="4.93515">
    <ele>17.730000000000004</ele>
   </trkpt>
   <trkpt lat="51.027330000000006" lon="4.935250000000001">
    <ele>17.730000000000004</ele>
   </trkpt>
   <trkpt lat="51.02738" lon="4.93529">
    <ele>17.730000000000004</ele>
   </trkpt>
   <trkpt lat="51.027440000000006" lon="4.935320000000001">
    <ele>17.730000000000004</ele>
   </trkpt>
   <trkpt lat="51.028280000391156" lon="4.935584995226319">
    <ele>17.720000000000002</ele>
   </trkpt>
   <trkpt lat="51.029120000000006" lon="4.93585">
    <ele>17.95</ele>
   </trkpt>
   <trkpt lat="51.02919000000001" lon="4.935910000000001">
    <ele>17.95</ele>
   </trkpt>
   <trkpt lat="51.02926" lon="4.93602">
    <ele>17.95</ele>
   </trkpt>
   <trkpt lat="51.029680005530345" lon="4.9371599896285">
    <ele>17.990000000000002</ele>
   </trkpt>
   <trkpt lat="51.030100000000004" lon="4.938300000000001">
    <ele>17.93</ele>
   </trkpt>
   <trkpt lat="51.030300005863566" lon="4.939474994767523">
    <ele>18.080000000000002</ele>
   </trkpt>
   <trkpt lat="51.0305" lon="4.940650000000001">
    <ele>18.73</ele>
   </trkpt>
   <trkpt lat="51.03072" lon="4.94184">
    <ele>19.3</ele>
   </trkpt>
   <trkpt lat="51.03072" lon="4.94183">
    <ele>19.290000000000003</ele>
   </trkpt>
   <trkpt lat="51.0309100042873" lon="4.942829996007349">
    <ele>19.31</ele>
   </trkpt>
   <trkpt lat="51.0311" lon="4.94383">
    <ele>19.69</ele>
   </trkpt>
   <trkpt lat="51.031800000000004" lon="4.94338">
    <ele>19.32</ele>
   </trkpt>
   <trkpt lat="51.03226667498497" lon="4.944366646818008">
    <ele>19.01</ele>
   </trkpt>
   <trkpt lat="51.03273334166226" lon="4.945353313506802">
    <ele>19.41</ele>
   </trkpt>
   <trkpt lat="51.0332" lon="4.94634">
    <ele>19.770000000000003</ele>
   </trkpt>
   <trkpt lat="51.033530000000006" lon="4.9470600000000005">
    <ele>20.060000000000002</ele>
   </trkpt>
   <trkpt lat="51.033950000000004" lon="4.947900000000001">
    <ele>20.07</ele>
   </trkpt>
   <trkpt lat="51.034420000000004" lon="4.94906">
    <ele>19.83</ele>
   </trkpt>
   <trkpt lat="51.03464" lon="4.9497100000000005">
    <ele>19.770000000000003</ele>
   </trkpt>
   <trkpt lat="51.03491000907574" lon="4.950739988082425">
    <ele>19.360000000000003</ele>
   </trkpt>
   <trkpt lat="51.03518000909815" lon="4.951769988167721">
    <ele>19.12</ele>
   </trkpt>
   <trkpt lat="51.035450000000004" lon="4.952800000000001">
    <ele>19.15</ele>
   </trkpt>
   <trkpt lat="51.035790000000006" lon="4.953530000000001">
    <ele>19.250000000000004</ele>
   </trkpt>
   <trkpt lat="51.03602000000001" lon="4.95394">
    <ele>19.340000000000003</ele>
   </trkpt>
   <trkpt lat="51.036300000000004" lon="4.954300000000001">
    <ele>19.470000000000002</ele>
   </trkpt>
   <trkpt lat="51.036993337965185" lon="4.955033311432436">
    <ele>19.6</ele>
   </trkpt>
   <trkpt lat="51.03768667134132" lon="4.955766644810603">
    <ele>19.790000000000003</ele>
   </trkpt>
   <trkpt lat="51.038380000000004" lon="4.9565">
    <ele>19.64</ele>
   </trkpt>
   <trkpt lat="51.03886000000001" lon="4.95704">
    <ele>19.39</ele>
   </trkpt>
   <trkpt lat="51.03951000000001" lon="4.9579">
    <ele>19.270000000000003</ele>
   </trkpt>
   <trkpt lat="51.03983500132351" lon="4.9584849956504">
    <ele>19.360000000000003</ele>
   </trkpt>
   <trkpt lat="51.04016000000001" lon="4.9590700000000005">
    <ele>19.610000000000003</ele>
   </trkpt>
   <trkpt lat="51.04055500250445" lon="4.9598349934922545">
    <ele>19.66</ele>
   </trkpt>
   <trkpt lat="51.04095" lon="4.9606">
    <ele>19.87</ele>
   </trkpt>
   <trkpt lat="51.04095" lon="4.96061">
    <ele>19.880000000000003</ele>
   </trkpt>
   <trkpt lat="51.04128500167927" lon="4.961224995673259">
    <ele>19.900000000000002</ele>
   </trkpt>
   <trkpt lat="51.04162" lon="4.9618400000000005">
    <ele>20.16</ele>
   </trkpt>
   <trkpt lat="51.041720000000005" lon="4.961930000000001">
    <ele>20.290000000000003</ele>
   </trkpt>
   <trkpt lat="51.042295005669786" lon="4.962594975249386">
    <ele>18.680000000000003</ele>
   </trkpt>
   <trkpt lat="51.04287000756613" lon="4.963259967006045">
    <ele>18.47</ele>
   </trkpt>
   <trkpt lat="51.04344500568886" lon="4.963924975270617">
    <ele>18.38</ele>
   </trkpt>
   <trkpt lat="51.04402" lon="4.96459">
    <ele>18.660000000000004</ele>
   </trkpt>
   <trkpt lat="51.044160000000005" lon="4.96468">
    <ele>19.05</ele>
   </trkpt>
   <trkpt lat="51.04477500006076" lon="4.964829997999957">
    <ele>19.16</ele>
   </trkpt>
   <trkpt lat="51.045390000000005" lon="4.964980000000001">
    <ele>18.860000000000003</ele>
   </trkpt>
   <trkpt lat="51.04549" lon="4.965050000000001">
    <ele>18.860000000000003</ele>
   </trkpt>
   <trkpt lat="51.045970000000004" lon="4.966130000000001">
    <ele>19.57</ele>
   </trkpt>
   <trkpt lat="51.04634667325383" lon="4.967009985639553">
    <ele>19.51</ele>
   </trkpt>
   <trkpt lat="51.0467233398998" lon="4.967889985590984">
    <ele>19.37</ele>
   </trkpt>
   <trkpt lat="51.04710000000001" lon="4.96877">
    <ele>19.080000000000002</ele>
   </trkpt>
   <trkpt lat="51.04719000000001" lon="4.968870000000001">
    <ele>19.12</ele>
   </trkpt>
   <trkpt lat="51.047250000000005" lon="4.96889">
    <ele>19.12</ele>
   </trkpt>
   <trkpt lat="51.04762" lon="4.968800000000001">
    <ele>19.06</ele>
   </trkpt>
   <trkpt lat="51.048120000000004" lon="4.96874">
    <ele>18.81</ele>
   </trkpt>
   <trkpt lat="51.04853000000001" lon="4.96875">
    <ele>18.99</ele>
   </trkpt>
   <trkpt lat="51.049130000000005" lon="4.96881">
    <ele>18.64</ele>
   </trkpt>
   <trkpt lat="51.04960999975434" lon="4.968834999727971">
    <ele>18.580000000000002</ele>
   </trkpt>
   <trkpt lat="51.050090000000004" lon="4.96886">
    <ele>18.69</ele>
   </trkpt>
   <trkpt lat="51.050580000000004" lon="4.96879">
    <ele>18.6</ele>
   </trkpt>
   <trkpt lat="51.0511000000039" lon="4.968620001947805">
    <ele>18.51</ele>
   </trkpt>
   <trkpt lat="51.05162000000001" lon="4.968450000000001">
    <ele>18.42</ele>
   </trkpt>
   <trkpt lat="51.052310000000006" lon="4.96799">
    <ele>18.400000000000002</ele>
   </trkpt>
   <trkpt lat="51.052620000000005" lon="4.96783">
    <ele>18.55</ele>
   </trkpt>
   <trkpt lat="51.05279" lon="4.967700000000001">
    <ele>18.580000000000002</ele>
   </trkpt>
   <trkpt lat="51.05321000000001" lon="4.96729">
    <ele>18.39</ele>
   </trkpt>
   <trkpt lat="51.053670000000004" lon="4.966690000000001">
    <ele>18.19</ele>
   </trkpt>
   <trkpt lat="51.05371" lon="4.9666500000000005">
    <ele>18.19</ele>
   </trkpt>
   <trkpt lat="51.05375" lon="4.966640000000001">
    <ele>18.11</ele>
   </trkpt>
   <trkpt lat="51.053810000000006" lon="4.96666">
    <ele>18.11</ele>
   </trkpt>
   <trkpt lat="51.05397000000001" lon="4.9662500000000005">
    <ele>18.11</ele>
   </trkpt>
   <trkpt lat="51.054190000000006" lon="4.96577">
    <ele>17.88</ele>
   </trkpt>
   <trkpt lat="51.05427" lon="4.965490000000001">
    <ele>17.86</ele>
   </trkpt>
   <trkpt lat="51.05436" lon="4.965400000000001">
    <ele>17.86</ele>
   </trkpt>
   <trkpt lat="51.05445" lon="4.96534">
    <ele>17.8</ele>
   </trkpt>
   <trkpt lat="51.05505" lon="4.965140000000001">
    <ele>17.32</ele>
   </trkpt>
   <trkpt lat="51.05538000000001" lon="4.96499">
    <ele>17.23</ele>
   </trkpt>
   <trkpt lat="51.05537" lon="4.96499">
    <ele>17.23</ele>
   </trkpt>
   <trkpt lat="51.05566" lon="4.964880000000001">
    <ele>17.2</ele>
   </trkpt>
   <trkpt lat="51.05594000000001" lon="4.964670000000001">
    <ele>17.16</ele>
   </trkpt>
   <trkpt lat="51.05624" lon="4.96434">
    <ele>17.16</ele>
   </trkpt>
   <trkpt lat="51.05641000000001" lon="4.964230000000001">
    <ele>17.040000000000003</ele>
   </trkpt>
   <trkpt lat="51.056610000000006" lon="4.9642100000000005">
    <ele>16.98</ele>
   </trkpt>
   <trkpt lat="51.05687" lon="4.96424">
    <ele>16.580000000000002</ele>
   </trkpt>
   <trkpt lat="51.056940000000004" lon="4.96429">
    <ele>16.580000000000002</ele>
   </trkpt>
   <trkpt lat="51.056990000000006" lon="4.96436">
    <ele>16.580000000000002</ele>
   </trkpt>
   <trkpt lat="51.057190000000006" lon="4.964770000000001">
    <ele>16.240000000000002</ele>
   </trkpt>
   <trkpt lat="51.05725" lon="4.96485">
    <ele>16.240000000000002</ele>
   </trkpt>
   <trkpt lat="51.057500000000005" lon="4.9650300000000005">
    <ele>16.240000000000002</ele>
   </trkpt>
   <trkpt lat="51.057660000000006" lon="4.96508">
    <ele>16.23</ele>
   </trkpt>
   <trkpt lat="51.05820000000001" lon="4.96515">
    <ele>16.32</ele>
   </trkpt>
   <trkpt lat="51.058330000000005" lon="4.9652">
    <ele>16.19</ele>
   </trkpt>
   <trkpt lat="51.058440000000004" lon="4.96527">
    <ele>16.130000000000003</ele>
   </trkpt>
   <trkpt lat="51.0585" lon="4.965330000000001">
    <ele>16.130000000000003</ele>
   </trkpt>
   <trkpt lat="51.058620000000005" lon="4.96553">
    <ele>16.05</ele>
   </trkpt>
   <trkpt lat="51.05876000000001" lon="4.96598">
    <ele>16.060000000000002</ele>
   </trkpt>
   <trkpt lat="51.05904" lon="4.966670000000001">
    <ele>16.16</ele>
   </trkpt>
   <trkpt lat="51.059490000000004" lon="4.96769">
    <ele>16.490000000000002</ele>
   </trkpt>
   <trkpt lat="51.059580000000004" lon="4.96781">
    <ele>16.490000000000002</ele>
   </trkpt>
   <trkpt lat="51.060030000000005" lon="4.96821">
    <ele>16.57</ele>
   </trkpt>
   <trkpt lat="51.06016" lon="4.96837">
    <ele>16.64</ele>
   </trkpt>
   <trkpt lat="51.06026000000001" lon="4.968660000000001">
    <ele>16.64</ele>
   </trkpt>
   <trkpt lat="51.060370000000006" lon="4.96922">
    <ele>16.87</ele>
   </trkpt>
   <trkpt lat="51.060410000000005" lon="4.96987">
    <ele>16.89</ele>
   </trkpt>
   <trkpt lat="51.060545002472956" lon="4.9706299978338695">
    <ele>16.830000000000002</ele>
   </trkpt>
   <trkpt lat="51.060680000000005" lon="4.97139">
    <ele>16.85</ele>
   </trkpt>
   <trkpt lat="51.060900000000004" lon="4.97219">
    <ele>16.89</ele>
   </trkpt>
   <trkpt lat="51.06102500268211" lon="4.972989997531843">
    <ele>16.990000000000002</ele>
   </trkpt>
   <trkpt lat="51.061150000000005" lon="4.97379">
    <ele>16.87</ele>
   </trkpt>
   <trkpt lat="51.06139000191468" lon="4.974449996733653">
    <ele>16.84</ele>
   </trkpt>
   <trkpt lat="51.06163" lon="4.975110000000001">
    <ele>16.990000000000002</ele>
   </trkpt>
   <trkpt lat="51.06159" lon="4.97536">
    <ele>16.990000000000002</ele>
   </trkpt>
   <trkpt lat="51.06161" lon="4.9755">
    <ele>16.990000000000002</ele>
   </trkpt>
   <trkpt lat="51.061795003305186" lon="4.976374996688">
    <ele>16.790000000000003</ele>
   </trkpt>
   <trkpt lat="51.061980000000005" lon="4.977250000000001">
    <ele>17.0</ele>
   </trkpt>
   <trkpt lat="51.062110000000004" lon="4.97818">
    <ele>16.48</ele>
   </trkpt>
   <trkpt lat="51.06224" lon="4.9789200000000005">
    <ele>16.28</ele>
   </trkpt>
   <trkpt lat="51.06224" lon="4.978910000000001">
    <ele>16.28</ele>
   </trkpt>
   <trkpt lat="51.062490000000004" lon="4.979760000000001">
    <ele>17.17</ele>
   </trkpt>
   <trkpt lat="51.06312500007388" lon="4.979700000817495">
    <ele>17.35</ele>
   </trkpt>
   <trkpt lat="51.06376" lon="4.979640000000001">
    <ele>17.42</ele>
   </trkpt>
   <trkpt lat="51.063950000000006" lon="4.97966">
    <ele>17.6</ele>
   </trkpt>
   <trkpt lat="51.06420000000001" lon="4.979760000000001">
    <ele>17.650000000000002</ele>
   </trkpt>
   <trkpt lat="51.06445" lon="4.979920000000001">
    <ele>17.61</ele>
   </trkpt>
   <trkpt lat="51.064530000000005" lon="4.98">
    <ele>17.61</ele>
   </trkpt>
   <trkpt lat="51.065110000000004" lon="4.980770000000001">
    <ele>17.59</ele>
   </trkpt>
   <trkpt lat="51.06528" lon="4.98104">
    <ele>17.59</ele>
   </trkpt>
   <trkpt lat="51.06566" lon="4.9817800000000005">
    <ele>17.53</ele>
   </trkpt>
   <trkpt lat="51.06566" lon="4.98177">
    <ele>17.53</ele>
   </trkpt>
   <trkpt lat="51.06613" lon="4.98268">
    <ele>17.980000000000004</ele>
   </trkpt>
   <trkpt lat="51.066230000000004" lon="4.982740000000001">
    <ele>18.060000000000002</ele>
   </trkpt>
   <trkpt lat="51.066370000000006" lon="4.982760000000001">
    <ele>18.11</ele>
   </trkpt>
   <trkpt lat="51.066900000000004" lon="4.98226">
    <ele>18.62</ele>
   </trkpt>
   <trkpt lat="51.06742000110365" lon="4.981795005061979">
    <ele>19.14</ele>
   </trkpt>
   <trkpt lat="51.06794000000001" lon="4.981330000000001">
    <ele>19.73</ele>
   </trkpt>
   <trkpt lat="51.068110000000004" lon="4.98118">
    <ele>20.040000000000003</ele>
   </trkpt>
   <trkpt lat="51.068430000000006" lon="4.98097">
    <ele>20.25</ele>
   </trkpt>
   <trkpt lat="51.06874000737788" lon="4.982284991198178">
    <ele>20.450000000000003</ele>
   </trkpt>
   <trkpt lat="51.069050000000004" lon="4.9836">
    <ele>20.51</ele>
   </trkpt>
   <trkpt lat="51.069210000000005" lon="4.98416">
    <ele>20.450000000000003</ele>
   </trkpt>
   <trkpt lat="51.06974" lon="4.98514">
    <ele>20.450000000000003</ele>
   </trkpt>
   <trkpt lat="51.069810000000004" lon="4.98535">
    <ele>20.51</ele>
   </trkpt>
   <trkpt lat="51.069990000000004" lon="4.98618">
    <ele>20.48</ele>
   </trkpt>
   <trkpt lat="51.07005" lon="4.98679">
    <ele>20.200000000000003</ele>
   </trkpt>
   <trkpt lat="51.07005" lon="4.98695">
    <ele>20.200000000000003</ele>
   </trkpt>
   <trkpt lat="51.07000000000001" lon="4.9871300000000005">
    <ele>20.200000000000003</ele>
   </trkpt>
   <trkpt lat="51.069880000000005" lon="4.987240000000001">
    <ele>20.07</ele>
   </trkpt>
   <trkpt lat="51.070040000000006" lon="4.98744">
    <ele>20.270000000000003</ele>
   </trkpt>
   <trkpt lat="51.070370000000004" lon="4.98765">
    <ele>20.85</ele>
   </trkpt>
   <trkpt lat="51.070640000000004" lon="4.98775">
    <ele>21.01</ele>
   </trkpt>
   <trkpt lat="51.07108" lon="4.98777">
    <ele>21.240000000000002</ele>
   </trkpt>
   <trkpt lat="51.0718" lon="4.98772">
    <ele>21.080000000000002</ele>
   </trkpt>
   <trkpt lat="51.07215000000001" lon="4.98768">
    <ele>20.950000000000003</ele>
   </trkpt>
   <trkpt lat="51.072230000000005" lon="4.9876700000000005">
    <ele>20.94</ele>
   </trkpt>
   <trkpt lat="51.07269499986631" lon="4.987625000465943">
    <ele>20.66</ele>
   </trkpt>
   <trkpt lat="51.07316" lon="4.98758">
    <ele>20.48</ele>
   </trkpt>
   <trkpt lat="51.073260000000005" lon="4.9876000000000005">
    <ele>20.48</ele>
   </trkpt>
   <trkpt lat="51.07339" lon="4.987690000000001">
    <ele>20.53</ele>
   </trkpt>
   <trkpt lat="51.07386" lon="4.98815">
    <ele>20.46</ele>
   </trkpt>
   <trkpt lat="51.07408" lon="4.98841">
    <ele>20.59</ele>
   </trkpt>
   <trkpt lat="51.07417" lon="4.9885600000000005">
    <ele>20.59</ele>
   </trkpt>
   <trkpt lat="51.07428" lon="4.9888200000000005">
    <ele>20.57</ele>
   </trkpt>
   <trkpt lat="51.07464801882331" lon="4.989869966633491">
    <ele>19.83</ele>
   </trkpt>
   <trkpt lat="51.07501602824142" lon="4.990919949967842">
    <ele>19.250000000000004</ele>
   </trkpt>
   <trkpt lat="51.07538402825407" lon="4.991969950003112">
    <ele>18.6</ele>
   </trkpt>
   <trkpt lat="51.075752018860996" lon="4.993019966739357">
    <ele>18.09</ele>
   </trkpt>
   <trkpt lat="51.07612" lon="4.994070000000001">
    <ele>17.51</ele>
   </trkpt>
   <trkpt lat="51.076473061917966" lon="4.995339912801712">
    <ele>17.43</ele>
   </trkpt>
   <trkpt lat="51.07682611007783" lon="4.996609844982959">
    <ele>17.2</ele>
   </trkpt>
   <trkpt lat="51.07717914447922" lon="4.997879796543525">
    <ele>17.17</ele>
   </trkpt>
   <trkpt lat="51.07753216512176" lon="4.9991497674831935">
    <ele>17.210000000000004</ele>
   </trkpt>
   <trkpt lat="51.077885172005075" lon="5.000419757801751">
    <ele>17.09</ele>
   </trkpt>
   <trkpt lat="51.07823816512873" lon="5.0016897674989815">
    <ele>17.27</ele>
   </trkpt>
   <trkpt lat="51.07859114449241" lon="5.00295979657467">
    <ele>17.330000000000002</ele>
   </trkpt>
   <trkpt lat="51.07894411009568" lon="5.0042298450286">
    <ele>17.240000000000002</ele>
   </trkpt>
   <trkpt lat="51.079297061938185" lon="5.005499912860556">
    <ele>17.34</ele>
   </trkpt>
   <trkpt lat="51.07965" lon="5.00677">
    <ele>17.44</ele>
   </trkpt>
   <trkpt lat="51.07978000000001" lon="5.0079400000000005">
    <ele>17.46</ele>
   </trkpt>
   <trkpt lat="51.07985000000001" lon="5.00816">
    <ele>17.59</ele>
   </trkpt>
   <trkpt lat="51.08005000000001" lon="5.00847">
    <ele>17.59</ele>
   </trkpt>
   <trkpt lat="51.080000000000005" lon="5.00875">
    <ele>17.45</ele>
   </trkpt>
   <trkpt lat="51.07994000000001" lon="5.0093700000000005">
    <ele>17.05</ele>
   </trkpt>
   <trkpt lat="51.07963" lon="5.01025">
    <ele>17.48</ele>
   </trkpt>
   <trkpt lat="51.079530000000005" lon="5.010400000000001">
    <ele>18.400000000000002</ele>
   </trkpt>
   <trkpt lat="51.079060000000005" lon="5.010750000000001">
    <ele>19.28</ele>
   </trkpt>
   <trkpt lat="51.079010000000004" lon="5.01081">
    <ele>19.28</ele>
   </trkpt>
   <trkpt lat="51.07896" lon="5.011410000000001">
    <ele>19.55</ele>
   </trkpt>
   <trkpt lat="51.07896" lon="5.01142">
    <ele>19.55</ele>
   </trkpt>
   <trkpt lat="51.07885000323228" lon="5.012290002038781">
    <ele>19.860000000000003</ele>
   </trkpt>
   <trkpt lat="51.07874" lon="5.01316">
    <ele>19.950000000000003</ele>
   </trkpt>
   <trkpt lat="51.07869" lon="5.01342">
    <ele>19.950000000000003</ele>
   </trkpt>
   <trkpt lat="51.078520000000005" lon="5.0140400000000005">
    <ele>19.85</ele>
   </trkpt>
   <trkpt lat="51.078340000000004" lon="5.01543">
    <ele>19.73</ele>
   </trkpt>
   <trkpt lat="51.07828500759795" lon="5.016765001686485">
    <ele>20.150000000000002</ele>
   </trkpt>
   <trkpt lat="51.078230000000005" lon="5.0181000000000004">
    <ele>20.130000000000003</ele>
   </trkpt>
   <trkpt lat="51.078235004481165" lon="5.019124999837716">
    <ele>19.919999999999998</ele>
   </trkpt>
   <trkpt lat="51.07824" lon="5.02015">
    <ele>19.6</ele>
   </trkpt>
   <trkpt lat="51.078190000000006" lon="5.02033">
    <ele>19.610000000000003</ele>
   </trkpt>
   <trkpt lat="51.07813" lon="5.0212200000000005">
    <ele>19.8</ele>
   </trkpt>
   <trkpt lat="51.07801000721746" lon="5.022520003276528">
    <ele>19.87</ele>
   </trkpt>
   <trkpt lat="51.077890000000004" lon="5.023820000000001">
    <ele>19.96</ele>
   </trkpt>
   <trkpt lat="51.07781000000001" lon="5.02505">
    <ele>19.900000000000002</ele>
   </trkpt>
   <trkpt lat="51.07777500507087" lon="5.0261400007306">
    <ele>19.82</ele>
   </trkpt>
   <trkpt lat="51.077740000000006" lon="5.02723">
    <ele>19.810000000000002</ele>
   </trkpt>
   <trkpt lat="51.077740000000006" lon="5.027810000000001">
    <ele>19.810000000000002</ele>
   </trkpt>
   <trkpt lat="51.07779001632552" lon="5.029193330357695">
    <ele>19.770000000000003</ele>
   </trkpt>
   <trkpt lat="51.07784001632604" lon="5.030576663705667">
    <ele>19.55</ele>
   </trkpt>
   <trkpt lat="51.077890000000004" lon="5.031960000000001">
    <ele>19.33</ele>
   </trkpt>
   <trkpt lat="51.077960000000004" lon="5.032520000000001">
    <ele>19.430000000000003</ele>
   </trkpt>
   <trkpt lat="51.07810000232657" lon="5.033264997528202">
    <ele>19.020000000000003</ele>
   </trkpt>
   <trkpt lat="51.07824" lon="5.03401">
    <ele>18.92</ele>
   </trkpt>
   <trkpt lat="51.07831" lon="5.03465">
    <ele>18.430000000000003</ele>
   </trkpt>
   <trkpt lat="51.07836" lon="5.03551">
    <ele>18.47</ele>
   </trkpt>
   <trkpt lat="51.07830667781923" lon="5.036653335952334">
    <ele>19.1</ele>
   </trkpt>
   <trkpt lat="51.07825334448665" lon="5.037796669269071">
    <ele>19.31</ele>
   </trkpt>
   <trkpt lat="51.0782" lon="5.03894">
    <ele>19.5</ele>
   </trkpt>
   <trkpt lat="51.07818" lon="5.0396">
    <ele>19.5</ele>
   </trkpt>
   <trkpt lat="51.078190000000006" lon="5.040990000000001">
    <ele>19.85</ele>
   </trkpt>
   <trkpt lat="51.07815" lon="5.0422400000000005">
    <ele>20.0</ele>
   </trkpt>
   <trkpt lat="51.078160000000004" lon="5.04305">
    <ele>20.080000000000002</ele>
   </trkpt>
   <trkpt lat="51.078190000000006" lon="5.04358">
    <ele>20.240000000000002</ele>
   </trkpt>
   <trkpt lat="51.078300000000006" lon="5.04438">
    <ele>20.21</ele>
   </trkpt>
   <trkpt lat="51.07846000000001" lon="5.0448900000000005">
    <ele>20.28</ele>
   </trkpt>
   <trkpt lat="51.07889" lon="5.04609">
    <ele>19.950000000000003</ele>
   </trkpt>
   <trkpt lat="51.07902000000001" lon="5.04656">
    <ele>19.91</ele>
   </trkpt>
   <trkpt lat="51.07907" lon="5.046880000000001">
    <ele>20.020000000000003</ele>
   </trkpt>
   <trkpt lat="51.07920000829954" lon="5.048274996068089">
    <ele>19.930000000000003</ele>
   </trkpt>
   <trkpt lat="51.079330000000006" lon="5.049670000000001">
    <ele>20.1</ele>
   </trkpt>
   <trkpt lat="51.07947000000001" lon="5.05097">
    <ele>20.490000000000002</ele>
   </trkpt>
   <trkpt lat="51.07965" lon="5.0520700000000005">
    <ele>20.87</ele>
   </trkpt>
   <trkpt lat="51.079730000000005" lon="5.0528900000000005">
    <ele>20.85</ele>
   </trkpt>
   <trkpt lat="51.079750000000004" lon="5.053610000000001">
    <ele>20.610000000000003</ele>
   </trkpt>
   <trkpt lat="51.079730000000005" lon="5.05428">
    <ele>20.69</ele>
   </trkpt>
   <trkpt lat="51.07974" lon="5.05473">
    <ele>20.8</ele>
   </trkpt>
   <trkpt lat="51.07977" lon="5.054930000000001">
    <ele>20.8</ele>
   </trkpt>
   <trkpt lat="51.079890000000006" lon="5.05534">
    <ele>20.650000000000002</ele>
   </trkpt>
   <trkpt lat="51.079950000000004" lon="5.05599">
    <ele>20.540000000000003</ele>
   </trkpt>
   <trkpt lat="51.079930000000004" lon="5.056190000000001">
    <ele>20.34</ele>
   </trkpt>
   <trkpt lat="51.0799" lon="5.056290000000001">
    <ele>20.34</ele>
   </trkpt>
   <trkpt lat="51.07947000000001" lon="5.05728">
    <ele>20.009999999999998</ele>
   </trkpt>
   <trkpt lat="51.07922000000001" lon="5.05801">
    <ele>20.1</ele>
   </trkpt>
   <trkpt lat="51.079150000000006" lon="5.05808">
    <ele>20.1</ele>
   </trkpt>
   <trkpt lat="51.07894" lon="5.05865">
    <ele>20.150000000000002</ele>
   </trkpt>
   <trkpt lat="51.07851" lon="5.05956">
    <ele>20.130000000000003</ele>
   </trkpt>
   <trkpt lat="51.078390000000006" lon="5.06005">
    <ele>20.34</ele>
   </trkpt>
   <trkpt lat="51.07828000000001" lon="5.06038">
    <ele>20.41</ele>
   </trkpt>
   <trkpt lat="51.078160000000004" lon="5.0606100000000005">
    <ele>20.43</ele>
   </trkpt>
   <trkpt lat="51.07809" lon="5.06069">
    <ele>20.53</ele>
   </trkpt>
   <trkpt lat="51.077675000696445" lon="5.06112500401769">
    <ele>21.330000000000002</ele>
   </trkpt>
   <trkpt lat="51.07726" lon="5.06156">
    <ele>22.410000000000004</ele>
   </trkpt>
   <trkpt lat="51.07665" lon="5.06217">
    <ele>24.540000000000003</ele>
   </trkpt>
   <trkpt lat="51.076440000000005" lon="5.062390000000001">
    <ele>25.53</ele>
   </trkpt>
   <trkpt lat="51.07638000000001" lon="5.06247">
    <ele>25.880000000000003</ele>
   </trkpt>
   <trkpt lat="51.07672717892697" lon="5.063657089423562">
    <ele>24.990000000000002</ele>
   </trkpt>
   <trkpt lat="51.077074345831974" lon="5.06484419666107">
    <ele>22.820000000000004</ele>
   </trkpt>
   <trkpt lat="51.07742150071466" lon="5.0660313217124">
    <ele>22.400000000000002</ele>
   </trkpt>
   <trkpt lat="51.07776864357468" lon="5.067218464577418">
    <ele>22.18</ele>
   </trkpt>
   <trkpt lat="51.07811577441172" lon="5.068405625255998">
    <ele>21.66</ele>
   </trkpt>
   <trkpt lat="51.078462893225485" lon="5.0695928037480105">
    <ele>21.61</ele>
   </trkpt>
   <trkpt lat="51.078810000000004" lon="5.07078">
    <ele>21.88</ele>
   </trkpt>
   <trkpt lat="51.078900000000004" lon="5.07125">
    <ele>21.88</ele>
   </trkpt>
   <trkpt lat="51.078920000000004" lon="5.071440000000001">
    <ele>21.94</ele>
   </trkpt>
   <trkpt lat="51.07895500364622" lon="5.072364999210074">
    <ele>21.970000000000002</ele>
   </trkpt>
   <trkpt lat="51.078990000000005" lon="5.07329">
    <ele>21.630000000000003</ele>
   </trkpt>
   <trkpt lat="51.07907" lon="5.07383">
    <ele>21.240000000000002</ele>
   </trkpt>
  </trkseg>
 </trk>
</gpx>
