<?xml version="1.0" encoding="UTF-8"?>
<gpx creator="StravaGPX" version="1.1" xmlns="http://www.topografix.com/GPX/1/1" xmlns:xsi="http://www.w3.org/2001/XMLSchema-instance" xsi:schemaLocation="http://www.topografix.com/GPX/1/1 http://www.topografix.com/GPX/1/1/gpx.xsd">
 <metadata>
  <name>Bokrijk</name>
  <author>
   <name>Joeri Scapicchio</name>
   <link href="https://www.strava.com/athletes/2447439"/>
  </author>
  <copyright author="OpenStreetMap contributors">
   <year>2020</year>
   <license>https://www.openstreetmap.org/copyright</license>
  </copyright>
  <link href="https://www.strava.com/routes/28028630"/>
 </metadata>
 <trk>
  <name>Bokrijk</name>
  <link href="https://www.strava.com/routes/28028630"/>
  <type>cycling</type>
  <trkseg>
   <trkpt lat="51.070100000000004" lon="5.08711">
    <ele>22.64</ele>
   </trkpt>
   <trkpt lat="51.07027" lon="5.08666">
    <ele>22.53</ele>
   </trkpt>
   <trkpt lat="51.07063" lon="5.08603">
    <ele>22.500000000000004</ele>
   </trkpt>
   <trkpt lat="51.070640000000004" lon="5.08595">
    <ele>22.500000000000004</ele>
   </trkpt>
   <trkpt lat="51.07059" lon="5.085920000000001">
    <ele>22.500000000000004</ele>
   </trkpt>
   <trkpt lat="51.07043" lon="5.0861">
    <ele>22.55</ele>
   </trkpt>
   <trkpt lat="51.0703" lon="5.08612">
    <ele>22.62</ele>
   </trkpt>
   <trkpt lat="51.070150000000005" lon="5.08605">
    <ele>22.72</ele>
   </trkpt>
   <trkpt lat="51.070060000000005" lon="5.086080000000001">
    <ele>22.85</ele>
   </trkpt>
   <trkpt lat="51.06998" lon="5.08605">
    <ele>22.85</ele>
   </trkpt>
   <trkpt lat="51.069880000000005" lon="5.086040000000001">
    <ele>22.930000000000003</ele>
   </trkpt>
   <trkpt lat="51.06930000010838" lon="5.08608500055619">
    <ele>23.590000000000003</ele>
   </trkpt>
   <trkpt lat="51.068720000000006" lon="5.086130000000001">
    <ele>24.12</ele>
   </trkpt>
   <trkpt lat="51.068130000000004" lon="5.086040000000001">
    <ele>25.200000000000003</ele>
   </trkpt>
   <trkpt lat="51.06727000000001" lon="5.085870000000001">
    <ele>26.750000000000004</ele>
   </trkpt>
   <trkpt lat="51.06712" lon="5.08593">
    <ele>26.6</ele>
   </trkpt>
   <trkpt lat="51.06696" lon="5.08605">
    <ele>26.580000000000002</ele>
   </trkpt>
   <trkpt lat="51.066500000000005" lon="5.08624">
    <ele>26.950000000000003</ele>
   </trkpt>
   <trkpt lat="51.06627" lon="5.086270000000001">
    <ele>27.13</ele>
   </trkpt>
   <trkpt lat="51.066030000000005" lon="5.08636">
    <ele>27.46</ele>
   </trkpt>
   <trkpt lat="51.06533" lon="5.0869">
    <ele>26.81</ele>
   </trkpt>
   <trkpt lat="51.065090000000005" lon="5.08701">
    <ele>26.840000000000003</ele>
   </trkpt>
   <trkpt lat="51.064980000000006" lon="5.08701">
    <ele>26.92</ele>
   </trkpt>
   <trkpt lat="51.06465000000001" lon="5.08713">
    <ele>27.51</ele>
   </trkpt>
   <trkpt lat="51.06456000000001" lon="5.08718">
    <ele>27.51</ele>
   </trkpt>
   <trkpt lat="51.06454" lon="5.0872">
    <ele>27.51</ele>
   </trkpt>
   <trkpt lat="51.06458000000001" lon="5.08731">
    <ele>27.51</ele>
   </trkpt>
   <trkpt lat="51.06468" lon="5.088220000000001">
    <ele>27.14</ele>
   </trkpt>
   <trkpt lat="51.064640000000004" lon="5.088240000000001">
    <ele>27.14</ele>
   </trkpt>
   <trkpt lat="51.06459" lon="5.08832">
    <ele>27.4</ele>
   </trkpt>
   <trkpt lat="51.06459" lon="5.0884">
    <ele>27.4</ele>
   </trkpt>
   <trkpt lat="51.064280000000004" lon="5.088500000000001">
    <ele>27.67</ele>
   </trkpt>
   <trkpt lat="51.0637650000352" lon="5.08863000145558">
    <ele>28.35</ele>
   </trkpt>
   <trkpt lat="51.063250000000004" lon="5.088760000000001">
    <ele>29.740000000000002</ele>
   </trkpt>
   <trkpt lat="51.06269" lon="5.08886">
    <ele>30.980000000000004</ele>
   </trkpt>
   <trkpt lat="51.06215" lon="5.08891">
    <ele>32.93</ele>
   </trkpt>
   <trkpt lat="51.06138500010652" lon="5.088960000819947">
    <ele>35.65</ele>
   </trkpt>
   <trkpt lat="51.06062000000001" lon="5.08901">
    <ele>37.470000000000006</ele>
   </trkpt>
   <trkpt lat="51.06063" lon="5.08901">
    <ele>37.45</ele>
   </trkpt>
   <trkpt lat="51.060050000000004" lon="5.08905">
    <ele>38.17</ele>
   </trkpt>
   <trkpt lat="51.059830000000005" lon="5.0890200000000005">
    <ele>38.330000000000005</ele>
   </trkpt>
   <trkpt lat="51.05906" lon="5.089040000000001">
    <ele>38.35</ele>
   </trkpt>
   <trkpt lat="51.05883000000001" lon="5.089090000000001">
    <ele>38.17</ele>
   </trkpt>
   <trkpt lat="51.05807" lon="5.08907">
    <ele>37.78</ele>
   </trkpt>
   <trkpt lat="51.057460000000006" lon="5.088970000000001">
    <ele>37.49</ele>
   </trkpt>
   <trkpt lat="51.05702" lon="5.0889500000000005">
    <ele>37.49</ele>
   </trkpt>
   <trkpt lat="51.05673" lon="5.088900000000001">
    <ele>37.49</ele>
   </trkpt>
   <trkpt lat="51.056360000000005" lon="5.0888100000000005">
    <ele>37.410000000000004</ele>
   </trkpt>
   <trkpt lat="51.055870000093215" lon="5.088659998411839">
    <ele>37.34</ele>
   </trkpt>
   <trkpt lat="51.05538000000001" lon="5.08851">
    <ele>36.94</ele>
   </trkpt>
   <trkpt lat="51.05509000000001" lon="5.08846">
    <ele>36.54</ele>
   </trkpt>
   <trkpt lat="51.05437500056821" lon="5.088252490393414">
    <ele>35.11</ele>
   </trkpt>
   <trkpt lat="51.053660000768986" lon="5.088044987194767">
    <ele>33.6</ele>
   </trkpt>
   <trkpt lat="51.052945000602385" lon="5.087837490403699">
    <ele>32.019999999999996</ele>
   </trkpt>
   <trkpt lat="51.05223" lon="5.087630000000001">
    <ele>30.51</ele>
   </trkpt>
   <trkpt lat="51.051950000000005" lon="5.08755">
    <ele>30.240000000000002</ele>
   </trkpt>
   <trkpt lat="51.05191000000001" lon="5.0875200000000005">
    <ele>30.240000000000002</ele>
   </trkpt>
   <trkpt lat="51.051840000000006" lon="5.08751">
    <ele>29.93</ele>
   </trkpt>
   <trkpt lat="51.051730000000006" lon="5.08757">
    <ele>30.060000000000002</ele>
   </trkpt>
   <trkpt lat="51.05167" lon="5.087540000000001">
    <ele>29.910000000000004</ele>
   </trkpt>
   <trkpt lat="51.05163" lon="5.08755">
    <ele>29.910000000000004</ele>
   </trkpt>
   <trkpt lat="51.051520000000004" lon="5.08748">
    <ele>29.5</ele>
   </trkpt>
   <trkpt lat="51.05144000000001" lon="5.087490000000001">
    <ele>29.5</ele>
   </trkpt>
   <trkpt lat="51.05118" lon="5.087420000000001">
    <ele>29.130000000000003</ele>
   </trkpt>
   <trkpt lat="51.05084" lon="5.0873800000000005">
    <ele>28.8</ele>
   </trkpt>
   <trkpt lat="51.050810000000006" lon="5.087540000000001">
    <ele>28.75</ele>
   </trkpt>
   <trkpt lat="51.05075" lon="5.08769">
    <ele>28.610000000000003</ele>
   </trkpt>
   <trkpt lat="51.050250002623265" lon="5.088243345268856">
    <ele>27.990000000000002</ele>
   </trkpt>
   <trkpt lat="51.04975000263394" lon="5.088796678590199">
    <ele>27.650000000000002</ele>
   </trkpt>
   <trkpt lat="51.04925" lon="5.0893500000000005">
    <ele>27.070000000000004</ele>
   </trkpt>
   <trkpt lat="51.048560002549195" lon="5.090110011228496">
    <ele>26.490000000000002</ele>
   </trkpt>
   <trkpt lat="51.04787" lon="5.090870000000001">
    <ele>26.45</ele>
   </trkpt>
   <trkpt lat="51.04762" lon="5.091150000000001">
    <ele>26.46</ele>
   </trkpt>
   <trkpt lat="51.04737" lon="5.09137">
    <ele>26.410000000000004</ele>
   </trkpt>
   <trkpt lat="51.04675500130141" lon="5.091910007119409">
    <ele>26.150000000000002</ele>
   </trkpt>
   <trkpt lat="51.04614" lon="5.09245">
    <ele>25.78</ele>
   </trkpt>
   <trkpt lat="51.04568500051614" lon="5.092750002859658">
    <ele>25.43</ele>
   </trkpt>
   <trkpt lat="51.045230000000004" lon="5.093050000000001">
    <ele>25.210000000000004</ele>
   </trkpt>
   <trkpt lat="51.0446" lon="5.093430000000001">
    <ele>24.900000000000002</ele>
   </trkpt>
   <trkpt lat="51.04383666754638" lon="5.093763344348441">
    <ele>23.970000000000002</ele>
   </trkpt>
   <trkpt lat="51.0430733341446" lon="5.094096677711438">
    <ele>24.330000000000002</ele>
   </trkpt>
   <trkpt lat="51.04231000000001" lon="5.09443">
    <ele>25.150000000000002</ele>
   </trkpt>
   <trkpt lat="51.04211" lon="5.09447">
    <ele>25.150000000000002</ele>
   </trkpt>
   <trkpt lat="51.041650000000004" lon="5.0944400000000005">
    <ele>25.400000000000002</ele>
   </trkpt>
   <trkpt lat="51.04144" lon="5.09449">
    <ele>25.400000000000002</ele>
   </trkpt>
   <trkpt lat="51.04122" lon="5.09464">
    <ele>25.640000000000004</ele>
   </trkpt>
   <trkpt lat="51.04059333665023" lon="5.095260016736112">
    <ele>26.230000000000004</ele>
   </trkpt>
   <trkpt lat="51.039966670020135" lon="5.095880016699626">
    <ele>27.180000000000003</ele>
   </trkpt>
   <trkpt lat="51.03934" lon="5.096500000000001">
    <ele>29.53</ele>
   </trkpt>
   <trkpt lat="51.03923" lon="5.096590000000001">
    <ele>29.960000000000004</ele>
   </trkpt>
   <trkpt lat="51.03876000007784" lon="5.096810002291894">
    <ele>30.810000000000002</ele>
   </trkpt>
   <trkpt lat="51.03829" lon="5.09703">
    <ele>33.28</ele>
   </trkpt>
   <trkpt lat="51.038000000000004" lon="5.09726">
    <ele>33.440000000000005</ele>
   </trkpt>
   <trkpt lat="51.03786" lon="5.09745">
    <ele>34.15</ele>
   </trkpt>
   <trkpt lat="51.0377" lon="5.097580000000001">
    <ele>34.510000000000005</ele>
   </trkpt>
   <trkpt lat="51.03748" lon="5.097650000000001">
    <ele>34.72</ele>
   </trkpt>
   <trkpt lat="51.03728" lon="5.097650000000001">
    <ele>35.64000000000001</ele>
   </trkpt>
   <trkpt lat="51.0367799999981" lon="5.097614999621828">
    <ele>37.24</ele>
   </trkpt>
   <trkpt lat="51.036280000000005" lon="5.097580000000001">
    <ele>38.89</ele>
   </trkpt>
   <trkpt lat="51.036150000000006" lon="5.097580000000001">
    <ele>39.089999999999996</ele>
   </trkpt>
   <trkpt lat="51.03604000000001" lon="5.097600000000001">
    <ele>39.27</ele>
   </trkpt>
   <trkpt lat="51.03595000000001" lon="5.09764">
    <ele>39.370000000000005</ele>
   </trkpt>
   <trkpt lat="51.03513" lon="5.09815">
    <ele>39.03</ele>
   </trkpt>
   <trkpt lat="51.034467502100405" lon="5.098557517492834">
    <ele>37.61000000000001</ele>
   </trkpt>
   <trkpt lat="51.03380500278366" lon="5.098965023333748">
    <ele>34.21</ele>
   </trkpt>
   <trkpt lat="51.033142502049806" lon="5.09937251752333">
    <ele>29.490000000000002</ele>
   </trkpt>
   <trkpt lat="51.03248000000001" lon="5.09978">
    <ele>26.230000000000004</ele>
   </trkpt>
   <trkpt lat="51.03238" lon="5.0998600000000005">
    <ele>26.230000000000004</ele>
   </trkpt>
   <trkpt lat="51.03204" lon="5.1002600000000005">
    <ele>24.900000000000002</ele>
   </trkpt>
   <trkpt lat="51.03199000000001" lon="5.10017">
    <ele>25.220000000000002</ele>
   </trkpt>
   <trkpt lat="51.03132" lon="5.10104">
    <ele>23.6</ele>
   </trkpt>
   <trkpt lat="51.03071001479022" lon="5.10180006001419">
    <ele>22.76</ele>
   </trkpt>
   <trkpt lat="51.03010002465055" lon="5.102560100021591">
    <ele>22.740000000000002</ele>
   </trkpt>
   <trkpt lat="51.02949002958124" lon="5.103320120023002">
    <ele>22.76</ele>
   </trkpt>
   <trkpt lat="51.02888002958251" lon="5.104080120019226">
    <ele>22.76</ele>
   </trkpt>
   <trkpt lat="51.02827002465461" lon="5.104840100011063">
    <ele>22.660000000000004</ele>
   </trkpt>
   <trkpt lat="51.02766001479777" lon="5.105600059999312">
    <ele>22.740000000000002</ele>
   </trkpt>
   <trkpt lat="51.02705" lon="5.1063600000000005">
    <ele>22.770000000000003</ele>
   </trkpt>
   <trkpt lat="51.026428346322845" lon="5.107140052293251">
    <ele>22.45</ele>
   </trkpt>
   <trkpt lat="51.02580668745287" lon="5.107920083663885">
    <ele>22.64</ele>
   </trkpt>
   <trkpt lat="51.02518502339035" lon="5.108700094112752">
    <ele>22.820000000000004</ele>
   </trkpt>
   <trkpt lat="51.02456335413554" lon="5.109480083640704">
    <ele>22.860000000000003</ele>
   </trkpt>
   <trkpt lat="51.023941679688676" lon="5.11026005224859">
    <ele>22.840000000000003</ele>
   </trkpt>
   <trkpt lat="51.023320000000005" lon="5.11104">
    <ele>22.910000000000004</ele>
   </trkpt>
   <trkpt lat="51.02317000000001" lon="5.11129">
    <ele>22.9</ele>
   </trkpt>
   <trkpt lat="51.02269000148833" lon="5.111880006105221">
    <ele>23.06</ele>
   </trkpt>
   <trkpt lat="51.02221" lon="5.11247">
    <ele>24.46</ele>
   </trkpt>
   <trkpt lat="51.02228" lon="5.1127">
    <ele>24.560000000000002</ele>
   </trkpt>
   <trkpt lat="51.022490000000005" lon="5.11244">
    <ele>23.950000000000003</ele>
   </trkpt>
   <trkpt lat="51.022560000000006" lon="5.112290000000001">
    <ele>23.950000000000003</ele>
   </trkpt>
   <trkpt lat="51.022940000000006" lon="5.111800000000001">
    <ele>23.3</ele>
   </trkpt>
   <trkpt lat="51.022940000000006" lon="5.11179">
    <ele>23.3</ele>
   </trkpt>
   <trkpt lat="51.02326000000001" lon="5.111400000000001">
    <ele>23.200000000000003</ele>
   </trkpt>
   <trkpt lat="51.023360000000004" lon="5.1112400000000004">
    <ele>23.1</ele>
   </trkpt>
   <trkpt lat="51.023988346414654" lon="5.110456719767088">
    <ele>23.14</ele>
   </trkpt>
   <trkpt lat="51.02461668759305" lon="5.109673418300248">
    <ele>23.1</ele>
   </trkpt>
   <trkpt lat="51.025245023534936" lon="5.108890095598602">
    <ele>23.22</ele>
   </trkpt>
   <trkpt lat="51.02587335424007" lon="5.108106751661279">
    <ele>23.06</ele>
   </trkpt>
   <trkpt lat="51.026501679708154" lon="5.107323386487402">
    <ele>22.88</ele>
   </trkpt>
   <trkpt lat="51.02713000000001" lon="5.106540000000001">
    <ele>23.000000000000004</ele>
   </trkpt>
   <trkpt lat="51.02782401297491" lon="5.105668052229351">
    <ele>23.01</ele>
   </trkpt>
   <trkpt lat="51.02851801946114" lon="5.104796078347192">
    <ele>22.840000000000003</ele>
   </trkpt>
   <trkpt lat="51.02921201945834" lon="5.103924078352342">
    <ele>22.73</ele>
   </trkpt>
   <trkpt lat="51.02990601296616" lon="5.103052052243612">
    <ele>22.9</ele>
   </trkpt>
   <trkpt lat="51.03060000000001" lon="5.102180000000001">
    <ele>23.000000000000004</ele>
   </trkpt>
   <trkpt lat="51.03107000000001" lon="5.1016">
    <ele>23.19</ele>
   </trkpt>
   <trkpt lat="51.03119" lon="5.10149">
    <ele>23.200000000000003</ele>
   </trkpt>
   <trkpt lat="51.03141" lon="5.1012200000000005">
    <ele>23.28</ele>
   </trkpt>
   <trkpt lat="51.031560000000006" lon="5.1010100000000005">
    <ele>23.28</ele>
   </trkpt>
   <trkpt lat="51.031560000000006" lon="5.10088">
    <ele>23.810000000000002</ele>
   </trkpt>
   <trkpt lat="51.03134000000001" lon="5.10109">
    <ele>23.810000000000002</ele>
   </trkpt>
   <trkpt lat="51.03132" lon="5.10104">
    <ele>23.69</ele>
   </trkpt>
   <trkpt lat="51.03064801188522" lon="5.101874048353376">
    <ele>22.76</ele>
   </trkpt>
   <trkpt lat="51.02997601783407" lon="5.102708072520885">
    <ele>22.740000000000002</ele>
   </trkpt>
   <trkpt lat="51.02930401784682" lon="5.103542072503595">
    <ele>22.8</ele>
   </trkpt>
   <trkpt lat="51.02863201192383" lon="5.1043760483025755">
    <ele>22.840000000000003</ele>
   </trkpt>
   <trkpt lat="51.02796000000001" lon="5.1052100000000005">
    <ele>22.650000000000002</ele>
   </trkpt>
   <trkpt lat="51.02734667920515" lon="5.105976717392071">
    <ele>22.770000000000003</ele>
   </trkpt>
   <trkpt lat="51.02673335339355" lon="5.106743414494187">
    <ele>22.520000000000003</ele>
   </trkpt>
   <trkpt lat="51.02612002256543" lon="5.107510091307166">
    <ele>22.35</ele>
   </trkpt>
   <trkpt lat="51.02550668672106" lon="5.1082767478318205">
    <ele>22.7</ele>
   </trkpt>
   <trkpt lat="51.02489334586065" lon="5.109043384068966">
    <ele>22.820000000000004</ele>
   </trkpt>
   <trkpt lat="51.024280000000005" lon="5.10981">
    <ele>22.98</ele>
   </trkpt>
   <trkpt lat="51.023800001510004" lon="5.110425006501078">
    <ele>22.79</ele>
   </trkpt>
   <trkpt lat="51.023320000000005" lon="5.11104">
    <ele>22.910000000000004</ele>
   </trkpt>
   <trkpt lat="51.02317000000001" lon="5.11129">
    <ele>22.9</ele>
   </trkpt>
   <trkpt lat="51.02248201261932" lon="5.112150051056915">
    <ele>23.500000000000004</ele>
   </trkpt>
   <trkpt lat="51.02179401892593" lon="5.113010076587587">
    <ele>25.130000000000003</ele>
   </trkpt>
   <trkpt lat="51.02110601892021" lon="5.1138700765931695">
    <ele>26.88</ele>
   </trkpt>
   <trkpt lat="51.020418012602484" lon="5.114730051074811">
    <ele>29.990000000000002</ele>
   </trkpt>
   <trkpt lat="51.01973" lon="5.11559">
    <ele>34.39</ele>
   </trkpt>
   <trkpt lat="51.020356674957185" lon="5.116576639965885">
    <ele>31.53</ele>
   </trkpt>
   <trkpt lat="51.020983341605984" lon="5.117563306603901">
    <ele>30.01</ele>
   </trkpt>
   <trkpt lat="51.02161" lon="5.118550000000001">
    <ele>29.110000000000003</ele>
   </trkpt>
   <trkpt lat="51.02172" lon="5.1187700000000005">
    <ele>29.110000000000003</ele>
   </trkpt>
   <trkpt lat="51.02198000257098" lon="5.119544995677325">
    <ele>28.8</ele>
   </trkpt>
   <trkpt lat="51.022240000000004" lon="5.12032">
    <ele>28.610000000000003</ele>
   </trkpt>
   <trkpt lat="51.022670000000005" lon="5.12141">
    <ele>28.540000000000003</ele>
   </trkpt>
   <trkpt lat="51.02300333927504" lon="5.122243321387049">
    <ele>28.700000000000003</ele>
   </trkpt>
   <trkpt lat="51.023336672623415" lon="5.123076654757854">
    <ele>28.770000000000003</ele>
   </trkpt>
   <trkpt lat="51.02367" lon="5.12391">
    <ele>28.770000000000003</ele>
   </trkpt>
   <trkpt lat="51.023790000000005" lon="5.124280000000001">
    <ele>28.89</ele>
   </trkpt>
   <trkpt lat="51.02402500303659" lon="5.125124995679317">
    <ele>28.970000000000002</ele>
   </trkpt>
   <trkpt lat="51.024260000000005" lon="5.125970000000001">
    <ele>29.040000000000003</ele>
   </trkpt>
   <trkpt lat="51.02439000217336" lon="5.126679998130529">
    <ele>29.450000000000003</ele>
   </trkpt>
   <trkpt lat="51.02452" lon="5.12739">
    <ele>29.900000000000002</ele>
   </trkpt>
   <trkpt lat="51.0247" lon="5.128170000000001">
    <ele>30.26</ele>
   </trkpt>
   <trkpt lat="51.02479" lon="5.128430000000001">
    <ele>30.38</ele>
   </trkpt>
   <trkpt lat="51.02497" lon="5.128830000000001">
    <ele>30.51</ele>
   </trkpt>
   <trkpt lat="51.025240000000004" lon="5.12926">
    <ele>30.830000000000002</ele>
   </trkpt>
   <trkpt lat="51.02576250774272" lon="5.130037473714652">
    <ele>31.26</ele>
   </trkpt>
   <trkpt lat="51.02628501032661" lon="5.13081496495675">
    <ele>32.28</ele>
   </trkpt>
   <trkpt lat="51.0268075077515" lon="5.131592473726846">
    <ele>33.14</ele>
   </trkpt>
   <trkpt lat="51.027330000000006" lon="5.132370000000001">
    <ele>34.160000000000004</ele>
   </trkpt>
   <trkpt lat="51.02743" lon="5.132510000000001">
    <ele>34.160000000000004</ele>
   </trkpt>
   <trkpt lat="51.027570000000004" lon="5.13264">
    <ele>34.09</ele>
   </trkpt>
   <trkpt lat="51.02767000000001" lon="5.132720000000001">
    <ele>34.09</ele>
   </trkpt>
   <trkpt lat="51.027800000000006" lon="5.13278">
    <ele>33.7</ele>
   </trkpt>
   <trkpt lat="51.02794" lon="5.132820000000001">
    <ele>33.53</ele>
   </trkpt>
   <trkpt lat="51.02812" lon="5.132840000000001">
    <ele>32.879999999999995</ele>
   </trkpt>
   <trkpt lat="51.02877500017013" lon="5.132835000069362">
    <ele>31.68</ele>
   </trkpt>
   <trkpt lat="51.029430000000005" lon="5.13283">
    <ele>29.110000000000003</ele>
   </trkpt>
   <trkpt lat="51.02964000000001" lon="5.1328700000000005">
    <ele>28.85</ele>
   </trkpt>
   <trkpt lat="51.029830000000004" lon="5.13295">
    <ele>28.630000000000003</ele>
   </trkpt>
   <trkpt lat="51.03065" lon="5.133400000000001">
    <ele>27.450000000000003</ele>
   </trkpt>
   <trkpt lat="51.03081" lon="5.13351">
    <ele>27.240000000000002</ele>
   </trkpt>
   <trkpt lat="51.031090000000006" lon="5.13381">
    <ele>26.990000000000002</ele>
   </trkpt>
   <trkpt lat="51.031623337232574" lon="5.134486651082122">
    <ele>26.81</ele>
   </trkpt>
   <trkpt lat="51.03215667055775" lon="5.135163317738181">
    <ele>26.85</ele>
   </trkpt>
   <trkpt lat="51.03269" lon="5.135840000000001">
    <ele>26.570000000000004</ele>
   </trkpt>
   <trkpt lat="51.03291" lon="5.136170000000001">
    <ele>26.560000000000002</ele>
   </trkpt>
   <trkpt lat="51.033030000000004" lon="5.1364">
    <ele>26.520000000000003</ele>
   </trkpt>
   <trkpt lat="51.03329" lon="5.136990000000001">
    <ele>26.220000000000002</ele>
   </trkpt>
   <trkpt lat="51.033640005426484" lon="5.138114991587456">
    <ele>26.060000000000002</ele>
   </trkpt>
   <trkpt lat="51.03399" lon="5.13924">
    <ele>26.02</ele>
   </trkpt>
   <trkpt lat="51.0343300041999" lon="5.140219993103712">
    <ele>26.03</ele>
   </trkpt>
   <trkpt lat="51.034670000000006" lon="5.1412">
    <ele>25.990000000000002</ele>
   </trkpt>
   <trkpt lat="51.03477" lon="5.14142">
    <ele>25.980000000000004</ele>
   </trkpt>
   <trkpt lat="51.034870000000005" lon="5.14153">
    <ele>25.980000000000004</ele>
   </trkpt>
   <trkpt lat="51.035445001461795" lon="5.142104992916085">
    <ele>25.76</ele>
   </trkpt>
   <trkpt lat="51.03602000000001" lon="5.14268">
    <ele>25.69</ele>
   </trkpt>
   <trkpt lat="51.03666500129199" lon="5.143229992345144">
    <ele>25.34</ele>
   </trkpt>
   <trkpt lat="51.037310000000005" lon="5.1437800000000005">
    <ele>25.200000000000003</ele>
   </trkpt>
   <trkpt lat="51.037470000000006" lon="5.14395">
    <ele>25.240000000000002</ele>
   </trkpt>
   <trkpt lat="51.03763000000001" lon="5.14416">
    <ele>25.400000000000002</ele>
   </trkpt>
   <trkpt lat="51.03793" lon="5.14466">
    <ele>25.39</ele>
   </trkpt>
   <trkpt lat="51.0384" lon="5.14524">
    <ele>25.17</ele>
   </trkpt>
   <trkpt lat="51.038540000000005" lon="5.14547">
    <ele>25.32</ele>
   </trkpt>
   <trkpt lat="51.038740000000004" lon="5.145980000000001">
    <ele>25.32</ele>
   </trkpt>
   <trkpt lat="51.03904500558549" lon="5.147124992431451">
    <ele>25.740000000000002</ele>
   </trkpt>
   <trkpt lat="51.039350000000006" lon="5.14827">
    <ele>25.93</ele>
   </trkpt>
   <trkpt lat="51.03940000000001" lon="5.148820000000001">
    <ele>25.980000000000004</ele>
   </trkpt>
   <trkpt lat="51.03936" lon="5.14947">
    <ele>26.310000000000002</ele>
   </trkpt>
   <trkpt lat="51.0392200021893" lon="5.150180001950443">
    <ele>26.85</ele>
   </trkpt>
   <trkpt lat="51.039080000000006" lon="5.15089">
    <ele>27.1</ele>
   </trkpt>
   <trkpt lat="51.038920000000005" lon="5.1514500000000005">
    <ele>27.1</ele>
   </trkpt>
   <trkpt lat="51.03875000000001" lon="5.151820000000001">
    <ele>27.48</ele>
   </trkpt>
   <trkpt lat="51.0386" lon="5.1520600000000005">
    <ele>27.470000000000002</ele>
   </trkpt>
   <trkpt lat="51.038410000000006" lon="5.152290000000001">
    <ele>27.67</ele>
   </trkpt>
   <trkpt lat="51.037915000874584" lon="5.152740004797834">
    <ele>28.020000000000003</ele>
   </trkpt>
   <trkpt lat="51.037420000000004" lon="5.15319">
    <ele>28.51</ele>
   </trkpt>
   <trkpt lat="51.037110000000006" lon="5.15347">
    <ele>28.73</ele>
   </trkpt>
   <trkpt lat="51.03699" lon="5.1536100000000005">
    <ele>28.900000000000002</ele>
   </trkpt>
   <trkpt lat="51.036840000000005" lon="5.153860000000001">
    <ele>28.900000000000002</ele>
   </trkpt>
   <trkpt lat="51.03672" lon="5.154120000000001">
    <ele>28.900000000000002</ele>
   </trkpt>
   <trkpt lat="51.03663" lon="5.15442">
    <ele>29.210000000000004</ele>
   </trkpt>
   <trkpt lat="51.036570000000005" lon="5.154750000000001">
    <ele>29.210000000000004</ele>
   </trkpt>
   <trkpt lat="51.036550000000005" lon="5.1550400000000005">
    <ele>29.540000000000003</ele>
   </trkpt>
   <trkpt lat="51.036606675722176" lon="5.156069997520648">
    <ele>29.69</ele>
   </trkpt>
   <trkpt lat="51.03666334239106" lon="5.1570999975607394">
    <ele>30.28</ele>
   </trkpt>
   <trkpt lat="51.03672" lon="5.158130000000001">
    <ele>30.92</ele>
   </trkpt>
   <trkpt lat="51.0367" lon="5.1588">
    <ele>31.090000000000003</ele>
   </trkpt>
   <trkpt lat="51.03663" lon="5.15976">
    <ele>31.64</ele>
   </trkpt>
   <trkpt lat="51.036620000000006" lon="5.1601300000000005">
    <ele>32.220000000000006</ele>
   </trkpt>
   <trkpt lat="51.036500000000004" lon="5.160170000000001">
    <ele>32.24</ele>
   </trkpt>
   <trkpt lat="51.03632" lon="5.1603200000000005">
    <ele>32.190000000000005</ele>
   </trkpt>
   <trkpt lat="51.03613000000001" lon="5.16052">
    <ele>32.410000000000004</ele>
   </trkpt>
   <trkpt lat="51.035970000000006" lon="5.16075">
    <ele>32.84</ele>
   </trkpt>
   <trkpt lat="51.035590000000006" lon="5.16145">
    <ele>34.54</ele>
   </trkpt>
   <trkpt lat="51.03523500214605" lon="5.162155005350699">
    <ele>35.61</ele>
   </trkpt>
   <trkpt lat="51.03488" lon="5.16286">
    <ele>36.480000000000004</ele>
   </trkpt>
   <trkpt lat="51.0347" lon="5.16321">
    <ele>36.95</ele>
   </trkpt>
   <trkpt lat="51.034130000000005" lon="5.1639100000000004">
    <ele>37.28</ele>
   </trkpt>
   <trkpt lat="51.03408" lon="5.164000000000001">
    <ele>37.38</ele>
   </trkpt>
   <trkpt lat="51.033350000000006" lon="5.164650000000001">
    <ele>37.57000000000001</ele>
   </trkpt>
   <trkpt lat="51.033060000000006" lon="5.16499">
    <ele>37.58</ele>
   </trkpt>
   <trkpt lat="51.03289" lon="5.16532">
    <ele>37.46</ele>
   </trkpt>
   <trkpt lat="51.03253" lon="5.16614">
    <ele>36.9</ele>
   </trkpt>
   <trkpt lat="51.032500000000006" lon="5.166270000000001">
    <ele>36.81</ele>
   </trkpt>
   <trkpt lat="51.032590000000006" lon="5.166300000000001">
    <ele>36.50000000000001</ele>
   </trkpt>
   <trkpt lat="51.032680000000006" lon="5.166390000000001">
    <ele>36.50000000000001</ele>
   </trkpt>
   <trkpt lat="51.032830000000004" lon="5.16662">
    <ele>35.980000000000004</ele>
   </trkpt>
   <trkpt lat="51.03282" lon="5.16662">
    <ele>35.980000000000004</ele>
   </trkpt>
   <trkpt lat="51.033346672213895" lon="5.167426648322557">
    <ele>35.04</ele>
   </trkpt>
   <trkpt lat="51.03387333887486" lon="5.168233314980174">
    <ele>34.440000000000005</ele>
   </trkpt>
   <trkpt lat="51.034400000000005" lon="5.169040000000001">
    <ele>34.04</ele>
   </trkpt>
   <trkpt lat="51.03436000000001" lon="5.16922">
    <ele>33.980000000000004</ele>
   </trkpt>
   <trkpt lat="51.03435" lon="5.16933">
    <ele>33.980000000000004</ele>
   </trkpt>
   <trkpt lat="51.03439" lon="5.16955">
    <ele>33.79</ele>
   </trkpt>
   <trkpt lat="51.034510000000004" lon="5.1699600000000006">
    <ele>33.54</ele>
   </trkpt>
   <trkpt lat="51.034940000000006" lon="5.17117">
    <ele>33.480000000000004</ele>
   </trkpt>
   <trkpt lat="51.035180000000004" lon="5.1721200000000005">
    <ele>33.32</ele>
   </trkpt>
   <trkpt lat="51.03532000490252" lon="5.173189996900311">
    <ele>33.2</ele>
   </trkpt>
   <trkpt lat="51.03546000000001" lon="5.17426">
    <ele>33.0</ele>
   </trkpt>
   <trkpt lat="51.03551" lon="5.174950000000001">
    <ele>32.79</ele>
   </trkpt>
   <trkpt lat="51.035520020808775" lon="5.176224999162682">
    <ele>32.449999999999996</ele>
   </trkpt>
   <trkpt lat="51.03553002774497" lon="5.177499998876427">
    <ele>32.14</ele>
   </trkpt>
   <trkpt lat="51.035540020808604" lon="5.178774999140471">
    <ele>32.03</ele>
   </trkpt>
   <trkpt lat="51.03555" lon="5.1800500000000005">
    <ele>32.150000000000006</ele>
   </trkpt>
   <trkpt lat="51.035610000000005" lon="5.1805">
    <ele>32.019999999999996</ele>
   </trkpt>
   <trkpt lat="51.035680000000006" lon="5.181">
    <ele>31.94</ele>
   </trkpt>
   <trkpt lat="51.03577000000001" lon="5.18135">
    <ele>31.94</ele>
   </trkpt>
   <trkpt lat="51.03602500306988" lon="5.182199995279345">
    <ele>31.61</ele>
   </trkpt>
   <trkpt lat="51.036280000000005" lon="5.183050000000001">
    <ele>31.62</ele>
   </trkpt>
   <trkpt lat="51.036370000000005" lon="5.18344">
    <ele>31.78</ele>
   </trkpt>
   <trkpt lat="51.03647" lon="5.18405">
    <ele>31.44</ele>
   </trkpt>
   <trkpt lat="51.03654500254171" lon="5.1848249985280965">
    <ele>31.240000000000002</ele>
   </trkpt>
   <trkpt lat="51.036620000000006" lon="5.1856">
    <ele>31.3</ele>
   </trkpt>
   <trkpt lat="51.03678000000001" lon="5.1862900000000005">
    <ele>31.490000000000002</ele>
   </trkpt>
   <trkpt lat="51.03680000000001" lon="5.1865000000000006">
    <ele>31.51</ele>
   </trkpt>
   <trkpt lat="51.03679" lon="5.186680000000001">
    <ele>31.51</ele>
   </trkpt>
   <trkpt lat="51.036680002278" lon="5.187415001925493">
    <ele>32.14</ele>
   </trkpt>
   <trkpt lat="51.036570000000005" lon="5.18815">
    <ele>33.24</ele>
   </trkpt>
   <trkpt lat="51.03656" lon="5.18836">
    <ele>33.24</ele>
   </trkpt>
   <trkpt lat="51.036570000000005" lon="5.18857">
    <ele>34.03</ele>
   </trkpt>
   <trkpt lat="51.03663" lon="5.188820000000001">
    <ele>34.7</ele>
   </trkpt>
   <trkpt lat="51.036820000000006" lon="5.18923">
    <ele>35.34</ele>
   </trkpt>
   <trkpt lat="51.03736500444862" lon="5.190254987879626">
    <ele>36.87</ele>
   </trkpt>
   <trkpt lat="51.037910000000004" lon="5.191280000000001">
    <ele>37.42</ele>
   </trkpt>
   <trkpt lat="51.038230000000006" lon="5.19176">
    <ele>35.63</ele>
   </trkpt>
   <trkpt lat="51.03821000000001" lon="5.19174">
    <ele>35.68</ele>
   </trkpt>
   <trkpt lat="51.03851" lon="5.19204">
    <ele>34.84</ele>
   </trkpt>
   <trkpt lat="51.03902000043125" lon="5.192299997210899">
    <ele>31.17</ele>
   </trkpt>
   <trkpt lat="51.039530000000006" lon="5.19256">
    <ele>29.94</ele>
   </trkpt>
   <trkpt lat="51.03979" lon="5.192780000000001">
    <ele>29.48</ele>
   </trkpt>
   <trkpt lat="51.039970000000004" lon="5.192970000000001">
    <ele>29.130000000000003</ele>
   </trkpt>
   <trkpt lat="51.040110000000006" lon="5.19317">
    <ele>29.05</ele>
   </trkpt>
   <trkpt lat="51.04044000122648" lon="5.19370999612474">
    <ele>28.84</ele>
   </trkpt>
   <trkpt lat="51.04077" lon="5.19425">
    <ele>28.85</ele>
   </trkpt>
   <trkpt lat="51.040850000000006" lon="5.19435">
    <ele>29.1</ele>
   </trkpt>
   <trkpt lat="51.04093" lon="5.19439">
    <ele>29.1</ele>
   </trkpt>
   <trkpt lat="51.04106" lon="5.194380000000001">
    <ele>29.060000000000002</ele>
   </trkpt>
   <trkpt lat="51.041525000207265" lon="5.194105002828436">
    <ele>29.42</ele>
   </trkpt>
   <trkpt lat="51.041990000000006" lon="5.19383">
    <ele>29.92</ele>
   </trkpt>
   <trkpt lat="51.04209000430042" lon="5.1948349977402595">
    <ele>29.110000000000003</ele>
   </trkpt>
   <trkpt lat="51.042190000000005" lon="5.1958400000000005">
    <ele>29.220000000000002</ele>
   </trkpt>
   <trkpt lat="51.04234" lon="5.19622">
    <ele>29.110000000000003</ele>
   </trkpt>
   <trkpt lat="51.042480000000005" lon="5.19669">
    <ele>28.89</ele>
   </trkpt>
   <trkpt lat="51.04262000000001" lon="5.197290000000001">
    <ele>28.84</ele>
   </trkpt>
   <trkpt lat="51.04267" lon="5.197590000000001">
    <ele>28.84</ele>
   </trkpt>
   <trkpt lat="51.04269000000001" lon="5.19796">
    <ele>28.970000000000002</ele>
   </trkpt>
   <trkpt lat="51.0427" lon="5.19908">
    <ele>28.790000000000003</ele>
   </trkpt>
   <trkpt lat="51.042640000000006" lon="5.19967">
    <ele>28.73</ele>
   </trkpt>
   <trkpt lat="51.042570000000005" lon="5.1999200000000005">
    <ele>28.700000000000003</ele>
   </trkpt>
   <trkpt lat="51.042570000000005" lon="5.199940000000001">
    <ele>28.700000000000003</ele>
   </trkpt>
   <trkpt lat="51.04231334222138" lon="5.2009600112623815">
    <ele>28.59</ele>
   </trkpt>
   <trkpt lat="51.04205667556466" lon="5.201980011222679">
    <ele>28.740000000000002</ele>
   </trkpt>
   <trkpt lat="51.0418" lon="5.203">
    <ele>28.68</ele>
   </trkpt>
   <trkpt lat="51.041740000000004" lon="5.20354">
    <ele>28.8</ele>
   </trkpt>
   <trkpt lat="51.04175000000001" lon="5.2038">
    <ele>28.8</ele>
   </trkpt>
   <trkpt lat="51.04186000000001" lon="5.20439">
    <ele>28.880000000000003</ele>
   </trkpt>
   <trkpt lat="51.0421100035057" lon="5.205294995156823">
    <ele>28.880000000000003</ele>
   </trkpt>
   <trkpt lat="51.04236" lon="5.206200000000001">
    <ele>29.14</ele>
   </trkpt>
   <trkpt lat="51.042460000000005" lon="5.20661">
    <ele>29.200000000000003</ele>
   </trkpt>
   <trkpt lat="51.04264000364757" lon="5.207539996166266">
    <ele>29.18</ele>
   </trkpt>
   <trkpt lat="51.042820000000006" lon="5.20847">
    <ele>29.25</ele>
   </trkpt>
   <trkpt lat="51.04321" lon="5.209560000000001">
    <ele>29.42</ele>
   </trkpt>
   <trkpt lat="51.043420000000005" lon="5.210400000000001">
    <ele>29.650000000000002</ele>
   </trkpt>
   <trkpt lat="51.04343" lon="5.21041">
    <ele>29.650000000000002</ele>
   </trkpt>
   <trkpt lat="51.04364" lon="5.211220000000001">
    <ele>30.54</ele>
   </trkpt>
   <trkpt lat="51.043730000000004" lon="5.21136">
    <ele>30.54</ele>
   </trkpt>
   <trkpt lat="51.043040000000005" lon="5.211600000000001">
    <ele>30.560000000000002</ele>
   </trkpt>
   <trkpt lat="51.042840000000005" lon="5.211600000000001">
    <ele>30.62</ele>
   </trkpt>
   <trkpt lat="51.04262000000001" lon="5.21154">
    <ele>30.820000000000004</ele>
   </trkpt>
   <trkpt lat="51.0421899999501" lon="5.211304997662746">
    <ele>30.92</ele>
   </trkpt>
   <trkpt lat="51.041760000000004" lon="5.21107">
    <ele>31.12</ele>
   </trkpt>
   <trkpt lat="51.04164" lon="5.21096">
    <ele>31.230000000000004</ele>
   </trkpt>
   <trkpt lat="51.041650000000004" lon="5.2109700000000005">
    <ele>31.230000000000004</ele>
   </trkpt>
   <trkpt lat="51.04148000000001" lon="5.21081">
    <ele>31.28</ele>
   </trkpt>
   <trkpt lat="51.04108" lon="5.21025">
    <ele>31.880000000000006</ele>
   </trkpt>
   <trkpt lat="51.040685001707814" lon="5.2096099944789485">
    <ele>32.650000000000006</ele>
   </trkpt>
   <trkpt lat="51.040290000000006" lon="5.208970000000001">
    <ele>33.86</ele>
   </trkpt>
   <trkpt lat="51.04012" lon="5.208600000000001">
    <ele>34.370000000000005</ele>
   </trkpt>
   <trkpt lat="51.039840000000005" lon="5.20779">
    <ele>35.78000000000001</ele>
   </trkpt>
   <trkpt lat="51.03972" lon="5.2075700000000005">
    <ele>35.78000000000001</ele>
   </trkpt>
   <trkpt lat="51.03958" lon="5.207380000000001">
    <ele>36.21000000000001</ele>
   </trkpt>
   <trkpt lat="51.03943" lon="5.2073">
    <ele>36.21000000000001</ele>
   </trkpt>
   <trkpt lat="51.03929" lon="5.207260000000001">
    <ele>37.2</ele>
   </trkpt>
   <trkpt lat="51.039190000000005" lon="5.207260000000001">
    <ele>37.2</ele>
   </trkpt>
   <trkpt lat="51.0386400001199" lon="5.2074900027744695">
    <ele>38.06</ele>
   </trkpt>
   <trkpt lat="51.038090000000004" lon="5.20772">
    <ele>39.43</ele>
   </trkpt>
   <trkpt lat="51.037940000000006" lon="5.207820000000001">
    <ele>39.589999999999996</ele>
   </trkpt>
   <trkpt lat="51.0377" lon="5.20805">
    <ele>39.5</ele>
   </trkpt>
   <trkpt lat="51.03741" lon="5.208410000000001">
    <ele>37.98</ele>
   </trkpt>
   <trkpt lat="51.03737" lon="5.20842">
    <ele>37.98</ele>
   </trkpt>
   <trkpt lat="51.037310000000005" lon="5.20837">
    <ele>37.14000000000001</ele>
   </trkpt>
   <trkpt lat="51.03716000000001" lon="5.208080000000001">
    <ele>35.5</ele>
   </trkpt>
   <trkpt lat="51.03698000000001" lon="5.207820000000001">
    <ele>34.64</ele>
   </trkpt>
   <trkpt lat="51.036860000000004" lon="5.207750000000001">
    <ele>34.0</ele>
   </trkpt>
   <trkpt lat="51.03658" lon="5.207630000000001">
    <ele>31.14</ele>
   </trkpt>
   <trkpt lat="51.036150000000006" lon="5.207400000000001">
    <ele>29.7</ele>
   </trkpt>
   <trkpt lat="51.036" lon="5.2073">
    <ele>28.73</ele>
   </trkpt>
   <trkpt lat="51.035880000000006" lon="5.20718">
    <ele>28.73</ele>
   </trkpt>
   <trkpt lat="51.03584000000001" lon="5.20716">
    <ele>28.73</ele>
   </trkpt>
   <trkpt lat="51.03577000000001" lon="5.2071700000000005">
    <ele>28.59</ele>
   </trkpt>
   <trkpt lat="51.035135001691685" lon="5.207810008826608">
    <ele>28.220000000000002</ele>
   </trkpt>
   <trkpt lat="51.0345" lon="5.20845">
    <ele>28.34</ele>
   </trkpt>
   <trkpt lat="51.0345" lon="5.20866">
    <ele>28.14</ele>
   </trkpt>
   <trkpt lat="51.03455" lon="5.2090000000000005">
    <ele>28.080000000000002</ele>
   </trkpt>
   <trkpt lat="51.03455" lon="5.209020000000001">
    <ele>28.080000000000002</ele>
   </trkpt>
   <trkpt lat="51.03448" lon="5.20969">
    <ele>28.180000000000003</ele>
   </trkpt>
   <trkpt lat="51.034400000000005" lon="5.20992">
    <ele>28.240000000000002</ele>
   </trkpt>
   <trkpt lat="51.03436000000001" lon="5.209960000000001">
    <ele>28.240000000000002</ele>
   </trkpt>
   <trkpt lat="51.034310000000005" lon="5.20997">
    <ele>28.1</ele>
   </trkpt>
   <trkpt lat="51.03417" lon="5.20995">
    <ele>27.970000000000002</ele>
   </trkpt>
   <trkpt lat="51.033460000000005" lon="5.209720000000001">
    <ele>27.330000000000002</ele>
   </trkpt>
   <trkpt lat="51.03322000000001" lon="5.209720000000001">
    <ele>27.44</ele>
   </trkpt>
   <trkpt lat="51.03293000000001" lon="5.209770000000001">
    <ele>27.450000000000003</ele>
   </trkpt>
   <trkpt lat="51.032680000000006" lon="5.20985">
    <ele>27.42</ele>
   </trkpt>
   <trkpt lat="51.032560000000004" lon="5.2099">
    <ele>27.42</ele>
   </trkpt>
   <trkpt lat="51.03257000000001" lon="5.2099">
    <ele>27.42</ele>
   </trkpt>
   <trkpt lat="51.03211000013638" lon="5.210125002272251">
    <ele>27.450000000000003</ele>
   </trkpt>
   <trkpt lat="51.031650000000006" lon="5.21035">
    <ele>27.6</ele>
   </trkpt>
   <trkpt lat="51.03132" lon="5.21065">
    <ele>27.89</ele>
   </trkpt>
   <trkpt lat="51.031270000000006" lon="5.21072">
    <ele>28.520000000000003</ele>
   </trkpt>
   <trkpt lat="51.03121" lon="5.21084">
    <ele>28.520000000000003</ele>
   </trkpt>
   <trkpt lat="51.03094" lon="5.2107">
    <ele>28.520000000000003</ele>
   </trkpt>
   <trkpt lat="51.03078000000001" lon="5.2105500000000005">
    <ele>28.5</ele>
   </trkpt>
   <trkpt lat="51.03065" lon="5.210450000000001">
    <ele>28.5</ele>
   </trkpt>
   <trkpt lat="51.030460000000005" lon="5.21035">
    <ele>28.450000000000003</ele>
   </trkpt>
   <trkpt lat="51.03041" lon="5.210260000000001">
    <ele>28.380000000000003</ele>
   </trkpt>
   <trkpt lat="51.030350000000006" lon="5.2102200000000005">
    <ele>28.32</ele>
   </trkpt>
   <trkpt lat="51.030330000000006" lon="5.210470000000001">
    <ele>28.360000000000003</ele>
   </trkpt>
   <trkpt lat="51.030530000000006" lon="5.21058">
    <ele>28.35</ele>
   </trkpt>
   <trkpt lat="51.0305" lon="5.2106900000000005">
    <ele>28.35</ele>
   </trkpt>
   <trkpt lat="51.0305" lon="5.2109000000000005">
    <ele>28.240000000000002</ele>
   </trkpt>
   <trkpt lat="51.03049000000001" lon="5.21119">
    <ele>28.0</ele>
   </trkpt>
   <trkpt lat="51.030440000000006" lon="5.21145">
    <ele>27.930000000000003</ele>
   </trkpt>
   <trkpt lat="51.03029" lon="5.21232">
    <ele>28.080000000000002</ele>
   </trkpt>
   <trkpt lat="51.03027" lon="5.21258">
    <ele>28.3</ele>
   </trkpt>
   <trkpt lat="51.03060000150721" lon="5.213149996150194">
    <ele>28.12</ele>
   </trkpt>
   <trkpt lat="51.030930000000005" lon="5.21372">
    <ele>28.5</ele>
   </trkpt>
   <trkpt lat="51.031490000000005" lon="5.21476">
    <ele>28.580000000000002</ele>
   </trkpt>
   <trkpt lat="51.03173" lon="5.21572">
    <ele>28.790000000000003</ele>
   </trkpt>
   <trkpt lat="51.031850000000006" lon="5.21602">
    <ele>28.790000000000003</ele>
   </trkpt>
   <trkpt lat="51.03242" lon="5.2171">
    <ele>28.610000000000003</ele>
   </trkpt>
   <trkpt lat="51.032540000000004" lon="5.21738">
    <ele>28.8</ele>
   </trkpt>
   <trkpt lat="51.03272500187814" lon="5.218049997190273">
    <ele>28.860000000000003</ele>
   </trkpt>
   <trkpt lat="51.03291" lon="5.21872">
    <ele>29.040000000000003</ele>
   </trkpt>
   <trkpt lat="51.033" lon="5.21896">
    <ele>29.09</ele>
   </trkpt>
   <trkpt lat="51.03340000208336" lon="5.21965999394494">
    <ele>29.32</ele>
   </trkpt>
   <trkpt lat="51.03380000000001" lon="5.22036">
    <ele>29.330000000000002</ele>
   </trkpt>
   <trkpt lat="51.03415000111437" lon="5.220869996154708">
    <ele>29.580000000000002</ele>
   </trkpt>
   <trkpt lat="51.0345" lon="5.221380000000001">
    <ele>29.540000000000003</ele>
   </trkpt>
   <trkpt lat="51.034510000000004" lon="5.221380000000001">
    <ele>29.540000000000003</ele>
   </trkpt>
   <trkpt lat="51.03483000000001" lon="5.221830000000001">
    <ele>29.59</ele>
   </trkpt>
   <trkpt lat="51.034890000000004" lon="5.22194">
    <ele>29.77</ele>
   </trkpt>
   <trkpt lat="51.03491" lon="5.22205">
    <ele>29.77</ele>
   </trkpt>
   <trkpt lat="51.034890000000004" lon="5.222200000000001">
    <ele>30.21</ele>
   </trkpt>
   <trkpt lat="51.034113334604584" lon="5.222590013086111">
    <ele>30.02</ele>
   </trkpt>
   <trkpt lat="51.033336667911136" lon="5.222980013099285">
    <ele>30.12</ele>
   </trkpt>
   <trkpt lat="51.032560000000004" lon="5.22337">
    <ele>30.03</ele>
   </trkpt>
   <trkpt lat="51.03195666750231" lon="5.22367667463452">
    <ele>30.09</ele>
   </trkpt>
   <trkpt lat="51.031353334201995" lon="5.2239833412842644">
    <ele>30.12</ele>
   </trkpt>
   <trkpt lat="51.030750000000005" lon="5.224290000000001">
    <ele>30.17</ele>
   </trkpt>
   <trkpt lat="51.03022500050777" lon="5.224565003018142">
    <ele>30.19</ele>
   </trkpt>
   <trkpt lat="51.029700000000005" lon="5.22484">
    <ele>30.2</ele>
   </trkpt>
   <trkpt lat="51.02905750138073" lon="5.225167513615598">
    <ele>30.160000000000004</ele>
   </trkpt>
   <trkpt lat="51.02841500184602" lon="5.225495018151225">
    <ele>30.17</ele>
   </trkpt>
   <trkpt lat="51.027772501396015" lon="5.225822513607331">
    <ele>29.540000000000003</ele>
   </trkpt>
   <trkpt lat="51.02713000000001" lon="5.2261500000000005">
    <ele>30.04</ele>
   </trkpt>
   <trkpt lat="51.027" lon="5.2255">
    <ele>29.970000000000002</ele>
   </trkpt>
   <trkpt lat="51.026205004898664" lon="5.225905048621609">
    <ele>29.43</ele>
   </trkpt>
   <trkpt lat="51.02541000839719" lon="5.226310083349808">
    <ele>29.810000000000002</ele>
   </trkpt>
   <trkpt lat="51.02461501049567" lon="5.226715104185441">
    <ele>29.560000000000002</ele>
   </trkpt>
   <trkpt lat="51.02382001119422" lon="5.227120111129357">
    <ele>29.820000000000004</ele>
   </trkpt>
   <trkpt lat="51.0230250104929" lon="5.2275251041824005">
    <ele>29.66</ele>
   </trkpt>
   <trkpt lat="51.022230008391816" lon="5.227930083345419">
    <ele>29.75</ele>
   </trkpt>
   <trkpt lat="51.02143500489104" lon="5.228335048619257">
    <ele>29.41</ele>
   </trkpt>
   <trkpt lat="51.02064000000001" lon="5.22874">
    <ele>30.080000000000002</ele>
   </trkpt>
   <trkpt lat="51.020500000000006" lon="5.22912">
    <ele>30.26</ele>
   </trkpt>
   <trkpt lat="51.020340000000004" lon="5.22937">
    <ele>30.26</ele>
   </trkpt>
   <trkpt lat="51.02022" lon="5.22954">
    <ele>30.26</ele>
   </trkpt>
   <trkpt lat="51.02002" lon="5.2297400000000005">
    <ele>30.320000000000004</ele>
   </trkpt>
   <trkpt lat="51.019470000000005" lon="5.230040000000001">
    <ele>30.38</ele>
   </trkpt>
   <trkpt lat="51.0189350002143" lon="5.230305003100035">
    <ele>30.410000000000004</ele>
   </trkpt>
   <trkpt lat="51.01840000000001" lon="5.23057">
    <ele>30.330000000000002</ele>
   </trkpt>
   <trkpt lat="51.01781666703153" lon="5.2307866721315435">
    <ele>30.35</ele>
   </trkpt>
   <trkpt lat="51.01723333366237" lon="5.23100333881143">
    <ele>30.900000000000002</ele>
   </trkpt>
   <trkpt lat="51.016650000000006" lon="5.23122">
    <ele>32.78</ele>
   </trkpt>
   <trkpt lat="51.01586" lon="5.231490000000001">
    <ele>35.94</ele>
   </trkpt>
   <trkpt lat="51.01587000000001" lon="5.231590000000001">
    <ele>35.67</ele>
   </trkpt>
   <trkpt lat="51.01538000000001" lon="5.23167">
    <ele>38.510000000000005</ele>
   </trkpt>
   <trkpt lat="51.01531000000001" lon="5.23174">
    <ele>38.510000000000005</ele>
   </trkpt>
   <trkpt lat="51.015260000000005" lon="5.23183">
    <ele>38.81</ele>
   </trkpt>
   <trkpt lat="51.015260000000005" lon="5.2319">
    <ele>38.81</ele>
   </trkpt>
   <trkpt lat="51.01512" lon="5.231940000000001">
    <ele>38.220000000000006</ele>
   </trkpt>
   <trkpt lat="51.015170000000005" lon="5.23217">
    <ele>38.330000000000005</ele>
   </trkpt>
   <trkpt lat="51.015305003189326" lon="5.233029997707044">
    <ele>39.720000000000006</ele>
   </trkpt>
   <trkpt lat="51.015440000000005" lon="5.233890000000001">
    <ele>39.66</ele>
   </trkpt>
   <trkpt lat="51.015580002818645" lon="5.2346949978755415">
    <ele>37.99</ele>
   </trkpt>
   <trkpt lat="51.01572" lon="5.2355">
    <ele>35.5</ele>
   </trkpt>
   <trkpt lat="51.015950000000004" lon="5.2365900000000005">
    <ele>33.39</ele>
   </trkpt>
   <trkpt lat="51.015690000000006" lon="5.23707">
    <ele>31.21</ele>
   </trkpt>
   <trkpt lat="51.015690000000006" lon="5.2370600000000005">
    <ele>31.22</ele>
   </trkpt>
   <trkpt lat="51.01558000000001" lon="5.2372700000000005">
    <ele>30.87</ele>
   </trkpt>
   <trkpt lat="51.015510000000006" lon="5.23744">
    <ele>30.720000000000002</ele>
   </trkpt>
   <trkpt lat="51.015350000000005" lon="5.23728">
    <ele>30.130000000000003</ele>
   </trkpt>
   <trkpt lat="51.01514" lon="5.23712">
    <ele>29.75</ele>
   </trkpt>
   <trkpt lat="51.01437000000001" lon="5.236700000000001">
    <ele>29.620000000000005</ele>
   </trkpt>
   <trkpt lat="51.01408000000001" lon="5.23648">
    <ele>29.84</ele>
   </trkpt>
   <trkpt lat="51.01351000136697" lon="5.235929993313222">
    <ele>29.52</ele>
   </trkpt>
   <trkpt lat="51.01294000000001" lon="5.23538">
    <ele>29.95</ele>
   </trkpt>
   <trkpt lat="51.01279" lon="5.2353000000000005">
    <ele>29.95</ele>
   </trkpt>
   <trkpt lat="51.01267000000001" lon="5.23528">
    <ele>29.95</ele>
   </trkpt>
   <trkpt lat="51.01252" lon="5.23531">
    <ele>29.960000000000004</ele>
   </trkpt>
   <trkpt lat="51.012040000000006" lon="5.23556">
    <ele>29.880000000000003</ele>
   </trkpt>
   <trkpt lat="51.01155500030026" lon="5.235810002597103">
    <ele>29.87</ele>
   </trkpt>
   <trkpt lat="51.011070000000004" lon="5.23606">
    <ele>29.910000000000004</ele>
   </trkpt>
   <trkpt lat="51.01090000000001" lon="5.23617">
    <ele>29.94</ele>
   </trkpt>
   <trkpt lat="51.01079000000001" lon="5.236280000000001">
    <ele>29.94</ele>
   </trkpt>
   <trkpt lat="51.01071" lon="5.236400000000001">
    <ele>29.94</ele>
   </trkpt>
   <trkpt lat="51.01057" lon="5.23674">
    <ele>30.070000000000004</ele>
   </trkpt>
   <trkpt lat="51.010270000000006" lon="5.238040000000001">
    <ele>34.36</ele>
   </trkpt>
   <trkpt lat="51.010180000000005" lon="5.23822">
    <ele>34.78</ele>
   </trkpt>
   <trkpt lat="51.010070000000006" lon="5.238270000000001">
    <ele>35.28000000000001</ele>
   </trkpt>
   <trkpt lat="51.009690000000006" lon="5.23833">
    <ele>35.370000000000005</ele>
   </trkpt>
   <trkpt lat="51.0095" lon="5.238320000000001">
    <ele>35.0</ele>
   </trkpt>
   <trkpt lat="51.00908000032396" lon="5.238004997072993">
    <ele>33.29</ele>
   </trkpt>
   <trkpt lat="51.008660000000006" lon="5.237690000000001">
    <ele>30.490000000000002</ele>
   </trkpt>
   <trkpt lat="51.00847" lon="5.237620000000001">
    <ele>30.11</ele>
   </trkpt>
   <trkpt lat="51.00829" lon="5.237590000000001">
    <ele>30.04</ele>
   </trkpt>
   <trkpt lat="51.00806000000001" lon="5.237620000000001">
    <ele>30.01</ele>
   </trkpt>
   <trkpt lat="51.007940000000005" lon="5.237660000000001">
    <ele>30.01</ele>
   </trkpt>
   <trkpt lat="51.00709200723362" lon="5.238094071406405">
    <ele>30.03</ele>
   </trkpt>
   <trkpt lat="51.00624401285906" lon="5.23852812694219">
    <ele>29.990000000000002</ele>
   </trkpt>
   <trkpt lat="51.005396016876404" lon="5.238962166608386">
    <ele>29.93</ele>
   </trkpt>
   <trkpt lat="51.0045480192858" lon="5.239396190406024">
    <ele>29.890000000000004</ele>
   </trkpt>
   <trkpt lat="51.00370002008732" lon="5.239830198336134">
    <ele>29.92</ele>
   </trkpt>
   <trkpt lat="51.0028520192811" lon="5.240264190399745">
    <ele>30.01</ele>
   </trkpt>
   <trkpt lat="51.002004016867225" lon="5.2406981665978885">
    <ele>30.070000000000004</ele>
   </trkpt>
   <trkpt lat="51.001156012845826" lon="5.241132126931595">
    <ele>30.09</ele>
   </trkpt>
   <trkpt lat="51.00030800721699" lon="5.241566071401893">
    <ele>29.35</ele>
   </trkpt>
   <trkpt lat="50.999460000000006" lon="5.242">
    <ele>29.59</ele>
   </trkpt>
   <trkpt lat="50.999320000000004" lon="5.242170000000001">
    <ele>29.77</ele>
   </trkpt>
   <trkpt lat="50.99924000000001" lon="5.242430000000001">
    <ele>30.36</ele>
   </trkpt>
   <trkpt lat="50.998960000000004" lon="5.2423">
    <ele>29.95</ele>
   </trkpt>
   <trkpt lat="50.99888000000001" lon="5.24228">
    <ele>29.84</ele>
   </trkpt>
   <trkpt lat="50.998760000000004" lon="5.24232">
    <ele>29.76</ele>
   </trkpt>
   <trkpt lat="50.99833" lon="5.242540000000001">
    <ele>29.85</ele>
   </trkpt>
   <trkpt lat="50.9981" lon="5.242540000000001">
    <ele>30.09</ele>
   </trkpt>
   <trkpt lat="50.99794000000001" lon="5.2426">
    <ele>30.080000000000002</ele>
   </trkpt>
   <trkpt lat="50.99795" lon="5.242590000000001">
    <ele>30.080000000000002</ele>
   </trkpt>
   <trkpt lat="50.99742500027762" lon="5.242850002947117">
    <ele>30.11</ele>
   </trkpt>
   <trkpt lat="50.996900000000004" lon="5.243110000000001">
    <ele>30.070000000000004</ele>
   </trkpt>
   <trkpt lat="50.99678" lon="5.24321">
    <ele>30.070000000000004</ele>
   </trkpt>
   <trkpt lat="50.99676" lon="5.24336">
    <ele>30.340000000000003</ele>
   </trkpt>
   <trkpt lat="50.996660000000006" lon="5.24354">
    <ele>30.400000000000002</ele>
   </trkpt>
   <trkpt lat="50.99645" lon="5.24403">
    <ele>30.18</ele>
   </trkpt>
   <trkpt lat="50.99644000000001" lon="5.24418">
    <ele>29.740000000000002</ele>
   </trkpt>
   <trkpt lat="50.99654500315073" lon="5.245044997690326">
    <ele>29.17</ele>
   </trkpt>
   <trkpt lat="50.99665" lon="5.24591">
    <ele>29.16</ele>
   </trkpt>
   <trkpt lat="50.99665" lon="5.246300000000001">
    <ele>29.14</ele>
   </trkpt>
   <trkpt lat="50.996590000000005" lon="5.246910000000001">
    <ele>29.0</ele>
   </trkpt>
   <trkpt lat="50.99658" lon="5.24723">
    <ele>28.970000000000002</ele>
   </trkpt>
   <trkpt lat="50.99662000000001" lon="5.247400000000001">
    <ele>28.89</ele>
   </trkpt>
   <trkpt lat="50.99682000000001" lon="5.24798">
    <ele>28.89</ele>
   </trkpt>
   <trkpt lat="50.99683" lon="5.248">
    <ele>28.900000000000002</ele>
   </trkpt>
   <trkpt lat="50.99692" lon="5.24826">
    <ele>28.900000000000002</ele>
   </trkpt>
   <trkpt lat="50.99694" lon="5.24837">
    <ele>29.16</ele>
   </trkpt>
   <trkpt lat="50.99692" lon="5.248600000000001">
    <ele>29.16</ele>
   </trkpt>
   <trkpt lat="50.996700000000004" lon="5.248640000000001">
    <ele>29.09</ele>
   </trkpt>
   <trkpt lat="50.99645" lon="5.2487900000000005">
    <ele>29.01</ele>
   </trkpt>
   <trkpt lat="50.99573000282326" lon="5.249615012894179">
    <ele>28.92</ele>
   </trkpt>
   <trkpt lat="50.99501000000001" lon="5.25044">
    <ele>28.98</ele>
   </trkpt>
   <trkpt lat="50.99474000000001" lon="5.25086">
    <ele>29.34</ele>
   </trkpt>
   <trkpt lat="50.994600000000005" lon="5.2511600000000005">
    <ele>29.560000000000002</ele>
   </trkpt>
   <trkpt lat="50.9945" lon="5.25143">
    <ele>29.560000000000002</ele>
   </trkpt>
   <trkpt lat="50.994330002334074" lon="5.252165002570065">
    <ele>30.09</ele>
   </trkpt>
   <trkpt lat="50.99416" lon="5.2529">
    <ele>30.740000000000002</ele>
   </trkpt>
   <trkpt lat="50.99412" lon="5.253290000000001">
    <ele>30.990000000000002</ele>
   </trkpt>
   <trkpt lat="50.994130000000006" lon="5.2536000000000005">
    <ele>30.990000000000002</ele>
   </trkpt>
   <trkpt lat="50.99416" lon="5.2538">
    <ele>31.46</ele>
   </trkpt>
   <trkpt lat="50.99432500202769" lon="5.254484997668144">
    <ele>31.540000000000006</ele>
   </trkpt>
   <trkpt lat="50.994490000000006" lon="5.255170000000001">
    <ele>31.96</ele>
   </trkpt>
   <trkpt lat="50.99466" lon="5.255750000000001">
    <ele>32.370000000000005</ele>
   </trkpt>
   <trkpt lat="50.99477" lon="5.256030000000001">
    <ele>32.370000000000005</ele>
   </trkpt>
   <trkpt lat="50.995290000000004" lon="5.257180000000001">
    <ele>32.480000000000004</ele>
   </trkpt>
   <trkpt lat="50.99544" lon="5.25738">
    <ele>32.46</ele>
   </trkpt>
   <trkpt lat="50.99577000000001" lon="5.25776">
    <ele>32.42</ele>
   </trkpt>
   <trkpt lat="50.995990000000006" lon="5.25811">
    <ele>32.18</ele>
   </trkpt>
   <trkpt lat="50.996350002664464" lon="5.258894993984815">
    <ele>32.019999999999996</ele>
   </trkpt>
   <trkpt lat="50.99671000000001" lon="5.25968">
    <ele>31.87</ele>
   </trkpt>
   <trkpt lat="50.996840000000006" lon="5.259860000000001">
    <ele>31.93</ele>
   </trkpt>
   <trkpt lat="50.99676" lon="5.2601">
    <ele>31.92</ele>
   </trkpt>
   <trkpt lat="50.996680000000005" lon="5.26055">
    <ele>31.64</ele>
   </trkpt>
   <trkpt lat="50.996550000000006" lon="5.26088">
    <ele>31.69</ele>
   </trkpt>
   <trkpt lat="50.996120000000005" lon="5.26159">
    <ele>32.07</ele>
   </trkpt>
   <trkpt lat="50.996120000000005" lon="5.2616000000000005">
    <ele>32.080000000000005</ele>
   </trkpt>
   <trkpt lat="50.99559000000001" lon="5.2625">
    <ele>32.620000000000005</ele>
   </trkpt>
   <trkpt lat="50.995340000000006" lon="5.26301">
    <ele>32.690000000000005</ele>
   </trkpt>
   <trkpt lat="50.99519" lon="5.2633600000000005">
    <ele>32.900000000000006</ele>
   </trkpt>
   <trkpt lat="50.995110000000004" lon="5.2636">
    <ele>33.11</ele>
   </trkpt>
   <trkpt lat="50.994890000000005" lon="5.26449">
    <ele>33.47</ele>
   </trkpt>
   <trkpt lat="50.99463" lon="5.26546">
    <ele>33.96</ele>
   </trkpt>
   <trkpt lat="50.994510000000005" lon="5.265840000000001">
    <ele>34.230000000000004</ele>
   </trkpt>
   <trkpt lat="50.99439" lon="5.26614">
    <ele>34.5</ele>
   </trkpt>
   <trkpt lat="50.994080000000004" lon="5.26674">
    <ele>35.14</ele>
   </trkpt>
   <trkpt lat="50.994040000000005" lon="5.26679">
    <ele>35.18</ele>
   </trkpt>
   <trkpt lat="50.99396" lon="5.26693">
    <ele>35.18</ele>
   </trkpt>
   <trkpt lat="50.993593340880246" lon="5.267870014843124">
    <ele>37.55</ele>
   </trkpt>
   <trkpt lat="50.99322667421765" lon="5.268810014832465">
    <ele>41.11</ele>
   </trkpt>
   <trkpt lat="50.99286000000001" lon="5.26975">
    <ele>43.86</ele>
   </trkpt>
   <trkpt lat="50.992830000000005" lon="5.26991">
    <ele>43.86</ele>
   </trkpt>
   <trkpt lat="50.99287" lon="5.270160000000001">
    <ele>44.78</ele>
   </trkpt>
   <trkpt lat="50.99273" lon="5.27027">
    <ele>46.02</ele>
   </trkpt>
   <trkpt lat="50.99250000000001" lon="5.2705">
    <ele>46.580000000000005</ele>
   </trkpt>
   <trkpt lat="50.992006669730316" lon="5.271096679321825">
    <ele>48.370000000000005</ele>
   </trkpt>
   <trkpt lat="50.99151333642149" lon="5.271693345958671">
    <ele>45.87</ele>
   </trkpt>
   <trkpt lat="50.991020000000006" lon="5.272290000000001">
    <ele>42.78</ele>
   </trkpt>
   <trkpt lat="50.99045" lon="5.27296">
    <ele>38.49</ele>
   </trkpt>
   <trkpt lat="50.990190000000005" lon="5.2732">
    <ele>37.76</ele>
   </trkpt>
   <trkpt lat="50.98989" lon="5.27339">
    <ele>35.58</ele>
   </trkpt>
   <trkpt lat="50.98917000106586" lon="5.2737500111889775">
    <ele>33.45</ele>
   </trkpt>
   <trkpt lat="50.98845000102534" lon="5.274110011209022">
    <ele>32.690000000000005</ele>
   </trkpt>
   <trkpt lat="50.987730000000006" lon="5.27447">
    <ele>32.07</ele>
   </trkpt>
   <trkpt lat="50.987660000000005" lon="5.27435">
    <ele>32.14</ele>
   </trkpt>
   <trkpt lat="50.98760000000001" lon="5.27435">
    <ele>32.080000000000005</ele>
   </trkpt>
   <trkpt lat="50.98753000000001" lon="5.2744100000000005">
    <ele>32.080000000000005</ele>
   </trkpt>
   <trkpt lat="50.98751000000001" lon="5.274520000000001">
    <ele>31.700000000000006</ele>
   </trkpt>
   <trkpt lat="50.98751000000001" lon="5.274570000000001">
    <ele>31.700000000000006</ele>
   </trkpt>
   <trkpt lat="50.986700000000006" lon="5.27498">
    <ele>30.660000000000004</ele>
   </trkpt>
   <trkpt lat="50.986140000000006" lon="5.275180000000001">
    <ele>30.310000000000002</ele>
   </trkpt>
   <trkpt lat="50.9859" lon="5.275250000000001">
    <ele>30.27</ele>
   </trkpt>
   <trkpt lat="50.985310000000005" lon="5.27529">
    <ele>30.430000000000003</ele>
   </trkpt>
   <trkpt lat="50.98485" lon="5.2752300000000005">
    <ele>30.63</ele>
   </trkpt>
   <trkpt lat="50.98443" lon="5.2751600000000005">
    <ele>30.63</ele>
   </trkpt>
   <trkpt lat="50.983850000000004" lon="5.275060000000001">
    <ele>30.69</ele>
   </trkpt>
   <trkpt lat="50.98382" lon="5.2755600000000005">
    <ele>30.94</ele>
   </trkpt>
   <trkpt lat="50.98377000000001" lon="5.2759100000000005">
    <ele>30.750000000000004</ele>
   </trkpt>
   <trkpt lat="50.983776679863205" lon="5.277153332865222">
    <ele>30.96</ele>
   </trkpt>
   <trkpt lat="50.98378334652927" lon="5.278396666087892">
    <ele>31.240000000000002</ele>
   </trkpt>
   <trkpt lat="50.983790000000006" lon="5.2796400000000006">
    <ele>31.490000000000002</ele>
   </trkpt>
   <trkpt lat="50.98382" lon="5.2807200000000005">
    <ele>31.86</ele>
   </trkpt>
   <trkpt lat="50.983540000000005" lon="5.28075">
    <ele>31.64</ele>
   </trkpt>
   <trkpt lat="50.9834" lon="5.2808">
    <ele>31.57</ele>
   </trkpt>
   <trkpt lat="50.98298000043445" lon="5.281115002841551">
    <ele>31.52</ele>
   </trkpt>
   <trkpt lat="50.98256000000001" lon="5.28143">
    <ele>31.76</ele>
   </trkpt>
   <trkpt lat="50.98196000183066" lon="5.281886678431818">
    <ele>32.080000000000005</ele>
   </trkpt>
   <trkpt lat="50.9813600018809" lon="5.282343345060049">
    <ele>32.050000000000004</ele>
   </trkpt>
   <trkpt lat="50.980760000000004" lon="5.282800000000001">
    <ele>31.96</ele>
   </trkpt>
   <trkpt lat="50.9806" lon="5.28289">
    <ele>31.96</ele>
   </trkpt>
   <trkpt lat="50.98035" lon="5.28293">
    <ele>31.96</ele>
   </trkpt>
   <trkpt lat="50.98021000000001" lon="5.282920000000001">
    <ele>31.87</ele>
   </trkpt>
   <trkpt lat="50.980180000000004" lon="5.28413">
    <ele>31.650000000000002</ele>
   </trkpt>
   <trkpt lat="50.980180000000004" lon="5.28415">
    <ele>31.650000000000002</ele>
   </trkpt>
   <trkpt lat="50.98017" lon="5.284680000000001">
    <ele>31.470000000000006</ele>
   </trkpt>
   <trkpt lat="50.98006" lon="5.28552">
    <ele>31.37</ele>
   </trkpt>
   <trkpt lat="50.98008" lon="5.28579">
    <ele>31.39</ele>
   </trkpt>
   <trkpt lat="50.980235005500894" lon="5.286924996225424">
    <ele>31.91</ele>
   </trkpt>
   <trkpt lat="50.98039000000001" lon="5.288060000000001">
    <ele>32.59</ele>
   </trkpt>
   <trkpt lat="50.98055" lon="5.289070000000001">
    <ele>32.29</ele>
   </trkpt>
   <trkpt lat="50.98073403093205" lon="5.290415978651116">
    <ele>33.120000000000005</ele>
   </trkpt>
   <trkpt lat="50.98091804639756" lon="5.291761967971926">
    <ele>33.78</ele>
   </trkpt>
   <trkpt lat="50.98110204639629" lon="5.293107967961692">
    <ele>34.02</ele>
   </trkpt>
   <trkpt lat="50.981286030928" lon="5.294453978619668">
    <ele>34.57</ele>
   </trkpt>
   <trkpt lat="50.98147" lon="5.295800000000001">
    <ele>34.99</ele>
   </trkpt>
   <trkpt lat="50.981550000000006" lon="5.2963000000000005">
    <ele>35.06</ele>
   </trkpt>
   <trkpt lat="50.98168500458182" lon="5.297334997061332">
    <ele>35.18</ele>
   </trkpt>
   <trkpt lat="50.981820000000006" lon="5.29837">
    <ele>35.49</ele>
   </trkpt>
   <trkpt lat="50.982003369678864" lon="5.299674974223757">
    <ele>35.61</ele>
   </trkpt>
   <trkpt lat="50.98218672481932" lon="5.300979958755487">
    <ele>35.74</ele>
   </trkpt>
   <trkpt lat="50.982370065421144" lon="5.302284953594519">
    <ele>35.83</ele>
   </trkpt>
   <trkpt lat="50.98255339148414" lon="5.3035899587401865">
    <ele>35.92</ele>
   </trkpt>
   <trkpt lat="50.9827367030081" lon="5.3048949741918205">
    <ele>36.08</ele>
   </trkpt>
   <trkpt lat="50.98292000000001" lon="5.3062000000000005">
    <ele>35.81</ele>
   </trkpt>
   <trkpt lat="50.98301000000001" lon="5.306850000000001">
    <ele>36.08</ele>
   </trkpt>
   <trkpt lat="50.98380000032534" lon="5.306643340377351">
    <ele>34.97</ele>
   </trkpt>
   <trkpt lat="50.98459000028606" lon="5.306436673721109">
    <ele>35.01</ele>
   </trkpt>
   <trkpt lat="50.985380000000006" lon="5.30623">
    <ele>35.08</ele>
   </trkpt>
   <trkpt lat="50.98592000000001" lon="5.30609">
    <ele>36.11</ele>
   </trkpt>
   <trkpt lat="50.98601000000001" lon="5.306640000000001">
    <ele>36.13</ele>
   </trkpt>
   <trkpt lat="50.98620000343396" lon="5.30753499640663">
    <ele>35.910000000000004</ele>
   </trkpt>
   <trkpt lat="50.98639000000001" lon="5.30843">
    <ele>35.83</ele>
   </trkpt>
   <trkpt lat="50.986510002081104" lon="5.309119998497457">
    <ele>35.68</ele>
   </trkpt>
   <trkpt lat="50.986630000000005" lon="5.309810000000001">
    <ele>35.75</ele>
   </trkpt>
   <trkpt lat="50.9868" lon="5.3112">
    <ele>35.69</ele>
   </trkpt>
   <trkpt lat="50.986810000000006" lon="5.31191">
    <ele>35.68</ele>
   </trkpt>
   <trkpt lat="50.98677000337508" lon="5.312800000898444">
    <ele>35.72</ele>
   </trkpt>
   <trkpt lat="50.98673" lon="5.31369">
    <ele>35.76</ele>
   </trkpt>
   <trkpt lat="50.98664500492954" lon="5.314765002008205">
    <ele>35.660000000000004</ele>
   </trkpt>
   <trkpt lat="50.986560000000004" lon="5.315840000000001">
    <ele>35.2</ele>
   </trkpt>
   <trkpt lat="50.98657000000001" lon="5.31608">
    <ele>35.2</ele>
   </trkpt>
   <trkpt lat="50.98662" lon="5.316540000000001">
    <ele>35.17</ele>
   </trkpt>
   <trkpt lat="50.986872519145344" lon="5.317762480089134">
    <ele>35.58</ele>
   </trkpt>
   <trkpt lat="50.98712502553271" lon="5.31898497347859">
    <ele>35.68</ele>
   </trkpt>
   <trkpt lat="50.987377519161804" lon="5.320207480167962">
    <ele>36.0</ele>
   </trkpt>
   <trkpt lat="50.98763" lon="5.32143">
    <ele>36.4</ele>
   </trkpt>
   <trkpt lat="50.98789718690289" lon="5.322741383289719">
    <ele>36.74</ele>
   </trkpt>
   <trkpt lat="50.98816435912482" lon="5.324052781676273">
    <ele>36.550000000000004</ele>
   </trkpt>
   <trkpt lat="50.98843151666544" lon="5.325364195159152">
    <ele>36.92</ele>
   </trkpt>
   <trkpt lat="50.98869865952448" lon="5.326675623737844">
    <ele>37.19</ele>
   </trkpt>
   <trkpt lat="50.988965787701595" lon="5.327987067411839">
    <ele>37.58</ele>
   </trkpt>
   <trkpt lat="50.98923290119651" lon="5.329298526180621">
    <ele>37.58</ele>
   </trkpt>
   <trkpt lat="50.98950000000001" lon="5.33061">
    <ele>38.080000000000005</ele>
   </trkpt>
   <trkpt lat="50.989540000000005" lon="5.33098">
    <ele>38.160000000000004</ele>
   </trkpt>
   <trkpt lat="50.98955" lon="5.33143">
    <ele>38.25000000000001</ele>
   </trkpt>
   <trkpt lat="50.989430000000006" lon="5.332520000000001">
    <ele>38.19</ele>
   </trkpt>
   <trkpt lat="50.989380000000004" lon="5.33333">
    <ele>38.3</ele>
   </trkpt>
   <trkpt lat="50.98942" lon="5.334720000000001">
    <ele>38.55</ele>
   </trkpt>
   <trkpt lat="50.98885500000687" lon="5.334935002689578">
    <ele>37.98</ele>
   </trkpt>
   <trkpt lat="50.988290000000006" lon="5.3351500000000005">
    <ele>38.080000000000005</ele>
   </trkpt>
   <trkpt lat="50.987590000000004" lon="5.335710000000001">
    <ele>37.93000000000001</ele>
   </trkpt>
   <trkpt lat="50.987010000000005" lon="5.336">
    <ele>37.480000000000004</ele>
   </trkpt>
   <trkpt lat="50.98647000039003" lon="5.336280003228531">
    <ele>37.35</ele>
   </trkpt>
   <trkpt lat="50.98593" lon="5.33656">
    <ele>37.480000000000004</ele>
   </trkpt>
   <trkpt lat="50.98623000549308" lon="5.337694992643603">
    <ele>37.57000000000001</ele>
   </trkpt>
   <trkpt lat="50.98653" lon="5.338830000000001">
    <ele>37.95</ele>
   </trkpt>
   <trkpt lat="50.986880012172136" lon="5.340023315390386">
    <ele>38.42</ele>
   </trkpt>
   <trkpt lat="50.9872300121877" lon="5.341216648776481">
    <ele>38.690000000000005</ele>
   </trkpt>
   <trkpt lat="50.98758" lon="5.34241">
    <ele>38.970000000000006</ele>
   </trkpt>
   <trkpt lat="50.9879400062424" lon="5.343614990803742">
    <ele>39.18000000000001</ele>
   </trkpt>
   <trkpt lat="50.9883" lon="5.34482">
    <ele>39.580000000000005</ele>
   </trkpt>
   <trkpt lat="50.98859" lon="5.345630000000001">
    <ele>39.769999999999996</ele>
   </trkpt>
   <trkpt lat="50.988965003148145" lon="5.346489993031949">
    <ele>39.790000000000006</ele>
   </trkpt>
   <trkpt lat="50.989340000000006" lon="5.3473500000000005">
    <ele>40.0</ele>
   </trkpt>
   <trkpt lat="50.989340000000006" lon="5.347340000000001">
    <ele>40.0</ele>
   </trkpt>
   <trkpt lat="50.989740000000005" lon="5.34827">
    <ele>40.730000000000004</ele>
   </trkpt>
   <trkpt lat="50.98955" lon="5.348680000000001">
    <ele>40.84</ele>
   </trkpt>
   <trkpt lat="50.9894" lon="5.34895">
    <ele>40.75</ele>
   </trkpt>
   <trkpt lat="50.989450000000005" lon="5.3490400000000005">
    <ele>40.730000000000004</ele>
   </trkpt>
   <trkpt lat="50.9896" lon="5.34905">
    <ele>40.74</ele>
   </trkpt>
   <trkpt lat="50.989740000000005" lon="5.349">
    <ele>40.86</ele>
   </trkpt>
   <trkpt lat="50.989940000000004" lon="5.348960000000001">
    <ele>40.86</ele>
   </trkpt>
   <trkpt lat="50.990320000000004" lon="5.34895">
    <ele>41.14</ele>
   </trkpt>
   <trkpt lat="50.990390000000005" lon="5.348960000000001">
    <ele>41.18</ele>
   </trkpt>
   <trkpt lat="50.99049" lon="5.34907">
    <ele>41.150000000000006</ele>
   </trkpt>
   <trkpt lat="50.9907150059243" lon="5.350244994467898">
    <ele>40.89</ele>
   </trkpt>
   <trkpt lat="50.99094" lon="5.35142">
    <ele>41.39</ele>
   </trkpt>
   <trkpt lat="50.991020000000006" lon="5.35175">
    <ele>41.54</ele>
   </trkpt>
   <trkpt lat="50.99126000250407" lon="5.352519995932988">
    <ele>41.7</ele>
   </trkpt>
   <trkpt lat="50.9915" lon="5.35329">
    <ele>42.22</ele>
   </trkpt>
   <trkpt lat="50.99176000966984" lon="5.354353321492468">
    <ele>42.300000000000004</ele>
   </trkpt>
   <trkpt lat="50.992020009687764" lon="5.3554166548989715">
    <ele>42.660000000000004</ele>
   </trkpt>
   <trkpt lat="50.99228" lon="5.35648">
    <ele>42.79</ele>
   </trkpt>
   <trkpt lat="50.9924" lon="5.356450000000001">
    <ele>42.79</ele>
   </trkpt>
   <trkpt lat="50.99246" lon="5.356490000000001">
    <ele>42.580000000000005</ele>
   </trkpt>
   <trkpt lat="50.992850000000004" lon="5.35719">
    <ele>42.65</ele>
   </trkpt>
   <trkpt lat="50.992850000000004" lon="5.3571800000000005">
    <ele>42.65</ele>
   </trkpt>
   <trkpt lat="50.993190000000006" lon="5.35777">
    <ele>43.13</ele>
   </trkpt>
   <trkpt lat="50.99345" lon="5.358090000000001">
    <ele>43.260000000000005</ele>
   </trkpt>
   <trkpt lat="50.99416" lon="5.35867">
    <ele>43.63</ele>
   </trkpt>
   <trkpt lat="50.99447000000001" lon="5.35897">
    <ele>43.63</ele>
   </trkpt>
   <trkpt lat="50.994780000000006" lon="5.359330000000001">
    <ele>43.81</ele>
   </trkpt>
   <trkpt lat="50.994960000000006" lon="5.359450000000001">
    <ele>43.93</ele>
   </trkpt>
   <trkpt lat="50.995140000000006" lon="5.359470000000001">
    <ele>43.93</ele>
   </trkpt>
   <trkpt lat="50.99528" lon="5.3594100000000005">
    <ele>43.93</ele>
   </trkpt>
   <trkpt lat="50.995360000000005" lon="5.359400000000001">
    <ele>43.93</ele>
   </trkpt>
   <trkpt lat="50.99548000000001" lon="5.3594100000000005">
    <ele>44.15</ele>
   </trkpt>
   <trkpt lat="50.99559000000001" lon="5.35949">
    <ele>44.15</ele>
   </trkpt>
   <trkpt lat="50.99562" lon="5.359570000000001">
    <ele>44.15</ele>
   </trkpt>
   <trkpt lat="50.995650000000005" lon="5.3596">
    <ele>44.15</ele>
   </trkpt>
   <trkpt lat="50.99579000000001" lon="5.359940000000001">
    <ele>44.42</ele>
   </trkpt>
   <trkpt lat="50.99602" lon="5.36061">
    <ele>44.54</ele>
   </trkpt>
   <trkpt lat="50.99602" lon="5.360600000000001">
    <ele>44.53000000000001</ele>
   </trkpt>
   <trkpt lat="50.99636" lon="5.3615900000000005">
    <ele>45.15</ele>
   </trkpt>
   <trkpt lat="50.99636" lon="5.3617300000000006">
    <ele>45.230000000000004</ele>
   </trkpt>
   <trkpt lat="50.996410000000004" lon="5.3619900000000005">
    <ele>45.45</ele>
   </trkpt>
   <trkpt lat="50.996410000000004" lon="5.36209">
    <ele>45.45</ele>
   </trkpt>
   <trkpt lat="50.99638" lon="5.362220000000001">
    <ele>45.84</ele>
   </trkpt>
   <trkpt lat="50.996320000000004" lon="5.362310000000001">
    <ele>45.84</ele>
   </trkpt>
   <trkpt lat="50.99631" lon="5.3627400000000005">
    <ele>46.1</ele>
   </trkpt>
   <trkpt lat="50.99644000000001" lon="5.362990000000001">
    <ele>45.96</ele>
   </trkpt>
   <trkpt lat="50.996460000000006" lon="5.3630700000000004">
    <ele>45.96</ele>
   </trkpt>
   <trkpt lat="50.996460000000006" lon="5.36331">
    <ele>45.84</ele>
   </trkpt>
   <trkpt lat="50.99653000000001" lon="5.3634200000000005">
    <ele>45.84</ele>
   </trkpt>
   <trkpt lat="50.996410000000004" lon="5.3639600000000005">
    <ele>45.69</ele>
   </trkpt>
   <trkpt lat="50.99627" lon="5.36432">
    <ele>45.69</ele>
   </trkpt>
   <trkpt lat="50.99571" lon="5.3653">
    <ele>45.43000000000001</ele>
   </trkpt>
   <trkpt lat="50.995300002236746" lon="5.366035006617603">
    <ele>45.22</ele>
   </trkpt>
   <trkpt lat="50.994890000000005" lon="5.366770000000001">
    <ele>45.28</ele>
   </trkpt>
   <trkpt lat="50.99475" lon="5.36692">
    <ele>45.410000000000004</ele>
   </trkpt>
   <trkpt lat="50.994710000000005" lon="5.366840000000001">
    <ele>45.410000000000004</ele>
   </trkpt>
   <trkpt lat="50.994640000000004" lon="5.36681">
    <ele>45.37</ele>
   </trkpt>
   <trkpt lat="50.994600000000005" lon="5.36683">
    <ele>45.37</ele>
   </trkpt>
   <trkpt lat="50.994550000000004" lon="5.366890000000001">
    <ele>45.37</ele>
   </trkpt>
   <trkpt lat="50.99454" lon="5.36704">
    <ele>45.39000000000001</ele>
   </trkpt>
   <trkpt lat="50.99427000000001" lon="5.3672">
    <ele>45.39000000000001</ele>
   </trkpt>
   <trkpt lat="50.994040000000005" lon="5.36749">
    <ele>45.19</ele>
   </trkpt>
   <trkpt lat="50.99380000000001" lon="5.3676">
    <ele>45.13</ele>
   </trkpt>
   <trkpt lat="50.99328000051458" lon="5.367900003286218">
    <ele>44.75000000000001</ele>
   </trkpt>
   <trkpt lat="50.992760000000004" lon="5.368200000000001">
    <ele>44.36</ele>
   </trkpt>
   <trkpt lat="50.992340000000006" lon="5.36831">
    <ele>43.57</ele>
   </trkpt>
   <trkpt lat="50.9915" lon="5.368220000000001">
    <ele>43.59</ele>
   </trkpt>
   <trkpt lat="50.99116" lon="5.36824">
    <ele>43.53000000000001</ele>
   </trkpt>
   <trkpt lat="50.990550000000006" lon="5.36779">
    <ele>43.440000000000005</ele>
   </trkpt>
   <trkpt lat="50.990460000000006" lon="5.367710000000001">
    <ele>43.440000000000005</ele>
   </trkpt>
   <trkpt lat="50.990370000000006" lon="5.36758">
    <ele>43.35000000000001</ele>
   </trkpt>
   <trkpt lat="50.99025" lon="5.3674800000000005">
    <ele>43.35000000000001</ele>
   </trkpt>
   <trkpt lat="50.989560000000004" lon="5.36737">
    <ele>43.38</ele>
   </trkpt>
   <trkpt lat="50.989340000000006" lon="5.367290000000001">
    <ele>43.550000000000004</ele>
   </trkpt>
   <trkpt lat="50.988980000000005" lon="5.36695">
    <ele>43.64000000000001</ele>
   </trkpt>
   <trkpt lat="50.988730000000004" lon="5.36681">
    <ele>43.74</ele>
   </trkpt>
   <trkpt lat="50.988490000000006" lon="5.36678">
    <ele>43.74</ele>
   </trkpt>
   <trkpt lat="50.98838000000001" lon="5.36681">
    <ele>43.74</ele>
   </trkpt>
   <trkpt lat="50.98790000007926" lon="5.366995001938845">
    <ele>43.82000000000001</ele>
   </trkpt>
   <trkpt lat="50.98742000000001" lon="5.36718">
    <ele>44.09</ele>
   </trkpt>
   <trkpt lat="50.986875000004915" lon="5.367245000764724">
    <ele>44.08</ele>
   </trkpt>
   <trkpt lat="50.98633" lon="5.367310000000001">
    <ele>44.35</ele>
   </trkpt>
   <trkpt lat="50.98608" lon="5.367330000000001">
    <ele>44.45</ele>
   </trkpt>
   <trkpt lat="50.985800000000005" lon="5.367290000000001">
    <ele>44.49</ele>
   </trkpt>
   <trkpt lat="50.985170000000004" lon="5.367050000000001">
    <ele>44.51</ele>
   </trkpt>
   <trkpt lat="50.98447" lon="5.366860000000001">
    <ele>44.61</ele>
   </trkpt>
   <trkpt lat="50.984480000000005" lon="5.366860000000001">
    <ele>44.61</ele>
   </trkpt>
   <trkpt lat="50.98366000000001" lon="5.366650000000001">
    <ele>44.56</ele>
   </trkpt>
   <trkpt lat="50.983670000000004" lon="5.3668700000000005">
    <ele>44.59</ele>
   </trkpt>
   <trkpt lat="50.98373" lon="5.367260000000001">
    <ele>44.63</ele>
   </trkpt>
   <trkpt lat="50.98371500640704" lon="5.368485000262702">
    <ele>44.94</ele>
   </trkpt>
   <trkpt lat="50.983700000000006" lon="5.36971">
    <ele>45.06</ele>
   </trkpt>
   <trkpt lat="50.983720000000005" lon="5.37004">
    <ele>45.12</ele>
   </trkpt>
   <trkpt lat="50.983760000000004" lon="5.370360000000001">
    <ele>45.290000000000006</ele>
   </trkpt>
   <trkpt lat="50.983830000000005" lon="5.370710000000001">
    <ele>45.38</ele>
   </trkpt>
   <trkpt lat="50.984120006178216" lon="5.371914992390589">
    <ele>45.68000000000001</ele>
   </trkpt>
   <trkpt lat="50.984410000000004" lon="5.37312">
    <ele>45.900000000000006</ele>
   </trkpt>
   <trkpt lat="50.98459500237932" lon="5.373869996923209">
    <ele>45.93000000000001</ele>
   </trkpt>
   <trkpt lat="50.98478" lon="5.37462">
    <ele>46.27</ele>
   </trkpt>
   <trkpt lat="50.984790000000004" lon="5.375100000000001">
    <ele>46.27</ele>
   </trkpt>
   <trkpt lat="50.984770000000005" lon="5.37513">
    <ele>46.27</ele>
   </trkpt>
   <trkpt lat="50.98474" lon="5.37523">
    <ele>46.26</ele>
   </trkpt>
   <trkpt lat="50.98461" lon="5.3756200000000005">
    <ele>46.26</ele>
   </trkpt>
   <trkpt lat="50.984590000000004" lon="5.37575">
    <ele>46.43000000000001</ele>
   </trkpt>
   <trkpt lat="50.98415002180534" lon="5.376880042831419">
    <ele>46.410000000000004</ele>
   </trkpt>
   <trkpt lat="50.98371003270923" lon="5.37801006424282">
    <ele>46.61000000000001</ele>
   </trkpt>
   <trkpt lat="50.98327003271205" lon="5.379140064234414">
    <ele>46.81</ele>
   </trkpt>
   <trkpt lat="50.98283002181416" lon="5.380270042806412">
    <ele>46.970000000000006</ele>
   </trkpt>
   <trkpt lat="50.98239" lon="5.3814">
    <ele>46.88</ele>
   </trkpt>
   <trkpt lat="50.982420000000005" lon="5.38145">
    <ele>46.95</ele>
   </trkpt>
   <trkpt lat="50.98282500447588" lon="5.380420009119124">
    <ele>46.96</ele>
   </trkpt>
   <trkpt lat="50.983230000000006" lon="5.379390000000001">
    <ele>46.75000000000001</ele>
   </trkpt>
   <trkpt lat="50.98337" lon="5.379040000000001">
    <ele>46.75000000000001</ele>
   </trkpt>
   <trkpt lat="50.9834" lon="5.378920000000001">
    <ele>46.75000000000001</ele>
   </trkpt>
   <trkpt lat="50.983810009238404" lon="5.377880018357545">
    <ele>46.68000000000001</ele>
   </trkpt>
   <trkpt lat="50.98422000924339" lon="5.376840018345243">
    <ele>46.49</ele>
   </trkpt>
   <trkpt lat="50.98463" lon="5.375800000000001">
    <ele>46.6</ele>
   </trkpt>
   <trkpt lat="50.984770000000005" lon="5.37551">
    <ele>46.50000000000001</ele>
   </trkpt>
   <trkpt lat="50.984840000000005" lon="5.37551">
    <ele>46.50000000000001</ele>
   </trkpt>
   <trkpt lat="50.984880000000004" lon="5.375570000000001">
    <ele>46.55</ele>
   </trkpt>
   <trkpt lat="50.98501" lon="5.375430000000001">
    <ele>46.540000000000006</ele>
   </trkpt>
   <trkpt lat="50.98500000000001" lon="5.37528">
    <ele>46.45</ele>
   </trkpt>
   <trkpt lat="50.98503" lon="5.375190000000001">
    <ele>46.45</ele>
   </trkpt>
   <trkpt lat="50.98498000000001" lon="5.3750100000000005">
    <ele>46.3</ele>
   </trkpt>
   <trkpt lat="50.9849" lon="5.3749400000000005">
    <ele>46.3</ele>
   </trkpt>
   <trkpt lat="50.984750000000005" lon="5.37495">
    <ele>46.26</ele>
   </trkpt>
   <trkpt lat="50.984750000000005" lon="5.37502">
    <ele>46.26</ele>
   </trkpt>
   <trkpt lat="50.984640000000006" lon="5.375380000000001">
    <ele>46.230000000000004</ele>
   </trkpt>
   <trkpt lat="50.98445" lon="5.37593">
    <ele>46.290000000000006</ele>
   </trkpt>
   <trkpt lat="50.984410000000004" lon="5.376110000000001">
    <ele>46.290000000000006</ele>
   </trkpt>
   <trkpt lat="50.98400001890231" lon="5.377162037147377">
    <ele>46.42</ele>
   </trkpt>
   <trkpt lat="50.98359002835624" lon="5.378214055713019">
    <ele>46.55</ele>
   </trkpt>
   <trkpt lat="50.98318002836207" lon="5.379266055697096">
    <ele>46.650000000000006</ele>
   </trkpt>
   <trkpt lat="50.98277001892012" lon="5.380318037099784">
    <ele>46.82</ele>
   </trkpt>
   <trkpt lat="50.98236000000001" lon="5.38137">
    <ele>46.82</ele>
   </trkpt>
   <trkpt lat="50.98209000000001" lon="5.38196">
    <ele>46.85</ele>
   </trkpt>
   <trkpt lat="50.981680000000004" lon="5.382790000000001">
    <ele>46.36000000000001</ele>
   </trkpt>
   <trkpt lat="50.981075004330066" lon="5.383795013064871">
    <ele>46.150000000000006</ele>
   </trkpt>
   <trkpt lat="50.980470000000004" lon="5.3848">
    <ele>45.71</ele>
   </trkpt>
   <trkpt lat="50.98004" lon="5.38553">
    <ele>46.50000000000001</ele>
   </trkpt>
   <trkpt lat="50.97999" lon="5.385560000000001">
    <ele>46.50000000000001</ele>
   </trkpt>
   <trkpt lat="50.97995" lon="5.38553">
    <ele>46.49</ele>
   </trkpt>
   <trkpt lat="50.97983000000001" lon="5.38558">
    <ele>46.49</ele>
   </trkpt>
   <trkpt lat="50.979820000000004" lon="5.38571">
    <ele>46.56</ele>
   </trkpt>
   <trkpt lat="50.979760000000006" lon="5.38586">
    <ele>46.56</ele>
   </trkpt>
   <trkpt lat="50.979710000000004" lon="5.3859200000000005">
    <ele>46.56</ele>
   </trkpt>
   <trkpt lat="50.97921000189021" lon="5.386610007626361">
    <ele>46.220000000000006</ele>
   </trkpt>
   <trkpt lat="50.97871000000001" lon="5.387300000000001">
    <ele>46.290000000000006</ele>
   </trkpt>
   <trkpt lat="50.978680000000004" lon="5.38738">
    <ele>46.290000000000006</ele>
   </trkpt>
   <trkpt lat="50.97851000000001" lon="5.387600000000001">
    <ele>46.2</ele>
   </trkpt>
   <trkpt lat="50.97834" lon="5.387840000000001">
    <ele>46.17</ele>
   </trkpt>
   <trkpt lat="50.97825" lon="5.38792">
    <ele>46.17</ele>
   </trkpt>
   <trkpt lat="50.977775001778845" lon="5.38857000668299">
    <ele>46.26</ele>
   </trkpt>
   <trkpt lat="50.97730000000001" lon="5.389220000000001">
    <ele>46.220000000000006</ele>
   </trkpt>
   <trkpt lat="50.97722" lon="5.38937">
    <ele>46.25000000000001</ele>
   </trkpt>
   <trkpt lat="50.97711" lon="5.3895100000000005">
    <ele>46.25000000000001</ele>
   </trkpt>
   <trkpt lat="50.976980000000005" lon="5.3897">
    <ele>46.230000000000004</ele>
   </trkpt>
   <trkpt lat="50.97690000000001" lon="5.38977">
    <ele>46.25000000000001</ele>
   </trkpt>
   <trkpt lat="50.97644000159855" lon="5.390395006284934">
    <ele>46.39</ele>
   </trkpt>
   <trkpt lat="50.97598000000001" lon="5.39102">
    <ele>46.62</ele>
   </trkpt>
   <trkpt lat="50.97576" lon="5.39135">
    <ele>46.57000000000001</ele>
   </trkpt>
   <trkpt lat="50.975530000000006" lon="5.391640000000001">
    <ele>46.62</ele>
   </trkpt>
   <trkpt lat="50.97500750635083" lon="5.392345023815902">
    <ele>46.43000000000001</ele>
   </trkpt>
   <trkpt lat="50.97448500845809" lon="5.3930500317670775">
    <ele>46.34</ele>
   </trkpt>
   <trkpt lat="50.973962506321996" lon="5.393755023854054">
    <ele>46.17</ele>
   </trkpt>
   <trkpt lat="50.973440000000004" lon="5.3944600000000005">
    <ele>46.39</ele>
   </trkpt>
   <trkpt lat="50.97336000000001" lon="5.3945300000000005">
    <ele>46.39</ele>
   </trkpt>
   <trkpt lat="50.97325000000001" lon="5.39456">
    <ele>46.31</ele>
   </trkpt>
   <trkpt lat="50.97314" lon="5.394640000000001">
    <ele>46.31</ele>
   </trkpt>
   <trkpt lat="50.973060000000004" lon="5.394780000000001">
    <ele>46.27</ele>
   </trkpt>
   <trkpt lat="50.973020000000005" lon="5.39501">
    <ele>46.27</ele>
   </trkpt>
   <trkpt lat="50.97296000000001" lon="5.395130000000001">
    <ele>46.27</ele>
   </trkpt>
   <trkpt lat="50.97278000000001" lon="5.395390000000001">
    <ele>46.03</ele>
   </trkpt>
   <trkpt lat="50.97276" lon="5.3955">
    <ele>46.03</ele>
   </trkpt>
   <trkpt lat="50.97222250664667" lon="5.396220024987836">
    <ele>45.730000000000004</ele>
   </trkpt>
   <trkpt lat="50.971685008867205" lon="5.396940033309912">
    <ele>45.660000000000004</ele>
   </trkpt>
   <trkpt lat="50.97114750666178" lon="5.397660024966796">
    <ele>45.660000000000004</ele>
   </trkpt>
   <trkpt lat="50.97061" lon="5.39838">
    <ele>45.410000000000004</ele>
   </trkpt>
   <trkpt lat="50.96989000000001" lon="5.399190000000001">
    <ele>45.290000000000006</ele>
   </trkpt>
   <trkpt lat="50.96961" lon="5.399430000000001">
    <ele>45.24</ele>
   </trkpt>
   <trkpt lat="50.969030000000004" lon="5.3999500000000005">
    <ele>45.32000000000001</ele>
   </trkpt>
   <trkpt lat="50.968970000000006" lon="5.39991">
    <ele>45.32000000000001</ele>
   </trkpt>
   <trkpt lat="50.968500000000006" lon="5.400510000000001">
    <ele>44.89000000000001</ele>
   </trkpt>
   <trkpt lat="50.96829" lon="5.40082">
    <ele>44.84</ele>
   </trkpt>
   <trkpt lat="50.967850000390044" lon="5.40110500267161">
    <ele>44.93000000000001</ele>
   </trkpt>
   <trkpt lat="50.96741" lon="5.40139">
    <ele>45.1</ele>
   </trkpt>
   <trkpt lat="50.96745000000001" lon="5.40157">
    <ele>45.2</ele>
   </trkpt>
   <trkpt lat="50.96772000000001" lon="5.4023900000000005">
    <ele>45.12</ele>
   </trkpt>
   <trkpt lat="50.96803000309136" lon="5.403254993940281">
    <ele>45.28</ele>
   </trkpt>
   <trkpt lat="50.968340000000005" lon="5.404120000000001">
    <ele>45.410000000000004</ele>
   </trkpt>
   <trkpt lat="50.968635004073825" lon="5.405104993517045">
    <ele>45.85</ele>
   </trkpt>
   <trkpt lat="50.96893000000001" lon="5.406090000000001">
    <ele>46.03</ele>
   </trkpt>
   <trkpt lat="50.969300000000004" lon="5.40739">
    <ele>46.34</ele>
   </trkpt>
   <trkpt lat="50.96956000401703" lon="5.4083599945716445">
    <ele>46.75000000000001</ele>
   </trkpt>
   <trkpt lat="50.969820000000006" lon="5.409330000000001">
    <ele>47.14</ele>
   </trkpt>
   <trkpt lat="50.970098019332745" lon="5.41039397453234">
    <ele>47.27</ele>
   </trkpt>
   <trkpt lat="50.97037602900018" lon="5.41145796180194">
    <ele>47.24</ele>
   </trkpt>
   <trkpt lat="50.970654029002105" lon="5.412521961808637">
    <ele>48.02</ele>
   </trkpt>
   <trkpt lat="50.97093201933829" lon="5.413585974552268">
    <ele>48.85</ele>
   </trkpt>
   <trkpt lat="50.971210000000006" lon="5.414650000000001">
    <ele>49.07</ele>
   </trkpt>
   <trkpt lat="50.97119000000001" lon="5.4148000000000005">
    <ele>49.1</ele>
   </trkpt>
   <trkpt lat="50.97115" lon="5.41488">
    <ele>49.1</ele>
   </trkpt>
   <trkpt lat="50.971340000000005" lon="5.415100000000001">
    <ele>49.32</ele>
   </trkpt>
   <trkpt lat="50.97148000000001" lon="5.415330000000001">
    <ele>49.400000000000006</ele>
   </trkpt>
   <trkpt lat="50.971940000000004" lon="5.41636">
    <ele>49.830000000000005</ele>
   </trkpt>
   <trkpt lat="50.972190000000005" lon="5.41682">
    <ele>49.910000000000004</ele>
   </trkpt>
   <trkpt lat="50.97254" lon="5.41734">
    <ele>49.81000000000001</ele>
   </trkpt>
   <trkpt lat="50.972790002376726" lon="5.418079996132319">
    <ele>50.370000000000005</ele>
   </trkpt>
   <trkpt lat="50.973040000000005" lon="5.41882">
    <ele>50.86</ele>
   </trkpt>
   <trkpt lat="50.97340501851891" lon="5.4200224716499035">
    <ele>51.43</ele>
   </trkpt>
   <trkpt lat="50.973770024692726" lon="5.421224962201984">
    <ele>51.93</ele>
   </trkpt>
   <trkpt lat="50.974135018521125" lon="5.422427471656145">
    <ele>52.64000000000001</ele>
   </trkpt>
   <trkpt lat="50.974500000000006" lon="5.42363">
    <ele>53.39000000000001</ele>
   </trkpt>
   <trkpt lat="50.974520000000005" lon="5.42384">
    <ele>53.49</ele>
   </trkpt>
   <trkpt lat="50.97464" lon="5.42429">
    <ele>53.51</ele>
   </trkpt>
   <trkpt lat="50.97467" lon="5.42476">
    <ele>53.85</ele>
   </trkpt>
   <trkpt lat="50.974650002802484" lon="5.425570000278222">
    <ele>54.03</ele>
   </trkpt>
   <trkpt lat="50.974630000000005" lon="5.426380000000001">
    <ele>54.32000000000001</ele>
   </trkpt>
   <trkpt lat="50.97466000000001" lon="5.42555">
    <ele>54.21</ele>
   </trkpt>
   <trkpt lat="50.97464" lon="5.42555">
    <ele>54.040000000000006</ele>
   </trkpt>
   <trkpt lat="50.974630000000005" lon="5.42628">
    <ele>54.35</ele>
   </trkpt>
   <trkpt lat="50.97458" lon="5.427230000000001">
    <ele>53.6</ele>
   </trkpt>
   <trkpt lat="50.97448000000001" lon="5.428240000000001">
    <ele>54.21</ele>
   </trkpt>
   <trkpt lat="50.974520000000005" lon="5.42825">
    <ele>54.27</ele>
   </trkpt>
   <trkpt lat="50.974590000000006" lon="5.428170000000001">
    <ele>54.330000000000005</ele>
   </trkpt>
   <trkpt lat="50.974940000000004" lon="5.428120000000001">
    <ele>54.61000000000001</ele>
   </trkpt>
   <trkpt lat="50.975080000000005" lon="5.42806">
    <ele>54.86000000000001</ele>
   </trkpt>
   <trkpt lat="50.97552" lon="5.427840000000001">
    <ele>55.02</ele>
   </trkpt>
   <trkpt lat="50.97551000000001" lon="5.427840000000001">
    <ele>55.02</ele>
   </trkpt>
   <trkpt lat="50.97581" lon="5.427700000000001">
    <ele>55.28</ele>
   </trkpt>
   <trkpt lat="50.975970000000004" lon="5.427650000000001">
    <ele>55.28</ele>
   </trkpt>
   <trkpt lat="50.976150000000004" lon="5.42764">
    <ele>55.56</ele>
   </trkpt>
   <trkpt lat="50.97634000000001" lon="5.42766">
    <ele>55.56</ele>
   </trkpt>
   <trkpt lat="50.97659" lon="5.42778">
    <ele>55.970000000000006</ele>
   </trkpt>
   <trkpt lat="50.976890000000004" lon="5.42799">
    <ele>56.46</ele>
   </trkpt>
   <trkpt lat="50.97750250284876" lon="5.428462481294263">
    <ele>57.400000000000006</ele>
   </trkpt>
   <trkpt lat="50.97811500379158" lon="5.428934975053384">
    <ele>58.370000000000005</ele>
   </trkpt>
   <trkpt lat="50.9787275028284" lon="5.429407481277923">
    <ele>59.38</ele>
   </trkpt>
   <trkpt lat="50.97934000000001" lon="5.429880000000001">
    <ele>60.29</ele>
   </trkpt>
   <trkpt lat="50.979530000000004" lon="5.430110000000001">
    <ele>60.690000000000005</ele>
   </trkpt>
   <trkpt lat="50.979780000000005" lon="5.4305">
    <ele>61.45</ele>
   </trkpt>
   <trkpt lat="50.979850000000006" lon="5.43067">
    <ele>61.35</ele>
   </trkpt>
   <trkpt lat="50.97984" lon="5.4309">
    <ele>61.540000000000006</ele>
   </trkpt>
   <trkpt lat="50.979890000000005" lon="5.43104">
    <ele>61.540000000000006</ele>
   </trkpt>
   <trkpt lat="50.97993" lon="5.431100000000001">
    <ele>61.540000000000006</ele>
   </trkpt>
   <trkpt lat="50.98001000000001" lon="5.4311300000000005">
    <ele>61.81</ele>
   </trkpt>
   <trkpt lat="50.980090000000004" lon="5.431120000000001">
    <ele>61.99</ele>
   </trkpt>
   <trkpt lat="50.9802" lon="5.431">
    <ele>62.07000000000001</ele>
   </trkpt>
   <trkpt lat="50.980230000000006" lon="5.43076">
    <ele>61.93000000000001</ele>
   </trkpt>
   <trkpt lat="50.9802" lon="5.43062">
    <ele>61.660000000000004</ele>
   </trkpt>
   <trkpt lat="50.980140000000006" lon="5.430540000000001">
    <ele>61.660000000000004</ele>
   </trkpt>
   <trkpt lat="50.980230000000006" lon="5.43008">
    <ele>62.14000000000001</ele>
   </trkpt>
   <trkpt lat="50.980340000000005" lon="5.43015">
    <ele>62.13</ele>
   </trkpt>
   <trkpt lat="50.980360000000005" lon="5.4302">
    <ele>62.150000000000006</ele>
   </trkpt>
   <trkpt lat="50.980340000000005" lon="5.4305900000000005">
    <ele>62.330000000000005</ele>
   </trkpt>
   <trkpt lat="50.980430000000005" lon="5.43085">
    <ele>62.85</ele>
   </trkpt>
   <trkpt lat="50.98068000000001" lon="5.43146">
    <ele>63.03</ele>
   </trkpt>
   <trkpt lat="50.981180004137116" lon="5.432449989246333">
    <ele>63.44000000000001</ele>
   </trkpt>
   <trkpt lat="50.981680000000004" lon="5.43344">
    <ele>67.51</ele>
   </trkpt>
   <trkpt lat="50.98183" lon="5.433820000000001">
    <ele>70.01</ele>
   </trkpt>
   <trkpt lat="50.98199" lon="5.43416">
    <ele>72.9</ele>
   </trkpt>
   <trkpt lat="50.98227000000001" lon="5.43463">
    <ele>74.96000000000001</ele>
   </trkpt>
   <trkpt lat="50.982710000000004" lon="5.4356100000000005">
    <ele>73.52</ele>
   </trkpt>
   <trkpt lat="50.98321000000001" lon="5.43658">
    <ele>73.87</ele>
   </trkpt>
   <trkpt lat="50.98337000205373" lon="5.437279997421962">
    <ele>73.95</ele>
   </trkpt>
   <trkpt lat="50.98353" lon="5.4379800000000005">
    <ele>74.50000000000001</ele>
   </trkpt>
   <trkpt lat="50.983610000000006" lon="5.4382">
    <ele>74.83000000000001</ele>
   </trkpt>
   <trkpt lat="50.983760000000004" lon="5.4384500000000005">
    <ele>74.99</ele>
   </trkpt>
   <trkpt lat="50.98427" lon="5.43944">
    <ele>76.27</ele>
   </trkpt>
   <trkpt lat="50.98472000336375" lon="5.440334991214069">
    <ele>76.96</ele>
   </trkpt>
   <trkpt lat="50.985170000000004" lon="5.44123">
    <ele>77.66000000000001</ele>
   </trkpt>
   <trkpt lat="50.98561500359349" lon="5.442149991140773">
    <ele>78.17</ele>
   </trkpt>
   <trkpt lat="50.98606" lon="5.4430700000000005">
    <ele>78.14</ele>
   </trkpt>
   <trkpt lat="50.98648001014145" lon="5.443959975838879">
    <ele>76.91000000000001</ele>
   </trkpt>
   <trkpt lat="50.98690001352114" lon="5.444849967782991">
    <ele>75.19000000000001</ele>
   </trkpt>
   <trkpt lat="50.987320010138845" lon="5.445739975832613">
    <ele>77.03</ele>
   </trkpt>
   <trkpt lat="50.98774" lon="5.446630000000001">
    <ele>78.62</ele>
   </trkpt>
   <trkpt lat="50.9881" lon="5.4474100000000005">
    <ele>79.15</ele>
   </trkpt>
   <trkpt lat="50.988200000000006" lon="5.44751">
    <ele>79.33000000000001</ele>
   </trkpt>
   <trkpt lat="50.98847000000001" lon="5.447500000000001">
    <ele>79.4</ele>
   </trkpt>
   <trkpt lat="50.98892000000001" lon="5.447430000000001">
    <ele>79.4</ele>
   </trkpt>
   <trkpt lat="50.98915" lon="5.447450000000001">
    <ele>79.4</ele>
   </trkpt>
   <trkpt lat="50.989320000000006" lon="5.44735">
    <ele>79.4</ele>
   </trkpt>
   <trkpt lat="50.989200000000004" lon="5.44753">
    <ele>79.53999999999999</ele>
   </trkpt>
   <trkpt lat="50.989050000000006" lon="5.447850000000001">
    <ele>79.21000000000001</ele>
   </trkpt>
   <trkpt lat="50.9895800000476" lon="5.4477950006244376">
    <ele>79.4</ele>
   </trkpt>
   <trkpt lat="50.99011" lon="5.4477400000000005">
    <ele>79.30000000000001</ele>
   </trkpt>
   <trkpt lat="50.99013" lon="5.4477400000000005">
    <ele>79.31</ele>
   </trkpt>
   <trkpt lat="50.99067000005759" lon="5.447685000635361">
    <ele>79.56</ele>
   </trkpt>
   <trkpt lat="50.99121" lon="5.44763">
    <ele>79.63000000000001</ele>
   </trkpt>
   <trkpt lat="50.9915" lon="5.44721">
    <ele>79.42</ele>
   </trkpt>
   <trkpt lat="50.991580000000006" lon="5.447220000000001">
    <ele>79.42</ele>
   </trkpt>
   <trkpt lat="50.99161" lon="5.44725">
    <ele>79.42</ele>
   </trkpt>
   <trkpt lat="50.99185000000001" lon="5.44775">
    <ele>79.41000000000001</ele>
   </trkpt>
   <trkpt lat="50.99188" lon="5.44777">
    <ele>79.41000000000001</ele>
   </trkpt>
   <trkpt lat="50.991980000000005" lon="5.447690000000001">
    <ele>79.28</ele>
   </trkpt>
   <trkpt lat="50.992020000000004" lon="5.44768">
    <ele>79.28</ele>
   </trkpt>
   <trkpt lat="50.992140000000006" lon="5.447870000000001">
    <ele>78.78</ele>
   </trkpt>
   <trkpt lat="50.99237" lon="5.44831">
    <ele>78.12</ele>
   </trkpt>
   <trkpt lat="50.992580000000004" lon="5.448860000000001">
    <ele>77.93</ele>
   </trkpt>
   <trkpt lat="50.99278" lon="5.4492400000000005">
    <ele>77.97000000000001</ele>
   </trkpt>
   <trkpt lat="50.993030000000005" lon="5.449820000000001">
    <ele>77.9</ele>
   </trkpt>
   <trkpt lat="50.99315000000001" lon="5.450030000000001">
    <ele>77.84</ele>
   </trkpt>
   <trkpt lat="50.99333000000001" lon="5.4504">
    <ele>77.83000000000001</ele>
   </trkpt>
   <trkpt lat="50.9936" lon="5.451020000000001">
    <ele>77.99000000000001</ele>
   </trkpt>
   <trkpt lat="50.99372" lon="5.45119">
    <ele>78.12</ele>
   </trkpt>
   <trkpt lat="50.99378" lon="5.451300000000001">
    <ele>78.0</ele>
   </trkpt>
   <trkpt lat="50.993770000000005" lon="5.4516100000000005">
    <ele>77.84</ele>
   </trkpt>
   <trkpt lat="50.99380000000001" lon="5.451720000000001">
    <ele>77.84</ele>
   </trkpt>
   <trkpt lat="50.99411000188982" lon="5.4523899954678265">
    <ele>77.51</ele>
   </trkpt>
   <trkpt lat="50.994420000000005" lon="5.453060000000001">
    <ele>76.89</ele>
   </trkpt>
   <trkpt lat="50.99474500189656" lon="5.453719995453637">
    <ele>76.89</ele>
   </trkpt>
   <trkpt lat="50.995070000000005" lon="5.4543800000000005">
    <ele>77.07</ele>
   </trkpt>
   <trkpt lat="50.99521000000001" lon="5.45443">
    <ele>76.98</ele>
   </trkpt>
   <trkpt lat="50.995250000000006" lon="5.454420000000001">
    <ele>76.98</ele>
   </trkpt>
   <trkpt lat="50.99542" lon="5.45502">
    <ele>76.72000000000001</ele>
   </trkpt>
   <trkpt lat="50.99542" lon="5.45511">
    <ele>76.72000000000001</ele>
   </trkpt>
   <trkpt lat="50.99533" lon="5.45549">
    <ele>76.51</ele>
   </trkpt>
   <trkpt lat="50.995270000000005" lon="5.455640000000001">
    <ele>76.49</ele>
   </trkpt>
   <trkpt lat="50.99577000441798" lon="5.45665998896359">
    <ele>75.56</ele>
   </trkpt>
   <trkpt lat="50.99627" lon="5.457680000000001">
    <ele>73.66</ele>
   </trkpt>
   <trkpt lat="50.99644000000001" lon="5.4581100000000005">
    <ele>73.08</ele>
   </trkpt>
   <trkpt lat="50.996520000000004" lon="5.45852">
    <ele>72.41</ele>
   </trkpt>
   <trkpt lat="50.99654" lon="5.458970000000001">
    <ele>71.83</ele>
   </trkpt>
   <trkpt lat="50.99653000000001" lon="5.459440000000001">
    <ele>71.74000000000001</ele>
   </trkpt>
   <trkpt lat="50.996500000000005" lon="5.459560000000001">
    <ele>71.65</ele>
   </trkpt>
   <trkpt lat="50.99645" lon="5.45997">
    <ele>71.78000000000002</ele>
   </trkpt>
   <trkpt lat="50.996390000000005" lon="5.460190000000001">
    <ele>72.07000000000001</ele>
   </trkpt>
   <trkpt lat="50.996280000000006" lon="5.46046">
    <ele>72.78000000000002</ele>
   </trkpt>
   <trkpt lat="50.996140000000004" lon="5.46067">
    <ele>73.10000000000001</ele>
   </trkpt>
   <trkpt lat="50.996050000000004" lon="5.46079">
    <ele>73.10000000000001</ele>
   </trkpt>
   <trkpt lat="50.995940000000004" lon="5.461010000000001">
    <ele>73.92</ele>
   </trkpt>
   <trkpt lat="50.995830000000005" lon="5.461290000000001">
    <ele>74.43</ele>
   </trkpt>
   <trkpt lat="50.99571" lon="5.461810000000001">
    <ele>74.76</ele>
   </trkpt>
   <trkpt lat="50.99568000000001" lon="5.46239">
    <ele>75.23</ele>
   </trkpt>
   <trkpt lat="50.99569" lon="5.46264">
    <ele>75.38</ele>
   </trkpt>
   <trkpt lat="50.99575500252109" lon="5.463409998809309">
    <ele>76.57000000000001</ele>
   </trkpt>
   <trkpt lat="50.99582" lon="5.464180000000001">
    <ele>77.36000000000001</ele>
   </trkpt>
   <trkpt lat="50.99582" lon="5.46417">
    <ele>77.34</ele>
   </trkpt>
   <trkpt lat="50.99589" lon="5.464670000000001">
    <ele>77.77000000000001</ele>
   </trkpt>
   <trkpt lat="50.99597000000001" lon="5.4649600000000005">
    <ele>78.06</ele>
   </trkpt>
   <trkpt lat="50.99609" lon="5.465700000000001">
    <ele>78.62</ele>
   </trkpt>
   <trkpt lat="50.99622" lon="5.46635">
    <ele>78.74000000000001</ele>
   </trkpt>
   <trkpt lat="50.99644000299311" lon="5.467199995620125">
    <ele>78.82</ele>
   </trkpt>
   <trkpt lat="50.996660000000006" lon="5.468050000000001">
    <ele>78.67999999999999</ele>
   </trkpt>
   <trkpt lat="50.996860000000005" lon="5.4687">
    <ele>78.71</ele>
   </trkpt>
   <trkpt lat="50.99709000000001" lon="5.46935">
    <ele>78.53</ele>
   </trkpt>
   <trkpt lat="50.9975" lon="5.47041">
    <ele>78.37</ele>
   </trkpt>
   <trkpt lat="50.99765000000001" lon="5.47076">
    <ele>78.29</ele>
   </trkpt>
   <trkpt lat="50.997800000000005" lon="5.47104">
    <ele>78.26</ele>
   </trkpt>
   <trkpt lat="50.998020000000004" lon="5.471380000000001">
    <ele>78.16000000000001</ele>
   </trkpt>
   <trkpt lat="50.99821000000001" lon="5.47163">
    <ele>78.16000000000001</ele>
   </trkpt>
   <trkpt lat="50.99871" lon="5.47229">
    <ele>78.02000000000001</ele>
   </trkpt>
   <trkpt lat="50.998850000000004" lon="5.47254">
    <ele>78.24000000000001</ele>
   </trkpt>
   <trkpt lat="50.99895" lon="5.472770000000001">
    <ele>78.51</ele>
   </trkpt>
   <trkpt lat="50.999050000000004" lon="5.47264">
    <ele>78.67999999999999</ele>
   </trkpt>
   <trkpt lat="50.99913" lon="5.4727500000000004">
    <ele>78.69000000000001</ele>
   </trkpt>
   <trkpt lat="50.99922" lon="5.47276">
    <ele>78.74000000000001</ele>
   </trkpt>
   <trkpt lat="50.9994" lon="5.472600000000001">
    <ele>78.97000000000001</ele>
   </trkpt>
   <trkpt lat="50.99969" lon="5.4722100000000005">
    <ele>78.63000000000001</ele>
   </trkpt>
   <trkpt lat="50.99974" lon="5.472320000000001">
    <ele>78.47000000000001</ele>
   </trkpt>
   <trkpt lat="50.99980000000001" lon="5.47226">
    <ele>78.47000000000001</ele>
   </trkpt>
   <trkpt lat="50.999900000000004" lon="5.47224">
    <ele>78.1</ele>
   </trkpt>
   <trkpt lat="50.99996" lon="5.47226">
    <ele>78.1</ele>
   </trkpt>
   <trkpt lat="50.999990000000004" lon="5.47212">
    <ele>78.13000000000001</ele>
   </trkpt>
   <trkpt lat="51.00003" lon="5.47198">
    <ele>78.17999999999999</ele>
   </trkpt>
   <trkpt lat="51.000040000000006" lon="5.47203">
    <ele>78.04</ele>
   </trkpt>
   <trkpt lat="51.00003" lon="5.47222">
    <ele>77.73</ele>
   </trkpt>
   <trkpt lat="51.000640000000004" lon="5.47325">
    <ele>77.57</ele>
   </trkpt>
   <trkpt lat="51.00003" lon="5.47222">
    <ele>77.73</ele>
   </trkpt>
   <trkpt lat="51.000040000000006" lon="5.47203">
    <ele>78.04</ele>
   </trkpt>
   <trkpt lat="51.00003" lon="5.47198">
    <ele>78.17999999999999</ele>
   </trkpt>
   <trkpt lat="50.999990000000004" lon="5.47212">
    <ele>78.13000000000001</ele>
   </trkpt>
   <trkpt lat="50.99996" lon="5.47226">
    <ele>78.1</ele>
   </trkpt>
   <trkpt lat="51.00005" lon="5.47238">
    <ele>77.81</ele>
   </trkpt>
   <trkpt lat="51.0006354953036" lon="5.473357149403777">
    <ele>77.30000000000001</ele>
   </trkpt>
   <trkpt lat="51.00122098245674" lon="5.474334323469925">
    <ele>77.58000000000001</ele>
   </trkpt>
   <trkpt lat="51.00180646145905" lon="5.475311522199241">
    <ele>77.89</ele>
   </trkpt>
   <trkpt lat="51.002391932310104" lon="5.476288745592518">
    <ele>78.51</ele>
   </trkpt>
   <trkpt lat="51.002977395009594" lon="5.47726599365055">
    <ele>78.72000000000001</ele>
   </trkpt>
   <trkpt lat="51.003562849557106" lon="5.4782432663741325">
    <ele>79.07</ele>
   </trkpt>
   <trkpt lat="51.00414829595225" lon="5.479220563764058">
    <ele>79.24000000000001</ele>
   </trkpt>
   <trkpt lat="51.0047337341947" lon="5.4801978858211235">
    <ele>79.12</ele>
   </trkpt>
   <trkpt lat="51.005319164284" lon="5.481175232546122">
    <ele>78.29</ele>
   </trkpt>
   <trkpt lat="51.005904586219856" lon="5.482152603939849">
    <ele>77.38000000000001</ele>
   </trkpt>
   <trkpt lat="51.00649000000001" lon="5.48313">
    <ele>76.75000000000001</ele>
   </trkpt>
   <trkpt lat="51.006780000000006" lon="5.483580000000001">
    <ele>75.80000000000001</ele>
   </trkpt>
   <trkpt lat="51.007180000000005" lon="5.48406">
    <ele>75.65</ele>
   </trkpt>
   <trkpt lat="51.00755000087948" lon="5.484464996965859">
    <ele>75.27</ele>
   </trkpt>
   <trkpt lat="51.007920000000006" lon="5.484870000000001">
    <ele>74.99</ele>
   </trkpt>
   <trkpt lat="51.007920000000006" lon="5.48486">
    <ele>75.00000000000001</ele>
   </trkpt>
   <trkpt lat="51.008050000000004" lon="5.485010000000001">
    <ele>74.78</ele>
   </trkpt>
   <trkpt lat="51.008190000000006" lon="5.48524">
    <ele>74.79</ele>
   </trkpt>
   <trkpt lat="51.00831" lon="5.48552">
    <ele>74.86000000000001</ele>
   </trkpt>
   <trkpt lat="51.008340000000004" lon="5.48564">
    <ele>75.22000000000001</ele>
   </trkpt>
   <trkpt lat="51.008390000000006" lon="5.485740000000001">
    <ele>75.22000000000001</ele>
   </trkpt>
   <trkpt lat="51.00831" lon="5.48594">
    <ele>75.43</ele>
   </trkpt>
   <trkpt lat="51.00838" lon="5.4860500000000005">
    <ele>75.43</ele>
   </trkpt>
   <trkpt lat="51.00849" lon="5.486160000000001">
    <ele>75.45</ele>
   </trkpt>
   <trkpt lat="51.00871" lon="5.485620000000001">
    <ele>75.18</ele>
   </trkpt>
   <trkpt lat="51.00920000000001" lon="5.48472">
    <ele>75.11000000000001</ele>
   </trkpt>
   <trkpt lat="51.009370000000004" lon="5.484500000000001">
    <ele>75.18</ele>
   </trkpt>
   <trkpt lat="51.00949000000001" lon="5.484430000000001">
    <ele>75.27</ele>
   </trkpt>
   <trkpt lat="51.00959" lon="5.48432">
    <ele>75.28</ele>
   </trkpt>
   <trkpt lat="51.00976000000001" lon="5.484070000000001">
    <ele>75.32000000000001</ele>
   </trkpt>
   <trkpt lat="51.010110000000005" lon="5.48376">
    <ele>75.12</ele>
   </trkpt>
   <trkpt lat="51.0103" lon="5.483720000000001">
    <ele>75.04</ele>
   </trkpt>
   <trkpt lat="51.010470000000005" lon="5.48362">
    <ele>75.02</ele>
   </trkpt>
   <trkpt lat="51.01089" lon="5.48345">
    <ele>75.11000000000001</ele>
   </trkpt>
   <trkpt lat="51.01138" lon="5.483370000000001">
    <ele>75.14000000000001</ele>
   </trkpt>
   <trkpt lat="51.011900000000004" lon="5.48338">
    <ele>75.18</ele>
   </trkpt>
   <trkpt lat="51.012220000000006" lon="5.48345">
    <ele>75.01</ele>
   </trkpt>
   <trkpt lat="51.012330000000006" lon="5.48341">
    <ele>75.01</ele>
   </trkpt>
   <trkpt lat="51.01265" lon="5.48355">
    <ele>74.92</ele>
   </trkpt>
   <trkpt lat="51.012910000000005" lon="5.48369">
    <ele>74.92</ele>
   </trkpt>
   <trkpt lat="51.01335" lon="5.484050000000001">
    <ele>75.07000000000001</ele>
   </trkpt>
   <trkpt lat="51.013850000000005" lon="5.4846">
    <ele>75.11000000000001</ele>
   </trkpt>
   <trkpt lat="51.014300000000006" lon="5.48528">
    <ele>75.49</ele>
   </trkpt>
   <trkpt lat="51.01433" lon="5.4852300000000005">
    <ele>75.39000000000001</ele>
   </trkpt>
   <trkpt lat="51.014430000000004" lon="5.4853700000000005">
    <ele>75.48</ele>
   </trkpt>
   <trkpt lat="51.01465" lon="5.48557">
    <ele>75.48</ele>
   </trkpt>
   <trkpt lat="51.014880000000005" lon="5.485720000000001">
    <ele>75.42</ele>
   </trkpt>
   <trkpt lat="51.01511000000001" lon="5.485950000000001">
    <ele>75.88</ele>
   </trkpt>
   <trkpt lat="51.015170000000005" lon="5.48604">
    <ele>75.88</ele>
   </trkpt>
   <trkpt lat="51.015170000000005" lon="5.486140000000001">
    <ele>75.88</ele>
   </trkpt>
   <trkpt lat="51.015190000000004" lon="5.48625">
    <ele>75.65</ele>
   </trkpt>
   <trkpt lat="51.015240000000006" lon="5.486350000000001">
    <ele>75.65</ele>
   </trkpt>
   <trkpt lat="51.0153" lon="5.486420000000001">
    <ele>75.65</ele>
   </trkpt>
   <trkpt lat="51.01541" lon="5.486470000000001">
    <ele>75.47000000000001</ele>
   </trkpt>
   <trkpt lat="51.015570000000004" lon="5.48639">
    <ele>75.4</ele>
   </trkpt>
   <trkpt lat="51.01577" lon="5.48625">
    <ele>75.24</ele>
   </trkpt>
   <trkpt lat="51.01619" lon="5.485830000000001">
    <ele>75.06</ele>
   </trkpt>
   <trkpt lat="51.016490000000005" lon="5.48542">
    <ele>74.85</ele>
   </trkpt>
   <trkpt lat="51.01666" lon="5.485130000000001">
    <ele>74.85</ele>
   </trkpt>
   <trkpt lat="51.01677" lon="5.4849000000000006">
    <ele>74.88</ele>
   </trkpt>
   <trkpt lat="51.01688000000001" lon="5.484590000000001">
    <ele>75.04</ele>
   </trkpt>
   <trkpt lat="51.017050000000005" lon="5.4840800000000005">
    <ele>75.14000000000001</ele>
   </trkpt>
   <trkpt lat="51.01738334508069" lon="5.482906683545639">
    <ele>75.56</ele>
   </trkpt>
   <trkpt lat="51.01771667841154" lon="5.481733350221385">
    <ele>75.78</ele>
   </trkpt>
   <trkpt lat="51.01805" lon="5.4805600000000005">
    <ele>75.96</ele>
   </trkpt>
   <trkpt lat="51.01823" lon="5.479970000000001">
    <ele>76.07000000000001</ele>
   </trkpt>
   <trkpt lat="51.01863254751565" lon="5.4787088266472415">
    <ele>76.51</ele>
   </trkpt>
   <trkpt lat="51.019035081456025" lon="5.477447631395933">
    <ele>76.67</ele>
   </trkpt>
   <trkpt lat="51.01943760182069" lon="5.476186414246119">
    <ele>77.05000000000001</ele>
   </trkpt>
   <trkpt lat="51.01984010860921" lon="5.4749251751978445">
    <ele>78.08000000000001</ele>
   </trkpt>
   <trkpt lat="51.02024260182116" lon="5.473663914251152">
    <ele>78.32</ele>
   </trkpt>
   <trkpt lat="51.02064508145612" lon="5.472402631406086">
    <ele>78.67</ele>
   </trkpt>
   <trkpt lat="51.021047547513625" lon="5.47114132666269">
    <ele>79.0</ele>
   </trkpt>
   <trkpt lat="51.02145" lon="5.469880000000001">
    <ele>79.02000000000001</ele>
   </trkpt>
   <trkpt lat="51.0216950027766" lon="5.4690750042169505">
    <ele>78.98</ele>
   </trkpt>
   <trkpt lat="51.02194" lon="5.46827">
    <ele>78.9</ele>
   </trkpt>
   <trkpt lat="51.02222405857326" lon="5.467035068100649">
    <ele>78.7</ele>
   </trkpt>
   <trkpt lat="51.022508104130665" lon="5.465800121068256">
    <ele>78.51</ele>
   </trkpt>
   <trkpt lat="51.02279213667198" lon="5.464565158903175">
    <ele>78.16000000000001</ele>
   </trkpt>
   <trkpt lat="51.023076156196886" lon="5.463330181605762">
    <ele>78.14</ele>
   </trkpt>
   <trkpt lat="51.02336016270511" lon="5.4620951891763685">
    <ele>77.96</ele>
   </trkpt>
   <trkpt lat="51.02364415619637" lon="5.460860181615354">
    <ele>77.72000000000001</ele>
   </trkpt>
   <trkpt lat="51.02392813667033" lon="5.459625158923069">
    <ele>77.28</ele>
   </trkpt>
   <trkpt lat="51.02421210412675" lon="5.458390121099872">
    <ele>77.12</ele>
   </trkpt>
   <trkpt lat="51.02449605856531" lon="5.457155068146115">
    <ele>76.95</ele>
   </trkpt>
   <trkpt lat="51.02478000000001" lon="5.455920000000001">
    <ele>76.85</ele>
   </trkpt>
   <trkpt lat="51.025042891677046" lon="5.45475861095148">
    <ele>76.71</ele>
   </trkpt>
   <trkpt lat="51.02530577184261" lon="5.453597208730287">
    <ele>76.43</ele>
   </trkpt>
   <trkpt lat="51.02556864049645" lon="5.452435793336727">
    <ele>76.22000000000001</ele>
   </trkpt>
   <trkpt lat="51.02583149763833" lon="5.451274364771106">
    <ele>76.15</ele>
   </trkpt>
   <trkpt lat="51.02609434326803" lon="5.450112923033725">
    <ele>76.18</ele>
   </trkpt>
   <trkpt lat="51.02635717738527" lon="5.44895146812489">
    <ele>76.36000000000001</ele>
   </trkpt>
   <trkpt lat="51.02662" lon="5.44779">
    <ele>76.58000000000001</ele>
   </trkpt>
   <trkpt lat="51.02678" lon="5.446890000000001">
    <ele>76.85</ele>
   </trkpt>
   <trkpt lat="51.02682" lon="5.44646">
    <ele>76.83000000000001</ele>
   </trkpt>
   <trkpt lat="51.02687" lon="5.4453700000000005">
    <ele>76.98</ele>
   </trkpt>
   <trkpt lat="51.02691" lon="5.44526">
    <ele>76.98</ele>
   </trkpt>
   <trkpt lat="51.02689" lon="5.444820000000001">
    <ele>77.1</ele>
   </trkpt>
   <trkpt lat="51.02687" lon="5.44441">
    <ele>77.30000000000001</ele>
   </trkpt>
   <trkpt lat="51.02693000000001" lon="5.44435">
    <ele>77.48</ele>
   </trkpt>
   <trkpt lat="51.02702000000001" lon="5.4440800000000005">
    <ele>77.86000000000001</ele>
   </trkpt>
   <trkpt lat="51.027060000000006" lon="5.444000000000001">
    <ele>77.86000000000001</ele>
   </trkpt>
   <trkpt lat="51.02687" lon="5.4436100000000005">
    <ele>77.73</ele>
   </trkpt>
   <trkpt lat="51.027060000000006" lon="5.443510000000001">
    <ele>77.73</ele>
   </trkpt>
   <trkpt lat="51.027170000000005" lon="5.4434000000000005">
    <ele>77.7</ele>
   </trkpt>
   <trkpt lat="51.02779750668901" lon="5.442677529335914">
    <ele>78.07</ele>
   </trkpt>
   <trkpt lat="51.02842500892334" lon="5.441955039109888">
    <ele>78.28</ele>
   </trkpt>
   <trkpt lat="51.02905250670281" lon="5.441232529321093">
    <ele>77.56</ele>
   </trkpt>
   <trkpt lat="51.029680000000006" lon="5.440510000000001">
    <ele>77.25000000000001</ele>
   </trkpt>
   <trkpt lat="51.02998" lon="5.4401600000000006">
    <ele>77.77000000000001</ele>
   </trkpt>
   <trkpt lat="51.02995000000001" lon="5.439710000000001">
    <ele>77.57</ele>
   </trkpt>
   <trkpt lat="51.03004000000001" lon="5.4392700000000005">
    <ele>77.54</ele>
   </trkpt>
   <trkpt lat="51.030150000000006" lon="5.43907">
    <ele>77.34</ele>
   </trkpt>
   <trkpt lat="51.03031000000001" lon="5.43895">
    <ele>77.21</ele>
   </trkpt>
   <trkpt lat="51.03034" lon="5.4388700000000005">
    <ele>77.21</ele>
   </trkpt>
   <trkpt lat="51.03022000000001" lon="5.43824">
    <ele>76.15</ele>
   </trkpt>
   <trkpt lat="51.03027" lon="5.43796">
    <ele>75.86000000000001</ele>
   </trkpt>
   <trkpt lat="51.030350000000006" lon="5.43771">
    <ele>75.73</ele>
   </trkpt>
   <trkpt lat="51.030350000000006" lon="5.4373700000000005">
    <ele>75.66</ele>
   </trkpt>
   <trkpt lat="51.03054" lon="5.43716">
    <ele>74.74</ele>
   </trkpt>
   <trkpt lat="51.03061" lon="5.4371">
    <ele>74.74</ele>
   </trkpt>
   <trkpt lat="51.030680000000004" lon="5.43707">
    <ele>74.55</ele>
   </trkpt>
   <trkpt lat="51.03089000000001" lon="5.437080000000001">
    <ele>74.34</ele>
   </trkpt>
   <trkpt lat="51.03119" lon="5.437">
    <ele>73.77</ele>
   </trkpt>
   <trkpt lat="51.03137" lon="5.436890000000001">
    <ele>73.71000000000001</ele>
   </trkpt>
   <trkpt lat="51.03154000000001" lon="5.4367600000000005">
    <ele>73.78000000000002</ele>
   </trkpt>
   <trkpt lat="51.03193" lon="5.43639">
    <ele>74.33000000000001</ele>
   </trkpt>
   <trkpt lat="51.032430001847466" lon="5.435750006777327">
    <ele>75.25000000000001</ele>
   </trkpt>
   <trkpt lat="51.03293000000001" lon="5.435110000000001">
    <ele>76.83000000000001</ele>
   </trkpt>
   <trkpt lat="51.0326133402044" lon="5.434213321106838">
    <ele>76.6</ele>
   </trkpt>
   <trkpt lat="51.03229667354734" lon="5.4333166544676015">
    <ele>76.22000000000001</ele>
   </trkpt>
   <trkpt lat="51.031980000000004" lon="5.4324200000000005">
    <ele>75.75000000000001</ele>
   </trkpt>
   <trkpt lat="51.03202" lon="5.4321">
    <ele>75.75000000000001</ele>
   </trkpt>
   <trkpt lat="51.03262334270879" lon="5.4310533605400275">
    <ele>76.23</ele>
   </trkpt>
   <trkpt lat="51.033226676068885" lon="5.430006693827497">
    <ele>76.38</ele>
   </trkpt>
   <trkpt lat="51.03383" lon="5.42896">
    <ele>76.33000000000001</ele>
   </trkpt>
   <trkpt lat="51.03422500193117" lon="5.428290005684236">
    <ele>75.81</ele>
   </trkpt>
   <trkpt lat="51.034620000000004" lon="5.42762">
    <ele>74.49</ele>
   </trkpt>
   <trkpt lat="51.035020001990155" lon="5.426945005748862">
    <ele>73.87</ele>
   </trkpt>
   <trkpt lat="51.03542" lon="5.426270000000001">
    <ele>74.25000000000001</ele>
   </trkpt>
   <trkpt lat="51.035470000000004" lon="5.42611">
    <ele>74.24</ele>
   </trkpt>
   <trkpt lat="51.03548000000001" lon="5.42604">
    <ele>74.24</ele>
   </trkpt>
   <trkpt lat="51.035470000000004" lon="5.425890000000001">
    <ele>74.24</ele>
   </trkpt>
   <trkpt lat="51.03531" lon="5.42529">
    <ele>73.9</ele>
   </trkpt>
   <trkpt lat="51.03529" lon="5.425160000000001">
    <ele>73.9</ele>
   </trkpt>
   <trkpt lat="51.03540001141402" lon="5.424003338856456">
    <ele>73.38</ele>
   </trkpt>
   <trkpt lat="51.035510011411056" lon="5.42284667222118">
    <ele>73.81</ele>
   </trkpt>
   <trkpt lat="51.03562" lon="5.421690000000001">
    <ele>74.75000000000001</ele>
   </trkpt>
   <trkpt lat="51.035772520484876" lon="5.420425012479194">
    <ele>75.47000000000001</ele>
   </trkpt>
   <trkpt lat="51.03592502731415" lon="5.419160016631379">
    <ele>76.09</ele>
   </trkpt>
   <trkpt lat="51.03607752048761" lon="5.4178950124571985">
    <ele>76.56</ele>
   </trkpt>
   <trkpt lat="51.03623" lon="5.4166300000000005">
    <ele>76.92</ele>
   </trkpt>
   <trkpt lat="51.03681" lon="5.416010000000001">
    <ele>76.98</ele>
   </trkpt>
   <trkpt lat="51.03694" lon="5.41582">
    <ele>77.01</ele>
   </trkpt>
   <trkpt lat="51.037040000000005" lon="5.41561">
    <ele>77.12</ele>
   </trkpt>
   <trkpt lat="51.037380000000006" lon="5.41467">
    <ele>77.26</ele>
   </trkpt>
   <trkpt lat="51.037620000000004" lon="5.414350000000001">
    <ele>77.31</ele>
   </trkpt>
   <trkpt lat="51.038070000000005" lon="5.41354">
    <ele>76.95</ele>
   </trkpt>
   <trkpt lat="51.03862" lon="5.41272">
    <ele>76.87</ele>
   </trkpt>
   <trkpt lat="51.03918667435446" lon="5.411770023260779">
    <ele>76.67</ele>
   </trkpt>
   <trkpt lat="51.03975334100767" lon="5.410820023283788">
    <ele>76.18</ele>
   </trkpt>
   <trkpt lat="51.04032" lon="5.409870000000001">
    <ele>76.18</ele>
   </trkpt>
   <trkpt lat="51.0403" lon="5.4093100000000005">
    <ele>76.04</ele>
   </trkpt>
   <trkpt lat="51.0403" lon="5.40929">
    <ele>76.04</ele>
   </trkpt>
   <trkpt lat="51.04022000618605" lon="5.408084997779056">
    <ele>75.65</ele>
   </trkpt>
   <trkpt lat="51.04014" lon="5.40688">
    <ele>75.29</ele>
   </trkpt>
   <trkpt lat="51.04014" lon="5.406770000000001">
    <ele>75.29</ele>
   </trkpt>
   <trkpt lat="51.040200000000006" lon="5.4065900000000005">
    <ele>75.2</ele>
   </trkpt>
   <trkpt lat="51.040240000000004" lon="5.40653">
    <ele>75.14000000000001</ele>
   </trkpt>
   <trkpt lat="51.040350000000004" lon="5.406440000000001">
    <ele>75.14000000000001</ele>
   </trkpt>
   <trkpt lat="51.04041" lon="5.40653">
    <ele>75.14000000000001</ele>
   </trkpt>
   <trkpt lat="51.04048" lon="5.4066">
    <ele>74.61000000000001</ele>
   </trkpt>
   <trkpt lat="51.040600000000005" lon="5.406630000000001">
    <ele>74.61000000000001</ele>
   </trkpt>
   <trkpt lat="51.04074000000001" lon="5.406580000000001">
    <ele>74.61000000000001</ele>
   </trkpt>
   <trkpt lat="51.04146333518161" lon="5.406113347912121">
    <ele>74.00000000000001</ele>
   </trkpt>
   <trkpt lat="51.042186668504904" lon="5.4056466812522155">
    <ele>73.06</ele>
   </trkpt>
   <trkpt lat="51.042910000000006" lon="5.4051800000000005">
    <ele>71.73</ele>
   </trkpt>
   <trkpt lat="51.04316000000001" lon="5.405060000000001">
    <ele>71.73</ele>
   </trkpt>
   <trkpt lat="51.04343" lon="5.404960000000001">
    <ele>71.41</ele>
   </trkpt>
   <trkpt lat="51.04343" lon="5.404890000000001">
    <ele>71.41</ele>
   </trkpt>
   <trkpt lat="51.04363000000001" lon="5.404850000000001">
    <ele>71.09</ele>
   </trkpt>
   <trkpt lat="51.04384" lon="5.40484">
    <ele>70.94</ele>
   </trkpt>
   <trkpt lat="51.043910000000004" lon="5.40481">
    <ele>70.94</ele>
   </trkpt>
   <trkpt lat="51.044389999886036" lon="5.404834999734879">
    <ele>70.4</ele>
   </trkpt>
   <trkpt lat="51.04487" lon="5.40486">
    <ele>70.0</ele>
   </trkpt>
   <trkpt lat="51.04549" lon="5.40498">
    <ele>69.60000000000001</ele>
   </trkpt>
   <trkpt lat="51.04606500022654" lon="5.405159997793238">
    <ele>68.98</ele>
   </trkpt>
   <trkpt lat="51.046640000000004" lon="5.405340000000001">
    <ele>68.94</ele>
   </trkpt>
   <trkpt lat="51.04710000000001" lon="5.40559">
    <ele>69.09000000000002</ele>
   </trkpt>
   <trkpt lat="51.04748000000001" lon="5.40573">
    <ele>69.63000000000001</ele>
   </trkpt>
   <trkpt lat="51.04755" lon="5.40584">
    <ele>70.06000000000002</ele>
   </trkpt>
   <trkpt lat="51.04804000000001" lon="5.405970000000001">
    <ele>70.81000000000002</ele>
   </trkpt>
   <trkpt lat="51.048320000000004" lon="5.406000000000001">
    <ele>71.07000000000001</ele>
   </trkpt>
   <trkpt lat="51.04876" lon="5.406040000000001">
    <ele>71.5</ele>
   </trkpt>
   <trkpt lat="51.04918000000001" lon="5.4060500000000005">
    <ele>72.07000000000001</ele>
   </trkpt>
   <trkpt lat="51.049760000000006" lon="5.40599">
    <ele>72.61</ele>
   </trkpt>
   <trkpt lat="51.05035" lon="5.40587">
    <ele>72.83</ele>
   </trkpt>
   <trkpt lat="51.051050000000004" lon="5.40563">
    <ele>73.10000000000001</ele>
   </trkpt>
   <trkpt lat="51.05149" lon="5.40542">
    <ele>73.23</ele>
   </trkpt>
   <trkpt lat="51.051930000000006" lon="5.40519">
    <ele>73.63</ele>
   </trkpt>
   <trkpt lat="51.052580000000006" lon="5.404730000000001">
    <ele>74.05</ele>
   </trkpt>
   <trkpt lat="51.05328500146538" lon="5.404125009292946">
    <ele>73.54</ele>
   </trkpt>
   <trkpt lat="51.053990000000006" lon="5.40352">
    <ele>73.10000000000001</ele>
   </trkpt>
   <trkpt lat="51.054680000000005" lon="5.40303">
    <ele>72.85000000000001</ele>
   </trkpt>
   <trkpt lat="51.055080000000004" lon="5.4028">
    <ele>72.77</ele>
   </trkpt>
   <trkpt lat="51.055490000000006" lon="5.40261">
    <ele>73.04</ele>
   </trkpt>
   <trkpt lat="51.056090000000005" lon="5.402430000000001">
    <ele>73.24</ele>
   </trkpt>
   <trkpt lat="51.056590000213845" lon="5.402335000992525">
    <ele>73.56</ele>
   </trkpt>
   <trkpt lat="51.05709" lon="5.402240000000001">
    <ele>73.61000000000001</ele>
   </trkpt>
   <trkpt lat="51.057590000000005" lon="5.4020600000000005">
    <ele>73.79</ele>
   </trkpt>
   <trkpt lat="51.057930000000006" lon="5.401870000000001">
    <ele>73.78000000000002</ele>
   </trkpt>
   <trkpt lat="51.058240000000005" lon="5.401630000000001">
    <ele>73.76</ele>
   </trkpt>
   <trkpt lat="51.058580000000006" lon="5.40125">
    <ele>73.60000000000001</ele>
   </trkpt>
   <trkpt lat="51.05874000000001" lon="5.40103">
    <ele>73.52</ele>
   </trkpt>
   <trkpt lat="51.059020000000004" lon="5.400550000000001">
    <ele>73.08</ele>
   </trkpt>
   <trkpt lat="51.05921000000001" lon="5.4000900000000005">
    <ele>73.08</ele>
   </trkpt>
   <trkpt lat="51.05930000000001" lon="5.39982">
    <ele>72.53000000000002</ele>
   </trkpt>
   <trkpt lat="51.059430000000006" lon="5.3992700000000005">
    <ele>72.53000000000002</ele>
   </trkpt>
   <trkpt lat="51.05968000000001" lon="5.397930000000001">
    <ele>71.85000000000001</ele>
   </trkpt>
   <trkpt lat="51.05969" lon="5.39792">
    <ele>71.85000000000001</ele>
   </trkpt>
   <trkpt lat="51.059830000000005" lon="5.397340000000001">
    <ele>71.77</ele>
   </trkpt>
   <trkpt lat="51.059940000000005" lon="5.39698">
    <ele>71.66</ele>
   </trkpt>
   <trkpt lat="51.06006000000001" lon="5.396750000000001">
    <ele>71.61</ele>
   </trkpt>
   <trkpt lat="51.060140000000004" lon="5.39665">
    <ele>71.51</ele>
   </trkpt>
   <trkpt lat="51.06025" lon="5.3965700000000005">
    <ele>71.45</ele>
   </trkpt>
   <trkpt lat="51.060610000000004" lon="5.397600000000001">
    <ele>71.45</ele>
   </trkpt>
   <trkpt lat="51.06067" lon="5.397830000000001">
    <ele>71.49000000000001</ele>
   </trkpt>
   <trkpt lat="51.060840000000006" lon="5.3977">
    <ele>71.41</ele>
   </trkpt>
   <trkpt lat="51.06092" lon="5.397600000000001">
    <ele>71.38</ele>
   </trkpt>
   <trkpt lat="51.06107" lon="5.396820000000001">
    <ele>70.79</ele>
   </trkpt>
   <trkpt lat="51.061130000000006" lon="5.3957500000000005">
    <ele>70.5</ele>
   </trkpt>
   <trkpt lat="51.06140500427388" lon="5.39474500609738">
    <ele>70.52</ele>
   </trkpt>
   <trkpt lat="51.06168" lon="5.39374">
    <ele>70.01</ele>
   </trkpt>
   <trkpt lat="51.06185000000001" lon="5.39337">
    <ele>69.89</ele>
   </trkpt>
   <trkpt lat="51.061980000000005" lon="5.39313">
    <ele>69.9</ele>
   </trkpt>
   <trkpt lat="51.06228" lon="5.392670000000001">
    <ele>70.11</ele>
   </trkpt>
   <trkpt lat="51.0627250009348" lon="5.392205004456917">
    <ele>69.91</ele>
   </trkpt>
   <trkpt lat="51.06317000000001" lon="5.39174">
    <ele>69.92</ele>
   </trkpt>
   <trkpt lat="51.063500000000005" lon="5.3914800000000005">
    <ele>69.83</ele>
   </trkpt>
   <trkpt lat="51.063500000000005" lon="5.39149">
    <ele>69.83</ele>
   </trkpt>
   <trkpt lat="51.06353000000001" lon="5.391470000000001">
    <ele>69.83</ele>
   </trkpt>
   <trkpt lat="51.06376" lon="5.391400000000001">
    <ele>69.83</ele>
   </trkpt>
   <trkpt lat="51.06421000035564" lon="5.3913300006284075">
    <ele>69.73</ele>
   </trkpt>
   <trkpt lat="51.06466" lon="5.391260000000001">
    <ele>70.12</ele>
   </trkpt>
   <trkpt lat="51.06461" lon="5.39001">
    <ele>69.37</ele>
   </trkpt>
   <trkpt lat="51.06455500343837" lon="5.389109998652251">
    <ele>69.19</ele>
   </trkpt>
   <trkpt lat="51.0645" lon="5.388210000000001">
    <ele>69.42</ele>
   </trkpt>
   <trkpt lat="51.064490000000006" lon="5.388170000000001">
    <ele>69.42</ele>
   </trkpt>
   <trkpt lat="51.06383" lon="5.38766">
    <ele>69.52000000000001</ele>
   </trkpt>
   <trkpt lat="51.063680006782775" lon="5.386399996002526">
    <ele>69.31</ele>
   </trkpt>
   <trkpt lat="51.06353000000001" lon="5.385140000000001">
    <ele>69.52000000000001</ele>
   </trkpt>
   <trkpt lat="51.06354" lon="5.385140000000001">
    <ele>69.53</ele>
   </trkpt>
   <trkpt lat="51.0634" lon="5.3839500000000005">
    <ele>69.31</ele>
   </trkpt>
   <trkpt lat="51.063340000000004" lon="5.38328">
    <ele>69.23</ele>
   </trkpt>
   <trkpt lat="51.06353500381146" lon="5.382340003756853">
    <ele>67.56</ele>
   </trkpt>
   <trkpt lat="51.06373000000001" lon="5.3814">
    <ele>68.14</ele>
   </trkpt>
   <trkpt lat="51.063900000000004" lon="5.38053">
    <ele>68.23</ele>
   </trkpt>
   <trkpt lat="51.063900000000004" lon="5.38013">
    <ele>68.38000000000001</ele>
   </trkpt>
   <trkpt lat="51.06365" lon="5.3792800000000005">
    <ele>68.74000000000001</ele>
   </trkpt>
   <trkpt lat="51.063320000000004" lon="5.3782700000000006">
    <ele>69.05</ele>
   </trkpt>
   <trkpt lat="51.063120000000005" lon="5.377770000000001">
    <ele>69.12</ele>
   </trkpt>
   <trkpt lat="51.06289" lon="5.37713">
    <ele>69.06</ele>
   </trkpt>
   <trkpt lat="51.06263500194462" lon="5.37645499628438">
    <ele>68.37</ele>
   </trkpt>
   <trkpt lat="51.062380000000005" lon="5.375780000000001">
    <ele>67.24000000000001</ele>
   </trkpt>
   <trkpt lat="51.062200000000004" lon="5.37537">
    <ele>66.33</ele>
   </trkpt>
   <trkpt lat="51.06182000236572" lon="5.374614993671619">
    <ele>65.74000000000001</ele>
   </trkpt>
   <trkpt lat="51.061440000000005" lon="5.3738600000000005">
    <ele>65.14</ele>
   </trkpt>
   <trkpt lat="51.06145" lon="5.37387">
    <ele>65.14</ele>
   </trkpt>
   <trkpt lat="51.06134" lon="5.3736500000000005">
    <ele>65.19000000000001</ele>
   </trkpt>
   <trkpt lat="51.061240000000005" lon="5.37352">
    <ele>65.32000000000001</ele>
   </trkpt>
   <trkpt lat="51.061110000000006" lon="5.37342">
    <ele>65.32000000000001</ele>
   </trkpt>
   <trkpt lat="51.06085" lon="5.373340000000001">
    <ele>65.79</ele>
   </trkpt>
   <trkpt lat="51.060230000000004" lon="5.37321">
    <ele>64.93</ele>
   </trkpt>
   <trkpt lat="51.06007" lon="5.373200000000001">
    <ele>64.45</ele>
   </trkpt>
   <trkpt lat="51.059810000000006" lon="5.373220000000001">
    <ele>63.97</ele>
   </trkpt>
   <trkpt lat="51.05959000000001" lon="5.37321">
    <ele>64.08000000000001</ele>
   </trkpt>
   <trkpt lat="51.05932000000001" lon="5.37312">
    <ele>64.66000000000001</ele>
   </trkpt>
   <trkpt lat="51.0591" lon="5.37283">
    <ele>64.72</ele>
   </trkpt>
   <trkpt lat="51.059000000000005" lon="5.372730000000001">
    <ele>64.71000000000001</ele>
   </trkpt>
   <trkpt lat="51.05895" lon="5.3724300000000005">
    <ele>64.58</ele>
   </trkpt>
   <trkpt lat="51.058690000000006" lon="5.37143">
    <ele>65.18</ele>
   </trkpt>
   <trkpt lat="51.05861" lon="5.371270000000001">
    <ele>65.18</ele>
   </trkpt>
   <trkpt lat="51.05818000000001" lon="5.37068">
    <ele>65.81</ele>
   </trkpt>
   <trkpt lat="51.05785" lon="5.37011">
    <ele>65.55000000000001</ele>
   </trkpt>
   <trkpt lat="51.057480000000005" lon="5.369420000000001">
    <ele>66.12</ele>
   </trkpt>
   <trkpt lat="51.05695601273923" lon="5.370284039109895">
    <ele>68.54</ele>
   </trkpt>
   <trkpt lat="51.05643201910868" lon="5.371148058664109">
    <ele>70.27</ele>
   </trkpt>
   <trkpt lat="51.05590801910862" lon="5.372012058663213">
    <ele>70.91</ele>
   </trkpt>
   <trkpt lat="51.055384012739296" lon="5.372876039107778">
    <ele>71.04</ele>
   </trkpt>
   <trkpt lat="51.054860000000005" lon="5.373740000000001">
    <ele>70.61</ele>
   </trkpt>
   <trkpt lat="51.0544" lon="5.374490000000001">
    <ele>70.93</ele>
   </trkpt>
   <trkpt lat="51.05427" lon="5.374110000000001">
    <ele>70.66</ele>
   </trkpt>
   <trkpt lat="51.05409" lon="5.373710000000001">
    <ele>70.66</ele>
   </trkpt>
   <trkpt lat="51.053563353608034" lon="5.372734944550169">
    <ele>70.33</ele>
   </trkpt>
   <trkpt lat="51.05303669910407" lon="5.371759911277976">
    <ele>70.36</ele>
   </trkpt>
   <trkpt lat="51.052510036488464" lon="5.3707849001828425">
    <ele>69.57000000000001</ele>
   </trkpt>
   <trkpt lat="51.05198336576156" lon="5.369809911264186">
    <ele>68.42</ele>
   </trkpt>
   <trkpt lat="51.05145668692367" lon="5.368834944521429">
    <ele>66.22</ele>
   </trkpt>
   <trkpt lat="51.05093" lon="5.36786">
    <ele>65.75999999999999</ele>
   </trkpt>
   <trkpt lat="51.050410003970306" lon="5.366894989160288">
    <ele>65.24000000000001</ele>
   </trkpt>
   <trkpt lat="51.049890000000005" lon="5.3659300000000005">
    <ele>63.59</ele>
   </trkpt>
   <trkpt lat="51.04936503229886" lon="5.364889917472521">
    <ele>60.92</ele>
   </trkpt>
   <trkpt lat="51.04884005536739" lon="5.363849858522805">
    <ele>56.95</ele>
   </trkpt>
   <trkpt lat="51.048315069205934" lon="5.362809823150295">
    <ele>53.77</ele>
   </trkpt>
   <trkpt lat="51.04779007381493" lon="5.361769811354426">
    <ele>54.3</ele>
   </trkpt>
   <trkpt lat="51.04726506919471" lon="5.36072982313464">
    <ele>57.300000000000004</ele>
   </trkpt>
   <trkpt lat="51.04674005534569" lon="5.359689858490372">
    <ele>58.77</ele>
   </trkpt>
   <trkpt lat="51.04621503226823" lon="5.358649917421059">
    <ele>57.57</ele>
   </trkpt>
   <trkpt lat="51.04569000000001" lon="5.35761">
    <ele>53.71000000000001</ele>
   </trkpt>
   <trkpt lat="51.04562000000001" lon="5.35737">
    <ele>53.24</ele>
   </trkpt>
   <trkpt lat="51.04542000000001" lon="5.35698">
    <ele>53.02</ele>
   </trkpt>
   <trkpt lat="51.045300000000005" lon="5.35674">
    <ele>52.22</ele>
   </trkpt>
   <trkpt lat="51.04506000000001" lon="5.356350000000001">
    <ele>51.07</ele>
   </trkpt>
   <trkpt lat="51.04484" lon="5.35609">
    <ele>50.730000000000004</ele>
   </trkpt>
   <trkpt lat="51.044790000000006" lon="5.3558200000000005">
    <ele>50.56</ele>
   </trkpt>
   <trkpt lat="51.04468000000001" lon="5.35557">
    <ele>50.5</ele>
   </trkpt>
   <trkpt lat="51.044650000000004" lon="5.355270000000001">
    <ele>50.330000000000005</ele>
   </trkpt>
   <trkpt lat="51.0446" lon="5.355040000000001">
    <ele>50.18</ele>
   </trkpt>
   <trkpt lat="51.04422" lon="5.354080000000001">
    <ele>50.050000000000004</ele>
   </trkpt>
   <trkpt lat="51.04410000000001" lon="5.353870000000001">
    <ele>50.050000000000004</ele>
   </trkpt>
   <trkpt lat="51.04403000000001" lon="5.35369">
    <ele>49.99000000000001</ele>
   </trkpt>
   <trkpt lat="51.043960000000006" lon="5.353630000000001">
    <ele>49.99000000000001</ele>
   </trkpt>
   <trkpt lat="51.04392000000001" lon="5.35353">
    <ele>50.06000000000001</ele>
   </trkpt>
   <trkpt lat="51.043470005728324" lon="5.352364988521755">
    <ele>50.34</ele>
   </trkpt>
   <trkpt lat="51.043020000000006" lon="5.3512">
    <ele>51.17000000000001</ele>
   </trkpt>
   <trkpt lat="51.042790000000004" lon="5.3505400000000005">
    <ele>51.39</ele>
   </trkpt>
   <trkpt lat="51.04254" lon="5.349640000000001">
    <ele>52.08</ele>
   </trkpt>
   <trkpt lat="51.042530000000006" lon="5.34963">
    <ele>52.09</ele>
   </trkpt>
   <trkpt lat="51.04234" lon="5.349">
    <ele>52.99</ele>
   </trkpt>
   <trkpt lat="51.04243" lon="5.34893">
    <ele>53.07000000000001</ele>
   </trkpt>
   <trkpt lat="51.04265" lon="5.34883">
    <ele>53.1</ele>
   </trkpt>
   <trkpt lat="51.042820000000006" lon="5.348820000000001">
    <ele>52.85</ele>
   </trkpt>
   <trkpt lat="51.04296" lon="5.3487800000000005">
    <ele>52.6</ele>
   </trkpt>
   <trkpt lat="51.043150000000004" lon="5.348680000000001">
    <ele>52.51</ele>
   </trkpt>
   <trkpt lat="51.043510000000005" lon="5.34844">
    <ele>52.47</ele>
   </trkpt>
   <trkpt lat="51.043955000588056" lon="5.348110003078501">
    <ele>52.75000000000001</ele>
   </trkpt>
   <trkpt lat="51.0444" lon="5.34778">
    <ele>52.94</ele>
   </trkpt>
   <trkpt lat="51.04451" lon="5.34754">
    <ele>52.95</ele>
   </trkpt>
   <trkpt lat="51.04459000000001" lon="5.347270000000001">
    <ele>53.06</ele>
   </trkpt>
   <trkpt lat="51.0448" lon="5.346690000000001">
    <ele>53.56</ele>
   </trkpt>
   <trkpt lat="51.04487" lon="5.3466700000000005">
    <ele>53.56</ele>
   </trkpt>
   <trkpt lat="51.044900000000005" lon="5.34663">
    <ele>53.64000000000001</ele>
   </trkpt>
   <trkpt lat="51.04491" lon="5.346480000000001">
    <ele>53.64000000000001</ele>
   </trkpt>
   <trkpt lat="51.044900000000005" lon="5.346430000000001">
    <ele>53.64000000000001</ele>
   </trkpt>
   <trkpt lat="51.04484" lon="5.346380000000001">
    <ele>53.800000000000004</ele>
   </trkpt>
   <trkpt lat="51.04478" lon="5.34639">
    <ele>53.800000000000004</ele>
   </trkpt>
   <trkpt lat="51.04475000000001" lon="5.3462000000000005">
    <ele>53.87</ele>
   </trkpt>
   <trkpt lat="51.04473" lon="5.34565">
    <ele>54.09</ele>
   </trkpt>
   <trkpt lat="51.04468000000001" lon="5.34539">
    <ele>54.46</ele>
   </trkpt>
   <trkpt lat="51.044450000000005" lon="5.344550000000001">
    <ele>56.14</ele>
   </trkpt>
   <trkpt lat="51.044320000000006" lon="5.34424">
    <ele>56.970000000000006</ele>
   </trkpt>
   <trkpt lat="51.043760000000006" lon="5.3432900000000005">
    <ele>60.370000000000005</ele>
   </trkpt>
   <trkpt lat="51.04366" lon="5.34318">
    <ele>60.690000000000005</ele>
   </trkpt>
   <trkpt lat="51.04356000000001" lon="5.343000000000001">
    <ele>60.79</ele>
   </trkpt>
   <trkpt lat="51.042950000000005" lon="5.342090000000001">
    <ele>60.13</ele>
   </trkpt>
   <trkpt lat="51.04262000000001" lon="5.34152">
    <ele>58.440000000000005</ele>
   </trkpt>
   <trkpt lat="51.042550000000006" lon="5.34145">
    <ele>58.440000000000005</ele>
   </trkpt>
   <trkpt lat="51.042480000000005" lon="5.34128">
    <ele>58.440000000000005</ele>
   </trkpt>
   <trkpt lat="51.042170000000006" lon="5.3407">
    <ele>57.5</ele>
   </trkpt>
   <trkpt lat="51.04189" lon="5.34016">
    <ele>57.230000000000004</ele>
   </trkpt>
   <trkpt lat="51.041850000000004" lon="5.34013">
    <ele>57.03</ele>
   </trkpt>
   <trkpt lat="51.041740000000004" lon="5.339950000000001">
    <ele>57.03</ele>
   </trkpt>
   <trkpt lat="51.041790000000006" lon="5.339700000000001">
    <ele>56.7</ele>
   </trkpt>
   <trkpt lat="51.04177000000001" lon="5.33907">
    <ele>56.5</ele>
   </trkpt>
   <trkpt lat="51.041720000000005" lon="5.338970000000001">
    <ele>56.480000000000004</ele>
   </trkpt>
   <trkpt lat="51.04166000000001" lon="5.33894">
    <ele>56.440000000000005</ele>
   </trkpt>
   <trkpt lat="51.04167" lon="5.3388800000000005">
    <ele>56.440000000000005</ele>
   </trkpt>
   <trkpt lat="51.041740000000004" lon="5.3387400000000005">
    <ele>56.18000000000001</ele>
   </trkpt>
   <trkpt lat="51.04162" lon="5.33797">
    <ele>55.31</ele>
   </trkpt>
   <trkpt lat="51.041650000000004" lon="5.337980000000001">
    <ele>56.09</ele>
   </trkpt>
   <trkpt lat="51.04158" lon="5.337370000000001">
    <ele>55.910000000000004</ele>
   </trkpt>
   <trkpt lat="51.04167" lon="5.33731">
    <ele>55.910000000000004</ele>
   </trkpt>
   <trkpt lat="51.04193" lon="5.337230000000001">
    <ele>56.34</ele>
   </trkpt>
   <trkpt lat="51.0427600000105" lon="5.337226666786068">
    <ele>58.830000000000005</ele>
   </trkpt>
   <trkpt lat="51.04359000002093" lon="5.3372233334526955">
    <ele>62.870000000000005</ele>
   </trkpt>
   <trkpt lat="51.04442" lon="5.33722">
    <ele>66.0</ele>
   </trkpt>
   <trkpt lat="51.04493" lon="5.3372">
    <ele>67.60000000000001</ele>
   </trkpt>
   <trkpt lat="51.04538" lon="5.3371200000000005">
    <ele>68.46000000000001</ele>
   </trkpt>
   <trkpt lat="51.046130000000005" lon="5.336880000000001">
    <ele>68.75</ele>
   </trkpt>
   <trkpt lat="51.04681500049701" lon="5.336690008419809">
    <ele>68.4</ele>
   </trkpt>
   <trkpt lat="51.047500000686" lon="5.3365000112201475">
    <ele>68.17</ele>
   </trkpt>
   <trkpt lat="51.048185000566946" lon="5.336310008400715">
    <ele>68.17</ele>
   </trkpt>
   <trkpt lat="51.04887" lon="5.33612">
    <ele>68.08</ele>
   </trkpt>
   <trkpt lat="51.049575000118054" lon="5.335925002980469">
    <ele>67.52000000000001</ele>
   </trkpt>
   <trkpt lat="51.05028" lon="5.335730000000001">
    <ele>67.53</ele>
   </trkpt>
   <trkpt lat="51.050166031476266" lon="5.334371986683735">
    <ele>67.54</ele>
   </trkpt>
   <trkpt lat="51.05005204721651" lon="5.333013980051425">
    <ele>67.14</ele>
   </trkpt>
   <trkpt lat="51.04993804722085" lon="5.331655980103937">
    <ele>66.46000000000001</ele>
   </trkpt>
   <trkpt lat="51.04982403148943" lon="5.3302979868421305">
    <ele>64.84</ele>
   </trkpt>
   <trkpt lat="51.049710000000005" lon="5.32894">
    <ele>62.00000000000001</ele>
   </trkpt>
   <trkpt lat="51.049710000000005" lon="5.328950000000001">
    <ele>62.02</ele>
   </trkpt>
   <trkpt lat="51.04963000000001" lon="5.32788">
    <ele>59.690000000000005</ele>
   </trkpt>
   <trkpt lat="51.049690000000005" lon="5.3269">
    <ele>58.56000000000001</ele>
   </trkpt>
   <trkpt lat="51.04965000000001" lon="5.3266100000000005">
    <ele>58.28</ele>
   </trkpt>
   <trkpt lat="51.049760000000006" lon="5.326560000000001">
    <ele>58.300000000000004</ele>
   </trkpt>
   <trkpt lat="51.05008000739992" lon="5.325630012793364">
    <ele>56.6</ele>
   </trkpt>
   <trkpt lat="51.05040000741994" lon="5.324700012735356">
    <ele>56.830000000000005</ele>
   </trkpt>
   <trkpt lat="51.050720000000005" lon="5.323770000000001">
    <ele>53.83</ele>
   </trkpt>
   <trkpt lat="51.05078" lon="5.32366">
    <ele>53.42</ele>
   </trkpt>
   <trkpt lat="51.05104000000001" lon="5.32272">
    <ele>51.96000000000001</ele>
   </trkpt>
   <trkpt lat="51.051050000000004" lon="5.32247">
    <ele>51.72</ele>
   </trkpt>
   <trkpt lat="51.0509433417046" lon="5.321479995517188">
    <ele>51.14</ele>
   </trkpt>
   <trkpt lat="51.05083667504626" lon="5.32048999559449">
    <ele>50.440000000000005</ele>
   </trkpt>
   <trkpt lat="51.05073" lon="5.319500000000001">
    <ele>49.46</ele>
   </trkpt>
   <trkpt lat="51.050592900594914" lon="5.318197119713501">
    <ele>48.77</ele>
   </trkpt>
   <trkpt lat="51.05045578670562" lon="5.316894247141082">
    <ele>47.25000000000001</ele>
   </trkpt>
   <trkpt lat="51.05031865833229" lon="5.3155913822834755">
    <ele>46.09</ele>
   </trkpt>
   <trkpt lat="51.05018151547507" lon="5.314288525141411">
    <ele>44.38</ele>
   </trkpt>
   <trkpt lat="51.05004435813413" lon="5.312985675715621">
    <ele>43.09</ele>
   </trkpt>
   <trkpt lat="51.04990718630959" lon="5.311682834006836">
    <ele>42.49000000000001</ele>
   </trkpt>
   <trkpt lat="51.04977" lon="5.31038">
    <ele>42.230000000000004</ele>
   </trkpt>
   <trkpt lat="51.04979" lon="5.310180000000001">
    <ele>42.410000000000004</ele>
   </trkpt>
   <trkpt lat="51.04986" lon="5.31019">
    <ele>42.410000000000004</ele>
   </trkpt>
   <trkpt lat="51.049910000000004" lon="5.3101400000000005">
    <ele>42.410000000000004</ele>
   </trkpt>
   <trkpt lat="51.04993" lon="5.3101">
    <ele>42.410000000000004</ele>
   </trkpt>
   <trkpt lat="51.04994000000001" lon="5.309990000000001">
    <ele>42.410000000000004</ele>
   </trkpt>
   <trkpt lat="51.049910000000004" lon="5.309900000000001">
    <ele>42.300000000000004</ele>
   </trkpt>
   <trkpt lat="51.04986" lon="5.30984">
    <ele>42.300000000000004</ele>
   </trkpt>
   <trkpt lat="51.04979" lon="5.309850000000001">
    <ele>42.300000000000004</ele>
   </trkpt>
   <trkpt lat="51.04948333962517" lon="5.308989988557994">
    <ele>42.2</ele>
   </trkpt>
   <trkpt lat="51.04917667293938" lon="5.308129988504545">
    <ele>42.410000000000004</ele>
   </trkpt>
   <trkpt lat="51.04887" lon="5.307270000000001">
    <ele>42.870000000000005</ele>
   </trkpt>
   <trkpt lat="51.048700000000004" lon="5.30677">
    <ele>43.03000000000001</ele>
   </trkpt>
   <trkpt lat="51.048360010630276" lon="5.3056533169070335">
    <ele>43.27</ele>
   </trkpt>
   <trkpt lat="51.04802001062037" lon="5.304536650208134">
    <ele>42.93</ele>
   </trkpt>
   <trkpt lat="51.04768000000001" lon="5.30342">
    <ele>43.2</ele>
   </trkpt>
   <trkpt lat="51.048080000000006" lon="5.303050000000001">
    <ele>42.56</ele>
   </trkpt>
   <trkpt lat="51.048080000000006" lon="5.30306">
    <ele>42.56</ele>
   </trkpt>
   <trkpt lat="51.04851000000001" lon="5.30267">
    <ele>43.300000000000004</ele>
   </trkpt>
   <trkpt lat="51.04925" lon="5.302300000000001">
    <ele>43.33</ele>
   </trkpt>
   <trkpt lat="51.050060000020174" lon="5.302180002104815">
    <ele>43.480000000000004</ele>
   </trkpt>
   <trkpt lat="51.05087" lon="5.30206">
    <ele>43.45</ele>
   </trkpt>
   <trkpt lat="51.051210000000005" lon="5.301900000000001">
    <ele>43.53000000000001</ele>
   </trkpt>
   <trkpt lat="51.05203" lon="5.3013200000000005">
    <ele>43.54</ele>
   </trkpt>
   <trkpt lat="51.05234" lon="5.3011800000000004">
    <ele>43.480000000000004</ele>
   </trkpt>
   <trkpt lat="51.05294333361867" lon="5.300970005503537">
    <ele>43.370000000000005</ele>
   </trkpt>
   <trkpt lat="51.05354666686107" lon="5.30076000553528">
    <ele>43.09</ele>
   </trkpt>
   <trkpt lat="51.05415000000001" lon="5.30055">
    <ele>43.260000000000005</ele>
   </trkpt>
   <trkpt lat="51.05429" lon="5.300520000000001">
    <ele>43.34</ele>
   </trkpt>
   <trkpt lat="51.054520000000004" lon="5.300520000000001">
    <ele>43.45</ele>
   </trkpt>
   <trkpt lat="51.054730000000006" lon="5.300560000000001">
    <ele>43.60000000000001</ele>
   </trkpt>
   <trkpt lat="51.055110000000006" lon="5.30062">
    <ele>43.730000000000004</ele>
   </trkpt>
   <trkpt lat="51.055400000000006" lon="5.300630000000001">
    <ele>43.93</ele>
   </trkpt>
   <trkpt lat="51.05572" lon="5.3005700000000004">
    <ele>43.99</ele>
   </trkpt>
   <trkpt lat="51.056450000000005" lon="5.300350000000001">
    <ele>44.49</ele>
   </trkpt>
   <trkpt lat="51.05646" lon="5.300350000000001">
    <ele>44.49</ele>
   </trkpt>
   <trkpt lat="51.05702" lon="5.300160000000001">
    <ele>44.81</ele>
   </trkpt>
   <trkpt lat="51.057370000000006" lon="5.29997">
    <ele>45.35</ele>
   </trkpt>
   <trkpt lat="51.05808500118559" lon="5.299430008383023">
    <ele>45.89000000000001</ele>
   </trkpt>
   <trkpt lat="51.058800000000005" lon="5.29889">
    <ele>46.78</ele>
   </trkpt>
   <trkpt lat="51.05926" lon="5.2986200000000006">
    <ele>47.150000000000006</ele>
   </trkpt>
   <trkpt lat="51.05979500032092" lon="5.298365002925914">
    <ele>47.35</ele>
   </trkpt>
   <trkpt lat="51.06033000000001" lon="5.29811">
    <ele>47.27</ele>
   </trkpt>
   <trkpt lat="51.06065" lon="5.29785">
    <ele>47.27</ele>
   </trkpt>
   <trkpt lat="51.061060000000005" lon="5.29736">
    <ele>46.96</ele>
   </trkpt>
   <trkpt lat="51.061370000000004" lon="5.2970500000000005">
    <ele>46.88</ele>
   </trkpt>
   <trkpt lat="51.06168" lon="5.29684">
    <ele>46.63</ele>
   </trkpt>
   <trkpt lat="51.061960000000006" lon="5.2967">
    <ele>46.53</ele>
   </trkpt>
   <trkpt lat="51.06241000000001" lon="5.29657">
    <ele>46.36000000000001</ele>
   </trkpt>
   <trkpt lat="51.06326000000001" lon="5.296430000000001">
    <ele>46.6</ele>
   </trkpt>
   <trkpt lat="51.06351" lon="5.296320000000001">
    <ele>46.760000000000005</ele>
   </trkpt>
   <trkpt lat="51.06374" lon="5.296150000000001">
    <ele>46.81</ele>
   </trkpt>
   <trkpt lat="51.063930000000006" lon="5.29595">
    <ele>47.00000000000001</ele>
   </trkpt>
   <trkpt lat="51.06443" lon="5.29532">
    <ele>45.8</ele>
   </trkpt>
   <trkpt lat="51.064930000000004" lon="5.294700000000001">
    <ele>45.56</ele>
   </trkpt>
   <trkpt lat="51.06544000167836" lon="5.294105006359397">
    <ele>45.31</ele>
   </trkpt>
   <trkpt lat="51.06595" lon="5.29351">
    <ele>45.69</ele>
   </trkpt>
   <trkpt lat="51.066680000000005" lon="5.2927100000000005">
    <ele>46.36000000000001</ele>
   </trkpt>
   <trkpt lat="51.06734500185389" lon="5.292050009486674">
    <ele>46.75000000000001</ele>
   </trkpt>
   <trkpt lat="51.06801" lon="5.291390000000001">
    <ele>47.150000000000006</ele>
   </trkpt>
   <trkpt lat="51.06863000164087" lon="5.290765008397945">
    <ele>46.410000000000004</ele>
   </trkpt>
   <trkpt lat="51.069250000000004" lon="5.29014">
    <ele>46.62</ele>
   </trkpt>
   <trkpt lat="51.06977667020791" lon="5.2895000145090725">
    <ele>46.220000000000006</ele>
   </trkpt>
   <trkpt lat="51.070303336921384" lon="5.288860014452415">
    <ele>45.88</ele>
   </trkpt>
   <trkpt lat="51.07083" lon="5.288220000000001">
    <ele>45.76</ele>
   </trkpt>
   <trkpt lat="51.071220000000004" lon="5.287750000000001">
    <ele>45.67</ele>
   </trkpt>
   <trkpt lat="51.071380000000005" lon="5.2877">
    <ele>45.61000000000001</ele>
   </trkpt>
   <trkpt lat="51.07141000000001" lon="5.287540000000001">
    <ele>45.540000000000006</ele>
   </trkpt>
   <trkpt lat="51.071260002747074" lon="5.286739997497784">
    <ele>45.14000000000001</ele>
   </trkpt>
   <trkpt lat="51.071110000000004" lon="5.28594">
    <ele>44.660000000000004</ele>
   </trkpt>
   <trkpt lat="51.07097500291646" lon="5.285114997673558">
    <ele>44.07000000000001</ele>
   </trkpt>
   <trkpt lat="51.070840000000004" lon="5.28429">
    <ele>43.61</ele>
   </trkpt>
   <trkpt lat="51.070710000000005" lon="5.2838400000000005">
    <ele>43.39</ele>
   </trkpt>
   <trkpt lat="51.07046500189363" lon="5.2831649962890905">
    <ele>43.13</ele>
   </trkpt>
   <trkpt lat="51.070220000000006" lon="5.28249">
    <ele>42.93</ele>
   </trkpt>
   <trkpt lat="51.070130000000006" lon="5.282330000000001">
    <ele>42.940000000000005</ele>
   </trkpt>
   <trkpt lat="51.06965" lon="5.281610000000001">
    <ele>42.870000000000005</ele>
   </trkpt>
   <trkpt lat="51.06924" lon="5.280620000000001">
    <ele>42.47</ele>
   </trkpt>
   <trkpt lat="51.06892500735608" lon="5.279304990965034">
    <ele>42.42000000000001</ele>
   </trkpt>
   <trkpt lat="51.06861000000001" lon="5.277990000000001">
    <ele>42.07</ele>
   </trkpt>
   <trkpt lat="51.06821500634473" lon="5.276769989574409">
    <ele>41.470000000000006</ele>
   </trkpt>
   <trkpt lat="51.067820000000005" lon="5.275550000000001">
    <ele>41.28</ele>
   </trkpt>
   <trkpt lat="51.067820000000005" lon="5.27554">
    <ele>41.27</ele>
   </trkpt>
   <trkpt lat="51.0677" lon="5.2751600000000005">
    <ele>41.13</ele>
   </trkpt>
   <trkpt lat="51.067550000000004" lon="5.274830000000001">
    <ele>41.050000000000004</ele>
   </trkpt>
   <trkpt lat="51.067310000000006" lon="5.2746200000000005">
    <ele>40.95</ele>
   </trkpt>
   <trkpt lat="51.06705" lon="5.27449">
    <ele>40.800000000000004</ele>
   </trkpt>
   <trkpt lat="51.066790000000005" lon="5.274260000000001">
    <ele>40.77</ele>
   </trkpt>
   <trkpt lat="51.066230009132425" lon="5.273527964562527">
    <ele>40.980000000000004</ele>
   </trkpt>
   <trkpt lat="51.065670013693" lon="5.2727959468373315">
    <ele>41.06</ele>
   </trkpt>
   <trkpt lat="51.06511001368193" lon="5.272063946823776">
    <ele>40.84</ele>
   </trkpt>
   <trkpt lat="51.064550009099435" lon="5.271331964521224">
    <ele>40.52</ele>
   </trkpt>
   <trkpt lat="51.063990000000004" lon="5.270600000000001">
    <ele>39.96</ele>
   </trkpt>
   <trkpt lat="51.06400000000001" lon="5.2706100000000005">
    <ele>39.96</ele>
   </trkpt>
   <trkpt lat="51.06365" lon="5.27015">
    <ele>40.160000000000004</ele>
   </trkpt>
   <trkpt lat="51.06363" lon="5.270040000000001">
    <ele>40.160000000000004</ele>
   </trkpt>
   <trkpt lat="51.06363" lon="5.26989">
    <ele>40.2</ele>
   </trkpt>
   <trkpt lat="51.064040000000006" lon="5.269990000000001">
    <ele>40.080000000000005</ele>
   </trkpt>
   <trkpt lat="51.064640000000004" lon="5.2702100000000005">
    <ele>40.2</ele>
   </trkpt>
   <trkpt lat="51.06483000000001" lon="5.270250000000001">
    <ele>40.2</ele>
   </trkpt>
   <trkpt lat="51.064980000000006" lon="5.2702800000000005">
    <ele>40.2</ele>
   </trkpt>
   <trkpt lat="51.065180000000005" lon="5.2702800000000005">
    <ele>40.2</ele>
   </trkpt>
   <trkpt lat="51.06544" lon="5.27027">
    <ele>40.160000000000004</ele>
   </trkpt>
   <trkpt lat="51.065740000000005" lon="5.27019">
    <ele>40.050000000000004</ele>
   </trkpt>
   <trkpt lat="51.06609" lon="5.27003">
    <ele>39.99</ele>
   </trkpt>
   <trkpt lat="51.066840000000006" lon="5.269520000000001">
    <ele>40.06</ele>
   </trkpt>
   <trkpt lat="51.067170000000004" lon="5.269310000000001">
    <ele>40.06</ele>
   </trkpt>
   <trkpt lat="51.067400000000006" lon="5.26919">
    <ele>39.940000000000005</ele>
   </trkpt>
   <trkpt lat="51.06768" lon="5.26907">
    <ele>39.940000000000005</ele>
   </trkpt>
   <trkpt lat="51.06847000066089" lon="5.268803342418302">
    <ele>40.019999999999996</ele>
   </trkpt>
   <trkpt lat="51.06926000071509" lon="5.268536675733524">
    <ele>40.11</ele>
   </trkpt>
   <trkpt lat="51.07005" lon="5.26827">
    <ele>39.85</ele>
   </trkpt>
   <trkpt lat="51.070370000000004" lon="5.26813">
    <ele>39.86000000000001</ele>
   </trkpt>
   <trkpt lat="51.07058000000001" lon="5.26799">
    <ele>39.99</ele>
   </trkpt>
   <trkpt lat="51.07086" lon="5.26775">
    <ele>40.019999999999996</ele>
   </trkpt>
   <trkpt lat="51.07114000000001" lon="5.26743">
    <ele>39.980000000000004</ele>
   </trkpt>
   <trkpt lat="51.07141000000001" lon="5.267040000000001">
    <ele>40.050000000000004</ele>
   </trkpt>
   <trkpt lat="51.0717400013437" lon="5.266470004137483">
    <ele>40.24</ele>
   </trkpt>
   <trkpt lat="51.072070000000004" lon="5.2659">
    <ele>40.36</ele>
   </trkpt>
   <trkpt lat="51.07215000000001" lon="5.26578">
    <ele>40.36</ele>
   </trkpt>
   <trkpt lat="51.07233" lon="5.26555">
    <ele>40.49</ele>
   </trkpt>
   <trkpt lat="51.07265" lon="5.265230000000001">
    <ele>40.38</ele>
   </trkpt>
   <trkpt lat="51.07342000176172" lon="5.264595010531601">
    <ele>40.43</ele>
   </trkpt>
   <trkpt lat="51.07419" lon="5.263960000000001">
    <ele>41.17</ele>
   </trkpt>
   <trkpt lat="51.074290000000005" lon="5.263870000000001">
    <ele>41.43</ele>
   </trkpt>
   <trkpt lat="51.074540000000006" lon="5.26356">
    <ele>41.81000000000001</ele>
   </trkpt>
   <trkpt lat="51.0748" lon="5.26313">
    <ele>42.60000000000001</ele>
   </trkpt>
   <trkpt lat="51.07519251107622" lon="5.262200023645794">
    <ele>43.370000000000005</ele>
   </trkpt>
   <trkpt lat="51.07558501477408" lon="5.261270031514484">
    <ele>43.76</ele>
   </trkpt>
   <trkpt lat="51.075977511093384" lon="5.260340023605879">
    <ele>44.4</ele>
   </trkpt>
   <trkpt lat="51.076370000000004" lon="5.259410000000001">
    <ele>44.74</ele>
   </trkpt>
   <trkpt lat="51.07667500241683" lon="5.258670004681287">
    <ele>44.85</ele>
   </trkpt>
   <trkpt lat="51.076980000000006" lon="5.25793">
    <ele>45.050000000000004</ele>
   </trkpt>
   <trkpt lat="51.077070000000006" lon="5.25778">
    <ele>45.08</ele>
   </trkpt>
   <trkpt lat="51.07744500341373" lon="5.256885007261043">
    <ele>45.15</ele>
   </trkpt>
   <trkpt lat="51.07782" lon="5.255990000000001">
    <ele>45.33</ele>
   </trkpt>
   <trkpt lat="51.07813" lon="5.2553600000000005">
    <ele>45.730000000000004</ele>
   </trkpt>
   <trkpt lat="51.078520000000005" lon="5.25478">
    <ele>46.07000000000001</ele>
   </trkpt>
   <trkpt lat="51.07909" lon="5.25412">
    <ele>46.05</ele>
   </trkpt>
   <trkpt lat="51.079545000910635" lon="5.253675004311839">
    <ele>45.790000000000006</ele>
   </trkpt>
   <trkpt lat="51.080000000000005" lon="5.25323">
    <ele>45.61000000000001</ele>
   </trkpt>
   <trkpt lat="51.08075500263582" lon="5.25246001245703">
    <ele>44.94</ele>
   </trkpt>
   <trkpt lat="51.08151" lon="5.251690000000001">
    <ele>43.53000000000001</ele>
   </trkpt>
   <trkpt lat="51.08214000359222" lon="5.251040017716188">
    <ele>42.39</ele>
   </trkpt>
   <trkpt lat="51.08277000358029" lon="5.250390017728806">
    <ele>41.64</ele>
   </trkpt>
   <trkpt lat="51.083400000000005" lon="5.24974">
    <ele>41.470000000000006</ele>
   </trkpt>
   <trkpt lat="51.084010000000006" lon="5.24915">
    <ele>41.64</ele>
   </trkpt>
   <trkpt lat="51.084360000000004" lon="5.24887">
    <ele>41.480000000000004</ele>
   </trkpt>
   <trkpt lat="51.08487" lon="5.248570000000001">
    <ele>41.64</ele>
   </trkpt>
   <trkpt lat="51.085515000311865" lon="5.248280004064882">
    <ele>41.620000000000005</ele>
   </trkpt>
   <trkpt lat="51.08616000000001" lon="5.247990000000001">
    <ele>41.71</ele>
   </trkpt>
   <trkpt lat="51.08655" lon="5.247850000000001">
    <ele>41.940000000000005</ele>
   </trkpt>
   <trkpt lat="51.08688" lon="5.247660000000001">
    <ele>41.6</ele>
   </trkpt>
   <trkpt lat="51.087740000000004" lon="5.247260000000001">
    <ele>41.080000000000005</ele>
   </trkpt>
   <trkpt lat="51.08776" lon="5.24725">
    <ele>41.07</ele>
   </trkpt>
   <trkpt lat="51.08827" lon="5.24702">
    <ele>40.940000000000005</ele>
   </trkpt>
   <trkpt lat="51.08832" lon="5.24699">
    <ele>41.120000000000005</ele>
   </trkpt>
   <trkpt lat="51.08838" lon="5.2468900000000005">
    <ele>41.120000000000005</ele>
   </trkpt>
   <trkpt lat="51.08847" lon="5.24701">
    <ele>41.120000000000005</ele>
   </trkpt>
   <trkpt lat="51.08849000000001" lon="5.24709">
    <ele>41.120000000000005</ele>
   </trkpt>
   <trkpt lat="51.088640000000005" lon="5.248080000000001">
    <ele>41.38</ele>
   </trkpt>
   <trkpt lat="51.088840000000005" lon="5.24795">
    <ele>41.21</ele>
   </trkpt>
   <trkpt lat="51.08948" lon="5.24744">
    <ele>41.080000000000005</ele>
   </trkpt>
   <trkpt lat="51.09003500055869" lon="5.247080004316306">
    <ele>40.95</ele>
   </trkpt>
   <trkpt lat="51.090590000000006" lon="5.246720000000001">
    <ele>40.99</ele>
   </trkpt>
   <trkpt lat="51.091080000000005" lon="5.24622">
    <ele>40.99</ele>
   </trkpt>
   <trkpt lat="51.09127" lon="5.245990000000001">
    <ele>40.830000000000005</ele>
   </trkpt>
   <trkpt lat="51.09163" lon="5.24575">
    <ele>40.77</ele>
   </trkpt>
   <trkpt lat="51.09217" lon="5.24563">
    <ele>40.75</ele>
   </trkpt>
   <trkpt lat="51.09254000000001" lon="5.245690000000001">
    <ele>40.78</ele>
   </trkpt>
   <trkpt lat="51.09295" lon="5.24598">
    <ele>40.870000000000005</ele>
   </trkpt>
   <trkpt lat="51.093160000000005" lon="5.2460700000000005">
    <ele>40.870000000000005</ele>
   </trkpt>
   <trkpt lat="51.0934" lon="5.246090000000001">
    <ele>40.93</ele>
   </trkpt>
   <trkpt lat="51.09348000000001" lon="5.24608">
    <ele>40.93</ele>
   </trkpt>
   <trkpt lat="51.093700000000005" lon="5.246">
    <ele>40.93</ele>
   </trkpt>
   <trkpt lat="51.093790000000006" lon="5.245950000000001">
    <ele>40.980000000000004</ele>
   </trkpt>
   <trkpt lat="51.09389" lon="5.24584">
    <ele>40.980000000000004</ele>
   </trkpt>
   <trkpt lat="51.09394" lon="5.24575">
    <ele>40.980000000000004</ele>
   </trkpt>
   <trkpt lat="51.093990000000005" lon="5.245450000000001">
    <ele>40.980000000000004</ele>
   </trkpt>
   <trkpt lat="51.094030000000004" lon="5.24472">
    <ele>40.870000000000005</ele>
   </trkpt>
   <trkpt lat="51.094080000000005" lon="5.2441">
    <ele>40.900000000000006</ele>
   </trkpt>
   <trkpt lat="51.09432667361486" lon="5.243196676349152">
    <ele>41.190000000000005</ele>
   </trkpt>
   <trkpt lat="51.094573340269264" lon="5.242293343060839">
    <ele>41.14</ele>
   </trkpt>
   <trkpt lat="51.094820000000006" lon="5.24139">
    <ele>41.07</ele>
   </trkpt>
   <trkpt lat="51.09489000000001" lon="5.241180000000001">
    <ele>41.07</ele>
   </trkpt>
   <trkpt lat="51.095020000000005" lon="5.240970000000001">
    <ele>40.95</ele>
   </trkpt>
   <trkpt lat="51.094770000000004" lon="5.24005">
    <ele>41.29</ele>
   </trkpt>
   <trkpt lat="51.094570000000004" lon="5.23902">
    <ele>41.57</ele>
   </trkpt>
   <trkpt lat="51.094440000000006" lon="5.2384">
    <ele>41.690000000000005</ele>
   </trkpt>
   <trkpt lat="51.09436" lon="5.2378">
    <ele>41.63</ele>
   </trkpt>
   <trkpt lat="51.09425" lon="5.23733">
    <ele>41.6</ele>
   </trkpt>
   <trkpt lat="51.09402000000001" lon="5.23651">
    <ele>41.29</ele>
   </trkpt>
   <trkpt lat="51.09373" lon="5.235790000000001">
    <ele>42.260000000000005</ele>
   </trkpt>
   <trkpt lat="51.093740000000004" lon="5.23528">
    <ele>42.260000000000005</ele>
   </trkpt>
   <trkpt lat="51.09361751888872" lon="5.234064990348291">
    <ele>39.46</ele>
   </trkpt>
   <trkpt lat="51.09349502518513" lon="5.232849987133229">
    <ele>39.470000000000006</ele>
   </trkpt>
   <trkpt lat="51.093372518889375" lon="5.23163499035541">
    <ele>39.470000000000006</ele>
   </trkpt>
   <trkpt lat="51.093250000000005" lon="5.2304200000000005">
    <ele>39.089999999999996</ele>
   </trkpt>
   <trkpt lat="51.093250000000005" lon="5.229850000000001">
    <ele>39.07</ele>
   </trkpt>
   <trkpt lat="51.093290003226734" lon="5.22898000078389">
    <ele>38.78</ele>
   </trkpt>
   <trkpt lat="51.09333" lon="5.22811">
    <ele>38.790000000000006</ele>
   </trkpt>
   <trkpt lat="51.09349" lon="5.22789">
    <ele>38.790000000000006</ele>
   </trkpt>
   <trkpt lat="51.093700000000005" lon="5.227670000000001">
    <ele>38.85</ele>
   </trkpt>
   <trkpt lat="51.09439000109388" lon="5.227175007351242">
    <ele>38.68000000000001</ele>
   </trkpt>
   <trkpt lat="51.09508" lon="5.22668">
    <ele>38.39</ele>
   </trkpt>
   <trkpt lat="51.09568" lon="5.22635">
    <ele>38.67</ele>
   </trkpt>
   <trkpt lat="51.096410000000006" lon="5.225960000000001">
    <ele>39.550000000000004</ele>
   </trkpt>
   <trkpt lat="51.09649" lon="5.22588">
    <ele>39.550000000000004</ele>
   </trkpt>
   <trkpt lat="51.09658" lon="5.225650000000001">
    <ele>39.550000000000004</ele>
   </trkpt>
   <trkpt lat="51.09740000000001" lon="5.2258000000000004">
    <ele>40.120000000000005</ele>
   </trkpt>
   <trkpt lat="51.09742000000001" lon="5.22562">
    <ele>40.34</ele>
   </trkpt>
   <trkpt lat="51.09749000000001" lon="5.2254000000000005">
    <ele>40.59</ele>
   </trkpt>
   <trkpt lat="51.09817" lon="5.22503">
    <ele>41.150000000000006</ele>
   </trkpt>
   <trkpt lat="51.09854000000001" lon="5.2248600000000005">
    <ele>41.330000000000005</ele>
   </trkpt>
   <trkpt lat="51.09912000028515" lon="5.224590003399158">
    <ele>41.550000000000004</ele>
   </trkpt>
   <trkpt lat="51.099700000000006" lon="5.2243200000000005">
    <ele>42.230000000000004</ele>
   </trkpt>
   <trkpt lat="51.09977000000001" lon="5.22419">
    <ele>42.260000000000005</ele>
   </trkpt>
   <trkpt lat="51.099790000000006" lon="5.224010000000001">
    <ele>42.260000000000005</ele>
   </trkpt>
   <trkpt lat="51.0998" lon="5.22346">
    <ele>42.42000000000001</ele>
   </trkpt>
   <trkpt lat="51.09983500703841" lon="5.222175001109298">
    <ele>42.870000000000005</ele>
   </trkpt>
   <trkpt lat="51.09987" lon="5.220890000000001">
    <ele>43.13</ele>
   </trkpt>
   <trkpt lat="51.09993000000001" lon="5.22069">
    <ele>43.2</ele>
   </trkpt>
   <trkpt lat="51.10002" lon="5.2205">
    <ele>43.32</ele>
   </trkpt>
   <trkpt lat="51.10011" lon="5.22039">
    <ele>43.32</ele>
   </trkpt>
   <trkpt lat="51.10043" lon="5.220210000000001">
    <ele>43.02</ele>
   </trkpt>
   <trkpt lat="51.10054" lon="5.22011">
    <ele>42.82</ele>
   </trkpt>
   <trkpt lat="51.100640000000006" lon="5.219880000000001">
    <ele>42.65</ele>
   </trkpt>
   <trkpt lat="51.10078000000001" lon="5.21896">
    <ele>42.34</ele>
   </trkpt>
   <trkpt lat="51.100930000000005" lon="5.2176100000000005">
    <ele>41.88</ele>
   </trkpt>
   <trkpt lat="51.10094" lon="5.2174000000000005">
    <ele>41.690000000000005</ele>
   </trkpt>
   <trkpt lat="51.10096000000001" lon="5.217180000000001">
    <ele>41.6</ele>
   </trkpt>
   <trkpt lat="51.100930000000005" lon="5.21675">
    <ele>41.120000000000005</ele>
   </trkpt>
   <trkpt lat="51.10087000000001" lon="5.216550000000001">
    <ele>41.120000000000005</ele>
   </trkpt>
   <trkpt lat="51.100505002589955" lon="5.215779994050186">
    <ele>40.870000000000005</ele>
   </trkpt>
   <trkpt lat="51.10014" lon="5.21501">
    <ele>40.470000000000006</ele>
   </trkpt>
   <trkpt lat="51.09987" lon="5.21448">
    <ele>40.040000000000006</ele>
   </trkpt>
   <trkpt lat="51.099390005204384" lon="5.213384988838555">
    <ele>40.03</ele>
   </trkpt>
   <trkpt lat="51.098910000000004" lon="5.21229">
    <ele>38.46</ele>
   </trkpt>
   <trkpt lat="51.098760000000006" lon="5.21199">
    <ele>38.02</ele>
   </trkpt>
   <trkpt lat="51.09836000000001" lon="5.211340000000001">
    <ele>37.410000000000004</ele>
   </trkpt>
   <trkpt lat="51.0980200019263" lon="5.210664995002759">
    <ele>36.68000000000001</ele>
   </trkpt>
   <trkpt lat="51.097680000000004" lon="5.20999">
    <ele>36.21000000000001</ele>
   </trkpt>
   <trkpt lat="51.09733500208015" lon="5.209274994457343">
    <ele>36.03</ele>
   </trkpt>
   <trkpt lat="51.096990000000005" lon="5.20856">
    <ele>35.74</ele>
   </trkpt>
   <trkpt lat="51.09689" lon="5.208270000000001">
    <ele>35.730000000000004</ele>
   </trkpt>
   <trkpt lat="51.09684000000001" lon="5.20805">
    <ele>35.76</ele>
   </trkpt>
   <trkpt lat="51.096920000000004" lon="5.207610000000001">
    <ele>35.72</ele>
   </trkpt>
   <trkpt lat="51.09684000000001" lon="5.2073">
    <ele>35.5</ele>
   </trkpt>
   <trkpt lat="51.096225003964655" lon="5.206329987022295">
    <ele>33.99</ele>
   </trkpt>
   <trkpt lat="51.09561" lon="5.205360000000001">
    <ele>33.120000000000005</ele>
   </trkpt>
   <trkpt lat="51.09519" lon="5.204700000000001">
    <ele>33.160000000000004</ele>
   </trkpt>
   <trkpt lat="51.09503" lon="5.204420000000001">
    <ele>33.620000000000005</ele>
   </trkpt>
   <trkpt lat="51.09542500990429" lon="5.20354002256103">
    <ele>33.82</ele>
   </trkpt>
   <trkpt lat="51.09582001320326" lon="5.202660030087273">
    <ele>33.980000000000004</ele>
   </trkpt>
   <trkpt lat="51.09621500989674" lon="5.201780022578514">
    <ele>34.22</ele>
   </trkpt>
   <trkpt lat="51.096610000000005" lon="5.200900000000001">
    <ele>34.550000000000004</ele>
   </trkpt>
   <trkpt lat="51.096810000000005" lon="5.200240000000001">
    <ele>34.88</ele>
   </trkpt>
   <trkpt lat="51.09693000000001" lon="5.1993100000000005">
    <ele>35.21000000000001</ele>
   </trkpt>
   <trkpt lat="51.09704334514909" lon="5.198133339040045">
    <ele>35.410000000000004</ele>
   </trkpt>
   <trkpt lat="51.097156678488396" lon="5.196956672311422">
    <ele>35.54</ele>
   </trkpt>
   <trkpt lat="51.09727" lon="5.19578">
    <ele>35.5</ele>
   </trkpt>
   <trkpt lat="51.09736" lon="5.19488">
    <ele>35.45</ele>
   </trkpt>
   <trkpt lat="51.09741" lon="5.194610000000001">
    <ele>35.5</ele>
   </trkpt>
   <trkpt lat="51.09749000000001" lon="5.19435">
    <ele>35.5</ele>
   </trkpt>
   <trkpt lat="51.09761" lon="5.194100000000001">
    <ele>35.63</ele>
   </trkpt>
   <trkpt lat="51.098010002493915" lon="5.19332500683594">
    <ele>35.730000000000004</ele>
   </trkpt>
   <trkpt lat="51.09841" lon="5.192550000000001">
    <ele>36.27</ele>
   </trkpt>
   <trkpt lat="51.09812" lon="5.192060000000001">
    <ele>36.14000000000001</ele>
   </trkpt>
   <trkpt lat="51.09792" lon="5.19153">
    <ele>36.33</ele>
   </trkpt>
   <trkpt lat="51.097910000000006" lon="5.191520000000001">
    <ele>36.33</ele>
   </trkpt>
   <trkpt lat="51.097640000000006" lon="5.19078">
    <ele>36.74</ele>
   </trkpt>
   <trkpt lat="51.097460000000005" lon="5.19054">
    <ele>36.78</ele>
   </trkpt>
   <trkpt lat="51.09686000000001" lon="5.19024">
    <ele>36.410000000000004</ele>
   </trkpt>
   <trkpt lat="51.09675000000001" lon="5.19017">
    <ele>36.410000000000004</ele>
   </trkpt>
   <trkpt lat="51.096470000000004" lon="5.18987">
    <ele>36.01</ele>
   </trkpt>
   <trkpt lat="51.096320000000006" lon="5.18958">
    <ele>35.69</ele>
   </trkpt>
   <trkpt lat="51.09602000297644" lon="5.188744994590325">
    <ele>35.2</ele>
   </trkpt>
   <trkpt lat="51.09572000000001" lon="5.1879100000000005">
    <ele>35.06</ele>
   </trkpt>
   <trkpt lat="51.09554000209053" lon="5.1872099972778765">
    <ele>34.59</ele>
   </trkpt>
   <trkpt lat="51.09536000000001" lon="5.18651">
    <ele>34.33</ele>
   </trkpt>
   <trkpt lat="51.095270000000006" lon="5.18623">
    <ele>34.33</ele>
   </trkpt>
   <trkpt lat="51.09485" lon="5.185490000000001">
    <ele>33.99</ele>
   </trkpt>
   <trkpt lat="51.09467" lon="5.1851">
    <ele>33.910000000000004</ele>
   </trkpt>
   <trkpt lat="51.09444500245197" lon="5.1843549966558236">
    <ele>33.78</ele>
   </trkpt>
   <trkpt lat="51.09422000000001" lon="5.183610000000001">
    <ele>34.04</ele>
   </trkpt>
   <trkpt lat="51.09414" lon="5.183260000000001">
    <ele>34.47</ele>
   </trkpt>
   <trkpt lat="51.09414" lon="5.18327">
    <ele>34.47</ele>
   </trkpt>
   <trkpt lat="51.09405" lon="5.182910000000001">
    <ele>35.07</ele>
   </trkpt>
   <trkpt lat="51.094515000639426" lon="5.182520003929634">
    <ele>35.300000000000004</ele>
   </trkpt>
   <trkpt lat="51.09498000000001" lon="5.182130000000001">
    <ele>35.45</ele>
   </trkpt>
   <trkpt lat="51.09516000000001" lon="5.18201">
    <ele>36.08</ele>
   </trkpt>
   <trkpt lat="51.09563000000001" lon="5.181760000000001">
    <ele>36.44</ele>
   </trkpt>
   <trkpt lat="51.09639750149812" lon="5.1814175170568015">
    <ele>37.160000000000004</ele>
   </trkpt>
   <trkpt lat="51.09716500199567" lon="5.181075022743673">
    <ele>38.17</ele>
   </trkpt>
   <trkpt lat="51.09793250149265" lon="5.180732517059939">
    <ele>38.89</ele>
   </trkpt>
   <trkpt lat="51.0987" lon="5.18039">
    <ele>39.620000000000005</ele>
   </trkpt>
   <trkpt lat="51.099180000000004" lon="5.180230000000001">
    <ele>39.88</ele>
   </trkpt>
   <trkpt lat="51.09999000021455" lon="5.180070002782448">
    <ele>40.25</ele>
   </trkpt>
   <trkpt lat="51.10080000000001" lon="5.1799100000000005">
    <ele>40.830000000000005</ele>
   </trkpt>
   <trkpt lat="51.10103" lon="5.179860000000001">
    <ele>40.93</ele>
   </trkpt>
   <trkpt lat="51.101310000000005" lon="5.17977">
    <ele>41.18</ele>
   </trkpt>
   <trkpt lat="51.10148" lon="5.17968">
    <ele>41.18</ele>
   </trkpt>
   <trkpt lat="51.10183000000001" lon="5.179410000000001">
    <ele>41.79</ele>
   </trkpt>
   <trkpt lat="51.102000000000004" lon="5.17924">
    <ele>41.95</ele>
   </trkpt>
   <trkpt lat="51.101980000000005" lon="5.17914">
    <ele>41.57</ele>
   </trkpt>
   <trkpt lat="51.10203000725865" lon="5.177835001522838">
    <ele>41.550000000000004</ele>
   </trkpt>
   <trkpt lat="51.10208" lon="5.1765300000000005">
    <ele>41.080000000000005</ele>
   </trkpt>
   <trkpt lat="51.10208" lon="5.17652">
    <ele>41.080000000000005</ele>
   </trkpt>
   <trkpt lat="51.10210000000001" lon="5.17574">
    <ele>41.080000000000005</ele>
   </trkpt>
   <trkpt lat="51.10202" lon="5.17567">
    <ele>41.11</ele>
   </trkpt>
   <trkpt lat="51.10173667309261" lon="5.174803322769057">
    <ele>40.82</ele>
   </trkpt>
   <trkpt lat="51.101453339778544" lon="5.1739366561615">
    <ele>40.57</ele>
   </trkpt>
   <trkpt lat="51.10117" lon="5.17307">
    <ele>40.550000000000004</ele>
   </trkpt>
   <trkpt lat="51.10090000372932" lon="5.172139994708807">
    <ele>40.25</ele>
   </trkpt>
   <trkpt lat="51.10063" lon="5.17121">
    <ele>39.7</ele>
   </trkpt>
   <trkpt lat="51.100350000000006" lon="5.17049">
    <ele>39.39</ele>
   </trkpt>
   <trkpt lat="51.09998" lon="5.16957">
    <ele>39.17</ele>
   </trkpt>
   <trkpt lat="51.09996" lon="5.16933">
    <ele>39.18000000000001</ele>
   </trkpt>
   <trkpt lat="51.09967" lon="5.16929">
    <ele>39.11000000000001</ele>
   </trkpt>
   <trkpt lat="51.09967" lon="5.169020000000001">
    <ele>39.120000000000005</ele>
   </trkpt>
   <trkpt lat="51.099360000000004" lon="5.168100000000001">
    <ele>39.839999999999996</ele>
   </trkpt>
   <trkpt lat="51.09924" lon="5.16727">
    <ele>40.269999999999996</ele>
   </trkpt>
   <trkpt lat="51.098940000000006" lon="5.16603">
    <ele>40.040000000000006</ele>
   </trkpt>
   <trkpt lat="51.098890000000004" lon="5.16554">
    <ele>40.269999999999996</ele>
   </trkpt>
   <trkpt lat="51.098840004560365" lon="5.164504998710645">
    <ele>39.470000000000006</ele>
   </trkpt>
   <trkpt lat="51.09879" lon="5.16347">
    <ele>38.13</ele>
   </trkpt>
   <trkpt lat="51.09879" lon="5.163460000000001">
    <ele>38.13</ele>
   </trkpt>
   <trkpt lat="51.09874000000001" lon="5.1623600000000005">
    <ele>36.68000000000001</ele>
   </trkpt>
   <trkpt lat="51.09868" lon="5.161860000000001">
    <ele>35.77</ele>
   </trkpt>
   <trkpt lat="51.098452022324054" lon="5.1607159774227656">
    <ele>35.08</ele>
   </trkpt>
   <trkpt lat="51.0982240334847" lon="5.159571966127891">
    <ele>35.4</ele>
   </trkpt>
   <trkpt lat="51.09799603348215" lon="5.158427966115726">
    <ele>35.18</ele>
   </trkpt>
   <trkpt lat="51.09776802231658" lon="5.157283977386621">
    <ele>35.34</ele>
   </trkpt>
   <trkpt lat="51.09754" lon="5.156140000000001">
    <ele>34.74</ele>
   </trkpt>
   <trkpt lat="51.097350000000006" lon="5.1551800000000005">
    <ele>34.510000000000005</ele>
   </trkpt>
   <trkpt lat="51.097680000000004" lon="5.1547">
    <ele>33.96</ele>
   </trkpt>
   <trkpt lat="51.09713000000001" lon="5.153720000000001">
    <ele>32.120000000000005</ele>
   </trkpt>
   <trkpt lat="51.09693000000001" lon="5.15319">
    <ele>31.76</ele>
   </trkpt>
   <trkpt lat="51.09686000000001" lon="5.15289">
    <ele>31.76</ele>
   </trkpt>
   <trkpt lat="51.096565019917556" lon="5.151642476146413">
    <ele>31.230000000000004</ele>
   </trkpt>
   <trkpt lat="51.096270026560234" lon="5.150394968210655">
    <ele>31.160000000000004</ele>
   </trkpt>
   <trkpt lat="51.09597501992835" lon="5.149147476193073">
    <ele>30.310000000000002</ele>
   </trkpt>
   <trkpt lat="51.09568" lon="5.147900000000001">
    <ele>29.970000000000002</ele>
   </trkpt>
   <trkpt lat="51.09559000325903" lon="5.147024998235643">
    <ele>29.710000000000004</ele>
   </trkpt>
   <trkpt lat="51.0955" lon="5.1461500000000004">
    <ele>29.57</ele>
   </trkpt>
   <trkpt lat="51.09543000000001" lon="5.145860000000001">
    <ele>29.39</ele>
   </trkpt>
   <trkpt lat="51.09508" lon="5.14487">
    <ele>28.650000000000002</ele>
   </trkpt>
   <trkpt lat="51.09501" lon="5.144570000000001">
    <ele>28.090000000000003</ele>
   </trkpt>
   <trkpt lat="51.094930000000005" lon="5.14405">
    <ele>27.6</ele>
   </trkpt>
   <trkpt lat="51.09494" lon="5.14407">
    <ele>27.610000000000003</ele>
   </trkpt>
   <trkpt lat="51.09489000000001" lon="5.143700000000001">
    <ele>27.39</ele>
   </trkpt>
   <trkpt lat="51.09488" lon="5.14348">
    <ele>27.4</ele>
   </trkpt>
   <trkpt lat="51.09497" lon="5.14289">
    <ele>27.860000000000003</ele>
   </trkpt>
   <trkpt lat="51.09569999996865" lon="5.142909999683344">
    <ele>27.85</ele>
   </trkpt>
   <trkpt lat="51.096430000000005" lon="5.142930000000001">
    <ele>28.240000000000002</ele>
   </trkpt>
   <trkpt lat="51.096520000000005" lon="5.14294">
    <ele>28.240000000000002</ele>
   </trkpt>
   <trkpt lat="51.09673" lon="5.14301">
    <ele>28.59</ele>
   </trkpt>
   <trkpt lat="51.09691" lon="5.143090000000001">
    <ele>28.59</ele>
   </trkpt>
   <trkpt lat="51.097030000000004" lon="5.1431700000000005">
    <ele>28.59</ele>
   </trkpt>
   <trkpt lat="51.097350000000006" lon="5.143470000000001">
    <ele>28.700000000000003</ele>
   </trkpt>
   <trkpt lat="51.09774" lon="5.144010000000001">
    <ele>28.770000000000003</ele>
   </trkpt>
   <trkpt lat="51.09807000000001" lon="5.14437">
    <ele>29.110000000000003</ele>
   </trkpt>
   <trkpt lat="51.0983" lon="5.144550000000001">
    <ele>29.310000000000002</ele>
   </trkpt>
   <trkpt lat="51.09839" lon="5.1446000000000005">
    <ele>29.41</ele>
   </trkpt>
   <trkpt lat="51.098490000000005" lon="5.144620000000001">
    <ele>29.41</ele>
   </trkpt>
   <trkpt lat="51.098620000000004" lon="5.14461">
    <ele>29.550000000000004</ele>
   </trkpt>
   <trkpt lat="51.099030000000006" lon="5.1444600000000005">
    <ele>29.580000000000002</ele>
   </trkpt>
   <trkpt lat="51.09930000000001" lon="5.1443900000000005">
    <ele>29.61</ele>
   </trkpt>
   <trkpt lat="51.09962" lon="5.14435">
    <ele>29.150000000000002</ele>
   </trkpt>
   <trkpt lat="51.099720000000005" lon="5.14437">
    <ele>29.05</ele>
   </trkpt>
   <trkpt lat="51.099830000000004" lon="5.144360000000001">
    <ele>28.900000000000002</ele>
   </trkpt>
   <trkpt lat="51.099900000000005" lon="5.1443200000000004">
    <ele>28.900000000000002</ele>
   </trkpt>
   <trkpt lat="51.09991" lon="5.1443200000000004">
    <ele>28.89</ele>
   </trkpt>
   <trkpt lat="51.10047" lon="5.144270000000001">
    <ele>29.19</ele>
   </trkpt>
   <trkpt lat="51.10065" lon="5.1441300000000005">
    <ele>29.900000000000002</ele>
   </trkpt>
   <trkpt lat="51.10051000000001" lon="5.14357">
    <ele>29.68</ele>
   </trkpt>
   <trkpt lat="51.10021334889438" lon="5.142219982746502">
    <ele>29.040000000000003</ele>
   </trkpt>
   <trkpt lat="51.09991668224345" lon="5.1408699828185025">
    <ele>28.770000000000003</ele>
   </trkpt>
   <trkpt lat="51.09962" lon="5.13952">
    <ele>29.240000000000002</ele>
   </trkpt>
   <trkpt lat="51.099520000000005" lon="5.13891">
    <ele>29.880000000000003</ele>
   </trkpt>
   <trkpt lat="51.0993550225458" lon="5.137582485776439">
    <ele>33.940000000000005</ele>
   </trkpt>
   <trkpt lat="51.09919003006002" lon="5.13625498102747">
    <ele>35.58</ele>
   </trkpt>
   <trkpt lat="51.09902502254288" lon="5.134927485753836">
    <ele>35.22</ele>
   </trkpt>
   <trkpt lat="51.09886" lon="5.1336">
    <ele>35.04</ele>
   </trkpt>
   <trkpt lat="51.098760000000006" lon="5.133050000000001">
    <ele>35.03000000000001</ele>
   </trkpt>
   <trkpt lat="51.098580000000005" lon="5.132230000000001">
    <ele>35.13</ele>
   </trkpt>
   <trkpt lat="51.098440000000004" lon="5.1317200000000005">
    <ele>34.93</ele>
   </trkpt>
   <trkpt lat="51.09821" lon="5.13107">
    <ele>34.83</ele>
   </trkpt>
   <trkpt lat="51.098060000000004" lon="5.1307">
    <ele>34.78</ele>
   </trkpt>
   <trkpt lat="51.09783" lon="5.130260000000001">
    <ele>34.79</ele>
   </trkpt>
   <trkpt lat="51.097710000000006" lon="5.13001">
    <ele>34.79</ele>
   </trkpt>
   <trkpt lat="51.097550000000005" lon="5.1297500000000005">
    <ele>34.690000000000005</ele>
   </trkpt>
   <trkpt lat="51.097350000000006" lon="5.12948">
    <ele>34.800000000000004</ele>
   </trkpt>
   <trkpt lat="51.09691" lon="5.1290000000000004">
    <ele>35.03000000000001</ele>
   </trkpt>
   <trkpt lat="51.096610000000005" lon="5.128780000000001">
    <ele>35.47</ele>
   </trkpt>
   <trkpt lat="51.096340000000005" lon="5.128620000000001">
    <ele>35.910000000000004</ele>
   </trkpt>
   <trkpt lat="51.09553000094935" lon="5.128286654988974">
    <ele>37.970000000000006</ele>
   </trkpt>
   <trkpt lat="51.09472000095093" lon="5.127953321656536">
    <ele>38.790000000000006</ele>
   </trkpt>
   <trkpt lat="51.09391" lon="5.12762">
    <ele>36.56</ele>
   </trkpt>
   <trkpt lat="51.093590000000006" lon="5.127470000000001">
    <ele>34.67</ele>
   </trkpt>
   <trkpt lat="51.09286500086558" lon="5.127034993215261">
    <ele>32.86</ele>
   </trkpt>
   <trkpt lat="51.09214000000001" lon="5.126600000000001">
    <ele>30.37</ele>
   </trkpt>
   <trkpt lat="51.09160000000001" lon="5.12636">
    <ele>28.23</ele>
   </trkpt>
   <trkpt lat="51.09092000046184" lon="5.126084996012815">
    <ele>26.89</ele>
   </trkpt>
   <trkpt lat="51.09024" lon="5.12581">
    <ele>26.04</ele>
   </trkpt>
   <trkpt lat="51.089940000000006" lon="5.12565">
    <ele>25.92</ele>
   </trkpt>
   <trkpt lat="51.08975" lon="5.12553">
    <ele>25.77</ele>
   </trkpt>
   <trkpt lat="51.089330000000004" lon="5.125120000000001">
    <ele>25.43</ele>
   </trkpt>
   <trkpt lat="51.08912" lon="5.12485">
    <ele>25.28</ele>
   </trkpt>
   <trkpt lat="51.08903" lon="5.12467">
    <ele>25.28</ele>
   </trkpt>
   <trkpt lat="51.0889" lon="5.12432">
    <ele>25.370000000000005</ele>
   </trkpt>
   <trkpt lat="51.08894" lon="5.124280000000001">
    <ele>25.23</ele>
   </trkpt>
   <trkpt lat="51.08901" lon="5.12401">
    <ele>25.17</ele>
   </trkpt>
   <trkpt lat="51.08901" lon="5.123900000000001">
    <ele>25.25</ele>
   </trkpt>
   <trkpt lat="51.08892" lon="5.12349">
    <ele>25.27</ele>
   </trkpt>
   <trkpt lat="51.08883" lon="5.123290000000001">
    <ele>25.27</ele>
   </trkpt>
   <trkpt lat="51.08879" lon="5.12323">
    <ele>25.27</ele>
   </trkpt>
   <trkpt lat="51.08851000000001" lon="5.12321">
    <ele>25.18</ele>
   </trkpt>
   <trkpt lat="51.08845" lon="5.123150000000001">
    <ele>25.240000000000002</ele>
   </trkpt>
   <trkpt lat="51.08827" lon="5.12265">
    <ele>24.93</ele>
   </trkpt>
   <trkpt lat="51.087980016056406" lon="5.1215299789545226">
    <ele>25.210000000000004</ele>
   </trkpt>
   <trkpt lat="51.087690021412094" lon="5.120409971953586">
    <ele>25.27</ele>
   </trkpt>
   <trkpt lat="51.08740001606731" lon="5.119289978997389">
    <ele>25.41</ele>
   </trkpt>
   <trkpt lat="51.08711" lon="5.11817">
    <ele>25.57</ele>
   </trkpt>
   <trkpt lat="51.087030000000006" lon="5.1180200000000005">
    <ele>25.57</ele>
   </trkpt>
   <trkpt lat="51.086980000000004" lon="5.117870000000001">
    <ele>25.53</ele>
   </trkpt>
   <trkpt lat="51.08690000000001" lon="5.1177600000000005">
    <ele>25.53</ele>
   </trkpt>
   <trkpt lat="51.087050000000005" lon="5.11854">
    <ele>25.910000000000004</ele>
   </trkpt>
   <trkpt lat="51.08710000000001" lon="5.118860000000001">
    <ele>25.93</ele>
   </trkpt>
   <trkpt lat="51.08710000000001" lon="5.119000000000001">
    <ele>25.93</ele>
   </trkpt>
   <trkpt lat="51.08706" lon="5.119070000000001">
    <ele>25.93</ele>
   </trkpt>
   <trkpt lat="51.08704" lon="5.119230000000001">
    <ele>26.04</ele>
   </trkpt>
   <trkpt lat="51.087070000000004" lon="5.11934">
    <ele>26.04</ele>
   </trkpt>
   <trkpt lat="51.08713" lon="5.1193800000000005">
    <ele>26.060000000000002</ele>
   </trkpt>
   <trkpt lat="51.08719000000001" lon="5.11939">
    <ele>26.060000000000002</ele>
   </trkpt>
   <trkpt lat="51.08726000000001" lon="5.11951">
    <ele>26.060000000000002</ele>
   </trkpt>
   <trkpt lat="51.0874" lon="5.119840000000001">
    <ele>25.66</ele>
   </trkpt>
   <trkpt lat="51.08757000000001" lon="5.12044">
    <ele>25.41</ele>
   </trkpt>
   <trkpt lat="51.08787" lon="5.12162">
    <ele>25.48</ele>
   </trkpt>
   <trkpt lat="51.08806500225763" lon="5.122339997136408">
    <ele>25.36</ele>
   </trkpt>
   <trkpt lat="51.088260000000005" lon="5.123060000000001">
    <ele>25.630000000000003</ele>
   </trkpt>
   <trkpt lat="51.088260000000005" lon="5.12317">
    <ele>25.560000000000002</ele>
   </trkpt>
   <trkpt lat="51.08822000000001" lon="5.12321">
    <ele>25.61</ele>
   </trkpt>
   <trkpt lat="51.08840500201246" lon="5.123894997301358">
    <ele>25.44</ele>
   </trkpt>
   <trkpt lat="51.08859" lon="5.124580000000001">
    <ele>25.830000000000002</ele>
   </trkpt>
   <trkpt lat="51.08894" lon="5.124280000000001">
    <ele>25.23</ele>
   </trkpt>
   <trkpt lat="51.08901" lon="5.12401">
    <ele>25.17</ele>
   </trkpt>
   <trkpt lat="51.08901" lon="5.123900000000001">
    <ele>25.25</ele>
   </trkpt>
   <trkpt lat="51.08892" lon="5.12349">
    <ele>25.27</ele>
   </trkpt>
   <trkpt lat="51.08883" lon="5.123290000000001">
    <ele>25.27</ele>
   </trkpt>
   <trkpt lat="51.08879" lon="5.12323">
    <ele>25.27</ele>
   </trkpt>
   <trkpt lat="51.08851000000001" lon="5.12321">
    <ele>25.18</ele>
   </trkpt>
   <trkpt lat="51.08845" lon="5.123150000000001">
    <ele>25.240000000000002</ele>
   </trkpt>
   <trkpt lat="51.08827" lon="5.12265">
    <ele>24.87</ele>
   </trkpt>
   <trkpt lat="51.087980016056406" lon="5.1215299789545226">
    <ele>25.210000000000004</ele>
   </trkpt>
   <trkpt lat="51.087690021412094" lon="5.120409971953586">
    <ele>25.27</ele>
   </trkpt>
   <trkpt lat="51.08740001606731" lon="5.119289978997389">
    <ele>25.41</ele>
   </trkpt>
   <trkpt lat="51.08711" lon="5.11817">
    <ele>25.57</ele>
   </trkpt>
   <trkpt lat="51.087030000000006" lon="5.1180200000000005">
    <ele>25.57</ele>
   </trkpt>
   <trkpt lat="51.086980000000004" lon="5.117870000000001">
    <ele>25.53</ele>
   </trkpt>
   <trkpt lat="51.08690000000001" lon="5.1177600000000005">
    <ele>25.53</ele>
   </trkpt>
   <trkpt lat="51.0865563012371" lon="5.116449931848764">
    <ele>25.57</ele>
   </trkpt>
   <trkpt lat="51.08621258783386" lon="5.11513988316717">
    <ele>25.640000000000004</ele>
   </trkpt>
   <trkpt lat="51.0858688597906" lon="5.113829853955517">
    <ele>25.650000000000002</ele>
   </trkpt>
   <trkpt lat="51.08552511710779" lon="5.112519844214106">
    <ele>25.720000000000002</ele>
   </trkpt>
   <trkpt lat="51.08518135978579" lon="5.111209853943241">
    <ele>25.710000000000004</ele>
   </trkpt>
   <trkpt lat="51.08483758782502" lon="5.109899883143221">
    <ele>25.27</ele>
   </trkpt>
   <trkpt lat="51.084493801225854" lon="5.108589931814347">
    <ele>24.810000000000002</ele>
   </trkpt>
   <trkpt lat="51.08415" lon="5.10728">
    <ele>24.59</ele>
   </trkpt>
   <trkpt lat="51.08411" lon="5.10709">
    <ele>24.59</ele>
   </trkpt>
   <trkpt lat="51.08408000000001" lon="5.10677">
    <ele>24.23</ele>
   </trkpt>
   <trkpt lat="51.08408000000001" lon="5.106400000000001">
    <ele>24.23</ele>
   </trkpt>
   <trkpt lat="51.08419000000001" lon="5.1058200000000005">
    <ele>24.23</ele>
   </trkpt>
   <trkpt lat="51.08422" lon="5.1055">
    <ele>23.87</ele>
   </trkpt>
   <trkpt lat="51.08422" lon="5.10519">
    <ele>23.73</ele>
   </trkpt>
   <trkpt lat="51.08419000000001" lon="5.104850000000001">
    <ele>23.73</ele>
   </trkpt>
   <trkpt lat="51.08410000000001" lon="5.10449">
    <ele>23.650000000000002</ele>
   </trkpt>
   <trkpt lat="51.08374334338923" lon="5.103403316523173">
    <ele>23.76</ele>
   </trkpt>
   <trkpt lat="51.08338667670496" lon="5.102316649803202">
    <ele>23.73</ele>
   </trkpt>
   <trkpt lat="51.08303" lon="5.10123">
    <ele>23.21</ele>
   </trkpt>
   <trkpt lat="51.082860000000004" lon="5.1006100000000005">
    <ele>23.13</ele>
   </trkpt>
   <trkpt lat="51.082675002886845" lon="5.09978499662826">
    <ele>22.98</ele>
   </trkpt>
   <trkpt lat="51.08249000000001" lon="5.098960000000001">
    <ele>22.71</ele>
   </trkpt>
   <trkpt lat="51.08229000000001" lon="5.09769">
    <ele>22.2</ele>
   </trkpt>
   <trkpt lat="51.08222000000001" lon="5.097060000000001">
    <ele>22.12</ele>
   </trkpt>
   <trkpt lat="51.08222000000001" lon="5.09705">
    <ele>22.12</ele>
   </trkpt>
   <trkpt lat="51.08229000000001" lon="5.09769">
    <ele>22.2</ele>
   </trkpt>
   <trkpt lat="51.08249000000001" lon="5.09895">
    <ele>22.7</ele>
   </trkpt>
   <trkpt lat="51.08229000000001" lon="5.09769">
    <ele>22.2</ele>
   </trkpt>
   <trkpt lat="51.082330000000006" lon="5.09762">
    <ele>22.2</ele>
   </trkpt>
   <trkpt lat="51.082330000000006" lon="5.097460000000001">
    <ele>22.02</ele>
   </trkpt>
   <trkpt lat="51.082260000000005" lon="5.096900000000001">
    <ele>21.910000000000004</ele>
   </trkpt>
   <trkpt lat="51.08221" lon="5.09626">
    <ele>21.580000000000002</ele>
   </trkpt>
   <trkpt lat="51.082170003229635" lon="5.0953899992735785">
    <ele>21.6</ele>
   </trkpt>
   <trkpt lat="51.08213000000001" lon="5.09452">
    <ele>21.78</ele>
   </trkpt>
   <trkpt lat="51.08209" lon="5.094390000000001">
    <ele>21.94</ele>
   </trkpt>
   <trkpt lat="51.08209" lon="5.093850000000001">
    <ele>21.92</ele>
   </trkpt>
   <trkpt lat="51.08207" lon="5.093540000000001">
    <ele>21.970000000000002</ele>
   </trkpt>
   <trkpt lat="51.0819250071023" lon="5.092249995995207">
    <ele>21.96</ele>
   </trkpt>
   <trkpt lat="51.08178" lon="5.090960000000001">
    <ele>22.310000000000002</ele>
   </trkpt>
   <trkpt lat="51.08176" lon="5.09097">
    <ele>22.310000000000002</ele>
   </trkpt>
   <trkpt lat="51.08171" lon="5.0905700000000005">
    <ele>22.28</ele>
   </trkpt>
   <trkpt lat="51.081700000000005" lon="5.090210000000001">
    <ele>22.39</ele>
   </trkpt>
   <trkpt lat="51.08166000000001" lon="5.090210000000001">
    <ele>22.39</ele>
   </trkpt>
   <trkpt lat="51.08133" lon="5.0900300000000005">
    <ele>22.13</ele>
   </trkpt>
   <trkpt lat="51.0812" lon="5.0898900000000005">
    <ele>22.19</ele>
   </trkpt>
   <trkpt lat="51.08109" lon="5.089700000000001">
    <ele>22.19</ele>
   </trkpt>
   <trkpt lat="51.080940000000005" lon="5.08929">
    <ele>22.62</ele>
   </trkpt>
   <trkpt lat="51.080890000000004" lon="5.089090000000001">
    <ele>22.71</ele>
   </trkpt>
   <trkpt lat="51.08077" lon="5.08826">
    <ele>22.660000000000004</ele>
   </trkpt>
   <trkpt lat="51.08066" lon="5.08696">
    <ele>23.430000000000003</ele>
   </trkpt>
   <trkpt lat="51.08057" lon="5.086410000000001">
    <ele>23.62</ele>
   </trkpt>
   <trkpt lat="51.080490000000005" lon="5.08589">
    <ele>23.860000000000003</ele>
   </trkpt>
   <trkpt lat="51.08039" lon="5.0846800000000005">
    <ele>23.430000000000003</ele>
   </trkpt>
   <trkpt lat="51.08041000000001" lon="5.08384">
    <ele>22.860000000000003</ele>
   </trkpt>
   <trkpt lat="51.080380000000005" lon="5.083600000000001">
    <ele>22.94</ele>
   </trkpt>
   <trkpt lat="51.080360000000006" lon="5.083500000000001">
    <ele>22.94</ele>
   </trkpt>
   <trkpt lat="51.08003" lon="5.0827">
    <ele>23.17</ele>
   </trkpt>
   <trkpt lat="51.079860000000004" lon="5.08209">
    <ele>22.94</ele>
   </trkpt>
   <trkpt lat="51.079820000000005" lon="5.0818">
    <ele>23.000000000000004</ele>
   </trkpt>
   <trkpt lat="51.079750000000004" lon="5.08068">
    <ele>22.89</ele>
   </trkpt>
  </trkseg>
 </trk>
</gpx>
