<?xml version="1.0" encoding="UTF-8"?>
<gpx creator="StravaGPX" version="1.1" xmlns="http://www.topografix.com/GPX/1/1" xmlns:xsi="http://www.w3.org/2001/XMLSchema-instance" xsi:schemaLocation="http://www.topografix.com/GPX/1/1 http://www.topografix.com/GPX/1/1/gpx.xsd">
 <metadata>
  <name>Twan - Kerniel</name>
  <author>
   <name>Joeri Scapicchio</name>
   <link href="https://www.strava.com/athletes/2447439"/>
  </author>
  <copyright author="OpenStreetMap contributors">
   <year>2020</year>
   <license>https://www.openstreetmap.org/copyright</license>
  </copyright>
  <link href="https://www.strava.com/routes/3058101059258988012"/>
 </metadata>
 <trk>
  <name>Twan - Kerniel</name>
  <link href="https://www.strava.com/routes/3058101059258988012"/>
  <type>cycling</type>
  <trkseg>
   <trkpt lat="51.069790000000005" lon="5.088660000000001">
    <ele>23.06</ele>
   </trkpt>
   <trkpt lat="51.06998" lon="5.08732">
    <ele>22.740000000000002</ele>
   </trkpt>
   <trkpt lat="51.070130000000006" lon="5.086830000000001">
    <ele>22.7</ele>
   </trkpt>
   <trkpt lat="51.0703" lon="5.08645">
    <ele>22.73</ele>
   </trkpt>
   <trkpt lat="51.07047000000001" lon="5.08617">
    <ele>22.63</ele>
   </trkpt>
   <trkpt lat="51.07043" lon="5.0861">
    <ele>22.55</ele>
   </trkpt>
   <trkpt lat="51.0703" lon="5.08612">
    <ele>22.62</ele>
   </trkpt>
   <trkpt lat="51.070150000000005" lon="5.08605">
    <ele>22.72</ele>
   </trkpt>
   <trkpt lat="51.070060000000005" lon="5.086080000000001">
    <ele>22.85</ele>
   </trkpt>
   <trkpt lat="51.06998" lon="5.08605">
    <ele>22.85</ele>
   </trkpt>
   <trkpt lat="51.069880000000005" lon="5.086040000000001">
    <ele>22.930000000000003</ele>
   </trkpt>
   <trkpt lat="51.06929" lon="5.086080000000001">
    <ele>23.520000000000003</ele>
   </trkpt>
   <trkpt lat="51.06931" lon="5.086080000000001">
    <ele>23.51</ele>
   </trkpt>
   <trkpt lat="51.068720000000006" lon="5.086130000000001">
    <ele>24.12</ele>
   </trkpt>
   <trkpt lat="51.068130000000004" lon="5.086040000000001">
    <ele>25.200000000000003</ele>
   </trkpt>
   <trkpt lat="51.06727000000001" lon="5.085870000000001">
    <ele>26.750000000000004</ele>
   </trkpt>
   <trkpt lat="51.06712" lon="5.08593">
    <ele>26.6</ele>
   </trkpt>
   <trkpt lat="51.06696" lon="5.08605">
    <ele>26.580000000000002</ele>
   </trkpt>
   <trkpt lat="51.066500000000005" lon="5.08624">
    <ele>26.950000000000003</ele>
   </trkpt>
   <trkpt lat="51.06627" lon="5.086270000000001">
    <ele>27.13</ele>
   </trkpt>
   <trkpt lat="51.066030000000005" lon="5.08636">
    <ele>27.46</ele>
   </trkpt>
   <trkpt lat="51.06597000000001" lon="5.08629">
    <ele>27.46</ele>
   </trkpt>
   <trkpt lat="51.065565002453724" lon="5.085549993740539">
    <ele>27.680000000000003</ele>
   </trkpt>
   <trkpt lat="51.065160000000006" lon="5.08481">
    <ele>29.05</ele>
   </trkpt>
   <trkpt lat="51.06488" lon="5.084250000000001">
    <ele>29.84</ele>
   </trkpt>
   <trkpt lat="51.06456500128694" lon="5.083694996175586">
    <ele>30.650000000000002</ele>
   </trkpt>
   <trkpt lat="51.06425" lon="5.08314">
    <ele>31.98</ele>
   </trkpt>
   <trkpt lat="51.063970000000005" lon="5.082800000000001">
    <ele>33.300000000000004</ele>
   </trkpt>
   <trkpt lat="51.06380000000001" lon="5.08263">
    <ele>33.830000000000005</ele>
   </trkpt>
   <trkpt lat="51.06338" lon="5.0823">
    <ele>35.47</ele>
   </trkpt>
   <trkpt lat="51.063" lon="5.0819600000000005">
    <ele>36.69</ele>
   </trkpt>
   <trkpt lat="51.06246" lon="5.081270000000001">
    <ele>39.1</ele>
   </trkpt>
   <trkpt lat="51.06223000000001" lon="5.08091">
    <ele>39.720000000000006</ele>
   </trkpt>
   <trkpt lat="51.06204" lon="5.080500000000001">
    <ele>40.470000000000006</ele>
   </trkpt>
   <trkpt lat="51.06160001000547" lon="5.079416646054928">
    <ele>41.14</ele>
   </trkpt>
   <trkpt lat="51.061160009997465" lon="5.07833331270226">
    <ele>41.53</ele>
   </trkpt>
   <trkpt lat="51.06072" lon="5.07725">
    <ele>41.07</ele>
   </trkpt>
   <trkpt lat="51.06056" lon="5.07728">
    <ele>40.870000000000005</ele>
   </trkpt>
   <trkpt lat="51.059949999949545" lon="5.077179998667185">
    <ele>39.589999999999996</ele>
   </trkpt>
   <trkpt lat="51.059340000000006" lon="5.0770800000000005">
    <ele>38.36000000000001</ele>
   </trkpt>
   <trkpt lat="51.05932000000001" lon="5.0770800000000005">
    <ele>38.35</ele>
   </trkpt>
   <trkpt lat="51.05882999992742" lon="5.076999999137039">
    <ele>38.05</ele>
   </trkpt>
   <trkpt lat="51.05834" lon="5.07692">
    <ele>38.970000000000006</ele>
   </trkpt>
   <trkpt lat="51.058130000000006" lon="5.07685">
    <ele>38.970000000000006</ele>
   </trkpt>
   <trkpt lat="51.057495000147334" lon="5.076724998301593">
    <ele>38.86000000000001</ele>
   </trkpt>
   <trkpt lat="51.05686000000001" lon="5.0766">
    <ele>38.71</ele>
   </trkpt>
   <trkpt lat="51.05669" lon="5.0766100000000005">
    <ele>38.760000000000005</ele>
   </trkpt>
   <trkpt lat="51.05653" lon="5.07666">
    <ele>38.760000000000005</ele>
   </trkpt>
   <trkpt lat="51.056380000000004" lon="5.07674">
    <ele>38.760000000000005</ele>
   </trkpt>
   <trkpt lat="51.05613" lon="5.07695">
    <ele>38.93000000000001</ele>
   </trkpt>
   <trkpt lat="51.055930000000004" lon="5.077240000000001">
    <ele>38.96</ele>
   </trkpt>
   <trkpt lat="51.055640000000004" lon="5.077870000000001">
    <ele>39.27</ele>
   </trkpt>
   <trkpt lat="51.055460000000004" lon="5.07812">
    <ele>39.81</ele>
   </trkpt>
   <trkpt lat="51.05527000000001" lon="5.07831">
    <ele>39.870000000000005</ele>
   </trkpt>
   <trkpt lat="51.05512" lon="5.0784">
    <ele>40.2</ele>
   </trkpt>
   <trkpt lat="51.05491000000001" lon="5.07849">
    <ele>40.49</ele>
   </trkpt>
   <trkpt lat="51.05481" lon="5.0785100000000005">
    <ele>40.550000000000004</ele>
   </trkpt>
   <trkpt lat="51.054570000000005" lon="5.0785">
    <ele>40.43</ele>
   </trkpt>
   <trkpt lat="51.053915000063334" lon="5.0783549979432205">
    <ele>38.96</ele>
   </trkpt>
   <trkpt lat="51.05326" lon="5.07821">
    <ele>38.49</ele>
   </trkpt>
   <trkpt lat="51.053140000000006" lon="5.0782300000000005">
    <ele>38.580000000000005</ele>
   </trkpt>
   <trkpt lat="51.05306" lon="5.0779700000000005">
    <ele>38.510000000000005</ele>
   </trkpt>
   <trkpt lat="51.053000000000004" lon="5.07784">
    <ele>38.510000000000005</ele>
   </trkpt>
   <trkpt lat="51.05284" lon="5.07763">
    <ele>38.57</ele>
   </trkpt>
   <trkpt lat="51.05237000127048" lon="5.077099994702369">
    <ele>38.690000000000005</ele>
   </trkpt>
   <trkpt lat="51.0519" lon="5.07657">
    <ele>38.75</ele>
   </trkpt>
   <trkpt lat="51.051213339694456" lon="5.075706641067395">
    <ele>38.17</ele>
   </trkpt>
   <trkpt lat="51.05052667302894" lon="5.0748433077360255">
    <ele>36.050000000000004</ele>
   </trkpt>
   <trkpt lat="51.04984" lon="5.073980000000001">
    <ele>34.68</ele>
   </trkpt>
   <trkpt lat="51.04917000864395" lon="5.073157464287304">
    <ele>33.88</ele>
   </trkpt>
   <trkpt lat="51.048500011515046" lon="5.072334952371481">
    <ele>34.1</ele>
   </trkpt>
   <trkpt lat="51.04783000861359" lon="5.0715124642514775">
    <ele>35.33</ele>
   </trkpt>
   <trkpt lat="51.047160000000005" lon="5.070690000000001">
    <ele>37.46</ele>
   </trkpt>
   <trkpt lat="51.046940000000006" lon="5.07045">
    <ele>38.690000000000005</ele>
   </trkpt>
   <trkpt lat="51.04624000767659" lon="5.069849954661623">
    <ele>40.1</ele>
   </trkpt>
   <trkpt lat="51.045540012280895" lon="5.069249927458625">
    <ele>39.27</ele>
   </trkpt>
   <trkpt lat="51.04484001381313" lon="5.0686499183900855">
    <ele>37.50000000000001</ele>
   </trkpt>
   <trkpt lat="51.04414001227344" lon="5.068049927455083">
    <ele>36.97</ele>
   </trkpt>
   <trkpt lat="51.043440007662014" lon="5.067449954652695">
    <ele>35.050000000000004</ele>
   </trkpt>
   <trkpt lat="51.04274" lon="5.0668500000000005">
    <ele>32.879999999999995</ele>
   </trkpt>
   <trkpt lat="51.042730000000006" lon="5.0668500000000005">
    <ele>32.870000000000005</ele>
   </trkpt>
   <trkpt lat="51.04251000000001" lon="5.06665">
    <ele>32.34</ele>
   </trkpt>
   <trkpt lat="51.04238" lon="5.06644">
    <ele>32.040000000000006</ele>
   </trkpt>
   <trkpt lat="51.041880008288665" lon="5.065453311999179">
    <ele>30.890000000000004</ele>
   </trkpt>
   <trkpt lat="51.04138000826991" lon="5.064466645295872">
    <ele>30.340000000000003</ele>
   </trkpt>
   <trkpt lat="51.04088" lon="5.06348">
    <ele>29.810000000000002</ele>
   </trkpt>
   <trkpt lat="51.04079" lon="5.063230000000001">
    <ele>29.66</ele>
   </trkpt>
   <trkpt lat="51.040600000000005" lon="5.06217">
    <ele>29.370000000000005</ele>
   </trkpt>
   <trkpt lat="51.04052" lon="5.0618300000000005">
    <ele>29.310000000000002</ele>
   </trkpt>
   <trkpt lat="51.040380000000006" lon="5.06156">
    <ele>29.310000000000002</ele>
   </trkpt>
   <trkpt lat="51.0398566721105" lon="5.0607633153782885">
    <ele>28.76</ele>
   </trkpt>
   <trkpt lat="51.0393333388049" lon="5.059966648754136">
    <ele>28.220000000000002</ele>
   </trkpt>
   <trkpt lat="51.038810000000005" lon="5.059170000000001">
    <ele>27.840000000000003</ele>
   </trkpt>
   <trkpt lat="51.03851" lon="5.0587800000000005">
    <ele>27.96</ele>
   </trkpt>
   <trkpt lat="51.038140000000006" lon="5.058350000000001">
    <ele>27.17</ele>
   </trkpt>
   <trkpt lat="51.03755500292574" lon="5.057524989614585">
    <ele>26.310000000000002</ele>
   </trkpt>
   <trkpt lat="51.036970000000004" lon="5.0567">
    <ele>25.79</ele>
   </trkpt>
   <trkpt lat="51.036402508678094" lon="5.055877469806776">
    <ele>24.73</ele>
   </trkpt>
   <trkpt lat="51.03583501158285" lon="5.055054959760553">
    <ele>24.01</ele>
   </trkpt>
   <trkpt lat="51.03526750871451" lon="5.054232469860631">
    <ele>23.28</ele>
   </trkpt>
   <trkpt lat="51.0347" lon="5.05341">
    <ele>23.330000000000002</ele>
   </trkpt>
   <trkpt lat="51.03454000000001" lon="5.053100000000001">
    <ele>23.87</ele>
   </trkpt>
   <trkpt lat="51.03448" lon="5.052770000000001">
    <ele>24.110000000000003</ele>
   </trkpt>
   <trkpt lat="51.03380000003584" lon="5.05281750209051">
    <ele>23.66</ele>
   </trkpt>
   <trkpt lat="51.03312000005241" lon="5.052865002786973">
    <ele>23.39</ele>
   </trkpt>
   <trkpt lat="51.03244000004973" lon="5.052912502089465">
    <ele>23.21</ele>
   </trkpt>
   <trkpt lat="51.031760000000006" lon="5.052960000000001">
    <ele>23.14</ele>
   </trkpt>
   <trkpt lat="51.031600000000005" lon="5.05302">
    <ele>23.14</ele>
   </trkpt>
   <trkpt lat="51.031290000000006" lon="5.05321">
    <ele>23.03</ele>
   </trkpt>
   <trkpt lat="51.031090000000006" lon="5.05341">
    <ele>23.01</ele>
   </trkpt>
   <trkpt lat="51.03098000000001" lon="5.05356">
    <ele>22.92</ele>
   </trkpt>
   <trkpt lat="51.03053500239576" lon="5.0543000070068045">
    <ele>22.990000000000002</ele>
   </trkpt>
   <trkpt lat="51.03009" lon="5.05504">
    <ele>22.910000000000004</ele>
   </trkpt>
   <trkpt lat="51.03005" lon="5.055070000000001">
    <ele>22.910000000000004</ele>
   </trkpt>
   <trkpt lat="51.029860000000006" lon="5.055370000000001">
    <ele>22.8</ele>
   </trkpt>
   <trkpt lat="51.029770000000006" lon="5.055420000000001">
    <ele>22.660000000000004</ele>
   </trkpt>
   <trkpt lat="51.02971" lon="5.05538">
    <ele>22.650000000000002</ele>
   </trkpt>
   <trkpt lat="51.02962" lon="5.05538">
    <ele>22.73</ele>
   </trkpt>
   <trkpt lat="51.029540000000004" lon="5.05545">
    <ele>22.73</ele>
   </trkpt>
   <trkpt lat="51.02949" lon="5.055560000000001">
    <ele>22.79</ele>
   </trkpt>
   <trkpt lat="51.02948000000001" lon="5.05571">
    <ele>22.830000000000002</ele>
   </trkpt>
   <trkpt lat="51.02951" lon="5.055840000000001">
    <ele>22.830000000000002</ele>
   </trkpt>
   <trkpt lat="51.02951" lon="5.05602">
    <ele>23.06</ele>
   </trkpt>
   <trkpt lat="51.029360000000004" lon="5.05653">
    <ele>22.42</ele>
   </trkpt>
   <trkpt lat="51.029340000000005" lon="5.05667">
    <ele>22.42</ele>
   </trkpt>
   <trkpt lat="51.02891254454919" lon="5.057891328849792">
    <ele>22.230000000000004</ele>
   </trkpt>
   <trkpt lat="51.028485076368746" lon="5.059112635172123">
    <ele>22.160000000000004</ele>
   </trkpt>
   <trkpt lat="51.028057595459096" lon="5.060333918967082">
    <ele>22.27</ele>
   </trkpt>
   <trkpt lat="51.02763010182069" lon="5.061555180234757">
    <ele>22.490000000000002</ele>
   </trkpt>
   <trkpt lat="51.02720259545394" lon="5.062776418975237">
    <ele>22.500000000000004</ele>
   </trkpt>
   <trkpt lat="51.026775076359286" lon="5.063997635188612">
    <ele>22.330000000000002</ele>
   </trkpt>
   <trkpt lat="51.026347544537145" lon="5.065218828874966">
    <ele>22.28</ele>
   </trkpt>
   <trkpt lat="51.025920000000006" lon="5.06644">
    <ele>22.320000000000004</ele>
   </trkpt>
   <trkpt lat="51.025760000000005" lon="5.06686">
    <ele>22.3</ele>
   </trkpt>
   <trkpt lat="51.02559" lon="5.067150000000001">
    <ele>22.2</ele>
   </trkpt>
   <trkpt lat="51.02492667673019" lon="5.067836715792293">
    <ele>21.87</ele>
   </trkpt>
   <trkpt lat="51.02426334943587" lon="5.0685234119319">
    <ele>21.640000000000004</ele>
   </trkpt>
   <trkpt lat="51.023600018117264" lon="5.069210088419731">
    <ele>21.490000000000002</ele>
   </trkpt>
   <trkpt lat="51.02293668277456" lon="5.069896745256694">
    <ele>21.380000000000003</ele>
   </trkpt>
   <trkpt lat="51.02227334340798" lon="5.070583382443698">
    <ele>21.210000000000004</ele>
   </trkpt>
   <trkpt lat="51.02161" lon="5.07127">
    <ele>21.150000000000002</ele>
   </trkpt>
   <trkpt lat="51.021530000000006" lon="5.071350000000001">
    <ele>21.150000000000002</ele>
   </trkpt>
   <trkpt lat="51.02141" lon="5.0715900000000005">
    <ele>21.120000000000005</ele>
   </trkpt>
   <trkpt lat="51.02131000000001" lon="5.07158">
    <ele>21.09</ele>
   </trkpt>
   <trkpt lat="51.02123" lon="5.071610000000001">
    <ele>20.950000000000003</ele>
   </trkpt>
   <trkpt lat="51.020770000000006" lon="5.07202">
    <ele>20.92</ele>
   </trkpt>
   <trkpt lat="51.02067" lon="5.072170000000001">
    <ele>20.85</ele>
   </trkpt>
   <trkpt lat="51.02046000000001" lon="5.07232">
    <ele>20.78</ele>
   </trkpt>
   <trkpt lat="51.01987666889163" lon="5.072830012828681">
    <ele>20.48</ele>
   </trkpt>
   <trkpt lat="51.01929333556332" lon="5.073340012824075">
    <ele>20.71</ele>
   </trkpt>
   <trkpt lat="51.018710000000006" lon="5.07385">
    <ele>20.69</ele>
   </trkpt>
   <trkpt lat="51.01856" lon="5.0739600000000005">
    <ele>20.66</ele>
   </trkpt>
   <trkpt lat="51.01841" lon="5.07404">
    <ele>20.650000000000002</ele>
   </trkpt>
   <trkpt lat="51.018130000000006" lon="5.074120000000001">
    <ele>20.67</ele>
   </trkpt>
   <trkpt lat="51.017493333380116" lon="5.074243336736307">
    <ele>20.84</ele>
   </trkpt>
   <trkpt lat="51.016856666630396" lon="5.074366670085672">
    <ele>20.98</ele>
   </trkpt>
   <trkpt lat="51.016220000000004" lon="5.074490000000001">
    <ele>20.950000000000003</ele>
   </trkpt>
   <trkpt lat="51.016000000000005" lon="5.0745000000000005">
    <ele>20.92</ele>
   </trkpt>
   <trkpt lat="51.01578000000001" lon="5.07448">
    <ele>20.900000000000002</ele>
   </trkpt>
   <trkpt lat="51.015530000000005" lon="5.07441">
    <ele>20.8</ele>
   </trkpt>
   <trkpt lat="51.01489000041141" lon="5.074129996169264">
    <ele>20.790000000000003</ele>
   </trkpt>
   <trkpt lat="51.014250000000004" lon="5.07385">
    <ele>20.87</ele>
   </trkpt>
   <trkpt lat="51.01422" lon="5.073770000000001">
    <ele>20.87</ele>
   </trkpt>
   <trkpt lat="51.014050000000005" lon="5.07364">
    <ele>20.87</ele>
   </trkpt>
   <trkpt lat="51.01384" lon="5.07355">
    <ele>20.93</ele>
   </trkpt>
   <trkpt lat="51.013670000000005" lon="5.073510000000001">
    <ele>20.93</ele>
   </trkpt>
   <trkpt lat="51.01306" lon="5.073230000000001">
    <ele>21.01</ele>
   </trkpt>
   <trkpt lat="51.01303000000001" lon="5.0734200000000005">
    <ele>21.09</ele>
   </trkpt>
   <trkpt lat="51.013090000000005" lon="5.0734900000000005">
    <ele>21.09</ele>
   </trkpt>
   <trkpt lat="51.01312" lon="5.07355">
    <ele>21.01</ele>
   </trkpt>
   <trkpt lat="51.01315" lon="5.07399">
    <ele>21.0</ele>
   </trkpt>
   <trkpt lat="51.01321" lon="5.07415">
    <ele>21.0</ele>
   </trkpt>
   <trkpt lat="51.0132625175995" lon="5.075322495995329">
    <ele>20.8</ele>
   </trkpt>
   <trkpt lat="51.01331502346538" lon="5.076494994645947">
    <ele>21.02</ele>
   </trkpt>
   <trkpt lat="51.01336751759756" lon="5.077667495951273">
    <ele>21.290000000000003</ele>
   </trkpt>
   <trkpt lat="51.01342" lon="5.0788400000000005">
    <ele>21.96</ele>
   </trkpt>
   <trkpt lat="51.01334000000001" lon="5.0795900000000005">
    <ele>22.080000000000002</ele>
   </trkpt>
   <trkpt lat="51.01262000007109" lon="5.0794933303306475">
    <ele>20.89</ele>
   </trkpt>
   <trkpt lat="51.01190000006242" lon="5.079396663662873">
    <ele>20.98</ele>
   </trkpt>
   <trkpt lat="51.01118" lon="5.079300000000001">
    <ele>21.36</ele>
   </trkpt>
   <trkpt lat="51.011030000000005" lon="5.07929">
    <ele>21.66</ele>
   </trkpt>
   <trkpt lat="51.010690000000004" lon="5.07934">
    <ele>22.13</ele>
   </trkpt>
   <trkpt lat="51.01037" lon="5.079440000000001">
    <ele>22.27</ele>
   </trkpt>
   <trkpt lat="51.00957750113473" lon="5.079737515249099">
    <ele>23.15</ele>
   </trkpt>
   <trkpt lat="51.00878500151397" lon="5.080035020331327">
    <ele>23.930000000000003</ele>
   </trkpt>
   <trkpt lat="51.007992501137785" lon="5.080332515247312">
    <ele>26.160000000000004</ele>
   </trkpt>
   <trkpt lat="51.007200000000005" lon="5.08063">
    <ele>27.71</ele>
   </trkpt>
   <trkpt lat="51.006910000000005" lon="5.080760000000001">
    <ele>28.040000000000003</ele>
   </trkpt>
   <trkpt lat="51.006510000000006" lon="5.08096">
    <ele>28.060000000000002</ele>
   </trkpt>
   <trkpt lat="51.00570500100049" lon="5.0814350082208515">
    <ele>26.44</ele>
   </trkpt>
   <trkpt lat="51.004900000000006" lon="5.081910000000001">
    <ele>24.1</ele>
   </trkpt>
   <trkpt lat="51.004630000000006" lon="5.08202">
    <ele>24.1</ele>
   </trkpt>
   <trkpt lat="51.004380000000005" lon="5.082050000000001">
    <ele>23.73</ele>
   </trkpt>
   <trkpt lat="51.00415" lon="5.082050000000001">
    <ele>23.520000000000003</ele>
   </trkpt>
   <trkpt lat="51.003890000000006" lon="5.08197">
    <ele>23.360000000000003</ele>
   </trkpt>
   <trkpt lat="51.00336500035221" lon="5.081734997392729">
    <ele>23.160000000000004</ele>
   </trkpt>
   <trkpt lat="51.002840000000006" lon="5.0815">
    <ele>23.31</ele>
   </trkpt>
   <trkpt lat="51.00245" lon="5.0813500000000005">
    <ele>23.290000000000003</ele>
   </trkpt>
   <trkpt lat="51.00215000000001" lon="5.081300000000001">
    <ele>23.520000000000003</ele>
   </trkpt>
   <trkpt lat="51.001990000000006" lon="5.081300000000001">
    <ele>23.650000000000002</ele>
   </trkpt>
   <trkpt lat="51.00179000000001" lon="5.08133">
    <ele>23.650000000000002</ele>
   </trkpt>
   <trkpt lat="51.00155" lon="5.0814">
    <ele>24.17</ele>
   </trkpt>
   <trkpt lat="51.00074000000001" lon="5.08173">
    <ele>24.690000000000005</ele>
   </trkpt>
   <trkpt lat="50.999970000000005" lon="5.082280000000001">
    <ele>25.76</ele>
   </trkpt>
   <trkpt lat="50.999930000000006" lon="5.08244">
    <ele>25.76</ele>
   </trkpt>
   <trkpt lat="50.999930000000006" lon="5.08262">
    <ele>25.880000000000003</ele>
   </trkpt>
   <trkpt lat="51.00003" lon="5.08337">
    <ele>26.660000000000004</ele>
   </trkpt>
   <trkpt lat="51.00005" lon="5.0834600000000005">
    <ele>26.92</ele>
   </trkpt>
   <trkpt lat="50.999750000000006" lon="5.08373">
    <ele>27.51</ele>
   </trkpt>
   <trkpt lat="50.99951" lon="5.08382">
    <ele>27.73</ele>
   </trkpt>
   <trkpt lat="50.99922" lon="5.084090000000001">
    <ele>28.330000000000002</ele>
   </trkpt>
   <trkpt lat="50.998360000000005" lon="5.0845">
    <ele>30.37</ele>
   </trkpt>
   <trkpt lat="50.99824" lon="5.08457">
    <ele>31.180000000000003</ele>
   </trkpt>
   <trkpt lat="50.99822" lon="5.0846100000000005">
    <ele>31.180000000000003</ele>
   </trkpt>
   <trkpt lat="50.99813" lon="5.084630000000001">
    <ele>31.230000000000004</ele>
   </trkpt>
   <trkpt lat="50.99767000039783" lon="5.084915002793671">
    <ele>31.86</ele>
   </trkpt>
   <trkpt lat="50.99721" lon="5.0852">
    <ele>33.42</ele>
   </trkpt>
   <trkpt lat="50.996860000000005" lon="5.08537">
    <ele>35.11</ele>
   </trkpt>
   <trkpt lat="50.996520000000004" lon="5.085500000000001">
    <ele>37.46</ele>
   </trkpt>
   <trkpt lat="50.99598000031052" lon="5.08565500174403">
    <ele>41.57</ele>
   </trkpt>
   <trkpt lat="50.99544" lon="5.08581">
    <ele>46.74</ele>
   </trkpt>
   <trkpt lat="50.994930000000004" lon="5.08593">
    <ele>48.56</ele>
   </trkpt>
   <trkpt lat="50.99429000000001" lon="5.086110000000001">
    <ele>47.120000000000005</ele>
   </trkpt>
   <trkpt lat="50.993844999919034" lon="5.086300001922262">
    <ele>44.72</ele>
   </trkpt>
   <trkpt lat="50.9934" lon="5.08649">
    <ele>41.03</ele>
   </trkpt>
   <trkpt lat="50.99271000018818" lon="5.086745003824289">
    <ele>36.27</ele>
   </trkpt>
   <trkpt lat="50.992020000000004" lon="5.087000000000001">
    <ele>33.65</ele>
   </trkpt>
   <trkpt lat="50.99139000024312" lon="5.087260003548042">
    <ele>30.810000000000002</ele>
   </trkpt>
   <trkpt lat="50.99076" lon="5.0875200000000005">
    <ele>27.62</ele>
   </trkpt>
   <trkpt lat="50.9906300040295" lon="5.088495002941122">
    <ele>25.94</ele>
   </trkpt>
   <trkpt lat="50.990500000000004" lon="5.08947">
    <ele>24.860000000000003</ele>
   </trkpt>
   <trkpt lat="50.990410007374315" lon="5.0907850026447905">
    <ele>24.01</ele>
   </trkpt>
   <trkpt lat="50.990320000000004" lon="5.0921">
    <ele>23.340000000000003</ele>
   </trkpt>
   <trkpt lat="50.99024000000001" lon="5.093050000000001">
    <ele>22.72</ele>
   </trkpt>
   <trkpt lat="50.9902" lon="5.0931500000000005">
    <ele>22.72</ele>
   </trkpt>
   <trkpt lat="50.989670000000004" lon="5.093940000000001">
    <ele>22.67</ele>
   </trkpt>
   <trkpt lat="50.989360000000005" lon="5.09447">
    <ele>22.910000000000004</ele>
   </trkpt>
   <trkpt lat="50.989055006200125" lon="5.095675007908618">
    <ele>23.12</ele>
   </trkpt>
   <trkpt lat="50.98875" lon="5.0968800000000005">
    <ele>23.840000000000003</ele>
   </trkpt>
   <trkpt lat="50.988670000000006" lon="5.097130000000001">
    <ele>24.080000000000002</ele>
   </trkpt>
   <trkpt lat="50.98821333698928" lon="5.096473320376027">
    <ele>23.66</ele>
   </trkpt>
   <trkpt lat="50.98775667029737" lon="5.095816653673238">
    <ele>23.590000000000003</ele>
   </trkpt>
   <trkpt lat="50.987300000000005" lon="5.095160000000001">
    <ele>22.96</ele>
   </trkpt>
   <trkpt lat="50.987140000000004" lon="5.09494">
    <ele>22.81</ele>
   </trkpt>
   <trkpt lat="50.986740000000005" lon="5.09461">
    <ele>22.310000000000002</ele>
   </trkpt>
   <trkpt lat="50.98637" lon="5.09435">
    <ele>21.88</ele>
   </trkpt>
   <trkpt lat="50.985980000000005" lon="5.094130000000001">
    <ele>21.910000000000004</ele>
   </trkpt>
   <trkpt lat="50.985760000000006" lon="5.0941">
    <ele>21.890000000000004</ele>
   </trkpt>
   <trkpt lat="50.98554000000001" lon="5.09414">
    <ele>21.980000000000004</ele>
   </trkpt>
   <trkpt lat="50.98539" lon="5.09419">
    <ele>22.19</ele>
   </trkpt>
   <trkpt lat="50.9851" lon="5.09435">
    <ele>22.230000000000004</ele>
   </trkpt>
   <trkpt lat="50.984700000000004" lon="5.094670000000001">
    <ele>22.0</ele>
   </trkpt>
   <trkpt lat="50.98456" lon="5.094860000000001">
    <ele>21.53</ele>
   </trkpt>
   <trkpt lat="50.984480000000005" lon="5.09501">
    <ele>21.53</ele>
   </trkpt>
   <trkpt lat="50.984190000000005" lon="5.095700000000001">
    <ele>21.36</ele>
   </trkpt>
   <trkpt lat="50.983900000000006" lon="5.096150000000001">
    <ele>21.040000000000003</ele>
   </trkpt>
   <trkpt lat="50.983760000000004" lon="5.09633">
    <ele>21.02</ele>
   </trkpt>
   <trkpt lat="50.98351" lon="5.09656">
    <ele>21.03</ele>
   </trkpt>
   <trkpt lat="50.98308500041376" lon="5.09689000306065">
    <ele>21.080000000000002</ele>
   </trkpt>
   <trkpt lat="50.98266" lon="5.09722">
    <ele>21.240000000000002</ele>
   </trkpt>
   <trkpt lat="50.98246" lon="5.09738">
    <ele>21.45</ele>
   </trkpt>
   <trkpt lat="50.982220000000005" lon="5.09752">
    <ele>21.61</ele>
   </trkpt>
   <trkpt lat="50.981950000000005" lon="5.09752">
    <ele>21.470000000000002</ele>
   </trkpt>
   <trkpt lat="50.981700000000004" lon="5.097390000000001">
    <ele>21.43</ele>
   </trkpt>
   <trkpt lat="50.981570000000005" lon="5.097300000000001">
    <ele>21.43</ele>
   </trkpt>
   <trkpt lat="50.981390000000005" lon="5.09712">
    <ele>21.490000000000002</ele>
   </trkpt>
   <trkpt lat="50.981210000000004" lon="5.09682">
    <ele>21.34</ele>
   </trkpt>
   <trkpt lat="50.98104000000001" lon="5.09642">
    <ele>20.970000000000002</ele>
   </trkpt>
   <trkpt lat="50.98073" lon="5.09555">
    <ele>21.27</ele>
   </trkpt>
   <trkpt lat="50.98069" lon="5.095370000000001">
    <ele>21.66</ele>
   </trkpt>
   <trkpt lat="50.980145000809486" lon="5.095780004743456">
    <ele>21.150000000000002</ele>
   </trkpt>
   <trkpt lat="50.979600000000005" lon="5.09619">
    <ele>21.19</ele>
   </trkpt>
   <trkpt lat="50.97955" lon="5.09625">
    <ele>21.19</ele>
   </trkpt>
   <trkpt lat="50.97939" lon="5.09639">
    <ele>21.19</ele>
   </trkpt>
   <trkpt lat="50.979290000000006" lon="5.0965300000000004">
    <ele>20.880000000000003</ele>
   </trkpt>
   <trkpt lat="50.979000000000006" lon="5.097200000000001">
    <ele>20.66</ele>
   </trkpt>
   <trkpt lat="50.97871000490888" lon="5.0982750068033065">
    <ele>20.76</ele>
   </trkpt>
   <trkpt lat="50.97842000000001" lon="5.09935">
    <ele>21.44</ele>
   </trkpt>
   <trkpt lat="50.97838" lon="5.09933">
    <ele>21.41</ele>
   </trkpt>
   <trkpt lat="50.97829" lon="5.099640000000001">
    <ele>21.470000000000002</ele>
   </trkpt>
   <trkpt lat="50.978660002384125" lon="5.100384994093483">
    <ele>21.900000000000002</ele>
   </trkpt>
   <trkpt lat="50.97903" lon="5.10113">
    <ele>22.500000000000004</ele>
   </trkpt>
   <trkpt lat="50.97932" lon="5.10177">
    <ele>23.07</ele>
   </trkpt>
   <trkpt lat="50.97941" lon="5.102040000000001">
    <ele>23.07</ele>
   </trkpt>
   <trkpt lat="50.97946" lon="5.102250000000001">
    <ele>23.3</ele>
   </trkpt>
   <trkpt lat="50.97952" lon="5.10259">
    <ele>23.540000000000003</ele>
   </trkpt>
   <trkpt lat="50.979530000000004" lon="5.103210000000001">
    <ele>24.55</ele>
   </trkpt>
   <trkpt lat="50.97945000000001" lon="5.10435">
    <ele>26.09</ele>
   </trkpt>
   <trkpt lat="50.97941" lon="5.10465">
    <ele>26.340000000000003</ele>
   </trkpt>
   <trkpt lat="50.979330000000004" lon="5.10493">
    <ele>26.89</ele>
   </trkpt>
   <trkpt lat="50.9791" lon="5.105320000000001">
    <ele>27.51</ele>
   </trkpt>
   <trkpt lat="50.979020000000006" lon="5.10541">
    <ele>27.78</ele>
   </trkpt>
   <trkpt lat="50.97883" lon="5.10555">
    <ele>28.12</ele>
   </trkpt>
   <trkpt lat="50.978480000000005" lon="5.105700000000001">
    <ele>28.400000000000002</ele>
   </trkpt>
   <trkpt lat="50.97813000000001" lon="5.105810000000001">
    <ele>29.57</ele>
   </trkpt>
   <trkpt lat="50.97786000000001" lon="5.10594">
    <ele>30.130000000000003</ele>
   </trkpt>
   <trkpt lat="50.97766000000001" lon="5.10609">
    <ele>30.61</ele>
   </trkpt>
   <trkpt lat="50.97742" lon="5.1063">
    <ele>30.910000000000004</ele>
   </trkpt>
   <trkpt lat="50.97699" lon="5.106820000000001">
    <ele>31.180000000000003</ele>
   </trkpt>
   <trkpt lat="50.97645000000001" lon="5.107550000000001">
    <ele>29.66</ele>
   </trkpt>
   <trkpt lat="50.97610000187565" lon="5.108210004943978">
    <ele>27.89</ele>
   </trkpt>
   <trkpt lat="50.975750000000005" lon="5.1088700000000005">
    <ele>25.11</ele>
   </trkpt>
   <trkpt lat="50.975170000000006" lon="5.10967">
    <ele>22.96</ele>
   </trkpt>
   <trkpt lat="50.97496" lon="5.1101">
    <ele>22.770000000000003</ele>
   </trkpt>
   <trkpt lat="50.97482" lon="5.1105100000000006">
    <ele>22.62</ele>
   </trkpt>
   <trkpt lat="50.974540000000005" lon="5.11157">
    <ele>22.340000000000003</ele>
   </trkpt>
   <trkpt lat="50.97448000000001" lon="5.11165">
    <ele>22.340000000000003</ele>
   </trkpt>
   <trkpt lat="50.974340000000005" lon="5.11211">
    <ele>22.230000000000004</ele>
   </trkpt>
   <trkpt lat="50.973833344969535" lon="5.113276692087531">
    <ele>21.96</ele>
   </trkpt>
   <trkpt lat="50.97332667831821" lon="5.114443358718397">
    <ele>21.830000000000002</ele>
   </trkpt>
   <trkpt lat="50.972820000000006" lon="5.11561">
    <ele>21.54</ele>
   </trkpt>
   <trkpt lat="50.97269000000001" lon="5.115830000000001">
    <ele>21.560000000000002</ele>
   </trkpt>
   <trkpt lat="50.97245" lon="5.116180000000001">
    <ele>21.71</ele>
   </trkpt>
   <trkpt lat="50.97229" lon="5.11636">
    <ele>21.71</ele>
   </trkpt>
   <trkpt lat="50.97207" lon="5.11655">
    <ele>21.730000000000004</ele>
   </trkpt>
   <trkpt lat="50.97187" lon="5.116680000000001">
    <ele>21.730000000000004</ele>
   </trkpt>
   <trkpt lat="50.971720000000005" lon="5.116750000000001">
    <ele>21.730000000000004</ele>
   </trkpt>
   <trkpt lat="50.971470000000004" lon="5.116840000000001">
    <ele>21.69</ele>
   </trkpt>
   <trkpt lat="50.97129" lon="5.1168700000000005">
    <ele>21.71</ele>
   </trkpt>
   <trkpt lat="50.971000000000004" lon="5.116860000000001">
    <ele>21.75</ele>
   </trkpt>
   <trkpt lat="50.97023666709533" lon="5.116718321692323">
    <ele>21.76</ele>
   </trkpt>
   <trkpt lat="50.96947333401927" lon="5.116576648041441">
    <ele>21.810000000000002</ele>
   </trkpt>
   <trkpt lat="50.96871000077188" lon="5.116434979047077">
    <ele>22.060000000000002</ele>
   </trkpt>
   <trkpt lat="50.96794666735311" lon="5.116293314708949">
    <ele>22.160000000000004</ele>
   </trkpt>
   <trkpt lat="50.96718333376302" lon="5.116151655026782">
    <ele>22.03</ele>
   </trkpt>
   <trkpt lat="50.96642000000001" lon="5.11601">
    <ele>21.990000000000002</ele>
   </trkpt>
   <trkpt lat="50.96627" lon="5.11594">
    <ele>21.990000000000002</ele>
   </trkpt>
   <trkpt lat="50.966190000000005" lon="5.11594">
    <ele>21.990000000000002</ele>
   </trkpt>
   <trkpt lat="50.96616" lon="5.11596">
    <ele>21.990000000000002</ele>
   </trkpt>
   <trkpt lat="50.96589" lon="5.11592">
    <ele>22.09</ele>
   </trkpt>
   <trkpt lat="50.96501666686836" lon="5.1157533270600934">
    <ele>22.09</ele>
   </trkpt>
   <trkpt lat="50.964143333499564" lon="5.1155866603868">
    <ele>21.910000000000004</ele>
   </trkpt>
   <trkpt lat="50.96327" lon="5.11542">
    <ele>21.910000000000004</ele>
   </trkpt>
   <trkpt lat="50.96323" lon="5.11537">
    <ele>21.910000000000004</ele>
   </trkpt>
   <trkpt lat="50.963080000000005" lon="5.115360000000001">
    <ele>21.820000000000004</ele>
   </trkpt>
   <trkpt lat="50.96302000000001" lon="5.11537">
    <ele>21.820000000000004</ele>
   </trkpt>
   <trkpt lat="50.96271" lon="5.11535">
    <ele>21.59</ele>
   </trkpt>
   <trkpt lat="50.96253" lon="5.115360000000001">
    <ele>21.54</ele>
   </trkpt>
   <trkpt lat="50.962230000000005" lon="5.115410000000001">
    <ele>21.45</ele>
   </trkpt>
   <trkpt lat="50.96215" lon="5.115430000000001">
    <ele>21.45</ele>
   </trkpt>
   <trkpt lat="50.962160000000004" lon="5.115430000000001">
    <ele>21.45</ele>
   </trkpt>
   <trkpt lat="50.96181000000001" lon="5.11556">
    <ele>21.330000000000002</ele>
   </trkpt>
   <trkpt lat="50.96135500028052" lon="5.115790002224775">
    <ele>21.35</ele>
   </trkpt>
   <trkpt lat="50.9609" lon="5.116020000000001">
    <ele>21.68</ele>
   </trkpt>
   <trkpt lat="50.96085" lon="5.11592">
    <ele>21.740000000000002</ele>
   </trkpt>
   <trkpt lat="50.960800000000006" lon="5.115900000000001">
    <ele>21.77</ele>
   </trkpt>
   <trkpt lat="50.960750000000004" lon="5.11591">
    <ele>21.77</ele>
   </trkpt>
   <trkpt lat="50.96069000000001" lon="5.11598">
    <ele>21.77</ele>
   </trkpt>
   <trkpt lat="50.96068" lon="5.11613">
    <ele>21.740000000000002</ele>
   </trkpt>
   <trkpt lat="50.96052" lon="5.116210000000001">
    <ele>21.76</ele>
   </trkpt>
   <trkpt lat="50.96001500002253" lon="5.116375001823963">
    <ele>21.66</ele>
   </trkpt>
   <trkpt lat="50.95951" lon="5.1165400000000005">
    <ele>21.820000000000004</ele>
   </trkpt>
   <trkpt lat="50.959300000000006" lon="5.116580000000001">
    <ele>22.080000000000002</ele>
   </trkpt>
   <trkpt lat="50.95895" lon="5.116580000000001">
    <ele>22.45</ele>
   </trkpt>
   <trkpt lat="50.958324999940984" lon="5.1165299993218945">
    <ele>22.490000000000002</ele>
   </trkpt>
   <trkpt lat="50.9577" lon="5.11648">
    <ele>22.35</ele>
   </trkpt>
   <trkpt lat="50.957010000000004" lon="5.11645">
    <ele>22.13</ele>
   </trkpt>
   <trkpt lat="50.95611400002696" lon="5.116474001850522">
    <ele>22.2</ele>
   </trkpt>
   <trkpt lat="50.95521800004898" lon="5.116498002775489">
    <ele>22.2</ele>
   </trkpt>
   <trkpt lat="50.95432200006609" lon="5.116522002774966">
    <ele>22.22</ele>
   </trkpt>
   <trkpt lat="50.95342600007829" lon="5.1165460018490165">
    <ele>22.19</ele>
   </trkpt>
   <trkpt lat="50.95253" lon="5.11657">
    <ele>22.05</ele>
   </trkpt>
   <trkpt lat="50.95252000000001" lon="5.11657">
    <ele>22.05</ele>
   </trkpt>
   <trkpt lat="50.95205000012919" lon="5.116585000147596">
    <ele>22.04</ele>
   </trkpt>
   <trkpt lat="50.95158000000001" lon="5.1166">
    <ele>22.080000000000002</ele>
   </trkpt>
   <trkpt lat="50.95127" lon="5.11659">
    <ele>22.140000000000004</ele>
   </trkpt>
   <trkpt lat="50.95111000000001" lon="5.11657">
    <ele>22.140000000000004</ele>
   </trkpt>
   <trkpt lat="50.95074" lon="5.11645">
    <ele>21.970000000000002</ele>
   </trkpt>
   <trkpt lat="50.95029500026117" lon="5.116244998074965">
    <ele>22.09</ele>
   </trkpt>
   <trkpt lat="50.949850000000005" lon="5.116040000000001">
    <ele>22.580000000000002</ele>
   </trkpt>
   <trkpt lat="50.94981000000001" lon="5.115950000000001">
    <ele>22.580000000000002</ele>
   </trkpt>
   <trkpt lat="50.949650000000005" lon="5.1157200000000005">
    <ele>22.7</ele>
   </trkpt>
   <trkpt lat="50.949600000000004" lon="5.11556">
    <ele>22.830000000000002</ele>
   </trkpt>
   <trkpt lat="50.94952000000001" lon="5.115530000000001">
    <ele>23.19</ele>
   </trkpt>
   <trkpt lat="50.94944" lon="5.11552">
    <ele>23.19</ele>
   </trkpt>
   <trkpt lat="50.94934000000001" lon="5.11605">
    <ele>23.180000000000003</ele>
   </trkpt>
   <trkpt lat="50.949180000000005" lon="5.11716">
    <ele>22.770000000000003</ele>
   </trkpt>
   <trkpt lat="50.949070000000006" lon="5.117330000000001">
    <ele>22.54</ele>
   </trkpt>
   <trkpt lat="50.94894000000001" lon="5.11761">
    <ele>22.480000000000004</ele>
   </trkpt>
   <trkpt lat="50.94887000000001" lon="5.11774">
    <ele>22.400000000000002</ele>
   </trkpt>
   <trkpt lat="50.94879" lon="5.1178300000000005">
    <ele>22.38</ele>
   </trkpt>
   <trkpt lat="50.94865" lon="5.11791">
    <ele>22.410000000000004</ele>
   </trkpt>
   <trkpt lat="50.948350000000005" lon="5.11791">
    <ele>22.64</ele>
   </trkpt>
   <trkpt lat="50.9483" lon="5.1191">
    <ele>22.9</ele>
   </trkpt>
   <trkpt lat="50.948330000000006" lon="5.1196">
    <ele>23.090000000000003</ele>
   </trkpt>
   <trkpt lat="50.9485" lon="5.12072">
    <ele>23.28</ele>
   </trkpt>
   <trkpt lat="50.94849000000001" lon="5.120850000000001">
    <ele>23.28</ele>
   </trkpt>
   <trkpt lat="50.9485" lon="5.120970000000001">
    <ele>23.24</ele>
   </trkpt>
   <trkpt lat="50.948550000000004" lon="5.121110000000001">
    <ele>23.24</ele>
   </trkpt>
   <trkpt lat="50.94805" lon="5.12161">
    <ele>22.53</ele>
   </trkpt>
   <trkpt lat="50.947680000000005" lon="5.1219600000000005">
    <ele>22.42</ele>
   </trkpt>
   <trkpt lat="50.947390000000006" lon="5.122280000000001">
    <ele>22.330000000000002</ele>
   </trkpt>
   <trkpt lat="50.947230000000005" lon="5.12253">
    <ele>22.320000000000004</ele>
   </trkpt>
   <trkpt lat="50.94709" lon="5.12269">
    <ele>22.35</ele>
   </trkpt>
   <trkpt lat="50.94648500095757" lon="5.123180006431938">
    <ele>22.45</ele>
   </trkpt>
   <trkpt lat="50.94588" lon="5.123670000000001">
    <ele>22.490000000000002</ele>
   </trkpt>
   <trkpt lat="50.945800000000006" lon="5.123760000000001">
    <ele>22.56</ele>
   </trkpt>
   <trkpt lat="50.94568" lon="5.12394">
    <ele>22.56</ele>
   </trkpt>
   <trkpt lat="50.94563" lon="5.12406">
    <ele>22.770000000000003</ele>
   </trkpt>
   <trkpt lat="50.945530000000005" lon="5.12453">
    <ele>22.9</ele>
   </trkpt>
   <trkpt lat="50.94537000375927" lon="5.125460002814822">
    <ele>23.39</ele>
   </trkpt>
   <trkpt lat="50.94521" lon="5.126390000000001">
    <ele>23.6</ele>
   </trkpt>
   <trkpt lat="50.945130000000006" lon="5.1265600000000004">
    <ele>23.6</ele>
   </trkpt>
   <trkpt lat="50.945040000000006" lon="5.126650000000001">
    <ele>23.700000000000003</ele>
   </trkpt>
   <trkpt lat="50.94430000059246" lon="5.126274994026864">
    <ele>23.31</ele>
   </trkpt>
   <trkpt lat="50.943560000000005" lon="5.125900000000001">
    <ele>23.71</ele>
   </trkpt>
   <trkpt lat="50.94339" lon="5.12586">
    <ele>23.990000000000002</ele>
   </trkpt>
   <trkpt lat="50.94324" lon="5.12591">
    <ele>24.130000000000003</ele>
   </trkpt>
   <trkpt lat="50.94306" lon="5.1261">
    <ele>24.26</ele>
   </trkpt>
   <trkpt lat="50.94260000326185" lon="5.126980008792271">
    <ele>24.400000000000002</ele>
   </trkpt>
   <trkpt lat="50.94214" lon="5.12786">
    <ele>24.21</ele>
   </trkpt>
   <trkpt lat="50.941500000000005" lon="5.12858">
    <ele>24.14</ele>
   </trkpt>
   <trkpt lat="50.941100000000006" lon="5.1290000000000004">
    <ele>23.860000000000003</ele>
   </trkpt>
   <trkpt lat="50.94095" lon="5.12922">
    <ele>23.78</ele>
   </trkpt>
   <trkpt lat="50.940440003955224" lon="5.130185010624509">
    <ele>23.290000000000003</ele>
   </trkpt>
   <trkpt lat="50.939930000000004" lon="5.131150000000001">
    <ele>23.89</ele>
   </trkpt>
   <trkpt lat="50.939840000000004" lon="5.13126">
    <ele>23.89</ele>
   </trkpt>
   <trkpt lat="50.93985000000001" lon="5.13164">
    <ele>23.89</ele>
   </trkpt>
   <trkpt lat="50.94019" lon="5.132720000000001">
    <ele>24.39</ele>
   </trkpt>
   <trkpt lat="50.94019" lon="5.13271">
    <ele>24.39</ele>
   </trkpt>
   <trkpt lat="50.940430000000006" lon="5.133500000000001">
    <ele>24.75</ele>
   </trkpt>
   <trkpt lat="50.94041000000001" lon="5.133780000000001">
    <ele>24.740000000000002</ele>
   </trkpt>
   <trkpt lat="50.940690000000004" lon="5.133920000000001">
    <ele>24.64</ele>
   </trkpt>
   <trkpt lat="50.94064" lon="5.134130000000001">
    <ele>24.64</ele>
   </trkpt>
   <trkpt lat="50.940630000000006" lon="5.13435">
    <ele>24.630000000000003</ele>
   </trkpt>
   <trkpt lat="50.94070000000001" lon="5.134930000000001">
    <ele>24.180000000000003</ele>
   </trkpt>
   <trkpt lat="50.94070000000001" lon="5.1353100000000005">
    <ele>24.17</ele>
   </trkpt>
   <trkpt lat="50.94070000000001" lon="5.13532">
    <ele>24.17</ele>
   </trkpt>
   <trkpt lat="50.94070000000001" lon="5.135870000000001">
    <ele>24.39</ele>
   </trkpt>
   <trkpt lat="50.94075" lon="5.136170000000001">
    <ele>24.700000000000003</ele>
   </trkpt>
   <trkpt lat="50.939918339106214" lon="5.136690046504392">
    <ele>24.73</ele>
   </trkpt>
   <trkpt lat="50.93908667590296" lon="5.137210074405549">
    <ele>24.900000000000002</ele>
   </trkpt>
   <trkpt lat="50.93825501039037" lon="5.1377300837046365">
    <ele>25.09</ele>
   </trkpt>
   <trkpt lat="50.93742334256862" lon="5.138250074402818">
    <ele>25.330000000000002</ele>
   </trkpt>
   <trkpt lat="50.93659167243785" lon="5.138770046501262">
    <ele>25.35</ele>
   </trkpt>
   <trkpt lat="50.93576" lon="5.139290000000001">
    <ele>25.34</ele>
   </trkpt>
   <trkpt lat="50.93501000099828" lon="5.139745007268611">
    <ele>24.94</ele>
   </trkpt>
   <trkpt lat="50.93426" lon="5.1402">
    <ele>25.640000000000004</ele>
   </trkpt>
   <trkpt lat="50.934200000000004" lon="5.14032">
    <ele>25.640000000000004</ele>
   </trkpt>
   <trkpt lat="50.93366667379171" lon="5.1412333542793105">
    <ele>25.32</ele>
   </trkpt>
   <trkpt lat="50.933133340459285" lon="5.142146687610721">
    <ele>25.36</ele>
   </trkpt>
   <trkpt lat="50.9326" lon="5.14306">
    <ele>25.400000000000002</ele>
   </trkpt>
   <trkpt lat="50.93224500146259" lon="5.1436550046238985">
    <ele>25.43</ele>
   </trkpt>
   <trkpt lat="50.93189" lon="5.14425">
    <ele>25.370000000000005</ele>
   </trkpt>
   <trkpt lat="50.93168000000001" lon="5.14451">
    <ele>25.240000000000002</ele>
   </trkpt>
   <trkpt lat="50.93124500084648" lon="5.1449900046408175">
    <ele>24.990000000000002</ele>
   </trkpt>
   <trkpt lat="50.93081" lon="5.14547">
    <ele>24.96</ele>
   </trkpt>
   <trkpt lat="50.93021" lon="5.146050000000001">
    <ele>25.01</ele>
   </trkpt>
   <trkpt lat="50.930130000000005" lon="5.146210000000001">
    <ele>25.01</ele>
   </trkpt>
   <trkpt lat="50.930080000000004" lon="5.1464300000000005">
    <ele>25.0</ele>
   </trkpt>
   <trkpt lat="50.93004000508265" lon="5.147520000685476">
    <ele>25.01</ele>
   </trkpt>
   <trkpt lat="50.93000000000001" lon="5.148610000000001">
    <ele>25.01</ele>
   </trkpt>
   <trkpt lat="50.92994000260379" lon="5.14938500049571">
    <ele>24.85</ele>
   </trkpt>
   <trkpt lat="50.929880000000004" lon="5.1501600000000005">
    <ele>24.790000000000003</ele>
   </trkpt>
   <trkpt lat="50.92987" lon="5.1513">
    <ele>25.740000000000002</ele>
   </trkpt>
   <trkpt lat="50.92937999991406" lon="5.15143000141142">
    <ele>25.900000000000002</ele>
   </trkpt>
   <trkpt lat="50.92889" lon="5.151560000000001">
    <ele>25.800000000000004</ele>
   </trkpt>
   <trkpt lat="50.928670000000004" lon="5.151590000000001">
    <ele>25.75</ele>
   </trkpt>
   <trkpt lat="50.92842" lon="5.15155">
    <ele>25.76</ele>
   </trkpt>
   <trkpt lat="50.92768" lon="5.15137">
    <ele>26.740000000000002</ele>
   </trkpt>
   <trkpt lat="50.92795000741139" lon="5.152689992196109">
    <ele>27.080000000000002</ele>
   </trkpt>
   <trkpt lat="50.92822" lon="5.15401">
    <ele>28.21</ele>
   </trkpt>
   <trkpt lat="50.92832000000001" lon="5.15425">
    <ele>28.450000000000003</ele>
   </trkpt>
   <trkpt lat="50.92862" lon="5.154820000000001">
    <ele>29.1</ele>
   </trkpt>
   <trkpt lat="50.927945000384575" lon="5.1551600049886614">
    <ele>29.42</ele>
   </trkpt>
   <trkpt lat="50.92727000000001" lon="5.155500000000001">
    <ele>29.460000000000004</ele>
   </trkpt>
   <trkpt lat="50.926660000000005" lon="5.15587">
    <ele>29.150000000000002</ele>
   </trkpt>
   <trkpt lat="50.926410000000004" lon="5.15608">
    <ele>29.150000000000002</ele>
   </trkpt>
   <trkpt lat="50.9262" lon="5.156280000000001">
    <ele>29.150000000000002</ele>
   </trkpt>
   <trkpt lat="50.92604000000001" lon="5.15646">
    <ele>29.200000000000003</ele>
   </trkpt>
   <trkpt lat="50.925480002329" lon="5.157190008717934">
    <ele>29.44</ele>
   </trkpt>
   <trkpt lat="50.92492000000001" lon="5.157920000000001">
    <ele>30.330000000000002</ele>
   </trkpt>
   <trkpt lat="50.92472" lon="5.15815">
    <ele>31.13</ele>
   </trkpt>
   <trkpt lat="50.924690000000005" lon="5.158270000000001">
    <ele>32.330000000000005</ele>
   </trkpt>
   <trkpt lat="50.924710000000005" lon="5.158370000000001">
    <ele>32.330000000000005</ele>
   </trkpt>
   <trkpt lat="50.92408666782679" lon="5.158740009920177">
    <ele>31.490000000000002</ele>
   </trkpt>
   <trkpt lat="50.92346333448433" lon="5.159110009925427">
    <ele>30.61</ele>
   </trkpt>
   <trkpt lat="50.92284" lon="5.15948">
    <ele>30.050000000000004</ele>
   </trkpt>
   <trkpt lat="50.92251" lon="5.159700000000001">
    <ele>29.51</ele>
   </trkpt>
   <trkpt lat="50.92239000000001" lon="5.15979">
    <ele>29.51</ele>
   </trkpt>
   <trkpt lat="50.9219750006322" lon="5.160125002864619">
    <ele>29.290000000000003</ele>
   </trkpt>
   <trkpt lat="50.92156000000001" lon="5.1604600000000005">
    <ele>29.0</ele>
   </trkpt>
   <trkpt lat="50.92092000103576" lon="5.160965006988386">
    <ele>29.030000000000005</ele>
   </trkpt>
   <trkpt lat="50.920280000000005" lon="5.1614700000000004">
    <ele>29.370000000000005</ele>
   </trkpt>
   <trkpt lat="50.92011" lon="5.161580000000001">
    <ele>29.43</ele>
   </trkpt>
   <trkpt lat="50.91967" lon="5.161770000000001">
    <ele>29.800000000000004</ele>
   </trkpt>
   <trkpt lat="50.91970000296859" lon="5.162604999213526">
    <ele>29.720000000000002</ele>
   </trkpt>
   <trkpt lat="50.91973" lon="5.1634400000000005">
    <ele>29.87</ele>
   </trkpt>
   <trkpt lat="50.91962" lon="5.164090000000001">
    <ele>30.44</ele>
   </trkpt>
   <trkpt lat="50.9196" lon="5.16476">
    <ele>30.76</ele>
   </trkpt>
   <trkpt lat="50.919630000000005" lon="5.165360000000001">
    <ele>31.35</ele>
   </trkpt>
   <trkpt lat="50.91975000577564" lon="5.166524996797586">
    <ele>33.7</ele>
   </trkpt>
   <trkpt lat="50.91987" lon="5.16769">
    <ele>36.50000000000001</ele>
   </trkpt>
   <trkpt lat="50.919000000000004" lon="5.16793">
    <ele>36.94</ele>
   </trkpt>
   <trkpt lat="50.91823" lon="5.16811">
    <ele>37.58</ele>
   </trkpt>
   <trkpt lat="50.91751500021062" lon="5.1682550022034395">
    <ele>37.32000000000001</ele>
   </trkpt>
   <trkpt lat="50.9168" lon="5.1684">
    <ele>37.15</ele>
   </trkpt>
   <trkpt lat="50.91632000023875" lon="5.168490000890036">
    <ele>36.52</ele>
   </trkpt>
   <trkpt lat="50.91584" lon="5.16858">
    <ele>36.14000000000001</ele>
   </trkpt>
   <trkpt lat="50.91563000000001" lon="5.1685300000000005">
    <ele>35.58</ele>
   </trkpt>
   <trkpt lat="50.91554000000001" lon="5.168480000000001">
    <ele>35.58</ele>
   </trkpt>
   <trkpt lat="50.91509500040343" lon="5.168139996679933">
    <ele>34.82</ele>
   </trkpt>
   <trkpt lat="50.91465" lon="5.167800000000001">
    <ele>35.050000000000004</ele>
   </trkpt>
   <trkpt lat="50.91458" lon="5.1677800000000005">
    <ele>35.050000000000004</ele>
   </trkpt>
   <trkpt lat="50.91449" lon="5.16781">
    <ele>35.08</ele>
   </trkpt>
   <trkpt lat="50.91443" lon="5.1679">
    <ele>35.06</ele>
   </trkpt>
   <trkpt lat="50.91396" lon="5.16873">
    <ele>34.230000000000004</ele>
   </trkpt>
   <trkpt lat="50.91378" lon="5.169090000000001">
    <ele>34.190000000000005</ele>
   </trkpt>
   <trkpt lat="50.91349500281402" lon="5.169905005055669">
    <ele>34.370000000000005</ele>
   </trkpt>
   <trkpt lat="50.91321000000001" lon="5.17072">
    <ele>34.84</ele>
   </trkpt>
   <trkpt lat="50.91292000000001" lon="5.1716500000000005">
    <ele>35.910000000000004</ele>
   </trkpt>
   <trkpt lat="50.91265667624377" lon="5.172710012075752">
    <ele>36.47</ele>
   </trkpt>
   <trkpt lat="50.912393342890255" lon="5.173770012156754">
    <ele>38.28</ele>
   </trkpt>
   <trkpt lat="50.912130000000005" lon="5.17483">
    <ele>39.63</ele>
   </trkpt>
   <trkpt lat="50.912020000000005" lon="5.17522">
    <ele>40.870000000000005</ele>
   </trkpt>
   <trkpt lat="50.91160000000001" lon="5.17647">
    <ele>45.17</ele>
   </trkpt>
   <trkpt lat="50.91152" lon="5.176570000000001">
    <ele>45.4</ele>
   </trkpt>
   <trkpt lat="50.91121500253249" lon="5.177345005161413">
    <ele>45.34</ele>
   </trkpt>
   <trkpt lat="50.91091" lon="5.178120000000001">
    <ele>45.13</ele>
   </trkpt>
   <trkpt lat="50.910405004000665" lon="5.179085010424715">
    <ele>44.86000000000001</ele>
   </trkpt>
   <trkpt lat="50.90990000000001" lon="5.1800500000000005">
    <ele>44.4</ele>
   </trkpt>
   <trkpt lat="50.909396675042494" lon="5.181040021402261">
    <ele>43.940000000000005</ele>
   </trkpt>
   <trkpt lat="50.90889334171315" lon="5.182030021394042">
    <ele>43.67</ele>
   </trkpt>
   <trkpt lat="50.908390000000004" lon="5.183020000000001">
    <ele>44.7</ele>
   </trkpt>
   <trkpt lat="50.907980002778565" lon="5.183810006740207">
    <ele>45.38</ele>
   </trkpt>
   <trkpt lat="50.90757000000001" lon="5.1846000000000005">
    <ele>47.470000000000006</ele>
   </trkpt>
   <trkpt lat="50.9074" lon="5.184900000000001">
    <ele>47.470000000000006</ele>
   </trkpt>
   <trkpt lat="50.90717" lon="5.185230000000001">
    <ele>48.2</ele>
   </trkpt>
   <trkpt lat="50.90695" lon="5.1855">
    <ele>48.95</ele>
   </trkpt>
   <trkpt lat="50.90634000000001" lon="5.186140000000001">
    <ele>51.230000000000004</ele>
   </trkpt>
   <trkpt lat="50.906270000000006" lon="5.186260000000001">
    <ele>51.43</ele>
   </trkpt>
   <trkpt lat="50.90625000000001" lon="5.18634">
    <ele>51.43</ele>
   </trkpt>
   <trkpt lat="50.906180000000006" lon="5.18634">
    <ele>51.660000000000004</ele>
   </trkpt>
   <trkpt lat="50.90608" lon="5.18641">
    <ele>51.660000000000004</ele>
   </trkpt>
   <trkpt lat="50.9055" lon="5.18689">
    <ele>52.230000000000004</ele>
   </trkpt>
   <trkpt lat="50.905300000000004" lon="5.18703">
    <ele>52.27</ele>
   </trkpt>
   <trkpt lat="50.90489" lon="5.18721">
    <ele>51.940000000000005</ele>
   </trkpt>
   <trkpt lat="50.90427000021696" lon="5.187383337961082">
    <ele>51.06</ele>
   </trkpt>
   <trkpt lat="50.90365000017728" lon="5.187556671305432">
    <ele>50.03</ele>
   </trkpt>
   <trkpt lat="50.90303" lon="5.18773">
    <ele>48.61000000000001</ele>
   </trkpt>
   <trkpt lat="50.90222000000001" lon="5.18799">
    <ele>47.28</ele>
   </trkpt>
   <trkpt lat="50.90195000000001" lon="5.18803">
    <ele>47.220000000000006</ele>
   </trkpt>
   <trkpt lat="50.901720000000005" lon="5.18801">
    <ele>47.28</ele>
   </trkpt>
   <trkpt lat="50.9009500000806" lon="5.187869997684212">
    <ele>47.95</ele>
   </trkpt>
   <trkpt lat="50.900180000000006" lon="5.18773">
    <ele>48.190000000000005</ele>
   </trkpt>
   <trkpt lat="50.899514999996406" lon="5.18769999957122">
    <ele>48.260000000000005</ele>
   </trkpt>
   <trkpt lat="50.89885" lon="5.187670000000001">
    <ele>48.150000000000006</ele>
   </trkpt>
   <trkpt lat="50.898630000000004" lon="5.18768">
    <ele>48.24</ele>
   </trkpt>
   <trkpt lat="50.89781333357023" lon="5.187853339417203">
    <ele>48.910000000000004</ele>
   </trkpt>
   <trkpt lat="50.89699666688376" lon="5.188026672754603">
    <ele>50.0</ele>
   </trkpt>
   <trkpt lat="50.89618" lon="5.1882">
    <ele>51.03000000000001</ele>
   </trkpt>
   <trkpt lat="50.89620000000001" lon="5.1882">
    <ele>51.02</ele>
   </trkpt>
   <trkpt lat="50.89561500008041" lon="5.188365002082795">
    <ele>51.38</ele>
   </trkpt>
   <trkpt lat="50.895030000000006" lon="5.18853">
    <ele>51.81</ele>
   </trkpt>
   <trkpt lat="50.89499000000001" lon="5.1885900000000005">
    <ele>51.81</ele>
   </trkpt>
   <trkpt lat="50.89497" lon="5.18874">
    <ele>51.7</ele>
   </trkpt>
   <trkpt lat="50.895090003137994" lon="5.189599997633192">
    <ele>51.82000000000001</ele>
   </trkpt>
   <trkpt lat="50.895210000000006" lon="5.190460000000001">
    <ele>52.620000000000005</ele>
   </trkpt>
   <trkpt lat="50.895210000000006" lon="5.19059">
    <ele>52.71000000000001</ele>
   </trkpt>
   <trkpt lat="50.89518" lon="5.19068">
    <ele>52.71000000000001</ele>
   </trkpt>
   <trkpt lat="50.89511" lon="5.1908">
    <ele>52.76</ele>
   </trkpt>
   <trkpt lat="50.894650000557874" lon="5.191195003994715">
    <ele>52.74</ele>
   </trkpt>
   <trkpt lat="50.89419" lon="5.191590000000001">
    <ele>52.88</ele>
   </trkpt>
   <trkpt lat="50.894130000000004" lon="5.19167">
    <ele>53.18000000000001</ele>
   </trkpt>
   <trkpt lat="50.8941" lon="5.19181">
    <ele>53.18000000000001</ele>
   </trkpt>
   <trkpt lat="50.893950000000004" lon="5.19176">
    <ele>53.18000000000001</ele>
   </trkpt>
   <trkpt lat="50.89374" lon="5.19174">
    <ele>53.24</ele>
   </trkpt>
   <trkpt lat="50.893215000219826" lon="5.191815000817454">
    <ele>53.82000000000001</ele>
   </trkpt>
   <trkpt lat="50.89269" lon="5.191890000000001">
    <ele>54.49</ele>
   </trkpt>
   <trkpt lat="50.89238" lon="5.191890000000001">
    <ele>54.59</ele>
   </trkpt>
   <trkpt lat="50.89162666706207" lon="5.191669992878203">
    <ele>55.09</ele>
   </trkpt>
   <trkpt lat="50.890873333710644" lon="5.191449992873063">
    <ele>54.790000000000006</ele>
   </trkpt>
   <trkpt lat="50.89012" lon="5.19123">
    <ele>54.19</ele>
   </trkpt>
   <trkpt lat="50.890010000000004" lon="5.19123">
    <ele>54.11000000000001</ele>
   </trkpt>
   <trkpt lat="50.88994" lon="5.191260000000001">
    <ele>54.11000000000001</ele>
   </trkpt>
   <trkpt lat="50.89005" lon="5.19165">
    <ele>54.34</ele>
   </trkpt>
   <trkpt lat="50.89012" lon="5.192170000000001">
    <ele>54.34</ele>
   </trkpt>
   <trkpt lat="50.890210014285906" lon="5.193463328281027">
    <ele>55.59</ele>
   </trkpt>
   <trkpt lat="50.89030001428217" lon="5.194756661560369">
    <ele>56.5</ele>
   </trkpt>
   <trkpt lat="50.890390000000004" lon="5.1960500000000005">
    <ele>56.86000000000001</ele>
   </trkpt>
   <trkpt lat="50.89040000000001" lon="5.19671">
    <ele>56.830000000000005</ele>
   </trkpt>
   <trkpt lat="50.890350002636985" lon="5.1974950007667475">
    <ele>56.230000000000004</ele>
   </trkpt>
   <trkpt lat="50.8903" lon="5.1982800000000005">
    <ele>55.85</ele>
   </trkpt>
   <trkpt lat="50.890250003002905" lon="5.199120001086703">
    <ele>55.75000000000001</ele>
   </trkpt>
   <trkpt lat="50.89020000000001" lon="5.199960000000001">
    <ele>56.21</ele>
   </trkpt>
   <trkpt lat="50.89020000000001" lon="5.20033">
    <ele>56.81</ele>
   </trkpt>
   <trkpt lat="50.88936999995873" lon="5.200370001428127">
    <ele>56.870000000000005</ele>
   </trkpt>
   <trkpt lat="50.88853999990378" lon="5.200410001430743">
    <ele>57.650000000000006</ele>
   </trkpt>
   <trkpt lat="50.887710000000006" lon="5.20045">
    <ele>58.45</ele>
   </trkpt>
   <trkpt lat="50.887690000000006" lon="5.20094">
    <ele>58.43</ele>
   </trkpt>
   <trkpt lat="50.887710000000006" lon="5.20106">
    <ele>58.32</ele>
   </trkpt>
   <trkpt lat="50.887970003841" lon="5.202004994821681">
    <ele>58.050000000000004</ele>
   </trkpt>
   <trkpt lat="50.88823000000001" lon="5.20295">
    <ele>57.14</ele>
   </trkpt>
   <trkpt lat="50.888290000000005" lon="5.20314">
    <ele>57.13</ele>
   </trkpt>
   <trkpt lat="50.88846" lon="5.20347">
    <ele>56.93</ele>
   </trkpt>
   <trkpt lat="50.88880500424061" lon="5.204459992823109">
    <ele>55.290000000000006</ele>
   </trkpt>
   <trkpt lat="50.88915" lon="5.205450000000001">
    <ele>54.50000000000001</ele>
   </trkpt>
   <trkpt lat="50.889250000000004" lon="5.205850000000001">
    <ele>53.81</ele>
   </trkpt>
   <trkpt lat="50.88939000219623" lon="5.206559998084078">
    <ele>53.31</ele>
   </trkpt>
   <trkpt lat="50.88953000000001" lon="5.20727">
    <ele>53.42</ele>
   </trkpt>
   <trkpt lat="50.88956" lon="5.20753">
    <ele>53.27</ele>
   </trkpt>
   <trkpt lat="50.889540000000004" lon="5.20762">
    <ele>53.27</ele>
   </trkpt>
   <trkpt lat="50.88949" lon="5.207680000000001">
    <ele>53.27</ele>
   </trkpt>
   <trkpt lat="50.8888950010094" lon="5.20816500619128">
    <ele>52.440000000000005</ele>
   </trkpt>
   <trkpt lat="50.8883" lon="5.2086500000000004">
    <ele>52.25000000000001</ele>
   </trkpt>
   <trkpt lat="50.88841000000001" lon="5.20948">
    <ele>51.58</ele>
   </trkpt>
   <trkpt lat="50.88852000000001" lon="5.21082">
    <ele>50.830000000000005</ele>
   </trkpt>
   <trkpt lat="50.888560000000005" lon="5.211150000000001">
    <ele>50.830000000000005</ele>
   </trkpt>
   <trkpt lat="50.88877" lon="5.21203">
    <ele>49.86</ele>
   </trkpt>
   <trkpt lat="50.88909000446851" lon="5.213059992721125">
    <ele>49.330000000000005</ele>
   </trkpt>
   <trkpt lat="50.889410000000005" lon="5.214090000000001">
    <ele>48.85</ele>
   </trkpt>
   <trkpt lat="50.88969" lon="5.21534">
    <ele>47.68000000000001</ele>
   </trkpt>
   <trkpt lat="50.88989500481097" lon="5.2163999953947915">
    <ele>46.93000000000001</ele>
   </trkpt>
   <trkpt lat="50.890100000000004" lon="5.21746">
    <ele>46.44</ele>
   </trkpt>
   <trkpt lat="50.89018" lon="5.21774">
    <ele>46.410000000000004</ele>
   </trkpt>
   <trkpt lat="50.889970000000005" lon="5.21804">
    <ele>45.86000000000001</ele>
   </trkpt>
   <trkpt lat="50.8898" lon="5.21834">
    <ele>45.71</ele>
   </trkpt>
   <trkpt lat="50.88949" lon="5.219180000000001">
    <ele>44.9</ele>
   </trkpt>
   <trkpt lat="50.8894" lon="5.219480000000001">
    <ele>44.96000000000001</ele>
   </trkpt>
   <trkpt lat="50.88935000000001" lon="5.219690000000001">
    <ele>44.96000000000001</ele>
   </trkpt>
   <trkpt lat="50.88888999990235" lon="5.2196950000504385">
    <ele>44.94</ele>
   </trkpt>
   <trkpt lat="50.88843000000001" lon="5.2197000000000005">
    <ele>45.300000000000004</ele>
   </trkpt>
   <trkpt lat="50.887980000000006" lon="5.219760000000001">
    <ele>45.85</ele>
   </trkpt>
   <trkpt lat="50.887330000190936" lon="5.21990333732986">
    <ele>47.040000000000006</ele>
   </trkpt>
   <trkpt lat="50.886680000206354" lon="5.220046670659726">
    <ele>47.89</ele>
   </trkpt>
   <trkpt lat="50.886030000000005" lon="5.2201900000000006">
    <ele>48.43</ele>
   </trkpt>
   <trkpt lat="50.88546" lon="5.220280000000001">
    <ele>48.760000000000005</ele>
   </trkpt>
   <trkpt lat="50.88498500014055" lon="5.220300000198071">
    <ele>49.14</ele>
   </trkpt>
   <trkpt lat="50.884510000000006" lon="5.22032">
    <ele>50.38</ele>
   </trkpt>
   <trkpt lat="50.884420000000006" lon="5.220350000000001">
    <ele>50.38</ele>
   </trkpt>
   <trkpt lat="50.88434" lon="5.220400000000001">
    <ele>50.53</ele>
   </trkpt>
   <trkpt lat="50.88425" lon="5.2205">
    <ele>50.650000000000006</ele>
   </trkpt>
   <trkpt lat="50.884170000000005" lon="5.22064">
    <ele>50.77</ele>
   </trkpt>
   <trkpt lat="50.88412" lon="5.22085">
    <ele>50.830000000000005</ele>
   </trkpt>
   <trkpt lat="50.88407500699732" lon="5.222130001272666">
    <ele>50.870000000000005</ele>
   </trkpt>
   <trkpt lat="50.88403" lon="5.22341">
    <ele>50.620000000000005</ele>
   </trkpt>
   <trkpt lat="50.88394" lon="5.224080000000001">
    <ele>50.43</ele>
   </trkpt>
   <trkpt lat="50.883840000000006" lon="5.224500000000001">
    <ele>50.49000000000001</ele>
   </trkpt>
   <trkpt lat="50.88371" lon="5.224880000000001">
    <ele>50.63</ele>
   </trkpt>
   <trkpt lat="50.883590000000005" lon="5.225140000000001">
    <ele>50.75</ele>
   </trkpt>
   <trkpt lat="50.883430000000004" lon="5.225420000000001">
    <ele>51.07</ele>
   </trkpt>
   <trkpt lat="50.88298" lon="5.22607">
    <ele>52.63</ele>
   </trkpt>
   <trkpt lat="50.88298" lon="5.22606">
    <ele>52.63</ele>
   </trkpt>
   <trkpt lat="50.882650000000005" lon="5.226540000000001">
    <ele>53.77</ele>
   </trkpt>
   <trkpt lat="50.88250000000001" lon="5.226780000000001">
    <ele>54.45</ele>
   </trkpt>
   <trkpt lat="50.882400000000004" lon="5.227040000000001">
    <ele>55.620000000000005</ele>
   </trkpt>
   <trkpt lat="50.88232000000001" lon="5.227320000000001">
    <ele>55.620000000000005</ele>
   </trkpt>
   <trkpt lat="50.88215500322262" lon="5.228190003136773">
    <ele>56.790000000000006</ele>
   </trkpt>
   <trkpt lat="50.88199" lon="5.2290600000000005">
    <ele>58.02</ele>
   </trkpt>
   <trkpt lat="50.88185000000001" lon="5.2295300000000005">
    <ele>58.29</ele>
   </trkpt>
   <trkpt lat="50.88167000000001" lon="5.22993">
    <ele>58.72</ele>
   </trkpt>
   <trkpt lat="50.881310000000006" lon="5.23068">
    <ele>59.31</ele>
   </trkpt>
   <trkpt lat="50.88114" lon="5.2311700000000005">
    <ele>60.08</ele>
   </trkpt>
   <trkpt lat="50.88083500669117" lon="5.232420008114116">
    <ele>62.160000000000004</ele>
   </trkpt>
   <trkpt lat="50.88053000000001" lon="5.23367">
    <ele>63.87000000000001</ele>
   </trkpt>
   <trkpt lat="50.88029" lon="5.23435">
    <ele>63.89</ele>
   </trkpt>
   <trkpt lat="50.88001000175544" lon="5.234985003741001">
    <ele>63.75</ele>
   </trkpt>
   <trkpt lat="50.87973" lon="5.235620000000001">
    <ele>63.47</ele>
   </trkpt>
   <trkpt lat="50.87950000000001" lon="5.23604">
    <ele>63.49</ele>
   </trkpt>
   <trkpt lat="50.87897500320044" lon="5.236895009506436">
    <ele>62.77</ele>
   </trkpt>
   <trkpt lat="50.87845" lon="5.23775">
    <ele>61.160000000000004</ele>
   </trkpt>
   <trkpt lat="50.878130000000006" lon="5.23824">
    <ele>59.45</ele>
   </trkpt>
   <trkpt lat="50.87756333680583" lon="5.238876682140032">
    <ele>57.830000000000005</ele>
   </trkpt>
   <trkpt lat="50.87699667014847" lon="5.239513348795994">
    <ele>56.720000000000006</ele>
   </trkpt>
   <trkpt lat="50.876430000000006" lon="5.240150000000001">
    <ele>56.07</ele>
   </trkpt>
   <trkpt lat="50.876290000000004" lon="5.24037">
    <ele>55.940000000000005</ele>
   </trkpt>
   <trkpt lat="50.876110000000004" lon="5.240760000000001">
    <ele>56.02</ele>
   </trkpt>
   <trkpt lat="50.876590008138635" lon="5.241733313372962">
    <ele>54.01</ele>
   </trkpt>
   <trkpt lat="50.87707000818331" lon="5.242706646796575">
    <ele>52.50000000000001</ele>
   </trkpt>
   <trkpt lat="50.87755000000001" lon="5.24368">
    <ele>51.46000000000001</ele>
   </trkpt>
   <trkpt lat="50.877790000000005" lon="5.24406">
    <ele>51.190000000000005</ele>
   </trkpt>
   <trkpt lat="50.87809000000001" lon="5.24444">
    <ele>50.99000000000001</ele>
   </trkpt>
   <trkpt lat="50.87818000000001" lon="5.244610000000001">
    <ele>50.99000000000001</ele>
   </trkpt>
   <trkpt lat="50.8783" lon="5.245010000000001">
    <ele>50.85000000000001</ele>
   </trkpt>
   <trkpt lat="50.878310000000006" lon="5.2452700000000005">
    <ele>50.910000000000004</ele>
   </trkpt>
   <trkpt lat="50.878280000000004" lon="5.245480000000001">
    <ele>50.910000000000004</ele>
   </trkpt>
   <trkpt lat="50.878150000000005" lon="5.24577">
    <ele>51.120000000000005</ele>
   </trkpt>
   <trkpt lat="50.87802000000001" lon="5.24589">
    <ele>51.370000000000005</ele>
   </trkpt>
   <trkpt lat="50.87720000081067" lon="5.246345008047185">
    <ele>53.26</ele>
   </trkpt>
   <trkpt lat="50.876380000000005" lon="5.2468">
    <ele>55.50000000000001</ele>
   </trkpt>
   <trkpt lat="50.87568500089056" lon="5.24727000704505">
    <ele>57.31</ele>
   </trkpt>
   <trkpt lat="50.874990000000004" lon="5.24774">
    <ele>59.160000000000004</ele>
   </trkpt>
   <trkpt lat="50.874860000000005" lon="5.24786">
    <ele>60.50000000000001</ele>
   </trkpt>
   <trkpt lat="50.87480000000001" lon="5.247940000000001">
    <ele>60.50000000000001</ele>
   </trkpt>
   <trkpt lat="50.87467" lon="5.24817">
    <ele>60.89000000000001</ele>
   </trkpt>
   <trkpt lat="50.87462000000001" lon="5.24831">
    <ele>61.15</ele>
   </trkpt>
   <trkpt lat="50.87443000713331" lon="5.249223340750304">
    <ele>62.6</ele>
   </trkpt>
   <trkpt lat="50.874240007139484" lon="5.250136674053812">
    <ele>63.57</ele>
   </trkpt>
   <trkpt lat="50.874050000000004" lon="5.25105">
    <ele>64.89999999999999</ele>
   </trkpt>
   <trkpt lat="50.873990000000006" lon="5.2513000000000005">
    <ele>65.13000000000001</ele>
   </trkpt>
   <trkpt lat="50.87391" lon="5.251480000000001">
    <ele>65.13000000000001</ele>
   </trkpt>
   <trkpt lat="50.873780000000004" lon="5.25168">
    <ele>65.99000000000001</ele>
   </trkpt>
   <trkpt lat="50.87317000208028" lon="5.252395009479403">
    <ele>68.53</ele>
   </trkpt>
   <trkpt lat="50.87256000000001" lon="5.25311">
    <ele>68.7</ele>
   </trkpt>
   <trkpt lat="50.872330000000005" lon="5.25344">
    <ele>67.89</ele>
   </trkpt>
   <trkpt lat="50.871742511790984" lon="5.254400036334332">
    <ele>64.16000000000001</ele>
   </trkpt>
   <trkpt lat="50.87115501570741" lon="5.255360048467541">
    <ele>61.18000000000001</ele>
   </trkpt>
   <trkpt lat="50.87056751174968" lon="5.256320036400415">
    <ele>58.260000000000005</ele>
   </trkpt>
   <trkpt lat="50.869980000000005" lon="5.257280000000001">
    <ele>58.230000000000004</ele>
   </trkpt>
   <trkpt lat="50.87032500150249" lon="5.257849995970345">
    <ele>57.290000000000006</ele>
   </trkpt>
   <trkpt lat="50.870670000000004" lon="5.25842">
    <ele>57.14</ele>
   </trkpt>
   <trkpt lat="50.870560000000005" lon="5.258570000000001">
    <ele>56.24</ele>
   </trkpt>
   <trkpt lat="50.87003500078852" lon="5.259010004988031">
    <ele>54.99</ele>
   </trkpt>
   <trkpt lat="50.869510000000005" lon="5.25945">
    <ele>53.83</ele>
   </trkpt>
   <trkpt lat="50.86892500092737" lon="5.259915005832726">
    <ele>52.46000000000001</ele>
   </trkpt>
   <trkpt lat="50.86834" lon="5.2603800000000005">
    <ele>51.2</ele>
   </trkpt>
   <trkpt lat="50.86834" lon="5.26037">
    <ele>51.2</ele>
   </trkpt>
   <trkpt lat="50.868120000000005" lon="5.26055">
    <ele>51.03000000000001</ele>
   </trkpt>
   <trkpt lat="50.86762" lon="5.261010000000001">
    <ele>50.47</ele>
   </trkpt>
   <trkpt lat="50.86732000000001" lon="5.26149">
    <ele>50.61</ele>
   </trkpt>
   <trkpt lat="50.86688334321016" lon="5.262566686905352">
    <ele>49.46</ele>
   </trkpt>
   <trkpt lat="50.86644667651551" lon="5.263643353640671">
    <ele>48.99</ele>
   </trkpt>
   <trkpt lat="50.86601" lon="5.2647200000000005">
    <ele>48.510000000000005</ele>
   </trkpt>
   <trkpt lat="50.86563251183346" lon="5.265680023265274">
    <ele>47.830000000000005</ele>
   </trkpt>
   <trkpt lat="50.86525501579219" lon="5.26664003098368">
    <ele>47.14</ele>
   </trkpt>
   <trkpt lat="50.864877511876394" lon="5.267600023155359">
    <ele>45.62</ele>
   </trkpt>
   <trkpt lat="50.86450000000001" lon="5.268560000000001">
    <ele>44.870000000000005</ele>
   </trkpt>
   <trkpt lat="50.864340000000006" lon="5.2689200000000005">
    <ele>44.660000000000004</ele>
   </trkpt>
   <trkpt lat="50.864180000000005" lon="5.26919">
    <ele>44.46000000000001</ele>
   </trkpt>
   <trkpt lat="50.86404" lon="5.26937">
    <ele>44.58</ele>
   </trkpt>
   <trkpt lat="50.863490000000006" lon="5.269850000000001">
    <ele>44.46000000000001</ele>
   </trkpt>
   <trkpt lat="50.862896669299275" lon="5.270403347401108">
    <ele>43.75</ele>
   </trkpt>
   <trkpt lat="50.86230333598235" lon="5.270956680718911">
    <ele>44.17</ele>
   </trkpt>
   <trkpt lat="50.86171" lon="5.27151">
    <ele>44.480000000000004</ele>
   </trkpt>
   <trkpt lat="50.86149" lon="5.27167">
    <ele>44.53000000000001</ele>
   </trkpt>
   <trkpt lat="50.86128" lon="5.2717600000000004">
    <ele>44.71000000000001</ele>
   </trkpt>
   <trkpt lat="50.86054000071331" lon="5.271995011186604">
    <ele>45.51</ele>
   </trkpt>
   <trkpt lat="50.859800000954685" lon="5.272230014914029">
    <ele>45.85</ele>
   </trkpt>
   <trkpt lat="50.8590600007242" lon="5.272465011182705">
    <ele>46.080000000000005</ele>
   </trkpt>
   <trkpt lat="50.858320000000006" lon="5.2727">
    <ele>46.830000000000005</ele>
   </trkpt>
   <trkpt lat="50.857779999910946" lon="5.272765000765576">
    <ele>47.41</ele>
   </trkpt>
   <trkpt lat="50.857240000000004" lon="5.272830000000001">
    <ele>48.330000000000005</ele>
   </trkpt>
   <trkpt lat="50.857060000000004" lon="5.272830000000001">
    <ele>48.440000000000005</ele>
   </trkpt>
   <trkpt lat="50.85669000000001" lon="5.27289">
    <ele>48.93</ele>
   </trkpt>
   <trkpt lat="50.855950000172875" lon="5.273065002766875">
    <ele>49.870000000000005</ele>
   </trkpt>
   <trkpt lat="50.85521000000001" lon="5.27324">
    <ele>49.59</ele>
   </trkpt>
   <trkpt lat="50.8549" lon="5.273300000000001">
    <ele>49.550000000000004</ele>
   </trkpt>
   <trkpt lat="50.85442500004415" lon="5.273340000404243">
    <ele>49.830000000000005</ele>
   </trkpt>
   <trkpt lat="50.853950000000005" lon="5.27338">
    <ele>50.34</ele>
   </trkpt>
   <trkpt lat="50.853075000079365" lon="5.273425000840579">
    <ele>50.52</ele>
   </trkpt>
   <trkpt lat="50.8522" lon="5.2734700000000005">
    <ele>51.190000000000005</ele>
   </trkpt>
   <trkpt lat="50.852000000000004" lon="5.27345">
    <ele>51.36</ele>
   </trkpt>
   <trkpt lat="50.851440000000004" lon="5.27336">
    <ele>51.84</ele>
   </trkpt>
   <trkpt lat="50.85063" lon="5.273300000000001">
    <ele>52.36</ele>
   </trkpt>
   <trkpt lat="50.84990500000663" lon="5.2733325015156955">
    <ele>53.65</ele>
   </trkpt>
   <trkpt lat="50.84918000000421" lon="5.2733650020210945">
    <ele>55.410000000000004</ele>
   </trkpt>
   <trkpt lat="50.84845499999279" lon="5.273397501516257">
    <ele>55.93000000000001</ele>
   </trkpt>
   <trkpt lat="50.847730000000006" lon="5.27343">
    <ele>55.67</ele>
   </trkpt>
   <trkpt lat="50.846990000000005" lon="5.27339">
    <ele>54.49</ele>
   </trkpt>
   <trkpt lat="50.84633" lon="5.27329">
    <ele>53.06</ele>
   </trkpt>
   <trkpt lat="50.84622" lon="5.273300000000001">
    <ele>53.06</ele>
   </trkpt>
   <trkpt lat="50.84577" lon="5.27341">
    <ele>51.04</ele>
   </trkpt>
   <trkpt lat="50.84557" lon="5.273420000000001">
    <ele>50.35</ele>
   </trkpt>
   <trkpt lat="50.845060000000004" lon="5.27336">
    <ele>49.2</ele>
   </trkpt>
   <trkpt lat="50.844910000000006" lon="5.27338">
    <ele>48.11000000000001</ele>
   </trkpt>
   <trkpt lat="50.844750000000005" lon="5.27345">
    <ele>47.790000000000006</ele>
   </trkpt>
   <trkpt lat="50.84405" lon="5.273840000000001">
    <ele>46.34</ele>
   </trkpt>
   <trkpt lat="50.843900000000005" lon="5.2738700000000005">
    <ele>46.26</ele>
   </trkpt>
   <trkpt lat="50.84351" lon="5.27388">
    <ele>46.43000000000001</ele>
   </trkpt>
   <trkpt lat="50.84333" lon="5.2739">
    <ele>46.62</ele>
   </trkpt>
   <trkpt lat="50.84313" lon="5.27397">
    <ele>46.720000000000006</ele>
   </trkpt>
   <trkpt lat="50.842940000000006" lon="5.27407">
    <ele>46.81</ele>
   </trkpt>
   <trkpt lat="50.84268" lon="5.274290000000001">
    <ele>46.85</ele>
   </trkpt>
   <trkpt lat="50.84244" lon="5.27458">
    <ele>47.18000000000001</ele>
   </trkpt>
   <trkpt lat="50.84223" lon="5.27491">
    <ele>47.43000000000001</ele>
   </trkpt>
   <trkpt lat="50.841910000000006" lon="5.275580000000001">
    <ele>47.839999999999996</ele>
   </trkpt>
   <trkpt lat="50.84141667579333" lon="5.276613355180644">
    <ele>48.730000000000004</ele>
   </trkpt>
   <trkpt lat="50.84092334246137" lon="5.277646688510694">
    <ele>49.620000000000005</ele>
   </trkpt>
   <trkpt lat="50.840430000000005" lon="5.2786800000000005">
    <ele>50.92000000000001</ele>
   </trkpt>
   <trkpt lat="50.84026" lon="5.278930000000001">
    <ele>51.22</ele>
   </trkpt>
   <trkpt lat="50.840140000000005" lon="5.27902">
    <ele>51.52</ele>
   </trkpt>
   <trkpt lat="50.84002" lon="5.27909">
    <ele>51.54</ele>
   </trkpt>
   <trkpt lat="50.83991" lon="5.27911">
    <ele>51.620000000000005</ele>
   </trkpt>
   <trkpt lat="50.83979" lon="5.27911">
    <ele>51.620000000000005</ele>
   </trkpt>
   <trkpt lat="50.839580000000005" lon="5.2790300000000006">
    <ele>52.04</ele>
   </trkpt>
   <trkpt lat="50.83912" lon="5.278770000000001">
    <ele>52.910000000000004</ele>
   </trkpt>
   <trkpt lat="50.83852334124324" lon="5.2797333580017">
    <ele>53.300000000000004</ele>
   </trkpt>
   <trkpt lat="50.837926674555455" lon="5.280696691368654">
    <ele>54.720000000000006</ele>
   </trkpt>
   <trkpt lat="50.83733" lon="5.2816600000000005">
    <ele>56.18000000000001</ele>
   </trkpt>
   <trkpt lat="50.837210000000006" lon="5.281820000000001">
    <ele>56.18000000000001</ele>
   </trkpt>
   <trkpt lat="50.836960000000005" lon="5.28209">
    <ele>56.620000000000005</ele>
   </trkpt>
   <trkpt lat="50.836600000000004" lon="5.28237">
    <ele>57.440000000000005</ele>
   </trkpt>
   <trkpt lat="50.83589000077962" lon="5.282795006461009">
    <ele>58.13000000000001</ele>
   </trkpt>
   <trkpt lat="50.83518" lon="5.28322">
    <ele>58.78</ele>
   </trkpt>
   <trkpt lat="50.83509" lon="5.28335">
    <ele>58.85000000000001</ele>
   </trkpt>
   <trkpt lat="50.83498" lon="5.28335">
    <ele>58.59</ele>
   </trkpt>
   <trkpt lat="50.83434000058794" lon="5.2837400053857335">
    <ele>58.42000000000001</ele>
   </trkpt>
   <trkpt lat="50.83370000000001" lon="5.28413">
    <ele>58.89</ele>
   </trkpt>
   <trkpt lat="50.83306500062175" lon="5.284510005167055">
    <ele>59.07</ele>
   </trkpt>
   <trkpt lat="50.83243" lon="5.284890000000001">
    <ele>59.190000000000005</ele>
   </trkpt>
   <trkpt lat="50.831880000000005" lon="5.28526">
    <ele>59.300000000000004</ele>
   </trkpt>
   <trkpt lat="50.83171" lon="5.2854">
    <ele>59.45</ele>
   </trkpt>
   <trkpt lat="50.831570000000006" lon="5.285550000000001">
    <ele>59.45</ele>
   </trkpt>
   <trkpt lat="50.83135000000001" lon="5.285810000000001">
    <ele>59.690000000000005</ele>
   </trkpt>
   <trkpt lat="50.83088000000001" lon="5.28657">
    <ele>60.120000000000005</ele>
   </trkpt>
   <trkpt lat="50.830780000000004" lon="5.2866100000000005">
    <ele>60.22</ele>
   </trkpt>
   <trkpt lat="50.83070000000001" lon="5.28659">
    <ele>60.46000000000001</ele>
   </trkpt>
   <trkpt lat="50.829943335889716" lon="5.28604998253924">
    <ele>60.79</ele>
   </trkpt>
   <trkpt lat="50.829186669287175" lon="5.285509982585363">
    <ele>61.25000000000001</ele>
   </trkpt>
   <trkpt lat="50.828430000000004" lon="5.28497">
    <ele>61.7</ele>
   </trkpt>
   <trkpt lat="50.82829" lon="5.28493">
    <ele>61.84</ele>
   </trkpt>
   <trkpt lat="50.82817000000001" lon="5.284940000000001">
    <ele>61.96000000000001</ele>
   </trkpt>
   <trkpt lat="50.828070000000004" lon="5.284960000000001">
    <ele>61.96000000000001</ele>
   </trkpt>
   <trkpt lat="50.82795" lon="5.285030000000001">
    <ele>62.00000000000001</ele>
   </trkpt>
   <trkpt lat="50.82729666879811" lon="5.285533347447501">
    <ele>62.28</ele>
   </trkpt>
   <trkpt lat="50.82664333543089" lon="5.286036680806686">
    <ele>62.43000000000001</ele>
   </trkpt>
   <trkpt lat="50.825990000000004" lon="5.2865400000000005">
    <ele>63.04</ele>
   </trkpt>
   <trkpt lat="50.8256" lon="5.28688">
    <ele>63.75</ele>
   </trkpt>
   <trkpt lat="50.82521500054554" lon="5.2872650032627275">
    <ele>64.01</ele>
   </trkpt>
   <trkpt lat="50.824830000000006" lon="5.28765">
    <ele>64.52000000000001</ele>
   </trkpt>
   <trkpt lat="50.824490000000004" lon="5.28788">
    <ele>65.16000000000001</ele>
   </trkpt>
   <trkpt lat="50.82389000066434" lon="5.288170007479794">
    <ele>66.42</ele>
   </trkpt>
   <trkpt lat="50.823290000609866" lon="5.288460007506003">
    <ele>67.89</ele>
   </trkpt>
   <trkpt lat="50.82269" lon="5.28875">
    <ele>69.56</ele>
   </trkpt>
   <trkpt lat="50.82227" lon="5.28889">
    <ele>71.25</ele>
   </trkpt>
   <trkpt lat="50.821388000873206" lon="5.289116017075477">
    <ele>71.65</ele>
   </trkpt>
   <trkpt lat="50.82050600130981" lon="5.28934202561262">
    <ele>70.52</ele>
   </trkpt>
   <trkpt lat="50.81962400130984" lon="5.289568025612017">
    <ele>69.08</ele>
   </trkpt>
   <trkpt lat="50.81874200087333" lon="5.2897940170742554">
    <ele>67.58</ele>
   </trkpt>
   <trkpt lat="50.81786" lon="5.29002">
    <ele>66.5</ele>
   </trkpt>
   <trkpt lat="50.8175" lon="5.29014">
    <ele>66.5</ele>
   </trkpt>
   <trkpt lat="50.81676" lon="5.2904800000000005">
    <ele>65.32000000000001</ele>
   </trkpt>
   <trkpt lat="50.81601000086558" lon="5.29090500677204">
    <ele>64.69000000000001</ele>
   </trkpt>
   <trkpt lat="50.81526" lon="5.29133">
    <ele>64.34</ele>
   </trkpt>
   <trkpt lat="50.81497" lon="5.291580000000001">
    <ele>64.03</ele>
   </trkpt>
   <trkpt lat="50.814515000719595" lon="5.292025004459115">
    <ele>63.57</ele>
   </trkpt>
   <trkpt lat="50.814060000000005" lon="5.292470000000001">
    <ele>62.76000000000001</ele>
   </trkpt>
   <trkpt lat="50.81346500150841" lon="5.293055007407283">
    <ele>61.160000000000004</ele>
   </trkpt>
   <trkpt lat="50.812870000000004" lon="5.293640000000001">
    <ele>61.050000000000004</ele>
   </trkpt>
   <trkpt lat="50.812580004313915" lon="5.292629993569652">
    <ele>61.160000000000004</ele>
   </trkpt>
   <trkpt lat="50.812290000000004" lon="5.29162">
    <ele>61.89000000000001</ele>
   </trkpt>
   <trkpt lat="50.81228" lon="5.29154">
    <ele>62.11000000000001</ele>
   </trkpt>
   <trkpt lat="50.81224" lon="5.291460000000001">
    <ele>62.11000000000001</ele>
   </trkpt>
   <trkpt lat="50.81222" lon="5.291320000000001">
    <ele>62.35</ele>
   </trkpt>
   <trkpt lat="50.81217" lon="5.29128">
    <ele>62.38</ele>
   </trkpt>
   <trkpt lat="50.812110000000004" lon="5.29131">
    <ele>61.980000000000004</ele>
   </trkpt>
   <trkpt lat="50.812090000000005" lon="5.291390000000001">
    <ele>61.980000000000004</ele>
   </trkpt>
   <trkpt lat="50.81204" lon="5.29138">
    <ele>61.980000000000004</ele>
   </trkpt>
   <trkpt lat="50.811910000000005" lon="5.291440000000001">
    <ele>60.67</ele>
   </trkpt>
   <trkpt lat="50.811449999879414" lon="5.291389999493335">
    <ele>58.5</ele>
   </trkpt>
   <trkpt lat="50.810990000000004" lon="5.291340000000001">
    <ele>56.63</ele>
   </trkpt>
   <trkpt lat="50.81078" lon="5.29126">
    <ele>55.99</ele>
   </trkpt>
   <trkpt lat="50.81042000000001" lon="5.2910200000000005">
    <ele>55.400000000000006</ele>
   </trkpt>
   <trkpt lat="50.80973" lon="5.29053">
    <ele>55.78</ele>
   </trkpt>
   <trkpt lat="50.809490000000004" lon="5.29032">
    <ele>56.220000000000006</ele>
   </trkpt>
   <trkpt lat="50.80933" lon="5.29013">
    <ele>56.31</ele>
   </trkpt>
   <trkpt lat="50.809160000000006" lon="5.2898700000000005">
    <ele>56.95</ele>
   </trkpt>
   <trkpt lat="50.80861" lon="5.288830000000001">
    <ele>58.11</ele>
   </trkpt>
   <trkpt lat="50.80839" lon="5.28852">
    <ele>58.910000000000004</ele>
   </trkpt>
   <trkpt lat="50.8079850007659" lon="5.28804999571857">
    <ele>60.33</ele>
   </trkpt>
   <trkpt lat="50.80758" lon="5.28758">
    <ele>61.190000000000005</ele>
   </trkpt>
   <trkpt lat="50.80710000116717" lon="5.287044994440544">
    <ele>63.58000000000001</ele>
   </trkpt>
   <trkpt lat="50.80662" lon="5.286510000000001">
    <ele>66.38000000000001</ele>
   </trkpt>
   <trkpt lat="50.805870000000006" lon="5.285830000000001">
    <ele>65.14</ele>
   </trkpt>
   <trkpt lat="50.805460000000004" lon="5.2855300000000005">
    <ele>62.82</ele>
   </trkpt>
   <trkpt lat="50.80505" lon="5.285270000000001">
    <ele>62.1</ele>
   </trkpt>
   <trkpt lat="50.804460000000006" lon="5.28497">
    <ele>61.25000000000001</ele>
   </trkpt>
   <trkpt lat="50.8044" lon="5.28509">
    <ele>61.25000000000001</ele>
   </trkpt>
   <trkpt lat="50.80405500090534" lon="5.285560003523335">
    <ele>58.79</ele>
   </trkpt>
   <trkpt lat="50.80371" lon="5.28603">
    <ele>57.580000000000005</ele>
   </trkpt>
   <trkpt lat="50.80348000000001" lon="5.286390000000001">
    <ele>57.17</ele>
   </trkpt>
   <trkpt lat="50.803250000000006" lon="5.286840000000001">
    <ele>56.580000000000005</ele>
   </trkpt>
   <trkpt lat="50.80278000607128" lon="5.288035012102457">
    <ele>55.50000000000001</ele>
   </trkpt>
   <trkpt lat="50.802310000000006" lon="5.289230000000001">
    <ele>54.77</ele>
   </trkpt>
   <trkpt lat="50.802150000000005" lon="5.2895900000000005">
    <ele>54.690000000000005</ele>
   </trkpt>
   <trkpt lat="50.80191000000001" lon="5.2900100000000005">
    <ele>54.86000000000001</ele>
   </trkpt>
   <trkpt lat="50.801280002599576" lon="5.290800010736379">
    <ele>56.800000000000004</ele>
   </trkpt>
   <trkpt lat="50.800650000000005" lon="5.29159">
    <ele>58.93</ele>
   </trkpt>
   <trkpt lat="50.800290000000004" lon="5.291910000000001">
    <ele>60.76</ele>
   </trkpt>
   <trkpt lat="50.79988000029988" lon="5.29221500274875">
    <ele>62.07000000000001</ele>
   </trkpt>
   <trkpt lat="50.79947000000001" lon="5.292520000000001">
    <ele>63.63</ele>
   </trkpt>
   <trkpt lat="50.799220000000005" lon="5.292750000000001">
    <ele>64.77000000000001</ele>
   </trkpt>
   <trkpt lat="50.79894" lon="5.29311">
    <ele>66.38000000000001</ele>
   </trkpt>
   <trkpt lat="50.79880000000001" lon="5.2933200000000005">
    <ele>66.38000000000001</ele>
   </trkpt>
   <trkpt lat="50.798480000000005" lon="5.293990000000001">
    <ele>68.51</ele>
   </trkpt>
   <trkpt lat="50.79838" lon="5.294300000000001">
    <ele>68.94</ele>
   </trkpt>
   <trkpt lat="50.798130004886985" lon="5.295365005531162">
    <ele>71.01</ele>
   </trkpt>
   <trkpt lat="50.797880000000006" lon="5.296430000000001">
    <ele>72.29</ele>
   </trkpt>
   <trkpt lat="50.797650000000004" lon="5.29736">
    <ele>72.14000000000001</ele>
   </trkpt>
   <trkpt lat="50.79746" lon="5.2978700000000005">
    <ele>71.77</ele>
   </trkpt>
   <trkpt lat="50.79731" lon="5.29821">
    <ele>71.60000000000001</ele>
   </trkpt>
   <trkpt lat="50.796827508564" lon="5.299027525329819">
    <ele>71.04</ele>
   </trkpt>
   <trkpt lat="50.796345011414665" lon="5.299845033779323">
    <ele>70.53</ele>
   </trkpt>
   <trkpt lat="50.795862508552226" lon="5.30066252534895">
    <ele>70.05</ele>
   </trkpt>
   <trkpt lat="50.79538" lon="5.301480000000001">
    <ele>69.61</ele>
   </trkpt>
   <trkpt lat="50.79480000405178" lon="5.302455012118771">
    <ele>68.85000000000001</ele>
   </trkpt>
   <trkpt lat="50.79422" lon="5.3034300000000005">
    <ele>67.74000000000001</ele>
   </trkpt>
   <trkpt lat="50.79368" lon="5.304250000000001">
    <ele>66.75</ele>
   </trkpt>
   <trkpt lat="50.79307750711558" lon="5.304992528656181">
    <ele>65.52000000000001</ele>
   </trkpt>
   <trkpt lat="50.79247500951789" lon="5.305735038170029">
    <ele>64.46000000000001</ele>
   </trkpt>
   <trkpt lat="50.79187250720717" lon="5.3064775285423">
    <ele>63.47</ele>
   </trkpt>
   <trkpt lat="50.791270000000004" lon="5.30722">
    <ele>63.17</ele>
   </trkpt>
   <trkpt lat="50.79121000000001" lon="5.307320000000001">
    <ele>63.13</ele>
   </trkpt>
   <trkpt lat="50.79111" lon="5.30757">
    <ele>62.870000000000005</ele>
   </trkpt>
   <trkpt lat="50.791030000000006" lon="5.30754">
    <ele>62.95</ele>
   </trkpt>
   <trkpt lat="50.790960000000005" lon="5.30759">
    <ele>62.95</ele>
   </trkpt>
   <trkpt lat="50.79092000000001" lon="5.30771">
    <ele>63.02</ele>
   </trkpt>
   <trkpt lat="50.79093" lon="5.30782">
    <ele>63.02</ele>
   </trkpt>
   <trkpt lat="50.79097" lon="5.307880000000001">
    <ele>62.85</ele>
   </trkpt>
   <trkpt lat="50.791030000000006" lon="5.30792">
    <ele>62.85</ele>
   </trkpt>
   <trkpt lat="50.79113" lon="5.30787">
    <ele>62.64</ele>
   </trkpt>
   <trkpt lat="50.791180000000004" lon="5.30806">
    <ele>62.2</ele>
   </trkpt>
   <trkpt lat="50.79117602637463" lon="5.309302000414814">
    <ele>61.290000000000006</ele>
   </trkpt>
   <trkpt lat="50.791172039561964" lon="5.3105440006181155">
    <ele>59.74</ele>
   </trkpt>
   <trkpt lat="50.79116803956199" lon="5.311786000609206">
    <ele>58.480000000000004</ele>
   </trkpt>
   <trkpt lat="50.791164026374716" lon="5.313028000387384">
    <ele>57.45000000000001</ele>
   </trkpt>
   <trkpt lat="50.791160000000005" lon="5.3142700000000005">
    <ele>56.56</ele>
   </trkpt>
   <trkpt lat="50.79117" lon="5.315250000000001">
    <ele>56.25</ele>
   </trkpt>
   <trkpt lat="50.7912" lon="5.3154900000000005">
    <ele>56.32</ele>
   </trkpt>
   <trkpt lat="50.79137000000001" lon="5.315840000000001">
    <ele>56.510000000000005</ele>
   </trkpt>
   <trkpt lat="50.79144" lon="5.31594">
    <ele>56.510000000000005</ele>
   </trkpt>
   <trkpt lat="50.79162" lon="5.31606">
    <ele>57.14</ele>
   </trkpt>
   <trkpt lat="50.791970000000006" lon="5.3162">
    <ele>57.260000000000005</ele>
   </trkpt>
   <trkpt lat="50.792170000000006" lon="5.316330000000001">
    <ele>57.56</ele>
   </trkpt>
   <trkpt lat="50.79256500095666" lon="5.316804995976584">
    <ele>58.52</ele>
   </trkpt>
   <trkpt lat="50.79296" lon="5.31728">
    <ele>60.35000000000001</ele>
   </trkpt>
   <trkpt lat="50.793200000000006" lon="5.3176000000000005">
    <ele>60.84</ele>
   </trkpt>
   <trkpt lat="50.793620000000004" lon="5.3183300000000004">
    <ele>63.9</ele>
   </trkpt>
   <trkpt lat="50.79381000000001" lon="5.318580000000001">
    <ele>64.94000000000001</ele>
   </trkpt>
   <trkpt lat="50.794380000000004" lon="5.319240000000001">
    <ele>66.37</ele>
   </trkpt>
   <trkpt lat="50.794610000000006" lon="5.319590000000001">
    <ele>65.64</ele>
   </trkpt>
   <trkpt lat="50.794760000000004" lon="5.31989">
    <ele>64.95</ele>
   </trkpt>
   <trkpt lat="50.79487" lon="5.32026">
    <ele>65.06</ele>
   </trkpt>
   <trkpt lat="50.795" lon="5.32064">
    <ele>65.60000000000001</ele>
   </trkpt>
   <trkpt lat="50.79535500201133" lon="5.321289995438915">
    <ele>66.18</ele>
   </trkpt>
   <trkpt lat="50.79571000000001" lon="5.321940000000001">
    <ele>67.5</ele>
   </trkpt>
   <trkpt lat="50.796110000000006" lon="5.3227400000000005">
    <ele>67.62</ele>
   </trkpt>
   <trkpt lat="50.796290000000006" lon="5.32312">
    <ele>67.31</ele>
   </trkpt>
   <trkpt lat="50.79672000000001" lon="5.32436">
    <ele>64.84</ele>
   </trkpt>
   <trkpt lat="50.79672000000001" lon="5.324350000000001">
    <ele>64.86</ele>
   </trkpt>
   <trkpt lat="50.79713001223725" lon="5.325546645657042">
    <ele>63.43</ele>
   </trkpt>
   <trkpt lat="50.797540012233036" lon="5.326743312311024">
    <ele>65.61</ele>
   </trkpt>
   <trkpt lat="50.79795000000001" lon="5.327940000000001">
    <ele>68.33</ele>
   </trkpt>
   <trkpt lat="50.79831" lon="5.328670000000001">
    <ele>70.72</ele>
   </trkpt>
   <trkpt lat="50.79853000000001" lon="5.329000000000001">
    <ele>72.08</ele>
   </trkpt>
   <trkpt lat="50.798750000000005" lon="5.32927">
    <ele>72.78000000000002</ele>
   </trkpt>
   <trkpt lat="50.798950000000005" lon="5.329470000000001">
    <ele>73.66</ele>
   </trkpt>
   <trkpt lat="50.79959600612279" lon="5.33006796694076">
    <ele>78.04</ele>
   </trkpt>
   <trkpt lat="50.800242009188864" lon="5.330665950414579">
    <ele>80.64</ele>
   </trkpt>
   <trkpt lat="50.8008880091981" lon="5.33126395042222">
    <ele>83.11</ele>
   </trkpt>
   <trkpt lat="50.80153400615033" lon="5.331861966964441">
    <ele>85.34000000000002</ele>
   </trkpt>
   <trkpt lat="50.80218000000001" lon="5.33246">
    <ele>87.83</ele>
   </trkpt>
   <trkpt lat="50.80293" lon="5.333060000000001">
    <ele>91.56</ele>
   </trkpt>
   <trkpt lat="50.80306" lon="5.333270000000001">
    <ele>92.12</ele>
   </trkpt>
   <trkpt lat="50.80317" lon="5.3333900000000005">
    <ele>92.39000000000001</ele>
   </trkpt>
   <trkpt lat="50.80322" lon="5.33358">
    <ele>92.69000000000001</ele>
   </trkpt>
   <trkpt lat="50.803360000000005" lon="5.3337200000000005">
    <ele>92.82000000000001</ele>
   </trkpt>
   <trkpt lat="50.803490000000004" lon="5.333740000000001">
    <ele>92.82000000000001</ele>
   </trkpt>
   <trkpt lat="50.803610000000006" lon="5.333900000000001">
    <ele>93.12</ele>
   </trkpt>
   <trkpt lat="50.80366" lon="5.33406">
    <ele>93.09</ele>
   </trkpt>
   <trkpt lat="50.803650000000005" lon="5.33438">
    <ele>93.18</ele>
   </trkpt>
   <trkpt lat="50.80368000000001" lon="5.33457">
    <ele>93.36000000000001</ele>
   </trkpt>
   <trkpt lat="50.80366" lon="5.33502">
    <ele>93.50000000000001</ele>
   </trkpt>
   <trkpt lat="50.803630000000005" lon="5.33635">
    <ele>94.52000000000001</ele>
   </trkpt>
   <trkpt lat="50.80358000600747" lon="5.337535001133485">
    <ele>96.72000000000001</ele>
   </trkpt>
   <trkpt lat="50.80353" lon="5.33872">
    <ele>98.43</ele>
   </trkpt>
   <trkpt lat="50.80337" lon="5.33975">
    <ele>99.69000000000001</ele>
   </trkpt>
   <trkpt lat="50.80312000000001" lon="5.3410400000000005">
    <ele>101.14</ele>
   </trkpt>
   <trkpt lat="50.80288" lon="5.34238">
    <ele>103.42000000000002</ele>
   </trkpt>
   <trkpt lat="50.802780000000006" lon="5.342890000000001">
    <ele>104.4</ele>
   </trkpt>
   <trkpt lat="50.8027" lon="5.343100000000001">
    <ele>105.3</ele>
   </trkpt>
   <trkpt lat="50.80257" lon="5.34328">
    <ele>106.13</ele>
   </trkpt>
   <trkpt lat="50.80238000000001" lon="5.34344">
    <ele>106.65</ele>
   </trkpt>
   <trkpt lat="50.80228" lon="5.343570000000001">
    <ele>106.65</ele>
   </trkpt>
   <trkpt lat="50.802150000000005" lon="5.343850000000001">
    <ele>108.26</ele>
   </trkpt>
   <trkpt lat="50.801950000000005" lon="5.344600000000001">
    <ele>110.29</ele>
   </trkpt>
   <trkpt lat="50.80181" lon="5.344930000000001">
    <ele>111.24000000000001</ele>
   </trkpt>
   <trkpt lat="50.80180000000001" lon="5.3451">
    <ele>111.24000000000001</ele>
   </trkpt>
   <trkpt lat="50.80183" lon="5.34529">
    <ele>111.4</ele>
   </trkpt>
   <trkpt lat="50.80203" lon="5.346310000000001">
    <ele>110.21</ele>
   </trkpt>
   <trkpt lat="50.80216" lon="5.34717">
    <ele>109.88000000000001</ele>
   </trkpt>
   <trkpt lat="50.80223" lon="5.3474900000000005">
    <ele>110.07000000000001</ele>
   </trkpt>
   <trkpt lat="50.802490000000006" lon="5.348050000000001">
    <ele>110.25000000000001</ele>
   </trkpt>
   <trkpt lat="50.80256000000001" lon="5.34825">
    <ele>110.25000000000001</ele>
   </trkpt>
   <trkpt lat="50.80263" lon="5.3482400000000005">
    <ele>109.77000000000001</ele>
   </trkpt>
   <trkpt lat="50.80268" lon="5.3483">
    <ele>109.50000000000001</ele>
   </trkpt>
   <trkpt lat="50.802800000000005" lon="5.348540000000001">
    <ele>108.35000000000001</ele>
   </trkpt>
   <trkpt lat="50.80295" lon="5.348920000000001">
    <ele>106.98</ele>
   </trkpt>
   <trkpt lat="50.80315" lon="5.34968">
    <ele>106.60000000000001</ele>
   </trkpt>
   <trkpt lat="50.80328" lon="5.3498">
    <ele>106.29</ele>
   </trkpt>
   <trkpt lat="50.80339000000001" lon="5.34985">
    <ele>106.29</ele>
   </trkpt>
   <trkpt lat="50.80339000000001" lon="5.350040000000001">
    <ele>106.60000000000001</ele>
   </trkpt>
   <trkpt lat="50.80346" lon="5.3503300000000005">
    <ele>106.79</ele>
   </trkpt>
   <trkpt lat="50.80382" lon="5.351540000000001">
    <ele>105.41</ele>
   </trkpt>
   <trkpt lat="50.80389" lon="5.351710000000001">
    <ele>105.04</ele>
   </trkpt>
   <trkpt lat="50.80421000140632" lon="5.352294995890249">
    <ele>102.97</ele>
   </trkpt>
   <trkpt lat="50.80453000000001" lon="5.352880000000001">
    <ele>99.85000000000001</ele>
   </trkpt>
   <trkpt lat="50.80507000764794" lon="5.353826644761302">
    <ele>98.37</ele>
   </trkpt>
   <trkpt lat="50.80561000763545" lon="5.354773311405665">
    <ele>101.16000000000001</ele>
   </trkpt>
   <trkpt lat="50.80615" lon="5.355720000000001">
    <ele>104.94</ele>
   </trkpt>
   <trkpt lat="50.806720004240916" lon="5.356719987741126">
    <ele>106.47000000000001</ele>
   </trkpt>
   <trkpt lat="50.80729" lon="5.3577200000000005">
    <ele>108.19000000000001</ele>
   </trkpt>
   <trkpt lat="50.807660000000006" lon="5.358420000000001">
    <ele>109.35</ele>
   </trkpt>
   <trkpt lat="50.8081" lon="5.35913">
    <ele>110.63000000000001</ele>
   </trkpt>
   <trkpt lat="50.808580000000006" lon="5.35979">
    <ele>111.50000000000001</ele>
   </trkpt>
   <trkpt lat="50.80892000000001" lon="5.360180000000001">
    <ele>111.62</ele>
   </trkpt>
   <trkpt lat="50.809430000000006" lon="5.360740000000001">
    <ele>111.48</ele>
   </trkpt>
   <trkpt lat="50.81002500147878" lon="5.361324992564461">
    <ele>110.34</ele>
   </trkpt>
   <trkpt lat="50.81062000000001" lon="5.361910000000001">
    <ele>109.46000000000001</ele>
   </trkpt>
   <trkpt lat="50.810880000000004" lon="5.36221">
    <ele>108.38</ele>
   </trkpt>
   <trkpt lat="50.811110000000006" lon="5.36251">
    <ele>108.38</ele>
   </trkpt>
   <trkpt lat="50.811310000000006" lon="5.3628100000000005">
    <ele>107.84</ele>
   </trkpt>
   <trkpt lat="50.81156000000001" lon="5.363250000000001">
    <ele>107.39000000000001</ele>
   </trkpt>
   <trkpt lat="50.81193500232936" lon="5.363994993933993">
    <ele>106.10000000000001</ele>
   </trkpt>
   <trkpt lat="50.812310000000004" lon="5.36474">
    <ele>105.62</ele>
   </trkpt>
   <trkpt lat="50.81257" lon="5.365200000000001">
    <ele>105.36000000000001</ele>
   </trkpt>
   <trkpt lat="50.81299500160393" lon="5.365804994551392">
    <ele>104.81000000000002</ele>
   </trkpt>
   <trkpt lat="50.81342" lon="5.36641">
    <ele>104.61</ele>
   </trkpt>
   <trkpt lat="50.813570000000006" lon="5.366580000000001">
    <ele>104.61</ele>
   </trkpt>
   <trkpt lat="50.813880000000005" lon="5.366790000000001">
    <ele>104.07000000000001</ele>
   </trkpt>
   <trkpt lat="50.814170000000004" lon="5.36688">
    <ele>103.9</ele>
   </trkpt>
   <trkpt lat="50.814660000102265" lon="5.366989998857293">
    <ele>103.62</ele>
   </trkpt>
   <trkpt lat="50.81515" lon="5.367100000000001">
    <ele>103.86</ele>
   </trkpt>
   <trkpt lat="50.815560000000005" lon="5.3671500000000005">
    <ele>104.14000000000001</ele>
   </trkpt>
   <trkpt lat="50.815580000000004" lon="5.366960000000001">
    <ele>104.37</ele>
   </trkpt>
   <trkpt lat="50.81559000000001" lon="5.36674">
    <ele>104.37</ele>
   </trkpt>
   <trkpt lat="50.815690000000004" lon="5.36653">
    <ele>104.41</ele>
   </trkpt>
   <trkpt lat="50.8158" lon="5.366390000000001">
    <ele>104.41</ele>
   </trkpt>
   <trkpt lat="50.816570000000006" lon="5.365740000000001">
    <ele>104.09</ele>
   </trkpt>
   <trkpt lat="50.81682000000001" lon="5.3655800000000005">
    <ele>103.41</ele>
   </trkpt>
   <trkpt lat="50.81707" lon="5.365480000000001">
    <ele>101.72</ele>
   </trkpt>
   <trkpt lat="50.817310000000006" lon="5.36542">
    <ele>101.19</ele>
   </trkpt>
   <trkpt lat="50.81768" lon="5.36538">
    <ele>100.18</ele>
   </trkpt>
   <trkpt lat="50.81805000000001" lon="5.365290000000001">
    <ele>97.08000000000001</ele>
   </trkpt>
   <trkpt lat="50.818380000000005" lon="5.365170000000001">
    <ele>96.38000000000001</ele>
   </trkpt>
   <trkpt lat="50.81888500009384" lon="5.36498000207744">
    <ele>92.61000000000001</ele>
   </trkpt>
   <trkpt lat="50.819390000000006" lon="5.36479">
    <ele>89.91</ele>
   </trkpt>
   <trkpt lat="50.82007" lon="5.36446">
    <ele>86.48</ele>
   </trkpt>
   <trkpt lat="50.82049000000001" lon="5.36432">
    <ele>84.51</ele>
   </trkpt>
   <trkpt lat="50.82085000000001" lon="5.36423">
    <ele>83.49000000000001</ele>
   </trkpt>
   <trkpt lat="50.82135500008914" lon="5.364125001126851">
    <ele>81.54</ele>
   </trkpt>
   <trkpt lat="50.82186" lon="5.36402">
    <ele>79.83000000000001</ele>
   </trkpt>
   <trkpt lat="50.822340000000004" lon="5.363880000000001">
    <ele>78.58000000000001</ele>
   </trkpt>
   <trkpt lat="50.82288000021622" lon="5.363680002296303">
    <ele>75.81</ele>
   </trkpt>
   <trkpt lat="50.823420000000006" lon="5.36348">
    <ele>73.95</ele>
   </trkpt>
   <trkpt lat="50.82394000000001" lon="5.3634">
    <ele>71.9</ele>
   </trkpt>
   <trkpt lat="50.824410000030916" lon="5.363285001163934">
    <ele>69.9</ele>
   </trkpt>
   <trkpt lat="50.82488000000001" lon="5.36317">
    <ele>68.14</ele>
   </trkpt>
   <trkpt lat="50.82551000031749" lon="5.362963338926536">
    <ele>66.15</ele>
   </trkpt>
   <trkpt lat="50.82614000026996" lon="5.362756672275559">
    <ele>64.68</ele>
   </trkpt>
   <trkpt lat="50.82677" lon="5.362550000000001">
    <ele>64.44000000000001</ele>
   </trkpt>
   <trkpt lat="50.826910000000005" lon="5.362520000000001">
    <ele>64.64999999999999</ele>
   </trkpt>
   <trkpt lat="50.827110000000005" lon="5.36256">
    <ele>64.89999999999999</ele>
   </trkpt>
   <trkpt lat="50.827220000000004" lon="5.362620000000001">
    <ele>65.44000000000001</ele>
   </trkpt>
   <trkpt lat="50.82776500111145" lon="5.363099994507995">
    <ele>66.83</ele>
   </trkpt>
   <trkpt lat="50.82831" lon="5.363580000000001">
    <ele>67.66000000000001</ele>
   </trkpt>
   <trkpt lat="50.82885500139288" lon="5.364119993840976">
    <ele>68.71000000000001</ele>
   </trkpt>
   <trkpt lat="50.82940000000001" lon="5.364660000000001">
    <ele>69.64</ele>
   </trkpt>
   <trkpt lat="50.82984000533794" lon="5.363540010614262">
    <ele>69.52000000000001</ele>
   </trkpt>
   <trkpt lat="50.83028" lon="5.36242">
    <ele>70.49000000000001</ele>
   </trkpt>
   <trkpt lat="50.83039" lon="5.3622000000000005">
    <ele>70.49000000000001</ele>
   </trkpt>
   <trkpt lat="50.830815002262874" lon="5.361490006282874">
    <ele>70.88000000000001</ele>
   </trkpt>
   <trkpt lat="50.83124" lon="5.36078">
    <ele>68.23</ele>
   </trkpt>
   <trkpt lat="50.831390000000006" lon="5.360580000000001">
    <ele>66.42</ele>
   </trkpt>
   <trkpt lat="50.832010000000004" lon="5.359730000000001">
    <ele>61.440000000000005</ele>
   </trkpt>
   <trkpt lat="50.83207" lon="5.3596">
    <ele>60.31</ele>
   </trkpt>
   <trkpt lat="50.8323950044429" lon="5.358575007284166">
    <ele>56.2</ele>
   </trkpt>
   <trkpt lat="50.83272" lon="5.357550000000001">
    <ele>53.51</ele>
   </trkpt>
   <trkpt lat="50.832770000000004" lon="5.357430000000001">
    <ele>52.33</ele>
   </trkpt>
   <trkpt lat="50.832840000000004" lon="5.3573200000000005">
    <ele>52.33</ele>
   </trkpt>
   <trkpt lat="50.833090000000006" lon="5.35707">
    <ele>51.9</ele>
   </trkpt>
   <trkpt lat="50.83316000000001" lon="5.3569700000000005">
    <ele>51.300000000000004</ele>
   </trkpt>
   <trkpt lat="50.833270000000006" lon="5.35674">
    <ele>51.300000000000004</ele>
   </trkpt>
   <trkpt lat="50.83334000000001" lon="5.356450000000001">
    <ele>50.480000000000004</ele>
   </trkpt>
   <trkpt lat="50.83335" lon="5.35629">
    <ele>50.480000000000004</ele>
   </trkpt>
   <trkpt lat="50.833270000000006" lon="5.35564">
    <ele>49.720000000000006</ele>
   </trkpt>
   <trkpt lat="50.83332000000001" lon="5.355440000000001">
    <ele>49.59</ele>
   </trkpt>
   <trkpt lat="50.833420000000004" lon="5.355160000000001">
    <ele>49.410000000000004</ele>
   </trkpt>
   <trkpt lat="50.833510000000004" lon="5.35503">
    <ele>49.39</ele>
   </trkpt>
   <trkpt lat="50.83355" lon="5.3548800000000005">
    <ele>49.39</ele>
   </trkpt>
   <trkpt lat="50.83371" lon="5.3542700000000005">
    <ele>49.24</ele>
   </trkpt>
   <trkpt lat="50.83372000000001" lon="5.3540600000000005">
    <ele>49.24</ele>
   </trkpt>
   <trkpt lat="50.834010000000006" lon="5.353160000000001">
    <ele>49.21</ele>
   </trkpt>
   <trkpt lat="50.834050000000005" lon="5.35296">
    <ele>49.38000000000001</ele>
   </trkpt>
   <trkpt lat="50.834050000000005" lon="5.35282">
    <ele>49.38000000000001</ele>
   </trkpt>
   <trkpt lat="50.834160000000004" lon="5.35221">
    <ele>49.81000000000001</ele>
   </trkpt>
   <trkpt lat="50.83438" lon="5.35132">
    <ele>50.03</ele>
   </trkpt>
   <trkpt lat="50.83459500209261" lon="5.350635002876642">
    <ele>49.910000000000004</ele>
   </trkpt>
   <trkpt lat="50.834810000000004" lon="5.349950000000001">
    <ele>49.260000000000005</ele>
   </trkpt>
   <trkpt lat="50.83510000306245" lon="5.349100005354597">
    <ele>48.900000000000006</ele>
   </trkpt>
   <trkpt lat="50.835390000000004" lon="5.34825">
    <ele>48.5</ele>
   </trkpt>
   <trkpt lat="50.8355" lon="5.347460000000001">
    <ele>48.81</ele>
   </trkpt>
   <trkpt lat="50.835510000000006" lon="5.3471">
    <ele>48.970000000000006</ele>
   </trkpt>
   <trkpt lat="50.8355" lon="5.346520000000001">
    <ele>49.74</ele>
   </trkpt>
   <trkpt lat="50.83533000942324" lon="5.345469992356781">
    <ele>50.09</ele>
   </trkpt>
   <trkpt lat="50.835160009424186" lon="5.344419992362749">
    <ele>49.900000000000006</ele>
   </trkpt>
   <trkpt lat="50.834990000000005" lon="5.34337">
    <ele>49.400000000000006</ele>
   </trkpt>
   <trkpt lat="50.835" lon="5.34314">
    <ele>49.400000000000006</ele>
   </trkpt>
   <trkpt lat="50.83503" lon="5.34302">
    <ele>49.27</ele>
   </trkpt>
   <trkpt lat="50.835080000000005" lon="5.3429400000000005">
    <ele>49.27</ele>
   </trkpt>
   <trkpt lat="50.83560000097039" lon="5.3424650052867495">
    <ele>48.68</ele>
   </trkpt>
   <trkpt lat="50.83612" lon="5.34199">
    <ele>48.260000000000005</ele>
   </trkpt>
   <trkpt lat="50.836000000000006" lon="5.341480000000001">
    <ele>48.1</ele>
   </trkpt>
   <trkpt lat="50.835860000000004" lon="5.34029">
    <ele>48.190000000000005</ele>
   </trkpt>
   <trkpt lat="50.83583" lon="5.339910000000001">
    <ele>48.28</ele>
   </trkpt>
   <trkpt lat="50.83583" lon="5.33936">
    <ele>48.25</ele>
   </trkpt>
   <trkpt lat="50.836020000000005" lon="5.33933">
    <ele>47.85</ele>
   </trkpt>
   <trkpt lat="50.836770000718" lon="5.338910006769829">
    <ele>45.71</ele>
   </trkpt>
   <trkpt lat="50.837520000000005" lon="5.33849">
    <ele>45.12</ele>
   </trkpt>
   <trkpt lat="50.83766000000001" lon="5.33846">
    <ele>44.800000000000004</ele>
   </trkpt>
   <trkpt lat="50.8378" lon="5.33846">
    <ele>44.800000000000004</ele>
   </trkpt>
   <trkpt lat="50.83796" lon="5.338520000000001">
    <ele>44.69</ele>
   </trkpt>
   <trkpt lat="50.838080000000005" lon="5.3386000000000005">
    <ele>44.69</ele>
   </trkpt>
   <trkpt lat="50.83822000000001" lon="5.338730000000001">
    <ele>44.6</ele>
   </trkpt>
   <trkpt lat="50.83865500123147" lon="5.339234995457063">
    <ele>44.74</ele>
   </trkpt>
   <trkpt lat="50.839090000000006" lon="5.339740000000001">
    <ele>45.49</ele>
   </trkpt>
   <trkpt lat="50.83919" lon="5.339790000000001">
    <ele>45.49</ele>
   </trkpt>
   <trkpt lat="50.839330000000004" lon="5.3398">
    <ele>45.74</ele>
   </trkpt>
   <trkpt lat="50.83948" lon="5.33969">
    <ele>45.8</ele>
   </trkpt>
   <trkpt lat="50.839940000000006" lon="5.338830000000001">
    <ele>45.4</ele>
   </trkpt>
   <trkpt lat="50.84037000000001" lon="5.33839">
    <ele>45.28</ele>
   </trkpt>
   <trkpt lat="50.840450000000004" lon="5.33821">
    <ele>45.28</ele>
   </trkpt>
   <trkpt lat="50.84047" lon="5.33802">
    <ele>44.84</ele>
   </trkpt>
   <trkpt lat="50.84046000000001" lon="5.337680000000001">
    <ele>44.6</ele>
   </trkpt>
   <trkpt lat="50.84049" lon="5.33748">
    <ele>44.6</ele>
   </trkpt>
   <trkpt lat="50.840590000000006" lon="5.337230000000001">
    <ele>44.33</ele>
   </trkpt>
   <trkpt lat="50.84071" lon="5.33708">
    <ele>44.26</ele>
   </trkpt>
   <trkpt lat="50.840810000000005" lon="5.336930000000001">
    <ele>43.910000000000004</ele>
   </trkpt>
   <trkpt lat="50.840900000000005" lon="5.336760000000001">
    <ele>43.730000000000004</ele>
   </trkpt>
   <trkpt lat="50.84094" lon="5.33661">
    <ele>43.480000000000004</ele>
   </trkpt>
   <trkpt lat="50.840920000000004" lon="5.33643">
    <ele>43.02</ele>
   </trkpt>
   <trkpt lat="50.84078" lon="5.33577">
    <ele>42.53</ele>
   </trkpt>
   <trkpt lat="50.84076" lon="5.33546">
    <ele>42.35</ele>
   </trkpt>
   <trkpt lat="50.84078" lon="5.334860000000001">
    <ele>42.260000000000005</ele>
   </trkpt>
   <trkpt lat="50.84071" lon="5.334320000000001">
    <ele>42.27</ele>
   </trkpt>
   <trkpt lat="50.840790000000005" lon="5.3337900000000005">
    <ele>42.21</ele>
   </trkpt>
   <trkpt lat="50.84078500750215" lon="5.332464999978437">
    <ele>42.31</ele>
   </trkpt>
   <trkpt lat="50.84078" lon="5.33114">
    <ele>43.28000000000001</ele>
   </trkpt>
   <trkpt lat="50.840810000000005" lon="5.33096">
    <ele>43.28000000000001</ele>
   </trkpt>
   <trkpt lat="50.84085" lon="5.3308800000000005">
    <ele>43.260000000000005</ele>
   </trkpt>
   <trkpt lat="50.84104000000001" lon="5.33072">
    <ele>43.29</ele>
   </trkpt>
   <trkpt lat="50.841530000000006" lon="5.33035">
    <ele>44.08</ele>
   </trkpt>
   <trkpt lat="50.84151000000001" lon="5.33014">
    <ele>44.29</ele>
   </trkpt>
   <trkpt lat="50.84170500223948" lon="5.329415003054032">
    <ele>44.79</ele>
   </trkpt>
   <trkpt lat="50.8419" lon="5.328690000000001">
    <ele>45.44</ele>
   </trkpt>
   <trkpt lat="50.84198000000001" lon="5.328480000000001">
    <ele>45.44</ele>
   </trkpt>
   <trkpt lat="50.84230000128466" lon="5.327945003566106">
    <ele>45.37</ele>
   </trkpt>
   <trkpt lat="50.842620000000004" lon="5.32741">
    <ele>45.13</ele>
   </trkpt>
   <trkpt lat="50.842740000000006" lon="5.3271500000000005">
    <ele>45.13</ele>
   </trkpt>
   <trkpt lat="50.842830000000006" lon="5.326860000000001">
    <ele>45.13</ele>
   </trkpt>
   <trkpt lat="50.84288" lon="5.3265400000000005">
    <ele>45.25000000000001</ele>
   </trkpt>
   <trkpt lat="50.842940000000006" lon="5.32547">
    <ele>45.31</ele>
   </trkpt>
   <trkpt lat="50.843" lon="5.325150000000001">
    <ele>45.26</ele>
   </trkpt>
   <trkpt lat="50.843090000000004" lon="5.32479">
    <ele>45.160000000000004</ele>
   </trkpt>
   <trkpt lat="50.843270000000004" lon="5.3243100000000005">
    <ele>45.160000000000004</ele>
   </trkpt>
   <trkpt lat="50.843580001658346" lon="5.323675004351402">
    <ele>44.980000000000004</ele>
   </trkpt>
   <trkpt lat="50.84389" lon="5.323040000000001">
    <ele>44.93000000000001</ele>
   </trkpt>
   <trkpt lat="50.84405" lon="5.32279">
    <ele>44.86000000000001</ele>
   </trkpt>
   <trkpt lat="50.84431000000001" lon="5.32249">
    <ele>44.83</ele>
   </trkpt>
   <trkpt lat="50.84465" lon="5.32216">
    <ele>44.69</ele>
   </trkpt>
   <trkpt lat="50.845200000000006" lon="5.32139">
    <ele>44.31</ele>
   </trkpt>
   <trkpt lat="50.84585000200887" lon="5.320700009640505">
    <ele>43.65</ele>
   </trkpt>
   <trkpt lat="50.846500000000006" lon="5.320010000000001">
    <ele>43.74</ele>
   </trkpt>
   <trkpt lat="50.8466" lon="5.31986">
    <ele>43.74</ele>
   </trkpt>
   <trkpt lat="50.846720000000005" lon="5.319570000000001">
    <ele>43.79</ele>
   </trkpt>
   <trkpt lat="50.84682" lon="5.319500000000001">
    <ele>43.76</ele>
   </trkpt>
   <trkpt lat="50.84686000000001" lon="5.319400000000001">
    <ele>43.76</ele>
   </trkpt>
   <trkpt lat="50.84686000000001" lon="5.31934">
    <ele>43.76</ele>
   </trkpt>
   <trkpt lat="50.84682" lon="5.31923">
    <ele>43.78000000000001</ele>
   </trkpt>
   <trkpt lat="50.84689" lon="5.318930000000001">
    <ele>43.690000000000005</ele>
   </trkpt>
   <trkpt lat="50.847060000000006" lon="5.31843">
    <ele>43.77</ele>
   </trkpt>
   <trkpt lat="50.847510001775596" lon="5.317785006224665">
    <ele>43.49</ele>
   </trkpt>
   <trkpt lat="50.84796000000001" lon="5.31714">
    <ele>43.03000000000001</ele>
   </trkpt>
   <trkpt lat="50.84860000202674" lon="5.316455009374537">
    <ele>42.86</ele>
   </trkpt>
   <trkpt lat="50.84924" lon="5.3157700000000006">
    <ele>43.25</ele>
   </trkpt>
   <trkpt lat="50.84964" lon="5.31531">
    <ele>43.61</ele>
   </trkpt>
   <trkpt lat="50.850207506193684" lon="5.314615025363708">
    <ele>44.31</ele>
   </trkpt>
   <trkpt lat="50.850775008259994" lon="5.313920033816734">
    <ele>44.910000000000004</ele>
   </trkpt>
   <trkpt lat="50.851342506198684" lon="5.313225025358445">
    <ele>45.64000000000001</ele>
   </trkpt>
   <trkpt lat="50.851910000000004" lon="5.312530000000001">
    <ele>47.09</ele>
   </trkpt>
   <trkpt lat="50.85224" lon="5.3135900000000005">
    <ele>46.27</ele>
   </trkpt>
   <trkpt lat="50.85235" lon="5.3138000000000005">
    <ele>46.27</ele>
   </trkpt>
   <trkpt lat="50.852650000000004" lon="5.31416">
    <ele>46.32000000000001</ele>
   </trkpt>
   <trkpt lat="50.85282" lon="5.31425">
    <ele>46.32000000000001</ele>
   </trkpt>
   <trkpt lat="50.85293" lon="5.31428">
    <ele>46.32000000000001</ele>
   </trkpt>
   <trkpt lat="50.853060000000006" lon="5.3142700000000005">
    <ele>46.150000000000006</ele>
   </trkpt>
   <trkpt lat="50.853460000000005" lon="5.31414">
    <ele>46.01</ele>
   </trkpt>
   <trkpt lat="50.85358" lon="5.31414">
    <ele>45.92</ele>
   </trkpt>
   <trkpt lat="50.85367" lon="5.31416">
    <ele>45.8</ele>
   </trkpt>
   <trkpt lat="50.85381" lon="5.314240000000001">
    <ele>45.8</ele>
   </trkpt>
   <trkpt lat="50.85396" lon="5.3144100000000005">
    <ele>45.57000000000001</ele>
   </trkpt>
   <trkpt lat="50.85458000298693" lon="5.3152349891377115">
    <ele>45.2</ele>
   </trkpt>
   <trkpt lat="50.8552" lon="5.31606">
    <ele>44.480000000000004</ele>
   </trkpt>
   <trkpt lat="50.85530000000001" lon="5.3161700000000005">
    <ele>44.480000000000004</ele>
   </trkpt>
   <trkpt lat="50.85542" lon="5.31622">
    <ele>44.2</ele>
   </trkpt>
   <trkpt lat="50.855540000000005" lon="5.31623">
    <ele>44.2</ele>
   </trkpt>
   <trkpt lat="50.855650000000004" lon="5.31618">
    <ele>44.15</ele>
   </trkpt>
   <trkpt lat="50.85577000000001" lon="5.31606">
    <ele>44.15</ele>
   </trkpt>
   <trkpt lat="50.856055001630914" lon="5.31547000330818">
    <ele>44.35</ele>
   </trkpt>
   <trkpt lat="50.85634" lon="5.3148800000000005">
    <ele>44.38</ele>
   </trkpt>
   <trkpt lat="50.856440000000006" lon="5.314710000000001">
    <ele>44.370000000000005</ele>
   </trkpt>
   <trkpt lat="50.85656" lon="5.31458">
    <ele>44.34</ele>
   </trkpt>
   <trkpt lat="50.85674" lon="5.31446">
    <ele>44.34</ele>
   </trkpt>
   <trkpt lat="50.85683" lon="5.314430000000001">
    <ele>44.07000000000001</ele>
   </trkpt>
   <trkpt lat="50.85694" lon="5.314430000000001">
    <ele>44.07000000000001</ele>
   </trkpt>
   <trkpt lat="50.85708" lon="5.3144800000000005">
    <ele>44.07000000000001</ele>
   </trkpt>
   <trkpt lat="50.857555000291114" lon="5.314794996703394">
    <ele>43.67</ele>
   </trkpt>
   <trkpt lat="50.85803000000001" lon="5.315110000000001">
    <ele>43.17000000000001</ele>
   </trkpt>
   <trkpt lat="50.85837" lon="5.315320000000001">
    <ele>42.870000000000005</ele>
   </trkpt>
   <trkpt lat="50.85903500047734" lon="5.3156549952215375">
    <ele>42.43</ele>
   </trkpt>
   <trkpt lat="50.859700000000004" lon="5.31599">
    <ele>41.870000000000005</ele>
   </trkpt>
   <trkpt lat="50.8603" lon="5.316350000000001">
    <ele>41.550000000000004</ele>
   </trkpt>
   <trkpt lat="50.86043" lon="5.31637">
    <ele>41.510000000000005</ele>
   </trkpt>
   <trkpt lat="50.860620000000004" lon="5.31636">
    <ele>41.5</ele>
   </trkpt>
   <trkpt lat="50.860780000000005" lon="5.31627">
    <ele>41.5</ele>
   </trkpt>
   <trkpt lat="50.860870000000006" lon="5.3161700000000005">
    <ele>41.56</ele>
   </trkpt>
   <trkpt lat="50.86097" lon="5.316020000000001">
    <ele>41.56</ele>
   </trkpt>
   <trkpt lat="50.86115" lon="5.3156300000000005">
    <ele>41.6</ele>
   </trkpt>
   <trkpt lat="50.861290000000004" lon="5.31524">
    <ele>41.85</ele>
   </trkpt>
   <trkpt lat="50.861580000000004" lon="5.3140600000000004">
    <ele>42.04</ele>
   </trkpt>
   <trkpt lat="50.861670000000004" lon="5.31378">
    <ele>42.050000000000004</ele>
   </trkpt>
   <trkpt lat="50.862030000000004" lon="5.313070000000001">
    <ele>41.99000000000001</ele>
   </trkpt>
   <trkpt lat="50.862140000000004" lon="5.3127">
    <ele>41.99000000000001</ele>
   </trkpt>
   <trkpt lat="50.86218" lon="5.312360000000001">
    <ele>41.88</ele>
   </trkpt>
   <trkpt lat="50.86218" lon="5.312130000000001">
    <ele>41.88</ele>
   </trkpt>
   <trkpt lat="50.862140000000004" lon="5.31153">
    <ele>41.690000000000005</ele>
   </trkpt>
   <trkpt lat="50.862140000000004" lon="5.311540000000001">
    <ele>41.690000000000005</ele>
   </trkpt>
   <trkpt lat="50.86218" lon="5.31111">
    <ele>41.56</ele>
   </trkpt>
   <trkpt lat="50.862320000000004" lon="5.310700000000001">
    <ele>41.53</ele>
   </trkpt>
   <trkpt lat="50.86272500150178" lon="5.310100005265485">
    <ele>41.550000000000004</ele>
   </trkpt>
   <trkpt lat="50.863130000000005" lon="5.309500000000001">
    <ele>41.56</ele>
   </trkpt>
   <trkpt lat="50.863705002221145" lon="5.308785008771929">
    <ele>41.760000000000005</ele>
   </trkpt>
   <trkpt lat="50.86428" lon="5.308070000000001">
    <ele>42.11</ele>
   </trkpt>
   <trkpt lat="50.86448000000001" lon="5.307860000000001">
    <ele>42.11</ele>
   </trkpt>
   <trkpt lat="50.86457000000001" lon="5.3078">
    <ele>42.18</ele>
   </trkpt>
   <trkpt lat="50.86478" lon="5.307720000000001">
    <ele>42.18</ele>
   </trkpt>
   <trkpt lat="50.86498" lon="5.30771">
    <ele>42.18</ele>
   </trkpt>
   <trkpt lat="50.865100000000005" lon="5.307740000000001">
    <ele>42.080000000000005</ele>
   </trkpt>
   <trkpt lat="50.86518" lon="5.307790000000001">
    <ele>42.080000000000005</ele>
   </trkpt>
   <trkpt lat="50.86538" lon="5.307950000000001">
    <ele>41.97</ele>
   </trkpt>
   <trkpt lat="50.86593500132575" lon="5.308504993402621">
    <ele>41.77</ele>
   </trkpt>
   <trkpt lat="50.866490000000006" lon="5.309060000000001">
    <ele>41.690000000000005</ele>
   </trkpt>
   <trkpt lat="50.866640000000004" lon="5.309170000000001">
    <ele>41.510000000000005</ele>
   </trkpt>
   <trkpt lat="50.86679" lon="5.309240000000001">
    <ele>41.510000000000005</ele>
   </trkpt>
   <trkpt lat="50.86697" lon="5.309310000000001">
    <ele>41.510000000000005</ele>
   </trkpt>
   <trkpt lat="50.86722" lon="5.309310000000001">
    <ele>41.480000000000004</ele>
   </trkpt>
   <trkpt lat="50.867340000000006" lon="5.309290000000001">
    <ele>41.42</ele>
   </trkpt>
   <trkpt lat="50.868015000207244" lon="5.309110002588038">
    <ele>41.120000000000005</ele>
   </trkpt>
   <trkpt lat="50.86869" lon="5.30893">
    <ele>40.89</ele>
   </trkpt>
   <trkpt lat="50.86894" lon="5.3089">
    <ele>40.89</ele>
   </trkpt>
   <trkpt lat="50.86970333334965" lon="5.308906666448461">
    <ele>39.99</ele>
   </trkpt>
   <trkpt lat="50.8704666666989" lon="5.308913333115261">
    <ele>39.23</ele>
   </trkpt>
   <trkpt lat="50.871230000000004" lon="5.3089200000000005">
    <ele>38.41</ele>
   </trkpt>
   <trkpt lat="50.871790000000004" lon="5.30886">
    <ele>38.25000000000001</ele>
   </trkpt>
   <trkpt lat="50.87255666674333" lon="5.308763336513894">
    <ele>37.900000000000006</ele>
   </trkpt>
   <trkpt lat="50.873323333406816" lon="5.308666669847692">
    <ele>37.6</ele>
   </trkpt>
   <trkpt lat="50.87409" lon="5.3085700000000005">
    <ele>37.38</ele>
   </trkpt>
   <trkpt lat="50.87462000000001" lon="5.308490000000001">
    <ele>37.06</ele>
   </trkpt>
   <trkpt lat="50.87527000000001" lon="5.30823">
    <ele>37.46</ele>
   </trkpt>
   <trkpt lat="50.87548" lon="5.30806">
    <ele>37.64</ele>
   </trkpt>
   <trkpt lat="50.87557" lon="5.307950000000001">
    <ele>37.64</ele>
   </trkpt>
   <trkpt lat="50.875870000000006" lon="5.3077000000000005">
    <ele>37.98</ele>
   </trkpt>
   <trkpt lat="50.87614000000001" lon="5.30761">
    <ele>38.01</ele>
   </trkpt>
   <trkpt lat="50.87641000000001" lon="5.307460000000001">
    <ele>37.7</ele>
   </trkpt>
   <trkpt lat="50.87679000000001" lon="5.3070900000000005">
    <ele>37.51</ele>
   </trkpt>
   <trkpt lat="50.87716500083115" lon="5.306680003175681">
    <ele>36.65</ele>
   </trkpt>
   <trkpt lat="50.87754" lon="5.3062700000000005">
    <ele>36.6</ele>
   </trkpt>
   <trkpt lat="50.877720000000004" lon="5.30607">
    <ele>36.49</ele>
   </trkpt>
   <trkpt lat="50.87785" lon="5.305890000000001">
    <ele>36.46000000000001</ele>
   </trkpt>
   <trkpt lat="50.878150000000005" lon="5.305090000000001">
    <ele>36.45</ele>
   </trkpt>
   <trkpt lat="50.87821" lon="5.30499">
    <ele>36.43000000000001</ele>
   </trkpt>
   <trkpt lat="50.87832" lon="5.30487">
    <ele>36.44</ele>
   </trkpt>
   <trkpt lat="50.87863" lon="5.3046500000000005">
    <ele>36.550000000000004</ele>
   </trkpt>
   <trkpt lat="50.878750000000004" lon="5.30459">
    <ele>36.550000000000004</ele>
   </trkpt>
   <trkpt lat="50.87962" lon="5.30442">
    <ele>36.050000000000004</ele>
   </trkpt>
   <trkpt lat="50.879850000000005" lon="5.30426">
    <ele>35.88</ele>
   </trkpt>
   <trkpt lat="50.88055000000001" lon="5.30363">
    <ele>35.95</ele>
   </trkpt>
   <trkpt lat="50.88112" lon="5.3030100000000004">
    <ele>35.910000000000004</ele>
   </trkpt>
   <trkpt lat="50.881370000000004" lon="5.302700000000001">
    <ele>35.910000000000004</ele>
   </trkpt>
   <trkpt lat="50.88163" lon="5.302250000000001">
    <ele>35.88</ele>
   </trkpt>
   <trkpt lat="50.88211500436013" lon="5.301250010226934">
    <ele>35.9</ele>
   </trkpt>
   <trkpt lat="50.882600000000004" lon="5.30025">
    <ele>36.15</ele>
   </trkpt>
   <trkpt lat="50.8830200026692" lon="5.29946000711537">
    <ele>35.72</ele>
   </trkpt>
   <trkpt lat="50.88344000000001" lon="5.29867">
    <ele>35.74</ele>
   </trkpt>
   <trkpt lat="50.88383" lon="5.29797">
    <ele>35.94</ele>
   </trkpt>
   <trkpt lat="50.88393000000001" lon="5.298150000000001">
    <ele>35.94</ele>
   </trkpt>
   <trkpt lat="50.88407" lon="5.2982700000000005">
    <ele>35.88</ele>
   </trkpt>
   <trkpt lat="50.88449000236228" lon="5.299024993063061">
    <ele>35.49</ele>
   </trkpt>
   <trkpt lat="50.884910000000005" lon="5.29978">
    <ele>35.69</ele>
   </trkpt>
   <trkpt lat="50.885200000000005" lon="5.30027">
    <ele>35.46000000000001</ele>
   </trkpt>
   <trkpt lat="50.885380000000005" lon="5.300520000000001">
    <ele>35.49</ele>
   </trkpt>
   <trkpt lat="50.88539" lon="5.30053">
    <ele>35.49</ele>
   </trkpt>
   <trkpt lat="50.88548" lon="5.30062">
    <ele>35.49</ele>
   </trkpt>
   <trkpt lat="50.88562" lon="5.3007100000000005">
    <ele>35.64000000000001</ele>
   </trkpt>
   <trkpt lat="50.88639750199668" lon="5.301102480359112">
    <ele>35.56</ele>
   </trkpt>
   <trkpt lat="50.88717500267735" lon="5.301494973819227">
    <ele>35.0</ele>
   </trkpt>
   <trkpt lat="50.88795250204192" lon="5.301887480381122">
    <ele>35.28000000000001</ele>
   </trkpt>
   <trkpt lat="50.88873" lon="5.3022800000000005">
    <ele>35.64000000000001</ele>
   </trkpt>
   <trkpt lat="50.888870000000004" lon="5.302300000000001">
    <ele>35.83</ele>
   </trkpt>
   <trkpt lat="50.88897000000001" lon="5.30229">
    <ele>35.86</ele>
   </trkpt>
   <trkpt lat="50.88906" lon="5.30222">
    <ele>35.84</ele>
   </trkpt>
   <trkpt lat="50.889505005309054" lon="5.303339989176765">
    <ele>35.29</ele>
   </trkpt>
   <trkpt lat="50.889950000000006" lon="5.304460000000001">
    <ele>35.04</ele>
   </trkpt>
   <trkpt lat="50.89042000247625" lon="5.305214992448306">
    <ele>33.81</ele>
   </trkpt>
   <trkpt lat="50.890890000000006" lon="5.30597">
    <ele>33.580000000000005</ele>
   </trkpt>
   <trkpt lat="50.890980000000006" lon="5.30621">
    <ele>33.89</ele>
   </trkpt>
   <trkpt lat="50.891070000000006" lon="5.306190000000001">
    <ele>33.800000000000004</ele>
   </trkpt>
   <trkpt lat="50.89121" lon="5.306100000000001">
    <ele>33.800000000000004</ele>
   </trkpt>
   <trkpt lat="50.89163500166794" lon="5.305500005290918">
    <ele>33.410000000000004</ele>
   </trkpt>
   <trkpt lat="50.89206" lon="5.304900000000001">
    <ele>33.63</ele>
   </trkpt>
   <trkpt lat="50.892360000000004" lon="5.304620000000001">
    <ele>33.79</ele>
   </trkpt>
   <trkpt lat="50.892540000000004" lon="5.30449">
    <ele>33.86</ele>
   </trkpt>
   <trkpt lat="50.89269" lon="5.30442">
    <ele>34.0</ele>
   </trkpt>
   <trkpt lat="50.89287" lon="5.3043700000000005">
    <ele>34.0</ele>
   </trkpt>
   <trkpt lat="50.893130000000006" lon="5.304340000000001">
    <ele>34.15</ele>
   </trkpt>
   <trkpt lat="50.893350000000005" lon="5.304290000000001">
    <ele>34.15</ele>
   </trkpt>
   <trkpt lat="50.89347" lon="5.30414">
    <ele>34.15</ele>
   </trkpt>
   <trkpt lat="50.89363" lon="5.3039000000000005">
    <ele>34.13</ele>
   </trkpt>
   <trkpt lat="50.893750000000004" lon="5.303820000000001">
    <ele>34.09</ele>
   </trkpt>
   <trkpt lat="50.89414000000001" lon="5.30356">
    <ele>34.06</ele>
   </trkpt>
   <trkpt lat="50.89482000121814" lon="5.303040007544282">
    <ele>33.95</ele>
   </trkpt>
   <trkpt lat="50.895500000000006" lon="5.30252">
    <ele>34.34</ele>
   </trkpt>
   <trkpt lat="50.89558" lon="5.302440000000001">
    <ele>34.370000000000005</ele>
   </trkpt>
   <trkpt lat="50.895720000000004" lon="5.30224">
    <ele>33.74</ele>
   </trkpt>
   <trkpt lat="50.89576" lon="5.3021400000000005">
    <ele>33.74</ele>
   </trkpt>
   <trkpt lat="50.89599000638562" lon="5.30091500617747">
    <ele>32.59</ele>
   </trkpt>
   <trkpt lat="50.89622000000001" lon="5.29969">
    <ele>32.53</ele>
   </trkpt>
   <trkpt lat="50.89620000000001" lon="5.29938">
    <ele>32.53</ele>
   </trkpt>
   <trkpt lat="50.89605" lon="5.2987">
    <ele>32.720000000000006</ele>
   </trkpt>
   <trkpt lat="50.896" lon="5.29837">
    <ele>33.38</ele>
   </trkpt>
   <trkpt lat="50.89591" lon="5.29755">
    <ele>34.04</ele>
   </trkpt>
   <trkpt lat="50.89587" lon="5.29696">
    <ele>34.24</ele>
   </trkpt>
   <trkpt lat="50.895895003614754" lon="5.296040000509752">
    <ele>34.36</ele>
   </trkpt>
   <trkpt lat="50.895920000000004" lon="5.295120000000001">
    <ele>34.440000000000005</ele>
   </trkpt>
   <trkpt lat="50.89598" lon="5.29485">
    <ele>34.33</ele>
   </trkpt>
   <trkpt lat="50.89627000241933" lon="5.294100004627118">
    <ele>34.14</ele>
   </trkpt>
   <trkpt lat="50.89656" lon="5.29335">
    <ele>33.510000000000005</ele>
   </trkpt>
   <trkpt lat="50.897130000000004" lon="5.2923100000000005">
    <ele>32.730000000000004</ele>
   </trkpt>
   <trkpt lat="50.89717" lon="5.292190000000001">
    <ele>32.54</ele>
   </trkpt>
   <trkpt lat="50.89740667870693" lon="5.2910033453396395">
    <ele>32.11</ele>
   </trkpt>
   <trkpt lat="50.89764334538477" lon="5.289816678617166">
    <ele>32.019999999999996</ele>
   </trkpt>
   <trkpt lat="50.89788" lon="5.28863">
    <ele>31.810000000000006</ele>
   </trkpt>
   <trkpt lat="50.89802" lon="5.28814">
    <ele>31.810000000000006</ele>
   </trkpt>
   <trkpt lat="50.89838667373513" lon="5.287230014344474">
    <ele>31.85</ele>
   </trkpt>
   <trkpt lat="50.89875334039646" lon="5.2863200143579165">
    <ele>31.700000000000006</ele>
   </trkpt>
   <trkpt lat="50.89912" lon="5.285410000000001">
    <ele>31.580000000000002</ele>
   </trkpt>
   <trkpt lat="50.899260000000005" lon="5.28514">
    <ele>31.580000000000002</ele>
   </trkpt>
   <trkpt lat="50.89962000123651" lon="5.284595004262244">
    <ele>31.700000000000006</ele>
   </trkpt>
   <trkpt lat="50.899980000000006" lon="5.284050000000001">
    <ele>31.68</ele>
   </trkpt>
   <trkpt lat="50.9003" lon="5.283530000000001">
    <ele>31.43</ele>
   </trkpt>
   <trkpt lat="50.90037" lon="5.283460000000001">
    <ele>31.150000000000002</ele>
   </trkpt>
   <trkpt lat="50.90078500038451" lon="5.283155002727848">
    <ele>31.070000000000004</ele>
   </trkpt>
   <trkpt lat="50.9012" lon="5.282850000000001">
    <ele>30.990000000000002</ele>
   </trkpt>
   <trkpt lat="50.901340000000005" lon="5.28274">
    <ele>30.97</ele>
   </trkpt>
   <trkpt lat="50.9018233362965" lon="5.282150012262071">
    <ele>31.070000000000004</ele>
   </trkpt>
   <trkpt lat="50.90230666961955" lon="5.281560012274802">
    <ele>31.200000000000003</ele>
   </trkpt>
   <trkpt lat="50.90279" lon="5.280970000000001">
    <ele>31.110000000000003</ele>
   </trkpt>
   <trkpt lat="50.90317000075596" lon="5.280560003305373">
    <ele>31.090000000000003</ele>
   </trkpt>
   <trkpt lat="50.90355" lon="5.280150000000001">
    <ele>31.150000000000002</ele>
   </trkpt>
   <trkpt lat="50.904320000000006" lon="5.27942">
    <ele>30.830000000000002</ele>
   </trkpt>
   <trkpt lat="50.9046" lon="5.27908">
    <ele>30.88</ele>
   </trkpt>
   <trkpt lat="50.90487" lon="5.278670000000001">
    <ele>30.860000000000003</ele>
   </trkpt>
   <trkpt lat="50.905150000000006" lon="5.278180000000001">
    <ele>30.63</ele>
   </trkpt>
   <trkpt lat="50.90542000000001" lon="5.2775300000000005">
    <ele>30.590000000000003</ele>
   </trkpt>
   <trkpt lat="50.90572000265069" lon="5.276750004890633">
    <ele>30.55</ele>
   </trkpt>
   <trkpt lat="50.906020000000005" lon="5.27597">
    <ele>30.310000000000002</ele>
   </trkpt>
   <trkpt lat="50.90605000000001" lon="5.2758400000000005">
    <ele>30.310000000000002</ele>
   </trkpt>
   <trkpt lat="50.906110000000005" lon="5.27533">
    <ele>30.310000000000002</ele>
   </trkpt>
   <trkpt lat="50.90633500192261" lon="5.274655003332426">
    <ele>30.060000000000002</ele>
   </trkpt>
   <trkpt lat="50.906560000000006" lon="5.273980000000001">
    <ele>29.890000000000004</ele>
   </trkpt>
   <trkpt lat="50.906760000000006" lon="5.27306">
    <ele>29.640000000000004</ele>
   </trkpt>
   <trkpt lat="50.906780000000005" lon="5.272740000000001">
    <ele>29.7</ele>
   </trkpt>
   <trkpt lat="50.90672500302076" lon="5.271899999117703">
    <ele>29.86</ele>
   </trkpt>
   <trkpt lat="50.906670000000005" lon="5.27106">
    <ele>30.09</ele>
   </trkpt>
   <trkpt lat="50.90668" lon="5.270670000000001">
    <ele>30.130000000000003</ele>
   </trkpt>
   <trkpt lat="50.906960000000005" lon="5.26933">
    <ele>30.11</ele>
   </trkpt>
   <trkpt lat="50.90738" lon="5.268230000000001">
    <ele>30.26</ele>
   </trkpt>
   <trkpt lat="50.907500000000006" lon="5.268020000000001">
    <ele>30.29</ele>
   </trkpt>
   <trkpt lat="50.907720000000005" lon="5.2677700000000005">
    <ele>30.400000000000002</ele>
   </trkpt>
   <trkpt lat="50.90793000000001" lon="5.267340000000001">
    <ele>30.320000000000004</ele>
   </trkpt>
   <trkpt lat="50.908390000000004" lon="5.26651">
    <ele>30.63</ele>
   </trkpt>
   <trkpt lat="50.90892251299809" lon="5.26550253459047">
    <ele>31.21</ele>
   </trkpt>
   <trkpt lat="50.90945501732628" lon="5.264495046129989">
    <ele>31.95</ele>
   </trkpt>
   <trkpt lat="50.90998751298423" lon="5.2634875346179655">
    <ele>32.21</ele>
   </trkpt>
   <trkpt lat="50.910520000000005" lon="5.26248">
    <ele>31.470000000000006</ele>
   </trkpt>
   <trkpt lat="50.91095000000001" lon="5.26177">
    <ele>31.110000000000003</ele>
   </trkpt>
   <trkpt lat="50.91156" lon="5.260820000000001">
    <ele>30.62</ele>
   </trkpt>
   <trkpt lat="50.91180000000001" lon="5.260330000000001">
    <ele>30.470000000000002</ele>
   </trkpt>
   <trkpt lat="50.9119" lon="5.260050000000001">
    <ele>30.38</ele>
   </trkpt>
   <trkpt lat="50.91209500219735" lon="5.259335002944153">
    <ele>30.410000000000004</ele>
   </trkpt>
   <trkpt lat="50.912290000000006" lon="5.2586200000000005">
    <ele>30.7</ele>
   </trkpt>
   <trkpt lat="50.9123" lon="5.25837">
    <ele>30.71</ele>
   </trkpt>
   <trkpt lat="50.91225000000001" lon="5.258100000000001">
    <ele>30.71</ele>
   </trkpt>
   <trkpt lat="50.91189000000001" lon="5.257040000000001">
    <ele>31.160000000000004</ele>
   </trkpt>
   <trkpt lat="50.91187000000001" lon="5.2568600000000005">
    <ele>31.160000000000004</ele>
   </trkpt>
   <trkpt lat="50.911880000000004" lon="5.256500000000001">
    <ele>31.43</ele>
   </trkpt>
   <trkpt lat="50.91194" lon="5.256220000000001">
    <ele>31.48</ele>
   </trkpt>
   <trkpt lat="50.91205" lon="5.255960000000001">
    <ele>31.48</ele>
   </trkpt>
   <trkpt lat="50.91227000000001" lon="5.25555">
    <ele>31.34</ele>
   </trkpt>
   <trkpt lat="50.912560000000006" lon="5.2552900000000005">
    <ele>31.240000000000002</ele>
   </trkpt>
   <trkpt lat="50.91317500050919" lon="5.254910005087787">
    <ele>30.8</ele>
   </trkpt>
   <trkpt lat="50.913790000000006" lon="5.254530000000001">
    <ele>30.480000000000004</ele>
   </trkpt>
   <trkpt lat="50.91427" lon="5.254130000000001">
    <ele>30.19</ele>
   </trkpt>
   <trkpt lat="50.914590000000004" lon="5.2538">
    <ele>30.140000000000004</ele>
   </trkpt>
   <trkpt lat="50.91465" lon="5.253710000000001">
    <ele>30.140000000000004</ele>
   </trkpt>
   <trkpt lat="50.914820000000006" lon="5.253310000000001">
    <ele>30.27</ele>
   </trkpt>
   <trkpt lat="50.9149" lon="5.253080000000001">
    <ele>30.230000000000004</ele>
   </trkpt>
   <trkpt lat="50.915000000000006" lon="5.2525200000000005">
    <ele>30.410000000000004</ele>
   </trkpt>
   <trkpt lat="50.915020000000005" lon="5.25225">
    <ele>30.900000000000002</ele>
   </trkpt>
   <trkpt lat="50.91501" lon="5.252140000000001">
    <ele>30.900000000000002</ele>
   </trkpt>
   <trkpt lat="50.91496" lon="5.25197">
    <ele>31.150000000000002</ele>
   </trkpt>
   <trkpt lat="50.915110000000006" lon="5.2517700000000005">
    <ele>31.110000000000003</ele>
   </trkpt>
   <trkpt lat="50.91518000000001" lon="5.25161">
    <ele>31.110000000000003</ele>
   </trkpt>
   <trkpt lat="50.91557" lon="5.25044">
    <ele>30.490000000000002</ele>
   </trkpt>
   <trkpt lat="50.915760000000006" lon="5.250120000000001">
    <ele>30.35</ele>
   </trkpt>
   <trkpt lat="50.91621000000001" lon="5.24971">
    <ele>30.17</ele>
   </trkpt>
   <trkpt lat="50.91633" lon="5.249490000000001">
    <ele>30.160000000000004</ele>
   </trkpt>
   <trkpt lat="50.916380000000004" lon="5.24934">
    <ele>30.160000000000004</ele>
   </trkpt>
   <trkpt lat="50.916470000000004" lon="5.24875">
    <ele>30.320000000000004</ele>
   </trkpt>
   <trkpt lat="50.91658" lon="5.248550000000001">
    <ele>30.070000000000004</ele>
   </trkpt>
   <trkpt lat="50.916560000000004" lon="5.248430000000001">
    <ele>30.070000000000004</ele>
   </trkpt>
   <trkpt lat="50.91657000000001" lon="5.2481100000000005">
    <ele>30.070000000000004</ele>
   </trkpt>
   <trkpt lat="50.916810000000005" lon="5.24809">
    <ele>29.67</ele>
   </trkpt>
   <trkpt lat="50.916880000000006" lon="5.248030000000001">
    <ele>29.67</ele>
   </trkpt>
   <trkpt lat="50.91725" lon="5.24737">
    <ele>29.080000000000002</ele>
   </trkpt>
   <trkpt lat="50.91742000000001" lon="5.24718">
    <ele>28.970000000000002</ele>
   </trkpt>
   <trkpt lat="50.9177" lon="5.24673">
    <ele>28.98</ele>
   </trkpt>
   <trkpt lat="50.917750000000005" lon="5.246670000000001">
    <ele>28.98</ele>
   </trkpt>
   <trkpt lat="50.91785" lon="5.24671">
    <ele>28.84</ele>
   </trkpt>
   <trkpt lat="50.91827500063583" lon="5.247089996546457">
    <ele>28.360000000000003</ele>
   </trkpt>
   <trkpt lat="50.9187" lon="5.247470000000001">
    <ele>28.25</ele>
   </trkpt>
   <trkpt lat="50.918780000000005" lon="5.24758">
    <ele>28.25</ele>
   </trkpt>
   <trkpt lat="50.91903000000001" lon="5.24781">
    <ele>28.25</ele>
   </trkpt>
   <trkpt lat="50.91910000000001" lon="5.24784">
    <ele>28.35</ele>
   </trkpt>
   <trkpt lat="50.919470000000004" lon="5.2481800000000005">
    <ele>28.59</ele>
   </trkpt>
   <trkpt lat="50.919520000000006" lon="5.24802">
    <ele>28.51</ele>
   </trkpt>
   <trkpt lat="50.91949" lon="5.2479000000000005">
    <ele>28.51</ele>
   </trkpt>
   <trkpt lat="50.91953" lon="5.24777">
    <ele>28.39</ele>
   </trkpt>
   <trkpt lat="50.919520000000006" lon="5.247660000000001">
    <ele>28.39</ele>
   </trkpt>
   <trkpt lat="50.919700000000006" lon="5.2468900000000005">
    <ele>27.82</ele>
   </trkpt>
   <trkpt lat="50.91977000000001" lon="5.24598">
    <ele>27.85</ele>
   </trkpt>
   <trkpt lat="50.919810000000005" lon="5.245690000000001">
    <ele>27.85</ele>
   </trkpt>
   <trkpt lat="50.919920000000005" lon="5.24526">
    <ele>28.060000000000002</ele>
   </trkpt>
   <trkpt lat="50.920030000000004" lon="5.244800000000001">
    <ele>28.080000000000002</ele>
   </trkpt>
   <trkpt lat="50.92006000000001" lon="5.24448">
    <ele>28.32</ele>
   </trkpt>
   <trkpt lat="50.92000000334101" lon="5.243599999363052">
    <ele>28.380000000000003</ele>
   </trkpt>
   <trkpt lat="50.919940000000004" lon="5.24272">
    <ele>28.26</ele>
   </trkpt>
   <trkpt lat="50.91995000000001" lon="5.242500000000001">
    <ele>28.23</ele>
   </trkpt>
   <trkpt lat="50.920120000000004" lon="5.2412">
    <ele>28.19</ele>
   </trkpt>
   <trkpt lat="50.92029000303211" lon="5.240350003372165">
    <ele>27.680000000000003</ele>
   </trkpt>
   <trkpt lat="50.920460000000006" lon="5.2395000000000005">
    <ele>27.31</ele>
   </trkpt>
   <trkpt lat="50.920570000000005" lon="5.23913">
    <ele>27.21</ele>
   </trkpt>
   <trkpt lat="50.92083" lon="5.23859">
    <ele>27.180000000000003</ele>
   </trkpt>
   <trkpt lat="50.920930000000006" lon="5.23843">
    <ele>27.37</ele>
   </trkpt>
   <trkpt lat="50.92141" lon="5.23786">
    <ele>27.900000000000002</ele>
   </trkpt>
   <trkpt lat="50.92159" lon="5.237500000000001">
    <ele>28.110000000000003</ele>
   </trkpt>
   <trkpt lat="50.92174000000001" lon="5.23709">
    <ele>28.23</ele>
   </trkpt>
   <trkpt lat="50.921870000000006" lon="5.23655">
    <ele>28.17</ele>
   </trkpt>
   <trkpt lat="50.921960000000006" lon="5.23629">
    <ele>28.240000000000002</ele>
   </trkpt>
   <trkpt lat="50.922050000000006" lon="5.2361200000000006">
    <ele>28.35</ele>
   </trkpt>
   <trkpt lat="50.92217" lon="5.23596">
    <ele>28.53</ele>
   </trkpt>
   <trkpt lat="50.92242" lon="5.2357000000000005">
    <ele>28.89</ele>
   </trkpt>
   <trkpt lat="50.92257000000001" lon="5.23552">
    <ele>29.030000000000005</ele>
   </trkpt>
   <trkpt lat="50.922700000000006" lon="5.23531">
    <ele>29.32</ele>
   </trkpt>
   <trkpt lat="50.92284" lon="5.23491">
    <ele>29.380000000000003</ele>
   </trkpt>
   <trkpt lat="50.92286000000001" lon="5.23472">
    <ele>29.35</ele>
   </trkpt>
   <trkpt lat="50.922850000000004" lon="5.234170000000001">
    <ele>29.09</ele>
   </trkpt>
   <trkpt lat="50.92287" lon="5.23345">
    <ele>29.040000000000003</ele>
   </trkpt>
   <trkpt lat="50.922920000000005" lon="5.233180000000001">
    <ele>29.060000000000002</ele>
   </trkpt>
   <trkpt lat="50.923" lon="5.23289">
    <ele>29.060000000000002</ele>
   </trkpt>
   <trkpt lat="50.92334" lon="5.23209">
    <ele>28.87</ele>
   </trkpt>
   <trkpt lat="50.92360000000001" lon="5.23153">
    <ele>28.810000000000002</ele>
   </trkpt>
   <trkpt lat="50.92403000468666" lon="5.230790013662457">
    <ele>28.62</ele>
   </trkpt>
   <trkpt lat="50.92446000469648" lon="5.230050013645747">
    <ele>28.380000000000003</ele>
   </trkpt>
   <trkpt lat="50.924890000000005" lon="5.229310000000001">
    <ele>28.37</ele>
   </trkpt>
   <trkpt lat="50.92519" lon="5.22867">
    <ele>28.400000000000002</ele>
   </trkpt>
   <trkpt lat="50.925290000000004" lon="5.22853">
    <ele>28.51</ele>
   </trkpt>
   <trkpt lat="50.92544" lon="5.22836">
    <ele>28.560000000000002</ele>
   </trkpt>
   <trkpt lat="50.92597000000001" lon="5.2279">
    <ele>28.380000000000003</ele>
   </trkpt>
   <trkpt lat="50.92622" lon="5.22754">
    <ele>28.26</ele>
   </trkpt>
   <trkpt lat="50.92675500489761" lon="5.226470012288716">
    <ele>28.25</ele>
   </trkpt>
   <trkpt lat="50.927290000000006" lon="5.2254000000000005">
    <ele>27.970000000000002</ele>
   </trkpt>
   <trkpt lat="50.92758000151496" lon="5.224805003702848">
    <ele>27.89</ele>
   </trkpt>
   <trkpt lat="50.927870000000006" lon="5.22421">
    <ele>27.57</ele>
   </trkpt>
   <trkpt lat="50.92794000000001" lon="5.22402">
    <ele>27.57</ele>
   </trkpt>
   <trkpt lat="50.92819000258451" lon="5.223250003976077">
    <ele>27.12</ele>
   </trkpt>
   <trkpt lat="50.92844" lon="5.22248">
    <ele>26.390000000000004</ele>
   </trkpt>
   <trkpt lat="50.928560000000004" lon="5.222180000000001">
    <ele>26.13</ele>
   </trkpt>
   <trkpt lat="50.92894000621745" lon="5.221326680612497">
    <ele>26.220000000000002</ele>
   </trkpt>
   <trkpt lat="50.929320006216024" lon="5.220473347282534">
    <ele>25.87</ele>
   </trkpt>
   <trkpt lat="50.929700000000004" lon="5.219620000000001">
    <ele>26.38</ele>
   </trkpt>
   <trkpt lat="50.9299" lon="5.21914">
    <ele>26.44</ele>
   </trkpt>
   <trkpt lat="50.93000000000001" lon="5.21881">
    <ele>26.44</ele>
   </trkpt>
   <trkpt lat="50.93018500254775" lon="5.218030003314122">
    <ele>26.6</ele>
   </trkpt>
   <trkpt lat="50.93037" lon="5.217250000000001">
    <ele>26.820000000000004</ele>
   </trkpt>
   <trkpt lat="50.930460000000004" lon="5.2170000000000005">
    <ele>26.820000000000004</ele>
   </trkpt>
   <trkpt lat="50.93063" lon="5.216690000000001">
    <ele>26.820000000000004</ele>
   </trkpt>
   <trkpt lat="50.93132000000001" lon="5.21584">
    <ele>27.3</ele>
   </trkpt>
   <trkpt lat="50.93146" lon="5.2157">
    <ele>27.3</ele>
   </trkpt>
   <trkpt lat="50.931650000000005" lon="5.2155700000000005">
    <ele>27.3</ele>
   </trkpt>
   <trkpt lat="50.931850000000004" lon="5.21553">
    <ele>27.330000000000002</ele>
   </trkpt>
   <trkpt lat="50.93207" lon="5.21555">
    <ele>27.330000000000002</ele>
   </trkpt>
   <trkpt lat="50.932610000000004" lon="5.215750000000001">
    <ele>27.23</ele>
   </trkpt>
   <trkpt lat="50.93271000000001" lon="5.215750000000001">
    <ele>27.23</ele>
   </trkpt>
   <trkpt lat="50.93283" lon="5.21567">
    <ele>27.200000000000003</ele>
   </trkpt>
   <trkpt lat="50.93292" lon="5.21553">
    <ele>27.080000000000002</ele>
   </trkpt>
   <trkpt lat="50.933150000000005" lon="5.21487">
    <ele>27.01</ele>
   </trkpt>
   <trkpt lat="50.93336000000001" lon="5.2143500000000005">
    <ele>26.85</ele>
   </trkpt>
   <trkpt lat="50.933690000000006" lon="5.2138100000000005">
    <ele>26.94</ele>
   </trkpt>
   <trkpt lat="50.933800000000005" lon="5.21361">
    <ele>26.770000000000003</ele>
   </trkpt>
   <trkpt lat="50.933890000000005" lon="5.213360000000001">
    <ele>26.770000000000003</ele>
   </trkpt>
   <trkpt lat="50.934070000000006" lon="5.212700000000001">
    <ele>26.590000000000003</ele>
   </trkpt>
   <trkpt lat="50.93424" lon="5.21206">
    <ele>26.46</ele>
   </trkpt>
   <trkpt lat="50.93431" lon="5.211740000000001">
    <ele>26.09</ele>
   </trkpt>
   <trkpt lat="50.934490000000004" lon="5.21114">
    <ele>25.92</ele>
   </trkpt>
   <trkpt lat="50.9346" lon="5.21096">
    <ele>25.94</ele>
   </trkpt>
   <trkpt lat="50.93469" lon="5.21091">
    <ele>25.94</ele>
   </trkpt>
   <trkpt lat="50.93477000000001" lon="5.21089">
    <ele>25.910000000000004</ele>
   </trkpt>
   <trkpt lat="50.935300000000005" lon="5.21086">
    <ele>26.160000000000004</ele>
   </trkpt>
   <trkpt lat="50.935460000000006" lon="5.210800000000001">
    <ele>26.36</ele>
   </trkpt>
   <trkpt lat="50.93564000000001" lon="5.210660000000001">
    <ele>26.98</ele>
   </trkpt>
   <trkpt lat="50.935900000000004" lon="5.21035">
    <ele>27.35</ele>
   </trkpt>
   <trkpt lat="50.93623" lon="5.209840000000001">
    <ele>28.540000000000003</ele>
   </trkpt>
   <trkpt lat="50.93620000000001" lon="5.20964">
    <ele>28.44</ele>
   </trkpt>
   <trkpt lat="50.93621" lon="5.20852">
    <ele>28.71</ele>
   </trkpt>
   <trkpt lat="50.93618000000001" lon="5.20821">
    <ele>28.73</ele>
   </trkpt>
   <trkpt lat="50.936060000000005" lon="5.2076">
    <ele>28.62</ele>
   </trkpt>
   <trkpt lat="50.93578" lon="5.2064900000000005">
    <ele>27.790000000000003</ele>
   </trkpt>
   <trkpt lat="50.935750000000006" lon="5.2062100000000004">
    <ele>27.790000000000003</ele>
   </trkpt>
   <trkpt lat="50.93580000000001" lon="5.20593">
    <ele>27.790000000000003</ele>
   </trkpt>
   <trkpt lat="50.936060000000005" lon="5.20523">
    <ele>27.91</ele>
   </trkpt>
   <trkpt lat="50.93657" lon="5.204090000000001">
    <ele>28.060000000000002</ele>
   </trkpt>
   <trkpt lat="50.937110003416315" lon="5.203185010644924">
    <ele>28.900000000000002</ele>
   </trkpt>
   <trkpt lat="50.937650000000005" lon="5.20228">
    <ele>29.220000000000002</ele>
   </trkpt>
   <trkpt lat="50.93797500116957" lon="5.201760003610449">
    <ele>29.05</ele>
   </trkpt>
   <trkpt lat="50.938300000000005" lon="5.20124">
    <ele>28.740000000000002</ele>
   </trkpt>
   <trkpt lat="50.938725001527665" lon="5.200655005255525">
    <ele>29.09</ele>
   </trkpt>
   <trkpt lat="50.939150000000005" lon="5.20007">
    <ele>29.370000000000005</ele>
   </trkpt>
   <trkpt lat="50.939330000000005" lon="5.19986">
    <ele>29.630000000000003</ele>
   </trkpt>
   <trkpt lat="50.939420000000005" lon="5.19979">
    <ele>29.630000000000003</ele>
   </trkpt>
   <trkpt lat="50.939510000000006" lon="5.199750000000001">
    <ele>29.630000000000003</ele>
   </trkpt>
   <trkpt lat="50.93966" lon="5.199750000000001">
    <ele>29.710000000000004</ele>
   </trkpt>
   <trkpt lat="50.94008" lon="5.19983">
    <ele>29.800000000000004</ele>
   </trkpt>
   <trkpt lat="50.94021000000001" lon="5.19984">
    <ele>29.85</ele>
   </trkpt>
   <trkpt lat="50.94042" lon="5.1997800000000005">
    <ele>29.910000000000004</ele>
   </trkpt>
   <trkpt lat="50.94117500045071" lon="5.199445005452502">
    <ele>30.11</ele>
   </trkpt>
   <trkpt lat="50.941930000000006" lon="5.19911">
    <ele>30.26</ele>
   </trkpt>
   <trkpt lat="50.94209000000001" lon="5.199020000000001">
    <ele>30.230000000000004</ele>
   </trkpt>
   <trkpt lat="50.94221" lon="5.1989">
    <ele>30.060000000000002</ele>
   </trkpt>
   <trkpt lat="50.94234" lon="5.198670000000001">
    <ele>30.060000000000002</ele>
   </trkpt>
   <trkpt lat="50.942620000000005" lon="5.19791">
    <ele>29.92</ele>
   </trkpt>
   <trkpt lat="50.942620000000005" lon="5.197900000000001">
    <ele>29.92</ele>
   </trkpt>
   <trkpt lat="50.942730000000005" lon="5.197640000000001">
    <ele>29.880000000000003</ele>
   </trkpt>
   <trkpt lat="50.94288" lon="5.197360000000001">
    <ele>29.880000000000003</ele>
   </trkpt>
   <trkpt lat="50.943360000000006" lon="5.1967300000000005">
    <ele>29.710000000000004</ele>
   </trkpt>
   <trkpt lat="50.94375" lon="5.1962600000000005">
    <ele>29.87</ele>
   </trkpt>
   <trkpt lat="50.94388000000001" lon="5.196160000000001">
    <ele>30.12</ele>
   </trkpt>
   <trkpt lat="50.944673334272046" lon="5.196496655163797">
    <ele>29.39</ele>
   </trkpt>
   <trkpt lat="50.94546666757621" lon="5.196833321817843">
    <ele>29.470000000000002</ele>
   </trkpt>
   <trkpt lat="50.94626" lon="5.197170000000001">
    <ele>30.7</ele>
   </trkpt>
   <trkpt lat="50.94701500048107" lon="5.197484994907792">
    <ele>30.560000000000002</ele>
   </trkpt>
   <trkpt lat="50.947770000000006" lon="5.197800000000001">
    <ele>30.97</ele>
   </trkpt>
   <trkpt lat="50.94796" lon="5.19786">
    <ele>30.660000000000004</ele>
   </trkpt>
   <trkpt lat="50.94818" lon="5.19787">
    <ele>30.570000000000004</ele>
   </trkpt>
   <trkpt lat="50.94845" lon="5.19784">
    <ele>30.520000000000003</ele>
   </trkpt>
   <trkpt lat="50.94865" lon="5.19779">
    <ele>30.490000000000002</ele>
   </trkpt>
   <trkpt lat="50.94888" lon="5.1976700000000005">
    <ele>30.29</ele>
   </trkpt>
   <trkpt lat="50.9495725026748" lon="5.197215020321596">
    <ele>29.6</ele>
   </trkpt>
   <trkpt lat="50.95026500358187" lon="5.1967600270858">
    <ele>29.150000000000002</ele>
   </trkpt>
   <trkpt lat="50.95095750272114" lon="5.196305020291908">
    <ele>28.540000000000003</ele>
   </trkpt>
   <trkpt lat="50.95165" lon="5.19585">
    <ele>27.96</ele>
   </trkpt>
   <trkpt lat="50.95246" lon="5.1953700000000005">
    <ele>27.6</ele>
   </trkpt>
   <trkpt lat="50.95306000102918" lon="5.1950333419917865">
    <ele>27.4</ele>
   </trkpt>
   <trkpt lat="50.95366000109055" lon="5.194696675290826">
    <ele>27.05</ele>
   </trkpt>
   <trkpt lat="50.954260000000005" lon="5.1943600000000005">
    <ele>26.820000000000004</ele>
   </trkpt>
   <trkpt lat="50.95459" lon="5.1942200000000005">
    <ele>26.7</ele>
   </trkpt>
   <trkpt lat="50.954890000000006" lon="5.19413">
    <ele>26.7</ele>
   </trkpt>
   <trkpt lat="50.95566" lon="5.19402">
    <ele>26.92</ele>
   </trkpt>
   <trkpt lat="50.955960000000005" lon="5.19395">
    <ele>27.090000000000003</ele>
   </trkpt>
   <trkpt lat="50.956210000000006" lon="5.19385">
    <ele>27.31</ele>
   </trkpt>
   <trkpt lat="50.956540000000004" lon="5.193650000000001">
    <ele>27.630000000000003</ele>
   </trkpt>
   <trkpt lat="50.957270001352285" lon="5.193070009178323">
    <ele>28.16</ele>
   </trkpt>
   <trkpt lat="50.958000000000006" lon="5.19249">
    <ele>28.32</ele>
   </trkpt>
   <trkpt lat="50.95837" lon="5.19216">
    <ele>27.840000000000003</ele>
   </trkpt>
   <trkpt lat="50.95884" lon="5.1917">
    <ele>27.430000000000003</ele>
   </trkpt>
   <trkpt lat="50.95909" lon="5.191420000000001">
    <ele>27.01</ele>
   </trkpt>
   <trkpt lat="50.95950000113316" lon="5.190925004262723">
    <ele>26.12</ele>
   </trkpt>
   <trkpt lat="50.95991" lon="5.19043">
    <ele>25.890000000000004</ele>
   </trkpt>
   <trkpt lat="50.96045" lon="5.18954">
    <ele>24.91</ele>
   </trkpt>
   <trkpt lat="50.96100000434879" lon="5.188540011692983">
    <ele>24.040000000000003</ele>
   </trkpt>
   <trkpt lat="50.96155" lon="5.18754">
    <ele>23.19</ele>
   </trkpt>
   <trkpt lat="50.962270000000004" lon="5.1867">
    <ele>22.8</ele>
   </trkpt>
   <trkpt lat="50.96253" lon="5.18632">
    <ele>22.85</ele>
   </trkpt>
   <trkpt lat="50.9626" lon="5.1863">
    <ele>22.8</ele>
   </trkpt>
   <trkpt lat="50.96264000000001" lon="5.1862200000000005">
    <ele>22.8</ele>
   </trkpt>
   <trkpt lat="50.96264000000001" lon="5.186170000000001">
    <ele>22.8</ele>
   </trkpt>
   <trkpt lat="50.96276" lon="5.18594">
    <ele>22.8</ele>
   </trkpt>
   <trkpt lat="50.96307" lon="5.18559">
    <ele>22.54</ele>
   </trkpt>
   <trkpt lat="50.96325" lon="5.18543">
    <ele>22.54</ele>
   </trkpt>
   <trkpt lat="50.963720000625656" lon="5.185080003464413">
    <ele>22.63</ele>
   </trkpt>
   <trkpt lat="50.96419" lon="5.18473">
    <ele>23.01</ele>
   </trkpt>
   <trkpt lat="50.964850000000006" lon="5.1843">
    <ele>22.76</ele>
   </trkpt>
   <trkpt lat="50.96488" lon="5.184340000000001">
    <ele>22.76</ele>
   </trkpt>
   <trkpt lat="50.965140000000005" lon="5.18433">
    <ele>22.240000000000002</ele>
   </trkpt>
   <trkpt lat="50.966" lon="5.18435">
    <ele>21.79</ele>
   </trkpt>
   <trkpt lat="50.96625" lon="5.18438">
    <ele>21.69</ele>
   </trkpt>
   <trkpt lat="50.96690499998311" lon="5.184499998293574">
    <ele>21.67</ele>
   </trkpt>
   <trkpt lat="50.967560000000006" lon="5.184620000000001">
    <ele>22.01</ele>
   </trkpt>
   <trkpt lat="50.9677" lon="5.184620000000001">
    <ele>22.340000000000003</ele>
   </trkpt>
   <trkpt lat="50.967780000000005" lon="5.18465">
    <ele>22.45</ele>
   </trkpt>
   <trkpt lat="50.967940000000006" lon="5.18475">
    <ele>22.480000000000004</ele>
   </trkpt>
   <trkpt lat="50.96857000000001" lon="5.185250000000001">
    <ele>22.28</ele>
   </trkpt>
   <trkpt lat="50.968790000000006" lon="5.18534">
    <ele>22.070000000000004</ele>
   </trkpt>
   <trkpt lat="50.969010000000004" lon="5.18538">
    <ele>21.990000000000002</ele>
   </trkpt>
   <trkpt lat="50.969280000000005" lon="5.18538">
    <ele>21.900000000000002</ele>
   </trkpt>
   <trkpt lat="50.9698349999337" lon="5.185290001091775">
    <ele>21.77</ele>
   </trkpt>
   <trkpt lat="50.97039" lon="5.1852">
    <ele>22.160000000000004</ele>
   </trkpt>
   <trkpt lat="50.97079" lon="5.18517">
    <ele>22.76</ele>
   </trkpt>
   <trkpt lat="50.970960000000005" lon="5.18517">
    <ele>23.01</ele>
   </trkpt>
   <trkpt lat="50.971180000000004" lon="5.18519">
    <ele>23.01</ele>
   </trkpt>
   <trkpt lat="50.97129" lon="5.185230000000001">
    <ele>22.39</ele>
   </trkpt>
   <trkpt lat="50.971560000000004" lon="5.18538">
    <ele>22.11</ele>
   </trkpt>
   <trkpt lat="50.972350000000006" lon="5.1860100000000005">
    <ele>21.470000000000002</ele>
   </trkpt>
   <trkpt lat="50.97310250445649" lon="5.186396206189273">
    <ele>21.48</ele>
   </trkpt>
   <trkpt lat="50.973855007639514" lon="5.186782424894281">
    <ele>21.910000000000004</ele>
   </trkpt>
   <trkpt lat="50.974607509548996" lon="5.18716865611574">
    <ele>22.11</ele>
   </trkpt>
   <trkpt lat="50.97536001018482" lon="5.187554899854375">
    <ele>22.2</ele>
   </trkpt>
   <trkpt lat="50.97611250954696" lon="5.187941156110903">
    <ele>22.400000000000002</ele>
   </trkpt>
   <trkpt lat="50.97686500763532" lon="5.188327424886048">
    <ele>22.320000000000004</ele>
   </trkpt>
   <trkpt lat="50.97761750444982" lon="5.188713706180531">
    <ele>22.19</ele>
   </trkpt>
   <trkpt lat="50.978370000000005" lon="5.189100000000001">
    <ele>22.2</ele>
   </trkpt>
   <trkpt lat="50.978390000000005" lon="5.18899">
    <ele>22.650000000000002</ele>
   </trkpt>
   <trkpt lat="50.97920667047026" lon="5.189411629588071">
    <ele>22.930000000000003</ele>
   </trkpt>
   <trkpt lat="50.98002333942279" lon="5.189833274008188">
    <ele>23.880000000000003</ele>
   </trkpt>
   <trkpt lat="50.98084000685747" lon="5.190254933261279">
    <ele>24.580000000000002</ele>
   </trkpt>
   <trkpt lat="50.98165667277422" lon="5.190676607348268">
    <ele>24.82</ele>
   </trkpt>
   <trkpt lat="50.98247333717295" lon="5.191098296270084">
    <ele>25.0</ele>
   </trkpt>
   <trkpt lat="50.983290000000004" lon="5.191520000000001">
    <ele>25.48</ele>
   </trkpt>
   <trkpt lat="50.983320000000006" lon="5.1916">
    <ele>25.48</ele>
   </trkpt>
   <trkpt lat="50.983610000000006" lon="5.19191">
    <ele>25.95</ele>
   </trkpt>
   <trkpt lat="50.983790000000006" lon="5.1924">
    <ele>26.17</ele>
   </trkpt>
   <trkpt lat="50.983900000000006" lon="5.19238">
    <ele>26.330000000000002</ele>
   </trkpt>
   <trkpt lat="50.98393" lon="5.192170000000001">
    <ele>26.12</ele>
   </trkpt>
   <trkpt lat="50.98397000000001" lon="5.19212">
    <ele>26.12</ele>
   </trkpt>
   <trkpt lat="50.984" lon="5.19197">
    <ele>26.19</ele>
   </trkpt>
   <trkpt lat="50.983990000000006" lon="5.191890000000001">
    <ele>26.19</ele>
   </trkpt>
   <trkpt lat="50.983920000000005" lon="5.19179">
    <ele>26.220000000000002</ele>
   </trkpt>
   <trkpt lat="50.98395000000001" lon="5.19099">
    <ele>26.28</ele>
   </trkpt>
   <trkpt lat="50.98404000000001" lon="5.1904">
    <ele>26.26</ele>
   </trkpt>
   <trkpt lat="50.98425" lon="5.18939">
    <ele>27.39</ele>
   </trkpt>
   <trkpt lat="50.984370000000006" lon="5.188890000000001">
    <ele>28.5</ele>
   </trkpt>
   <trkpt lat="50.98453000000001" lon="5.18843">
    <ele>30.490000000000002</ele>
   </trkpt>
   <trkpt lat="50.98476" lon="5.18801">
    <ele>32.690000000000005</ele>
   </trkpt>
   <trkpt lat="50.98487" lon="5.18785">
    <ele>32.690000000000005</ele>
   </trkpt>
   <trkpt lat="50.985170000000004" lon="5.18752">
    <ele>35.550000000000004</ele>
   </trkpt>
   <trkpt lat="50.98494" lon="5.1869000000000005">
    <ele>36.09</ele>
   </trkpt>
   <trkpt lat="50.98476334233697" lon="5.185873325550183">
    <ele>37.15</ele>
   </trkpt>
   <trkpt lat="50.9845866756756" lon="5.184846658914423">
    <ele>38.49</ele>
   </trkpt>
   <trkpt lat="50.984410000000004" lon="5.183820000000001">
    <ele>40.980000000000004</ele>
   </trkpt>
   <trkpt lat="50.984390000000005" lon="5.183590000000001">
    <ele>40.980000000000004</ele>
   </trkpt>
   <trkpt lat="50.98443" lon="5.18313">
    <ele>41.88</ele>
   </trkpt>
   <trkpt lat="50.98477170236691" lon="5.181836714256569">
    <ele>44.94</ele>
   </trkpt>
   <trkpt lat="50.985113390454885" lon="5.180543409474374">
    <ele>48.1</ele>
   </trkpt>
   <trkpt lat="50.98545506426353" lon="5.179250085653698">
    <ele>50.21</ele>
   </trkpt>
   <trkpt lat="50.98579672379245" lon="5.177956742794823">
    <ele>52.46000000000001</ele>
   </trkpt>
   <trkpt lat="50.98613836904126" lon="5.176663380898035">
    <ele>55.440000000000005</ele>
   </trkpt>
   <trkpt lat="50.98648000000001" lon="5.17537">
    <ele>59.27</ele>
   </trkpt>
   <trkpt lat="50.98662" lon="5.174950000000001">
    <ele>59.67000000000001</ele>
   </trkpt>
   <trkpt lat="50.986810000000006" lon="5.17466">
    <ele>60.260000000000005</ele>
   </trkpt>
   <trkpt lat="50.986880000000006" lon="5.1744200000000005">
    <ele>60.63</ele>
   </trkpt>
   <trkpt lat="50.987140007709016" lon="5.173470010625519">
    <ele>60.33</ele>
   </trkpt>
   <trkpt lat="50.987400007713674" lon="5.172520010608633">
    <ele>58.870000000000005</ele>
   </trkpt>
   <trkpt lat="50.987660000000005" lon="5.17157">
    <ele>57.510000000000005</ele>
   </trkpt>
   <trkpt lat="50.98801306402324" lon="5.170279088366418">
    <ele>55.31</ele>
   </trkpt>
   <trkpt lat="50.988366113820234" lon="5.168988157094852">
    <ele>53.43000000000001</ele>
   </trkpt>
   <trkpt lat="50.9887191493906" lon="5.167697206185547">
    <ele>49.7</ele>
   </trkpt>
   <trkpt lat="50.98907217073395" lon="5.166406235638748">
    <ele>46.660000000000004</ele>
   </trkpt>
   <trkpt lat="50.98942517784987" lon="5.1651152454546985">
    <ele>42.96</ele>
   </trkpt>
   <trkpt lat="50.98977817073797" lon="5.163824235633648">
    <ele>39.21</ele>
   </trkpt>
   <trkpt lat="50.99013114939786" lon="5.162533206175836">
    <ele>37.28</ele>
   </trkpt>
   <trkpt lat="50.99048411382913" lon="5.161242157081514">
    <ele>36.67</ele>
   </trkpt>
   <trkpt lat="50.9908370640314" lon="5.159951088350924">
    <ele>36.72</ele>
   </trkpt>
   <trkpt lat="50.99119" lon="5.15866">
    <ele>35.7</ele>
   </trkpt>
   <trkpt lat="50.99139" lon="5.15808">
    <ele>35.01</ele>
   </trkpt>
   <trkpt lat="50.991580000000006" lon="5.15774">
    <ele>34.370000000000005</ele>
   </trkpt>
   <trkpt lat="50.99179" lon="5.157450000000001">
    <ele>33.940000000000005</ele>
   </trkpt>
   <trkpt lat="50.99248667134002" lon="5.156710022217957">
    <ele>31.86</ele>
   </trkpt>
   <trkpt lat="50.99318333800562" lon="5.155970022219528">
    <ele>29.09</ele>
   </trkpt>
   <trkpt lat="50.993880000000004" lon="5.15523">
    <ele>26.53</ele>
   </trkpt>
   <trkpt lat="50.994060000000005" lon="5.155010000000001">
    <ele>26.17</ele>
   </trkpt>
   <trkpt lat="50.99423" lon="5.1547">
    <ele>25.67</ele>
   </trkpt>
   <trkpt lat="50.994350000000004" lon="5.1544300000000005">
    <ele>25.43</ele>
   </trkpt>
   <trkpt lat="50.994460000000004" lon="5.154070000000001">
    <ele>25.080000000000002</ele>
   </trkpt>
   <trkpt lat="50.994550000000004" lon="5.15364">
    <ele>24.91</ele>
   </trkpt>
   <trkpt lat="50.99469500544953" lon="5.152510003534442">
    <ele>24.62</ele>
   </trkpt>
   <trkpt lat="50.99484" lon="5.1513800000000005">
    <ele>24.17</ele>
   </trkpt>
   <trkpt lat="50.994910000000004" lon="5.15094">
    <ele>24.23</ele>
   </trkpt>
   <trkpt lat="50.99524752115172" lon="5.149655028003083">
    <ele>23.96</ele>
   </trkpt>
   <trkpt lat="50.995585028208566" lon="5.148370037314274">
    <ele>23.96</ele>
   </trkpt>
   <trkpt lat="50.995922521170186" lon="5.147085027933857">
    <ele>23.98</ele>
   </trkpt>
   <trkpt lat="50.99626000000001" lon="5.1458">
    <ele>23.98</ele>
   </trkpt>
   <trkpt lat="50.99638" lon="5.14543">
    <ele>23.930000000000003</ele>
   </trkpt>
   <trkpt lat="50.99651" lon="5.145160000000001">
    <ele>23.930000000000003</ele>
   </trkpt>
   <trkpt lat="50.996970001885565" lon="5.144475006965048">
    <ele>24.040000000000003</ele>
   </trkpt>
   <trkpt lat="50.99743" lon="5.14379">
    <ele>24.25</ele>
   </trkpt>
   <trkpt lat="50.99778000113595" lon="5.1432700039492865">
    <ele>24.450000000000003</ele>
   </trkpt>
   <trkpt lat="50.99813" lon="5.14275">
    <ele>25.120000000000005</ele>
   </trkpt>
   <trkpt lat="50.998450000000005" lon="5.14224">
    <ele>26.63</ele>
   </trkpt>
   <trkpt lat="50.9986" lon="5.141970000000001">
    <ele>27.66</ele>
   </trkpt>
   <trkpt lat="50.998630000000006" lon="5.142010000000001">
    <ele>27.380000000000003</ele>
   </trkpt>
   <trkpt lat="50.998670000000004" lon="5.14193">
    <ele>27.700000000000003</ele>
   </trkpt>
   <trkpt lat="50.998870000000004" lon="5.14168">
    <ele>28.400000000000002</ele>
   </trkpt>
   <trkpt lat="50.99926000000001" lon="5.141360000000001">
    <ele>29.48</ele>
   </trkpt>
   <trkpt lat="50.999480000000005" lon="5.14113">
    <ele>29.980000000000004</ele>
   </trkpt>
   <trkpt lat="50.99985000082838" lon="5.140655003960692">
    <ele>30.67</ele>
   </trkpt>
   <trkpt lat="51.000220000000006" lon="5.140180000000001">
    <ele>30.250000000000004</ele>
   </trkpt>
   <trkpt lat="51.000820000000004" lon="5.13947">
    <ele>29.900000000000002</ele>
   </trkpt>
   <trkpt lat="51.00128" lon="5.138870000000001">
    <ele>29.720000000000002</ele>
   </trkpt>
   <trkpt lat="51.00157" lon="5.13855">
    <ele>29.61</ele>
   </trkpt>
   <trkpt lat="51.001740000000005" lon="5.1383">
    <ele>29.540000000000003</ele>
   </trkpt>
   <trkpt lat="51.002320004459825" lon="5.137580017959303">
    <ele>29.43</ele>
   </trkpt>
   <trkpt lat="51.00290000449481" lon="5.136860017916186">
    <ele>29.040000000000003</ele>
   </trkpt>
   <trkpt lat="51.00348" lon="5.13614">
    <ele>28.82</ele>
   </trkpt>
   <trkpt lat="51.003510000000006" lon="5.136080000000001">
    <ele>28.82</ele>
   </trkpt>
   <trkpt lat="51.00399500150855" lon="5.135490006140411">
    <ele>28.740000000000002</ele>
   </trkpt>
   <trkpt lat="51.00448" lon="5.1349">
    <ele>28.73</ele>
   </trkpt>
   <trkpt lat="51.00515000305656" lon="5.134045012429706">
    <ele>29.490000000000002</ele>
   </trkpt>
   <trkpt lat="51.00582000000001" lon="5.133190000000001">
    <ele>30.88</ele>
   </trkpt>
   <trkpt lat="51.00578" lon="5.13316">
    <ele>30.910000000000004</ele>
   </trkpt>
   <trkpt lat="51.006340002147596" lon="5.132450008576231">
    <ele>32.220000000000006</ele>
   </trkpt>
   <trkpt lat="51.0069" lon="5.131740000000001">
    <ele>34.010000000000005</ele>
   </trkpt>
   <trkpt lat="51.00760001640065" lon="5.130863399482266">
    <ele>36.50000000000001</ele>
   </trkpt>
   <trkpt lat="51.00830002624222" lon="5.129986772505717">
    <ele>40.07</ele>
   </trkpt>
   <trkpt lat="51.009000029524316" lon="5.129110119069138">
    <ele>44.79</ele>
   </trkpt>
   <trkpt lat="51.0097000262466" lon="5.1282334391713205">
    <ele>44.230000000000004</ele>
   </trkpt>
   <trkpt lat="51.01040001640872" lon="5.127356732811053">
    <ele>40.81</ele>
   </trkpt>
   <trkpt lat="51.011100000000006" lon="5.126480000000001">
    <ele>37.2</ele>
   </trkpt>
   <trkpt lat="51.011660002009286" lon="5.125790008359298">
    <ele>34.77</ele>
   </trkpt>
   <trkpt lat="51.012220000000006" lon="5.125100000000001">
    <ele>33.6</ele>
   </trkpt>
   <trkpt lat="51.012350000000005" lon="5.1249400000000005">
    <ele>33.410000000000004</ele>
   </trkpt>
   <trkpt lat="51.01247000000001" lon="5.124860000000001">
    <ele>33.410000000000004</ele>
   </trkpt>
   <trkpt lat="51.01268" lon="5.12466">
    <ele>33.85</ele>
   </trkpt>
   <trkpt lat="51.01279" lon="5.12459">
    <ele>33.6</ele>
   </trkpt>
   <trkpt lat="51.01285000000001" lon="5.124630000000001">
    <ele>33.6</ele>
   </trkpt>
   <trkpt lat="51.01292" lon="5.12464">
    <ele>33.510000000000005</ele>
   </trkpt>
   <trkpt lat="51.01303000000001" lon="5.1245400000000005">
    <ele>33.32</ele>
   </trkpt>
   <trkpt lat="51.01306" lon="5.1244000000000005">
    <ele>32.980000000000004</ele>
   </trkpt>
   <trkpt lat="51.01305000000001" lon="5.12429">
    <ele>32.980000000000004</ele>
   </trkpt>
   <trkpt lat="51.013110000000005" lon="5.12413">
    <ele>32.900000000000006</ele>
   </trkpt>
   <trkpt lat="51.01359" lon="5.12337">
    <ele>31.94</ele>
   </trkpt>
   <trkpt lat="51.01417400910246" lon="5.12264003676538">
    <ele>31.650000000000002</ele>
   </trkpt>
   <trkpt lat="51.01475801365696" lon="5.121910055144972">
    <ele>31.69</ele>
   </trkpt>
   <trkpt lat="51.01534201366323" lon="5.121180055138074">
    <ele>31.93</ele>
   </trkpt>
   <trkpt lat="51.01592600912112" lon="5.120450036743984">
    <ele>31.900000000000006</ele>
   </trkpt>
   <trkpt lat="51.016510000000004" lon="5.11972">
    <ele>32.53</ele>
   </trkpt>
   <trkpt lat="51.016560000000005" lon="5.11972">
    <ele>32.760000000000005</ele>
   </trkpt>
   <trkpt lat="51.01673" lon="5.1196">
    <ele>33.06</ele>
   </trkpt>
   <trkpt lat="51.017430003307375" lon="5.1187250131592785">
    <ele>36.39000000000001</ele>
   </trkpt>
   <trkpt lat="51.018130000000006" lon="5.117850000000001">
    <ele>38.650000000000006</ele>
   </trkpt>
   <trkpt lat="51.01823" lon="5.11765">
    <ele>38.830000000000005</ele>
   </trkpt>
   <trkpt lat="51.018910000000005" lon="5.11678">
    <ele>37.790000000000006</ele>
   </trkpt>
   <trkpt lat="51.01948" lon="5.11606">
    <ele>35.14</ele>
   </trkpt>
   <trkpt lat="51.01957" lon="5.11599">
    <ele>35.14</ele>
   </trkpt>
   <trkpt lat="51.019800000000004" lon="5.11571">
    <ele>34.5</ele>
   </trkpt>
   <trkpt lat="51.020030000000006" lon="5.115430000000001">
    <ele>33.42</ele>
   </trkpt>
   <trkpt lat="51.02011" lon="5.115290000000001">
    <ele>32.85</ele>
   </trkpt>
   <trkpt lat="51.02065333726953" lon="5.114610015950787">
    <ele>29.550000000000004</ele>
   </trkpt>
   <trkpt lat="51.02119667059274" lon="5.113930015963714">
    <ele>27.000000000000004</ele>
   </trkpt>
   <trkpt lat="51.02174" lon="5.113250000000001">
    <ele>25.41</ele>
   </trkpt>
   <trkpt lat="51.0219" lon="5.113110000000001">
    <ele>24.82</ele>
   </trkpt>
   <trkpt lat="51.022000000000006" lon="5.11305">
    <ele>24.82</ele>
   </trkpt>
   <trkpt lat="51.022400000000005" lon="5.112550000000001">
    <ele>24.55</ele>
   </trkpt>
   <trkpt lat="51.022490000000005" lon="5.11244">
    <ele>23.950000000000003</ele>
   </trkpt>
   <trkpt lat="51.022560000000006" lon="5.112290000000001">
    <ele>23.950000000000003</ele>
   </trkpt>
   <trkpt lat="51.02326000000001" lon="5.111400000000001">
    <ele>23.200000000000003</ele>
   </trkpt>
   <trkpt lat="51.023360000000004" lon="5.1112400000000004">
    <ele>23.1</ele>
   </trkpt>
   <trkpt lat="51.023988346414654" lon="5.110456719767088">
    <ele>23.14</ele>
   </trkpt>
   <trkpt lat="51.02461668759305" lon="5.109673418300248">
    <ele>23.1</ele>
   </trkpt>
   <trkpt lat="51.025245023534936" lon="5.108890095598602">
    <ele>23.22</ele>
   </trkpt>
   <trkpt lat="51.02587335424007" lon="5.108106751661279">
    <ele>23.06</ele>
   </trkpt>
   <trkpt lat="51.026501679708154" lon="5.107323386487402">
    <ele>22.88</ele>
   </trkpt>
   <trkpt lat="51.02713000000001" lon="5.106540000000001">
    <ele>23.000000000000004</ele>
   </trkpt>
   <trkpt lat="51.02782401297491" lon="5.105668052229351">
    <ele>23.01</ele>
   </trkpt>
   <trkpt lat="51.02851801946114" lon="5.104796078347192">
    <ele>22.840000000000003</ele>
   </trkpt>
   <trkpt lat="51.02921201945834" lon="5.103924078352342">
    <ele>22.73</ele>
   </trkpt>
   <trkpt lat="51.02990601296616" lon="5.103052052243612">
    <ele>22.9</ele>
   </trkpt>
   <trkpt lat="51.03060000000001" lon="5.102180000000001">
    <ele>23.000000000000004</ele>
   </trkpt>
   <trkpt lat="51.03107000000001" lon="5.1016">
    <ele>23.19</ele>
   </trkpt>
   <trkpt lat="51.03119" lon="5.10149">
    <ele>23.200000000000003</ele>
   </trkpt>
   <trkpt lat="51.03141" lon="5.1012200000000005">
    <ele>23.28</ele>
   </trkpt>
   <trkpt lat="51.031560000000006" lon="5.1010100000000005">
    <ele>23.57</ele>
   </trkpt>
   <trkpt lat="51.031560000000006" lon="5.10088">
    <ele>23.57</ele>
   </trkpt>
   <trkpt lat="51.032180000000004" lon="5.100090000000001">
    <ele>25.740000000000002</ele>
   </trkpt>
   <trkpt lat="51.03238" lon="5.0998600000000005">
    <ele>26.230000000000004</ele>
   </trkpt>
   <trkpt lat="51.03248000000001" lon="5.09978">
    <ele>27.46</ele>
   </trkpt>
   <trkpt lat="51.03314250215086" lon="5.099372517461167">
    <ele>30.160000000000004</ele>
   </trkpt>
   <trkpt lat="51.03380500288471" lon="5.098965023271585">
    <ele>34.21</ele>
   </trkpt>
   <trkpt lat="51.03446750220147" lon="5.098557517430668">
    <ele>37.61000000000001</ele>
   </trkpt>
   <trkpt lat="51.03513" lon="5.09815">
    <ele>39.260000000000005</ele>
   </trkpt>
   <trkpt lat="51.03595000000001" lon="5.09764">
    <ele>39.27</ele>
   </trkpt>
   <trkpt lat="51.03604000000001" lon="5.097600000000001">
    <ele>39.089999999999996</ele>
   </trkpt>
   <trkpt lat="51.036150000000006" lon="5.097580000000001">
    <ele>38.89</ele>
   </trkpt>
   <trkpt lat="51.036280000000005" lon="5.097580000000001">
    <ele>38.89</ele>
   </trkpt>
   <trkpt lat="51.03678000001236" lon="5.097614999622826">
    <ele>37.24</ele>
   </trkpt>
   <trkpt lat="51.03728" lon="5.097650000000001">
    <ele>35.64000000000001</ele>
   </trkpt>
   <trkpt lat="51.03748" lon="5.097650000000001">
    <ele>34.72</ele>
   </trkpt>
   <trkpt lat="51.0377" lon="5.097580000000001">
    <ele>34.510000000000005</ele>
   </trkpt>
   <trkpt lat="51.03786" lon="5.09745">
    <ele>34.15</ele>
   </trkpt>
   <trkpt lat="51.03804" lon="5.09734">
    <ele>34.260000000000005</ele>
   </trkpt>
   <trkpt lat="51.03819000000001" lon="5.09712">
    <ele>33.480000000000004</ele>
   </trkpt>
   <trkpt lat="51.03829" lon="5.09703">
    <ele>33.28</ele>
   </trkpt>
   <trkpt lat="51.03876000033517" lon="5.096810002171443">
    <ele>30.810000000000002</ele>
   </trkpt>
   <trkpt lat="51.03923" lon="5.096590000000001">
    <ele>29.960000000000004</ele>
   </trkpt>
   <trkpt lat="51.03934" lon="5.096500000000001">
    <ele>29.53</ele>
   </trkpt>
   <trkpt lat="51.03996666991024" lon="5.095880016808347">
    <ele>27.180000000000003</ele>
   </trkpt>
   <trkpt lat="51.04059333654033" lon="5.095260016844835">
    <ele>26.230000000000004</ele>
   </trkpt>
   <trkpt lat="51.04122" lon="5.09464">
    <ele>25.640000000000004</ele>
   </trkpt>
   <trkpt lat="51.04144" lon="5.09449">
    <ele>25.400000000000002</ele>
   </trkpt>
   <trkpt lat="51.041650000000004" lon="5.0944400000000005">
    <ele>25.400000000000002</ele>
   </trkpt>
   <trkpt lat="51.04211" lon="5.09447">
    <ele>25.150000000000002</ele>
   </trkpt>
   <trkpt lat="51.04231000000001" lon="5.09443">
    <ele>25.150000000000002</ele>
   </trkpt>
   <trkpt lat="51.043073334349884" lon="5.094096677621797">
    <ele>24.240000000000002</ele>
   </trkpt>
   <trkpt lat="51.04383666775166" lon="5.093763344258798">
    <ele>23.970000000000002</ele>
   </trkpt>
   <trkpt lat="51.0446" lon="5.093430000000001">
    <ele>24.900000000000002</ele>
   </trkpt>
   <trkpt lat="51.045230000000004" lon="5.093050000000001">
    <ele>25.210000000000004</ele>
   </trkpt>
   <trkpt lat="51.045685000251844" lon="5.0927500030339194">
    <ele>25.43</ele>
   </trkpt>
   <trkpt lat="51.04614" lon="5.09245">
    <ele>25.78</ele>
   </trkpt>
   <trkpt lat="51.046755001186824" lon="5.091910007220018">
    <ele>26.150000000000002</ele>
   </trkpt>
   <trkpt lat="51.04737" lon="5.09137">
    <ele>26.410000000000004</ele>
   </trkpt>
   <trkpt lat="51.04762" lon="5.091150000000001">
    <ele>26.46</ele>
   </trkpt>
   <trkpt lat="51.048326671839135" lon="5.090370023822026">
    <ele>26.47</ele>
   </trkpt>
   <trkpt lat="51.04903333848701" lon="5.089590023843258">
    <ele>26.930000000000003</ele>
   </trkpt>
   <trkpt lat="51.04974000000001" lon="5.0888100000000005">
    <ele>27.67</ele>
   </trkpt>
   <trkpt lat="51.05022000133825" lon="5.088270005490622">
    <ele>27.990000000000002</ele>
   </trkpt>
   <trkpt lat="51.050700000000006" lon="5.0877300000000005">
    <ele>28.610000000000003</ele>
   </trkpt>
   <trkpt lat="51.050760000000004" lon="5.08774">
    <ele>28.610000000000003</ele>
   </trkpt>
   <trkpt lat="51.05096" lon="5.08748">
    <ele>28.770000000000003</ele>
   </trkpt>
   <trkpt lat="51.05133000000001" lon="5.08753">
    <ele>29.05</ele>
   </trkpt>
   <trkpt lat="51.0514" lon="5.08757">
    <ele>29.05</ele>
   </trkpt>
   <trkpt lat="51.051460000000006" lon="5.08764">
    <ele>29.26</ele>
   </trkpt>
   <trkpt lat="51.05160000000001" lon="5.08795">
    <ele>29.220000000000002</ele>
   </trkpt>
   <trkpt lat="51.05167" lon="5.087980000000001">
    <ele>29.220000000000002</ele>
   </trkpt>
   <trkpt lat="51.051730000000006" lon="5.08795">
    <ele>29.310000000000002</ele>
   </trkpt>
   <trkpt lat="51.051790000000004" lon="5.087890000000001">
    <ele>29.310000000000002</ele>
   </trkpt>
   <trkpt lat="51.051860000000005" lon="5.08767">
    <ele>29.470000000000002</ele>
   </trkpt>
   <trkpt lat="51.051930000000006" lon="5.087610000000001">
    <ele>29.86</ele>
   </trkpt>
   <trkpt lat="51.052020000000006" lon="5.087630000000001">
    <ele>30.28</ele>
   </trkpt>
   <trkpt lat="51.05207000000001" lon="5.08758">
    <ele>30.28</ele>
   </trkpt>
   <trkpt lat="51.05282500063119" lon="5.0877999892432015">
    <ele>31.86</ele>
   </trkpt>
   <trkpt lat="51.05358000084943" lon="5.0880199856596">
    <ele>33.6</ele>
   </trkpt>
   <trkpt lat="51.05433500065468" lon="5.088239989249618">
    <ele>35.11</ele>
   </trkpt>
   <trkpt lat="51.05509000000001" lon="5.08846">
    <ele>36.54</ele>
   </trkpt>
   <trkpt lat="51.05538000000001" lon="5.08851">
    <ele>36.94</ele>
   </trkpt>
   <trkpt lat="51.05587000009877" lon="5.088659998413542">
    <ele>37.34</ele>
   </trkpt>
   <trkpt lat="51.056360000000005" lon="5.0888100000000005">
    <ele>37.410000000000004</ele>
   </trkpt>
   <trkpt lat="51.05673" lon="5.088900000000001">
    <ele>37.49</ele>
   </trkpt>
   <trkpt lat="51.05702" lon="5.0889500000000005">
    <ele>37.49</ele>
   </trkpt>
   <trkpt lat="51.05724000000001" lon="5.0889500000000005">
    <ele>37.49</ele>
   </trkpt>
   <trkpt lat="51.057570000000005" lon="5.088990000000001">
    <ele>37.49</ele>
   </trkpt>
   <trkpt lat="51.05807" lon="5.08907">
    <ele>37.78</ele>
   </trkpt>
   <trkpt lat="51.05883000000001" lon="5.089090000000001">
    <ele>38.17</ele>
   </trkpt>
   <trkpt lat="51.059070000000006" lon="5.089130000000001">
    <ele>38.45</ele>
   </trkpt>
   <trkpt lat="51.05984" lon="5.089110000000001">
    <ele>38.39</ele>
   </trkpt>
   <trkpt lat="51.060050000000004" lon="5.08905">
    <ele>38.17</ele>
   </trkpt>
   <trkpt lat="51.060749999996005" lon="5.089003334746031">
    <ele>37.22</ele>
   </trkpt>
   <trkpt lat="51.06144999997343" lon="5.088956668080896">
    <ele>35.07</ele>
   </trkpt>
   <trkpt lat="51.06215" lon="5.08891">
    <ele>32.93</ele>
   </trkpt>
   <trkpt lat="51.06269" lon="5.08886">
    <ele>30.980000000000004</ele>
   </trkpt>
   <trkpt lat="51.063250000000004" lon="5.088760000000001">
    <ele>29.740000000000002</ele>
   </trkpt>
   <trkpt lat="51.063765000109" lon="5.088630001436947">
    <ele>28.35</ele>
   </trkpt>
   <trkpt lat="51.064280000000004" lon="5.088500000000001">
    <ele>27.87</ele>
   </trkpt>
   <trkpt lat="51.06459" lon="5.0884">
    <ele>27.28</ele>
   </trkpt>
   <trkpt lat="51.064620000000005" lon="5.088480000000001">
    <ele>27.28</ele>
   </trkpt>
   <trkpt lat="51.06466" lon="5.08851">
    <ele>27.28</ele>
   </trkpt>
   <trkpt lat="51.0647" lon="5.08851">
    <ele>27.28</ele>
   </trkpt>
   <trkpt lat="51.06476000000001" lon="5.088450000000001">
    <ele>27.14</ele>
   </trkpt>
   <trkpt lat="51.06477" lon="5.0884">
    <ele>27.14</ele>
   </trkpt>
   <trkpt lat="51.064910000000005" lon="5.088310000000001">
    <ele>26.63</ele>
   </trkpt>
   <trkpt lat="51.065560000000005" lon="5.08811">
    <ele>25.96</ele>
   </trkpt>
   <trkpt lat="51.06616" lon="5.087870000000001">
    <ele>25.890000000000004</ele>
   </trkpt>
  </trkseg>
 </trk>
</gpx>
