<?xml version="1.0" encoding="UTF-8"?>
<gpx creator="StravaGPX" version="1.1" xmlns="http://www.topografix.com/GPX/1/1" xmlns:xsi="http://www.w3.org/2001/XMLSchema-instance" xsi:schemaLocation="http://www.topografix.com/GPX/1/1 http://www.topografix.com/GPX/1/1/gpx.xsd">
 <metadata>
  <name>Twan - Neerpelt</name>
  <author>
   <name>Joeri Scapicchio</name>
   <link href="https://www.strava.com/athletes/2447439"/>
  </author>
  <copyright author="OpenStreetMap contributors">
   <year>2020</year>
   <license>https://www.openstreetmap.org/copyright</license>
  </copyright>
  <link href="https://www.strava.com/routes/2829254717279170712"/>
 </metadata>
 <trk>
  <name>Twan - Neerpelt</name>
  <link href="https://www.strava.com/routes/2829254717279170712"/>
  <type>cycling</type>
  <trkseg>
   <trkpt lat="51.06985" lon="5.09259">
    <ele>22.94</ele>
   </trkpt>
   <trkpt lat="51.07009000000001" lon="5.093430000000001">
    <ele>22.820000000000004</ele>
   </trkpt>
   <trkpt lat="51.070190000000004" lon="5.0938300000000005">
    <ele>22.8</ele>
   </trkpt>
   <trkpt lat="51.070220000000006" lon="5.09417">
    <ele>22.67</ele>
   </trkpt>
   <trkpt lat="51.070150000000005" lon="5.09499">
    <ele>22.830000000000002</ele>
   </trkpt>
   <trkpt lat="51.07009000000001" lon="5.09534">
    <ele>22.840000000000003</ele>
   </trkpt>
   <trkpt lat="51.07005" lon="5.09546">
    <ele>22.92</ele>
   </trkpt>
   <trkpt lat="51.069990000000004" lon="5.09555">
    <ele>22.92</ele>
   </trkpt>
   <trkpt lat="51.069990000000004" lon="5.095630000000001">
    <ele>23.000000000000004</ele>
   </trkpt>
   <trkpt lat="51.07002000000001" lon="5.0957300000000005">
    <ele>23.03</ele>
   </trkpt>
   <trkpt lat="51.069990000000004" lon="5.096050000000001">
    <ele>23.090000000000003</ele>
   </trkpt>
   <trkpt lat="51.069990000000004" lon="5.09626">
    <ele>23.05</ele>
   </trkpt>
   <trkpt lat="51.06989" lon="5.0970200000000006">
    <ele>23.090000000000003</ele>
   </trkpt>
   <trkpt lat="51.06978" lon="5.0978">
    <ele>23.24</ele>
   </trkpt>
   <trkpt lat="51.069570000000006" lon="5.09898">
    <ele>23.46</ele>
   </trkpt>
   <trkpt lat="51.06941000314903" lon="5.099840003004911">
    <ele>23.48</ele>
   </trkpt>
   <trkpt lat="51.069250000000004" lon="5.100700000000001">
    <ele>23.880000000000003</ele>
   </trkpt>
   <trkpt lat="51.0692" lon="5.101380000000001">
    <ele>24.040000000000003</ele>
   </trkpt>
   <trkpt lat="51.069225004978954" lon="5.1024599995615985">
    <ele>24.130000000000003</ele>
   </trkpt>
   <trkpt lat="51.069250000000004" lon="5.103540000000001">
    <ele>23.8</ele>
   </trkpt>
   <trkpt lat="51.06931" lon="5.1044">
    <ele>24.12</ele>
   </trkpt>
   <trkpt lat="51.06927" lon="5.104570000000001">
    <ele>24.19</ele>
   </trkpt>
   <trkpt lat="51.069660000000006" lon="5.104850000000001">
    <ele>24.0</ele>
   </trkpt>
   <trkpt lat="51.06947" lon="5.10615">
    <ele>23.360000000000003</ele>
   </trkpt>
   <trkpt lat="51.069430000000004" lon="5.10717">
    <ele>23.53</ele>
   </trkpt>
   <trkpt lat="51.06934500255878" lon="5.107945001454029">
    <ele>23.82</ele>
   </trkpt>
   <trkpt lat="51.06926000000001" lon="5.108720000000001">
    <ele>24.080000000000002</ele>
   </trkpt>
   <trkpt lat="51.06917500521588" lon="5.109825001935154">
    <ele>24.43</ele>
   </trkpt>
   <trkpt lat="51.06909" lon="5.110930000000001">
    <ele>24.720000000000002</ele>
   </trkpt>
   <trkpt lat="51.06917000000001" lon="5.11181">
    <ele>23.96</ele>
   </trkpt>
   <trkpt lat="51.0692650021288" lon="5.112509998847507">
    <ele>23.48</ele>
   </trkpt>
   <trkpt lat="51.06936" lon="5.1132100000000005">
    <ele>23.67</ele>
   </trkpt>
   <trkpt lat="51.06935000000001" lon="5.1134">
    <ele>23.67</ele>
   </trkpt>
   <trkpt lat="51.069280000000006" lon="5.1134900000000005">
    <ele>23.67</ele>
   </trkpt>
   <trkpt lat="51.06853" lon="5.11385">
    <ele>25.41</ele>
   </trkpt>
   <trkpt lat="51.06879500613809" lon="5.115049993108354">
    <ele>24.93</ele>
   </trkpt>
   <trkpt lat="51.06906000000001" lon="5.116250000000001">
    <ele>24.540000000000003</ele>
   </trkpt>
   <trkpt lat="51.06923667492655" lon="5.117233325884025">
    <ele>24.16</ele>
   </trkpt>
   <trkpt lat="51.06941334160363" lon="5.118216659275204">
    <ele>24.1</ele>
   </trkpt>
   <trkpt lat="51.069590000000005" lon="5.1192">
    <ele>24.09</ele>
   </trkpt>
   <trkpt lat="51.0696" lon="5.11946">
    <ele>24.060000000000002</ele>
   </trkpt>
   <trkpt lat="51.069660000000006" lon="5.119800000000001">
    <ele>24.060000000000002</ele>
   </trkpt>
   <trkpt lat="51.06973000000001" lon="5.12">
    <ele>24.080000000000002</ele>
   </trkpt>
   <trkpt lat="51.0698" lon="5.12044">
    <ele>24.1</ele>
   </trkpt>
   <trkpt lat="51.06983" lon="5.12079">
    <ele>24.3</ele>
   </trkpt>
   <trkpt lat="51.0698" lon="5.121510000000001">
    <ele>24.520000000000003</ele>
   </trkpt>
   <trkpt lat="51.06974" lon="5.12206">
    <ele>24.51</ele>
   </trkpt>
   <trkpt lat="51.069680000000005" lon="5.122260000000001">
    <ele>24.59</ele>
   </trkpt>
   <trkpt lat="51.069190000000006" lon="5.123010000000001">
    <ele>24.94</ele>
   </trkpt>
   <trkpt lat="51.069050000000004" lon="5.1234">
    <ele>25.14</ele>
   </trkpt>
   <trkpt lat="51.06902" lon="5.1237200000000005">
    <ele>25.14</ele>
   </trkpt>
   <trkpt lat="51.069025002833236" lon="5.1245349998792475">
    <ele>25.36</ele>
   </trkpt>
   <trkpt lat="51.069030000000005" lon="5.12535">
    <ele>25.910000000000004</ele>
   </trkpt>
   <trkpt lat="51.06884" lon="5.125360000000001">
    <ele>25.830000000000002</ele>
   </trkpt>
   <trkpt lat="51.068430000000006" lon="5.125520000000001">
    <ele>25.030000000000005</ele>
   </trkpt>
   <trkpt lat="51.06835" lon="5.12553">
    <ele>25.030000000000005</ele>
   </trkpt>
   <trkpt lat="51.067530000000005" lon="5.12551">
    <ele>25.02</ele>
   </trkpt>
   <trkpt lat="51.06748" lon="5.12549">
    <ele>25.02</ele>
   </trkpt>
   <trkpt lat="51.067400000000006" lon="5.12542">
    <ele>25.27</ele>
   </trkpt>
   <trkpt lat="51.06732" lon="5.125400000000001">
    <ele>25.27</ele>
   </trkpt>
   <trkpt lat="51.06723" lon="5.12551">
    <ele>25.25</ele>
   </trkpt>
   <trkpt lat="51.06705" lon="5.12565">
    <ele>25.220000000000002</ele>
   </trkpt>
   <trkpt lat="51.066990000000004" lon="5.12574">
    <ele>25.220000000000002</ele>
   </trkpt>
   <trkpt lat="51.066930000000006" lon="5.12598">
    <ele>24.85</ele>
   </trkpt>
   <trkpt lat="51.06692" lon="5.1261">
    <ele>24.85</ele>
   </trkpt>
   <trkpt lat="51.066930000000006" lon="5.12624">
    <ele>24.85</ele>
   </trkpt>
   <trkpt lat="51.06713500393546" lon="5.127204995551921">
    <ele>24.71</ele>
   </trkpt>
   <trkpt lat="51.06734" lon="5.128170000000001">
    <ele>24.89</ele>
   </trkpt>
   <trkpt lat="51.06671500316475" lon="5.128665020028515">
    <ele>23.71</ele>
   </trkpt>
   <trkpt lat="51.0660900042389" lon="5.129160026688985">
    <ele>23.48</ele>
   </trkpt>
   <trkpt lat="51.065465003222585" lon="5.129655019982027">
    <ele>23.680000000000003</ele>
   </trkpt>
   <trkpt lat="51.064840000000004" lon="5.13015">
    <ele>24.360000000000003</ele>
   </trkpt>
   <trkpt lat="51.06521500379203" lon="5.131094992300182">
    <ele>23.46</ele>
   </trkpt>
   <trkpt lat="51.06559000000001" lon="5.132040000000001">
    <ele>24.040000000000003</ele>
   </trkpt>
   <trkpt lat="51.06571" lon="5.132490000000001">
    <ele>24.66</ele>
   </trkpt>
   <trkpt lat="51.06524" lon="5.132770000000001">
    <ele>24.05</ele>
   </trkpt>
   <trkpt lat="51.06504" lon="5.132910000000001">
    <ele>23.91</ele>
   </trkpt>
   <trkpt lat="51.06436000124976" lon="5.13345000792786">
    <ele>23.950000000000003</ele>
   </trkpt>
   <trkpt lat="51.063680000000005" lon="5.133990000000001">
    <ele>24.53</ele>
   </trkpt>
   <trkpt lat="51.06364000000001" lon="5.134040000000001">
    <ele>24.520000000000003</ele>
   </trkpt>
   <trkpt lat="51.063610000000004" lon="5.13412">
    <ele>24.520000000000003</ele>
   </trkpt>
   <trkpt lat="51.063610000000004" lon="5.1342300000000005">
    <ele>24.520000000000003</ele>
   </trkpt>
   <trkpt lat="51.06367" lon="5.13476">
    <ele>24.43</ele>
   </trkpt>
   <trkpt lat="51.06365" lon="5.1348400000000005">
    <ele>24.180000000000003</ele>
   </trkpt>
   <trkpt lat="51.063610000000004" lon="5.134880000000001">
    <ele>24.180000000000003</ele>
   </trkpt>
   <trkpt lat="51.0628" lon="5.13527">
    <ele>23.41</ele>
   </trkpt>
   <trkpt lat="51.06273" lon="5.13532">
    <ele>23.41</ele>
   </trkpt>
   <trkpt lat="51.06201" lon="5.136">
    <ele>24.540000000000003</ele>
   </trkpt>
   <trkpt lat="51.06192" lon="5.13605">
    <ele>24.540000000000003</ele>
   </trkpt>
   <trkpt lat="51.06206667889249" lon="5.137246659148968">
    <ele>24.470000000000002</ele>
   </trkpt>
   <trkpt lat="51.062213345567145" lon="5.138443325880597">
    <ele>24.68</ele>
   </trkpt>
   <trkpt lat="51.062360000000005" lon="5.13964">
    <ele>25.240000000000002</ele>
   </trkpt>
   <trkpt lat="51.062270000000005" lon="5.1397">
    <ele>24.73</ele>
   </trkpt>
   <trkpt lat="51.06154000230428" lon="5.140430011479962">
    <ele>24.16</ele>
   </trkpt>
   <trkpt lat="51.060810000000004" lon="5.14116">
    <ele>24.93</ele>
   </trkpt>
   <trkpt lat="51.06083" lon="5.1414100000000005">
    <ele>24.950000000000003</ele>
   </trkpt>
   <trkpt lat="51.06080000000001" lon="5.14142">
    <ele>24.950000000000003</ele>
   </trkpt>
   <trkpt lat="51.06080000000001" lon="5.14189">
    <ele>24.91</ele>
   </trkpt>
   <trkpt lat="51.06091000000001" lon="5.142790000000001">
    <ele>24.92</ele>
   </trkpt>
   <trkpt lat="51.06092" lon="5.14332">
    <ele>24.880000000000003</ele>
   </trkpt>
   <trkpt lat="51.060880000000004" lon="5.143400000000001">
    <ele>24.830000000000002</ele>
   </trkpt>
   <trkpt lat="51.060860000000005" lon="5.1435">
    <ele>24.830000000000002</ele>
   </trkpt>
   <trkpt lat="51.0606" lon="5.143770000000001">
    <ele>24.720000000000002</ele>
   </trkpt>
   <trkpt lat="51.059920000000005" lon="5.14412">
    <ele>24.310000000000002</ele>
   </trkpt>
   <trkpt lat="51.05955" lon="5.14423">
    <ele>24.17</ele>
   </trkpt>
   <trkpt lat="51.05887500020594" lon="5.144350005244522">
    <ele>24.07</ele>
   </trkpt>
   <trkpt lat="51.058200000289006" lon="5.144470006990008">
    <ele>24.05</ele>
   </trkpt>
   <trkpt lat="51.05752500024921" lon="5.144590005236644">
    <ele>23.94</ele>
   </trkpt>
   <trkpt lat="51.056850000000004" lon="5.144710000000001">
    <ele>23.57</ele>
   </trkpt>
   <trkpt lat="51.05599" lon="5.14489">
    <ele>23.35</ele>
   </trkpt>
   <trkpt lat="51.055980000000005" lon="5.14489">
    <ele>23.35</ele>
   </trkpt>
   <trkpt lat="51.05530000014134" lon="5.14504000219275">
    <ele>23.450000000000003</ele>
   </trkpt>
   <trkpt lat="51.05462000000001" lon="5.14519">
    <ele>23.73</ele>
   </trkpt>
   <trkpt lat="51.054230000000004" lon="5.14531">
    <ele>23.94</ele>
   </trkpt>
   <trkpt lat="51.05373" lon="5.1455400000000004">
    <ele>23.930000000000003</ele>
   </trkpt>
   <trkpt lat="51.053470000000004" lon="5.145700000000001">
    <ele>23.87</ele>
   </trkpt>
   <trkpt lat="51.053090000000005" lon="5.145980000000001">
    <ele>23.900000000000002</ele>
   </trkpt>
   <trkpt lat="51.0523150019455" lon="5.146645011078179">
    <ele>24.01</ele>
   </trkpt>
   <trkpt lat="51.05154" lon="5.14731">
    <ele>24.25</ele>
   </trkpt>
   <trkpt lat="51.051100000000005" lon="5.147740000000001">
    <ele>24.34</ele>
   </trkpt>
   <trkpt lat="51.05073" lon="5.148210000000001">
    <ele>24.490000000000002</ele>
   </trkpt>
   <trkpt lat="51.0504" lon="5.148700000000001">
    <ele>24.650000000000002</ele>
   </trkpt>
   <trkpt lat="51.05006" lon="5.1493400000000005">
    <ele>24.09</ele>
   </trkpt>
   <trkpt lat="51.04965000000001" lon="5.15029">
    <ele>24.76</ele>
   </trkpt>
   <trkpt lat="51.04974000000001" lon="5.150390000000001">
    <ele>24.76</ele>
   </trkpt>
   <trkpt lat="51.04983000000001" lon="5.1507000000000005">
    <ele>24.220000000000002</ele>
   </trkpt>
   <trkpt lat="51.05003000000001" lon="5.15169">
    <ele>23.810000000000002</ele>
   </trkpt>
   <trkpt lat="51.05004" lon="5.1517100000000005">
    <ele>23.810000000000002</ele>
   </trkpt>
   <trkpt lat="51.050290000000004" lon="5.153020000000001">
    <ele>23.990000000000002</ele>
   </trkpt>
   <trkpt lat="51.05039000000001" lon="5.15334">
    <ele>23.990000000000002</ele>
   </trkpt>
   <trkpt lat="51.050700000000006" lon="5.154170000000001">
    <ele>24.42</ele>
   </trkpt>
   <trkpt lat="51.05077000000001" lon="5.154400000000001">
    <ele>24.490000000000002</ele>
   </trkpt>
   <trkpt lat="51.05082" lon="5.1547">
    <ele>24.490000000000002</ele>
   </trkpt>
   <trkpt lat="51.050900000000006" lon="5.1561200000000005">
    <ele>24.970000000000002</ele>
   </trkpt>
   <trkpt lat="51.051080000000006" lon="5.1569">
    <ele>25.130000000000003</ele>
   </trkpt>
   <trkpt lat="51.051190000000005" lon="5.15723">
    <ele>25.23</ele>
   </trkpt>
   <trkpt lat="51.05163" lon="5.1582300000000005">
    <ele>25.200000000000003</ele>
   </trkpt>
   <trkpt lat="51.05169" lon="5.158390000000001">
    <ele>25.330000000000002</ele>
   </trkpt>
   <trkpt lat="51.051750000000006" lon="5.158650000000001">
    <ele>25.330000000000002</ele>
   </trkpt>
   <trkpt lat="51.05180000000001" lon="5.159890000000001">
    <ele>25.32</ele>
   </trkpt>
   <trkpt lat="51.051790000000004" lon="5.1601300000000005">
    <ele>25.32</ele>
   </trkpt>
   <trkpt lat="51.051700000000004" lon="5.161040000000001">
    <ele>25.720000000000002</ele>
   </trkpt>
   <trkpt lat="51.05162000000001" lon="5.161250000000001">
    <ele>25.720000000000002</ele>
   </trkpt>
   <trkpt lat="51.05156" lon="5.16131">
    <ele>25.79</ele>
   </trkpt>
   <trkpt lat="51.05149" lon="5.16136">
    <ele>25.79</ele>
   </trkpt>
   <trkpt lat="51.05122" lon="5.161420000000001">
    <ele>25.79</ele>
   </trkpt>
   <trkpt lat="51.051120000000004" lon="5.161460000000001">
    <ele>25.970000000000002</ele>
   </trkpt>
   <trkpt lat="51.051050000000004" lon="5.16155">
    <ele>25.970000000000002</ele>
   </trkpt>
   <trkpt lat="51.051" lon="5.16166">
    <ele>25.970000000000002</ele>
   </trkpt>
   <trkpt lat="51.050830000000005" lon="5.16291">
    <ele>26.09</ele>
   </trkpt>
   <trkpt lat="51.05082" lon="5.162940000000001">
    <ele>26.09</ele>
   </trkpt>
   <trkpt lat="51.050650000000005" lon="5.164160000000001">
    <ele>26.53</ele>
   </trkpt>
   <trkpt lat="51.05062" lon="5.16425">
    <ele>26.53</ele>
   </trkpt>
   <trkpt lat="51.05046" lon="5.16439">
    <ele>26.62</ele>
   </trkpt>
   <trkpt lat="51.0506" lon="5.16499">
    <ele>26.61</ele>
   </trkpt>
   <trkpt lat="51.05077000717353" lon="5.166284995389286">
    <ele>27.000000000000004</ele>
   </trkpt>
   <trkpt lat="51.050940000000004" lon="5.16758">
    <ele>27.110000000000003</ele>
   </trkpt>
   <trkpt lat="51.050990000000006" lon="5.167680000000001">
    <ele>27.110000000000003</ele>
   </trkpt>
   <trkpt lat="51.05109" lon="5.16816">
    <ele>27.070000000000004</ele>
   </trkpt>
   <trkpt lat="51.05163801804106" lon="5.169187951356026">
    <ele>27.680000000000003</ele>
   </trkpt>
   <trkpt lat="51.05218602706555" lon="5.170215927040119">
    <ele>30.2</ele>
   </trkpt>
   <trkpt lat="51.05273402707312" lon="5.17124392705293">
    <ele>32.730000000000004</ele>
   </trkpt>
   <trkpt lat="51.05328201806335" lon="5.17227195139511">
    <ele>29.730000000000004</ele>
   </trkpt>
   <trkpt lat="51.053830000000005" lon="5.1733">
    <ele>27.35</ele>
   </trkpt>
   <trkpt lat="51.054120000000005" lon="5.173760000000001">
    <ele>26.820000000000004</ele>
   </trkpt>
   <trkpt lat="51.054100000000005" lon="5.1737400000000004">
    <ele>26.85</ele>
   </trkpt>
   <trkpt lat="51.05422" lon="5.173900000000001">
    <ele>26.7</ele>
   </trkpt>
   <trkpt lat="51.05470000112804" lon="5.174389995026709">
    <ele>26.340000000000003</ele>
   </trkpt>
   <trkpt lat="51.05518000000001" lon="5.174880000000001">
    <ele>26.740000000000002</ele>
   </trkpt>
   <trkpt lat="51.05543" lon="5.175190000000001">
    <ele>27.290000000000003</ele>
   </trkpt>
   <trkpt lat="51.05559" lon="5.1756400000000005">
    <ele>27.17</ele>
   </trkpt>
   <trkpt lat="51.05588" lon="5.17597">
    <ele>27.240000000000002</ele>
   </trkpt>
   <trkpt lat="51.05639334246467" lon="5.177006643604218">
    <ele>27.180000000000003</ele>
   </trkpt>
   <trkpt lat="51.05690667576002" lon="5.178043310193725">
    <ele>27.540000000000003</ele>
   </trkpt>
   <trkpt lat="51.05742000000001" lon="5.179080000000001">
    <ele>27.64</ele>
   </trkpt>
   <trkpt lat="51.057550000000006" lon="5.179410000000001">
    <ele>27.66</ele>
   </trkpt>
   <trkpt lat="51.05776" lon="5.1800500000000005">
    <ele>27.610000000000003</ele>
   </trkpt>
   <trkpt lat="51.05792" lon="5.180750000000001">
    <ele>27.750000000000004</ele>
   </trkpt>
   <trkpt lat="51.05805" lon="5.18125">
    <ele>27.96</ele>
   </trkpt>
   <trkpt lat="51.05823" lon="5.1817400000000005">
    <ele>27.96</ele>
   </trkpt>
   <trkpt lat="51.05847000000001" lon="5.18222">
    <ele>28.01</ele>
   </trkpt>
   <trkpt lat="51.058995002565396" lon="5.18298499142572">
    <ele>28.28</ele>
   </trkpt>
   <trkpt lat="51.059520000000006" lon="5.183750000000001">
    <ele>28.360000000000003</ele>
   </trkpt>
   <trkpt lat="51.05971" lon="5.184080000000001">
    <ele>28.360000000000003</ele>
   </trkpt>
   <trkpt lat="51.05986000000001" lon="5.18442">
    <ele>28.560000000000002</ele>
   </trkpt>
   <trkpt lat="51.06016" lon="5.18534">
    <ele>28.78</ele>
   </trkpt>
   <trkpt lat="51.060370000000006" lon="5.185790000000001">
    <ele>28.93</ele>
   </trkpt>
   <trkpt lat="51.0606" lon="5.1861500000000005">
    <ele>28.93</ele>
   </trkpt>
   <trkpt lat="51.0606" lon="5.186140000000001">
    <ele>28.93</ele>
   </trkpt>
   <trkpt lat="51.06094500110517" lon="5.186659996052053">
    <ele>28.92</ele>
   </trkpt>
   <trkpt lat="51.06129000000001" lon="5.187180000000001">
    <ele>29.030000000000005</ele>
   </trkpt>
   <trkpt lat="51.06154" lon="5.18768">
    <ele>29.07</ele>
   </trkpt>
   <trkpt lat="51.06177000189595" lon="5.188334996932989">
    <ele>29.120000000000005</ele>
   </trkpt>
   <trkpt lat="51.062000000000005" lon="5.18899">
    <ele>29.330000000000002</ele>
   </trkpt>
   <trkpt lat="51.062090000000005" lon="5.18932">
    <ele>29.370000000000005</ele>
   </trkpt>
   <trkpt lat="51.06217" lon="5.18986">
    <ele>29.44</ele>
   </trkpt>
   <trkpt lat="51.06219" lon="5.190230000000001">
    <ele>29.6</ele>
   </trkpt>
   <trkpt lat="51.06217" lon="5.19062">
    <ele>29.6</ele>
   </trkpt>
   <trkpt lat="51.06209000242984" lon="5.191375001322487">
    <ele>29.640000000000004</ele>
   </trkpt>
   <trkpt lat="51.06201" lon="5.192130000000001">
    <ele>29.84</ele>
   </trkpt>
   <trkpt lat="51.061855004899535" lon="5.193200003476244">
    <ele>29.960000000000004</ele>
   </trkpt>
   <trkpt lat="51.0617" lon="5.19427">
    <ele>30.18</ele>
   </trkpt>
   <trkpt lat="51.06166500677008" lon="5.195530001047793">
    <ele>30.480000000000004</ele>
   </trkpt>
   <trkpt lat="51.06163" lon="5.19679">
    <ele>30.97</ele>
   </trkpt>
   <trkpt lat="51.061640000000004" lon="5.196890000000001">
    <ele>30.97</ele>
   </trkpt>
   <trkpt lat="51.061910000000005" lon="5.19772">
    <ele>31.17</ele>
   </trkpt>
   <trkpt lat="51.06242" lon="5.19866">
    <ele>31.39</ele>
   </trkpt>
   <trkpt lat="51.06221000000001" lon="5.19925">
    <ele>30.570000000000004</ele>
   </trkpt>
   <trkpt lat="51.061910000000005" lon="5.19984">
    <ele>30.750000000000004</ele>
   </trkpt>
   <trkpt lat="51.06195" lon="5.1999">
    <ele>30.7</ele>
   </trkpt>
   <trkpt lat="51.06223000000001" lon="5.200290000000001">
    <ele>39.330000000000005</ele>
   </trkpt>
   <trkpt lat="51.06286000000001" lon="5.20105">
    <ele>38.73</ele>
   </trkpt>
   <trkpt lat="51.06324000000001" lon="5.2014700000000005">
    <ele>36.47</ele>
   </trkpt>
   <trkpt lat="51.06356" lon="5.2017500000000005">
    <ele>35.11</ele>
   </trkpt>
   <trkpt lat="51.06401" lon="5.2020800000000005">
    <ele>32.82</ele>
   </trkpt>
   <trkpt lat="51.06411000000001" lon="5.20209">
    <ele>32.82</ele>
   </trkpt>
   <trkpt lat="51.0643" lon="5.20228">
    <ele>32.480000000000004</ele>
   </trkpt>
   <trkpt lat="51.064460000000004" lon="5.202500000000001">
    <ele>32.38</ele>
   </trkpt>
   <trkpt lat="51.06487500262473" lon="5.203269993273909">
    <ele>32.54</ele>
   </trkpt>
   <trkpt lat="51.065290000000005" lon="5.20404">
    <ele>33.400000000000006</ele>
   </trkpt>
   <trkpt lat="51.06539" lon="5.204350000000001">
    <ele>33.47</ele>
   </trkpt>
   <trkpt lat="51.065380000000005" lon="5.204470000000001">
    <ele>33.47</ele>
   </trkpt>
   <trkpt lat="51.06524" lon="5.20471">
    <ele>33.61</ele>
   </trkpt>
   <trkpt lat="51.06467666954071" lon="5.205296681010643">
    <ele>33.67</ele>
   </trkpt>
   <trkpt lat="51.0641133361449" lon="5.205883347742152">
    <ele>33.92</ele>
   </trkpt>
   <trkpt lat="51.063550000000006" lon="5.20647">
    <ele>34.190000000000005</ele>
   </trkpt>
   <trkpt lat="51.06316000063813" lon="5.206910003918681">
    <ele>34.4</ele>
   </trkpt>
   <trkpt lat="51.06277000000001" lon="5.207350000000001">
    <ele>34.370000000000005</ele>
   </trkpt>
   <trkpt lat="51.063100000000006" lon="5.208080000000001">
    <ele>34.24</ele>
   </trkpt>
   <trkpt lat="51.063100000000006" lon="5.20807">
    <ele>34.24</ele>
   </trkpt>
   <trkpt lat="51.06354001248986" lon="5.209057471864286">
    <ele>34.53</ele>
   </trkpt>
   <trkpt lat="51.063980016660075" lon="5.210044962500673">
    <ele>34.58</ele>
   </trkpt>
   <trkpt lat="51.06442001251041" lon="5.211032471909459">
    <ele>34.370000000000005</ele>
   </trkpt>
   <trkpt lat="51.06486" lon="5.212020000000001">
    <ele>34.18</ele>
   </trkpt>
   <trkpt lat="51.065190002497786" lon="5.212779994659764">
    <ele>34.25</ele>
   </trkpt>
   <trkpt lat="51.06552000000001" lon="5.21354">
    <ele>34.47</ele>
   </trkpt>
   <trkpt lat="51.06567000208416" lon="5.214239997703053">
    <ele>34.510000000000005</ele>
   </trkpt>
   <trkpt lat="51.06582" lon="5.21494">
    <ele>34.64</ele>
   </trkpt>
   <trkpt lat="51.065810000000006" lon="5.21492">
    <ele>34.64</ele>
   </trkpt>
   <trkpt lat="51.06603001384049" lon="5.215959985164645">
    <ele>35.26</ele>
   </trkpt>
   <trkpt lat="51.066250018453196" lon="5.216999980215547">
    <ele>34.28</ele>
   </trkpt>
   <trkpt lat="51.06647001383802" lon="5.218039985152462">
    <ele>34.660000000000004</ele>
   </trkpt>
   <trkpt lat="51.06669" lon="5.219080000000001">
    <ele>35.76</ele>
   </trkpt>
   <trkpt lat="51.06730333495822" lon="5.218650011362651">
    <ele>35.53000000000001</ele>
   </trkpt>
   <trkpt lat="51.06791666833899" lon="5.218220011329592">
    <ele>36.02</ele>
   </trkpt>
   <trkpt lat="51.06853" lon="5.217790000000001">
    <ele>36.58</ele>
   </trkpt>
   <trkpt lat="51.069305001408125" lon="5.217240009126182">
    <ele>36.74</ele>
   </trkpt>
   <trkpt lat="51.070080000000004" lon="5.216690000000001">
    <ele>36.58</ele>
   </trkpt>
   <trkpt lat="51.07063" lon="5.2163">
    <ele>36.43000000000001</ele>
   </trkpt>
   <trkpt lat="51.07063" lon="5.2163900000000005">
    <ele>36.480000000000004</ele>
   </trkpt>
   <trkpt lat="51.07096000000001" lon="5.217560000000001">
    <ele>36.36</ele>
   </trkpt>
   <trkpt lat="51.070980000000006" lon="5.2177500000000006">
    <ele>36.37</ele>
   </trkpt>
   <trkpt lat="51.070850002183626" lon="5.218470002175983">
    <ele>36.44</ele>
   </trkpt>
   <trkpt lat="51.07072" lon="5.21919">
    <ele>36.730000000000004</ele>
   </trkpt>
   <trkpt lat="51.07072" lon="5.21931">
    <ele>36.730000000000004</ele>
   </trkpt>
   <trkpt lat="51.07077" lon="5.219410000000001">
    <ele>36.76</ele>
   </trkpt>
   <trkpt lat="51.071130000000004" lon="5.21987">
    <ele>37.02</ele>
   </trkpt>
   <trkpt lat="51.07117" lon="5.22051">
    <ele>37.09</ele>
   </trkpt>
   <trkpt lat="51.07182" lon="5.220420000000001">
    <ele>36.79</ele>
   </trkpt>
   <trkpt lat="51.07179000000001" lon="5.220420000000001">
    <ele>36.81</ele>
   </trkpt>
   <trkpt lat="51.07245" lon="5.22032">
    <ele>36.75000000000001</ele>
   </trkpt>
   <trkpt lat="51.072540000000004" lon="5.220820000000001">
    <ele>37.09</ele>
   </trkpt>
   <trkpt lat="51.072520000000004" lon="5.220940000000001">
    <ele>37.09</ele>
   </trkpt>
   <trkpt lat="51.07265000209845" lon="5.221639998078116">
    <ele>37.15</ele>
   </trkpt>
   <trkpt lat="51.07278" lon="5.222340000000001">
    <ele>37.33</ele>
   </trkpt>
   <trkpt lat="51.07292" lon="5.223140000000001">
    <ele>37.660000000000004</ele>
   </trkpt>
   <trkpt lat="51.07296" lon="5.223190000000001">
    <ele>37.790000000000006</ele>
   </trkpt>
   <trkpt lat="51.07298" lon="5.223190000000001">
    <ele>37.790000000000006</ele>
   </trkpt>
   <trkpt lat="51.07303" lon="5.2234300000000005">
    <ele>37.63</ele>
   </trkpt>
   <trkpt lat="51.07305" lon="5.22367">
    <ele>37.83</ele>
   </trkpt>
   <trkpt lat="51.073100000000004" lon="5.22372">
    <ele>37.95</ele>
   </trkpt>
   <trkpt lat="51.073130000000006" lon="5.223940000000001">
    <ele>38.1</ele>
   </trkpt>
   <trkpt lat="51.07312" lon="5.224220000000001">
    <ele>38.03</ele>
   </trkpt>
   <trkpt lat="51.073170000000005" lon="5.224550000000001">
    <ele>37.93000000000001</ele>
   </trkpt>
   <trkpt lat="51.07340334731503" lon="5.2258299871143">
    <ele>38.48</ele>
   </trkpt>
   <trkpt lat="51.07363668065258" lon="5.227109987137035">
    <ele>39.06</ele>
   </trkpt>
   <trkpt lat="51.07387000000001" lon="5.22839">
    <ele>39.63</ele>
   </trkpt>
   <trkpt lat="51.073980000000006" lon="5.228470000000001">
    <ele>39.78</ele>
   </trkpt>
   <trkpt lat="51.074180000000005" lon="5.22961">
    <ele>40.24</ele>
   </trkpt>
   <trkpt lat="51.07435" lon="5.23061">
    <ele>40.980000000000004</ele>
   </trkpt>
   <trkpt lat="51.07437" lon="5.23094">
    <ele>41.57</ele>
   </trkpt>
   <trkpt lat="51.07435" lon="5.23122">
    <ele>42.080000000000005</ele>
   </trkpt>
   <trkpt lat="51.074310000000004" lon="5.2316400000000005">
    <ele>42.22</ele>
   </trkpt>
   <trkpt lat="51.07426" lon="5.231820000000001">
    <ele>41.96</ele>
   </trkpt>
   <trkpt lat="51.07437" lon="5.231920000000001">
    <ele>41.760000000000005</ele>
   </trkpt>
   <trkpt lat="51.07471" lon="5.23198">
    <ele>40.940000000000005</ele>
   </trkpt>
   <trkpt lat="51.07526500017057" lon="5.23212999822104">
    <ele>39.45</ele>
   </trkpt>
   <trkpt lat="51.07582000000001" lon="5.23228">
    <ele>38.470000000000006</ele>
   </trkpt>
   <trkpt lat="51.07585" lon="5.232340000000001">
    <ele>38.09</ele>
   </trkpt>
   <trkpt lat="51.075880000000005" lon="5.232480000000001">
    <ele>38.09</ele>
   </trkpt>
   <trkpt lat="51.076010008059995" lon="5.233854996088645">
    <ele>37.82000000000001</ele>
   </trkpt>
   <trkpt lat="51.07614" lon="5.2352300000000005">
    <ele>37.92</ele>
   </trkpt>
   <trkpt lat="51.076220000000006" lon="5.23547">
    <ele>37.910000000000004</ele>
   </trkpt>
   <trkpt lat="51.076890000000006" lon="5.2363800000000005">
    <ele>37.77</ele>
   </trkpt>
   <trkpt lat="51.07697" lon="5.23655">
    <ele>37.82000000000001</ele>
   </trkpt>
   <trkpt lat="51.077390011228964" lon="5.2376966458822105">
    <ele>37.8</ele>
   </trkpt>
   <trkpt lat="51.07781001124116" lon="5.238843312581811">
    <ele>38.650000000000006</ele>
   </trkpt>
   <trkpt lat="51.078230000000005" lon="5.239990000000001">
    <ele>39.74</ele>
   </trkpt>
   <trkpt lat="51.078230000000005" lon="5.23998">
    <ele>39.74</ele>
   </trkpt>
   <trkpt lat="51.07849500220708" lon="5.240694995976164">
    <ele>40.25</ele>
   </trkpt>
   <trkpt lat="51.07876" lon="5.24141">
    <ele>41.17</ele>
   </trkpt>
   <trkpt lat="51.078120000000006" lon="5.24166">
    <ele>41.71</ele>
   </trkpt>
   <trkpt lat="51.07806" lon="5.2417300000000004">
    <ele>41.7</ele>
   </trkpt>
   <trkpt lat="51.07806" lon="5.24192">
    <ele>41.7</ele>
   </trkpt>
   <trkpt lat="51.078260001718846" lon="5.24256499703227">
    <ele>41.7</ele>
   </trkpt>
   <trkpt lat="51.07846000000001" lon="5.24321">
    <ele>41.980000000000004</ele>
   </trkpt>
   <trkpt lat="51.07849" lon="5.243390000000001">
    <ele>42.36</ele>
   </trkpt>
   <trkpt lat="51.07832000352416" lon="5.244300003386887">
    <ele>43.08</ele>
   </trkpt>
   <trkpt lat="51.07815" lon="5.24521">
    <ele>44.4</ele>
   </trkpt>
   <trkpt lat="51.077936675871996" lon="5.2462500096966815">
    <ele>45.13</ele>
   </trkpt>
   <trkpt lat="51.077723342516805" lon="5.247290009803085">
    <ele>46.43000000000001</ele>
   </trkpt>
   <trkpt lat="51.077510000000004" lon="5.24833">
    <ele>46.57000000000001</ele>
   </trkpt>
   <trkpt lat="51.07725000000001" lon="5.24948">
    <ele>46.900000000000006</ele>
   </trkpt>
   <trkpt lat="51.07689000394527" lon="5.250450007730641">
    <ele>46.580000000000005</ele>
   </trkpt>
   <trkpt lat="51.076530000000005" lon="5.25142">
    <ele>45.89000000000001</ele>
   </trkpt>
   <trkpt lat="51.076420000000006" lon="5.25182">
    <ele>45.970000000000006</ele>
   </trkpt>
   <trkpt lat="51.076370000000004" lon="5.25264">
    <ele>45.970000000000006</ele>
   </trkpt>
   <trkpt lat="51.07639" lon="5.253410000000001">
    <ele>45.980000000000004</ele>
   </trkpt>
   <trkpt lat="51.07639" lon="5.2534">
    <ele>45.980000000000004</ele>
   </trkpt>
   <trkpt lat="51.0764166777524" lon="5.25453999863211">
    <ele>45.71</ele>
   </trkpt>
   <trkpt lat="51.07644334441781" lon="5.255679998578494">
    <ele>44.83</ele>
   </trkpt>
   <trkpt lat="51.07647000000001" lon="5.25682">
    <ele>44.72</ele>
   </trkpt>
   <trkpt lat="51.076460000000004" lon="5.25701">
    <ele>44.92</ele>
   </trkpt>
   <trkpt lat="51.076420000000006" lon="5.257180000000001">
    <ele>44.99</ele>
   </trkpt>
   <trkpt lat="51.07672" lon="5.258050000000001">
    <ele>44.99</ele>
   </trkpt>
   <trkpt lat="51.076800000000006" lon="5.25821">
    <ele>44.99</ele>
   </trkpt>
   <trkpt lat="51.076820000000005" lon="5.258310000000001">
    <ele>44.88</ele>
   </trkpt>
   <trkpt lat="51.076367514857104" lon="5.25938753161165">
    <ele>44.82000000000001</ele>
   </trkpt>
   <trkpt lat="51.075915019809166" lon="5.260465042148818">
    <ele>44.25000000000001</ele>
   </trkpt>
   <trkpt lat="51.07546251485656" lon="5.261542531611794">
    <ele>43.56</ele>
   </trkpt>
   <trkpt lat="51.075010000000006" lon="5.26262">
    <ele>43.07</ele>
   </trkpt>
   <trkpt lat="51.074980000000004" lon="5.26259">
    <ele>43.07</ele>
   </trkpt>
   <trkpt lat="51.074670000000005" lon="5.263240000000001">
    <ele>42.440000000000005</ele>
   </trkpt>
   <trkpt lat="51.074510000000004" lon="5.26348">
    <ele>41.89</ele>
   </trkpt>
   <trkpt lat="51.074250000000006" lon="5.263800000000001">
    <ele>41.53</ele>
   </trkpt>
   <trkpt lat="51.074020000000004" lon="5.264010000000001">
    <ele>41.53</ele>
   </trkpt>
   <trkpt lat="51.07324000178958" lon="5.264665011074269">
    <ele>40.25</ele>
   </trkpt>
   <trkpt lat="51.07246000000001" lon="5.26532">
    <ele>40.31</ele>
   </trkpt>
   <trkpt lat="51.07229" lon="5.265510000000001">
    <ele>40.330000000000005</ele>
   </trkpt>
   <trkpt lat="51.07197000000001" lon="5.265960000000001">
    <ele>40.290000000000006</ele>
   </trkpt>
   <trkpt lat="51.071665001219664" lon="5.266485003384398">
    <ele>40.25</ele>
   </trkpt>
   <trkpt lat="51.071360000000006" lon="5.267010000000001">
    <ele>40.080000000000005</ele>
   </trkpt>
   <trkpt lat="51.071160000000006" lon="5.26731">
    <ele>39.910000000000004</ele>
   </trkpt>
   <trkpt lat="51.07105000000001" lon="5.267460000000001">
    <ele>39.900000000000006</ele>
   </trkpt>
   <trkpt lat="51.070780000000006" lon="5.267740000000001">
    <ele>39.940000000000005</ele>
   </trkpt>
   <trkpt lat="51.07054" lon="5.26794">
    <ele>39.870000000000005</ele>
   </trkpt>
   <trkpt lat="51.07029000000001" lon="5.268090000000001">
    <ele>39.830000000000005</ele>
   </trkpt>
   <trkpt lat="51.07007" lon="5.268190000000001">
    <ele>39.839999999999996</ele>
   </trkpt>
   <trkpt lat="51.06927000065375" lon="5.268460009323184">
    <ele>39.95</ele>
   </trkpt>
   <trkpt lat="51.068470000685565" lon="5.2687300093122555">
    <ele>39.970000000000006</ele>
   </trkpt>
   <trkpt lat="51.06767000000001" lon="5.269">
    <ele>39.96</ele>
   </trkpt>
   <trkpt lat="51.06739" lon="5.26911">
    <ele>39.900000000000006</ele>
   </trkpt>
   <trkpt lat="51.067150000000005" lon="5.26923">
    <ele>39.900000000000006</ele>
   </trkpt>
   <trkpt lat="51.06661000065224" lon="5.269595004201489">
    <ele>39.870000000000005</ele>
   </trkpt>
   <trkpt lat="51.06607" lon="5.26996">
    <ele>39.910000000000004</ele>
   </trkpt>
   <trkpt lat="51.06573" lon="5.270110000000001">
    <ele>39.95</ele>
   </trkpt>
   <trkpt lat="51.065450000000006" lon="5.27019">
    <ele>39.95</ele>
   </trkpt>
   <trkpt lat="51.065250000000006" lon="5.27022">
    <ele>40.2</ele>
   </trkpt>
   <trkpt lat="51.065180000000005" lon="5.2702800000000005">
    <ele>40.2</ele>
   </trkpt>
   <trkpt lat="51.064980000000006" lon="5.2702800000000005">
    <ele>40.2</ele>
   </trkpt>
   <trkpt lat="51.06495" lon="5.27047">
    <ele>40.06</ele>
   </trkpt>
   <trkpt lat="51.06436" lon="5.27109">
    <ele>40.57</ele>
   </trkpt>
   <trkpt lat="51.06496750804678" lon="5.2718824688098165">
    <ele>40.720000000000006</ele>
   </trkpt>
   <trkpt lat="51.065575010735365" lon="5.2726749584205885">
    <ele>41.06</ele>
   </trkpt>
   <trkpt lat="51.06618250806553" lon="5.273467468833131">
    <ele>40.980000000000004</ele>
   </trkpt>
   <trkpt lat="51.066790000000005" lon="5.274260000000001">
    <ele>40.77</ele>
   </trkpt>
   <trkpt lat="51.06705" lon="5.27449">
    <ele>40.800000000000004</ele>
   </trkpt>
   <trkpt lat="51.067310000000006" lon="5.2746200000000005">
    <ele>40.95</ele>
   </trkpt>
   <trkpt lat="51.067550000000004" lon="5.274830000000001">
    <ele>41.050000000000004</ele>
   </trkpt>
   <trkpt lat="51.067600000000006" lon="5.274920000000001">
    <ele>41.050000000000004</ele>
   </trkpt>
   <trkpt lat="51.0677" lon="5.2751600000000005">
    <ele>41.13</ele>
   </trkpt>
   <trkpt lat="51.068003340961624" lon="5.276103321081398">
    <ele>41.330000000000005</ele>
   </trkpt>
   <trkpt lat="51.06830667433125" lon="5.277046654527404">
    <ele>41.71</ele>
   </trkpt>
   <trkpt lat="51.06861000000001" lon="5.277990000000001">
    <ele>42.07</ele>
   </trkpt>
   <trkpt lat="51.0688050029406" lon="5.27880999684918">
    <ele>42.35</ele>
   </trkpt>
   <trkpt lat="51.069" lon="5.27963">
    <ele>42.410000000000004</ele>
   </trkpt>
   <trkpt lat="51.06898" lon="5.27956">
    <ele>42.410000000000004</ele>
   </trkpt>
   <trkpt lat="51.06924" lon="5.280620000000001">
    <ele>42.47</ele>
   </trkpt>
   <trkpt lat="51.06965" lon="5.281610000000001">
    <ele>42.870000000000005</ele>
   </trkpt>
   <trkpt lat="51.070130000000006" lon="5.282330000000001">
    <ele>42.940000000000005</ele>
   </trkpt>
   <trkpt lat="51.070220000000006" lon="5.28249">
    <ele>42.93</ele>
   </trkpt>
   <trkpt lat="51.070465001993526" lon="5.283164996564295">
    <ele>43.13</ele>
   </trkpt>
   <trkpt lat="51.070710000000005" lon="5.2838400000000005">
    <ele>43.39</ele>
   </trkpt>
   <trkpt lat="51.070840000000004" lon="5.28429">
    <ele>43.61</ele>
   </trkpt>
   <trkpt lat="51.07097500289024" lon="5.285114997513331">
    <ele>44.07000000000001</ele>
   </trkpt>
   <trkpt lat="51.071110000000004" lon="5.28594">
    <ele>44.660000000000004</ele>
   </trkpt>
   <trkpt lat="51.071260002713046" lon="5.286739997316317">
    <ele>45.14000000000001</ele>
   </trkpt>
   <trkpt lat="51.07141000000001" lon="5.287540000000001">
    <ele>45.540000000000006</ele>
   </trkpt>
   <trkpt lat="51.071380000000005" lon="5.2877">
    <ele>45.61000000000001</ele>
   </trkpt>
   <trkpt lat="51.071490000000004" lon="5.28864">
    <ele>46.06</ele>
   </trkpt>
   <trkpt lat="51.07157" lon="5.28892">
    <ele>46.42</ele>
   </trkpt>
   <trkpt lat="51.071670000000005" lon="5.289110000000001">
    <ele>46.42</ele>
   </trkpt>
   <trkpt lat="51.07208500101245" lon="5.289599995592031">
    <ele>46.73</ele>
   </trkpt>
   <trkpt lat="51.072500000000005" lon="5.29009">
    <ele>46.650000000000006</ele>
   </trkpt>
   <trkpt lat="51.072700000000005" lon="5.29039">
    <ele>46.650000000000006</ele>
   </trkpt>
   <trkpt lat="51.073130000000006" lon="5.291300000000001">
    <ele>46.81</ele>
   </trkpt>
   <trkpt lat="51.073545001811176" lon="5.291954994096143">
    <ele>47.080000000000005</ele>
   </trkpt>
   <trkpt lat="51.07396000000001" lon="5.292610000000001">
    <ele>47.290000000000006</ele>
   </trkpt>
   <trkpt lat="51.07440000270261" lon="5.293404992452687">
    <ele>47.540000000000006</ele>
   </trkpt>
   <trkpt lat="51.07484" lon="5.2942">
    <ele>48.300000000000004</ele>
   </trkpt>
   <trkpt lat="51.07528001552417" lon="5.295153963704657">
    <ele>47.46</ele>
   </trkpt>
   <trkpt lat="51.07572002328443" lon="5.296107945552158">
    <ele>48.050000000000004</ele>
   </trkpt>
   <trkpt lat="51.07616002328052" lon="5.297061945542813">
    <ele>48.71</ele>
   </trkpt>
   <trkpt lat="51.07660001551219" lon="5.298015963676931">
    <ele>49.52</ele>
   </trkpt>
   <trkpt lat="51.077040000000004" lon="5.298970000000001">
    <ele>49.68</ele>
   </trkpt>
   <trkpt lat="51.07705000000001" lon="5.298970000000001">
    <ele>49.68</ele>
   </trkpt>
   <trkpt lat="51.077520008708895" lon="5.299979979494676">
    <ele>50.22</ele>
   </trkpt>
   <trkpt lat="51.077990008715474" lon="5.300989979508473">
    <ele>50.49000000000001</ele>
   </trkpt>
   <trkpt lat="51.07846000000001" lon="5.3020000000000005">
    <ele>50.82</ele>
   </trkpt>
   <trkpt lat="51.078660000000006" lon="5.30248">
    <ele>50.81</ele>
   </trkpt>
   <trkpt lat="51.07884000189328" lon="5.303149997313375">
    <ele>51.25</ele>
   </trkpt>
   <trkpt lat="51.07902000000001" lon="5.303820000000001">
    <ele>51.57</ele>
   </trkpt>
   <trkpt lat="51.079280000000004" lon="5.304900000000001">
    <ele>51.58</ele>
   </trkpt>
   <trkpt lat="51.07927" lon="5.304900000000001">
    <ele>51.59</ele>
   </trkpt>
   <trkpt lat="51.07938000000001" lon="5.30524">
    <ele>51.53000000000001</ele>
   </trkpt>
   <trkpt lat="51.079550000000005" lon="5.305630000000001">
    <ele>51.58</ele>
   </trkpt>
   <trkpt lat="51.08017" lon="5.306520000000001">
    <ele>51.730000000000004</ele>
   </trkpt>
   <trkpt lat="51.08039" lon="5.30696">
    <ele>51.800000000000004</ele>
   </trkpt>
   <trkpt lat="51.08055" lon="5.30764">
    <ele>52.25000000000001</ele>
   </trkpt>
   <trkpt lat="51.08082" lon="5.308540000000001">
    <ele>52.620000000000005</ele>
   </trkpt>
   <trkpt lat="51.081" lon="5.30895">
    <ele>52.75000000000001</ele>
   </trkpt>
   <trkpt lat="51.08147251443294" lon="5.310012467416185">
    <ele>53.09</ele>
   </trkpt>
   <trkpt lat="51.08194501923584" lon="5.311074956535978">
    <ele>54.32000000000001</ele>
   </trkpt>
   <trkpt lat="51.08241751440836" lon="5.312137467359748">
    <ele>55.57</ele>
   </trkpt>
   <trkpt lat="51.082890000000006" lon="5.3132">
    <ele>55.74</ele>
   </trkpt>
   <trkpt lat="51.083333339663874" lon="5.3140633167316365">
    <ele>55.2</ele>
   </trkpt>
   <trkpt lat="51.083776672969634" lon="5.314926650010982">
    <ele>55.34</ele>
   </trkpt>
   <trkpt lat="51.08422" lon="5.315790000000001">
    <ele>56.39</ele>
   </trkpt>
   <trkpt lat="51.08446000000001" lon="5.316350000000001">
    <ele>57.25</ele>
   </trkpt>
   <trkpt lat="51.084790000000005" lon="5.31749">
    <ele>58.72</ele>
   </trkpt>
   <trkpt lat="51.085072514026464" lon="5.31853748075706">
    <ele>60.71000000000001</ele>
   </trkpt>
   <trkpt lat="51.08535501869299" lon="5.319584974309071">
    <ele>62.99</ele>
   </trkpt>
   <trkpt lat="51.08563751399935" lon="5.320632480655891">
    <ele>64.81</ele>
   </trkpt>
   <trkpt lat="51.08592" lon="5.321680000000001">
    <ele>65.69000000000001</ele>
   </trkpt>
   <trkpt lat="51.086130001930215" lon="5.3223649966579565">
    <ele>66.08</ele>
   </trkpt>
   <trkpt lat="51.08634000000001" lon="5.32305">
    <ele>65.81</ele>
   </trkpt>
   <trkpt lat="51.08656000187214" lon="5.323709996903432">
    <ele>65.5</ele>
   </trkpt>
   <trkpt lat="51.086780000000005" lon="5.32437">
    <ele>64.64999999999999</ele>
   </trkpt>
   <trkpt lat="51.08695" lon="5.324820000000001">
    <ele>64.31</ele>
   </trkpt>
   <trkpt lat="51.087180000000004" lon="5.32566">
    <ele>64.17</ele>
   </trkpt>
   <trkpt lat="51.087300000000006" lon="5.32648">
    <ele>63.77</ele>
   </trkpt>
   <trkpt lat="51.08731000439236" lon="5.327494999601998">
    <ele>63.67</ele>
   </trkpt>
   <trkpt lat="51.087320000000005" lon="5.3285100000000005">
    <ele>64.12</ele>
   </trkpt>
   <trkpt lat="51.087360002512824" lon="5.329274999658473">
    <ele>64.24000000000001</ele>
   </trkpt>
   <trkpt lat="51.0874" lon="5.33004">
    <ele>64.02000000000001</ele>
   </trkpt>
   <trkpt lat="51.0874" lon="5.330030000000001">
    <ele>64.03</ele>
   </trkpt>
   <trkpt lat="51.08744" lon="5.33091">
    <ele>63.43</ele>
   </trkpt>
   <trkpt lat="51.08752000232131" lon="5.33164999858786">
    <ele>62.480000000000004</ele>
   </trkpt>
   <trkpt lat="51.0876" lon="5.33239">
    <ele>62.09</ele>
   </trkpt>
   <trkpt lat="51.087700000000005" lon="5.333130000000001">
    <ele>61.470000000000006</ele>
   </trkpt>
   <trkpt lat="51.08789" lon="5.333740000000001">
    <ele>61.25000000000001</ele>
   </trkpt>
   <trkpt lat="51.08834" lon="5.334560000000001">
    <ele>61.38</ele>
   </trkpt>
   <trkpt lat="51.08859" lon="5.3349400000000005">
    <ele>60.57000000000001</ele>
   </trkpt>
   <trkpt lat="51.089110000000005" lon="5.3358300000000005">
    <ele>60.15</ele>
   </trkpt>
   <trkpt lat="51.089420000000004" lon="5.33628">
    <ele>59.96000000000001</ele>
   </trkpt>
   <trkpt lat="51.08941" lon="5.33628">
    <ele>59.97</ele>
   </trkpt>
   <trkpt lat="51.08972000000001" lon="5.336720000000001">
    <ele>59.54</ele>
   </trkpt>
   <trkpt lat="51.09004000122542" lon="5.337254996306003">
    <ele>59.190000000000005</ele>
   </trkpt>
   <trkpt lat="51.090360000000004" lon="5.33779">
    <ele>59.330000000000005</ele>
   </trkpt>
   <trkpt lat="51.09048000000001" lon="5.33792">
    <ele>59.660000000000004</ele>
   </trkpt>
   <trkpt lat="51.090895000603204" lon="5.338314996396185">
    <ele>60.31</ele>
   </trkpt>
   <trkpt lat="51.09131000000001" lon="5.338710000000001">
    <ele>61.21000000000001</ele>
   </trkpt>
   <trkpt lat="51.09195333543711" lon="5.339206652847691">
    <ele>61.93000000000001</ele>
   </trkpt>
   <trkpt lat="51.09259666877008" lon="5.339703319513836">
    <ele>60.68000000000001</ele>
   </trkpt>
   <trkpt lat="51.09324" lon="5.3402">
    <ele>59.96000000000001</ele>
   </trkpt>
   <trkpt lat="51.09402000000001" lon="5.34086">
    <ele>58.31000000000001</ele>
   </trkpt>
   <trkpt lat="51.094" lon="5.3408500000000005">
    <ele>58.32</ele>
   </trkpt>
   <trkpt lat="51.094770001829396" lon="5.341499989199318">
    <ele>59.38</ele>
   </trkpt>
   <trkpt lat="51.09554000000001" lon="5.34215">
    <ele>58.96</ele>
   </trkpt>
   <trkpt lat="51.095980000000004" lon="5.342560000000001">
    <ele>61.01</ele>
   </trkpt>
   <trkpt lat="51.096410000000006" lon="5.34311">
    <ele>62.94000000000001</ele>
   </trkpt>
   <trkpt lat="51.096700000000006" lon="5.343240000000001">
    <ele>63.7</ele>
   </trkpt>
   <trkpt lat="51.096720000000005" lon="5.34325">
    <ele>63.73000000000001</ele>
   </trkpt>
   <trkpt lat="51.09684000000001" lon="5.3433">
    <ele>66.60000000000001</ele>
   </trkpt>
   <trkpt lat="51.097190000000005" lon="5.343710000000001">
    <ele>64.64</ele>
   </trkpt>
   <trkpt lat="51.09729" lon="5.343990000000001">
    <ele>64.7</ele>
   </trkpt>
   <trkpt lat="51.09731000000001" lon="5.3443000000000005">
    <ele>65.12</ele>
   </trkpt>
   <trkpt lat="51.09777000586426" lon="5.345464988601587">
    <ele>64.88000000000001</ele>
   </trkpt>
   <trkpt lat="51.09823" lon="5.34663">
    <ele>65.08</ele>
   </trkpt>
   <trkpt lat="51.09847000209611" lon="5.347344996037711">
    <ele>65.62</ele>
   </trkpt>
   <trkpt lat="51.098710000000004" lon="5.34806">
    <ele>65.85000000000001</ele>
   </trkpt>
   <trkpt lat="51.099020002224215" lon="5.348789994991028">
    <ele>65.74000000000001</ele>
   </trkpt>
   <trkpt lat="51.09933" lon="5.34952">
    <ele>66.26</ele>
   </trkpt>
   <trkpt lat="51.09955" lon="5.35027">
    <ele>66.63000000000001</ele>
   </trkpt>
   <trkpt lat="51.09991801741228" lon="5.351279967870634">
    <ele>66.92</ele>
   </trkpt>
   <trkpt lat="51.10028602612393" lon="5.352289951820361">
    <ele>66.88000000000001</ele>
   </trkpt>
   <trkpt lat="51.100654026134755" lon="5.3532999518492685">
    <ele>66.7</ele>
   </trkpt>
   <trkpt lat="51.10102201744446" lon="5.354309967957444">
    <ele>66.12</ele>
   </trkpt>
   <trkpt lat="51.10139" lon="5.355320000000001">
    <ele>66.79</ele>
   </trkpt>
   <trkpt lat="51.101400000000005" lon="5.35543">
    <ele>66.76</ele>
   </trkpt>
   <trkpt lat="51.101665001699345" lon="5.356049996586322">
    <ele>66.77000000000001</ele>
   </trkpt>
   <trkpt lat="51.10193" lon="5.35667">
    <ele>67.05000000000001</ele>
   </trkpt>
   <trkpt lat="51.10228000000001" lon="5.357640000000001">
    <ele>67.23</ele>
   </trkpt>
   <trkpt lat="51.102270000000004" lon="5.35761">
    <ele>67.22</ele>
   </trkpt>
   <trkpt lat="51.10251000199183" lon="5.358274996840862">
    <ele>67.4</ele>
   </trkpt>
   <trkpt lat="51.10275000000001" lon="5.3589400000000005">
    <ele>67.71000000000001</ele>
   </trkpt>
   <trkpt lat="51.103205006155875" lon="5.360144988042599">
    <ele>67.69</ele>
   </trkpt>
   <trkpt lat="51.103660000000005" lon="5.361350000000001">
    <ele>67.92</ele>
   </trkpt>
   <trkpt lat="51.10391000205881" lon="5.362064995785889">
    <ele>67.9</ele>
   </trkpt>
   <trkpt lat="51.10416000000001" lon="5.362780000000001">
    <ele>68.2</ele>
   </trkpt>
   <trkpt lat="51.10416000000001" lon="5.36277">
    <ele>68.2</ele>
   </trkpt>
   <trkpt lat="51.10434000000001" lon="5.3632800000000005">
    <ele>68.49000000000001</ele>
   </trkpt>
   <trkpt lat="51.10436000000001" lon="5.36341">
    <ele>68.49000000000001</ele>
   </trkpt>
   <trkpt lat="51.104400000000005" lon="5.363440000000001">
    <ele>68.36</ele>
   </trkpt>
   <trkpt lat="51.104440000000004" lon="5.36364">
    <ele>68.36</ele>
   </trkpt>
   <trkpt lat="51.10464" lon="5.36399">
    <ele>68.31</ele>
   </trkpt>
   <trkpt lat="51.10474667730017" lon="5.365106661492067">
    <ele>68.04</ele>
   </trkpt>
   <trkpt lat="51.104853343964876" lon="5.366223328138023">
    <ele>68.27000000000001</ele>
   </trkpt>
   <trkpt lat="51.104960000000005" lon="5.36734">
    <ele>68.10000000000001</ele>
   </trkpt>
   <trkpt lat="51.104960000000005" lon="5.367330000000001">
    <ele>68.11</ele>
   </trkpt>
   <trkpt lat="51.105000000000004" lon="5.367920000000001">
    <ele>68.05</ele>
   </trkpt>
   <trkpt lat="51.105780000013375" lon="5.367952498354673">
    <ele>67.13000000000001</ele>
   </trkpt>
   <trkpt lat="51.10656000001774" lon="5.367984997806182">
    <ele>67.26</ele>
   </trkpt>
   <trkpt lat="51.10734000001309" lon="5.368017498354593">
    <ele>67.55</ele>
   </trkpt>
   <trkpt lat="51.10812000000001" lon="5.36805">
    <ele>67.78</ele>
   </trkpt>
   <trkpt lat="51.10817" lon="5.36807">
    <ele>67.66000000000001</ele>
   </trkpt>
   <trkpt lat="51.10821000000001" lon="5.368130000000001">
    <ele>67.66000000000001</ele>
   </trkpt>
   <trkpt lat="51.108290000000004" lon="5.36805">
    <ele>67.59</ele>
   </trkpt>
   <trkpt lat="51.108470000000004" lon="5.368080000000001">
    <ele>67.55</ele>
   </trkpt>
   <trkpt lat="51.109304999998535" lon="5.368124999186436">
    <ele>67.59</ele>
   </trkpt>
   <trkpt lat="51.11014" lon="5.36817">
    <ele>67.60000000000001</ele>
   </trkpt>
   <trkpt lat="51.11103000000001" lon="5.36821">
    <ele>67.76</ele>
   </trkpt>
   <trkpt lat="51.11178" lon="5.368220000000001">
    <ele>67.98</ele>
   </trkpt>
   <trkpt lat="51.11254" lon="5.36826">
    <ele>67.62</ele>
   </trkpt>
   <trkpt lat="51.113080000000004" lon="5.36826">
    <ele>67.41000000000001</ele>
   </trkpt>
   <trkpt lat="51.113040000000005" lon="5.36826">
    <ele>67.44</ele>
   </trkpt>
   <trkpt lat="51.113540000082644" lon="5.368235000266508">
    <ele>66.73</ele>
   </trkpt>
   <trkpt lat="51.11404" lon="5.36821">
    <ele>66.33</ele>
   </trkpt>
   <trkpt lat="51.114160000000005" lon="5.36833">
    <ele>66.33</ele>
   </trkpt>
   <trkpt lat="51.114380000000004" lon="5.367970000000001">
    <ele>65.9</ele>
   </trkpt>
   <trkpt lat="51.11495667008542" lon="5.367333349266846">
    <ele>65.49000000000001</ele>
   </trkpt>
   <trkpt lat="51.11553333671389" lon="5.366696682642612">
    <ele>65.27000000000001</ele>
   </trkpt>
   <trkpt lat="51.116110000000006" lon="5.36606">
    <ele>65.06</ele>
   </trkpt>
   <trkpt lat="51.11658500211708" lon="5.365350007347709">
    <ele>64.80000000000001</ele>
   </trkpt>
   <trkpt lat="51.11706" lon="5.3646400000000005">
    <ele>64.63000000000001</ele>
   </trkpt>
   <trkpt lat="51.117250000000006" lon="5.364420000000001">
    <ele>64.63000000000001</ele>
   </trkpt>
   <trkpt lat="51.1174" lon="5.364310000000001">
    <ele>64.64</ele>
   </trkpt>
   <trkpt lat="51.11753" lon="5.364280000000001">
    <ele>64.58</ele>
   </trkpt>
   <trkpt lat="51.11766" lon="5.364260000000001">
    <ele>64.58</ele>
   </trkpt>
   <trkpt lat="51.11768000000001" lon="5.36434">
    <ele>64.58</ele>
   </trkpt>
   <trkpt lat="51.117720000000006" lon="5.364400000000001">
    <ele>64.51</ele>
   </trkpt>
   <trkpt lat="51.11778" lon="5.36441">
    <ele>64.51</ele>
   </trkpt>
   <trkpt lat="51.117830000000005" lon="5.36437">
    <ele>64.51</ele>
   </trkpt>
   <trkpt lat="51.11786000000001" lon="5.36422">
    <ele>64.51</ele>
   </trkpt>
   <trkpt lat="51.117940000000004" lon="5.36418">
    <ele>64.48</ele>
   </trkpt>
   <trkpt lat="51.118010000000005" lon="5.36418">
    <ele>64.48</ele>
   </trkpt>
   <trkpt lat="51.11883500025537" lon="5.364394996175963">
    <ele>64.34</ele>
   </trkpt>
   <trkpt lat="51.11966" lon="5.364610000000001">
    <ele>64.05000000000001</ele>
   </trkpt>
   <trkpt lat="51.11979" lon="5.364680000000001">
    <ele>64.02000000000001</ele>
   </trkpt>
   <trkpt lat="51.119870000000006" lon="5.36456">
    <ele>64.02000000000001</ele>
   </trkpt>
   <trkpt lat="51.12054000177817" lon="5.364185016327369">
    <ele>63.64</ele>
   </trkpt>
   <trkpt lat="51.1212100023571" lon="5.363810021777932">
    <ele>63.32</ele>
   </trkpt>
   <trkpt lat="51.12188000173677" lon="5.363435016351133">
    <ele>63.0</ele>
   </trkpt>
   <trkpt lat="51.122550000000004" lon="5.363060000000001">
    <ele>62.7</ele>
   </trkpt>
   <trkpt lat="51.12320000074932" lon="5.362650005748682">
    <ele>62.51000000000001</ele>
   </trkpt>
   <trkpt lat="51.123850000000004" lon="5.362240000000001">
    <ele>62.39000000000001</ele>
   </trkpt>
   <trkpt lat="51.12416" lon="5.362010000000001">
    <ele>62.27</ele>
   </trkpt>
   <trkpt lat="51.12469000221555" lon="5.361496678477403">
    <ele>62.03</ele>
   </trkpt>
   <trkpt lat="51.12522000218393" lon="5.360983345174872">
    <ele>61.94</ele>
   </trkpt>
   <trkpt lat="51.125750000000004" lon="5.36047">
    <ele>61.94</ele>
   </trkpt>
   <trkpt lat="51.125750000000004" lon="5.360460000000001">
    <ele>61.94</ele>
   </trkpt>
   <trkpt lat="51.125980000000006" lon="5.36021">
    <ele>62.050000000000004</ele>
   </trkpt>
   <trkpt lat="51.12608" lon="5.360180000000001">
    <ele>62.230000000000004</ele>
   </trkpt>
   <trkpt lat="51.12619" lon="5.360180000000001">
    <ele>62.24</ele>
   </trkpt>
   <trkpt lat="51.12619" lon="5.35998">
    <ele>62.21000000000001</ele>
   </trkpt>
   <trkpt lat="51.126310000000004" lon="5.359990000000001">
    <ele>61.82000000000001</ele>
   </trkpt>
   <trkpt lat="51.126580000000004" lon="5.3600900000000005">
    <ele>61.50000000000001</ele>
   </trkpt>
   <trkpt lat="51.12714999995814" lon="5.360164999065755">
    <ele>61.89000000000001</ele>
   </trkpt>
   <trkpt lat="51.127720000000004" lon="5.36024">
    <ele>61.74</ele>
   </trkpt>
   <trkpt lat="51.128150000000005" lon="5.36029">
    <ele>61.74</ele>
   </trkpt>
   <trkpt lat="51.12841" lon="5.36031">
    <ele>61.620000000000005</ele>
   </trkpt>
   <trkpt lat="51.128600000000006" lon="5.36026">
    <ele>61.620000000000005</ele>
   </trkpt>
   <trkpt lat="51.128620000000005" lon="5.360200000000001">
    <ele>61.620000000000005</ele>
   </trkpt>
   <trkpt lat="51.128840000000004" lon="5.359970000000001">
    <ele>61.49</ele>
   </trkpt>
   <trkpt lat="51.12908" lon="5.35979">
    <ele>61.46000000000001</ele>
   </trkpt>
   <trkpt lat="51.12984" lon="5.35934">
    <ele>61.27</ele>
   </trkpt>
   <trkpt lat="51.130660000000006" lon="5.35897">
    <ele>61.14000000000001</ele>
   </trkpt>
   <trkpt lat="51.131040000000006" lon="5.35895">
    <ele>61.15</ele>
   </trkpt>
   <trkpt lat="51.131220000000006" lon="5.358960000000001">
    <ele>60.940000000000005</ele>
   </trkpt>
   <trkpt lat="51.13183666662639" lon="5.358940000535568">
    <ele>60.940000000000005</ele>
   </trkpt>
   <trkpt lat="51.13245333324937" lon="5.358920000536994">
    <ele>60.71000000000001</ele>
   </trkpt>
   <trkpt lat="51.133070000000004" lon="5.3589">
    <ele>60.620000000000005</ele>
   </trkpt>
   <trkpt lat="51.133320000000005" lon="5.35885">
    <ele>60.38</ele>
   </trkpt>
   <trkpt lat="51.133370000000006" lon="5.358820000000001">
    <ele>60.38</ele>
   </trkpt>
   <trkpt lat="51.134100000000004" lon="5.35859">
    <ele>60.36</ele>
   </trkpt>
   <trkpt lat="51.134540000185574" lon="5.35844000139879">
    <ele>60.06</ele>
   </trkpt>
   <trkpt lat="51.134980000000006" lon="5.35829">
    <ele>59.940000000000005</ele>
   </trkpt>
   <trkpt lat="51.13496000000001" lon="5.358300000000001">
    <ele>59.940000000000005</ele>
   </trkpt>
   <trkpt lat="51.135630000000006" lon="5.3580700000000006">
    <ele>60.09</ele>
   </trkpt>
   <trkpt lat="51.13555" lon="5.356800000000001">
    <ele>59.7</ele>
   </trkpt>
   <trkpt lat="51.13562" lon="5.3566">
    <ele>59.760000000000005</ele>
   </trkpt>
   <trkpt lat="51.13598" lon="5.355980000000001">
    <ele>59.72</ele>
   </trkpt>
   <trkpt lat="51.13628500130762" lon="5.355420003753289">
    <ele>58.84</ele>
   </trkpt>
   <trkpt lat="51.136590000000005" lon="5.35486">
    <ele>59.25</ele>
   </trkpt>
   <trkpt lat="51.13676" lon="5.35475">
    <ele>59.46000000000001</ele>
   </trkpt>
   <trkpt lat="51.13696" lon="5.35475">
    <ele>59.45</ele>
   </trkpt>
   <trkpt lat="51.137130000000006" lon="5.35472">
    <ele>59.480000000000004</ele>
   </trkpt>
   <trkpt lat="51.137350000000005" lon="5.35465">
    <ele>59.52</ele>
   </trkpt>
   <trkpt lat="51.13747000000001" lon="5.35465">
    <ele>59.63</ele>
   </trkpt>
   <trkpt lat="51.13752" lon="5.35468">
    <ele>59.63</ele>
   </trkpt>
   <trkpt lat="51.13758000000001" lon="5.354780000000001">
    <ele>59.54</ele>
   </trkpt>
   <trkpt lat="51.13815000154287" lon="5.355384992511907">
    <ele>59.36</ele>
   </trkpt>
   <trkpt lat="51.138720000000006" lon="5.35599">
    <ele>59.510000000000005</ele>
   </trkpt>
   <trkpt lat="51.13902" lon="5.35634">
    <ele>59.11</ele>
   </trkpt>
   <trkpt lat="51.13913" lon="5.3564300000000005">
    <ele>59.080000000000005</ele>
   </trkpt>
   <trkpt lat="51.13927" lon="5.356450000000001">
    <ele>59.14</ele>
   </trkpt>
   <trkpt lat="51.139920000000004" lon="5.35606">
    <ele>58.89</ele>
   </trkpt>
   <trkpt lat="51.14011000000001" lon="5.355930000000001">
    <ele>58.980000000000004</ele>
   </trkpt>
   <trkpt lat="51.14018" lon="5.355860000000001">
    <ele>59.35000000000001</ele>
   </trkpt>
   <trkpt lat="51.140370000000004" lon="5.35557">
    <ele>59.74</ele>
   </trkpt>
   <trkpt lat="51.140530000000005" lon="5.355370000000001">
    <ele>59.89000000000001</ele>
   </trkpt>
   <trkpt lat="51.14068" lon="5.355270000000001">
    <ele>59.65</ele>
   </trkpt>
   <trkpt lat="51.1411" lon="5.35507">
    <ele>59.03000000000001</ele>
   </trkpt>
   <trkpt lat="51.14188500023872" lon="5.35484500381958">
    <ele>58.67000000000001</ele>
   </trkpt>
   <trkpt lat="51.14267" lon="5.354620000000001">
    <ele>59.27</ele>
   </trkpt>
   <trkpt lat="51.14311000000001" lon="5.3546000000000005">
    <ele>59.32</ele>
   </trkpt>
   <trkpt lat="51.14356" lon="5.35461">
    <ele>59.11</ele>
   </trkpt>
   <trkpt lat="51.14352" lon="5.35461">
    <ele>59.09</ele>
   </trkpt>
   <trkpt lat="51.1439" lon="5.354620000000001">
    <ele>59.410000000000004</ele>
   </trkpt>
   <trkpt lat="51.144040000000004" lon="5.354660000000001">
    <ele>59.300000000000004</ele>
   </trkpt>
   <trkpt lat="51.14459" lon="5.354690000000001">
    <ele>58.620000000000005</ele>
   </trkpt>
   <trkpt lat="51.144670000000005" lon="5.35475">
    <ele>58.620000000000005</ele>
   </trkpt>
   <trkpt lat="51.14479000000001" lon="5.35503">
    <ele>58.440000000000005</ele>
   </trkpt>
   <trkpt lat="51.144850000000005" lon="5.355090000000001">
    <ele>58.39</ele>
   </trkpt>
   <trkpt lat="51.14488000000001" lon="5.355180000000001">
    <ele>58.38</ele>
   </trkpt>
   <trkpt lat="51.14491" lon="5.35536">
    <ele>58.31000000000001</ele>
   </trkpt>
   <trkpt lat="51.144940000000005" lon="5.356470000000001">
    <ele>58.660000000000004</ele>
   </trkpt>
   <trkpt lat="51.145" lon="5.356990000000001">
    <ele>59.190000000000005</ele>
   </trkpt>
   <trkpt lat="51.14518" lon="5.35777">
    <ele>59.31</ele>
   </trkpt>
   <trkpt lat="51.145430000000005" lon="5.35857">
    <ele>59.160000000000004</ele>
   </trkpt>
   <trkpt lat="51.14553" lon="5.35883">
    <ele>58.82</ele>
   </trkpt>
   <trkpt lat="51.14587000168841" lon="5.359474995087035">
    <ele>58.480000000000004</ele>
   </trkpt>
   <trkpt lat="51.14621" lon="5.36012">
    <ele>58.650000000000006</ele>
   </trkpt>
   <trkpt lat="51.146595002680954" lon="5.360904993561667">
    <ele>58.160000000000004</ele>
   </trkpt>
   <trkpt lat="51.146980000000006" lon="5.36169">
    <ele>58.2</ele>
   </trkpt>
   <trkpt lat="51.14699" lon="5.361700000000001">
    <ele>58.21</ele>
   </trkpt>
   <trkpt lat="51.14732000000001" lon="5.36237">
    <ele>59.0</ele>
   </trkpt>
   <trkpt lat="51.147360000000006" lon="5.36258">
    <ele>59.24000000000001</ele>
   </trkpt>
   <trkpt lat="51.14748" lon="5.362570000000001">
    <ele>59.29</ele>
   </trkpt>
   <trkpt lat="51.147580000000005" lon="5.3626000000000005">
    <ele>59.29</ele>
   </trkpt>
   <trkpt lat="51.14770000000001" lon="5.36268">
    <ele>59.440000000000005</ele>
   </trkpt>
   <trkpt lat="51.14816000389396" lon="5.363629990627203">
    <ele>60.010000000000005</ele>
   </trkpt>
   <trkpt lat="51.14862" lon="5.36458">
    <ele>60.660000000000004</ele>
   </trkpt>
   <trkpt lat="51.14875000000001" lon="5.364870000000001">
    <ele>60.74</ele>
   </trkpt>
   <trkpt lat="51.148790000000005" lon="5.36509">
    <ele>60.89000000000001</ele>
   </trkpt>
   <trkpt lat="51.14896" lon="5.365080000000001">
    <ele>61.06</ele>
   </trkpt>
   <trkpt lat="51.14898" lon="5.36538">
    <ele>60.980000000000004</ele>
   </trkpt>
   <trkpt lat="51.14905" lon="5.365530000000001">
    <ele>60.980000000000004</ele>
   </trkpt>
   <trkpt lat="51.149563340696574" lon="5.366459979290707">
    <ele>60.93000000000001</ele>
   </trkpt>
   <trkpt lat="51.15007667401888" lon="5.3673899792703486">
    <ele>61.07000000000001</ele>
   </trkpt>
   <trkpt lat="51.15059" lon="5.368320000000001">
    <ele>61.120000000000005</ele>
   </trkpt>
   <trkpt lat="51.15086" lon="5.36882">
    <ele>61.24</ele>
   </trkpt>
   <trkpt lat="51.15097" lon="5.3690500000000005">
    <ele>61.410000000000004</ele>
   </trkpt>
   <trkpt lat="51.15133500580766" lon="5.3702149908545005">
    <ele>62.06</ele>
   </trkpt>
   <trkpt lat="51.151700000000005" lon="5.37138">
    <ele>62.040000000000006</ele>
   </trkpt>
   <trkpt lat="51.152" lon="5.3726">
    <ele>61.900000000000006</ele>
   </trkpt>
   <trkpt lat="51.15225" lon="5.3733900000000006">
    <ele>61.56</ele>
   </trkpt>
   <trkpt lat="51.152697509058875" lon="5.374232475453295">
    <ele>61.32000000000001</ele>
   </trkpt>
   <trkpt lat="51.153145012066055" lon="5.375074967247129">
    <ele>60.82000000000001</ele>
   </trkpt>
   <trkpt lat="51.15359250902133" lon="5.375917475381863">
    <ele>60.77</ele>
   </trkpt>
   <trkpt lat="51.15404" lon="5.376760000000001">
    <ele>60.67</ele>
   </trkpt>
   <trkpt lat="51.15419000000001" lon="5.377160000000001">
    <ele>60.56</ele>
   </trkpt>
   <trkpt lat="51.15419000000001" lon="5.377330000000001">
    <ele>60.56</ele>
   </trkpt>
   <trkpt lat="51.154270000000004" lon="5.3775900000000005">
    <ele>60.550000000000004</ele>
   </trkpt>
   <trkpt lat="51.154650000000004" lon="5.37844">
    <ele>60.47</ele>
   </trkpt>
   <trkpt lat="51.154810000000005" lon="5.37861">
    <ele>60.47</ele>
   </trkpt>
   <trkpt lat="51.15487" lon="5.378710000000001">
    <ele>60.45</ele>
   </trkpt>
   <trkpt lat="51.154990000000005" lon="5.379020000000001">
    <ele>60.42</ele>
   </trkpt>
   <trkpt lat="51.154990000000005" lon="5.3790000000000004">
    <ele>60.43000000000001</ele>
   </trkpt>
   <trkpt lat="51.15541" lon="5.3801000000000005">
    <ele>60.64000000000001</ele>
   </trkpt>
   <trkpt lat="51.15536" lon="5.3802">
    <ele>60.54</ele>
   </trkpt>
   <trkpt lat="51.15536" lon="5.38032">
    <ele>60.54</ele>
   </trkpt>
   <trkpt lat="51.155390000000004" lon="5.38037">
    <ele>60.54</ele>
   </trkpt>
   <trkpt lat="51.15547" lon="5.38041">
    <ele>60.54</ele>
   </trkpt>
   <trkpt lat="51.15551000000001" lon="5.38039">
    <ele>60.54</ele>
   </trkpt>
   <trkpt lat="51.155820000000006" lon="5.38126">
    <ele>60.660000000000004</ele>
   </trkpt>
   <trkpt lat="51.15597" lon="5.38196">
    <ele>60.75000000000001</ele>
   </trkpt>
   <trkpt lat="51.156000000000006" lon="5.3825">
    <ele>60.660000000000004</ele>
   </trkpt>
   <trkpt lat="51.15597" lon="5.38288">
    <ele>60.64000000000001</ele>
   </trkpt>
   <trkpt lat="51.156060000000004" lon="5.38292">
    <ele>60.660000000000004</ele>
   </trkpt>
   <trkpt lat="51.15612" lon="5.382980000000001">
    <ele>60.660000000000004</ele>
   </trkpt>
   <trkpt lat="51.15616000000001" lon="5.38306">
    <ele>60.65</ele>
   </trkpt>
   <trkpt lat="51.156692511842394" lon="5.384022466664773">
    <ele>60.35000000000001</ele>
   </trkpt>
   <trkpt lat="51.15722501578668" lon="5.384984955546517">
    <ele>60.68000000000001</ele>
   </trkpt>
   <trkpt lat="51.15775751183258" lon="5.385947466645836">
    <ele>60.76</ele>
   </trkpt>
   <trkpt lat="51.15829" lon="5.38691">
    <ele>60.800000000000004</ele>
   </trkpt>
   <trkpt lat="51.158550000000005" lon="5.38741">
    <ele>60.72</ele>
   </trkpt>
   <trkpt lat="51.158680000000004" lon="5.387720000000001">
    <ele>60.510000000000005</ele>
   </trkpt>
   <trkpt lat="51.158680000000004" lon="5.38771">
    <ele>60.510000000000005</ele>
   </trkpt>
   <trkpt lat="51.15903000258886" lon="5.388494993959287">
    <ele>60.32000000000001</ele>
   </trkpt>
   <trkpt lat="51.159380000000006" lon="5.38928">
    <ele>60.410000000000004</ele>
   </trkpt>
   <trkpt lat="51.159870002774895" lon="5.390069991793564">
    <ele>60.06</ele>
   </trkpt>
   <trkpt lat="51.160360000000004" lon="5.390860000000001">
    <ele>60.230000000000004</ele>
   </trkpt>
   <trkpt lat="51.16087" lon="5.39154">
    <ele>60.27</ele>
   </trkpt>
   <trkpt lat="51.16132" lon="5.39196">
    <ele>59.830000000000005</ele>
   </trkpt>
   <trkpt lat="51.161815000853764" lon="5.39235499591198">
    <ele>59.690000000000005</ele>
   </trkpt>
   <trkpt lat="51.162310000000005" lon="5.39275">
    <ele>59.34</ele>
   </trkpt>
   <trkpt lat="51.16275" lon="5.393160000000001">
    <ele>59.06</ele>
   </trkpt>
   <trkpt lat="51.16320500090716" lon="5.39361999546779">
    <ele>58.690000000000005</ele>
   </trkpt>
   <trkpt lat="51.16366000000001" lon="5.394080000000001">
    <ele>58.330000000000005</ele>
   </trkpt>
   <trkpt lat="51.16366000000001" lon="5.39407">
    <ele>58.34</ele>
   </trkpt>
   <trkpt lat="51.16396" lon="5.39437">
    <ele>58.230000000000004</ele>
   </trkpt>
   <trkpt lat="51.164060000000006" lon="5.394520000000001">
    <ele>58.330000000000005</ele>
   </trkpt>
   <trkpt lat="51.16471000000001" lon="5.3937800000000005">
    <ele>58.21</ele>
   </trkpt>
   <trkpt lat="51.165320002291615" lon="5.393050009630405">
    <ele>57.77</ele>
   </trkpt>
   <trkpt lat="51.16593" lon="5.392320000000001">
    <ele>58.45</ele>
   </trkpt>
   <trkpt lat="51.16644000049628" lon="5.392644996435627">
    <ele>57.36</ele>
   </trkpt>
   <trkpt lat="51.16695000000001" lon="5.39297">
    <ele>57.190000000000005</ele>
   </trkpt>
   <trkpt lat="51.16725" lon="5.3931000000000004">
    <ele>57.31</ele>
   </trkpt>
   <trkpt lat="51.16772" lon="5.393420000000001">
    <ele>58.75</ele>
   </trkpt>
   <trkpt lat="51.16798000000001" lon="5.393350000000001">
    <ele>58.220000000000006</ele>
   </trkpt>
   <trkpt lat="51.168380000000006" lon="5.393210000000001">
    <ele>58.04</ele>
   </trkpt>
   <trkpt lat="51.16859" lon="5.39299">
    <ele>58.2</ele>
   </trkpt>
   <trkpt lat="51.169180000000004" lon="5.39228">
    <ele>58.60000000000001</ele>
   </trkpt>
   <trkpt lat="51.169777508179756" lon="5.3914800311007625">
    <ele>58.35</ele>
   </trkpt>
   <trkpt lat="51.17037501090377" lon="5.390680041471886">
    <ele>58.330000000000005</ele>
   </trkpt>
   <trkpt lat="51.170972508171765" lon="5.389880031112582">
    <ele>58.43</ele>
   </trkpt>
   <trkpt lat="51.17157" lon="5.389080000000001">
    <ele>57.980000000000004</ele>
   </trkpt>
   <trkpt lat="51.17193500105761" lon="5.388585003900176">
    <ele>57.940000000000005</ele>
   </trkpt>
   <trkpt lat="51.17230000000001" lon="5.38809">
    <ele>57.760000000000005</ele>
   </trkpt>
   <trkpt lat="51.172850000000004" lon="5.38745">
    <ele>57.440000000000005</ele>
   </trkpt>
   <trkpt lat="51.173664006071036" lon="5.3868540420750435">
    <ele>56.78</ele>
   </trkpt>
   <trkpt lat="51.17447800911423" lon="5.386258063108353">
    <ele>56.5</ele>
   </trkpt>
   <trkpt lat="51.17529200912942" lon="5.3856620630986525">
    <ele>56.900000000000006</ele>
   </trkpt>
   <trkpt lat="51.17610600611639" lon="5.385066042044665">
    <ele>56.45</ele>
   </trkpt>
   <trkpt lat="51.17692" lon="5.38447">
    <ele>55.95</ele>
   </trkpt>
   <trkpt lat="51.177710001577125" lon="5.383875010144153">
    <ele>56.050000000000004</ele>
   </trkpt>
   <trkpt lat="51.17850000000001" lon="5.38328">
    <ele>56.080000000000005</ele>
   </trkpt>
   <trkpt lat="51.17912333507417" lon="5.382830012158302">
    <ele>55.86000000000001</ele>
   </trkpt>
   <trkpt lat="51.17974666842218" lon="5.382380012147917">
    <ele>55.85</ele>
   </trkpt>
   <trkpt lat="51.18037" lon="5.3819300000000005">
    <ele>55.28</ele>
   </trkpt>
   <trkpt lat="51.18095" lon="5.3815100000000005">
    <ele>55.720000000000006</ele>
   </trkpt>
   <trkpt lat="51.18099" lon="5.38152">
    <ele>55.720000000000006</ele>
   </trkpt>
   <trkpt lat="51.18104" lon="5.38156">
    <ele>55.61000000000001</ele>
   </trkpt>
   <trkpt lat="51.18108" lon="5.3817">
    <ele>55.61000000000001</ele>
   </trkpt>
   <trkpt lat="51.18110500287505" lon="5.38251999985652">
    <ele>55.7</ele>
   </trkpt>
   <trkpt lat="51.18113" lon="5.3833400000000005">
    <ele>55.970000000000006</ele>
   </trkpt>
   <trkpt lat="51.18115001268795" lon="5.384559998964791">
    <ele>56.080000000000005</ele>
   </trkpt>
   <trkpt lat="51.181170012688355" lon="5.385779998988531">
    <ele>56.440000000000005</ele>
   </trkpt>
   <trkpt lat="51.18119" lon="5.3870000000000005">
    <ele>56.11000000000001</ele>
   </trkpt>
   <trkpt lat="51.181190003152295" lon="5.387860000206368">
    <ele>55.940000000000005</ele>
   </trkpt>
   <trkpt lat="51.18119" lon="5.38872">
    <ele>55.82</ele>
   </trkpt>
   <trkpt lat="51.181180000000005" lon="5.38968">
    <ele>55.580000000000005</ele>
   </trkpt>
   <trkpt lat="51.18114500312651" lon="5.390535000386012">
    <ele>55.18000000000001</ele>
   </trkpt>
   <trkpt lat="51.181110000000004" lon="5.39139">
    <ele>55.02</ele>
   </trkpt>
   <trkpt lat="51.18113000791012" lon="5.392353332471638">
    <ele>56.06</ele>
   </trkpt>
   <trkpt lat="51.1811500079096" lon="5.39331666577934">
    <ele>57.650000000000006</ele>
   </trkpt>
   <trkpt lat="51.18117" lon="5.39428">
    <ele>57.650000000000006</ele>
   </trkpt>
   <trkpt lat="51.18121000000001" lon="5.394850000000001">
    <ele>57.24</ele>
   </trkpt>
   <trkpt lat="51.18126" lon="5.39527">
    <ele>56.38</ele>
   </trkpt>
   <trkpt lat="51.18135" lon="5.395650000000001">
    <ele>55.260000000000005</ele>
   </trkpt>
   <trkpt lat="51.18150000000001" lon="5.39606">
    <ele>55.040000000000006</ele>
   </trkpt>
   <trkpt lat="51.181720000000006" lon="5.396470000000001">
    <ele>54.3</ele>
   </trkpt>
   <trkpt lat="51.182030000000005" lon="5.39691">
    <ele>54.050000000000004</ele>
   </trkpt>
   <trkpt lat="51.18267500281823" lon="5.397714988806123">
    <ele>53.540000000000006</ele>
   </trkpt>
   <trkpt lat="51.18332" lon="5.39852">
    <ele>53.120000000000005</ele>
   </trkpt>
   <trkpt lat="51.183310000000006" lon="5.398510000000001">
    <ele>53.13</ele>
   </trkpt>
   <trkpt lat="51.18363" lon="5.39892">
    <ele>52.97</ele>
   </trkpt>
   <trkpt lat="51.183710000000005" lon="5.399">
    <ele>52.97</ele>
   </trkpt>
   <trkpt lat="51.18351001011898" lon="5.400090009505731">
    <ele>52.54</ele>
   </trkpt>
   <trkpt lat="51.18331001011031" lon="5.401180009552758">
    <ele>52.43000000000001</ele>
   </trkpt>
   <trkpt lat="51.183110000000006" lon="5.402270000000001">
    <ele>51.59</ele>
   </trkpt>
   <trkpt lat="51.18287000964976" lon="5.40333334435461">
    <ele>51.440000000000005</ele>
   </trkpt>
   <trkpt lat="51.18263000966129" lon="5.404396677636649">
    <ele>51.86</ele>
   </trkpt>
   <trkpt lat="51.182390000000005" lon="5.405460000000001">
    <ele>52.18</ele>
   </trkpt>
   <trkpt lat="51.182955001183124" lon="5.405969993816084">
    <ele>51.49</ele>
   </trkpt>
   <trkpt lat="51.18352" lon="5.40648">
    <ele>51.620000000000005</ele>
   </trkpt>
   <trkpt lat="51.184290000000004" lon="5.40714">
    <ele>51.31</ele>
   </trkpt>
   <trkpt lat="51.184430000000006" lon="5.40721">
    <ele>51.410000000000004</ele>
   </trkpt>
   <trkpt lat="51.18471" lon="5.4073">
    <ele>51.65</ele>
   </trkpt>
   <trkpt lat="51.18473" lon="5.40746">
    <ele>51.65</ele>
   </trkpt>
   <trkpt lat="51.18499334926208" lon="5.408826651090615">
    <ele>51.68</ele>
   </trkpt>
   <trkpt lat="51.18525668260328" lon="5.410193317797823">
    <ele>51.5</ele>
   </trkpt>
   <trkpt lat="51.185520000000004" lon="5.411560000000001">
    <ele>51.34</ele>
   </trkpt>
   <trkpt lat="51.185590000000005" lon="5.411790000000001">
    <ele>51.34</ele>
   </trkpt>
   <trkpt lat="51.18591500298572" lon="5.412629994021142">
    <ele>51.260000000000005</ele>
   </trkpt>
   <trkpt lat="51.186240000000005" lon="5.41347">
    <ele>51.080000000000005</ele>
   </trkpt>
   <trkpt lat="51.18660500442166" lon="5.414489991887226">
    <ele>50.82</ele>
   </trkpt>
   <trkpt lat="51.18697" lon="5.41551">
    <ele>50.7</ele>
   </trkpt>
   <trkpt lat="51.187270000000005" lon="5.41645">
    <ele>50.550000000000004</ele>
   </trkpt>
   <trkpt lat="51.187270000000005" lon="5.4164200000000005">
    <ele>50.550000000000004</ele>
   </trkpt>
   <trkpt lat="51.18755000745907" lon="5.417356655220872">
    <ele>50.550000000000004</ele>
   </trkpt>
   <trkpt lat="51.18783000743985" lon="5.418293321823074">
    <ele>50.29</ele>
   </trkpt>
   <trkpt lat="51.18811" lon="5.419230000000001">
    <ele>49.93</ele>
   </trkpt>
   <trkpt lat="51.18847334118544" lon="5.420189984854026">
    <ele>49.940000000000005</ele>
   </trkpt>
   <trkpt lat="51.188836674515464" lon="5.421149984845021">
    <ele>49.95</ele>
   </trkpt>
   <trkpt lat="51.18920000000001" lon="5.422110000000001">
    <ele>49.730000000000004</ele>
   </trkpt>
   <trkpt lat="51.18921" lon="5.422110000000001">
    <ele>49.720000000000006</ele>
   </trkpt>
   <trkpt lat="51.18976001032858" lon="5.42320997377323">
    <ele>49.290000000000006</ele>
   </trkpt>
   <trkpt lat="51.19031001034365" lon="5.424309973802879">
    <ele>48.75</ele>
   </trkpt>
   <trkpt lat="51.19086" lon="5.42541">
    <ele>49.150000000000006</ele>
   </trkpt>
   <trkpt lat="51.190870000000004" lon="5.4255700000000004">
    <ele>49.150000000000006</ele>
   </trkpt>
   <trkpt lat="51.19124000000001" lon="5.42588">
    <ele>49.0</ele>
   </trkpt>
   <trkpt lat="51.19176" lon="5.426270000000001">
    <ele>48.67</ele>
   </trkpt>
   <trkpt lat="51.191950000000006" lon="5.426380000000001">
    <ele>48.64</ele>
   </trkpt>
   <trkpt lat="51.19255000014824" lon="5.42653332932687">
    <ele>48.32</ele>
   </trkpt>
   <trkpt lat="51.19315000009606" lon="5.426686662646807">
    <ele>48.14</ele>
   </trkpt>
   <trkpt lat="51.19375" lon="5.42684">
    <ele>47.980000000000004</ele>
   </trkpt>
   <trkpt lat="51.19395" lon="5.426970000000001">
    <ele>47.980000000000004</ele>
   </trkpt>
   <trkpt lat="51.19455333631936" lon="5.42756331778036">
    <ele>47.64</ele>
   </trkpt>
   <trkpt lat="51.195156669638195" lon="5.4281566510991475">
    <ele>47.41</ele>
   </trkpt>
   <trkpt lat="51.19576000000001" lon="5.428750000000001">
    <ele>47.5</ele>
   </trkpt>
   <trkpt lat="51.195820000000005" lon="5.42879">
    <ele>47.5</ele>
   </trkpt>
   <trkpt lat="51.19592" lon="5.428800000000001">
    <ele>47.790000000000006</ele>
   </trkpt>
   <trkpt lat="51.195930000000004" lon="5.429010000000001">
    <ele>47.870000000000005</ele>
   </trkpt>
   <trkpt lat="51.19617" lon="5.429010000000001">
    <ele>47.78</ele>
   </trkpt>
   <trkpt lat="51.19699000019886" lon="5.429194996719284">
    <ele>47.34</ele>
   </trkpt>
   <trkpt lat="51.197810000000004" lon="5.42938">
    <ele>47.59</ele>
   </trkpt>
   <trkpt lat="51.197720000000004" lon="5.42989">
    <ele>47.14</ele>
   </trkpt>
   <trkpt lat="51.19758500198065" lon="5.430575002103626">
    <ele>47.06</ele>
   </trkpt>
   <trkpt lat="51.19745" lon="5.431260000000001">
    <ele>47.43000000000001</ele>
   </trkpt>
   <trkpt lat="51.19742" lon="5.43154">
    <ele>47.330000000000005</ele>
   </trkpt>
   <trkpt lat="51.19749" lon="5.43167">
    <ele>47.330000000000005</ele>
   </trkpt>
   <trkpt lat="51.197785002475555" lon="5.432429995169752">
    <ele>46.660000000000004</ele>
   </trkpt>
   <trkpt lat="51.198080000000004" lon="5.433190000000001">
    <ele>45.92</ele>
   </trkpt>
   <trkpt lat="51.19820000000001" lon="5.43339">
    <ele>45.92</ele>
   </trkpt>
   <trkpt lat="51.19891500514673" lon="5.434024970426285">
    <ele>45.27</ele>
   </trkpt>
   <trkpt lat="51.199630006856914" lon="5.434659960562801">
    <ele>45.040000000000006</ele>
   </trkpt>
   <trkpt lat="51.20034500513037" lon="5.435294970410567">
    <ele>44.63</ele>
   </trkpt>
   <trkpt lat="51.201060000000005" lon="5.435930000000001">
    <ele>44.52</ele>
   </trkpt>
   <trkpt lat="51.2013" lon="5.43609">
    <ele>44.480000000000004</ele>
   </trkpt>
   <trkpt lat="51.20152" lon="5.4362">
    <ele>44.480000000000004</ele>
   </trkpt>
   <trkpt lat="51.201800000000006" lon="5.43625">
    <ele>44.43000000000001</ele>
   </trkpt>
   <trkpt lat="51.202344999929004" lon="5.43625499994019">
    <ele>44.43000000000001</ele>
   </trkpt>
   <trkpt lat="51.202890000000004" lon="5.436260000000001">
    <ele>44.300000000000004</ele>
   </trkpt>
   <trkpt lat="51.20291" lon="5.436260000000001">
    <ele>44.28000000000001</ele>
   </trkpt>
   <trkpt lat="51.203430000000004" lon="5.436260000000001">
    <ele>44.09</ele>
   </trkpt>
   <trkpt lat="51.203410000000005" lon="5.436890000000001">
    <ele>43.61</ele>
   </trkpt>
   <trkpt lat="51.20333" lon="5.43764">
    <ele>43.620000000000005</ele>
   </trkpt>
   <trkpt lat="51.203210000000006" lon="5.438090000000001">
    <ele>43.620000000000005</ele>
   </trkpt>
   <trkpt lat="51.20286500254209" lon="5.438860005732664">
    <ele>43.25</ele>
   </trkpt>
   <trkpt lat="51.20252000000001" lon="5.43963">
    <ele>43.050000000000004</ele>
   </trkpt>
   <trkpt lat="51.20235" lon="5.44014">
    <ele>42.980000000000004</ele>
   </trkpt>
   <trkpt lat="51.20207500448671" lon="5.441170006277505">
    <ele>43.050000000000004</ele>
   </trkpt>
   <trkpt lat="51.201800000000006" lon="5.442200000000001">
    <ele>43.980000000000004</ele>
   </trkpt>
   <trkpt lat="51.201690000000006" lon="5.44247">
    <ele>44.2</ele>
   </trkpt>
   <trkpt lat="51.201930000000004" lon="5.442900000000001">
    <ele>44.26</ele>
   </trkpt>
   <trkpt lat="51.20206" lon="5.443250000000001">
    <ele>44.43000000000001</ele>
   </trkpt>
   <trkpt lat="51.20203000000001" lon="5.44331">
    <ele>44.43000000000001</ele>
   </trkpt>
   <trkpt lat="51.202020000000005" lon="5.4434000000000005">
    <ele>44.47</ele>
   </trkpt>
   <trkpt lat="51.20205000000001" lon="5.443490000000001">
    <ele>44.47</ele>
   </trkpt>
   <trkpt lat="51.2021" lon="5.443530000000001">
    <ele>44.47</ele>
   </trkpt>
   <trkpt lat="51.2021" lon="5.44381">
    <ele>44.480000000000004</ele>
   </trkpt>
   <trkpt lat="51.202200000000005" lon="5.4443600000000005">
    <ele>44.58</ele>
   </trkpt>
   <trkpt lat="51.202220000000004" lon="5.4446">
    <ele>44.58</ele>
   </trkpt>
   <trkpt lat="51.202220000000004" lon="5.44587">
    <ele>44.730000000000004</ele>
   </trkpt>
   <trkpt lat="51.202290002188306" lon="5.446589998691635">
    <ele>44.82000000000001</ele>
   </trkpt>
   <trkpt lat="51.202360000000006" lon="5.447310000000001">
    <ele>44.94</ele>
   </trkpt>
   <trkpt lat="51.20243000000001" lon="5.44786">
    <ele>44.94</ele>
   </trkpt>
   <trkpt lat="51.202575002427935" lon="5.448614997617112">
    <ele>44.94</ele>
   </trkpt>
   <trkpt lat="51.20272000000001" lon="5.44937">
    <ele>44.93000000000001</ele>
   </trkpt>
   <trkpt lat="51.20273" lon="5.44939">
    <ele>44.93000000000001</ele>
   </trkpt>
   <trkpt lat="51.20277" lon="5.449590000000001">
    <ele>44.93000000000001</ele>
   </trkpt>
   <trkpt lat="51.20279000000001" lon="5.44995">
    <ele>44.910000000000004</ele>
   </trkpt>
   <trkpt lat="51.202760000000005" lon="5.4501100000000005">
    <ele>44.910000000000004</ele>
   </trkpt>
   <trkpt lat="51.20271" lon="5.4502500000000005">
    <ele>44.910000000000004</ele>
   </trkpt>
   <trkpt lat="51.20279000000001" lon="5.4503200000000005">
    <ele>44.910000000000004</ele>
   </trkpt>
   <trkpt lat="51.20290000000001" lon="5.450270000000001">
    <ele>44.870000000000005</ele>
   </trkpt>
   <trkpt lat="51.202960000000004" lon="5.45058">
    <ele>44.71000000000001</ele>
   </trkpt>
   <trkpt lat="51.203030000000005" lon="5.450690000000001">
    <ele>44.71000000000001</ele>
   </trkpt>
   <trkpt lat="51.203120000000006" lon="5.45061">
    <ele>44.71000000000001</ele>
   </trkpt>
   <trkpt lat="51.203660000000006" lon="5.45037">
    <ele>44.34</ele>
   </trkpt>
   <trkpt lat="51.20427" lon="5.4503200000000005">
    <ele>44.480000000000004</ele>
   </trkpt>
   <trkpt lat="51.2051" lon="5.45047">
    <ele>44.53000000000001</ele>
   </trkpt>
   <trkpt lat="51.20577" lon="5.4505300000000005">
    <ele>44.34</ele>
   </trkpt>
   <trkpt lat="51.205940000000005" lon="5.450570000000001">
    <ele>44.39000000000001</ele>
   </trkpt>
   <trkpt lat="51.2064" lon="5.450760000000001">
    <ele>44.36</ele>
   </trkpt>
   <trkpt lat="51.206500000000005" lon="5.450760000000001">
    <ele>44.36</ele>
   </trkpt>
   <trkpt lat="51.207350000000005" lon="5.45047">
    <ele>44.22</ele>
   </trkpt>
   <trkpt lat="51.207420000000006" lon="5.45049">
    <ele>44.22</ele>
   </trkpt>
   <trkpt lat="51.20794000046882" lon="5.450814996342086">
    <ele>43.9</ele>
   </trkpt>
   <trkpt lat="51.20846" lon="5.4511400000000005">
    <ele>43.72</ele>
   </trkpt>
   <trkpt lat="51.20859" lon="5.451280000000001">
    <ele>43.67</ele>
   </trkpt>
   <trkpt lat="51.208850000000005" lon="5.451700000000001">
    <ele>43.60000000000001</ele>
   </trkpt>
   <trkpt lat="51.209050000000005" lon="5.45192">
    <ele>43.60000000000001</ele>
   </trkpt>
   <trkpt lat="51.209340000000005" lon="5.452120000000001">
    <ele>43.550000000000004</ele>
   </trkpt>
   <trkpt lat="51.20977000027544" lon="5.452389997456775">
    <ele>43.49</ele>
   </trkpt>
   <trkpt lat="51.21020000000001" lon="5.452660000000001">
    <ele>43.47</ele>
   </trkpt>
   <trkpt lat="51.21083" lon="5.4531600000000005">
    <ele>43.39</ele>
   </trkpt>
   <trkpt lat="51.21087000000001" lon="5.453220000000001">
    <ele>43.39</ele>
   </trkpt>
   <trkpt lat="51.210930000000005" lon="5.45331">
    <ele>43.33</ele>
   </trkpt>
   <trkpt lat="51.21126" lon="5.45418">
    <ele>43.53000000000001</ele>
   </trkpt>
   <trkpt lat="51.21163000237265" lon="5.454904994434924">
    <ele>43.85000000000001</ele>
   </trkpt>
   <trkpt lat="51.212" lon="5.45563">
    <ele>43.660000000000004</ele>
   </trkpt>
   <trkpt lat="51.21247" lon="5.456650000000001">
    <ele>43.85000000000001</ele>
   </trkpt>
   <trkpt lat="51.21247" lon="5.45664">
    <ele>43.85000000000001</ele>
   </trkpt>
   <trkpt lat="51.21269" lon="5.45711">
    <ele>43.81</ele>
   </trkpt>
   <trkpt lat="51.21334666872714" lon="5.4566166807481995">
    <ele>43.47</ele>
   </trkpt>
   <trkpt lat="51.21400333538022" lon="5.456123347425325">
    <ele>43.36</ele>
   </trkpt>
   <trkpt lat="51.21466" lon="5.45563">
    <ele>42.89</ele>
   </trkpt>
   <trkpt lat="51.215360000000004" lon="5.45507">
    <ele>43.25</ele>
   </trkpt>
   <trkpt lat="51.21568500459175" lon="5.456114992426042">
    <ele>42.79</ele>
   </trkpt>
   <trkpt lat="51.216010000000004" lon="5.45716">
    <ele>42.65</ele>
   </trkpt>
   <trkpt lat="51.216060000000006" lon="5.457400000000001">
    <ele>42.550000000000004</ele>
   </trkpt>
   <trkpt lat="51.21613000000001" lon="5.457470000000001">
    <ele>42.550000000000004</ele>
   </trkpt>
   <trkpt lat="51.21648202183798" lon="5.458601965373111">
    <ele>42.02</ele>
   </trkpt>
   <trkpt lat="51.21683403275615" lon="5.459733948056153">
    <ele>41.480000000000004</ele>
   </trkpt>
   <trkpt lat="51.21718603275423" lon="5.460865948049071">
    <ele>41.28</ele>
   </trkpt>
   <trkpt lat="51.21753802183192" lon="5.461997965351813">
    <ele>41.300000000000004</ele>
   </trkpt>
   <trkpt lat="51.217890000000004" lon="5.4631300000000005">
    <ele>41.17</ele>
   </trkpt>
   <trkpt lat="51.218030000000006" lon="5.46349">
    <ele>41.17</ele>
   </trkpt>
   <trkpt lat="51.21833000829101" lon="5.464476653790589">
    <ele>41.24</ele>
   </trkpt>
   <trkpt lat="51.218630008286" lon="5.465463320440545">
    <ele>41.120000000000005</ele>
   </trkpt>
   <trkpt lat="51.21893000000001" lon="5.46645">
    <ele>41.36</ele>
   </trkpt>
   <trkpt lat="51.219596668109425" lon="5.466043345091507">
    <ele>40.53</ele>
   </trkpt>
   <trkpt lat="51.220263334809594" lon="5.465636678404627">
    <ele>40.35</ele>
   </trkpt>
   <trkpt lat="51.22093" lon="5.46523">
    <ele>40.080000000000005</ele>
   </trkpt>
   <trkpt lat="51.22144" lon="5.464980000000001">
    <ele>40.06</ele>
   </trkpt>
   <trkpt lat="51.22229000031331" lon="5.464690005370529">
    <ele>40.24</ele>
   </trkpt>
   <trkpt lat="51.22314" lon="5.4644">
    <ele>39.910000000000004</ele>
   </trkpt>
   <trkpt lat="51.22337" lon="5.464370000000001">
    <ele>39.900000000000006</ele>
   </trkpt>
   <trkpt lat="51.224000000000004" lon="5.464390000000001">
    <ele>39.74</ele>
   </trkpt>
   <trkpt lat="51.224790000000006" lon="5.464340000000001">
    <ele>39.36000000000001</ele>
   </trkpt>
   <trkpt lat="51.224940000000004" lon="5.46438">
    <ele>39.32</ele>
   </trkpt>
   <trkpt lat="51.22532" lon="5.46455">
    <ele>39.330000000000005</ele>
   </trkpt>
   <trkpt lat="51.22545" lon="5.46464">
    <ele>39.330000000000005</ele>
   </trkpt>
   <trkpt lat="51.22580000000001" lon="5.46501">
    <ele>39.150000000000006</ele>
   </trkpt>
   <trkpt lat="51.22658000145986" lon="5.4654333189475075">
    <ele>39.05</ele>
   </trkpt>
   <trkpt lat="51.22736000139263" lon="5.465856652244055">
    <ele>38.67</ele>
   </trkpt>
   <trkpt lat="51.22814" lon="5.46628">
    <ele>38.44</ele>
   </trkpt>
   <trkpt lat="51.22833000000001" lon="5.466410000000001">
    <ele>38.56</ele>
   </trkpt>
   <trkpt lat="51.22849" lon="5.466600000000001">
    <ele>38.42</ele>
   </trkpt>
   <trkpt lat="51.22862000000001" lon="5.4667200000000005">
    <ele>38.41</ele>
   </trkpt>
   <trkpt lat="51.22867" lon="5.466740000000001">
    <ele>38.41</ele>
   </trkpt>
   <trkpt lat="51.228860000000005" lon="5.46682">
    <ele>38.400000000000006</ele>
   </trkpt>
   <trkpt lat="51.22908" lon="5.46682">
    <ele>38.31</ele>
   </trkpt>
   <trkpt lat="51.229890000000005" lon="5.466690000000001">
    <ele>39.05</ele>
   </trkpt>
   <trkpt lat="51.229850000000006" lon="5.46586">
    <ele>38.940000000000005</ele>
   </trkpt>
   <trkpt lat="51.229755017344964" lon="5.464694992751894">
    <ele>39.089999999999996</ele>
   </trkpt>
   <trkpt lat="51.22966002312475" lon="5.463529990313295">
    <ele>39.290000000000006</ele>
   </trkpt>
   <trkpt lat="51.22956501733945" lon="5.462364992684753">
    <ele>39.39</ele>
   </trkpt>
   <trkpt lat="51.229470000000006" lon="5.461200000000001">
    <ele>39.550000000000004</ele>
   </trkpt>
   <trkpt lat="51.22946" lon="5.46077">
    <ele>39.56</ele>
   </trkpt>
   <trkpt lat="51.229530000000004" lon="5.460030000000001">
    <ele>39.56</ele>
   </trkpt>
   <trkpt lat="51.229620000000004" lon="5.4596">
    <ele>39.63</ele>
   </trkpt>
   <trkpt lat="51.229820000000004" lon="5.45898">
    <ele>39.690000000000005</ele>
   </trkpt>
   <trkpt lat="51.23014667358427" lon="5.458080012734983">
    <ele>39.690000000000005</ele>
   </trkpt>
   <trkpt lat="51.230473340266556" lon="5.457180012692134">
    <ele>39.7</ele>
   </trkpt>
   <trkpt lat="51.2308" lon="5.4562800000000005">
    <ele>39.67</ele>
   </trkpt>
   <trkpt lat="51.23105" lon="5.45539">
    <ele>39.61000000000001</ele>
   </trkpt>
   <trkpt lat="51.23127" lon="5.4544500000000005">
    <ele>39.45</ele>
   </trkpt>
   <trkpt lat="51.231440000000006" lon="5.4534">
    <ele>39.43</ele>
   </trkpt>
   <trkpt lat="51.231500000000004" lon="5.453">
    <ele>39.46</ele>
   </trkpt>
   <trkpt lat="51.231570000000005" lon="5.4522900000000005">
    <ele>39.800000000000004</ele>
   </trkpt>
   <trkpt lat="51.23162000000001" lon="5.45112">
    <ele>39.96</ele>
   </trkpt>
   <trkpt lat="51.23163667672947" lon="5.450033334066246">
    <ele>39.74</ele>
   </trkpt>
   <trkpt lat="51.23165334339698" lon="5.44894666734507">
    <ele>39.52</ele>
   </trkpt>
   <trkpt lat="51.23167" lon="5.44786">
    <ele>39.510000000000005</ele>
   </trkpt>
   <trkpt lat="51.231660000000005" lon="5.446680000000001">
    <ele>39.6</ele>
   </trkpt>
   <trkpt lat="51.231660000000005" lon="5.44664">
    <ele>39.6</ele>
   </trkpt>
   <trkpt lat="51.231660000000005" lon="5.4457">
    <ele>39.769999999999996</ele>
   </trkpt>
   <trkpt lat="51.23163" lon="5.44531">
    <ele>39.85</ele>
   </trkpt>
   <trkpt lat="51.231590000000004" lon="5.445130000000001">
    <ele>39.85</ele>
   </trkpt>
   <trkpt lat="51.23149" lon="5.444870000000001">
    <ele>39.71</ele>
   </trkpt>
   <trkpt lat="51.231170000000006" lon="5.444240000000001">
    <ele>39.800000000000004</ele>
   </trkpt>
   <trkpt lat="51.23111" lon="5.4440100000000005">
    <ele>39.71</ele>
   </trkpt>
   <trkpt lat="51.230990000000006" lon="5.44376">
    <ele>40.0</ele>
   </trkpt>
   <trkpt lat="51.23098" lon="5.44369">
    <ele>40.42</ele>
   </trkpt>
   <trkpt lat="51.231" lon="5.443630000000001">
    <ele>40.42</ele>
   </trkpt>
   <trkpt lat="51.23131000000001" lon="5.443910000000001">
    <ele>41.120000000000005</ele>
   </trkpt>
   <trkpt lat="51.23138" lon="5.4439">
    <ele>42.54</ele>
   </trkpt>
   <trkpt lat="51.23210667233778" lon="5.444716640859258">
    <ele>45.07000000000001</ele>
   </trkpt>
   <trkpt lat="51.23283333899274" lon="5.445533307512205">
    <ele>47.1</ele>
   </trkpt>
   <trkpt lat="51.233560000000004" lon="5.446350000000001">
    <ele>44.2</ele>
   </trkpt>
   <trkpt lat="51.23355" lon="5.44634">
    <ele>44.22</ele>
   </trkpt>
   <trkpt lat="51.23397000000001" lon="5.446840000000001">
    <ele>42.940000000000005</ele>
   </trkpt>
   <trkpt lat="51.234210000000004" lon="5.44716">
    <ele>41.190000000000005</ele>
   </trkpt>
   <trkpt lat="51.234500000000004" lon="5.447640000000001">
    <ele>40.370000000000005</ele>
   </trkpt>
   <trkpt lat="51.23445" lon="5.447690000000001">
    <ele>40.370000000000005</ele>
   </trkpt>
   <trkpt lat="51.234390000000005" lon="5.447710000000001">
    <ele>39.43</ele>
   </trkpt>
   <trkpt lat="51.23434" lon="5.4477">
    <ele>39.43</ele>
   </trkpt>
   <trkpt lat="51.233790000000006" lon="5.4474">
    <ele>37.92</ele>
   </trkpt>
   <trkpt lat="51.23371" lon="5.44739">
    <ele>38.12</ele>
   </trkpt>
   <trkpt lat="51.23355" lon="5.44754">
    <ele>38.31</ele>
   </trkpt>
   <trkpt lat="51.233340000000005" lon="5.447830000000001">
    <ele>39.63</ele>
   </trkpt>
   <trkpt lat="51.23277" lon="5.446820000000001">
    <ele>41.92</ele>
   </trkpt>
   <trkpt lat="51.23283000000001" lon="5.44603">
    <ele>41.88</ele>
   </trkpt>
   <trkpt lat="51.23281000000001" lon="5.445760000000001">
    <ele>42.06</ele>
   </trkpt>
   <trkpt lat="51.23286" lon="5.445290000000001">
    <ele>42.010000000000005</ele>
   </trkpt>
   <trkpt lat="51.23295" lon="5.44484">
    <ele>41.830000000000005</ele>
   </trkpt>
   <trkpt lat="51.233083349020355" lon="5.443483341155816">
    <ele>41.580000000000005</ele>
   </trkpt>
   <trkpt lat="51.23321668235768" lon="5.442126674448602">
    <ele>41.550000000000004</ele>
   </trkpt>
   <trkpt lat="51.23335" lon="5.4407700000000006">
    <ele>41.410000000000004</ele>
   </trkpt>
   <trkpt lat="51.2334" lon="5.44033">
    <ele>41.53</ele>
   </trkpt>
   <trkpt lat="51.23339000000001" lon="5.43986">
    <ele>41.760000000000005</ele>
   </trkpt>
   <trkpt lat="51.233450000000005" lon="5.439330000000001">
    <ele>41.36</ele>
   </trkpt>
   <trkpt lat="51.23351" lon="5.43911">
    <ele>40.830000000000005</ele>
   </trkpt>
   <trkpt lat="51.23357000000001" lon="5.4386">
    <ele>40.43</ele>
   </trkpt>
   <trkpt lat="51.233640002993724" lon="5.437765000993071">
    <ele>40.25</ele>
   </trkpt>
   <trkpt lat="51.23371" lon="5.43693">
    <ele>40.2</ele>
   </trkpt>
   <trkpt lat="51.23377000000001" lon="5.4366900000000005">
    <ele>40.24</ele>
   </trkpt>
   <trkpt lat="51.233790000000006" lon="5.4365000000000006">
    <ele>40.2</ele>
   </trkpt>
   <trkpt lat="51.2338" lon="5.43627">
    <ele>40.2</ele>
   </trkpt>
   <trkpt lat="51.233790000000006" lon="5.43609">
    <ele>40.040000000000006</ele>
   </trkpt>
   <trkpt lat="51.23390001809881" lon="5.4349000085427">
    <ele>39.81</ele>
   </trkpt>
   <trkpt lat="51.23401002413135" lon="5.433710011394885">
    <ele>39.61000000000001</ele>
   </trkpt>
   <trkpt lat="51.23412001809753" lon="5.432520008557128">
    <ele>40.290000000000006</ele>
   </trkpt>
   <trkpt lat="51.234230000000004" lon="5.431330000000001">
    <ele>40.86</ele>
   </trkpt>
   <trkpt lat="51.234280000000005" lon="5.431010000000001">
    <ele>41.010000000000005</ele>
   </trkpt>
   <trkpt lat="51.234320000000004" lon="5.430510000000001">
    <ele>41.38</ele>
   </trkpt>
   <trkpt lat="51.23429" lon="5.430110000000001">
    <ele>41.77</ele>
   </trkpt>
   <trkpt lat="51.23441207731547" lon="5.428690033887112">
    <ele>42.31</ele>
   </trkpt>
   <trkpt lat="51.23453413745027" lon="5.427270060239663">
    <ele>42.4</ele>
   </trkpt>
   <trkpt lat="51.23465618040428" lon="5.425850079058641">
    <ele>41.980000000000004</ele>
   </trkpt>
   <trkpt lat="51.2347782061773" lon="5.424430090345035">
    <ele>41.97</ele>
   </trkpt>
   <trkpt lat="51.23490021476918" lon="5.423010094099831">
    <ele>42.230000000000004</ele>
   </trkpt>
   <trkpt lat="51.23502220617976" lon="5.421590090324017">
    <ele>42.150000000000006</ele>
   </trkpt>
   <trkpt lat="51.23514418040887" lon="5.420170079018582">
    <ele>42.11</ele>
   </trkpt>
   <trkpt lat="51.2352661374563" lon="5.4187500601845136">
    <ele>42.260000000000005</ele>
   </trkpt>
   <trkpt lat="51.23538807732196" lon="5.417330033822797">
    <ele>42.21</ele>
   </trkpt>
   <trkpt lat="51.235510000000005" lon="5.41591">
    <ele>42.32</ele>
   </trkpt>
   <trkpt lat="51.23563403230805" lon="5.414502842217992">
    <ele>42.43</ele>
   </trkpt>
   <trkpt lat="51.23575804774415" lon="5.413095676849464">
    <ele>42.35</ele>
   </trkpt>
   <trkpt lat="51.23588204630817" lon="5.411688503895372">
    <ele>42.43</ele>
   </trkpt>
   <trkpt lat="51.2360060279999" lon="5.410281323356677">
    <ele>42.21</ele>
   </trkpt>
   <trkpt lat="51.236129992819194" lon="5.408874135234335">
    <ele>42.28</ele>
   </trkpt>
   <trkpt lat="51.23625394076589" lon="5.407466939529303">
    <ele>42.21</ele>
   </trkpt>
   <trkpt lat="51.23637787183983" lon="5.406059736242539">
    <ele>42.42000000000001</ele>
   </trkpt>
   <trkpt lat="51.23650178604081" lon="5.404652525375">
    <ele>42.410000000000004</ele>
   </trkpt>
   <trkpt lat="51.236625683368686" lon="5.403245306927646">
    <ele>42.2</ele>
   </trkpt>
   <trkpt lat="51.236749563823324" lon="5.401838080901433">
    <ele>42.35</ele>
   </trkpt>
   <trkpt lat="51.2368734274045" lon="5.4004308472973195">
    <ele>42.45</ele>
   </trkpt>
   <trkpt lat="51.23699727411209" lon="5.3990236061162635">
    <ele>42.47</ele>
   </trkpt>
   <trkpt lat="51.23712110394592" lon="5.397616357359222">
    <ele>42.330000000000005</ele>
   </trkpt>
   <trkpt lat="51.237244916905816" lon="5.396209101027155">
    <ele>42.21</ele>
   </trkpt>
   <trkpt lat="51.237368712991625" lon="5.394801837121018">
    <ele>42.2</ele>
   </trkpt>
   <trkpt lat="51.237492492203174" lon="5.393394565641771">
    <ele>42.150000000000006</ele>
   </trkpt>
   <trkpt lat="51.23761625454029" lon="5.39198728659037">
    <ele>42.120000000000005</ele>
   </trkpt>
   <trkpt lat="51.23774" lon="5.390580000000001">
    <ele>42.0</ele>
   </trkpt>
   <trkpt lat="51.23774" lon="5.39059">
    <ele>42.0</ele>
   </trkpt>
   <trkpt lat="51.23783" lon="5.38961">
    <ele>42.120000000000005</ele>
   </trkpt>
   <trkpt lat="51.23785" lon="5.38954">
    <ele>42.160000000000004</ele>
   </trkpt>
   <trkpt lat="51.23791000000001" lon="5.389460000000001">
    <ele>42.160000000000004</ele>
   </trkpt>
   <trkpt lat="51.238080000000004" lon="5.38919">
    <ele>42.25</ele>
   </trkpt>
   <trkpt lat="51.23821500436518" lon="5.388180002819731">
    <ele>42.11</ele>
   </trkpt>
   <trkpt lat="51.238350000000004" lon="5.38717">
    <ele>42.29</ele>
   </trkpt>
   <trkpt lat="51.23821" lon="5.38673">
    <ele>42.28</ele>
   </trkpt>
   <trkpt lat="51.23818000000001" lon="5.386690000000001">
    <ele>42.28</ele>
   </trkpt>
   <trkpt lat="51.238330000000005" lon="5.38574">
    <ele>42.04</ele>
   </trkpt>
   <trkpt lat="51.238576030411124" lon="5.384404028605055">
    <ele>42.13</ele>
   </trkpt>
   <trkpt lat="51.238822045614455" lon="5.383068042920715">
    <ele>42.22</ele>
   </trkpt>
   <trkpt lat="51.2390680456097" lon="5.381732042947581">
    <ele>42.22</ele>
   </trkpt>
   <trkpt lat="51.23931403039655" lon="5.380396028686263">
    <ele>42.42000000000001</ele>
   </trkpt>
   <trkpt lat="51.239560000000004" lon="5.379060000000001">
    <ele>42.760000000000005</ele>
   </trkpt>
   <trkpt lat="51.239700000000006" lon="5.378360000000001">
    <ele>42.85000000000001</ele>
   </trkpt>
   <trkpt lat="51.23986000000001" lon="5.37776">
    <ele>42.690000000000005</ele>
   </trkpt>
   <trkpt lat="51.24004000000001" lon="5.37718">
    <ele>42.81</ele>
   </trkpt>
   <trkpt lat="51.24018500207008" lon="5.376480002290623">
    <ele>42.830000000000005</ele>
   </trkpt>
   <trkpt lat="51.24033000000001" lon="5.375780000000001">
    <ele>42.870000000000005</ele>
   </trkpt>
   <trkpt lat="51.240540005122746" lon="5.37468500492254">
    <ele>42.86</ele>
   </trkpt>
   <trkpt lat="51.240750000000006" lon="5.37359">
    <ele>42.86</ele>
   </trkpt>
   <trkpt lat="51.24089500213381" lon="5.3728850021426355">
    <ele>42.910000000000004</ele>
   </trkpt>
   <trkpt lat="51.241040000000005" lon="5.37218">
    <ele>42.99</ele>
   </trkpt>
   <trkpt lat="51.24122000714554" lon="5.3712633405783174">
    <ele>42.980000000000004</ele>
   </trkpt>
   <trkpt lat="51.24140000713166" lon="5.370346673982478">
    <ele>42.93</ele>
   </trkpt>
   <trkpt lat="51.241580000000006" lon="5.36943">
    <ele>42.980000000000004</ele>
   </trkpt>
   <trkpt lat="51.24177500201646" lon="5.368730003222443">
    <ele>43.35000000000001</ele>
   </trkpt>
   <trkpt lat="51.24197" lon="5.36803">
    <ele>44.17</ele>
   </trkpt>
   <trkpt lat="51.242050000000006" lon="5.36767">
    <ele>44.51</ele>
   </trkpt>
   <trkpt lat="51.24217" lon="5.36702">
    <ele>44.18</ele>
   </trkpt>
   <trkpt lat="51.24232000000001" lon="5.365880000000001">
    <ele>43.230000000000004</ele>
   </trkpt>
   <trkpt lat="51.24237" lon="5.36544">
    <ele>43.22</ele>
   </trkpt>
   <trkpt lat="51.24263090861657" lon="5.364172579066811">
    <ele>43.120000000000005</ele>
   </trkpt>
   <trkpt lat="51.242891803546385" lon="5.362905143755494">
    <ele>43.15</ele>
   </trkpt>
   <trkpt lat="51.24315268478918" lon="5.3616376940665065">
    <ele>43.24</ele>
   </trkpt>
   <trkpt lat="51.243413552344656" lon="5.360370230000304">
    <ele>43.120000000000005</ele>
   </trkpt>
   <trkpt lat="51.243674406212534" lon="5.359102751557345">
    <ele>43.190000000000005</ele>
   </trkpt>
   <trkpt lat="51.24393524639252" lon="5.357835258738086">
    <ele>43.120000000000005</ele>
   </trkpt>
   <trkpt lat="51.24419607288435" lon="5.356567751542984">
    <ele>43.24</ele>
   </trkpt>
   <trkpt lat="51.24445688568774" lon="5.355300229972499">
    <ele>43.27</ele>
   </trkpt>
   <trkpt lat="51.244717684802396" lon="5.354032694027085">
    <ele>43.17000000000001</ele>
   </trkpt>
   <trkpt lat="51.24497847022804" lon="5.3527651437072015">
    <ele>43.190000000000005</ele>
   </trkpt>
   <trkpt lat="51.245239241964384" lon="5.351497579013305">
    <ele>43.190000000000005</ele>
   </trkpt>
   <trkpt lat="51.24550000000001" lon="5.350230000000001">
    <ele>43.21000000000001</ele>
   </trkpt>
   <trkpt lat="51.24577783978608" lon="5.348881176285348">
    <ele>43.35000000000001</ele>
   </trkpt>
   <trkpt lat="51.2460556640712" lon="5.347532336274321">
    <ele>43.39</ele>
   </trkpt>
   <trkpt lat="51.246333472855014" lon="5.346183479967471">
    <ele>43.32</ele>
   </trkpt>
   <trkpt lat="51.24661126613717" lon="5.344834607365347">
    <ele>43.29</ele>
   </trkpt>
   <trkpt lat="51.24688904391735" lon="5.343485718468501">
    <ele>43.24</ele>
   </trkpt>
   <trkpt lat="51.24716680619519" lon="5.342136813277484">
    <ele>43.33</ele>
   </trkpt>
   <trkpt lat="51.24744455297037" lon="5.3407878917928455">
    <ele>43.38</ele>
   </trkpt>
   <trkpt lat="51.24772228424253" lon="5.3394389540151375">
    <ele>43.31</ele>
   </trkpt>
   <trkpt lat="51.248000000000005" lon="5.33809">
    <ele>43.34</ele>
   </trkpt>
   <trkpt lat="51.248110000000004" lon="5.338100000000001">
    <ele>43.34</ele>
   </trkpt>
   <trkpt lat="51.24812000000001" lon="5.3379">
    <ele>43.29</ele>
   </trkpt>
   <trkpt lat="51.24837" lon="5.33675">
    <ele>43.25</ele>
   </trkpt>
   <trkpt lat="51.24889" lon="5.336880000000001">
    <ele>42.870000000000005</ele>
   </trkpt>
   <trkpt lat="51.24904" lon="5.336860000000001">
    <ele>42.870000000000005</ele>
   </trkpt>
   <trkpt lat="51.24967" lon="5.33659">
    <ele>42.730000000000004</ele>
   </trkpt>
   <trkpt lat="51.24982000000001" lon="5.3365">
    <ele>42.42000000000001</ele>
   </trkpt>
   <trkpt lat="51.249900000000004" lon="5.336480000000001">
    <ele>42.42000000000001</ele>
   </trkpt>
   <trkpt lat="51.249930000000006" lon="5.33647">
    <ele>42.4</ele>
   </trkpt>
   <trkpt lat="51.2503" lon="5.336390000000001">
    <ele>42.35</ele>
   </trkpt>
   <trkpt lat="51.250370000000004" lon="5.3362300000000005">
    <ele>42.59</ele>
   </trkpt>
   <trkpt lat="51.250400000000006" lon="5.336080000000001">
    <ele>42.63</ele>
   </trkpt>
   <trkpt lat="51.250440000000005" lon="5.33558">
    <ele>42.82</ele>
   </trkpt>
   <trkpt lat="51.25065000000001" lon="5.33549">
    <ele>42.78</ele>
   </trkpt>
   <trkpt lat="51.25150000000001" lon="5.335030000000001">
    <ele>42.75</ele>
   </trkpt>
   <trkpt lat="51.25198" lon="5.334790000000001">
    <ele>42.35</ele>
   </trkpt>
   <trkpt lat="51.25226000000001" lon="5.33466">
    <ele>42.28</ele>
   </trkpt>
   <trkpt lat="51.252430000000004" lon="5.334560000000001">
    <ele>42.28</ele>
   </trkpt>
   <trkpt lat="51.25253000000001" lon="5.3344700000000005">
    <ele>42.1</ele>
   </trkpt>
   <trkpt lat="51.25264000000001" lon="5.3343300000000005">
    <ele>42.1</ele>
   </trkpt>
   <trkpt lat="51.25313501309777" lon="5.333317532706891">
    <ele>41.980000000000004</ele>
   </trkpt>
   <trkpt lat="51.25363001746199" lon="5.332305043613425">
    <ele>41.910000000000004</ele>
   </trkpt>
   <trkpt lat="51.25412501309234" lon="5.331292532719129">
    <ele>41.79</ele>
   </trkpt>
   <trkpt lat="51.25462" lon="5.33028">
    <ele>41.54</ele>
   </trkpt>
   <trkpt lat="51.25466" lon="5.330240000000001">
    <ele>41.54</ele>
   </trkpt>
   <trkpt lat="51.254940000000005" lon="5.33011">
    <ele>41.79</ele>
   </trkpt>
   <trkpt lat="51.25498" lon="5.330050000000001">
    <ele>41.79</ele>
   </trkpt>
   <trkpt lat="51.25507" lon="5.3295200000000005">
    <ele>41.71</ele>
   </trkpt>
   <trkpt lat="51.255245004557906" lon="5.328485003970398">
    <ele>41.67</ele>
   </trkpt>
   <trkpt lat="51.25542" lon="5.327450000000001">
    <ele>41.97</ele>
   </trkpt>
   <trkpt lat="51.255410000000005" lon="5.3273600000000005">
    <ele>41.97</ele>
   </trkpt>
   <trkpt lat="51.25535000000001" lon="5.327260000000001">
    <ele>42.06</ele>
   </trkpt>
   <trkpt lat="51.255280000000006" lon="5.32723">
    <ele>42.06</ele>
   </trkpt>
   <trkpt lat="51.25504" lon="5.3272200000000005">
    <ele>42.03</ele>
   </trkpt>
   <trkpt lat="51.25488000000001" lon="5.327170000000001">
    <ele>42.06</ele>
   </trkpt>
   <trkpt lat="51.25414666737528" lon="5.326873323853212">
    <ele>42.35</ele>
   </trkpt>
   <trkpt lat="51.25341333400072" lon="5.326576657170052">
    <ele>42.95</ele>
   </trkpt>
   <trkpt lat="51.252680000000005" lon="5.326280000000001">
    <ele>42.980000000000004</ele>
   </trkpt>
   <trkpt lat="51.25222000001748" lon="5.326069997821351">
    <ele>43.18</ele>
   </trkpt>
   <trkpt lat="51.251760000000004" lon="5.3258600000000005">
    <ele>43.75</ele>
   </trkpt>
   <trkpt lat="51.25162" lon="5.325740000000001">
    <ele>43.800000000000004</ele>
   </trkpt>
   <trkpt lat="51.25159000000001" lon="5.325670000000001">
    <ele>43.800000000000004</ele>
   </trkpt>
   <trkpt lat="51.25157" lon="5.32558">
    <ele>43.81</ele>
   </trkpt>
   <trkpt lat="51.25164" lon="5.325200000000001">
    <ele>43.71000000000001</ele>
   </trkpt>
   <trkpt lat="51.251780000000004" lon="5.324520000000001">
    <ele>43.65</ele>
   </trkpt>
   <trkpt lat="51.252061305252965" lon="5.323158808286029">
    <ele>43.95</ele>
   </trkpt>
   <trkpt lat="51.25234259472014" lon="5.321797599917388">
    <ele>44.57000000000001</ele>
   </trkpt>
   <trkpt lat="51.2526238684012" lon="5.32043637489464">
    <ele>44.63</ele>
   </trkpt>
   <trkpt lat="51.25290512629578" lon="5.31907513321835">
    <ele>44.6</ele>
   </trkpt>
   <trkpt lat="51.253186368403526" lon="5.31771387488908">
    <ele>44.39000000000001</ele>
   </trkpt>
   <trkpt lat="51.25346759472409" lon="5.316352599907395">
    <ele>44.04</ele>
   </trkpt>
   <trkpt lat="51.25374880525713" lon="5.314991308273858">
    <ele>44.190000000000005</ele>
   </trkpt>
   <trkpt lat="51.25403000000001" lon="5.313630000000001">
    <ele>44.61</ele>
   </trkpt>
   <trkpt lat="51.2541" lon="5.313300000000001">
    <ele>45.14000000000001</ele>
   </trkpt>
   <trkpt lat="51.25413" lon="5.313040000000001">
    <ele>45.14000000000001</ele>
   </trkpt>
   <trkpt lat="51.25412000000001" lon="5.31292">
    <ele>45.42</ele>
   </trkpt>
   <trkpt lat="51.25406" lon="5.312760000000001">
    <ele>45.89000000000001</ele>
   </trkpt>
   <trkpt lat="51.25401" lon="5.312830000000001">
    <ele>45.78</ele>
   </trkpt>
   <trkpt lat="51.25397" lon="5.312740000000001">
    <ele>45.550000000000004</ele>
   </trkpt>
   <trkpt lat="51.253910000000005" lon="5.312670000000001">
    <ele>45.38</ele>
   </trkpt>
   <trkpt lat="51.2533" lon="5.31235">
    <ele>44.26</ele>
   </trkpt>
   <trkpt lat="51.25343" lon="5.31165">
    <ele>44.230000000000004</ele>
   </trkpt>
   <trkpt lat="51.2535" lon="5.3113600000000005">
    <ele>44.27</ele>
   </trkpt>
   <trkpt lat="51.254090000000005" lon="5.31158">
    <ele>45.87</ele>
   </trkpt>
   <trkpt lat="51.254070000000006" lon="5.311730000000001">
    <ele>46.12</ele>
   </trkpt>
   <trkpt lat="51.25433" lon="5.31186">
    <ele>46.56</ele>
   </trkpt>
   <trkpt lat="51.254340000000006" lon="5.31195">
    <ele>47.11000000000001</ele>
   </trkpt>
   <trkpt lat="51.254310000000004" lon="5.31203">
    <ele>47.11000000000001</ele>
   </trkpt>
   <trkpt lat="51.25350500042769" lon="5.31172499467196">
    <ele>49.52</ele>
   </trkpt>
   <trkpt lat="51.252700000000004" lon="5.31142">
    <ele>49.96</ele>
   </trkpt>
   <trkpt lat="51.252" lon="5.311190000000001">
    <ele>47.82</ele>
   </trkpt>
   <trkpt lat="51.25140499999116" lon="5.311049998166712">
    <ele>45.75000000000001</ele>
   </trkpt>
   <trkpt lat="51.25081" lon="5.310910000000001">
    <ele>45.45</ele>
   </trkpt>
   <trkpt lat="51.2507" lon="5.31085">
    <ele>45.36000000000001</ele>
   </trkpt>
   <trkpt lat="51.24992750032463" lon="5.310689991936009">
    <ele>45.74</ele>
   </trkpt>
   <trkpt lat="51.24915500043116" lon="5.310529989247882">
    <ele>46.02</ele>
   </trkpt>
   <trkpt lat="51.248382500319565" lon="5.310369991935289">
    <ele>46.12</ele>
   </trkpt>
   <trkpt lat="51.24761" lon="5.3102100000000005">
    <ele>46.39</ele>
   </trkpt>
   <trkpt lat="51.24779" lon="5.3094">
    <ele>46.14</ele>
   </trkpt>
   <trkpt lat="51.247986673958614" lon="5.308473341373059">
    <ele>46.49</ele>
   </trkpt>
   <trkpt lat="51.248183340601145" lon="5.307546674820272">
    <ele>46.26</ele>
   </trkpt>
   <trkpt lat="51.248380000000004" lon="5.306620000000001">
    <ele>46.37</ele>
   </trkpt>
   <trkpt lat="51.248450000000005" lon="5.30647">
    <ele>46.37</ele>
   </trkpt>
   <trkpt lat="51.24883000143714" lon="5.305890004786454">
    <ele>46.720000000000006</ele>
   </trkpt>
   <trkpt lat="51.249210000000005" lon="5.30531">
    <ele>46.400000000000006</ele>
   </trkpt>
   <trkpt lat="51.24938" lon="5.30531">
    <ele>46.160000000000004</ele>
   </trkpt>
   <trkpt lat="51.249340000000004" lon="5.3051">
    <ele>46.080000000000005</ele>
   </trkpt>
   <trkpt lat="51.24983" lon="5.304360000000001">
    <ele>45.970000000000006</ele>
   </trkpt>
   <trkpt lat="51.25018000000001" lon="5.30379">
    <ele>46.00000000000001</ele>
   </trkpt>
   <trkpt lat="51.25018000000001" lon="5.303680000000001">
    <ele>46.00000000000001</ele>
   </trkpt>
   <trkpt lat="51.25016" lon="5.3036">
    <ele>46.00000000000001</ele>
   </trkpt>
   <trkpt lat="51.250130000000006" lon="5.30355">
    <ele>46.00000000000001</ele>
   </trkpt>
   <trkpt lat="51.24989000000001" lon="5.30335">
    <ele>46.03</ele>
   </trkpt>
   <trkpt lat="51.2494250007403" lon="5.302959996133848">
    <ele>45.49</ele>
   </trkpt>
   <trkpt lat="51.248960000000004" lon="5.30257">
    <ele>45.77</ele>
   </trkpt>
   <trkpt lat="51.248850000000004" lon="5.3025">
    <ele>45.77</ele>
   </trkpt>
   <trkpt lat="51.24875" lon="5.30252">
    <ele>45.77</ele>
   </trkpt>
   <trkpt lat="51.248270000000005" lon="5.3026800000000005">
    <ele>45.96</ele>
   </trkpt>
   <trkpt lat="51.24769500015181" lon="5.30286000224625">
    <ele>46.13</ele>
   </trkpt>
   <trkpt lat="51.24712" lon="5.30304">
    <ele>46.34</ele>
   </trkpt>
   <trkpt lat="51.24630000034797" lon="5.303285004340701">
    <ele>46.50000000000001</ele>
   </trkpt>
   <trkpt lat="51.24548000000001" lon="5.30353">
    <ele>46.37</ele>
   </trkpt>
   <trkpt lat="51.244945000209775" lon="5.303710002069659">
    <ele>46.410000000000004</ele>
   </trkpt>
   <trkpt lat="51.24441" lon="5.30389">
    <ele>46.50000000000001</ele>
   </trkpt>
   <trkpt lat="51.24371000000001" lon="5.3041100000000005">
    <ele>46.470000000000006</ele>
   </trkpt>
   <trkpt lat="51.243700000000004" lon="5.3041100000000005">
    <ele>46.470000000000006</ele>
   </trkpt>
   <trkpt lat="51.24286000027205" lon="5.304380004943192">
    <ele>46.720000000000006</ele>
   </trkpt>
   <trkpt lat="51.242020000000004" lon="5.3046500000000005">
    <ele>46.38</ele>
   </trkpt>
   <trkpt lat="51.241620000000005" lon="5.30461">
    <ele>46.39</ele>
   </trkpt>
   <trkpt lat="51.240990000000004" lon="5.304480000000001">
    <ele>46.660000000000004</ele>
   </trkpt>
   <trkpt lat="51.24092" lon="5.3045">
    <ele>46.660000000000004</ele>
   </trkpt>
   <trkpt lat="51.24020500103597" lon="5.304980007424209">
    <ele>46.73</ele>
   </trkpt>
   <trkpt lat="51.23949" lon="5.30546">
    <ele>46.75000000000001</ele>
   </trkpt>
   <trkpt lat="51.238765000626685" lon="5.305094994277441">
    <ele>46.53</ele>
   </trkpt>
   <trkpt lat="51.238040000000005" lon="5.30473">
    <ele>46.44</ele>
   </trkpt>
   <trkpt lat="51.23774" lon="5.304530000000001">
    <ele>46.46</ele>
   </trkpt>
   <trkpt lat="51.23731" lon="5.30412">
    <ele>46.790000000000006</ele>
   </trkpt>
   <trkpt lat="51.237120000000004" lon="5.304">
    <ele>46.830000000000005</ele>
   </trkpt>
   <trkpt lat="51.23693" lon="5.30402">
    <ele>46.830000000000005</ele>
   </trkpt>
   <trkpt lat="51.2366" lon="5.30409">
    <ele>46.86000000000001</ele>
   </trkpt>
   <trkpt lat="51.23657000000001" lon="5.3041">
    <ele>46.86000000000001</ele>
   </trkpt>
   <trkpt lat="51.235864999868035" lon="5.3042400021880685">
    <ele>46.98</ele>
   </trkpt>
   <trkpt lat="51.23516000000001" lon="5.30438">
    <ele>47.05</ele>
   </trkpt>
   <trkpt lat="51.23447500008458" lon="5.304560002693885">
    <ele>46.88</ele>
   </trkpt>
   <trkpt lat="51.233790000000006" lon="5.304740000000001">
    <ele>46.86000000000001</ele>
   </trkpt>
   <trkpt lat="51.23339000000001" lon="5.304860000000001">
    <ele>47.24</ele>
   </trkpt>
   <trkpt lat="51.23315" lon="5.303680000000001">
    <ele>46.64</ele>
   </trkpt>
   <trkpt lat="51.23311" lon="5.30337">
    <ele>46.64</ele>
   </trkpt>
   <trkpt lat="51.233090000000004" lon="5.30295">
    <ele>46.67</ele>
   </trkpt>
   <trkpt lat="51.233050000000006" lon="5.30283">
    <ele>46.64</ele>
   </trkpt>
   <trkpt lat="51.2329" lon="5.30278">
    <ele>46.48</ele>
   </trkpt>
   <trkpt lat="51.23223" lon="5.3027500000000005">
    <ele>46.49</ele>
   </trkpt>
   <trkpt lat="51.231910000000006" lon="5.30269">
    <ele>46.790000000000006</ele>
   </trkpt>
   <trkpt lat="51.23122500022392" lon="5.3024299961052455">
    <ele>46.690000000000005</ele>
   </trkpt>
   <trkpt lat="51.230540000000005" lon="5.30217">
    <ele>46.900000000000006</ele>
   </trkpt>
   <trkpt lat="51.230050000000006" lon="5.30205">
    <ele>46.89</ele>
   </trkpt>
   <trkpt lat="51.22972000000001" lon="5.301990000000001">
    <ele>46.89</ele>
   </trkpt>
   <trkpt lat="51.22974000000001" lon="5.301990000000001">
    <ele>46.88</ele>
   </trkpt>
   <trkpt lat="51.22920000015409" lon="5.301954999598949">
    <ele>46.86000000000001</ele>
   </trkpt>
   <trkpt lat="51.228660000000005" lon="5.301920000000001">
    <ele>46.92</ele>
   </trkpt>
   <trkpt lat="51.22856" lon="5.30194">
    <ele>47.07</ele>
   </trkpt>
   <trkpt lat="51.228530000000006" lon="5.30196">
    <ele>47.07</ele>
   </trkpt>
   <trkpt lat="51.22849" lon="5.302090000000001">
    <ele>46.89</ele>
   </trkpt>
   <trkpt lat="51.228500000000004" lon="5.30229">
    <ele>46.8</ele>
   </trkpt>
   <trkpt lat="51.22859500248301" lon="5.303049998607721">
    <ele>46.88</ele>
   </trkpt>
   <trkpt lat="51.22869000000001" lon="5.30381">
    <ele>47.18000000000001</ele>
   </trkpt>
   <trkpt lat="51.229020000000006" lon="5.305140000000001">
    <ele>47.43000000000001</ele>
   </trkpt>
   <trkpt lat="51.229260000000004" lon="5.306220000000001">
    <ele>47.730000000000004</ele>
   </trkpt>
   <trkpt lat="51.22928" lon="5.306360000000001">
    <ele>47.730000000000004</ele>
   </trkpt>
   <trkpt lat="51.229260000000004" lon="5.30653">
    <ele>47.870000000000005</ele>
   </trkpt>
   <trkpt lat="51.22923" lon="5.30661">
    <ele>47.870000000000005</ele>
   </trkpt>
   <trkpt lat="51.22917" lon="5.30667">
    <ele>47.870000000000005</ele>
   </trkpt>
   <trkpt lat="51.229110000000006" lon="5.3067">
    <ele>47.870000000000005</ele>
   </trkpt>
   <trkpt lat="51.22898000000001" lon="5.3067">
    <ele>47.800000000000004</ele>
   </trkpt>
   <trkpt lat="51.228730000000006" lon="5.30667">
    <ele>47.730000000000004</ele>
   </trkpt>
   <trkpt lat="51.228530000000006" lon="5.306690000000001">
    <ele>47.730000000000004</ele>
   </trkpt>
   <trkpt lat="51.227685000261474" lon="5.306965005069047">
    <ele>47.970000000000006</ele>
   </trkpt>
   <trkpt lat="51.22684" lon="5.30724">
    <ele>48.42</ele>
   </trkpt>
   <trkpt lat="51.22608500015806" lon="5.307475003879092">
    <ele>48.720000000000006</ele>
   </trkpt>
   <trkpt lat="51.22533000000001" lon="5.30771">
    <ele>48.89</ele>
   </trkpt>
   <trkpt lat="51.22491" lon="5.307840000000001">
    <ele>49.0</ele>
   </trkpt>
   <trkpt lat="51.224816674354635" lon="5.306889996120162">
    <ele>47.760000000000005</ele>
   </trkpt>
   <trkpt lat="51.22472334101863" lon="5.305939996093055">
    <ele>47.470000000000006</ele>
   </trkpt>
   <trkpt lat="51.224630000000005" lon="5.30499">
    <ele>47.7</ele>
   </trkpt>
   <trkpt lat="51.224500000000006" lon="5.304290000000001">
    <ele>47.839999999999996</ele>
   </trkpt>
   <trkpt lat="51.224380000000004" lon="5.304010000000001">
    <ele>48.050000000000004</ele>
   </trkpt>
   <trkpt lat="51.224050000000005" lon="5.30342">
    <ele>47.800000000000004</ele>
   </trkpt>
   <trkpt lat="51.223650000000006" lon="5.30285">
    <ele>47.99</ele>
   </trkpt>
   <trkpt lat="51.22363000000001" lon="5.30274">
    <ele>48.040000000000006</ele>
   </trkpt>
   <trkpt lat="51.223400000000005" lon="5.30224">
    <ele>48.43</ele>
   </trkpt>
   <trkpt lat="51.22337" lon="5.30215">
    <ele>48.550000000000004</ele>
   </trkpt>
   <trkpt lat="51.22308" lon="5.30177">
    <ele>48.440000000000005</ele>
   </trkpt>
   <trkpt lat="51.223000000000006" lon="5.3017900000000004">
    <ele>48.27</ele>
   </trkpt>
   <trkpt lat="51.22288" lon="5.301740000000001">
    <ele>48.27</ele>
   </trkpt>
   <trkpt lat="51.222620000000006" lon="5.30133">
    <ele>48.34</ele>
   </trkpt>
   <trkpt lat="51.22233000000001" lon="5.300800000000001">
    <ele>48.39</ele>
   </trkpt>
   <trkpt lat="51.222010000000004" lon="5.300140000000001">
    <ele>48.45</ele>
   </trkpt>
   <trkpt lat="51.221810000000005" lon="5.299600000000001">
    <ele>48.470000000000006</ele>
   </trkpt>
   <trkpt lat="51.22140667934351" lon="5.29837997859987">
    <ele>48.49</ele>
   </trkpt>
   <trkpt lat="51.221003346003165" lon="5.297159978579034">
    <ele>48.540000000000006</ele>
   </trkpt>
   <trkpt lat="51.220600000000005" lon="5.295940000000001">
    <ele>49.53</ele>
   </trkpt>
   <trkpt lat="51.2201533439976" lon="5.2948199782014305">
    <ele>49.290000000000006</ele>
   </trkpt>
   <trkpt lat="51.2197066773053" lon="5.293699978137558">
    <ele>49.31</ele>
   </trkpt>
   <trkpt lat="51.219260000000006" lon="5.29258">
    <ele>49.510000000000005</ele>
   </trkpt>
   <trkpt lat="51.21913000000001" lon="5.292140000000001">
    <ele>49.510000000000005</ele>
   </trkpt>
   <trkpt lat="51.21881002143832" lon="5.290844972999852">
    <ele>49.53</ele>
   </trkpt>
   <trkpt lat="51.218490028584895" lon="5.289549964002442">
    <ele>48.900000000000006</ele>
   </trkpt>
   <trkpt lat="51.218170021440066" lon="5.288254973008114">
    <ele>48.690000000000005</ele>
   </trkpt>
   <trkpt lat="51.217850000000006" lon="5.2869600000000005">
    <ele>48.88</ele>
   </trkpt>
   <trkpt lat="51.21777" lon="5.28645">
    <ele>49.0</ele>
   </trkpt>
   <trkpt lat="51.217760000000006" lon="5.28608">
    <ele>49.09</ele>
   </trkpt>
   <trkpt lat="51.21777" lon="5.285850000000001">
    <ele>49.09</ele>
   </trkpt>
   <trkpt lat="51.21787002688769" lon="5.284594010905933">
    <ele>49.160000000000004</ele>
   </trkpt>
   <trkpt lat="51.217970040331934" lon="5.283338016354388">
    <ele>49.21</ele>
   </trkpt>
   <trkpt lat="51.21807004033266" lon="5.282082016346056">
    <ele>48.61000000000001</ele>
   </trkpt>
   <trkpt lat="51.21817002688973" lon="5.280826010881627">
    <ele>48.220000000000006</ele>
   </trkpt>
   <trkpt lat="51.218270000000004" lon="5.2795700000000005">
    <ele>47.86000000000001</ele>
   </trkpt>
   <trkpt lat="51.21826" lon="5.2789600000000005">
    <ele>47.839999999999996</ele>
   </trkpt>
   <trkpt lat="51.218230000000005" lon="5.27871">
    <ele>47.839999999999996</ele>
   </trkpt>
   <trkpt lat="51.21817" lon="5.27843">
    <ele>47.75</ele>
   </trkpt>
   <trkpt lat="51.217845016992456" lon="5.277277475639633">
    <ele>47.42</ele>
   </trkpt>
   <trkpt lat="51.21752002266528" lon="5.276124967550949">
    <ele>47.36000000000001</ele>
   </trkpt>
   <trkpt lat="51.21719501701883" lon="5.274972475734094">
    <ele>47.24</ele>
   </trkpt>
   <trkpt lat="51.21687000000001" lon="5.273820000000001">
    <ele>47.080000000000005</ele>
   </trkpt>
   <trkpt lat="51.216497521685135" lon="5.272517468380164">
    <ele>46.86000000000001</ele>
   </trkpt>
   <trkpt lat="51.21612502891219" lon="5.271214957836436">
    <ele>46.62</ele>
   </trkpt>
   <trkpt lat="51.21575252168157" lon="5.269912468369012">
    <ele>46.59</ele>
   </trkpt>
   <trkpt lat="51.21538" lon="5.268610000000001">
    <ele>47.02</ele>
   </trkpt>
   <trkpt lat="51.21526" lon="5.26822">
    <ele>46.910000000000004</ele>
   </trkpt>
   <trkpt lat="51.2152" lon="5.26827">
    <ele>46.73</ele>
   </trkpt>
   <trkpt lat="51.214840020458084" lon="5.267004970334636">
    <ele>47.010000000000005</ele>
   </trkpt>
   <trkpt lat="51.21448002727845" lon="5.265739960450527">
    <ele>47.27</ele>
   </trkpt>
   <trkpt lat="51.21412002046152" lon="5.264474970347862">
    <ele>47.13</ele>
   </trkpt>
   <trkpt lat="51.21376000000001" lon="5.263210000000001">
    <ele>46.790000000000006</ele>
   </trkpt>
   <trkpt lat="51.21351500299193" lon="5.262364995329324">
    <ele>46.410000000000004</ele>
   </trkpt>
   <trkpt lat="51.21327" lon="5.261520000000001">
    <ele>46.32000000000001</ele>
   </trkpt>
   <trkpt lat="51.21311000000001" lon="5.26104">
    <ele>46.42</ele>
   </trkpt>
   <trkpt lat="51.21322000000001" lon="5.260960000000001">
    <ele>46.55</ele>
   </trkpt>
   <trkpt lat="51.21318" lon="5.2607800000000005">
    <ele>46.37</ele>
   </trkpt>
   <trkpt lat="51.213240000000006" lon="5.26058">
    <ele>46.400000000000006</ele>
   </trkpt>
   <trkpt lat="51.21320000000001" lon="5.26043">
    <ele>46.36000000000001</ele>
   </trkpt>
   <trkpt lat="51.21313000000001" lon="5.260350000000001">
    <ele>46.21</ele>
   </trkpt>
   <trkpt lat="51.21305" lon="5.26034">
    <ele>46.21</ele>
   </trkpt>
   <trkpt lat="51.212790000000005" lon="5.259600000000001">
    <ele>45.88</ele>
   </trkpt>
   <trkpt lat="51.21258" lon="5.258830000000001">
    <ele>45.7</ele>
   </trkpt>
   <trkpt lat="51.212650000000004" lon="5.2587600000000005">
    <ele>45.76</ele>
   </trkpt>
   <trkpt lat="51.21233334362168" lon="5.257659984788373">
    <ele>45.290000000000006</ele>
   </trkpt>
   <trkpt lat="51.212016676931285" lon="5.256559984706179">
    <ele>44.86000000000001</ele>
   </trkpt>
   <trkpt lat="51.21170000000001" lon="5.25546">
    <ele>44.79</ele>
   </trkpt>
   <trkpt lat="51.211380010130455" lon="5.254369984867836">
    <ele>43.45</ele>
   </trkpt>
   <trkpt lat="51.21106001013536" lon="5.253279984884862">
    <ele>43.24</ele>
   </trkpt>
   <trkpt lat="51.21074" lon="5.252190000000001">
    <ele>43.0</ele>
   </trkpt>
   <trkpt lat="51.21058000000001" lon="5.2518">
    <ele>42.980000000000004</ele>
   </trkpt>
   <trkpt lat="51.21023" lon="5.251110000000001">
    <ele>42.980000000000004</ele>
   </trkpt>
   <trkpt lat="51.21022000000001" lon="5.251110000000001">
    <ele>42.980000000000004</ele>
   </trkpt>
   <trkpt lat="51.20996" lon="5.250590000000001">
    <ele>43.10000000000001</ele>
   </trkpt>
   <trkpt lat="51.20976" lon="5.2501500000000005">
    <ele>44.050000000000004</ele>
   </trkpt>
   <trkpt lat="51.209610000000005" lon="5.2503400000000005">
    <ele>44.02</ele>
   </trkpt>
   <trkpt lat="51.20957000000001" lon="5.25028">
    <ele>44.02</ele>
   </trkpt>
   <trkpt lat="51.209450000000004" lon="5.25025">
    <ele>44.02</ele>
   </trkpt>
   <trkpt lat="51.20935000000001" lon="5.250310000000001">
    <ele>43.910000000000004</ele>
   </trkpt>
   <trkpt lat="51.20881667072647" lon="5.251000015978845">
    <ele>43.11</ele>
   </trkpt>
   <trkpt lat="51.20828333739531" lon="5.251690015975797">
    <ele>43.18</ele>
   </trkpt>
   <trkpt lat="51.207750000000004" lon="5.2523800000000005">
    <ele>44.29</ele>
   </trkpt>
   <trkpt lat="51.20758000000001" lon="5.25255">
    <ele>45.02</ele>
   </trkpt>
   <trkpt lat="51.20696" lon="5.253380000000001">
    <ele>49.27</ele>
   </trkpt>
   <trkpt lat="51.20684000000001" lon="5.253500000000001">
    <ele>50.17</ele>
   </trkpt>
   <trkpt lat="51.206720000000004" lon="5.253590000000001">
    <ele>50.760000000000005</ele>
   </trkpt>
   <trkpt lat="51.206570000000006" lon="5.25365">
    <ele>51.28000000000001</ele>
   </trkpt>
   <trkpt lat="51.206070000276405" lon="5.253775001304562">
    <ele>52.800000000000004</ele>
   </trkpt>
   <trkpt lat="51.20557" lon="5.253900000000001">
    <ele>52.730000000000004</ele>
   </trkpt>
   <trkpt lat="51.20544" lon="5.2540700000000005">
    <ele>52.31</ele>
   </trkpt>
   <trkpt lat="51.20535" lon="5.25424">
    <ele>51.79</ele>
   </trkpt>
   <trkpt lat="51.205310000000004" lon="5.25438">
    <ele>51.79</ele>
   </trkpt>
   <trkpt lat="51.20528" lon="5.25471">
    <ele>50.84</ele>
   </trkpt>
   <trkpt lat="51.205290000000005" lon="5.2548900000000005">
    <ele>50.260000000000005</ele>
   </trkpt>
   <trkpt lat="51.205380000000005" lon="5.25518">
    <ele>48.690000000000005</ele>
   </trkpt>
   <trkpt lat="51.205670000000005" lon="5.255780000000001">
    <ele>47.09</ele>
   </trkpt>
   <trkpt lat="51.20573" lon="5.256060000000001">
    <ele>46.410000000000004</ele>
   </trkpt>
   <trkpt lat="51.205740000000006" lon="5.256220000000001">
    <ele>46.410000000000004</ele>
   </trkpt>
   <trkpt lat="51.20571" lon="5.256460000000001">
    <ele>45.92</ele>
   </trkpt>
   <trkpt lat="51.20562" lon="5.2567200000000005">
    <ele>45.78</ele>
   </trkpt>
   <trkpt lat="51.205490000000005" lon="5.2569300000000005">
    <ele>45.78</ele>
   </trkpt>
   <trkpt lat="51.204950000000004" lon="5.257250000000001">
    <ele>45.51</ele>
   </trkpt>
   <trkpt lat="51.204930000000004" lon="5.2572600000000005">
    <ele>45.49</ele>
   </trkpt>
   <trkpt lat="51.20478000000001" lon="5.25739">
    <ele>45.36000000000001</ele>
   </trkpt>
   <trkpt lat="51.20467000000001" lon="5.25753">
    <ele>45.300000000000004</ele>
   </trkpt>
   <trkpt lat="51.20456" lon="5.2579">
    <ele>45.300000000000004</ele>
   </trkpt>
   <trkpt lat="51.204510000000006" lon="5.2580100000000005">
    <ele>45.36000000000001</ele>
   </trkpt>
   <trkpt lat="51.20445" lon="5.25809">
    <ele>45.36000000000001</ele>
   </trkpt>
   <trkpt lat="51.204260000000005" lon="5.25821">
    <ele>45.65</ele>
   </trkpt>
   <trkpt lat="51.204150000000006" lon="5.258330000000001">
    <ele>45.65</ele>
   </trkpt>
   <trkpt lat="51.20367" lon="5.259130000000001">
    <ele>46.36000000000001</ele>
   </trkpt>
   <trkpt lat="51.20304500137624" lon="5.259695007651942">
    <ele>46.580000000000005</ele>
   </trkpt>
   <trkpt lat="51.202420000000004" lon="5.260260000000001">
    <ele>46.95</ele>
   </trkpt>
   <trkpt lat="51.20233" lon="5.26041">
    <ele>47.040000000000006</ele>
   </trkpt>
   <trkpt lat="51.20214000000001" lon="5.26083">
    <ele>47.190000000000005</ele>
   </trkpt>
   <trkpt lat="51.202090000000005" lon="5.26102">
    <ele>47.540000000000006</ele>
   </trkpt>
   <trkpt lat="51.202040000000004" lon="5.26111">
    <ele>47.540000000000006</ele>
   </trkpt>
   <trkpt lat="51.201930000000004" lon="5.261240000000001">
    <ele>47.57</ele>
   </trkpt>
   <trkpt lat="51.20177" lon="5.26159">
    <ele>47.550000000000004</ele>
   </trkpt>
   <trkpt lat="51.201710000000006" lon="5.26168">
    <ele>47.550000000000004</ele>
   </trkpt>
   <trkpt lat="51.201550000000005" lon="5.26182">
    <ele>47.39</ele>
   </trkpt>
   <trkpt lat="51.200790000000005" lon="5.26227">
    <ele>47.620000000000005</ele>
   </trkpt>
   <trkpt lat="51.20067" lon="5.26243">
    <ele>47.370000000000005</ele>
   </trkpt>
   <trkpt lat="51.20015" lon="5.263280000000001">
    <ele>46.52</ele>
   </trkpt>
   <trkpt lat="51.20009" lon="5.263350000000001">
    <ele>46.52</ele>
   </trkpt>
   <trkpt lat="51.19981000000001" lon="5.26355">
    <ele>46.220000000000006</ele>
   </trkpt>
   <trkpt lat="51.199720000000006" lon="5.26365">
    <ele>46.220000000000006</ele>
   </trkpt>
   <trkpt lat="51.19968" lon="5.26377">
    <ele>45.86000000000001</ele>
   </trkpt>
   <trkpt lat="51.199670000000005" lon="5.263890000000001">
    <ele>45.86000000000001</ele>
   </trkpt>
   <trkpt lat="51.199600000000004" lon="5.26417">
    <ele>45.77</ele>
   </trkpt>
   <trkpt lat="51.19950000000001" lon="5.2643200000000006">
    <ele>45.76</ele>
   </trkpt>
   <trkpt lat="51.199450000000006" lon="5.26437">
    <ele>45.790000000000006</ele>
   </trkpt>
   <trkpt lat="51.199380000000005" lon="5.2644">
    <ele>45.84</ele>
   </trkpt>
   <trkpt lat="51.199110000000005" lon="5.264410000000001">
    <ele>46.150000000000006</ele>
   </trkpt>
   <trkpt lat="51.19905000000001" lon="5.264430000000001">
    <ele>46.37</ele>
   </trkpt>
   <trkpt lat="51.19896000000001" lon="5.26454">
    <ele>46.61000000000001</ele>
   </trkpt>
   <trkpt lat="51.19886" lon="5.26463">
    <ele>46.62</ele>
   </trkpt>
   <trkpt lat="51.19883" lon="5.26456">
    <ele>46.690000000000005</ele>
   </trkpt>
   <trkpt lat="51.198440000000005" lon="5.2649300000000006">
    <ele>46.67</ele>
   </trkpt>
   <trkpt lat="51.19838000000001" lon="5.265020000000001">
    <ele>46.67</ele>
   </trkpt>
   <trkpt lat="51.198240000000006" lon="5.26538">
    <ele>46.93000000000001</ele>
   </trkpt>
   <trkpt lat="51.198170000000005" lon="5.265490000000001">
    <ele>46.89</ele>
   </trkpt>
   <trkpt lat="51.197520000000004" lon="5.26616">
    <ele>45.87</ele>
   </trkpt>
   <trkpt lat="51.19746000000001" lon="5.26625">
    <ele>45.89000000000001</ele>
   </trkpt>
   <trkpt lat="51.197410000000005" lon="5.266900000000001">
    <ele>45.65</ele>
   </trkpt>
   <trkpt lat="51.19717000000001" lon="5.267270000000001">
    <ele>45.480000000000004</ele>
   </trkpt>
   <trkpt lat="51.19684" lon="5.267650000000001">
    <ele>45.43000000000001</ele>
   </trkpt>
   <trkpt lat="51.19673" lon="5.267740000000001">
    <ele>45.300000000000004</ele>
   </trkpt>
   <trkpt lat="51.196600000000004" lon="5.26778">
    <ele>45.08</ele>
   </trkpt>
   <trkpt lat="51.19661000000001" lon="5.2677700000000005">
    <ele>45.08</ele>
   </trkpt>
   <trkpt lat="51.196490000000004" lon="5.26778">
    <ele>45.08</ele>
   </trkpt>
   <trkpt lat="51.19623000000001" lon="5.267690000000001">
    <ele>44.64000000000001</ele>
   </trkpt>
   <trkpt lat="51.196130000000004" lon="5.267720000000001">
    <ele>44.57000000000001</ele>
   </trkpt>
   <trkpt lat="51.196020000000004" lon="5.26785">
    <ele>44.50000000000001</ele>
   </trkpt>
   <trkpt lat="51.19592" lon="5.26801">
    <ele>44.480000000000004</ele>
   </trkpt>
   <trkpt lat="51.19588" lon="5.26815">
    <ele>44.480000000000004</ele>
   </trkpt>
   <trkpt lat="51.19586" lon="5.26844">
    <ele>44.50000000000001</ele>
   </trkpt>
   <trkpt lat="51.195820000000005" lon="5.268630000000001">
    <ele>44.50000000000001</ele>
   </trkpt>
   <trkpt lat="51.195750000000004" lon="5.268770000000001">
    <ele>44.46000000000001</ele>
   </trkpt>
   <trkpt lat="51.195280000000004" lon="5.269310000000001">
    <ele>44.870000000000005</ele>
   </trkpt>
   <trkpt lat="51.19518000000001" lon="5.269450000000001">
    <ele>44.94</ele>
   </trkpt>
   <trkpt lat="51.19514" lon="5.2694600000000005">
    <ele>44.94</ele>
   </trkpt>
   <trkpt lat="51.19509000000001" lon="5.26942">
    <ele>44.800000000000004</ele>
   </trkpt>
   <trkpt lat="51.19501" lon="5.26928">
    <ele>44.800000000000004</ele>
   </trkpt>
   <trkpt lat="51.194660000000006" lon="5.268800000000001">
    <ele>43.910000000000004</ele>
   </trkpt>
   <trkpt lat="51.19447" lon="5.2684500000000005">
    <ele>43.84</ele>
   </trkpt>
   <trkpt lat="51.194100000000006" lon="5.2675">
    <ele>43.08</ele>
   </trkpt>
   <trkpt lat="51.193780000000004" lon="5.2669500000000005">
    <ele>43.42</ele>
   </trkpt>
   <trkpt lat="51.193560000000005" lon="5.266520000000001">
    <ele>43.88</ele>
   </trkpt>
   <trkpt lat="51.19350000000001" lon="5.266470000000001">
    <ele>43.95</ele>
   </trkpt>
   <trkpt lat="51.19294000061926" lon="5.266865004832709">
    <ele>42.93</ele>
   </trkpt>
   <trkpt lat="51.19238000000001" lon="5.26726">
    <ele>43.550000000000004</ele>
   </trkpt>
   <trkpt lat="51.19220000000001" lon="5.26738">
    <ele>44.24</ele>
   </trkpt>
   <trkpt lat="51.19182000496458" lon="5.266616654073176">
    <ele>43.93</ele>
   </trkpt>
   <trkpt lat="51.191440004962566" lon="5.265853320735947">
    <ele>43.64000000000001</ele>
   </trkpt>
   <trkpt lat="51.19106000000001" lon="5.265090000000001">
    <ele>43.79</ele>
   </trkpt>
   <trkpt lat="51.19027714940202" lon="5.265595765828005">
    <ele>44.28000000000001</ele>
   </trkpt>
   <trkpt lat="51.18949429662376" lon="5.266101514472539">
    <ele>45.040000000000006</ele>
   </trkpt>
   <trkpt lat="51.18871144166533" lon="5.266607245934621">
    <ele>45.01</ele>
   </trkpt>
   <trkpt lat="51.18792858452691" lon="5.2671129602152655">
    <ele>44.28000000000001</ele>
   </trkpt>
   <trkpt lat="51.18714572520861" lon="5.267618657315491">
    <ele>43.74</ele>
   </trkpt>
   <trkpt lat="51.186362863710556" lon="5.268124337236314">
    <ele>43.870000000000005</ele>
   </trkpt>
   <trkpt lat="51.18558" lon="5.268630000000001">
    <ele>43.56</ele>
   </trkpt>
   <trkpt lat="51.18538" lon="5.268770000000001">
    <ele>43.660000000000004</ele>
   </trkpt>
   <trkpt lat="51.18529" lon="5.268840000000001">
    <ele>43.95</ele>
   </trkpt>
   <trkpt lat="51.18515000000001" lon="5.2689">
    <ele>43.84</ele>
   </trkpt>
   <trkpt lat="51.185010000000005" lon="5.268160000000001">
    <ele>43.910000000000004</ele>
   </trkpt>
   <trkpt lat="51.18479000000001" lon="5.267320000000001">
    <ele>44.160000000000004</ele>
   </trkpt>
   <trkpt lat="51.18469" lon="5.2671">
    <ele>44.160000000000004</ele>
   </trkpt>
   <trkpt lat="51.18433500125482" lon="5.266569996004">
    <ele>44.22</ele>
   </trkpt>
   <trkpt lat="51.183980000000005" lon="5.26604">
    <ele>44.58</ele>
   </trkpt>
   <trkpt lat="51.18349500265932" lon="5.265259991899478">
    <ele>46.59</ele>
   </trkpt>
   <trkpt lat="51.18301" lon="5.264480000000001">
    <ele>46.650000000000006</ele>
   </trkpt>
   <trkpt lat="51.182900000000004" lon="5.2642500000000005">
    <ele>46.2</ele>
   </trkpt>
   <trkpt lat="51.182860000000005" lon="5.2640400000000005">
    <ele>45.74</ele>
   </trkpt>
   <trkpt lat="51.182860000000005" lon="5.263820000000001">
    <ele>45.37</ele>
   </trkpt>
   <trkpt lat="51.18307" lon="5.26285">
    <ele>42.88</ele>
   </trkpt>
   <trkpt lat="51.183060000000005" lon="5.262700000000001">
    <ele>42.82</ele>
   </trkpt>
   <trkpt lat="51.183020000000006" lon="5.262510000000001">
    <ele>42.77</ele>
   </trkpt>
   <trkpt lat="51.182930000000006" lon="5.262300000000001">
    <ele>42.620000000000005</ele>
   </trkpt>
   <trkpt lat="51.1824" lon="5.26149">
    <ele>42.370000000000005</ele>
   </trkpt>
   <trkpt lat="51.18226000000001" lon="5.261310000000001">
    <ele>42.43</ele>
   </trkpt>
   <trkpt lat="51.18198" lon="5.261010000000001">
    <ele>42.760000000000005</ele>
   </trkpt>
   <trkpt lat="51.18215000000001" lon="5.260890000000001">
    <ele>42.84</ele>
   </trkpt>
   <trkpt lat="51.18292500045922" lon="5.260600004838082">
    <ele>43.35000000000001</ele>
   </trkpt>
   <trkpt lat="51.1837" lon="5.2603100000000005">
    <ele>44.300000000000004</ele>
   </trkpt>
   <trkpt lat="51.18377" lon="5.26027">
    <ele>44.230000000000004</ele>
   </trkpt>
   <trkpt lat="51.18385000000001" lon="5.260190000000001">
    <ele>44.230000000000004</ele>
   </trkpt>
   <trkpt lat="51.18442" lon="5.259530000000001">
    <ele>43.60000000000001</ele>
   </trkpt>
   <trkpt lat="51.18494500130288" lon="5.258950006750973">
    <ele>43.17000000000001</ele>
   </trkpt>
   <trkpt lat="51.18547" lon="5.25837">
    <ele>42.730000000000004</ele>
   </trkpt>
   <trkpt lat="51.18554" lon="5.25825">
    <ele>42.730000000000004</ele>
   </trkpt>
   <trkpt lat="51.185750000000006" lon="5.25781">
    <ele>42.54</ele>
   </trkpt>
   <trkpt lat="51.18580000000001" lon="5.2576600000000004">
    <ele>42.53</ele>
   </trkpt>
   <trkpt lat="51.18580000000001" lon="5.257560000000001">
    <ele>42.47</ele>
   </trkpt>
   <trkpt lat="51.18548000364107" lon="5.2566349935617">
    <ele>41.88</ele>
   </trkpt>
   <trkpt lat="51.18516" lon="5.2557100000000005">
    <ele>42.03</ele>
   </trkpt>
   <trkpt lat="51.18513" lon="5.25553">
    <ele>41.97</ele>
   </trkpt>
   <trkpt lat="51.185190000000006" lon="5.255280000000001">
    <ele>41.97</ele>
   </trkpt>
   <trkpt lat="51.185726669753656" lon="5.254680013952022">
    <ele>41.510000000000005</ele>
   </trkpt>
   <trkpt lat="51.186263336438735" lon="5.254080013931655">
    <ele>41.38</ele>
   </trkpt>
   <trkpt lat="51.186800000000005" lon="5.253480000000001">
    <ele>41.370000000000005</ele>
   </trkpt>
   <trkpt lat="51.18686" lon="5.253340000000001">
    <ele>41.38</ele>
   </trkpt>
   <trkpt lat="51.186870000000006" lon="5.2532000000000005">
    <ele>41.38</ele>
   </trkpt>
   <trkpt lat="51.18685000000001" lon="5.25244">
    <ele>41.29</ele>
   </trkpt>
   <trkpt lat="51.18679862083594" lon="5.251049990692287">
    <ele>41.06</ele>
   </trkpt>
   <trkpt lat="51.186747225202595" lon="5.249659984484199">
    <ele>40.86</ele>
   </trkpt>
   <trkpt lat="51.186695813100044" lon="5.248269981376718">
    <ele>40.43</ele>
   </trkpt>
   <trkpt lat="51.18664438452833" lon="5.246879981370822">
    <ele>40.18</ele>
   </trkpt>
   <trkpt lat="51.18659293948754" lon="5.245489984467493">
    <ele>40.28</ele>
   </trkpt>
   <trkpt lat="51.18654147797774" lon="5.2440999906677135">
    <ele>40.13</ele>
   </trkpt>
   <trkpt lat="51.186490000000006" lon="5.242710000000001">
    <ele>40.03</ele>
   </trkpt>
   <trkpt lat="51.186490000000006" lon="5.2427">
    <ele>40.03</ele>
   </trkpt>
   <trkpt lat="51.18645" lon="5.24159">
    <ele>39.75</ele>
   </trkpt>
   <trkpt lat="51.186256030336274" lon="5.240255977528408">
    <ele>39.330000000000005</ele>
   </trkpt>
   <trkpt lat="51.18606204550329" lon="5.23892196628576">
    <ele>39.190000000000005</ele>
   </trkpt>
   <trkpt lat="51.18586804550127" lon="5.237587966272763">
    <ele>38.78</ele>
   </trkpt>
   <trkpt lat="51.18567403033046" lon="5.236253977490121">
    <ele>38.67</ele>
   </trkpt>
   <trkpt lat="51.185480000000005" lon="5.234920000000001">
    <ele>38.2</ele>
   </trkpt>
   <trkpt lat="51.185390000000005" lon="5.234240000000001">
    <ele>37.82000000000001</ele>
   </trkpt>
   <trkpt lat="51.18536" lon="5.2339">
    <ele>37.76</ele>
   </trkpt>
   <trkpt lat="51.185405003479" lon="5.232995001118692">
    <ele>37.7</ele>
   </trkpt>
   <trkpt lat="51.18545" lon="5.23209">
    <ele>37.52</ele>
   </trkpt>
   <trkpt lat="51.18546500539704" lon="5.230965000145793">
    <ele>37.19</ele>
   </trkpt>
   <trkpt lat="51.185480000000005" lon="5.22984">
    <ele>37.33</ele>
   </trkpt>
   <trkpt lat="51.185340013817274" lon="5.228566658900176">
    <ele>37.14000000000001</ele>
   </trkpt>
   <trkpt lat="51.1852000138138" lon="5.227293325535395">
    <ele>36.67</ele>
   </trkpt>
   <trkpt lat="51.18506000000001" lon="5.22602">
    <ele>36.87</ele>
   </trkpt>
   <trkpt lat="51.185050000000004" lon="5.22585">
    <ele>36.87</ele>
   </trkpt>
   <trkpt lat="51.18511" lon="5.225580000000001">
    <ele>37.05</ele>
   </trkpt>
   <trkpt lat="51.185010000000005" lon="5.22545">
    <ele>36.97</ele>
   </trkpt>
   <trkpt lat="51.18495000000001" lon="5.22531">
    <ele>37.01</ele>
   </trkpt>
   <trkpt lat="51.184740000000005" lon="5.22433">
    <ele>36.62</ele>
   </trkpt>
   <trkpt lat="51.18458290121933" lon="5.22301711600138">
    <ele>36.42</ele>
   </trkpt>
   <trkpt lat="51.18442578774608" lon="5.221704240952673">
    <ele>36.37</ele>
   </trkpt>
   <trkpt lat="51.18426865958048" lon="5.220391374854607">
    <ele>36.160000000000004</ele>
   </trkpt>
   <trkpt lat="51.18411151672269" lon="5.219078517707906">
    <ele>35.9</ele>
   </trkpt>
   <trkpt lat="51.18395435917288" lon="5.217765669513296">
    <ele>35.78000000000001</ele>
   </trkpt>
   <trkpt lat="51.183797186931265" lon="5.216452830271504">
    <ele>35.79</ele>
   </trkpt>
   <trkpt lat="51.183640000000004" lon="5.215140000000001">
    <ele>35.82000000000001</ele>
   </trkpt>
   <trkpt lat="51.183620000000005" lon="5.2148200000000005">
    <ele>35.86</ele>
   </trkpt>
   <trkpt lat="51.18354" lon="5.2142100000000005">
    <ele>35.89000000000001</ele>
   </trkpt>
   <trkpt lat="51.18347000000001" lon="5.21396">
    <ele>35.88</ele>
   </trkpt>
   <trkpt lat="51.183310000000006" lon="5.21361">
    <ele>35.81</ele>
   </trkpt>
   <trkpt lat="51.18283" lon="5.21286">
    <ele>35.980000000000004</ele>
   </trkpt>
   <trkpt lat="51.182590000000005" lon="5.212420000000001">
    <ele>36.04</ele>
   </trkpt>
   <trkpt lat="51.18251000000001" lon="5.212510000000001">
    <ele>36.120000000000005</ele>
   </trkpt>
   <trkpt lat="51.18247" lon="5.21253">
    <ele>36.120000000000005</ele>
   </trkpt>
   <trkpt lat="51.18164" lon="5.212540000000001">
    <ele>36.1</ele>
   </trkpt>
   <trkpt lat="51.181630000000006" lon="5.212540000000001">
    <ele>36.1</ele>
   </trkpt>
   <trkpt lat="51.18100333331006" lon="5.212540000000001">
    <ele>36.2</ele>
   </trkpt>
   <trkpt lat="51.180376666620134" lon="5.212540000000001">
    <ele>36.35</ele>
   </trkpt>
   <trkpt lat="51.179750000000006" lon="5.212540000000001">
    <ele>36.39000000000001</ele>
   </trkpt>
   <trkpt lat="51.17922" lon="5.212370000000001">
    <ele>36.44</ele>
   </trkpt>
   <trkpt lat="51.178920000000005" lon="5.21225">
    <ele>36.410000000000004</ele>
   </trkpt>
   <trkpt lat="51.17835" lon="5.21192">
    <ele>36.37</ele>
   </trkpt>
   <trkpt lat="51.178000000000004" lon="5.211650000000001">
    <ele>36.4</ele>
   </trkpt>
   <trkpt lat="51.177690000000005" lon="5.21133">
    <ele>36.51</ele>
   </trkpt>
   <trkpt lat="51.177710000000005" lon="5.21121">
    <ele>36.51</ele>
   </trkpt>
   <trkpt lat="51.177670000000006" lon="5.21109">
    <ele>36.54</ele>
   </trkpt>
   <trkpt lat="51.177620000000005" lon="5.211060000000001">
    <ele>36.54</ele>
   </trkpt>
   <trkpt lat="51.17756000000001" lon="5.211060000000001">
    <ele>36.54</ele>
   </trkpt>
   <trkpt lat="51.177530000000004" lon="5.2111">
    <ele>36.54</ele>
   </trkpt>
   <trkpt lat="51.177440000000004" lon="5.21081">
    <ele>36.39000000000001</ele>
   </trkpt>
   <trkpt lat="51.17739" lon="5.210500000000001">
    <ele>36.2</ele>
   </trkpt>
   <trkpt lat="51.17738000000001" lon="5.21009">
    <ele>36.2</ele>
   </trkpt>
   <trkpt lat="51.177480002694445" lon="5.209290002002541">
    <ele>36.02</ele>
   </trkpt>
   <trkpt lat="51.177580000000006" lon="5.20849">
    <ele>36.04</ele>
   </trkpt>
   <trkpt lat="51.17756000000001" lon="5.208290000000001">
    <ele>36.04</ele>
   </trkpt>
   <trkpt lat="51.177440000000004" lon="5.20833">
    <ele>36.06</ele>
   </trkpt>
   <trkpt lat="51.17718000000001" lon="5.208550000000001">
    <ele>36.11</ele>
   </trkpt>
   <trkpt lat="51.1764350017651" lon="5.209190010324896">
    <ele>36.300000000000004</ele>
   </trkpt>
   <trkpt lat="51.17569" lon="5.20983">
    <ele>36.54</ele>
   </trkpt>
   <trkpt lat="51.175230000000006" lon="5.21034">
    <ele>36.56</ele>
   </trkpt>
   <trkpt lat="51.17499" lon="5.210640000000001">
    <ele>36.78</ele>
   </trkpt>
   <trkpt lat="51.17484" lon="5.2109000000000005">
    <ele>36.81</ele>
   </trkpt>
   <trkpt lat="51.174400000000006" lon="5.211670000000001">
    <ele>36.84</ele>
   </trkpt>
   <trkpt lat="51.17418000000001" lon="5.212000000000001">
    <ele>36.82000000000001</ele>
   </trkpt>
   <trkpt lat="51.17361000224224" lon="5.2127250089598585">
    <ele>36.47</ele>
   </trkpt>
   <trkpt lat="51.17304000000001" lon="5.213450000000001">
    <ele>36.47</ele>
   </trkpt>
   <trkpt lat="51.172470000000004" lon="5.214270000000001">
    <ele>36.46000000000001</ele>
   </trkpt>
   <trkpt lat="51.17239000000001" lon="5.214320000000001">
    <ele>36.59</ele>
   </trkpt>
   <trkpt lat="51.171940000000006" lon="5.21499">
    <ele>36.03</ele>
   </trkpt>
   <trkpt lat="51.17163000134989" lon="5.215550003740798">
    <ele>35.910000000000004</ele>
   </trkpt>
   <trkpt lat="51.17132" lon="5.2161100000000005">
    <ele>35.9</ele>
   </trkpt>
   <trkpt lat="51.17106500464228" lon="5.21506499417042">
    <ele>35.92</ele>
   </trkpt>
   <trkpt lat="51.17081" lon="5.2140200000000005">
    <ele>35.77</ele>
   </trkpt>
   <trkpt lat="51.17081" lon="5.214">
    <ele>35.77</ele>
   </trkpt>
   <trkpt lat="51.17052" lon="5.212840000000001">
    <ele>35.58</ele>
   </trkpt>
   <trkpt lat="51.17033000000001" lon="5.211760000000001">
    <ele>35.42</ele>
   </trkpt>
   <trkpt lat="51.17006334080427" lon="5.210823322471069">
    <ele>35.52</ele>
   </trkpt>
   <trkpt lat="51.16979667412906" lon="5.2098866557745644">
    <ele>35.67</ele>
   </trkpt>
   <trkpt lat="51.16953" lon="5.208950000000001">
    <ele>35.620000000000005</ele>
   </trkpt>
   <trkpt lat="51.16921000000001" lon="5.207660000000001">
    <ele>35.2</ele>
   </trkpt>
   <trkpt lat="51.169015003823596" lon="5.206709995869376">
    <ele>34.83</ele>
   </trkpt>
   <trkpt lat="51.168820000000004" lon="5.205760000000001">
    <ele>34.81</ele>
   </trkpt>
   <trkpt lat="51.16818000000001" lon="5.20619">
    <ele>33.65</ele>
   </trkpt>
   <trkpt lat="51.16773000053727" lon="5.206455002445526">
    <ele>33.400000000000006</ele>
   </trkpt>
   <trkpt lat="51.167280000000005" lon="5.206720000000001">
    <ele>33.82</ele>
   </trkpt>
   <trkpt lat="51.167210000000004" lon="5.206790000000001">
    <ele>34.27</ele>
   </trkpt>
   <trkpt lat="51.16718" lon="5.206860000000001">
    <ele>34.27</ele>
   </trkpt>
   <trkpt lat="51.167190000000005" lon="5.206930000000001">
    <ele>34.11</ele>
   </trkpt>
   <trkpt lat="51.167260000000006" lon="5.207120000000001">
    <ele>33.980000000000004</ele>
   </trkpt>
   <trkpt lat="51.16760000000001" lon="5.207800000000001">
    <ele>34.38</ele>
   </trkpt>
   <trkpt lat="51.16762000000001" lon="5.20788">
    <ele>34.42000000000001</ele>
   </trkpt>
   <trkpt lat="51.16761" lon="5.20802">
    <ele>34.440000000000005</ele>
   </trkpt>
   <trkpt lat="51.167550000000006" lon="5.208100000000001">
    <ele>34.42000000000001</ele>
   </trkpt>
   <trkpt lat="51.166820001357834" lon="5.208665008944905">
    <ele>34.1</ele>
   </trkpt>
   <trkpt lat="51.166090000000004" lon="5.209230000000001">
    <ele>33.760000000000005</ele>
   </trkpt>
   <trkpt lat="51.16565000000001" lon="5.20964">
    <ele>33.24</ele>
   </trkpt>
   <trkpt lat="51.165110000000006" lon="5.21004">
    <ele>33.080000000000005</ele>
   </trkpt>
   <trkpt lat="51.165110000000006" lon="5.210050000000001">
    <ele>33.080000000000005</ele>
   </trkpt>
   <trkpt lat="51.16458000083391" lon="5.210460004620302">
    <ele>33.13</ele>
   </trkpt>
   <trkpt lat="51.16405" lon="5.210870000000001">
    <ele>33.09</ele>
   </trkpt>
   <trkpt lat="51.163970000000006" lon="5.210920000000001">
    <ele>33.120000000000005</ele>
   </trkpt>
   <trkpt lat="51.16349" lon="5.21103">
    <ele>33.010000000000005</ele>
   </trkpt>
   <trkpt lat="51.16291000021733" lon="5.21110000085645">
    <ele>33.17</ele>
   </trkpt>
   <trkpt lat="51.162330000000004" lon="5.21117">
    <ele>33.690000000000005</ele>
   </trkpt>
   <trkpt lat="51.16201" lon="5.211220000000001">
    <ele>33.79</ele>
   </trkpt>
   <trkpt lat="51.161930000000005" lon="5.21126">
    <ele>33.79</ele>
   </trkpt>
   <trkpt lat="51.1619" lon="5.2113000000000005">
    <ele>33.79</ele>
   </trkpt>
   <trkpt lat="51.16187000000001" lon="5.21143">
    <ele>33.79</ele>
   </trkpt>
   <trkpt lat="51.161840000000005" lon="5.211790000000001">
    <ele>33.92</ele>
   </trkpt>
   <trkpt lat="51.16180000000001" lon="5.21199">
    <ele>33.92</ele>
   </trkpt>
   <trkpt lat="51.161030000000004" lon="5.211880000000001">
    <ele>33.61</ele>
   </trkpt>
   <trkpt lat="51.16053" lon="5.211740000000001">
    <ele>34.17</ele>
   </trkpt>
   <trkpt lat="51.160470000000004" lon="5.2117">
    <ele>34.17</ele>
   </trkpt>
   <trkpt lat="51.16017" lon="5.211340000000001">
    <ele>34.440000000000005</ele>
   </trkpt>
   <trkpt lat="51.159870000000005" lon="5.210870000000001">
    <ele>34.7</ele>
   </trkpt>
   <trkpt lat="51.15975" lon="5.2106200000000005">
    <ele>34.7</ele>
   </trkpt>
   <trkpt lat="51.159670000000006" lon="5.21053">
    <ele>35.120000000000005</ele>
   </trkpt>
   <trkpt lat="51.15907000023534" lon="5.2102699965956765">
    <ele>35.34</ele>
   </trkpt>
   <trkpt lat="51.15847" lon="5.2100100000000005">
    <ele>35.660000000000004</ele>
   </trkpt>
   <trkpt lat="51.158390000000004" lon="5.210000000000001">
    <ele>35.660000000000004</ele>
   </trkpt>
   <trkpt lat="51.15829" lon="5.21002">
    <ele>35.660000000000004</ele>
   </trkpt>
   <trkpt lat="51.15785" lon="5.2102">
    <ele>35.480000000000004</ele>
   </trkpt>
   <trkpt lat="51.157415000151914" lon="5.2104300022074455">
    <ele>35.11</ele>
   </trkpt>
   <trkpt lat="51.156980000000004" lon="5.210660000000001">
    <ele>35.76</ele>
   </trkpt>
   <trkpt lat="51.15661000000001" lon="5.21075">
    <ele>35.99</ele>
   </trkpt>
   <trkpt lat="51.15614000000001" lon="5.21096">
    <ele>35.56</ele>
   </trkpt>
   <trkpt lat="51.15570000014889" lon="5.211180002126682">
    <ele>35.6</ele>
   </trkpt>
   <trkpt lat="51.155260000000006" lon="5.2114">
    <ele>35.36</ele>
   </trkpt>
   <trkpt lat="51.15484000000001" lon="5.2115800000000005">
    <ele>35.01</ele>
   </trkpt>
   <trkpt lat="51.15457000000001" lon="5.2117">
    <ele>34.63</ele>
   </trkpt>
   <trkpt lat="51.153907501946456" lon="5.212090016797541">
    <ele>34.5</ele>
   </trkpt>
   <trkpt lat="51.153245002595995" lon="5.2124800223958845">
    <ele>34.5</ele>
   </trkpt>
   <trkpt lat="51.152582501948736" lon="5.212870016795593">
    <ele>34.43</ele>
   </trkpt>
   <trkpt lat="51.151920000000004" lon="5.21326">
    <ele>35.38</ele>
   </trkpt>
   <trkpt lat="51.15187" lon="5.21326">
    <ele>35.6</ele>
   </trkpt>
   <trkpt lat="51.151830000000004" lon="5.2132000000000005">
    <ele>35.6</ele>
   </trkpt>
   <trkpt lat="51.15178" lon="5.213050000000001">
    <ele>35.39</ele>
   </trkpt>
   <trkpt lat="51.15173000000001" lon="5.21279">
    <ele>35.39</ele>
   </trkpt>
   <trkpt lat="51.15169" lon="5.212260000000001">
    <ele>35.27</ele>
   </trkpt>
   <trkpt lat="51.151720000000005" lon="5.2113700000000005">
    <ele>35.190000000000005</ele>
   </trkpt>
   <trkpt lat="51.151680000000006" lon="5.21098">
    <ele>35.190000000000005</ele>
   </trkpt>
   <trkpt lat="51.15157000000001" lon="5.210260000000001">
    <ele>35.13</ele>
   </trkpt>
   <trkpt lat="51.15133500680435" lon="5.208994993463288">
    <ele>34.34</ele>
   </trkpt>
   <trkpt lat="51.15110000000001" lon="5.207730000000001">
    <ele>34.9</ele>
   </trkpt>
   <trkpt lat="51.15109" lon="5.207660000000001">
    <ele>34.9</ele>
   </trkpt>
   <trkpt lat="51.15101000000001" lon="5.20753">
    <ele>34.910000000000004</ele>
   </trkpt>
   <trkpt lat="51.151140000000005" lon="5.2073">
    <ele>34.85000000000001</ele>
   </trkpt>
   <trkpt lat="51.15108000000001" lon="5.207210000000001">
    <ele>34.85000000000001</ele>
   </trkpt>
   <trkpt lat="51.15092500274177" lon="5.206404997187883">
    <ele>33.79</ele>
   </trkpt>
   <trkpt lat="51.15077" lon="5.2056000000000004">
    <ele>34.07</ele>
   </trkpt>
   <trkpt lat="51.15073" lon="5.20551">
    <ele>34.11</ele>
   </trkpt>
   <trkpt lat="51.150670000000005" lon="5.20546">
    <ele>34.11</ele>
   </trkpt>
   <trkpt lat="51.15041" lon="5.20546">
    <ele>34.04</ele>
   </trkpt>
   <trkpt lat="51.150290000000005" lon="5.205360000000001">
    <ele>33.95</ele>
   </trkpt>
   <trkpt lat="51.15026" lon="5.2052700000000005">
    <ele>33.95</ele>
   </trkpt>
   <trkpt lat="51.15022500241501" lon="5.204519999794975">
    <ele>33.47</ele>
   </trkpt>
   <trkpt lat="51.15019" lon="5.2037700000000005">
    <ele>34.160000000000004</ele>
   </trkpt>
   <trkpt lat="51.15017" lon="5.203410000000001">
    <ele>33.74</ele>
   </trkpt>
   <trkpt lat="51.150180000000006" lon="5.202590000000001">
    <ele>33.080000000000005</ele>
   </trkpt>
   <trkpt lat="51.150220000000004" lon="5.2024300000000006">
    <ele>32.980000000000004</ele>
   </trkpt>
   <trkpt lat="51.15041" lon="5.20192">
    <ele>32.78</ele>
   </trkpt>
   <trkpt lat="51.15041" lon="5.201910000000001">
    <ele>32.78</ele>
   </trkpt>
   <trkpt lat="51.1505" lon="5.20169">
    <ele>32.690000000000005</ele>
   </trkpt>
   <trkpt lat="51.15053" lon="5.201390000000001">
    <ele>32.690000000000005</ele>
   </trkpt>
   <trkpt lat="51.150380000000006" lon="5.200480000000001">
    <ele>32.36</ele>
   </trkpt>
   <trkpt lat="51.15021" lon="5.199680000000001">
    <ele>32.910000000000004</ele>
   </trkpt>
   <trkpt lat="51.15017" lon="5.199590000000001">
    <ele>32.910000000000004</ele>
   </trkpt>
   <trkpt lat="51.15005000000001" lon="5.199660000000001">
    <ele>32.720000000000006</ele>
   </trkpt>
   <trkpt lat="51.1495" lon="5.19981">
    <ele>32.800000000000004</ele>
   </trkpt>
   <trkpt lat="51.149440000000006" lon="5.19986">
    <ele>32.92</ele>
   </trkpt>
   <trkpt lat="51.149300000000004" lon="5.200130000000001">
    <ele>32.92</ele>
   </trkpt>
   <trkpt lat="51.14885" lon="5.201280000000001">
    <ele>33.300000000000004</ele>
   </trkpt>
   <trkpt lat="51.14876" lon="5.201460000000001">
    <ele>33.300000000000004</ele>
   </trkpt>
   <trkpt lat="51.148250000633" lon="5.201875004668289">
    <ele>33.45</ele>
   </trkpt>
   <trkpt lat="51.147740000000006" lon="5.2022900000000005">
    <ele>33.64</ele>
   </trkpt>
   <trkpt lat="51.14764" lon="5.20246">
    <ele>33.64</ele>
   </trkpt>
   <trkpt lat="51.147310000000004" lon="5.20357">
    <ele>33.88</ele>
   </trkpt>
   <trkpt lat="51.147220000000004" lon="5.20373">
    <ele>33.88</ele>
   </trkpt>
   <trkpt lat="51.14677500145122" lon="5.204315005650498">
    <ele>34.09</ele>
   </trkpt>
   <trkpt lat="51.146330000000006" lon="5.2049">
    <ele>34.370000000000005</ele>
   </trkpt>
   <trkpt lat="51.14582000143891" lon="5.2054750063203254">
    <ele>34.28</ele>
   </trkpt>
   <trkpt lat="51.14531" lon="5.20605">
    <ele>34.58</ele>
   </trkpt>
   <trkpt lat="51.145140000000005" lon="5.20641">
    <ele>34.59</ele>
   </trkpt>
   <trkpt lat="51.145070000000004" lon="5.20645">
    <ele>34.54</ele>
   </trkpt>
   <trkpt lat="51.1444366666765" lon="5.206476667398284">
    <ele>33.96</ele>
   </trkpt>
   <trkpt lat="51.14380333334693" lon="5.20650333406478">
    <ele>33.97</ele>
   </trkpt>
   <trkpt lat="51.143170000000005" lon="5.206530000000001">
    <ele>34.510000000000005</ele>
   </trkpt>
   <trkpt lat="51.14307" lon="5.206580000000001">
    <ele>34.59</ele>
   </trkpt>
   <trkpt lat="51.142970000000005" lon="5.20675">
    <ele>34.60000000000001</ele>
   </trkpt>
   <trkpt lat="51.14289" lon="5.20685">
    <ele>34.58</ele>
   </trkpt>
   <trkpt lat="51.142770000000006" lon="5.2069">
    <ele>34.43</ele>
   </trkpt>
   <trkpt lat="51.142450000000004" lon="5.206950000000001">
    <ele>34.36</ele>
   </trkpt>
   <trkpt lat="51.14233" lon="5.20692">
    <ele>34.36</ele>
   </trkpt>
   <trkpt lat="51.14199000000001" lon="5.20666">
    <ele>34.39</ele>
   </trkpt>
   <trkpt lat="51.141740000000006" lon="5.20638">
    <ele>34.34</ele>
   </trkpt>
   <trkpt lat="51.14128500180097" lon="5.205724993503637">
    <ele>34.06</ele>
   </trkpt>
   <trkpt lat="51.14083" lon="5.20507">
    <ele>34.080000000000005</ele>
   </trkpt>
   <trkpt lat="51.14074" lon="5.2049900000000004">
    <ele>34.080000000000005</ele>
   </trkpt>
   <trkpt lat="51.14047000000001" lon="5.20486">
    <ele>33.980000000000004</ele>
   </trkpt>
   <trkpt lat="51.13983" lon="5.20457">
    <ele>33.99</ele>
   </trkpt>
   <trkpt lat="51.13974" lon="5.204560000000001">
    <ele>33.99</ele>
   </trkpt>
   <trkpt lat="51.13962" lon="5.2046">
    <ele>34.03</ele>
   </trkpt>
   <trkpt lat="51.139125000440956" lon="5.204905003242851">
    <ele>34.02</ele>
   </trkpt>
   <trkpt lat="51.138630000000006" lon="5.20521">
    <ele>34.22</ele>
   </trkpt>
   <trkpt lat="51.13812500042266" lon="5.205520003382862">
    <ele>34.4</ele>
   </trkpt>
   <trkpt lat="51.137620000000005" lon="5.205830000000001">
    <ele>34.74</ele>
   </trkpt>
   <trkpt lat="51.13752" lon="5.20582">
    <ele>34.82</ele>
   </trkpt>
   <trkpt lat="51.13747000000001" lon="5.20579">
    <ele>34.82</ele>
   </trkpt>
   <trkpt lat="51.137420000000006" lon="5.2057400000000005">
    <ele>34.82</ele>
   </trkpt>
   <trkpt lat="51.137040000000006" lon="5.2050600000000005">
    <ele>34.78</ele>
   </trkpt>
   <trkpt lat="51.13636001035531" lon="5.204159960228645">
    <ele>34.800000000000004</ele>
   </trkpt>
   <trkpt lat="51.135680013803196" lon="5.203259946967453">
    <ele>34.870000000000005</ele>
   </trkpt>
   <trkpt lat="51.13500001034397" lon="5.2023599602152695">
    <ele>35.190000000000005</ele>
   </trkpt>
   <trkpt lat="51.13432" lon="5.201460000000001">
    <ele>35.730000000000004</ele>
   </trkpt>
   <trkpt lat="51.13439" lon="5.200950000000001">
    <ele>35.480000000000004</ele>
   </trkpt>
   <trkpt lat="51.134525007063004" lon="5.199665003540528">
    <ele>34.86</ele>
   </trkpt>
   <trkpt lat="51.134660000000004" lon="5.19838">
    <ele>34.550000000000004</ele>
   </trkpt>
   <trkpt lat="51.134690000000006" lon="5.19793">
    <ele>34.550000000000004</ele>
   </trkpt>
   <trkpt lat="51.13468" lon="5.197520000000001">
    <ele>34.60000000000001</ele>
   </trkpt>
   <trkpt lat="51.1346350058419" lon="5.196349998999602">
    <ele>34.43</ele>
   </trkpt>
   <trkpt lat="51.13459" lon="5.195180000000001">
    <ele>34.370000000000005</ele>
   </trkpt>
   <trkpt lat="51.13431289693658" lon="5.193932812248076">
    <ele>34.38</ele>
   </trkpt>
   <trkpt lat="51.1340357806092" lon="5.192685639465462">
    <ele>33.980000000000004</ele>
   </trkpt>
   <trkpt lat="51.13375865101819" lon="5.191438481652546">
    <ele>33.57</ele>
   </trkpt>
   <trkpt lat="51.133481508163825" lon="5.1901913388097185">
    <ele>33.160000000000004</ele>
   </trkpt>
   <trkpt lat="51.13320435204639" lon="5.1889442109373665">
    <ele>32.52</ele>
   </trkpt>
   <trkpt lat="51.13292718266617" lon="5.187697098035879">
    <ele>32.269999999999996</ele>
   </trkpt>
   <trkpt lat="51.132650000000005" lon="5.186450000000001">
    <ele>31.790000000000006</ele>
   </trkpt>
   <trkpt lat="51.132570004468356" lon="5.185424998080478">
    <ele>31.71</ele>
   </trkpt>
   <trkpt lat="51.132490000000004" lon="5.1844">
    <ele>31.67</ele>
   </trkpt>
   <trkpt lat="51.132490000000004" lon="5.18442">
    <ele>31.67</ele>
   </trkpt>
   <trkpt lat="51.13241000000001" lon="5.183330000000001">
    <ele>31.87</ele>
   </trkpt>
   <trkpt lat="51.13242" lon="5.18311">
    <ele>32.010000000000005</ele>
   </trkpt>
   <trkpt lat="51.13246" lon="5.182980000000001">
    <ele>32.440000000000005</ele>
   </trkpt>
   <trkpt lat="51.13251" lon="5.182880000000001">
    <ele>32.440000000000005</ele>
   </trkpt>
   <trkpt lat="51.13215" lon="5.18219">
    <ele>32.07</ele>
   </trkpt>
   <trkpt lat="51.131910000000005" lon="5.18179">
    <ele>32.31</ele>
   </trkpt>
   <trkpt lat="51.1317" lon="5.18149">
    <ele>32.31</ele>
   </trkpt>
   <trkpt lat="51.131310000000006" lon="5.18104">
    <ele>32.75</ele>
   </trkpt>
   <trkpt lat="51.130735001275156" lon="5.180524993716983">
    <ele>33.14</ele>
   </trkpt>
   <trkpt lat="51.130160000000004" lon="5.18001">
    <ele>33.300000000000004</ele>
   </trkpt>
   <trkpt lat="51.12988000000001" lon="5.17971">
    <ele>33.580000000000005</ele>
   </trkpt>
   <trkpt lat="51.1298" lon="5.17957">
    <ele>33.580000000000005</ele>
   </trkpt>
   <trkpt lat="51.12959000000001" lon="5.1791100000000005">
    <ele>33.75</ele>
   </trkpt>
   <trkpt lat="51.129470000000005" lon="5.178590000000001">
    <ele>33.96</ele>
   </trkpt>
   <trkpt lat="51.12941000000001" lon="5.1782">
    <ele>34.06</ele>
   </trkpt>
   <trkpt lat="51.12926" lon="5.177530000000001">
    <ele>34.14</ele>
   </trkpt>
   <trkpt lat="51.12917" lon="5.17726">
    <ele>34.15</ele>
   </trkpt>
   <trkpt lat="51.12873000911108" lon="5.176226646990095">
    <ele>34.02</ele>
   </trkpt>
   <trkpt lat="51.1282900091163" lon="5.17519331366934">
    <ele>34.06</ele>
   </trkpt>
   <trkpt lat="51.12785" lon="5.1741600000000005">
    <ele>34.02</ele>
   </trkpt>
   <trkpt lat="51.127770000000005" lon="5.173920000000001">
    <ele>34.02</ele>
   </trkpt>
   <trkpt lat="51.127720000000004" lon="5.173690000000001">
    <ele>33.95</ele>
   </trkpt>
   <trkpt lat="51.127700000000004" lon="5.17351">
    <ele>33.95</ele>
   </trkpt>
   <trkpt lat="51.127675004229175" lon="5.172514999772512">
    <ele>33.79</ele>
   </trkpt>
   <trkpt lat="51.12765" lon="5.17152">
    <ele>33.77</ele>
   </trkpt>
   <trkpt lat="51.12762000000001" lon="5.17128">
    <ele>33.77</ele>
   </trkpt>
   <trkpt lat="51.127520000000004" lon="5.170940000000001">
    <ele>33.830000000000005</ele>
   </trkpt>
   <trkpt lat="51.12709" lon="5.170030000000001">
    <ele>33.67</ele>
   </trkpt>
   <trkpt lat="51.126990000000006" lon="5.16987">
    <ele>33.67</ele>
   </trkpt>
   <trkpt lat="51.1263150032528" lon="5.168999987318552">
    <ele>33.54</ele>
   </trkpt>
   <trkpt lat="51.125640000000004" lon="5.168130000000001">
    <ele>33.35</ele>
   </trkpt>
   <trkpt lat="51.1255" lon="5.16793">
    <ele>33.47</ele>
   </trkpt>
   <trkpt lat="51.12502333993165" lon="5.167049981826971">
    <ele>33.59</ele>
   </trkpt>
   <trkpt lat="51.12454667325912" lon="5.1661699818164415">
    <ele>33.660000000000004</ele>
   </trkpt>
   <trkpt lat="51.12407" lon="5.165290000000001">
    <ele>33.89</ele>
   </trkpt>
   <trkpt lat="51.124" lon="5.1650100000000005">
    <ele>33.89</ele>
   </trkpt>
   <trkpt lat="51.123990000000006" lon="5.164680000000001">
    <ele>34.1</ele>
   </trkpt>
   <trkpt lat="51.124010000000006" lon="5.16448">
    <ele>34.1</ele>
   </trkpt>
   <trkpt lat="51.124230000000004" lon="5.16316">
    <ele>34.25</ele>
   </trkpt>
   <trkpt lat="51.12427" lon="5.16267">
    <ele>34.06</ele>
   </trkpt>
   <trkpt lat="51.124250003121574" lon="5.161814999821192">
    <ele>33.04</ele>
   </trkpt>
   <trkpt lat="51.124230000000004" lon="5.16096">
    <ele>32.690000000000005</ele>
   </trkpt>
   <trkpt lat="51.124230000000004" lon="5.160950000000001">
    <ele>32.690000000000005</ele>
   </trkpt>
   <trkpt lat="51.124100000000006" lon="5.15957">
    <ele>32.67</ele>
   </trkpt>
   <trkpt lat="51.124" lon="5.15864">
    <ele>31.290000000000006</ele>
   </trkpt>
   <trkpt lat="51.12402" lon="5.158320000000001">
    <ele>31.230000000000004</ele>
   </trkpt>
   <trkpt lat="51.12407" lon="5.15803">
    <ele>31.230000000000004</ele>
   </trkpt>
   <trkpt lat="51.12422" lon="5.1576">
    <ele>30.78</ele>
   </trkpt>
   <trkpt lat="51.12431" lon="5.157500000000001">
    <ele>30.46</ele>
   </trkpt>
   <trkpt lat="51.124773338998054" lon="5.156686682942424">
    <ele>30.220000000000002</ele>
   </trkpt>
   <trkpt lat="51.125236672354866" lon="5.155873349568111">
    <ele>29.68</ele>
   </trkpt>
   <trkpt lat="51.1257" lon="5.155060000000001">
    <ele>29.53</ele>
   </trkpt>
   <trkpt lat="51.126282018024575" lon="5.15403205181269">
    <ele>29.18</ele>
   </trkpt>
   <trkpt lat="51.12686402703772" lon="5.153004077719043">
    <ele>28.900000000000002</ele>
   </trkpt>
   <trkpt lat="51.12744602703903" lon="5.151976077718265">
    <ele>28.89</ele>
   </trkpt>
   <trkpt lat="51.128028018028076" lon="5.1509480518095705">
    <ele>29.290000000000003</ele>
   </trkpt>
   <trkpt lat="51.12861" lon="5.149920000000001">
    <ele>29.800000000000004</ele>
   </trkpt>
   <trkpt lat="51.128690000000006" lon="5.14972">
    <ele>29.800000000000004</ele>
   </trkpt>
   <trkpt lat="51.128780000000006" lon="5.149380000000001">
    <ele>29.990000000000002</ele>
   </trkpt>
   <trkpt lat="51.12879" lon="5.14921">
    <ele>30.02</ele>
   </trkpt>
   <trkpt lat="51.12879" lon="5.14918">
    <ele>30.03</ele>
   </trkpt>
   <trkpt lat="51.128820000000005" lon="5.148630000000001">
    <ele>30.050000000000004</ele>
   </trkpt>
   <trkpt lat="51.128795007095945" lon="5.147339999325923">
    <ele>29.53</ele>
   </trkpt>
   <trkpt lat="51.12877" lon="5.146050000000001">
    <ele>28.950000000000003</ele>
   </trkpt>
   <trkpt lat="51.12872" lon="5.145670000000001">
    <ele>28.950000000000003</ele>
   </trkpt>
   <trkpt lat="51.128640000000004" lon="5.1453500000000005">
    <ele>28.950000000000003</ele>
   </trkpt>
   <trkpt lat="51.128420000000006" lon="5.14461">
    <ele>29.43</ele>
   </trkpt>
   <trkpt lat="51.128310000000006" lon="5.1441300000000005">
    <ele>30.21</ele>
   </trkpt>
   <trkpt lat="51.128280000000004" lon="5.143820000000001">
    <ele>30.680000000000003</ele>
   </trkpt>
   <trkpt lat="51.128260000000004" lon="5.143190000000001">
    <ele>32.07</ele>
   </trkpt>
   <trkpt lat="51.12835802439758" lon="5.141994010136165">
    <ele>34.93</ele>
   </trkpt>
   <trkpt lat="51.12845603659709" lon="5.140798015195833">
    <ele>34.550000000000004</ele>
   </trkpt>
   <trkpt lat="51.12855403659847" lon="5.139602015179598">
    <ele>31.27</ele>
   </trkpt>
   <trkpt lat="51.1286520244016" lon="5.138406010088051">
    <ele>28.380000000000003</ele>
   </trkpt>
   <trkpt lat="51.128750000000004" lon="5.1372100000000005">
    <ele>27.610000000000003</ele>
   </trkpt>
   <trkpt lat="51.12876000000001" lon="5.13703">
    <ele>27.610000000000003</ele>
   </trkpt>
   <trkpt lat="51.12876000000001" lon="5.1368100000000005">
    <ele>27.500000000000004</ele>
   </trkpt>
   <trkpt lat="51.128730000000004" lon="5.13659">
    <ele>27.500000000000004</ele>
   </trkpt>
   <trkpt lat="51.12865000000001" lon="5.1363">
    <ele>27.48</ele>
   </trkpt>
   <trkpt lat="51.128310000000006" lon="5.13527">
    <ele>27.37</ele>
   </trkpt>
   <trkpt lat="51.127950000000006" lon="5.134480000000001">
    <ele>26.97</ele>
   </trkpt>
   <trkpt lat="51.12754" lon="5.133660000000001">
    <ele>26.660000000000004</ele>
   </trkpt>
   <trkpt lat="51.12733000000001" lon="5.133400000000001">
    <ele>26.69</ele>
   </trkpt>
   <trkpt lat="51.12717000000001" lon="5.13325">
    <ele>26.560000000000002</ele>
   </trkpt>
   <trkpt lat="51.126540000890465" lon="5.132804993962811">
    <ele>26.590000000000003</ele>
   </trkpt>
   <trkpt lat="51.125910000000005" lon="5.13236">
    <ele>26.660000000000004</ele>
   </trkpt>
   <trkpt lat="51.12552" lon="5.132160000000001">
    <ele>26.55</ele>
   </trkpt>
   <trkpt lat="51.12536000000001" lon="5.1321">
    <ele>26.55</ele>
   </trkpt>
   <trkpt lat="51.124520000000004" lon="5.13194">
    <ele>26.29</ele>
   </trkpt>
   <trkpt lat="51.12427" lon="5.131830000000001">
    <ele>26.330000000000002</ele>
   </trkpt>
   <trkpt lat="51.12407" lon="5.13168">
    <ele>26.310000000000002</ele>
   </trkpt>
   <trkpt lat="51.12377000000001" lon="5.13137">
    <ele>26.21</ele>
   </trkpt>
   <trkpt lat="51.123490000000004" lon="5.131150000000001">
    <ele>26.240000000000002</ele>
   </trkpt>
   <trkpt lat="51.122730000595986" lon="5.130759993556656">
    <ele>26.85</ele>
   </trkpt>
   <trkpt lat="51.121970000000005" lon="5.13037">
    <ele>26.92</ele>
   </trkpt>
   <trkpt lat="51.12158" lon="5.130120000000001">
    <ele>26.79</ele>
   </trkpt>
   <trkpt lat="51.12135000000001" lon="5.12987">
    <ele>26.69</ele>
   </trkpt>
   <trkpt lat="51.12086000000001" lon="5.1294">
    <ele>26.71</ele>
   </trkpt>
   <trkpt lat="51.120346669031306" lon="5.128873321628265">
    <ele>26.42</ele>
   </trkpt>
   <trkpt lat="51.11983333569698" lon="5.1283466549607715">
    <ele>26.340000000000003</ele>
   </trkpt>
   <trkpt lat="51.11932" lon="5.127820000000001">
    <ele>26.29</ele>
   </trkpt>
   <trkpt lat="51.11867500108738" lon="5.127284992420589">
    <ele>26.64</ele>
   </trkpt>
   <trkpt lat="51.118030000000005" lon="5.12675">
    <ele>26.71</ele>
   </trkpt>
   <trkpt lat="51.11798" lon="5.12668">
    <ele>26.71</ele>
   </trkpt>
   <trkpt lat="51.11744753314737" lon="5.1256261649919">
    <ele>26.46</ele>
   </trkpt>
   <trkpt lat="51.11691505682355" lon="5.12457235427356">
    <ele>26.320000000000004</ele>
   </trkpt>
   <trkpt lat="51.11638257102892" lon="5.1235185678443935">
    <ele>26.17</ele>
   </trkpt>
   <trkpt lat="51.115850075763916" lon="5.1224648057038085">
    <ele>26.35</ele>
   </trkpt>
   <trkpt lat="51.11531757102889" lon="5.121411067851217">
    <ele>26.320000000000004</ele>
   </trkpt>
   <trkpt lat="51.11478505682428" lon="5.1203573542860275">
    <ele>25.900000000000002</ele>
   </trkpt>
   <trkpt lat="51.11425253315046" lon="5.119303665007652">
    <ele>25.51</ele>
   </trkpt>
   <trkpt lat="51.11372" lon="5.118250000000001">
    <ele>24.91</ele>
   </trkpt>
   <trkpt lat="51.11351000337418" lon="5.1173599959401">
    <ele>24.520000000000003</ele>
   </trkpt>
   <trkpt lat="51.1133" lon="5.1164700000000005">
    <ele>24.41</ele>
   </trkpt>
   <trkpt lat="51.1133" lon="5.11646">
    <ele>24.41</ele>
   </trkpt>
   <trkpt lat="51.113020000000006" lon="5.1152500000000005">
    <ele>24.85</ele>
   </trkpt>
   <trkpt lat="51.11234000010119" lon="5.115169998831497">
    <ele>23.950000000000003</ele>
   </trkpt>
   <trkpt lat="51.11166000000001" lon="5.11509">
    <ele>24.610000000000003</ele>
   </trkpt>
   <trkpt lat="51.111480003217345" lon="5.114224996758659">
    <ele>24.46</ele>
   </trkpt>
   <trkpt lat="51.11130000000001" lon="5.11336">
    <ele>24.290000000000003</ele>
   </trkpt>
   <trkpt lat="51.11102" lon="5.1124">
    <ele>24.19</ele>
   </trkpt>
   <trkpt lat="51.11092000000001" lon="5.11186">
    <ele>24.19</ele>
   </trkpt>
   <trkpt lat="51.110910000000004" lon="5.11165">
    <ele>24.35</ele>
   </trkpt>
   <trkpt lat="51.11093" lon="5.1113800000000005">
    <ele>24.35</ele>
   </trkpt>
   <trkpt lat="51.11099" lon="5.11097">
    <ele>24.400000000000002</ele>
   </trkpt>
   <trkpt lat="51.11084" lon="5.11108">
    <ele>24.270000000000003</ele>
   </trkpt>
   <trkpt lat="51.110640000000004" lon="5.11139">
    <ele>24.32</ele>
   </trkpt>
   <trkpt lat="51.110290000000006" lon="5.111870000000001">
    <ele>23.98</ele>
   </trkpt>
   <trkpt lat="51.109750000000005" lon="5.112480000000001">
    <ele>24.28</ele>
   </trkpt>
   <trkpt lat="51.109680000000004" lon="5.11251">
    <ele>24.32</ele>
   </trkpt>
   <trkpt lat="51.109500000000004" lon="5.112410000000001">
    <ele>24.23</ele>
   </trkpt>
   <trkpt lat="51.109440000000006" lon="5.1124">
    <ele>24.23</ele>
   </trkpt>
   <trkpt lat="51.109390000000005" lon="5.112410000000001">
    <ele>24.23</ele>
   </trkpt>
   <trkpt lat="51.10896000124931" lon="5.112925004649885">
    <ele>23.41</ele>
   </trkpt>
   <trkpt lat="51.10853" lon="5.113440000000001">
    <ele>23.340000000000003</ele>
   </trkpt>
   <trkpt lat="51.108290000000004" lon="5.113810000000001">
    <ele>23.200000000000003</ele>
   </trkpt>
   <trkpt lat="51.10813" lon="5.1141000000000005">
    <ele>23.200000000000003</ele>
   </trkpt>
   <trkpt lat="51.10793" lon="5.11455">
    <ele>23.23</ele>
   </trkpt>
   <trkpt lat="51.10766" lon="5.115030000000001">
    <ele>23.39</ele>
   </trkpt>
   <trkpt lat="51.107095003582174" lon="5.115945011166009">
    <ele>23.200000000000003</ele>
   </trkpt>
   <trkpt lat="51.10653000000001" lon="5.116860000000001">
    <ele>23.06</ele>
   </trkpt>
   <trkpt lat="51.10614500182088" lon="5.117490005037644">
    <ele>23.1</ele>
   </trkpt>
   <trkpt lat="51.105760000000004" lon="5.11812">
    <ele>23.26</ele>
   </trkpt>
   <trkpt lat="51.10567" lon="5.1182300000000005">
    <ele>23.380000000000003</ele>
   </trkpt>
   <trkpt lat="51.10558" lon="5.118200000000001">
    <ele>23.380000000000003</ele>
   </trkpt>
   <trkpt lat="51.10484000245242" lon="5.117444987935084">
    <ele>22.8</ele>
   </trkpt>
   <trkpt lat="51.1041" lon="5.11669">
    <ele>23.1</ele>
   </trkpt>
   <trkpt lat="51.10367" lon="5.1161900000000005">
    <ele>23.110000000000003</ele>
   </trkpt>
   <trkpt lat="51.10356" lon="5.11598">
    <ele>23.21</ele>
   </trkpt>
   <trkpt lat="51.10334000353635" lon="5.115064995503332">
    <ele>23.15</ele>
   </trkpt>
   <trkpt lat="51.103120000000004" lon="5.11415">
    <ele>23.26</ele>
   </trkpt>
   <trkpt lat="51.10273667287472" lon="5.113296652507988">
    <ele>23.26</ele>
   </trkpt>
   <trkpt lat="51.10235333953841" lon="5.112443319168254">
    <ele>23.26</ele>
   </trkpt>
   <trkpt lat="51.10197" lon="5.1115900000000005">
    <ele>23.110000000000003</ele>
   </trkpt>
   <trkpt lat="51.10163667319214" lon="5.110716654124648">
    <ele>23.000000000000004</ele>
   </trkpt>
   <trkpt lat="51.10130333987867" lon="5.109843320843524">
    <ele>23.020000000000003</ele>
   </trkpt>
   <trkpt lat="51.100970000000004" lon="5.10897">
    <ele>22.89</ele>
   </trkpt>
   <trkpt lat="51.10094" lon="5.10871">
    <ele>22.89</ele>
   </trkpt>
   <trkpt lat="51.10091000252642" lon="5.10793999944509">
    <ele>22.89</ele>
   </trkpt>
   <trkpt lat="51.100880000000004" lon="5.10717">
    <ele>22.94</ele>
   </trkpt>
   <trkpt lat="51.100910000000006" lon="5.1070400000000005">
    <ele>22.94</ele>
   </trkpt>
   <trkpt lat="51.101040000000005" lon="5.10693">
    <ele>22.320000000000004</ele>
   </trkpt>
   <trkpt lat="51.10159000124969" lon="5.10655000902946">
    <ele>21.890000000000004</ele>
   </trkpt>
   <trkpt lat="51.10214000126774" lon="5.106170009017119">
    <ele>21.990000000000002</ele>
   </trkpt>
   <trkpt lat="51.10269" lon="5.105790000000001">
    <ele>23.110000000000003</ele>
   </trkpt>
   <trkpt lat="51.10268000000001" lon="5.10561">
    <ele>23.17</ele>
   </trkpt>
   <trkpt lat="51.10199333503524" lon="5.106056679935845">
    <ele>23.950000000000003</ele>
   </trkpt>
   <trkpt lat="51.1013066683687" lon="5.106503346602179">
    <ele>25.75</ele>
   </trkpt>
   <trkpt lat="51.100620000000006" lon="5.10695">
    <ele>27.250000000000004</ele>
   </trkpt>
   <trkpt lat="51.10040000000001" lon="5.10707">
    <ele>28.05</ele>
   </trkpt>
   <trkpt lat="51.1002" lon="5.107150000000001">
    <ele>28.05</ele>
   </trkpt>
   <trkpt lat="51.09984000000001" lon="5.107220000000001">
    <ele>28.85</ele>
   </trkpt>
   <trkpt lat="51.09971" lon="5.10721">
    <ele>28.93</ele>
   </trkpt>
   <trkpt lat="51.099700000000006" lon="5.10721">
    <ele>28.93</ele>
   </trkpt>
   <trkpt lat="51.099470000000004" lon="5.1071800000000005">
    <ele>29.240000000000002</ele>
   </trkpt>
   <trkpt lat="51.09929" lon="5.107130000000001">
    <ele>29.380000000000003</ele>
   </trkpt>
   <trkpt lat="51.09843750148647" lon="5.106787481048662">
    <ele>29.39</ele>
   </trkpt>
   <trkpt lat="51.0975850019723" lon="5.106444974728238">
    <ele>29.240000000000002</ele>
   </trkpt>
   <trkpt lat="51.09673250145753" lon="5.106102481037895">
    <ele>27.080000000000002</ele>
   </trkpt>
   <trkpt lat="51.09588" lon="5.10576">
    <ele>24.84</ele>
   </trkpt>
   <trkpt lat="51.09566" lon="5.10569">
    <ele>23.950000000000003</ele>
   </trkpt>
   <trkpt lat="51.095220000000005" lon="5.10562">
    <ele>22.990000000000002</ele>
   </trkpt>
   <trkpt lat="51.095150000000004" lon="5.1055600000000005">
    <ele>22.990000000000002</ele>
   </trkpt>
   <trkpt lat="51.09508" lon="5.10554">
    <ele>22.990000000000002</ele>
   </trkpt>
   <trkpt lat="51.09457499992733" lon="5.105509999667824">
    <ele>22.53</ele>
   </trkpt>
   <trkpt lat="51.09407" lon="5.10548">
    <ele>22.94</ele>
   </trkpt>
   <trkpt lat="51.09386000000001" lon="5.10545">
    <ele>23.610000000000003</ele>
   </trkpt>
   <trkpt lat="51.09348000000001" lon="5.10533">
    <ele>24.94</ele>
   </trkpt>
   <trkpt lat="51.09293000016718" lon="5.105109997367718">
    <ele>28.080000000000002</ele>
   </trkpt>
   <trkpt lat="51.092380000000006" lon="5.10489">
    <ele>30.230000000000004</ele>
   </trkpt>
   <trkpt lat="51.09214000000001" lon="5.104830000000001">
    <ele>30.35</ele>
   </trkpt>
   <trkpt lat="51.09194" lon="5.10482">
    <ele>30.19</ele>
   </trkpt>
   <trkpt lat="51.091730000000005" lon="5.10486">
    <ele>29.84</ele>
   </trkpt>
   <trkpt lat="51.09156" lon="5.104920000000001">
    <ele>29.05</ele>
   </trkpt>
   <trkpt lat="51.09143" lon="5.104990000000001">
    <ele>28.650000000000002</ele>
   </trkpt>
   <trkpt lat="51.09118" lon="5.105180000000001">
    <ele>27.26</ele>
   </trkpt>
   <trkpt lat="51.090810000000005" lon="5.105600000000001">
    <ele>24.8</ele>
   </trkpt>
   <trkpt lat="51.090540000000004" lon="5.105810000000001">
    <ele>23.67</ele>
   </trkpt>
   <trkpt lat="51.090390000000006" lon="5.1058900000000005">
    <ele>22.97</ele>
   </trkpt>
   <trkpt lat="51.09042" lon="5.1059600000000005">
    <ele>23.110000000000003</ele>
   </trkpt>
   <trkpt lat="51.08977500013011" lon="5.106180003094222">
    <ele>22.47</ele>
   </trkpt>
   <trkpt lat="51.089130000000004" lon="5.106400000000001">
    <ele>22.61</ele>
   </trkpt>
   <trkpt lat="51.08883" lon="5.10648">
    <ele>22.7</ele>
   </trkpt>
   <trkpt lat="51.08854" lon="5.106520000000001">
    <ele>22.7</ele>
   </trkpt>
   <trkpt lat="51.087830000000004" lon="5.106540000000001">
    <ele>22.67</ele>
   </trkpt>
   <trkpt lat="51.08705666670918" lon="5.106476664549544">
    <ele>22.55</ele>
   </trkpt>
   <trkpt lat="51.08628333338413" lon="5.106413331216932">
    <ele>22.860000000000003</ele>
   </trkpt>
   <trkpt lat="51.085510000000006" lon="5.106350000000001">
    <ele>22.96</ele>
   </trkpt>
   <trkpt lat="51.085210000000004" lon="5.10627">
    <ele>22.94</ele>
   </trkpt>
   <trkpt lat="51.08496" lon="5.10616">
    <ele>23.01</ele>
   </trkpt>
   <trkpt lat="51.084970000000006" lon="5.1061700000000005">
    <ele>23.000000000000004</ele>
   </trkpt>
   <trkpt lat="51.08473000000001" lon="5.106000000000001">
    <ele>23.13</ele>
   </trkpt>
   <trkpt lat="51.08449" lon="5.1058">
    <ele>23.4</ele>
   </trkpt>
   <trkpt lat="51.08446000000001" lon="5.10573">
    <ele>23.4</ele>
   </trkpt>
   <trkpt lat="51.08429" lon="5.10555">
    <ele>23.55</ele>
   </trkpt>
   <trkpt lat="51.08422" lon="5.1055">
    <ele>23.87</ele>
   </trkpt>
   <trkpt lat="51.08422" lon="5.10519">
    <ele>23.73</ele>
   </trkpt>
   <trkpt lat="51.08419000000001" lon="5.104850000000001">
    <ele>23.73</ele>
   </trkpt>
   <trkpt lat="51.08410000000001" lon="5.10449">
    <ele>23.650000000000002</ele>
   </trkpt>
   <trkpt lat="51.08374334338923" lon="5.103403316523173">
    <ele>23.76</ele>
   </trkpt>
   <trkpt lat="51.08338667670496" lon="5.102316649803202">
    <ele>23.73</ele>
   </trkpt>
   <trkpt lat="51.08303" lon="5.10123">
    <ele>23.21</ele>
   </trkpt>
   <trkpt lat="51.082860000000004" lon="5.1006100000000005">
    <ele>23.13</ele>
   </trkpt>
   <trkpt lat="51.082710000000006" lon="5.099970000000001">
    <ele>22.98</ele>
   </trkpt>
   <trkpt lat="51.08249000000001" lon="5.098960000000001">
    <ele>22.71</ele>
   </trkpt>
   <trkpt lat="51.08229000000001" lon="5.09769">
    <ele>22.2</ele>
   </trkpt>
   <trkpt lat="51.082330000000006" lon="5.09762">
    <ele>22.2</ele>
   </trkpt>
   <trkpt lat="51.082330000000006" lon="5.097460000000001">
    <ele>22.02</ele>
   </trkpt>
   <trkpt lat="51.082260000000005" lon="5.096900000000001">
    <ele>21.910000000000004</ele>
   </trkpt>
   <trkpt lat="51.08221" lon="5.09626">
    <ele>21.580000000000002</ele>
   </trkpt>
   <trkpt lat="51.082170003229635" lon="5.0953899992735785">
    <ele>21.6</ele>
   </trkpt>
   <trkpt lat="51.08213000000001" lon="5.09452">
    <ele>21.78</ele>
   </trkpt>
   <trkpt lat="51.08209" lon="5.094390000000001">
    <ele>21.94</ele>
   </trkpt>
   <trkpt lat="51.08209" lon="5.093850000000001">
    <ele>21.92</ele>
   </trkpt>
   <trkpt lat="51.08207" lon="5.093540000000001">
    <ele>21.970000000000002</ele>
   </trkpt>
   <trkpt lat="51.081970003273284" lon="5.0926649981753425">
    <ele>21.96</ele>
   </trkpt>
   <trkpt lat="51.08187" lon="5.0917900000000005">
    <ele>22.11</ele>
   </trkpt>
   <trkpt lat="51.08187" lon="5.09177">
    <ele>22.11</ele>
   </trkpt>
   <trkpt lat="51.08178" lon="5.090960000000001">
    <ele>22.240000000000002</ele>
   </trkpt>
   <trkpt lat="51.08174" lon="5.09022">
    <ele>22.22</ele>
   </trkpt>
   <trkpt lat="51.08166000000001" lon="5.090210000000001">
    <ele>22.39</ele>
   </trkpt>
   <trkpt lat="51.08133" lon="5.0900300000000005">
    <ele>22.13</ele>
   </trkpt>
   <trkpt lat="51.0812" lon="5.0898900000000005">
    <ele>22.19</ele>
   </trkpt>
   <trkpt lat="51.08109" lon="5.089700000000001">
    <ele>22.19</ele>
   </trkpt>
   <trkpt lat="51.080940000000005" lon="5.08929">
    <ele>22.62</ele>
   </trkpt>
   <trkpt lat="51.080890000000004" lon="5.089090000000001">
    <ele>22.71</ele>
   </trkpt>
   <trkpt lat="51.08077" lon="5.08826">
    <ele>22.660000000000004</ele>
   </trkpt>
   <trkpt lat="51.08066" lon="5.08696">
    <ele>23.430000000000003</ele>
   </trkpt>
   <trkpt lat="51.080490000000005" lon="5.08589">
    <ele>23.860000000000003</ele>
   </trkpt>
   <trkpt lat="51.08039" lon="5.0846800000000005">
    <ele>23.430000000000003</ele>
   </trkpt>
   <trkpt lat="51.08041000000001" lon="5.08384">
    <ele>22.860000000000003</ele>
   </trkpt>
   <trkpt lat="51.080380000000005" lon="5.083600000000001">
    <ele>22.94</ele>
   </trkpt>
   <trkpt lat="51.080360000000006" lon="5.083500000000001">
    <ele>22.94</ele>
   </trkpt>
   <trkpt lat="51.08003" lon="5.0827">
    <ele>23.17</ele>
   </trkpt>
   <trkpt lat="51.079860000000004" lon="5.08209">
    <ele>22.94</ele>
   </trkpt>
   <trkpt lat="51.079820000000005" lon="5.0818">
    <ele>23.000000000000004</ele>
   </trkpt>
   <trkpt lat="51.07978000000001" lon="5.08122">
    <ele>22.930000000000003</ele>
   </trkpt>
  </trkseg>
 </trk>
</gpx>
