<?xml version="1.0" encoding="UTF-8"?>
<gpx creator="StravaGPX" version="1.1" xmlns="http://www.topografix.com/GPX/1/1" xmlns:xsi="http://www.w3.org/2001/XMLSchema-instance" xsi:schemaLocation="http://www.topografix.com/GPX/1/1 http://www.topografix.com/GPX/1/1/gpx.xsd">
 <metadata>
  <name>Valkenswaert</name>
  <author>
   <name>Joeri Scapicchio</name>
   <link href="https://www.strava.com/athletes/2447439"/>
  </author>
  <copyright author="OpenStreetMap contributors">
   <year>2020</year>
   <license>https://www.openstreetmap.org/copyright</license>
  </copyright>
  <link href="https://www.strava.com/routes/10461524"/>
 </metadata>
 <trk>
  <name>Valkenswaert</name>
  <link href="https://www.strava.com/routes/10461524"/>
  <type>cycling</type>
  <trkseg>
   <trkpt lat="51.06703" lon="5.03746">
    <ele>20.73</ele>
   </trkpt>
   <trkpt lat="51.06723" lon="5.03864">
    <ele>20.86</ele>
   </trkpt>
   <trkpt lat="51.067220000000006" lon="5.0387">
    <ele>20.86</ele>
   </trkpt>
   <trkpt lat="51.06727000000001" lon="5.03911">
    <ele>20.75</ele>
   </trkpt>
   <trkpt lat="51.06723" lon="5.039230000000001">
    <ele>20.77</ele>
   </trkpt>
   <trkpt lat="51.06725" lon="5.039350000000001">
    <ele>20.87</ele>
   </trkpt>
   <trkpt lat="51.06732" lon="5.03941">
    <ele>20.87</ele>
   </trkpt>
   <trkpt lat="51.067420000000006" lon="5.03988">
    <ele>20.69</ele>
   </trkpt>
   <trkpt lat="51.067440000000005" lon="5.03992">
    <ele>20.69</ele>
   </trkpt>
   <trkpt lat="51.06747000000001" lon="5.04009">
    <ele>20.69</ele>
   </trkpt>
   <trkpt lat="51.067530000000005" lon="5.04079">
    <ele>20.630000000000003</ele>
   </trkpt>
   <trkpt lat="51.06759" lon="5.0417000000000005">
    <ele>20.540000000000003</ele>
   </trkpt>
   <trkpt lat="51.067620000000005" lon="5.04229">
    <ele>20.59</ele>
   </trkpt>
   <trkpt lat="51.067620000000005" lon="5.042540000000001">
    <ele>20.59</ele>
   </trkpt>
   <trkpt lat="51.06763" lon="5.042750000000001">
    <ele>20.59</ele>
   </trkpt>
   <trkpt lat="51.067715003894506" lon="5.043704998290878">
    <ele>20.59</ele>
   </trkpt>
   <trkpt lat="51.067800000000005" lon="5.04466">
    <ele>20.790000000000003</ele>
   </trkpt>
   <trkpt lat="51.067980000000006" lon="5.045850000000001">
    <ele>20.92</ele>
   </trkpt>
   <trkpt lat="51.068090000000005" lon="5.0469800000000005">
    <ele>21.09</ele>
   </trkpt>
   <trkpt lat="51.06814000303228" lon="5.047824998857122">
    <ele>21.150000000000002</ele>
   </trkpt>
   <trkpt lat="51.06819" lon="5.04867">
    <ele>21.380000000000003</ele>
   </trkpt>
   <trkpt lat="51.06819" lon="5.048660000000001">
    <ele>21.380000000000003</ele>
   </trkpt>
   <trkpt lat="51.068290000000005" lon="5.04919">
    <ele>21.61</ele>
   </trkpt>
   <trkpt lat="51.06833" lon="5.0493500000000004">
    <ele>21.580000000000002</ele>
   </trkpt>
   <trkpt lat="51.068470000000005" lon="5.049250000000001">
    <ele>21.01</ele>
   </trkpt>
   <trkpt lat="51.069039999901264" lon="5.049250000000001">
    <ele>19.66</ele>
   </trkpt>
   <trkpt lat="51.069610000000004" lon="5.049250000000001">
    <ele>19.53</ele>
   </trkpt>
   <trkpt lat="51.069590000000005" lon="5.049250000000001">
    <ele>19.53</ele>
   </trkpt>
   <trkpt lat="51.07026500004456" lon="5.049240000145195">
    <ele>19.560000000000002</ele>
   </trkpt>
   <trkpt lat="51.07094000000001" lon="5.0492300000000006">
    <ele>20.400000000000002</ele>
   </trkpt>
   <trkpt lat="51.07106" lon="5.04926">
    <ele>20.25</ele>
   </trkpt>
   <trkpt lat="51.071539999898704" lon="5.0492400002117295">
    <ele>20.270000000000003</ele>
   </trkpt>
   <trkpt lat="51.07202" lon="5.04922">
    <ele>20.5</ele>
   </trkpt>
   <trkpt lat="51.072100000000006" lon="5.0492300000000006">
    <ele>20.540000000000003</ele>
   </trkpt>
   <trkpt lat="51.07224" lon="5.049270000000001">
    <ele>20.67</ele>
   </trkpt>
   <trkpt lat="51.072340000000004" lon="5.0493500000000004">
    <ele>20.91</ele>
   </trkpt>
   <trkpt lat="51.07245" lon="5.04957">
    <ele>20.91</ele>
   </trkpt>
   <trkpt lat="51.072480000000006" lon="5.04971">
    <ele>20.91</ele>
   </trkpt>
   <trkpt lat="51.072520000000004" lon="5.05018">
    <ele>21.51</ele>
   </trkpt>
   <trkpt lat="51.07256" lon="5.050330000000001">
    <ele>21.71</ele>
   </trkpt>
   <trkpt lat="51.073055014460984" lon="5.051392465935721">
    <ele>23.91</ele>
   </trkpt>
   <trkpt lat="51.07355001929136" lon="5.05245495460168">
    <ele>24.28</ele>
   </trkpt>
   <trkpt lat="51.07404501449074" lon="5.053517465998325">
    <ele>23.48</ele>
   </trkpt>
   <trkpt lat="51.074540000000006" lon="5.0545800000000005">
    <ele>22.98</ele>
   </trkpt>
   <trkpt lat="51.07455" lon="5.05471">
    <ele>22.98</ele>
   </trkpt>
   <trkpt lat="51.074470000000005" lon="5.05602">
    <ele>23.22</ele>
   </trkpt>
   <trkpt lat="51.07448" lon="5.056120000000001">
    <ele>23.21</ele>
   </trkpt>
   <trkpt lat="51.074852519740205" lon="5.057362469942277">
    <ele>25.28</ele>
   </trkpt>
   <trkpt lat="51.07522502631035" lon="5.058604959889139">
    <ele>27.55</ele>
   </trkpt>
   <trkpt lat="51.07559751971004" lon="5.059847469840469">
    <ele>27.82</ele>
   </trkpt>
   <trkpt lat="51.075970000000005" lon="5.06109">
    <ele>26.72</ele>
   </trkpt>
   <trkpt lat="51.07596" lon="5.061070000000001">
    <ele>26.740000000000002</ele>
   </trkpt>
   <trkpt lat="51.076170002062" lon="5.061769996729357">
    <ele>26.13</ele>
   </trkpt>
   <trkpt lat="51.07638000000001" lon="5.06247">
    <ele>25.880000000000003</ele>
   </trkpt>
   <trkpt lat="51.076440000000005" lon="5.062390000000001">
    <ele>25.53</ele>
   </trkpt>
   <trkpt lat="51.07685000083792" lon="5.061975003572765">
    <ele>23.66</ele>
   </trkpt>
   <trkpt lat="51.07726" lon="5.06156">
    <ele>22.410000000000004</ele>
   </trkpt>
   <trkpt lat="51.07771000101517" lon="5.061085004564038">
    <ele>21.330000000000002</ele>
   </trkpt>
   <trkpt lat="51.078160000000004" lon="5.0606100000000005">
    <ele>20.43</ele>
   </trkpt>
   <trkpt lat="51.07828000000001" lon="5.06038">
    <ele>20.41</ele>
   </trkpt>
   <trkpt lat="51.07853" lon="5.05951">
    <ele>20.16</ele>
   </trkpt>
   <trkpt lat="51.07853" lon="5.059500000000001">
    <ele>20.150000000000002</ele>
   </trkpt>
   <trkpt lat="51.07894" lon="5.05865">
    <ele>20.150000000000002</ele>
   </trkpt>
   <trkpt lat="51.079150000000006" lon="5.05808">
    <ele>20.1</ele>
   </trkpt>
   <trkpt lat="51.07922000000001" lon="5.05801">
    <ele>20.1</ele>
   </trkpt>
   <trkpt lat="51.07948000236847" lon="5.058749995934531">
    <ele>19.919999999999998</ele>
   </trkpt>
   <trkpt lat="51.07974" lon="5.05949">
    <ele>19.73</ele>
   </trkpt>
   <trkpt lat="51.08003" lon="5.06005">
    <ele>19.69</ele>
   </trkpt>
   <trkpt lat="51.08019" lon="5.06031">
    <ele>19.69</ele>
   </trkpt>
   <trkpt lat="51.08043000000001" lon="5.0606">
    <ele>19.78</ele>
   </trkpt>
   <trkpt lat="51.08059" lon="5.060860000000001">
    <ele>19.78</ele>
   </trkpt>
   <trkpt lat="51.080830000000006" lon="5.06134">
    <ele>19.970000000000002</ele>
   </trkpt>
   <trkpt lat="51.080920000000006" lon="5.06144">
    <ele>20.17</ele>
   </trkpt>
   <trkpt lat="51.080980000000004" lon="5.061470000000001">
    <ele>20.17</ele>
   </trkpt>
   <trkpt lat="51.08111" lon="5.06146">
    <ele>20.21</ele>
   </trkpt>
   <trkpt lat="51.081320000000005" lon="5.06137">
    <ele>20.23</ele>
   </trkpt>
   <trkpt lat="51.08155000000001" lon="5.0612200000000005">
    <ele>20.290000000000003</ele>
   </trkpt>
   <trkpt lat="51.08162" lon="5.06121">
    <ele>20.39</ele>
   </trkpt>
   <trkpt lat="51.081720000000004" lon="5.06123">
    <ele>20.41</ele>
   </trkpt>
   <trkpt lat="51.082170000000005" lon="5.06153">
    <ele>20.34</ele>
   </trkpt>
   <trkpt lat="51.08229000000001" lon="5.06155">
    <ele>20.34</ele>
   </trkpt>
   <trkpt lat="51.082744999837566" lon="5.061530000203928">
    <ele>20.25</ele>
   </trkpt>
   <trkpt lat="51.083200000000005" lon="5.06151">
    <ele>19.82</ele>
   </trkpt>
   <trkpt lat="51.08397" lon="5.0613600000000005">
    <ele>19.360000000000003</ele>
   </trkpt>
   <trkpt lat="51.08458" lon="5.06125">
    <ele>20.41</ele>
   </trkpt>
   <trkpt lat="51.084520002730635" lon="5.060449998973576">
    <ele>20.17</ele>
   </trkpt>
   <trkpt lat="51.08446000000001" lon="5.05965">
    <ele>20.240000000000002</ele>
   </trkpt>
   <trkpt lat="51.08521333587757" lon="5.05910335114317">
    <ele>19.48</ele>
   </trkpt>
   <trkpt lat="51.085966669205916" lon="5.058556684480491">
    <ele>20.28</ele>
   </trkpt>
   <trkpt lat="51.08672000000001" lon="5.05801">
    <ele>20.290000000000003</ele>
   </trkpt>
   <trkpt lat="51.08744200484" lon="5.057478033209803">
    <ele>20.330000000000002</ele>
   </trkpt>
   <trkpt lat="51.08816400726592" lon="5.056946049811331">
    <ele>20.32</ele>
   </trkpt>
   <trkpt lat="51.08888600727762" lon="5.056414049803695">
    <ele>19.950000000000003</ele>
   </trkpt>
   <trkpt lat="51.08960800487499" lon="5.055882033186002">
    <ele>19.76</ele>
   </trkpt>
   <trkpt lat="51.09033" lon="5.055350000000001">
    <ele>20.23</ele>
   </trkpt>
   <trkpt lat="51.090430000000005" lon="5.0552600000000005">
    <ele>20.200000000000003</ele>
   </trkpt>
   <trkpt lat="51.09093251613314" lon="5.056382463434988">
    <ele>19.84</ele>
   </trkpt>
   <trkpt lat="51.0914350215187" lon="5.057504951263257">
    <ele>20.080000000000002</ele>
   </trkpt>
   <trkpt lat="51.09193751615627" lon="5.058627463485254">
    <ele>19.89</ele>
   </trkpt>
   <trkpt lat="51.09244" lon="5.05975">
    <ele>19.75</ele>
   </trkpt>
   <trkpt lat="51.09243000000001" lon="5.05975">
    <ele>19.75</ele>
   </trkpt>
   <trkpt lat="51.09279000262873" lon="5.060544993663406">
    <ele>19.87</ele>
   </trkpt>
   <trkpt lat="51.09315" lon="5.06134">
    <ele>20.12</ele>
   </trkpt>
   <trkpt lat="51.09353334527374" lon="5.062523313702515">
    <ele>19.450000000000003</ele>
   </trkpt>
   <trkpt lat="51.093916678603335" lon="5.063706647023952">
    <ele>19.930000000000003</ele>
   </trkpt>
   <trkpt lat="51.094300000000004" lon="5.06489">
    <ele>20.59</ele>
   </trkpt>
   <trkpt lat="51.094390000000004" lon="5.0650900000000005">
    <ele>20.610000000000003</ele>
   </trkpt>
   <trkpt lat="51.09445" lon="5.065200000000001">
    <ele>20.610000000000003</ele>
   </trkpt>
   <trkpt lat="51.095000009300755" lon="5.065937964899997">
    <ele>20.75</ele>
   </trkpt>
   <trkpt lat="51.0955500139561" lon="5.066675947355772">
    <ele>20.87</ele>
   </trkpt>
   <trkpt lat="51.09610001396585" lon="5.067413947367938">
    <ele>20.84</ele>
   </trkpt>
   <trkpt lat="51.09665000932973" lon="5.068151964937114">
    <ele>20.790000000000003</ele>
   </trkpt>
   <trkpt lat="51.0972" lon="5.068890000000001">
    <ele>20.85</ele>
   </trkpt>
   <trkpt lat="51.09745" lon="5.06913">
    <ele>21.120000000000005</ele>
   </trkpt>
   <trkpt lat="51.0980875032342" lon="5.069632479216884">
    <ele>21.1</ele>
   </trkpt>
   <trkpt lat="51.098725004314716" lon="5.0701349722906235">
    <ele>20.69</ele>
   </trkpt>
   <trkpt lat="51.09936250324146" lon="5.070637479221867">
    <ele>20.59</ele>
   </trkpt>
   <trkpt lat="51.1" lon="5.071140000000001">
    <ele>20.470000000000002</ele>
   </trkpt>
   <trkpt lat="51.10027" lon="5.071370000000001">
    <ele>20.53</ele>
   </trkpt>
   <trkpt lat="51.100796668875205" lon="5.071876655140768">
    <ele>20.93</ele>
   </trkpt>
   <trkpt lat="51.10132333556083" lon="5.072383321825501">
    <ele>21.88</ele>
   </trkpt>
   <trkpt lat="51.101850000000006" lon="5.07289">
    <ele>23.03</ele>
   </trkpt>
   <trkpt lat="51.10210000000001" lon="5.073060000000001">
    <ele>24.3</ele>
   </trkpt>
   <trkpt lat="51.102740000000004" lon="5.073370000000001">
    <ele>26.21</ele>
   </trkpt>
   <trkpt lat="51.10359500048623" lon="5.0737399931141995">
    <ele>28.790000000000003</ele>
   </trkpt>
   <trkpt lat="51.10445000000001" lon="5.07411">
    <ele>28.130000000000003</ele>
   </trkpt>
   <trkpt lat="51.10519000000001" lon="5.07446">
    <ele>25.220000000000002</ele>
   </trkpt>
   <trkpt lat="51.10602" lon="5.07481">
    <ele>22.92</ele>
   </trkpt>
   <trkpt lat="51.10625" lon="5.074940000000001">
    <ele>22.570000000000004</ele>
   </trkpt>
   <trkpt lat="51.106933335544696" lon="5.075449984914774">
    <ele>21.470000000000002</ele>
   </trkpt>
   <trkpt lat="51.107616668871025" lon="5.075959984909263">
    <ele>20.94</ele>
   </trkpt>
   <trkpt lat="51.10830000000001" lon="5.0764700000000005">
    <ele>20.68</ele>
   </trkpt>
   <trkpt lat="51.10866000000001" lon="5.07669">
    <ele>20.580000000000002</ele>
   </trkpt>
   <trkpt lat="51.1088" lon="5.07676">
    <ele>20.51</ele>
   </trkpt>
   <trkpt lat="51.10877000000001" lon="5.07674">
    <ele>20.52</ele>
   </trkpt>
   <trkpt lat="51.109465000514646" lon="5.077089994732791">
    <ele>20.55</ele>
   </trkpt>
   <trkpt lat="51.11016000000001" lon="5.07744">
    <ele>20.880000000000003</ele>
   </trkpt>
   <trkpt lat="51.1105" lon="5.077780000000001">
    <ele>21.080000000000002</ele>
   </trkpt>
   <trkpt lat="51.11106" lon="5.078720000000001">
    <ele>21.400000000000002</ele>
   </trkpt>
   <trkpt lat="51.111180000000004" lon="5.078930000000001">
    <ele>21.400000000000002</ele>
   </trkpt>
   <trkpt lat="51.11133" lon="5.0792600000000006">
    <ele>21.490000000000002</ele>
   </trkpt>
   <trkpt lat="51.111630000000005" lon="5.080310000000001">
    <ele>21.84</ele>
   </trkpt>
   <trkpt lat="51.111760000000004" lon="5.080620000000001">
    <ele>21.84</ele>
   </trkpt>
   <trkpt lat="51.11198" lon="5.080990000000001">
    <ele>21.970000000000002</ele>
   </trkpt>
   <trkpt lat="51.112080000000006" lon="5.081110000000001">
    <ele>21.970000000000002</ele>
   </trkpt>
   <trkpt lat="51.112320000000004" lon="5.081340000000001">
    <ele>21.910000000000004</ele>
   </trkpt>
   <trkpt lat="51.112550000000006" lon="5.0815">
    <ele>21.910000000000004</ele>
   </trkpt>
   <trkpt lat="51.1129" lon="5.08168">
    <ele>21.87</ele>
   </trkpt>
   <trkpt lat="51.1136000003187" lon="5.081904996624651">
    <ele>21.76</ele>
   </trkpt>
   <trkpt lat="51.11430000000001" lon="5.08213">
    <ele>21.86</ele>
   </trkpt>
   <trkpt lat="51.11497000000001" lon="5.08232">
    <ele>21.730000000000004</ele>
   </trkpt>
   <trkpt lat="51.11543" lon="5.08232">
    <ele>21.85</ele>
   </trkpt>
   <trkpt lat="51.115570000000005" lon="5.0823">
    <ele>21.85</ele>
   </trkpt>
   <trkpt lat="51.11581" lon="5.082190000000001">
    <ele>21.890000000000004</ele>
   </trkpt>
   <trkpt lat="51.1163" lon="5.081740000000001">
    <ele>21.93</ele>
   </trkpt>
   <trkpt lat="51.1165" lon="5.08162">
    <ele>21.92</ele>
   </trkpt>
   <trkpt lat="51.116600000000005" lon="5.081580000000001">
    <ele>21.92</ele>
   </trkpt>
   <trkpt lat="51.11736666725146" lon="5.08141501368879">
    <ele>22.0</ele>
   </trkpt>
   <trkpt lat="51.11813333427077" lon="5.081250021902129">
    <ele>21.810000000000002</ele>
   </trkpt>
   <trkpt lat="51.118900001057916" lon="5.0810850246396875">
    <ele>21.400000000000002</ele>
   </trkpt>
   <trkpt lat="51.11966666761287" lon="5.080920021901133">
    <ele>21.210000000000004</ele>
   </trkpt>
   <trkpt lat="51.120433333935615" lon="5.080755013686138">
    <ele>21.17</ele>
   </trkpt>
   <trkpt lat="51.1212" lon="5.080590000000001">
    <ele>21.560000000000002</ele>
   </trkpt>
   <trkpt lat="51.121480000000005" lon="5.08058">
    <ele>22.22</ele>
   </trkpt>
   <trkpt lat="51.121500000000005" lon="5.08051">
    <ele>22.22</ele>
   </trkpt>
   <trkpt lat="51.121570000000006" lon="5.08046">
    <ele>22.320000000000004</ele>
   </trkpt>
   <trkpt lat="51.12162000000001" lon="5.08049">
    <ele>22.320000000000004</ele>
   </trkpt>
   <trkpt lat="51.12165" lon="5.080590000000001">
    <ele>22.320000000000004</ele>
   </trkpt>
   <trkpt lat="51.12185" lon="5.08058">
    <ele>22.320000000000004</ele>
   </trkpt>
   <trkpt lat="51.12229000000001" lon="5.080590000000001">
    <ele>23.090000000000003</ele>
   </trkpt>
   <trkpt lat="51.12254" lon="5.08053">
    <ele>23.290000000000003</ele>
   </trkpt>
   <trkpt lat="51.12319000053608" lon="5.08019000476165">
    <ele>24.51</ele>
   </trkpt>
   <trkpt lat="51.12384" lon="5.07985">
    <ele>25.380000000000003</ele>
   </trkpt>
   <trkpt lat="51.1246266681845" lon="5.079430014298597">
    <ele>26.88</ele>
   </trkpt>
   <trkpt lat="51.125413334864696" lon="5.079010014291674">
    <ele>28.3</ele>
   </trkpt>
   <trkpt lat="51.126200000000004" lon="5.07859">
    <ele>29.35</ele>
   </trkpt>
   <trkpt lat="51.12695500076628" lon="5.078195006404014">
    <ele>29.75</ele>
   </trkpt>
   <trkpt lat="51.12771000000001" lon="5.077800000000001">
    <ele>30.310000000000002</ele>
   </trkpt>
   <trkpt lat="51.12829666714602" lon="5.077556672859177">
    <ele>30.140000000000004</ele>
   </trkpt>
   <trkpt lat="51.128883333787115" lon="5.077313339536549">
    <ele>30.140000000000004</ele>
   </trkpt>
   <trkpt lat="51.129470000000005" lon="5.07707">
    <ele>29.970000000000002</ele>
   </trkpt>
   <trkpt lat="51.12994000011795" lon="5.076890001839599">
    <ele>29.830000000000002</ele>
   </trkpt>
   <trkpt lat="51.130410000000005" lon="5.07671">
    <ele>29.790000000000003</ele>
   </trkpt>
   <trkpt lat="51.13051" lon="5.0766">
    <ele>29.740000000000002</ele>
   </trkpt>
   <trkpt lat="51.130630000000004" lon="5.07674">
    <ele>29.790000000000003</ele>
   </trkpt>
   <trkpt lat="51.13071000000001" lon="5.07678">
    <ele>29.790000000000003</ele>
   </trkpt>
   <trkpt lat="51.131190000000004" lon="5.07683">
    <ele>29.7</ele>
   </trkpt>
   <trkpt lat="51.13152" lon="5.076840000000001">
    <ele>29.52</ele>
   </trkpt>
   <trkpt lat="51.131800000000005" lon="5.076930000000001">
    <ele>29.43</ele>
   </trkpt>
   <trkpt lat="51.132110000000004" lon="5.07707">
    <ele>29.0</ele>
   </trkpt>
   <trkpt lat="51.13228" lon="5.0772900000000005">
    <ele>28.790000000000003</ele>
   </trkpt>
   <trkpt lat="51.13241000000001" lon="5.07756">
    <ele>28.580000000000002</ele>
   </trkpt>
   <trkpt lat="51.132740000000005" lon="5.07836">
    <ele>28.55</ele>
   </trkpt>
   <trkpt lat="51.13290000000001" lon="5.078670000000001">
    <ele>28.46</ele>
   </trkpt>
   <trkpt lat="51.133070000000004" lon="5.078950000000001">
    <ele>28.42</ele>
   </trkpt>
   <trkpt lat="51.133230000000005" lon="5.0791200000000005">
    <ele>28.200000000000003</ele>
   </trkpt>
   <trkpt lat="51.13393000000001" lon="5.0796600000000005">
    <ele>27.090000000000003</ele>
   </trkpt>
   <trkpt lat="51.134130000000006" lon="5.07986">
    <ele>27.090000000000003</ele>
   </trkpt>
   <trkpt lat="51.13481000272083" lon="5.0806699879801345">
    <ele>25.79</ele>
   </trkpt>
   <trkpt lat="51.135490000000004" lon="5.08148">
    <ele>24.91</ele>
   </trkpt>
   <trkpt lat="51.13546" lon="5.08145">
    <ele>24.94</ele>
   </trkpt>
   <trkpt lat="51.135650000000005" lon="5.08162">
    <ele>24.860000000000003</ele>
   </trkpt>
   <trkpt lat="51.13586" lon="5.08176">
    <ele>24.73</ele>
   </trkpt>
   <trkpt lat="51.13646500060657" lon="5.082104995535884">
    <ele>24.09</ele>
   </trkpt>
   <trkpt lat="51.13707" lon="5.082450000000001">
    <ele>23.950000000000003</ele>
   </trkpt>
   <trkpt lat="51.13731000000001" lon="5.082660000000001">
    <ele>23.78</ele>
   </trkpt>
   <trkpt lat="51.13745" lon="5.082750000000001">
    <ele>23.78</ele>
   </trkpt>
   <trkpt lat="51.13740000000001" lon="5.08305">
    <ele>23.770000000000003</ele>
   </trkpt>
   <trkpt lat="51.13740000000001" lon="5.083220000000001">
    <ele>23.67</ele>
   </trkpt>
   <trkpt lat="51.13756000000001" lon="5.08361">
    <ele>23.590000000000003</ele>
   </trkpt>
   <trkpt lat="51.137620000000005" lon="5.08387">
    <ele>23.650000000000002</ele>
   </trkpt>
   <trkpt lat="51.13774" lon="5.08492">
    <ele>24.3</ele>
   </trkpt>
   <trkpt lat="51.137800000000006" lon="5.085260000000001">
    <ele>24.3</ele>
   </trkpt>
   <trkpt lat="51.13803000301901" lon="5.086104995697568">
    <ele>25.490000000000002</ele>
   </trkpt>
   <trkpt lat="51.13826" lon="5.086950000000001">
    <ele>25.95</ele>
   </trkpt>
   <trkpt lat="51.13862000290924" lon="5.087779993463634">
    <ele>25.69</ele>
   </trkpt>
   <trkpt lat="51.138980000000004" lon="5.08861">
    <ele>25.44</ele>
   </trkpt>
   <trkpt lat="51.139500000000005" lon="5.08943">
    <ele>24.92</ele>
   </trkpt>
   <trkpt lat="51.139590000000005" lon="5.08955">
    <ele>24.68</ele>
   </trkpt>
   <trkpt lat="51.13969" lon="5.08964">
    <ele>24.610000000000003</ele>
   </trkpt>
   <trkpt lat="51.139790000000005" lon="5.089700000000001">
    <ele>24.6</ele>
   </trkpt>
   <trkpt lat="51.13993000000001" lon="5.089740000000001">
    <ele>24.62</ele>
   </trkpt>
   <trkpt lat="51.140080000000005" lon="5.08975">
    <ele>24.73</ele>
   </trkpt>
   <trkpt lat="51.140170000000005" lon="5.089740000000001">
    <ele>24.700000000000003</ele>
   </trkpt>
   <trkpt lat="51.14026500280315" lon="5.090549998383214">
    <ele>24.740000000000002</ele>
   </trkpt>
   <trkpt lat="51.14036" lon="5.091360000000001">
    <ele>24.75</ele>
   </trkpt>
   <trkpt lat="51.140440000000005" lon="5.091690000000001">
    <ele>24.75</ele>
   </trkpt>
   <trkpt lat="51.140570000000004" lon="5.09206">
    <ele>25.130000000000003</ele>
   </trkpt>
   <trkpt lat="51.141020007031834" lon="5.092969982199716">
    <ele>25.6</ele>
   </trkpt>
   <trkpt lat="51.14147000700264" lon="5.093879982140425">
    <ele>26.150000000000002</ele>
   </trkpt>
   <trkpt lat="51.141920000000006" lon="5.094790000000001">
    <ele>26.390000000000004</ele>
   </trkpt>
   <trkpt lat="51.14204" lon="5.095070000000001">
    <ele>26.45</ele>
   </trkpt>
   <trkpt lat="51.14215" lon="5.09548">
    <ele>26.51</ele>
   </trkpt>
   <trkpt lat="51.14218" lon="5.09581">
    <ele>26.63</ele>
   </trkpt>
   <trkpt lat="51.142250007867474" lon="5.096769997213985">
    <ele>26.860000000000003</ele>
   </trkpt>
   <trkpt lat="51.142320007876634" lon="5.0977299973396075">
    <ele>26.950000000000003</ele>
   </trkpt>
   <trkpt lat="51.142390000000006" lon="5.09869">
    <ele>26.92</ele>
   </trkpt>
   <trkpt lat="51.14253" lon="5.09951">
    <ele>26.950000000000003</ele>
   </trkpt>
   <trkpt lat="51.14281667510173" lon="5.100503321070734">
    <ele>26.88</ele>
   </trkpt>
   <trkpt lat="51.14310334179007" lon="5.101496654479012">
    <ele>26.92</ele>
   </trkpt>
   <trkpt lat="51.143390000000004" lon="5.10249">
    <ele>26.900000000000002</ele>
   </trkpt>
   <trkpt lat="51.143460000000005" lon="5.1028">
    <ele>26.900000000000002</ele>
   </trkpt>
   <trkpt lat="51.14361" lon="5.10372">
    <ele>26.92</ele>
   </trkpt>
   <trkpt lat="51.14363" lon="5.10405">
    <ele>26.71</ele>
   </trkpt>
   <trkpt lat="51.14364000439475" lon="5.10506500003572">
    <ele>26.47</ele>
   </trkpt>
   <trkpt lat="51.14365" lon="5.10608">
    <ele>26.400000000000002</ele>
   </trkpt>
   <trkpt lat="51.143770005781704" lon="5.107244996926328">
    <ele>26.21</ele>
   </trkpt>
   <trkpt lat="51.143890000000006" lon="5.10841">
    <ele>26.2</ele>
   </trkpt>
   <trkpt lat="51.14401" lon="5.10874">
    <ele>26.220000000000002</ele>
   </trkpt>
   <trkpt lat="51.14453" lon="5.10963">
    <ele>26.250000000000004</ele>
   </trkpt>
   <trkpt lat="51.144600000000004" lon="5.109730000000001">
    <ele>26.250000000000004</ele>
   </trkpt>
   <trkpt lat="51.14477" lon="5.10991">
    <ele>26.340000000000003</ele>
   </trkpt>
   <trkpt lat="51.145210000000006" lon="5.110200000000001">
    <ele>26.54</ele>
   </trkpt>
   <trkpt lat="51.145360000000004" lon="5.11036">
    <ele>26.750000000000004</ele>
   </trkpt>
   <trkpt lat="51.14566000137062" lon="5.110939996107333">
    <ele>26.840000000000003</ele>
   </trkpt>
   <trkpt lat="51.14596" lon="5.1115200000000005">
    <ele>27.06</ele>
   </trkpt>
   <trkpt lat="51.14605" lon="5.1116600000000005">
    <ele>27.15</ele>
   </trkpt>
   <trkpt lat="51.14612" lon="5.11171">
    <ele>27.15</ele>
   </trkpt>
   <trkpt lat="51.14611000000001" lon="5.11181">
    <ele>27.15</ele>
   </trkpt>
   <trkpt lat="51.146330000000006" lon="5.1124600000000004">
    <ele>26.98</ele>
   </trkpt>
   <trkpt lat="51.14640000000001" lon="5.11261">
    <ele>26.98</ele>
   </trkpt>
   <trkpt lat="51.14658000000001" lon="5.1132100000000005">
    <ele>27.23</ele>
   </trkpt>
   <trkpt lat="51.146620000000006" lon="5.113390000000001">
    <ele>27.240000000000002</ele>
   </trkpt>
   <trkpt lat="51.146620000000006" lon="5.11348">
    <ele>27.240000000000002</ele>
   </trkpt>
   <trkpt lat="51.146710000000006" lon="5.113700000000001">
    <ele>27.22</ele>
   </trkpt>
   <trkpt lat="51.146860000000004" lon="5.11439">
    <ele>27.23</ele>
   </trkpt>
   <trkpt lat="51.14661" lon="5.11474">
    <ele>26.96</ele>
   </trkpt>
   <trkpt lat="51.14667000000001" lon="5.11483">
    <ele>26.930000000000003</ele>
   </trkpt>
   <trkpt lat="51.146480000000004" lon="5.11514">
    <ele>26.520000000000003</ele>
   </trkpt>
   <trkpt lat="51.14640000000001" lon="5.11526">
    <ele>26.520000000000003</ele>
   </trkpt>
   <trkpt lat="51.14632" lon="5.11544">
    <ele>26.520000000000003</ele>
   </trkpt>
   <trkpt lat="51.14627" lon="5.1157200000000005">
    <ele>26.410000000000004</ele>
   </trkpt>
   <trkpt lat="51.14629000000001" lon="5.115970000000001">
    <ele>26.29</ele>
   </trkpt>
   <trkpt lat="51.14662500599781" lon="5.11715499143869">
    <ele>26.19</ele>
   </trkpt>
   <trkpt lat="51.14696000000001" lon="5.118340000000001">
    <ele>26.17</ele>
   </trkpt>
   <trkpt lat="51.14719202115965" lon="5.119453977586936">
    <ele>26.150000000000002</ele>
   </trkpt>
   <trkpt lat="51.14742403173821" lon="5.120567966373844">
    <ele>26.310000000000002</ele>
   </trkpt>
   <trkpt lat="51.14765603173554" lon="5.12168196636042">
    <ele>26.6</ele>
   </trkpt>
   <trkpt lat="51.14788802115145" lon="5.122795977546358">
    <ele>26.71</ele>
   </trkpt>
   <trkpt lat="51.148120000000006" lon="5.12391">
    <ele>26.51</ele>
   </trkpt>
   <trkpt lat="51.14841500741759" lon="5.125229991514999">
    <ele>26.650000000000002</ele>
   </trkpt>
   <trkpt lat="51.14871" lon="5.126550000000001">
    <ele>27.17</ele>
   </trkpt>
   <trkpt lat="51.14876" lon="5.126650000000001">
    <ele>27.180000000000003</ele>
   </trkpt>
   <trkpt lat="51.14889" lon="5.12682">
    <ele>27.15</ele>
   </trkpt>
   <trkpt lat="51.149" lon="5.12689">
    <ele>27.15</ele>
   </trkpt>
   <trkpt lat="51.14963" lon="5.1271">
    <ele>27.430000000000003</ele>
   </trkpt>
   <trkpt lat="51.149820000000005" lon="5.1272">
    <ele>27.500000000000004</ele>
   </trkpt>
   <trkpt lat="51.150480000886425" lon="5.1276599934103375">
    <ele>27.83</ele>
   </trkpt>
   <trkpt lat="51.151140000000005" lon="5.12812">
    <ele>28.14</ele>
   </trkpt>
   <trkpt lat="51.15128000000001" lon="5.128240000000001">
    <ele>28.14</ele>
   </trkpt>
   <trkpt lat="51.151390000000006" lon="5.128430000000001">
    <ele>28.14</ele>
   </trkpt>
   <trkpt lat="51.15168500422429" lon="5.129429993475753">
    <ele>28.64</ele>
   </trkpt>
   <trkpt lat="51.15198" lon="5.1304300000000005">
    <ele>28.700000000000003</ele>
   </trkpt>
   <trkpt lat="51.15224802231116" lon="5.131573973399488">
    <ele>28.96</ele>
   </trkpt>
   <trkpt lat="51.15251603346419" lon="5.132717960087582">
    <ele>29.05</ele>
   </trkpt>
   <trkpt lat="51.152784033458836" lon="5.13386196006401">
    <ele>29.080000000000002</ele>
   </trkpt>
   <trkpt lat="51.15305202229488" lon="5.135005973328503">
    <ele>29.34</ele>
   </trkpt>
   <trkpt lat="51.15332" lon="5.136150000000001">
    <ele>29.34</ele>
   </trkpt>
   <trkpt lat="51.153220000000005" lon="5.13571">
    <ele>29.34</ele>
   </trkpt>
   <trkpt lat="51.15352803016465" lon="5.137039964495304">
    <ele>29.220000000000002</ele>
   </trkpt>
   <trkpt lat="51.15383604524809" lon="5.138369946746581">
    <ele>29.26</ele>
   </trkpt>
   <trkpt lat="51.15414404524993" lon="5.139699946753397">
    <ele>29.41</ele>
   </trkpt>
   <trkpt lat="51.15445203016983" lon="5.141029964515313">
    <ele>29.540000000000003</ele>
   </trkpt>
   <trkpt lat="51.15476" lon="5.14236">
    <ele>29.910000000000004</ele>
   </trkpt>
   <trkpt lat="51.15489" lon="5.143070000000001">
    <ele>30.060000000000002</ele>
   </trkpt>
   <trkpt lat="51.15501000492947" lon="5.144144997231439">
    <ele>31.14</ele>
   </trkpt>
   <trkpt lat="51.15513000000001" lon="5.14522">
    <ele>34.24</ele>
   </trkpt>
   <trkpt lat="51.155170000000005" lon="5.14534">
    <ele>34.660000000000004</ele>
   </trkpt>
   <trkpt lat="51.15523" lon="5.14574">
    <ele>34.940000000000005</ele>
   </trkpt>
   <trkpt lat="51.15531000000001" lon="5.146000000000001">
    <ele>35.31</ele>
   </trkpt>
   <trkpt lat="51.155550000000005" lon="5.1458200000000005">
    <ele>34.47</ele>
   </trkpt>
   <trkpt lat="51.155680000000004" lon="5.1457500000000005">
    <ele>33.56</ele>
   </trkpt>
   <trkpt lat="51.15648500039174" lon="5.145490004502876">
    <ele>30.820000000000004</ele>
   </trkpt>
   <trkpt lat="51.15729" lon="5.145230000000001">
    <ele>30.070000000000004</ele>
   </trkpt>
   <trkpt lat="51.158060000000006" lon="5.14496">
    <ele>29.400000000000002</ele>
   </trkpt>
   <trkpt lat="51.15823" lon="5.14487">
    <ele>29.32</ele>
   </trkpt>
   <trkpt lat="51.15822000000001" lon="5.144880000000001">
    <ele>29.330000000000002</ele>
   </trkpt>
   <trkpt lat="51.15851000000001" lon="5.1447">
    <ele>29.380000000000003</ele>
   </trkpt>
   <trkpt lat="51.15909000073664" lon="5.144280005291341">
    <ele>29.34</ele>
   </trkpt>
   <trkpt lat="51.159670000000006" lon="5.14386">
    <ele>29.400000000000002</ele>
   </trkpt>
   <trkpt lat="51.159710000000004" lon="5.143960000000001">
    <ele>29.400000000000002</ele>
   </trkpt>
   <trkpt lat="51.16010000000001" lon="5.144550000000001">
    <ele>28.44</ele>
   </trkpt>
   <trkpt lat="51.1604" lon="5.14526">
    <ele>28.26</ele>
   </trkpt>
   <trkpt lat="51.160520000000005" lon="5.1454">
    <ele>28.270000000000003</ele>
   </trkpt>
   <trkpt lat="51.16076" lon="5.145510000000001">
    <ele>28.53</ele>
   </trkpt>
   <trkpt lat="51.160880000000006" lon="5.14559">
    <ele>28.53</ele>
   </trkpt>
   <trkpt lat="51.160920000000004" lon="5.14566">
    <ele>28.53</ele>
   </trkpt>
   <trkpt lat="51.161210000000004" lon="5.146400000000001">
    <ele>29.02</ele>
   </trkpt>
   <trkpt lat="51.161300000000004" lon="5.1465700000000005">
    <ele>29.220000000000002</ele>
   </trkpt>
   <trkpt lat="51.161390000000004" lon="5.146660000000001">
    <ele>29.59</ele>
   </trkpt>
   <trkpt lat="51.161440000000006" lon="5.14667">
    <ele>29.59</ele>
   </trkpt>
   <trkpt lat="51.161730000000006" lon="5.14653">
    <ele>29.92</ele>
   </trkpt>
   <trkpt lat="51.16180000000001" lon="5.14656">
    <ele>29.95</ele>
   </trkpt>
   <trkpt lat="51.161930000000005" lon="5.14681">
    <ele>29.730000000000004</ele>
   </trkpt>
   <trkpt lat="51.16237" lon="5.147810000000001">
    <ele>29.790000000000003</ele>
   </trkpt>
   <trkpt lat="51.16245000000001" lon="5.14791">
    <ele>29.820000000000004</ele>
   </trkpt>
   <trkpt lat="51.16257" lon="5.14794">
    <ele>29.820000000000004</ele>
   </trkpt>
   <trkpt lat="51.162760000000006" lon="5.147880000000001">
    <ele>30.01</ele>
   </trkpt>
   <trkpt lat="51.16343666847147" lon="5.1474233467134445">
    <ele>29.86</ele>
   </trkpt>
   <trkpt lat="51.16411333516506" lon="5.146966680028855">
    <ele>29.900000000000002</ele>
   </trkpt>
   <trkpt lat="51.16479" lon="5.14651">
    <ele>29.960000000000004</ele>
   </trkpt>
   <trkpt lat="51.16496" lon="5.146400000000001">
    <ele>29.960000000000004</ele>
   </trkpt>
   <trkpt lat="51.16492" lon="5.1464300000000005">
    <ele>29.960000000000004</ele>
   </trkpt>
   <trkpt lat="51.165530000000004" lon="5.14608">
    <ele>29.880000000000003</ele>
   </trkpt>
   <trkpt lat="51.16568" lon="5.1459600000000005">
    <ele>29.810000000000002</ele>
   </trkpt>
   <trkpt lat="51.16615" lon="5.14552">
    <ele>29.66</ele>
   </trkpt>
   <trkpt lat="51.16622" lon="5.145490000000001">
    <ele>29.66</ele>
   </trkpt>
   <trkpt lat="51.166320000000006" lon="5.14548">
    <ele>29.470000000000002</ele>
   </trkpt>
   <trkpt lat="51.166410000000006" lon="5.145490000000001">
    <ele>29.470000000000002</ele>
   </trkpt>
   <trkpt lat="51.16682" lon="5.1456100000000005">
    <ele>29.17</ele>
   </trkpt>
   <trkpt lat="51.16713000000001" lon="5.14566">
    <ele>29.14</ele>
   </trkpt>
   <trkpt lat="51.16734" lon="5.14578">
    <ele>29.200000000000003</ele>
   </trkpt>
   <trkpt lat="51.16771000000001" lon="5.146260000000001">
    <ele>29.310000000000002</ele>
   </trkpt>
   <trkpt lat="51.167660000000005" lon="5.14637">
    <ele>29.310000000000002</ele>
   </trkpt>
   <trkpt lat="51.167680000000004" lon="5.1469000000000005">
    <ele>29.030000000000005</ele>
   </trkpt>
   <trkpt lat="51.16772" lon="5.1471800000000005">
    <ele>28.96</ele>
   </trkpt>
   <trkpt lat="51.167950000000005" lon="5.14832">
    <ele>29.01</ele>
   </trkpt>
   <trkpt lat="51.16826000252218" lon="5.149079995038891">
    <ele>29.02</ele>
   </trkpt>
   <trkpt lat="51.16857" lon="5.14984">
    <ele>29.650000000000002</ele>
   </trkpt>
   <trkpt lat="51.16852" lon="5.15">
    <ele>29.48</ele>
   </trkpt>
   <trkpt lat="51.169352000591324" lon="5.150183986724869">
    <ele>29.490000000000002</ele>
   </trkpt>
   <trkpt lat="51.17018400089405" lon="5.150367980088427">
    <ele>29.53</ele>
   </trkpt>
   <trkpt lat="51.171016000908175" lon="5.150551980091111">
    <ele>29.51</ele>
   </trkpt>
   <trkpt lat="51.17184800063365" lon="5.150735986733352">
    <ele>29.400000000000002</ele>
   </trkpt>
   <trkpt lat="51.17268000000001" lon="5.15092">
    <ele>29.69</ele>
   </trkpt>
   <trkpt lat="51.172790000000006" lon="5.150880000000001">
    <ele>29.69</ele>
   </trkpt>
   <trkpt lat="51.17313000000001" lon="5.15097">
    <ele>29.710000000000004</ele>
   </trkpt>
   <trkpt lat="51.17386500009979" lon="5.151139997284765">
    <ele>29.25</ele>
   </trkpt>
   <trkpt lat="51.174600000000005" lon="5.1513100000000005">
    <ele>29.23</ele>
   </trkpt>
   <trkpt lat="51.17452" lon="5.15129">
    <ele>29.210000000000004</ele>
   </trkpt>
   <trkpt lat="51.175320000000006" lon="5.15148">
    <ele>29.650000000000002</ele>
   </trkpt>
   <trkpt lat="51.175360000000005" lon="5.1516">
    <ele>29.650000000000002</ele>
   </trkpt>
   <trkpt lat="51.175450000000005" lon="5.15169">
    <ele>29.66</ele>
   </trkpt>
   <trkpt lat="51.175700000000006" lon="5.15176">
    <ele>29.630000000000003</ele>
   </trkpt>
   <trkpt lat="51.17578" lon="5.151770000000001">
    <ele>29.450000000000003</ele>
   </trkpt>
   <trkpt lat="51.17598" lon="5.15164">
    <ele>29.35</ele>
   </trkpt>
   <trkpt lat="51.17674000061006" lon="5.151809985987092">
    <ele>29.400000000000002</ele>
   </trkpt>
   <trkpt lat="51.17750000097378" lon="5.151979977578381">
    <ele>29.44</ele>
   </trkpt>
   <trkpt lat="51.17826000109117" lon="5.1521499747742">
    <ele>29.460000000000004</ele>
   </trkpt>
   <trkpt lat="51.17902000096219" lon="5.1523199775748845">
    <ele>29.490000000000002</ele>
   </trkpt>
   <trkpt lat="51.17978000058684" lon="5.152489985980771">
    <ele>29.52</ele>
   </trkpt>
   <trkpt lat="51.18054000000001" lon="5.15266">
    <ele>29.52</ele>
   </trkpt>
   <trkpt lat="51.18135" lon="5.152850000000001">
    <ele>29.540000000000003</ele>
   </trkpt>
   <trkpt lat="51.182076000453506" lon="5.153013989667046">
    <ele>29.540000000000003</ele>
   </trkpt>
   <trkpt lat="51.182802000677775" lon="5.153177984499706">
    <ele>29.5</ele>
   </trkpt>
   <trkpt lat="51.183528000672766" lon="5.153341984498279">
    <ele>29.48</ele>
   </trkpt>
   <trkpt lat="51.18425400043849" lon="5.153505989663057">
    <ele>29.41</ele>
   </trkpt>
   <trkpt lat="51.18498" lon="5.153670000000001">
    <ele>29.48</ele>
   </trkpt>
   <trkpt lat="51.18585333362401" lon="5.153849993181567">
    <ele>29.460000000000004</ele>
   </trkpt>
   <trkpt lat="51.18672666697184" lon="5.1540299931844">
    <ele>29.48</ele>
   </trkpt>
   <trkpt lat="51.1876" lon="5.154210000000001">
    <ele>29.53</ele>
   </trkpt>
   <trkpt lat="51.18836500038705" lon="5.154384991284251">
    <ele>29.39</ele>
   </trkpt>
   <trkpt lat="51.18913000051308" lon="5.1545599883780815">
    <ele>29.460000000000004</ele>
   </trkpt>
   <trkpt lat="51.189895000378066" lon="5.154734991281844">
    <ele>29.450000000000003</ele>
   </trkpt>
   <trkpt lat="51.19066" lon="5.15491">
    <ele>29.640000000000004</ele>
   </trkpt>
   <trkpt lat="51.19144833395228" lon="5.155081651980528">
    <ele>29.560000000000002</ele>
   </trkpt>
   <trkpt lat="51.192236667653425" lon="5.155253309834243">
    <ele>29.52</ele>
   </trkpt>
   <trkpt lat="51.19302500110338" lon="5.15542497356151">
    <ele>29.640000000000004</ele>
   </trkpt>
   <trkpt lat="51.19381333430217" lon="5.155596643162692">
    <ele>29.630000000000003</ele>
   </trkpt>
   <trkpt lat="51.19460166724975" lon="5.155768318638156">
    <ele>29.59</ele>
   </trkpt>
   <trkpt lat="51.19539" lon="5.15594">
    <ele>29.87</ele>
   </trkpt>
   <trkpt lat="51.195460000000004" lon="5.15599">
    <ele>29.87</ele>
   </trkpt>
   <trkpt lat="51.195640000000004" lon="5.15622">
    <ele>30.340000000000003</ele>
   </trkpt>
   <trkpt lat="51.195710000000005" lon="5.15625">
    <ele>30.38</ele>
   </trkpt>
   <trkpt lat="51.195890000000006" lon="5.156280000000001">
    <ele>30.340000000000003</ele>
   </trkpt>
   <trkpt lat="51.19596000000001" lon="5.15624">
    <ele>30.340000000000003</ele>
   </trkpt>
   <trkpt lat="51.1961" lon="5.1561200000000005">
    <ele>30.080000000000002</ele>
   </trkpt>
   <trkpt lat="51.19617" lon="5.1561200000000005">
    <ele>29.880000000000003</ele>
   </trkpt>
   <trkpt lat="51.196954286493096" lon="5.1562942679131964">
    <ele>29.540000000000003</ele>
   </trkpt>
   <trkpt lat="51.19773857272734" lon="5.156468541759639">
    <ele>29.5</ele>
   </trkpt>
   <trkpt lat="51.19852285870272" lon="5.1566428215396956">
    <ele>29.44</ele>
   </trkpt>
   <trkpt lat="51.1993071444192" lon="5.1568171072537305">
    <ele>29.470000000000002</ele>
   </trkpt>
   <trkpt lat="51.20009142987679" lon="5.15699139890211">
    <ele>29.53</ele>
   </trkpt>
   <trkpt lat="51.20087571507544" lon="5.157165696485203">
    <ele>29.6</ele>
   </trkpt>
   <trkpt lat="51.201660000000004" lon="5.1573400000000005">
    <ele>29.85</ele>
   </trkpt>
   <trkpt lat="51.20168" lon="5.157100000000001">
    <ele>29.820000000000004</ele>
   </trkpt>
   <trkpt lat="51.20139" lon="5.15603">
    <ele>28.12</ele>
   </trkpt>
   <trkpt lat="51.201190000000004" lon="5.15488">
    <ele>29.030000000000005</ele>
   </trkpt>
   <trkpt lat="51.20112" lon="5.1546">
    <ele>29.240000000000002</ele>
   </trkpt>
   <trkpt lat="51.20114" lon="5.154540000000001">
    <ele>29.130000000000003</ele>
   </trkpt>
   <trkpt lat="51.20118" lon="5.15451">
    <ele>29.130000000000003</ele>
   </trkpt>
   <trkpt lat="51.201480000000004" lon="5.15439">
    <ele>29.240000000000002</ele>
   </trkpt>
   <trkpt lat="51.201510000000006" lon="5.154280000000001">
    <ele>29.130000000000003</ele>
   </trkpt>
   <trkpt lat="51.201470002433375" lon="5.153524999424037">
    <ele>28.830000000000002</ele>
   </trkpt>
   <trkpt lat="51.20143" lon="5.15277">
    <ele>29.040000000000003</ele>
   </trkpt>
   <trkpt lat="51.20145" lon="5.152430000000001">
    <ele>29.07</ele>
   </trkpt>
   <trkpt lat="51.20149000000001" lon="5.15237">
    <ele>29.07</ele>
   </trkpt>
   <trkpt lat="51.20197500021499" lon="5.152140002426602">
    <ele>29.030000000000005</ele>
   </trkpt>
   <trkpt lat="51.20246" lon="5.15191">
    <ele>29.960000000000004</ele>
   </trkpt>
   <trkpt lat="51.2028" lon="5.15172">
    <ele>30.01</ele>
   </trkpt>
   <trkpt lat="51.20291" lon="5.15162">
    <ele>29.94</ele>
   </trkpt>
   <trkpt lat="51.20373000000001" lon="5.151210000000001">
    <ele>30.130000000000003</ele>
   </trkpt>
   <trkpt lat="51.204010000000004" lon="5.15221">
    <ele>29.880000000000003</ele>
   </trkpt>
   <trkpt lat="51.204010000000004" lon="5.1523900000000005">
    <ele>29.880000000000003</ele>
   </trkpt>
   <trkpt lat="51.203950000000006" lon="5.152970000000001">
    <ele>29.290000000000003</ele>
   </trkpt>
   <trkpt lat="51.20391000000001" lon="5.15362">
    <ele>29.23</ele>
   </trkpt>
   <trkpt lat="51.20394" lon="5.15397">
    <ele>29.450000000000003</ele>
   </trkpt>
   <trkpt lat="51.20403" lon="5.15437">
    <ele>29.57</ele>
   </trkpt>
   <trkpt lat="51.20424500258354" lon="5.155144996469095">
    <ele>29.78</ele>
   </trkpt>
   <trkpt lat="51.204460000000005" lon="5.15592">
    <ele>30.070000000000004</ele>
   </trkpt>
   <trkpt lat="51.20454" lon="5.1560500000000005">
    <ele>30.04</ele>
   </trkpt>
   <trkpt lat="51.20454" lon="5.156230000000001">
    <ele>29.710000000000004</ele>
   </trkpt>
   <trkpt lat="51.20474" lon="5.156840000000001">
    <ele>29.51</ele>
   </trkpt>
   <trkpt lat="51.20483" lon="5.15706">
    <ele>29.5</ele>
   </trkpt>
   <trkpt lat="51.205020000000005" lon="5.15744">
    <ele>29.540000000000003</ele>
   </trkpt>
   <trkpt lat="51.2051" lon="5.157990000000001">
    <ele>29.890000000000004</ele>
   </trkpt>
   <trkpt lat="51.20516000000001" lon="5.15808">
    <ele>29.890000000000004</ele>
   </trkpt>
   <trkpt lat="51.20525000000001" lon="5.15812">
    <ele>29.890000000000004</ele>
   </trkpt>
   <trkpt lat="51.20590666683537" lon="5.15826666248115">
    <ele>29.85</ele>
   </trkpt>
   <trkpt lat="51.20656333348739" lon="5.158413329144474">
    <ele>29.77</ele>
   </trkpt>
   <trkpt lat="51.20722000000001" lon="5.1585600000000005">
    <ele>29.800000000000004</ele>
   </trkpt>
   <trkpt lat="51.207710000000006" lon="5.158650000000001">
    <ele>29.800000000000004</ele>
   </trkpt>
   <trkpt lat="51.20845400050431" lon="5.158815989280511">
    <ele>29.800000000000004</ele>
   </trkpt>
   <trkpt lat="51.209198000773796" lon="5.158981983924316">
    <ele>29.66</ele>
   </trkpt>
   <trkpt lat="51.20994200080843" lon="5.15914798393173">
    <ele>29.59</ele>
   </trkpt>
   <trkpt lat="51.210686000608234" lon="5.159313989303064">
    <ele>29.61</ele>
   </trkpt>
   <trkpt lat="51.21143000000001" lon="5.15948">
    <ele>29.69</ele>
   </trkpt>
   <trkpt lat="51.21177" lon="5.159540000000001">
    <ele>29.640000000000004</ele>
   </trkpt>
   <trkpt lat="51.21239666692573" lon="5.159683329451166">
    <ele>29.640000000000004</ele>
   </trkpt>
   <trkpt lat="51.213023333676354" lon="5.159826662803643">
    <ele>29.650000000000002</ele>
   </trkpt>
   <trkpt lat="51.21365" lon="5.15997">
    <ele>29.790000000000003</ele>
   </trkpt>
   <trkpt lat="51.213750000000005" lon="5.16002">
    <ele>29.790000000000003</ele>
   </trkpt>
   <trkpt lat="51.21453000022864" lon="5.1601899942363065">
    <ele>29.550000000000004</ele>
   </trkpt>
   <trkpt lat="51.215310000210984" lon="5.16035999423234">
    <ele>29.52</ele>
   </trkpt>
   <trkpt lat="51.21609" lon="5.1605300000000005">
    <ele>29.470000000000002</ele>
   </trkpt>
   <trkpt lat="51.216080000000005" lon="5.1605300000000005">
    <ele>29.470000000000002</ele>
   </trkpt>
   <trkpt lat="51.216850000137306" lon="5.160704997074698">
    <ele>29.580000000000002</ele>
   </trkpt>
   <trkpt lat="51.217620000000004" lon="5.160880000000001">
    <ele>29.720000000000002</ele>
   </trkpt>
   <trkpt lat="51.217670000000005" lon="5.16091">
    <ele>29.720000000000002</ele>
   </trkpt>
   <trkpt lat="51.21782" lon="5.16112">
    <ele>29.7</ele>
   </trkpt>
   <trkpt lat="51.217870000000005" lon="5.16115">
    <ele>29.7</ele>
   </trkpt>
   <trkpt lat="51.218250000000005" lon="5.161230000000001">
    <ele>29.710000000000004</ele>
   </trkpt>
   <trkpt lat="51.218450000000004" lon="5.161090000000001">
    <ele>29.710000000000004</ele>
   </trkpt>
   <trkpt lat="51.218590000000006" lon="5.161090000000001">
    <ele>29.7</ele>
   </trkpt>
   <trkpt lat="51.21941333358726" lon="5.1612733267682644">
    <ele>29.820000000000004</ele>
   </trkpt>
   <trkpt lat="51.220236666888106" lon="5.161456660094219">
    <ele>29.76</ele>
   </trkpt>
   <trkpt lat="51.22106" lon="5.16164">
    <ele>29.720000000000002</ele>
   </trkpt>
   <trkpt lat="51.221340000000005" lon="5.16167">
    <ele>29.7</ele>
   </trkpt>
   <trkpt lat="51.2218" lon="5.16181">
    <ele>29.77</ele>
   </trkpt>
   <trkpt lat="51.22268333513186" lon="5.162005791992307">
    <ele>29.720000000000002</ele>
   </trkpt>
   <trkpt lat="51.22356666993705" lon="5.162201591499478">
    <ele>29.77</ele>
   </trkpt>
   <trkpt lat="51.22445000441553" lon="5.162397398522031">
    <ele>29.540000000000003</ele>
   </trkpt>
   <trkpt lat="51.22533333856729" lon="5.162593213060492">
    <ele>29.550000000000004</ele>
   </trkpt>
   <trkpt lat="51.22621667239228" lon="5.162789035115384">
    <ele>29.470000000000002</ele>
   </trkpt>
   <trkpt lat="51.2271000058905" lon="5.162984864687227">
    <ele>29.35</ele>
   </trkpt>
   <trkpt lat="51.22798333906193" lon="5.1631807017765485">
    <ele>29.310000000000002</ele>
   </trkpt>
   <trkpt lat="51.22886667190653" lon="5.163376546383869">
    <ele>29.400000000000002</ele>
   </trkpt>
   <trkpt lat="51.2297500044243" lon="5.163572398509713">
    <ele>29.370000000000005</ele>
   </trkpt>
   <trkpt lat="51.230633336615185" lon="5.163768258154603">
    <ele>29.42</ele>
   </trkpt>
   <trkpt lat="51.231516668479195" lon="5.163964125319062">
    <ele>29.57</ele>
   </trkpt>
   <trkpt lat="51.232400000000005" lon="5.164160000000001">
    <ele>29.57</ele>
   </trkpt>
   <trkpt lat="51.23245000000001" lon="5.1641200000000005">
    <ele>29.470000000000002</ele>
   </trkpt>
   <trkpt lat="51.232600000000005" lon="5.164140000000001">
    <ele>29.470000000000002</ele>
   </trkpt>
   <trkpt lat="51.23265000000001" lon="5.164210000000001">
    <ele>29.400000000000002</ele>
   </trkpt>
   <trkpt lat="51.233430000000006" lon="5.1644000000000005">
    <ele>29.19</ele>
   </trkpt>
   <trkpt lat="51.233540000000005" lon="5.164350000000001">
    <ele>29.19</ele>
   </trkpt>
   <trkpt lat="51.2336" lon="5.16429">
    <ele>29.09</ele>
   </trkpt>
   <trkpt lat="51.23384" lon="5.16363">
    <ele>28.75</ele>
   </trkpt>
   <trkpt lat="51.233850000000004" lon="5.163480000000001">
    <ele>28.75</ele>
   </trkpt>
   <trkpt lat="51.233830000000005" lon="5.163270000000001">
    <ele>28.78</ele>
   </trkpt>
   <trkpt lat="51.233720000000005" lon="5.16267">
    <ele>29.75</ele>
   </trkpt>
   <trkpt lat="51.234190000000005" lon="5.16248">
    <ele>29.740000000000002</ele>
   </trkpt>
   <trkpt lat="51.23453000000001" lon="5.16349">
    <ele>31.560000000000006</ele>
   </trkpt>
   <trkpt lat="51.23462000000001" lon="5.16366">
    <ele>32.78</ele>
   </trkpt>
   <trkpt lat="51.23467" lon="5.16371">
    <ele>32.78</ele>
   </trkpt>
   <trkpt lat="51.23474" lon="5.163740000000001">
    <ele>32.78</ele>
   </trkpt>
   <trkpt lat="51.23500000000001" lon="5.163740000000001">
    <ele>33.79</ele>
   </trkpt>
   <trkpt lat="51.23503" lon="5.163760000000001">
    <ele>34.07</ele>
   </trkpt>
   <trkpt lat="51.23505" lon="5.16385">
    <ele>34.07</ele>
   </trkpt>
   <trkpt lat="51.23518000000001" lon="5.16481">
    <ele>34.43</ele>
   </trkpt>
   <trkpt lat="51.23518000000001" lon="5.16499">
    <ele>33.95</ele>
   </trkpt>
   <trkpt lat="51.2351" lon="5.165290000000001">
    <ele>33.06</ele>
   </trkpt>
   <trkpt lat="51.23509000000001" lon="5.165430000000001">
    <ele>32.440000000000005</ele>
   </trkpt>
   <trkpt lat="51.23512" lon="5.16556">
    <ele>32.440000000000005</ele>
   </trkpt>
   <trkpt lat="51.235290000000006" lon="5.16575">
    <ele>31.51</ele>
   </trkpt>
   <trkpt lat="51.23589250422403" lon="5.1663249774084266">
    <ele>29.720000000000002</ele>
   </trkpt>
   <trkpt lat="51.23649500563105" lon="5.166899969876435">
    <ele>29.6</ele>
   </trkpt>
   <trkpt lat="51.23709750422092" lon="5.167474977404673">
    <ele>29.380000000000003</ele>
   </trkpt>
   <trkpt lat="51.237700000000004" lon="5.16805">
    <ele>29.450000000000003</ele>
   </trkpt>
   <trkpt lat="51.237820000000006" lon="5.168100000000001">
    <ele>29.44</ele>
   </trkpt>
   <trkpt lat="51.23796" lon="5.1680600000000005">
    <ele>29.300000000000004</ele>
   </trkpt>
   <trkpt lat="51.23849500049522" lon="5.167745003620615">
    <ele>29.19</ele>
   </trkpt>
   <trkpt lat="51.23903000000001" lon="5.16743">
    <ele>29.030000000000005</ele>
   </trkpt>
   <trkpt lat="51.239020000000004" lon="5.16743">
    <ele>29.030000000000005</ele>
   </trkpt>
   <trkpt lat="51.239160000000005" lon="5.16736">
    <ele>29.030000000000005</ele>
   </trkpt>
   <trkpt lat="51.239856669004965" lon="5.166840015724636">
    <ele>29.150000000000002</ele>
   </trkpt>
   <trkpt lat="51.24055333570607" lon="5.166320015699238">
    <ele>29.51</ele>
   </trkpt>
   <trkpt lat="51.24125" lon="5.165800000000001">
    <ele>30.070000000000004</ele>
   </trkpt>
   <trkpt lat="51.24163" lon="5.16558">
    <ele>30.61</ele>
   </trkpt>
   <trkpt lat="51.24181667652197" lon="5.166656657803987">
    <ele>29.990000000000002</ele>
   </trkpt>
   <trkpt lat="51.242003343167184" lon="5.167733324346675">
    <ele>29.93</ele>
   </trkpt>
   <trkpt lat="51.24219" lon="5.168810000000001">
    <ele>30.19</ele>
   </trkpt>
   <trkpt lat="51.24240252012109" lon="5.170064982557029">
    <ele>30.320000000000004</ele>
   </trkpt>
   <trkpt lat="51.242615026822754" lon="5.171319976710491">
    <ele>30.480000000000004</ele>
   </trkpt>
   <trkpt lat="51.242827520104775" lon="5.1725749824598495">
    <ele>30.85</ele>
   </trkpt>
   <trkpt lat="51.24304000000001" lon="5.173830000000001">
    <ele>31.21</ele>
   </trkpt>
   <trkpt lat="51.243254498741166" lon="5.175092175141079">
    <ele>31.32</ele>
   </trkpt>
   <trkpt lat="51.24346898390874" lon="5.176354362053995">
    <ele>31.43</ele>
   </trkpt>
   <trkpt lat="51.243683455502484" lon="5.1776165607382065">
    <ele>31.790000000000006</ele>
   </trkpt>
   <trkpt lat="51.24389791352218" lon="5.178878771193167">
    <ele>31.970000000000006</ele>
   </trkpt>
   <trkpt lat="51.244112357967566" lon="5.180140993418332">
    <ele>32.35</ele>
   </trkpt>
   <trkpt lat="51.244326788838464" lon="5.181403227413156">
    <ele>32.38</ele>
   </trkpt>
   <trkpt lat="51.2445412061346" lon="5.182665473177094">
    <ele>32.81</ele>
   </trkpt>
   <trkpt lat="51.244755609855765" lon="5.183927730709602">
    <ele>33.150000000000006</ele>
   </trkpt>
   <trkpt lat="51.24497" lon="5.18519">
    <ele>33.54</ele>
   </trkpt>
   <trkpt lat="51.24509000217341" lon="5.185904998108054">
    <ele>32.95</ele>
   </trkpt>
   <trkpt lat="51.24521000000001" lon="5.1866200000000005">
    <ele>33.52</ele>
   </trkpt>
   <trkpt lat="51.24522" lon="5.18679">
    <ele>33.65</ele>
   </trkpt>
   <trkpt lat="51.246050000000004" lon="5.186940000000001">
    <ele>33.36</ele>
   </trkpt>
   <trkpt lat="51.24686750026442" lon="5.187077492671323">
    <ele>33.620000000000005</ele>
   </trkpt>
   <trkpt lat="51.24768500036777" lon="5.187214990230777">
    <ele>33.580000000000005</ele>
   </trkpt>
   <trkpt lat="51.248502500310046" lon="5.187352492678678">
    <ele>33.230000000000004</ele>
   </trkpt>
   <trkpt lat="51.249320000000004" lon="5.18749">
    <ele>34.04</ele>
   </trkpt>
   <trkpt lat="51.249221749869136" lon="5.188822531333833">
    <ele>33.010000000000005</ele>
   </trkpt>
   <trkpt lat="51.249123484610145" lon="5.190155056973274">
    <ele>33.52</ele>
   </trkpt>
   <trkpt lat="51.249025204223166" lon="5.19148757691749">
    <ele>34.050000000000004</ele>
   </trkpt>
   <trkpt lat="51.24892690870835" lon="5.1928200911656495">
    <ele>34.410000000000004</ele>
   </trkpt>
   <trkpt lat="51.24882859806575" lon="5.194152599716918">
    <ele>34.74</ele>
   </trkpt>
   <trkpt lat="51.248730272295525" lon="5.1954851025704665">
    <ele>35.0</ele>
   </trkpt>
   <trkpt lat="51.248631931397796" lon="5.196817599725459">
    <ele>35.52</ele>
   </trkpt>
   <trkpt lat="51.24853357537266" lon="5.198150091181067">
    <ele>35.75</ele>
   </trkpt>
   <trkpt lat="51.24843520422026" lon="5.199482576936456">
    <ele>35.97</ele>
   </trkpt>
   <trkpt lat="51.248336817940675" lon="5.200815056990793">
    <ele>36.25000000000001</ele>
   </trkpt>
   <trkpt lat="51.24823841653406" lon="5.202147531343249">
    <ele>36.68000000000001</ele>
   </trkpt>
   <trkpt lat="51.24814000000001" lon="5.203480000000001">
    <ele>36.83</ele>
   </trkpt>
   <trkpt lat="51.24804006221301" lon="5.2048311346136">
    <ele>37.34</ele>
   </trkpt>
   <trkpt lat="51.24794010887242" lon="5.206182263354372">
    <ele>37.61000000000001</ele>
   </trkpt>
   <trkpt lat="51.247840139978365" lon="5.20753338622145">
    <ele>37.910000000000004</ele>
   </trkpt>
   <trkpt lat="51.24774015553095" lon="5.208884503213967">
    <ele>38.34</ele>
   </trkpt>
   <trkpt lat="51.2476401555303" lon="5.210235614331055">
    <ele>38.73</ele>
   </trkpt>
   <trkpt lat="51.247540139976564" lon="5.211586719571848">
    <ele>39.23</ele>
   </trkpt>
   <trkpt lat="51.24744010886984" lon="5.212937818935476">
    <ele>39.440000000000005</ele>
   </trkpt>
   <trkpt lat="51.24734006221026" lon="5.214288912421075">
    <ele>39.800000000000004</ele>
   </trkpt>
   <trkpt lat="51.247240000000005" lon="5.2156400000000005">
    <ele>40.75</ele>
   </trkpt>
   <trkpt lat="51.24718000000001" lon="5.21607">
    <ele>41.72</ele>
   </trkpt>
   <trkpt lat="51.247150000000005" lon="5.21616">
    <ele>41.72</ele>
   </trkpt>
   <trkpt lat="51.247170000000004" lon="5.21628">
    <ele>41.72</ele>
   </trkpt>
   <trkpt lat="51.24732" lon="5.2164600000000005">
    <ele>41.54</ele>
   </trkpt>
   <trkpt lat="51.247827507266464" lon="5.217212475131685">
    <ele>40.82</ele>
   </trkpt>
   <trkpt lat="51.2483350097087" lon="5.217964966871462">
    <ele>40.300000000000004</ele>
   </trkpt>
   <trkpt lat="51.24884250732647" lon="5.218717475219846">
    <ele>40.449999999999996</ele>
   </trkpt>
   <trkpt lat="51.24935000000001" lon="5.21947">
    <ele>40.79</ele>
   </trkpt>
   <trkpt lat="51.249320000000004" lon="5.2195100000000005">
    <ele>41.29</ele>
   </trkpt>
   <trkpt lat="51.24997003236145" lon="5.22048433425597">
    <ele>41.78</ele>
   </trkpt>
   <trkpt lat="51.25062005663459" lon="5.221458696058178">
    <ele>41.95</ele>
   </trkpt>
   <trkpt lat="51.25127007281901" lon="5.222433085407704">
    <ele>42.45</ele>
   </trkpt>
   <trkpt lat="51.25192008091432" lon="5.223407502305621">
    <ele>42.18</ele>
   </trkpt>
   <trkpt lat="51.25257008092005" lon="5.224381946753009">
    <ele>42.050000000000004</ele>
   </trkpt>
   <trkpt lat="51.25322007283583" lon="5.22535641875094">
    <ele>42.5</ele>
   </trkpt>
   <trkpt lat="51.25387005666122" lon="5.226330918300493">
    <ele>42.690000000000005</ele>
   </trkpt>
   <trkpt lat="51.25452003239582" lon="5.2273054454027434">
    <ele>42.81</ele>
   </trkpt>
   <trkpt lat="51.25517000000001" lon="5.228280000000001">
    <ele>42.86</ele>
   </trkpt>
   <trkpt lat="51.25581002705303" lon="5.229232407185327">
    <ele>43.050000000000004</ele>
   </trkpt>
   <trkpt lat="51.25645004637805" lon="5.230184840888058">
    <ele>43.47</ele>
   </trkpt>
   <trkpt lat="51.25709005797469" lon="5.231137301109221">
    <ele>43.52</ele>
   </trkpt>
   <trkpt lat="51.257730061842565" lon="5.232089787849841">
    <ele>43.21000000000001</ele>
   </trkpt>
   <trkpt lat="51.25837005798126" lon="5.233042301110942">
    <ele>42.92000000000001</ele>
   </trkpt>
   <trkpt lat="51.25901004639039" lon="5.233994840893548">
    <ele>43.08</ele>
   </trkpt>
   <trkpt lat="51.25965002706956" lon="5.234947407198686">
    <ele>43.27</ele>
   </trkpt>
   <trkpt lat="51.260290000000005" lon="5.2359">
    <ele>42.870000000000005</ele>
   </trkpt>
   <trkpt lat="51.260290000000005" lon="5.23589">
    <ele>42.870000000000005</ele>
   </trkpt>
   <trkpt lat="51.26087000313858" lon="5.236754989013271">
    <ele>42.9</ele>
   </trkpt>
   <trkpt lat="51.26145" lon="5.237620000000001">
    <ele>43.550000000000004</ele>
   </trkpt>
   <trkpt lat="51.26149" lon="5.237590000000001">
    <ele>43.550000000000004</ele>
   </trkpt>
   <trkpt lat="51.261956672198316" lon="5.236786682920103">
    <ele>43.260000000000005</ele>
   </trkpt>
   <trkpt lat="51.262423338899055" lon="5.235983349528371">
    <ele>42.95</ele>
   </trkpt>
   <trkpt lat="51.262890000000006" lon="5.235180000000001">
    <ele>42.65</ele>
   </trkpt>
   <trkpt lat="51.263460012281435" lon="5.234200036444353">
    <ele>42.49000000000001</ele>
   </trkpt>
   <trkpt lat="51.26403001638175" lon="5.233220048582241">
    <ele>42.5</ele>
   </trkpt>
   <trkpt lat="51.264600012300555" lon="5.232240036412912">
    <ele>42.47</ele>
   </trkpt>
   <trkpt lat="51.265170000000005" lon="5.231260000000001">
    <ele>42.86</ele>
   </trkpt>
   <trkpt lat="51.265670001236494" lon="5.231784994354011">
    <ele>41.25</ele>
   </trkpt>
   <trkpt lat="51.26617" lon="5.23231">
    <ele>40.56</ele>
   </trkpt>
   <trkpt lat="51.266690000000004" lon="5.23301">
    <ele>40.79</ele>
   </trkpt>
   <trkpt lat="51.267220002428104" lon="5.2337649912931035">
    <ele>40.970000000000006</ele>
   </trkpt>
   <trkpt lat="51.26775000000001" lon="5.234520000000001">
    <ele>41.230000000000004</ele>
   </trkpt>
   <trkpt lat="51.26821" lon="5.23528">
    <ele>41.45</ele>
   </trkpt>
   <trkpt lat="51.26821" lon="5.235270000000001">
    <ele>41.45</ele>
   </trkpt>
   <trkpt lat="51.26879" lon="5.236230000000001">
    <ele>41.96</ele>
   </trkpt>
   <trkpt lat="51.26937" lon="5.23725">
    <ele>42.2</ele>
   </trkpt>
   <trkpt lat="51.26990000000001" lon="5.238060000000001">
    <ele>42.34</ele>
   </trkpt>
   <trkpt lat="51.270590000000006" lon="5.23887">
    <ele>42.29</ele>
   </trkpt>
   <trkpt lat="51.27115750441787" lon="5.239457478240235">
    <ele>42.27</ele>
   </trkpt>
   <trkpt lat="51.2717250058957" lon="5.2400449709919">
    <ele>42.38</ele>
   </trkpt>
   <trkpt lat="51.27229250443338" lon="5.240632478255573">
    <ele>42.53</ele>
   </trkpt>
   <trkpt lat="51.27286" lon="5.24122">
    <ele>42.760000000000005</ele>
   </trkpt>
   <trkpt lat="51.27329" lon="5.24176">
    <ele>42.830000000000005</ele>
   </trkpt>
   <trkpt lat="51.27387" lon="5.24256">
    <ele>42.910000000000004</ele>
   </trkpt>
   <trkpt lat="51.274420000000006" lon="5.24345">
    <ele>42.56</ele>
   </trkpt>
   <trkpt lat="51.274930006681494" lon="5.2443333137830095">
    <ele>42.52</ele>
   </trkpt>
   <trkpt lat="51.275440006716636" lon="5.2452166471768695">
    <ele>42.4</ele>
   </trkpt>
   <trkpt lat="51.27595" lon="5.2461">
    <ele>42.28</ele>
   </trkpt>
   <trkpt lat="51.27640000181298" lon="5.246724994085445">
    <ele>42.53</ele>
   </trkpt>
   <trkpt lat="51.27685" lon="5.247350000000001">
    <ele>42.29</ele>
   </trkpt>
   <trkpt lat="51.27740000000001" lon="5.24802">
    <ele>42.24000000000001</ele>
   </trkpt>
   <trkpt lat="51.27796000163036" lon="5.248629992613681">
    <ele>42.0</ele>
   </trkpt>
   <trkpt lat="51.27852000000001" lon="5.24924">
    <ele>42.47</ele>
   </trkpt>
   <trkpt lat="51.27873" lon="5.24966">
    <ele>42.43</ele>
   </trkpt>
   <trkpt lat="51.27902" lon="5.25039">
    <ele>41.980000000000004</ele>
   </trkpt>
   <trkpt lat="51.279390004876625" lon="5.251454991554388">
    <ele>41.72</ele>
   </trkpt>
   <trkpt lat="51.27976" lon="5.2525200000000005">
    <ele>40.830000000000005</ele>
   </trkpt>
   <trkpt lat="51.27996500174663" lon="5.253169996931911">
    <ele>40.68</ele>
   </trkpt>
   <trkpt lat="51.280170000000005" lon="5.25382">
    <ele>40.2</ele>
   </trkpt>
   <trkpt lat="51.28049000000001" lon="5.2551000000000005">
    <ele>40.03</ele>
   </trkpt>
   <trkpt lat="51.28075000538889" lon="5.256229993389734">
    <ele>39.92</ele>
   </trkpt>
   <trkpt lat="51.28101" lon="5.25736">
    <ele>39.81</ele>
   </trkpt>
   <trkpt lat="51.281290000000006" lon="5.25821">
    <ele>39.96</ele>
   </trkpt>
   <trkpt lat="51.2817175147705" lon="5.25928496999884">
    <ele>40.150000000000006</ele>
   </trkpt>
   <trkpt lat="51.282145019698106" lon="5.260359960008069">
    <ele>40.870000000000005</ele>
   </trkpt>
   <trkpt lat="51.28257251478247" lon="5.2614349700279">
    <ele>41.660000000000004</ele>
   </trkpt>
   <trkpt lat="51.283" lon="5.262510000000001">
    <ele>41.78</ele>
   </trkpt>
   <trkpt lat="51.28338" lon="5.263610000000001">
    <ele>41.75</ele>
   </trkpt>
   <trkpt lat="51.28369000000001" lon="5.26468">
    <ele>41.79</ele>
   </trkpt>
   <trkpt lat="51.283930000000005" lon="5.26567">
    <ele>42.0</ele>
   </trkpt>
   <trkpt lat="51.284110000000005" lon="5.26646">
    <ele>42.06</ele>
   </trkpt>
   <trkpt lat="51.28419" lon="5.266920000000001">
    <ele>42.06</ele>
   </trkpt>
   <trkpt lat="51.284240000000004" lon="5.26747">
    <ele>42.11</ele>
   </trkpt>
   <trkpt lat="51.28419" lon="5.268400000000001">
    <ele>42.27</ele>
   </trkpt>
   <trkpt lat="51.28412" lon="5.268890000000001">
    <ele>42.230000000000004</ele>
   </trkpt>
   <trkpt lat="51.28401" lon="5.269290000000001">
    <ele>42.25</ele>
   </trkpt>
   <trkpt lat="51.283770000000004" lon="5.27008">
    <ele>41.99000000000001</ele>
   </trkpt>
   <trkpt lat="51.283510002477584" lon="5.2708500044993505">
    <ele>42.11</ele>
   </trkpt>
   <trkpt lat="51.28325" lon="5.27162">
    <ele>42.17</ele>
   </trkpt>
   <trkpt lat="51.28293500272307" lon="5.272430005738003">
    <ele>42.31</ele>
   </trkpt>
   <trkpt lat="51.28262" lon="5.27324">
    <ele>42.61</ele>
   </trkpt>
   <trkpt lat="51.28223000325838" lon="5.274110007309239">
    <ele>42.64</ele>
   </trkpt>
   <trkpt lat="51.28184" lon="5.27498">
    <ele>42.79</ele>
   </trkpt>
   <trkpt lat="51.281490000000005" lon="5.27569">
    <ele>42.79</ele>
   </trkpt>
   <trkpt lat="51.281060000000004" lon="5.27686">
    <ele>42.71</ele>
   </trkpt>
   <trkpt lat="51.280820000000006" lon="5.277880000000001">
    <ele>42.68</ele>
   </trkpt>
   <trkpt lat="51.28074" lon="5.27866">
    <ele>42.7</ele>
   </trkpt>
   <trkpt lat="51.28069000000001" lon="5.27937">
    <ele>43.07</ele>
   </trkpt>
   <trkpt lat="51.2807" lon="5.2800400000000005">
    <ele>43.07</ele>
   </trkpt>
   <trkpt lat="51.2807" lon="5.28002">
    <ele>43.07</ele>
   </trkpt>
   <trkpt lat="51.280710000000006" lon="5.2803">
    <ele>43.11</ele>
   </trkpt>
   <trkpt lat="51.280770000000004" lon="5.281020000000001">
    <ele>43.21000000000001</ele>
   </trkpt>
   <trkpt lat="51.280950000000004" lon="5.28206">
    <ele>43.0</ele>
   </trkpt>
   <trkpt lat="51.281180000000006" lon="5.283130000000001">
    <ele>42.85000000000001</ele>
   </trkpt>
   <trkpt lat="51.281200000000005" lon="5.283530000000001">
    <ele>42.75</ele>
   </trkpt>
   <trkpt lat="51.2810250070022" lon="5.284810004697516">
    <ele>42.730000000000004</ele>
   </trkpt>
   <trkpt lat="51.28085" lon="5.286090000000001">
    <ele>42.63</ele>
   </trkpt>
   <trkpt lat="51.28069000981466" lon="5.287163340798578">
    <ele>42.550000000000004</ele>
   </trkpt>
   <trkpt lat="51.28053000981643" lon="5.288236674120012">
    <ele>42.43</ele>
   </trkpt>
   <trkpt lat="51.280370000000005" lon="5.28931">
    <ele>42.39</ele>
   </trkpt>
   <trkpt lat="51.28034" lon="5.289540000000001">
    <ele>42.43</ele>
   </trkpt>
   <trkpt lat="51.280350000000006" lon="5.289980000000001">
    <ele>42.38</ele>
   </trkpt>
   <trkpt lat="51.28043202494132" lon="5.291189991354255">
    <ele>42.190000000000005</ele>
   </trkpt>
   <trkpt lat="51.28051403741188" lon="5.292399987029515">
    <ele>41.97</ele>
   </trkpt>
   <trkpt lat="51.28059603741163" lon="5.293609987025153">
    <ele>41.650000000000006</ele>
   </trkpt>
   <trkpt lat="51.28067802494047" lon="5.29481999134054">
    <ele>41.400000000000006</ele>
   </trkpt>
   <trkpt lat="51.28076" lon="5.29603">
    <ele>41.43</ele>
   </trkpt>
   <trkpt lat="51.28080501653348" lon="5.297167496700581">
    <ele>41.34</ele>
   </trkpt>
   <trkpt lat="51.28085002204581" lon="5.29830499563044">
    <ele>40.61</ele>
   </trkpt>
   <trkpt lat="51.280895016537" lon="5.29944249678904">
    <ele>40.24</ele>
   </trkpt>
   <trkpt lat="51.28094" lon="5.30058">
    <ele>39.800000000000004</ele>
   </trkpt>
   <trkpt lat="51.28110000305665" lon="5.3014249971396055">
    <ele>39.64</ele>
   </trkpt>
   <trkpt lat="51.28126" lon="5.30227">
    <ele>39.57</ele>
   </trkpt>
   <trkpt lat="51.281535022171795" lon="5.303587476308982">
    <ele>39.32</ele>
   </trkpt>
   <trkpt lat="51.281810029558855" lon="5.304904968394353">
    <ele>39.14</ele>
   </trkpt>
   <trkpt lat="51.28208502216088" lon="5.306222476255607">
    <ele>38.93000000000001</ele>
   </trkpt>
   <trkpt lat="51.282360000000004" lon="5.30754">
    <ele>38.78</ele>
   </trkpt>
   <trkpt lat="51.28247" lon="5.30825">
    <ele>38.720000000000006</ele>
   </trkpt>
   <trkpt lat="51.28249" lon="5.308610000000001">
    <ele>38.720000000000006</ele>
   </trkpt>
   <trkpt lat="51.28248000409068" lon="5.309590000162889">
    <ele>38.61000000000001</ele>
   </trkpt>
   <trkpt lat="51.28247" lon="5.31057">
    <ele>38.64</ele>
   </trkpt>
   <trkpt lat="51.282540000000004" lon="5.31111">
    <ele>38.56</ele>
   </trkpt>
   <trkpt lat="51.282540000000004" lon="5.311100000000001">
    <ele>38.56</ele>
   </trkpt>
   <trkpt lat="51.282630000000005" lon="5.311730000000001">
    <ele>38.53</ele>
   </trkpt>
   <trkpt lat="51.28282" lon="5.312550000000001">
    <ele>38.42</ele>
   </trkpt>
   <trkpt lat="51.282900000000005" lon="5.31277">
    <ele>38.42</ele>
   </trkpt>
   <trkpt lat="51.28316" lon="5.31329">
    <ele>38.27</ele>
   </trkpt>
   <trkpt lat="51.2832" lon="5.31346">
    <ele>38.38</ele>
   </trkpt>
   <trkpt lat="51.283260000000006" lon="5.313470000000001">
    <ele>38.23</ele>
   </trkpt>
   <trkpt lat="51.28332" lon="5.31353">
    <ele>38.23</ele>
   </trkpt>
   <trkpt lat="51.283820000000006" lon="5.314190000000001">
    <ele>37.31</ele>
   </trkpt>
   <trkpt lat="51.28407000000001" lon="5.31447">
    <ele>37.290000000000006</ele>
   </trkpt>
   <trkpt lat="51.284560000000006" lon="5.31494">
    <ele>37.470000000000006</ele>
   </trkpt>
   <trkpt lat="51.284710000000004" lon="5.315110000000001">
    <ele>37.470000000000006</ele>
   </trkpt>
   <trkpt lat="51.28486" lon="5.3153500000000005">
    <ele>37.92</ele>
   </trkpt>
   <trkpt lat="51.28506" lon="5.315910000000001">
    <ele>36.69</ele>
   </trkpt>
   <trkpt lat="51.28526000278549" lon="5.316714996597981">
    <ele>36.37</ele>
   </trkpt>
   <trkpt lat="51.28546000000001" lon="5.31752">
    <ele>36.4</ele>
   </trkpt>
   <trkpt lat="51.28567" lon="5.31826">
    <ele>36.69</ele>
   </trkpt>
   <trkpt lat="51.285920000000004" lon="5.318860000000001">
    <ele>36.87</ele>
   </trkpt>
   <trkpt lat="51.28651000000001" lon="5.31986">
    <ele>37.35</ele>
   </trkpt>
   <trkpt lat="51.28689000000001" lon="5.32077">
    <ele>37.19</ele>
   </trkpt>
   <trkpt lat="51.28696000000001" lon="5.32103">
    <ele>37.19</ele>
   </trkpt>
   <trkpt lat="51.28699" lon="5.32132">
    <ele>37.040000000000006</ele>
   </trkpt>
   <trkpt lat="51.28700000681504" lon="5.322584999751544">
    <ele>36.9</ele>
   </trkpt>
   <trkpt lat="51.28701" lon="5.32385">
    <ele>36.39000000000001</ele>
   </trkpt>
   <trkpt lat="51.287090000000006" lon="5.32444">
    <ele>36.44</ele>
   </trkpt>
   <trkpt lat="51.28699" lon="5.3245000000000005">
    <ele>36.57000000000001</ele>
   </trkpt>
   <trkpt lat="51.286970000000004" lon="5.3246">
    <ele>36.61</ele>
   </trkpt>
   <trkpt lat="51.28708" lon="5.32488">
    <ele>36.78</ele>
   </trkpt>
   <trkpt lat="51.28707000000001" lon="5.32484">
    <ele>36.81</ele>
   </trkpt>
   <trkpt lat="51.28716000000001" lon="5.325080000000001">
    <ele>36.33</ele>
   </trkpt>
   <trkpt lat="51.28727000000001" lon="5.32497">
    <ele>36.24</ele>
   </trkpt>
   <trkpt lat="51.287560000000006" lon="5.3255300000000005">
    <ele>36.17</ele>
   </trkpt>
   <trkpt lat="51.287690000000005" lon="5.32594">
    <ele>36.22</ele>
   </trkpt>
   <trkpt lat="51.287800000000004" lon="5.3264000000000005">
    <ele>36.33</ele>
   </trkpt>
   <trkpt lat="51.28795" lon="5.32732">
    <ele>36.04</ele>
   </trkpt>
   <trkpt lat="51.28806" lon="5.3276900000000005">
    <ele>35.67</ele>
   </trkpt>
   <trkpt lat="51.288520000000005" lon="5.3287">
    <ele>35.660000000000004</ele>
   </trkpt>
   <trkpt lat="51.28875000000001" lon="5.329300000000001">
    <ele>35.45</ele>
   </trkpt>
   <trkpt lat="51.288980002226815" lon="5.33000999669098">
    <ele>35.5</ele>
   </trkpt>
   <trkpt lat="51.289210000000004" lon="5.33072">
    <ele>35.47</ele>
   </trkpt>
   <trkpt lat="51.28940000000001" lon="5.331180000000001">
    <ele>35.5</ele>
   </trkpt>
   <trkpt lat="51.289680000000004" lon="5.331600000000001">
    <ele>35.46000000000001</ele>
   </trkpt>
   <trkpt lat="51.290350000000004" lon="5.33241">
    <ele>35.32</ele>
   </trkpt>
   <trkpt lat="51.29063000000001" lon="5.33279">
    <ele>35.480000000000004</ele>
   </trkpt>
   <trkpt lat="51.290710000000004" lon="5.33286">
    <ele>35.21000000000001</ele>
   </trkpt>
   <trkpt lat="51.290870000000005" lon="5.333150000000001">
    <ele>35.14</ele>
   </trkpt>
   <trkpt lat="51.290910000000004" lon="5.3333">
    <ele>35.14</ele>
   </trkpt>
   <trkpt lat="51.29113" lon="5.3338600000000005">
    <ele>34.86</ele>
   </trkpt>
   <trkpt lat="51.29130000000001" lon="5.334350000000001">
    <ele>34.84</ele>
   </trkpt>
   <trkpt lat="51.29159000000001" lon="5.33504">
    <ele>34.78</ele>
   </trkpt>
   <trkpt lat="51.2922" lon="5.33607">
    <ele>34.730000000000004</ele>
   </trkpt>
   <trkpt lat="51.292410000000004" lon="5.3364">
    <ele>34.510000000000005</ele>
   </trkpt>
   <trkpt lat="51.29280000000001" lon="5.336810000000001">
    <ele>34.45</ele>
   </trkpt>
   <trkpt lat="51.29327000000001" lon="5.33711">
    <ele>34.17</ele>
   </trkpt>
   <trkpt lat="51.29379" lon="5.337330000000001">
    <ele>34.11</ele>
   </trkpt>
   <trkpt lat="51.29381000000001" lon="5.337330000000001">
    <ele>34.11</ele>
   </trkpt>
   <trkpt lat="51.29458" lon="5.337560000000001">
    <ele>34.230000000000004</ele>
   </trkpt>
   <trkpt lat="51.294810000000005" lon="5.3376">
    <ele>34.230000000000004</ele>
   </trkpt>
   <trkpt lat="51.295" lon="5.3375900000000005">
    <ele>34.11</ele>
   </trkpt>
   <trkpt lat="51.29515000000001" lon="5.33755">
    <ele>34.18</ele>
   </trkpt>
   <trkpt lat="51.29547" lon="5.33736">
    <ele>34.58</ele>
   </trkpt>
   <trkpt lat="51.295570000000005" lon="5.33762">
    <ele>34.63</ele>
   </trkpt>
   <trkpt lat="51.295640000000006" lon="5.33774">
    <ele>33.940000000000005</ele>
   </trkpt>
   <trkpt lat="51.29605000117028" lon="5.338244995593801">
    <ele>33.230000000000004</ele>
   </trkpt>
   <trkpt lat="51.29646" lon="5.33875">
    <ele>33.080000000000005</ele>
   </trkpt>
   <trkpt lat="51.29712000000001" lon="5.33966">
    <ele>33.32</ele>
   </trkpt>
   <trkpt lat="51.29751" lon="5.340280000000001">
    <ele>33.36</ele>
   </trkpt>
   <trkpt lat="51.298035010694775" lon="5.341194968605709">
    <ele>33.84</ele>
   </trkpt>
   <trkpt lat="51.29856001425954" lon="5.34210995813995">
    <ele>33.54</ele>
   </trkpt>
   <trkpt lat="51.29908501069402" lon="5.343024968603309">
    <ele>33.300000000000004</ele>
   </trkpt>
   <trkpt lat="51.29961" lon="5.343940000000001">
    <ele>32.97</ele>
   </trkpt>
   <trkpt lat="51.29997" lon="5.34449">
    <ele>32.81</ele>
   </trkpt>
   <trkpt lat="51.30010000000001" lon="5.34466">
    <ele>32.81</ele>
   </trkpt>
   <trkpt lat="51.30035" lon="5.34492">
    <ele>32.78</ele>
   </trkpt>
   <trkpt lat="51.30088500108734" lon="5.345384994725004">
    <ele>32.400000000000006</ele>
   </trkpt>
   <trkpt lat="51.30142000000001" lon="5.34585">
    <ele>32.03</ele>
   </trkpt>
   <trkpt lat="51.301410000000004" lon="5.34585">
    <ele>32.040000000000006</ele>
   </trkpt>
   <trkpt lat="51.30192000082077" lon="5.346294995035895">
    <ele>31.76</ele>
   </trkpt>
   <trkpt lat="51.30243" lon="5.3467400000000005">
    <ele>31.87</ele>
   </trkpt>
   <trkpt lat="51.30265000000001" lon="5.346970000000001">
    <ele>32.050000000000004</ele>
   </trkpt>
   <trkpt lat="51.302710000000005" lon="5.3471">
    <ele>32.230000000000004</ele>
   </trkpt>
   <trkpt lat="51.30272" lon="5.34731">
    <ele>32.230000000000004</ele>
   </trkpt>
   <trkpt lat="51.302627525395806" lon="5.348720008542431">
    <ele>31.26</ele>
   </trkpt>
   <trkpt lat="51.302535033860195" lon="5.350130011402657">
    <ele>31.26</ele>
   </trkpt>
   <trkpt lat="51.302442525393296" lon="5.351540008579679">
    <ele>31.32</ele>
   </trkpt>
   <trkpt lat="51.302350000000004" lon="5.352950000000001">
    <ele>31.27</ele>
   </trkpt>
   <trkpt lat="51.30225" lon="5.3537300000000005">
    <ele>31.14</ele>
   </trkpt>
   <trkpt lat="51.302070003613174" lon="5.354640003129009">
    <ele>31.380000000000006</ele>
   </trkpt>
   <trkpt lat="51.30189000000001" lon="5.35555">
    <ele>31.27</ele>
   </trkpt>
   <trkpt lat="51.30185" lon="5.355650000000001">
    <ele>31.27</ele>
   </trkpt>
   <trkpt lat="51.30185" lon="5.35566">
    <ele>31.27</ele>
   </trkpt>
   <trkpt lat="51.30180000000001" lon="5.35585">
    <ele>31.32</ele>
   </trkpt>
   <trkpt lat="51.30167" lon="5.356140000000001">
    <ele>31.32</ele>
   </trkpt>
   <trkpt lat="51.30121000268346" lon="5.356915007554708">
    <ele>31.03</ele>
   </trkpt>
   <trkpt lat="51.30075" lon="5.357690000000001">
    <ele>31.75</ele>
   </trkpt>
   <trkpt lat="51.3012560136805" lon="5.358585960501779">
    <ele>31.17</ele>
   </trkpt>
   <trkpt lat="51.30176202052433" lon="5.35948194075803">
    <ele>30.830000000000002</ele>
   </trkpt>
   <trkpt lat="51.30226802053126" lon="5.360377940769279">
    <ele>30.680000000000003</ele>
   </trkpt>
   <trkpt lat="51.302774013701" lon="5.361273960536052">
    <ele>30.63</ele>
   </trkpt>
   <trkpt lat="51.30328" lon="5.362170000000001">
    <ele>30.660000000000004</ele>
   </trkpt>
   <trkpt lat="51.30337" lon="5.3623">
    <ele>30.660000000000004</ele>
   </trkpt>
   <trkpt lat="51.30348000000001" lon="5.362410000000001">
    <ele>30.63</ele>
   </trkpt>
   <trkpt lat="51.303670000000004" lon="5.3625300000000005">
    <ele>30.63</ele>
   </trkpt>
   <trkpt lat="51.30389" lon="5.3626000000000005">
    <ele>30.680000000000003</ele>
   </trkpt>
   <trkpt lat="51.30460666668415" lon="5.362659998125047">
    <ele>30.53</ele>
   </trkpt>
   <trkpt lat="51.305323333337626" lon="5.362719998123907">
    <ele>30.6</ele>
   </trkpt>
   <trkpt lat="51.30604" lon="5.362780000000001">
    <ele>30.6</ele>
   </trkpt>
   <trkpt lat="51.30678" lon="5.36303">
    <ele>30.85</ele>
   </trkpt>
   <trkpt lat="51.307430000541956" lon="5.363276659688009">
    <ele>30.500000000000004</ele>
   </trkpt>
   <trkpt lat="51.308080000565774" lon="5.36352332636359">
    <ele>30.09</ele>
   </trkpt>
   <trkpt lat="51.308730000000004" lon="5.363770000000001">
    <ele>29.980000000000004</ele>
   </trkpt>
   <trkpt lat="51.30930000000001" lon="5.3640300000000005">
    <ele>29.550000000000004</ele>
   </trkpt>
   <trkpt lat="51.30982500027501" lon="5.364269997267691">
    <ele>29.43</ele>
   </trkpt>
   <trkpt lat="51.31035000000001" lon="5.36451">
    <ele>29.130000000000003</ele>
   </trkpt>
   <trkpt lat="51.31087" lon="5.36477">
    <ele>29.200000000000003</ele>
   </trkpt>
   <trkpt lat="51.311020000000006" lon="5.364890000000001">
    <ele>29.43</ele>
   </trkpt>
   <trkpt lat="51.3111" lon="5.364990000000001">
    <ele>29.78</ele>
   </trkpt>
   <trkpt lat="51.31125" lon="5.36533">
    <ele>30.2</ele>
   </trkpt>
   <trkpt lat="51.31145" lon="5.3651100000000005">
    <ele>30.160000000000004</ele>
   </trkpt>
   <trkpt lat="51.311640000000004" lon="5.36556">
    <ele>29.32</ele>
   </trkpt>
   <trkpt lat="51.31168" lon="5.36598">
    <ele>28.85</ele>
   </trkpt>
   <trkpt lat="51.311710000000005" lon="5.3661200000000004">
    <ele>28.85</ele>
   </trkpt>
   <trkpt lat="51.31217202419519" lon="5.367311951980327">
    <ele>28.470000000000002</ele>
   </trkpt>
   <trkpt lat="51.31263403629151" lon="5.368503927965792">
    <ele>28.23</ele>
   </trkpt>
   <trkpt lat="51.31309603628851" lon="5.369695927956647">
    <ele>28.080000000000002</ele>
   </trkpt>
   <trkpt lat="51.313558024185745" lon="5.37088795195314">
    <ele>27.930000000000003</ele>
   </trkpt>
   <trkpt lat="51.314020000000006" lon="5.37208">
    <ele>28.32</ele>
   </trkpt>
   <trkpt lat="51.31434" lon="5.372800000000001">
    <ele>28.57</ele>
   </trkpt>
   <trkpt lat="51.31486" lon="5.37349">
    <ele>28.48</ele>
   </trkpt>
   <trkpt lat="51.31545000285101" lon="5.374309989437937">
    <ele>28.380000000000003</ele>
   </trkpt>
   <trkpt lat="51.31604" lon="5.37513">
    <ele>28.26</ele>
   </trkpt>
   <trkpt lat="51.316430000000004" lon="5.375940000000001">
    <ele>28.810000000000002</ele>
   </trkpt>
   <trkpt lat="51.316695002202074" lon="5.37665499593842">
    <ele>28.5</ele>
   </trkpt>
   <trkpt lat="51.31696" lon="5.377370000000001">
    <ele>28.220000000000002</ele>
   </trkpt>
   <trkpt lat="51.317220000000006" lon="5.378500000000001">
    <ele>28.080000000000002</ele>
   </trkpt>
   <trkpt lat="51.31723" lon="5.378520000000001">
    <ele>28.080000000000002</ele>
   </trkpt>
   <trkpt lat="51.317510005230396" lon="5.3796299931635785">
    <ele>27.78</ele>
   </trkpt>
   <trkpt lat="51.31779" lon="5.38074">
    <ele>27.92</ele>
   </trkpt>
   <trkpt lat="51.317910000000005" lon="5.381">
    <ele>28.23</ele>
   </trkpt>
   <trkpt lat="51.318070000000006" lon="5.38117">
    <ele>28.34</ele>
   </trkpt>
   <trkpt lat="51.318180000000005" lon="5.38131">
    <ele>28.41</ele>
   </trkpt>
   <trkpt lat="51.31824" lon="5.38142">
    <ele>28.41</ele>
   </trkpt>
   <trkpt lat="51.318310000000004" lon="5.38168">
    <ele>28.37</ele>
   </trkpt>
   <trkpt lat="51.31837" lon="5.38201">
    <ele>27.880000000000003</ele>
   </trkpt>
   <trkpt lat="51.31837" lon="5.38215">
    <ele>27.880000000000003</ele>
   </trkpt>
   <trkpt lat="51.318310000000004" lon="5.38252">
    <ele>27.71</ele>
   </trkpt>
   <trkpt lat="51.318310000000004" lon="5.382750000000001">
    <ele>27.48</ele>
   </trkpt>
   <trkpt lat="51.31833" lon="5.382910000000001">
    <ele>27.48</ele>
   </trkpt>
   <trkpt lat="51.31851000243161" lon="5.383669996901304">
    <ele>27.35</ele>
   </trkpt>
   <trkpt lat="51.318690000000004" lon="5.38443">
    <ele>27.51</ele>
   </trkpt>
   <trkpt lat="51.31891" lon="5.38494">
    <ele>27.610000000000003</ele>
   </trkpt>
   <trkpt lat="51.31948860169897" lon="5.386028489045927">
    <ele>27.49</ele>
   </trkpt>
   <trkpt lat="51.32006719330882" lon="5.387117005551892">
    <ele>27.680000000000003</ele>
   </trkpt>
   <trkpt lat="51.3206457748291" lon="5.388205549518681">
    <ele>27.42</ele>
   </trkpt>
   <trkpt lat="51.321224346259335" lon="5.389294120947072">
    <ele>27.67</ele>
   </trkpt>
   <trkpt lat="51.32180290759907" lon="5.390382719837851">
    <ele>27.970000000000002</ele>
   </trkpt>
   <trkpt lat="51.322381458847836" lon="5.391471346191799">
    <ele>27.8</ele>
   </trkpt>
   <trkpt lat="51.32296" lon="5.3925600000000005">
    <ele>27.560000000000002</ele>
   </trkpt>
   <trkpt lat="51.323100000000004" lon="5.3928400000000005">
    <ele>27.53</ele>
   </trkpt>
   <trkpt lat="51.32343" lon="5.39343">
    <ele>27.160000000000004</ele>
   </trkpt>
   <trkpt lat="51.32395750684688" lon="5.394162474716656">
    <ele>27.01</ele>
   </trkpt>
   <trkpt lat="51.32448500912527" lon="5.394894966282888">
    <ele>26.71</ele>
   </trkpt>
   <trkpt lat="51.325012506834945" lon="5.395627474699256">
    <ele>26.480000000000004</ele>
   </trkpt>
   <trkpt lat="51.325540000000004" lon="5.3963600000000005">
    <ele>26.590000000000003</ele>
   </trkpt>
   <trkpt lat="51.325890001059" lon="5.396864996107306">
    <ele>26.520000000000003</ele>
   </trkpt>
   <trkpt lat="51.326240000000006" lon="5.3973700000000004">
    <ele>26.53</ele>
   </trkpt>
   <trkpt lat="51.326595001202925" lon="5.397904995834927">
    <ele>26.67</ele>
   </trkpt>
   <trkpt lat="51.326950000000004" lon="5.398440000000001">
    <ele>26.55</ele>
   </trkpt>
   <trkpt lat="51.32746" lon="5.399190000000001">
    <ele>26.37</ele>
   </trkpt>
   <trkpt lat="51.327450000000006" lon="5.399190000000001">
    <ele>26.37</ele>
   </trkpt>
   <trkpt lat="51.32771" lon="5.39961">
    <ele>26.36</ele>
   </trkpt>
   <trkpt lat="51.32784" lon="5.399870000000001">
    <ele>26.19</ele>
   </trkpt>
   <trkpt lat="51.32786" lon="5.399940000000001">
    <ele>26.19</ele>
   </trkpt>
   <trkpt lat="51.32825333838977" lon="5.4007099868065325">
    <ele>25.910000000000004</ele>
   </trkpt>
   <trkpt lat="51.328646671731335" lon="5.4014799868224435">
    <ele>25.560000000000002</ele>
   </trkpt>
   <trkpt lat="51.329040000000006" lon="5.40225">
    <ele>26.390000000000004</ele>
   </trkpt>
   <trkpt lat="51.32869" lon="5.4028">
    <ele>26.42</ele>
   </trkpt>
   <trkpt lat="51.32855000000001" lon="5.402990000000001">
    <ele>26.28</ele>
   </trkpt>
   <trkpt lat="51.327920000000006" lon="5.4035400000000005">
    <ele>26.320000000000004</ele>
   </trkpt>
   <trkpt lat="51.3282" lon="5.4043600000000005">
    <ele>25.470000000000002</ele>
   </trkpt>
   <trkpt lat="51.328300000000006" lon="5.404610000000001">
    <ele>25.44</ele>
   </trkpt>
   <trkpt lat="51.32874" lon="5.405320000000001">
    <ele>25.48</ele>
   </trkpt>
   <trkpt lat="51.32893000000001" lon="5.40577">
    <ele>25.6</ele>
   </trkpt>
   <trkpt lat="51.32894" lon="5.4057900000000005">
    <ele>25.61</ele>
   </trkpt>
   <trkpt lat="51.329105002093044" lon="5.406479997793861">
    <ele>25.87</ele>
   </trkpt>
   <trkpt lat="51.32927" lon="5.407170000000001">
    <ele>26.3</ele>
   </trkpt>
   <trkpt lat="51.32934" lon="5.40711">
    <ele>26.3</ele>
   </trkpt>
   <trkpt lat="51.32959669581247" lon="5.408279967287994">
    <ele>26.29</ele>
   </trkpt>
   <trkpt lat="51.329853379969954" lon="5.409449947674979">
    <ele>26.480000000000004</ele>
   </trkpt>
   <trkpt lat="51.33011005247222" lon="5.4106199411606255">
    <ele>26.070000000000004</ele>
   </trkpt>
   <trkpt lat="51.33036671331902" lon="5.411789947744607">
    <ele>26.050000000000004</ele>
   </trkpt>
   <trkpt lat="51.3306233625101" lon="5.4129599674265965">
    <ele>26.03</ele>
   </trkpt>
   <trkpt lat="51.33088000000001" lon="5.41413">
    <ele>26.02</ele>
   </trkpt>
   <trkpt lat="51.33108500337634" lon="5.41501499622448">
    <ele>26.26</ele>
   </trkpt>
   <trkpt lat="51.33129" lon="5.415900000000001">
    <ele>26.27</ele>
   </trkpt>
   <trkpt lat="51.331390000000006" lon="5.416300000000001">
    <ele>26.42</ele>
   </trkpt>
   <trkpt lat="51.331340000000004" lon="5.416370000000001">
    <ele>26.35</ele>
   </trkpt>
   <trkpt lat="51.33158" lon="5.4171000000000005">
    <ele>26.44</ele>
   </trkpt>
   <trkpt lat="51.331920000000004" lon="5.41776">
    <ele>26.69</ele>
   </trkpt>
   <trkpt lat="51.33240000000001" lon="5.418360000000001">
    <ele>26.79</ele>
   </trkpt>
   <trkpt lat="51.33299000648848" lon="5.4190724724995665">
    <ele>26.61</ele>
   </trkpt>
   <trkpt lat="51.333580008654835" lon="5.41978496333639">
    <ele>26.140000000000004</ele>
   </trkpt>
   <trkpt lat="51.33417000649891" lon="5.420497472511196">
    <ele>26.080000000000002</ele>
   </trkpt>
   <trkpt lat="51.33476" lon="5.42121">
    <ele>26.2</ele>
   </trkpt>
   <trkpt lat="51.335390000000004" lon="5.42192">
    <ele>26.03</ele>
   </trkpt>
   <trkpt lat="51.33603000776672" lon="5.422699967328321">
    <ele>25.96</ele>
   </trkpt>
   <trkpt lat="51.33667001035381" lon="5.423479956434676">
    <ele>25.84</ele>
   </trkpt>
   <trkpt lat="51.33731000776095" lon="5.424259967319996">
    <ele>25.79</ele>
   </trkpt>
   <trkpt lat="51.337950000000006" lon="5.42504">
    <ele>25.66</ele>
   </trkpt>
   <trkpt lat="51.33854" lon="5.42574">
    <ele>25.980000000000004</ele>
   </trkpt>
   <trkpt lat="51.33904500172557" lon="5.426384992836059">
    <ele>26.160000000000004</ele>
   </trkpt>
   <trkpt lat="51.33955" lon="5.42703">
    <ele>26.12</ele>
   </trkpt>
   <trkpt lat="51.33990000000001" lon="5.427510000000001">
    <ele>25.740000000000002</ele>
   </trkpt>
   <trkpt lat="51.33997" lon="5.4275400000000005">
    <ele>25.740000000000002</ele>
   </trkpt>
   <trkpt lat="51.34002" lon="5.42755">
    <ele>25.370000000000005</ele>
   </trkpt>
   <trkpt lat="51.34008000000001" lon="5.42759">
    <ele>25.370000000000005</ele>
   </trkpt>
   <trkpt lat="51.34015" lon="5.42771">
    <ele>25.130000000000003</ele>
   </trkpt>
   <trkpt lat="51.340180000000004" lon="5.42776">
    <ele>25.060000000000002</ele>
   </trkpt>
   <trkpt lat="51.34063667174558" lon="5.428533317902242">
    <ele>22.17</ele>
   </trkpt>
   <trkpt lat="51.34109333839962" lon="5.429306651213978">
    <ele>23.290000000000003</ele>
   </trkpt>
   <trkpt lat="51.341550000000005" lon="5.43008">
    <ele>25.220000000000002</ele>
   </trkpt>
   <trkpt lat="51.341590000000004" lon="5.430000000000001">
    <ele>25.32</ele>
   </trkpt>
   <trkpt lat="51.34161" lon="5.4298">
    <ele>25.34</ele>
   </trkpt>
   <trkpt lat="51.34179" lon="5.429810000000001">
    <ele>25.34</ele>
   </trkpt>
   <trkpt lat="51.341910000000006" lon="5.4298">
    <ele>25.39</ele>
   </trkpt>
   <trkpt lat="51.34201" lon="5.42977">
    <ele>25.6</ele>
   </trkpt>
   <trkpt lat="51.342290000000006" lon="5.42959">
    <ele>25.77</ele>
   </trkpt>
   <trkpt lat="51.34241" lon="5.42949">
    <ele>25.92</ele>
   </trkpt>
   <trkpt lat="51.342490000000005" lon="5.429480000000001">
    <ele>25.92</ele>
   </trkpt>
   <trkpt lat="51.34254000000001" lon="5.4294">
    <ele>25.92</ele>
   </trkpt>
   <trkpt lat="51.342980000000004" lon="5.42907">
    <ele>25.95</ele>
   </trkpt>
   <trkpt lat="51.343300000000006" lon="5.4289000000000005">
    <ele>25.910000000000004</ele>
   </trkpt>
   <trkpt lat="51.34349" lon="5.42884">
    <ele>25.910000000000004</ele>
   </trkpt>
   <trkpt lat="51.34371" lon="5.430090000000001">
    <ele>25.880000000000003</ele>
   </trkpt>
   <trkpt lat="51.34373" lon="5.430210000000001">
    <ele>25.800000000000004</ele>
   </trkpt>
   <trkpt lat="51.3439050042014" lon="5.431204996127187">
    <ele>25.34</ele>
   </trkpt>
   <trkpt lat="51.344080000000005" lon="5.432200000000001">
    <ele>25.490000000000002</ele>
   </trkpt>
   <trkpt lat="51.344120000000004" lon="5.432480000000001">
    <ele>25.45</ele>
   </trkpt>
   <trkpt lat="51.343540000000004" lon="5.432550000000001">
    <ele>25.42</ele>
   </trkpt>
   <trkpt lat="51.343180000000004" lon="5.43264">
    <ele>25.460000000000004</ele>
   </trkpt>
   <trkpt lat="51.343" lon="5.43278">
    <ele>25.460000000000004</ele>
   </trkpt>
   <trkpt lat="51.34257" lon="5.4332">
    <ele>25.43</ele>
   </trkpt>
   <trkpt lat="51.34201750531861" lon="5.433845023318624">
    <ele>24.76</ele>
   </trkpt>
   <trkpt lat="51.34146500709515" lon="5.434490031086712">
    <ele>24.740000000000002</ele>
   </trkpt>
   <trkpt lat="51.34091250532977" lon="5.435135023304844">
    <ele>24.830000000000002</ele>
   </trkpt>
   <trkpt lat="51.340360000000004" lon="5.43578">
    <ele>24.860000000000003</ele>
   </trkpt>
   <trkpt lat="51.3398000047215" lon="5.436523351473261">
    <ele>24.970000000000002</ele>
   </trkpt>
   <trkpt lat="51.3392400047386" lon="5.437266684783572">
    <ele>25.150000000000002</ele>
   </trkpt>
   <trkpt lat="51.338680000000004" lon="5.43801">
    <ele>25.14</ele>
   </trkpt>
   <trkpt lat="51.3382400013314" lon="5.438600005864956">
    <ele>25.25</ele>
   </trkpt>
   <trkpt lat="51.3378" lon="5.439190000000001">
    <ele>25.39</ele>
   </trkpt>
   <trkpt lat="51.33726000202275" lon="5.439880008133146">
    <ele>25.52</ele>
   </trkpt>
   <trkpt lat="51.33672000000001" lon="5.44057">
    <ele>26.09</ele>
   </trkpt>
   <trkpt lat="51.33648" lon="5.440840000000001">
    <ele>26.140000000000004</ele>
   </trkpt>
   <trkpt lat="51.336380000000005" lon="5.441020000000001">
    <ele>26.140000000000004</ele>
   </trkpt>
   <trkpt lat="51.33626" lon="5.44132">
    <ele>26.220000000000002</ele>
   </trkpt>
   <trkpt lat="51.33626" lon="5.441490000000001">
    <ele>26.500000000000004</ele>
   </trkpt>
   <trkpt lat="51.33623000000001" lon="5.4416">
    <ele>26.54</ele>
   </trkpt>
   <trkpt lat="51.33615" lon="5.441700000000001">
    <ele>26.490000000000002</ele>
   </trkpt>
   <trkpt lat="51.33594" lon="5.441560000000001">
    <ele>26.37</ele>
   </trkpt>
   <trkpt lat="51.33583" lon="5.44188">
    <ele>25.79</ele>
   </trkpt>
   <trkpt lat="51.33576000000001" lon="5.442310000000001">
    <ele>25.45</ele>
   </trkpt>
   <trkpt lat="51.335570000000004" lon="5.443460000000001">
    <ele>26.35</ele>
   </trkpt>
   <trkpt lat="51.335570000000004" lon="5.44359">
    <ele>26.35</ele>
   </trkpt>
   <trkpt lat="51.33558000000001" lon="5.44373">
    <ele>26.3</ele>
   </trkpt>
   <trkpt lat="51.335480000000004" lon="5.443700000000001">
    <ele>26.3</ele>
   </trkpt>
   <trkpt lat="51.33531000000001" lon="5.44355">
    <ele>26.61</ele>
   </trkpt>
   <trkpt lat="51.33485000001742" lon="5.4435900004004285">
    <ele>26.590000000000003</ele>
   </trkpt>
   <trkpt lat="51.334390000000006" lon="5.443630000000001">
    <ele>26.87</ele>
   </trkpt>
   <trkpt lat="51.334849999996216" lon="5.443590000402271">
    <ele>26.590000000000003</ele>
   </trkpt>
   <trkpt lat="51.33531000000001" lon="5.44355">
    <ele>26.61</ele>
   </trkpt>
   <trkpt lat="51.335480000000004" lon="5.443700000000001">
    <ele>26.3</ele>
   </trkpt>
   <trkpt lat="51.33558000000001" lon="5.44373">
    <ele>26.3</ele>
   </trkpt>
   <trkpt lat="51.335570000000004" lon="5.44359">
    <ele>26.3</ele>
   </trkpt>
   <trkpt lat="51.335570000000004" lon="5.443460000000001">
    <ele>26.35</ele>
   </trkpt>
   <trkpt lat="51.33494000008414" lon="5.443510001369197">
    <ele>25.94</ele>
   </trkpt>
   <trkpt lat="51.334310000147006" lon="5.443560001364185">
    <ele>26.580000000000002</ele>
   </trkpt>
   <trkpt lat="51.33368" lon="5.4436100000000005">
    <ele>27.410000000000004</ele>
   </trkpt>
   <trkpt lat="51.33355" lon="5.44367">
    <ele>27.410000000000004</ele>
   </trkpt>
   <trkpt lat="51.33335" lon="5.443720000000001">
    <ele>27.48</ele>
   </trkpt>
   <trkpt lat="51.3327" lon="5.44373">
    <ele>27.610000000000003</ele>
   </trkpt>
   <trkpt lat="51.33256" lon="5.44376">
    <ele>27.64</ele>
   </trkpt>
   <trkpt lat="51.332190000000004" lon="5.443790000000001">
    <ele>27.64</ele>
   </trkpt>
   <trkpt lat="51.33203" lon="5.44383">
    <ele>27.580000000000002</ele>
   </trkpt>
   <trkpt lat="51.331830000000004" lon="5.44378">
    <ele>27.49</ele>
   </trkpt>
   <trkpt lat="51.33169" lon="5.443790000000001">
    <ele>27.35</ele>
   </trkpt>
   <trkpt lat="51.331410000000005" lon="5.4439400000000004">
    <ele>27.330000000000002</ele>
   </trkpt>
   <trkpt lat="51.3312" lon="5.444030000000001">
    <ele>27.240000000000002</ele>
   </trkpt>
   <trkpt lat="51.33111" lon="5.44404">
    <ele>27.240000000000002</ele>
   </trkpt>
   <trkpt lat="51.330850000000005" lon="5.44402">
    <ele>26.96</ele>
   </trkpt>
   <trkpt lat="51.33073" lon="5.44406">
    <ele>26.79</ele>
   </trkpt>
   <trkpt lat="51.33039" lon="5.44427">
    <ele>26.7</ele>
   </trkpt>
   <trkpt lat="51.32987000000001" lon="5.444750000000001">
    <ele>26.580000000000002</ele>
   </trkpt>
   <trkpt lat="51.32914" lon="5.4455800000000005">
    <ele>27.26</ele>
   </trkpt>
   <trkpt lat="51.32849" lon="5.44601">
    <ele>27.240000000000002</ele>
   </trkpt>
   <trkpt lat="51.32824" lon="5.446300000000001">
    <ele>27.28</ele>
   </trkpt>
   <trkpt lat="51.327635004445675" lon="5.447315013290896">
    <ele>27.39</ele>
   </trkpt>
   <trkpt lat="51.32703000000001" lon="5.44833">
    <ele>27.180000000000003</ele>
   </trkpt>
   <trkpt lat="51.32652500411776" lon="5.449310010735528">
    <ele>27.200000000000003</ele>
   </trkpt>
   <trkpt lat="51.32602000000001" lon="5.450290000000001">
    <ele>26.97</ele>
   </trkpt>
   <trkpt lat="51.325660000000006" lon="5.451040000000001">
    <ele>27.32</ele>
   </trkpt>
   <trkpt lat="51.32537000000001" lon="5.451790000000001">
    <ele>27.42</ele>
   </trkpt>
   <trkpt lat="51.325190000000006" lon="5.452070000000001">
    <ele>27.46</ele>
   </trkpt>
   <trkpt lat="51.32508000000001" lon="5.452140000000001">
    <ele>27.39</ele>
   </trkpt>
   <trkpt lat="51.3245650000974" lon="5.452285001626027">
    <ele>27.500000000000004</ele>
   </trkpt>
   <trkpt lat="51.32405000000001" lon="5.4524300000000006">
    <ele>27.930000000000003</ele>
   </trkpt>
   <trkpt lat="51.32394000000001" lon="5.45251">
    <ele>27.930000000000003</ele>
   </trkpt>
   <trkpt lat="51.32385000000001" lon="5.452590000000001">
    <ele>27.94</ele>
   </trkpt>
   <trkpt lat="51.32385000000001" lon="5.4526">
    <ele>27.94</ele>
   </trkpt>
   <trkpt lat="51.32363" lon="5.4528300000000005">
    <ele>27.950000000000003</ele>
   </trkpt>
   <trkpt lat="51.3228" lon="5.4532300000000005">
    <ele>27.110000000000003</ele>
   </trkpt>
   <trkpt lat="51.3222" lon="5.453720000000001">
    <ele>27.080000000000002</ele>
   </trkpt>
   <trkpt lat="51.32175" lon="5.454040000000001">
    <ele>27.13</ele>
   </trkpt>
   <trkpt lat="51.321630000000006" lon="5.4541">
    <ele>27.32</ele>
   </trkpt>
   <trkpt lat="51.321400000000004" lon="5.454070000000001">
    <ele>27.340000000000003</ele>
   </trkpt>
   <trkpt lat="51.321340000000006" lon="5.4541">
    <ele>27.31</ele>
   </trkpt>
   <trkpt lat="51.320980000000006" lon="5.45464">
    <ele>27.06</ele>
   </trkpt>
   <trkpt lat="51.32053000063823" lon="5.455050004092906">
    <ele>27.1</ele>
   </trkpt>
   <trkpt lat="51.320080000000004" lon="5.45546">
    <ele>27.430000000000003</ele>
   </trkpt>
   <trkpt lat="51.31971000000001" lon="5.45575">
    <ele>27.49</ele>
   </trkpt>
   <trkpt lat="51.31936" lon="5.45572">
    <ele>27.23</ele>
   </trkpt>
   <trkpt lat="51.3186" lon="5.45556">
    <ele>27.540000000000003</ele>
   </trkpt>
   <trkpt lat="51.318580000000004" lon="5.455570000000001">
    <ele>27.560000000000002</ele>
   </trkpt>
   <trkpt lat="51.31828" lon="5.4558100000000005">
    <ele>28.240000000000002</ele>
   </trkpt>
   <trkpt lat="51.31805000000001" lon="5.45568">
    <ele>28.32</ele>
   </trkpt>
   <trkpt lat="51.31794000000001" lon="5.45565">
    <ele>28.270000000000003</ele>
   </trkpt>
   <trkpt lat="51.317690000000006" lon="5.4556700000000005">
    <ele>28.44</ele>
   </trkpt>
   <trkpt lat="51.31727000000001" lon="5.455850000000001">
    <ele>28.970000000000002</ele>
   </trkpt>
   <trkpt lat="51.316700000000004" lon="5.45596">
    <ele>29.18</ele>
   </trkpt>
   <trkpt lat="51.31656" lon="5.45593">
    <ele>29.1</ele>
   </trkpt>
   <trkpt lat="51.316410000000005" lon="5.455850000000001">
    <ele>29.110000000000003</ele>
   </trkpt>
   <trkpt lat="51.31615000000001" lon="5.45544">
    <ele>29.27</ele>
   </trkpt>
   <trkpt lat="51.316010000000006" lon="5.455260000000001">
    <ele>29.41</ele>
   </trkpt>
   <trkpt lat="51.315920000000006" lon="5.45521">
    <ele>29.52</ele>
   </trkpt>
   <trkpt lat="51.315740000000005" lon="5.455150000000001">
    <ele>29.68</ele>
   </trkpt>
   <trkpt lat="51.31553" lon="5.455220000000001">
    <ele>30.46</ele>
   </trkpt>
   <trkpt lat="51.31544" lon="5.45523">
    <ele>30.46</ele>
   </trkpt>
   <trkpt lat="51.315290000000005" lon="5.45518">
    <ele>30.740000000000002</ele>
   </trkpt>
   <trkpt lat="51.31517" lon="5.45502">
    <ele>30.85</ele>
   </trkpt>
   <trkpt lat="51.315090000000005" lon="5.4548700000000006">
    <ele>30.820000000000004</ele>
   </trkpt>
   <trkpt lat="51.314960000000006" lon="5.454700000000001">
    <ele>30.430000000000003</ele>
   </trkpt>
   <trkpt lat="51.31476000000001" lon="5.45455">
    <ele>29.57</ele>
   </trkpt>
   <trkpt lat="51.31414500012171" lon="5.454324996949606">
    <ele>28.82</ele>
   </trkpt>
   <trkpt lat="51.31353000000001" lon="5.4541">
    <ele>29.640000000000004</ele>
   </trkpt>
   <trkpt lat="51.31313" lon="5.453200000000001">
    <ele>29.310000000000002</ele>
   </trkpt>
   <trkpt lat="51.31311" lon="5.453220000000001">
    <ele>29.36</ele>
   </trkpt>
   <trkpt lat="51.312870000000004" lon="5.4526">
    <ele>29.300000000000004</ele>
   </trkpt>
   <trkpt lat="51.312810000000006" lon="5.4520800000000005">
    <ele>29.09</ele>
   </trkpt>
   <trkpt lat="51.31230500456899" lon="5.451034988331386">
    <ele>29.1</ele>
   </trkpt>
   <trkpt lat="51.311800000000005" lon="5.449990000000001">
    <ele>29.240000000000002</ele>
   </trkpt>
   <trkpt lat="51.31156000000001" lon="5.449560000000001">
    <ele>29.290000000000003</ele>
   </trkpt>
   <trkpt lat="51.3110650005185" lon="5.449229996476498">
    <ele>29.450000000000003</ele>
   </trkpt>
   <trkpt lat="51.310570000000006" lon="5.4489">
    <ele>29.77</ele>
   </trkpt>
   <trkpt lat="51.31022" lon="5.4487000000000005">
    <ele>29.540000000000003</ele>
   </trkpt>
   <trkpt lat="51.309870000000004" lon="5.44847">
    <ele>29.540000000000003</ele>
   </trkpt>
   <trkpt lat="51.30943500288768" lon="5.447654992385383">
    <ele>29.650000000000002</ele>
   </trkpt>
   <trkpt lat="51.309000000000005" lon="5.446840000000001">
    <ele>30.18</ele>
   </trkpt>
   <trkpt lat="51.30894000000001" lon="5.44679">
    <ele>30.130000000000003</ele>
   </trkpt>
   <trkpt lat="51.30888" lon="5.44678">
    <ele>30.130000000000003</ele>
   </trkpt>
   <trkpt lat="51.30824000005732" lon="5.446825000624177">
    <ele>29.94</ele>
   </trkpt>
   <trkpt lat="51.3076" lon="5.4468700000000005">
    <ele>30.17</ele>
   </trkpt>
   <trkpt lat="51.307430000000004" lon="5.446770000000001">
    <ele>30.230000000000004</ele>
   </trkpt>
   <trkpt lat="51.306560000000005" lon="5.44672">
    <ele>30.46</ele>
   </trkpt>
   <trkpt lat="51.306160000000006" lon="5.44688">
    <ele>30.09</ele>
   </trkpt>
   <trkpt lat="51.30563" lon="5.447150000000001">
    <ele>30.080000000000002</ele>
   </trkpt>
   <trkpt lat="51.304790000000004" lon="5.44754">
    <ele>30.320000000000004</ele>
   </trkpt>
   <trkpt lat="51.304520000000004" lon="5.44768">
    <ele>30.18</ele>
   </trkpt>
   <trkpt lat="51.30435000000001" lon="5.44775">
    <ele>29.95</ele>
   </trkpt>
   <trkpt lat="51.30395000000001" lon="5.44775">
    <ele>29.640000000000004</ele>
   </trkpt>
   <trkpt lat="51.30328" lon="5.447710000000001">
    <ele>29.890000000000004</ele>
   </trkpt>
   <trkpt lat="51.30310000000001" lon="5.447760000000001">
    <ele>29.890000000000004</ele>
   </trkpt>
   <trkpt lat="51.30258000028863" lon="5.448005002760133">
    <ele>29.6</ele>
   </trkpt>
   <trkpt lat="51.302060000000004" lon="5.448250000000001">
    <ele>29.77</ele>
   </trkpt>
   <trkpt lat="51.301950000000005" lon="5.44829">
    <ele>29.77</ele>
   </trkpt>
   <trkpt lat="51.30171000000001" lon="5.44824">
    <ele>29.78</ele>
   </trkpt>
   <trkpt lat="51.301075000461225" lon="5.44791999558575">
    <ele>29.830000000000002</ele>
   </trkpt>
   <trkpt lat="51.30044" lon="5.4476">
    <ele>29.820000000000004</ele>
   </trkpt>
   <trkpt lat="51.300380000000004" lon="5.4476">
    <ele>29.820000000000004</ele>
   </trkpt>
   <trkpt lat="51.3004" lon="5.44754">
    <ele>29.280000000000005</ele>
   </trkpt>
   <trkpt lat="51.300250000000005" lon="5.44756">
    <ele>29.280000000000005</ele>
   </trkpt>
   <trkpt lat="51.30013" lon="5.4476">
    <ele>29.41</ele>
   </trkpt>
   <trkpt lat="51.29963000000001" lon="5.44794">
    <ele>29.810000000000002</ele>
   </trkpt>
   <trkpt lat="51.299530000000004" lon="5.44796">
    <ele>30.12</ele>
   </trkpt>
   <trkpt lat="51.29946" lon="5.44812">
    <ele>30.160000000000004</ele>
   </trkpt>
   <trkpt lat="51.29896666913942" lon="5.448666678496919">
    <ele>30.17</ele>
   </trkpt>
   <trkpt lat="51.29847333573363" lon="5.449213345243682">
    <ele>30.02</ele>
   </trkpt>
   <trkpt lat="51.29798" lon="5.44976">
    <ele>29.86</ele>
   </trkpt>
   <trkpt lat="51.29737" lon="5.4506000000000006">
    <ele>29.960000000000004</ele>
   </trkpt>
   <trkpt lat="51.297290000000004" lon="5.450780000000001">
    <ele>29.650000000000002</ele>
   </trkpt>
   <trkpt lat="51.297160000000005" lon="5.45122">
    <ele>29.42</ele>
   </trkpt>
   <trkpt lat="51.296940003315626" lon="5.452100004145348">
    <ele>29.200000000000003</ele>
   </trkpt>
   <trkpt lat="51.29672000000001" lon="5.45298">
    <ele>29.330000000000002</ele>
   </trkpt>
   <trkpt lat="51.296690000000005" lon="5.45319">
    <ele>29.34</ele>
   </trkpt>
   <trkpt lat="51.296690000000005" lon="5.45317">
    <ele>29.34</ele>
   </trkpt>
   <trkpt lat="51.296600000000005" lon="5.453900000000001">
    <ele>29.620000000000005</ele>
   </trkpt>
   <trkpt lat="51.29661" lon="5.454160000000001">
    <ele>29.990000000000002</ele>
   </trkpt>
   <trkpt lat="51.296670000000006" lon="5.45432">
    <ele>29.78</ele>
   </trkpt>
   <trkpt lat="51.29684" lon="5.45457">
    <ele>29.650000000000002</ele>
   </trkpt>
   <trkpt lat="51.29724500101493" lon="5.455054995737124">
    <ele>29.51</ele>
   </trkpt>
   <trkpt lat="51.297650000000004" lon="5.45554">
    <ele>29.59</ele>
   </trkpt>
   <trkpt lat="51.29782" lon="5.4558100000000005">
    <ele>29.7</ele>
   </trkpt>
   <trkpt lat="51.297900000000006" lon="5.45612">
    <ele>29.7</ele>
   </trkpt>
   <trkpt lat="51.29793" lon="5.456340000000001">
    <ele>29.67</ele>
   </trkpt>
   <trkpt lat="51.29797000000001" lon="5.4572400000000005">
    <ele>29.87</ele>
   </trkpt>
   <trkpt lat="51.29798" lon="5.4584600000000005">
    <ele>29.84</ele>
   </trkpt>
   <trkpt lat="51.29802" lon="5.45868">
    <ele>30.070000000000004</ele>
   </trkpt>
   <trkpt lat="51.298230000000004" lon="5.4591">
    <ele>30.070000000000004</ele>
   </trkpt>
   <trkpt lat="51.29834" lon="5.4594700000000005">
    <ele>30.060000000000002</ele>
   </trkpt>
   <trkpt lat="51.2985100020162" lon="5.460164997259981">
    <ele>29.800000000000004</ele>
   </trkpt>
   <trkpt lat="51.298680000000004" lon="5.46086">
    <ele>29.93</ele>
   </trkpt>
   <trkpt lat="51.29912333780525" lon="5.461579986185203">
    <ele>29.84</ele>
   </trkpt>
   <trkpt lat="51.299566671195606" lon="5.462299986277623">
    <ele>29.69</ele>
   </trkpt>
   <trkpt lat="51.30001000000001" lon="5.46302">
    <ele>29.810000000000002</ele>
   </trkpt>
   <trkpt lat="51.300070000000005" lon="5.463150000000001">
    <ele>29.810000000000002</ele>
   </trkpt>
   <trkpt lat="51.300110000000004" lon="5.463290000000001">
    <ele>29.910000000000004</ele>
   </trkpt>
   <trkpt lat="51.30013" lon="5.463570000000001">
    <ele>30.03</ele>
   </trkpt>
   <trkpt lat="51.300105004779844" lon="5.464630000777057">
    <ele>29.910000000000004</ele>
   </trkpt>
   <trkpt lat="51.30008" lon="5.46569">
    <ele>29.78</ele>
   </trkpt>
   <trkpt lat="51.30008" lon="5.465700000000001">
    <ele>29.78</ele>
   </trkpt>
   <trkpt lat="51.30006" lon="5.46647">
    <ele>30.09</ele>
   </trkpt>
   <trkpt lat="51.30001000000001" lon="5.466920000000001">
    <ele>30.130000000000003</ele>
   </trkpt>
   <trkpt lat="51.29993" lon="5.46698">
    <ele>30.18</ele>
   </trkpt>
   <trkpt lat="51.2999" lon="5.46703">
    <ele>30.18</ele>
   </trkpt>
   <trkpt lat="51.299890000000005" lon="5.467180000000001">
    <ele>30.18</ele>
   </trkpt>
   <trkpt lat="51.29994000000001" lon="5.467300000000001">
    <ele>30.27</ele>
   </trkpt>
   <trkpt lat="51.299980000000005" lon="5.4673300000000005">
    <ele>30.27</ele>
   </trkpt>
   <trkpt lat="51.30004" lon="5.467720000000001">
    <ele>30.220000000000002</ele>
   </trkpt>
   <trkpt lat="51.30010000000001" lon="5.4679">
    <ele>30.11</ele>
   </trkpt>
   <trkpt lat="51.30022" lon="5.468170000000001">
    <ele>29.980000000000004</ele>
   </trkpt>
   <trkpt lat="51.30035" lon="5.468680000000001">
    <ele>29.85</ele>
   </trkpt>
   <trkpt lat="51.30056643231678" lon="5.469949940141526">
    <ele>29.990000000000002</ele>
   </trkpt>
   <trkpt lat="51.30078285089857" lon="5.471219892258597">
    <ele>30.390000000000004</ele>
   </trkpt>
   <trkpt lat="51.30099925574511" lon="5.472489856350662">
    <ele>30.18</ele>
   </trkpt>
   <trkpt lat="51.301215646856186" lon="5.473759832417165">
    <ele>29.980000000000004</ele>
   </trkpt>
   <trkpt lat="51.301432024231545" lon="5.475029820457552">
    <ele>29.7</ele>
   </trkpt>
   <trkpt lat="51.30164838787095" lon="5.476299820471269">
    <ele>29.66</ele>
   </trkpt>
   <trkpt lat="51.301864737774174" lon="5.47756983245776">
    <ele>29.460000000000004</ele>
   </trkpt>
   <trkpt lat="51.302081073940975" lon="5.478839856416472">
    <ele>29.280000000000005</ele>
   </trkpt>
   <trkpt lat="51.30229739637113" lon="5.480109892346849">
    <ele>28.96</ele>
   </trkpt>
   <trkpt lat="51.30251370506438" lon="5.481379940248337">
    <ele>28.82</ele>
   </trkpt>
   <trkpt lat="51.302730000000004" lon="5.4826500000000005">
    <ele>28.700000000000003</ele>
   </trkpt>
   <trkpt lat="51.302886674244355" lon="5.483593326888861">
    <ele>28.580000000000002</ele>
   </trkpt>
   <trkpt lat="51.303043340910314" lon="5.484536660217763">
    <ele>28.600000000000005</ele>
   </trkpt>
   <trkpt lat="51.303200000000004" lon="5.485480000000001">
    <ele>29.300000000000004</ele>
   </trkpt>
   <trkpt lat="51.303200000000004" lon="5.4856300000000005">
    <ele>29.32</ele>
   </trkpt>
   <trkpt lat="51.30294000000001" lon="5.48629">
    <ele>29.210000000000004</ele>
   </trkpt>
   <trkpt lat="51.30246000561925" lon="5.487435011886687">
    <ele>28.89</ele>
   </trkpt>
   <trkpt lat="51.30198000000001" lon="5.488580000000001">
    <ele>29.17</ele>
   </trkpt>
   <trkpt lat="51.30191000000001" lon="5.48869">
    <ele>29.380000000000003</ele>
   </trkpt>
   <trkpt lat="51.301790000000004" lon="5.48883">
    <ele>29.39</ele>
   </trkpt>
   <trkpt lat="51.30108750453531" lon="5.489425027308024">
    <ele>29.300000000000004</ele>
   </trkpt>
   <trkpt lat="51.30038500605541" lon="5.490020036402923">
    <ele>29.53</ele>
   </trkpt>
   <trkpt lat="51.29968250456049" lon="5.490615027285629">
    <ele>30.340000000000003</ele>
   </trkpt>
   <trkpt lat="51.29898000000001" lon="5.491210000000001">
    <ele>30.240000000000002</ele>
   </trkpt>
   <trkpt lat="51.29819667055367" lon="5.491883356290682">
    <ele>29.970000000000002</ele>
   </trkpt>
   <trkpt lat="51.297413337246" lon="5.492556689601472">
    <ele>30.19</ele>
   </trkpt>
   <trkpt lat="51.29663000000001" lon="5.4932300000000005">
    <ele>30.560000000000002</ele>
   </trkpt>
   <trkpt lat="51.295922009220874" lon="5.4939660454076575">
    <ele>30.750000000000004</ele>
   </trkpt>
   <trkpt lat="51.29521401382782" lon="5.494702068113711">
    <ele>30.61</ele>
   </trkpt>
   <trkpt lat="51.294506013821106" lon="5.495438068119288">
    <ele>30.770000000000003</ele>
   </trkpt>
   <trkpt lat="51.293798009201" lon="5.496174045425517">
    <ele>30.7</ele>
   </trkpt>
   <trkpt lat="51.29309000000001" lon="5.496910000000001">
    <ele>30.8</ele>
   </trkpt>
   <trkpt lat="51.29309000000001" lon="5.49692">
    <ele>30.810000000000002</ele>
   </trkpt>
   <trkpt lat="51.292476670156105" lon="5.497556683637331">
    <ele>31.080000000000002</ele>
   </trkpt>
   <trkpt lat="51.29186333685982" lon="5.498193350265251">
    <ele>31.03</ele>
   </trkpt>
   <trkpt lat="51.291250000000005" lon="5.498830000000001">
    <ele>31.020000000000003</ele>
   </trkpt>
   <trkpt lat="51.2912" lon="5.4989300000000005">
    <ele>31.060000000000002</ele>
   </trkpt>
   <trkpt lat="51.291180000000004" lon="5.49903">
    <ele>31.060000000000002</ele>
   </trkpt>
   <trkpt lat="51.29124" lon="5.499250000000001">
    <ele>31.000000000000004</ele>
   </trkpt>
   <trkpt lat="51.29155000153224" lon="5.499849995947556">
    <ele>30.820000000000004</ele>
   </trkpt>
   <trkpt lat="51.29186000000001" lon="5.500450000000001">
    <ele>31.020000000000003</ele>
   </trkpt>
   <trkpt lat="51.291970000000006" lon="5.500710000000001">
    <ele>31.1</ele>
   </trkpt>
   <trkpt lat="51.29205" lon="5.501">
    <ele>31.1</ele>
   </trkpt>
   <trkpt lat="51.292080000000006" lon="5.50129">
    <ele>31.1</ele>
   </trkpt>
   <trkpt lat="51.292080000000006" lon="5.50161">
    <ele>31.240000000000002</ele>
   </trkpt>
   <trkpt lat="51.291980002344964" lon="5.502345001274363">
    <ele>31.360000000000007</ele>
   </trkpt>
   <trkpt lat="51.291880000000006" lon="5.503080000000001">
    <ele>31.57</ele>
   </trkpt>
   <trkpt lat="51.291702521187005" lon="5.504367514862819">
    <ele>31.43</ele>
   </trkpt>
   <trkpt lat="51.291525028255464" lon="5.505655019772079">
    <ele>31.330000000000002</ele>
   </trkpt>
   <trkpt lat="51.29134752120561" lon="5.506942514727126">
    <ele>30.910000000000004</ele>
   </trkpt>
   <trkpt lat="51.29117" lon="5.50823">
    <ele>30.660000000000004</ele>
   </trkpt>
   <trkpt lat="51.29117" lon="5.50872">
    <ele>30.750000000000004</ele>
   </trkpt>
   <trkpt lat="51.29122" lon="5.5091">
    <ele>30.76</ele>
   </trkpt>
   <trkpt lat="51.291290000000004" lon="5.50938">
    <ele>30.76</ele>
   </trkpt>
   <trkpt lat="51.291550002235255" lon="5.5101149956534945">
    <ele>30.570000000000004</ele>
   </trkpt>
   <trkpt lat="51.291810000000005" lon="5.5108500000000005">
    <ele>30.62</ele>
   </trkpt>
   <trkpt lat="51.2918" lon="5.5108500000000005">
    <ele>30.62</ele>
   </trkpt>
   <trkpt lat="51.29223" lon="5.512040000000001">
    <ele>30.85</ele>
   </trkpt>
   <trkpt lat="51.29229" lon="5.51229">
    <ele>30.85</ele>
   </trkpt>
   <trkpt lat="51.29231000000001" lon="5.512490000000001">
    <ele>30.950000000000003</ele>
   </trkpt>
   <trkpt lat="51.292320000000004" lon="5.512720000000001">
    <ele>31.070000000000004</ele>
   </trkpt>
   <trkpt lat="51.29229" lon="5.513050000000001">
    <ele>31.070000000000004</ele>
   </trkpt>
   <trkpt lat="51.29213000000001" lon="5.51353">
    <ele>31.22</ele>
   </trkpt>
   <trkpt lat="51.292080000000006" lon="5.51362">
    <ele>31.22</ele>
   </trkpt>
   <trkpt lat="51.29187" lon="5.5139000000000005">
    <ele>31.240000000000002</ele>
   </trkpt>
   <trkpt lat="51.29173" lon="5.514">
    <ele>31.230000000000004</ele>
   </trkpt>
   <trkpt lat="51.29105666778873" lon="5.514366677432817">
    <ele>31.330000000000002</ele>
   </trkpt>
   <trkpt lat="51.29038333443233" lon="5.514733344111842">
    <ele>31.42</ele>
   </trkpt>
   <trkpt lat="51.28971000000001" lon="5.5151">
    <ele>31.61</ele>
   </trkpt>
   <trkpt lat="51.28936" lon="5.51539">
    <ele>31.55</ele>
   </trkpt>
   <trkpt lat="51.289120000000004" lon="5.515650000000001">
    <ele>31.55</ele>
   </trkpt>
   <trkpt lat="51.28848202459025" lon="5.51645110015678">
    <ele>31.66</ele>
   </trkpt>
   <trkpt lat="51.28784404371462" lon="5.517252178054815">
    <ele>31.78</ele>
   </trkpt>
   <trkpt lat="51.28720605737338" lon="5.518053233695045">
    <ele>31.810000000000006</ele>
   </trkpt>
   <trkpt lat="51.286568065566804" lon="5.518854267078403">
    <ele>31.8</ele>
   </trkpt>
   <trkpt lat="51.285930068295166" lon="5.5196552782058275">
    <ele>31.93</ele>
   </trkpt>
   <trkpt lat="51.28529206555876" lon="5.5204562670782495">
    <ele>32.18</ele>
   </trkpt>
   <trkpt lat="51.28465405735783" lon="5.521257233696609">
    <ele>32.150000000000006</ele>
   </trkpt>
   <trkpt lat="51.28401604369268" lon="5.52205817806184">
    <ele>32.260000000000005</ele>
   </trkpt>
   <trkpt lat="51.283378024563575" lon="5.522859100174877">
    <ele>32.269999999999996</ele>
   </trkpt>
   <trkpt lat="51.282740000000004" lon="5.5236600000000005">
    <ele>32.35</ele>
   </trkpt>
   <trkpt lat="51.28238" lon="5.52411">
    <ele>32.32</ele>
   </trkpt>
   <trkpt lat="51.2822" lon="5.524310000000001">
    <ele>32.32</ele>
   </trkpt>
   <trkpt lat="51.282070000000004" lon="5.524400000000001">
    <ele>32.34</ele>
   </trkpt>
   <trkpt lat="51.281870000000005" lon="5.5244800000000005">
    <ele>32.53</ele>
   </trkpt>
   <trkpt lat="51.281760000000006" lon="5.52449">
    <ele>32.53</ele>
   </trkpt>
   <trkpt lat="51.28152000000001" lon="5.52444">
    <ele>32.67</ele>
   </trkpt>
   <trkpt lat="51.281400000000005" lon="5.52437">
    <ele>32.61</ele>
   </trkpt>
   <trkpt lat="51.28121" lon="5.52418">
    <ele>32.690000000000005</ele>
   </trkpt>
   <trkpt lat="51.2811" lon="5.52402">
    <ele>32.660000000000004</ele>
   </trkpt>
   <trkpt lat="51.280696671609675" lon="5.523259986696999">
    <ele>32.760000000000005</ele>
   </trkpt>
   <trkpt lat="51.28029333829941" lon="5.522499986740637">
    <ele>33.02</ele>
   </trkpt>
   <trkpt lat="51.27989" lon="5.52174">
    <ele>33.300000000000004</ele>
   </trkpt>
   <trkpt lat="51.279770000000006" lon="5.5215700000000005">
    <ele>33.300000000000004</ele>
   </trkpt>
   <trkpt lat="51.27957000000001" lon="5.521380000000001">
    <ele>33.330000000000005</ele>
   </trkpt>
   <trkpt lat="51.27947" lon="5.521330000000001">
    <ele>33.330000000000005</ele>
   </trkpt>
   <trkpt lat="51.278740000000006" lon="5.521190000000001">
    <ele>33.050000000000004</ele>
   </trkpt>
   <trkpt lat="51.278360000000006" lon="5.52118">
    <ele>33.150000000000006</ele>
   </trkpt>
   <trkpt lat="51.27823" lon="5.5212200000000005">
    <ele>33.09</ele>
   </trkpt>
   <trkpt lat="51.27753250123017" lon="5.521530014119096">
    <ele>32.59</ele>
   </trkpt>
   <trkpt lat="51.27683500164173" lon="5.521840018824446">
    <ele>32.330000000000005</ele>
   </trkpt>
   <trkpt lat="51.2761375012347" lon="5.522150014116557">
    <ele>32.17</ele>
   </trkpt>
   <trkpt lat="51.27544" lon="5.522460000000001">
    <ele>32.54</ele>
   </trkpt>
   <trkpt lat="51.27465750089073" lon="5.522722513408785">
    <ele>32.470000000000006</ele>
   </trkpt>
   <trkpt lat="51.27387500119446" lon="5.522985017875718">
    <ele>32.760000000000005</ele>
   </trkpt>
   <trkpt lat="51.27309250091124" lon="5.523247513401349">
    <ele>33.07</ele>
   </trkpt>
   <trkpt lat="51.272310000000004" lon="5.523510000000001">
    <ele>33.22</ele>
   </trkpt>
   <trkpt lat="51.2716966670623" lon="5.523726672452339">
    <ele>33.27</ele>
   </trkpt>
   <trkpt lat="51.27108333372469" lon="5.523943339120419">
    <ele>33.65</ele>
   </trkpt>
   <trkpt lat="51.27047" lon="5.52416">
    <ele>33.81</ele>
   </trkpt>
   <trkpt lat="51.26985999989372" lon="5.52436000274564">
    <ele>33.93</ele>
   </trkpt>
   <trkpt lat="51.26925000000001" lon="5.52456">
    <ele>34.15</ele>
   </trkpt>
   <trkpt lat="51.268765000115565" lon="5.524680001253067">
    <ele>34.25</ele>
   </trkpt>
   <trkpt lat="51.268280000000004" lon="5.524800000000001">
    <ele>34.190000000000005</ele>
   </trkpt>
   <trkpt lat="51.267450000000004" lon="5.52498">
    <ele>33.85</ele>
   </trkpt>
   <trkpt lat="51.26747" lon="5.52498">
    <ele>33.86</ele>
   </trkpt>
   <trkpt lat="51.26668500004081" lon="5.525150002921601">
    <ele>33.75</ele>
   </trkpt>
   <trkpt lat="51.2659" lon="5.525320000000001">
    <ele>33.830000000000005</ele>
   </trkpt>
   <trkpt lat="51.265710000000006" lon="5.525320000000001">
    <ele>33.830000000000005</ele>
   </trkpt>
   <trkpt lat="51.26547000000001" lon="5.52526">
    <ele>33.830000000000005</ele>
   </trkpt>
   <trkpt lat="51.265260000000005" lon="5.525080000000001">
    <ele>33.96</ele>
   </trkpt>
   <trkpt lat="51.26502000000001" lon="5.52474">
    <ele>33.96</ele>
   </trkpt>
   <trkpt lat="51.26484000000001" lon="5.524570000000001">
    <ele>34.080000000000005</ele>
   </trkpt>
   <trkpt lat="51.26437000051166" lon="5.52425499683846">
    <ele>33.800000000000004</ele>
   </trkpt>
   <trkpt lat="51.26390000000001" lon="5.5239400000000005">
    <ele>33.75</ele>
   </trkpt>
   <trkpt lat="51.263720000000006" lon="5.523790000000001">
    <ele>33.870000000000005</ele>
   </trkpt>
   <trkpt lat="51.26303000000001" lon="5.522900000000001">
    <ele>33.72</ele>
   </trkpt>
   <trkpt lat="51.262840000000004" lon="5.52268">
    <ele>33.7</ele>
   </trkpt>
   <trkpt lat="51.2624050004309" lon="5.522314996431098">
    <ele>33.81</ele>
   </trkpt>
   <trkpt lat="51.261970000000005" lon="5.52195">
    <ele>34.13</ele>
   </trkpt>
   <trkpt lat="51.26137000000001" lon="5.52127">
    <ele>33.85</ele>
   </trkpt>
   <trkpt lat="51.260920000819716" lon="5.520839995821119">
    <ele>33.89</ele>
   </trkpt>
   <trkpt lat="51.260470000000005" lon="5.52041">
    <ele>33.81</ele>
   </trkpt>
   <trkpt lat="51.25976000000001" lon="5.51961">
    <ele>34.04</ele>
   </trkpt>
   <trkpt lat="51.25916333916809" lon="5.5187833118917">
    <ele>34.15</ele>
   </trkpt>
   <trkpt lat="51.25856667251421" lon="5.517956645243137">
    <ele>34.46</ele>
   </trkpt>
   <trkpt lat="51.25797000000001" lon="5.517130000000001">
    <ele>34.34</ele>
   </trkpt>
   <trkpt lat="51.257490000000004" lon="5.516360000000001">
    <ele>34.45</ele>
   </trkpt>
   <trkpt lat="51.25718500123114" lon="5.51579499601328">
    <ele>34.75</ele>
   </trkpt>
   <trkpt lat="51.25688" lon="5.515230000000001">
    <ele>34.60000000000001</ele>
   </trkpt>
   <trkpt lat="51.25677" lon="5.51489">
    <ele>34.660000000000004</ele>
   </trkpt>
   <trkpt lat="51.25672" lon="5.514460000000001">
    <ele>34.67</ele>
   </trkpt>
   <trkpt lat="51.25672" lon="5.51424">
    <ele>34.67</ele>
   </trkpt>
   <trkpt lat="51.256825002334104" lon="5.513505001448211">
    <ele>34.800000000000004</ele>
   </trkpt>
   <trkpt lat="51.256930000000004" lon="5.512770000000001">
    <ele>35.03000000000001</ele>
   </trkpt>
   <trkpt lat="51.25699" lon="5.512110000000001">
    <ele>34.96</ele>
   </trkpt>
   <trkpt lat="51.25703501504444" lon="5.511025003169304">
    <ele>35.09</ele>
   </trkpt>
   <trkpt lat="51.25708002005973" lon="5.509940004214072">
    <ele>34.940000000000005</ele>
   </trkpt>
   <trkpt lat="51.25712501504587" lon="5.508855003134769">
    <ele>35.18</ele>
   </trkpt>
   <trkpt lat="51.25717" lon="5.507770000000001">
    <ele>35.17</ele>
   </trkpt>
   <trkpt lat="51.25719" lon="5.506950000000001">
    <ele>34.84</ele>
   </trkpt>
   <trkpt lat="51.257160000000006" lon="5.5066500000000005">
    <ele>34.84</ele>
   </trkpt>
   <trkpt lat="51.257000000000005" lon="5.506100000000001">
    <ele>34.5</ele>
   </trkpt>
   <trkpt lat="51.25659501647718" lon="5.504964970045659">
    <ele>33.74</ele>
   </trkpt>
   <trkpt lat="51.256190021979116" lon="5.503829960088348">
    <ele>34.120000000000005</ele>
   </trkpt>
   <trkpt lat="51.25578501650617" lon="5.502694970127972">
    <ele>34.24</ele>
   </trkpt>
   <trkpt lat="51.25538" lon="5.5015600000000004">
    <ele>34.230000000000004</ele>
   </trkpt>
   <trkpt lat="51.255370000000006" lon="5.501550000000001">
    <ele>34.24</ele>
   </trkpt>
   <trkpt lat="51.25507" lon="5.5006900000000005">
    <ele>34.760000000000005</ele>
   </trkpt>
   <trkpt lat="51.255" lon="5.50058">
    <ele>34.83</ele>
   </trkpt>
   <trkpt lat="51.25493" lon="5.500570000000001">
    <ele>34.83</ele>
   </trkpt>
   <trkpt lat="51.25445000028021" lon="5.500840002835841">
    <ele>34.980000000000004</ele>
   </trkpt>
   <trkpt lat="51.25397" lon="5.501110000000001">
    <ele>35.69</ele>
   </trkpt>
   <trkpt lat="51.25386" lon="5.501110000000001">
    <ele>36.29</ele>
   </trkpt>
   <trkpt lat="51.25392" lon="5.4998700000000005">
    <ele>35.57</ele>
   </trkpt>
   <trkpt lat="51.253890000000006" lon="5.499440000000001">
    <ele>35.5</ele>
   </trkpt>
   <trkpt lat="51.2537675166112" lon="5.498299990917568">
    <ele>35.480000000000004</ele>
   </trkpt>
   <trkpt lat="51.25364502215027" lon="5.497159987909193">
    <ele>35.370000000000005</ele>
   </trkpt>
   <trkpt lat="51.253522516617366" lon="5.496019990975365">
    <ele>35.26</ele>
   </trkpt>
   <trkpt lat="51.253400000000006" lon="5.49488">
    <ele>34.81</ele>
   </trkpt>
   <trkpt lat="51.25347000000001" lon="5.49453">
    <ele>34.660000000000004</ele>
   </trkpt>
   <trkpt lat="51.253810003099" lon="5.493680006232267">
    <ele>34.63</ele>
   </trkpt>
   <trkpt lat="51.25415" lon="5.4928300000000005">
    <ele>34.32</ele>
   </trkpt>
   <trkpt lat="51.25424" lon="5.492540000000001">
    <ele>34.31</ele>
   </trkpt>
   <trkpt lat="51.25451001193991" lon="5.491356680519754">
    <ele>34.03</ele>
   </trkpt>
   <trkpt lat="51.2547800119503" lon="5.490173347141122">
    <ele>33.89</ele>
   </trkpt>
   <trkpt lat="51.255050000000004" lon="5.48899">
    <ele>34.46</ele>
   </trkpt>
   <trkpt lat="51.254745005069374" lon="5.487899992799121">
    <ele>34.300000000000004</ele>
   </trkpt>
   <trkpt lat="51.25444" lon="5.48681">
    <ele>34.63</ele>
   </trkpt>
   <trkpt lat="51.25444" lon="5.486800000000001">
    <ele>34.63</ele>
   </trkpt>
   <trkpt lat="51.2541050057345" lon="5.4856399915570275">
    <ele>34.940000000000005</ele>
   </trkpt>
   <trkpt lat="51.25377" lon="5.4844800000000005">
    <ele>35.17</ele>
   </trkpt>
   <trkpt lat="51.25383" lon="5.48444">
    <ele>35.22</ele>
   </trkpt>
   <trkpt lat="51.25386" lon="5.48435">
    <ele>35.22</ele>
   </trkpt>
   <trkpt lat="51.253870000000006" lon="5.48425">
    <ele>35.22</ele>
   </trkpt>
   <trkpt lat="51.25383" lon="5.484120000000001">
    <ele>35.190000000000005</ele>
   </trkpt>
   <trkpt lat="51.25377" lon="5.484070000000001">
    <ele>35.190000000000005</ele>
   </trkpt>
   <trkpt lat="51.25405500420392" lon="5.483075006214252">
    <ele>35.18</ele>
   </trkpt>
   <trkpt lat="51.254340000000006" lon="5.482080000000001">
    <ele>35.29</ele>
   </trkpt>
   <trkpt lat="51.2546" lon="5.4811700000000005">
    <ele>35.51</ele>
   </trkpt>
   <trkpt lat="51.25475" lon="5.48054">
    <ele>35.49</ele>
   </trkpt>
   <trkpt lat="51.25482" lon="5.48003">
    <ele>35.54</ele>
   </trkpt>
   <trkpt lat="51.25489" lon="5.479290000000001">
    <ele>35.620000000000005</ele>
   </trkpt>
   <trkpt lat="51.25495" lon="5.47916">
    <ele>35.620000000000005</ele>
   </trkpt>
   <trkpt lat="51.25502" lon="5.479080000000001">
    <ele>35.620000000000005</ele>
   </trkpt>
   <trkpt lat="51.25508000000001" lon="5.47907">
    <ele>35.52</ele>
   </trkpt>
   <trkpt lat="51.25542" lon="5.479170000000001">
    <ele>35.53000000000001</ele>
   </trkpt>
   <trkpt lat="51.25545" lon="5.478870000000001">
    <ele>35.56</ele>
   </trkpt>
   <trkpt lat="51.25515000000001" lon="5.47885">
    <ele>35.63</ele>
   </trkpt>
   <trkpt lat="51.25513" lon="5.47885">
    <ele>35.64000000000001</ele>
   </trkpt>
   <trkpt lat="51.254920000000006" lon="5.478840000000001">
    <ele>35.68</ele>
   </trkpt>
   <trkpt lat="51.254830000000005" lon="5.478800000000001">
    <ele>35.68</ele>
   </trkpt>
   <trkpt lat="51.25457" lon="5.47876">
    <ele>35.7</ele>
   </trkpt>
   <trkpt lat="51.254400000000004" lon="5.478820000000001">
    <ele>35.72</ele>
   </trkpt>
   <trkpt lat="51.25430000000001" lon="5.4789">
    <ele>35.78000000000001</ele>
   </trkpt>
   <trkpt lat="51.254200000000004" lon="5.478680000000001">
    <ele>35.57</ele>
   </trkpt>
   <trkpt lat="51.25419" lon="5.478470000000001">
    <ele>35.22</ele>
   </trkpt>
   <trkpt lat="51.254400000000004" lon="5.477410000000001">
    <ele>35.22</ele>
   </trkpt>
   <trkpt lat="51.25455" lon="5.476540000000001">
    <ele>34.800000000000004</ele>
   </trkpt>
   <trkpt lat="51.2546" lon="5.476260000000001">
    <ele>34.760000000000005</ele>
   </trkpt>
   <trkpt lat="51.25470000000001" lon="5.47501">
    <ele>34.67</ele>
   </trkpt>
   <trkpt lat="51.25464" lon="5.474970000000001">
    <ele>34.67</ele>
   </trkpt>
   <trkpt lat="51.25461000000001" lon="5.474900000000001">
    <ele>34.67</ele>
   </trkpt>
   <trkpt lat="51.2546" lon="5.4748">
    <ele>34.510000000000005</ele>
   </trkpt>
   <trkpt lat="51.25462" lon="5.4747200000000005">
    <ele>34.510000000000005</ele>
   </trkpt>
   <trkpt lat="51.25466" lon="5.4746500000000005">
    <ele>34.510000000000005</ele>
   </trkpt>
   <trkpt lat="51.25455" lon="5.474340000000001">
    <ele>34.36</ele>
   </trkpt>
   <trkpt lat="51.254450000000006" lon="5.474200000000001">
    <ele>34.36</ele>
   </trkpt>
   <trkpt lat="51.25432000000001" lon="5.47393">
    <ele>34.300000000000004</ele>
   </trkpt>
   <trkpt lat="51.25426" lon="5.473590000000001">
    <ele>34.300000000000004</ele>
   </trkpt>
   <trkpt lat="51.25426" lon="5.47337">
    <ele>34.300000000000004</ele>
   </trkpt>
   <trkpt lat="51.25428" lon="5.4732">
    <ele>34.43</ele>
   </trkpt>
   <trkpt lat="51.25435" lon="5.472980000000001">
    <ele>34.43</ele>
   </trkpt>
   <trkpt lat="51.25482" lon="5.47189">
    <ele>34.25</ele>
   </trkpt>
   <trkpt lat="51.25497000000001" lon="5.4716700000000005">
    <ele>34.25</ele>
   </trkpt>
   <trkpt lat="51.25551" lon="5.47111">
    <ele>34.13</ele>
   </trkpt>
   <trkpt lat="51.255630000000004" lon="5.4709">
    <ele>34.28</ele>
   </trkpt>
   <trkpt lat="51.25571000000001" lon="5.47064">
    <ele>34.28</ele>
   </trkpt>
   <trkpt lat="51.25573000000001" lon="5.47039">
    <ele>34.28</ele>
   </trkpt>
   <trkpt lat="51.25576" lon="5.469010000000001">
    <ele>34.45</ele>
   </trkpt>
   <trkpt lat="51.25576" lon="5.468990000000001">
    <ele>34.45</ele>
   </trkpt>
   <trkpt lat="51.25578" lon="5.46853">
    <ele>34.64</ele>
   </trkpt>
   <trkpt lat="51.25574" lon="5.46821">
    <ele>34.64</ele>
   </trkpt>
   <trkpt lat="51.25567" lon="5.46797">
    <ele>34.71</ele>
   </trkpt>
   <trkpt lat="51.25555000000001" lon="5.46773">
    <ele>34.71</ele>
   </trkpt>
   <trkpt lat="51.25547" lon="5.467630000000001">
    <ele>34.71</ele>
   </trkpt>
   <trkpt lat="51.255030000000005" lon="5.46719">
    <ele>34.940000000000005</ele>
   </trkpt>
   <trkpt lat="51.254402006671185" lon="5.466563965792421">
    <ele>35.14</ele>
   </trkpt>
   <trkpt lat="51.2537740100035" lon="5.465937948686296">
    <ele>35.25</ele>
   </trkpt>
   <trkpt lat="51.25314600999713" lon="5.465311948680867">
    <ele>35.4</ele>
   </trkpt>
   <trkpt lat="51.25251800665223" lon="5.464685965775374">
    <ele>35.4</ele>
   </trkpt>
   <trkpt lat="51.25189" lon="5.464060000000001">
    <ele>35.6</ele>
   </trkpt>
   <trkpt lat="51.25188000000001" lon="5.464060000000001">
    <ele>35.6</ele>
   </trkpt>
   <trkpt lat="51.251465000749704" lon="5.463619995949377">
    <ele>35.75</ele>
   </trkpt>
   <trkpt lat="51.251050000000006" lon="5.46318">
    <ele>35.84</ele>
   </trkpt>
   <trkpt lat="51.25037500574684" lon="5.462509970505318">
    <ele>36.06</ele>
   </trkpt>
   <trkpt lat="51.2497000076689" lon="5.46183996068094">
    <ele>36.50000000000001</ele>
   </trkpt>
   <trkpt lat="51.24902500576644" lon="5.4611699705259245">
    <ele>37.2</ele>
   </trkpt>
   <trkpt lat="51.24835" lon="5.460500000000001">
    <ele>37.38</ele>
   </trkpt>
   <trkpt lat="51.24822" lon="5.46035">
    <ele>37.45</ele>
   </trkpt>
   <trkpt lat="51.24812000000001" lon="5.4602">
    <ele>37.45</ele>
   </trkpt>
   <trkpt lat="51.24803000000001" lon="5.460000000000001">
    <ele>37.45</ele>
   </trkpt>
   <trkpt lat="51.247960000000006" lon="5.45978">
    <ele>37.39</ele>
   </trkpt>
   <trkpt lat="51.247890000000005" lon="5.459490000000001">
    <ele>37.39</ele>
   </trkpt>
   <trkpt lat="51.247636295850924" lon="5.458249952103451">
    <ele>37.35</ele>
   </trkpt>
   <trkpt lat="51.247382578600686" lon="5.457009917889058">
    <ele>37.540000000000006</ele>
   </trkpt>
   <trkpt lat="51.24712884824959" lon="5.455769897357252">
    <ele>37.58</ele>
   </trkpt>
   <trkpt lat="51.24687510479787" lon="5.454529890508466">
    <ele>37.95</ele>
   </trkpt>
   <trkpt lat="51.246621348245824" lon="5.453289897343131">
    <ele>38.27</ele>
   </trkpt>
   <trkpt lat="51.24636757859369" lon="5.452049917861677">
    <ele>38.540000000000006</ele>
   </trkpt>
   <trkpt lat="51.24611379584172" lon="5.450809952064535">
    <ele>38.400000000000006</ele>
   </trkpt>
   <trkpt lat="51.24586000000001" lon="5.4495700000000005">
    <ele>38.59</ele>
   </trkpt>
   <trkpt lat="51.24579000000001" lon="5.44915">
    <ele>38.59</ele>
   </trkpt>
   <trkpt lat="51.24535" lon="5.44908">
    <ele>38.78</ele>
   </trkpt>
   <trkpt lat="51.24451000003549" lon="5.448989998356406">
    <ele>38.42</ele>
   </trkpt>
   <trkpt lat="51.24367" lon="5.4489">
    <ele>38.62</ele>
   </trkpt>
   <trkpt lat="51.243660000000006" lon="5.4489">
    <ele>38.62</ele>
   </trkpt>
   <trkpt lat="51.242973333404045" lon="5.4488299979129335">
    <ele>38.61000000000001</ele>
   </trkpt>
   <trkpt lat="51.24228666676632" lon="5.448759997915922">
    <ele>38.62</ele>
   </trkpt>
   <trkpt lat="51.241600000000005" lon="5.44869">
    <ele>38.42</ele>
   </trkpt>
   <trkpt lat="51.24128" lon="5.4486300000000005">
    <ele>38.37</ele>
   </trkpt>
   <trkpt lat="51.24057333351471" lon="5.448459994761251">
    <ele>38.75</ele>
   </trkpt>
   <trkpt lat="51.23986666678318" lon="5.448289994745744">
    <ele>38.41</ele>
   </trkpt>
   <trkpt lat="51.239160000000005" lon="5.44812">
    <ele>38.3</ele>
   </trkpt>
   <trkpt lat="51.2385" lon="5.44819">
    <ele>38.55</ele>
   </trkpt>
   <trkpt lat="51.23814" lon="5.448200000000001">
    <ele>38.6</ele>
   </trkpt>
   <trkpt lat="51.238080000000004" lon="5.44826">
    <ele>38.73</ele>
   </trkpt>
   <trkpt lat="51.23781" lon="5.44899">
    <ele>39.68</ele>
   </trkpt>
   <trkpt lat="51.237770000000005" lon="5.44906">
    <ele>40.36</ele>
   </trkpt>
   <trkpt lat="51.23771000000001" lon="5.44911">
    <ele>40.36</ele>
   </trkpt>
   <trkpt lat="51.23763" lon="5.449140000000001">
    <ele>40.57</ele>
   </trkpt>
   <trkpt lat="51.237460000000006" lon="5.449120000000001">
    <ele>40.64</ele>
   </trkpt>
   <trkpt lat="51.23662" lon="5.448930000000001">
    <ele>38.71</ele>
   </trkpt>
   <trkpt lat="51.236630000000005" lon="5.44894">
    <ele>38.71</ele>
   </trkpt>
   <trkpt lat="51.23628" lon="5.44876">
    <ele>38.66</ele>
   </trkpt>
   <trkpt lat="51.23565500078786" lon="5.448364994711937">
    <ele>38.42</ele>
   </trkpt>
   <trkpt lat="51.23503" lon="5.447970000000001">
    <ele>39.23</ele>
   </trkpt>
   <trkpt lat="51.234820000000006" lon="5.447870000000001">
    <ele>39.720000000000006</ele>
   </trkpt>
   <trkpt lat="51.234730000000006" lon="5.44789">
    <ele>39.720000000000006</ele>
   </trkpt>
   <trkpt lat="51.234660000000005" lon="5.447920000000001">
    <ele>39.720000000000006</ele>
   </trkpt>
   <trkpt lat="51.234500000000004" lon="5.447640000000001">
    <ele>40.370000000000005</ele>
   </trkpt>
   <trkpt lat="51.234210000000004" lon="5.44716">
    <ele>41.59</ele>
   </trkpt>
   <trkpt lat="51.23397000000001" lon="5.446840000000001">
    <ele>42.940000000000005</ele>
   </trkpt>
   <trkpt lat="51.233630000000005" lon="5.44643">
    <ele>43.59</ele>
   </trkpt>
   <trkpt lat="51.232940002468446" lon="5.445659988388941">
    <ele>46.86000000000001</ele>
   </trkpt>
   <trkpt lat="51.23225000000001" lon="5.44489">
    <ele>46.160000000000004</ele>
   </trkpt>
   <trkpt lat="51.232240000000004" lon="5.44489">
    <ele>46.12</ele>
   </trkpt>
   <trkpt lat="51.231810001203776" lon="5.444394995558309">
    <ele>43.940000000000005</ele>
   </trkpt>
   <trkpt lat="51.23138" lon="5.4439">
    <ele>41.89</ele>
   </trkpt>
   <trkpt lat="51.23109" lon="5.4434700000000005">
    <ele>41.09</ele>
   </trkpt>
   <trkpt lat="51.230520000000006" lon="5.442760000000001">
    <ele>40.019999999999996</ele>
   </trkpt>
   <trkpt lat="51.23004" lon="5.44191">
    <ele>40.330000000000005</ele>
   </trkpt>
   <trkpt lat="51.22999" lon="5.4417800000000005">
    <ele>40.330000000000005</ele>
   </trkpt>
   <trkpt lat="51.229850000000006" lon="5.44132">
    <ele>40.160000000000004</ele>
   </trkpt>
   <trkpt lat="51.229780000000005" lon="5.441000000000001">
    <ele>40.160000000000004</ele>
   </trkpt>
   <trkpt lat="51.2297" lon="5.440410000000001">
    <ele>39.93</ele>
   </trkpt>
   <trkpt lat="51.229670000000006" lon="5.4398800000000005">
    <ele>39.86000000000001</ele>
   </trkpt>
   <trkpt lat="51.229670000000006" lon="5.439870000000001">
    <ele>39.86000000000001</ele>
   </trkpt>
   <trkpt lat="51.22963000000001" lon="5.43921">
    <ele>39.85</ele>
   </trkpt>
   <trkpt lat="51.22914" lon="5.439150000000001">
    <ele>40.03</ele>
   </trkpt>
   <trkpt lat="51.22833000000001" lon="5.43897">
    <ele>40.080000000000005</ele>
   </trkpt>
   <trkpt lat="51.22834" lon="5.43897">
    <ele>40.080000000000005</ele>
   </trkpt>
   <trkpt lat="51.22764000024642" lon="5.438809995139186">
    <ele>39.88</ele>
   </trkpt>
   <trkpt lat="51.22694000027468" lon="5.4386499951457346">
    <ele>40.34</ele>
   </trkpt>
   <trkpt lat="51.226240000000004" lon="5.438490000000001">
    <ele>40.6</ele>
   </trkpt>
   <trkpt lat="51.22607000000001" lon="5.43846">
    <ele>40.720000000000006</ele>
   </trkpt>
   <trkpt lat="51.226000000000006" lon="5.43846">
    <ele>40.720000000000006</ele>
   </trkpt>
   <trkpt lat="51.225840000000005" lon="5.43853">
    <ele>40.78</ele>
   </trkpt>
   <trkpt lat="51.225840000000005" lon="5.438610000000001">
    <ele>40.78</ele>
   </trkpt>
   <trkpt lat="51.22578000000001" lon="5.43871">
    <ele>40.760000000000005</ele>
   </trkpt>
   <trkpt lat="51.22572" lon="5.438720000000001">
    <ele>40.690000000000005</ele>
   </trkpt>
   <trkpt lat="51.225620000000006" lon="5.4389400000000006">
    <ele>40.34</ele>
   </trkpt>
   <trkpt lat="51.22543" lon="5.439220000000001">
    <ele>39.980000000000004</ele>
   </trkpt>
   <trkpt lat="51.225190000000005" lon="5.43947">
    <ele>39.870000000000005</ele>
   </trkpt>
   <trkpt lat="51.225080000000005" lon="5.43953">
    <ele>39.870000000000005</ele>
   </trkpt>
   <trkpt lat="51.22487" lon="5.439590000000001">
    <ele>39.82</ele>
   </trkpt>
   <trkpt lat="51.224720000000005" lon="5.43968">
    <ele>39.82</ele>
   </trkpt>
   <trkpt lat="51.22437000000001" lon="5.43996">
    <ele>39.75</ele>
   </trkpt>
   <trkpt lat="51.22402" lon="5.440250000000001">
    <ele>39.75</ele>
   </trkpt>
   <trkpt lat="51.223650000000006" lon="5.4406300000000005">
    <ele>39.970000000000006</ele>
   </trkpt>
   <trkpt lat="51.22352000000001" lon="5.44073">
    <ele>40.010000000000005</ele>
   </trkpt>
   <trkpt lat="51.22337" lon="5.440200000000001">
    <ele>39.81</ele>
   </trkpt>
   <trkpt lat="51.22337" lon="5.44019">
    <ele>39.81</ele>
   </trkpt>
   <trkpt lat="51.223220000000005" lon="5.439710000000001">
    <ele>40.080000000000005</ele>
   </trkpt>
   <trkpt lat="51.223060000000004" lon="5.43989">
    <ele>40.2</ele>
   </trkpt>
   <trkpt lat="51.222950000000004" lon="5.44">
    <ele>40.2</ele>
   </trkpt>
   <trkpt lat="51.222710000000006" lon="5.44017">
    <ele>40.290000000000006</ele>
   </trkpt>
   <trkpt lat="51.22193000000001" lon="5.440510000000001">
    <ele>40.690000000000005</ele>
   </trkpt>
   <trkpt lat="51.221540000000005" lon="5.44064">
    <ele>40.79</ele>
   </trkpt>
   <trkpt lat="51.221410000000006" lon="5.440650000000001">
    <ele>40.79</ele>
   </trkpt>
   <trkpt lat="51.22113" lon="5.44064">
    <ele>40.93</ele>
   </trkpt>
   <trkpt lat="51.220760000000006" lon="5.440600000000001">
    <ele>41.06</ele>
   </trkpt>
   <trkpt lat="51.22061" lon="5.44061">
    <ele>41.06</ele>
   </trkpt>
   <trkpt lat="51.22014" lon="5.44073">
    <ele>41.1</ele>
   </trkpt>
   <trkpt lat="51.219390000000004" lon="5.4409600000000005">
    <ele>40.95</ele>
   </trkpt>
   <trkpt lat="51.219030000000004" lon="5.441020000000001">
    <ele>40.95</ele>
   </trkpt>
   <trkpt lat="51.21876" lon="5.44104">
    <ele>41.11</ele>
   </trkpt>
   <trkpt lat="51.21796599999144" lon="5.441046000413989">
    <ele>41.190000000000005</ele>
   </trkpt>
   <trkpt lat="51.217171999982575" lon="5.441052000621006">
    <ele>41.54</ele>
   </trkpt>
   <trkpt lat="51.216377999973396" lon="5.441058000621061">
    <ele>41.75</ele>
   </trkpt>
   <trkpt lat="51.21558399996391" lon="5.441064000414171">
    <ele>41.78</ele>
   </trkpt>
   <trkpt lat="51.21479" lon="5.441070000000001">
    <ele>41.96</ele>
   </trkpt>
   <trkpt lat="51.21419" lon="5.44106">
    <ele>42.11</ele>
   </trkpt>
   <trkpt lat="51.21373500008063" lon="5.441024999659939">
    <ele>42.14</ele>
   </trkpt>
   <trkpt lat="51.213280000000005" lon="5.44099">
    <ele>42.190000000000005</ele>
   </trkpt>
   <trkpt lat="51.21325" lon="5.440980000000001">
    <ele>42.190000000000005</ele>
   </trkpt>
   <trkpt lat="51.21275000000001" lon="5.44094">
    <ele>42.370000000000005</ele>
   </trkpt>
   <trkpt lat="51.21262" lon="5.440950000000001">
    <ele>42.39</ele>
   </trkpt>
   <trkpt lat="51.2124" lon="5.44101">
    <ele>42.45</ele>
   </trkpt>
   <trkpt lat="51.212180000000004" lon="5.44113">
    <ele>42.47</ele>
   </trkpt>
   <trkpt lat="51.21197" lon="5.44132">
    <ele>42.63</ele>
   </trkpt>
   <trkpt lat="51.21132000000001" lon="5.442150000000001">
    <ele>42.84</ele>
   </trkpt>
   <trkpt lat="51.21107000000001" lon="5.4423900000000005">
    <ele>42.99</ele>
   </trkpt>
   <trkpt lat="51.210840000000005" lon="5.442550000000001">
    <ele>43.22</ele>
   </trkpt>
   <trkpt lat="51.210550000000005" lon="5.442690000000001">
    <ele>43.32</ele>
   </trkpt>
   <trkpt lat="51.20991333355472" lon="5.442840004140616">
    <ele>43.730000000000004</ele>
   </trkpt>
   <trkpt lat="51.20927666691765" lon="5.442990004133569">
    <ele>44.04</ele>
   </trkpt>
   <trkpt lat="51.20864" lon="5.4431400000000005">
    <ele>44.24</ele>
   </trkpt>
   <trkpt lat="51.207946667094525" lon="5.443353339744399">
    <ele>44.370000000000005</ele>
   </trkpt>
   <trkpt lat="51.20725333380118" lon="5.443566673065313">
    <ele>44.42</ele>
   </trkpt>
   <trkpt lat="51.20656" lon="5.44378">
    <ele>44.51</ele>
   </trkpt>
   <trkpt lat="51.206120000000006" lon="5.443960000000001">
    <ele>44.33</ele>
   </trkpt>
   <trkpt lat="51.205655000414815" lon="5.444205002389747">
    <ele>44.31</ele>
   </trkpt>
   <trkpt lat="51.20519" lon="5.444450000000001">
    <ele>44.34</ele>
   </trkpt>
   <trkpt lat="51.20488" lon="5.444540000000001">
    <ele>44.25000000000001</ele>
   </trkpt>
   <trkpt lat="51.20474" lon="5.4445500000000004">
    <ele>44.25000000000001</ele>
   </trkpt>
   <trkpt lat="51.20456" lon="5.444520000000001">
    <ele>44.25000000000001</ele>
   </trkpt>
   <trkpt lat="51.20436" lon="5.44446">
    <ele>44.22</ele>
   </trkpt>
   <trkpt lat="51.2037700004271" lon="5.444124995679898">
    <ele>44.08</ele>
   </trkpt>
   <trkpt lat="51.20318" lon="5.443790000000001">
    <ele>43.95</ele>
   </trkpt>
   <trkpt lat="51.20274000016869" lon="5.443584998036943">
    <ele>43.95</ele>
   </trkpt>
   <trkpt lat="51.2023" lon="5.44338">
    <ele>44.410000000000004</ele>
   </trkpt>
   <trkpt lat="51.20221" lon="5.44338">
    <ele>44.410000000000004</ele>
   </trkpt>
   <trkpt lat="51.202160000000006" lon="5.44324">
    <ele>44.43000000000001</ele>
   </trkpt>
   <trkpt lat="51.2021" lon="5.443230000000001">
    <ele>44.43000000000001</ele>
   </trkpt>
   <trkpt lat="51.20206" lon="5.443250000000001">
    <ele>44.43000000000001</ele>
   </trkpt>
   <trkpt lat="51.201930000000004" lon="5.442900000000001">
    <ele>44.26</ele>
   </trkpt>
   <trkpt lat="51.201660000000004" lon="5.442410000000001">
    <ele>44.230000000000004</ele>
   </trkpt>
   <trkpt lat="51.20143" lon="5.44214">
    <ele>44.26</ele>
   </trkpt>
   <trkpt lat="51.201060000000005" lon="5.44191">
    <ele>44.42</ele>
   </trkpt>
   <trkpt lat="51.20082000000001" lon="5.441870000000001">
    <ele>44.51</ele>
   </trkpt>
   <trkpt lat="51.200540000000004" lon="5.44191">
    <ele>44.550000000000004</ele>
   </trkpt>
   <trkpt lat="51.20038" lon="5.44198">
    <ele>44.550000000000004</ele>
   </trkpt>
   <trkpt lat="51.200140000000005" lon="5.442170000000001">
    <ele>44.71000000000001</ele>
   </trkpt>
   <trkpt lat="51.199470000000005" lon="5.44282">
    <ele>44.96000000000001</ele>
   </trkpt>
   <trkpt lat="51.19923000000001" lon="5.442990000000001">
    <ele>45.040000000000006</ele>
   </trkpt>
   <trkpt lat="51.19894000000001" lon="5.44312">
    <ele>45.040000000000006</ele>
   </trkpt>
   <trkpt lat="51.19841" lon="5.443320000000001">
    <ele>45.58</ele>
   </trkpt>
   <trkpt lat="51.198190000000004" lon="5.44336">
    <ele>45.58</ele>
   </trkpt>
   <trkpt lat="51.197990000000004" lon="5.44334">
    <ele>45.58</ele>
   </trkpt>
   <trkpt lat="51.1978" lon="5.443280000000001">
    <ele>45.550000000000004</ele>
   </trkpt>
   <trkpt lat="51.19707000054826" lon="5.442939994638658">
    <ele>45.410000000000004</ele>
   </trkpt>
   <trkpt lat="51.196340000000006" lon="5.4426000000000005">
    <ele>45.24</ele>
   </trkpt>
   <trkpt lat="51.19599" lon="5.44252">
    <ele>45.25000000000001</ele>
   </trkpt>
   <trkpt lat="51.195640000000004" lon="5.442500000000001">
    <ele>45.290000000000006</ele>
   </trkpt>
   <trkpt lat="51.19496000002486" lon="5.442533334316474">
    <ele>45.470000000000006</ele>
   </trkpt>
   <trkpt lat="51.194280000040244" lon="5.442566667649036">
    <ele>45.660000000000004</ele>
   </trkpt>
   <trkpt lat="51.1936" lon="5.4426000000000005">
    <ele>45.74</ele>
   </trkpt>
   <trkpt lat="51.193160000000006" lon="5.442710000000001">
    <ele>45.790000000000006</ele>
   </trkpt>
   <trkpt lat="51.192910000000005" lon="5.442810000000001">
    <ele>45.730000000000004</ele>
   </trkpt>
   <trkpt lat="51.192660000000004" lon="5.442950000000001">
    <ele>45.730000000000004</ele>
   </trkpt>
   <trkpt lat="51.192125000639" lon="5.443290003854488">
    <ele>45.94</ele>
   </trkpt>
   <trkpt lat="51.191590000000005" lon="5.443630000000001">
    <ele>45.82000000000001</ele>
   </trkpt>
   <trkpt lat="51.19093666944093" lon="5.444200016158202">
    <ele>46.00000000000001</ele>
   </trkpt>
   <trkpt lat="51.19028333611242" lon="5.444770016153685">
    <ele>46.14</ele>
   </trkpt>
   <trkpt lat="51.18963" lon="5.445340000000001">
    <ele>46.36000000000001</ele>
   </trkpt>
   <trkpt lat="51.18948" lon="5.4454400000000005">
    <ele>46.43000000000001</ele>
   </trkpt>
   <trkpt lat="51.189260000000004" lon="5.445550000000001">
    <ele>46.43000000000001</ele>
   </trkpt>
   <trkpt lat="51.18859000040207" lon="5.445825003965244">
    <ele>46.52</ele>
   </trkpt>
   <trkpt lat="51.187920000000005" lon="5.4461">
    <ele>46.68000000000001</ele>
   </trkpt>
   <trkpt lat="51.18791" lon="5.44611">
    <ele>46.68000000000001</ele>
   </trkpt>
   <trkpt lat="51.18759000000001" lon="5.446210000000001">
    <ele>46.77</ele>
   </trkpt>
   <trkpt lat="51.18739000000001" lon="5.44622">
    <ele>46.82</ele>
   </trkpt>
   <trkpt lat="51.186790000037924" lon="5.446154999155964">
    <ele>47.00000000000001</ele>
   </trkpt>
   <trkpt lat="51.18619" lon="5.446090000000001">
    <ele>47.760000000000005</ele>
   </trkpt>
   <trkpt lat="51.18547000013688" lon="5.4459999986068794">
    <ele>47.720000000000006</ele>
   </trkpt>
   <trkpt lat="51.18475" lon="5.4459100000000005">
    <ele>47.85</ele>
   </trkpt>
   <trkpt lat="51.18431" lon="5.4459100000000005">
    <ele>48.010000000000005</ele>
   </trkpt>
   <trkpt lat="51.184090000000005" lon="5.445930000000001">
    <ele>48.31</ele>
   </trkpt>
   <trkpt lat="51.183550000000004" lon="5.44603">
    <ele>48.540000000000006</ele>
   </trkpt>
   <trkpt lat="51.182790000217096" lon="5.446245003539153">
    <ele>49.120000000000005</ele>
   </trkpt>
   <trkpt lat="51.182030000000005" lon="5.44646">
    <ele>49.300000000000004</ele>
   </trkpt>
   <trkpt lat="51.18156000011907" lon="5.446580001208771">
    <ele>49.5</ele>
   </trkpt>
   <trkpt lat="51.181090000000005" lon="5.446700000000001">
    <ele>49.68</ele>
   </trkpt>
   <trkpt lat="51.18050000004822" lon="5.44679500121429">
    <ele>49.54</ele>
   </trkpt>
   <trkpt lat="51.17991000000001" lon="5.446890000000001">
    <ele>49.730000000000004</ele>
   </trkpt>
   <trkpt lat="51.179930000000006" lon="5.446890000000001">
    <ele>49.730000000000004</ele>
   </trkpt>
   <trkpt lat="51.179204999978836" lon="5.446985001501809">
    <ele>50.1</ele>
   </trkpt>
   <trkpt lat="51.17848000000001" lon="5.447080000000001">
    <ele>50.190000000000005</ele>
   </trkpt>
   <trkpt lat="51.178250000000006" lon="5.44709">
    <ele>50.25</ele>
   </trkpt>
   <trkpt lat="51.178140000000006" lon="5.447050000000001">
    <ele>50.43</ele>
   </trkpt>
   <trkpt lat="51.17799" lon="5.4469">
    <ele>50.53</ele>
   </trkpt>
   <trkpt lat="51.177980000000005" lon="5.44678">
    <ele>50.400000000000006</ele>
   </trkpt>
   <trkpt lat="51.17822" lon="5.44627">
    <ele>50.18</ele>
   </trkpt>
   <trkpt lat="51.17822" lon="5.446280000000001">
    <ele>50.18</ele>
   </trkpt>
   <trkpt lat="51.17871" lon="5.445270000000001">
    <ele>50.07</ele>
   </trkpt>
   <trkpt lat="51.17862" lon="5.444640000000001">
    <ele>49.95</ele>
   </trkpt>
   <trkpt lat="51.178540000000005" lon="5.443860000000001">
    <ele>49.86</ele>
   </trkpt>
   <trkpt lat="51.178540000000005" lon="5.443840000000001">
    <ele>49.85</ele>
   </trkpt>
   <trkpt lat="51.17850500314367" lon="5.442979999133919">
    <ele>49.56</ele>
   </trkpt>
   <trkpt lat="51.178470000000004" lon="5.44212">
    <ele>49.32</ele>
   </trkpt>
   <trkpt lat="51.177820000190415" lon="5.441969995770077">
    <ele>49.09</ele>
   </trkpt>
   <trkpt lat="51.177170000188994" lon="5.4418199957698254">
    <ele>49.410000000000004</ele>
   </trkpt>
   <trkpt lat="51.176520000000004" lon="5.44167">
    <ele>49.410000000000004</ele>
   </trkpt>
   <trkpt lat="51.17584" lon="5.44148">
    <ele>49.43</ele>
   </trkpt>
   <trkpt lat="51.175850000000004" lon="5.44148">
    <ele>49.43</ele>
   </trkpt>
   <trkpt lat="51.17502" lon="5.44122">
    <ele>49.78</ele>
   </trkpt>
   <trkpt lat="51.17448500002111" lon="5.4411299989534765">
    <ele>49.970000000000006</ele>
   </trkpt>
   <trkpt lat="51.173950000000005" lon="5.44104">
    <ele>50.07</ele>
   </trkpt>
   <trkpt lat="51.17332000003591" lon="5.4409649989767175">
    <ele>49.61</ele>
   </trkpt>
   <trkpt lat="51.17269" lon="5.4408900000000004">
    <ele>49.470000000000006</ele>
   </trkpt>
   <trkpt lat="51.17246" lon="5.4409">
    <ele>49.550000000000004</ele>
   </trkpt>
   <trkpt lat="51.17215" lon="5.440950000000001">
    <ele>49.800000000000004</ele>
   </trkpt>
   <trkpt lat="51.171890000000005" lon="5.440950000000001">
    <ele>50.330000000000005</ele>
   </trkpt>
   <trkpt lat="51.171940000000006" lon="5.44045">
    <ele>49.510000000000005</ele>
   </trkpt>
   <trkpt lat="51.17208251720639" lon="5.439290010755883">
    <ele>49.11</ele>
   </trkpt>
   <trkpt lat="51.1722250229418" lon="5.438130014341884">
    <ele>49.46</ele>
   </trkpt>
   <trkpt lat="51.172367517206126" lon="5.4369700107585">
    <ele>49.88</ele>
   </trkpt>
   <trkpt lat="51.17251" lon="5.43581">
    <ele>50.14</ele>
   </trkpt>
   <trkpt lat="51.17250000000001" lon="5.43545">
    <ele>49.940000000000005</ele>
   </trkpt>
   <trkpt lat="51.172430000000006" lon="5.435090000000001">
    <ele>49.940000000000005</ele>
   </trkpt>
   <trkpt lat="51.17235" lon="5.4348600000000005">
    <ele>49.800000000000004</ele>
   </trkpt>
   <trkpt lat="51.17194500351197" lon="5.433949991967806">
    <ele>49.75</ele>
   </trkpt>
   <trkpt lat="51.17154000000001" lon="5.43304">
    <ele>49.940000000000005</ele>
   </trkpt>
   <trkpt lat="51.17100378903542" lon="5.431896156904196">
    <ele>50.010000000000005</ele>
   </trkpt>
   <trkpt lat="51.17046756691723" lon="5.430752340409013">
    <ele>51.22</ele>
   </trkpt>
   <trkpt lat="51.169931333645906" lon="5.429608550513874">
    <ele>51.99</ele>
   </trkpt>
   <trkpt lat="51.169395089221915" lon="5.428464787218204">
    <ele>52.440000000000005</ele>
   </trkpt>
   <trkpt lat="51.16885883364574" lon="5.42732105052143">
    <ele>53.50000000000001</ele>
   </trkpt>
   <trkpt lat="51.16832256691784" lon="5.426177340422974">
    <ele>54.2</ele>
   </trkpt>
   <trkpt lat="51.16778628903871" lon="5.425033656922263">
    <ele>54.790000000000006</ele>
   </trkpt>
   <trkpt lat="51.16725" lon="5.42389">
    <ele>55.35</ele>
   </trkpt>
   <trkpt lat="51.16714" lon="5.42358">
    <ele>55.38</ele>
   </trkpt>
   <trkpt lat="51.16690500579545" lon="5.422414994114134">
    <ele>55.510000000000005</ele>
   </trkpt>
   <trkpt lat="51.16667" lon="5.421250000000001">
    <ele>55.870000000000005</ele>
   </trkpt>
   <trkpt lat="51.16659000000001" lon="5.42102">
    <ele>55.900000000000006</ele>
   </trkpt>
   <trkpt lat="51.16649" lon="5.42084">
    <ele>55.900000000000006</ele>
   </trkpt>
   <trkpt lat="51.16592000000001" lon="5.420120000000001">
    <ele>56.190000000000005</ele>
   </trkpt>
   <trkpt lat="51.16564" lon="5.419700000000001">
    <ele>56.290000000000006</ele>
   </trkpt>
   <trkpt lat="51.16552" lon="5.41936">
    <ele>56.300000000000004</ele>
   </trkpt>
   <trkpt lat="51.165240000000004" lon="5.41828">
    <ele>56.75</ele>
   </trkpt>
   <trkpt lat="51.165130000000005" lon="5.41795">
    <ele>56.81</ele>
   </trkpt>
   <trkpt lat="51.16496" lon="5.41765">
    <ele>57.02</ele>
   </trkpt>
   <trkpt lat="51.164530000000006" lon="5.41708">
    <ele>57.38000000000001</ele>
   </trkpt>
   <trkpt lat="51.16405" lon="5.4164200000000005">
    <ele>57.96</ele>
   </trkpt>
   <trkpt lat="51.16373" lon="5.4158800000000005">
    <ele>58.24000000000001</ele>
   </trkpt>
   <trkpt lat="51.163320002876" lon="5.4150399922637344">
    <ele>57.89</ele>
   </trkpt>
   <trkpt lat="51.162910000000004" lon="5.4142">
    <ele>57.78</ele>
   </trkpt>
   <trkpt lat="51.16266000180582" lon="5.413534996185078">
    <ele>58.04</ele>
   </trkpt>
   <trkpt lat="51.16241" lon="5.412870000000001">
    <ele>58.46</ele>
   </trkpt>
   <trkpt lat="51.16226" lon="5.412590000000001">
    <ele>58.46</ele>
   </trkpt>
   <trkpt lat="51.16205" lon="5.412260000000001">
    <ele>58.61</ele>
   </trkpt>
   <trkpt lat="51.16163" lon="5.411720000000001">
    <ele>59.18</ele>
   </trkpt>
   <trkpt lat="51.161350000000006" lon="5.41131">
    <ele>59.120000000000005</ele>
   </trkpt>
   <trkpt lat="51.16104000000001" lon="5.4107400000000005">
    <ele>59.68</ele>
   </trkpt>
   <trkpt lat="51.160580008852875" lon="5.409719979620117">
    <ele>61.21000000000001</ele>
   </trkpt>
   <trkpt lat="51.160120008835484" lon="5.408699979581903">
    <ele>62.07000000000001</ele>
   </trkpt>
   <trkpt lat="51.15966" lon="5.40768">
    <ele>60.53000000000001</ele>
   </trkpt>
   <trkpt lat="51.15957" lon="5.40742">
    <ele>59.86</ele>
   </trkpt>
   <trkpt lat="51.159380000000006" lon="5.40622">
    <ele>58.96</ele>
   </trkpt>
   <trkpt lat="51.15925000000001" lon="5.40582">
    <ele>59.0</ele>
   </trkpt>
   <trkpt lat="51.15908" lon="5.4055100000000005">
    <ele>58.980000000000004</ele>
   </trkpt>
   <trkpt lat="51.15903" lon="5.405480000000001">
    <ele>58.980000000000004</ele>
   </trkpt>
   <trkpt lat="51.158380004710054" lon="5.404736645720226">
    <ele>58.99000000000001</ele>
   </trkpt>
   <trkpt lat="51.1577300047091" lon="5.403993312386194">
    <ele>59.09</ele>
   </trkpt>
   <trkpt lat="51.15708000000001" lon="5.403250000000001">
    <ele>59.35000000000001</ele>
   </trkpt>
   <trkpt lat="51.15661000000001" lon="5.402830000000001">
    <ele>59.64000000000001</ele>
   </trkpt>
   <trkpt lat="51.15664" lon="5.4027400000000005">
    <ele>59.260000000000005</ele>
   </trkpt>
   <trkpt lat="51.15641" lon="5.402500000000001">
    <ele>59.32</ele>
   </trkpt>
   <trkpt lat="51.15619" lon="5.40212">
    <ele>59.25</ele>
   </trkpt>
   <trkpt lat="51.156110000000005" lon="5.40193">
    <ele>59.25</ele>
   </trkpt>
   <trkpt lat="51.15603" lon="5.40167">
    <ele>59.25</ele>
   </trkpt>
   <trkpt lat="51.1557750042128" lon="5.4006849948526465">
    <ele>59.60000000000001</ele>
   </trkpt>
   <trkpt lat="51.15552" lon="5.3997">
    <ele>59.9</ele>
   </trkpt>
   <trkpt lat="51.155370000000005" lon="5.39935">
    <ele>60.230000000000004</ele>
   </trkpt>
   <trkpt lat="51.1550750036704" lon="5.398429994311985">
    <ele>60.61</ele>
   </trkpt>
   <trkpt lat="51.15478" lon="5.3975100000000005">
    <ele>60.84</ele>
   </trkpt>
   <trkpt lat="51.154560000000004" lon="5.396710000000001">
    <ele>60.690000000000005</ele>
   </trkpt>
   <trkpt lat="51.154520000000005" lon="5.396380000000001">
    <ele>60.67</ele>
   </trkpt>
   <trkpt lat="51.154520000000005" lon="5.3962">
    <ele>60.63</ele>
   </trkpt>
   <trkpt lat="51.15457000000001" lon="5.395700000000001">
    <ele>60.71000000000001</ele>
   </trkpt>
   <trkpt lat="51.154650000000004" lon="5.395370000000001">
    <ele>60.76</ele>
   </trkpt>
   <trkpt lat="51.15482" lon="5.394920000000001">
    <ele>60.7</ele>
   </trkpt>
   <trkpt lat="51.15527" lon="5.393980000000001">
    <ele>60.68000000000001</ele>
   </trkpt>
   <trkpt lat="51.155390000000004" lon="5.39364">
    <ele>60.690000000000005</ele>
   </trkpt>
   <trkpt lat="51.155750000000005" lon="5.3925600000000005">
    <ele>60.88</ele>
   </trkpt>
   <trkpt lat="51.15604000419893" lon="5.391565006327729">
    <ele>60.47</ele>
   </trkpt>
   <trkpt lat="51.156330000000004" lon="5.39057">
    <ele>60.32000000000001</ele>
   </trkpt>
   <trkpt lat="51.15639" lon="5.390160000000001">
    <ele>60.42</ele>
   </trkpt>
   <trkpt lat="51.15641" lon="5.3897900000000005">
    <ele>60.45</ele>
   </trkpt>
   <trkpt lat="51.15634000000001" lon="5.38933">
    <ele>60.42</ele>
   </trkpt>
   <trkpt lat="51.156163342430254" lon="5.388296658713061">
    <ele>60.36</ele>
   </trkpt>
   <trkpt lat="51.15598667575662" lon="5.387263325339201">
    <ele>60.42</ele>
   </trkpt>
   <trkpt lat="51.15581" lon="5.38623">
    <ele>60.61</ele>
   </trkpt>
   <trkpt lat="51.15576" lon="5.38571">
    <ele>60.58</ele>
   </trkpt>
   <trkpt lat="51.155750000000005" lon="5.38529">
    <ele>60.64000000000001</ele>
   </trkpt>
   <trkpt lat="51.15578000000001" lon="5.384690000000001">
    <ele>60.58</ele>
   </trkpt>
   <trkpt lat="51.1559050055995" lon="5.383545003004603">
    <ele>60.57000000000001</ele>
   </trkpt>
   <trkpt lat="51.15603" lon="5.3824000000000005">
    <ele>60.660000000000004</ele>
   </trkpt>
   <trkpt lat="51.15603" lon="5.38194">
    <ele>60.63</ele>
   </trkpt>
   <trkpt lat="51.15598000000001" lon="5.381670000000001">
    <ele>60.660000000000004</ele>
   </trkpt>
   <trkpt lat="51.15574500182878" lon="5.381029996965453">
    <ele>60.57000000000001</ele>
   </trkpt>
   <trkpt lat="51.15551000000001" lon="5.38039">
    <ele>60.56</ele>
   </trkpt>
   <trkpt lat="51.15556" lon="5.3802900000000005">
    <ele>60.60000000000001</ele>
   </trkpt>
   <trkpt lat="51.155550000000005" lon="5.380170000000001">
    <ele>60.60000000000001</ele>
   </trkpt>
   <trkpt lat="51.155730000000005" lon="5.379910000000001">
    <ele>60.4</ele>
   </trkpt>
   <trkpt lat="51.15614000000001" lon="5.3794200000000005">
    <ele>60.34</ele>
   </trkpt>
   <trkpt lat="51.156380000000006" lon="5.379090000000001">
    <ele>60.24</ele>
   </trkpt>
   <trkpt lat="51.15666" lon="5.3785300000000005">
    <ele>60.10000000000001</ele>
   </trkpt>
   <trkpt lat="51.15682" lon="5.37805">
    <ele>60.050000000000004</ele>
   </trkpt>
   <trkpt lat="51.156990003599546" lon="5.3771350032072025">
    <ele>60.050000000000004</ele>
   </trkpt>
   <trkpt lat="51.157160000000005" lon="5.37622">
    <ele>60.02</ele>
   </trkpt>
   <trkpt lat="51.15738" lon="5.3753400000000005">
    <ele>60.04</ele>
   </trkpt>
   <trkpt lat="51.15762" lon="5.37466">
    <ele>60.02</ele>
   </trkpt>
   <trkpt lat="51.15805501505382" lon="5.373575030693416">
    <ele>59.72</ele>
   </trkpt>
   <trkpt lat="51.15849002007122" lon="5.372490040926624">
    <ele>59.74</ele>
   </trkpt>
   <trkpt lat="51.15892501505187" lon="5.371405030699394">
    <ele>59.57</ele>
   </trkpt>
   <trkpt lat="51.15936000000001" lon="5.37032">
    <ele>59.36</ele>
   </trkpt>
   <trkpt lat="51.15983751819466" lon="5.369127537006994">
    <ele>59.35000000000001</ele>
   </trkpt>
   <trkpt lat="51.160315024265806" lon="5.367935049327991">
    <ele>59.260000000000005</ele>
   </trkpt>
   <trkpt lat="51.160792518212986" lon="5.3667425369626836">
    <ele>59.32</ele>
   </trkpt>
   <trkpt lat="51.16127" lon="5.365550000000001">
    <ele>59.32</ele>
   </trkpt>
   <trkpt lat="51.16158" lon="5.36484">
    <ele>59.580000000000005</ele>
   </trkpt>
   <trkpt lat="51.16161" lon="5.36465">
    <ele>59.580000000000005</ele>
   </trkpt>
   <trkpt lat="51.16163" lon="5.36427">
    <ele>59.38</ele>
   </trkpt>
   <trkpt lat="51.16169000000001" lon="5.364260000000001">
    <ele>59.34</ele>
   </trkpt>
   <trkpt lat="51.161740005536174" lon="5.3631200013208495">
    <ele>58.57</ele>
   </trkpt>
   <trkpt lat="51.16179" lon="5.361980000000001">
    <ele>58.480000000000004</ele>
   </trkpt>
   <trkpt lat="51.161785002866054" lon="5.3611599998727035">
    <ele>58.480000000000004</ele>
   </trkpt>
   <trkpt lat="51.16178000000001" lon="5.360340000000001">
    <ele>58.46</ele>
   </trkpt>
   <trkpt lat="51.1617500047009" lon="5.359289999358404">
    <ele>58.45</ele>
   </trkpt>
   <trkpt lat="51.16172" lon="5.35824">
    <ele>58.260000000000005</ele>
   </trkpt>
   <trkpt lat="51.161680000000004" lon="5.35698">
    <ele>57.71</ele>
   </trkpt>
   <trkpt lat="51.16158667565271" lon="5.355953329175481">
    <ele>57.24</ele>
   </trkpt>
   <trkpt lat="51.161493342319034" lon="5.354926662505187">
    <ele>57.03</ele>
   </trkpt>
   <trkpt lat="51.16140000000001" lon="5.3539">
    <ele>57.120000000000005</ele>
   </trkpt>
   <trkpt lat="51.161350000000006" lon="5.352810000000001">
    <ele>57.080000000000005</ele>
   </trkpt>
   <trkpt lat="51.16134" lon="5.35207">
    <ele>57.160000000000004</ele>
   </trkpt>
   <trkpt lat="51.16139170984653" lon="5.35064667462549">
    <ele>57.20000000000001</ele>
   </trkpt>
   <trkpt lat="51.161443402421405" lon="5.34922334606057">
    <ele>57.39</ele>
   </trkpt>
   <trkpt lat="51.16149507772455" lon="5.347800014306294">
    <ele>57.42</ele>
   </trkpt>
   <trkpt lat="51.16154673575591" lon="5.346376679363716">
    <ele>57.28</ele>
   </trkpt>
   <trkpt lat="51.161598376515414" lon="5.344953341233886">
    <ele>57.18</ele>
   </trkpt>
   <trkpt lat="51.16165" lon="5.34353">
    <ele>57.150000000000006</ele>
   </trkpt>
   <trkpt lat="51.161687519583666" lon="5.342292503034074">
    <ele>56.64</ele>
   </trkpt>
   <trkpt lat="51.16172502611126" lon="5.341055004055478">
    <ele>55.81</ele>
   </trkpt>
   <trkpt lat="51.16176251958275" lon="5.339817503064906">
    <ele>55.540000000000006</ele>
   </trkpt>
   <trkpt lat="51.16180000000001" lon="5.33858">
    <ele>54.8</ele>
   </trkpt>
   <trkpt lat="51.16189000000001" lon="5.338080000000001">
    <ele>54.78</ele>
   </trkpt>
   <trkpt lat="51.16196000000001" lon="5.33793">
    <ele>54.82000000000001</ele>
   </trkpt>
   <trkpt lat="51.16192" lon="5.337580000000001">
    <ele>54.760000000000005</ele>
   </trkpt>
   <trkpt lat="51.161930000000005" lon="5.337490000000001">
    <ele>54.760000000000005</ele>
   </trkpt>
   <trkpt lat="51.162000000000006" lon="5.33736">
    <ele>54.660000000000004</ele>
   </trkpt>
   <trkpt lat="51.16201" lon="5.3371900000000005">
    <ele>54.34</ele>
   </trkpt>
   <trkpt lat="51.161970000000004" lon="5.3370500000000005">
    <ele>54.34</ele>
   </trkpt>
   <trkpt lat="51.162000000000006" lon="5.33668">
    <ele>54.17</ele>
   </trkpt>
   <trkpt lat="51.16201" lon="5.336480000000001">
    <ele>54.00000000000001</ele>
   </trkpt>
   <trkpt lat="51.161970000000004" lon="5.336220000000001">
    <ele>53.95</ele>
   </trkpt>
   <trkpt lat="51.16203" lon="5.33584">
    <ele>53.900000000000006</ele>
   </trkpt>
   <trkpt lat="51.162090000000006" lon="5.3352900000000005">
    <ele>53.790000000000006</ele>
   </trkpt>
   <trkpt lat="51.162040000000005" lon="5.33478">
    <ele>53.78</ele>
   </trkpt>
   <trkpt lat="51.16205" lon="5.33448">
    <ele>53.78</ele>
   </trkpt>
   <trkpt lat="51.162090000000006" lon="5.334320000000001">
    <ele>53.75000000000001</ele>
   </trkpt>
   <trkpt lat="51.16203" lon="5.3341">
    <ele>53.75000000000001</ele>
   </trkpt>
   <trkpt lat="51.16207000000001" lon="5.33361">
    <ele>53.65</ele>
   </trkpt>
   <trkpt lat="51.162150000000004" lon="5.33337">
    <ele>53.790000000000006</ele>
   </trkpt>
   <trkpt lat="51.16216000000001" lon="5.333290000000001">
    <ele>53.790000000000006</ele>
   </trkpt>
   <trkpt lat="51.16212" lon="5.33319">
    <ele>53.790000000000006</ele>
   </trkpt>
   <trkpt lat="51.162110000000006" lon="5.33309">
    <ele>53.790000000000006</ele>
   </trkpt>
   <trkpt lat="51.16217" lon="5.33295">
    <ele>53.81</ele>
   </trkpt>
   <trkpt lat="51.16219" lon="5.33281">
    <ele>53.81</ele>
   </trkpt>
   <trkpt lat="51.162150000000004" lon="5.33251">
    <ele>53.790000000000006</ele>
   </trkpt>
   <trkpt lat="51.162200000000006" lon="5.33222">
    <ele>53.67</ele>
   </trkpt>
   <trkpt lat="51.162150000000004" lon="5.33194">
    <ele>53.410000000000004</ele>
   </trkpt>
   <trkpt lat="51.162110000000006" lon="5.331460000000001">
    <ele>53.32000000000001</ele>
   </trkpt>
   <trkpt lat="51.162130000000005" lon="5.331200000000001">
    <ele>53.24</ele>
   </trkpt>
   <trkpt lat="51.162180000000006" lon="5.330010000000001">
    <ele>52.56</ele>
   </trkpt>
   <trkpt lat="51.16221" lon="5.32985">
    <ele>52.52</ele>
   </trkpt>
   <trkpt lat="51.16219" lon="5.3296600000000005">
    <ele>52.61</ele>
   </trkpt>
   <trkpt lat="51.16223" lon="5.329330000000001">
    <ele>52.61</ele>
   </trkpt>
   <trkpt lat="51.16221" lon="5.328950000000001">
    <ele>52.730000000000004</ele>
   </trkpt>
   <trkpt lat="51.162220000000005" lon="5.32854">
    <ele>52.95</ele>
   </trkpt>
   <trkpt lat="51.16225000000001" lon="5.32838">
    <ele>52.93000000000001</ele>
   </trkpt>
   <trkpt lat="51.16226" lon="5.32784">
    <ele>53.17</ele>
   </trkpt>
   <trkpt lat="51.16232" lon="5.327170000000001">
    <ele>53.44</ele>
   </trkpt>
   <trkpt lat="51.162290000000006" lon="5.326960000000001">
    <ele>53.28</ele>
   </trkpt>
   <trkpt lat="51.16225000000001" lon="5.32678">
    <ele>53.08</ele>
   </trkpt>
   <trkpt lat="51.16223" lon="5.32659">
    <ele>53.08</ele>
   </trkpt>
   <trkpt lat="51.16235000352794" lon="5.325680002382863">
    <ele>52.58</ele>
   </trkpt>
   <trkpt lat="51.162470000000006" lon="5.32477">
    <ele>52.50000000000001</ele>
   </trkpt>
   <trkpt lat="51.162530000000004" lon="5.32415">
    <ele>52.230000000000004</ele>
   </trkpt>
   <trkpt lat="51.16257" lon="5.32333">
    <ele>52.25000000000001</ele>
   </trkpt>
   <trkpt lat="51.162580000000005" lon="5.32246">
    <ele>52.15</ele>
   </trkpt>
   <trkpt lat="51.16256001561369" lon="5.3213549985002455">
    <ele>51.980000000000004</ele>
   </trkpt>
   <trkpt lat="51.16254002081747" lon="5.3202499979581805">
    <ele>52.72</ele>
   </trkpt>
   <trkpt lat="51.16252001561139" lon="5.3191449983743055">
    <ele>52.67</ele>
   </trkpt>
   <trkpt lat="51.1625" lon="5.318040000000001">
    <ele>52.59</ele>
   </trkpt>
   <trkpt lat="51.16245000000001" lon="5.31745">
    <ele>52.46000000000001</ele>
   </trkpt>
   <trkpt lat="51.16234000000001" lon="5.31667">
    <ele>52.38</ele>
   </trkpt>
   <trkpt lat="51.16225000000001" lon="5.31625">
    <ele>52.34</ele>
   </trkpt>
   <trkpt lat="51.161975004418714" lon="5.315229993858945">
    <ele>51.95</ele>
   </trkpt>
   <trkpt lat="51.1617" lon="5.31421">
    <ele>51.83</ele>
   </trkpt>
   <trkpt lat="51.161362517427456" lon="5.313042474361501">
    <ele>51.83</ele>
   </trkpt>
   <trkpt lat="51.16102502323371" lon="5.31187496580594">
    <ele>52.15</ele>
   </trkpt>
   <trkpt lat="51.16068751741908" lon="5.310707474333451">
    <ele>52.38</ele>
   </trkpt>
   <trkpt lat="51.16035" lon="5.30954">
    <ele>52.160000000000004</ele>
   </trkpt>
   <trkpt lat="51.16008000779578" lon="5.308583322110302">
    <ele>51.81</ele>
   </trkpt>
   <trkpt lat="51.15981000778868" lon="5.307626655418625">
    <ele>51.89000000000001</ele>
   </trkpt>
   <trkpt lat="51.15954000000001" lon="5.30667">
    <ele>52.14000000000001</ele>
   </trkpt>
   <trkpt lat="51.15934000000001" lon="5.30604">
    <ele>52.51</ele>
   </trkpt>
   <trkpt lat="51.159110000000005" lon="5.305210000000001">
    <ele>52.76</ele>
   </trkpt>
   <trkpt lat="51.159040000000005" lon="5.30492">
    <ele>52.76</ele>
   </trkpt>
   <trkpt lat="51.15896000000001" lon="5.30494">
    <ele>52.07000000000001</ele>
   </trkpt>
   <trkpt lat="51.15903" lon="5.3052600000000005">
    <ele>52.09</ele>
   </trkpt>
   <trkpt lat="51.15907000000001" lon="5.30524">
    <ele>52.120000000000005</ele>
   </trkpt>
   <trkpt lat="51.158950000000004" lon="5.304760000000001">
    <ele>52.160000000000004</ele>
   </trkpt>
   <trkpt lat="51.158770000000004" lon="5.303640000000001">
    <ele>52.08</ele>
   </trkpt>
   <trkpt lat="51.15874" lon="5.30335">
    <ele>52.08</ele>
   </trkpt>
   <trkpt lat="51.158770000000004" lon="5.30334">
    <ele>52.690000000000005</ele>
   </trkpt>
   <trkpt lat="51.15869000548253" lon="5.302204997903735">
    <ele>52.49</ele>
   </trkpt>
   <trkpt lat="51.15861" lon="5.30107">
    <ele>51.910000000000004</ele>
   </trkpt>
   <trkpt lat="51.15861" lon="5.300660000000001">
    <ele>51.61</ele>
   </trkpt>
   <trkpt lat="51.158640000000005" lon="5.300160000000001">
    <ele>51.510000000000005</ele>
   </trkpt>
   <trkpt lat="51.15872" lon="5.2995">
    <ele>51.43</ele>
   </trkpt>
   <trkpt lat="51.15883" lon="5.29905">
    <ele>51.29</ele>
   </trkpt>
   <trkpt lat="51.15898000000001" lon="5.298640000000001">
    <ele>51.11</ele>
   </trkpt>
   <trkpt lat="51.15916000000001" lon="5.298220000000001">
    <ele>50.99000000000001</ele>
   </trkpt>
   <trkpt lat="51.15961500951279" lon="5.297357525520961">
    <ele>50.43</ele>
   </trkpt>
   <trkpt lat="51.16007001268349" lon="5.296495034028903">
    <ele>49.510000000000005</ele>
   </trkpt>
   <trkpt lat="51.160525009511886" lon="5.29563252552345">
    <ele>48.300000000000004</ele>
   </trkpt>
   <trkpt lat="51.16098" lon="5.294770000000001">
    <ele>47.88</ele>
   </trkpt>
   <trkpt lat="51.161300000000004" lon="5.294110000000001">
    <ele>47.59</ele>
   </trkpt>
   <trkpt lat="51.161260000000006" lon="5.294060000000001">
    <ele>47.43000000000001</ele>
   </trkpt>
   <trkpt lat="51.16163" lon="5.29321">
    <ele>47.510000000000005</ele>
   </trkpt>
   <trkpt lat="51.16160000000001" lon="5.29316">
    <ele>47.370000000000005</ele>
   </trkpt>
   <trkpt lat="51.16158" lon="5.293010000000001">
    <ele>47.150000000000006</ele>
   </trkpt>
   <trkpt lat="51.1617600151539" lon="5.291676677091497">
    <ele>46.36000000000001</ele>
   </trkpt>
   <trkpt lat="51.16194001515138" lon="5.290343343777218">
    <ele>45.83</ele>
   </trkpt>
   <trkpt lat="51.16212" lon="5.28901">
    <ele>45.86000000000001</ele>
   </trkpt>
   <trkpt lat="51.162250003121564" lon="5.288155002374259">
    <ele>45.65</ele>
   </trkpt>
   <trkpt lat="51.162380000000006" lon="5.2873">
    <ele>45.62</ele>
   </trkpt>
   <trkpt lat="51.162290000000006" lon="5.286670000000001">
    <ele>45.53</ele>
   </trkpt>
   <trkpt lat="51.162290000000006" lon="5.286650000000001">
    <ele>45.53</ele>
   </trkpt>
   <trkpt lat="51.16219" lon="5.286060000000001">
    <ele>45.38</ele>
   </trkpt>
   <trkpt lat="51.161880000000004" lon="5.28472">
    <ele>45.08</ele>
   </trkpt>
   <trkpt lat="51.16125499997472" lon="5.284790000953562">
    <ele>44.39000000000001</ele>
   </trkpt>
   <trkpt lat="51.160630000000005" lon="5.28486">
    <ele>44.51</ele>
   </trkpt>
   <trkpt lat="51.159916666715844" lon="5.284916668417351">
    <ele>44.25000000000001</ele>
   </trkpt>
   <trkpt lat="51.15920333340431" lon="5.284973335082253">
    <ele>44.04</ele>
   </trkpt>
   <trkpt lat="51.15849000000001" lon="5.285030000000001">
    <ele>44.01</ele>
   </trkpt>
   <trkpt lat="51.15807" lon="5.28504">
    <ele>44.06</ele>
   </trkpt>
   <trkpt lat="51.1572" lon="5.284770000000001">
    <ele>44.65</ele>
   </trkpt>
   <trkpt lat="51.15672000000001" lon="5.28474">
    <ele>44.84</ele>
   </trkpt>
   <trkpt lat="51.15628" lon="5.284750000000001">
    <ele>45.09</ele>
   </trkpt>
   <trkpt lat="51.155560000174965" lon="5.284935002879389">
    <ele>45.59</ele>
   </trkpt>
   <trkpt lat="51.15484000000001" lon="5.28512">
    <ele>45.83</ele>
   </trkpt>
   <trkpt lat="51.154790000000006" lon="5.28511">
    <ele>45.82000000000001</ele>
   </trkpt>
   <trkpt lat="51.154720000000005" lon="5.28507">
    <ele>45.82000000000001</ele>
   </trkpt>
   <trkpt lat="51.15464000000001" lon="5.28495">
    <ele>45.82000000000001</ele>
   </trkpt>
   <trkpt lat="51.15449" lon="5.28465">
    <ele>45.64000000000001</ele>
   </trkpt>
   <trkpt lat="51.154070003662994" lon="5.283734991875981">
    <ele>45.910000000000004</ele>
   </trkpt>
   <trkpt lat="51.153650000000006" lon="5.28282">
    <ele>46.230000000000004</ele>
   </trkpt>
   <trkpt lat="51.153620000000004" lon="5.282660000000001">
    <ele>46.25000000000001</ele>
   </trkpt>
   <trkpt lat="51.15363000000001" lon="5.28249">
    <ele>46.25000000000001</ele>
   </trkpt>
   <trkpt lat="51.15378752391844" lon="5.281122513984636">
    <ele>46.2</ele>
   </trkpt>
   <trkpt lat="51.15394503189284" lon="5.279755018633034">
    <ele>46.07000000000001</ele>
   </trkpt>
   <trkpt lat="51.15410252392298" lon="5.278387513946025">
    <ele>45.92</ele>
   </trkpt>
   <trkpt lat="51.15426" lon="5.27702">
    <ele>45.61000000000001</ele>
   </trkpt>
   <trkpt lat="51.15435670493858" lon="5.275680014055416">
    <ele>45.36000000000001</ele>
   </trkpt>
   <trkpt lat="51.154453394568044" lon="5.274340022494571">
    <ele>44.980000000000004</ele>
   </trkpt>
   <trkpt lat="51.15455006888828" lon="5.273000025318312">
    <ele>44.54</ele>
   </trkpt>
   <trkpt lat="51.154646727899156" lon="5.271660022527484">
    <ele>43.92</ele>
   </trkpt>
   <trkpt lat="51.15474337160056" lon="5.270320014122935">
    <ele>43.93</ele>
   </trkpt>
   <trkpt lat="51.15484000000001" lon="5.26898">
    <ele>43.9</ele>
   </trkpt>
   <trkpt lat="51.15497502364889" lon="5.267620011993978">
    <ele>43.60000000000001</ele>
   </trkpt>
   <trkpt lat="51.15511003152822" lon="5.266260016028889">
    <ele>43.31</ele>
   </trkpt>
   <trkpt lat="51.155245023637875" lon="5.264900012105575">
    <ele>43.04</ele>
   </trkpt>
   <trkpt lat="51.15538" lon="5.263540000000001">
    <ele>42.760000000000005</ele>
   </trkpt>
   <trkpt lat="51.15538" lon="5.26349">
    <ele>42.75</ele>
   </trkpt>
   <trkpt lat="51.15547500433471" lon="5.262480002228005">
    <ele>41.96</ele>
   </trkpt>
   <trkpt lat="51.155570000000004" lon="5.26147">
    <ele>42.760000000000005</ele>
   </trkpt>
   <trkpt lat="51.154900000000005" lon="5.261500000000001">
    <ele>42.440000000000005</ele>
   </trkpt>
   <trkpt lat="51.154425000148905" lon="5.2615450004499555">
    <ele>42.71</ele>
   </trkpt>
   <trkpt lat="51.15395" lon="5.26159">
    <ele>43.72</ele>
   </trkpt>
   <trkpt lat="51.154" lon="5.26058">
    <ele>42.580000000000005</ele>
   </trkpt>
   <trkpt lat="51.15402" lon="5.25943">
    <ele>42.97</ele>
   </trkpt>
   <trkpt lat="51.15402667524922" lon="5.258426667023579">
    <ele>42.580000000000005</ele>
   </trkpt>
   <trkpt lat="51.154033341915444" lon="5.257423333757047">
    <ele>42.43</ele>
   </trkpt>
   <trkpt lat="51.15404" lon="5.25642">
    <ele>42.410000000000004</ele>
   </trkpt>
   <trkpt lat="51.15405500603678" lon="5.25523000039563">
    <ele>42.190000000000005</ele>
   </trkpt>
   <trkpt lat="51.154070000000004" lon="5.254040000000001">
    <ele>42.49000000000001</ele>
   </trkpt>
   <trkpt lat="51.153980000000004" lon="5.25396">
    <ele>41.89</ele>
   </trkpt>
   <trkpt lat="51.153960000000005" lon="5.2538800000000005">
    <ele>41.730000000000004</ele>
   </trkpt>
   <trkpt lat="51.15395" lon="5.25373">
    <ele>41.550000000000004</ele>
   </trkpt>
   <trkpt lat="51.15395" lon="5.2537">
    <ele>41.5</ele>
   </trkpt>
   <trkpt lat="51.153960000000005" lon="5.2538800000000005">
    <ele>41.89</ele>
   </trkpt>
   <trkpt lat="51.153980000000004" lon="5.25396">
    <ele>42.080000000000005</ele>
   </trkpt>
   <trkpt lat="51.154070000000004" lon="5.254040000000001">
    <ele>42.49000000000001</ele>
   </trkpt>
   <trkpt lat="51.15410000000001" lon="5.25272">
    <ele>45.92</ele>
   </trkpt>
   <trkpt lat="51.154120000000006" lon="5.252560000000001">
    <ele>46.14</ele>
   </trkpt>
   <trkpt lat="51.154335001997914" lon="5.251870003316883">
    <ele>46.59</ele>
   </trkpt>
   <trkpt lat="51.15455000000001" lon="5.251180000000001">
    <ele>45.92</ele>
   </trkpt>
   <trkpt lat="51.15458" lon="5.2510200000000005">
    <ele>45.52</ele>
   </trkpt>
   <trkpt lat="51.154610000000005" lon="5.25077">
    <ele>44.660000000000004</ele>
   </trkpt>
   <trkpt lat="51.15468575904587" lon="5.249447155882494">
    <ele>40.970000000000006</ele>
   </trkpt>
   <trkpt lat="51.154761503171855" lon="5.248124307421507">
    <ele>40.300000000000004</ele>
   </trkpt>
   <trkpt lat="51.15483723237787" lon="5.246801454617866">
    <ele>40.28</ele>
   </trkpt>
   <trkpt lat="51.15491294666381" lon="5.245478597472402">
    <ele>40.080000000000005</ele>
   </trkpt>
   <trkpt lat="51.1549886460296" lon="5.244155735985944">
    <ele>39.66</ele>
   </trkpt>
   <trkpt lat="51.15506433047517" lon="5.242832870159323">
    <ele>39.540000000000006</ele>
   </trkpt>
   <trkpt lat="51.15514" lon="5.241510000000001">
    <ele>39.5</ele>
   </trkpt>
   <trkpt lat="51.15521625213714" lon="5.240123873614924">
    <ele>38.91</ele>
   </trkpt>
   <trkpt lat="51.155292487892865" lon="5.238737742648912">
    <ele>38.88</ele>
   </trkpt>
   <trkpt lat="51.155368707267044" lon="5.237351607102923">
    <ele>38.760000000000005</ele>
   </trkpt>
   <trkpt lat="51.15544491025957" lon="5.2359654669779125">
    <ele>38.66</ele>
   </trkpt>
   <trkpt lat="51.155521096870366" lon="5.234579322274838">
    <ele>38.25000000000001</ele>
   </trkpt>
   <trkpt lat="51.15559726709933" lon="5.233193172994655">
    <ele>38.25000000000001</ele>
   </trkpt>
   <trkpt lat="51.155673420946385" lon="5.231807019138322">
    <ele>37.970000000000006</ele>
   </trkpt>
   <trkpt lat="51.15574955841138" lon="5.2304208607067935">
    <ele>37.88</ele>
   </trkpt>
   <trkpt lat="51.15582567949425" lon="5.229034697701029">
    <ele>37.67</ele>
   </trkpt>
   <trkpt lat="51.155901784194896" lon="5.227648530121982">
    <ele>37.78</ele>
   </trkpt>
   <trkpt lat="51.15597787251322" lon="5.2262623579706124">
    <ele>37.50000000000001</ele>
   </trkpt>
   <trkpt lat="51.15605394444911" lon="5.2248761812478755">
    <ele>37.52</ele>
   </trkpt>
   <trkpt lat="51.156130000000005" lon="5.223490000000001">
    <ele>37.2</ele>
   </trkpt>
   <trkpt lat="51.15620548268741" lon="5.2221054117733345">
    <ele>37.1</ele>
   </trkpt>
   <trkpt lat="51.156280949029835" lon="5.220720819016837">
    <ele>36.75000000000001</ele>
   </trkpt>
   <trkpt lat="51.15635639902718" lon="5.219336221731459">
    <ele>36.38</ele>
   </trkpt>
   <trkpt lat="51.15643183267937" lon="5.217951619918156">
    <ele>36.410000000000004</ele>
   </trkpt>
   <trkpt lat="51.15650724998626" lon="5.216567013577882">
    <ele>36.31</ele>
   </trkpt>
   <trkpt lat="51.156582650947804" lon="5.2151824027115925">
    <ele>36.26</ele>
   </trkpt>
   <trkpt lat="51.15665803556387" lon="5.21379778732024">
    <ele>36.03</ele>
   </trkpt>
   <trkpt lat="51.15673340383439" lon="5.212413167404778">
    <ele>35.92</ele>
   </trkpt>
   <trkpt lat="51.15680875575922" lon="5.211028542966162">
    <ele>35.71000000000001</ele>
   </trkpt>
   <trkpt lat="51.15688409133832" lon="5.209643914005344">
    <ele>35.21000000000001</ele>
   </trkpt>
   <trkpt lat="51.15695941057153" lon="5.20825928052328">
    <ele>35.050000000000004</ele>
   </trkpt>
   <trkpt lat="51.15703471345883" lon="5.206874642520925">
    <ele>35.13</ele>
   </trkpt>
   <trkpt lat="51.15711" lon="5.20549">
    <ele>34.57</ele>
   </trkpt>
   <trkpt lat="51.157226697018466" lon="5.204296681765681">
    <ele>34.22</ele>
   </trkpt>
   <trkpt lat="51.15734338189594" lon="5.203103357495061">
    <ele>33.660000000000004</ele>
   </trkpt>
   <trkpt lat="51.15746005463237" lon="5.2019100271887115">
    <ele>33.18</ele>
   </trkpt>
   <trkpt lat="51.15757671522758" lon="5.200716690847206">
    <ele>32.830000000000005</ele>
   </trkpt>
   <trkpt lat="51.15769336368152" lon="5.199523348471116">
    <ele>32.46</ele>
   </trkpt>
   <trkpt lat="51.157810000000005" lon="5.19833">
    <ele>31.650000000000002</ele>
   </trkpt>
   <trkpt lat="51.15784000000001" lon="5.19779">
    <ele>31.42</ele>
   </trkpt>
   <trkpt lat="51.157790000000006" lon="5.196440000000001">
    <ele>30.85</ele>
   </trkpt>
   <trkpt lat="51.1578" lon="5.19603">
    <ele>30.950000000000003</ele>
   </trkpt>
   <trkpt lat="51.15785" lon="5.195250000000001">
    <ele>31.73</ele>
   </trkpt>
   <trkpt lat="51.15782" lon="5.19514">
    <ele>32.46</ele>
   </trkpt>
   <trkpt lat="51.157720000000005" lon="5.195010000000001">
    <ele>32.49</ele>
   </trkpt>
   <trkpt lat="51.15725000328721" lon="5.195885008870041">
    <ele>31.540000000000006</ele>
   </trkpt>
   <trkpt lat="51.156780000000005" lon="5.19676">
    <ele>31.66</ele>
   </trkpt>
   <trkpt lat="51.15644" lon="5.1974">
    <ele>32.650000000000006</ele>
   </trkpt>
   <trkpt lat="51.15632" lon="5.19728">
    <ele>32.620000000000005</ele>
   </trkpt>
   <trkpt lat="51.15626" lon="5.1972700000000005">
    <ele>31.700000000000006</ele>
   </trkpt>
   <trkpt lat="51.155910000000006" lon="5.19732">
    <ele>31.03</ele>
   </trkpt>
   <trkpt lat="51.155460000000005" lon="5.19726">
    <ele>30.770000000000003</ele>
   </trkpt>
   <trkpt lat="51.15523" lon="5.19725">
    <ele>30.830000000000002</ele>
   </trkpt>
   <trkpt lat="51.15489" lon="5.197310000000001">
    <ele>31.1</ele>
   </trkpt>
   <trkpt lat="51.154740000000004" lon="5.197310000000001">
    <ele>31.1</ele>
   </trkpt>
   <trkpt lat="51.15447" lon="5.1972000000000005">
    <ele>31.41</ele>
   </trkpt>
   <trkpt lat="51.15395" lon="5.19695">
    <ele>31.82</ele>
   </trkpt>
   <trkpt lat="51.153850000000006" lon="5.196940000000001">
    <ele>32.0</ele>
   </trkpt>
   <trkpt lat="51.153600000000004" lon="5.19695">
    <ele>32.77</ele>
   </trkpt>
   <trkpt lat="51.15345000000001" lon="5.19679">
    <ele>32.830000000000005</ele>
   </trkpt>
   <trkpt lat="51.153400000000005" lon="5.196750000000001">
    <ele>32.830000000000005</ele>
   </trkpt>
   <trkpt lat="51.15335" lon="5.19674">
    <ele>32.830000000000005</ele>
   </trkpt>
   <trkpt lat="51.1533" lon="5.19678">
    <ele>32.29</ele>
   </trkpt>
   <trkpt lat="51.15325000000001" lon="5.19688">
    <ele>32.29</ele>
   </trkpt>
   <trkpt lat="51.15312" lon="5.19726">
    <ele>31.93</ele>
   </trkpt>
   <trkpt lat="51.15297" lon="5.197550000000001">
    <ele>31.8</ele>
   </trkpt>
   <trkpt lat="51.15279" lon="5.1977400000000005">
    <ele>31.85</ele>
   </trkpt>
   <trkpt lat="51.152390000000004" lon="5.1979500000000005">
    <ele>31.92</ele>
   </trkpt>
   <trkpt lat="51.15231000000001" lon="5.198">
    <ele>31.970000000000006</ele>
   </trkpt>
   <trkpt lat="51.15167000084881" lon="5.198465006502039">
    <ele>32.14</ele>
   </trkpt>
   <trkpt lat="51.151030000000006" lon="5.198930000000001">
    <ele>32.36</ele>
   </trkpt>
   <trkpt lat="51.15060000057381" lon="5.199260002990785">
    <ele>32.68</ele>
   </trkpt>
   <trkpt lat="51.15017" lon="5.199590000000001">
    <ele>32.910000000000004</ele>
   </trkpt>
   <trkpt lat="51.15005000000001" lon="5.199660000000001">
    <ele>32.720000000000006</ele>
   </trkpt>
   <trkpt lat="51.1495" lon="5.19981">
    <ele>32.800000000000004</ele>
   </trkpt>
   <trkpt lat="51.149440000000006" lon="5.19986">
    <ele>32.92</ele>
   </trkpt>
   <trkpt lat="51.149300000000004" lon="5.200130000000001">
    <ele>32.92</ele>
   </trkpt>
   <trkpt lat="51.14885" lon="5.201280000000001">
    <ele>33.300000000000004</ele>
   </trkpt>
   <trkpt lat="51.14876" lon="5.201460000000001">
    <ele>33.300000000000004</ele>
   </trkpt>
   <trkpt lat="51.148250000633" lon="5.201875004668289">
    <ele>33.45</ele>
   </trkpt>
   <trkpt lat="51.147740000000006" lon="5.2022900000000005">
    <ele>33.64</ele>
   </trkpt>
   <trkpt lat="51.14764" lon="5.20246">
    <ele>33.64</ele>
   </trkpt>
   <trkpt lat="51.147310000000004" lon="5.20357">
    <ele>33.88</ele>
   </trkpt>
   <trkpt lat="51.147220000000004" lon="5.20373">
    <ele>33.88</ele>
   </trkpt>
   <trkpt lat="51.14677500145122" lon="5.204315005650498">
    <ele>34.09</ele>
   </trkpt>
   <trkpt lat="51.146330000000006" lon="5.2049">
    <ele>34.370000000000005</ele>
   </trkpt>
   <trkpt lat="51.14582000143891" lon="5.2054750063203254">
    <ele>34.28</ele>
   </trkpt>
   <trkpt lat="51.14531" lon="5.20605">
    <ele>34.58</ele>
   </trkpt>
   <trkpt lat="51.145140000000005" lon="5.20641">
    <ele>34.59</ele>
   </trkpt>
   <trkpt lat="51.145070000000004" lon="5.20645">
    <ele>34.54</ele>
   </trkpt>
   <trkpt lat="51.14473" lon="5.206460000000001">
    <ele>33.99</ele>
   </trkpt>
   <trkpt lat="51.14471" lon="5.206460000000001">
    <ele>33.980000000000004</ele>
   </trkpt>
   <trkpt lat="51.143940000038526" lon="5.206495000582334">
    <ele>33.980000000000004</ele>
   </trkpt>
   <trkpt lat="51.143170000000005" lon="5.206530000000001">
    <ele>34.510000000000005</ele>
   </trkpt>
   <trkpt lat="51.14307" lon="5.206580000000001">
    <ele>34.550000000000004</ele>
   </trkpt>
   <trkpt lat="51.142970000000005" lon="5.20675">
    <ele>34.60000000000001</ele>
   </trkpt>
   <trkpt lat="51.14289" lon="5.20685">
    <ele>34.58</ele>
   </trkpt>
   <trkpt lat="51.142770000000006" lon="5.2069">
    <ele>34.58</ele>
   </trkpt>
   <trkpt lat="51.14251" lon="5.20694">
    <ele>34.38</ele>
   </trkpt>
   <trkpt lat="51.142450000000004" lon="5.206950000000001">
    <ele>34.38</ele>
   </trkpt>
   <trkpt lat="51.14233" lon="5.20692">
    <ele>34.36</ele>
   </trkpt>
   <trkpt lat="51.14199000000001" lon="5.20666">
    <ele>34.39</ele>
   </trkpt>
   <trkpt lat="51.141740000000006" lon="5.20638">
    <ele>34.34</ele>
   </trkpt>
   <trkpt lat="51.14128500180097" lon="5.205724993503637">
    <ele>34.06</ele>
   </trkpt>
   <trkpt lat="51.14083" lon="5.20507">
    <ele>34.080000000000005</ele>
   </trkpt>
   <trkpt lat="51.14074" lon="5.2049900000000004">
    <ele>34.080000000000005</ele>
   </trkpt>
   <trkpt lat="51.14047000000001" lon="5.20486">
    <ele>33.980000000000004</ele>
   </trkpt>
   <trkpt lat="51.13983" lon="5.20457">
    <ele>33.99</ele>
   </trkpt>
   <trkpt lat="51.13974" lon="5.204560000000001">
    <ele>33.99</ele>
   </trkpt>
   <trkpt lat="51.13962" lon="5.2046">
    <ele>34.03</ele>
   </trkpt>
   <trkpt lat="51.138953334758774" lon="5.205010011845789">
    <ele>34.02</ele>
   </trkpt>
   <trkpt lat="51.1382866680841" lon="5.2054200118505">
    <ele>34.38</ele>
   </trkpt>
   <trkpt lat="51.137620000000005" lon="5.205830000000001">
    <ele>34.74</ele>
   </trkpt>
   <trkpt lat="51.13752" lon="5.20582">
    <ele>34.82</ele>
   </trkpt>
   <trkpt lat="51.13747000000001" lon="5.20579">
    <ele>34.82</ele>
   </trkpt>
   <trkpt lat="51.137420000000006" lon="5.2057400000000005">
    <ele>34.82</ele>
   </trkpt>
   <trkpt lat="51.137040000000006" lon="5.2050600000000005">
    <ele>34.78</ele>
   </trkpt>
   <trkpt lat="51.13653667041563" lon="5.204393318744019">
    <ele>34.800000000000004</ele>
   </trkpt>
   <trkpt lat="51.13603333704133" lon="5.203726652023302">
    <ele>34.9</ele>
   </trkpt>
   <trkpt lat="51.13553" lon="5.203060000000001">
    <ele>34.870000000000005</ele>
   </trkpt>
   <trkpt lat="51.13552000000001" lon="5.20305">
    <ele>34.88</ele>
   </trkpt>
   <trkpt lat="51.134920002722936" lon="5.202254989706946">
    <ele>35.190000000000005</ele>
   </trkpt>
   <trkpt lat="51.13432" lon="5.201460000000001">
    <ele>35.730000000000004</ele>
   </trkpt>
   <trkpt lat="51.13439" lon="5.200950000000001">
    <ele>35.480000000000004</ele>
   </trkpt>
   <trkpt lat="51.134520006546765" lon="5.199710003577471">
    <ele>34.86</ele>
   </trkpt>
   <trkpt lat="51.13465000000001" lon="5.19847">
    <ele>34.61</ele>
   </trkpt>
   <trkpt lat="51.134690000000006" lon="5.19793">
    <ele>34.550000000000004</ele>
   </trkpt>
   <trkpt lat="51.13468" lon="5.197520000000001">
    <ele>34.60000000000001</ele>
   </trkpt>
   <trkpt lat="51.1346350058419" lon="5.196349998999602">
    <ele>34.43</ele>
   </trkpt>
   <trkpt lat="51.13459" lon="5.195180000000001">
    <ele>34.370000000000005</ele>
   </trkpt>
   <trkpt lat="51.13431289693658" lon="5.193932812248076">
    <ele>34.38</ele>
   </trkpt>
   <trkpt lat="51.1340357806092" lon="5.192685639465462">
    <ele>33.980000000000004</ele>
   </trkpt>
   <trkpt lat="51.13375865101819" lon="5.191438481652546">
    <ele>33.57</ele>
   </trkpt>
   <trkpt lat="51.133481508163825" lon="5.1901913388097185">
    <ele>33.160000000000004</ele>
   </trkpt>
   <trkpt lat="51.13320435204639" lon="5.1889442109373665">
    <ele>32.52</ele>
   </trkpt>
   <trkpt lat="51.13292718266617" lon="5.187697098035879">
    <ele>32.269999999999996</ele>
   </trkpt>
   <trkpt lat="51.132650000000005" lon="5.186450000000001">
    <ele>31.790000000000006</ele>
   </trkpt>
   <trkpt lat="51.132560000000005" lon="5.185300000000001">
    <ele>31.71</ele>
   </trkpt>
   <trkpt lat="51.132560000000005" lon="5.18531">
    <ele>31.71</ele>
   </trkpt>
   <trkpt lat="51.13248500418511" lon="5.184319998474095">
    <ele>31.630000000000006</ele>
   </trkpt>
   <trkpt lat="51.13241000000001" lon="5.183330000000001">
    <ele>31.87</ele>
   </trkpt>
   <trkpt lat="51.13242" lon="5.18311">
    <ele>32.010000000000005</ele>
   </trkpt>
   <trkpt lat="51.13246" lon="5.182980000000001">
    <ele>32.440000000000005</ele>
   </trkpt>
   <trkpt lat="51.13251" lon="5.182880000000001">
    <ele>32.440000000000005</ele>
   </trkpt>
   <trkpt lat="51.13215" lon="5.18219">
    <ele>32.07</ele>
   </trkpt>
   <trkpt lat="51.131910000000005" lon="5.18179">
    <ele>32.31</ele>
   </trkpt>
   <trkpt lat="51.1317" lon="5.18149">
    <ele>32.31</ele>
   </trkpt>
   <trkpt lat="51.131310000000006" lon="5.18104">
    <ele>32.75</ele>
   </trkpt>
   <trkpt lat="51.130735001275156" lon="5.180524993716983">
    <ele>33.14</ele>
   </trkpt>
   <trkpt lat="51.130160000000004" lon="5.18001">
    <ele>33.300000000000004</ele>
   </trkpt>
   <trkpt lat="51.12988000000001" lon="5.17971">
    <ele>33.580000000000005</ele>
   </trkpt>
   <trkpt lat="51.1298" lon="5.17957">
    <ele>33.580000000000005</ele>
   </trkpt>
   <trkpt lat="51.12959000000001" lon="5.1791100000000005">
    <ele>33.75</ele>
   </trkpt>
   <trkpt lat="51.129470000000005" lon="5.178590000000001">
    <ele>33.96</ele>
   </trkpt>
   <trkpt lat="51.12941000000001" lon="5.1782">
    <ele>34.06</ele>
   </trkpt>
   <trkpt lat="51.12926" lon="5.177530000000001">
    <ele>34.14</ele>
   </trkpt>
   <trkpt lat="51.12917" lon="5.17726">
    <ele>34.15</ele>
   </trkpt>
   <trkpt lat="51.12873000911108" lon="5.176226646990095">
    <ele>34.02</ele>
   </trkpt>
   <trkpt lat="51.1282900091163" lon="5.17519331366934">
    <ele>34.06</ele>
   </trkpt>
   <trkpt lat="51.12785" lon="5.1741600000000005">
    <ele>34.02</ele>
   </trkpt>
   <trkpt lat="51.127770000000005" lon="5.173920000000001">
    <ele>34.02</ele>
   </trkpt>
   <trkpt lat="51.127720000000004" lon="5.173690000000001">
    <ele>33.95</ele>
   </trkpt>
   <trkpt lat="51.127700000000004" lon="5.17351">
    <ele>33.95</ele>
   </trkpt>
   <trkpt lat="51.127660000000006" lon="5.172140000000001">
    <ele>33.75</ele>
   </trkpt>
   <trkpt lat="51.127660000000006" lon="5.17211">
    <ele>33.74</ele>
   </trkpt>
   <trkpt lat="51.12765" lon="5.17152">
    <ele>33.72</ele>
   </trkpt>
   <trkpt lat="51.12762000000001" lon="5.17128">
    <ele>33.77</ele>
   </trkpt>
   <trkpt lat="51.127520000000004" lon="5.170940000000001">
    <ele>33.830000000000005</ele>
   </trkpt>
   <trkpt lat="51.12709" lon="5.170030000000001">
    <ele>33.74</ele>
   </trkpt>
   <trkpt lat="51.126990000000006" lon="5.16987">
    <ele>33.67</ele>
   </trkpt>
   <trkpt lat="51.1263150032528" lon="5.168999987318552">
    <ele>33.54</ele>
   </trkpt>
   <trkpt lat="51.125640000000004" lon="5.168130000000001">
    <ele>33.35</ele>
   </trkpt>
   <trkpt lat="51.1255" lon="5.16793">
    <ele>33.47</ele>
   </trkpt>
   <trkpt lat="51.12502333993165" lon="5.167049981826971">
    <ele>33.59</ele>
   </trkpt>
   <trkpt lat="51.12454667325912" lon="5.1661699818164415">
    <ele>33.660000000000004</ele>
   </trkpt>
   <trkpt lat="51.12407" lon="5.165290000000001">
    <ele>33.89</ele>
   </trkpt>
   <trkpt lat="51.124" lon="5.1650100000000005">
    <ele>33.89</ele>
   </trkpt>
   <trkpt lat="51.123990000000006" lon="5.16488">
    <ele>34.1</ele>
   </trkpt>
   <trkpt lat="51.124010000000006" lon="5.16448">
    <ele>34.1</ele>
   </trkpt>
   <trkpt lat="51.124230000000004" lon="5.16316">
    <ele>34.25</ele>
   </trkpt>
   <trkpt lat="51.12427" lon="5.16267">
    <ele>34.06</ele>
   </trkpt>
   <trkpt lat="51.12425" lon="5.161300000000001">
    <ele>33.04</ele>
   </trkpt>
   <trkpt lat="51.124230000000004" lon="5.160850000000001">
    <ele>32.690000000000005</ele>
   </trkpt>
   <trkpt lat="51.12411500521742" lon="5.159744997354273">
    <ele>32.86</ele>
   </trkpt>
   <trkpt lat="51.124" lon="5.15864">
    <ele>31.290000000000006</ele>
   </trkpt>
   <trkpt lat="51.12402" lon="5.158320000000001">
    <ele>31.230000000000004</ele>
   </trkpt>
   <trkpt lat="51.12407" lon="5.15803">
    <ele>31.230000000000004</ele>
   </trkpt>
   <trkpt lat="51.12422" lon="5.1576">
    <ele>30.78</ele>
   </trkpt>
   <trkpt lat="51.12431" lon="5.157500000000001">
    <ele>30.46</ele>
   </trkpt>
   <trkpt lat="51.124837511008245" lon="5.1565725317692745">
    <ele>30.220000000000002</ele>
   </trkpt>
   <trkpt lat="51.12536501468058" lon="5.155645042354628">
    <ele>29.68</ele>
   </trkpt>
   <trkpt lat="51.12589251101673" lon="5.154717531755472">
    <ele>29.470000000000002</ele>
   </trkpt>
   <trkpt lat="51.12642" lon="5.153790000000001">
    <ele>29.150000000000002</ele>
   </trkpt>
   <trkpt lat="51.12642" lon="5.15378">
    <ele>29.150000000000002</ele>
   </trkpt>
   <trkpt lat="51.126967511928235" lon="5.152815034288351">
    <ele>28.900000000000002</ele>
   </trkpt>
   <trkpt lat="51.12751501591549" lon="5.1518500456988985">
    <ele>28.93</ele>
   </trkpt>
   <trkpt lat="51.128062511961495" lon="5.150885034230982">
    <ele>29.290000000000003</ele>
   </trkpt>
   <trkpt lat="51.12861" lon="5.149920000000001">
    <ele>29.800000000000004</ele>
   </trkpt>
   <trkpt lat="51.128690000000006" lon="5.14972">
    <ele>29.800000000000004</ele>
   </trkpt>
   <trkpt lat="51.128780000000006" lon="5.149380000000001">
    <ele>29.990000000000002</ele>
   </trkpt>
   <trkpt lat="51.128820000000005" lon="5.148890000000001">
    <ele>30.050000000000004</ele>
   </trkpt>
   <trkpt lat="51.128820000000005" lon="5.148630000000001">
    <ele>30.050000000000004</ele>
   </trkpt>
   <trkpt lat="51.128795007095945" lon="5.147339999325923">
    <ele>29.53</ele>
   </trkpt>
   <trkpt lat="51.12877" lon="5.146050000000001">
    <ele>28.950000000000003</ele>
   </trkpt>
   <trkpt lat="51.12872" lon="5.145670000000001">
    <ele>28.950000000000003</ele>
   </trkpt>
   <trkpt lat="51.128640000000004" lon="5.1453500000000005">
    <ele>28.950000000000003</ele>
   </trkpt>
   <trkpt lat="51.128420000000006" lon="5.14461">
    <ele>29.43</ele>
   </trkpt>
   <trkpt lat="51.128310000000006" lon="5.1441300000000005">
    <ele>30.21</ele>
   </trkpt>
   <trkpt lat="51.128280000000004" lon="5.143820000000001">
    <ele>30.680000000000003</ele>
   </trkpt>
   <trkpt lat="51.128260000000004" lon="5.143190000000001">
    <ele>32.07</ele>
   </trkpt>
   <trkpt lat="51.12835802439758" lon="5.141994010136165">
    <ele>34.93</ele>
   </trkpt>
   <trkpt lat="51.12845603659709" lon="5.140798015195833">
    <ele>34.550000000000004</ele>
   </trkpt>
   <trkpt lat="51.12855403659847" lon="5.139602015179598">
    <ele>31.27</ele>
   </trkpt>
   <trkpt lat="51.1286520244016" lon="5.138406010088051">
    <ele>28.380000000000003</ele>
   </trkpt>
   <trkpt lat="51.128750000000004" lon="5.1372100000000005">
    <ele>27.610000000000003</ele>
   </trkpt>
   <trkpt lat="51.12876000000001" lon="5.13703">
    <ele>27.610000000000003</ele>
   </trkpt>
   <trkpt lat="51.12876000000001" lon="5.1368100000000005">
    <ele>27.500000000000004</ele>
   </trkpt>
   <trkpt lat="51.128730000000004" lon="5.13659">
    <ele>27.500000000000004</ele>
   </trkpt>
   <trkpt lat="51.12865000000001" lon="5.1363">
    <ele>27.48</ele>
   </trkpt>
   <trkpt lat="51.128310000000006" lon="5.13527">
    <ele>27.37</ele>
   </trkpt>
   <trkpt lat="51.127950000000006" lon="5.134480000000001">
    <ele>26.97</ele>
   </trkpt>
   <trkpt lat="51.12754" lon="5.133660000000001">
    <ele>26.660000000000004</ele>
   </trkpt>
   <trkpt lat="51.12733000000001" lon="5.133400000000001">
    <ele>26.69</ele>
   </trkpt>
   <trkpt lat="51.12717000000001" lon="5.13325">
    <ele>26.560000000000002</ele>
   </trkpt>
   <trkpt lat="51.126540000890465" lon="5.132804993962811">
    <ele>26.590000000000003</ele>
   </trkpt>
   <trkpt lat="51.125910000000005" lon="5.13236">
    <ele>26.660000000000004</ele>
   </trkpt>
   <trkpt lat="51.12552" lon="5.132160000000001">
    <ele>26.55</ele>
   </trkpt>
   <trkpt lat="51.125370000000004" lon="5.1321">
    <ele>26.55</ele>
   </trkpt>
   <trkpt lat="51.12536000000001" lon="5.1321">
    <ele>26.55</ele>
   </trkpt>
   <trkpt lat="51.124520000000004" lon="5.13194">
    <ele>26.29</ele>
   </trkpt>
   <trkpt lat="51.12427" lon="5.131830000000001">
    <ele>26.330000000000002</ele>
   </trkpt>
   <trkpt lat="51.12407" lon="5.13168">
    <ele>26.310000000000002</ele>
   </trkpt>
   <trkpt lat="51.12377000000001" lon="5.13137">
    <ele>26.21</ele>
   </trkpt>
   <trkpt lat="51.123490000000004" lon="5.131150000000001">
    <ele>26.240000000000002</ele>
   </trkpt>
   <trkpt lat="51.122730000595986" lon="5.130759993556656">
    <ele>26.85</ele>
   </trkpt>
   <trkpt lat="51.121970000000005" lon="5.13037">
    <ele>26.92</ele>
   </trkpt>
   <trkpt lat="51.12158" lon="5.130120000000001">
    <ele>26.79</ele>
   </trkpt>
   <trkpt lat="51.12135000000001" lon="5.12987">
    <ele>26.69</ele>
   </trkpt>
   <trkpt lat="51.12086000000001" lon="5.1294">
    <ele>26.71</ele>
   </trkpt>
   <trkpt lat="51.120346669031306" lon="5.128873321628265">
    <ele>26.42</ele>
   </trkpt>
   <trkpt lat="51.11983333569698" lon="5.1283466549607715">
    <ele>26.340000000000003</ele>
   </trkpt>
   <trkpt lat="51.11932" lon="5.127820000000001">
    <ele>26.29</ele>
   </trkpt>
   <trkpt lat="51.11867500108738" lon="5.127284992420589">
    <ele>26.64</ele>
   </trkpt>
   <trkpt lat="51.118030000000005" lon="5.12675">
    <ele>26.71</ele>
   </trkpt>
   <trkpt lat="51.11798" lon="5.12668">
    <ele>26.71</ele>
   </trkpt>
   <trkpt lat="51.11745288497718" lon="5.125637071485011">
    <ele>26.46</ele>
   </trkpt>
   <trkpt lat="51.11692576067819" lon="5.124594166766794">
    <ele>26.320000000000004</ele>
   </trkpt>
   <trkpt lat="51.11639862710342" lon="5.12355128584478">
    <ele>26.17</ele>
   </trkpt>
   <trkpt lat="51.11587148425326" lon="5.122508428718397">
    <ele>26.35</ele>
   </trkpt>
   <trkpt lat="51.115344332128096" lon="5.121465595387069">
    <ele>26.320000000000004</ele>
   </trkpt>
   <trkpt lat="51.11481717072827" lon="5.120422785850228">
    <ele>25.900000000000002</ele>
   </trkpt>
   <trkpt lat="51.114290000000004" lon="5.1193800000000005">
    <ele>25.57</ele>
   </trkpt>
   <trkpt lat="51.1140050014108" lon="5.118814996613458">
    <ele>25.28</ele>
   </trkpt>
   <trkpt lat="51.11372" lon="5.118250000000001">
    <ele>24.91</ele>
   </trkpt>
   <trkpt lat="51.11348667520541" lon="5.11724998994406">
    <ele>24.520000000000003</ele>
   </trkpt>
   <trkpt lat="51.11325334188203" lon="5.116249989986894">
    <ele>24.450000000000003</ele>
   </trkpt>
   <trkpt lat="51.113020000000006" lon="5.1152500000000005">
    <ele>24.85</ele>
   </trkpt>
   <trkpt lat="51.11234000010119" lon="5.115169998831497">
    <ele>23.950000000000003</ele>
   </trkpt>
   <trkpt lat="51.11166000000001" lon="5.11509">
    <ele>24.610000000000003</ele>
   </trkpt>
   <trkpt lat="51.111480003217345" lon="5.114224996758659">
    <ele>24.46</ele>
   </trkpt>
   <trkpt lat="51.11130000000001" lon="5.11336">
    <ele>24.290000000000003</ele>
   </trkpt>
   <trkpt lat="51.11102" lon="5.1124">
    <ele>24.19</ele>
   </trkpt>
   <trkpt lat="51.11092000000001" lon="5.11186">
    <ele>24.19</ele>
   </trkpt>
   <trkpt lat="51.110910000000004" lon="5.11165">
    <ele>24.35</ele>
   </trkpt>
   <trkpt lat="51.11093" lon="5.1113800000000005">
    <ele>24.35</ele>
   </trkpt>
   <trkpt lat="51.11117" lon="5.110060000000001">
    <ele>24.380000000000003</ele>
   </trkpt>
   <trkpt lat="51.111340000000006" lon="5.109450000000001">
    <ele>24.21</ele>
   </trkpt>
   <trkpt lat="51.111600003012974" lon="5.108600005004792">
    <ele>24.19</ele>
   </trkpt>
   <trkpt lat="51.11186000000001" lon="5.10775">
    <ele>24.130000000000003</ele>
   </trkpt>
   <trkpt lat="51.112005002385644" lon="5.106995002604206">
    <ele>24.01</ele>
   </trkpt>
   <trkpt lat="51.11215000000001" lon="5.106240000000001">
    <ele>23.8</ele>
   </trkpt>
   <trkpt lat="51.112190000000005" lon="5.10608">
    <ele>23.720000000000002</ele>
   </trkpt>
   <trkpt lat="51.11222" lon="5.10569">
    <ele>23.720000000000002</ele>
   </trkpt>
   <trkpt lat="51.112210002905634" lon="5.104865000083835">
    <ele>23.55</ele>
   </trkpt>
   <trkpt lat="51.1122" lon="5.10404">
    <ele>23.87</ele>
   </trkpt>
   <trkpt lat="51.112120000000004" lon="5.104080000000001">
    <ele>23.87</ele>
   </trkpt>
   <trkpt lat="51.111720000000005" lon="5.1048100000000005">
    <ele>22.9</ele>
   </trkpt>
   <trkpt lat="51.111610000000006" lon="5.10498">
    <ele>22.78</ele>
   </trkpt>
   <trkpt lat="51.11150000000001" lon="5.105110000000001">
    <ele>22.7</ele>
   </trkpt>
   <trkpt lat="51.11137" lon="5.105200000000001">
    <ele>22.660000000000004</ele>
   </trkpt>
   <trkpt lat="51.11108" lon="5.10533">
    <ele>22.6</ele>
   </trkpt>
   <trkpt lat="51.11093" lon="5.10538">
    <ele>22.6</ele>
   </trkpt>
   <trkpt lat="51.11075" lon="5.10541">
    <ele>22.62</ele>
   </trkpt>
   <trkpt lat="51.11018000000001" lon="5.10545">
    <ele>22.660000000000004</ele>
   </trkpt>
   <trkpt lat="51.11003" lon="5.105510000000001">
    <ele>22.680000000000003</ele>
   </trkpt>
   <trkpt lat="51.10989000000001" lon="5.105580000000001">
    <ele>22.81</ele>
   </trkpt>
   <trkpt lat="51.10976" lon="5.105670000000001">
    <ele>22.81</ele>
   </trkpt>
   <trkpt lat="51.109440000000006" lon="5.10595">
    <ele>22.860000000000003</ele>
   </trkpt>
   <trkpt lat="51.10925" lon="5.10608">
    <ele>22.8</ele>
   </trkpt>
   <trkpt lat="51.10866000046093" lon="5.106335003175891">
    <ele>22.94</ele>
   </trkpt>
   <trkpt lat="51.108070000000005" lon="5.106590000000001">
    <ele>22.910000000000004</ele>
   </trkpt>
   <trkpt lat="51.108050000000006" lon="5.1066">
    <ele>22.910000000000004</ele>
   </trkpt>
   <trkpt lat="51.107800000000005" lon="5.1067">
    <ele>23.000000000000004</ele>
   </trkpt>
   <trkpt lat="51.107040000284435" lon="5.106895003175018">
    <ele>23.03</ele>
   </trkpt>
   <trkpt lat="51.106280000000005" lon="5.10709">
    <ele>22.94</ele>
   </trkpt>
   <trkpt lat="51.106100000000005" lon="5.10712">
    <ele>22.87</ele>
   </trkpt>
   <trkpt lat="51.106" lon="5.107100000000001">
    <ele>22.820000000000004</ele>
   </trkpt>
   <trkpt lat="51.105830000000005" lon="5.107010000000001">
    <ele>22.79</ele>
   </trkpt>
   <trkpt lat="51.105650000000004" lon="5.10681">
    <ele>22.79</ele>
   </trkpt>
   <trkpt lat="51.10530000000001" lon="5.106000000000001">
    <ele>22.61</ele>
   </trkpt>
   <trkpt lat="51.105070000000005" lon="5.105230000000001">
    <ele>22.930000000000003</ele>
   </trkpt>
   <trkpt lat="51.1049" lon="5.1052800000000005">
    <ele>22.79</ele>
   </trkpt>
   <trkpt lat="51.1047" lon="5.105300000000001">
    <ele>22.63</ele>
   </trkpt>
   <trkpt lat="51.10441" lon="5.10527">
    <ele>22.590000000000003</ele>
   </trkpt>
   <trkpt lat="51.104380000000006" lon="5.10527">
    <ele>22.590000000000003</ele>
   </trkpt>
   <trkpt lat="51.103860000000005" lon="5.10522">
    <ele>22.76</ele>
   </trkpt>
   <trkpt lat="51.10343" lon="5.10527">
    <ele>22.88</ele>
   </trkpt>
   <trkpt lat="51.102810000000005" lon="5.10552">
    <ele>23.040000000000003</ele>
   </trkpt>
   <trkpt lat="51.10208000198188" lon="5.105996681692192">
    <ele>23.950000000000003</ele>
   </trkpt>
   <trkpt lat="51.1013500020257" lon="5.106473348329941">
    <ele>25.28</ele>
   </trkpt>
   <trkpt lat="51.100620000000006" lon="5.10695">
    <ele>27.250000000000004</ele>
   </trkpt>
   <trkpt lat="51.10040000000001" lon="5.10707">
    <ele>28.05</ele>
   </trkpt>
   <trkpt lat="51.1002" lon="5.107150000000001">
    <ele>28.05</ele>
   </trkpt>
   <trkpt lat="51.09984000000001" lon="5.107220000000001">
    <ele>28.85</ele>
   </trkpt>
   <trkpt lat="51.099470000000004" lon="5.1071800000000005">
    <ele>29.240000000000002</ele>
   </trkpt>
   <trkpt lat="51.09929" lon="5.107130000000001">
    <ele>29.380000000000003</ele>
   </trkpt>
   <trkpt lat="51.09843250154569" lon="5.106784980813415">
    <ele>29.39</ele>
   </trkpt>
   <trkpt lat="51.097575002076056" lon="5.106439974424561">
    <ele>29.240000000000002</ele>
   </trkpt>
   <trkpt lat="51.09671750159118" lon="5.106094980832591">
    <ele>27.080000000000002</ele>
   </trkpt>
   <trkpt lat="51.09586" lon="5.1057500000000005">
    <ele>24.62</ele>
   </trkpt>
   <trkpt lat="51.095870000000005" lon="5.1057500000000005">
    <ele>24.62</ele>
   </trkpt>
   <trkpt lat="51.09566" lon="5.10569">
    <ele>23.950000000000003</ele>
   </trkpt>
   <trkpt lat="51.095220000000005" lon="5.10562">
    <ele>22.990000000000002</ele>
   </trkpt>
   <trkpt lat="51.095150000000004" lon="5.1055600000000005">
    <ele>22.990000000000002</ele>
   </trkpt>
   <trkpt lat="51.09508" lon="5.10554">
    <ele>22.990000000000002</ele>
   </trkpt>
   <trkpt lat="51.09457499992733" lon="5.105509999667824">
    <ele>22.53</ele>
   </trkpt>
   <trkpt lat="51.09407" lon="5.10548">
    <ele>22.94</ele>
   </trkpt>
   <trkpt lat="51.09386000000001" lon="5.10545">
    <ele>23.610000000000003</ele>
   </trkpt>
   <trkpt lat="51.09348000000001" lon="5.10533">
    <ele>24.94</ele>
   </trkpt>
   <trkpt lat="51.09293000016718" lon="5.105109997367718">
    <ele>28.080000000000002</ele>
   </trkpt>
   <trkpt lat="51.092380000000006" lon="5.10489">
    <ele>30.230000000000004</ele>
   </trkpt>
   <trkpt lat="51.09214000000001" lon="5.104830000000001">
    <ele>30.35</ele>
   </trkpt>
   <trkpt lat="51.09194" lon="5.10482">
    <ele>30.19</ele>
   </trkpt>
   <trkpt lat="51.091730000000005" lon="5.10486">
    <ele>29.84</ele>
   </trkpt>
   <trkpt lat="51.09156" lon="5.104920000000001">
    <ele>29.05</ele>
   </trkpt>
   <trkpt lat="51.09143" lon="5.104990000000001">
    <ele>28.650000000000002</ele>
   </trkpt>
   <trkpt lat="51.09118" lon="5.105180000000001">
    <ele>27.26</ele>
   </trkpt>
   <trkpt lat="51.090810000000005" lon="5.105600000000001">
    <ele>24.8</ele>
   </trkpt>
   <trkpt lat="51.090540000000004" lon="5.105810000000001">
    <ele>23.67</ele>
   </trkpt>
   <trkpt lat="51.090390000000006" lon="5.1058900000000005">
    <ele>22.97</ele>
   </trkpt>
   <trkpt lat="51.090320000000006" lon="5.10573">
    <ele>22.45</ele>
   </trkpt>
   <trkpt lat="51.089850002877455" lon="5.10491499179469">
    <ele>21.210000000000004</ele>
   </trkpt>
   <trkpt lat="51.089380000000006" lon="5.104100000000001">
    <ele>21.53</ele>
   </trkpt>
   <trkpt lat="51.08937" lon="5.10409">
    <ele>21.54</ele>
   </trkpt>
   <trkpt lat="51.08892" lon="5.1033100000000005">
    <ele>22.660000000000004</ele>
   </trkpt>
   <trkpt lat="51.088840000000005" lon="5.10308">
    <ele>22.680000000000003</ele>
   </trkpt>
   <trkpt lat="51.088660000000004" lon="5.103090000000001">
    <ele>22.19</ele>
   </trkpt>
   <trkpt lat="51.08798" lon="5.1030500000000005">
    <ele>21.830000000000002</ele>
   </trkpt>
   <trkpt lat="51.087590000000006" lon="5.102930000000001">
    <ele>21.43</ele>
   </trkpt>
   <trkpt lat="51.087450000000004" lon="5.102930000000001">
    <ele>21.43</ele>
   </trkpt>
   <trkpt lat="51.08731" lon="5.103000000000001">
    <ele>21.43</ele>
   </trkpt>
   <trkpt lat="51.08659000097068" lon="5.103465007207008">
    <ele>21.11</ele>
   </trkpt>
   <trkpt lat="51.08587000000001" lon="5.10393">
    <ele>20.970000000000002</ele>
   </trkpt>
   <trkpt lat="51.08547" lon="5.10426">
    <ele>21.03</ele>
   </trkpt>
   <trkpt lat="51.085" lon="5.104690000000001">
    <ele>21.48</ele>
   </trkpt>
   <trkpt lat="51.08437000000001" lon="5.105160000000001">
    <ele>23.55</ele>
   </trkpt>
   <trkpt lat="51.08426000000001" lon="5.10519">
    <ele>23.55</ele>
   </trkpt>
   <trkpt lat="51.084230000000005" lon="5.104830000000001">
    <ele>23.53</ele>
   </trkpt>
   <trkpt lat="51.084140000000005" lon="5.104410000000001">
    <ele>23.53</ele>
   </trkpt>
   <trkpt lat="51.08406" lon="5.10425">
    <ele>23.42</ele>
   </trkpt>
   <trkpt lat="51.083760000000005" lon="5.103330000000001">
    <ele>23.76</ele>
   </trkpt>
   <trkpt lat="51.08370000000001" lon="5.10329">
    <ele>23.76</ele>
   </trkpt>
   <trkpt lat="51.08336500454951" lon="5.102259992616087">
    <ele>23.73</ele>
   </trkpt>
   <trkpt lat="51.08303" lon="5.10123">
    <ele>23.21</ele>
   </trkpt>
   <trkpt lat="51.082860000000004" lon="5.1006100000000005">
    <ele>23.13</ele>
   </trkpt>
   <trkpt lat="51.082675002886845" lon="5.09978499662826">
    <ele>22.98</ele>
   </trkpt>
   <trkpt lat="51.08249000000001" lon="5.098960000000001">
    <ele>22.71</ele>
   </trkpt>
   <trkpt lat="51.08229000000001" lon="5.09769">
    <ele>22.2</ele>
   </trkpt>
   <trkpt lat="51.082330000000006" lon="5.09762">
    <ele>22.2</ele>
   </trkpt>
   <trkpt lat="51.082330000000006" lon="5.097460000000001">
    <ele>22.02</ele>
   </trkpt>
   <trkpt lat="51.082260000000005" lon="5.096900000000001">
    <ele>21.910000000000004</ele>
   </trkpt>
   <trkpt lat="51.08221" lon="5.09626">
    <ele>21.580000000000002</ele>
   </trkpt>
   <trkpt lat="51.082170003229635" lon="5.0953899992735785">
    <ele>21.6</ele>
   </trkpt>
   <trkpt lat="51.08213000000001" lon="5.09452">
    <ele>21.78</ele>
   </trkpt>
   <trkpt lat="51.08209" lon="5.094390000000001">
    <ele>21.94</ele>
   </trkpt>
   <trkpt lat="51.08209" lon="5.093850000000001">
    <ele>21.92</ele>
   </trkpt>
   <trkpt lat="51.08207" lon="5.093540000000001">
    <ele>21.970000000000002</ele>
   </trkpt>
   <trkpt lat="51.0819250071023" lon="5.092249995995207">
    <ele>21.96</ele>
   </trkpt>
   <trkpt lat="51.08178" lon="5.090960000000001">
    <ele>22.310000000000002</ele>
   </trkpt>
   <trkpt lat="51.08176" lon="5.09097">
    <ele>22.310000000000002</ele>
   </trkpt>
   <trkpt lat="51.08171" lon="5.0905700000000005">
    <ele>22.28</ele>
   </trkpt>
   <trkpt lat="51.081700000000005" lon="5.090210000000001">
    <ele>22.39</ele>
   </trkpt>
   <trkpt lat="51.08166000000001" lon="5.090210000000001">
    <ele>22.39</ele>
   </trkpt>
   <trkpt lat="51.08133" lon="5.0900300000000005">
    <ele>22.13</ele>
   </trkpt>
   <trkpt lat="51.0812" lon="5.0898900000000005">
    <ele>22.19</ele>
   </trkpt>
   <trkpt lat="51.08109" lon="5.089700000000001">
    <ele>22.19</ele>
   </trkpt>
   <trkpt lat="51.080940000000005" lon="5.08929">
    <ele>22.62</ele>
   </trkpt>
   <trkpt lat="51.080890000000004" lon="5.089090000000001">
    <ele>22.71</ele>
   </trkpt>
   <trkpt lat="51.08077" lon="5.08826">
    <ele>22.660000000000004</ele>
   </trkpt>
   <trkpt lat="51.08066" lon="5.08696">
    <ele>23.430000000000003</ele>
   </trkpt>
   <trkpt lat="51.080490000000005" lon="5.08589">
    <ele>23.860000000000003</ele>
   </trkpt>
   <trkpt lat="51.080450000000006" lon="5.08542">
    <ele>23.770000000000003</ele>
   </trkpt>
   <trkpt lat="51.08044" lon="5.08539">
    <ele>23.76</ele>
   </trkpt>
   <trkpt lat="51.08039" lon="5.0846800000000005">
    <ele>23.430000000000003</ele>
   </trkpt>
   <trkpt lat="51.08041000000001" lon="5.08384">
    <ele>22.860000000000003</ele>
   </trkpt>
   <trkpt lat="51.080380000000005" lon="5.083600000000001">
    <ele>22.94</ele>
   </trkpt>
   <trkpt lat="51.080360000000006" lon="5.083500000000001">
    <ele>22.94</ele>
   </trkpt>
   <trkpt lat="51.08003" lon="5.0827">
    <ele>23.17</ele>
   </trkpt>
   <trkpt lat="51.079860000000004" lon="5.08209">
    <ele>22.94</ele>
   </trkpt>
   <trkpt lat="51.079820000000005" lon="5.0818">
    <ele>23.000000000000004</ele>
   </trkpt>
   <trkpt lat="51.07977500227558" lon="5.081069999330987">
    <ele>22.930000000000003</ele>
   </trkpt>
   <trkpt lat="51.079730000000005" lon="5.0803400000000005">
    <ele>22.950000000000003</ele>
   </trkpt>
   <trkpt lat="51.079610023754306" lon="5.078977489387888">
    <ele>22.45</ele>
   </trkpt>
   <trkpt lat="51.07949003167166" lon="5.077614985842773">
    <ele>22.230000000000004</ele>
   </trkpt>
   <trkpt lat="51.079370023752254" lon="5.076252489365525">
    <ele>21.820000000000004</ele>
   </trkpt>
   <trkpt lat="51.07925" lon="5.074890000000001">
    <ele>20.82</ele>
   </trkpt>
   <trkpt lat="51.07912000274533" lon="5.07408999784716">
    <ele>21.060000000000002</ele>
   </trkpt>
   <trkpt lat="51.078990000000005" lon="5.07329">
    <ele>21.630000000000003</ele>
   </trkpt>
   <trkpt lat="51.07895500365306" lon="5.07236499939043">
    <ele>21.970000000000002</ele>
   </trkpt>
   <trkpt lat="51.078920000000004" lon="5.071440000000001">
    <ele>21.94</ele>
   </trkpt>
   <trkpt lat="51.078900000000004" lon="5.07125">
    <ele>21.88</ele>
   </trkpt>
   <trkpt lat="51.078810000000004" lon="5.07078">
    <ele>21.88</ele>
   </trkpt>
   <trkpt lat="51.07844334662959" lon="5.069529980073836">
    <ele>21.650000000000002</ele>
   </trkpt>
   <trkpt lat="51.07807667992936" lon="5.068279979959808">
    <ele>21.66</ele>
   </trkpt>
   <trkpt lat="51.07771" lon="5.067030000000001">
    <ele>22.22</ele>
   </trkpt>
  </trkseg>
 </trk>
</gpx>
