<?xml version="1.0" encoding="UTF-8"?>
<gpx creator="StravaGPX" version="1.1" xmlns="http://www.topografix.com/GPX/1/1" xmlns:xsi="http://www.w3.org/2001/XMLSchema-instance" xsi:schemaLocation="http://www.topografix.com/GPX/1/1 http://www.topografix.com/GPX/1/1/gpx.xsd">
 <metadata>
  <name>Twan - Chartreuse</name>
  <author>
   <name>Joeri Scapicchio</name>
   <link href="https://www.strava.com/athletes/2447439"/>
  </author>
  <copyright author="OpenStreetMap contributors">
   <year>2020</year>
   <license>https://www.openstreetmap.org/copyright</license>
  </copyright>
  <link href="https://www.strava.com/routes/3058099005650153222"/>
 </metadata>
 <trk>
  <name>Twan - Chartreuse</name>
  <link href="https://www.strava.com/routes/3058099005650153222"/>
  <type>cycling</type>
  <trkseg>
   <trkpt lat="51.069720000000004" lon="5.08901">
    <ele>23.06</ele>
   </trkpt>
   <trkpt lat="51.069720000000004" lon="5.089110000000001">
    <ele>23.03</ele>
   </trkpt>
   <trkpt lat="51.06982000000001" lon="5.08847">
    <ele>23.06</ele>
   </trkpt>
   <trkpt lat="51.069750000000006" lon="5.08842">
    <ele>23.250000000000004</ele>
   </trkpt>
   <trkpt lat="51.069" lon="5.08807">
    <ele>23.67</ele>
   </trkpt>
   <trkpt lat="51.068690000000004" lon="5.087910000000001">
    <ele>23.990000000000002</ele>
   </trkpt>
   <trkpt lat="51.06839" lon="5.087700000000001">
    <ele>24.41</ele>
   </trkpt>
   <trkpt lat="51.06781" lon="5.087540000000001">
    <ele>25.62</ele>
   </trkpt>
   <trkpt lat="51.067550000000004" lon="5.0875900000000005">
    <ele>25.92</ele>
   </trkpt>
   <trkpt lat="51.06747000000001" lon="5.08764">
    <ele>25.92</ele>
   </trkpt>
   <trkpt lat="51.06741" lon="5.087610000000001">
    <ele>25.92</ele>
   </trkpt>
   <trkpt lat="51.06736" lon="5.087560000000001">
    <ele>26.13</ele>
   </trkpt>
   <trkpt lat="51.067310000000006" lon="5.087540000000001">
    <ele>26.13</ele>
   </trkpt>
   <trkpt lat="51.06725" lon="5.087540000000001">
    <ele>26.13</ele>
   </trkpt>
   <trkpt lat="51.06718000000001" lon="5.08746">
    <ele>26.21</ele>
   </trkpt>
   <trkpt lat="51.067260002652425" lon="5.08666500180834">
    <ele>26.250000000000004</ele>
   </trkpt>
   <trkpt lat="51.06734" lon="5.085870000000001">
    <ele>26.79</ele>
   </trkpt>
   <trkpt lat="51.06727000000001" lon="5.085870000000001">
    <ele>26.750000000000004</ele>
   </trkpt>
   <trkpt lat="51.06712" lon="5.08593">
    <ele>26.6</ele>
   </trkpt>
   <trkpt lat="51.06696" lon="5.08605">
    <ele>26.580000000000002</ele>
   </trkpt>
   <trkpt lat="51.066500000000005" lon="5.08624">
    <ele>26.950000000000003</ele>
   </trkpt>
   <trkpt lat="51.06627" lon="5.086270000000001">
    <ele>27.13</ele>
   </trkpt>
   <trkpt lat="51.066030000000005" lon="5.08636">
    <ele>27.46</ele>
   </trkpt>
   <trkpt lat="51.06597000000001" lon="5.08629">
    <ele>27.46</ele>
   </trkpt>
   <trkpt lat="51.065655001439325" lon="5.085709996060882">
    <ele>27.48</ele>
   </trkpt>
   <trkpt lat="51.065340000000006" lon="5.08513">
    <ele>28.42</ele>
   </trkpt>
   <trkpt lat="51.06488" lon="5.084250000000001">
    <ele>29.84</ele>
   </trkpt>
   <trkpt lat="51.06456500128694" lon="5.083694996175586">
    <ele>30.650000000000002</ele>
   </trkpt>
   <trkpt lat="51.06425" lon="5.08314">
    <ele>31.98</ele>
   </trkpt>
   <trkpt lat="51.063970000000005" lon="5.082800000000001">
    <ele>33.300000000000004</ele>
   </trkpt>
   <trkpt lat="51.06380000000001" lon="5.08263">
    <ele>33.830000000000005</ele>
   </trkpt>
   <trkpt lat="51.06338" lon="5.0823">
    <ele>35.47</ele>
   </trkpt>
   <trkpt lat="51.063" lon="5.0819600000000005">
    <ele>36.69</ele>
   </trkpt>
   <trkpt lat="51.06246" lon="5.081270000000001">
    <ele>39.1</ele>
   </trkpt>
   <trkpt lat="51.06223000000001" lon="5.08091">
    <ele>39.720000000000006</ele>
   </trkpt>
   <trkpt lat="51.06204" lon="5.080500000000001">
    <ele>40.470000000000006</ele>
   </trkpt>
   <trkpt lat="51.06160001000547" lon="5.079416646054928">
    <ele>41.14</ele>
   </trkpt>
   <trkpt lat="51.061160009997465" lon="5.07833331270226">
    <ele>41.53</ele>
   </trkpt>
   <trkpt lat="51.06072" lon="5.07725">
    <ele>41.07</ele>
   </trkpt>
   <trkpt lat="51.06056" lon="5.07728">
    <ele>40.870000000000005</ele>
   </trkpt>
   <trkpt lat="51.05985999998458" lon="5.0771649982494695">
    <ele>39.589999999999996</ele>
   </trkpt>
   <trkpt lat="51.059160000000006" lon="5.077050000000001">
    <ele>38.220000000000006</ele>
   </trkpt>
   <trkpt lat="51.059140000000006" lon="5.077050000000001">
    <ele>38.21</ele>
   </trkpt>
   <trkpt lat="51.05834" lon="5.07692">
    <ele>38.970000000000006</ele>
   </trkpt>
   <trkpt lat="51.058130000000006" lon="5.07685">
    <ele>38.970000000000006</ele>
   </trkpt>
   <trkpt lat="51.057495000147334" lon="5.076724998301593">
    <ele>38.86000000000001</ele>
   </trkpt>
   <trkpt lat="51.05686000000001" lon="5.0766">
    <ele>38.71</ele>
   </trkpt>
   <trkpt lat="51.05669" lon="5.0766100000000005">
    <ele>38.760000000000005</ele>
   </trkpt>
   <trkpt lat="51.05653" lon="5.07666">
    <ele>38.760000000000005</ele>
   </trkpt>
   <trkpt lat="51.056380000000004" lon="5.07674">
    <ele>38.760000000000005</ele>
   </trkpt>
   <trkpt lat="51.05613" lon="5.07695">
    <ele>38.93000000000001</ele>
   </trkpt>
   <trkpt lat="51.055930000000004" lon="5.077240000000001">
    <ele>38.96</ele>
   </trkpt>
   <trkpt lat="51.055640000000004" lon="5.077870000000001">
    <ele>39.27</ele>
   </trkpt>
   <trkpt lat="51.055460000000004" lon="5.07812">
    <ele>39.81</ele>
   </trkpt>
   <trkpt lat="51.05527000000001" lon="5.07831">
    <ele>39.870000000000005</ele>
   </trkpt>
   <trkpt lat="51.05512" lon="5.0784">
    <ele>40.2</ele>
   </trkpt>
   <trkpt lat="51.05491000000001" lon="5.07849">
    <ele>40.49</ele>
   </trkpt>
   <trkpt lat="51.05481" lon="5.0785100000000005">
    <ele>40.550000000000004</ele>
   </trkpt>
   <trkpt lat="51.054570000000005" lon="5.0785">
    <ele>40.43</ele>
   </trkpt>
   <trkpt lat="51.053915000063334" lon="5.0783549979432205">
    <ele>38.96</ele>
   </trkpt>
   <trkpt lat="51.05326" lon="5.07821">
    <ele>38.49</ele>
   </trkpt>
   <trkpt lat="51.053140000000006" lon="5.0782300000000005">
    <ele>38.580000000000005</ele>
   </trkpt>
   <trkpt lat="51.05306" lon="5.0779700000000005">
    <ele>38.510000000000005</ele>
   </trkpt>
   <trkpt lat="51.053000000000004" lon="5.07784">
    <ele>38.510000000000005</ele>
   </trkpt>
   <trkpt lat="51.05284" lon="5.07763">
    <ele>38.57</ele>
   </trkpt>
   <trkpt lat="51.05237000127048" lon="5.077099994702369">
    <ele>38.690000000000005</ele>
   </trkpt>
   <trkpt lat="51.0519" lon="5.07657">
    <ele>38.75</ele>
   </trkpt>
   <trkpt lat="51.051213339694456" lon="5.075706641067395">
    <ele>38.17</ele>
   </trkpt>
   <trkpt lat="51.05052667302894" lon="5.0748433077360255">
    <ele>36.050000000000004</ele>
   </trkpt>
   <trkpt lat="51.04984" lon="5.073980000000001">
    <ele>34.68</ele>
   </trkpt>
   <trkpt lat="51.04917000864395" lon="5.073157464287304">
    <ele>33.88</ele>
   </trkpt>
   <trkpt lat="51.048500011515046" lon="5.072334952371481">
    <ele>34.1</ele>
   </trkpt>
   <trkpt lat="51.04783000861359" lon="5.0715124642514775">
    <ele>35.33</ele>
   </trkpt>
   <trkpt lat="51.047160000000005" lon="5.070690000000001">
    <ele>37.46</ele>
   </trkpt>
   <trkpt lat="51.046940000000006" lon="5.07045">
    <ele>38.690000000000005</ele>
   </trkpt>
   <trkpt lat="51.046201675235864" lon="5.069816616202524">
    <ele>40.1</ele>
   </trkpt>
   <trkpt lat="51.04546334704859" lon="5.06918325259628">
    <ele>38.790000000000006</ele>
   </trkpt>
   <trkpt lat="51.044725015438395" lon="5.068549909180184">
    <ele>37.50000000000001</ele>
   </trkpt>
   <trkpt lat="51.043986680405474" lon="5.067916585953155">
    <ele>36.97</ele>
   </trkpt>
   <trkpt lat="51.04324834195003" lon="5.067283282914111">
    <ele>34.58</ele>
   </trkpt>
   <trkpt lat="51.04251000000001" lon="5.06665">
    <ele>32.34</ele>
   </trkpt>
   <trkpt lat="51.04238" lon="5.06644">
    <ele>32.040000000000006</ele>
   </trkpt>
   <trkpt lat="51.041880008288665" lon="5.065453311999179">
    <ele>30.890000000000004</ele>
   </trkpt>
   <trkpt lat="51.04138000826991" lon="5.064466645295872">
    <ele>30.340000000000003</ele>
   </trkpt>
   <trkpt lat="51.04088" lon="5.06348">
    <ele>29.810000000000002</ele>
   </trkpt>
   <trkpt lat="51.04079" lon="5.063230000000001">
    <ele>29.57</ele>
   </trkpt>
   <trkpt lat="51.040600000000005" lon="5.06217">
    <ele>29.370000000000005</ele>
   </trkpt>
   <trkpt lat="51.04052" lon="5.0618300000000005">
    <ele>29.310000000000002</ele>
   </trkpt>
   <trkpt lat="51.040380000000006" lon="5.06156">
    <ele>29.310000000000002</ele>
   </trkpt>
   <trkpt lat="51.0398566721105" lon="5.0607633153782885">
    <ele>28.76</ele>
   </trkpt>
   <trkpt lat="51.0393333388049" lon="5.059966648754136">
    <ele>28.220000000000002</ele>
   </trkpt>
   <trkpt lat="51.038810000000005" lon="5.059170000000001">
    <ele>27.840000000000003</ele>
   </trkpt>
   <trkpt lat="51.03851" lon="5.0587800000000005">
    <ele>27.96</ele>
   </trkpt>
   <trkpt lat="51.038140000000006" lon="5.058350000000001">
    <ele>27.17</ele>
   </trkpt>
   <trkpt lat="51.03755500292574" lon="5.057524989614585">
    <ele>26.310000000000002</ele>
   </trkpt>
   <trkpt lat="51.036970000000004" lon="5.0567">
    <ele>25.79</ele>
   </trkpt>
   <trkpt lat="51.036470004507656" lon="5.055973317653281">
    <ele>24.860000000000003</ele>
   </trkpt>
   <trkpt lat="51.03597000450908" lon="5.055246650988922">
    <ele>24.01</ele>
   </trkpt>
   <trkpt lat="51.035470000000004" lon="5.05452">
    <ele>23.500000000000004</ele>
   </trkpt>
   <trkpt lat="51.03508500139779" lon="5.053964995509242">
    <ele>23.14</ele>
   </trkpt>
   <trkpt lat="51.0347" lon="5.05341">
    <ele>23.330000000000002</ele>
   </trkpt>
   <trkpt lat="51.03454000000001" lon="5.053100000000001">
    <ele>23.87</ele>
   </trkpt>
   <trkpt lat="51.03439" lon="5.05215">
    <ele>23.610000000000003</ele>
   </trkpt>
   <trkpt lat="51.034290000000006" lon="5.05173">
    <ele>23.42</ele>
   </trkpt>
   <trkpt lat="51.03398000000001" lon="5.05105">
    <ele>22.94</ele>
   </trkpt>
   <trkpt lat="51.0339" lon="5.05083">
    <ele>22.8</ele>
   </trkpt>
   <trkpt lat="51.033820000000006" lon="5.05076">
    <ele>22.8</ele>
   </trkpt>
   <trkpt lat="51.03376" lon="5.0505700000000004">
    <ele>22.55</ele>
   </trkpt>
   <trkpt lat="51.03338" lon="5.04978">
    <ele>22.430000000000003</ele>
   </trkpt>
   <trkpt lat="51.03309" lon="5.04936">
    <ele>22.340000000000003</ele>
   </trkpt>
   <trkpt lat="51.033030000000004" lon="5.0492300000000006">
    <ele>22.330000000000002</ele>
   </trkpt>
   <trkpt lat="51.03298" lon="5.04917">
    <ele>22.330000000000002</ele>
   </trkpt>
   <trkpt lat="51.032900000000005" lon="5.049130000000001">
    <ele>22.330000000000002</ele>
   </trkpt>
   <trkpt lat="51.03282" lon="5.048990000000001">
    <ele>22.29</ele>
   </trkpt>
   <trkpt lat="51.03244500115914" lon="5.04846999579971">
    <ele>22.2</ele>
   </trkpt>
   <trkpt lat="51.032070000000004" lon="5.04795">
    <ele>22.520000000000003</ele>
   </trkpt>
   <trkpt lat="51.03201000000001" lon="5.04783">
    <ele>22.520000000000003</ele>
   </trkpt>
   <trkpt lat="51.031960000000005" lon="5.047770000000001">
    <ele>22.520000000000003</ele>
   </trkpt>
   <trkpt lat="51.031870000000005" lon="5.04772">
    <ele>22.520000000000003</ele>
   </trkpt>
   <trkpt lat="51.031710000000004" lon="5.0475">
    <ele>22.63</ele>
   </trkpt>
   <trkpt lat="51.03154000000001" lon="5.047370000000001">
    <ele>22.650000000000002</ele>
   </trkpt>
   <trkpt lat="51.031240000000004" lon="5.04718">
    <ele>22.71</ele>
   </trkpt>
   <trkpt lat="51.031310000000005" lon="5.047210000000001">
    <ele>22.750000000000004</ele>
   </trkpt>
   <trkpt lat="51.03117" lon="5.04715">
    <ele>22.6</ele>
   </trkpt>
   <trkpt lat="51.03049000000001" lon="5.04696">
    <ele>22.8</ele>
   </trkpt>
   <trkpt lat="51.03041" lon="5.04598">
    <ele>22.42</ele>
   </trkpt>
   <trkpt lat="51.03036" lon="5.045800000000001">
    <ele>22.520000000000003</ele>
   </trkpt>
   <trkpt lat="51.030300000000004" lon="5.04541">
    <ele>22.64</ele>
   </trkpt>
   <trkpt lat="51.03016" lon="5.04504">
    <ele>22.830000000000002</ele>
   </trkpt>
   <trkpt lat="51.030120000000004" lon="5.04488">
    <ele>23.1</ele>
   </trkpt>
   <trkpt lat="51.029970000000006" lon="5.0447500000000005">
    <ele>22.97</ele>
   </trkpt>
   <trkpt lat="51.02987" lon="5.04474">
    <ele>22.97</ele>
   </trkpt>
   <trkpt lat="51.02975000000001" lon="5.044770000000001">
    <ele>22.860000000000003</ele>
   </trkpt>
   <trkpt lat="51.029740000000004" lon="5.0441400000000005">
    <ele>22.44</ele>
   </trkpt>
   <trkpt lat="51.029700000000005" lon="5.043690000000001">
    <ele>22.35</ele>
   </trkpt>
   <trkpt lat="51.029504024501506" lon="5.042491979766484">
    <ele>21.92</ele>
   </trkpt>
   <trkpt lat="51.029308036754536" lon="5.041293969664453">
    <ele>21.62</ele>
   </trkpt>
   <trkpt lat="51.02911203675934" lon="5.040095969694384">
    <ele>21.650000000000002</ele>
   </trkpt>
   <trkpt lat="51.02891602451605" lon="5.038897979856755">
    <ele>21.79</ele>
   </trkpt>
   <trkpt lat="51.02872000000001" lon="5.0377">
    <ele>22.0</ele>
   </trkpt>
   <trkpt lat="51.02848" lon="5.036630000000001">
    <ele>21.85</ele>
   </trkpt>
   <trkpt lat="51.02832" lon="5.036090000000001">
    <ele>21.85</ele>
   </trkpt>
   <trkpt lat="51.02790500627692" lon="5.034879989252295">
    <ele>21.6</ele>
   </trkpt>
   <trkpt lat="51.02749000000001" lon="5.033670000000001">
    <ele>21.48</ele>
   </trkpt>
   <trkpt lat="51.02714500405767" lon="5.032689992590906">
    <ele>21.35</ele>
   </trkpt>
   <trkpt lat="51.0268" lon="5.03171">
    <ele>21.61</ele>
   </trkpt>
   <trkpt lat="51.02684000000001" lon="5.03167">
    <ele>21.61</ele>
   </trkpt>
   <trkpt lat="51.02655000000001" lon="5.03082">
    <ele>21.23</ele>
   </trkpt>
   <trkpt lat="51.02618001924303" lon="5.029757966069756">
    <ele>21.220000000000002</ele>
   </trkpt>
   <trkpt lat="51.025810028860256" lon="5.028695949093179">
    <ele>21.150000000000002</ele>
   </trkpt>
   <trkpt lat="51.025440028851946" lon="5.027633949070216">
    <ele>21.07</ele>
   </trkpt>
   <trkpt lat="51.02507001921841" lon="5.026571966000813">
    <ele>21.25</ele>
   </trkpt>
   <trkpt lat="51.0247" lon="5.025510000000001">
    <ele>21.400000000000002</ele>
   </trkpt>
   <trkpt lat="51.024260000000005" lon="5.02446">
    <ele>22.29</ele>
   </trkpt>
   <trkpt lat="51.02423" lon="5.02451">
    <ele>22.29</ele>
   </trkpt>
   <trkpt lat="51.02373667799926" lon="5.023356642073295">
    <ele>22.04</ele>
   </trkpt>
   <trkpt lat="51.02324334464594" lon="5.022203308693736">
    <ele>21.86</ele>
   </trkpt>
   <trkpt lat="51.02275" lon="5.021050000000001">
    <ele>21.71</ele>
   </trkpt>
   <trkpt lat="51.0223466742752" lon="5.020106650285013">
    <ele>21.54</ele>
   </trkpt>
   <trkpt lat="51.02194334095556" lon="5.019163316983988">
    <ele>20.19</ele>
   </trkpt>
   <trkpt lat="51.02154" lon="5.01822">
    <ele>21.080000000000002</ele>
   </trkpt>
   <trkpt lat="51.02141" lon="5.01797">
    <ele>20.82</ele>
   </trkpt>
   <trkpt lat="51.02103402256533" lon="5.016819962666636">
    <ele>20.8</ele>
   </trkpt>
   <trkpt lat="51.02065803384306" lon="5.0156699439859365">
    <ele>21.6</ele>
   </trkpt>
   <trkpt lat="51.020282033833574" lon="5.014519943957909">
    <ele>21.62</ele>
   </trkpt>
   <trkpt lat="51.01990602253717" lon="5.013369962582561">
    <ele>21.28</ele>
   </trkpt>
   <trkpt lat="51.01953" lon="5.01222">
    <ele>20.86</ele>
   </trkpt>
   <trkpt lat="51.01915" lon="5.011220000000001">
    <ele>20.67</ele>
   </trkpt>
   <trkpt lat="51.018674017970284" lon="5.010193957871227">
    <ele>20.450000000000003</ele>
   </trkpt>
   <trkpt lat="51.01819802695568" lon="5.009167936808496">
    <ele>20.450000000000003</ele>
   </trkpt>
   <trkpt lat="51.01772202695651" lon="5.008141936811416">
    <ele>20.68</ele>
   </trkpt>
   <trkpt lat="51.017246017973136" lon="5.007115957879596">
    <ele>20.18</ele>
   </trkpt>
   <trkpt lat="51.01677" lon="5.00609">
    <ele>19.55</ele>
   </trkpt>
   <trkpt lat="51.01677" lon="5.006080000000001">
    <ele>19.540000000000003</ele>
   </trkpt>
   <trkpt lat="51.016380006061844" lon="5.005236652462881">
    <ele>19.200000000000003</ele>
   </trkpt>
   <trkpt lat="51.01599000605347" lon="5.004393319111639">
    <ele>18.750000000000004</ele>
   </trkpt>
   <trkpt lat="51.015600000000006" lon="5.003550000000001">
    <ele>19.05</ele>
   </trkpt>
   <trkpt lat="51.01563" lon="5.003450000000001">
    <ele>19.040000000000003</ele>
   </trkpt>
   <trkpt lat="51.01559" lon="5.00335">
    <ele>19.040000000000003</ele>
   </trkpt>
   <trkpt lat="51.01556" lon="5.00333">
    <ele>19.040000000000003</ele>
   </trkpt>
   <trkpt lat="51.015530000000005" lon="5.00333">
    <ele>19.01</ele>
   </trkpt>
   <trkpt lat="51.0155" lon="5.00335">
    <ele>19.01</ele>
   </trkpt>
   <trkpt lat="51.01506000776232" lon="5.002396648586912">
    <ele>17.910000000000004</ele>
   </trkpt>
   <trkpt lat="51.0146200077675" lon="5.001443315265105">
    <ele>17.78</ele>
   </trkpt>
   <trkpt lat="51.01418" lon="5.00049">
    <ele>17.820000000000004</ele>
   </trkpt>
   <trkpt lat="51.01408000000001" lon="5.00028">
    <ele>17.820000000000004</ele>
   </trkpt>
   <trkpt lat="51.01388000000001" lon="4.9999400000000005">
    <ele>17.820000000000004</ele>
   </trkpt>
   <trkpt lat="51.01370000000001" lon="4.99971">
    <ele>17.990000000000002</ele>
   </trkpt>
   <trkpt lat="51.01306333611167" lon="4.999143317807875">
    <ele>18.27</ele>
   </trkpt>
   <trkpt lat="51.01242666948251" lon="4.998576651174883">
    <ele>18.09</ele>
   </trkpt>
   <trkpt lat="51.011790000000005" lon="4.998010000000001">
    <ele>17.980000000000004</ele>
   </trkpt>
   <trkpt lat="51.011590000000005" lon="4.99774">
    <ele>17.87</ele>
   </trkpt>
   <trkpt lat="51.01149" lon="4.99755">
    <ele>17.900000000000002</ele>
   </trkpt>
   <trkpt lat="51.01097334490659" lon="4.996386640797104">
    <ele>17.84</ele>
   </trkpt>
   <trkpt lat="51.010456678261775" lon="4.995223307513477">
    <ele>18.2</ele>
   </trkpt>
   <trkpt lat="51.00994000000001" lon="4.99406">
    <ele>17.560000000000002</ele>
   </trkpt>
   <trkpt lat="51.009600000000006" lon="4.99322">
    <ele>17.240000000000002</ele>
   </trkpt>
   <trkpt lat="51.00947000000001" lon="4.9927">
    <ele>17.05</ele>
   </trkpt>
   <trkpt lat="51.00941" lon="4.9922">
    <ele>17.02</ele>
   </trkpt>
   <trkpt lat="51.00939" lon="4.99193">
    <ele>17.07</ele>
   </trkpt>
   <trkpt lat="51.00939" lon="4.99192">
    <ele>17.07</ele>
   </trkpt>
   <trkpt lat="51.00940000000001" lon="4.99129">
    <ele>17.88</ele>
   </trkpt>
   <trkpt lat="51.00943" lon="4.9911">
    <ele>18.03</ele>
   </trkpt>
   <trkpt lat="51.008655000740525" lon="4.9907099935295784">
    <ele>18.36</ele>
   </trkpt>
   <trkpt lat="51.00788000000001" lon="4.9903200000000005">
    <ele>18.340000000000003</ele>
   </trkpt>
   <trkpt lat="51.007130000000004" lon="4.989920000000001">
    <ele>18.240000000000002</ele>
   </trkpt>
   <trkpt lat="51.006540000541825" lon="4.989579995703384">
    <ele>18.18</ele>
   </trkpt>
   <trkpt lat="51.005950000000006" lon="4.989240000000001">
    <ele>18.320000000000004</ele>
   </trkpt>
   <trkpt lat="51.00519000068262" lon="4.98886999398605">
    <ele>18.070000000000004</ele>
   </trkpt>
   <trkpt lat="51.004430000000006" lon="4.9885">
    <ele>18.400000000000002</ele>
   </trkpt>
   <trkpt lat="51.003930000000004" lon="4.988230000000001">
    <ele>18.11</ele>
   </trkpt>
   <trkpt lat="51.003840000000004" lon="4.9882">
    <ele>18.150000000000002</ele>
   </trkpt>
   <trkpt lat="51.003600000000006" lon="4.98801">
    <ele>18.27</ele>
   </trkpt>
   <trkpt lat="51.003330000000005" lon="4.98775">
    <ele>18.240000000000002</ele>
   </trkpt>
   <trkpt lat="51.00320000000001" lon="4.98766">
    <ele>18.29</ele>
   </trkpt>
   <trkpt lat="51.00307" lon="4.987620000000001">
    <ele>18.36</ele>
   </trkpt>
   <trkpt lat="51.00291000000001" lon="4.98763">
    <ele>18.47</ele>
   </trkpt>
   <trkpt lat="51.002480000000006" lon="4.9877400000000005">
    <ele>18.99</ele>
   </trkpt>
   <trkpt lat="51.00195" lon="4.98786">
    <ele>19.73</ele>
   </trkpt>
   <trkpt lat="51.00188000000001" lon="4.987830000000001">
    <ele>19.73</ele>
   </trkpt>
   <trkpt lat="51.00184" lon="4.987780000000001">
    <ele>19.73</ele>
   </trkpt>
   <trkpt lat="51.001670000000004" lon="4.98787">
    <ele>20.020000000000003</ele>
   </trkpt>
   <trkpt lat="51.00144" lon="4.98794">
    <ele>20.200000000000003</ele>
   </trkpt>
   <trkpt lat="51.001340000000006" lon="4.98803">
    <ele>20.200000000000003</ele>
   </trkpt>
   <trkpt lat="51.00086000003101" lon="4.9881750015178765">
    <ele>20.290000000000003</ele>
   </trkpt>
   <trkpt lat="51.00038000000001" lon="4.988320000000001">
    <ele>20.26</ele>
   </trkpt>
   <trkpt lat="50.999690000461094" lon="4.988675005318865">
    <ele>20.1</ele>
   </trkpt>
   <trkpt lat="50.999" lon="4.9890300000000005">
    <ele>19.87</ele>
   </trkpt>
   <trkpt lat="50.99891" lon="4.98913">
    <ele>19.790000000000003</ele>
   </trkpt>
   <trkpt lat="50.99886000000001" lon="4.98927">
    <ele>19.770000000000003</ele>
   </trkpt>
   <trkpt lat="50.998810000000006" lon="4.98983">
    <ele>20.060000000000002</ele>
   </trkpt>
   <trkpt lat="50.99871" lon="4.9901800000000005">
    <ele>20.26</ele>
   </trkpt>
   <trkpt lat="50.99866" lon="4.990290000000001">
    <ele>20.26</ele>
   </trkpt>
   <trkpt lat="50.99808" lon="4.991090000000001">
    <ele>21.970000000000002</ele>
   </trkpt>
   <trkpt lat="50.997930000000004" lon="4.99122">
    <ele>21.970000000000002</ele>
   </trkpt>
   <trkpt lat="50.99756000000001" lon="4.991490000000001">
    <ele>21.86</ele>
   </trkpt>
   <trkpt lat="50.9973" lon="4.991790000000001">
    <ele>21.66</ele>
   </trkpt>
   <trkpt lat="50.99720000000001" lon="4.9919400000000005">
    <ele>21.61</ele>
   </trkpt>
   <trkpt lat="50.99705" lon="4.99223">
    <ele>21.59</ele>
   </trkpt>
   <trkpt lat="50.99682000000001" lon="4.991980000000001">
    <ele>21.69</ele>
   </trkpt>
   <trkpt lat="50.9966" lon="4.99171">
    <ele>21.92</ele>
   </trkpt>
   <trkpt lat="50.996120000000005" lon="4.991040000000001">
    <ele>22.37</ele>
   </trkpt>
   <trkpt lat="50.99577000116846" lon="4.990509995956402">
    <ele>23.48</ele>
   </trkpt>
   <trkpt lat="50.99542" lon="4.98998">
    <ele>23.78</ele>
   </trkpt>
   <trkpt lat="50.99485000000001" lon="4.9890300000000005">
    <ele>25.210000000000004</ele>
   </trkpt>
   <trkpt lat="50.99472" lon="4.988770000000001">
    <ele>25.28</ele>
   </trkpt>
   <trkpt lat="50.99436000000001" lon="4.98779">
    <ele>25.910000000000004</ele>
   </trkpt>
   <trkpt lat="50.994240000000005" lon="4.98751">
    <ele>26.01</ele>
   </trkpt>
   <trkpt lat="50.99387" lon="4.986490000000001">
    <ele>26.47</ele>
   </trkpt>
   <trkpt lat="50.993595002903135" lon="4.98565999496938">
    <ele>27.070000000000004</ele>
   </trkpt>
   <trkpt lat="50.993320000000004" lon="4.9848300000000005">
    <ele>29.05</ele>
   </trkpt>
   <trkpt lat="50.99318" lon="4.984190000000001">
    <ele>29.78</ele>
   </trkpt>
   <trkpt lat="50.993120000000005" lon="4.98367">
    <ele>30.55</ele>
   </trkpt>
   <trkpt lat="50.993100000000005" lon="4.98336">
    <ele>30.76</ele>
   </trkpt>
   <trkpt lat="50.99310000269761" lon="4.982564999860571">
    <ele>32.150000000000006</ele>
   </trkpt>
   <trkpt lat="50.993100000000005" lon="4.98177">
    <ele>34.0</ele>
   </trkpt>
   <trkpt lat="50.99311667442519" lon="4.980816667336178">
    <ele>35.68</ele>
   </trkpt>
   <trkpt lat="50.99313334109212" lon="4.979863333987458">
    <ele>37.07000000000001</ele>
   </trkpt>
   <trkpt lat="50.99315000000001" lon="4.978910000000001">
    <ele>37.86000000000001</ele>
   </trkpt>
   <trkpt lat="50.99315500525834" lon="4.977800000231006">
    <ele>38.3</ele>
   </trkpt>
   <trkpt lat="50.99316" lon="4.9766900000000005">
    <ele>38.56</ele>
   </trkpt>
   <trkpt lat="50.99316" lon="4.9767">
    <ele>38.56</ele>
   </trkpt>
   <trkpt lat="50.993190000000006" lon="4.97576">
    <ele>38.42</ele>
   </trkpt>
   <trkpt lat="50.99324000000001" lon="4.9755">
    <ele>38.42</ele>
   </trkpt>
   <trkpt lat="50.9934" lon="4.975040000000001">
    <ele>38.61000000000001</ele>
   </trkpt>
   <trkpt lat="50.9934" lon="4.974900000000001">
    <ele>38.63</ele>
   </trkpt>
   <trkpt lat="50.993390000000005" lon="4.974830000000001">
    <ele>38.49</ele>
   </trkpt>
   <trkpt lat="50.99351000000001" lon="4.974740000000001">
    <ele>37.95</ele>
   </trkpt>
   <trkpt lat="50.9936" lon="4.97459">
    <ele>37.95</ele>
   </trkpt>
   <trkpt lat="50.993990000000004" lon="4.97363">
    <ele>35.89000000000001</ele>
   </trkpt>
   <trkpt lat="50.994130000000006" lon="4.9734300000000005">
    <ele>35.59</ele>
   </trkpt>
   <trkpt lat="50.994260000000004" lon="4.97332">
    <ele>35.29</ele>
   </trkpt>
   <trkpt lat="50.99423" lon="4.97288">
    <ele>34.85000000000001</ele>
   </trkpt>
   <trkpt lat="50.994310000000006" lon="4.972740000000001">
    <ele>34.63</ele>
   </trkpt>
   <trkpt lat="50.994310000000006" lon="4.9725600000000005">
    <ele>34.63</ele>
   </trkpt>
   <trkpt lat="50.99403000440023" lon="4.971544993887036">
    <ele>32.14</ele>
   </trkpt>
   <trkpt lat="50.993750000000006" lon="4.97053">
    <ele>31.13</ele>
   </trkpt>
   <trkpt lat="50.993337514517926" lon="4.96946497158726">
    <ele>30.340000000000003</ele>
   </trkpt>
   <trkpt lat="50.99292501935332" lon="4.968399962106933">
    <ele>29.14</ele>
   </trkpt>
   <trkpt lat="50.99251251450653" lon="4.96733497155885">
    <ele>29.120000000000005</ele>
   </trkpt>
   <trkpt lat="50.9921" lon="4.966270000000001">
    <ele>29.060000000000002</ele>
   </trkpt>
   <trkpt lat="50.991730000000004" lon="4.96541">
    <ele>28.91</ele>
   </trkpt>
   <trkpt lat="50.9914000020952" lon="4.9646999948302515">
    <ele>28.900000000000002</ele>
   </trkpt>
   <trkpt lat="50.99107000000001" lon="4.963990000000001">
    <ele>29.060000000000002</ele>
   </trkpt>
   <trkpt lat="50.990745001480896" lon="4.96339999585971">
    <ele>29.35</ele>
   </trkpt>
   <trkpt lat="50.99042000000001" lon="4.96281">
    <ele>29.6</ele>
   </trkpt>
   <trkpt lat="50.99009000121056" lon="4.962284996321538">
    <ele>30.09</ele>
   </trkpt>
   <trkpt lat="50.989760000000004" lon="4.961760000000001">
    <ele>30.26</ele>
   </trkpt>
   <trkpt lat="50.98930000170681" lon="4.961094993148149">
    <ele>30.94</ele>
   </trkpt>
   <trkpt lat="50.98884" lon="4.960430000000001">
    <ele>33.17</ele>
   </trkpt>
   <trkpt lat="50.988670000000006" lon="4.96023">
    <ele>33.660000000000004</ele>
   </trkpt>
   <trkpt lat="50.988310000000006" lon="4.959700000000001">
    <ele>35.120000000000005</ele>
   </trkpt>
   <trkpt lat="50.98792" lon="4.959090000000001">
    <ele>36.75000000000001</ele>
   </trkpt>
   <trkpt lat="50.987460000000006" lon="4.95842">
    <ele>41.63</ele>
   </trkpt>
   <trkpt lat="50.986900000000006" lon="4.95755">
    <ele>43.32</ele>
   </trkpt>
   <trkpt lat="50.986650000000004" lon="4.957120000000001">
    <ele>44.32000000000001</ele>
   </trkpt>
   <trkpt lat="50.98646" lon="4.95676">
    <ele>44.97</ele>
   </trkpt>
   <trkpt lat="50.986070000000005" lon="4.95591">
    <ele>46.27</ele>
   </trkpt>
   <trkpt lat="50.98569000414442" lon="4.954924991944831">
    <ele>46.67</ele>
   </trkpt>
   <trkpt lat="50.985310000000005" lon="4.95394">
    <ele>46.19</ele>
   </trkpt>
   <trkpt lat="50.984820005688945" lon="4.95278498779622">
    <ele>45.93000000000001</ele>
   </trkpt>
   <trkpt lat="50.98433000000001" lon="4.951630000000001">
    <ele>46.45</ele>
   </trkpt>
   <trkpt lat="50.983960007119954" lon="4.9503349895444">
    <ele>47.49</ele>
   </trkpt>
   <trkpt lat="50.98359000000001" lon="4.94904">
    <ele>47.13</ele>
   </trkpt>
   <trkpt lat="50.983290000000004" lon="4.94773">
    <ele>43.95</ele>
   </trkpt>
   <trkpt lat="50.98324" lon="4.9474">
    <ele>43.160000000000004</ele>
   </trkpt>
   <trkpt lat="50.98322" lon="4.946980000000001">
    <ele>42.120000000000005</ele>
   </trkpt>
   <trkpt lat="50.98324" lon="4.94662">
    <ele>40.84</ele>
   </trkpt>
   <trkpt lat="50.983320000000006" lon="4.94604">
    <ele>39.92</ele>
   </trkpt>
   <trkpt lat="50.983270000000005" lon="4.94603">
    <ele>39.92</ele>
   </trkpt>
   <trkpt lat="50.98319000000001" lon="4.94608">
    <ele>40.59</ele>
   </trkpt>
   <trkpt lat="50.98256000000001" lon="4.94662">
    <ele>46.85</ele>
   </trkpt>
   <trkpt lat="50.98228" lon="4.947030000000001">
    <ele>47.910000000000004</ele>
   </trkpt>
   <trkpt lat="50.982110000000006" lon="4.947150000000001">
    <ele>48.92</ele>
   </trkpt>
   <trkpt lat="50.98187" lon="4.94728">
    <ele>49.940000000000005</ele>
   </trkpt>
   <trkpt lat="50.98119000141539" lon="4.947835008046568">
    <ele>52.92</ele>
   </trkpt>
   <trkpt lat="50.98051" lon="4.948390000000001">
    <ele>54.720000000000006</ele>
   </trkpt>
   <trkpt lat="50.98037" lon="4.948440000000001">
    <ele>54.540000000000006</ele>
   </trkpt>
   <trkpt lat="50.97990499982332" lon="4.948414999739985">
    <ele>52.870000000000005</ele>
   </trkpt>
   <trkpt lat="50.979440000000004" lon="4.948390000000001">
    <ele>51.60000000000001</ele>
   </trkpt>
   <trkpt lat="50.979260000000004" lon="4.9484">
    <ele>51.21000000000001</ele>
   </trkpt>
   <trkpt lat="50.97914" lon="4.948440000000001">
    <ele>51.07</ele>
   </trkpt>
   <trkpt lat="50.978880000000004" lon="4.948580000000001">
    <ele>50.690000000000005</ele>
   </trkpt>
   <trkpt lat="50.97862000000001" lon="4.948600000000001">
    <ele>50.09</ele>
   </trkpt>
   <trkpt lat="50.978300000000004" lon="4.948530000000001">
    <ele>49.86</ele>
   </trkpt>
   <trkpt lat="50.97815000000001" lon="4.9485600000000005">
    <ele>49.54</ele>
   </trkpt>
   <trkpt lat="50.97807" lon="4.9485600000000005">
    <ele>49.290000000000006</ele>
   </trkpt>
   <trkpt lat="50.977970000000006" lon="4.94848">
    <ele>49.190000000000005</ele>
   </trkpt>
   <trkpt lat="50.977880000000006" lon="4.94819">
    <ele>49.31</ele>
   </trkpt>
   <trkpt lat="50.9773650024108" lon="4.9474349915934726">
    <ele>49.85</ele>
   </trkpt>
   <trkpt lat="50.976850000000006" lon="4.946680000000001">
    <ele>50.510000000000005</ele>
   </trkpt>
   <trkpt lat="50.97652" lon="4.94613">
    <ele>51.440000000000005</ele>
   </trkpt>
   <trkpt lat="50.97616000000001" lon="4.945480000000001">
    <ele>52.86000000000001</ele>
   </trkpt>
   <trkpt lat="50.97581" lon="4.945080000000001">
    <ele>54.35</ele>
   </trkpt>
   <trkpt lat="50.975120000000004" lon="4.94439">
    <ele>55.38</ele>
   </trkpt>
   <trkpt lat="50.974735000924966" lon="4.943954996526078">
    <ele>54.400000000000006</ele>
   </trkpt>
   <trkpt lat="50.97435" lon="4.94352">
    <ele>53.050000000000004</ele>
   </trkpt>
   <trkpt lat="50.97397" lon="4.94324">
    <ele>51.75</ele>
   </trkpt>
   <trkpt lat="50.973850000000006" lon="4.94313">
    <ele>51.75</ele>
   </trkpt>
   <trkpt lat="50.97374000000001" lon="4.9430000000000005">
    <ele>51.25</ele>
   </trkpt>
   <trkpt lat="50.973330000000004" lon="4.942410000000001">
    <ele>50.480000000000004</ele>
   </trkpt>
   <trkpt lat="50.97292" lon="4.94191">
    <ele>50.1</ele>
   </trkpt>
   <trkpt lat="50.97258" lon="4.94125">
    <ele>50.27</ele>
   </trkpt>
   <trkpt lat="50.972480000000004" lon="4.94109">
    <ele>50.53</ele>
   </trkpt>
   <trkpt lat="50.97185" lon="4.940340000000001">
    <ele>52.77</ele>
   </trkpt>
   <trkpt lat="50.97175000000001" lon="4.94019">
    <ele>53.02</ele>
   </trkpt>
   <trkpt lat="50.971590000000006" lon="4.93989">
    <ele>53.67</ele>
   </trkpt>
   <trkpt lat="50.97151" lon="4.939620000000001">
    <ele>53.59</ele>
   </trkpt>
   <trkpt lat="50.97144" lon="4.93916">
    <ele>53.4</ele>
   </trkpt>
   <trkpt lat="50.971340000000005" lon="4.938770000000001">
    <ele>52.82000000000001</ele>
   </trkpt>
   <trkpt lat="50.97126" lon="4.9385">
    <ele>52.58</ele>
   </trkpt>
   <trkpt lat="50.971250000000005" lon="4.93848">
    <ele>52.56</ele>
   </trkpt>
   <trkpt lat="50.971050000000005" lon="4.938000000000001">
    <ele>51.92</ele>
   </trkpt>
   <trkpt lat="50.97077" lon="4.937390000000001">
    <ele>50.59</ele>
   </trkpt>
   <trkpt lat="50.97052000000001" lon="4.936870000000001">
    <ele>50.480000000000004</ele>
   </trkpt>
   <trkpt lat="50.970270000000006" lon="4.936380000000001">
    <ele>49.18</ele>
   </trkpt>
   <trkpt lat="50.970000000000006" lon="4.93597">
    <ele>47.150000000000006</ele>
   </trkpt>
   <trkpt lat="50.969390000000004" lon="4.93513">
    <ele>44.42</ele>
   </trkpt>
   <trkpt lat="50.969190000000005" lon="4.93548">
    <ele>46.03</ele>
   </trkpt>
   <trkpt lat="50.96865333573217" lon="4.936010012246544">
    <ele>50.760000000000005</ele>
   </trkpt>
   <trkpt lat="50.968116669065985" lon="4.936540012245883">
    <ele>51.99</ele>
   </trkpt>
   <trkpt lat="50.967580000000005" lon="4.93707">
    <ele>49.36</ele>
   </trkpt>
   <trkpt lat="50.96681" lon="4.937760000000001">
    <ele>46.720000000000006</ele>
   </trkpt>
   <trkpt lat="50.96608000103037" lon="4.938235007420768">
    <ele>44.26</ele>
   </trkpt>
   <trkpt lat="50.96535" lon="4.93871">
    <ele>43.410000000000004</ele>
   </trkpt>
   <trkpt lat="50.965" lon="4.93886">
    <ele>43.27</ele>
   </trkpt>
   <trkpt lat="50.964850000000006" lon="4.938910000000001">
    <ele>43.43</ele>
   </trkpt>
   <trkpt lat="50.96455" lon="4.93899">
    <ele>43.85000000000001</ele>
   </trkpt>
   <trkpt lat="50.96408" lon="4.939100000000001">
    <ele>44.550000000000004</ele>
   </trkpt>
   <trkpt lat="50.964040000000004" lon="4.93914">
    <ele>44.71000000000001</ele>
   </trkpt>
   <trkpt lat="50.964020000000005" lon="4.93921">
    <ele>44.71000000000001</ele>
   </trkpt>
   <trkpt lat="50.96406" lon="4.9399500000000005">
    <ele>44.94</ele>
   </trkpt>
   <trkpt lat="50.96398000000001" lon="4.940130000000001">
    <ele>45.02</ele>
   </trkpt>
   <trkpt lat="50.96341" lon="4.9392700000000005">
    <ele>43.42</ele>
   </trkpt>
   <trkpt lat="50.96271" lon="4.938490000000001">
    <ele>42.410000000000004</ele>
   </trkpt>
   <trkpt lat="50.962300000000006" lon="4.93806">
    <ele>41.99000000000001</ele>
   </trkpt>
   <trkpt lat="50.96209" lon="4.93777">
    <ele>41.910000000000004</ele>
   </trkpt>
   <trkpt lat="50.961870000000005" lon="4.9371100000000006">
    <ele>42.190000000000005</ele>
   </trkpt>
   <trkpt lat="50.96163000000001" lon="4.93648">
    <ele>42.82</ele>
   </trkpt>
   <trkpt lat="50.96121000451247" lon="4.935454990800484">
    <ele>44.160000000000004</ele>
   </trkpt>
   <trkpt lat="50.96079" lon="4.934430000000001">
    <ele>47.690000000000005</ele>
   </trkpt>
   <trkpt lat="50.96034" lon="4.93362">
    <ele>50.85000000000001</ele>
   </trkpt>
   <trkpt lat="50.96018" lon="4.93255">
    <ele>52.230000000000004</ele>
   </trkpt>
   <trkpt lat="50.96016" lon="4.93231">
    <ele>52.21000000000001</ele>
   </trkpt>
   <trkpt lat="50.96016" lon="4.93208">
    <ele>52.21000000000001</ele>
   </trkpt>
   <trkpt lat="50.960210000000004" lon="4.93067">
    <ele>52.010000000000005</ele>
   </trkpt>
   <trkpt lat="50.95957000001766" lon="4.9306049991046486">
    <ele>52.28000000000001</ele>
   </trkpt>
   <trkpt lat="50.95893" lon="4.930540000000001">
    <ele>52.550000000000004</ele>
   </trkpt>
   <trkpt lat="50.958420000000004" lon="4.93055">
    <ele>52.38</ele>
   </trkpt>
   <trkpt lat="50.957629999977456" lon="4.930474998720492">
    <ele>51.07</ele>
   </trkpt>
   <trkpt lat="50.95684000000001" lon="4.930400000000001">
    <ele>49.650000000000006</ele>
   </trkpt>
   <trkpt lat="50.95662" lon="4.93034">
    <ele>49.25</ele>
   </trkpt>
   <trkpt lat="50.95613499996673" lon="4.93027999936777">
    <ele>48.870000000000005</ele>
   </trkpt>
   <trkpt lat="50.955650000000006" lon="4.93022">
    <ele>47.790000000000006</ele>
   </trkpt>
   <trkpt lat="50.954930000000004" lon="4.93017">
    <ele>46.63</ele>
   </trkpt>
   <trkpt lat="50.95487000000001" lon="4.929460000000001">
    <ele>45.45</ele>
   </trkpt>
   <trkpt lat="50.95487000000001" lon="4.92945">
    <ele>45.43000000000001</ele>
   </trkpt>
   <trkpt lat="50.95479500260953" lon="4.928664998509396">
    <ele>44.78</ele>
   </trkpt>
   <trkpt lat="50.95472" lon="4.92788">
    <ele>44.27</ele>
   </trkpt>
   <trkpt lat="50.954730000000005" lon="4.92771">
    <ele>44.24</ele>
   </trkpt>
   <trkpt lat="50.95479" lon="4.9276">
    <ele>44.24</ele>
   </trkpt>
   <trkpt lat="50.954930000000004" lon="4.9275">
    <ele>43.940000000000005</ele>
   </trkpt>
   <trkpt lat="50.95555" lon="4.9271400000000005">
    <ele>43.99</ele>
   </trkpt>
   <trkpt lat="50.955600000000004" lon="4.9270000000000005">
    <ele>43.92</ele>
   </trkpt>
   <trkpt lat="50.955600000000004" lon="4.926810000000001">
    <ele>43.71000000000001</ele>
   </trkpt>
   <trkpt lat="50.95552000814237" lon="4.925833329939507">
    <ele>42.03</ele>
   </trkpt>
   <trkpt lat="50.95544000813982" lon="4.924856663241525">
    <ele>39.830000000000005</ele>
   </trkpt>
   <trkpt lat="50.955360000000006" lon="4.9238800000000005">
    <ele>38.91</ele>
   </trkpt>
   <trkpt lat="50.95538668292693" lon="4.922500001633884">
    <ele>37.410000000000004</ele>
   </trkpt>
   <trkpt lat="50.95541334959261" lon="4.921120001683506">
    <ele>36.120000000000005</ele>
   </trkpt>
   <trkpt lat="50.95544" lon="4.91974">
    <ele>36.550000000000004</ele>
   </trkpt>
   <trkpt lat="50.955780000000004" lon="4.91974">
    <ele>36.47</ele>
   </trkpt>
   <trkpt lat="50.95591" lon="4.919790000000001">
    <ele>36.67</ele>
   </trkpt>
   <trkpt lat="50.956050000000005" lon="4.9198900000000005">
    <ele>37.07000000000001</ele>
   </trkpt>
   <trkpt lat="50.95647000065097" lon="4.92026499665584">
    <ele>39.120000000000005</ele>
   </trkpt>
   <trkpt lat="50.95689" lon="4.920640000000001">
    <ele>43.050000000000004</ele>
   </trkpt>
   <trkpt lat="50.956990000000005" lon="4.920710000000001">
    <ele>44.36</ele>
   </trkpt>
   <trkpt lat="50.957060000000006" lon="4.920710000000001">
    <ele>44.36</ele>
   </trkpt>
   <trkpt lat="50.95721" lon="4.92065">
    <ele>45.69</ele>
   </trkpt>
   <trkpt lat="50.957260000000005" lon="4.92058">
    <ele>45.980000000000004</ele>
   </trkpt>
   <trkpt lat="50.957300000000004" lon="4.920470000000001">
    <ele>46.48</ele>
   </trkpt>
   <trkpt lat="50.95732" lon="4.92035">
    <ele>46.89</ele>
   </trkpt>
   <trkpt lat="50.95732" lon="4.920170000000001">
    <ele>47.440000000000005</ele>
   </trkpt>
   <trkpt lat="50.957235002578344" lon="4.919394998710676">
    <ele>49.36</ele>
   </trkpt>
   <trkpt lat="50.957150000000006" lon="4.918620000000001">
    <ele>50.5</ele>
   </trkpt>
   <trkpt lat="50.95706500470672" lon="4.9175699980765755">
    <ele>50.77</ele>
   </trkpt>
   <trkpt lat="50.95698" lon="4.91652">
    <ele>50.510000000000005</ele>
   </trkpt>
   <trkpt lat="50.956990000000005" lon="4.9160900000000005">
    <ele>50.510000000000005</ele>
   </trkpt>
   <trkpt lat="50.95702000000001" lon="4.9158800000000005">
    <ele>50.510000000000005</ele>
   </trkpt>
   <trkpt lat="50.956990000000005" lon="4.91465">
    <ele>48.63</ele>
   </trkpt>
   <trkpt lat="50.957" lon="4.91446">
    <ele>46.080000000000005</ele>
   </trkpt>
   <trkpt lat="50.95703" lon="4.91429">
    <ele>46.080000000000005</ele>
   </trkpt>
   <trkpt lat="50.95734" lon="4.913290000000001">
    <ele>40.21</ele>
   </trkpt>
   <trkpt lat="50.957370000000004" lon="4.913010000000001">
    <ele>39.06</ele>
   </trkpt>
   <trkpt lat="50.95717000810196" lon="4.912036658349555">
    <ele>37.26</ele>
   </trkpt>
   <trkpt lat="50.95697000811451" lon="4.911063325077472">
    <ele>35.24</ele>
   </trkpt>
   <trkpt lat="50.956770000000006" lon="4.91009">
    <ele>34.690000000000005</ele>
   </trkpt>
   <trkpt lat="50.95669" lon="4.909680000000001">
    <ele>34.620000000000005</ele>
   </trkpt>
   <trkpt lat="50.95667" lon="4.909490000000001">
    <ele>34.47</ele>
   </trkpt>
   <trkpt lat="50.957160004674094" lon="4.908750015608902">
    <ele>30.88</ele>
   </trkpt>
   <trkpt lat="50.95765000467253" lon="4.9080100156115165">
    <ele>28.85</ele>
   </trkpt>
   <trkpt lat="50.95814000000001" lon="4.9072700000000005">
    <ele>27.39</ele>
   </trkpt>
   <trkpt lat="50.95816000000001" lon="4.907190000000001">
    <ele>27.14</ele>
   </trkpt>
   <trkpt lat="50.95816000000001" lon="4.906230000000001">
    <ele>25.910000000000004</ele>
   </trkpt>
   <trkpt lat="50.95824" lon="4.904940000000001">
    <ele>25.18</ele>
   </trkpt>
   <trkpt lat="50.958400000000005" lon="4.90408">
    <ele>24.37</ele>
   </trkpt>
   <trkpt lat="50.95864" lon="4.903020000000001">
    <ele>23.19</ele>
   </trkpt>
   <trkpt lat="50.95864" lon="4.9029300000000005">
    <ele>23.19</ele>
   </trkpt>
   <trkpt lat="50.95857" lon="4.90279">
    <ele>22.98</ele>
   </trkpt>
   <trkpt lat="50.958510000000004" lon="4.90275">
    <ele>22.860000000000003</ele>
   </trkpt>
   <trkpt lat="50.9583" lon="4.90266">
    <ele>22.230000000000004</ele>
   </trkpt>
   <trkpt lat="50.958220000000004" lon="4.90258">
    <ele>21.86</ele>
   </trkpt>
   <trkpt lat="50.958130000000004" lon="4.9023900000000005">
    <ele>21.71</ele>
   </trkpt>
   <trkpt lat="50.958040000000004" lon="4.90209">
    <ele>21.820000000000004</ele>
   </trkpt>
   <trkpt lat="50.957950000000004" lon="4.90195">
    <ele>21.900000000000002</ele>
   </trkpt>
   <trkpt lat="50.957840000000004" lon="4.901890000000001">
    <ele>21.900000000000002</ele>
   </trkpt>
   <trkpt lat="50.957170000000005" lon="4.90176">
    <ele>22.430000000000003</ele>
   </trkpt>
   <trkpt lat="50.95711000000001" lon="4.90172">
    <ele>22.8</ele>
   </trkpt>
   <trkpt lat="50.957" lon="4.90158">
    <ele>22.8</ele>
   </trkpt>
   <trkpt lat="50.95666500177373" lon="4.900939995433968">
    <ele>22.580000000000002</ele>
   </trkpt>
   <trkpt lat="50.95633" lon="4.9003000000000005">
    <ele>22.44</ele>
   </trkpt>
   <trkpt lat="50.95595" lon="4.899520000000001">
    <ele>22.63</ele>
   </trkpt>
   <trkpt lat="50.95595" lon="4.89951">
    <ele>22.64</ele>
   </trkpt>
   <trkpt lat="50.95579000000001" lon="4.89918">
    <ele>22.860000000000003</ele>
   </trkpt>
   <trkpt lat="50.95570000000001" lon="4.89906">
    <ele>22.930000000000003</ele>
   </trkpt>
   <trkpt lat="50.95571" lon="4.89852">
    <ele>22.78</ele>
   </trkpt>
   <trkpt lat="50.95590000000001" lon="4.898090000000001">
    <ele>22.38</ele>
   </trkpt>
   <trkpt lat="50.956270000865615" lon="4.89768500304371">
    <ele>21.980000000000004</ele>
   </trkpt>
   <trkpt lat="50.95664000000001" lon="4.89728">
    <ele>22.1</ele>
   </trkpt>
   <trkpt lat="50.956570000000006" lon="4.89714">
    <ele>22.09</ele>
   </trkpt>
   <trkpt lat="50.95649" lon="4.89709">
    <ele>21.980000000000004</ele>
   </trkpt>
   <trkpt lat="50.95570333386421" lon="4.896829991182016">
    <ele>22.09</ele>
   </trkpt>
   <trkpt lat="50.95491666715119" lon="4.896569991166878">
    <ele>22.55</ele>
   </trkpt>
   <trkpt lat="50.954130000000006" lon="4.896310000000001">
    <ele>22.820000000000004</ele>
   </trkpt>
   <trkpt lat="50.95358" lon="4.896070000000001">
    <ele>22.930000000000003</ele>
   </trkpt>
   <trkpt lat="50.95304" lon="4.895630000000001">
    <ele>23.110000000000003</ele>
   </trkpt>
   <trkpt lat="50.95271" lon="4.89524">
    <ele>23.23</ele>
   </trkpt>
   <trkpt lat="50.952128348518144" lon="4.894396613897304">
    <ele>23.500000000000004</ele>
   </trkpt>
   <trkpt lat="50.95154669096267" lon="4.893553248904328">
    <ele>23.66</ele>
   </trkpt>
   <trkpt lat="50.950965027333844" lon="4.8927099050203235">
    <ele>23.91</ele>
   </trkpt>
   <trkpt lat="50.95038335763196" lon="4.891866582244548">
    <ele>24.39</ele>
   </trkpt>
   <trkpt lat="50.949801681857295" lon="4.8910232805762535">
    <ele>24.860000000000003</ele>
   </trkpt>
   <trkpt lat="50.949220000000004" lon="4.89018">
    <ele>25.330000000000002</ele>
   </trkpt>
   <trkpt lat="50.94892" lon="4.889830000000001">
    <ele>25.44</ele>
   </trkpt>
   <trkpt lat="50.94934000000001" lon="4.88909">
    <ele>24.26</ele>
   </trkpt>
   <trkpt lat="50.949870000000004" lon="4.888170000000001">
    <ele>25.380000000000003</ele>
   </trkpt>
   <trkpt lat="50.950430000000004" lon="4.88712">
    <ele>29.300000000000004</ele>
   </trkpt>
   <trkpt lat="50.950570000000006" lon="4.88691">
    <ele>30.38</ele>
   </trkpt>
   <trkpt lat="50.95067" lon="4.88684">
    <ele>32.85</ele>
   </trkpt>
   <trkpt lat="50.950900000000004" lon="4.8867400000000005">
    <ele>34.120000000000005</ele>
   </trkpt>
   <trkpt lat="50.951260000000005" lon="4.88633">
    <ele>36.42</ele>
   </trkpt>
   <trkpt lat="50.95165" lon="4.88571">
    <ele>44.42</ele>
   </trkpt>
   <trkpt lat="50.95181" lon="4.885560000000001">
    <ele>46.06</ele>
   </trkpt>
   <trkpt lat="50.951980000000006" lon="4.8854500000000005">
    <ele>47.66</ele>
   </trkpt>
   <trkpt lat="50.952130000000004" lon="4.8853">
    <ele>48.660000000000004</ele>
   </trkpt>
   <trkpt lat="50.952560000000005" lon="4.884600000000001">
    <ele>52.36</ele>
   </trkpt>
   <trkpt lat="50.952380000000005" lon="4.884390000000001">
    <ele>54.19</ele>
   </trkpt>
   <trkpt lat="50.952180000000006" lon="4.88407">
    <ele>57.27</ele>
   </trkpt>
   <trkpt lat="50.95203000000001" lon="4.883990000000001">
    <ele>58.150000000000006</ele>
   </trkpt>
   <trkpt lat="50.95161" lon="4.88368">
    <ele>62.90000000000001</ele>
   </trkpt>
   <trkpt lat="50.951260000000005" lon="4.88321">
    <ele>65.45</ele>
   </trkpt>
   <trkpt lat="50.95091000000001" lon="4.882840000000001">
    <ele>65.14999999999999</ele>
   </trkpt>
   <trkpt lat="50.95076" lon="4.8827300000000005">
    <ele>65.18</ele>
   </trkpt>
   <trkpt lat="50.950610000000005" lon="4.882650000000001">
    <ele>65.18</ele>
   </trkpt>
   <trkpt lat="50.950140000000005" lon="4.88248">
    <ele>65.48</ele>
   </trkpt>
   <trkpt lat="50.94950000000001" lon="4.88201">
    <ele>63.94000000000001</ele>
   </trkpt>
   <trkpt lat="50.949310000000004" lon="4.8817900000000005">
    <ele>64.48</ele>
   </trkpt>
   <trkpt lat="50.94919" lon="4.881600000000001">
    <ele>64.48</ele>
   </trkpt>
   <trkpt lat="50.9489" lon="4.8810400000000005">
    <ele>65.49000000000001</ele>
   </trkpt>
   <trkpt lat="50.94867000000001" lon="4.880330000000001">
    <ele>66.16000000000001</ele>
   </trkpt>
   <trkpt lat="50.94836" lon="4.87978">
    <ele>65.91000000000001</ele>
   </trkpt>
   <trkpt lat="50.94807" lon="4.87905">
    <ele>67.53</ele>
   </trkpt>
   <trkpt lat="50.94793000000001" lon="4.87852">
    <ele>69.24000000000001</ele>
   </trkpt>
   <trkpt lat="50.947860000000006" lon="4.8781300000000005">
    <ele>70.11</ele>
   </trkpt>
   <trkpt lat="50.94764000000001" lon="4.87758">
    <ele>71.22</ele>
   </trkpt>
   <trkpt lat="50.94747" lon="4.876950000000001">
    <ele>70.02</ele>
   </trkpt>
   <trkpt lat="50.947250000000004" lon="4.875940000000001">
    <ele>66.44</ele>
   </trkpt>
   <trkpt lat="50.94722" lon="4.87556">
    <ele>65.56</ele>
   </trkpt>
   <trkpt lat="50.94717000761381" lon="4.874224998680044">
    <ele>65.50999999999999</ele>
   </trkpt>
   <trkpt lat="50.947120000000005" lon="4.872890000000001">
    <ele>64.71000000000001</ele>
   </trkpt>
   <trkpt lat="50.947120000000005" lon="4.87288">
    <ele>64.71000000000001</ele>
   </trkpt>
   <trkpt lat="50.94707500479066" lon="4.871819998815882">
    <ele>65.61</ele>
   </trkpt>
   <trkpt lat="50.947030000000005" lon="4.870760000000001">
    <ele>63.78</ele>
   </trkpt>
   <trkpt lat="50.947" lon="4.87032">
    <ele>62.18000000000001</ele>
   </trkpt>
   <trkpt lat="50.94697000000001" lon="4.87019">
    <ele>61.120000000000005</ele>
   </trkpt>
   <trkpt lat="50.94664" lon="4.87061">
    <ele>57.14</ele>
   </trkpt>
   <trkpt lat="50.94639" lon="4.8708100000000005">
    <ele>56.27</ele>
   </trkpt>
   <trkpt lat="50.94623000000001" lon="4.87086">
    <ele>55.400000000000006</ele>
   </trkpt>
   <trkpt lat="50.946130000000004" lon="4.87084">
    <ele>54.36000000000001</ele>
   </trkpt>
   <trkpt lat="50.94606" lon="4.8708">
    <ele>54.36000000000001</ele>
   </trkpt>
   <trkpt lat="50.94588" lon="4.870640000000001">
    <ele>52.77</ele>
   </trkpt>
   <trkpt lat="50.945780000000006" lon="4.8706000000000005">
    <ele>52.050000000000004</ele>
   </trkpt>
   <trkpt lat="50.94574" lon="4.8706000000000005">
    <ele>52.050000000000004</ele>
   </trkpt>
   <trkpt lat="50.945510000000006" lon="4.8707400000000005">
    <ele>48.690000000000005</ele>
   </trkpt>
   <trkpt lat="50.94545" lon="4.87072">
    <ele>48.690000000000005</ele>
   </trkpt>
   <trkpt lat="50.94538000000001" lon="4.870640000000001">
    <ele>48.690000000000005</ele>
   </trkpt>
   <trkpt lat="50.945060000000005" lon="4.8699900000000005">
    <ele>42.79</ele>
   </trkpt>
   <trkpt lat="50.94496" lon="4.869840000000001">
    <ele>41.49</ele>
   </trkpt>
   <trkpt lat="50.94454" lon="4.86936">
    <ele>38.36000000000001</ele>
   </trkpt>
   <trkpt lat="50.94449" lon="4.86934">
    <ele>38.36000000000001</ele>
   </trkpt>
   <trkpt lat="50.94404" lon="4.86934">
    <ele>35.03000000000001</ele>
   </trkpt>
   <trkpt lat="50.94321000000001" lon="4.8692">
    <ele>32.150000000000006</ele>
   </trkpt>
   <trkpt lat="50.94303000000001" lon="4.869120000000001">
    <ele>31.93</ele>
   </trkpt>
   <trkpt lat="50.94274000000001" lon="4.86889">
    <ele>31.39</ele>
   </trkpt>
   <trkpt lat="50.942730000000005" lon="4.86889">
    <ele>31.380000000000006</ele>
   </trkpt>
   <trkpt lat="50.942330000000005" lon="4.8684">
    <ele>31.160000000000004</ele>
   </trkpt>
   <trkpt lat="50.9417300019597" lon="4.869080008791994">
    <ele>29.310000000000002</ele>
   </trkpt>
   <trkpt lat="50.94113" lon="4.86976">
    <ele>28.220000000000002</ele>
   </trkpt>
   <trkpt lat="50.94069500104914" lon="4.870275004916843">
    <ele>27.13</ele>
   </trkpt>
   <trkpt lat="50.94026" lon="4.87079">
    <ele>27.26</ele>
   </trkpt>
   <trkpt lat="50.93983751281687" lon="4.869789972757197">
    <ele>26.830000000000002</ele>
   </trkpt>
   <trkpt lat="50.93941501709371" lon="4.868789963687608">
    <ele>26.87</ele>
   </trkpt>
   <trkpt lat="50.938992512830765" lon="4.867789972790997">
    <ele>26.740000000000002</ele>
   </trkpt>
   <trkpt lat="50.938570000000006" lon="4.866790000000001">
    <ele>26.860000000000003</ele>
   </trkpt>
   <trkpt lat="50.93827" lon="4.86627">
    <ele>27.040000000000003</ele>
   </trkpt>
   <trkpt lat="50.938010000000006" lon="4.8659300000000005">
    <ele>27.1</ele>
   </trkpt>
   <trkpt lat="50.93777000000001" lon="4.865690000000001">
    <ele>27.1</ele>
   </trkpt>
   <trkpt lat="50.93723000000001" lon="4.86528">
    <ele>26.950000000000003</ele>
   </trkpt>
   <trkpt lat="50.93688" lon="4.864990000000001">
    <ele>26.820000000000004</ele>
   </trkpt>
   <trkpt lat="50.93668" lon="4.86477">
    <ele>26.820000000000004</ele>
   </trkpt>
   <trkpt lat="50.93636000000001" lon="4.86434">
    <ele>26.64</ele>
   </trkpt>
   <trkpt lat="50.93571000390206" lon="4.863379986532723">
    <ele>26.62</ele>
   </trkpt>
   <trkpt lat="50.93506000000001" lon="4.86242">
    <ele>26.47</ele>
   </trkpt>
   <trkpt lat="50.93473" lon="4.86183">
    <ele>26.390000000000004</ele>
   </trkpt>
   <trkpt lat="50.93441000000001" lon="4.861210000000001">
    <ele>26.38</ele>
   </trkpt>
   <trkpt lat="50.934160000000006" lon="4.8606300000000005">
    <ele>26.63</ele>
   </trkpt>
   <trkpt lat="50.93413" lon="4.86038">
    <ele>26.860000000000003</ele>
   </trkpt>
   <trkpt lat="50.93394000000001" lon="4.85993">
    <ele>27.000000000000004</ele>
   </trkpt>
   <trkpt lat="50.933780000000006" lon="4.85979">
    <ele>27.19</ele>
   </trkpt>
   <trkpt lat="50.93325" lon="4.85885">
    <ele>27.380000000000003</ele>
   </trkpt>
   <trkpt lat="50.93316" lon="4.85846">
    <ele>27.4</ele>
   </trkpt>
   <trkpt lat="50.93289000000001" lon="4.85785">
    <ele>27.87</ele>
   </trkpt>
   <trkpt lat="50.932770000000005" lon="4.85796">
    <ele>27.950000000000003</ele>
   </trkpt>
   <trkpt lat="50.93249" lon="4.85744">
    <ele>27.67</ele>
   </trkpt>
   <trkpt lat="50.932150003008466" lon="4.856614994216811">
    <ele>27.560000000000002</ele>
   </trkpt>
   <trkpt lat="50.931810000000006" lon="4.855790000000001">
    <ele>27.720000000000002</ele>
   </trkpt>
   <trkpt lat="50.93142" lon="4.85493">
    <ele>27.8</ele>
   </trkpt>
   <trkpt lat="50.93115" lon="4.854170000000001">
    <ele>28.0</ele>
   </trkpt>
   <trkpt lat="50.930910000000004" lon="4.853350000000001">
    <ele>27.770000000000003</ele>
   </trkpt>
   <trkpt lat="50.930910000000004" lon="4.85334">
    <ele>27.770000000000003</ele>
   </trkpt>
   <trkpt lat="50.93067500319483" lon="4.852479995788918">
    <ele>27.450000000000003</ele>
   </trkpt>
   <trkpt lat="50.930440000000004" lon="4.8516200000000005">
    <ele>27.66</ele>
   </trkpt>
   <trkpt lat="50.93003500512439" lon="4.850529990646395">
    <ele>28.92</ele>
   </trkpt>
   <trkpt lat="50.92963" lon="4.84944">
    <ele>28.16</ele>
   </trkpt>
   <trkpt lat="50.929610000000004" lon="4.84916">
    <ele>28.07</ele>
   </trkpt>
   <trkpt lat="50.929660000000005" lon="4.84905">
    <ele>28.07</ele>
   </trkpt>
   <trkpt lat="50.92985" lon="4.848800000000001">
    <ele>27.650000000000002</ele>
   </trkpt>
   <trkpt lat="50.930335001205336" lon="4.8482500058329565">
    <ele>27.46</ele>
   </trkpt>
   <trkpt lat="50.930820000000004" lon="4.847700000000001">
    <ele>27.53</ele>
   </trkpt>
   <trkpt lat="50.9311" lon="4.847300000000001">
    <ele>27.57</ele>
   </trkpt>
   <trkpt lat="50.93151500211807" lon="4.846585006491569">
    <ele>27.720000000000002</ele>
   </trkpt>
   <trkpt lat="50.93193" lon="4.845870000000001">
    <ele>27.450000000000003</ele>
   </trkpt>
   <trkpt lat="50.932120000000005" lon="4.84558">
    <ele>27.32</ele>
   </trkpt>
   <trkpt lat="50.932280000000006" lon="4.84537">
    <ele>27.32</ele>
   </trkpt>
   <trkpt lat="50.932915002186135" lon="4.84465500975866">
    <ele>27.06</ele>
   </trkpt>
   <trkpt lat="50.933550000000004" lon="4.843940000000001">
    <ele>26.590000000000003</ele>
   </trkpt>
   <trkpt lat="50.9337" lon="4.843710000000001">
    <ele>26.580000000000002</ele>
   </trkpt>
   <trkpt lat="50.93385000000001" lon="4.843430000000001">
    <ele>26.6</ele>
   </trkpt>
   <trkpt lat="50.933960000000006" lon="4.84327">
    <ele>26.770000000000003</ele>
   </trkpt>
   <trkpt lat="50.93413" lon="4.84313">
    <ele>26.8</ele>
   </trkpt>
   <trkpt lat="50.93458000030428" lon="4.842845002784677">
    <ele>26.730000000000004</ele>
   </trkpt>
   <trkpt lat="50.935030000000005" lon="4.842560000000001">
    <ele>26.54</ele>
   </trkpt>
   <trkpt lat="50.93504" lon="4.84255">
    <ele>26.54</ele>
   </trkpt>
   <trkpt lat="50.93524000000001" lon="4.8424000000000005">
    <ele>26.47</ele>
   </trkpt>
   <trkpt lat="50.93562000000001" lon="4.84198">
    <ele>26.71</ele>
   </trkpt>
   <trkpt lat="50.935680000000005" lon="4.8418600000000005">
    <ele>26.750000000000004</ele>
   </trkpt>
   <trkpt lat="50.935700000000004" lon="4.841760000000001">
    <ele>26.750000000000004</ele>
   </trkpt>
   <trkpt lat="50.93569" lon="4.84163">
    <ele>26.730000000000004</ele>
   </trkpt>
   <trkpt lat="50.93533000000001" lon="4.840350000000001">
    <ele>25.94</ele>
   </trkpt>
   <trkpt lat="50.935230000000004" lon="4.84016">
    <ele>25.650000000000002</ele>
   </trkpt>
   <trkpt lat="50.934850000000004" lon="4.839740000000001">
    <ele>25.14</ele>
   </trkpt>
   <trkpt lat="50.934470000000005" lon="4.83936">
    <ele>25.120000000000005</ele>
   </trkpt>
   <trkpt lat="50.93394666980007" lon="4.838756653116711">
    <ele>25.66</ele>
   </trkpt>
   <trkpt lat="50.93342333649137" lon="4.8381533198119895">
    <ele>26.01</ele>
   </trkpt>
   <trkpt lat="50.932900000000004" lon="4.83755">
    <ele>26.390000000000004</ele>
   </trkpt>
   <trkpt lat="50.93273000000001" lon="4.837470000000001">
    <ele>26.38</ele>
   </trkpt>
   <trkpt lat="50.9322" lon="4.83731">
    <ele>26.87</ele>
   </trkpt>
   <trkpt lat="50.93211" lon="4.83638">
    <ele>27.580000000000002</ele>
   </trkpt>
   <trkpt lat="50.932100000000005" lon="4.836080000000001">
    <ele>28.240000000000002</ele>
   </trkpt>
   <trkpt lat="50.932170000000006" lon="4.83506">
    <ele>29.210000000000004</ele>
   </trkpt>
   <trkpt lat="50.932170004934655" lon="4.833984999985029">
    <ele>29.36</ele>
   </trkpt>
   <trkpt lat="50.932170000000006" lon="4.83291">
    <ele>29.86</ele>
   </trkpt>
   <trkpt lat="50.93214500427134" lon="4.831909999511054">
    <ele>27.8</ele>
   </trkpt>
   <trkpt lat="50.932120000000005" lon="4.83091">
    <ele>26.88</ele>
   </trkpt>
   <trkpt lat="50.932" lon="4.82964">
    <ele>26.580000000000002</ele>
   </trkpt>
   <trkpt lat="50.932" lon="4.829300000000001">
    <ele>26.580000000000002</ele>
   </trkpt>
   <trkpt lat="50.93210500431312" lon="4.828295002266901">
    <ele>26.63</ele>
   </trkpt>
   <trkpt lat="50.932210000000005" lon="4.8272900000000005">
    <ele>26.3</ele>
   </trkpt>
   <trkpt lat="50.93236000459599" lon="4.826255003188003">
    <ele>25.66</ele>
   </trkpt>
   <trkpt lat="50.93251" lon="4.825220000000001">
    <ele>25.42</ele>
   </trkpt>
   <trkpt lat="50.93263" lon="4.82432">
    <ele>25.710000000000004</ele>
   </trkpt>
   <trkpt lat="50.932680000000005" lon="4.823740000000001">
    <ele>26.44</ele>
   </trkpt>
   <trkpt lat="50.93272" lon="4.82307">
    <ele>26.950000000000003</ele>
   </trkpt>
   <trkpt lat="50.932700000000004" lon="4.82256">
    <ele>27.92</ele>
   </trkpt>
   <trkpt lat="50.932640000000006" lon="4.821940000000001">
    <ele>29.550000000000004</ele>
   </trkpt>
   <trkpt lat="50.93249" lon="4.82101">
    <ele>31.5</ele>
   </trkpt>
   <trkpt lat="50.932320000000004" lon="4.820180000000001">
    <ele>31.28</ele>
   </trkpt>
   <trkpt lat="50.932210000000005" lon="4.81975">
    <ele>30.840000000000003</ele>
   </trkpt>
   <trkpt lat="50.93198" lon="4.81895">
    <ele>30.050000000000004</ele>
   </trkpt>
   <trkpt lat="50.93182" lon="4.818420000000001">
    <ele>29.460000000000004</ele>
   </trkpt>
   <trkpt lat="50.931720000000006" lon="4.81801">
    <ele>29.36</ele>
   </trkpt>
   <trkpt lat="50.93145402567772" lon="4.816783971972921">
    <ele>28.93</ele>
   </trkpt>
   <trkpt lat="50.931188038518336" lon="4.815557957968299">
    <ele>29.580000000000002</ele>
   </trkpt>
   <trkpt lat="50.9309220385221" lon="4.814331957986521">
    <ele>29.040000000000003</ele>
   </trkpt>
   <trkpt lat="50.93065602568931" lon="4.8131059720279685">
    <ele>28.330000000000002</ele>
   </trkpt>
   <trkpt lat="50.93039" lon="4.81188">
    <ele>27.19</ele>
   </trkpt>
   <trkpt lat="50.93028" lon="4.811470000000001">
    <ele>26.78</ele>
   </trkpt>
   <trkpt lat="50.930060000000005" lon="4.81087">
    <ele>26.02</ele>
   </trkpt>
   <trkpt lat="50.92992" lon="4.8106100000000005">
    <ele>25.490000000000002</ele>
   </trkpt>
   <trkpt lat="50.9296" lon="4.810110000000001">
    <ele>25.27</ele>
   </trkpt>
   <trkpt lat="50.92938" lon="4.80984">
    <ele>25.23</ele>
   </trkpt>
   <trkpt lat="50.92927" lon="4.809760000000001">
    <ele>25.14</ele>
   </trkpt>
   <trkpt lat="50.92913" lon="4.809710000000001">
    <ele>25.14</ele>
   </trkpt>
   <trkpt lat="50.92902" lon="4.809710000000001">
    <ele>25.150000000000002</ele>
   </trkpt>
   <trkpt lat="50.928920000000005" lon="4.80975">
    <ele>25.150000000000002</ele>
   </trkpt>
   <trkpt lat="50.92827666884859" lon="4.810256680689663">
    <ele>26.430000000000003</ele>
   </trkpt>
   <trkpt lat="50.92763333550467" lon="4.810763347364409">
    <ele>27.200000000000003</ele>
   </trkpt>
   <trkpt lat="50.92699" lon="4.81127">
    <ele>27.770000000000003</ele>
   </trkpt>
   <trkpt lat="50.926880000000004" lon="4.8113">
    <ele>27.810000000000002</ele>
   </trkpt>
   <trkpt lat="50.926750000000006" lon="4.81125">
    <ele>27.790000000000003</ele>
   </trkpt>
   <trkpt lat="50.926680000000005" lon="4.811190000000001">
    <ele>27.610000000000003</ele>
   </trkpt>
   <trkpt lat="50.92662000000001" lon="4.811050000000001">
    <ele>27.610000000000003</ele>
   </trkpt>
   <trkpt lat="50.926370000000006" lon="4.81029">
    <ele>27.71</ele>
   </trkpt>
   <trkpt lat="50.926190000000005" lon="4.80961">
    <ele>28.0</ele>
   </trkpt>
   <trkpt lat="50.92606000000001" lon="4.809220000000001">
    <ele>28.67</ele>
   </trkpt>
   <trkpt lat="50.92593" lon="4.808890000000001">
    <ele>28.67</ele>
   </trkpt>
   <trkpt lat="50.92586000000001" lon="4.80863">
    <ele>28.87</ele>
   </trkpt>
   <trkpt lat="50.92578" lon="4.808210000000001">
    <ele>29.330000000000002</ele>
   </trkpt>
   <trkpt lat="50.92562" lon="4.806920000000001">
    <ele>30.720000000000002</ele>
   </trkpt>
   <trkpt lat="50.92562" lon="4.80663">
    <ele>30.78</ele>
   </trkpt>
   <trkpt lat="50.92586000000001" lon="4.80548">
    <ele>29.810000000000002</ele>
   </trkpt>
   <trkpt lat="50.92597000000001" lon="4.804950000000001">
    <ele>28.400000000000002</ele>
   </trkpt>
   <trkpt lat="50.92598" lon="4.80459">
    <ele>27.700000000000003</ele>
   </trkpt>
   <trkpt lat="50.92595000000001" lon="4.80435">
    <ele>27.380000000000003</ele>
   </trkpt>
   <trkpt lat="50.9257750038251" lon="4.803404996507846">
    <ele>26.44</ele>
   </trkpt>
   <trkpt lat="50.9256" lon="4.80246">
    <ele>25.710000000000004</ele>
   </trkpt>
   <trkpt lat="50.9256" lon="4.802250000000001">
    <ele>25.710000000000004</ele>
   </trkpt>
   <trkpt lat="50.92564" lon="4.8018600000000005">
    <ele>25.44</ele>
   </trkpt>
   <trkpt lat="50.92578" lon="4.801220000000001">
    <ele>25.1</ele>
   </trkpt>
   <trkpt lat="50.9258" lon="4.80088">
    <ele>25.030000000000005</ele>
   </trkpt>
   <trkpt lat="50.925790000000006" lon="4.800750000000001">
    <ele>25.030000000000005</ele>
   </trkpt>
   <trkpt lat="50.925540000000005" lon="4.799530000000001">
    <ele>24.55</ele>
   </trkpt>
   <trkpt lat="50.925342516581935" lon="4.79839248554534">
    <ele>24.75</ele>
   </trkpt>
   <trkpt lat="50.92514502211291" lon="4.797254980748502">
    <ele>25.23</ele>
   </trkpt>
   <trkpt lat="50.92494751659305" lon="4.796117485609878">
    <ele>25.540000000000003</ele>
   </trkpt>
   <trkpt lat="50.92475" lon="4.794980000000001">
    <ele>24.94</ele>
   </trkpt>
   <trkpt lat="50.924530000000004" lon="4.793640000000001">
    <ele>23.930000000000003</ele>
   </trkpt>
   <trkpt lat="50.9243" lon="4.7926">
    <ele>22.860000000000003</ele>
   </trkpt>
   <trkpt lat="50.92401" lon="4.791670000000001">
    <ele>22.42</ele>
   </trkpt>
   <trkpt lat="50.92383" lon="4.79087">
    <ele>22.46</ele>
   </trkpt>
   <trkpt lat="50.92372" lon="4.79049">
    <ele>22.56</ele>
   </trkpt>
   <trkpt lat="50.9234000029933" lon="4.789649994170129">
    <ele>22.910000000000004</ele>
   </trkpt>
   <trkpt lat="50.923080000000006" lon="4.788810000000001">
    <ele>22.92</ele>
   </trkpt>
   <trkpt lat="50.922760000000004" lon="4.787990000000001">
    <ele>22.81</ele>
   </trkpt>
   <trkpt lat="50.92264" lon="4.78763">
    <ele>22.78</ele>
   </trkpt>
   <trkpt lat="50.922560000000004" lon="4.787330000000001">
    <ele>22.660000000000004</ele>
   </trkpt>
   <trkpt lat="50.922450000000005" lon="4.786790000000001">
    <ele>22.430000000000003</ele>
   </trkpt>
   <trkpt lat="50.92239000000001" lon="4.78641">
    <ele>22.330000000000002</ele>
   </trkpt>
   <trkpt lat="50.922340000000005" lon="4.7858">
    <ele>22.1</ele>
   </trkpt>
   <trkpt lat="50.922290000000004" lon="4.7854600000000005">
    <ele>22.080000000000002</ele>
   </trkpt>
   <trkpt lat="50.922230000000006" lon="4.78523">
    <ele>22.17</ele>
   </trkpt>
   <trkpt lat="50.92213" lon="4.784940000000001">
    <ele>22.17</ele>
   </trkpt>
   <trkpt lat="50.92180000208876" lon="4.784229994826542">
    <ele>22.400000000000002</ele>
   </trkpt>
   <trkpt lat="50.92147000000001" lon="4.78352">
    <ele>22.6</ele>
   </trkpt>
   <trkpt lat="50.921260000000004" lon="4.782990000000001">
    <ele>22.73</ele>
   </trkpt>
   <trkpt lat="50.921130000000005" lon="4.78265">
    <ele>22.740000000000002</ele>
   </trkpt>
   <trkpt lat="50.920950000000005" lon="4.78199">
    <ele>22.51</ele>
   </trkpt>
   <trkpt lat="50.92087" lon="4.781610000000001">
    <ele>22.51</ele>
   </trkpt>
   <trkpt lat="50.920730003343515" lon="4.780729997581396">
    <ele>22.3</ele>
   </trkpt>
   <trkpt lat="50.920590000000004" lon="4.779850000000001">
    <ele>22.310000000000002</ele>
   </trkpt>
   <trkpt lat="50.92053000000001" lon="4.77934">
    <ele>22.38</ele>
   </trkpt>
   <trkpt lat="50.92059001216145" lon="4.778146669769009">
    <ele>22.51</ele>
   </trkpt>
   <trkpt lat="50.92065001216024" lon="4.776953336460048">
    <ele>23.55</ele>
   </trkpt>
   <trkpt lat="50.92071000000001" lon="4.77576">
    <ele>23.76</ele>
   </trkpt>
   <trkpt lat="50.9207633422833" lon="4.7747366689009825">
    <ele>24.220000000000002</ele>
   </trkpt>
   <trkpt lat="50.92081667562248" lon="4.773713335455779">
    <ele>24.89</ele>
   </trkpt>
   <trkpt lat="50.92087" lon="4.772690000000001">
    <ele>25.030000000000005</ele>
   </trkpt>
   <trkpt lat="50.9209" lon="4.7715000000000005">
    <ele>25.25</ele>
   </trkpt>
   <trkpt lat="50.92089000000001" lon="4.771240000000001">
    <ele>25.25</ele>
   </trkpt>
   <trkpt lat="50.920785004282756" lon="4.770234997439815">
    <ele>25.02</ele>
   </trkpt>
   <trkpt lat="50.920680000000004" lon="4.76923">
    <ele>24.690000000000005</ele>
   </trkpt>
   <trkpt lat="50.92060000329263" lon="4.768349998328175">
    <ele>24.380000000000003</ele>
   </trkpt>
   <trkpt lat="50.92052" lon="4.76747">
    <ele>23.970000000000002</ele>
   </trkpt>
   <trkpt lat="50.9205450026021" lon="4.766690000296247">
    <ele>24.450000000000003</ele>
   </trkpt>
   <trkpt lat="50.920570000000005" lon="4.765910000000001">
    <ele>24.51</ele>
   </trkpt>
   <trkpt lat="50.92052668293266" lon="4.764529997449014">
    <ele>24.700000000000003</ele>
   </trkpt>
   <trkpt lat="50.920483349599934" lon="4.763149997467989">
    <ele>24.34</ele>
   </trkpt>
   <trkpt lat="50.920440000000006" lon="4.76177">
    <ele>23.94</ele>
   </trkpt>
   <trkpt lat="50.92036" lon="4.760750000000001">
    <ele>24.01</ele>
   </trkpt>
   <trkpt lat="50.920230004092744" lon="4.759769997196898">
    <ele>24.6</ele>
   </trkpt>
   <trkpt lat="50.920100000000005" lon="4.75879">
    <ele>25.95</ele>
   </trkpt>
   <trkpt lat="50.920100000000005" lon="4.75861">
    <ele>26.42</ele>
   </trkpt>
   <trkpt lat="50.92005" lon="4.758590000000001">
    <ele>26.900000000000002</ele>
   </trkpt>
   <trkpt lat="50.91987" lon="4.75877">
    <ele>27.64</ele>
   </trkpt>
   <trkpt lat="50.91935500054426" lon="4.7591600043962226">
    <ele>28.42</ele>
   </trkpt>
   <trkpt lat="50.91884" lon="4.75955">
    <ele>29.86</ele>
   </trkpt>
   <trkpt lat="50.918253334991" lon="4.75999334452796">
    <ele>33.620000000000005</ele>
   </trkpt>
   <trkpt lat="50.91766666830326" lon="4.760436677877041">
    <ele>35.56</ele>
   </trkpt>
   <trkpt lat="50.917080000000006" lon="4.76088">
    <ele>39.95</ele>
   </trkpt>
   <trkpt lat="50.917260000000006" lon="4.761690000000001">
    <ele>44.54</ele>
   </trkpt>
   <trkpt lat="50.917280000000005" lon="4.761850000000001">
    <ele>45.28</ele>
   </trkpt>
   <trkpt lat="50.917280000000005" lon="4.76206">
    <ele>46.8</ele>
   </trkpt>
   <trkpt lat="50.91723" lon="4.7622100000000005">
    <ele>46.8</ele>
   </trkpt>
   <trkpt lat="50.91704000000001" lon="4.76241">
    <ele>48.56</ele>
   </trkpt>
   <trkpt lat="50.91677000000001" lon="4.762440000000001">
    <ele>51.11</ele>
   </trkpt>
   <trkpt lat="50.91610000000001" lon="4.76203">
    <ele>58.220000000000006</ele>
   </trkpt>
   <trkpt lat="50.915440000000004" lon="4.761340000000001">
    <ele>64.59</ele>
   </trkpt>
   <trkpt lat="50.91507000000001" lon="4.76095">
    <ele>68.78</ele>
   </trkpt>
   <trkpt lat="50.91494" lon="4.760890000000001">
    <ele>69.83</ele>
   </trkpt>
   <trkpt lat="50.91420000159725" lon="4.7613266805715835">
    <ele>73.01</ele>
   </trkpt>
   <trkpt lat="50.9134600015658" lon="4.76176334725653">
    <ele>74.33000000000001</ele>
   </trkpt>
   <trkpt lat="50.91272000000001" lon="4.7622">
    <ele>74.52</ele>
   </trkpt>
   <trkpt lat="50.91239" lon="4.762370000000001">
    <ele>74.34</ele>
   </trkpt>
   <trkpt lat="50.91228" lon="4.7611300000000005">
    <ele>72.76</ele>
   </trkpt>
   <trkpt lat="50.91214501607327" lon="4.76000999026734">
    <ele>72.12</ele>
   </trkpt>
   <trkpt lat="50.91201002143199" lon="4.758889987031439">
    <ele>71.84</ele>
   </trkpt>
   <trkpt lat="50.91187501607628" lon="4.757769990292744">
    <ele>71.81000000000002</ele>
   </trkpt>
   <trkpt lat="50.91174" lon="4.7566500000000005">
    <ele>72.12</ele>
   </trkpt>
   <trkpt lat="50.91151000000001" lon="4.75556">
    <ele>72.29</ele>
   </trkpt>
   <trkpt lat="50.91142000000001" lon="4.7550300000000005">
    <ele>72.68</ele>
   </trkpt>
   <trkpt lat="50.91140000000001" lon="4.75464">
    <ele>72.62</ele>
   </trkpt>
   <trkpt lat="50.911410000000004" lon="4.75427">
    <ele>72.4</ele>
   </trkpt>
   <trkpt lat="50.911370000000005" lon="4.75386">
    <ele>72.06</ele>
   </trkpt>
   <trkpt lat="50.91132" lon="4.75359">
    <ele>71.8</ele>
   </trkpt>
   <trkpt lat="50.91122000000001" lon="4.7532700000000006">
    <ele>71.71000000000001</ele>
   </trkpt>
   <trkpt lat="50.91102000000001" lon="4.752870000000001">
    <ele>71.23</ele>
   </trkpt>
   <trkpt lat="50.911010000000005" lon="4.75286">
    <ele>71.22</ele>
   </trkpt>
   <trkpt lat="50.91075000000001" lon="4.75234">
    <ele>70.63000000000001</ele>
   </trkpt>
   <trkpt lat="50.910590000000006" lon="4.75194">
    <ele>70.33</ele>
   </trkpt>
   <trkpt lat="50.91026" lon="4.750920000000001">
    <ele>69.3</ele>
   </trkpt>
   <trkpt lat="50.91022" lon="4.7507600000000005">
    <ele>69.3</ele>
   </trkpt>
   <trkpt lat="50.910210000000006" lon="4.75056">
    <ele>68.98</ele>
   </trkpt>
   <trkpt lat="50.91024" lon="4.750290000000001">
    <ele>68.91</ele>
   </trkpt>
   <trkpt lat="50.91035" lon="4.750030000000001">
    <ele>68.73</ele>
   </trkpt>
   <trkpt lat="50.910500000000006" lon="4.74983">
    <ele>68.73</ele>
   </trkpt>
   <trkpt lat="50.91093000000001" lon="4.749510000000001">
    <ele>68.74000000000001</ele>
   </trkpt>
   <trkpt lat="50.911100000000005" lon="4.74941">
    <ele>69.01</ele>
   </trkpt>
   <trkpt lat="50.91075000000001" lon="4.749110000000001">
    <ele>69.02000000000001</ele>
   </trkpt>
   <trkpt lat="50.91019000000001" lon="4.74875">
    <ele>68.93</ele>
   </trkpt>
   <trkpt lat="50.909530000000004" lon="4.748430000000001">
    <ele>67.60000000000001</ele>
   </trkpt>
   <trkpt lat="50.909180000000006" lon="4.74838">
    <ele>65.96000000000001</ele>
   </trkpt>
   <trkpt lat="50.909040000000005" lon="4.748340000000001">
    <ele>65.23</ele>
   </trkpt>
   <trkpt lat="50.908750000000005" lon="4.7480400000000005">
    <ele>61.67</ele>
   </trkpt>
   <trkpt lat="50.90869000000001" lon="4.74802">
    <ele>61.67</ele>
   </trkpt>
   <trkpt lat="50.90856" lon="4.74805">
    <ele>61.67</ele>
   </trkpt>
   <trkpt lat="50.90809" lon="4.7483">
    <ele>56.32</ele>
   </trkpt>
   <trkpt lat="50.90796" lon="4.748430000000001">
    <ele>54.830000000000005</ele>
   </trkpt>
   <trkpt lat="50.90775000000001" lon="4.7487200000000005">
    <ele>51.83</ele>
   </trkpt>
   <trkpt lat="50.90744" lon="4.74894">
    <ele>49.690000000000005</ele>
   </trkpt>
   <trkpt lat="50.907360000000004" lon="4.74899">
    <ele>49.690000000000005</ele>
   </trkpt>
   <trkpt lat="50.907230000000006" lon="4.74903">
    <ele>48.080000000000005</ele>
   </trkpt>
   <trkpt lat="50.907070000000004" lon="4.74899">
    <ele>47.23</ele>
   </trkpt>
   <trkpt lat="50.906960000000005" lon="4.74892">
    <ele>46.44</ele>
   </trkpt>
   <trkpt lat="50.906760000000006" lon="4.748670000000001">
    <ele>44.77</ele>
   </trkpt>
   <trkpt lat="50.906580000000005" lon="4.748340000000001">
    <ele>43.09</ele>
   </trkpt>
   <trkpt lat="50.90646" lon="4.748">
    <ele>42.24000000000001</ele>
   </trkpt>
   <trkpt lat="50.90639" lon="4.74788">
    <ele>41.92</ele>
   </trkpt>
   <trkpt lat="50.9063" lon="4.7477800000000006">
    <ele>41.660000000000004</ele>
   </trkpt>
   <trkpt lat="50.90619" lon="4.7477">
    <ele>40.980000000000004</ele>
   </trkpt>
   <trkpt lat="50.90608" lon="4.7477">
    <ele>40.980000000000004</ele>
   </trkpt>
   <trkpt lat="50.905810006722525" lon="4.746444992701244">
    <ele>38.99</ele>
   </trkpt>
   <trkpt lat="50.90554" lon="4.74519">
    <ele>34.690000000000005</ele>
   </trkpt>
   <trkpt lat="50.905375002845716" lon="4.744369996964168">
    <ele>33.980000000000004</ele>
   </trkpt>
   <trkpt lat="50.905210000000004" lon="4.743550000000001">
    <ele>33.1</ele>
   </trkpt>
   <trkpt lat="50.905210000000004" lon="4.74354">
    <ele>33.09</ele>
   </trkpt>
   <trkpt lat="50.90506000230859" lon="4.742804997638233">
    <ele>32.260000000000005</ele>
   </trkpt>
   <trkpt lat="50.90491" lon="4.74207">
    <ele>31.43</ele>
   </trkpt>
   <trkpt lat="50.9048" lon="4.74162">
    <ele>31.110000000000003</ele>
   </trkpt>
   <trkpt lat="50.90473" lon="4.7414000000000005">
    <ele>30.11</ele>
   </trkpt>
   <trkpt lat="50.90429" lon="4.7403900000000005">
    <ele>29.060000000000002</ele>
   </trkpt>
   <trkpt lat="50.90389000233178" lon="4.7396499936291425">
    <ele>28.040000000000003</ele>
   </trkpt>
   <trkpt lat="50.903490000000005" lon="4.738910000000001">
    <ele>28.0</ele>
   </trkpt>
   <trkpt lat="50.903360000000006" lon="4.738720000000001">
    <ele>27.94</ele>
   </trkpt>
   <trkpt lat="50.90287000000001" lon="4.7382100000000005">
    <ele>27.590000000000003</ele>
   </trkpt>
   <trkpt lat="50.90258000000001" lon="4.73787">
    <ele>27.87</ele>
   </trkpt>
   <trkpt lat="50.902370000000005" lon="4.73758">
    <ele>28.25</ele>
   </trkpt>
   <trkpt lat="50.90195000000001" lon="4.736890000000001">
    <ele>28.560000000000002</ele>
   </trkpt>
   <trkpt lat="50.90194" lon="4.736870000000001">
    <ele>28.560000000000002</ele>
   </trkpt>
   <trkpt lat="50.90144" lon="4.736000000000001">
    <ele>29.210000000000004</ele>
   </trkpt>
   <trkpt lat="50.901160000000004" lon="4.73564">
    <ele>29.330000000000002</ele>
   </trkpt>
   <trkpt lat="50.900850000000005" lon="4.735320000000001">
    <ele>29.730000000000004</ele>
   </trkpt>
   <trkpt lat="50.90063000000001" lon="4.735130000000001">
    <ele>29.57</ele>
   </trkpt>
   <trkpt lat="50.90046" lon="4.734940000000001">
    <ele>29.32</ele>
   </trkpt>
   <trkpt lat="50.90009000102565" lon="4.734484996558382">
    <ele>28.940000000000005</ele>
   </trkpt>
   <trkpt lat="50.89972" lon="4.734030000000001">
    <ele>28.200000000000003</ele>
   </trkpt>
   <trkpt lat="50.89914500157917" lon="4.733429992634266">
    <ele>27.810000000000002</ele>
   </trkpt>
   <trkpt lat="50.89857000000001" lon="4.732830000000001">
    <ele>27.900000000000002</ele>
   </trkpt>
   <trkpt lat="50.898450000000004" lon="4.73329">
    <ele>29.01</ele>
   </trkpt>
   <trkpt lat="50.898320000000005" lon="4.73355">
    <ele>29.540000000000003</ele>
   </trkpt>
   <trkpt lat="50.898070000000004" lon="4.73383">
    <ele>30.950000000000003</ele>
   </trkpt>
   <trkpt lat="50.897690000000004" lon="4.7342200000000005">
    <ele>32.46</ele>
   </trkpt>
   <trkpt lat="50.897380000000005" lon="4.73467">
    <ele>35.03000000000001</ele>
   </trkpt>
   <trkpt lat="50.89706" lon="4.73536">
    <ele>35.21000000000001</ele>
   </trkpt>
   <trkpt lat="50.896910000000005" lon="4.73583">
    <ele>34.71</ele>
   </trkpt>
   <trkpt lat="50.89681" lon="4.73634">
    <ele>34.39</ele>
   </trkpt>
   <trkpt lat="50.89670668008872" lon="4.737593338856615">
    <ele>34.660000000000004</ele>
   </trkpt>
   <trkpt lat="50.89660334675855" lon="4.738846672151401">
    <ele>35.28000000000001</ele>
   </trkpt>
   <trkpt lat="50.8965" lon="4.7401">
    <ele>36.45</ele>
   </trkpt>
   <trkpt lat="50.896510000000006" lon="4.7405100000000004">
    <ele>36.74</ele>
   </trkpt>
   <trkpt lat="50.896570000000004" lon="4.741140000000001">
    <ele>37.12</ele>
   </trkpt>
   <trkpt lat="50.89659" lon="4.7418000000000005">
    <ele>37.81</ele>
   </trkpt>
   <trkpt lat="50.896550000000005" lon="4.74228">
    <ele>38.470000000000006</ele>
   </trkpt>
   <trkpt lat="50.89649000000001" lon="4.74274">
    <ele>38.36000000000001</ele>
   </trkpt>
   <trkpt lat="50.896350000000005" lon="4.74329">
    <ele>38.09</ele>
   </trkpt>
   <trkpt lat="50.89618" lon="4.74382">
    <ele>37.06</ele>
   </trkpt>
   <trkpt lat="50.89582333970174" lon="4.744683346554248">
    <ele>36.02</ele>
   </trkpt>
   <trkpt lat="50.89546667303629" lon="4.74554667988444">
    <ele>33.7</ele>
   </trkpt>
   <trkpt lat="50.89511" lon="4.74641">
    <ele>33.330000000000005</ele>
   </trkpt>
   <trkpt lat="50.894960000000005" lon="4.74692">
    <ele>32.300000000000004</ele>
   </trkpt>
   <trkpt lat="50.894760000000005" lon="4.74774">
    <ele>31.55</ele>
   </trkpt>
   <trkpt lat="50.89453" lon="4.74896">
    <ele>30.860000000000003</ele>
   </trkpt>
   <trkpt lat="50.894490000000005" lon="4.749110000000001">
    <ele>30.650000000000002</ele>
   </trkpt>
   <trkpt lat="50.894400000000005" lon="4.7491900000000005">
    <ele>30.650000000000002</ele>
   </trkpt>
   <trkpt lat="50.89441000000001" lon="4.749350000000001">
    <ele>30.590000000000003</ele>
   </trkpt>
   <trkpt lat="50.894000000000005" lon="4.750570000000001">
    <ele>29.490000000000002</ele>
   </trkpt>
   <trkpt lat="50.89387000000001" lon="4.75142">
    <ele>29.23</ele>
   </trkpt>
   <trkpt lat="50.893780004645585" lon="4.75246500223752">
    <ele>29.36</ele>
   </trkpt>
   <trkpt lat="50.89369000000001" lon="4.75351">
    <ele>29.67</ele>
   </trkpt>
   <trkpt lat="50.89365" lon="4.754630000000001">
    <ele>30.17</ele>
   </trkpt>
   <trkpt lat="50.8937" lon="4.7553">
    <ele>30.500000000000004</ele>
   </trkpt>
   <trkpt lat="50.89376000000001" lon="4.75572">
    <ele>30.500000000000004</ele>
   </trkpt>
   <trkpt lat="50.8939" lon="4.75633">
    <ele>30.67</ele>
   </trkpt>
   <trkpt lat="50.89410000225521" lon="4.757059996788554">
    <ele>30.890000000000004</ele>
   </trkpt>
   <trkpt lat="50.8943" lon="4.75779">
    <ele>30.890000000000004</ele>
   </trkpt>
   <trkpt lat="50.8943" lon="4.75778">
    <ele>30.890000000000004</ele>
   </trkpt>
   <trkpt lat="50.894650000000006" lon="4.7589500000000005">
    <ele>31.43</ele>
   </trkpt>
   <trkpt lat="50.894990007126324" lon="4.759863319998438">
    <ele>32.480000000000004</ele>
   </trkpt>
   <trkpt lat="50.895330007126745" lon="4.760776653332731">
    <ele>33.93</ele>
   </trkpt>
   <trkpt lat="50.89567" lon="4.761690000000001">
    <ele>35.51</ele>
   </trkpt>
   <trkpt lat="50.895720000000004" lon="4.76191">
    <ele>36.15</ele>
   </trkpt>
   <trkpt lat="50.89576" lon="4.761950000000001">
    <ele>36.15</ele>
   </trkpt>
   <trkpt lat="50.895770000000006" lon="4.762040000000001">
    <ele>36.2</ele>
   </trkpt>
   <trkpt lat="50.8958" lon="4.762090000000001">
    <ele>36.2</ele>
   </trkpt>
   <trkpt lat="50.895810000000004" lon="4.76222">
    <ele>36.2</ele>
   </trkpt>
   <trkpt lat="50.895900000000005" lon="4.76245">
    <ele>36.42</ele>
   </trkpt>
   <trkpt lat="50.896170000000005" lon="4.763780000000001">
    <ele>37.64</ele>
   </trkpt>
   <trkpt lat="50.89634667676676" lon="4.764866658500542">
    <ele>38.56</ele>
   </trkpt>
   <trkpt lat="50.8965233434463" lon="4.765953325246148">
    <ele>40.99</ele>
   </trkpt>
   <trkpt lat="50.8967" lon="4.767040000000001">
    <ele>43.11</ele>
   </trkpt>
   <trkpt lat="50.89663" lon="4.7670900000000005">
    <ele>43.11</ele>
   </trkpt>
   <trkpt lat="50.896" lon="4.76778">
    <ele>40.39</ele>
   </trkpt>
   <trkpt lat="50.89585" lon="4.76789">
    <ele>38.27</ele>
   </trkpt>
   <trkpt lat="50.89574" lon="4.767930000000001">
    <ele>38.27</ele>
   </trkpt>
   <trkpt lat="50.89566000000001" lon="4.767930000000001">
    <ele>38.18000000000001</ele>
   </trkpt>
   <trkpt lat="50.89558" lon="4.767880000000001">
    <ele>37.28</ele>
   </trkpt>
   <trkpt lat="50.89551" lon="4.76776">
    <ele>37.28</ele>
   </trkpt>
   <trkpt lat="50.895320000000005" lon="4.768070000000001">
    <ele>37.06</ele>
   </trkpt>
   <trkpt lat="50.895030000000006" lon="4.76837">
    <ele>37.00000000000001</ele>
   </trkpt>
   <trkpt lat="50.89499000000001" lon="4.7683100000000005">
    <ele>37.00000000000001</ele>
   </trkpt>
   <trkpt lat="50.894940000000005" lon="4.768280000000001">
    <ele>37.00000000000001</ele>
   </trkpt>
   <trkpt lat="50.89463000000001" lon="4.76827">
    <ele>36.96</ele>
   </trkpt>
   <trkpt lat="50.8945" lon="4.768330000000001">
    <ele>37.01</ele>
   </trkpt>
   <trkpt lat="50.89424" lon="4.768330000000001">
    <ele>37.02</ele>
   </trkpt>
   <trkpt lat="50.89425000000001" lon="4.768330000000001">
    <ele>37.02</ele>
   </trkpt>
   <trkpt lat="50.893416000013346" lon="4.768325999713554">
    <ele>37.31</ele>
   </trkpt>
   <trkpt lat="50.89258200002656" lon="4.768321999570372">
    <ele>38.00000000000001</ele>
   </trkpt>
   <trkpt lat="50.89174800003962" lon="4.768317999570444">
    <ele>38.41</ele>
   </trkpt>
   <trkpt lat="50.89091400005253" lon="4.768313999713761">
    <ele>39.02</ele>
   </trkpt>
   <trkpt lat="50.890080000000005" lon="4.7683100000000005">
    <ele>39.910000000000004</ele>
   </trkpt>
   <trkpt lat="50.889610000000005" lon="4.76832">
    <ele>40.25</ele>
   </trkpt>
   <trkpt lat="50.88947" lon="4.76834">
    <ele>39.67</ele>
   </trkpt>
   <trkpt lat="50.88953000216267" lon="4.7690499991971045">
    <ele>40.120000000000005</ele>
   </trkpt>
   <trkpt lat="50.889590000000005" lon="4.769760000000001">
    <ele>41.7</ele>
   </trkpt>
   <trkpt lat="50.88879000000001" lon="4.76994">
    <ele>43.29</ele>
   </trkpt>
   <trkpt lat="50.88855" lon="4.76996">
    <ele>43.46000000000001</ele>
   </trkpt>
   <trkpt lat="50.888560000000005" lon="4.76996">
    <ele>43.46000000000001</ele>
   </trkpt>
   <trkpt lat="50.888089999813985" lon="4.769970000104863">
    <ele>44.36</ele>
   </trkpt>
   <trkpt lat="50.887620000000005" lon="4.76998">
    <ele>46.12</ele>
   </trkpt>
   <trkpt lat="50.88695333342288" lon="4.770110003731505">
    <ele>48.13</ele>
   </trkpt>
   <trkpt lat="50.88628666670137" lon="4.770240003742132">
    <ele>48.980000000000004</ele>
   </trkpt>
   <trkpt lat="50.88562" lon="4.770370000000001">
    <ele>50.47</ele>
   </trkpt>
   <trkpt lat="50.88521" lon="4.77041">
    <ele>50.300000000000004</ele>
   </trkpt>
   <trkpt lat="50.88512000000001" lon="4.770390000000001">
    <ele>50.300000000000004</ele>
   </trkpt>
   <trkpt lat="50.885130000000004" lon="4.77055">
    <ele>50.190000000000005</ele>
   </trkpt>
   <trkpt lat="50.884910000000005" lon="4.771800000000001">
    <ele>49.6</ele>
   </trkpt>
   <trkpt lat="50.88486" lon="4.7721800000000005">
    <ele>49.660000000000004</ele>
   </trkpt>
   <trkpt lat="50.88486" lon="4.772530000000001">
    <ele>49.93</ele>
   </trkpt>
   <trkpt lat="50.884925004626254" lon="4.773569998646698">
    <ele>50.29</ele>
   </trkpt>
   <trkpt lat="50.88499" lon="4.77461">
    <ele>51.11</ele>
   </trkpt>
   <trkpt lat="50.884980000000006" lon="4.774590000000001">
    <ele>51.10000000000001</ele>
   </trkpt>
   <trkpt lat="50.88503000000001" lon="4.7752300000000005">
    <ele>52.0</ele>
   </trkpt>
   <trkpt lat="50.8851" lon="4.77582">
    <ele>52.74</ele>
   </trkpt>
   <trkpt lat="50.8851" lon="4.775930000000001">
    <ele>52.74</ele>
   </trkpt>
   <trkpt lat="50.88508" lon="4.77608">
    <ele>53.26</ele>
   </trkpt>
   <trkpt lat="50.884780000000006" lon="4.77719">
    <ele>54.88</ele>
   </trkpt>
   <trkpt lat="50.884710000000005" lon="4.7784">
    <ele>57.5</ele>
   </trkpt>
   <trkpt lat="50.88443" lon="4.779240000000001">
    <ele>59.84</ele>
   </trkpt>
   <trkpt lat="50.884370000000004" lon="4.779520000000001">
    <ele>60.78000000000001</ele>
   </trkpt>
   <trkpt lat="50.884310000000006" lon="4.7799700000000005">
    <ele>62.63</ele>
   </trkpt>
   <trkpt lat="50.884190000000004" lon="4.780550000000001">
    <ele>65.02000000000001</ele>
   </trkpt>
   <trkpt lat="50.883970000000005" lon="4.78129">
    <ele>68.31</ele>
   </trkpt>
   <trkpt lat="50.88387" lon="4.78172">
    <ele>69.71000000000001</ele>
   </trkpt>
   <trkpt lat="50.88374" lon="4.782990000000001">
    <ele>72.86000000000001</ele>
   </trkpt>
   <trkpt lat="50.88370500243466" lon="4.783745000573202">
    <ele>73.73</ele>
   </trkpt>
   <trkpt lat="50.88367" lon="4.7845">
    <ele>74.81</ele>
   </trkpt>
   <trkpt lat="50.88302" lon="4.784660000000001">
    <ele>75.7</ele>
   </trkpt>
   <trkpt lat="50.882850000000005" lon="4.7849">
    <ele>76.4</ele>
   </trkpt>
   <trkpt lat="50.882670000000005" lon="4.785880000000001">
    <ele>78.24000000000001</ele>
   </trkpt>
   <trkpt lat="50.882600000000004" lon="4.78606">
    <ele>79.17999999999999</ele>
   </trkpt>
   <trkpt lat="50.88250000000001" lon="4.786230000000001">
    <ele>79.69000000000001</ele>
   </trkpt>
   <trkpt lat="50.88208" lon="4.78666">
    <ele>81.79</ele>
   </trkpt>
   <trkpt lat="50.882000000000005" lon="4.786770000000001">
    <ele>82.87</ele>
   </trkpt>
   <trkpt lat="50.881890000000006" lon="4.787030000000001">
    <ele>83.72</ele>
   </trkpt>
   <trkpt lat="50.881710003696796" lon="4.78796000358134">
    <ele>84.76</ele>
   </trkpt>
   <trkpt lat="50.881530000000005" lon="4.78889">
    <ele>84.68</ele>
   </trkpt>
   <trkpt lat="50.881420000000006" lon="4.789680000000001">
    <ele>84.68</ele>
   </trkpt>
   <trkpt lat="50.88119000492056" lon="4.790755005380897">
    <ele>84.84000000000002</ele>
   </trkpt>
   <trkpt lat="50.88096" lon="4.79183">
    <ele>86.60000000000001</ele>
   </trkpt>
   <trkpt lat="50.880880000000005" lon="4.79208">
    <ele>86.85000000000001</ele>
   </trkpt>
   <trkpt lat="50.88064000000001" lon="4.79267">
    <ele>87.9</ele>
   </trkpt>
   <trkpt lat="50.88049" lon="4.79316">
    <ele>88.17000000000002</ele>
   </trkpt>
   <trkpt lat="50.87995" lon="4.79403">
    <ele>89.85000000000001</ele>
   </trkpt>
   <trkpt lat="50.87988000000001" lon="4.794180000000001">
    <ele>89.85000000000001</ele>
   </trkpt>
   <trkpt lat="50.879500003703626" lon="4.79512000784114">
    <ele>91.67</ele>
   </trkpt>
   <trkpt lat="50.87912000000001" lon="4.796060000000001">
    <ele>94.15</ele>
   </trkpt>
   <trkpt lat="50.87850000365687" lon="4.795524978635748">
    <ele>95.56</ele>
   </trkpt>
   <trkpt lat="50.877880004868196" lon="4.794989971508259">
    <ele>96.96000000000001</ele>
   </trkpt>
   <trkpt lat="50.87726000363416" lon="4.794454978616895">
    <ele>97.0</ele>
   </trkpt>
   <trkpt lat="50.87664" lon="4.79392">
    <ele>96.93</ele>
   </trkpt>
   <trkpt lat="50.876340000000006" lon="4.793690000000001">
    <ele>97.04</ele>
   </trkpt>
   <trkpt lat="50.87614000000001" lon="4.79358">
    <ele>97.13000000000001</ele>
   </trkpt>
   <trkpt lat="50.875960000000006" lon="4.79351">
    <ele>97.24000000000001</ele>
   </trkpt>
   <trkpt lat="50.87577" lon="4.7934600000000005">
    <ele>97.46000000000001</ele>
   </trkpt>
   <trkpt lat="50.8753" lon="4.793430000000001">
    <ele>97.80000000000001</ele>
   </trkpt>
   <trkpt lat="50.87512" lon="4.79344">
    <ele>97.96000000000001</ele>
   </trkpt>
   <trkpt lat="50.874860000000005" lon="4.79352">
    <ele>97.96000000000001</ele>
   </trkpt>
   <trkpt lat="50.874680000000005" lon="4.7936000000000005">
    <ele>98.56</ele>
   </trkpt>
   <trkpt lat="50.874003334494894" lon="4.79397001074832">
    <ele>99.4</ele>
   </trkpt>
   <trkpt lat="50.87332666782009" lon="4.794340010752573">
    <ele>100.11</ele>
   </trkpt>
   <trkpt lat="50.87265000000001" lon="4.79471">
    <ele>100.85000000000001</ele>
   </trkpt>
   <trkpt lat="50.872510000000005" lon="4.79481">
    <ele>100.84000000000002</ele>
   </trkpt>
   <trkpt lat="50.87196" lon="4.79528">
    <ele>100.64</ele>
   </trkpt>
   <trkpt lat="50.87215500557701" lon="4.796424995070629">
    <ele>99.07000000000001</ele>
   </trkpt>
   <trkpt lat="50.872350000000004" lon="4.79757">
    <ele>99.02000000000001</ele>
   </trkpt>
   <trkpt lat="50.87252" lon="4.7983400000000005">
    <ele>100.11</ele>
   </trkpt>
   <trkpt lat="50.872150000000005" lon="4.79889">
    <ele>100.53</ele>
   </trkpt>
   <trkpt lat="50.871880000000004" lon="4.79933">
    <ele>101.03</ele>
   </trkpt>
   <trkpt lat="50.87165" lon="4.799790000000001">
    <ele>101.5</ele>
   </trkpt>
   <trkpt lat="50.87151" lon="4.7999">
    <ele>101.64</ele>
   </trkpt>
   <trkpt lat="50.871430000000004" lon="4.799930000000001">
    <ele>101.86</ele>
   </trkpt>
   <trkpt lat="50.87142000000001" lon="4.799930000000001">
    <ele>101.86</ele>
   </trkpt>
   <trkpt lat="50.87122" lon="4.80002">
    <ele>102.48</ele>
   </trkpt>
   <trkpt lat="50.871140000000004" lon="4.80009">
    <ele>102.9</ele>
   </trkpt>
   <trkpt lat="50.871100000000006" lon="4.80015">
    <ele>102.9</ele>
   </trkpt>
   <trkpt lat="50.87109" lon="4.800280000000001">
    <ele>102.9</ele>
   </trkpt>
   <trkpt lat="50.87107" lon="4.80097">
    <ele>104.48</ele>
   </trkpt>
   <trkpt lat="50.871050000000004" lon="4.80116">
    <ele>104.62</ele>
   </trkpt>
   <trkpt lat="50.87089" lon="4.8019300000000005">
    <ele>103.92000000000002</ele>
   </trkpt>
   <trkpt lat="50.87082" lon="4.8021">
    <ele>103.24000000000001</ele>
   </trkpt>
   <trkpt lat="50.870760000000004" lon="4.802230000000001">
    <ele>102.14</ele>
   </trkpt>
   <trkpt lat="50.87030000000001" lon="4.80292">
    <ele>96.36</ele>
   </trkpt>
   <trkpt lat="50.869890001672275" lon="4.803535005324722">
    <ele>92.49</ele>
   </trkpt>
   <trkpt lat="50.86948" lon="4.804150000000001">
    <ele>88.98</ele>
   </trkpt>
   <trkpt lat="50.869170000000004" lon="4.804790000000001">
    <ele>86.16</ele>
   </trkpt>
   <trkpt lat="50.86889000212418" lon="4.805480003922227">
    <ele>83.17</ele>
   </trkpt>
   <trkpt lat="50.868610000000004" lon="4.806170000000001">
    <ele>79.92999999999999</ele>
   </trkpt>
   <trkpt lat="50.86854" lon="4.806220000000001">
    <ele>79.92999999999999</ele>
   </trkpt>
   <trkpt lat="50.8682" lon="4.80628">
    <ele>77.48</ele>
   </trkpt>
   <trkpt lat="50.86793" lon="4.80635">
    <ele>75.46</ele>
   </trkpt>
   <trkpt lat="50.86784" lon="4.8064800000000005">
    <ele>75.46</ele>
   </trkpt>
   <trkpt lat="50.867720000000006" lon="4.806990000000001">
    <ele>72.68</ele>
   </trkpt>
   <trkpt lat="50.86768000000001" lon="4.8071">
    <ele>72.68</ele>
   </trkpt>
   <trkpt lat="50.86753" lon="4.807370000000001">
    <ele>70.02</ele>
   </trkpt>
   <trkpt lat="50.867360000000005" lon="4.80776">
    <ele>68.4</ele>
   </trkpt>
   <trkpt lat="50.86722" lon="4.807980000000001">
    <ele>67.5</ele>
   </trkpt>
   <trkpt lat="50.8671" lon="4.80806">
    <ele>66.86</ele>
   </trkpt>
   <trkpt lat="50.86645000000001" lon="4.808210000000001">
    <ele>64.88000000000001</ele>
   </trkpt>
   <trkpt lat="50.86639" lon="4.8082400000000005">
    <ele>64.88000000000001</ele>
   </trkpt>
   <trkpt lat="50.86634" lon="4.808330000000001">
    <ele>64.43</ele>
   </trkpt>
   <trkpt lat="50.866200000000006" lon="4.808680000000001">
    <ele>63.89</ele>
   </trkpt>
   <trkpt lat="50.86603" lon="4.8093">
    <ele>62.93</ele>
   </trkpt>
   <trkpt lat="50.86591000000001" lon="4.809830000000001">
    <ele>62.6</ele>
   </trkpt>
   <trkpt lat="50.865860000000005" lon="4.81026">
    <ele>62.45</ele>
   </trkpt>
   <trkpt lat="50.86589000000001" lon="4.810510000000001">
    <ele>62.400000000000006</ele>
   </trkpt>
   <trkpt lat="50.865880000000004" lon="4.8106800000000005">
    <ele>62.32000000000001</ele>
   </trkpt>
   <trkpt lat="50.86585" lon="4.810790000000001">
    <ele>62.21000000000001</ele>
   </trkpt>
   <trkpt lat="50.86562000000001" lon="4.81144">
    <ele>61.470000000000006</ele>
   </trkpt>
   <trkpt lat="50.865430002113634" lon="4.812140002778193">
    <ele>61.07000000000001</ele>
   </trkpt>
   <trkpt lat="50.86524000000001" lon="4.8128400000000005">
    <ele>60.370000000000005</ele>
   </trkpt>
   <trkpt lat="50.865190000000005" lon="4.81317">
    <ele>60.13</ele>
   </trkpt>
   <trkpt lat="50.86510500382306" lon="4.814115001635358">
    <ele>59.60000000000001</ele>
   </trkpt>
   <trkpt lat="50.86502" lon="4.815060000000001">
    <ele>59.7</ele>
   </trkpt>
   <trkpt lat="50.865" lon="4.8154200000000005">
    <ele>59.660000000000004</ele>
   </trkpt>
   <trkpt lat="50.865" lon="4.81543">
    <ele>59.660000000000004</ele>
   </trkpt>
   <trkpt lat="50.86506500755799" lon="4.816759998163913">
    <ele>59.86</ele>
   </trkpt>
   <trkpt lat="50.86513" lon="4.818090000000001">
    <ele>60.550000000000004</ele>
   </trkpt>
   <trkpt lat="50.865190000000005" lon="4.81831">
    <ele>60.65</ele>
   </trkpt>
   <trkpt lat="50.865230000000004" lon="4.8186">
    <ele>60.81</ele>
   </trkpt>
   <trkpt lat="50.86553500529389" lon="4.819714992641829">
    <ele>61.190000000000005</ele>
   </trkpt>
   <trkpt lat="50.865840000000006" lon="4.820830000000001">
    <ele>62.2</ele>
   </trkpt>
   <trkpt lat="50.865880000000004" lon="4.82104">
    <ele>62.2</ele>
   </trkpt>
   <trkpt lat="50.86583" lon="4.82214">
    <ele>62.56</ele>
   </trkpt>
   <trkpt lat="50.86583" lon="4.82341">
    <ele>62.97000000000001</ele>
   </trkpt>
   <trkpt lat="50.86576" lon="4.82427">
    <ele>63.47</ele>
   </trkpt>
   <trkpt lat="50.865770000000005" lon="4.82448">
    <ele>63.62000000000001</ele>
   </trkpt>
   <trkpt lat="50.86591000000001" lon="4.8253200000000005">
    <ele>64.35000000000001</ele>
   </trkpt>
   <trkpt lat="50.86589000000001" lon="4.82549">
    <ele>64.35000000000001</ele>
   </trkpt>
   <trkpt lat="50.865990000000004" lon="4.82568">
    <ele>64.7</ele>
   </trkpt>
   <trkpt lat="50.86623" lon="4.827050000000001">
    <ele>67.27000000000001</ele>
   </trkpt>
   <trkpt lat="50.866350000000004" lon="4.828060000000001">
    <ele>72.89000000000001</ele>
   </trkpt>
   <trkpt lat="50.866330000000005" lon="4.8281600000000005">
    <ele>73.16</ele>
   </trkpt>
   <trkpt lat="50.866510000000005" lon="4.82835">
    <ele>73.81</ele>
   </trkpt>
   <trkpt lat="50.86688" lon="4.82885">
    <ele>74.88</ele>
   </trkpt>
   <trkpt lat="50.8671" lon="4.82917">
    <ele>74.85</ele>
   </trkpt>
   <trkpt lat="50.86731" lon="4.829420000000001">
    <ele>74.64000000000001</ele>
   </trkpt>
   <trkpt lat="50.86779000000001" lon="4.829910000000001">
    <ele>73.55</ele>
   </trkpt>
   <trkpt lat="50.867940000000004" lon="4.830080000000001">
    <ele>73.25000000000001</ele>
   </trkpt>
   <trkpt lat="50.86811" lon="4.8303400000000005">
    <ele>72.73</ele>
   </trkpt>
   <trkpt lat="50.86842000000001" lon="4.8311">
    <ele>70.84</ele>
   </trkpt>
   <trkpt lat="50.868520000000004" lon="4.831300000000001">
    <ele>70.53</ele>
   </trkpt>
   <trkpt lat="50.869052512501305" lon="4.832287466164391">
    <ele>69.4</ele>
   </trkpt>
   <trkpt lat="50.8695850166711" lon="4.8332749548900376">
    <ele>68.51</ele>
   </trkpt>
   <trkpt lat="50.87011751250906" lon="4.834262466177528">
    <ele>67.47</ele>
   </trkpt>
   <trkpt lat="50.870650000000005" lon="4.83525">
    <ele>66.98</ele>
   </trkpt>
   <trkpt lat="50.87077000000001" lon="4.835450000000001">
    <ele>66.98</ele>
   </trkpt>
   <trkpt lat="50.87089" lon="4.8356">
    <ele>66.81</ele>
   </trkpt>
   <trkpt lat="50.87125" lon="4.83596">
    <ele>66.95</ele>
   </trkpt>
   <trkpt lat="50.87156" lon="4.8363000000000005">
    <ele>66.71000000000001</ele>
   </trkpt>
   <trkpt lat="50.871990001781896" lon="4.836944994056462">
    <ele>66.0</ele>
   </trkpt>
   <trkpt lat="50.872420000000005" lon="4.8375900000000005">
    <ele>64.48</ele>
   </trkpt>
   <trkpt lat="50.872420000000005" lon="4.83758">
    <ele>64.49000000000001</ele>
   </trkpt>
   <trkpt lat="50.87281" lon="4.838170000000001">
    <ele>63.33000000000001</ele>
   </trkpt>
   <trkpt lat="50.873020000000004" lon="4.83842">
    <ele>62.660000000000004</ele>
   </trkpt>
   <trkpt lat="50.873310000000004" lon="4.83865">
    <ele>62.11000000000001</ele>
   </trkpt>
   <trkpt lat="50.87401666814142" lon="4.839073320461914">
    <ele>61.190000000000005</ele>
   </trkpt>
   <trkpt lat="50.874723334751735" lon="4.839496653761236">
    <ele>60.59</ele>
   </trkpt>
   <trkpt lat="50.87543" lon="4.83992">
    <ele>60.120000000000005</ele>
   </trkpt>
   <trkpt lat="50.87601" lon="4.84034">
    <ele>59.85000000000001</ele>
   </trkpt>
   <trkpt lat="50.87653666857538" lon="4.840819989096205">
    <ele>58.71</ele>
   </trkpt>
   <trkpt lat="50.87706333518234" lon="4.841299989041626">
    <ele>58.11</ele>
   </trkpt>
   <trkpt lat="50.877590000000005" lon="4.84178">
    <ele>57.14</ele>
   </trkpt>
   <trkpt lat="50.87814" lon="4.842300000000001">
    <ele>56.010000000000005</ele>
   </trkpt>
   <trkpt lat="50.878330000000005" lon="4.8425">
    <ele>55.63</ele>
   </trkpt>
   <trkpt lat="50.878705001280885" lon="4.843004996193886">
    <ele>54.61000000000001</ele>
   </trkpt>
   <trkpt lat="50.87908" lon="4.84351">
    <ele>53.94</ele>
   </trkpt>
   <trkpt lat="50.87914000000001" lon="4.8435500000000005">
    <ele>53.94</ele>
   </trkpt>
   <trkpt lat="50.879200000000004" lon="4.84354">
    <ele>53.94</ele>
   </trkpt>
   <trkpt lat="50.879250000000006" lon="4.843500000000001">
    <ele>53.62</ele>
   </trkpt>
   <trkpt lat="50.879765001003264" lon="4.843010005436939">
    <ele>52.85</ele>
   </trkpt>
   <trkpt lat="50.880280000000006" lon="4.84252">
    <ele>52.94</ele>
   </trkpt>
   <trkpt lat="50.88024000000001" lon="4.842560000000001">
    <ele>52.86000000000001</ele>
   </trkpt>
   <trkpt lat="50.88036" lon="4.84246">
    <ele>53.050000000000004</ele>
   </trkpt>
   <trkpt lat="50.88065" lon="4.842250000000001">
    <ele>53.910000000000004</ele>
   </trkpt>
   <trkpt lat="50.880880000000005" lon="4.84192">
    <ele>55.690000000000005</ele>
   </trkpt>
   <trkpt lat="50.88109000000001" lon="4.841670000000001">
    <ele>58.02</ele>
   </trkpt>
   <trkpt lat="50.881420000000006" lon="4.84135">
    <ele>59.96000000000001</ele>
   </trkpt>
   <trkpt lat="50.88147000000001" lon="4.8413200000000005">
    <ele>60.29</ele>
   </trkpt>
   <trkpt lat="50.88152" lon="4.841410000000001">
    <ele>60.43000000000001</ele>
   </trkpt>
   <trkpt lat="50.881620000000005" lon="4.84145">
    <ele>60.43000000000001</ele>
   </trkpt>
   <trkpt lat="50.881690000000006" lon="4.8414">
    <ele>60.620000000000005</ele>
   </trkpt>
   <trkpt lat="50.881710000000005" lon="4.841480000000001">
    <ele>60.65</ele>
   </trkpt>
   <trkpt lat="50.881730000000005" lon="4.84192">
    <ele>60.57000000000001</ele>
   </trkpt>
   <trkpt lat="50.881620000000005" lon="4.84252">
    <ele>60.42</ele>
   </trkpt>
   <trkpt lat="50.88163" lon="4.84276">
    <ele>59.410000000000004</ele>
   </trkpt>
   <trkpt lat="50.88168" lon="4.84299">
    <ele>59.410000000000004</ele>
   </trkpt>
   <trkpt lat="50.88192500288667" lon="4.843809995736367">
    <ele>55.00000000000001</ele>
   </trkpt>
   <trkpt lat="50.88217" lon="4.84463">
    <ele>53.06</ele>
   </trkpt>
   <trkpt lat="50.88261000426156" lon="4.845629990533353">
    <ele>50.660000000000004</ele>
   </trkpt>
   <trkpt lat="50.883050000000004" lon="4.84663">
    <ele>48.720000000000006</ele>
   </trkpt>
   <trkpt lat="50.883140000000004" lon="4.84701">
    <ele>48.11000000000001</ele>
   </trkpt>
   <trkpt lat="50.883160000000004" lon="4.84722">
    <ele>48.11000000000001</ele>
   </trkpt>
   <trkpt lat="50.88318" lon="4.84863">
    <ele>46.040000000000006</ele>
   </trkpt>
   <trkpt lat="50.88324" lon="4.8492500000000005">
    <ele>46.040000000000006</ele>
   </trkpt>
   <trkpt lat="50.883370000000006" lon="4.8498600000000005">
    <ele>46.03</ele>
   </trkpt>
   <trkpt lat="50.883620002314665" lon="4.850594996076656">
    <ele>46.61000000000001</ele>
   </trkpt>
   <trkpt lat="50.88387" lon="4.851330000000001">
    <ele>47.550000000000004</ele>
   </trkpt>
   <trkpt lat="50.88392" lon="4.851660000000001">
    <ele>47.88</ele>
   </trkpt>
   <trkpt lat="50.88393000000001" lon="4.851850000000001">
    <ele>47.99</ele>
   </trkpt>
   <trkpt lat="50.883900000000004" lon="4.85228">
    <ele>48.480000000000004</ele>
   </trkpt>
   <trkpt lat="50.8838" lon="4.85266">
    <ele>49.17</ele>
   </trkpt>
   <trkpt lat="50.88354" lon="4.85318">
    <ele>50.07</ele>
   </trkpt>
   <trkpt lat="50.883430000000004" lon="4.85334">
    <ele>50.71</ele>
   </trkpt>
   <trkpt lat="50.88342" lon="4.853350000000001">
    <ele>50.71</ele>
   </trkpt>
   <trkpt lat="50.88286251060433" lon="4.854260032679009">
    <ele>52.28000000000001</ele>
   </trkpt>
   <trkpt lat="50.88230501413362" lon="4.855170043580186">
    <ele>52.67</ele>
   </trkpt>
   <trkpt lat="50.88174751058817" lon="4.856080032704208">
    <ele>52.22</ele>
   </trkpt>
   <trkpt lat="50.881190000000004" lon="4.856990000000001">
    <ele>51.72</ele>
   </trkpt>
   <trkpt lat="50.88107" lon="4.85721">
    <ele>51.61</ele>
   </trkpt>
   <trkpt lat="50.88091000000001" lon="4.857670000000001">
    <ele>51.32</ele>
   </trkpt>
   <trkpt lat="50.88085" lon="4.857900000000001">
    <ele>51.190000000000005</ele>
   </trkpt>
   <trkpt lat="50.8808" lon="4.85815">
    <ele>51.160000000000004</ele>
   </trkpt>
   <trkpt lat="50.880750000000006" lon="4.858630000000001">
    <ele>51.2</ele>
   </trkpt>
   <trkpt lat="50.880750000000006" lon="4.859120000000001">
    <ele>51.690000000000005</ele>
   </trkpt>
   <trkpt lat="50.88087001040082" lon="4.86022332765541">
    <ele>52.120000000000005</ele>
   </trkpt>
   <trkpt lat="50.880990010401426" lon="4.861326660994088">
    <ele>52.33</ele>
   </trkpt>
   <trkpt lat="50.88111000000001" lon="4.862430000000001">
    <ele>52.83</ele>
   </trkpt>
   <trkpt lat="50.88111000000001" lon="4.862710000000001">
    <ele>52.83</ele>
   </trkpt>
   <trkpt lat="50.8811" lon="4.8631">
    <ele>52.870000000000005</ele>
   </trkpt>
   <trkpt lat="50.88103" lon="4.8637500000000005">
    <ele>53.15</ele>
   </trkpt>
   <trkpt lat="50.880950000000006" lon="4.86416">
    <ele>53.53</ele>
   </trkpt>
   <trkpt lat="50.88068500492599" lon="4.865230005942879">
    <ele>55.370000000000005</ele>
   </trkpt>
   <trkpt lat="50.88042" lon="4.866300000000001">
    <ele>58.68</ele>
   </trkpt>
   <trkpt lat="50.880330002729934" lon="4.867100001580533">
    <ele>61.300000000000004</ele>
   </trkpt>
   <trkpt lat="50.88024000000001" lon="4.867900000000001">
    <ele>63.58000000000001</ele>
   </trkpt>
   <trkpt lat="50.88017000000001" lon="4.86831">
    <ele>66.06</ele>
   </trkpt>
   <trkpt lat="50.88" lon="4.86904">
    <ele>69.24000000000001</ele>
   </trkpt>
   <trkpt lat="50.87991" lon="4.8693100000000005">
    <ele>70.60000000000001</ele>
   </trkpt>
   <trkpt lat="50.87944" lon="4.870430000000001">
    <ele>76.62</ele>
   </trkpt>
   <trkpt lat="50.8793" lon="4.8708800000000005">
    <ele>78.49000000000001</ele>
   </trkpt>
   <trkpt lat="50.879200000000004" lon="4.87129">
    <ele>79.11</ele>
   </trkpt>
   <trkpt lat="50.87917" lon="4.87169">
    <ele>79.27000000000001</ele>
   </trkpt>
   <trkpt lat="50.87919" lon="4.872190000000001">
    <ele>78.83000000000001</ele>
   </trkpt>
   <trkpt lat="50.879250000000006" lon="4.87262">
    <ele>77.7</ele>
   </trkpt>
   <trkpt lat="50.87952000000001" lon="4.87349">
    <ele>77.04</ele>
   </trkpt>
   <trkpt lat="50.8796" lon="4.87401">
    <ele>77.30000000000001</ele>
   </trkpt>
   <trkpt lat="50.8796" lon="4.8742600000000005">
    <ele>77.41000000000001</ele>
   </trkpt>
   <trkpt lat="50.879560000000005" lon="4.874720000000001">
    <ele>77.59</ele>
   </trkpt>
   <trkpt lat="50.879470000000005" lon="4.8750800000000005">
    <ele>77.59</ele>
   </trkpt>
   <trkpt lat="50.87935" lon="4.87539">
    <ele>77.59</ele>
   </trkpt>
   <trkpt lat="50.87902500172161" lon="4.876030004519077">
    <ele>76.12</ele>
   </trkpt>
   <trkpt lat="50.8787" lon="4.876670000000001">
    <ele>75.41</ele>
   </trkpt>
   <trkpt lat="50.87841" lon="4.87744">
    <ele>75.61000000000001</ele>
   </trkpt>
   <trkpt lat="50.87825" lon="4.877940000000001">
    <ele>76.30000000000001</ele>
   </trkpt>
   <trkpt lat="50.878030003859806" lon="4.87889000446559">
    <ele>79.12</ele>
   </trkpt>
   <trkpt lat="50.877810000000004" lon="4.879840000000001">
    <ele>81.95</ele>
   </trkpt>
   <trkpt lat="50.87717000000001" lon="4.88009">
    <ele>83.32000000000001</ele>
   </trkpt>
   <trkpt lat="50.877" lon="4.88018">
    <ele>83.74000000000001</ele>
   </trkpt>
   <trkpt lat="50.87628" lon="4.8807100000000005">
    <ele>86.06000000000002</ele>
   </trkpt>
   <trkpt lat="50.875980000000006" lon="4.88105">
    <ele>86.57000000000001</ele>
   </trkpt>
   <trkpt lat="50.87597" lon="4.8814400000000004">
    <ele>86.35000000000001</ele>
   </trkpt>
   <trkpt lat="50.876020000000004" lon="4.881430000000001">
    <ele>86.35000000000001</ele>
   </trkpt>
   <trkpt lat="50.87606" lon="4.88161">
    <ele>86.39</ele>
   </trkpt>
   <trkpt lat="50.876110000000004" lon="4.88178">
    <ele>86.31000000000002</ele>
   </trkpt>
   <trkpt lat="50.87651" lon="4.8826600000000004">
    <ele>87.78000000000002</ele>
   </trkpt>
   <trkpt lat="50.87664" lon="4.8830800000000005">
    <ele>88.7</ele>
   </trkpt>
   <trkpt lat="50.876900000000006" lon="4.883920000000001">
    <ele>87.84</ele>
   </trkpt>
   <trkpt lat="50.87691" lon="4.884">
    <ele>87.84</ele>
   </trkpt>
   <trkpt lat="50.87688000000001" lon="4.8841">
    <ele>87.67000000000002</ele>
   </trkpt>
   <trkpt lat="50.87733" lon="4.884580000000001">
    <ele>87.20000000000002</ele>
   </trkpt>
   <trkpt lat="50.877410000000005" lon="4.884720000000001">
    <ele>87.20000000000002</ele>
   </trkpt>
   <trkpt lat="50.87754" lon="4.885070000000001">
    <ele>86.3</ele>
   </trkpt>
   <trkpt lat="50.877590000000005" lon="4.8855">
    <ele>86.3</ele>
   </trkpt>
   <trkpt lat="50.877590000000005" lon="4.88564">
    <ele>86.3</ele>
   </trkpt>
   <trkpt lat="50.877390000000005" lon="4.8867400000000005">
    <ele>84.72</ele>
   </trkpt>
   <trkpt lat="50.87733" lon="4.88736">
    <ele>84.53</ele>
   </trkpt>
   <trkpt lat="50.87733667770454" lon="4.8884966662381535">
    <ele>85.09000000000002</ele>
   </trkpt>
   <trkpt lat="50.87734334437061" lon="4.889633332801798">
    <ele>85.84000000000002</ele>
   </trkpt>
   <trkpt lat="50.87735000000001" lon="4.890770000000001">
    <ele>85.89</ele>
   </trkpt>
   <trkpt lat="50.87763" lon="4.892040000000001">
    <ele>85.55</ele>
   </trkpt>
   <trkpt lat="50.87796000692523" lon="4.89294332041215">
    <ele>84.67</ele>
   </trkpt>
   <trkpt lat="50.878290006878885" lon="4.893846653618434">
    <ele>83.95</ele>
   </trkpt>
   <trkpt lat="50.878620000000005" lon="4.89475">
    <ele>83.82000000000001</ele>
   </trkpt>
   <trkpt lat="50.87876000000001" lon="4.89508">
    <ele>83.82000000000001</ele>
   </trkpt>
   <trkpt lat="50.87924" lon="4.89585">
    <ele>84.16000000000001</ele>
   </trkpt>
   <trkpt lat="50.87963500093268" lon="4.896309996134101">
    <ele>85.06</ele>
   </trkpt>
   <trkpt lat="50.880030000000005" lon="4.89677">
    <ele>86.11</ele>
   </trkpt>
   <trkpt lat="50.88024000000001" lon="4.897150000000001">
    <ele>86.61</ele>
   </trkpt>
   <trkpt lat="50.880320000000005" lon="4.8973700000000004">
    <ele>87.35000000000001</ele>
   </trkpt>
   <trkpt lat="50.88054667520288" lon="4.898369990239008">
    <ele>90.73</ele>
   </trkpt>
   <trkpt lat="50.8807733418624" lon="4.899369990207309">
    <ele>92.17</ele>
   </trkpt>
   <trkpt lat="50.88100000000001" lon="4.900370000000001">
    <ele>92.15</ele>
   </trkpt>
   <trkpt lat="50.88124500369808" lon="4.901299995123155">
    <ele>91.41</ele>
   </trkpt>
   <trkpt lat="50.88149000000001" lon="4.90223">
    <ele>90.78000000000002</ele>
   </trkpt>
   <trkpt lat="50.88178668156305" lon="4.903549983237228">
    <ele>90.00000000000001</ele>
   </trkpt>
   <trkpt lat="50.882083348240315" lon="4.904869983284066">
    <ele>88.89000000000001</ele>
   </trkpt>
   <trkpt lat="50.882380000000005" lon="4.9061900000000005">
    <ele>87.70000000000002</ele>
   </trkpt>
   <trkpt lat="50.882560000000005" lon="4.90674">
    <ele>87.53000000000002</ele>
   </trkpt>
   <trkpt lat="50.882780000000004" lon="4.90714">
    <ele>87.97</ele>
   </trkpt>
   <trkpt lat="50.88317000000001" lon="4.907590000000001">
    <ele>89.88</ele>
   </trkpt>
   <trkpt lat="50.883230000000005" lon="4.90763">
    <ele>89.88</ele>
   </trkpt>
   <trkpt lat="50.883210000000005" lon="4.9076200000000005">
    <ele>89.83</ele>
   </trkpt>
   <trkpt lat="50.883410000000005" lon="4.907780000000001">
    <ele>90.52</ele>
   </trkpt>
   <trkpt lat="50.88389" lon="4.907970000000001">
    <ele>93.17</ele>
   </trkpt>
   <trkpt lat="50.88414" lon="4.90805">
    <ele>93.43</ele>
   </trkpt>
   <trkpt lat="50.884510000000006" lon="4.90822">
    <ele>94.49000000000001</ele>
   </trkpt>
   <trkpt lat="50.88467000000001" lon="4.90831">
    <ele>94.66000000000001</ele>
   </trkpt>
   <trkpt lat="50.884840000000004" lon="4.908440000000001">
    <ele>94.78</ele>
   </trkpt>
   <trkpt lat="50.88514000000001" lon="4.908740000000001">
    <ele>94.34</ele>
   </trkpt>
   <trkpt lat="50.88539" lon="4.909090000000001">
    <ele>94.04</ele>
   </trkpt>
   <trkpt lat="50.88561000000001" lon="4.90953">
    <ele>92.68</ele>
   </trkpt>
   <trkpt lat="50.88601001111218" lon="4.910669980450757">
    <ele>89.08</ele>
   </trkpt>
   <trkpt lat="50.88641001112193" lon="4.91180998047821">
    <ele>86.48</ele>
   </trkpt>
   <trkpt lat="50.886810000000004" lon="4.91295">
    <ele>82.78</ele>
   </trkpt>
   <trkpt lat="50.88700000000001" lon="4.913390000000001">
    <ele>81.21000000000001</ele>
   </trkpt>
   <trkpt lat="50.88721" lon="4.91377">
    <ele>80.45</ele>
   </trkpt>
   <trkpt lat="50.887510000000006" lon="4.9141900000000005">
    <ele>79.29</ele>
   </trkpt>
   <trkpt lat="50.88767000000001" lon="4.914370000000001">
    <ele>78.45</ele>
   </trkpt>
   <trkpt lat="50.8884200025346" lon="4.915129987831867">
    <ele>76.68</ele>
   </trkpt>
   <trkpt lat="50.88917000000001" lon="4.91589">
    <ele>74.42</ele>
   </trkpt>
   <trkpt lat="50.889520000000005" lon="4.91629">
    <ele>73.4</ele>
   </trkpt>
   <trkpt lat="50.88984000000001" lon="4.91678">
    <ele>72.79</ele>
   </trkpt>
   <trkpt lat="50.89029000740898" lon="4.917713315231537">
    <ele>72.3</ele>
   </trkpt>
   <trkpt lat="50.890740007376316" lon="4.918646648496869">
    <ele>71.78000000000002</ele>
   </trkpt>
   <trkpt lat="50.89119" lon="4.919580000000001">
    <ele>71.16</ele>
   </trkpt>
   <trkpt lat="50.89141000000001" lon="4.91988">
    <ele>71.21000000000001</ele>
   </trkpt>
   <trkpt lat="50.89155" lon="4.920000000000001">
    <ele>71.24000000000001</ele>
   </trkpt>
   <trkpt lat="50.89171" lon="4.920100000000001">
    <ele>71.35000000000001</ele>
   </trkpt>
   <trkpt lat="50.89229000058014" lon="4.920424996025115">
    <ele>71.34</ele>
   </trkpt>
   <trkpt lat="50.89287" lon="4.920750000000001">
    <ele>71.21000000000001</ele>
   </trkpt>
   <trkpt lat="50.893480000645496" lon="4.921124995116013">
    <ele>71.0</ele>
   </trkpt>
   <trkpt lat="50.894090000000006" lon="4.9215">
    <ele>70.98</ele>
   </trkpt>
   <trkpt lat="50.89419" lon="4.9215800000000005">
    <ele>71.01</ele>
   </trkpt>
   <trkpt lat="50.89463000086673" lon="4.9220349956831395">
    <ele>71.45</ele>
   </trkpt>
   <trkpt lat="50.895070000000004" lon="4.922490000000001">
    <ele>71.99000000000001</ele>
   </trkpt>
   <trkpt lat="50.89533" lon="4.92281">
    <ele>72.44</ele>
   </trkpt>
   <trkpt lat="50.895500000000006" lon="4.9231300000000005">
    <ele>72.75000000000001</ele>
   </trkpt>
   <trkpt lat="50.8958333404265" lon="4.924039987025261">
    <ele>73.11000000000001</ele>
   </trkpt>
   <trkpt lat="50.89616667377905" lon="4.92494998707757">
    <ele>72.57000000000001</ele>
   </trkpt>
   <trkpt lat="50.8965" lon="4.92586">
    <ele>71.31000000000002</ele>
   </trkpt>
   <trkpt lat="50.896865002487914" lon="4.926649993423298">
    <ele>69.92</ele>
   </trkpt>
   <trkpt lat="50.89723000000001" lon="4.927440000000001">
    <ele>68.75</ele>
   </trkpt>
   <trkpt lat="50.897575002062915" lon="4.928139994753099">
    <ele>68.04</ele>
   </trkpt>
   <trkpt lat="50.897920000000006" lon="4.92884">
    <ele>67.26</ele>
   </trkpt>
   <trkpt lat="50.898360000000004" lon="4.92966">
    <ele>67.06</ele>
   </trkpt>
   <trkpt lat="50.89855000000001" lon="4.930160000000001">
    <ele>67.22</ele>
   </trkpt>
   <trkpt lat="50.898970000000006" lon="4.93116">
    <ele>68.19</ele>
   </trkpt>
   <trkpt lat="50.89920000000001" lon="4.93165">
    <ele>68.53</ele>
   </trkpt>
   <trkpt lat="50.89968201549159" lon="4.93260196059732">
    <ele>68.09</ele>
   </trkpt>
   <trkpt lat="50.900164023241786" lon="4.933553940903655">
    <ele>66.5</ele>
   </trkpt>
   <trkpt lat="50.90064602325027" lon="4.934505940919437">
    <ele>65.14999999999999</ele>
   </trkpt>
   <trkpt lat="50.90112801551679" lon="4.935457960645095">
    <ele>63.230000000000004</ele>
   </trkpt>
   <trkpt lat="50.901610000000005" lon="4.93641">
    <ele>61.25000000000001</ele>
   </trkpt>
   <trkpt lat="50.90215751339229" lon="4.937432463921499">
    <ele>59.74</ele>
   </trkpt>
   <trkpt lat="50.90270501785418" lon="4.9384549518903125">
    <ele>58.81000000000001</ele>
   </trkpt>
   <trkpt lat="50.90325251338531" lon="4.939477463907085">
    <ele>57.67</ele>
   </trkpt>
   <trkpt lat="50.903800000000004" lon="4.9405">
    <ele>56.84</ele>
   </trkpt>
   <trkpt lat="50.903032001803545" lon="4.940824021373765">
    <ele>56.36000000000001</ele>
   </trkpt>
   <trkpt lat="50.90226400271026" lon="4.941148032057898">
    <ele>57.20000000000001</ele>
   </trkpt>
   <trkpt lat="50.90149600272025" lon="4.9414720320530305">
    <ele>59.18</ele>
   </trkpt>
   <trkpt lat="50.90072800183355" lon="4.941796021359796">
    <ele>62.09</ele>
   </trkpt>
   <trkpt lat="50.89996000000001" lon="4.94212">
    <ele>64.51</ele>
   </trkpt>
   <trkpt lat="50.89921666755533" lon="4.942436676763251">
    <ele>63.79</ele>
   </trkpt>
   <trkpt lat="50.898473334254" lon="4.942753343416078">
    <ele>61.96000000000001</ele>
   </trkpt>
   <trkpt lat="50.89773" lon="4.9430700000000005">
    <ele>60.72</ele>
   </trkpt>
   <trkpt lat="50.89717" lon="4.9434000000000005">
    <ele>59.760000000000005</ele>
   </trkpt>
   <trkpt lat="50.8969" lon="4.9436100000000005">
    <ele>59.4</ele>
   </trkpt>
   <trkpt lat="50.896660000000004" lon="4.94383">
    <ele>59.4</ele>
   </trkpt>
   <trkpt lat="50.89611000000001" lon="4.9444300000000005">
    <ele>57.84</ele>
   </trkpt>
   <trkpt lat="50.89565" lon="4.944850000000001">
    <ele>57.17</ele>
   </trkpt>
   <trkpt lat="50.895250000000004" lon="4.9451">
    <ele>57.14</ele>
   </trkpt>
   <trkpt lat="50.894850000000005" lon="4.94526">
    <ele>57.050000000000004</ele>
   </trkpt>
   <trkpt lat="50.894400000123504" lon="4.945375001094048">
    <ele>57.870000000000005</ele>
   </trkpt>
   <trkpt lat="50.893950000000004" lon="4.94549">
    <ele>59.010000000000005</ele>
   </trkpt>
   <trkpt lat="50.8935" lon="4.94564">
    <ele>60.7</ele>
   </trkpt>
   <trkpt lat="50.893240000000006" lon="4.94575">
    <ele>61.71000000000001</ele>
   </trkpt>
   <trkpt lat="50.892620000697846" lon="4.946050008021412">
    <ele>63.49</ele>
   </trkpt>
   <trkpt lat="50.89200000062679" lon="4.946350008055648">
    <ele>65.07000000000001</ele>
   </trkpt>
   <trkpt lat="50.891380000000005" lon="4.94665">
    <ele>66.93</ele>
   </trkpt>
   <trkpt lat="50.891070000000006" lon="4.946820000000001">
    <ele>67.4</ele>
   </trkpt>
   <trkpt lat="50.89067000000001" lon="4.94716">
    <ele>68.47</ele>
   </trkpt>
   <trkpt lat="50.890390000000004" lon="4.947500000000001">
    <ele>68.87</ele>
   </trkpt>
   <trkpt lat="50.88978" lon="4.948510000000001">
    <ele>69.61</ele>
   </trkpt>
   <trkpt lat="50.88958" lon="4.948790000000001">
    <ele>69.92</ele>
   </trkpt>
   <trkpt lat="50.8894" lon="4.948980000000001">
    <ele>69.9</ele>
   </trkpt>
   <trkpt lat="50.88926000000001" lon="4.94909">
    <ele>70.07000000000001</ele>
   </trkpt>
   <trkpt lat="50.888980000000004" lon="4.94925">
    <ele>70.24000000000001</ele>
   </trkpt>
   <trkpt lat="50.88815000057114" lon="4.949630006791667">
    <ele>71.33</ele>
   </trkpt>
   <trkpt lat="50.88732" lon="4.950010000000001">
    <ele>73.93</ele>
   </trkpt>
   <trkpt lat="50.886950000000006" lon="4.95012">
    <ele>73.82000000000001</ele>
   </trkpt>
   <trkpt lat="50.8864" lon="4.9501800000000005">
    <ele>72.97</ele>
   </trkpt>
   <trkpt lat="50.886390000000006" lon="4.9501800000000005">
    <ele>72.97</ele>
   </trkpt>
   <trkpt lat="50.88590500009818" lon="4.95024500066596">
    <ele>71.99000000000001</ele>
   </trkpt>
   <trkpt lat="50.88542" lon="4.95031">
    <ele>71.4</ele>
   </trkpt>
   <trkpt lat="50.88546" lon="4.950550000000001">
    <ele>71.07000000000001</ele>
   </trkpt>
   <trkpt lat="50.88569000259838" lon="4.9513349960088435">
    <ele>71.08</ele>
   </trkpt>
   <trkpt lat="50.885920000000006" lon="4.952120000000001">
    <ele>71.01</ele>
   </trkpt>
   <trkpt lat="50.88640000585705" lon="4.953289987968529">
    <ele>68.63000000000001</ele>
   </trkpt>
   <trkpt lat="50.886880000000005" lon="4.95446">
    <ele>64.66000000000001</ele>
   </trkpt>
   <trkpt lat="50.887125002390796" lon="4.955219995765863">
    <ele>62.92</ele>
   </trkpt>
   <trkpt lat="50.887370000000004" lon="4.95598">
    <ele>61.51</ele>
   </trkpt>
   <trkpt lat="50.88762000318689" lon="4.9568549950119385">
    <ele>60.03000000000001</ele>
   </trkpt>
   <trkpt lat="50.88787000000001" lon="4.957730000000001">
    <ele>57.800000000000004</ele>
   </trkpt>
   <trkpt lat="50.88796000000001" lon="4.957940000000001">
    <ele>57.800000000000004</ele>
   </trkpt>
   <trkpt lat="50.8881" lon="4.95816">
    <ele>57.21</ele>
   </trkpt>
   <trkpt lat="50.8883" lon="4.958360000000001">
    <ele>56.92</ele>
   </trkpt>
   <trkpt lat="50.888780000000004" lon="4.95873">
    <ele>55.7</ele>
   </trkpt>
   <trkpt lat="50.888940000000005" lon="4.95894">
    <ele>55.370000000000005</ele>
   </trkpt>
   <trkpt lat="50.889070000000004" lon="4.959210000000001">
    <ele>54.81</ele>
   </trkpt>
   <trkpt lat="50.88949601674946" lon="4.96019996379279">
    <ele>53.44</ele>
   </trkpt>
   <trkpt lat="50.88992202512648" lon="4.961189945693638">
    <ele>52.7</ele>
   </trkpt>
   <trkpt lat="50.89034802513082" lon="4.962179945702797">
    <ele>51.93</ele>
   </trkpt>
   <trkpt lat="50.89077401676217" lon="4.963169963820516">
    <ele>50.89</ele>
   </trkpt>
   <trkpt lat="50.891200000000005" lon="4.964160000000001">
    <ele>49.660000000000004</ele>
   </trkpt>
   <trkpt lat="50.89128" lon="4.96457">
    <ele>49.28</ele>
   </trkpt>
   <trkpt lat="50.89141000000001" lon="4.96548">
    <ele>48.85</ele>
   </trkpt>
   <trkpt lat="50.891540000000006" lon="4.96644">
    <ele>48.42</ele>
   </trkpt>
   <trkpt lat="50.891540000000006" lon="4.96691">
    <ele>48.17</ele>
   </trkpt>
   <trkpt lat="50.891420000000004" lon="4.96773">
    <ele>47.57</ele>
   </trkpt>
   <trkpt lat="50.89144500324058" lon="4.968599999796538">
    <ele>47.300000000000004</ele>
   </trkpt>
   <trkpt lat="50.891470000000005" lon="4.96947">
    <ele>48.010000000000005</ele>
   </trkpt>
   <trkpt lat="50.891380000000005" lon="4.97058">
    <ele>45.6</ele>
   </trkpt>
   <trkpt lat="50.891380000000005" lon="4.97154">
    <ele>45.17</ele>
   </trkpt>
   <trkpt lat="50.89141500564584" lon="4.972689999035181">
    <ele>45.00000000000001</ele>
   </trkpt>
   <trkpt lat="50.891450000000006" lon="4.97384">
    <ele>44.97</ele>
   </trkpt>
   <trkpt lat="50.891510000000004" lon="4.974270000000001">
    <ele>44.81</ele>
   </trkpt>
   <trkpt lat="50.89159" lon="4.974620000000001">
    <ele>44.74</ele>
   </trkpt>
   <trkpt lat="50.89170000000001" lon="4.97494">
    <ele>44.800000000000004</ele>
   </trkpt>
   <trkpt lat="50.891890000000004" lon="4.9753300000000005">
    <ele>44.410000000000004</ele>
   </trkpt>
   <trkpt lat="50.89224" lon="4.975890000000001">
    <ele>44.25000000000001</ele>
   </trkpt>
   <trkpt lat="50.892360000000004" lon="4.97611">
    <ele>44.25000000000001</ele>
   </trkpt>
   <trkpt lat="50.892540000000004" lon="4.9765500000000005">
    <ele>44.08</ele>
   </trkpt>
   <trkpt lat="50.89265" lon="4.97698">
    <ele>44.08</ele>
   </trkpt>
   <trkpt lat="50.89271" lon="4.97729">
    <ele>44.03000000000001</ele>
   </trkpt>
   <trkpt lat="50.89274" lon="4.977670000000001">
    <ele>44.04</ele>
   </trkpt>
   <trkpt lat="50.892760005402515" lon="4.9787949993256">
    <ele>43.74</ele>
   </trkpt>
   <trkpt lat="50.89278" lon="4.979920000000001">
    <ele>43.42</ele>
   </trkpt>
   <trkpt lat="50.892770000000006" lon="4.9804900000000005">
    <ele>43.02</ele>
   </trkpt>
   <trkpt lat="50.89266000000001" lon="4.9816">
    <ele>42.580000000000005</ele>
   </trkpt>
   <trkpt lat="50.8925650033316" lon="4.9824850019339255">
    <ele>42.21</ele>
   </trkpt>
   <trkpt lat="50.89247" lon="4.983370000000001">
    <ele>42.02</ele>
   </trkpt>
   <trkpt lat="50.892410000000005" lon="4.9836100000000005">
    <ele>41.61</ele>
   </trkpt>
   <trkpt lat="50.89204" lon="4.984470000000001">
    <ele>41.330000000000005</ele>
   </trkpt>
   <trkpt lat="50.891960000000005" lon="4.9847600000000005">
    <ele>41.1</ele>
   </trkpt>
   <trkpt lat="50.891920000000006" lon="4.985010000000001">
    <ele>41.06</ele>
   </trkpt>
   <trkpt lat="50.89184" lon="4.98582">
    <ele>41.28</ele>
   </trkpt>
   <trkpt lat="50.891830000000006" lon="4.98637">
    <ele>41.510000000000005</ele>
   </trkpt>
   <trkpt lat="50.89188000000001" lon="4.9869200000000005">
    <ele>41.7</ele>
   </trkpt>
   <trkpt lat="50.891940000000005" lon="4.987220000000001">
    <ele>41.800000000000004</ele>
   </trkpt>
   <trkpt lat="50.892010000000006" lon="4.9874600000000004">
    <ele>41.95</ele>
   </trkpt>
   <trkpt lat="50.892160000000004" lon="4.9878800000000005">
    <ele>42.45</ele>
   </trkpt>
   <trkpt lat="50.89249" lon="4.988510000000001">
    <ele>43.79</ele>
   </trkpt>
   <trkpt lat="50.89281000145869" lon="4.989079996210083">
    <ele>45.970000000000006</ele>
   </trkpt>
   <trkpt lat="50.893130000000006" lon="4.98965">
    <ele>48.040000000000006</ele>
   </trkpt>
   <trkpt lat="50.89321" lon="4.98983">
    <ele>48.040000000000006</ele>
   </trkpt>
   <trkpt lat="50.893530000000005" lon="4.99084">
    <ele>48.88</ele>
   </trkpt>
   <trkpt lat="50.89354" lon="4.990970000000001">
    <ele>48.88</ele>
   </trkpt>
   <trkpt lat="50.893530000000005" lon="4.9911200000000004">
    <ele>48.88</ele>
   </trkpt>
   <trkpt lat="50.89349000000001" lon="4.9912600000000005">
    <ele>48.82</ele>
   </trkpt>
   <trkpt lat="50.89338000000001" lon="4.99138">
    <ele>48.730000000000004</ele>
   </trkpt>
   <trkpt lat="50.893080000000005" lon="4.991560000000001">
    <ele>47.870000000000005</ele>
   </trkpt>
   <trkpt lat="50.89273000000001" lon="4.99181">
    <ele>47.870000000000005</ele>
   </trkpt>
   <trkpt lat="50.89223000040527" lon="4.992135003518761">
    <ele>47.21</ele>
   </trkpt>
   <trkpt lat="50.89173" lon="4.99246">
    <ele>46.3</ele>
   </trkpt>
   <trkpt lat="50.89111000261871" lon="4.992912518073397">
    <ele>45.62</ele>
   </trkpt>
   <trkpt lat="50.89049000348813" lon="4.993365024099991">
    <ele>44.93000000000001</ele>
   </trkpt>
   <trkpt lat="50.889870002608355" lon="4.993817518080335">
    <ele>44.65</ele>
   </trkpt>
   <trkpt lat="50.889250000000004" lon="4.99427">
    <ele>43.75</ele>
   </trkpt>
   <trkpt lat="50.888850000000005" lon="4.99446">
    <ele>43.10000000000001</ele>
   </trkpt>
   <trkpt lat="50.888600000000004" lon="4.99453">
    <ele>43.10000000000001</ele>
   </trkpt>
   <trkpt lat="50.88861000000001" lon="4.99453">
    <ele>43.10000000000001</ele>
   </trkpt>
   <trkpt lat="50.88834000000001" lon="4.99455">
    <ele>42.86</ele>
   </trkpt>
   <trkpt lat="50.88745" lon="4.99458">
    <ele>41.75</ele>
   </trkpt>
   <trkpt lat="50.88725" lon="4.99462">
    <ele>41.410000000000004</ele>
   </trkpt>
   <trkpt lat="50.88702000000001" lon="4.994700000000001">
    <ele>41.160000000000004</ele>
   </trkpt>
   <trkpt lat="50.88684000000001" lon="4.99479">
    <ele>40.85</ele>
   </trkpt>
   <trkpt lat="50.88633" lon="4.99516">
    <ele>39.330000000000005</ele>
   </trkpt>
   <trkpt lat="50.88589" lon="4.9956000000000005">
    <ele>37.86000000000001</ele>
   </trkpt>
   <trkpt lat="50.885630000000006" lon="4.99584">
    <ele>37.470000000000006</ele>
   </trkpt>
   <trkpt lat="50.88557" lon="4.995920000000001">
    <ele>37.17</ele>
   </trkpt>
   <trkpt lat="50.88594000311079" lon="4.996769993305601">
    <ele>37.33</ele>
   </trkpt>
   <trkpt lat="50.88631" lon="4.99762">
    <ele>37.42</ele>
   </trkpt>
   <trkpt lat="50.88647" lon="4.998080000000001">
    <ele>37.44</ele>
   </trkpt>
   <trkpt lat="50.8866600029496" lon="4.998914996468594">
    <ele>37.45</ele>
   </trkpt>
   <trkpt lat="50.88685" lon="4.999750000000001">
    <ele>37.74</ele>
   </trkpt>
   <trkpt lat="50.88696" lon="5.00009">
    <ele>37.96</ele>
   </trkpt>
   <trkpt lat="50.887190000000004" lon="5.000660000000001">
    <ele>38.45</ele>
   </trkpt>
   <trkpt lat="50.88772000443166" lon="5.001674988511363">
    <ele>39.220000000000006</ele>
   </trkpt>
   <trkpt lat="50.888250000000006" lon="5.00269">
    <ele>39.68</ele>
   </trkpt>
   <trkpt lat="50.88853" lon="5.00319">
    <ele>39.88</ele>
   </trkpt>
   <trkpt lat="50.88901500222423" lon="5.003909992518119">
    <ele>40.13</ele>
   </trkpt>
   <trkpt lat="50.889500000000005" lon="5.004630000000001">
    <ele>39.28</ele>
   </trkpt>
   <trkpt lat="50.88984000000001" lon="5.00516">
    <ele>38.75</ele>
   </trkpt>
   <trkpt lat="50.89018" lon="5.005780000000001">
    <ele>38.330000000000005</ele>
   </trkpt>
   <trkpt lat="50.89032" lon="5.006080000000001">
    <ele>38.17</ele>
   </trkpt>
   <trkpt lat="50.890660003684935" lon="5.007014993039547">
    <ele>37.57000000000001</ele>
   </trkpt>
   <trkpt lat="50.891000000000005" lon="5.00795">
    <ele>37.50000000000001</ele>
   </trkpt>
   <trkpt lat="50.891090000000005" lon="5.00813">
    <ele>37.61000000000001</ele>
   </trkpt>
   <trkpt lat="50.891270000000006" lon="5.00842">
    <ele>37.94</ele>
   </trkpt>
   <trkpt lat="50.891490000000005" lon="5.00867">
    <ele>38.78</ele>
   </trkpt>
   <trkpt lat="50.89182" lon="5.008940000000001">
    <ele>39.41</ele>
   </trkpt>
   <trkpt lat="50.892160000000004" lon="5.009250000000001">
    <ele>39.7</ele>
   </trkpt>
   <trkpt lat="50.89242" lon="5.00964">
    <ele>39.6</ele>
   </trkpt>
   <trkpt lat="50.892540000000004" lon="5.00987">
    <ele>39.53</ele>
   </trkpt>
   <trkpt lat="50.892680000000006" lon="5.010260000000001">
    <ele>39.6</ele>
   </trkpt>
   <trkpt lat="50.89293000000001" lon="5.0110600000000005">
    <ele>39.42</ele>
   </trkpt>
   <trkpt lat="50.892920000000004" lon="5.0110600000000005">
    <ele>39.42</ele>
   </trkpt>
   <trkpt lat="50.892990000000005" lon="5.011270000000001">
    <ele>39.190000000000005</ele>
   </trkpt>
   <trkpt lat="50.893190000000004" lon="5.01224">
    <ele>38.7</ele>
   </trkpt>
   <trkpt lat="50.89328500219069" lon="5.01295499859491">
    <ele>38.18000000000001</ele>
   </trkpt>
   <trkpt lat="50.89338000000001" lon="5.01367">
    <ele>37.84</ele>
   </trkpt>
   <trkpt lat="50.89347" lon="5.01409">
    <ele>37.84</ele>
   </trkpt>
   <trkpt lat="50.89365" lon="5.01475">
    <ele>37.790000000000006</ele>
   </trkpt>
   <trkpt lat="50.89381" lon="5.01524">
    <ele>37.50000000000001</ele>
   </trkpt>
   <trkpt lat="50.893280000000004" lon="5.015820000000001">
    <ele>35.410000000000004</ele>
   </trkpt>
   <trkpt lat="50.89258667066999" lon="5.016506687134853">
    <ele>33.92</ele>
   </trkpt>
   <trkpt lat="50.891893337311906" lon="5.017193353825635">
    <ele>32.980000000000004</ele>
   </trkpt>
   <trkpt lat="50.891200000000005" lon="5.017880000000001">
    <ele>32.940000000000005</ele>
   </trkpt>
   <trkpt lat="50.89148" lon="5.01876">
    <ele>31.85</ele>
   </trkpt>
   <trkpt lat="50.891670000000005" lon="5.0194600000000005">
    <ele>31.020000000000003</ele>
   </trkpt>
   <trkpt lat="50.89170000000001" lon="5.019690000000001">
    <ele>30.85</ele>
   </trkpt>
   <trkpt lat="50.89218" lon="5.02043">
    <ele>30.62</ele>
   </trkpt>
   <trkpt lat="50.892300000000006" lon="5.020530000000001">
    <ele>31.1</ele>
   </trkpt>
   <trkpt lat="50.892390000000006" lon="5.020580000000001">
    <ele>31.1</ele>
   </trkpt>
   <trkpt lat="50.892680000000006" lon="5.020560000000001">
    <ele>31.21</ele>
   </trkpt>
   <trkpt lat="50.89284000000001" lon="5.020600000000001">
    <ele>31.21</ele>
   </trkpt>
   <trkpt lat="50.89293000000001" lon="5.02066">
    <ele>31.21</ele>
   </trkpt>
   <trkpt lat="50.893280000000004" lon="5.021070000000001">
    <ele>31.070000000000004</ele>
   </trkpt>
   <trkpt lat="50.8939" lon="5.0220400000000005">
    <ele>31.48</ele>
   </trkpt>
   <trkpt lat="50.89452000000001" lon="5.023070000000001">
    <ele>31.84</ele>
   </trkpt>
   <trkpt lat="50.89479000000001" lon="5.023580000000001">
    <ele>31.66</ele>
   </trkpt>
   <trkpt lat="50.894920000000006" lon="5.023910000000001">
    <ele>31.41</ele>
   </trkpt>
   <trkpt lat="50.89528000000001" lon="5.024970000000001">
    <ele>31.110000000000003</ele>
   </trkpt>
   <trkpt lat="50.895570000000006" lon="5.02596">
    <ele>30.76</ele>
   </trkpt>
   <trkpt lat="50.89574" lon="5.02634">
    <ele>30.63</ele>
   </trkpt>
   <trkpt lat="50.896010000000004" lon="5.02681">
    <ele>30.27</ele>
   </trkpt>
   <trkpt lat="50.896240000000006" lon="5.027150000000001">
    <ele>30.240000000000002</ele>
   </trkpt>
   <trkpt lat="50.89678500425042" lon="5.028144988395104">
    <ele>30.45</ele>
   </trkpt>
   <trkpt lat="50.897330000000004" lon="5.029140000000001">
    <ele>31.8</ele>
   </trkpt>
   <trkpt lat="50.897490000000005" lon="5.02895">
    <ele>32.06</ele>
   </trkpt>
   <trkpt lat="50.89797" lon="5.02855">
    <ele>32.690000000000005</ele>
   </trkpt>
   <trkpt lat="50.89819000000001" lon="5.029210000000001">
    <ele>31.93</ele>
   </trkpt>
   <trkpt lat="50.89829" lon="5.02958">
    <ele>31.880000000000006</ele>
   </trkpt>
   <trkpt lat="50.898360000000004" lon="5.030340000000001">
    <ele>32.150000000000006</ele>
   </trkpt>
   <trkpt lat="50.89844" lon="5.03059">
    <ele>32.260000000000005</ele>
   </trkpt>
   <trkpt lat="50.898830002209934" lon="5.0313199937620885">
    <ele>32.74</ele>
   </trkpt>
   <trkpt lat="50.89922000000001" lon="5.032050000000001">
    <ele>33.03</ele>
   </trkpt>
   <trkpt lat="50.899460000000005" lon="5.032450000000001">
    <ele>33.13</ele>
   </trkpt>
   <trkpt lat="50.89951000000001" lon="5.03258">
    <ele>33.080000000000005</ele>
   </trkpt>
   <trkpt lat="50.89954" lon="5.03277">
    <ele>32.99</ele>
   </trkpt>
   <trkpt lat="50.89956" lon="5.03396">
    <ele>31.700000000000006</ele>
   </trkpt>
   <trkpt lat="50.89954" lon="5.0341700000000005">
    <ele>31.6</ele>
   </trkpt>
   <trkpt lat="50.89934" lon="5.03493">
    <ele>30.900000000000002</ele>
   </trkpt>
   <trkpt lat="50.89925" lon="5.035150000000001">
    <ele>30.900000000000002</ele>
   </trkpt>
   <trkpt lat="50.898810000000005" lon="5.0358">
    <ele>30.740000000000002</ele>
   </trkpt>
   <trkpt lat="50.89882" lon="5.035950000000001">
    <ele>30.660000000000004</ele>
   </trkpt>
   <trkpt lat="50.899210000000004" lon="5.03687">
    <ele>30.230000000000004</ele>
   </trkpt>
   <trkpt lat="50.89929000000001" lon="5.03772">
    <ele>30.12</ele>
   </trkpt>
   <trkpt lat="50.89932" lon="5.03789">
    <ele>30.070000000000004</ele>
   </trkpt>
   <trkpt lat="50.899775004777176" lon="5.038949989591155">
    <ele>29.470000000000002</ele>
   </trkpt>
   <trkpt lat="50.90023000000001" lon="5.0400100000000005">
    <ele>29.200000000000003</ele>
   </trkpt>
   <trkpt lat="50.90043000000001" lon="5.04056">
    <ele>28.98</ele>
   </trkpt>
   <trkpt lat="50.90067000471686" lon="5.041604994843079">
    <ele>28.380000000000003</ele>
   </trkpt>
   <trkpt lat="50.90091" lon="5.04265">
    <ele>27.790000000000003</ele>
   </trkpt>
   <trkpt lat="50.90091" lon="5.0426400000000005">
    <ele>27.790000000000003</ele>
   </trkpt>
   <trkpt lat="50.90107500215235" lon="5.043344997627817">
    <ele>27.76</ele>
   </trkpt>
   <trkpt lat="50.90124" lon="5.04405">
    <ele>28.26</ele>
   </trkpt>
   <trkpt lat="50.90137000000001" lon="5.044420000000001">
    <ele>28.85</ele>
   </trkpt>
   <trkpt lat="50.901430000000005" lon="5.04443">
    <ele>28.900000000000002</ele>
   </trkpt>
   <trkpt lat="50.90151" lon="5.04438">
    <ele>28.860000000000003</ele>
   </trkpt>
   <trkpt lat="50.90192000158914" lon="5.043760005539253">
    <ele>28.400000000000002</ele>
   </trkpt>
   <trkpt lat="50.902330000000006" lon="5.04314">
    <ele>29.66</ele>
   </trkpt>
   <trkpt lat="50.902420000000006" lon="5.04297">
    <ele>29.66</ele>
   </trkpt>
   <trkpt lat="50.90243" lon="5.042540000000001">
    <ele>29.910000000000004</ele>
   </trkpt>
   <trkpt lat="50.90247" lon="5.042260000000001">
    <ele>30.18</ele>
   </trkpt>
   <trkpt lat="50.902750000000005" lon="5.041460000000001">
    <ele>30.53</ele>
   </trkpt>
   <trkpt lat="50.902820000000006" lon="5.041320000000001">
    <ele>30.53</ele>
   </trkpt>
   <trkpt lat="50.902890000000006" lon="5.04124">
    <ele>30.7</ele>
   </trkpt>
   <trkpt lat="50.903020000000005" lon="5.04115">
    <ele>30.910000000000004</ele>
   </trkpt>
   <trkpt lat="50.903670000000005" lon="5.04096">
    <ele>32.71</ele>
   </trkpt>
   <trkpt lat="50.904030000000006" lon="5.041910000000001">
    <ele>32.56</ele>
   </trkpt>
   <trkpt lat="50.90450667881296" lon="5.043103308852503">
    <ele>32.81</ele>
   </trkpt>
   <trkpt lat="50.90498334546206" lon="5.044296642141353">
    <ele>32.35</ele>
   </trkpt>
   <trkpt lat="50.905460000000005" lon="5.04549">
    <ele>31.92</ele>
   </trkpt>
   <trkpt lat="50.90585" lon="5.04663">
    <ele>31.5</ele>
   </trkpt>
   <trkpt lat="50.90601" lon="5.046930000000001">
    <ele>31.290000000000006</ele>
   </trkpt>
   <trkpt lat="50.90652000000001" lon="5.0476">
    <ele>30.830000000000002</ele>
   </trkpt>
   <trkpt lat="50.906940000000006" lon="5.048240000000001">
    <ele>30.67</ele>
   </trkpt>
   <trkpt lat="50.90738" lon="5.04886">
    <ele>30.45</ele>
   </trkpt>
   <trkpt lat="50.907520000000005" lon="5.0488800000000005">
    <ele>30.45</ele>
   </trkpt>
   <trkpt lat="50.90797000031437" lon="5.048625002444335">
    <ele>30.37</ele>
   </trkpt>
   <trkpt lat="50.90842000000001" lon="5.04837">
    <ele>30.94</ele>
   </trkpt>
   <trkpt lat="50.90905000000001" lon="5.04846">
    <ele>31.230000000000004</ele>
   </trkpt>
   <trkpt lat="50.909400000000005" lon="5.0484">
    <ele>31.51</ele>
   </trkpt>
   <trkpt lat="50.90966" lon="5.0483">
    <ele>31.92</ele>
   </trkpt>
   <trkpt lat="50.910050000000005" lon="5.048100000000001">
    <ele>31.89</ele>
   </trkpt>
   <trkpt lat="50.91082" lon="5.04762">
    <ele>32.1</ele>
   </trkpt>
   <trkpt lat="50.910810000000005" lon="5.04762">
    <ele>32.1</ele>
   </trkpt>
   <trkpt lat="50.911365000344766" lon="5.0472850040757855">
    <ele>32.760000000000005</ele>
   </trkpt>
   <trkpt lat="50.91192" lon="5.046950000000001">
    <ele>35.03000000000001</ele>
   </trkpt>
   <trkpt lat="50.91199" lon="5.046950000000001">
    <ele>35.03000000000001</ele>
   </trkpt>
   <trkpt lat="50.912040000000005" lon="5.046970000000001">
    <ele>35.03000000000001</ele>
   </trkpt>
   <trkpt lat="50.91221" lon="5.04609">
    <ele>36.31</ele>
   </trkpt>
   <trkpt lat="50.91226" lon="5.0461100000000005">
    <ele>36.0</ele>
   </trkpt>
   <trkpt lat="50.91234000000001" lon="5.046200000000001">
    <ele>35.81</ele>
   </trkpt>
   <trkpt lat="50.91245000000001" lon="5.04654">
    <ele>34.690000000000005</ele>
   </trkpt>
   <trkpt lat="50.91273000699459" lon="5.047819992287712">
    <ele>33.38</ele>
   </trkpt>
   <trkpt lat="50.91301000000001" lon="5.0491">
    <ele>32.93</ele>
   </trkpt>
   <trkpt lat="50.91313" lon="5.04952">
    <ele>32.830000000000005</ele>
   </trkpt>
   <trkpt lat="50.91351" lon="5.05055">
    <ele>32.400000000000006</ele>
   </trkpt>
   <trkpt lat="50.913720000000005" lon="5.05102">
    <ele>32.24</ele>
   </trkpt>
   <trkpt lat="50.91403000137467" lon="5.051604995939399">
    <ele>32.080000000000005</ele>
   </trkpt>
   <trkpt lat="50.91434" lon="5.05219">
    <ele>31.85</ele>
   </trkpt>
   <trkpt lat="50.91459000160606" lon="5.0527949968538275">
    <ele>31.450000000000006</ele>
   </trkpt>
   <trkpt lat="50.914840000000005" lon="5.053400000000001">
    <ele>31.34</ele>
   </trkpt>
   <trkpt lat="50.91509500363997" lon="5.054319995050192">
    <ele>31.150000000000002</ele>
   </trkpt>
   <trkpt lat="50.915350000000004" lon="5.05524">
    <ele>30.980000000000004</ele>
   </trkpt>
   <trkpt lat="50.91565500232875" lon="5.055959995552308">
    <ele>30.570000000000004</ele>
   </trkpt>
   <trkpt lat="50.915960000000005" lon="5.05668">
    <ele>30.37</ele>
   </trkpt>
   <trkpt lat="50.91639000000001" lon="5.05783">
    <ele>29.960000000000004</ele>
   </trkpt>
   <trkpt lat="50.916615001740496" lon="5.058474996777679">
    <ele>30.18</ele>
   </trkpt>
   <trkpt lat="50.91684000000001" lon="5.05912">
    <ele>30.0</ele>
   </trkpt>
   <trkpt lat="50.916990000000006" lon="5.05958">
    <ele>29.26</ele>
   </trkpt>
   <trkpt lat="50.917100000000005" lon="5.05987">
    <ele>29.02</ele>
   </trkpt>
   <trkpt lat="50.91722000000001" lon="5.060020000000001">
    <ele>29.02</ele>
   </trkpt>
   <trkpt lat="50.91747" lon="5.060420000000001">
    <ele>28.75</ele>
   </trkpt>
   <trkpt lat="50.9178200017549" lon="5.061054995283562">
    <ele>28.41</ele>
   </trkpt>
   <trkpt lat="50.91817" lon="5.0616900000000005">
    <ele>28.71</ele>
   </trkpt>
   <trkpt lat="50.918580000000006" lon="5.06249">
    <ele>29.34</ele>
   </trkpt>
   <trkpt lat="50.918955004627065" lon="5.063534991476685">
    <ele>29.25</ele>
   </trkpt>
   <trkpt lat="50.91933" lon="5.06458">
    <ele>28.950000000000003</ele>
   </trkpt>
   <trkpt lat="50.919780014453174" lon="5.065499964400075">
    <ele>28.32</ele>
   </trkpt>
   <trkpt lat="50.92023002167767" lon="5.066419946594964">
    <ele>28.540000000000003</ele>
   </trkpt>
   <trkpt lat="50.92068002167323" lon="5.067339946585009">
    <ele>28.34</ele>
   </trkpt>
   <trkpt lat="50.92113001443958" lon="5.068259964370557">
    <ele>28.040000000000003</ele>
   </trkpt>
   <trkpt lat="50.921580000000006" lon="5.06918">
    <ele>27.610000000000003</ele>
   </trkpt>
   <trkpt lat="50.92157" lon="5.06918">
    <ele>27.62</ele>
   </trkpt>
   <trkpt lat="50.9218550013027" lon="5.069734996575599">
    <ele>27.44</ele>
   </trkpt>
   <trkpt lat="50.922140000000006" lon="5.070290000000001">
    <ele>27.49</ele>
   </trkpt>
   <trkpt lat="50.92253" lon="5.07096">
    <ele>29.1</ele>
   </trkpt>
   <trkpt lat="50.922560000000004" lon="5.07099">
    <ele>29.1</ele>
   </trkpt>
   <trkpt lat="50.922920000000005" lon="5.0702300000000005">
    <ele>30.2</ele>
   </trkpt>
   <trkpt lat="50.92309" lon="5.069940000000001">
    <ele>30.79</ele>
   </trkpt>
   <trkpt lat="50.92365335025027" lon="5.069050053876387">
    <ele>32.75</ele>
   </trkpt>
   <trkpt lat="50.924216693736035" lon="5.068160086200152">
    <ele>34.58</ele>
   </trkpt>
   <trkpt lat="50.924780030457065" lon="5.067270096970598">
    <ele>38.330000000000005</ele>
   </trkpt>
   <trkpt lat="50.925343360413" lon="5.066380086187032">
    <ele>42.72</ele>
   </trkpt>
   <trkpt lat="50.92590668360356" lon="5.065490053848756">
    <ele>46.99</ele>
   </trkpt>
   <trkpt lat="50.92647" lon="5.0646">
    <ele>49.31</ele>
   </trkpt>
   <trkpt lat="50.92674" lon="5.0643">
    <ele>49.39</ele>
   </trkpt>
   <trkpt lat="50.9271" lon="5.064030000000001">
    <ele>49.11</ele>
   </trkpt>
   <trkpt lat="50.92762500046527" lon="5.063740003214359">
    <ele>48.650000000000006</ele>
   </trkpt>
   <trkpt lat="50.92815" lon="5.0634500000000005">
    <ele>47.800000000000004</ele>
   </trkpt>
   <trkpt lat="50.92860500028582" lon="5.06319500248976">
    <ele>46.99</ele>
   </trkpt>
   <trkpt lat="50.92906000000001" lon="5.06294">
    <ele>46.37</ele>
   </trkpt>
   <trkpt lat="50.929230000000004" lon="5.06287">
    <ele>46.13</ele>
   </trkpt>
   <trkpt lat="50.92936" lon="5.06285">
    <ele>46.13</ele>
   </trkpt>
   <trkpt lat="50.92949" lon="5.06287">
    <ele>45.94</ele>
   </trkpt>
   <trkpt lat="50.92962000000001" lon="5.06292">
    <ele>45.94</ele>
   </trkpt>
   <trkpt lat="50.930420000000005" lon="5.063350000000001">
    <ele>45.2</ele>
   </trkpt>
   <trkpt lat="50.93068" lon="5.063440000000001">
    <ele>44.82000000000001</ele>
   </trkpt>
   <trkpt lat="50.930890000000005" lon="5.06346">
    <ele>44.120000000000005</ele>
   </trkpt>
   <trkpt lat="50.93088" lon="5.06346">
    <ele>44.15</ele>
   </trkpt>
   <trkpt lat="50.931540000000005" lon="5.06348">
    <ele>43.08</ele>
   </trkpt>
   <trkpt lat="50.93179000000001" lon="5.06346">
    <ele>42.56</ele>
   </trkpt>
   <trkpt lat="50.93182" lon="5.06348">
    <ele>42.56</ele>
   </trkpt>
   <trkpt lat="50.93207000936286" lon="5.0645266554437764">
    <ele>42.89</ele>
   </trkpt>
   <trkpt lat="50.93232000936993" lon="5.065573322139815">
    <ele>43.0</ele>
   </trkpt>
   <trkpt lat="50.932570000000005" lon="5.06662">
    <ele>42.7</ele>
   </trkpt>
   <trkpt lat="50.932700000000004" lon="5.06698">
    <ele>42.7</ele>
   </trkpt>
   <trkpt lat="50.93320500302892" lon="5.0678049912421335">
    <ele>42.120000000000005</ele>
   </trkpt>
   <trkpt lat="50.933710000000005" lon="5.068630000000001">
    <ele>41.84</ele>
   </trkpt>
   <trkpt lat="50.934270000000005" lon="5.069520000000001">
    <ele>41.63</ele>
   </trkpt>
   <trkpt lat="50.934340000000006" lon="5.069680000000001">
    <ele>41.63</ele>
   </trkpt>
   <trkpt lat="50.93442" lon="5.070130000000001">
    <ele>41.82</ele>
   </trkpt>
   <trkpt lat="50.934400000000004" lon="5.070390000000001">
    <ele>42.080000000000005</ele>
   </trkpt>
   <trkpt lat="50.93444" lon="5.07054">
    <ele>42.080000000000005</ele>
   </trkpt>
   <trkpt lat="50.934863341033896" lon="5.0714899826891315">
    <ele>42.85000000000001</ele>
   </trkpt>
   <trkpt lat="50.93528667436054" lon="5.072439982673834">
    <ele>42.82</ele>
   </trkpt>
   <trkpt lat="50.93571000000001" lon="5.073390000000001">
    <ele>42.0</ele>
   </trkpt>
   <trkpt lat="50.93600000157271" lon="5.074004996075029">
    <ele>41.56</ele>
   </trkpt>
   <trkpt lat="50.93629000000001" lon="5.07462">
    <ele>40.370000000000005</ele>
   </trkpt>
   <trkpt lat="50.93645" lon="5.07448">
    <ele>40.480000000000004</ele>
   </trkpt>
   <trkpt lat="50.93672" lon="5.07432">
    <ele>40.690000000000005</ele>
   </trkpt>
   <trkpt lat="50.937050000000006" lon="5.07418">
    <ele>40.330000000000005</ele>
   </trkpt>
   <trkpt lat="50.93737" lon="5.07409">
    <ele>39.769999999999996</ele>
   </trkpt>
   <trkpt lat="50.93770000000001" lon="5.0740300000000005">
    <ele>39.05</ele>
   </trkpt>
   <trkpt lat="50.93777000000001" lon="5.0740300000000005">
    <ele>39.05</ele>
   </trkpt>
   <trkpt lat="50.937760000000004" lon="5.0740300000000005">
    <ele>39.05</ele>
   </trkpt>
   <trkpt lat="50.93802" lon="5.0740300000000005">
    <ele>38.48</ele>
   </trkpt>
   <trkpt lat="50.93831" lon="5.07406">
    <ele>37.970000000000006</ele>
   </trkpt>
   <trkpt lat="50.938480000000006" lon="5.0741000000000005">
    <ele>36.56</ele>
   </trkpt>
   <trkpt lat="50.938700000000004" lon="5.074190000000001">
    <ele>36.56</ele>
   </trkpt>
   <trkpt lat="50.939490000000006" lon="5.074590000000001">
    <ele>33.95</ele>
   </trkpt>
   <trkpt lat="50.93958000000001" lon="5.074610000000001">
    <ele>33.800000000000004</ele>
   </trkpt>
   <trkpt lat="50.93968" lon="5.0746">
    <ele>33.61</ele>
   </trkpt>
   <trkpt lat="50.940263334129334" lon="5.074313340479992">
    <ele>32.730000000000004</ele>
   </trkpt>
   <trkpt lat="50.940846667556904" lon="5.074026673767126">
    <ele>33.57</ele>
   </trkpt>
   <trkpt lat="50.941430000000004" lon="5.073740000000001">
    <ele>35.75</ele>
   </trkpt>
   <trkpt lat="50.94171000000001" lon="5.0735600000000005">
    <ele>37.68000000000001</ele>
   </trkpt>
   <trkpt lat="50.94201" lon="5.07329">
    <ele>39.03</ele>
   </trkpt>
   <trkpt lat="50.942565005032236" lon="5.072665022350564">
    <ele>43.74</ele>
   </trkpt>
   <trkpt lat="50.943120006728876" lon="5.072040029779594">
    <ele>47.41</ele>
   </trkpt>
   <trkpt lat="50.94367500508976" lon="5.071415022286526">
    <ele>48.93</ele>
   </trkpt>
   <trkpt lat="50.944230000000005" lon="5.070790000000001">
    <ele>49.14</ele>
   </trkpt>
   <trkpt lat="50.94431" lon="5.070720000000001">
    <ele>49.0</ele>
   </trkpt>
   <trkpt lat="50.94449" lon="5.07061">
    <ele>48.63</ele>
   </trkpt>
   <trkpt lat="50.944610000000004" lon="5.0705800000000005">
    <ele>48.17</ele>
   </trkpt>
   <trkpt lat="50.94492" lon="5.07061">
    <ele>47.24</ele>
   </trkpt>
   <trkpt lat="50.94503" lon="5.07066">
    <ele>46.61000000000001</ele>
   </trkpt>
   <trkpt lat="50.94563000112525" lon="5.07101665748298">
    <ele>44.53000000000001</ele>
   </trkpt>
   <trkpt lat="50.946230001164245" lon="5.071373324172666">
    <ele>41.67</ele>
   </trkpt>
   <trkpt lat="50.946830000000006" lon="5.0717300000000005">
    <ele>39.339999999999996</ele>
   </trkpt>
   <trkpt lat="50.94704" lon="5.07195">
    <ele>39.0</ele>
   </trkpt>
   <trkpt lat="50.947190000000006" lon="5.07219">
    <ele>38.61000000000001</ele>
   </trkpt>
   <trkpt lat="50.947280000000006" lon="5.07246">
    <ele>38.25000000000001</ele>
   </trkpt>
   <trkpt lat="50.947470005118454" lon="5.07355499551881">
    <ele>37.75000000000001</ele>
   </trkpt>
   <trkpt lat="50.947660000000006" lon="5.07465">
    <ele>37.18000000000001</ele>
   </trkpt>
   <trkpt lat="50.94794" lon="5.0758600000000005">
    <ele>36.85</ele>
   </trkpt>
   <trkpt lat="50.94823000802188" lon="5.0768299878543655">
    <ele>36.50000000000001</ele>
   </trkpt>
   <trkpt lat="50.94852000800934" lon="5.077799987812173">
    <ele>36.04</ele>
   </trkpt>
   <trkpt lat="50.94881" lon="5.0787700000000005">
    <ele>35.82000000000001</ele>
   </trkpt>
   <trkpt lat="50.948980000000006" lon="5.07922">
    <ele>35.72</ele>
   </trkpt>
   <trkpt lat="50.94928000166326" lon="5.079829996214494">
    <ele>35.61</ele>
   </trkpt>
   <trkpt lat="50.949580000000005" lon="5.08044">
    <ele>35.550000000000004</ele>
   </trkpt>
   <trkpt lat="50.949905002611985" lon="5.081219994580568">
    <ele>35.32</ele>
   </trkpt>
   <trkpt lat="50.950230000000005" lon="5.082000000000001">
    <ele>34.550000000000004</ele>
   </trkpt>
   <trkpt lat="50.9504" lon="5.082350000000001">
    <ele>33.92</ele>
   </trkpt>
   <trkpt lat="50.95062" lon="5.0827">
    <ele>33.120000000000005</ele>
   </trkpt>
   <trkpt lat="50.95128500326666" lon="5.083574987477739">
    <ele>31.68</ele>
   </trkpt>
   <trkpt lat="50.951950000000004" lon="5.08445">
    <ele>30.61</ele>
   </trkpt>
   <trkpt lat="50.952160000000006" lon="5.08467">
    <ele>30.18</ele>
   </trkpt>
   <trkpt lat="50.95226" lon="5.0848700000000004">
    <ele>30.11</ele>
   </trkpt>
   <trkpt lat="50.952560000000005" lon="5.08535">
    <ele>29.41</ele>
   </trkpt>
   <trkpt lat="50.953056675757935" lon="5.086379978052399">
    <ele>28.07</ele>
   </trkpt>
   <trkpt lat="50.953553342457134" lon="5.087409978119478">
    <ele>27.500000000000004</ele>
   </trkpt>
   <trkpt lat="50.95405" lon="5.08844">
    <ele>27.19</ele>
   </trkpt>
   <trkpt lat="50.95425" lon="5.08894">
    <ele>27.44</ele>
   </trkpt>
   <trkpt lat="50.95436" lon="5.08926">
    <ele>27.73</ele>
   </trkpt>
   <trkpt lat="50.95458000000001" lon="5.08882">
    <ele>26.76</ele>
   </trkpt>
   <trkpt lat="50.954820000000005" lon="5.088430000000001">
    <ele>26.480000000000004</ele>
   </trkpt>
   <trkpt lat="50.955070000000006" lon="5.088050000000001">
    <ele>26.45</ele>
   </trkpt>
   <trkpt lat="50.955070000000006" lon="5.0880600000000005">
    <ele>26.45</ele>
   </trkpt>
   <trkpt lat="50.9553" lon="5.08774">
    <ele>26.51</ele>
   </trkpt>
   <trkpt lat="50.95561000000001" lon="5.08734">
    <ele>26.730000000000004</ele>
   </trkpt>
   <trkpt lat="50.956050000000005" lon="5.08682">
    <ele>27.17</ele>
   </trkpt>
   <trkpt lat="50.95647" lon="5.0863700000000005">
    <ele>27.19</ele>
   </trkpt>
   <trkpt lat="50.956990000000005" lon="5.08591">
    <ele>27.340000000000003</ele>
   </trkpt>
   <trkpt lat="50.95746000064778" lon="5.085560003447174">
    <ele>27.380000000000003</ele>
   </trkpt>
   <trkpt lat="50.957930000000005" lon="5.08521">
    <ele>27.21</ele>
   </trkpt>
   <trkpt lat="50.95837" lon="5.08497">
    <ele>26.900000000000002</ele>
   </trkpt>
   <trkpt lat="50.95910000000001" lon="5.08466">
    <ele>28.330000000000002</ele>
   </trkpt>
   <trkpt lat="50.95899000000001" lon="5.08516">
    <ele>28.270000000000003</ele>
   </trkpt>
   <trkpt lat="50.95899000000001" lon="5.085400000000001">
    <ele>28.3</ele>
   </trkpt>
   <trkpt lat="50.95904" lon="5.08542">
    <ele>28.3</ele>
   </trkpt>
   <trkpt lat="50.95913" lon="5.085540000000001">
    <ele>27.330000000000002</ele>
   </trkpt>
   <trkpt lat="50.95955000000001" lon="5.08636">
    <ele>25.96</ele>
   </trkpt>
   <trkpt lat="50.95955000000001" lon="5.08635">
    <ele>25.970000000000002</ele>
   </trkpt>
   <trkpt lat="50.959860000000006" lon="5.08687">
    <ele>26.21</ele>
   </trkpt>
   <trkpt lat="50.95962" lon="5.087420000000001">
    <ele>26.35</ele>
   </trkpt>
   <trkpt lat="50.95964000000001" lon="5.0874500000000005">
    <ele>26.35</ele>
   </trkpt>
   <trkpt lat="50.959610000000005" lon="5.08751">
    <ele>26.35</ele>
   </trkpt>
   <trkpt lat="50.95969" lon="5.087610000000001">
    <ele>26.29</ele>
   </trkpt>
   <trkpt lat="50.95973000000001" lon="5.08755">
    <ele>26.29</ele>
   </trkpt>
   <trkpt lat="50.95978" lon="5.08753">
    <ele>26.150000000000002</ele>
   </trkpt>
   <trkpt lat="50.959970000000006" lon="5.0876600000000005">
    <ele>25.02</ele>
   </trkpt>
   <trkpt lat="50.96034" lon="5.08854">
    <ele>24.09</ele>
   </trkpt>
   <trkpt lat="50.96052" lon="5.08884">
    <ele>22.98</ele>
   </trkpt>
   <trkpt lat="50.960620000000006" lon="5.088970000000001">
    <ele>22.98</ele>
   </trkpt>
   <trkpt lat="50.960860000000004" lon="5.08919">
    <ele>22.88</ele>
   </trkpt>
   <trkpt lat="50.960950000000004" lon="5.089250000000001">
    <ele>22.79</ele>
   </trkpt>
   <trkpt lat="50.96150000044741" lon="5.089549996483094">
    <ele>22.03</ele>
   </trkpt>
   <trkpt lat="50.962050000000005" lon="5.08985">
    <ele>22.070000000000004</ele>
   </trkpt>
   <trkpt lat="50.962250000000004" lon="5.089930000000001">
    <ele>22.27</ele>
   </trkpt>
   <trkpt lat="50.9624" lon="5.08997">
    <ele>22.35</ele>
   </trkpt>
   <trkpt lat="50.962520000000005" lon="5.089980000000001">
    <ele>22.37</ele>
   </trkpt>
   <trkpt lat="50.962650000000004" lon="5.089980000000001">
    <ele>22.340000000000003</ele>
   </trkpt>
   <trkpt lat="50.96294" lon="5.08987">
    <ele>22.340000000000003</ele>
   </trkpt>
   <trkpt lat="50.96327" lon="5.08968">
    <ele>22.47</ele>
   </trkpt>
   <trkpt lat="50.96406333546497" lon="5.089180017078709">
    <ele>22.740000000000002</ele>
   </trkpt>
   <trkpt lat="50.964856668795456" lon="5.088680017080867">
    <ele>23.24</ele>
   </trkpt>
   <trkpt lat="50.965650000000004" lon="5.08818">
    <ele>23.51</ele>
   </trkpt>
   <trkpt lat="50.965920000000004" lon="5.088050000000001">
    <ele>23.32</ele>
   </trkpt>
   <trkpt lat="50.966210000000004" lon="5.087980000000001">
    <ele>23.270000000000003</ele>
   </trkpt>
   <trkpt lat="50.966440000000006" lon="5.0879900000000005">
    <ele>23.3</ele>
   </trkpt>
   <trkpt lat="50.966620000000006" lon="5.088030000000001">
    <ele>23.590000000000003</ele>
   </trkpt>
   <trkpt lat="50.967000000000006" lon="5.0882000000000005">
    <ele>23.62</ele>
   </trkpt>
   <trkpt lat="50.9673" lon="5.088360000000001">
    <ele>23.55</ele>
   </trkpt>
   <trkpt lat="50.96779" lon="5.08861">
    <ele>23.07</ele>
   </trkpt>
   <trkpt lat="50.968210000000006" lon="5.08893">
    <ele>22.910000000000004</ele>
   </trkpt>
   <trkpt lat="50.968250000000005" lon="5.08891">
    <ele>22.910000000000004</ele>
   </trkpt>
   <trkpt lat="50.96895000041369" lon="5.0892499948372985">
    <ele>23.42</ele>
   </trkpt>
   <trkpt lat="50.96965" lon="5.08959">
    <ele>25.880000000000003</ele>
   </trkpt>
   <trkpt lat="50.97027000042605" lon="5.089869996303624">
    <ele>27.160000000000004</ele>
   </trkpt>
   <trkpt lat="50.970890000000004" lon="5.09015">
    <ele>27.46</ele>
   </trkpt>
   <trkpt lat="50.971180000000004" lon="5.090350000000001">
    <ele>28.360000000000003</ele>
   </trkpt>
   <trkpt lat="50.971430000000005" lon="5.0906">
    <ele>29.59</ele>
   </trkpt>
   <trkpt lat="50.971470000000004" lon="5.09056">
    <ele>29.34</ele>
   </trkpt>
   <trkpt lat="50.971700000000006" lon="5.09088">
    <ele>30.55</ele>
   </trkpt>
   <trkpt lat="50.97175000000001" lon="5.09091">
    <ele>30.55</ele>
   </trkpt>
   <trkpt lat="50.971920000000004" lon="5.091270000000001">
    <ele>31.25</ele>
   </trkpt>
   <trkpt lat="50.97202000000001" lon="5.09154">
    <ele>31.380000000000006</ele>
   </trkpt>
   <trkpt lat="50.972280000000005" lon="5.0926">
    <ele>31.5</ele>
   </trkpt>
   <trkpt lat="50.97223" lon="5.09264">
    <ele>31.650000000000002</ele>
   </trkpt>
   <trkpt lat="50.972370000000005" lon="5.09314">
    <ele>31.42</ele>
   </trkpt>
   <trkpt lat="50.972480000000004" lon="5.09346">
    <ele>31.22</ele>
   </trkpt>
   <trkpt lat="50.97278000000001" lon="5.0940900000000005">
    <ele>30.69</ele>
   </trkpt>
   <trkpt lat="50.97283" lon="5.0941">
    <ele>30.69</ele>
   </trkpt>
   <trkpt lat="50.972930000000005" lon="5.094250000000001">
    <ele>30.51</ele>
   </trkpt>
   <trkpt lat="50.973650000000006" lon="5.0951">
    <ele>28.34</ele>
   </trkpt>
   <trkpt lat="50.974250000000005" lon="5.095680000000001">
    <ele>27.000000000000004</ele>
   </trkpt>
   <trkpt lat="50.97455" lon="5.096050000000001">
    <ele>26.55</ele>
   </trkpt>
   <trkpt lat="50.97498500165639" lon="5.096654994463473">
    <ele>25.36</ele>
   </trkpt>
   <trkpt lat="50.97542000000001" lon="5.09726">
    <ele>24.17</ele>
   </trkpt>
   <trkpt lat="50.97563" lon="5.09748">
    <ele>23.78</ele>
   </trkpt>
   <trkpt lat="50.97583" lon="5.09761">
    <ele>23.51</ele>
   </trkpt>
   <trkpt lat="50.97616000000001" lon="5.0977500000000004">
    <ele>23.24</ele>
   </trkpt>
   <trkpt lat="50.97625000000001" lon="5.097810000000001">
    <ele>23.24</ele>
   </trkpt>
   <trkpt lat="50.97676500157656" lon="5.098419993220724">
    <ele>21.94</ele>
   </trkpt>
   <trkpt lat="50.97728000000001" lon="5.099030000000001">
    <ele>21.730000000000004</ele>
   </trkpt>
   <trkpt lat="50.977560000000004" lon="5.09928">
    <ele>21.550000000000004</ele>
   </trkpt>
   <trkpt lat="50.97809" lon="5.099640000000001">
    <ele>21.68</ele>
   </trkpt>
   <trkpt lat="50.978170000000006" lon="5.099670000000001">
    <ele>21.630000000000003</ele>
   </trkpt>
   <trkpt lat="50.978260000000006" lon="5.09977">
    <ele>21.630000000000003</ele>
   </trkpt>
   <trkpt lat="50.97834" lon="5.09975">
    <ele>21.57</ele>
   </trkpt>
   <trkpt lat="50.978370000000005" lon="5.09963">
    <ele>21.57</ele>
   </trkpt>
   <trkpt lat="50.97838" lon="5.099500000000001">
    <ele>21.57</ele>
   </trkpt>
   <trkpt lat="50.97869000560153" lon="5.098350007840203">
    <ele>20.76</ele>
   </trkpt>
   <trkpt lat="50.979000000000006" lon="5.097200000000001">
    <ele>20.66</ele>
   </trkpt>
   <trkpt lat="50.979290000000006" lon="5.0965300000000004">
    <ele>20.880000000000003</ele>
   </trkpt>
   <trkpt lat="50.97939" lon="5.09639">
    <ele>21.19</ele>
   </trkpt>
   <trkpt lat="50.97955" lon="5.09625">
    <ele>21.19</ele>
   </trkpt>
   <trkpt lat="50.979600000000005" lon="5.09619">
    <ele>21.19</ele>
   </trkpt>
   <trkpt lat="50.98014500062562" lon="5.09578000488177">
    <ele>21.150000000000002</ele>
   </trkpt>
   <trkpt lat="50.98069" lon="5.095370000000001">
    <ele>21.66</ele>
   </trkpt>
   <trkpt lat="50.980740000000004" lon="5.09438">
    <ele>21.79</ele>
   </trkpt>
   <trkpt lat="50.98078" lon="5.0942300000000005">
    <ele>21.93</ele>
   </trkpt>
   <trkpt lat="50.98077000000001" lon="5.09395">
    <ele>22.150000000000002</ele>
   </trkpt>
   <trkpt lat="50.9808" lon="5.093450000000001">
    <ele>22.42</ele>
   </trkpt>
   <trkpt lat="50.980850000000004" lon="5.09302">
    <ele>23.15</ele>
   </trkpt>
   <trkpt lat="50.98093" lon="5.0917">
    <ele>24.09</ele>
   </trkpt>
   <trkpt lat="50.981190000000005" lon="5.0904300000000005">
    <ele>24.46</ele>
   </trkpt>
   <trkpt lat="50.981350000000006" lon="5.0899">
    <ele>24.32</ele>
   </trkpt>
   <trkpt lat="50.98162000000001" lon="5.089300000000001">
    <ele>23.85</ele>
   </trkpt>
   <trkpt lat="50.98213201940946" lon="5.088234047008727">
    <ele>23.49</ele>
   </trkpt>
   <trkpt lat="50.98264402911843" lon="5.087168070505626">
    <ele>22.71</ele>
   </trkpt>
   <trkpt lat="50.98315602912646" lon="5.086102070490193">
    <ele>22.160000000000004</ele>
   </trkpt>
   <trkpt lat="50.98366801943322" lon="5.085036046961927">
    <ele>21.66</ele>
   </trkpt>
   <trkpt lat="50.98418" lon="5.083970000000001">
    <ele>21.01</ele>
   </trkpt>
   <trkpt lat="50.984320000000004" lon="5.08373">
    <ele>20.67</ele>
   </trkpt>
   <trkpt lat="50.98453000000001" lon="5.08345">
    <ele>20.610000000000003</ele>
   </trkpt>
   <trkpt lat="50.98474" lon="5.083220000000001">
    <ele>20.48</ele>
   </trkpt>
   <trkpt lat="50.984910000000006" lon="5.083060000000001">
    <ele>20.34</ele>
   </trkpt>
   <trkpt lat="50.984880000000004" lon="5.083">
    <ele>20.26</ele>
   </trkpt>
   <trkpt lat="50.985110000000006" lon="5.082820000000001">
    <ele>20.21</ele>
   </trkpt>
   <trkpt lat="50.98579" lon="5.08239">
    <ele>20.150000000000002</ele>
   </trkpt>
   <trkpt lat="50.985980000000005" lon="5.08229">
    <ele>20.270000000000003</ele>
   </trkpt>
   <trkpt lat="50.986070000000005" lon="5.08223">
    <ele>20.25</ele>
   </trkpt>
   <trkpt lat="50.986110000000004" lon="5.0821700000000005">
    <ele>20.25</ele>
   </trkpt>
   <trkpt lat="50.98675666820287" lon="5.08175001168241">
    <ele>20.12</ele>
   </trkpt>
   <trkpt lat="50.987403334899895" lon="5.0813300116628985">
    <ele>20.330000000000002</ele>
   </trkpt>
   <trkpt lat="50.98805" lon="5.08091">
    <ele>21.470000000000002</ele>
   </trkpt>
   <trkpt lat="50.988260000000004" lon="5.08075">
    <ele>21.550000000000004</ele>
   </trkpt>
   <trkpt lat="50.98873500042344" lon="5.080455002986622">
    <ele>21.07</ele>
   </trkpt>
   <trkpt lat="50.98921000000001" lon="5.08016">
    <ele>21.68</ele>
   </trkpt>
   <trkpt lat="50.98986000000001" lon="5.079470000000001">
    <ele>22.660000000000004</ele>
   </trkpt>
   <trkpt lat="50.99022" lon="5.07927">
    <ele>23.01</ele>
   </trkpt>
   <trkpt lat="50.99073000049158" lon="5.078960003356925">
    <ele>24.580000000000002</ele>
   </trkpt>
   <trkpt lat="50.991240000000005" lon="5.0786500000000006">
    <ele>25.890000000000004</ele>
   </trkpt>
   <trkpt lat="50.99132" lon="5.078480000000001">
    <ele>25.970000000000002</ele>
   </trkpt>
   <trkpt lat="50.99155500334805" lon="5.077600004295789">
    <ele>26.42</ele>
   </trkpt>
   <trkpt lat="50.99179" lon="5.076720000000001">
    <ele>27.000000000000004</ele>
   </trkpt>
   <trkpt lat="50.99194500789303" lon="5.075360004555113">
    <ele>28.470000000000002</ele>
   </trkpt>
   <trkpt lat="50.9921" lon="5.074000000000001">
    <ele>30.400000000000002</ele>
   </trkpt>
   <trkpt lat="50.99213" lon="5.07387">
    <ele>30.520000000000003</ele>
   </trkpt>
   <trkpt lat="50.99219" lon="5.073740000000001">
    <ele>30.61</ele>
   </trkpt>
   <trkpt lat="50.992250000000006" lon="5.073670000000001">
    <ele>30.61</ele>
   </trkpt>
   <trkpt lat="50.99277000039672" lon="5.073415002798753">
    <ele>28.940000000000005</ele>
   </trkpt>
   <trkpt lat="50.99329" lon="5.073160000000001">
    <ele>27.720000000000002</ele>
   </trkpt>
   <trkpt lat="50.994110000000006" lon="5.072710000000001">
    <ele>26.3</ele>
   </trkpt>
   <trkpt lat="50.994670000000006" lon="5.07237">
    <ele>25.42</ele>
   </trkpt>
   <trkpt lat="50.99468" lon="5.07237">
    <ele>25.42</ele>
   </trkpt>
   <trkpt lat="50.995430000000006" lon="5.0718000000000005">
    <ele>25.44</ele>
   </trkpt>
   <trkpt lat="50.995540000000005" lon="5.071680000000001">
    <ele>25.470000000000002</ele>
   </trkpt>
   <trkpt lat="50.99571" lon="5.07103">
    <ele>25.66</ele>
   </trkpt>
   <trkpt lat="50.99577000000001" lon="5.07096">
    <ele>25.69</ele>
   </trkpt>
   <trkpt lat="50.99584" lon="5.07092">
    <ele>25.69</ele>
   </trkpt>
   <trkpt lat="50.996100000000006" lon="5.07183">
    <ele>25.68</ele>
   </trkpt>
   <trkpt lat="50.996140000000004" lon="5.07181">
    <ele>25.68</ele>
   </trkpt>
   <trkpt lat="50.99622" lon="5.07181">
    <ele>25.310000000000002</ele>
   </trkpt>
   <trkpt lat="50.99674" lon="5.0720600000000005">
    <ele>23.950000000000003</ele>
   </trkpt>
   <trkpt lat="50.99680000000001" lon="5.072100000000001">
    <ele>23.810000000000002</ele>
   </trkpt>
   <trkpt lat="50.996880000000004" lon="5.072240000000001">
    <ele>23.810000000000002</ele>
   </trkpt>
   <trkpt lat="50.99692" lon="5.07235">
    <ele>23.67</ele>
   </trkpt>
   <trkpt lat="50.99720500624191" lon="5.073554992787386">
    <ele>23.44</ele>
   </trkpt>
   <trkpt lat="50.997490000000006" lon="5.07476">
    <ele>23.83</ele>
   </trkpt>
   <trkpt lat="50.99774000000001" lon="5.07549">
    <ele>24.330000000000002</ele>
   </trkpt>
   <trkpt lat="50.99801500177081" lon="5.076129996259578">
    <ele>24.380000000000003</ele>
   </trkpt>
   <trkpt lat="50.998290000000004" lon="5.076770000000001">
    <ele>24.68</ele>
   </trkpt>
   <trkpt lat="50.99842" lon="5.07716">
    <ele>24.68</ele>
   </trkpt>
   <trkpt lat="50.99842" lon="5.0771500000000005">
    <ele>24.68</ele>
   </trkpt>
   <trkpt lat="50.998685002964486" lon="5.077984995195519">
    <ele>24.55</ele>
   </trkpt>
   <trkpt lat="50.99895" lon="5.07882">
    <ele>24.41</ele>
   </trkpt>
   <trkpt lat="50.999125002058335" lon="5.079499997764819">
    <ele>24.540000000000003</ele>
   </trkpt>
   <trkpt lat="50.999300000000005" lon="5.08018">
    <ele>25.23</ele>
   </trkpt>
   <trkpt lat="50.999956668068876" lon="5.079770011626008">
    <ele>24.110000000000003</ele>
   </trkpt>
   <trkpt lat="51.00061333470289" lon="5.079360011646601">
    <ele>23.470000000000002</ele>
   </trkpt>
   <trkpt lat="51.001270000000005" lon="5.078950000000001">
    <ele>23.23</ele>
   </trkpt>
   <trkpt lat="51.00186" lon="5.07856">
    <ele>22.990000000000002</ele>
   </trkpt>
   <trkpt lat="51.00206000000001" lon="5.07838">
    <ele>22.81</ele>
   </trkpt>
   <trkpt lat="51.00253500094826" lon="5.077950004258562">
    <ele>22.590000000000003</ele>
   </trkpt>
   <trkpt lat="51.00301" lon="5.077520000000001">
    <ele>22.61</ele>
   </trkpt>
   <trkpt lat="51.00318000000001" lon="5.07807">
    <ele>22.490000000000002</ele>
   </trkpt>
   <trkpt lat="51.00325" lon="5.078480000000001">
    <ele>22.580000000000002</ele>
   </trkpt>
   <trkpt lat="51.003355002322515" lon="5.079219998222471">
    <ele>22.55</ele>
   </trkpt>
   <trkpt lat="51.003460000000004" lon="5.079960000000001">
    <ele>22.8</ele>
   </trkpt>
   <trkpt lat="51.00345" lon="5.080120000000001">
    <ele>22.8</ele>
   </trkpt>
   <trkpt lat="51.0035" lon="5.080150000000001">
    <ele>22.7</ele>
   </trkpt>
   <trkpt lat="51.00359" lon="5.080170000000001">
    <ele>22.63</ele>
   </trkpt>
   <trkpt lat="51.0039" lon="5.080120000000001">
    <ele>22.03</ele>
   </trkpt>
   <trkpt lat="51.0041" lon="5.0800600000000005">
    <ele>21.95</ele>
   </trkpt>
   <trkpt lat="51.00444" lon="5.07979">
    <ele>21.67</ele>
   </trkpt>
   <trkpt lat="51.00526000057648" lon="5.079425006448509">
    <ele>21.86</ele>
   </trkpt>
   <trkpt lat="51.006080000000004" lon="5.07906">
    <ele>22.240000000000002</ele>
   </trkpt>
   <trkpt lat="51.00652" lon="5.078790000000001">
    <ele>22.18</ele>
   </trkpt>
   <trkpt lat="51.00683" lon="5.078720000000001">
    <ele>22.230000000000004</ele>
   </trkpt>
   <trkpt lat="51.00755" lon="5.07849">
    <ele>22.03</ele>
   </trkpt>
   <trkpt lat="51.007740000000005" lon="5.078460000000001">
    <ele>22.01</ele>
   </trkpt>
   <trkpt lat="51.008010000000006" lon="5.0785">
    <ele>22.1</ele>
   </trkpt>
   <trkpt lat="51.008230000000005" lon="5.07859">
    <ele>22.09</ele>
   </trkpt>
   <trkpt lat="51.008370000000006" lon="5.07868">
    <ele>22.09</ele>
   </trkpt>
   <trkpt lat="51.00869" lon="5.078950000000001">
    <ele>22.150000000000002</ele>
   </trkpt>
   <trkpt lat="51.00894" lon="5.07922">
    <ele>22.35</ele>
   </trkpt>
   <trkpt lat="51.009130000000006" lon="5.079510000000001">
    <ele>22.92</ele>
   </trkpt>
   <trkpt lat="51.00920000000001" lon="5.07965">
    <ele>22.92</ele>
   </trkpt>
   <trkpt lat="51.00925" lon="5.07986">
    <ele>23.58</ele>
   </trkpt>
   <trkpt lat="51.009715000167866" lon="5.079685001740501">
    <ele>23.15</ele>
   </trkpt>
   <trkpt lat="51.010180000000005" lon="5.079510000000001">
    <ele>22.64</ele>
   </trkpt>
   <trkpt lat="51.01037" lon="5.079440000000001">
    <ele>22.27</ele>
   </trkpt>
   <trkpt lat="51.010690000000004" lon="5.07934">
    <ele>22.13</ele>
   </trkpt>
   <trkpt lat="51.011030000000005" lon="5.07929">
    <ele>21.53</ele>
   </trkpt>
   <trkpt lat="51.011800000135835" lon="5.079389996685981">
    <ele>20.98</ele>
   </trkpt>
   <trkpt lat="51.01257000018633" lon="5.0794899966924705">
    <ele>20.950000000000003</ele>
   </trkpt>
   <trkpt lat="51.01334000000001" lon="5.0795900000000005">
    <ele>22.080000000000002</ele>
   </trkpt>
   <trkpt lat="51.01322667888287" lon="5.080786672580768">
    <ele>22.0</ele>
   </trkpt>
   <trkpt lat="51.01311334554333" lon="5.081983339312937">
    <ele>21.61</ele>
   </trkpt>
   <trkpt lat="51.013000000000005" lon="5.0831800000000005">
    <ele>21.640000000000004</ele>
   </trkpt>
   <trkpt lat="51.013000000000005" lon="5.08345">
    <ele>21.720000000000002</ele>
   </trkpt>
   <trkpt lat="51.013040000000004" lon="5.08384">
    <ele>21.79</ele>
   </trkpt>
   <trkpt lat="51.013090000000005" lon="5.084040000000001">
    <ele>21.79</ele>
   </trkpt>
   <trkpt lat="51.01317" lon="5.084230000000001">
    <ele>21.77</ele>
   </trkpt>
   <trkpt lat="51.01365000443483" lon="5.085239989717521">
    <ele>21.820000000000004</ele>
   </trkpt>
   <trkpt lat="51.01413" lon="5.086250000000001">
    <ele>22.070000000000004</ele>
   </trkpt>
   <trkpt lat="51.01424" lon="5.086550000000001">
    <ele>22.09</ele>
   </trkpt>
   <trkpt lat="51.014340000000004" lon="5.08713">
    <ele>22.12</ele>
   </trkpt>
   <trkpt lat="51.014390000000006" lon="5.0882000000000005">
    <ele>22.46</ele>
   </trkpt>
   <trkpt lat="51.01464334286618" lon="5.089256655134665">
    <ele>22.56</ele>
   </trkpt>
   <trkpt lat="51.014896676202724" lon="5.090313321814526">
    <ele>22.92</ele>
   </trkpt>
   <trkpt lat="51.015150000000006" lon="5.09137">
    <ele>23.51</ele>
   </trkpt>
   <trkpt lat="51.01532000743869" lon="5.092303326510861">
    <ele>25.060000000000002</ele>
   </trkpt>
   <trkpt lat="51.01549000744251" lon="5.09323665986508">
    <ele>26.990000000000002</ele>
   </trkpt>
   <trkpt lat="51.015660000000004" lon="5.09417">
    <ele>28.37</ele>
   </trkpt>
   <trkpt lat="51.01582500379522" lon="5.0951199962962885">
    <ele>31.6</ele>
   </trkpt>
   <trkpt lat="51.01599" lon="5.09607">
    <ele>32.800000000000004</ele>
   </trkpt>
   <trkpt lat="51.015980000000006" lon="5.09607">
    <ele>32.79</ele>
   </trkpt>
   <trkpt lat="51.01617" lon="5.0971">
    <ele>33.43</ele>
   </trkpt>
   <trkpt lat="51.016220000000004" lon="5.09747">
    <ele>33.71</ele>
   </trkpt>
   <trkpt lat="51.01630000900011" lon="5.098496663174652">
    <ele>34.52</ele>
   </trkpt>
   <trkpt lat="51.01638000900406" lon="5.099523329892">
    <ele>35.120000000000005</ele>
   </trkpt>
   <trkpt lat="51.01646" lon="5.10055">
    <ele>35.79</ele>
   </trkpt>
   <trkpt lat="51.016470000000005" lon="5.1008700000000005">
    <ele>36.26</ele>
   </trkpt>
   <trkpt lat="51.01641000000001" lon="5.101240000000001">
    <ele>36.77</ele>
   </trkpt>
   <trkpt lat="51.01617" lon="5.10198">
    <ele>37.44</ele>
   </trkpt>
   <trkpt lat="51.016130000000004" lon="5.10243">
    <ele>38.18000000000001</ele>
   </trkpt>
   <trkpt lat="51.016130000000004" lon="5.102760000000001">
    <ele>38.43000000000001</ele>
   </trkpt>
   <trkpt lat="51.016125005993466" lon="5.103944999892462">
    <ele>40.36</ele>
   </trkpt>
   <trkpt lat="51.01612" lon="5.105130000000001">
    <ele>41.940000000000005</ele>
   </trkpt>
   <trkpt lat="51.01614000000001" lon="5.105390000000001">
    <ele>41.940000000000005</ele>
   </trkpt>
   <trkpt lat="51.01628000344421" lon="5.106289997202831">
    <ele>43.940000000000005</ele>
   </trkpt>
   <trkpt lat="51.016420000000004" lon="5.10719">
    <ele>45.24</ele>
   </trkpt>
   <trkpt lat="51.01673751664176" lon="5.108329976596767">
    <ele>48.480000000000004</ele>
   </trkpt>
   <trkpt lat="51.01705502219187" lon="5.109469968805421">
    <ele>49.89</ele>
   </trkpt>
   <trkpt lat="51.017372516650084" lon="5.110609976625805">
    <ele>47.5</ele>
   </trkpt>
   <trkpt lat="51.01769" lon="5.111750000000001">
    <ele>45.040000000000006</ele>
   </trkpt>
   <trkpt lat="51.017880000000005" lon="5.11218">
    <ele>43.38</ele>
   </trkpt>
   <trkpt lat="51.018" lon="5.1123400000000006">
    <ele>42.85000000000001</ele>
   </trkpt>
   <trkpt lat="51.01840000000001" lon="5.11273">
    <ele>40.77</ele>
   </trkpt>
   <trkpt lat="51.018510000000006" lon="5.11287">
    <ele>40.010000000000005</ele>
   </trkpt>
   <trkpt lat="51.018620000000006" lon="5.113040000000001">
    <ele>38.85</ele>
   </trkpt>
   <trkpt lat="51.01876000000001" lon="5.1133500000000005">
    <ele>38.32</ele>
   </trkpt>
   <trkpt lat="51.01897500177077" lon="5.113994996995397">
    <ele>36.44</ele>
   </trkpt>
   <trkpt lat="51.01919" lon="5.1146400000000005">
    <ele>35.42</ele>
   </trkpt>
   <trkpt lat="51.019330000000004" lon="5.114960000000001">
    <ele>35.17</ele>
   </trkpt>
   <trkpt lat="51.019800000000004" lon="5.11571">
    <ele>34.5</ele>
   </trkpt>
   <trkpt lat="51.020030000000006" lon="5.115430000000001">
    <ele>33.42</ele>
   </trkpt>
   <trkpt lat="51.02011" lon="5.115290000000001">
    <ele>32.85</ele>
   </trkpt>
   <trkpt lat="51.02065333726953" lon="5.114610015950787">
    <ele>29.550000000000004</ele>
   </trkpt>
   <trkpt lat="51.02119667059274" lon="5.113930015963714">
    <ele>26.55</ele>
   </trkpt>
   <trkpt lat="51.02174" lon="5.113250000000001">
    <ele>25.41</ele>
   </trkpt>
   <trkpt lat="51.0219" lon="5.113110000000001">
    <ele>24.82</ele>
   </trkpt>
   <trkpt lat="51.022000000000006" lon="5.11305">
    <ele>24.82</ele>
   </trkpt>
   <trkpt lat="51.02228" lon="5.1127">
    <ele>24.560000000000002</ele>
   </trkpt>
   <trkpt lat="51.02225000000001" lon="5.11261">
    <ele>24.560000000000002</ele>
   </trkpt>
   <trkpt lat="51.022360000000006" lon="5.112480000000001">
    <ele>24.5</ele>
   </trkpt>
   <trkpt lat="51.02252000000001" lon="5.112220000000001">
    <ele>23.860000000000003</ele>
   </trkpt>
   <trkpt lat="51.02241" lon="5.112310000000001">
    <ele>24.180000000000003</ele>
   </trkpt>
   <trkpt lat="51.02223000000001" lon="5.112520000000001">
    <ele>24.46</ele>
   </trkpt>
   <trkpt lat="51.02228" lon="5.1127">
    <ele>24.560000000000002</ele>
   </trkpt>
   <trkpt lat="51.022490000000005" lon="5.11244">
    <ele>24.55</ele>
   </trkpt>
   <trkpt lat="51.022560000000006" lon="5.112290000000001">
    <ele>23.950000000000003</ele>
   </trkpt>
   <trkpt lat="51.02326000000001" lon="5.111400000000001">
    <ele>23.200000000000003</ele>
   </trkpt>
   <trkpt lat="51.023360000000004" lon="5.1112400000000004">
    <ele>23.1</ele>
   </trkpt>
   <trkpt lat="51.023988346414654" lon="5.110456719767088">
    <ele>23.14</ele>
   </trkpt>
   <trkpt lat="51.02461668759305" lon="5.109673418300248">
    <ele>23.1</ele>
   </trkpt>
   <trkpt lat="51.025245023534936" lon="5.108890095598602">
    <ele>23.22</ele>
   </trkpt>
   <trkpt lat="51.02587335424007" lon="5.108106751661279">
    <ele>23.06</ele>
   </trkpt>
   <trkpt lat="51.026501679708154" lon="5.107323386487402">
    <ele>22.88</ele>
   </trkpt>
   <trkpt lat="51.02713000000001" lon="5.106540000000001">
    <ele>23.000000000000004</ele>
   </trkpt>
   <trkpt lat="51.02782401297491" lon="5.105668052229351">
    <ele>23.01</ele>
   </trkpt>
   <trkpt lat="51.02851801946114" lon="5.104796078347192">
    <ele>22.840000000000003</ele>
   </trkpt>
   <trkpt lat="51.02921201945834" lon="5.103924078352342">
    <ele>22.73</ele>
   </trkpt>
   <trkpt lat="51.02990601296616" lon="5.103052052243612">
    <ele>22.9</ele>
   </trkpt>
   <trkpt lat="51.03060000000001" lon="5.102180000000001">
    <ele>23.000000000000004</ele>
   </trkpt>
   <trkpt lat="51.03107000000001" lon="5.1016">
    <ele>23.19</ele>
   </trkpt>
   <trkpt lat="51.03119" lon="5.10149">
    <ele>23.200000000000003</ele>
   </trkpt>
   <trkpt lat="51.03141" lon="5.1012200000000005">
    <ele>23.28</ele>
   </trkpt>
   <trkpt lat="51.031560000000006" lon="5.1010100000000005">
    <ele>23.57</ele>
   </trkpt>
   <trkpt lat="51.031560000000006" lon="5.10088">
    <ele>23.57</ele>
   </trkpt>
   <trkpt lat="51.032180000000004" lon="5.100090000000001">
    <ele>25.740000000000002</ele>
   </trkpt>
   <trkpt lat="51.03238" lon="5.0998600000000005">
    <ele>26.230000000000004</ele>
   </trkpt>
   <trkpt lat="51.03248000000001" lon="5.09978">
    <ele>26.230000000000004</ele>
   </trkpt>
   <trkpt lat="51.03314250215086" lon="5.099372517461167">
    <ele>30.160000000000004</ele>
   </trkpt>
   <trkpt lat="51.03380500288471" lon="5.098965023271585">
    <ele>34.21</ele>
   </trkpt>
   <trkpt lat="51.03446750220147" lon="5.098557517430668">
    <ele>37.61000000000001</ele>
   </trkpt>
   <trkpt lat="51.03513" lon="5.09815">
    <ele>39.03</ele>
   </trkpt>
   <trkpt lat="51.03595000000001" lon="5.09764">
    <ele>39.27</ele>
   </trkpt>
   <trkpt lat="51.03604000000001" lon="5.097600000000001">
    <ele>39.27</ele>
   </trkpt>
   <trkpt lat="51.036150000000006" lon="5.097580000000001">
    <ele>39.089999999999996</ele>
   </trkpt>
   <trkpt lat="51.036280000000005" lon="5.097580000000001">
    <ele>38.89</ele>
   </trkpt>
   <trkpt lat="51.03678000001236" lon="5.097614999622826">
    <ele>37.24</ele>
   </trkpt>
   <trkpt lat="51.03728" lon="5.097650000000001">
    <ele>35.64000000000001</ele>
   </trkpt>
   <trkpt lat="51.03748" lon="5.097650000000001">
    <ele>34.72</ele>
   </trkpt>
   <trkpt lat="51.0377" lon="5.097580000000001">
    <ele>34.510000000000005</ele>
   </trkpt>
   <trkpt lat="51.03786" lon="5.09745">
    <ele>34.15</ele>
   </trkpt>
   <trkpt lat="51.03804" lon="5.09734">
    <ele>34.260000000000005</ele>
   </trkpt>
   <trkpt lat="51.03819000000001" lon="5.09712">
    <ele>33.480000000000004</ele>
   </trkpt>
   <trkpt lat="51.03829" lon="5.09703">
    <ele>33.28</ele>
   </trkpt>
   <trkpt lat="51.03876000033517" lon="5.096810002171443">
    <ele>30.810000000000002</ele>
   </trkpt>
   <trkpt lat="51.03923" lon="5.096590000000001">
    <ele>29.960000000000004</ele>
   </trkpt>
   <trkpt lat="51.03934" lon="5.096500000000001">
    <ele>29.53</ele>
   </trkpt>
   <trkpt lat="51.03996666991024" lon="5.095880016808347">
    <ele>27.180000000000003</ele>
   </trkpt>
   <trkpt lat="51.04059333654033" lon="5.095260016844835">
    <ele>26.230000000000004</ele>
   </trkpt>
   <trkpt lat="51.04122" lon="5.09464">
    <ele>25.640000000000004</ele>
   </trkpt>
   <trkpt lat="51.04144" lon="5.09449">
    <ele>25.400000000000002</ele>
   </trkpt>
   <trkpt lat="51.041650000000004" lon="5.0944400000000005">
    <ele>25.400000000000002</ele>
   </trkpt>
   <trkpt lat="51.04211" lon="5.09447">
    <ele>25.150000000000002</ele>
   </trkpt>
   <trkpt lat="51.04231000000001" lon="5.09443">
    <ele>25.150000000000002</ele>
   </trkpt>
   <trkpt lat="51.043073334349884" lon="5.094096677621797">
    <ele>24.240000000000002</ele>
   </trkpt>
   <trkpt lat="51.04383666775166" lon="5.093763344258798">
    <ele>23.970000000000002</ele>
   </trkpt>
   <trkpt lat="51.0446" lon="5.093430000000001">
    <ele>24.900000000000002</ele>
   </trkpt>
   <trkpt lat="51.045230000000004" lon="5.093050000000001">
    <ele>25.210000000000004</ele>
   </trkpt>
   <trkpt lat="51.045685000251844" lon="5.0927500030339194">
    <ele>25.43</ele>
   </trkpt>
   <trkpt lat="51.04614" lon="5.09245">
    <ele>25.78</ele>
   </trkpt>
   <trkpt lat="51.046755001186824" lon="5.091910007220018">
    <ele>26.150000000000002</ele>
   </trkpt>
   <trkpt lat="51.04737" lon="5.09137">
    <ele>26.410000000000004</ele>
   </trkpt>
   <trkpt lat="51.04762" lon="5.091150000000001">
    <ele>26.46</ele>
   </trkpt>
   <trkpt lat="51.04830333822143" lon="5.0903933556571115">
    <ele>26.47</ele>
   </trkpt>
   <trkpt lat="51.04898667155758" lon="5.089636688987794">
    <ele>26.750000000000004</ele>
   </trkpt>
   <trkpt lat="51.049670000000006" lon="5.0888800000000005">
    <ele>27.580000000000002</ele>
   </trkpt>
   <trkpt lat="51.05018500144955" lon="5.088305006350331">
    <ele>27.91</ele>
   </trkpt>
   <trkpt lat="51.050700000000006" lon="5.0877300000000005">
    <ele>28.610000000000003</ele>
   </trkpt>
   <trkpt lat="51.050760000000004" lon="5.08774">
    <ele>28.610000000000003</ele>
   </trkpt>
   <trkpt lat="51.05096" lon="5.08748">
    <ele>28.770000000000003</ele>
   </trkpt>
   <trkpt lat="51.05133000000001" lon="5.08753">
    <ele>29.05</ele>
   </trkpt>
   <trkpt lat="51.0514" lon="5.08757">
    <ele>29.05</ele>
   </trkpt>
   <trkpt lat="51.051460000000006" lon="5.08764">
    <ele>29.26</ele>
   </trkpt>
   <trkpt lat="51.05160000000001" lon="5.08795">
    <ele>29.220000000000002</ele>
   </trkpt>
   <trkpt lat="51.05167" lon="5.087980000000001">
    <ele>29.220000000000002</ele>
   </trkpt>
   <trkpt lat="51.051730000000006" lon="5.08795">
    <ele>29.310000000000002</ele>
   </trkpt>
   <trkpt lat="51.051790000000004" lon="5.087890000000001">
    <ele>29.310000000000002</ele>
   </trkpt>
   <trkpt lat="51.051860000000005" lon="5.08767">
    <ele>29.470000000000002</ele>
   </trkpt>
   <trkpt lat="51.051930000000006" lon="5.087610000000001">
    <ele>29.86</ele>
   </trkpt>
   <trkpt lat="51.052020000000006" lon="5.087630000000001">
    <ele>30.28</ele>
   </trkpt>
   <trkpt lat="51.05207000000001" lon="5.08758">
    <ele>30.28</ele>
   </trkpt>
   <trkpt lat="51.05282500063119" lon="5.0877999892432015">
    <ele>31.86</ele>
   </trkpt>
   <trkpt lat="51.05358000084943" lon="5.0880199856596">
    <ele>33.6</ele>
   </trkpt>
   <trkpt lat="51.05433500065468" lon="5.088239989249618">
    <ele>35.11</ele>
   </trkpt>
   <trkpt lat="51.05509000000001" lon="5.08846">
    <ele>36.54</ele>
   </trkpt>
   <trkpt lat="51.05538000000001" lon="5.08851">
    <ele>36.94</ele>
   </trkpt>
   <trkpt lat="51.05587000009877" lon="5.088659998413542">
    <ele>37.34</ele>
   </trkpt>
   <trkpt lat="51.056360000000005" lon="5.0888100000000005">
    <ele>37.410000000000004</ele>
   </trkpt>
   <trkpt lat="51.05673" lon="5.088900000000001">
    <ele>37.49</ele>
   </trkpt>
   <trkpt lat="51.05702" lon="5.0889500000000005">
    <ele>37.49</ele>
   </trkpt>
   <trkpt lat="51.057460000000006" lon="5.088970000000001">
    <ele>37.49</ele>
   </trkpt>
   <trkpt lat="51.05807" lon="5.08907">
    <ele>37.78</ele>
   </trkpt>
   <trkpt lat="51.05883000000001" lon="5.089090000000001">
    <ele>38.17</ele>
   </trkpt>
   <trkpt lat="51.059070000000006" lon="5.089130000000001">
    <ele>38.45</ele>
   </trkpt>
   <trkpt lat="51.05984" lon="5.089110000000001">
    <ele>38.39</ele>
   </trkpt>
   <trkpt lat="51.060050000000004" lon="5.08905">
    <ele>38.17</ele>
   </trkpt>
   <trkpt lat="51.060749999996005" lon="5.089003334746031">
    <ele>37.22</ele>
   </trkpt>
   <trkpt lat="51.06144999997343" lon="5.088956668080896">
    <ele>35.07</ele>
   </trkpt>
   <trkpt lat="51.06215" lon="5.08891">
    <ele>32.93</ele>
   </trkpt>
   <trkpt lat="51.06269" lon="5.08886">
    <ele>30.980000000000004</ele>
   </trkpt>
   <trkpt lat="51.063250000000004" lon="5.088760000000001">
    <ele>29.740000000000002</ele>
   </trkpt>
   <trkpt lat="51.06378" lon="5.08863">
    <ele>28.42</ele>
   </trkpt>
   <trkpt lat="51.064280000000004" lon="5.088500000000001">
    <ele>27.87</ele>
   </trkpt>
   <trkpt lat="51.06459" lon="5.0884">
    <ele>27.28</ele>
   </trkpt>
   <trkpt lat="51.064620000000005" lon="5.088480000000001">
    <ele>27.28</ele>
   </trkpt>
   <trkpt lat="51.06466" lon="5.08851">
    <ele>27.28</ele>
   </trkpt>
   <trkpt lat="51.0647" lon="5.08851">
    <ele>27.28</ele>
   </trkpt>
   <trkpt lat="51.06476000000001" lon="5.088450000000001">
    <ele>27.14</ele>
   </trkpt>
   <trkpt lat="51.06477" lon="5.0884">
    <ele>27.14</ele>
   </trkpt>
   <trkpt lat="51.064910000000005" lon="5.088310000000001">
    <ele>26.820000000000004</ele>
   </trkpt>
   <trkpt lat="51.065560000000005" lon="5.08811">
    <ele>25.96</ele>
   </trkpt>
   <trkpt lat="51.06616" lon="5.087870000000001">
    <ele>25.890000000000004</ele>
   </trkpt>
  </trkseg>
 </trk>
</gpx>
