<?xml version="1.0" encoding="UTF-8"?>
<gpx creator="StravaGPX" version="1.1" xmlns="http://www.topografix.com/GPX/1/1" xmlns:xsi="http://www.w3.org/2001/XMLSchema-instance" xsi:schemaLocation="http://www.topografix.com/GPX/1/1 http://www.topografix.com/GPX/1/1/gpx.xsd">
 <metadata>
  <name>Twan Heks</name>
  <author>
   <name>Joeri Scapicchio</name>
   <link href="https://www.strava.com/athletes/2447439"/>
  </author>
  <copyright author="OpenStreetMap contributors">
   <year>2020</year>
   <license>https://www.openstreetmap.org/copyright</license>
  </copyright>
  <link href="https://www.strava.com/routes/2829255846289455256"/>
 </metadata>
 <trk>
  <name>Twan Heks</name>
  <link href="https://www.strava.com/routes/2829255846289455256"/>
  <type>cycling</type>
  <trkseg>
   <trkpt lat="51.06971000000001" lon="5.08917">
    <ele>23.020000000000003</ele>
   </trkpt>
   <trkpt lat="51.06982000000001" lon="5.08847">
    <ele>23.06</ele>
   </trkpt>
   <trkpt lat="51.069750000000006" lon="5.08842">
    <ele>23.250000000000004</ele>
   </trkpt>
   <trkpt lat="51.069" lon="5.08807">
    <ele>23.67</ele>
   </trkpt>
   <trkpt lat="51.068690000000004" lon="5.087910000000001">
    <ele>23.990000000000002</ele>
   </trkpt>
   <trkpt lat="51.06839" lon="5.087700000000001">
    <ele>24.41</ele>
   </trkpt>
   <trkpt lat="51.06781" lon="5.087540000000001">
    <ele>25.62</ele>
   </trkpt>
   <trkpt lat="51.067550000000004" lon="5.0875900000000005">
    <ele>25.92</ele>
   </trkpt>
   <trkpt lat="51.06747000000001" lon="5.08764">
    <ele>25.92</ele>
   </trkpt>
   <trkpt lat="51.06741" lon="5.087610000000001">
    <ele>25.92</ele>
   </trkpt>
   <trkpt lat="51.06736" lon="5.087560000000001">
    <ele>26.13</ele>
   </trkpt>
   <trkpt lat="51.067310000000006" lon="5.087540000000001">
    <ele>26.13</ele>
   </trkpt>
   <trkpt lat="51.06725" lon="5.087540000000001">
    <ele>26.13</ele>
   </trkpt>
   <trkpt lat="51.06718000000001" lon="5.08746">
    <ele>26.21</ele>
   </trkpt>
   <trkpt lat="51.067260002652425" lon="5.08666500180834">
    <ele>26.250000000000004</ele>
   </trkpt>
   <trkpt lat="51.06734" lon="5.085870000000001">
    <ele>26.79</ele>
   </trkpt>
   <trkpt lat="51.06727000000001" lon="5.085870000000001">
    <ele>26.750000000000004</ele>
   </trkpt>
   <trkpt lat="51.06712" lon="5.08593">
    <ele>26.6</ele>
   </trkpt>
   <trkpt lat="51.06696" lon="5.08605">
    <ele>26.580000000000002</ele>
   </trkpt>
   <trkpt lat="51.066500000000005" lon="5.08624">
    <ele>26.950000000000003</ele>
   </trkpt>
   <trkpt lat="51.06627" lon="5.086270000000001">
    <ele>27.13</ele>
   </trkpt>
   <trkpt lat="51.066030000000005" lon="5.08636">
    <ele>27.46</ele>
   </trkpt>
   <trkpt lat="51.06533" lon="5.0869">
    <ele>26.81</ele>
   </trkpt>
   <trkpt lat="51.065090000000005" lon="5.08701">
    <ele>26.840000000000003</ele>
   </trkpt>
   <trkpt lat="51.064980000000006" lon="5.08701">
    <ele>26.92</ele>
   </trkpt>
   <trkpt lat="51.06465000000001" lon="5.08713">
    <ele>27.51</ele>
   </trkpt>
   <trkpt lat="51.06456000000001" lon="5.08718">
    <ele>27.51</ele>
   </trkpt>
   <trkpt lat="51.06454" lon="5.0872">
    <ele>27.51</ele>
   </trkpt>
   <trkpt lat="51.06458000000001" lon="5.08731">
    <ele>27.51</ele>
   </trkpt>
   <trkpt lat="51.06468" lon="5.088220000000001">
    <ele>27.14</ele>
   </trkpt>
   <trkpt lat="51.064640000000004" lon="5.088240000000001">
    <ele>27.14</ele>
   </trkpt>
   <trkpt lat="51.06459" lon="5.08832">
    <ele>27.4</ele>
   </trkpt>
   <trkpt lat="51.06459" lon="5.0884">
    <ele>27.4</ele>
   </trkpt>
   <trkpt lat="51.064280000000004" lon="5.088500000000001">
    <ele>27.67</ele>
   </trkpt>
   <trkpt lat="51.0637650000352" lon="5.08863000145558">
    <ele>28.35</ele>
   </trkpt>
   <trkpt lat="51.063250000000004" lon="5.088760000000001">
    <ele>29.740000000000002</ele>
   </trkpt>
   <trkpt lat="51.06269" lon="5.08886">
    <ele>31.400000000000002</ele>
   </trkpt>
   <trkpt lat="51.06215" lon="5.08891">
    <ele>32.93</ele>
   </trkpt>
   <trkpt lat="51.06147333330364" lon="5.088953334603">
    <ele>35.07</ele>
   </trkpt>
   <trkpt lat="51.06079666659124" lon="5.088996667939238">
    <ele>37.22</ele>
   </trkpt>
   <trkpt lat="51.060120000000005" lon="5.089040000000001">
    <ele>38.17</ele>
   </trkpt>
   <trkpt lat="51.059830000000005" lon="5.0890200000000005">
    <ele>38.330000000000005</ele>
   </trkpt>
   <trkpt lat="51.05906" lon="5.089040000000001">
    <ele>38.35</ele>
   </trkpt>
   <trkpt lat="51.05883000000001" lon="5.089090000000001">
    <ele>38.17</ele>
   </trkpt>
   <trkpt lat="51.05807" lon="5.08907">
    <ele>37.78</ele>
   </trkpt>
   <trkpt lat="51.057460000000006" lon="5.088970000000001">
    <ele>37.49</ele>
   </trkpt>
   <trkpt lat="51.05702" lon="5.0889500000000005">
    <ele>37.49</ele>
   </trkpt>
   <trkpt lat="51.05673" lon="5.088900000000001">
    <ele>37.49</ele>
   </trkpt>
   <trkpt lat="51.056360000000005" lon="5.0888100000000005">
    <ele>37.410000000000004</ele>
   </trkpt>
   <trkpt lat="51.055870000093215" lon="5.088659998411839">
    <ele>37.34</ele>
   </trkpt>
   <trkpt lat="51.05538000000001" lon="5.08851">
    <ele>36.94</ele>
   </trkpt>
   <trkpt lat="51.05509000000001" lon="5.08846">
    <ele>36.54</ele>
   </trkpt>
   <trkpt lat="51.05430500068376" lon="5.088232488436561">
    <ele>35.11</ele>
   </trkpt>
   <trkpt lat="51.05352000092588" lon="5.088004984586516">
    <ele>32.879999999999995</ele>
   </trkpt>
   <trkpt lat="51.05273500072637" lon="5.087777488449391">
    <ele>31.290000000000006</ele>
   </trkpt>
   <trkpt lat="51.051950000000005" lon="5.08755">
    <ele>30.240000000000002</ele>
   </trkpt>
   <trkpt lat="51.05191000000001" lon="5.0875200000000005">
    <ele>29.93</ele>
   </trkpt>
   <trkpt lat="51.051840000000006" lon="5.08751">
    <ele>29.93</ele>
   </trkpt>
   <trkpt lat="51.051730000000006" lon="5.08757">
    <ele>29.910000000000004</ele>
   </trkpt>
   <trkpt lat="51.05167" lon="5.087540000000001">
    <ele>29.910000000000004</ele>
   </trkpt>
   <trkpt lat="51.05163" lon="5.08755">
    <ele>29.910000000000004</ele>
   </trkpt>
   <trkpt lat="51.051520000000004" lon="5.08748">
    <ele>29.5</ele>
   </trkpt>
   <trkpt lat="51.05144000000001" lon="5.087490000000001">
    <ele>29.5</ele>
   </trkpt>
   <trkpt lat="51.05118" lon="5.087420000000001">
    <ele>29.130000000000003</ele>
   </trkpt>
   <trkpt lat="51.05084" lon="5.0873800000000005">
    <ele>28.8</ele>
   </trkpt>
   <trkpt lat="51.050810000000006" lon="5.087540000000001">
    <ele>28.75</ele>
   </trkpt>
   <trkpt lat="51.05078" lon="5.08764">
    <ele>28.610000000000003</ele>
   </trkpt>
   <trkpt lat="51.050700000000006" lon="5.0877300000000005">
    <ele>28.610000000000003</ele>
   </trkpt>
   <trkpt lat="51.05008400797403" lon="5.088414036401089">
    <ele>27.91</ele>
   </trkpt>
   <trkpt lat="51.04946801195565" lon="5.089098054606658">
    <ele>27.26</ele>
   </trkpt>
   <trkpt lat="51.048852011945" lon="5.089782054617474">
    <ele>26.590000000000003</ele>
   </trkpt>
   <trkpt lat="51.048236007942364" lon="5.090466036434303">
    <ele>26.400000000000002</ele>
   </trkpt>
   <trkpt lat="51.04762" lon="5.091150000000001">
    <ele>26.46</ele>
   </trkpt>
   <trkpt lat="51.04692000153768" lon="5.091760009262043">
    <ele>26.2</ele>
   </trkpt>
   <trkpt lat="51.046220000000005" lon="5.092370000000001">
    <ele>25.78</ele>
   </trkpt>
   <trkpt lat="51.045820000000006" lon="5.09267">
    <ele>25.48</ele>
   </trkpt>
   <trkpt lat="51.04581" lon="5.09267">
    <ele>25.48</ele>
   </trkpt>
   <trkpt lat="51.045205000616974" lon="5.093050004962483">
    <ele>25.210000000000004</ele>
   </trkpt>
   <trkpt lat="51.0446" lon="5.093430000000001">
    <ele>24.900000000000002</ele>
   </trkpt>
   <trkpt lat="51.04383666754638" lon="5.093763344348441">
    <ele>23.970000000000002</ele>
   </trkpt>
   <trkpt lat="51.0430733341446" lon="5.094096677711438">
    <ele>24.240000000000002</ele>
   </trkpt>
   <trkpt lat="51.04231000000001" lon="5.09443">
    <ele>25.150000000000002</ele>
   </trkpt>
   <trkpt lat="51.04211" lon="5.09447">
    <ele>25.150000000000002</ele>
   </trkpt>
   <trkpt lat="51.041650000000004" lon="5.0944400000000005">
    <ele>25.400000000000002</ele>
   </trkpt>
   <trkpt lat="51.04144" lon="5.09449">
    <ele>25.400000000000002</ele>
   </trkpt>
   <trkpt lat="51.04122" lon="5.09464">
    <ele>25.640000000000004</ele>
   </trkpt>
   <trkpt lat="51.04059333665023" lon="5.095260016736112">
    <ele>26.230000000000004</ele>
   </trkpt>
   <trkpt lat="51.039966670020135" lon="5.095880016699626">
    <ele>27.180000000000003</ele>
   </trkpt>
   <trkpt lat="51.03934" lon="5.096500000000001">
    <ele>29.53</ele>
   </trkpt>
   <trkpt lat="51.03923" lon="5.096590000000001">
    <ele>29.960000000000004</ele>
   </trkpt>
   <trkpt lat="51.03876000007784" lon="5.096810002291894">
    <ele>30.810000000000002</ele>
   </trkpt>
   <trkpt lat="51.03829" lon="5.09703">
    <ele>33.28</ele>
   </trkpt>
   <trkpt lat="51.038000000000004" lon="5.09726">
    <ele>33.440000000000005</ele>
   </trkpt>
   <trkpt lat="51.03786" lon="5.09745">
    <ele>34.15</ele>
   </trkpt>
   <trkpt lat="51.0377" lon="5.097580000000001">
    <ele>34.510000000000005</ele>
   </trkpt>
   <trkpt lat="51.03748" lon="5.097650000000001">
    <ele>34.72</ele>
   </trkpt>
   <trkpt lat="51.03728" lon="5.097650000000001">
    <ele>35.64000000000001</ele>
   </trkpt>
   <trkpt lat="51.03671499986475" lon="5.097614999564528">
    <ele>37.24</ele>
   </trkpt>
   <trkpt lat="51.036150000000006" lon="5.097580000000001">
    <ele>39.089999999999996</ele>
   </trkpt>
   <trkpt lat="51.03604000000001" lon="5.097600000000001">
    <ele>39.27</ele>
   </trkpt>
   <trkpt lat="51.03595000000001" lon="5.09764">
    <ele>39.27</ele>
   </trkpt>
   <trkpt lat="51.035410000000006" lon="5.097980000000001">
    <ele>39.35</ele>
   </trkpt>
   <trkpt lat="51.034623335317306" lon="5.098463349749338">
    <ele>37.61000000000001</ele>
   </trkpt>
   <trkpt lat="51.03383666864094" lon="5.0989466830882755">
    <ele>34.21</ele>
   </trkpt>
   <trkpt lat="51.03305" lon="5.099430000000001">
    <ele>29.490000000000002</ele>
   </trkpt>
   <trkpt lat="51.033" lon="5.0993900000000005">
    <ele>29.490000000000002</ele>
   </trkpt>
   <trkpt lat="51.032900000000005" lon="5.099410000000001">
    <ele>29.490000000000002</ele>
   </trkpt>
   <trkpt lat="51.032560000000004" lon="5.099620000000001">
    <ele>27.05</ele>
   </trkpt>
   <trkpt lat="51.032340000000005" lon="5.09978">
    <ele>26.320000000000004</ele>
   </trkpt>
   <trkpt lat="51.03204" lon="5.10012">
    <ele>25.040000000000003</ele>
   </trkpt>
   <trkpt lat="51.031680001001476" lon="5.10058000344725">
    <ele>24.09</ele>
   </trkpt>
   <trkpt lat="51.03132" lon="5.10104">
    <ele>23.6</ele>
   </trkpt>
   <trkpt lat="51.03061602954141" lon="5.101917119887173">
    <ele>22.750000000000004</ele>
   </trkpt>
   <trkpt lat="51.029912052517496" lon="5.102794213128989">
    <ele>22.740000000000002</ele>
   </trkpt>
   <trkpt lat="51.0292080689286" lon="5.103671279726679">
    <ele>22.8</ele>
   </trkpt>
   <trkpt lat="51.028504078775065" lon="5.104548319681475">
    <ele>22.81</ele>
   </trkpt>
   <trkpt lat="51.0278000820573" lon="5.1054253329946055">
    <ele>22.660000000000004</ele>
   </trkpt>
   <trkpt lat="51.027096078775635" lon="5.106302319667301">
    <ele>22.770000000000003</ele>
   </trkpt>
   <trkpt lat="51.026392068930456" lon="5.1071792797007936">
    <ele>22.44</ele>
   </trkpt>
   <trkpt lat="51.025688052522106" lon="5.10805621309631">
    <ele>22.64</ele>
   </trkpt>
   <trkpt lat="51.024984029550964" lon="5.108933119855084">
    <ele>22.820000000000004</ele>
   </trkpt>
   <trkpt lat="51.024280000000005" lon="5.10981">
    <ele>22.98</ele>
   </trkpt>
   <trkpt lat="51.023800001510004" lon="5.110425006501078">
    <ele>22.79</ele>
   </trkpt>
   <trkpt lat="51.023320000000005" lon="5.11104">
    <ele>22.910000000000004</ele>
   </trkpt>
   <trkpt lat="51.02317000000001" lon="5.11129">
    <ele>22.9</ele>
   </trkpt>
   <trkpt lat="51.02248201261932" lon="5.112150051056915">
    <ele>23.500000000000004</ele>
   </trkpt>
   <trkpt lat="51.02179401892593" lon="5.113010076587587">
    <ele>25.130000000000003</ele>
   </trkpt>
   <trkpt lat="51.02110601892021" lon="5.1138700765931695">
    <ele>26.88</ele>
   </trkpt>
   <trkpt lat="51.020418012602484" lon="5.114730051074811">
    <ele>29.990000000000002</ele>
   </trkpt>
   <trkpt lat="51.01973" lon="5.11559">
    <ele>34.39</ele>
   </trkpt>
   <trkpt lat="51.019330000000004" lon="5.114960000000001">
    <ele>35.28000000000001</ele>
   </trkpt>
   <trkpt lat="51.01919" lon="5.1146400000000005">
    <ele>35.980000000000004</ele>
   </trkpt>
   <trkpt lat="51.01883" lon="5.11355">
    <ele>37.84</ele>
   </trkpt>
   <trkpt lat="51.01883" lon="5.11354">
    <ele>37.86000000000001</ele>
   </trkpt>
   <trkpt lat="51.01876000000001" lon="5.1133500000000005">
    <ele>38.32</ele>
   </trkpt>
   <trkpt lat="51.018620000000006" lon="5.113040000000001">
    <ele>38.85</ele>
   </trkpt>
   <trkpt lat="51.018510000000006" lon="5.11287">
    <ele>40.010000000000005</ele>
   </trkpt>
   <trkpt lat="51.01840000000001" lon="5.11273">
    <ele>40.77</ele>
   </trkpt>
   <trkpt lat="51.018" lon="5.1123400000000006">
    <ele>42.85000000000001</ele>
   </trkpt>
   <trkpt lat="51.017880000000005" lon="5.11218">
    <ele>43.38</ele>
   </trkpt>
   <trkpt lat="51.01769" lon="5.111750000000001">
    <ele>45.040000000000006</ele>
   </trkpt>
   <trkpt lat="51.01737251663399" lon="5.110609976568037">
    <ele>47.5</ele>
   </trkpt>
   <trkpt lat="51.01705502217578" lon="5.109469968747653">
    <ele>49.89</ele>
   </trkpt>
   <trkpt lat="51.01673751662565" lon="5.108329976538999">
    <ele>48.480000000000004</ele>
   </trkpt>
   <trkpt lat="51.016420000000004" lon="5.10719">
    <ele>45.24</ele>
   </trkpt>
   <trkpt lat="51.01628000346907" lon="5.106289997362651">
    <ele>43.940000000000005</ele>
   </trkpt>
   <trkpt lat="51.01614000000001" lon="5.105390000000001">
    <ele>41.940000000000005</ele>
   </trkpt>
   <trkpt lat="51.01612" lon="5.105130000000001">
    <ele>41.940000000000005</ele>
   </trkpt>
   <trkpt lat="51.01612500777673" lon="5.103780000343683">
    <ele>39.580000000000005</ele>
   </trkpt>
   <trkpt lat="51.016130000000004" lon="5.10243">
    <ele>38.18000000000001</ele>
   </trkpt>
   <trkpt lat="51.01617" lon="5.10198">
    <ele>37.44</ele>
   </trkpt>
   <trkpt lat="51.01641000000001" lon="5.101240000000001">
    <ele>36.77</ele>
   </trkpt>
   <trkpt lat="51.016470000000005" lon="5.1008700000000005">
    <ele>36.26</ele>
   </trkpt>
   <trkpt lat="51.01646" lon="5.10055">
    <ele>35.79</ele>
   </trkpt>
   <trkpt lat="51.01635000836907" lon="5.0991499967406">
    <ele>34.84</ele>
   </trkpt>
   <trkpt lat="51.01624" lon="5.0977500000000004">
    <ele>34.010000000000005</ele>
   </trkpt>
   <trkpt lat="51.01617" lon="5.0971">
    <ele>33.43</ele>
   </trkpt>
   <trkpt lat="51.016110000000005" lon="5.09677">
    <ele>33.25</ele>
   </trkpt>
   <trkpt lat="51.016110000000005" lon="5.09675">
    <ele>33.24</ele>
   </trkpt>
   <trkpt lat="51.01588500712593" lon="5.095459993880824">
    <ele>32.019999999999996</ele>
   </trkpt>
   <trkpt lat="51.015660000000004" lon="5.09417">
    <ele>28.37</ele>
   </trkpt>
   <trkpt lat="51.015490007431126" lon="5.093236659802632">
    <ele>26.990000000000002</ele>
   </trkpt>
   <trkpt lat="51.015320007427306" lon="5.092303326448414">
    <ele>25.060000000000002</ele>
   </trkpt>
   <trkpt lat="51.015150000000006" lon="5.09137">
    <ele>23.51</ele>
   </trkpt>
   <trkpt lat="51.01489667619328" lon="5.090313321775149">
    <ele>22.92</ele>
   </trkpt>
   <trkpt lat="51.01464334285673" lon="5.08925665509529">
    <ele>22.56</ele>
   </trkpt>
   <trkpt lat="51.014390000000006" lon="5.0882000000000005">
    <ele>22.46</ele>
   </trkpt>
   <trkpt lat="51.014340000000004" lon="5.08713">
    <ele>22.12</ele>
   </trkpt>
   <trkpt lat="51.01424" lon="5.086550000000001">
    <ele>22.09</ele>
   </trkpt>
   <trkpt lat="51.01413" lon="5.086250000000001">
    <ele>22.070000000000004</ele>
   </trkpt>
   <trkpt lat="51.01365000427181" lon="5.0852399893744895">
    <ele>21.820000000000004</ele>
   </trkpt>
   <trkpt lat="51.01317" lon="5.084230000000001">
    <ele>21.77</ele>
   </trkpt>
   <trkpt lat="51.013090000000005" lon="5.084040000000001">
    <ele>21.79</ele>
   </trkpt>
   <trkpt lat="51.013040000000004" lon="5.08384">
    <ele>21.79</ele>
   </trkpt>
   <trkpt lat="51.013000000000005" lon="5.08345">
    <ele>21.720000000000002</ele>
   </trkpt>
   <trkpt lat="51.013000000000005" lon="5.0831800000000005">
    <ele>21.61</ele>
   </trkpt>
   <trkpt lat="51.01311334556188" lon="5.081983339117006">
    <ele>21.800000000000004</ele>
   </trkpt>
   <trkpt lat="51.01322667890145" lon="5.080786672384835">
    <ele>22.0</ele>
   </trkpt>
   <trkpt lat="51.01334000000001" lon="5.0795900000000005">
    <ele>22.080000000000002</ele>
   </trkpt>
   <trkpt lat="51.01262000007109" lon="5.0794933303306475">
    <ele>21.03</ele>
   </trkpt>
   <trkpt lat="51.01190000006242" lon="5.079396663662873">
    <ele>20.98</ele>
   </trkpt>
   <trkpt lat="51.01118" lon="5.079300000000001">
    <ele>21.36</ele>
   </trkpt>
   <trkpt lat="51.011030000000005" lon="5.07929">
    <ele>21.66</ele>
   </trkpt>
   <trkpt lat="51.010690000000004" lon="5.07934">
    <ele>22.13</ele>
   </trkpt>
   <trkpt lat="51.01037" lon="5.079440000000001">
    <ele>22.27</ele>
   </trkpt>
   <trkpt lat="51.00957750113473" lon="5.079737515249099">
    <ele>23.15</ele>
   </trkpt>
   <trkpt lat="51.00878500151397" lon="5.080035020331327">
    <ele>23.930000000000003</ele>
   </trkpt>
   <trkpt lat="51.007992501137785" lon="5.080332515247312">
    <ele>26.160000000000004</ele>
   </trkpt>
   <trkpt lat="51.007200000000005" lon="5.08063">
    <ele>27.71</ele>
   </trkpt>
   <trkpt lat="51.006510000000006" lon="5.08096">
    <ele>28.060000000000002</ele>
   </trkpt>
   <trkpt lat="51.005880000000005" lon="5.08133">
    <ele>26.930000000000003</ele>
   </trkpt>
   <trkpt lat="51.00539000036804" lon="5.081620003057883">
    <ele>26.0</ele>
   </trkpt>
   <trkpt lat="51.004900000000006" lon="5.081910000000001">
    <ele>24.1</ele>
   </trkpt>
   <trkpt lat="51.004630000000006" lon="5.08202">
    <ele>24.1</ele>
   </trkpt>
   <trkpt lat="51.00421000000001" lon="5.082050000000001">
    <ele>23.520000000000003</ele>
   </trkpt>
   <trkpt lat="51.00415" lon="5.082050000000001">
    <ele>23.520000000000003</ele>
   </trkpt>
   <trkpt lat="51.003890000000006" lon="5.08197">
    <ele>23.360000000000003</ele>
   </trkpt>
   <trkpt lat="51.00336500035221" lon="5.081734997392729">
    <ele>23.160000000000004</ele>
   </trkpt>
   <trkpt lat="51.002840000000006" lon="5.0815">
    <ele>23.31</ele>
   </trkpt>
   <trkpt lat="51.00245" lon="5.0813500000000005">
    <ele>23.290000000000003</ele>
   </trkpt>
   <trkpt lat="51.00215000000001" lon="5.081300000000001">
    <ele>23.520000000000003</ele>
   </trkpt>
   <trkpt lat="51.001990000000006" lon="5.081300000000001">
    <ele>23.650000000000002</ele>
   </trkpt>
   <trkpt lat="51.00179000000001" lon="5.08133">
    <ele>23.650000000000002</ele>
   </trkpt>
   <trkpt lat="51.00155" lon="5.0814">
    <ele>24.17</ele>
   </trkpt>
   <trkpt lat="51.00074000000001" lon="5.08173">
    <ele>24.690000000000005</ele>
   </trkpt>
   <trkpt lat="50.999970000000005" lon="5.082280000000001">
    <ele>25.76</ele>
   </trkpt>
   <trkpt lat="50.99987" lon="5.0822">
    <ele>25.740000000000002</ele>
   </trkpt>
   <trkpt lat="50.999840000000006" lon="5.08215">
    <ele>25.740000000000002</ele>
   </trkpt>
   <trkpt lat="50.99957000414994" lon="5.081164994300975">
    <ele>24.950000000000003</ele>
   </trkpt>
   <trkpt lat="50.999300000000005" lon="5.08018">
    <ele>25.23</ele>
   </trkpt>
   <trkpt lat="50.998760000000004" lon="5.08053">
    <ele>26.660000000000004</ele>
   </trkpt>
   <trkpt lat="50.9986" lon="5.080570000000001">
    <ele>27.090000000000003</ele>
   </trkpt>
   <trkpt lat="50.99848" lon="5.08063">
    <ele>27.340000000000003</ele>
   </trkpt>
   <trkpt lat="50.99830000000001" lon="5.0808">
    <ele>28.110000000000003</ele>
   </trkpt>
   <trkpt lat="50.998000000000005" lon="5.080970000000001">
    <ele>28.84</ele>
   </trkpt>
   <trkpt lat="50.99766" lon="5.081160000000001">
    <ele>30.580000000000002</ele>
   </trkpt>
   <trkpt lat="50.99736169448487" lon="5.0800182966435825">
    <ele>30.53</ele>
   </trkpt>
   <trkpt lat="50.99706337784318" lon="5.078876607966864">
    <ele>30.28</ele>
   </trkpt>
   <trkpt lat="50.99676505007517" lon="5.077734933970046">
    <ele>29.300000000000004</ele>
   </trkpt>
   <trkpt lat="50.996466711181135" lon="5.076593274653331">
    <ele>28.220000000000002</ele>
   </trkpt>
   <trkpt lat="50.99616836116131" lon="5.075451630016922">
    <ele>27.3</ele>
   </trkpt>
   <trkpt lat="50.995870000000004" lon="5.0743100000000005">
    <ele>26.680000000000003</ele>
   </trkpt>
   <trkpt lat="50.99577000000001" lon="5.0738900000000005">
    <ele>26.820000000000004</ele>
   </trkpt>
   <trkpt lat="50.995630000000006" lon="5.073910000000001">
    <ele>26.820000000000004</ele>
   </trkpt>
   <trkpt lat="50.99555" lon="5.073880000000001">
    <ele>26.62</ele>
   </trkpt>
   <trkpt lat="50.994960000869284" lon="5.073449994591361">
    <ele>26.150000000000002</ele>
   </trkpt>
   <trkpt lat="50.99437" lon="5.0730200000000005">
    <ele>26.42</ele>
   </trkpt>
   <trkpt lat="50.994260000000004" lon="5.072920000000001">
    <ele>26.340000000000003</ele>
   </trkpt>
   <trkpt lat="50.994110000000006" lon="5.072710000000001">
    <ele>26.3</ele>
   </trkpt>
   <trkpt lat="50.99329" lon="5.073160000000001">
    <ele>27.720000000000002</ele>
   </trkpt>
   <trkpt lat="50.99284500010756" lon="5.073375002104923">
    <ele>28.940000000000005</ele>
   </trkpt>
   <trkpt lat="50.9924" lon="5.07359">
    <ele>30.160000000000004</ele>
   </trkpt>
   <trkpt lat="50.992250000000006" lon="5.073670000000001">
    <ele>30.61</ele>
   </trkpt>
   <trkpt lat="50.99213" lon="5.07387">
    <ele>30.520000000000003</ele>
   </trkpt>
   <trkpt lat="50.9921" lon="5.074000000000001">
    <ele>30.27</ele>
   </trkpt>
   <trkpt lat="50.99194500789599" lon="5.07536000452903">
    <ele>28.470000000000002</ele>
   </trkpt>
   <trkpt lat="50.99179" lon="5.076720000000001">
    <ele>27.000000000000004</ele>
   </trkpt>
   <trkpt lat="50.9915550032626" lon="5.077600004615857">
    <ele>26.42</ele>
   </trkpt>
   <trkpt lat="50.99132" lon="5.078480000000001">
    <ele>25.970000000000002</ele>
   </trkpt>
   <trkpt lat="50.991240000000005" lon="5.0786500000000006">
    <ele>25.890000000000004</ele>
   </trkpt>
   <trkpt lat="50.990730000328774" lon="5.078960003455888">
    <ele>24.580000000000002</ele>
   </trkpt>
   <trkpt lat="50.99022" lon="5.07927">
    <ele>23.01</ele>
   </trkpt>
   <trkpt lat="50.98986000000001" lon="5.079470000000001">
    <ele>22.660000000000004</ele>
   </trkpt>
   <trkpt lat="50.98921000000001" lon="5.08016">
    <ele>21.68</ele>
   </trkpt>
   <trkpt lat="50.98873500031947" lon="5.080455003051185">
    <ele>21.07</ele>
   </trkpt>
   <trkpt lat="50.988260000000004" lon="5.08075">
    <ele>21.550000000000004</ele>
   </trkpt>
   <trkpt lat="50.98805" lon="5.08091">
    <ele>21.470000000000002</ele>
   </trkpt>
   <trkpt lat="50.987403334808896" lon="5.081330011722">
    <ele>20.330000000000002</ele>
   </trkpt>
   <trkpt lat="50.98675666811187" lon="5.0817500117415095">
    <ele>20.12</ele>
   </trkpt>
   <trkpt lat="50.986110000000004" lon="5.0821700000000005">
    <ele>20.25</ele>
   </trkpt>
   <trkpt lat="50.986070000000005" lon="5.08223">
    <ele>20.25</ele>
   </trkpt>
   <trkpt lat="50.985980000000005" lon="5.08229">
    <ele>20.270000000000003</ele>
   </trkpt>
   <trkpt lat="50.98599" lon="5.08234">
    <ele>20.32</ele>
   </trkpt>
   <trkpt lat="50.985550000236444" lon="5.082615002660542">
    <ele>19.990000000000002</ele>
   </trkpt>
   <trkpt lat="50.985110000000006" lon="5.082890000000001">
    <ele>20.1</ele>
   </trkpt>
   <trkpt lat="50.98474" lon="5.083220000000001">
    <ele>20.48</ele>
   </trkpt>
   <trkpt lat="50.98453000000001" lon="5.08345">
    <ele>20.610000000000003</ele>
   </trkpt>
   <trkpt lat="50.984320000000004" lon="5.08373">
    <ele>20.67</ele>
   </trkpt>
   <trkpt lat="50.98418" lon="5.083970000000001">
    <ele>21.01</ele>
   </trkpt>
   <trkpt lat="50.98366801939495" lon="5.085036047041601">
    <ele>21.66</ele>
   </trkpt>
   <trkpt lat="50.98315602908821" lon="5.086102070569866">
    <ele>22.160000000000004</ele>
   </trkpt>
   <trkpt lat="50.98264402908016" lon="5.087168070585297">
    <ele>22.71</ele>
   </trkpt>
   <trkpt lat="50.98213201937121" lon="5.088234047088397">
    <ele>23.49</ele>
   </trkpt>
   <trkpt lat="50.98162000000001" lon="5.089300000000001">
    <ele>23.85</ele>
   </trkpt>
   <trkpt lat="50.981350000000006" lon="5.0899">
    <ele>24.32</ele>
   </trkpt>
   <trkpt lat="50.981190000000005" lon="5.0904300000000005">
    <ele>24.46</ele>
   </trkpt>
   <trkpt lat="50.98093" lon="5.0917">
    <ele>24.09</ele>
   </trkpt>
   <trkpt lat="50.980850000000004" lon="5.09302">
    <ele>23.020000000000003</ele>
   </trkpt>
   <trkpt lat="50.9808" lon="5.093450000000001">
    <ele>22.42</ele>
   </trkpt>
   <trkpt lat="50.98077000000001" lon="5.09395">
    <ele>22.150000000000002</ele>
   </trkpt>
   <trkpt lat="50.98078" lon="5.0942300000000005">
    <ele>21.93</ele>
   </trkpt>
   <trkpt lat="50.980740000000004" lon="5.09438">
    <ele>21.79</ele>
   </trkpt>
   <trkpt lat="50.98069" lon="5.095370000000001">
    <ele>21.66</ele>
   </trkpt>
   <trkpt lat="50.980145000809486" lon="5.095780004743456">
    <ele>21.150000000000002</ele>
   </trkpt>
   <trkpt lat="50.979600000000005" lon="5.09619">
    <ele>21.19</ele>
   </trkpt>
   <trkpt lat="50.97955" lon="5.09625">
    <ele>21.19</ele>
   </trkpt>
   <trkpt lat="50.97939" lon="5.09639">
    <ele>21.19</ele>
   </trkpt>
   <trkpt lat="50.979290000000006" lon="5.0965300000000004">
    <ele>20.880000000000003</ele>
   </trkpt>
   <trkpt lat="50.979000000000006" lon="5.097200000000001">
    <ele>20.66</ele>
   </trkpt>
   <trkpt lat="50.97869000568905" lon="5.098350007515421">
    <ele>20.76</ele>
   </trkpt>
   <trkpt lat="50.97838" lon="5.099500000000001">
    <ele>21.44</ele>
   </trkpt>
   <trkpt lat="50.97838" lon="5.0998600000000005">
    <ele>21.67</ele>
   </trkpt>
   <trkpt lat="50.978660000000005" lon="5.10041">
    <ele>21.88</ele>
   </trkpt>
   <trkpt lat="50.97903" lon="5.10113">
    <ele>22.500000000000004</ele>
   </trkpt>
   <trkpt lat="50.97932" lon="5.10177">
    <ele>23.07</ele>
   </trkpt>
   <trkpt lat="50.97941" lon="5.102040000000001">
    <ele>23.07</ele>
   </trkpt>
   <trkpt lat="50.97952" lon="5.10259">
    <ele>23.540000000000003</ele>
   </trkpt>
   <trkpt lat="50.979530000000004" lon="5.103210000000001">
    <ele>24.55</ele>
   </trkpt>
   <trkpt lat="50.979490000000006" lon="5.1039200000000005">
    <ele>25.69</ele>
   </trkpt>
   <trkpt lat="50.97945000000001" lon="5.10435">
    <ele>26.09</ele>
   </trkpt>
   <trkpt lat="50.97941" lon="5.10465">
    <ele>26.340000000000003</ele>
   </trkpt>
   <trkpt lat="50.979330000000004" lon="5.10493">
    <ele>26.89</ele>
   </trkpt>
   <trkpt lat="50.9791" lon="5.105320000000001">
    <ele>27.51</ele>
   </trkpt>
   <trkpt lat="50.979020000000006" lon="5.10541">
    <ele>27.51</ele>
   </trkpt>
   <trkpt lat="50.97883" lon="5.10555">
    <ele>28.12</ele>
   </trkpt>
   <trkpt lat="50.978480000000005" lon="5.105700000000001">
    <ele>28.400000000000002</ele>
   </trkpt>
   <trkpt lat="50.97813000000001" lon="5.105810000000001">
    <ele>29.57</ele>
   </trkpt>
   <trkpt lat="50.97786000000001" lon="5.10594">
    <ele>30.130000000000003</ele>
   </trkpt>
   <trkpt lat="50.97766000000001" lon="5.10609">
    <ele>30.61</ele>
   </trkpt>
   <trkpt lat="50.97742" lon="5.1063">
    <ele>30.910000000000004</ele>
   </trkpt>
   <trkpt lat="50.97699" lon="5.106820000000001">
    <ele>31.180000000000003</ele>
   </trkpt>
   <trkpt lat="50.97645000000001" lon="5.107550000000001">
    <ele>29.66</ele>
   </trkpt>
   <trkpt lat="50.97610000187565" lon="5.108210004943978">
    <ele>27.89</ele>
   </trkpt>
   <trkpt lat="50.975750000000005" lon="5.1088700000000005">
    <ele>25.11</ele>
   </trkpt>
   <trkpt lat="50.975170000000006" lon="5.10967">
    <ele>22.96</ele>
   </trkpt>
   <trkpt lat="50.97496" lon="5.1101">
    <ele>22.770000000000003</ele>
   </trkpt>
   <trkpt lat="50.97482" lon="5.1105100000000006">
    <ele>22.62</ele>
   </trkpt>
   <trkpt lat="50.974500000000006" lon="5.11171">
    <ele>22.340000000000003</ele>
   </trkpt>
   <trkpt lat="50.97449" lon="5.111770000000001">
    <ele>22.340000000000003</ele>
   </trkpt>
   <trkpt lat="50.97451" lon="5.11188">
    <ele>22.340000000000003</ele>
   </trkpt>
   <trkpt lat="50.974410000000006" lon="5.111980000000001">
    <ele>22.250000000000004</ele>
   </trkpt>
   <trkpt lat="50.974340000000005" lon="5.11211">
    <ele>22.230000000000004</ele>
   </trkpt>
   <trkpt lat="50.973833344969535" lon="5.113276692087531">
    <ele>21.96</ele>
   </trkpt>
   <trkpt lat="50.97332667831821" lon="5.114443358718397">
    <ele>21.830000000000002</ele>
   </trkpt>
   <trkpt lat="50.972820000000006" lon="5.11561">
    <ele>21.54</ele>
   </trkpt>
   <trkpt lat="50.9727" lon="5.11582">
    <ele>21.580000000000002</ele>
   </trkpt>
   <trkpt lat="50.97245" lon="5.116180000000001">
    <ele>21.71</ele>
   </trkpt>
   <trkpt lat="50.97229" lon="5.11636">
    <ele>21.71</ele>
   </trkpt>
   <trkpt lat="50.97207" lon="5.11655">
    <ele>21.730000000000004</ele>
   </trkpt>
   <trkpt lat="50.97187" lon="5.116680000000001">
    <ele>21.730000000000004</ele>
   </trkpt>
   <trkpt lat="50.971720000000005" lon="5.116750000000001">
    <ele>21.730000000000004</ele>
   </trkpt>
   <trkpt lat="50.971470000000004" lon="5.116840000000001">
    <ele>21.69</ele>
   </trkpt>
   <trkpt lat="50.97129" lon="5.1168700000000005">
    <ele>21.71</ele>
   </trkpt>
   <trkpt lat="50.971000000000004" lon="5.116860000000001">
    <ele>21.75</ele>
   </trkpt>
   <trkpt lat="50.97079" lon="5.116820000000001">
    <ele>21.740000000000002</ele>
   </trkpt>
   <trkpt lat="50.96991600045556" lon="5.1166579878080265">
    <ele>21.730000000000004</ele>
   </trkpt>
   <trkpt lat="50.96904200068705" lon="5.116495981713146">
    <ele>21.84</ele>
   </trkpt>
   <trkpt lat="50.96816800069445" lon="5.116333981714938">
    <ele>22.060000000000002</ele>
   </trkpt>
   <trkpt lat="50.967294000477786" lon="5.1161719878129865">
    <ele>22.03</ele>
   </trkpt>
   <trkpt lat="50.96642000000001" lon="5.11601">
    <ele>21.990000000000002</ele>
   </trkpt>
   <trkpt lat="50.96627" lon="5.11594">
    <ele>21.990000000000002</ele>
   </trkpt>
   <trkpt lat="50.966190000000005" lon="5.11594">
    <ele>21.990000000000002</ele>
   </trkpt>
   <trkpt lat="50.96616" lon="5.11596">
    <ele>21.990000000000002</ele>
   </trkpt>
   <trkpt lat="50.96589" lon="5.11592">
    <ele>22.09</ele>
   </trkpt>
   <trkpt lat="50.96501666686836" lon="5.1157533270600934">
    <ele>22.09</ele>
   </trkpt>
   <trkpt lat="50.964143333499564" lon="5.1155866603868">
    <ele>21.910000000000004</ele>
   </trkpt>
   <trkpt lat="50.96327" lon="5.11542">
    <ele>21.910000000000004</ele>
   </trkpt>
   <trkpt lat="50.96323" lon="5.11537">
    <ele>21.910000000000004</ele>
   </trkpt>
   <trkpt lat="50.963080000000005" lon="5.115360000000001">
    <ele>21.820000000000004</ele>
   </trkpt>
   <trkpt lat="50.96302000000001" lon="5.11537">
    <ele>21.820000000000004</ele>
   </trkpt>
   <trkpt lat="50.96271" lon="5.11535">
    <ele>21.59</ele>
   </trkpt>
   <trkpt lat="50.96253" lon="5.115360000000001">
    <ele>21.54</ele>
   </trkpt>
   <trkpt lat="50.962230000000005" lon="5.115410000000001">
    <ele>21.52</ele>
   </trkpt>
   <trkpt lat="50.96181000000001" lon="5.11556">
    <ele>21.330000000000002</ele>
   </trkpt>
   <trkpt lat="50.96108" lon="5.1159300000000005">
    <ele>21.61</ele>
   </trkpt>
   <trkpt lat="50.96107000000001" lon="5.11594">
    <ele>21.61</ele>
   </trkpt>
   <trkpt lat="50.9609" lon="5.116020000000001">
    <ele>21.68</ele>
   </trkpt>
   <trkpt lat="50.96085" lon="5.11592">
    <ele>21.740000000000002</ele>
   </trkpt>
   <trkpt lat="50.960800000000006" lon="5.115900000000001">
    <ele>21.740000000000002</ele>
   </trkpt>
   <trkpt lat="50.960750000000004" lon="5.11591">
    <ele>21.77</ele>
   </trkpt>
   <trkpt lat="50.96069000000001" lon="5.11598">
    <ele>21.77</ele>
   </trkpt>
   <trkpt lat="50.96068" lon="5.11613">
    <ele>21.740000000000002</ele>
   </trkpt>
   <trkpt lat="50.96061" lon="5.11617">
    <ele>21.740000000000002</ele>
   </trkpt>
   <trkpt lat="50.96006000008705" lon="5.116355002209766">
    <ele>21.66</ele>
   </trkpt>
   <trkpt lat="50.95951" lon="5.1165400000000005">
    <ele>21.820000000000004</ele>
   </trkpt>
   <trkpt lat="50.959300000000006" lon="5.116580000000001">
    <ele>22.080000000000002</ele>
   </trkpt>
   <trkpt lat="50.95895" lon="5.116580000000001">
    <ele>22.45</ele>
   </trkpt>
   <trkpt lat="50.958324999940984" lon="5.1165299993218945">
    <ele>22.490000000000002</ele>
   </trkpt>
   <trkpt lat="50.9577" lon="5.11648">
    <ele>22.35</ele>
   </trkpt>
   <trkpt lat="50.957010000000004" lon="5.11645">
    <ele>22.13</ele>
   </trkpt>
   <trkpt lat="50.95623428573576" lon="5.11647143071735">
    <ele>22.2</ele>
   </trkpt>
   <trkpt lat="50.95545857146762" lon="5.116492860719232">
    <ele>22.230000000000004</ele>
   </trkpt>
   <trkpt lat="50.95468285719555" lon="5.1165142900056875">
    <ele>22.230000000000004</ele>
   </trkpt>
   <trkpt lat="50.953907142919554" lon="5.116535718576759">
    <ele>22.160000000000004</ele>
   </trkpt>
   <trkpt lat="50.95313142863964" lon="5.116557146432494">
    <ele>22.19</ele>
   </trkpt>
   <trkpt lat="50.95235571435579" lon="5.116578573572934">
    <ele>22.04</ele>
   </trkpt>
   <trkpt lat="50.95158000000001" lon="5.1166">
    <ele>22.080000000000002</ele>
   </trkpt>
   <trkpt lat="50.95127" lon="5.11659">
    <ele>22.140000000000004</ele>
   </trkpt>
   <trkpt lat="50.95111000000001" lon="5.11657">
    <ele>22.140000000000004</ele>
   </trkpt>
   <trkpt lat="50.95074" lon="5.11645">
    <ele>21.970000000000002</ele>
   </trkpt>
   <trkpt lat="50.95028000000001" lon="5.11624">
    <ele>22.11</ele>
   </trkpt>
   <trkpt lat="50.95027" lon="5.11624">
    <ele>22.12</ele>
   </trkpt>
   <trkpt lat="50.949850000000005" lon="5.116040000000001">
    <ele>22.580000000000002</ele>
   </trkpt>
   <trkpt lat="50.94981000000001" lon="5.115950000000001">
    <ele>22.580000000000002</ele>
   </trkpt>
   <trkpt lat="50.949650000000005" lon="5.1157200000000005">
    <ele>22.7</ele>
   </trkpt>
   <trkpt lat="50.949600000000004" lon="5.11556">
    <ele>22.830000000000002</ele>
   </trkpt>
   <trkpt lat="50.94952000000001" lon="5.115530000000001">
    <ele>23.19</ele>
   </trkpt>
   <trkpt lat="50.94944" lon="5.11552">
    <ele>23.19</ele>
   </trkpt>
   <trkpt lat="50.94934000000001" lon="5.11605">
    <ele>23.180000000000003</ele>
   </trkpt>
   <trkpt lat="50.949180000000005" lon="5.11716">
    <ele>22.770000000000003</ele>
   </trkpt>
   <trkpt lat="50.949070000000006" lon="5.117330000000001">
    <ele>22.54</ele>
   </trkpt>
   <trkpt lat="50.94894000000001" lon="5.11761">
    <ele>22.480000000000004</ele>
   </trkpt>
   <trkpt lat="50.94887000000001" lon="5.11774">
    <ele>22.400000000000002</ele>
   </trkpt>
   <trkpt lat="50.94879" lon="5.1178300000000005">
    <ele>22.38</ele>
   </trkpt>
   <trkpt lat="50.94865" lon="5.11791">
    <ele>22.410000000000004</ele>
   </trkpt>
   <trkpt lat="50.948350000000005" lon="5.11791">
    <ele>22.64</ele>
   </trkpt>
   <trkpt lat="50.9483" lon="5.1191">
    <ele>22.9</ele>
   </trkpt>
   <trkpt lat="50.948330000000006" lon="5.1196">
    <ele>23.090000000000003</ele>
   </trkpt>
   <trkpt lat="50.9485" lon="5.12072">
    <ele>23.28</ele>
   </trkpt>
   <trkpt lat="50.94849000000001" lon="5.120850000000001">
    <ele>23.28</ele>
   </trkpt>
   <trkpt lat="50.9485" lon="5.120970000000001">
    <ele>23.24</ele>
   </trkpt>
   <trkpt lat="50.948550000000004" lon="5.121110000000001">
    <ele>23.24</ele>
   </trkpt>
   <trkpt lat="50.94805" lon="5.12161">
    <ele>22.53</ele>
   </trkpt>
   <trkpt lat="50.947680000000005" lon="5.1219600000000005">
    <ele>22.42</ele>
   </trkpt>
   <trkpt lat="50.947390000000006" lon="5.122280000000001">
    <ele>22.330000000000002</ele>
   </trkpt>
   <trkpt lat="50.947230000000005" lon="5.12253">
    <ele>22.320000000000004</ele>
   </trkpt>
   <trkpt lat="50.94709" lon="5.12269">
    <ele>22.35</ele>
   </trkpt>
   <trkpt lat="50.94648500095757" lon="5.123180006431938">
    <ele>22.45</ele>
   </trkpt>
   <trkpt lat="50.94588" lon="5.123670000000001">
    <ele>22.490000000000002</ele>
   </trkpt>
   <trkpt lat="50.945800000000006" lon="5.123760000000001">
    <ele>22.56</ele>
   </trkpt>
   <trkpt lat="50.94568" lon="5.12394">
    <ele>22.56</ele>
   </trkpt>
   <trkpt lat="50.94563" lon="5.12406">
    <ele>22.770000000000003</ele>
   </trkpt>
   <trkpt lat="50.945530000000005" lon="5.12453">
    <ele>22.9</ele>
   </trkpt>
   <trkpt lat="50.94538500320353" lon="5.125395002645363">
    <ele>23.39</ele>
   </trkpt>
   <trkpt lat="50.945240000000005" lon="5.12626">
    <ele>23.46</ele>
   </trkpt>
   <trkpt lat="50.94521" lon="5.126390000000001">
    <ele>23.6</ele>
   </trkpt>
   <trkpt lat="50.945130000000006" lon="5.1265600000000004">
    <ele>23.6</ele>
   </trkpt>
   <trkpt lat="50.945040000000006" lon="5.126650000000001">
    <ele>23.700000000000003</ele>
   </trkpt>
   <trkpt lat="50.94430000059246" lon="5.126274994026864">
    <ele>23.31</ele>
   </trkpt>
   <trkpt lat="50.943560000000005" lon="5.125900000000001">
    <ele>23.71</ele>
   </trkpt>
   <trkpt lat="50.94339" lon="5.12586">
    <ele>23.990000000000002</ele>
   </trkpt>
   <trkpt lat="50.94324" lon="5.12591">
    <ele>24.130000000000003</ele>
   </trkpt>
   <trkpt lat="50.94306" lon="5.1261">
    <ele>24.26</ele>
   </trkpt>
   <trkpt lat="50.94260000326185" lon="5.126980008792271">
    <ele>24.400000000000002</ele>
   </trkpt>
   <trkpt lat="50.94214" lon="5.12786">
    <ele>24.21</ele>
   </trkpt>
   <trkpt lat="50.941500000000005" lon="5.12858">
    <ele>24.14</ele>
   </trkpt>
   <trkpt lat="50.941100000000006" lon="5.1290000000000004">
    <ele>23.860000000000003</ele>
   </trkpt>
   <trkpt lat="50.94095" lon="5.12922">
    <ele>23.78</ele>
   </trkpt>
   <trkpt lat="50.94064000135548" lon="5.129805004099957">
    <ele>23.37</ele>
   </trkpt>
   <trkpt lat="50.94033" lon="5.13039">
    <ele>23.340000000000003</ele>
   </trkpt>
   <trkpt lat="50.939930000000004" lon="5.131150000000001">
    <ele>23.89</ele>
   </trkpt>
   <trkpt lat="50.939840000000004" lon="5.13126">
    <ele>23.89</ele>
   </trkpt>
   <trkpt lat="50.93985000000001" lon="5.13164">
    <ele>23.89</ele>
   </trkpt>
   <trkpt lat="50.94014000367138" lon="5.132569994130229">
    <ele>24.290000000000003</ele>
   </trkpt>
   <trkpt lat="50.940430000000006" lon="5.133500000000001">
    <ele>24.75</ele>
   </trkpt>
   <trkpt lat="50.94041000000001" lon="5.133780000000001">
    <ele>24.740000000000002</ele>
   </trkpt>
   <trkpt lat="50.940690000000004" lon="5.133920000000001">
    <ele>24.64</ele>
   </trkpt>
   <trkpt lat="50.94064" lon="5.134130000000001">
    <ele>24.630000000000003</ele>
   </trkpt>
   <trkpt lat="50.940630000000006" lon="5.13435">
    <ele>24.630000000000003</ele>
   </trkpt>
   <trkpt lat="50.94070000000001" lon="5.134930000000001">
    <ele>24.180000000000003</ele>
   </trkpt>
   <trkpt lat="50.94070000000001" lon="5.135870000000001">
    <ele>24.39</ele>
   </trkpt>
   <trkpt lat="50.94075" lon="5.136170000000001">
    <ele>24.700000000000003</ele>
   </trkpt>
   <trkpt lat="50.93997000110112" lon="5.136660008172248">
    <ele>24.73</ele>
   </trkpt>
   <trkpt lat="50.93919" lon="5.13715">
    <ele>24.89</ele>
   </trkpt>
   <trkpt lat="50.93851666816841" lon="5.137566678721937">
    <ele>25.02</ele>
   </trkpt>
   <trkpt lat="50.93784333485416" lon="5.137983345376573">
    <ele>25.28</ele>
   </trkpt>
   <trkpt lat="50.93717" lon="5.138400000000001">
    <ele>25.380000000000003</ele>
   </trkpt>
   <trkpt lat="50.93659" lon="5.13877">
    <ele>25.35</ele>
   </trkpt>
   <trkpt lat="50.935813335287705" lon="5.139246682579859">
    <ele>25.34</ele>
   </trkpt>
   <trkpt lat="50.93503666863498" lon="5.1397233492376415">
    <ele>24.94</ele>
   </trkpt>
   <trkpt lat="50.93426" lon="5.1402">
    <ele>25.640000000000004</ele>
   </trkpt>
   <trkpt lat="50.934200000000004" lon="5.14032">
    <ele>25.640000000000004</ele>
   </trkpt>
   <trkpt lat="50.93366667379171" lon="5.1412333542793105">
    <ele>25.32</ele>
   </trkpt>
   <trkpt lat="50.933133340459285" lon="5.142146687610721">
    <ele>25.36</ele>
   </trkpt>
   <trkpt lat="50.9326" lon="5.14306">
    <ele>25.400000000000002</ele>
   </trkpt>
   <trkpt lat="50.93224500146259" lon="5.1436550046238985">
    <ele>25.43</ele>
   </trkpt>
   <trkpt lat="50.93189" lon="5.14425">
    <ele>25.370000000000005</ele>
   </trkpt>
   <trkpt lat="50.93168000000001" lon="5.14451">
    <ele>25.240000000000002</ele>
   </trkpt>
   <trkpt lat="50.93124500084648" lon="5.1449900046408175">
    <ele>24.990000000000002</ele>
   </trkpt>
   <trkpt lat="50.93081" lon="5.14547">
    <ele>24.96</ele>
   </trkpt>
   <trkpt lat="50.93036000000001" lon="5.1459">
    <ele>24.900000000000002</ele>
   </trkpt>
   <trkpt lat="50.93021" lon="5.146050000000001">
    <ele>25.01</ele>
   </trkpt>
   <trkpt lat="50.930130000000005" lon="5.146210000000001">
    <ele>25.01</ele>
   </trkpt>
   <trkpt lat="50.930080000000004" lon="5.1464300000000005">
    <ele>25.0</ele>
   </trkpt>
   <trkpt lat="50.93004000508265" lon="5.147520000685476">
    <ele>25.01</ele>
   </trkpt>
   <trkpt lat="50.93000000000001" lon="5.148610000000001">
    <ele>25.01</ele>
   </trkpt>
   <trkpt lat="50.92994000260379" lon="5.14938500049571">
    <ele>24.85</ele>
   </trkpt>
   <trkpt lat="50.929880000000004" lon="5.1501600000000005">
    <ele>24.77</ele>
   </trkpt>
   <trkpt lat="50.92987" lon="5.1513">
    <ele>25.740000000000002</ele>
   </trkpt>
   <trkpt lat="50.92937999991406" lon="5.15143000141142">
    <ele>25.900000000000002</ele>
   </trkpt>
   <trkpt lat="50.92889" lon="5.151560000000001">
    <ele>25.800000000000004</ele>
   </trkpt>
   <trkpt lat="50.928670000000004" lon="5.151590000000001">
    <ele>25.800000000000004</ele>
   </trkpt>
   <trkpt lat="50.92842" lon="5.15155">
    <ele>25.76</ele>
   </trkpt>
   <trkpt lat="50.92768" lon="5.15137">
    <ele>26.740000000000002</ele>
   </trkpt>
   <trkpt lat="50.92795000741139" lon="5.152689992196109">
    <ele>27.080000000000002</ele>
   </trkpt>
   <trkpt lat="50.92822" lon="5.15401">
    <ele>28.21</ele>
   </trkpt>
   <trkpt lat="50.92832000000001" lon="5.15425">
    <ele>28.450000000000003</ele>
   </trkpt>
   <trkpt lat="50.92862" lon="5.154820000000001">
    <ele>29.1</ele>
   </trkpt>
   <trkpt lat="50.927945000384575" lon="5.1551600049886614">
    <ele>29.42</ele>
   </trkpt>
   <trkpt lat="50.92727000000001" lon="5.155500000000001">
    <ele>29.460000000000004</ele>
   </trkpt>
   <trkpt lat="50.926660000000005" lon="5.15587">
    <ele>29.150000000000002</ele>
   </trkpt>
   <trkpt lat="50.926410000000004" lon="5.15608">
    <ele>29.150000000000002</ele>
   </trkpt>
   <trkpt lat="50.9262" lon="5.156280000000001">
    <ele>29.150000000000002</ele>
   </trkpt>
   <trkpt lat="50.92604000000001" lon="5.15646">
    <ele>29.200000000000003</ele>
   </trkpt>
   <trkpt lat="50.925450000000005" lon="5.15723">
    <ele>29.57</ele>
   </trkpt>
   <trkpt lat="50.92492000000001" lon="5.157920000000001">
    <ele>30.330000000000002</ele>
   </trkpt>
   <trkpt lat="50.92472" lon="5.15815">
    <ele>31.13</ele>
   </trkpt>
   <trkpt lat="50.924690000000005" lon="5.158270000000001">
    <ele>32.330000000000005</ele>
   </trkpt>
   <trkpt lat="50.924710000000005" lon="5.158370000000001">
    <ele>32.330000000000005</ele>
   </trkpt>
   <trkpt lat="50.92397666835687" lon="5.158813347302584">
    <ele>31.490000000000002</ele>
   </trkpt>
   <trkpt lat="50.923243335035075" lon="5.15925668062867">
    <ele>30.400000000000002</ele>
   </trkpt>
   <trkpt lat="50.92251" lon="5.159700000000001">
    <ele>29.85</ele>
   </trkpt>
   <trkpt lat="50.922035000841426" lon="5.160080003699693">
    <ele>29.290000000000003</ele>
   </trkpt>
   <trkpt lat="50.92156000000001" lon="5.1604600000000005">
    <ele>29.0</ele>
   </trkpt>
   <trkpt lat="50.92092000103576" lon="5.160965006988386">
    <ele>29.030000000000005</ele>
   </trkpt>
   <trkpt lat="50.920280000000005" lon="5.1614700000000004">
    <ele>29.370000000000005</ele>
   </trkpt>
   <trkpt lat="50.92011" lon="5.161580000000001">
    <ele>29.43</ele>
   </trkpt>
   <trkpt lat="50.91967" lon="5.161770000000001">
    <ele>29.800000000000004</ele>
   </trkpt>
   <trkpt lat="50.91970000296859" lon="5.162604999213526">
    <ele>29.720000000000002</ele>
   </trkpt>
   <trkpt lat="50.91973" lon="5.1634400000000005">
    <ele>29.87</ele>
   </trkpt>
   <trkpt lat="50.91962" lon="5.164090000000001">
    <ele>30.44</ele>
   </trkpt>
   <trkpt lat="50.9196" lon="5.16476">
    <ele>30.76</ele>
   </trkpt>
   <trkpt lat="50.919630000000005" lon="5.165360000000001">
    <ele>31.35</ele>
   </trkpt>
   <trkpt lat="50.91975000000001" lon="5.16654">
    <ele>33.440000000000005</ele>
   </trkpt>
   <trkpt lat="50.91975000000001" lon="5.166530000000001">
    <ele>33.42</ele>
   </trkpt>
   <trkpt lat="50.91987" lon="5.16769">
    <ele>36.50000000000001</ele>
   </trkpt>
   <trkpt lat="50.919000000000004" lon="5.16793">
    <ele>36.94</ele>
   </trkpt>
   <trkpt lat="50.91823" lon="5.16811">
    <ele>37.58</ele>
   </trkpt>
   <trkpt lat="50.91751500021062" lon="5.1682550022034395">
    <ele>37.32000000000001</ele>
   </trkpt>
   <trkpt lat="50.9168" lon="5.1684">
    <ele>37.15</ele>
   </trkpt>
   <trkpt lat="50.91632000023875" lon="5.168490000890036">
    <ele>36.52</ele>
   </trkpt>
   <trkpt lat="50.91584" lon="5.16858">
    <ele>36.14000000000001</ele>
   </trkpt>
   <trkpt lat="50.91563000000001" lon="5.1685300000000005">
    <ele>35.58</ele>
   </trkpt>
   <trkpt lat="50.91554000000001" lon="5.168480000000001">
    <ele>35.58</ele>
   </trkpt>
   <trkpt lat="50.91509500040343" lon="5.168139996679933">
    <ele>34.82</ele>
   </trkpt>
   <trkpt lat="50.91465" lon="5.167800000000001">
    <ele>35.050000000000004</ele>
   </trkpt>
   <trkpt lat="50.91458" lon="5.1677800000000005">
    <ele>35.050000000000004</ele>
   </trkpt>
   <trkpt lat="50.91449" lon="5.16781">
    <ele>35.08</ele>
   </trkpt>
   <trkpt lat="50.91396" lon="5.16873">
    <ele>34.230000000000004</ele>
   </trkpt>
   <trkpt lat="50.91378" lon="5.169090000000001">
    <ele>34.190000000000005</ele>
   </trkpt>
   <trkpt lat="50.91349500281402" lon="5.169905005055669">
    <ele>34.370000000000005</ele>
   </trkpt>
   <trkpt lat="50.91321000000001" lon="5.17072">
    <ele>34.84</ele>
   </trkpt>
   <trkpt lat="50.91292000000001" lon="5.1716500000000005">
    <ele>35.910000000000004</ele>
   </trkpt>
   <trkpt lat="50.91265667624377" lon="5.172710012075752">
    <ele>36.47</ele>
   </trkpt>
   <trkpt lat="50.912393342890255" lon="5.173770012156754">
    <ele>38.28</ele>
   </trkpt>
   <trkpt lat="50.912130000000005" lon="5.17483">
    <ele>39.63</ele>
   </trkpt>
   <trkpt lat="50.912020000000005" lon="5.1752">
    <ele>40.510000000000005</ele>
   </trkpt>
   <trkpt lat="50.912020000000005" lon="5.17518">
    <ele>40.49</ele>
   </trkpt>
   <trkpt lat="50.91181000185302" lon="5.175825002675913">
    <ele>42.580000000000005</ele>
   </trkpt>
   <trkpt lat="50.91160000000001" lon="5.17647">
    <ele>45.17</ele>
   </trkpt>
   <trkpt lat="50.91152" lon="5.176570000000001">
    <ele>45.4</ele>
   </trkpt>
   <trkpt lat="50.91121500253249" lon="5.177345005161413">
    <ele>45.34</ele>
   </trkpt>
   <trkpt lat="50.91091" lon="5.178120000000001">
    <ele>45.13</ele>
   </trkpt>
   <trkpt lat="50.910405004000665" lon="5.179085010424715">
    <ele>44.86000000000001</ele>
   </trkpt>
   <trkpt lat="50.90990000000001" lon="5.1800500000000005">
    <ele>44.4</ele>
   </trkpt>
   <trkpt lat="50.909396675042494" lon="5.181040021402261">
    <ele>43.940000000000005</ele>
   </trkpt>
   <trkpt lat="50.90889334171315" lon="5.182030021394042">
    <ele>43.67</ele>
   </trkpt>
   <trkpt lat="50.908390000000004" lon="5.183020000000001">
    <ele>44.0</ele>
   </trkpt>
   <trkpt lat="50.907895003722864" lon="5.183960010092336">
    <ele>46.07000000000001</ele>
   </trkpt>
   <trkpt lat="50.9074" lon="5.184900000000001">
    <ele>47.470000000000006</ele>
   </trkpt>
   <trkpt lat="50.90717" lon="5.185230000000001">
    <ele>48.2</ele>
   </trkpt>
   <trkpt lat="50.90695" lon="5.1855">
    <ele>48.95</ele>
   </trkpt>
   <trkpt lat="50.90634000000001" lon="5.186140000000001">
    <ele>51.230000000000004</ele>
   </trkpt>
   <trkpt lat="50.906270000000006" lon="5.186260000000001">
    <ele>51.43</ele>
   </trkpt>
   <trkpt lat="50.90625000000001" lon="5.18634">
    <ele>51.43</ele>
   </trkpt>
   <trkpt lat="50.906240000000004" lon="5.186750000000001">
    <ele>51.940000000000005</ele>
   </trkpt>
   <trkpt lat="50.90632334142235" lon="5.187723329809713">
    <ele>52.58</ele>
   </trkpt>
   <trkpt lat="50.906406674752375" lon="5.188696663104303">
    <ele>52.440000000000005</ele>
   </trkpt>
   <trkpt lat="50.906490000000005" lon="5.1896700000000004">
    <ele>52.18</ele>
   </trkpt>
   <trkpt lat="50.906545002469315" lon="5.190429999135485">
    <ele>51.620000000000005</ele>
   </trkpt>
   <trkpt lat="50.906600000000005" lon="5.191190000000001">
    <ele>51.080000000000005</ele>
   </trkpt>
   <trkpt lat="50.906600000000005" lon="5.191960000000001">
    <ele>50.760000000000005</ele>
   </trkpt>
   <trkpt lat="50.90654000000001" lon="5.1927">
    <ele>50.54</ele>
   </trkpt>
   <trkpt lat="50.90645000000001" lon="5.19345">
    <ele>50.17</ele>
   </trkpt>
   <trkpt lat="50.90630000320796" lon="5.194325003180811">
    <ele>49.410000000000004</ele>
   </trkpt>
   <trkpt lat="50.906150000000004" lon="5.195200000000001">
    <ele>49.31</ele>
   </trkpt>
   <trkpt lat="50.906020000000005" lon="5.19556">
    <ele>49.28</ele>
   </trkpt>
   <trkpt lat="50.905260000000006" lon="5.195010000000001">
    <ele>50.14</ele>
   </trkpt>
   <trkpt lat="50.905100000000004" lon="5.19493">
    <ele>50.17</ele>
   </trkpt>
   <trkpt lat="50.90509" lon="5.19493">
    <ele>50.17</ele>
   </trkpt>
   <trkpt lat="50.90495000000001" lon="5.19486">
    <ele>50.230000000000004</ele>
   </trkpt>
   <trkpt lat="50.904300000000006" lon="5.1946900000000005">
    <ele>50.080000000000005</ele>
   </trkpt>
   <trkpt lat="50.903830000000006" lon="5.19449">
    <ele>49.89</ele>
   </trkpt>
   <trkpt lat="50.90310000076728" lon="5.194039992884101">
    <ele>49.480000000000004</ele>
   </trkpt>
   <trkpt lat="50.902370000000005" lon="5.19359">
    <ele>49.370000000000005</ele>
   </trkpt>
   <trkpt lat="50.901650000000004" lon="5.19326">
    <ele>49.31</ele>
   </trkpt>
   <trkpt lat="50.901520000000005" lon="5.19322">
    <ele>49.21</ele>
   </trkpt>
   <trkpt lat="50.90117000000001" lon="5.1932">
    <ele>49.21</ele>
   </trkpt>
   <trkpt lat="50.90037333334706" lon="5.193220001710809">
    <ele>49.78</ele>
   </trkpt>
   <trkpt lat="50.89957666669071" lon="5.193240002737187">
    <ele>50.34</ele>
   </trkpt>
   <trkpt lat="50.898780000030946" lon="5.193260003079173">
    <ele>50.86</ele>
   </trkpt>
   <trkpt lat="50.89798333336775" lon="5.193280002736812">
    <ele>51.77</ele>
   </trkpt>
   <trkpt lat="50.89718666670114" lon="5.1933000017101465">
    <ele>52.47</ele>
   </trkpt>
   <trkpt lat="50.896390000000004" lon="5.193320000000001">
    <ele>53.03000000000001</ele>
   </trkpt>
   <trkpt lat="50.896150000000006" lon="5.193280000000001">
    <ele>53.36000000000001</ele>
   </trkpt>
   <trkpt lat="50.89611000000001" lon="5.19326">
    <ele>53.36000000000001</ele>
   </trkpt>
   <trkpt lat="50.895920000000004" lon="5.193090000000001">
    <ele>53.36000000000001</ele>
   </trkpt>
   <trkpt lat="50.89542" lon="5.192500000000001">
    <ele>53.68000000000001</ele>
   </trkpt>
   <trkpt lat="50.89522" lon="5.1923200000000005">
    <ele>53.720000000000006</ele>
   </trkpt>
   <trkpt lat="50.895" lon="5.19219">
    <ele>53.720000000000006</ele>
   </trkpt>
   <trkpt lat="50.894475000140986" lon="5.191974997553226">
    <ele>53.45</ele>
   </trkpt>
   <trkpt lat="50.893950000000004" lon="5.19176">
    <ele>53.18000000000001</ele>
   </trkpt>
   <trkpt lat="50.89374" lon="5.19174">
    <ele>53.24</ele>
   </trkpt>
   <trkpt lat="50.893215000219826" lon="5.191815000817454">
    <ele>53.82000000000001</ele>
   </trkpt>
   <trkpt lat="50.89269" lon="5.191890000000001">
    <ele>54.49</ele>
   </trkpt>
   <trkpt lat="50.89238" lon="5.191890000000001">
    <ele>54.59</ele>
   </trkpt>
   <trkpt lat="50.89161000018013" lon="5.191664996269797">
    <ele>55.09</ele>
   </trkpt>
   <trkpt lat="50.890840000000004" lon="5.19144">
    <ele>54.77</ele>
   </trkpt>
   <trkpt lat="50.89085000000001" lon="5.19144">
    <ele>54.77</ele>
   </trkpt>
   <trkpt lat="50.89012" lon="5.19123">
    <ele>54.19</ele>
   </trkpt>
   <trkpt lat="50.890010000000004" lon="5.19123">
    <ele>54.11000000000001</ele>
   </trkpt>
   <trkpt lat="50.88994" lon="5.191260000000001">
    <ele>54.11000000000001</ele>
   </trkpt>
   <trkpt lat="50.89005" lon="5.19165">
    <ele>54.34</ele>
   </trkpt>
   <trkpt lat="50.89012" lon="5.192170000000001">
    <ele>54.34</ele>
   </trkpt>
   <trkpt lat="50.890210014285906" lon="5.193463328281027">
    <ele>55.59</ele>
   </trkpt>
   <trkpt lat="50.89030001428217" lon="5.194756661560369">
    <ele>56.5</ele>
   </trkpt>
   <trkpt lat="50.890390000000004" lon="5.1960500000000005">
    <ele>56.86000000000001</ele>
   </trkpt>
   <trkpt lat="50.89040000000001" lon="5.19671">
    <ele>56.830000000000005</ele>
   </trkpt>
   <trkpt lat="50.8903366752054" lon="5.197710002784252">
    <ele>56.09</ele>
   </trkpt>
   <trkpt lat="50.89027334186794" lon="5.19871000284929">
    <ele>55.75000000000001</ele>
   </trkpt>
   <trkpt lat="50.89021" lon="5.1997100000000005">
    <ele>56.0</ele>
   </trkpt>
   <trkpt lat="50.89020000000001" lon="5.199960000000001">
    <ele>56.21</ele>
   </trkpt>
   <trkpt lat="50.89020000000001" lon="5.20033">
    <ele>56.81</ele>
   </trkpt>
   <trkpt lat="50.88936999995873" lon="5.200370001428127">
    <ele>56.870000000000005</ele>
   </trkpt>
   <trkpt lat="50.88853999990378" lon="5.200410001430743">
    <ele>57.650000000000006</ele>
   </trkpt>
   <trkpt lat="50.887710000000006" lon="5.20045">
    <ele>58.45</ele>
   </trkpt>
   <trkpt lat="50.887690000000006" lon="5.20094">
    <ele>58.43</ele>
   </trkpt>
   <trkpt lat="50.887710000000006" lon="5.20106">
    <ele>58.32</ele>
   </trkpt>
   <trkpt lat="50.887970003841" lon="5.202004994821681">
    <ele>58.050000000000004</ele>
   </trkpt>
   <trkpt lat="50.88823000000001" lon="5.20295">
    <ele>57.14</ele>
   </trkpt>
   <trkpt lat="50.888290000000005" lon="5.20314">
    <ele>57.13</ele>
   </trkpt>
   <trkpt lat="50.88846" lon="5.20347">
    <ele>56.93</ele>
   </trkpt>
   <trkpt lat="50.88880500424061" lon="5.204459992823109">
    <ele>55.290000000000006</ele>
   </trkpt>
   <trkpt lat="50.88915" lon="5.205450000000001">
    <ele>54.50000000000001</ele>
   </trkpt>
   <trkpt lat="50.889250000000004" lon="5.205850000000001">
    <ele>53.81</ele>
   </trkpt>
   <trkpt lat="50.88939000219623" lon="5.206559998084078">
    <ele>53.31</ele>
   </trkpt>
   <trkpt lat="50.88953000000001" lon="5.20727">
    <ele>53.42</ele>
   </trkpt>
   <trkpt lat="50.88956" lon="5.20753">
    <ele>53.27</ele>
   </trkpt>
   <trkpt lat="50.889540000000004" lon="5.20762">
    <ele>53.27</ele>
   </trkpt>
   <trkpt lat="50.88949" lon="5.207680000000001">
    <ele>53.27</ele>
   </trkpt>
   <trkpt lat="50.8888950010094" lon="5.20816500619128">
    <ele>52.440000000000005</ele>
   </trkpt>
   <trkpt lat="50.8883" lon="5.2086500000000004">
    <ele>52.25000000000001</ele>
   </trkpt>
   <trkpt lat="50.88755000160653" lon="5.2092800102176495">
    <ele>50.14</ele>
   </trkpt>
   <trkpt lat="50.8868" lon="5.209910000000001">
    <ele>49.78</ele>
   </trkpt>
   <trkpt lat="50.886210000000005" lon="5.210400000000001">
    <ele>49.24</ele>
   </trkpt>
   <trkpt lat="50.885710000964316" lon="5.210895005394168">
    <ele>48.27</ele>
   </trkpt>
   <trkpt lat="50.88521" lon="5.211390000000001">
    <ele>48.370000000000005</ele>
   </trkpt>
   <trkpt lat="50.885160000000006" lon="5.21142">
    <ele>48.370000000000005</ele>
   </trkpt>
   <trkpt lat="50.88512000000001" lon="5.21142">
    <ele>48.370000000000005</ele>
   </trkpt>
   <trkpt lat="50.885090000000005" lon="5.21138">
    <ele>48.370000000000005</ele>
   </trkpt>
   <trkpt lat="50.88485000000001" lon="5.210640000000001">
    <ele>48.63</ele>
   </trkpt>
   <trkpt lat="50.88479" lon="5.21056">
    <ele>48.7</ele>
   </trkpt>
   <trkpt lat="50.88472" lon="5.2105500000000005">
    <ele>48.690000000000005</ele>
   </trkpt>
   <trkpt lat="50.884240000000005" lon="5.211">
    <ele>48.92</ele>
   </trkpt>
   <trkpt lat="50.883860004724134" lon="5.211740011982009">
    <ele>49.040000000000006</ele>
   </trkpt>
   <trkpt lat="50.88348000476993" lon="5.2124800118926915">
    <ele>49.21</ele>
   </trkpt>
   <trkpt lat="50.883100000000006" lon="5.213220000000001">
    <ele>49.150000000000006</ele>
   </trkpt>
   <trkpt lat="50.88295" lon="5.213620000000001">
    <ele>49.2</ele>
   </trkpt>
   <trkpt lat="50.88275252091493" lon="5.21489751624084">
    <ele>50.0</ele>
   </trkpt>
   <trkpt lat="50.88255502788688" lon="5.216175021651819">
    <ele>50.050000000000004</ele>
   </trkpt>
   <trkpt lat="50.882357520916116" lon="5.217452516232343">
    <ele>50.7</ele>
   </trkpt>
   <trkpt lat="50.882160000000006" lon="5.218730000000001">
    <ele>52.68000000000001</ele>
   </trkpt>
   <trkpt lat="50.882160000000006" lon="5.218850000000001">
    <ele>52.93000000000001</ele>
   </trkpt>
   <trkpt lat="50.88147000000001" lon="5.219080000000001">
    <ele>53.78</ele>
   </trkpt>
   <trkpt lat="50.88092" lon="5.21924">
    <ele>54.470000000000006</ele>
   </trkpt>
   <trkpt lat="50.88054" lon="5.219320000000001">
    <ele>55.370000000000005</ele>
   </trkpt>
   <trkpt lat="50.88055000000001" lon="5.219320000000001">
    <ele>55.370000000000005</ele>
   </trkpt>
   <trkpt lat="50.87980333369274" lon="5.21949333886448">
    <ele>57.550000000000004</ele>
   </trkpt>
   <trkpt lat="50.879056667128786" lon="5.219666672173863">
    <ele>60.53000000000001</ele>
   </trkpt>
   <trkpt lat="50.878310000000006" lon="5.2198400000000005">
    <ele>64.16000000000001</ele>
   </trkpt>
   <trkpt lat="50.878170000000004" lon="5.219860000000001">
    <ele>64.34</ele>
   </trkpt>
   <trkpt lat="50.878040000000006" lon="5.2198400000000005">
    <ele>64.51</ele>
   </trkpt>
   <trkpt lat="50.877580000142" lon="5.219724998886188">
    <ele>64.58</ele>
   </trkpt>
   <trkpt lat="50.877120000000005" lon="5.21961">
    <ele>64.38000000000001</ele>
   </trkpt>
   <trkpt lat="50.87695" lon="5.21959">
    <ele>64.33000000000001</ele>
   </trkpt>
   <trkpt lat="50.876234999932684" lon="5.219579999845627">
    <ele>64.98</ele>
   </trkpt>
   <trkpt lat="50.87552" lon="5.21957">
    <ele>64.93</ele>
   </trkpt>
   <trkpt lat="50.8751" lon="5.21954">
    <ele>64.73</ele>
   </trkpt>
   <trkpt lat="50.874900000000004" lon="5.2195">
    <ele>64.60000000000001</ele>
   </trkpt>
   <trkpt lat="50.874480000000005" lon="5.219320000000001">
    <ele>64.69000000000001</ele>
   </trkpt>
   <trkpt lat="50.874" lon="5.2191">
    <ele>64.78</ele>
   </trkpt>
   <trkpt lat="50.87319" lon="5.21888">
    <ele>65.52000000000001</ele>
   </trkpt>
   <trkpt lat="50.872490000000006" lon="5.21874">
    <ele>67.27000000000001</ele>
   </trkpt>
   <trkpt lat="50.871826667148504" lon="5.218986673701717">
    <ele>70.31000000000002</ele>
   </trkpt>
   <trkpt lat="50.87116333377714" lon="5.2192333403824005">
    <ele>72.83</ele>
   </trkpt>
   <trkpt lat="50.87050000000001" lon="5.219480000000001">
    <ele>74.44</ele>
   </trkpt>
   <trkpt lat="50.87023000000001" lon="5.219530000000001">
    <ele>74.74</ele>
   </trkpt>
   <trkpt lat="50.86981" lon="5.21973">
    <ele>75.13</ele>
   </trkpt>
   <trkpt lat="50.86968" lon="5.21985">
    <ele>75.18</ele>
   </trkpt>
   <trkpt lat="50.8695" lon="5.220160000000001">
    <ele>75.1</ele>
   </trkpt>
   <trkpt lat="50.86938000000001" lon="5.22029">
    <ele>75.03</ele>
   </trkpt>
   <trkpt lat="50.869240000000005" lon="5.2203100000000004">
    <ele>74.92</ele>
   </trkpt>
   <trkpt lat="50.86849" lon="5.21996">
    <ele>74.48</ele>
   </trkpt>
   <trkpt lat="50.86773" lon="5.219530000000001">
    <ele>75.01</ele>
   </trkpt>
   <trkpt lat="50.867270000359184" lon="5.21922999702322">
    <ele>75.71</ele>
   </trkpt>
   <trkpt lat="50.86681" lon="5.21893">
    <ele>76.24</ele>
   </trkpt>
   <trkpt lat="50.86666" lon="5.22003">
    <ele>77.43</ele>
   </trkpt>
   <trkpt lat="50.866565002096195" lon="5.220730001405641">
    <ele>78.86</ele>
   </trkpt>
   <trkpt lat="50.86647000000001" lon="5.221430000000001">
    <ele>79.89</ele>
   </trkpt>
   <trkpt lat="50.86636000000001" lon="5.2217400000000005">
    <ele>80.03</ele>
   </trkpt>
   <trkpt lat="50.86609000000001" lon="5.222270000000001">
    <ele>80.23</ele>
   </trkpt>
   <trkpt lat="50.866020000000006" lon="5.222180000000001">
    <ele>80.17</ele>
   </trkpt>
   <trkpt lat="50.865990000000004" lon="5.22231">
    <ele>79.85000000000001</ele>
   </trkpt>
   <trkpt lat="50.86558500192675" lon="5.2229650055382955">
    <ele>77.39</ele>
   </trkpt>
   <trkpt lat="50.86518" lon="5.22362">
    <ele>75.48</ele>
   </trkpt>
   <trkpt lat="50.86511" lon="5.22381">
    <ele>74.66</ele>
   </trkpt>
   <trkpt lat="50.8644750043401" lon="5.224815013648619">
    <ele>71.66</ele>
   </trkpt>
   <trkpt lat="50.86384" lon="5.225820000000001">
    <ele>69.22</ele>
   </trkpt>
   <trkpt lat="50.863520001213764" lon="5.2263550036871145">
    <ele>67.19</ele>
   </trkpt>
   <trkpt lat="50.863200000000006" lon="5.22689">
    <ele>65.05000000000001</ele>
   </trkpt>
   <trkpt lat="50.86309000000001" lon="5.227110000000001">
    <ele>64.12</ele>
   </trkpt>
   <trkpt lat="50.86296" lon="5.22728">
    <ele>63.53</ele>
   </trkpt>
   <trkpt lat="50.86247501213335" lon="5.228252530324571">
    <ele>61.980000000000004</ele>
   </trkpt>
   <trkpt lat="50.86199001618529" lon="5.2292250404170435">
    <ele>60.11</ele>
   </trkpt>
   <trkpt lat="50.86150501215612" lon="5.2301975302778505">
    <ele>58.980000000000004</ele>
   </trkpt>
   <trkpt lat="50.86102" lon="5.2311700000000005">
    <ele>57.75</ele>
   </trkpt>
   <trkpt lat="50.86095" lon="5.23162">
    <ele>57.550000000000004</ele>
   </trkpt>
   <trkpt lat="50.86089752250218" lon="5.232945004467583">
    <ele>56.650000000000006</ele>
   </trkpt>
   <trkpt lat="50.86084503000304" lon="5.234270005952288">
    <ele>56.81</ele>
   </trkpt>
   <trkpt lat="50.86079252250271" lon="5.235595004453275">
    <ele>57.20000000000001</ele>
   </trkpt>
   <trkpt lat="50.86074000000001" lon="5.2369200000000005">
    <ele>55.830000000000005</ele>
   </trkpt>
   <trkpt lat="50.860670000000006" lon="5.2369200000000005">
    <ele>55.650000000000006</ele>
   </trkpt>
   <trkpt lat="50.86063000000001" lon="5.23803">
    <ele>55.620000000000005</ele>
   </trkpt>
   <trkpt lat="50.85990000053567" lon="5.238276674384587">
    <ele>53.800000000000004</ele>
   </trkpt>
   <trkpt lat="50.85917000055141" lon="5.238523341045786">
    <ele>52.870000000000005</ele>
   </trkpt>
   <trkpt lat="50.85844" lon="5.238770000000001">
    <ele>52.78000000000001</ele>
   </trkpt>
   <trkpt lat="50.85786500001644" lon="5.238905001679015">
    <ele>52.53000000000001</ele>
   </trkpt>
   <trkpt lat="50.857290000000006" lon="5.23904">
    <ele>52.34</ele>
   </trkpt>
   <trkpt lat="50.85727000000001" lon="5.23969">
    <ele>52.120000000000005</ele>
   </trkpt>
   <trkpt lat="50.85728" lon="5.239850000000001">
    <ele>52.21000000000001</ele>
   </trkpt>
   <trkpt lat="50.85703" lon="5.24005">
    <ele>51.60000000000001</ele>
   </trkpt>
   <trkpt lat="50.85630250242432" lon="5.240485020358069">
    <ele>51.0</ele>
   </trkpt>
   <trkpt lat="50.855575003231635" lon="5.240920027144036">
    <ele>50.620000000000005</ele>
   </trkpt>
   <trkpt lat="50.854847502422004" lon="5.2413550203586485">
    <ele>51.06</ele>
   </trkpt>
   <trkpt lat="50.85412" lon="5.241790000000001">
    <ele>52.160000000000004</ele>
   </trkpt>
   <trkpt lat="50.854040000000005" lon="5.24185">
    <ele>52.160000000000004</ele>
   </trkpt>
   <trkpt lat="50.85398000000001" lon="5.241930000000001">
    <ele>52.25000000000001</ele>
   </trkpt>
   <trkpt lat="50.8539" lon="5.24214">
    <ele>52.25000000000001</ele>
   </trkpt>
   <trkpt lat="50.853840000000005" lon="5.2424100000000005">
    <ele>52.54</ele>
   </trkpt>
   <trkpt lat="50.85372" lon="5.24338">
    <ele>52.88</ele>
   </trkpt>
   <trkpt lat="50.853660000000005" lon="5.243860000000001">
    <ele>53.01</ele>
   </trkpt>
   <trkpt lat="50.85316" lon="5.243670000000001">
    <ele>53.08</ele>
   </trkpt>
   <trkpt lat="50.85276" lon="5.24347">
    <ele>53.86000000000001</ele>
   </trkpt>
   <trkpt lat="50.85271" lon="5.24342">
    <ele>53.86000000000001</ele>
   </trkpt>
   <trkpt lat="50.85248000000001" lon="5.243">
    <ele>53.89000000000001</ele>
   </trkpt>
   <trkpt lat="50.85185500356992" lon="5.242074987478317">
    <ele>53.77</ele>
   </trkpt>
   <trkpt lat="50.85123" lon="5.24115">
    <ele>53.370000000000005</ele>
   </trkpt>
   <trkpt lat="50.8511" lon="5.24098">
    <ele>53.27</ele>
   </trkpt>
   <trkpt lat="50.850930000000005" lon="5.240830000000001">
    <ele>53.21000000000001</ele>
   </trkpt>
   <trkpt lat="50.850570000000005" lon="5.24061">
    <ele>53.18000000000001</ele>
   </trkpt>
   <trkpt lat="50.850040000944" lon="5.240154994881241">
    <ele>53.410000000000004</ele>
   </trkpt>
   <trkpt lat="50.84951" lon="5.2397">
    <ele>53.370000000000005</ele>
   </trkpt>
   <trkpt lat="50.848800000000004" lon="5.23913">
    <ele>52.25000000000001</ele>
   </trkpt>
   <trkpt lat="50.84819" lon="5.23878">
    <ele>51.67000000000001</ele>
   </trkpt>
   <trkpt lat="50.84767" lon="5.238440000000001">
    <ele>51.510000000000005</ele>
   </trkpt>
   <trkpt lat="50.84701666982322" lon="5.237836649810086">
    <ele>51.17000000000001</ele>
   </trkpt>
   <trkpt lat="50.84636333653567" lon="5.237233316519352">
    <ele>50.78</ele>
   </trkpt>
   <trkpt lat="50.845710000000004" lon="5.236630000000001">
    <ele>50.29</ele>
   </trkpt>
   <trkpt lat="50.845160002922974" lon="5.235804990296334">
    <ele>49.25</ele>
   </trkpt>
   <trkpt lat="50.84461" lon="5.23498">
    <ele>48.53</ele>
   </trkpt>
   <trkpt lat="50.84434" lon="5.2345500000000005">
    <ele>47.64</ele>
   </trkpt>
   <trkpt lat="50.843770000000006" lon="5.23348">
    <ele>46.940000000000005</ele>
   </trkpt>
   <trkpt lat="50.843410000000006" lon="5.232570000000001">
    <ele>47.13</ele>
   </trkpt>
   <trkpt lat="50.84299000000001" lon="5.231330000000001">
    <ele>47.830000000000005</ele>
   </trkpt>
   <trkpt lat="50.842830000000006" lon="5.230930000000001">
    <ele>48.06</ele>
   </trkpt>
   <trkpt lat="50.842530000000004" lon="5.23">
    <ele>48.370000000000005</ele>
   </trkpt>
   <trkpt lat="50.8425" lon="5.22977">
    <ele>48.580000000000005</ele>
   </trkpt>
   <trkpt lat="50.84257" lon="5.229520000000001">
    <ele>48.730000000000004</ele>
   </trkpt>
   <trkpt lat="50.842850000000006" lon="5.2289200000000005">
    <ele>48.88</ele>
   </trkpt>
   <trkpt lat="50.84290000000001" lon="5.22871">
    <ele>49.07</ele>
   </trkpt>
   <trkpt lat="50.84291" lon="5.228560000000001">
    <ele>49.07</ele>
   </trkpt>
   <trkpt lat="50.84284" lon="5.227760000000001">
    <ele>49.68</ele>
   </trkpt>
   <trkpt lat="50.8427" lon="5.22637">
    <ele>50.92000000000001</ele>
   </trkpt>
   <trkpt lat="50.84217" lon="5.22637">
    <ele>49.96</ele>
   </trkpt>
   <trkpt lat="50.841950000000004" lon="5.2264100000000004">
    <ele>49.720000000000006</ele>
   </trkpt>
   <trkpt lat="50.8415" lon="5.226660000000001">
    <ele>48.93</ele>
   </trkpt>
   <trkpt lat="50.84107" lon="5.226850000000001">
    <ele>47.59</ele>
   </trkpt>
   <trkpt lat="50.84095000000001" lon="5.22686">
    <ele>46.230000000000004</ele>
   </trkpt>
   <trkpt lat="50.84073" lon="5.22684">
    <ele>45.550000000000004</ele>
   </trkpt>
   <trkpt lat="50.8406" lon="5.22679">
    <ele>45.1</ele>
   </trkpt>
   <trkpt lat="50.84048000000001" lon="5.226710000000001">
    <ele>44.83</ele>
   </trkpt>
   <trkpt lat="50.84024" lon="5.22649">
    <ele>44.22</ele>
   </trkpt>
   <trkpt lat="50.840030000000006" lon="5.22637">
    <ele>43.85000000000001</ele>
   </trkpt>
   <trkpt lat="50.83986" lon="5.226330000000001">
    <ele>43.480000000000004</ele>
   </trkpt>
   <trkpt lat="50.83921" lon="5.2262900000000005">
    <ele>41.75</ele>
   </trkpt>
   <trkpt lat="50.839215006360135" lon="5.227509999920188">
    <ele>39.81</ele>
   </trkpt>
   <trkpt lat="50.839220000000005" lon="5.2287300000000005">
    <ele>39.57</ele>
   </trkpt>
   <trkpt lat="50.839200000000005" lon="5.22886">
    <ele>39.57</ele>
   </trkpt>
   <trkpt lat="50.83914000000001" lon="5.229030000000001">
    <ele>39.56</ele>
   </trkpt>
   <trkpt lat="50.838860000000004" lon="5.229290000000001">
    <ele>39.5</ele>
   </trkpt>
   <trkpt lat="50.838820000000005" lon="5.22944">
    <ele>39.42</ele>
   </trkpt>
   <trkpt lat="50.83882500630761" lon="5.2306549997948">
    <ele>39.470000000000006</ele>
   </trkpt>
   <trkpt lat="50.83883" lon="5.231870000000001">
    <ele>39.41</ele>
   </trkpt>
   <trkpt lat="50.83883" lon="5.23188">
    <ele>39.41</ele>
   </trkpt>
   <trkpt lat="50.838840000000005" lon="5.2329300000000005">
    <ele>39.470000000000006</ele>
   </trkpt>
   <trkpt lat="50.838890000000006" lon="5.23346">
    <ele>39.49</ele>
   </trkpt>
   <trkpt lat="50.838950000000004" lon="5.23371">
    <ele>39.510000000000005</ele>
   </trkpt>
   <trkpt lat="50.83914000000001" lon="5.23414">
    <ele>39.63</ele>
   </trkpt>
   <trkpt lat="50.83926" lon="5.23432">
    <ele>40.03</ele>
   </trkpt>
   <trkpt lat="50.83972000000001" lon="5.23486">
    <ele>40.330000000000005</ele>
   </trkpt>
   <trkpt lat="50.839870000000005" lon="5.2351">
    <ele>40.78</ele>
   </trkpt>
   <trkpt lat="50.83997" lon="5.235410000000001">
    <ele>40.78</ele>
   </trkpt>
   <trkpt lat="50.84" lon="5.235600000000001">
    <ele>40.830000000000005</ele>
   </trkpt>
   <trkpt lat="50.84010000384827" lon="5.236549997887294">
    <ele>40.940000000000005</ele>
   </trkpt>
   <trkpt lat="50.8402" lon="5.237500000000001">
    <ele>41.0</ele>
   </trkpt>
   <trkpt lat="50.8402" lon="5.237710000000001">
    <ele>41.0</ele>
   </trkpt>
   <trkpt lat="50.840070000000004" lon="5.238670000000001">
    <ele>40.89</ele>
   </trkpt>
   <trkpt lat="50.840050000000005" lon="5.238930000000001">
    <ele>40.95</ele>
   </trkpt>
   <trkpt lat="50.84011" lon="5.239490000000001">
    <ele>41.260000000000005</ele>
   </trkpt>
   <trkpt lat="50.83955" lon="5.23951">
    <ele>40.75</ele>
   </trkpt>
   <trkpt lat="50.83903" lon="5.2396">
    <ele>40.540000000000006</ele>
   </trkpt>
   <trkpt lat="50.83856" lon="5.2397100000000005">
    <ele>40.52</ele>
   </trkpt>
   <trkpt lat="50.83854" lon="5.2397100000000005">
    <ele>40.52</ele>
   </trkpt>
   <trkpt lat="50.83795500020454" lon="5.239850001726119">
    <ele>40.690000000000005</ele>
   </trkpt>
   <trkpt lat="50.83737000000001" lon="5.239990000000001">
    <ele>41.38</ele>
   </trkpt>
   <trkpt lat="50.837180000000004" lon="5.239260000000001">
    <ele>40.870000000000005</ele>
   </trkpt>
   <trkpt lat="50.83710000000001" lon="5.239070000000001">
    <ele>40.85</ele>
   </trkpt>
   <trkpt lat="50.83691" lon="5.238720000000001">
    <ele>40.980000000000004</ele>
   </trkpt>
   <trkpt lat="50.83661000000001" lon="5.23826">
    <ele>41.2</ele>
   </trkpt>
   <trkpt lat="50.83641" lon="5.23803">
    <ele>41.5</ele>
   </trkpt>
   <trkpt lat="50.836310000000005" lon="5.23803">
    <ele>41.52</ele>
   </trkpt>
   <trkpt lat="50.836220000000004" lon="5.23808">
    <ele>41.52</ele>
   </trkpt>
   <trkpt lat="50.835470002502184" lon="5.238835012066152">
    <ele>41.74</ele>
   </trkpt>
   <trkpt lat="50.834720000000004" lon="5.239590000000001">
    <ele>42.11</ele>
   </trkpt>
   <trkpt lat="50.834500000000006" lon="5.23977">
    <ele>42.120000000000005</ele>
   </trkpt>
   <trkpt lat="50.83433" lon="5.23986">
    <ele>42.14</ele>
   </trkpt>
   <trkpt lat="50.834320000000005" lon="5.23986">
    <ele>42.14</ele>
   </trkpt>
   <trkpt lat="50.83426000000001" lon="5.23991">
    <ele>42.14</ele>
   </trkpt>
   <trkpt lat="50.834" lon="5.239990000000001">
    <ele>42.27</ele>
   </trkpt>
   <trkpt lat="50.83371" lon="5.240030000000001">
    <ele>42.39</ele>
   </trkpt>
   <trkpt lat="50.83307666670936" lon="5.239963331524603">
    <ele>43.02</ele>
   </trkpt>
   <trkpt lat="50.83244333338071" lon="5.23989666485846">
    <ele>43.61</ele>
   </trkpt>
   <trkpt lat="50.831810000000004" lon="5.23983">
    <ele>43.99</ele>
   </trkpt>
   <trkpt lat="50.83164000000001" lon="5.23984">
    <ele>44.24</ele>
   </trkpt>
   <trkpt lat="50.831430000000005" lon="5.239940000000001">
    <ele>44.28000000000001</ele>
   </trkpt>
   <trkpt lat="50.830940000000005" lon="5.24044">
    <ele>44.190000000000005</ele>
   </trkpt>
   <trkpt lat="50.83041000000001" lon="5.24106">
    <ele>44.14000000000001</ele>
   </trkpt>
   <trkpt lat="50.82978000000001" lon="5.24166">
    <ele>44.050000000000004</ele>
   </trkpt>
   <trkpt lat="50.82954" lon="5.241930000000001">
    <ele>44.300000000000004</ele>
   </trkpt>
   <trkpt lat="50.82941" lon="5.24213">
    <ele>44.29</ele>
   </trkpt>
   <trkpt lat="50.829130000000006" lon="5.24261">
    <ele>44.27</ele>
   </trkpt>
   <trkpt lat="50.82903" lon="5.242900000000001">
    <ele>44.27</ele>
   </trkpt>
   <trkpt lat="50.828790000000005" lon="5.24382">
    <ele>43.97</ele>
   </trkpt>
   <trkpt lat="50.82873000000001" lon="5.2442">
    <ele>43.97</ele>
   </trkpt>
   <trkpt lat="50.828610000000005" lon="5.24549">
    <ele>43.65</ele>
   </trkpt>
   <trkpt lat="50.828660000000006" lon="5.24572">
    <ele>43.68</ele>
   </trkpt>
   <trkpt lat="50.828880000000005" lon="5.246090000000001">
    <ele>43.940000000000005</ele>
   </trkpt>
   <trkpt lat="50.828680000000006" lon="5.24636">
    <ele>43.42</ele>
   </trkpt>
   <trkpt lat="50.82820000060392" lon="5.246685003238451">
    <ele>42.95</ele>
   </trkpt>
   <trkpt lat="50.82772000000001" lon="5.24701">
    <ele>43.0</ele>
   </trkpt>
   <trkpt lat="50.82757" lon="5.247140000000001">
    <ele>43.370000000000005</ele>
   </trkpt>
   <trkpt lat="50.827270000000006" lon="5.24748">
    <ele>43.5</ele>
   </trkpt>
   <trkpt lat="50.82665" lon="5.248410000000001">
    <ele>44.29</ele>
   </trkpt>
   <trkpt lat="50.82629000000001" lon="5.24892">
    <ele>44.65</ele>
   </trkpt>
   <trkpt lat="50.826150000000005" lon="5.24905">
    <ele>44.65</ele>
   </trkpt>
   <trkpt lat="50.82598" lon="5.24917">
    <ele>44.65</ele>
   </trkpt>
   <trkpt lat="50.82547000040211" lon="5.249465003205057">
    <ele>44.95</ele>
   </trkpt>
   <trkpt lat="50.824960000000004" lon="5.24976">
    <ele>45.50000000000001</ele>
   </trkpt>
   <trkpt lat="50.82455" lon="5.2500800000000005">
    <ele>45.67</ele>
   </trkpt>
   <trkpt lat="50.823985001652815" lon="5.250710007672098">
    <ele>46.080000000000005</ele>
   </trkpt>
   <trkpt lat="50.823420000000006" lon="5.251340000000001">
    <ele>47.220000000000006</ele>
   </trkpt>
   <trkpt lat="50.823280000000004" lon="5.251410000000001">
    <ele>47.220000000000006</ele>
   </trkpt>
   <trkpt lat="50.82321" lon="5.251390000000001">
    <ele>47.220000000000006</ele>
   </trkpt>
   <trkpt lat="50.823130000000006" lon="5.25133">
    <ele>47.17</ele>
   </trkpt>
   <trkpt lat="50.82278" lon="5.250940000000001">
    <ele>47.290000000000006</ele>
   </trkpt>
   <trkpt lat="50.822720000000004" lon="5.250900000000001">
    <ele>47.540000000000006</ele>
   </trkpt>
   <trkpt lat="50.822590000000005" lon="5.25093">
    <ele>47.620000000000005</ele>
   </trkpt>
   <trkpt lat="50.822660000000006" lon="5.25135">
    <ele>47.77</ele>
   </trkpt>
   <trkpt lat="50.822570000000006" lon="5.251460000000001">
    <ele>47.67</ele>
   </trkpt>
   <trkpt lat="50.822230000000005" lon="5.25232">
    <ele>48.18</ele>
   </trkpt>
   <trkpt lat="50.82209" lon="5.2525900000000005">
    <ele>48.18</ele>
   </trkpt>
   <trkpt lat="50.8218" lon="5.253010000000001">
    <ele>48.550000000000004</ele>
   </trkpt>
   <trkpt lat="50.821400000000004" lon="5.25372">
    <ele>48.82</ele>
   </trkpt>
   <trkpt lat="50.821010005688485" lon="5.254533346847723">
    <ele>49.59</ele>
   </trkpt>
   <trkpt lat="50.820620005722844" lon="5.255346680109199">
    <ele>50.010000000000005</ele>
   </trkpt>
   <trkpt lat="50.82023" lon="5.25616">
    <ele>50.52</ele>
   </trkpt>
   <trkpt lat="50.81986500208533" lon="5.25685500539231">
    <ele>50.52</ele>
   </trkpt>
   <trkpt lat="50.819500000000005" lon="5.25755">
    <ele>50.79</ele>
   </trkpt>
   <trkpt lat="50.81935000000001" lon="5.257770000000001">
    <ele>51.09</ele>
   </trkpt>
   <trkpt lat="50.81927" lon="5.25785">
    <ele>51.09</ele>
   </trkpt>
   <trkpt lat="50.8187050007571" lon="5.2582450047159695">
    <ele>51.550000000000004</ele>
   </trkpt>
   <trkpt lat="50.81814000000001" lon="5.258640000000001">
    <ele>52.660000000000004</ele>
   </trkpt>
   <trkpt lat="50.81742500224083" lon="5.25936001099796">
    <ele>55.63</ele>
   </trkpt>
   <trkpt lat="50.81671000000001" lon="5.26008">
    <ele>60.14000000000001</ele>
   </trkpt>
   <trkpt lat="50.81624000000001" lon="5.26057">
    <ele>63.94000000000001</ele>
   </trkpt>
   <trkpt lat="50.816430000000004" lon="5.26132">
    <ele>64.87</ele>
   </trkpt>
   <trkpt lat="50.816210000000005" lon="5.26156">
    <ele>64.36</ele>
   </trkpt>
   <trkpt lat="50.81584" lon="5.261880000000001">
    <ele>64.78</ele>
   </trkpt>
   <trkpt lat="50.815360000000005" lon="5.2622">
    <ele>65.27000000000001</ele>
   </trkpt>
   <trkpt lat="50.81465500060099" lon="5.2626000060849">
    <ele>66.11</ele>
   </trkpt>
   <trkpt lat="50.813950000000006" lon="5.263000000000001">
    <ele>67.05000000000001</ele>
   </trkpt>
   <trkpt lat="50.81389" lon="5.26301">
    <ele>67.10000000000001</ele>
   </trkpt>
   <trkpt lat="50.813790000000004" lon="5.26297">
    <ele>67.10000000000001</ele>
   </trkpt>
   <trkpt lat="50.81333500054219" lon="5.262594996298434">
    <ele>66.46000000000001</ele>
   </trkpt>
   <trkpt lat="50.81288000000001" lon="5.26222">
    <ele>65.31</ele>
   </trkpt>
   <trkpt lat="50.81266" lon="5.262090000000001">
    <ele>65.25</ele>
   </trkpt>
   <trkpt lat="50.81236751718265" lon="5.263247521728615">
    <ele>65.31</ele>
   </trkpt>
   <trkpt lat="50.81207502291282" lon="5.264405028960585">
    <ele>65.97</ele>
   </trkpt>
   <trkpt lat="50.811782517190764" lon="5.26556252169568">
    <ele>66.9</ele>
   </trkpt>
   <trkpt lat="50.811490000000006" lon="5.26672">
    <ele>67.49000000000001</ele>
   </trkpt>
   <trkpt lat="50.811215016014984" lon="5.267837519724087">
    <ele>67.32000000000001</ele>
   </trkpt>
   <trkpt lat="50.81094002135526" lon="5.2689550262903895">
    <ele>67.05000000000001</ele>
   </trkpt>
   <trkpt lat="50.81066501602106" lon="5.27007251969868">
    <ele>66.94</ele>
   </trkpt>
   <trkpt lat="50.810390000000005" lon="5.271190000000001">
    <ele>67.71000000000001</ele>
   </trkpt>
   <trkpt lat="50.81067" lon="5.27137">
    <ele>67.26</ele>
   </trkpt>
   <trkpt lat="50.81127000000001" lon="5.271680000000001">
    <ele>68.09</ele>
   </trkpt>
   <trkpt lat="50.81132" lon="5.271780000000001">
    <ele>68.12</ele>
   </trkpt>
   <trkpt lat="50.811350000000004" lon="5.27203">
    <ele>68.14</ele>
   </trkpt>
   <trkpt lat="50.81143" lon="5.27233">
    <ele>68.42</ele>
   </trkpt>
   <trkpt lat="50.811580003981405" lon="5.2732999966272835">
    <ele>69.13000000000001</ele>
   </trkpt>
   <trkpt lat="50.811730000000004" lon="5.2742700000000005">
    <ele>70.02</ele>
   </trkpt>
   <trkpt lat="50.811890000000005" lon="5.274970000000001">
    <ele>68.3</ele>
   </trkpt>
   <trkpt lat="50.812160000000006" lon="5.275810000000001">
    <ele>67.15</ele>
   </trkpt>
   <trkpt lat="50.812295002849616" lon="5.276634997253383">
    <ele>66.13000000000001</ele>
   </trkpt>
   <trkpt lat="50.812430000000006" lon="5.2774600000000005">
    <ele>65.28</ele>
   </trkpt>
   <trkpt lat="50.812670000000004" lon="5.27822">
    <ele>65.0</ele>
   </trkpt>
   <trkpt lat="50.812920000000005" lon="5.2789">
    <ele>64.60000000000001</ele>
   </trkpt>
   <trkpt lat="50.81291" lon="5.2788900000000005">
    <ele>64.61</ele>
   </trkpt>
   <trkpt lat="50.81336" lon="5.28012">
    <ele>63.94000000000001</ele>
   </trkpt>
   <trkpt lat="50.81359500412" lon="5.281099995133673">
    <ele>62.31</ele>
   </trkpt>
   <trkpt lat="50.81383" lon="5.2820800000000006">
    <ele>61.78000000000001</ele>
   </trkpt>
   <trkpt lat="50.814060000000005" lon="5.282640000000001">
    <ele>61.63</ele>
   </trkpt>
   <trkpt lat="50.814280000000004" lon="5.283880000000001">
    <ele>60.97</ele>
   </trkpt>
   <trkpt lat="50.81425" lon="5.28436">
    <ele>60.72</ele>
   </trkpt>
   <trkpt lat="50.814150000000005" lon="5.28514">
    <ele>60.04</ele>
   </trkpt>
   <trkpt lat="50.81414" lon="5.28535">
    <ele>60.04</ele>
   </trkpt>
   <trkpt lat="50.81416" lon="5.2858">
    <ele>60.120000000000005</ele>
   </trkpt>
   <trkpt lat="50.81412" lon="5.286490000000001">
    <ele>59.29</ele>
   </trkpt>
   <trkpt lat="50.81409000000001" lon="5.28676">
    <ele>59.22</ele>
   </trkpt>
   <trkpt lat="50.81403" lon="5.28702">
    <ele>59.17000000000001</ele>
   </trkpt>
   <trkpt lat="50.813930000000006" lon="5.28735">
    <ele>59.190000000000005</ele>
   </trkpt>
   <trkpt lat="50.813700000000004" lon="5.2879700000000005">
    <ele>59.42000000000001</ele>
   </trkpt>
   <trkpt lat="50.813610000000004" lon="5.28826">
    <ele>59.84</ele>
   </trkpt>
   <trkpt lat="50.81345500196668" lon="5.288940002298422">
    <ele>60.230000000000004</ele>
   </trkpt>
   <trkpt lat="50.813300000000005" lon="5.28962">
    <ele>61.17</ele>
   </trkpt>
   <trkpt lat="50.81317000000001" lon="5.28988">
    <ele>61.52</ele>
   </trkpt>
   <trkpt lat="50.81291" lon="5.29011">
    <ele>61.99</ele>
   </trkpt>
   <trkpt lat="50.81239" lon="5.290570000000001">
    <ele>62.28</ele>
   </trkpt>
   <trkpt lat="50.812270000000005" lon="5.29063">
    <ele>62.2</ele>
   </trkpt>
   <trkpt lat="50.81222" lon="5.291320000000001">
    <ele>62.35</ele>
   </trkpt>
   <trkpt lat="50.81217" lon="5.29128">
    <ele>62.38</ele>
   </trkpt>
   <trkpt lat="50.812110000000004" lon="5.29131">
    <ele>62.38</ele>
   </trkpt>
   <trkpt lat="50.812090000000005" lon="5.291390000000001">
    <ele>61.980000000000004</ele>
   </trkpt>
   <trkpt lat="50.81204" lon="5.29138">
    <ele>61.980000000000004</ele>
   </trkpt>
   <trkpt lat="50.811910000000005" lon="5.291440000000001">
    <ele>60.67</ele>
   </trkpt>
   <trkpt lat="50.811449999879414" lon="5.291389999493335">
    <ele>58.5</ele>
   </trkpt>
   <trkpt lat="50.810990000000004" lon="5.291340000000001">
    <ele>56.63</ele>
   </trkpt>
   <trkpt lat="50.81078" lon="5.29126">
    <ele>55.99</ele>
   </trkpt>
   <trkpt lat="50.81042000000001" lon="5.2910200000000005">
    <ele>55.400000000000006</ele>
   </trkpt>
   <trkpt lat="50.80973" lon="5.29053">
    <ele>55.78</ele>
   </trkpt>
   <trkpt lat="50.809490000000004" lon="5.29032">
    <ele>56.220000000000006</ele>
   </trkpt>
   <trkpt lat="50.80933" lon="5.29013">
    <ele>56.31</ele>
   </trkpt>
   <trkpt lat="50.809160000000006" lon="5.2898700000000005">
    <ele>56.95</ele>
   </trkpt>
   <trkpt lat="50.80861" lon="5.288830000000001">
    <ele>58.11</ele>
   </trkpt>
   <trkpt lat="50.80839" lon="5.28852">
    <ele>58.910000000000004</ele>
   </trkpt>
   <trkpt lat="50.807760002111976" lon="5.287799990171898">
    <ele>60.75000000000001</ele>
   </trkpt>
   <trkpt lat="50.80713" lon="5.2870800000000004">
    <ele>63.38</ele>
   </trkpt>
   <trkpt lat="50.80711" lon="5.28706">
    <ele>63.45</ele>
   </trkpt>
   <trkpt lat="50.80662" lon="5.286510000000001">
    <ele>66.38000000000001</ele>
   </trkpt>
   <trkpt lat="50.805870000000006" lon="5.285830000000001">
    <ele>65.14</ele>
   </trkpt>
   <trkpt lat="50.805460000000004" lon="5.2855300000000005">
    <ele>64.03</ele>
   </trkpt>
   <trkpt lat="50.80505" lon="5.285270000000001">
    <ele>62.49</ele>
   </trkpt>
   <trkpt lat="50.804460000000006" lon="5.28497">
    <ele>61.25000000000001</ele>
   </trkpt>
   <trkpt lat="50.804280000000006" lon="5.284890000000001">
    <ele>61.25000000000001</ele>
   </trkpt>
   <trkpt lat="50.80395000000001" lon="5.28479">
    <ele>61.22</ele>
   </trkpt>
   <trkpt lat="50.803630000000005" lon="5.2846400000000004">
    <ele>61.64000000000001</ele>
   </trkpt>
   <trkpt lat="50.80307000072237" lon="5.284254995446758">
    <ele>61.970000000000006</ele>
   </trkpt>
   <trkpt lat="50.802510000000005" lon="5.28387">
    <ele>62.61</ele>
   </trkpt>
   <trkpt lat="50.802110000000006" lon="5.28354">
    <ele>63.59</ele>
   </trkpt>
   <trkpt lat="50.80189000000001" lon="5.283320000000001">
    <ele>63.59</ele>
   </trkpt>
   <trkpt lat="50.80145" lon="5.282800000000001">
    <ele>64.43</ele>
   </trkpt>
   <trkpt lat="50.80082500413942" lon="5.281809986679707">
    <ele>66.48</ele>
   </trkpt>
   <trkpt lat="50.800200000000004" lon="5.28082">
    <ele>67.24000000000001</ele>
   </trkpt>
   <trkpt lat="50.800090000000004" lon="5.280670000000001">
    <ele>67.35000000000001</ele>
   </trkpt>
   <trkpt lat="50.79968" lon="5.2801800000000005">
    <ele>67.84</ele>
   </trkpt>
   <trkpt lat="50.799170000000004" lon="5.2796400000000006">
    <ele>68.10000000000001</ele>
   </trkpt>
   <trkpt lat="50.79858" lon="5.27911">
    <ele>67.93</ele>
   </trkpt>
   <trkpt lat="50.798570000000005" lon="5.27911">
    <ele>67.93</ele>
   </trkpt>
   <trkpt lat="50.798320000000004" lon="5.2789">
    <ele>67.75</ele>
   </trkpt>
   <trkpt lat="50.79766500097189" lon="5.278454993848249">
    <ele>67.15</ele>
   </trkpt>
   <trkpt lat="50.79701000000001" lon="5.27801">
    <ele>66.59</ele>
   </trkpt>
   <trkpt lat="50.79663000000001" lon="5.27782">
    <ele>66.05000000000001</ele>
   </trkpt>
   <trkpt lat="50.795820000000006" lon="5.27754">
    <ele>65.50999999999999</ele>
   </trkpt>
   <trkpt lat="50.79517500001005" lon="5.277339997189993">
    <ele>65.02000000000001</ele>
   </trkpt>
   <trkpt lat="50.79453" lon="5.27714">
    <ele>64.39</ele>
   </trkpt>
   <trkpt lat="50.79422" lon="5.27702">
    <ele>64.17</ele>
   </trkpt>
   <trkpt lat="50.794090000000004" lon="5.276940000000001">
    <ele>64.03</ele>
   </trkpt>
   <trkpt lat="50.793605000736505" lon="5.276534995827057">
    <ele>63.77</ele>
   </trkpt>
   <trkpt lat="50.79312" lon="5.27613">
    <ele>63.44000000000001</ele>
   </trkpt>
   <trkpt lat="50.79272" lon="5.27583">
    <ele>63.2</ele>
   </trkpt>
   <trkpt lat="50.79222000033836" lon="5.275569997244476">
    <ele>63.15000000000001</ele>
   </trkpt>
   <trkpt lat="50.791720000000005" lon="5.27531">
    <ele>63.64</ele>
   </trkpt>
   <trkpt lat="50.791630000000005" lon="5.27529">
    <ele>63.76000000000001</ele>
   </trkpt>
   <trkpt lat="50.79137000000001" lon="5.275270000000001">
    <ele>64.27000000000001</ele>
   </trkpt>
   <trkpt lat="50.79074000000001" lon="5.2753000000000005">
    <ele>65.42</ele>
   </trkpt>
   <trkpt lat="50.790470000000006" lon="5.27528">
    <ele>65.54</ele>
   </trkpt>
   <trkpt lat="50.790110000000006" lon="5.27521">
    <ele>65.48</ele>
   </trkpt>
   <trkpt lat="50.78954500017999" lon="5.275049998086155">
    <ele>64.94000000000001</ele>
   </trkpt>
   <trkpt lat="50.78898" lon="5.27489">
    <ele>64.67</ele>
   </trkpt>
   <trkpt lat="50.78853" lon="5.274730000000001">
    <ele>65.03</ele>
   </trkpt>
   <trkpt lat="50.788500000000006" lon="5.27472">
    <ele>65.05000000000001</ele>
   </trkpt>
   <trkpt lat="50.78782333388271" lon="5.274459992462426">
    <ele>65.87</ele>
   </trkpt>
   <trkpt lat="50.78714666718748" lon="5.274199992451585">
    <ele>67.33</ele>
   </trkpt>
   <trkpt lat="50.78647" lon="5.2739400000000005">
    <ele>69.84</ele>
   </trkpt>
   <trkpt lat="50.78629" lon="5.27385">
    <ele>69.94</ele>
   </trkpt>
   <trkpt lat="50.786100000000005" lon="5.27369">
    <ele>69.23</ele>
   </trkpt>
   <trkpt lat="50.78591" lon="5.273490000000001">
    <ele>68.51</ele>
   </trkpt>
   <trkpt lat="50.78576" lon="5.2732600000000005">
    <ele>67.75</ele>
   </trkpt>
   <trkpt lat="50.785180000000004" lon="5.27385">
    <ele>65.42</ele>
   </trkpt>
   <trkpt lat="50.78497" lon="5.274">
    <ele>65.65</ele>
   </trkpt>
   <trkpt lat="50.78416500263535" lon="5.2743500301221795">
    <ele>68.35000000000001</ele>
   </trkpt>
   <trkpt lat="50.783360004223226" lon="5.274700048191548">
    <ele>73.32000000000001</ele>
   </trkpt>
   <trkpt lat="50.78255500476374" lon="5.275050054208849">
    <ele>77.17</ele>
   </trkpt>
   <trkpt lat="50.78175000425694" lon="5.27540004817483">
    <ele>79.26</ele>
   </trkpt>
   <trkpt lat="50.78094500270289" lon="5.275750030090232">
    <ele>80.63000000000001</ele>
   </trkpt>
   <trkpt lat="50.78014" lon="5.2761000000000005">
    <ele>80.28999999999999</ele>
   </trkpt>
   <trkpt lat="50.78007" lon="5.276160000000001">
    <ele>79.97000000000001</ele>
   </trkpt>
   <trkpt lat="50.78002000000001" lon="5.276400000000001">
    <ele>78.04</ele>
   </trkpt>
   <trkpt lat="50.77998" lon="5.2773">
    <ele>75.43</ele>
   </trkpt>
   <trkpt lat="50.78002000000001" lon="5.277920000000001">
    <ele>73.32000000000001</ele>
   </trkpt>
   <trkpt lat="50.780120000000004" lon="5.27874">
    <ele>72.24000000000001</ele>
   </trkpt>
   <trkpt lat="50.780120000000004" lon="5.27904">
    <ele>71.67000000000002</ele>
   </trkpt>
   <trkpt lat="50.78" lon="5.279730000000001">
    <ele>70.84</ele>
   </trkpt>
   <trkpt lat="50.779700000000005" lon="5.2809800000000005">
    <ele>68.56</ele>
   </trkpt>
   <trkpt lat="50.779560000000004" lon="5.28138">
    <ele>67.42</ele>
   </trkpt>
   <trkpt lat="50.779250000000005" lon="5.28228">
    <ele>64.59</ele>
   </trkpt>
   <trkpt lat="50.778980000000004" lon="5.28354">
    <ele>63.24</ele>
   </trkpt>
   <trkpt lat="50.77888" lon="5.284140000000001">
    <ele>62.470000000000006</ele>
   </trkpt>
   <trkpt lat="50.778740000000006" lon="5.284750000000001">
    <ele>61.85</ele>
   </trkpt>
   <trkpt lat="50.7787" lon="5.28518">
    <ele>60.75000000000001</ele>
   </trkpt>
   <trkpt lat="50.778710000000004" lon="5.285410000000001">
    <ele>60.53000000000001</ele>
   </trkpt>
   <trkpt lat="50.778740000000006" lon="5.285620000000001">
    <ele>60.27</ele>
   </trkpt>
   <trkpt lat="50.77882" lon="5.28584">
    <ele>60.15</ele>
   </trkpt>
   <trkpt lat="50.778940000000006" lon="5.286060000000001">
    <ele>60.15</ele>
   </trkpt>
   <trkpt lat="50.77938000176688" lon="5.28668999417284">
    <ele>60.050000000000004</ele>
   </trkpt>
   <trkpt lat="50.77982" lon="5.28732">
    <ele>60.42</ele>
   </trkpt>
   <trkpt lat="50.77994" lon="5.28758">
    <ele>60.42</ele>
   </trkpt>
   <trkpt lat="50.780210000000004" lon="5.288860000000001">
    <ele>60.89000000000001</ele>
   </trkpt>
   <trkpt lat="50.78029" lon="5.289000000000001">
    <ele>60.89000000000001</ele>
   </trkpt>
   <trkpt lat="50.78072" lon="5.2893300000000005">
    <ele>61.06</ele>
   </trkpt>
   <trkpt lat="50.780910000000006" lon="5.28952">
    <ele>61.32000000000001</ele>
   </trkpt>
   <trkpt lat="50.781150000000004" lon="5.28983">
    <ele>61.7</ele>
   </trkpt>
   <trkpt lat="50.78119" lon="5.28995">
    <ele>61.88</ele>
   </trkpt>
   <trkpt lat="50.78117" lon="5.290220000000001">
    <ele>62.040000000000006</ele>
   </trkpt>
   <trkpt lat="50.781110000000005" lon="5.290450000000001">
    <ele>62.17</ele>
   </trkpt>
   <trkpt lat="50.781040000000004" lon="5.290590000000001">
    <ele>62.480000000000004</ele>
   </trkpt>
   <trkpt lat="50.780950000000004" lon="5.29072">
    <ele>62.61</ele>
   </trkpt>
   <trkpt lat="50.78083" lon="5.29084">
    <ele>62.65000000000001</ele>
   </trkpt>
   <trkpt lat="50.78076" lon="5.29098">
    <ele>62.800000000000004</ele>
   </trkpt>
   <trkpt lat="50.78076" lon="5.29105">
    <ele>62.800000000000004</ele>
   </trkpt>
   <trkpt lat="50.78079" lon="5.291130000000001">
    <ele>62.800000000000004</ele>
   </trkpt>
   <trkpt lat="50.781090000000006" lon="5.291550000000001">
    <ele>63.1</ele>
   </trkpt>
   <trkpt lat="50.781470000000006" lon="5.29218">
    <ele>64.2</ele>
   </trkpt>
   <trkpt lat="50.78164" lon="5.29253">
    <ele>65.58</ele>
   </trkpt>
   <trkpt lat="50.78188" lon="5.29309">
    <ele>66.92</ele>
   </trkpt>
   <trkpt lat="50.782070000000004" lon="5.29361">
    <ele>69.66</ele>
   </trkpt>
   <trkpt lat="50.782250000000005" lon="5.294320000000001">
    <ele>72.42000000000002</ele>
   </trkpt>
   <trkpt lat="50.78237000000001" lon="5.2949600000000006">
    <ele>74.68</ele>
   </trkpt>
   <trkpt lat="50.78244" lon="5.2955700000000006">
    <ele>77.05000000000001</ele>
   </trkpt>
   <trkpt lat="50.78248000000001" lon="5.29617">
    <ele>78.87</ele>
   </trkpt>
   <trkpt lat="50.78249" lon="5.296810000000001">
    <ele>82.44000000000001</ele>
   </trkpt>
   <trkpt lat="50.78242751846754" lon="5.29801000479952">
    <ele>86.26</ele>
   </trkpt>
   <trkpt lat="50.782365024623786" lon="5.299210006391692">
    <ele>86.9</ele>
   </trkpt>
   <trkpt lat="50.782302518468754" lon="5.300410004775904">
    <ele>85.37</ele>
   </trkpt>
   <trkpt lat="50.78224" lon="5.30161">
    <ele>83.49000000000001</ele>
   </trkpt>
   <trkpt lat="50.782171172619826" lon="5.302951126905361">
    <ele>81.01</ele>
   </trkpt>
   <trkpt lat="50.78210232986236" lon="5.304292249862117">
    <ele>79.48</ele>
   </trkpt>
   <trkpt lat="50.782033471727736" lon="5.305633368869404">
    <ele>77.36000000000001</ele>
   </trkpt>
   <trkpt lat="50.78196459821601" lon="5.306974483926363">
    <ele>75.11000000000001</ele>
   </trkpt>
   <trkpt lat="50.78189570932726" lon="5.308315595032135">
    <ele>73.08</ele>
   </trkpt>
   <trkpt lat="50.78182680506159" lon="5.3096567021858565">
    <ele>69.81000000000002</ele>
   </trkpt>
   <trkpt lat="50.78175788541906" lon="5.310997805386668">
    <ele>68.14</ele>
   </trkpt>
   <trkpt lat="50.78168895039977" lon="5.31233890463371">
    <ele>65.2</ele>
   </trkpt>
   <trkpt lat="50.781620000000004" lon="5.313680000000001">
    <ele>63.57</ele>
   </trkpt>
   <trkpt lat="50.781620000000004" lon="5.3136600000000005">
    <ele>63.59</ele>
   </trkpt>
   <trkpt lat="50.78159" lon="5.314430000000001">
    <ele>62.84</ele>
   </trkpt>
   <trkpt lat="50.78161000000001" lon="5.31458">
    <ele>62.800000000000004</ele>
   </trkpt>
   <trkpt lat="50.781650000000006" lon="5.31463">
    <ele>62.800000000000004</ele>
   </trkpt>
   <trkpt lat="50.781580000000005" lon="5.314730000000001">
    <ele>62.800000000000004</ele>
   </trkpt>
   <trkpt lat="50.78155" lon="5.31493">
    <ele>62.230000000000004</ele>
   </trkpt>
   <trkpt lat="50.78128" lon="5.315670000000001">
    <ele>61.63</ele>
   </trkpt>
   <trkpt lat="50.7809" lon="5.316190000000001">
    <ele>60.870000000000005</ele>
   </trkpt>
   <trkpt lat="50.78067" lon="5.31644">
    <ele>60.89000000000001</ele>
   </trkpt>
   <trkpt lat="50.78038" lon="5.31665">
    <ele>60.99</ele>
   </trkpt>
   <trkpt lat="50.779720000000005" lon="5.31721">
    <ele>61.95</ele>
   </trkpt>
   <trkpt lat="50.77948000000001" lon="5.31733">
    <ele>61.95</ele>
   </trkpt>
   <trkpt lat="50.77933" lon="5.3173900000000005">
    <ele>63.37000000000001</ele>
   </trkpt>
   <trkpt lat="50.778510000000004" lon="5.31754">
    <ele>64.05000000000001</ele>
   </trkpt>
   <trkpt lat="50.7777" lon="5.317620000000001">
    <ele>66.32000000000001</ele>
   </trkpt>
   <trkpt lat="50.777620000000006" lon="5.317830000000001">
    <ele>66.43</ele>
   </trkpt>
   <trkpt lat="50.77720500195919" lon="5.318490005702364">
    <ele>66.88000000000001</ele>
   </trkpt>
   <trkpt lat="50.776790000000005" lon="5.3191500000000005">
    <ele>67.89</ele>
   </trkpt>
   <trkpt lat="50.776160000000004" lon="5.319940000000001">
    <ele>69.77000000000001</ele>
   </trkpt>
   <trkpt lat="50.77590000000001" lon="5.320250000000001">
    <ele>71.21000000000001</ele>
   </trkpt>
   <trkpt lat="50.77528" lon="5.32085">
    <ele>71.68</ele>
   </trkpt>
   <trkpt lat="50.7751" lon="5.32104">
    <ele>72.27</ele>
   </trkpt>
   <trkpt lat="50.77467000000001" lon="5.321560000000001">
    <ele>73.45</ele>
   </trkpt>
   <trkpt lat="50.774085003176125" lon="5.322425010852181">
    <ele>75.22000000000001</ele>
   </trkpt>
   <trkpt lat="50.773500000000006" lon="5.32329">
    <ele>76.04</ele>
   </trkpt>
   <trkpt lat="50.7731350009027" lon="5.323770003853858">
    <ele>76.31</ele>
   </trkpt>
   <trkpt lat="50.77277" lon="5.32425">
    <ele>76.4</ele>
   </trkpt>
   <trkpt lat="50.772540000000006" lon="5.3246">
    <ele>76.51</ele>
   </trkpt>
   <trkpt lat="50.772155002225496" lon="5.325305005618333">
    <ele>76.63</ele>
   </trkpt>
   <trkpt lat="50.771770000000004" lon="5.32601">
    <ele>76.63</ele>
   </trkpt>
   <trkpt lat="50.77156" lon="5.326370000000001">
    <ele>76.71</ele>
   </trkpt>
   <trkpt lat="50.77134" lon="5.32669">
    <ele>76.79</ele>
   </trkpt>
   <trkpt lat="50.77127" lon="5.3267500000000005">
    <ele>76.91000000000001</ele>
   </trkpt>
   <trkpt lat="50.770790000000005" lon="5.32786">
    <ele>76.65</ele>
   </trkpt>
   <trkpt lat="50.770280016074985" lon="5.328980036660944">
    <ele>76.75000000000001</ele>
   </trkpt>
   <trkpt lat="50.769770021424094" lon="5.330100048900552">
    <ele>76.17</ele>
   </trkpt>
   <trkpt lat="50.76926001604778" lon="5.331220036719288">
    <ele>75.55000000000001</ele>
   </trkpt>
   <trkpt lat="50.768750000000004" lon="5.33234">
    <ele>74.2</ele>
   </trkpt>
   <trkpt lat="50.768930000000005" lon="5.332610000000001">
    <ele>73.4</ele>
   </trkpt>
   <trkpt lat="50.76950501300736" lon="5.333617462829283">
    <ele>71.77</ele>
   </trkpt>
   <trkpt lat="50.770080017336134" lon="5.334624950425805">
    <ele>68.96000000000001</ele>
   </trkpt>
   <trkpt lat="50.770655012985934" lon="5.335632462790311">
    <ele>67.28</ele>
   </trkpt>
   <trkpt lat="50.77123" lon="5.33664">
    <ele>66.38000000000001</ele>
   </trkpt>
   <trkpt lat="50.77125" lon="5.336670000000001">
    <ele>66.38000000000001</ele>
   </trkpt>
   <trkpt lat="50.771530000000006" lon="5.337160000000001">
    <ele>66.64</ele>
   </trkpt>
   <trkpt lat="50.77158000000001" lon="5.33729">
    <ele>66.64</ele>
   </trkpt>
   <trkpt lat="50.77159" lon="5.33739">
    <ele>66.67</ele>
   </trkpt>
   <trkpt lat="50.77156" lon="5.33757">
    <ele>66.65</ele>
   </trkpt>
   <trkpt lat="50.77115500315284" lon="5.338425007344275">
    <ele>66.80000000000001</ele>
   </trkpt>
   <trkpt lat="50.77075000000001" lon="5.3392800000000005">
    <ele>68.61</ele>
   </trkpt>
   <trkpt lat="50.77018000625425" lon="5.339977525479061">
    <ele>71.16</ele>
   </trkpt>
   <trkpt lat="50.769610008348565" lon="5.340675033959812">
    <ele>73.2</ele>
   </trkpt>
   <trkpt lat="50.769040006283106" lon="5.341372525442887">
    <ele>72.28000000000002</ele>
   </trkpt>
   <trkpt lat="50.76847" lon="5.3420700000000005">
    <ele>71.87</ele>
   </trkpt>
   <trkpt lat="50.76809500172651" lon="5.342670004509591">
    <ele>70.60000000000001</ele>
   </trkpt>
   <trkpt lat="50.767720000000004" lon="5.34327">
    <ele>69.98</ele>
   </trkpt>
   <trkpt lat="50.7673366726677" lon="5.344110013835918">
    <ele>70.18</ele>
   </trkpt>
   <trkpt lat="50.76695333930213" lon="5.344950013906355">
    <ele>70.55</ele>
   </trkpt>
   <trkpt lat="50.76657" lon="5.34579">
    <ele>70.96000000000001</ele>
   </trkpt>
   <trkpt lat="50.766130003907605" lon="5.346755009236826">
    <ele>72.36</ele>
   </trkpt>
   <trkpt lat="50.765690000000006" lon="5.347720000000001">
    <ele>74.00000000000001</ele>
   </trkpt>
   <trkpt lat="50.765930000000004" lon="5.34815">
    <ele>73.45</ele>
   </trkpt>
   <trkpt lat="50.76612" lon="5.348540000000001">
    <ele>73.23</ele>
   </trkpt>
   <trkpt lat="50.766310000000004" lon="5.349130000000001">
    <ele>72.68</ele>
   </trkpt>
   <trkpt lat="50.766600000000004" lon="5.350300000000001">
    <ele>71.59</ele>
   </trkpt>
   <trkpt lat="50.76675" lon="5.3506800000000005">
    <ele>71.29</ele>
   </trkpt>
   <trkpt lat="50.766920000000006" lon="5.35102">
    <ele>71.04</ele>
   </trkpt>
   <trkpt lat="50.76723000118397" lon="5.351534996670677">
    <ele>70.57000000000001</ele>
   </trkpt>
   <trkpt lat="50.767540000000004" lon="5.35205">
    <ele>70.29</ele>
   </trkpt>
   <trkpt lat="50.76773000000001" lon="5.35228">
    <ele>70.13000000000001</ele>
   </trkpt>
   <trkpt lat="50.76818000052649" lon="5.352664996204959">
    <ele>69.68</ele>
   </trkpt>
   <trkpt lat="50.76863" lon="5.3530500000000005">
    <ele>69.27000000000001</ele>
   </trkpt>
   <trkpt lat="50.768730000000005" lon="5.353210000000001">
    <ele>69.13000000000001</ele>
   </trkpt>
   <trkpt lat="50.76879" lon="5.353330000000001">
    <ele>69.01</ele>
   </trkpt>
   <trkpt lat="50.76888" lon="5.35358">
    <ele>68.95</ele>
   </trkpt>
   <trkpt lat="50.768930000000005" lon="5.353870000000001">
    <ele>68.88000000000001</ele>
   </trkpt>
   <trkpt lat="50.768930000000005" lon="5.35419">
    <ele>68.5</ele>
   </trkpt>
   <trkpt lat="50.768820000000005" lon="5.354970000000001">
    <ele>68.29</ele>
   </trkpt>
   <trkpt lat="50.768800000000006" lon="5.35531">
    <ele>68.49000000000001</ele>
   </trkpt>
   <trkpt lat="50.76881" lon="5.355460000000001">
    <ele>69.25</ele>
   </trkpt>
   <trkpt lat="50.76887000000001" lon="5.35568">
    <ele>69.25</ele>
   </trkpt>
   <trkpt lat="50.768950000000004" lon="5.355880000000001">
    <ele>69.73</ele>
   </trkpt>
   <trkpt lat="50.76935" lon="5.35658">
    <ele>71.42000000000002</ele>
   </trkpt>
   <trkpt lat="50.76966" lon="5.357010000000001">
    <ele>73.09</ele>
   </trkpt>
   <trkpt lat="50.76966" lon="5.357">
    <ele>73.06</ele>
   </trkpt>
   <trkpt lat="50.770120000000006" lon="5.357570000000001">
    <ele>75.56</ele>
   </trkpt>
   <trkpt lat="50.770590000000006" lon="5.35688">
    <ele>72.54</ele>
   </trkpt>
   <trkpt lat="50.77075000000001" lon="5.35674">
    <ele>71.98</ele>
   </trkpt>
   <trkpt lat="50.77127" lon="5.356490000000001">
    <ele>71.82000000000001</ele>
   </trkpt>
   <trkpt lat="50.77168" lon="5.356120000000001">
    <ele>72.65</ele>
   </trkpt>
   <trkpt lat="50.77214000000001" lon="5.355910000000001">
    <ele>74.65</ele>
   </trkpt>
   <trkpt lat="50.77223000000001" lon="5.35585">
    <ele>74.65</ele>
   </trkpt>
   <trkpt lat="50.772420000000004" lon="5.35651">
    <ele>75.78</ele>
   </trkpt>
   <trkpt lat="50.772560000000006" lon="5.35681">
    <ele>76.29</ele>
   </trkpt>
   <trkpt lat="50.77277" lon="5.357150000000001">
    <ele>77.49</ele>
   </trkpt>
   <trkpt lat="50.77318" lon="5.3580000000000005">
    <ele>78.83000000000001</ele>
   </trkpt>
   <trkpt lat="50.773320000000005" lon="5.358350000000001">
    <ele>79.17999999999999</ele>
   </trkpt>
   <trkpt lat="50.773540000000004" lon="5.35937">
    <ele>80.82000000000001</ele>
   </trkpt>
   <trkpt lat="50.77364000000001" lon="5.36">
    <ele>81.48</ele>
   </trkpt>
   <trkpt lat="50.77369" lon="5.360740000000001">
    <ele>83.13000000000001</ele>
   </trkpt>
   <trkpt lat="50.773740000000004" lon="5.360930000000001">
    <ele>83.75</ele>
   </trkpt>
   <trkpt lat="50.77384000000001" lon="5.36115">
    <ele>84.79</ele>
   </trkpt>
   <trkpt lat="50.77441" lon="5.36219">
    <ele>90.95</ele>
   </trkpt>
   <trkpt lat="50.77479" lon="5.363130000000001">
    <ele>95.71000000000001</ele>
   </trkpt>
   <trkpt lat="50.774910000000006" lon="5.363370000000001">
    <ele>95.97000000000001</ele>
   </trkpt>
   <trkpt lat="50.775510000000004" lon="5.36422">
    <ele>95.11000000000001</ele>
   </trkpt>
   <trkpt lat="50.77568" lon="5.364380000000001">
    <ele>95.32</ele>
   </trkpt>
   <trkpt lat="50.77597" lon="5.36456">
    <ele>96.36</ele>
   </trkpt>
   <trkpt lat="50.776140000000005" lon="5.36462">
    <ele>96.5</ele>
   </trkpt>
   <trkpt lat="50.77628000000001" lon="5.3646400000000005">
    <ele>96.36</ele>
   </trkpt>
   <trkpt lat="50.77695000000001" lon="5.36516">
    <ele>93.01</ele>
   </trkpt>
   <trkpt lat="50.77696" lon="5.36516">
    <ele>93.03</ele>
   </trkpt>
   <trkpt lat="50.777240000000006" lon="5.3654">
    <ele>89.88</ele>
   </trkpt>
   <trkpt lat="50.777420000000006" lon="5.36568">
    <ele>88.49000000000001</ele>
   </trkpt>
   <trkpt lat="50.777660000000004" lon="5.36617">
    <ele>86.89</ele>
   </trkpt>
   <trkpt lat="50.777730000000005" lon="5.366390000000001">
    <ele>86.44</ele>
   </trkpt>
   <trkpt lat="50.77779" lon="5.3667300000000004">
    <ele>86.21000000000001</ele>
   </trkpt>
   <trkpt lat="50.777820000000006" lon="5.36711">
    <ele>85.9</ele>
   </trkpt>
   <trkpt lat="50.77783" lon="5.367590000000001">
    <ele>85.98</ele>
   </trkpt>
   <trkpt lat="50.7779" lon="5.36788">
    <ele>86.19</ele>
   </trkpt>
   <trkpt lat="50.77814000000001" lon="5.3684400000000005">
    <ele>87.09</ele>
   </trkpt>
   <trkpt lat="50.77835" lon="5.368810000000001">
    <ele>88.3</ele>
   </trkpt>
   <trkpt lat="50.778470000000006" lon="5.36896">
    <ele>88.3</ele>
   </trkpt>
   <trkpt lat="50.778830000000006" lon="5.36929">
    <ele>90.47000000000001</ele>
   </trkpt>
   <trkpt lat="50.778980000000004" lon="5.369470000000001">
    <ele>91.88</ele>
   </trkpt>
   <trkpt lat="50.77915" lon="5.36976">
    <ele>93.1</ele>
   </trkpt>
   <trkpt lat="50.77964000000001" lon="5.3707400000000005">
    <ele>97.54</ele>
   </trkpt>
   <trkpt lat="50.779900000000005" lon="5.37136">
    <ele>97.86</ele>
   </trkpt>
   <trkpt lat="50.77993000000001" lon="5.371460000000001">
    <ele>97.62</ele>
   </trkpt>
   <trkpt lat="50.779900000000005" lon="5.37136">
    <ele>97.85000000000001</ele>
   </trkpt>
   <trkpt lat="50.78032500230838" lon="5.370630006582546">
    <ele>97.03</ele>
   </trkpt>
   <trkpt lat="50.780750000000005" lon="5.3699">
    <ele>97.03</ele>
   </trkpt>
   <trkpt lat="50.780750000000005" lon="5.369890000000001">
    <ele>97.03</ele>
   </trkpt>
   <trkpt lat="50.78122000278722" lon="5.36909000795356">
    <ele>97.60000000000001</ele>
   </trkpt>
   <trkpt lat="50.781690000000005" lon="5.36829">
    <ele>98.62</ele>
   </trkpt>
   <trkpt lat="50.782300000000006" lon="5.36756">
    <ele>102.71000000000001</ele>
   </trkpt>
   <trkpt lat="50.7826650014335" lon="5.367010004081809">
    <ele>107.94000000000001</ele>
   </trkpt>
   <trkpt lat="50.783030000000004" lon="5.36646">
    <ele>109.96</ele>
   </trkpt>
   <trkpt lat="50.78316" lon="5.36622">
    <ele>110.4</ele>
   </trkpt>
   <trkpt lat="50.78364251658487" lon="5.365082535234441">
    <ele>114.26</ele>
   </trkpt>
   <trkpt lat="50.78412502210805" lon="5.363945046992168">
    <ele>113.33000000000001</ele>
   </trkpt>
   <trkpt lat="50.784607516569146" lon="5.3628075352728315">
    <ele>107.77</ele>
   </trkpt>
   <trkpt lat="50.785090000000004" lon="5.36167">
    <ele>106.75000000000001</ele>
   </trkpt>
   <trkpt lat="50.78529" lon="5.36129">
    <ele>106.73</ele>
   </trkpt>
   <trkpt lat="50.785430000000005" lon="5.3611200000000006">
    <ele>106.75000000000001</ele>
   </trkpt>
   <trkpt lat="50.78584000000001" lon="5.36078">
    <ele>106.48</ele>
   </trkpt>
   <trkpt lat="50.786170000000006" lon="5.360530000000001">
    <ele>106.04</ele>
   </trkpt>
   <trkpt lat="50.78675000082988" lon="5.360110005155627">
    <ele>106.15</ele>
   </trkpt>
   <trkpt lat="50.787330000000004" lon="5.3596900000000005">
    <ele>106.99000000000001</ele>
   </trkpt>
   <trkpt lat="50.787780000000005" lon="5.359400000000001">
    <ele>107.7</ele>
   </trkpt>
   <trkpt lat="50.78799" lon="5.35935">
    <ele>107.98</ele>
   </trkpt>
   <trkpt lat="50.78830000000001" lon="5.35937">
    <ele>108.37</ele>
   </trkpt>
   <trkpt lat="50.78839000000001" lon="5.359360000000001">
    <ele>108.75000000000001</ele>
   </trkpt>
   <trkpt lat="50.78846" lon="5.35934">
    <ele>108.75000000000001</ele>
   </trkpt>
   <trkpt lat="50.78853" lon="5.3592900000000006">
    <ele>108.94000000000001</ele>
   </trkpt>
   <trkpt lat="50.78866000000001" lon="5.35916">
    <ele>109.41000000000001</ele>
   </trkpt>
   <trkpt lat="50.78876" lon="5.35899">
    <ele>109.7</ele>
   </trkpt>
   <trkpt lat="50.789190000000005" lon="5.35801">
    <ele>113.29</ele>
   </trkpt>
   <trkpt lat="50.78960000000001" lon="5.35733">
    <ele>113.29</ele>
   </trkpt>
   <trkpt lat="50.78981" lon="5.356750000000001">
    <ele>113.06</ele>
   </trkpt>
   <trkpt lat="50.78998000000001" lon="5.356350000000001">
    <ele>112.80000000000001</ele>
   </trkpt>
   <trkpt lat="50.790220000000005" lon="5.35601">
    <ele>111.76</ele>
   </trkpt>
   <trkpt lat="50.79039" lon="5.355860000000001">
    <ele>111.08000000000001</ele>
   </trkpt>
   <trkpt lat="50.7905" lon="5.3558">
    <ele>111.08000000000001</ele>
   </trkpt>
   <trkpt lat="50.790890000000005" lon="5.3557500000000005">
    <ele>111.17</ele>
   </trkpt>
   <trkpt lat="50.791270000000004" lon="5.35562">
    <ele>112.10000000000001</ele>
   </trkpt>
   <trkpt lat="50.79178500050164" lon="5.355310003360798">
    <ele>114.7</ele>
   </trkpt>
   <trkpt lat="50.792300000000004" lon="5.355">
    <ele>117.4</ele>
   </trkpt>
   <trkpt lat="50.792880000000004" lon="5.354710000000001">
    <ele>120.98</ele>
   </trkpt>
   <trkpt lat="50.793110000000006" lon="5.354640000000001">
    <ele>121.27000000000001</ele>
   </trkpt>
   <trkpt lat="50.79334000000001" lon="5.35461">
    <ele>121.12</ele>
   </trkpt>
   <trkpt lat="50.79383000000001" lon="5.354620000000001">
    <ele>120.47</ele>
   </trkpt>
   <trkpt lat="50.79403000000001" lon="5.354590000000001">
    <ele>120.47</ele>
   </trkpt>
   <trkpt lat="50.794160000000005" lon="5.35454">
    <ele>120.28000000000002</ele>
   </trkpt>
   <trkpt lat="50.794200000000004" lon="5.354570000000001">
    <ele>120.28000000000002</ele>
   </trkpt>
   <trkpt lat="50.79480500037898" lon="5.354824996741738">
    <ele>119.52000000000001</ele>
   </trkpt>
   <trkpt lat="50.795410000000004" lon="5.35508">
    <ele>120.79</ele>
   </trkpt>
   <trkpt lat="50.79561" lon="5.355130000000001">
    <ele>120.91</ele>
   </trkpt>
   <trkpt lat="50.795590000000004" lon="5.355130000000001">
    <ele>120.9</ele>
   </trkpt>
   <trkpt lat="50.79596" lon="5.35524">
    <ele>120.82000000000001</ele>
   </trkpt>
   <trkpt lat="50.79616000000001" lon="5.355250000000001">
    <ele>120.35000000000001</ele>
   </trkpt>
   <trkpt lat="50.79636000000001" lon="5.355230000000001">
    <ele>120.35000000000001</ele>
   </trkpt>
   <trkpt lat="50.79674000000001" lon="5.355160000000001">
    <ele>119.22</ele>
   </trkpt>
   <trkpt lat="50.7969" lon="5.355160000000001">
    <ele>119.22</ele>
   </trkpt>
   <trkpt lat="50.79699" lon="5.355180000000001">
    <ele>118.69</ele>
   </trkpt>
   <trkpt lat="50.79751" lon="5.355460000000001">
    <ele>118.07000000000001</ele>
   </trkpt>
   <trkpt lat="50.79757000000001" lon="5.35557">
    <ele>118.01</ele>
   </trkpt>
   <trkpt lat="50.79778" lon="5.3558900000000005">
    <ele>118.14</ele>
   </trkpt>
   <trkpt lat="50.79778" lon="5.355880000000001">
    <ele>118.13000000000001</ele>
   </trkpt>
   <trkpt lat="50.798030000000004" lon="5.3562">
    <ele>118.62</ele>
   </trkpt>
   <trkpt lat="50.798120000000004" lon="5.35611">
    <ele>118.61</ele>
   </trkpt>
   <trkpt lat="50.79824000000001" lon="5.35611">
    <ele>118.65</ele>
   </trkpt>
   <trkpt lat="50.79842000000001" lon="5.35615">
    <ele>118.59000000000002</ele>
   </trkpt>
   <trkpt lat="50.79849" lon="5.3562">
    <ele>118.31000000000002</ele>
   </trkpt>
   <trkpt lat="50.798880000000004" lon="5.356660000000001">
    <ele>117.98000000000002</ele>
   </trkpt>
   <trkpt lat="50.798880000000004" lon="5.35665">
    <ele>117.98000000000002</ele>
   </trkpt>
   <trkpt lat="50.79918000000001" lon="5.357">
    <ele>118.19</ele>
   </trkpt>
   <trkpt lat="50.7993" lon="5.357060000000001">
    <ele>118.19</ele>
   </trkpt>
   <trkpt lat="50.79952" lon="5.357130000000001">
    <ele>118.75</ele>
   </trkpt>
   <trkpt lat="50.79965000000001" lon="5.35724">
    <ele>118.75</ele>
   </trkpt>
   <trkpt lat="50.799780000000005" lon="5.3569">
    <ele>118.61</ele>
   </trkpt>
   <trkpt lat="50.80055" lon="5.35735">
    <ele>118.73000000000002</ele>
   </trkpt>
   <trkpt lat="50.80138000264483" lon="5.357804975748331">
    <ele>118.14</ele>
   </trkpt>
   <trkpt lat="50.80221000352005" lon="5.358259967660225">
    <ele>117.49000000000001</ele>
   </trkpt>
   <trkpt lat="50.80304000262558" lon="5.358714975736699">
    <ele>117.15</ele>
   </trkpt>
   <trkpt lat="50.80387" lon="5.359170000000001">
    <ele>116.44000000000001</ele>
   </trkpt>
   <trkpt lat="50.80386000000001" lon="5.359170000000001">
    <ele>116.45</ele>
   </trkpt>
   <trkpt lat="50.804190000000006" lon="5.35935">
    <ele>116.13000000000001</ele>
   </trkpt>
   <trkpt lat="50.80433000000001" lon="5.359450000000001">
    <ele>115.96000000000001</ele>
   </trkpt>
   <trkpt lat="50.804480000000005" lon="5.35972">
    <ele>115.57000000000001</ele>
   </trkpt>
   <trkpt lat="50.80482333933786" lon="5.360556654420713">
    <ele>114.64</ele>
   </trkpt>
   <trkpt lat="50.80516667269204" lon="5.361393321138007">
    <ele>112.32000000000001</ele>
   </trkpt>
   <trkpt lat="50.805510000000005" lon="5.36223">
    <ele>111.15</ele>
   </trkpt>
   <trkpt lat="50.80561" lon="5.362590000000001">
    <ele>110.44000000000001</ele>
   </trkpt>
   <trkpt lat="50.805600000000005" lon="5.362570000000001">
    <ele>110.48</ele>
   </trkpt>
   <trkpt lat="50.80576000000001" lon="5.36315">
    <ele>109.53</ele>
   </trkpt>
   <trkpt lat="50.805800000000005" lon="5.36319">
    <ele>109.53</ele>
   </trkpt>
   <trkpt lat="50.80624" lon="5.36324">
    <ele>109.06</ele>
   </trkpt>
   <trkpt lat="50.80651500312038" lon="5.364094994954668">
    <ele>105.11000000000001</ele>
   </trkpt>
   <trkpt lat="50.80679000000001" lon="5.36495">
    <ele>101.84000000000002</ele>
   </trkpt>
   <trkpt lat="50.806920000000005" lon="5.36544">
    <ele>100.41000000000001</ele>
   </trkpt>
   <trkpt lat="50.806940000000004" lon="5.36559">
    <ele>99.98000000000002</ele>
   </trkpt>
   <trkpt lat="50.80687" lon="5.36674">
    <ele>97.38000000000001</ele>
   </trkpt>
   <trkpt lat="50.80687" lon="5.36676">
    <ele>97.35000000000001</ele>
   </trkpt>
   <trkpt lat="50.80686000000001" lon="5.36697">
    <ele>96.62</ele>
   </trkpt>
   <trkpt lat="50.806900000000006" lon="5.36824">
    <ele>93.21</ele>
   </trkpt>
   <trkpt lat="50.806900000000006" lon="5.369160000000001">
    <ele>90.81</ele>
   </trkpt>
   <trkpt lat="50.806920000000005" lon="5.369370000000001">
    <ele>89.98</ele>
   </trkpt>
   <trkpt lat="50.80706000000001" lon="5.3698500000000005">
    <ele>88.88</ele>
   </trkpt>
   <trkpt lat="50.80715000000001" lon="5.370450000000001">
    <ele>88.9</ele>
   </trkpt>
   <trkpt lat="50.807410000000004" lon="5.370310000000001">
    <ele>89.35000000000001</ele>
   </trkpt>
   <trkpt lat="50.80816" lon="5.370100000000001">
    <ele>92.95</ele>
   </trkpt>
   <trkpt lat="50.808260000000004" lon="5.37011">
    <ele>93.09</ele>
   </trkpt>
   <trkpt lat="50.808330000000005" lon="5.37021">
    <ele>92.97000000000001</ele>
   </trkpt>
   <trkpt lat="50.80862000418949" lon="5.371204993679682">
    <ele>89.92000000000002</ele>
   </trkpt>
   <trkpt lat="50.808910000000004" lon="5.3722">
    <ele>87.73</ele>
   </trkpt>
   <trkpt lat="50.808960000000006" lon="5.37227">
    <ele>87.73</ele>
   </trkpt>
   <trkpt lat="50.80901" lon="5.372310000000001">
    <ele>87.5</ele>
   </trkpt>
   <trkpt lat="50.80906" lon="5.37232">
    <ele>87.5</ele>
   </trkpt>
   <trkpt lat="50.809610000000006" lon="5.37223">
    <ele>87.58</ele>
   </trkpt>
   <trkpt lat="50.80968000000001" lon="5.37218">
    <ele>87.58</ele>
   </trkpt>
   <trkpt lat="50.809740000000005" lon="5.37211">
    <ele>87.77</ele>
   </trkpt>
   <trkpt lat="50.809960000000004" lon="5.3717500000000005">
    <ele>88.13000000000001</ele>
   </trkpt>
   <trkpt lat="50.80997000000001" lon="5.37173">
    <ele>88.16</ele>
   </trkpt>
   <trkpt lat="50.810120000000005" lon="5.3715">
    <ele>88.36</ele>
   </trkpt>
   <trkpt lat="50.810210000000005" lon="5.37131">
    <ele>88.76</ele>
   </trkpt>
   <trkpt lat="50.810560003779585" lon="5.370365007180828">
    <ele>90.38</ele>
   </trkpt>
   <trkpt lat="50.81091000000001" lon="5.369420000000001">
    <ele>92.11000000000001</ele>
   </trkpt>
   <trkpt lat="50.81101" lon="5.36903">
    <ele>92.99</ele>
   </trkpt>
   <trkpt lat="50.811080000000004" lon="5.368220000000001">
    <ele>94.83000000000001</ele>
   </trkpt>
   <trkpt lat="50.811110000000006" lon="5.36803">
    <ele>95.49000000000001</ele>
   </trkpt>
   <trkpt lat="50.81121" lon="5.3676900000000005">
    <ele>98.72</ele>
   </trkpt>
   <trkpt lat="50.81129000000001" lon="5.36727">
    <ele>100.88000000000001</ele>
   </trkpt>
   <trkpt lat="50.81136000000001" lon="5.3671500000000005">
    <ele>101.76</ele>
   </trkpt>
   <trkpt lat="50.811510000000006" lon="5.367000000000001">
    <ele>102.46000000000001</ele>
   </trkpt>
   <trkpt lat="50.811870000000006" lon="5.36674">
    <ele>104.16</ele>
   </trkpt>
   <trkpt lat="50.81228" lon="5.36646">
    <ele>106.05</ele>
   </trkpt>
   <trkpt lat="50.812380000000005" lon="5.36643">
    <ele>106.04</ele>
   </trkpt>
   <trkpt lat="50.81257" lon="5.36645">
    <ele>105.94</ele>
   </trkpt>
   <trkpt lat="50.812650000000005" lon="5.36652">
    <ele>105.82000000000001</ele>
   </trkpt>
   <trkpt lat="50.81273" lon="5.366420000000001">
    <ele>105.82000000000001</ele>
   </trkpt>
   <trkpt lat="50.81324000000001" lon="5.366300000000001">
    <ele>104.75000000000001</ele>
   </trkpt>
   <trkpt lat="50.813300000000005" lon="5.36624">
    <ele>104.75000000000001</ele>
   </trkpt>
   <trkpt lat="50.81342" lon="5.36641">
    <ele>104.61</ele>
   </trkpt>
   <trkpt lat="50.813570000000006" lon="5.366580000000001">
    <ele>104.61</ele>
   </trkpt>
   <trkpt lat="50.813880000000005" lon="5.366790000000001">
    <ele>104.07000000000001</ele>
   </trkpt>
   <trkpt lat="50.814170000000004" lon="5.36688">
    <ele>103.9</ele>
   </trkpt>
   <trkpt lat="50.814660000102265" lon="5.366989998857293">
    <ele>103.62</ele>
   </trkpt>
   <trkpt lat="50.81515" lon="5.367100000000001">
    <ele>103.86</ele>
   </trkpt>
   <trkpt lat="50.815560000000005" lon="5.3671500000000005">
    <ele>104.14000000000001</ele>
   </trkpt>
   <trkpt lat="50.815580000000004" lon="5.366960000000001">
    <ele>104.14000000000001</ele>
   </trkpt>
   <trkpt lat="50.81559000000001" lon="5.36674">
    <ele>104.37</ele>
   </trkpt>
   <trkpt lat="50.815690000000004" lon="5.36653">
    <ele>104.41</ele>
   </trkpt>
   <trkpt lat="50.8158" lon="5.366390000000001">
    <ele>104.41</ele>
   </trkpt>
   <trkpt lat="50.816570000000006" lon="5.365740000000001">
    <ele>104.09</ele>
   </trkpt>
   <trkpt lat="50.816770000000005" lon="5.36561">
    <ele>103.67000000000002</ele>
   </trkpt>
   <trkpt lat="50.816750000000006" lon="5.365620000000001">
    <ele>103.72</ele>
   </trkpt>
   <trkpt lat="50.81682000000001" lon="5.3655800000000005">
    <ele>103.41</ele>
   </trkpt>
   <trkpt lat="50.81707" lon="5.365480000000001">
    <ele>103.07000000000001</ele>
   </trkpt>
   <trkpt lat="50.817310000000006" lon="5.36542">
    <ele>101.19</ele>
   </trkpt>
   <trkpt lat="50.81768" lon="5.36538">
    <ele>100.18</ele>
   </trkpt>
   <trkpt lat="50.818380000000005" lon="5.365170000000001">
    <ele>96.38000000000001</ele>
   </trkpt>
   <trkpt lat="50.81889500001736" lon="5.364980002145898">
    <ele>92.61000000000001</ele>
   </trkpt>
   <trkpt lat="50.819410000000005" lon="5.36479">
    <ele>89.91</ele>
   </trkpt>
   <trkpt lat="50.82007" lon="5.36446">
    <ele>86.48</ele>
   </trkpt>
   <trkpt lat="50.82049000000001" lon="5.36432">
    <ele>84.51</ele>
   </trkpt>
   <trkpt lat="50.82085000000001" lon="5.36423">
    <ele>83.49000000000001</ele>
   </trkpt>
   <trkpt lat="50.82135500008914" lon="5.364125001126851">
    <ele>81.54</ele>
   </trkpt>
   <trkpt lat="50.82186" lon="5.36402">
    <ele>79.83000000000001</ele>
   </trkpt>
   <trkpt lat="50.822340000000004" lon="5.363880000000001">
    <ele>78.58000000000001</ele>
   </trkpt>
   <trkpt lat="50.82288000021622" lon="5.363680002296303">
    <ele>75.81</ele>
   </trkpt>
   <trkpt lat="50.823420000000006" lon="5.36348">
    <ele>73.95</ele>
   </trkpt>
   <trkpt lat="50.82394000000001" lon="5.3634">
    <ele>71.9</ele>
   </trkpt>
   <trkpt lat="50.824410000030916" lon="5.363285001163934">
    <ele>69.9</ele>
   </trkpt>
   <trkpt lat="50.82488000000001" lon="5.36317">
    <ele>68.14</ele>
   </trkpt>
   <trkpt lat="50.82551000031749" lon="5.362963338926536">
    <ele>66.15</ele>
   </trkpt>
   <trkpt lat="50.82614000026996" lon="5.362756672275559">
    <ele>64.68</ele>
   </trkpt>
   <trkpt lat="50.82677" lon="5.362550000000001">
    <ele>64.44000000000001</ele>
   </trkpt>
   <trkpt lat="50.826910000000005" lon="5.362520000000001">
    <ele>64.64999999999999</ele>
   </trkpt>
   <trkpt lat="50.827110000000005" lon="5.36256">
    <ele>64.89999999999999</ele>
   </trkpt>
   <trkpt lat="50.827220000000004" lon="5.362620000000001">
    <ele>65.44000000000001</ele>
   </trkpt>
   <trkpt lat="50.82776500111145" lon="5.363099994507995">
    <ele>66.83</ele>
   </trkpt>
   <trkpt lat="50.82831" lon="5.363580000000001">
    <ele>67.66000000000001</ele>
   </trkpt>
   <trkpt lat="50.828860000000006" lon="5.36413">
    <ele>68.69</ele>
   </trkpt>
   <trkpt lat="50.82940000000001" lon="5.364660000000001">
    <ele>69.64</ele>
   </trkpt>
   <trkpt lat="50.82984000533794" lon="5.363540010614262">
    <ele>69.52000000000001</ele>
   </trkpt>
   <trkpt lat="50.83028" lon="5.36242">
    <ele>70.49000000000001</ele>
   </trkpt>
   <trkpt lat="50.83039" lon="5.3622000000000005">
    <ele>70.49000000000001</ele>
   </trkpt>
   <trkpt lat="50.830815002262874" lon="5.361490006282874">
    <ele>70.88000000000001</ele>
   </trkpt>
   <trkpt lat="50.83124" lon="5.36078">
    <ele>68.23</ele>
   </trkpt>
   <trkpt lat="50.831625001233256" lon="5.360255004254735">
    <ele>64.05000000000001</ele>
   </trkpt>
   <trkpt lat="50.832010000000004" lon="5.359730000000001">
    <ele>61.440000000000005</ele>
   </trkpt>
   <trkpt lat="50.83207" lon="5.3596">
    <ele>60.31</ele>
   </trkpt>
   <trkpt lat="50.8323950044429" lon="5.358575007284166">
    <ele>56.2</ele>
   </trkpt>
   <trkpt lat="50.83272" lon="5.357550000000001">
    <ele>53.51</ele>
   </trkpt>
   <trkpt lat="50.832770000000004" lon="5.357430000000001">
    <ele>52.33</ele>
   </trkpt>
   <trkpt lat="50.832840000000004" lon="5.3573200000000005">
    <ele>52.33</ele>
   </trkpt>
   <trkpt lat="50.833090000000006" lon="5.35707">
    <ele>51.9</ele>
   </trkpt>
   <trkpt lat="50.83316000000001" lon="5.3569700000000005">
    <ele>51.300000000000004</ele>
   </trkpt>
   <trkpt lat="50.833270000000006" lon="5.35674">
    <ele>51.300000000000004</ele>
   </trkpt>
   <trkpt lat="50.83334000000001" lon="5.356450000000001">
    <ele>50.480000000000004</ele>
   </trkpt>
   <trkpt lat="50.83335" lon="5.35629">
    <ele>50.480000000000004</ele>
   </trkpt>
   <trkpt lat="50.833270000000006" lon="5.35564">
    <ele>49.59</ele>
   </trkpt>
   <trkpt lat="50.83332000000001" lon="5.355440000000001">
    <ele>49.59</ele>
   </trkpt>
   <trkpt lat="50.833420000000004" lon="5.355160000000001">
    <ele>49.410000000000004</ele>
   </trkpt>
   <trkpt lat="50.833510000000004" lon="5.35503">
    <ele>49.39</ele>
   </trkpt>
   <trkpt lat="50.83355" lon="5.3548800000000005">
    <ele>49.39</ele>
   </trkpt>
   <trkpt lat="50.83371" lon="5.3542700000000005">
    <ele>49.24</ele>
   </trkpt>
   <trkpt lat="50.83372000000001" lon="5.3540600000000005">
    <ele>49.24</ele>
   </trkpt>
   <trkpt lat="50.833890000000004" lon="5.3535200000000005">
    <ele>49.160000000000004</ele>
   </trkpt>
   <trkpt lat="50.834010000000006" lon="5.353160000000001">
    <ele>49.34</ele>
   </trkpt>
   <trkpt lat="50.834050000000005" lon="5.35296">
    <ele>49.34</ele>
   </trkpt>
   <trkpt lat="50.834630000000004" lon="5.35235">
    <ele>48.980000000000004</ele>
   </trkpt>
   <trkpt lat="50.834700000000005" lon="5.352340000000001">
    <ele>48.980000000000004</ele>
   </trkpt>
   <trkpt lat="50.83475000000001" lon="5.35236">
    <ele>49.1</ele>
   </trkpt>
   <trkpt lat="50.83541" lon="5.352930000000001">
    <ele>51.81</ele>
   </trkpt>
   <trkpt lat="50.835660000000004" lon="5.353070000000001">
    <ele>52.300000000000004</ele>
   </trkpt>
   <trkpt lat="50.835840000000005" lon="5.353070000000001">
    <ele>52.33</ele>
   </trkpt>
   <trkpt lat="50.83608" lon="5.35289">
    <ele>52.0</ele>
   </trkpt>
   <trkpt lat="50.836040000000004" lon="5.35273">
    <ele>52.0</ele>
   </trkpt>
   <trkpt lat="50.836040000000004" lon="5.35261">
    <ele>51.690000000000005</ele>
   </trkpt>
   <trkpt lat="50.836180000000006" lon="5.351360000000001">
    <ele>50.61</ele>
   </trkpt>
   <trkpt lat="50.836290000000005" lon="5.350930000000001">
    <ele>50.31000000000001</ele>
   </trkpt>
   <trkpt lat="50.836450000000006" lon="5.35064">
    <ele>49.79</ele>
   </trkpt>
   <trkpt lat="50.836870000000005" lon="5.350180000000001">
    <ele>49.650000000000006</ele>
   </trkpt>
   <trkpt lat="50.83709" lon="5.349830000000001">
    <ele>49.650000000000006</ele>
   </trkpt>
   <trkpt lat="50.8374450025864" lon="5.349060005742706">
    <ele>50.36</ele>
   </trkpt>
   <trkpt lat="50.8378" lon="5.34829">
    <ele>50.620000000000005</ele>
   </trkpt>
   <trkpt lat="50.83793000000001" lon="5.34797">
    <ele>50.54</ele>
   </trkpt>
   <trkpt lat="50.838350000000005" lon="5.3467400000000005">
    <ele>49.78</ele>
   </trkpt>
   <trkpt lat="50.83851000000001" lon="5.346080000000001">
    <ele>49.5</ele>
   </trkpt>
   <trkpt lat="50.83870000666346" lon="5.344830005175887">
    <ele>49.53</ele>
   </trkpt>
   <trkpt lat="50.838890000000006" lon="5.34358">
    <ele>48.31</ele>
   </trkpt>
   <trkpt lat="50.8389" lon="5.34356">
    <ele>48.290000000000006</ele>
   </trkpt>
   <trkpt lat="50.83903" lon="5.34273">
    <ele>47.74</ele>
   </trkpt>
   <trkpt lat="50.83840000000001" lon="5.34252">
    <ele>45.93000000000001</ele>
   </trkpt>
   <trkpt lat="50.83829" lon="5.34245">
    <ele>45.76</ele>
   </trkpt>
   <trkpt lat="50.838210000000004" lon="5.34205">
    <ele>45.040000000000006</ele>
   </trkpt>
   <trkpt lat="50.838190000000004" lon="5.341570000000001">
    <ele>44.32000000000001</ele>
   </trkpt>
   <trkpt lat="50.83823" lon="5.3407800000000005">
    <ele>43.57</ele>
   </trkpt>
   <trkpt lat="50.83831000000001" lon="5.340140000000001">
    <ele>43.38</ele>
   </trkpt>
   <trkpt lat="50.83836" lon="5.33987">
    <ele>43.45</ele>
   </trkpt>
   <trkpt lat="50.83845" lon="5.339510000000001">
    <ele>43.72</ele>
   </trkpt>
   <trkpt lat="50.83859" lon="5.33917">
    <ele>44.67</ele>
   </trkpt>
   <trkpt lat="50.839090000000006" lon="5.339740000000001">
    <ele>45.49</ele>
   </trkpt>
   <trkpt lat="50.83919" lon="5.339790000000001">
    <ele>45.49</ele>
   </trkpt>
   <trkpt lat="50.839330000000004" lon="5.3398">
    <ele>45.49</ele>
   </trkpt>
   <trkpt lat="50.839420000000004" lon="5.33975">
    <ele>45.74</ele>
   </trkpt>
   <trkpt lat="50.83948" lon="5.33969">
    <ele>45.74</ele>
   </trkpt>
   <trkpt lat="50.839940000000006" lon="5.338830000000001">
    <ele>45.38</ele>
   </trkpt>
   <trkpt lat="50.84001000000001" lon="5.33875">
    <ele>45.38</ele>
   </trkpt>
   <trkpt lat="50.84037000000001" lon="5.33839">
    <ele>45.28</ele>
   </trkpt>
   <trkpt lat="50.841120000000004" lon="5.338730000000001">
    <ele>46.26</ele>
   </trkpt>
   <trkpt lat="50.84179" lon="5.33891">
    <ele>46.05</ele>
   </trkpt>
   <trkpt lat="50.842560000000006" lon="5.33905">
    <ele>45.19</ele>
   </trkpt>
   <trkpt lat="50.842800000000004" lon="5.33914">
    <ele>44.620000000000005</ele>
   </trkpt>
   <trkpt lat="50.843250000000005" lon="5.33936">
    <ele>44.300000000000004</ele>
   </trkpt>
   <trkpt lat="50.8438" lon="5.33971">
    <ele>43.63</ele>
   </trkpt>
   <trkpt lat="50.843790000000006" lon="5.33971">
    <ele>43.63</ele>
   </trkpt>
   <trkpt lat="50.844080000000005" lon="5.3399">
    <ele>43.35000000000001</ele>
   </trkpt>
   <trkpt lat="50.84427" lon="5.340000000000001">
    <ele>43.230000000000004</ele>
   </trkpt>
   <trkpt lat="50.84438" lon="5.3400300000000005">
    <ele>43.010000000000005</ele>
   </trkpt>
   <trkpt lat="50.844480000000004" lon="5.3400300000000005">
    <ele>43.010000000000005</ele>
   </trkpt>
   <trkpt lat="50.84451000000001" lon="5.34015">
    <ele>43.07</ele>
   </trkpt>
   <trkpt lat="50.844550000000005" lon="5.340190000000001">
    <ele>43.07</ele>
   </trkpt>
   <trkpt lat="50.84463" lon="5.340190000000001">
    <ele>43.09</ele>
   </trkpt>
   <trkpt lat="50.84469000000001" lon="5.340050000000001">
    <ele>43.03000000000001</ele>
   </trkpt>
   <trkpt lat="50.845150000000004" lon="5.34009">
    <ele>43.18</ele>
   </trkpt>
   <trkpt lat="50.845725000030704" lon="5.340209998514566">
    <ele>43.18</ele>
   </trkpt>
   <trkpt lat="50.84630000000001" lon="5.340330000000001">
    <ele>43.010000000000005</ele>
   </trkpt>
   <trkpt lat="50.84682" lon="5.340400000000001">
    <ele>42.9</ele>
   </trkpt>
   <trkpt lat="50.84752" lon="5.340400000000001">
    <ele>42.370000000000005</ele>
   </trkpt>
   <trkpt lat="50.84828" lon="5.340310000000001">
    <ele>42.14</ele>
   </trkpt>
   <trkpt lat="50.84888" lon="5.3401700000000005">
    <ele>41.77</ele>
   </trkpt>
   <trkpt lat="50.849740000000004" lon="5.339840000000001">
    <ele>42.14</ele>
   </trkpt>
   <trkpt lat="50.85023000019232" lon="5.339640002092207">
    <ele>42.39</ele>
   </trkpt>
   <trkpt lat="50.85072" lon="5.339440000000001">
    <ele>42.49000000000001</ele>
   </trkpt>
   <trkpt lat="50.851060000000004" lon="5.33933">
    <ele>42.510000000000005</ele>
   </trkpt>
   <trkpt lat="50.85152" lon="5.339250000000001">
    <ele>42.29</ele>
   </trkpt>
   <trkpt lat="50.851980000000005" lon="5.33931">
    <ele>42.2</ele>
   </trkpt>
   <trkpt lat="50.85190000000001" lon="5.340020000000001">
    <ele>41.89</ele>
   </trkpt>
   <trkpt lat="50.851800000000004" lon="5.34041">
    <ele>41.92</ele>
   </trkpt>
   <trkpt lat="50.85159" lon="5.34088">
    <ele>42.410000000000004</ele>
   </trkpt>
   <trkpt lat="50.851530000000004" lon="5.341060000000001">
    <ele>42.410000000000004</ele>
   </trkpt>
   <trkpt lat="50.85148" lon="5.341290000000001">
    <ele>42.760000000000005</ele>
   </trkpt>
   <trkpt lat="50.85129500557558" lon="5.3424300043805175">
    <ele>43.550000000000004</ele>
   </trkpt>
   <trkpt lat="50.851110000000006" lon="5.343570000000001">
    <ele>44.46000000000001</ele>
   </trkpt>
   <trkpt lat="50.851040000000005" lon="5.34379">
    <ele>44.68000000000001</ele>
   </trkpt>
   <trkpt lat="50.851130000000005" lon="5.343920000000001">
    <ele>44.68000000000001</ele>
   </trkpt>
   <trkpt lat="50.85139" lon="5.344760000000001">
    <ele>45.15</ele>
   </trkpt>
   <trkpt lat="50.851400000000005" lon="5.3447700000000005">
    <ele>45.160000000000004</ele>
   </trkpt>
   <trkpt lat="50.85183000000001" lon="5.3459900000000005">
    <ele>47.52</ele>
   </trkpt>
   <trkpt lat="50.85199" lon="5.346500000000001">
    <ele>47.52</ele>
   </trkpt>
   <trkpt lat="50.85211" lon="5.3470200000000006">
    <ele>48.6</ele>
   </trkpt>
   <trkpt lat="50.8522" lon="5.34764">
    <ele>49.150000000000006</ele>
   </trkpt>
   <trkpt lat="50.852380000000004" lon="5.34844">
    <ele>50.480000000000004</ele>
   </trkpt>
   <trkpt lat="50.85268500376767" lon="5.349374993985382">
    <ele>52.120000000000005</ele>
   </trkpt>
   <trkpt lat="50.852990000000005" lon="5.35031">
    <ele>53.45</ele>
   </trkpt>
   <trkpt lat="50.853170000000006" lon="5.35071">
    <ele>54.59</ele>
   </trkpt>
   <trkpt lat="50.85376" lon="5.351710000000001">
    <ele>56.27</ele>
   </trkpt>
   <trkpt lat="50.85401" lon="5.351970000000001">
    <ele>56.68</ele>
   </trkpt>
   <trkpt lat="50.85418000000001" lon="5.3520900000000005">
    <ele>56.800000000000004</ele>
   </trkpt>
   <trkpt lat="50.85477" lon="5.35236">
    <ele>56.800000000000004</ele>
   </trkpt>
   <trkpt lat="50.854960000000005" lon="5.3525">
    <ele>56.86000000000001</ele>
   </trkpt>
   <trkpt lat="50.85559000145836" lon="5.353074992274288">
    <ele>57.470000000000006</ele>
   </trkpt>
   <trkpt lat="50.85622000000001" lon="5.35365">
    <ele>57.39</ele>
   </trkpt>
   <trkpt lat="50.85645" lon="5.35381">
    <ele>57.13</ele>
   </trkpt>
   <trkpt lat="50.85669000000001" lon="5.35393">
    <ele>57.02</ele>
   </trkpt>
   <trkpt lat="50.85674" lon="5.353980000000001">
    <ele>57.02</ele>
   </trkpt>
   <trkpt lat="50.85685" lon="5.35416">
    <ele>56.86000000000001</ele>
   </trkpt>
   <trkpt lat="50.85689000000001" lon="5.354310000000001">
    <ele>56.86000000000001</ele>
   </trkpt>
   <trkpt lat="50.85689000000001" lon="5.354520000000001">
    <ele>56.77000000000001</ele>
   </trkpt>
   <trkpt lat="50.85685" lon="5.354900000000001">
    <ele>56.75</ele>
   </trkpt>
   <trkpt lat="50.8571" lon="5.35479">
    <ele>56.75</ele>
   </trkpt>
   <trkpt lat="50.8573" lon="5.354760000000001">
    <ele>56.120000000000005</ele>
   </trkpt>
   <trkpt lat="50.85788000012588" lon="5.3549299978863205">
    <ele>55.68000000000001</ele>
   </trkpt>
   <trkpt lat="50.85846" lon="5.3551">
    <ele>55.25000000000001</ele>
   </trkpt>
   <trkpt lat="50.8590899999747" lon="5.355224998292944">
    <ele>54.330000000000005</ele>
   </trkpt>
   <trkpt lat="50.85972" lon="5.3553500000000005">
    <ele>53.910000000000004</ele>
   </trkpt>
   <trkpt lat="50.859730000000006" lon="5.3553500000000005">
    <ele>53.900000000000006</ele>
   </trkpt>
   <trkpt lat="50.860260000000004" lon="5.35545">
    <ele>53.660000000000004</ele>
   </trkpt>
   <trkpt lat="50.860400000000006" lon="5.355460000000001">
    <ele>53.57000000000001</ele>
   </trkpt>
   <trkpt lat="50.860600000000005" lon="5.35545">
    <ele>53.56</ele>
   </trkpt>
   <trkpt lat="50.860730000000004" lon="5.35541">
    <ele>53.660000000000004</ele>
   </trkpt>
   <trkpt lat="50.86147000073343" lon="5.3550000064985035">
    <ele>54.040000000000006</ele>
   </trkpt>
   <trkpt lat="50.862210000000005" lon="5.354590000000001">
    <ele>54.67</ele>
   </trkpt>
   <trkpt lat="50.862350000000006" lon="5.354550000000001">
    <ele>54.760000000000005</ele>
   </trkpt>
   <trkpt lat="50.86252" lon="5.35454">
    <ele>55.02</ele>
   </trkpt>
   <trkpt lat="50.86272" lon="5.354570000000001">
    <ele>55.02</ele>
   </trkpt>
   <trkpt lat="50.863490000000006" lon="5.35489">
    <ele>55.92</ele>
   </trkpt>
   <trkpt lat="50.863850000000006" lon="5.355020000000001">
    <ele>56.13</ele>
   </trkpt>
   <trkpt lat="50.86394000000001" lon="5.355020000000001">
    <ele>56.71</ele>
   </trkpt>
   <trkpt lat="50.86413" lon="5.354970000000001">
    <ele>56.81</ele>
   </trkpt>
   <trkpt lat="50.86430000000001" lon="5.3548800000000005">
    <ele>56.85</ele>
   </trkpt>
   <trkpt lat="50.86506750414632" lon="5.354310028164293">
    <ele>55.63</ele>
   </trkpt>
   <trkpt lat="50.86583500551672" lon="5.353740037561863">
    <ele>53.93000000000001</ele>
   </trkpt>
   <trkpt lat="50.86660250411108" lon="5.353170028191647">
    <ele>52.46000000000001</ele>
   </trkpt>
   <trkpt lat="50.86737" lon="5.352600000000001">
    <ele>51.5</ele>
   </trkpt>
   <trkpt lat="50.86750000000001" lon="5.3524">
    <ele>51.31</ele>
   </trkpt>
   <trkpt lat="50.867540000000005" lon="5.35221">
    <ele>51.31</ele>
   </trkpt>
   <trkpt lat="50.86753" lon="5.351990000000001">
    <ele>50.72</ele>
   </trkpt>
   <trkpt lat="50.86719" lon="5.350720000000001">
    <ele>50.300000000000004</ele>
   </trkpt>
   <trkpt lat="50.8671" lon="5.34991">
    <ele>49.17</ele>
   </trkpt>
   <trkpt lat="50.86688000631042" lon="5.34869499428702">
    <ele>47.52</ele>
   </trkpt>
   <trkpt lat="50.86666" lon="5.34748">
    <ele>46.220000000000006</ele>
   </trkpt>
   <trkpt lat="50.866620000000005" lon="5.3470200000000006">
    <ele>46.07000000000001</ele>
   </trkpt>
   <trkpt lat="50.86661" lon="5.34642">
    <ele>45.83</ele>
   </trkpt>
   <trkpt lat="50.8667000062203" lon="5.345215002098087">
    <ele>45.28</ele>
   </trkpt>
   <trkpt lat="50.86679" lon="5.344010000000001">
    <ele>44.620000000000005</ele>
   </trkpt>
   <trkpt lat="50.866820000000004" lon="5.3436900000000005">
    <ele>44.300000000000004</ele>
   </trkpt>
   <trkpt lat="50.866910000000004" lon="5.34313">
    <ele>44.04</ele>
   </trkpt>
   <trkpt lat="50.866910000000004" lon="5.342910000000001">
    <ele>44.02</ele>
   </trkpt>
   <trkpt lat="50.86683500295595" lon="5.342074998403992">
    <ele>44.1</ele>
   </trkpt>
   <trkpt lat="50.866760000000006" lon="5.341240000000001">
    <ele>43.870000000000005</ele>
   </trkpt>
   <trkpt lat="50.86688" lon="5.34116">
    <ele>43.18</ele>
   </trkpt>
   <trkpt lat="50.867280001009455" lon="5.340670004224384">
    <ele>42.5</ele>
   </trkpt>
   <trkpt lat="50.86768000000001" lon="5.34018">
    <ele>42.150000000000006</ele>
   </trkpt>
   <trkpt lat="50.86834" lon="5.33933">
    <ele>42.0</ele>
   </trkpt>
   <trkpt lat="50.86835000000001" lon="5.339320000000001">
    <ele>41.99000000000001</ele>
   </trkpt>
   <trkpt lat="50.86904287744846" lon="5.338430079369184">
    <ele>41.96</ele>
   </trkpt>
   <trkpt lat="50.8697357481301" lon="5.337540132282527">
    <ele>42.07</ele>
   </trkpt>
   <trkpt lat="50.87042861204455" lon="5.33665015873885">
    <ele>41.85</ele>
   </trkpt>
   <trkpt lat="50.871121469191436" lon="5.335760158736972">
    <ele>41.650000000000006</ele>
   </trkpt>
   <trkpt lat="50.87181431957041" lon="5.334870132275707">
    <ele>41.400000000000006</ele>
   </trkpt>
   <trkpt lat="50.8725071631811" lon="5.3339800793538785">
    <ele>41.63</ele>
   </trkpt>
   <trkpt lat="50.873200000000004" lon="5.33309">
    <ele>41.56</ele>
   </trkpt>
   <trkpt lat="50.87371000169775" lon="5.332480006545641">
    <ele>41.86</ele>
   </trkpt>
   <trkpt lat="50.87422" lon="5.33187">
    <ele>42.22</ele>
   </trkpt>
   <trkpt lat="50.874550000000006" lon="5.331580000000001">
    <ele>42.22</ele>
   </trkpt>
   <trkpt lat="50.87471000000001" lon="5.33152">
    <ele>41.99000000000001</ele>
   </trkpt>
   <trkpt lat="50.875471666776086" lon="5.331450005719856">
    <ele>41.660000000000004</ele>
   </trkpt>
   <trkpt lat="50.876233333510314" lon="5.331380009151777">
    <ele>42.050000000000004</ele>
   </trkpt>
   <trkpt lat="50.87699500020268" lon="5.331310010295626">
    <ele>42.56</ele>
   </trkpt>
   <trkpt lat="50.87775666685319" lon="5.331240009151266">
    <ele>42.53</ele>
   </trkpt>
   <trkpt lat="50.87851833346182" lon="5.33117000571856">
    <ele>41.730000000000004</ele>
   </trkpt>
   <trkpt lat="50.87928" lon="5.3311">
    <ele>41.06</ele>
   </trkpt>
   <trkpt lat="50.88" lon="5.33103">
    <ele>41.940000000000005</ele>
   </trkpt>
   <trkpt lat="50.87994000854575" lon="5.330029997462469">
    <ele>41.260000000000005</ele>
   </trkpt>
   <trkpt lat="50.87988000854801" lon="5.329029997500069">
    <ele>41.1</ele>
   </trkpt>
   <trkpt lat="50.87982" lon="5.32803">
    <ele>40.79</ele>
   </trkpt>
   <trkpt lat="50.88050666702837" lon="5.328229994111078">
    <ele>39.089999999999996</ele>
   </trkpt>
   <trkpt lat="50.88119333371499" lon="5.328429994116789">
    <ele>38.650000000000006</ele>
   </trkpt>
   <trkpt lat="50.88188" lon="5.32863">
    <ele>38.64</ele>
   </trkpt>
   <trkpt lat="50.882380000000005" lon="5.328810000000001">
    <ele>39.0</ele>
   </trkpt>
   <trkpt lat="50.88252000000001" lon="5.328900000000001">
    <ele>39.11000000000001</ele>
   </trkpt>
   <trkpt lat="50.88279334321126" lon="5.327823346066621">
    <ele>38.44</ele>
   </trkpt>
   <trkpt lat="50.88306667651917" lon="5.3267466795003875">
    <ele>37.970000000000006</ele>
   </trkpt>
   <trkpt lat="50.883340000000004" lon="5.325670000000001">
    <ele>37.32000000000001</ele>
   </trkpt>
   <trkpt lat="50.88371" lon="5.32458">
    <ele>36.78</ele>
   </trkpt>
   <trkpt lat="50.883960002114954" lon="5.323895003372639">
    <ele>36.59</ele>
   </trkpt>
   <trkpt lat="50.88421" lon="5.32321">
    <ele>35.910000000000004</ele>
   </trkpt>
   <trkpt lat="50.884350000000005" lon="5.32272">
    <ele>35.910000000000004</ele>
   </trkpt>
   <trkpt lat="50.88460334273744" lon="5.3216700114801885">
    <ele>35.050000000000004</ele>
   </trkpt>
   <trkpt lat="50.88485667605613" lon="5.320620011541121">
    <ele>34.190000000000005</ele>
   </trkpt>
   <trkpt lat="50.885110000000005" lon="5.319570000000001">
    <ele>33.92</ele>
   </trkpt>
   <trkpt lat="50.885160000000006" lon="5.31923">
    <ele>33.910000000000004</ele>
   </trkpt>
   <trkpt lat="50.88502500202955" lon="5.318529997642162">
    <ele>34.07</ele>
   </trkpt>
   <trkpt lat="50.884890000000006" lon="5.317830000000001">
    <ele>34.81</ele>
   </trkpt>
   <trkpt lat="50.8849" lon="5.316730000000001">
    <ele>35.440000000000005</ele>
   </trkpt>
   <trkpt lat="50.88497" lon="5.316470000000001">
    <ele>35.54</ele>
   </trkpt>
   <trkpt lat="50.885310000000004" lon="5.31561">
    <ele>35.63</ele>
   </trkpt>
   <trkpt lat="50.885380000000005" lon="5.31545">
    <ele>35.97</ele>
   </trkpt>
   <trkpt lat="50.88553" lon="5.31524">
    <ele>36.08</ele>
   </trkpt>
   <trkpt lat="50.885070000000006" lon="5.31435">
    <ele>35.28000000000001</ele>
   </trkpt>
   <trkpt lat="50.88463" lon="5.313440000000001">
    <ele>36.47</ele>
   </trkpt>
   <trkpt lat="50.885200000000005" lon="5.312460000000001">
    <ele>36.43000000000001</ele>
   </trkpt>
   <trkpt lat="50.885580000000004" lon="5.311640000000001">
    <ele>36.39000000000001</ele>
   </trkpt>
   <trkpt lat="50.885670000000005" lon="5.311400000000001">
    <ele>36.27</ele>
   </trkpt>
   <trkpt lat="50.88597000000001" lon="5.310370000000001">
    <ele>35.61</ele>
   </trkpt>
   <trkpt lat="50.88609" lon="5.3101400000000005">
    <ele>35.46000000000001</ele>
   </trkpt>
   <trkpt lat="50.886700000000005" lon="5.3092500000000005">
    <ele>35.22</ele>
   </trkpt>
   <trkpt lat="50.88684000000001" lon="5.309100000000001">
    <ele>35.22</ele>
   </trkpt>
   <trkpt lat="50.886970000000005" lon="5.309010000000001">
    <ele>35.08</ele>
   </trkpt>
   <trkpt lat="50.887510000000006" lon="5.3087800000000005">
    <ele>34.61</ele>
   </trkpt>
   <trkpt lat="50.8875" lon="5.3087800000000005">
    <ele>34.620000000000005</ele>
   </trkpt>
   <trkpt lat="50.88756000000001" lon="5.30876">
    <ele>34.620000000000005</ele>
   </trkpt>
   <trkpt lat="50.88824" lon="5.30823">
    <ele>34.11</ele>
   </trkpt>
   <trkpt lat="50.888450000000006" lon="5.30801">
    <ele>33.95</ele>
   </trkpt>
   <trkpt lat="50.88888000000001" lon="5.307460000000001">
    <ele>34.02</ele>
   </trkpt>
   <trkpt lat="50.889250000000004" lon="5.3069500000000005">
    <ele>34.06</ele>
   </trkpt>
   <trkpt lat="50.889500000000005" lon="5.30684">
    <ele>34.06</ele>
   </trkpt>
   <trkpt lat="50.88964000000001" lon="5.306830000000001">
    <ele>33.760000000000005</ele>
   </trkpt>
   <trkpt lat="50.89005" lon="5.30696">
    <ele>33.68</ele>
   </trkpt>
   <trkpt lat="50.89021" lon="5.307">
    <ele>33.68</ele>
   </trkpt>
   <trkpt lat="50.890330000000006" lon="5.30701">
    <ele>33.64</ele>
   </trkpt>
   <trkpt lat="50.89045" lon="5.306970000000001">
    <ele>33.64</ele>
   </trkpt>
   <trkpt lat="50.89061" lon="5.3068800000000005">
    <ele>33.660000000000004</ele>
   </trkpt>
   <trkpt lat="50.890910000000005" lon="5.30656">
    <ele>33.74</ele>
   </trkpt>
   <trkpt lat="50.89099" lon="5.306310000000001">
    <ele>33.89</ele>
   </trkpt>
   <trkpt lat="50.890980000000006" lon="5.30621">
    <ele>33.89</ele>
   </trkpt>
   <trkpt lat="50.891070000000006" lon="5.306190000000001">
    <ele>33.800000000000004</ele>
   </trkpt>
   <trkpt lat="50.89121" lon="5.306100000000001">
    <ele>33.480000000000004</ele>
   </trkpt>
   <trkpt lat="50.89163500166794" lon="5.305500005290918">
    <ele>33.410000000000004</ele>
   </trkpt>
   <trkpt lat="50.89206" lon="5.304900000000001">
    <ele>33.63</ele>
   </trkpt>
   <trkpt lat="50.892360000000004" lon="5.304620000000001">
    <ele>33.79</ele>
   </trkpt>
   <trkpt lat="50.892540000000004" lon="5.30449">
    <ele>33.86</ele>
   </trkpt>
   <trkpt lat="50.89269" lon="5.30442">
    <ele>34.0</ele>
   </trkpt>
   <trkpt lat="50.89287" lon="5.3043700000000005">
    <ele>34.0</ele>
   </trkpt>
   <trkpt lat="50.893130000000006" lon="5.304340000000001">
    <ele>34.15</ele>
   </trkpt>
   <trkpt lat="50.893350000000005" lon="5.304290000000001">
    <ele>34.15</ele>
   </trkpt>
   <trkpt lat="50.89347" lon="5.30414">
    <ele>34.15</ele>
   </trkpt>
   <trkpt lat="50.89363" lon="5.3039000000000005">
    <ele>34.13</ele>
   </trkpt>
   <trkpt lat="50.89414000000001" lon="5.30356">
    <ele>34.06</ele>
   </trkpt>
   <trkpt lat="50.89467500085499" lon="5.303155004535611">
    <ele>33.95</ele>
   </trkpt>
   <trkpt lat="50.895210000000006" lon="5.3027500000000005">
    <ele>34.07</ele>
   </trkpt>
   <trkpt lat="50.895500000000006" lon="5.30252">
    <ele>34.34</ele>
   </trkpt>
   <trkpt lat="50.89558" lon="5.302440000000001">
    <ele>34.370000000000005</ele>
   </trkpt>
   <trkpt lat="50.895720000000004" lon="5.30224">
    <ele>33.74</ele>
   </trkpt>
   <trkpt lat="50.89576" lon="5.3021400000000005">
    <ele>33.74</ele>
   </trkpt>
   <trkpt lat="50.89599000638562" lon="5.30091500617747">
    <ele>32.59</ele>
   </trkpt>
   <trkpt lat="50.89622000000001" lon="5.29969">
    <ele>32.440000000000005</ele>
   </trkpt>
   <trkpt lat="50.89620000000001" lon="5.29938">
    <ele>32.53</ele>
   </trkpt>
   <trkpt lat="50.89605" lon="5.2987">
    <ele>32.720000000000006</ele>
   </trkpt>
   <trkpt lat="50.896" lon="5.29837">
    <ele>33.38</ele>
   </trkpt>
   <trkpt lat="50.89589" lon="5.29738">
    <ele>34.04</ele>
   </trkpt>
   <trkpt lat="50.89587" lon="5.29696">
    <ele>34.24</ele>
   </trkpt>
   <trkpt lat="50.895895003614754" lon="5.296040000509752">
    <ele>34.36</ele>
   </trkpt>
   <trkpt lat="50.895920000000004" lon="5.295120000000001">
    <ele>34.440000000000005</ele>
   </trkpt>
   <trkpt lat="50.89598" lon="5.29485">
    <ele>34.33</ele>
   </trkpt>
   <trkpt lat="50.89627000241933" lon="5.294100004627118">
    <ele>34.14</ele>
   </trkpt>
   <trkpt lat="50.89656" lon="5.29335">
    <ele>33.510000000000005</ele>
   </trkpt>
   <trkpt lat="50.897130000000004" lon="5.2923100000000005">
    <ele>32.730000000000004</ele>
   </trkpt>
   <trkpt lat="50.89717" lon="5.292190000000001">
    <ele>32.54</ele>
   </trkpt>
   <trkpt lat="50.89740667870693" lon="5.2910033453396395">
    <ele>32.11</ele>
   </trkpt>
   <trkpt lat="50.89764334538477" lon="5.289816678617166">
    <ele>32.019999999999996</ele>
   </trkpt>
   <trkpt lat="50.89788" lon="5.28863">
    <ele>31.810000000000006</ele>
   </trkpt>
   <trkpt lat="50.89802" lon="5.28814">
    <ele>31.810000000000006</ele>
   </trkpt>
   <trkpt lat="50.89838667373513" lon="5.287230014344474">
    <ele>31.85</ele>
   </trkpt>
   <trkpt lat="50.89875334039646" lon="5.2863200143579165">
    <ele>31.700000000000006</ele>
   </trkpt>
   <trkpt lat="50.89912" lon="5.285410000000001">
    <ele>31.580000000000002</ele>
   </trkpt>
   <trkpt lat="50.899260000000005" lon="5.28514">
    <ele>31.580000000000002</ele>
   </trkpt>
   <trkpt lat="50.89962000123651" lon="5.284595004262244">
    <ele>31.700000000000006</ele>
   </trkpt>
   <trkpt lat="50.899980000000006" lon="5.284050000000001">
    <ele>31.68</ele>
   </trkpt>
   <trkpt lat="50.9003" lon="5.283530000000001">
    <ele>31.43</ele>
   </trkpt>
   <trkpt lat="50.90037" lon="5.283460000000001">
    <ele>31.150000000000002</ele>
   </trkpt>
   <trkpt lat="50.90080500034804" lon="5.283145002997732">
    <ele>31.070000000000004</ele>
   </trkpt>
   <trkpt lat="50.90124" lon="5.282830000000001">
    <ele>30.97</ele>
   </trkpt>
   <trkpt lat="50.901340000000005" lon="5.28274">
    <ele>30.97</ele>
   </trkpt>
   <trkpt lat="50.90200000273906" lon="5.28192501167381">
    <ele>31.3</ele>
   </trkpt>
   <trkpt lat="50.902660000000004" lon="5.281110000000001">
    <ele>31.110000000000003</ele>
   </trkpt>
   <trkpt lat="50.903060000776" lon="5.280675003772272">
    <ele>31.080000000000002</ele>
   </trkpt>
   <trkpt lat="50.90346" lon="5.28024">
    <ele>31.150000000000002</ele>
   </trkpt>
   <trkpt lat="50.903890000693835" lon="5.279830003809797">
    <ele>30.990000000000002</ele>
   </trkpt>
   <trkpt lat="50.904320000000006" lon="5.27942">
    <ele>30.830000000000002</ele>
   </trkpt>
   <trkpt lat="50.9046" lon="5.27908">
    <ele>30.88</ele>
   </trkpt>
   <trkpt lat="50.90487" lon="5.278670000000001">
    <ele>30.860000000000003</ele>
   </trkpt>
   <trkpt lat="50.905150000000006" lon="5.278180000000001">
    <ele>30.63</ele>
   </trkpt>
   <trkpt lat="50.90542000000001" lon="5.2775300000000005">
    <ele>30.590000000000003</ele>
   </trkpt>
   <trkpt lat="50.90572000265069" lon="5.276750004890633">
    <ele>30.55</ele>
   </trkpt>
   <trkpt lat="50.906020000000005" lon="5.27597">
    <ele>30.310000000000002</ele>
   </trkpt>
   <trkpt lat="50.90605000000001" lon="5.2758400000000005">
    <ele>30.310000000000002</ele>
   </trkpt>
   <trkpt lat="50.906110000000005" lon="5.27533">
    <ele>30.310000000000002</ele>
   </trkpt>
   <trkpt lat="50.90633500192261" lon="5.274655003332426">
    <ele>30.060000000000002</ele>
   </trkpt>
   <trkpt lat="50.906560000000006" lon="5.273980000000001">
    <ele>29.890000000000004</ele>
   </trkpt>
   <trkpt lat="50.906760000000006" lon="5.27306">
    <ele>29.640000000000004</ele>
   </trkpt>
   <trkpt lat="50.906780000000005" lon="5.272740000000001">
    <ele>29.7</ele>
   </trkpt>
   <trkpt lat="50.90672500302076" lon="5.271899999117703">
    <ele>29.86</ele>
   </trkpt>
   <trkpt lat="50.906670000000005" lon="5.27106">
    <ele>30.09</ele>
   </trkpt>
   <trkpt lat="50.90668" lon="5.270670000000001">
    <ele>30.130000000000003</ele>
   </trkpt>
   <trkpt lat="50.906960000000005" lon="5.26933">
    <ele>30.11</ele>
   </trkpt>
   <trkpt lat="50.90738" lon="5.268230000000001">
    <ele>30.26</ele>
   </trkpt>
   <trkpt lat="50.907500000000006" lon="5.268020000000001">
    <ele>30.29</ele>
   </trkpt>
   <trkpt lat="50.907720000000005" lon="5.2677700000000005">
    <ele>30.400000000000002</ele>
   </trkpt>
   <trkpt lat="50.90793000000001" lon="5.267340000000001">
    <ele>30.320000000000004</ele>
   </trkpt>
   <trkpt lat="50.908390000000004" lon="5.26651">
    <ele>30.63</ele>
   </trkpt>
   <trkpt lat="50.90892251299809" lon="5.26550253459047">
    <ele>31.21</ele>
   </trkpt>
   <trkpt lat="50.90945501732628" lon="5.264495046129989">
    <ele>31.95</ele>
   </trkpt>
   <trkpt lat="50.90998751298423" lon="5.2634875346179655">
    <ele>32.21</ele>
   </trkpt>
   <trkpt lat="50.910520000000005" lon="5.26248">
    <ele>31.470000000000006</ele>
   </trkpt>
   <trkpt lat="50.91095000000001" lon="5.26177">
    <ele>31.110000000000003</ele>
   </trkpt>
   <trkpt lat="50.91156" lon="5.260820000000001">
    <ele>30.62</ele>
   </trkpt>
   <trkpt lat="50.91180000000001" lon="5.260330000000001">
    <ele>30.470000000000002</ele>
   </trkpt>
   <trkpt lat="50.9119" lon="5.260050000000001">
    <ele>30.38</ele>
   </trkpt>
   <trkpt lat="50.91209500219735" lon="5.259335002944153">
    <ele>30.410000000000004</ele>
   </trkpt>
   <trkpt lat="50.912290000000006" lon="5.2586200000000005">
    <ele>30.7</ele>
   </trkpt>
   <trkpt lat="50.9123" lon="5.25837">
    <ele>30.71</ele>
   </trkpt>
   <trkpt lat="50.91225000000001" lon="5.258100000000001">
    <ele>30.71</ele>
   </trkpt>
   <trkpt lat="50.91189000000001" lon="5.257040000000001">
    <ele>31.160000000000004</ele>
   </trkpt>
   <trkpt lat="50.91187000000001" lon="5.2568600000000005">
    <ele>31.160000000000004</ele>
   </trkpt>
   <trkpt lat="50.911880000000004" lon="5.256500000000001">
    <ele>31.43</ele>
   </trkpt>
   <trkpt lat="50.91194" lon="5.256220000000001">
    <ele>31.48</ele>
   </trkpt>
   <trkpt lat="50.91205" lon="5.255960000000001">
    <ele>31.48</ele>
   </trkpt>
   <trkpt lat="50.91227000000001" lon="5.25555">
    <ele>31.34</ele>
   </trkpt>
   <trkpt lat="50.912560000000006" lon="5.2552900000000005">
    <ele>31.240000000000002</ele>
   </trkpt>
   <trkpt lat="50.91317500050919" lon="5.254910005087787">
    <ele>30.8</ele>
   </trkpt>
   <trkpt lat="50.913790000000006" lon="5.254530000000001">
    <ele>30.480000000000004</ele>
   </trkpt>
   <trkpt lat="50.91427" lon="5.254130000000001">
    <ele>30.19</ele>
   </trkpt>
   <trkpt lat="50.91440000000001" lon="5.2540000000000004">
    <ele>30.140000000000004</ele>
   </trkpt>
   <trkpt lat="50.91465" lon="5.253710000000001">
    <ele>30.140000000000004</ele>
   </trkpt>
   <trkpt lat="50.914820000000006" lon="5.253310000000001">
    <ele>30.28</ele>
   </trkpt>
   <trkpt lat="50.9149" lon="5.253080000000001">
    <ele>30.230000000000004</ele>
   </trkpt>
   <trkpt lat="50.91494" lon="5.25283">
    <ele>30.240000000000002</ele>
   </trkpt>
   <trkpt lat="50.91494" lon="5.252820000000001">
    <ele>30.240000000000002</ele>
   </trkpt>
   <trkpt lat="50.915000000000006" lon="5.2525200000000005">
    <ele>30.410000000000004</ele>
   </trkpt>
   <trkpt lat="50.915020000000005" lon="5.25225">
    <ele>30.900000000000002</ele>
   </trkpt>
   <trkpt lat="50.91501" lon="5.252140000000001">
    <ele>30.900000000000002</ele>
   </trkpt>
   <trkpt lat="50.91496" lon="5.25197">
    <ele>31.150000000000002</ele>
   </trkpt>
   <trkpt lat="50.915110000000006" lon="5.2517700000000005">
    <ele>31.110000000000003</ele>
   </trkpt>
   <trkpt lat="50.91518000000001" lon="5.25161">
    <ele>31.110000000000003</ele>
   </trkpt>
   <trkpt lat="50.91557" lon="5.25044">
    <ele>30.490000000000002</ele>
   </trkpt>
   <trkpt lat="50.915760000000006" lon="5.250120000000001">
    <ele>30.35</ele>
   </trkpt>
   <trkpt lat="50.91621000000001" lon="5.24971">
    <ele>30.17</ele>
   </trkpt>
   <trkpt lat="50.91633" lon="5.249490000000001">
    <ele>30.160000000000004</ele>
   </trkpt>
   <trkpt lat="50.916380000000004" lon="5.24934">
    <ele>30.160000000000004</ele>
   </trkpt>
   <trkpt lat="50.916470000000004" lon="5.24875">
    <ele>30.320000000000004</ele>
   </trkpt>
   <trkpt lat="50.91658" lon="5.248550000000001">
    <ele>30.070000000000004</ele>
   </trkpt>
   <trkpt lat="50.916560000000004" lon="5.248430000000001">
    <ele>30.070000000000004</ele>
   </trkpt>
   <trkpt lat="50.91657000000001" lon="5.2481100000000005">
    <ele>30.070000000000004</ele>
   </trkpt>
   <trkpt lat="50.916810000000005" lon="5.24809">
    <ele>29.67</ele>
   </trkpt>
   <trkpt lat="50.916880000000006" lon="5.248030000000001">
    <ele>29.67</ele>
   </trkpt>
   <trkpt lat="50.917370000000005" lon="5.247170000000001">
    <ele>28.900000000000002</ele>
   </trkpt>
   <trkpt lat="50.91725" lon="5.24737">
    <ele>29.080000000000002</ele>
   </trkpt>
   <trkpt lat="50.91742000000001" lon="5.24718">
    <ele>28.970000000000002</ele>
   </trkpt>
   <trkpt lat="50.9177" lon="5.24673">
    <ele>28.98</ele>
   </trkpt>
   <trkpt lat="50.917750000000005" lon="5.246670000000001">
    <ele>28.98</ele>
   </trkpt>
   <trkpt lat="50.91785" lon="5.24671">
    <ele>28.84</ele>
   </trkpt>
   <trkpt lat="50.91827500063583" lon="5.247089996546457">
    <ele>28.360000000000003</ele>
   </trkpt>
   <trkpt lat="50.9187" lon="5.247470000000001">
    <ele>28.25</ele>
   </trkpt>
   <trkpt lat="50.918780000000005" lon="5.24758">
    <ele>28.25</ele>
   </trkpt>
   <trkpt lat="50.91903000000001" lon="5.24781">
    <ele>28.25</ele>
   </trkpt>
   <trkpt lat="50.91910000000001" lon="5.24784">
    <ele>28.35</ele>
   </trkpt>
   <trkpt lat="50.919470000000004" lon="5.2481800000000005">
    <ele>28.59</ele>
   </trkpt>
   <trkpt lat="50.919520000000006" lon="5.24802">
    <ele>28.51</ele>
   </trkpt>
   <trkpt lat="50.91949" lon="5.2479000000000005">
    <ele>28.51</ele>
   </trkpt>
   <trkpt lat="50.91953" lon="5.24777">
    <ele>28.39</ele>
   </trkpt>
   <trkpt lat="50.919520000000006" lon="5.247660000000001">
    <ele>28.39</ele>
   </trkpt>
   <trkpt lat="50.919700000000006" lon="5.2468900000000005">
    <ele>27.82</ele>
   </trkpt>
   <trkpt lat="50.91977000000001" lon="5.24598">
    <ele>27.85</ele>
   </trkpt>
   <trkpt lat="50.919810000000005" lon="5.245690000000001">
    <ele>27.85</ele>
   </trkpt>
   <trkpt lat="50.919920000000005" lon="5.24526">
    <ele>28.060000000000002</ele>
   </trkpt>
   <trkpt lat="50.920030000000004" lon="5.244800000000001">
    <ele>28.080000000000002</ele>
   </trkpt>
   <trkpt lat="50.92006000000001" lon="5.24448">
    <ele>28.32</ele>
   </trkpt>
   <trkpt lat="50.92000000334101" lon="5.243599999363052">
    <ele>28.380000000000003</ele>
   </trkpt>
   <trkpt lat="50.919940000000004" lon="5.24272">
    <ele>28.26</ele>
   </trkpt>
   <trkpt lat="50.91995000000001" lon="5.242500000000001">
    <ele>28.23</ele>
   </trkpt>
   <trkpt lat="50.920120000000004" lon="5.2412">
    <ele>28.19</ele>
   </trkpt>
   <trkpt lat="50.92029000303211" lon="5.240350003372165">
    <ele>27.680000000000003</ele>
   </trkpt>
   <trkpt lat="50.920460000000006" lon="5.2395000000000005">
    <ele>27.31</ele>
   </trkpt>
   <trkpt lat="50.920570000000005" lon="5.23913">
    <ele>27.21</ele>
   </trkpt>
   <trkpt lat="50.92083" lon="5.23859">
    <ele>27.180000000000003</ele>
   </trkpt>
   <trkpt lat="50.920930000000006" lon="5.23843">
    <ele>27.37</ele>
   </trkpt>
   <trkpt lat="50.92141" lon="5.23786">
    <ele>27.900000000000002</ele>
   </trkpt>
   <trkpt lat="50.92159" lon="5.237500000000001">
    <ele>28.110000000000003</ele>
   </trkpt>
   <trkpt lat="50.92174000000001" lon="5.23709">
    <ele>28.23</ele>
   </trkpt>
   <trkpt lat="50.921870000000006" lon="5.23655">
    <ele>28.17</ele>
   </trkpt>
   <trkpt lat="50.921960000000006" lon="5.23629">
    <ele>28.240000000000002</ele>
   </trkpt>
   <trkpt lat="50.922050000000006" lon="5.2361200000000006">
    <ele>28.240000000000002</ele>
   </trkpt>
   <trkpt lat="50.922160000000005" lon="5.23596">
    <ele>28.44</ele>
   </trkpt>
   <trkpt lat="50.92257000000001" lon="5.23552">
    <ele>29.030000000000005</ele>
   </trkpt>
   <trkpt lat="50.922700000000006" lon="5.23531">
    <ele>29.32</ele>
   </trkpt>
   <trkpt lat="50.92284" lon="5.23491">
    <ele>29.380000000000003</ele>
   </trkpt>
   <trkpt lat="50.92286000000001" lon="5.23472">
    <ele>29.35</ele>
   </trkpt>
   <trkpt lat="50.922850000000004" lon="5.234170000000001">
    <ele>29.09</ele>
   </trkpt>
   <trkpt lat="50.92287" lon="5.23345">
    <ele>29.040000000000003</ele>
   </trkpt>
   <trkpt lat="50.922920000000005" lon="5.233180000000001">
    <ele>29.060000000000002</ele>
   </trkpt>
   <trkpt lat="50.923" lon="5.23289">
    <ele>29.060000000000002</ele>
   </trkpt>
   <trkpt lat="50.92334" lon="5.23209">
    <ele>28.87</ele>
   </trkpt>
   <trkpt lat="50.92360000000001" lon="5.23153">
    <ele>28.810000000000002</ele>
   </trkpt>
   <trkpt lat="50.92403000468666" lon="5.230790013662457">
    <ele>28.62</ele>
   </trkpt>
   <trkpt lat="50.92446000469648" lon="5.230050013645747">
    <ele>28.380000000000003</ele>
   </trkpt>
   <trkpt lat="50.924890000000005" lon="5.229310000000001">
    <ele>28.37</ele>
   </trkpt>
   <trkpt lat="50.92519" lon="5.22867">
    <ele>28.400000000000002</ele>
   </trkpt>
   <trkpt lat="50.925290000000004" lon="5.22853">
    <ele>28.51</ele>
   </trkpt>
   <trkpt lat="50.92544" lon="5.22836">
    <ele>28.560000000000002</ele>
   </trkpt>
   <trkpt lat="50.92597000000001" lon="5.2279">
    <ele>28.380000000000003</ele>
   </trkpt>
   <trkpt lat="50.92622" lon="5.22754">
    <ele>28.26</ele>
   </trkpt>
   <trkpt lat="50.92675500489761" lon="5.226470012288716">
    <ele>28.25</ele>
   </trkpt>
   <trkpt lat="50.927290000000006" lon="5.2254000000000005">
    <ele>27.970000000000002</ele>
   </trkpt>
   <trkpt lat="50.92758000151496" lon="5.224805003702848">
    <ele>27.89</ele>
   </trkpt>
   <trkpt lat="50.927870000000006" lon="5.22421">
    <ele>27.57</ele>
   </trkpt>
   <trkpt lat="50.92794000000001" lon="5.22402">
    <ele>27.57</ele>
   </trkpt>
   <trkpt lat="50.928165002132125" lon="5.223315003379666">
    <ele>27.12</ele>
   </trkpt>
   <trkpt lat="50.92839000000001" lon="5.22261">
    <ele>26.560000000000002</ele>
   </trkpt>
   <trkpt lat="50.928560000000004" lon="5.222180000000001">
    <ele>26.13</ele>
   </trkpt>
   <trkpt lat="50.92894000621745" lon="5.221326680612497">
    <ele>26.220000000000002</ele>
   </trkpt>
   <trkpt lat="50.929320006216024" lon="5.220473347282534">
    <ele>25.87</ele>
   </trkpt>
   <trkpt lat="50.929700000000004" lon="5.219620000000001">
    <ele>26.38</ele>
   </trkpt>
   <trkpt lat="50.9299" lon="5.21914">
    <ele>26.44</ele>
   </trkpt>
   <trkpt lat="50.93000000000001" lon="5.21881">
    <ele>26.44</ele>
   </trkpt>
   <trkpt lat="50.93018500254775" lon="5.218030003314122">
    <ele>26.6</ele>
   </trkpt>
   <trkpt lat="50.93037" lon="5.217250000000001">
    <ele>26.820000000000004</ele>
   </trkpt>
   <trkpt lat="50.930460000000004" lon="5.2170000000000005">
    <ele>26.820000000000004</ele>
   </trkpt>
   <trkpt lat="50.93063" lon="5.216690000000001">
    <ele>27.1</ele>
   </trkpt>
   <trkpt lat="50.93132000000001" lon="5.21584">
    <ele>27.3</ele>
   </trkpt>
   <trkpt lat="50.93146" lon="5.2157">
    <ele>27.3</ele>
   </trkpt>
   <trkpt lat="50.931650000000005" lon="5.2155700000000005">
    <ele>27.3</ele>
   </trkpt>
   <trkpt lat="50.931850000000004" lon="5.21553">
    <ele>27.330000000000002</ele>
   </trkpt>
   <trkpt lat="50.93207" lon="5.21555">
    <ele>27.330000000000002</ele>
   </trkpt>
   <trkpt lat="50.932610000000004" lon="5.215750000000001">
    <ele>27.23</ele>
   </trkpt>
   <trkpt lat="50.93271000000001" lon="5.215750000000001">
    <ele>27.23</ele>
   </trkpt>
   <trkpt lat="50.93283" lon="5.21567">
    <ele>27.200000000000003</ele>
   </trkpt>
   <trkpt lat="50.93292" lon="5.21553">
    <ele>27.080000000000002</ele>
   </trkpt>
   <trkpt lat="50.933150000000005" lon="5.21487">
    <ele>26.98</ele>
   </trkpt>
   <trkpt lat="50.93336000000001" lon="5.2143500000000005">
    <ele>26.85</ele>
   </trkpt>
   <trkpt lat="50.933690000000006" lon="5.2138100000000005">
    <ele>26.900000000000002</ele>
   </trkpt>
   <trkpt lat="50.933800000000005" lon="5.21361">
    <ele>26.770000000000003</ele>
   </trkpt>
   <trkpt lat="50.933890000000005" lon="5.213360000000001">
    <ele>26.770000000000003</ele>
   </trkpt>
   <trkpt lat="50.93424" lon="5.21206">
    <ele>26.46</ele>
   </trkpt>
   <trkpt lat="50.93431" lon="5.211740000000001">
    <ele>26.09</ele>
   </trkpt>
   <trkpt lat="50.934490000000004" lon="5.21114">
    <ele>25.92</ele>
   </trkpt>
   <trkpt lat="50.9346" lon="5.21096">
    <ele>25.94</ele>
   </trkpt>
   <trkpt lat="50.93469" lon="5.21091">
    <ele>25.94</ele>
   </trkpt>
   <trkpt lat="50.93477000000001" lon="5.21089">
    <ele>25.910000000000004</ele>
   </trkpt>
   <trkpt lat="50.935300000000005" lon="5.21086">
    <ele>26.160000000000004</ele>
   </trkpt>
   <trkpt lat="50.935460000000006" lon="5.210800000000001">
    <ele>26.36</ele>
   </trkpt>
   <trkpt lat="50.935550000000006" lon="5.21072">
    <ele>26.63</ele>
   </trkpt>
   <trkpt lat="50.93564000000001" lon="5.210660000000001">
    <ele>26.98</ele>
   </trkpt>
   <trkpt lat="50.935900000000004" lon="5.21035">
    <ele>27.35</ele>
   </trkpt>
   <trkpt lat="50.93623" lon="5.209840000000001">
    <ele>28.540000000000003</ele>
   </trkpt>
   <trkpt lat="50.93661" lon="5.210920000000001">
    <ele>29.710000000000004</ele>
   </trkpt>
   <trkpt lat="50.93676000000001" lon="5.211290000000001">
    <ele>30.0</ele>
   </trkpt>
   <trkpt lat="50.93708" lon="5.21194">
    <ele>30.240000000000002</ele>
   </trkpt>
   <trkpt lat="50.93726" lon="5.21215">
    <ele>30.240000000000002</ele>
   </trkpt>
   <trkpt lat="50.9378" lon="5.21239">
    <ele>30.580000000000002</ele>
   </trkpt>
   <trkpt lat="50.937960000000004" lon="5.21243">
    <ele>30.580000000000002</ele>
   </trkpt>
   <trkpt lat="50.938140000000004" lon="5.212440000000001">
    <ele>30.910000000000004</ele>
   </trkpt>
   <trkpt lat="50.938340000000004" lon="5.212400000000001">
    <ele>30.910000000000004</ele>
   </trkpt>
   <trkpt lat="50.93862000000001" lon="5.21224">
    <ele>31.060000000000002</ele>
   </trkpt>
   <trkpt lat="50.93872" lon="5.212160000000001">
    <ele>31.060000000000002</ele>
   </trkpt>
   <trkpt lat="50.9393" lon="5.2115100000000005">
    <ele>31.160000000000004</ele>
   </trkpt>
   <trkpt lat="50.93943" lon="5.21147">
    <ele>31.160000000000004</ele>
   </trkpt>
   <trkpt lat="50.93999499996879" lon="5.211415000672624">
    <ele>31.150000000000002</ele>
   </trkpt>
   <trkpt lat="50.940560000000005" lon="5.21136">
    <ele>31.020000000000003</ele>
   </trkpt>
   <trkpt lat="50.9408" lon="5.2113000000000005">
    <ele>31.020000000000003</ele>
   </trkpt>
   <trkpt lat="50.94145000021287" lon="5.211105002710993">
    <ele>30.990000000000002</ele>
   </trkpt>
   <trkpt lat="50.9421" lon="5.21091">
    <ele>31.490000000000002</ele>
   </trkpt>
   <trkpt lat="50.942550000122814" lon="5.210760001442934">
    <ele>31.76</ele>
   </trkpt>
   <trkpt lat="50.943000000000005" lon="5.210610000000001">
    <ele>32.06</ele>
   </trkpt>
   <trkpt lat="50.943180000000005" lon="5.21053">
    <ele>32.06</ele>
   </trkpt>
   <trkpt lat="50.94341000000001" lon="5.21037">
    <ele>32.150000000000006</ele>
   </trkpt>
   <trkpt lat="50.94396333511866" lon="5.2099100109680085">
    <ele>32.36</ele>
   </trkpt>
   <trkpt lat="50.94451666843042" lon="5.209450010986119">
    <ele>32.400000000000006</ele>
   </trkpt>
   <trkpt lat="50.94507" lon="5.20899">
    <ele>32.42</ele>
   </trkpt>
   <trkpt lat="50.94577" lon="5.20844">
    <ele>32.52</ele>
   </trkpt>
   <trkpt lat="50.946340000000006" lon="5.20795">
    <ele>32.54</ele>
   </trkpt>
   <trkpt lat="50.94662" lon="5.207750000000001">
    <ele>32.650000000000006</ele>
   </trkpt>
   <trkpt lat="50.94679000000001" lon="5.2077100000000005">
    <ele>32.580000000000005</ele>
   </trkpt>
   <trkpt lat="50.94686" lon="5.2077">
    <ele>32.59</ele>
   </trkpt>
   <trkpt lat="50.94688000000001" lon="5.2077">
    <ele>32.59</ele>
   </trkpt>
   <trkpt lat="50.947190000000006" lon="5.20769">
    <ele>32.86</ele>
   </trkpt>
   <trkpt lat="50.947340000000004" lon="5.2077100000000005">
    <ele>32.93</ele>
   </trkpt>
   <trkpt lat="50.947520000000004" lon="5.2076400000000005">
    <ele>32.870000000000005</ele>
   </trkpt>
   <trkpt lat="50.947720000000004" lon="5.2076">
    <ele>32.330000000000005</ele>
   </trkpt>
   <trkpt lat="50.94832000030086" lon="5.207779995360365">
    <ele>31.77</ele>
   </trkpt>
   <trkpt lat="50.94892000032505" lon="5.207959995367549">
    <ele>31.12</ele>
   </trkpt>
   <trkpt lat="50.94952000000001" lon="5.20814">
    <ele>30.26</ele>
   </trkpt>
   <trkpt lat="50.949490000000004" lon="5.208130000000001">
    <ele>30.29</ele>
   </trkpt>
   <trkpt lat="50.950230000000005" lon="5.208360000000001">
    <ele>29.290000000000003</ele>
   </trkpt>
   <trkpt lat="50.95028000000001" lon="5.20838">
    <ele>29.290000000000003</ele>
   </trkpt>
   <trkpt lat="50.95036" lon="5.20851">
    <ele>29.290000000000003</ele>
   </trkpt>
   <trkpt lat="50.95073000000001" lon="5.208600000000001">
    <ele>28.360000000000003</ele>
   </trkpt>
   <trkpt lat="50.95082000000001" lon="5.20866">
    <ele>28.360000000000003</ele>
   </trkpt>
   <trkpt lat="50.951080000000005" lon="5.207960000000001">
    <ele>27.810000000000002</ele>
   </trkpt>
   <trkpt lat="50.9513" lon="5.20755">
    <ele>27.69</ele>
   </trkpt>
   <trkpt lat="50.95154" lon="5.20727">
    <ele>27.57</ele>
   </trkpt>
   <trkpt lat="50.95198500050498" lon="5.206970002791003">
    <ele>27.39</ele>
   </trkpt>
   <trkpt lat="50.95243000000001" lon="5.206670000000001">
    <ele>27.23</ele>
   </trkpt>
   <trkpt lat="50.95259" lon="5.20659">
    <ele>27.080000000000002</ele>
   </trkpt>
   <trkpt lat="50.952760000000005" lon="5.20659">
    <ele>27.080000000000002</ele>
   </trkpt>
   <trkpt lat="50.952920000000006" lon="5.20664">
    <ele>26.92</ele>
   </trkpt>
   <trkpt lat="50.95297000000001" lon="5.206670000000001">
    <ele>26.92</ele>
   </trkpt>
   <trkpt lat="50.952960000000004" lon="5.20666">
    <ele>26.92</ele>
   </trkpt>
   <trkpt lat="50.95306" lon="5.206740000000001">
    <ele>26.89</ele>
   </trkpt>
   <trkpt lat="50.95322" lon="5.206950000000001">
    <ele>26.92</ele>
   </trkpt>
   <trkpt lat="50.95353" lon="5.20608">
    <ele>26.900000000000002</ele>
   </trkpt>
   <trkpt lat="50.95355000000001" lon="5.20591">
    <ele>27.000000000000004</ele>
   </trkpt>
   <trkpt lat="50.953570000000006" lon="5.20514">
    <ele>27.53</ele>
   </trkpt>
   <trkpt lat="50.95373000000001" lon="5.205050000000001">
    <ele>27.53</ele>
   </trkpt>
   <trkpt lat="50.953880000000005" lon="5.20492">
    <ele>27.770000000000003</ele>
   </trkpt>
   <trkpt lat="50.954" lon="5.20471">
    <ele>27.770000000000003</ele>
   </trkpt>
   <trkpt lat="50.95422000177943" lon="5.204080002739236">
    <ele>28.28</ele>
   </trkpt>
   <trkpt lat="50.954440000000005" lon="5.20345">
    <ele>28.55</ele>
   </trkpt>
   <trkpt lat="50.954950000000004" lon="5.2023">
    <ele>28.540000000000003</ele>
   </trkpt>
   <trkpt lat="50.95518000212228" lon="5.201600003372346">
    <ele>28.360000000000003</ele>
   </trkpt>
   <trkpt lat="50.95541000000001" lon="5.200900000000001">
    <ele>28.14</ele>
   </trkpt>
   <trkpt lat="50.95541000000001" lon="5.200880000000001">
    <ele>28.14</ele>
   </trkpt>
   <trkpt lat="50.955630000000006" lon="5.20021">
    <ele>27.98</ele>
   </trkpt>
   <trkpt lat="50.95602" lon="5.1991700000000005">
    <ele>27.880000000000003</ele>
   </trkpt>
   <trkpt lat="50.956120000000006" lon="5.19908">
    <ele>28.040000000000003</ele>
   </trkpt>
   <trkpt lat="50.956390000000006" lon="5.19899">
    <ele>28.040000000000003</ele>
   </trkpt>
   <trkpt lat="50.956540000000004" lon="5.198840000000001">
    <ele>28.25</ele>
   </trkpt>
   <trkpt lat="50.95638" lon="5.19822">
    <ele>27.98</ele>
   </trkpt>
   <trkpt lat="50.956360000000004" lon="5.1979500000000005">
    <ele>28.150000000000002</ele>
   </trkpt>
   <trkpt lat="50.956410000000005" lon="5.197780000000001">
    <ele>28.150000000000002</ele>
   </trkpt>
   <trkpt lat="50.95666000000001" lon="5.19746">
    <ele>28.84</ele>
   </trkpt>
   <trkpt lat="50.956720000000004" lon="5.197360000000001">
    <ele>28.84</ele>
   </trkpt>
   <trkpt lat="50.95678" lon="5.197050000000001">
    <ele>29.01</ele>
   </trkpt>
   <trkpt lat="50.95682000426959" lon="5.196050000854501">
    <ele>29.43</ele>
   </trkpt>
   <trkpt lat="50.956860000000006" lon="5.19505">
    <ele>29.040000000000003</ele>
   </trkpt>
   <trkpt lat="50.95685" lon="5.19448">
    <ele>28.830000000000002</ele>
   </trkpt>
   <trkpt lat="50.956830000000004" lon="5.194260000000001">
    <ele>28.520000000000003</ele>
   </trkpt>
   <trkpt lat="50.956830000000004" lon="5.19425">
    <ele>28.51</ele>
   </trkpt>
   <trkpt lat="50.95675000000001" lon="5.19348">
    <ele>27.87</ele>
   </trkpt>
   <trkpt lat="50.957375001043594" lon="5.192985006659812">
    <ele>28.16</ele>
   </trkpt>
   <trkpt lat="50.958000000000006" lon="5.19249">
    <ele>28.32</ele>
   </trkpt>
   <trkpt lat="50.95837" lon="5.19216">
    <ele>28.130000000000003</ele>
   </trkpt>
   <trkpt lat="50.95884" lon="5.1917">
    <ele>27.430000000000003</ele>
   </trkpt>
   <trkpt lat="50.95909" lon="5.191420000000001">
    <ele>27.01</ele>
   </trkpt>
   <trkpt lat="50.95950000113316" lon="5.190925004262723">
    <ele>26.12</ele>
   </trkpt>
   <trkpt lat="50.95991" lon="5.19043">
    <ele>25.890000000000004</ele>
   </trkpt>
   <trkpt lat="50.96045" lon="5.18954">
    <ele>24.91</ele>
   </trkpt>
   <trkpt lat="50.96100000434879" lon="5.188540011692983">
    <ele>24.040000000000003</ele>
   </trkpt>
   <trkpt lat="50.96155" lon="5.18754">
    <ele>23.19</ele>
   </trkpt>
   <trkpt lat="50.96192500080658" lon="5.187095003637858">
    <ele>22.81</ele>
   </trkpt>
   <trkpt lat="50.962300000000006" lon="5.18665">
    <ele>22.87</ele>
   </trkpt>
   <trkpt lat="50.96235" lon="5.18658">
    <ele>22.910000000000004</ele>
   </trkpt>
   <trkpt lat="50.96253" lon="5.18632">
    <ele>22.85</ele>
   </trkpt>
   <trkpt lat="50.9626" lon="5.1863">
    <ele>22.85</ele>
   </trkpt>
   <trkpt lat="50.96264000000001" lon="5.1862200000000005">
    <ele>22.8</ele>
   </trkpt>
   <trkpt lat="50.96264000000001" lon="5.186170000000001">
    <ele>22.8</ele>
   </trkpt>
   <trkpt lat="50.96276" lon="5.18594">
    <ele>22.8</ele>
   </trkpt>
   <trkpt lat="50.96307" lon="5.18559">
    <ele>22.54</ele>
   </trkpt>
   <trkpt lat="50.96325" lon="5.18543">
    <ele>22.54</ele>
   </trkpt>
   <trkpt lat="50.963720000625656" lon="5.185080003464413">
    <ele>22.63</ele>
   </trkpt>
   <trkpt lat="50.96419" lon="5.18473">
    <ele>23.01</ele>
   </trkpt>
   <trkpt lat="50.964850000000006" lon="5.1843">
    <ele>22.76</ele>
   </trkpt>
   <trkpt lat="50.96488" lon="5.184340000000001">
    <ele>22.76</ele>
   </trkpt>
   <trkpt lat="50.965140000000005" lon="5.18433">
    <ele>22.240000000000002</ele>
   </trkpt>
   <trkpt lat="50.966" lon="5.18435">
    <ele>21.79</ele>
   </trkpt>
   <trkpt lat="50.96625" lon="5.18438">
    <ele>21.69</ele>
   </trkpt>
   <trkpt lat="50.96690499998311" lon="5.184499998293574">
    <ele>21.67</ele>
   </trkpt>
   <trkpt lat="50.967560000000006" lon="5.184620000000001">
    <ele>22.01</ele>
   </trkpt>
   <trkpt lat="50.9677" lon="5.184620000000001">
    <ele>22.340000000000003</ele>
   </trkpt>
   <trkpt lat="50.967780000000005" lon="5.18465">
    <ele>22.45</ele>
   </trkpt>
   <trkpt lat="50.967940000000006" lon="5.18475">
    <ele>22.480000000000004</ele>
   </trkpt>
   <trkpt lat="50.96857000000001" lon="5.185250000000001">
    <ele>22.28</ele>
   </trkpt>
   <trkpt lat="50.968790000000006" lon="5.18534">
    <ele>22.070000000000004</ele>
   </trkpt>
   <trkpt lat="50.969010000000004" lon="5.18538">
    <ele>21.990000000000002</ele>
   </trkpt>
   <trkpt lat="50.969280000000005" lon="5.18538">
    <ele>21.900000000000002</ele>
   </trkpt>
   <trkpt lat="50.9698349999337" lon="5.185290001091775">
    <ele>21.77</ele>
   </trkpt>
   <trkpt lat="50.97039" lon="5.1852">
    <ele>22.160000000000004</ele>
   </trkpt>
   <trkpt lat="50.97079" lon="5.18517">
    <ele>22.76</ele>
   </trkpt>
   <trkpt lat="50.971180000000004" lon="5.18519">
    <ele>23.01</ele>
   </trkpt>
   <trkpt lat="50.97129" lon="5.185230000000001">
    <ele>22.39</ele>
   </trkpt>
   <trkpt lat="50.971560000000004" lon="5.18538">
    <ele>22.11</ele>
   </trkpt>
   <trkpt lat="50.972350000000006" lon="5.1860100000000005">
    <ele>21.550000000000004</ele>
   </trkpt>
   <trkpt lat="50.973170002276376" lon="5.186429977761442">
    <ele>21.52</ele>
   </trkpt>
   <trkpt lat="50.97399000304682" lon="5.186849970353902">
    <ele>22.3</ele>
   </trkpt>
   <trkpt lat="50.97481000231122" lon="5.187269977778311">
    <ele>22.09</ele>
   </trkpt>
   <trkpt lat="50.97563" lon="5.187690000000001">
    <ele>22.36</ele>
   </trkpt>
   <trkpt lat="50.975660000000005" lon="5.18759">
    <ele>22.47</ele>
   </trkpt>
   <trkpt lat="50.97578000000001" lon="5.1874">
    <ele>22.21</ele>
   </trkpt>
   <trkpt lat="50.975880000000004" lon="5.187360000000001">
    <ele>22.21</ele>
   </trkpt>
   <trkpt lat="50.97598000000001" lon="5.18735">
    <ele>22.05</ele>
   </trkpt>
   <trkpt lat="50.975950000000005" lon="5.18735">
    <ele>22.080000000000002</ele>
   </trkpt>
   <trkpt lat="50.97658666670353" lon="5.187300001369849">
    <ele>22.04</ele>
   </trkpt>
   <trkpt lat="50.97722333338574" lon="5.187250001368652">
    <ele>22.22</ele>
   </trkpt>
   <trkpt lat="50.97786000000001" lon="5.187200000000001">
    <ele>22.500000000000004</ele>
   </trkpt>
   <trkpt lat="50.97833000000001" lon="5.18714">
    <ele>22.55</ele>
   </trkpt>
   <trkpt lat="50.978550000000006" lon="5.187080000000001">
    <ele>22.9</ele>
   </trkpt>
   <trkpt lat="50.97874" lon="5.187">
    <ele>22.9</ele>
   </trkpt>
   <trkpt lat="50.979290000000006" lon="5.186710000000001">
    <ele>23.87</ele>
   </trkpt>
   <trkpt lat="50.979380000000006" lon="5.186640000000001">
    <ele>23.87</ele>
   </trkpt>
   <trkpt lat="50.979510000000005" lon="5.1865000000000006">
    <ele>23.880000000000003</ele>
   </trkpt>
   <trkpt lat="50.979620000000004" lon="5.18628">
    <ele>24.03</ele>
   </trkpt>
   <trkpt lat="50.979960000000005" lon="5.18541">
    <ele>24.44</ele>
   </trkpt>
   <trkpt lat="50.9802" lon="5.1848">
    <ele>24.92</ele>
   </trkpt>
   <trkpt lat="50.9804" lon="5.18461">
    <ele>25.0</ele>
   </trkpt>
   <trkpt lat="50.981055000928244" lon="5.184125006898382">
    <ele>25.23</ele>
   </trkpt>
   <trkpt lat="50.98171000000001" lon="5.1836400000000005">
    <ele>26.150000000000002</ele>
   </trkpt>
   <trkpt lat="50.98199" lon="5.1835">
    <ele>26.520000000000003</ele>
   </trkpt>
   <trkpt lat="50.98279500032023" lon="5.1831800055951005">
    <ele>29.14</ele>
   </trkpt>
   <trkpt lat="50.9836" lon="5.182860000000001">
    <ele>34.99</ele>
   </trkpt>
   <trkpt lat="50.98397500536886" lon="5.18398499081218">
    <ele>35.7</ele>
   </trkpt>
   <trkpt lat="50.984350000000006" lon="5.185110000000001">
    <ele>35.79</ele>
   </trkpt>
   <trkpt lat="50.984350000000006" lon="5.1851">
    <ele>35.78000000000001</ele>
   </trkpt>
   <trkpt lat="50.98453000000001" lon="5.18567">
    <ele>36.49</ele>
   </trkpt>
   <trkpt lat="50.98462000000001" lon="5.185720000000001">
    <ele>36.82000000000001</ele>
   </trkpt>
   <trkpt lat="50.984680000000004" lon="5.18587">
    <ele>37.160000000000004</ele>
   </trkpt>
   <trkpt lat="50.98476" lon="5.18585">
    <ele>37.15</ele>
   </trkpt>
   <trkpt lat="50.9845850044123" lon="5.184834996259777">
    <ele>38.49</ele>
   </trkpt>
   <trkpt lat="50.984410000000004" lon="5.183820000000001">
    <ele>40.980000000000004</ele>
   </trkpt>
   <trkpt lat="50.984390000000005" lon="5.183590000000001">
    <ele>40.980000000000004</ele>
   </trkpt>
   <trkpt lat="50.98443" lon="5.18313">
    <ele>41.88</ele>
   </trkpt>
   <trkpt lat="50.98473402265424" lon="5.181978030192196">
    <ele>44.94</ele>
   </trkpt>
   <trkpt lat="50.98503803397954" lon="5.180826045295985">
    <ele>47.690000000000005</ele>
   </trkpt>
   <trkpt lat="50.98534203397565" lon="5.179674045311569">
    <ele>49.63000000000001</ele>
   </trkpt>
   <trkpt lat="50.985646022642285" lon="5.178522030239149">
    <ele>51.160000000000004</ele>
   </trkpt>
   <trkpt lat="50.98595" lon="5.177370000000001">
    <ele>54.07000000000001</ele>
   </trkpt>
   <trkpt lat="50.986255005465416" lon="5.176240007368752">
    <ele>56.59</ele>
   </trkpt>
   <trkpt lat="50.986560000000004" lon="5.17511">
    <ele>59.27</ele>
   </trkpt>
   <trkpt lat="50.98662" lon="5.174950000000001">
    <ele>59.67000000000001</ele>
   </trkpt>
   <trkpt lat="50.986810000000006" lon="5.17466">
    <ele>60.260000000000005</ele>
   </trkpt>
   <trkpt lat="50.986880000000006" lon="5.1744200000000005">
    <ele>60.63</ele>
   </trkpt>
   <trkpt lat="50.987198362050364" lon="5.173260039777138">
    <ele>60.04</ele>
   </trkpt>
   <trkpt lat="50.98751671261429" lon="5.172100063643208">
    <ele>58.25</ele>
   </trkpt>
   <trkpt lat="50.987835051691484" lon="5.170940071598387">
    <ele>56.61000000000001</ele>
   </trkpt>
   <trkpt lat="50.988153379281684" lon="5.1697800636428495">
    <ele>54.790000000000006</ele>
   </trkpt>
   <trkpt lat="50.9884716953846" lon="5.168620039776771">
    <ele>51.58</ele>
   </trkpt>
   <trkpt lat="50.98879" lon="5.16746">
    <ele>48.88</ele>
   </trkpt>
   <trkpt lat="50.98913289761679" lon="5.166202912858608">
    <ele>45.56</ele>
   </trkpt>
   <trkpt lat="50.989475781743224" lon="5.164945807143697">
    <ele>42.96</ele>
   </trkpt>
   <trkpt lat="50.9898186523789" lon="5.163688682855492">
    <ele>38.760000000000005</ele>
   </trkpt>
   <trkpt lat="50.99016150952348" lon="5.162431539994222">
    <ele>37.28</ele>
   </trkpt>
   <trkpt lat="50.9905043531766" lon="5.161174378560122">
    <ele>36.65</ele>
   </trkpt>
   <trkpt lat="50.990847183337905" lon="5.159917198553415">
    <ele>36.72</ele>
   </trkpt>
   <trkpt lat="50.99119" lon="5.15866">
    <ele>35.7</ele>
   </trkpt>
   <trkpt lat="50.99139" lon="5.15808">
    <ele>35.01</ele>
   </trkpt>
   <trkpt lat="50.991580000000006" lon="5.15774">
    <ele>34.370000000000005</ele>
   </trkpt>
   <trkpt lat="50.99188" lon="5.15735">
    <ele>33.86</ele>
   </trkpt>
   <trkpt lat="50.99244333637735" lon="5.1567500145969305">
    <ele>31.86</ele>
   </trkpt>
   <trkpt lat="50.99300666968165" lon="5.1561500146280865">
    <ele>29.52</ele>
   </trkpt>
   <trkpt lat="50.993570000000005" lon="5.155550000000001">
    <ele>27.78</ele>
   </trkpt>
   <trkpt lat="50.99363" lon="5.15557">
    <ele>27.78</ele>
   </trkpt>
   <trkpt lat="50.99369" lon="5.1555100000000005">
    <ele>27.31</ele>
   </trkpt>
   <trkpt lat="50.99382000000001" lon="5.15547">
    <ele>27.31</ele>
   </trkpt>
   <trkpt lat="50.99405" lon="5.155220000000001">
    <ele>26.26</ele>
   </trkpt>
   <trkpt lat="50.994220000000006" lon="5.155">
    <ele>25.68</ele>
   </trkpt>
   <trkpt lat="50.99429000000001" lon="5.15488">
    <ele>25.630000000000003</ele>
   </trkpt>
   <trkpt lat="50.994440000000004" lon="5.154520000000001">
    <ele>25.730000000000004</ele>
   </trkpt>
   <trkpt lat="50.994550000000004" lon="5.15425">
    <ele>25.210000000000004</ele>
   </trkpt>
   <trkpt lat="50.994530000000005" lon="5.15411">
    <ele>25.18</ele>
   </trkpt>
   <trkpt lat="50.9947" lon="5.152950000000001">
    <ele>24.900000000000002</ele>
   </trkpt>
   <trkpt lat="50.99474000000001" lon="5.1526000000000005">
    <ele>24.78</ele>
   </trkpt>
   <trkpt lat="50.994800000000005" lon="5.152430000000001">
    <ele>24.78</ele>
   </trkpt>
   <trkpt lat="50.994870000000006" lon="5.15191">
    <ele>24.59</ele>
   </trkpt>
   <trkpt lat="50.994870000000006" lon="5.1516">
    <ele>24.3</ele>
   </trkpt>
   <trkpt lat="50.994960000000006" lon="5.15096">
    <ele>24.28</ele>
   </trkpt>
   <trkpt lat="50.9952133414427" lon="5.149986677208059">
    <ele>24.020000000000003</ele>
   </trkpt>
   <trkpt lat="50.99546667479844" lon="5.149013343788826">
    <ele>23.930000000000003</ele>
   </trkpt>
   <trkpt lat="50.995720000000006" lon="5.148040000000001">
    <ele>23.98</ele>
   </trkpt>
   <trkpt lat="50.99584" lon="5.147830000000001">
    <ele>24.020000000000003</ele>
   </trkpt>
   <trkpt lat="50.99589" lon="5.14763">
    <ele>24.020000000000003</ele>
   </trkpt>
   <trkpt lat="50.99589" lon="5.14738">
    <ele>24.020000000000003</ele>
   </trkpt>
   <trkpt lat="50.996190000000006" lon="5.14625">
    <ele>24.110000000000003</ele>
   </trkpt>
   <trkpt lat="50.9964" lon="5.14557">
    <ele>24.09</ele>
   </trkpt>
   <trkpt lat="50.996570000000006" lon="5.1452">
    <ele>23.89</ele>
   </trkpt>
   <trkpt lat="50.99691500123469" lon="5.144665003957468">
    <ele>24.05</ele>
   </trkpt>
   <trkpt lat="50.997260000000004" lon="5.1441300000000005">
    <ele>24.130000000000003</ele>
   </trkpt>
   <trkpt lat="50.99725" lon="5.1441300000000005">
    <ele>24.130000000000003</ele>
   </trkpt>
   <trkpt lat="50.997370000000004" lon="5.14397">
    <ele>24.180000000000003</ele>
   </trkpt>
   <trkpt lat="50.99745000000001" lon="5.143870000000001">
    <ele>24.270000000000003</ele>
   </trkpt>
   <trkpt lat="50.997510000000005" lon="5.143750000000001">
    <ele>24.21</ele>
   </trkpt>
   <trkpt lat="50.99788500123354" lon="5.1432000045293895">
    <ele>24.180000000000003</ele>
   </trkpt>
   <trkpt lat="50.99826" lon="5.142650000000001">
    <ele>25.060000000000002</ele>
   </trkpt>
   <trkpt lat="50.998630000000006" lon="5.142010000000001">
    <ele>27.380000000000003</ele>
   </trkpt>
   <trkpt lat="50.999230000000004" lon="5.14278">
    <ele>27.6</ele>
   </trkpt>
   <trkpt lat="50.99996" lon="5.14351">
    <ele>27.590000000000003</ele>
   </trkpt>
   <trkpt lat="51.000530000000005" lon="5.14414">
    <ele>27.14</ele>
   </trkpt>
   <trkpt lat="51.00067000000001" lon="5.144360000000001">
    <ele>26.930000000000003</ele>
   </trkpt>
   <trkpt lat="51.00077" lon="5.14459">
    <ele>26.930000000000003</ele>
   </trkpt>
   <trkpt lat="51.00108500346234" lon="5.145494993760147">
    <ele>26.150000000000002</ele>
   </trkpt>
   <trkpt lat="51.001400000000004" lon="5.146400000000001">
    <ele>25.67</ele>
   </trkpt>
   <trkpt lat="51.001720000000006" lon="5.14717">
    <ele>25.560000000000002</ele>
   </trkpt>
   <trkpt lat="51.00186" lon="5.147500000000001">
    <ele>25.43</ele>
   </trkpt>
   <trkpt lat="51.00197000000001" lon="5.14771">
    <ele>25.44</ele>
   </trkpt>
   <trkpt lat="51.00218" lon="5.147970000000001">
    <ele>25.490000000000002</ele>
   </trkpt>
   <trkpt lat="51.00226000000001" lon="5.147830000000001">
    <ele>25.35</ele>
   </trkpt>
   <trkpt lat="51.00247" lon="5.1477200000000005">
    <ele>25.35</ele>
   </trkpt>
   <trkpt lat="51.00321500031895" lon="5.1479449964178325">
    <ele>25.370000000000005</ele>
   </trkpt>
   <trkpt lat="51.003960000000006" lon="5.14817">
    <ele>25.540000000000003</ele>
   </trkpt>
   <trkpt lat="51.004499999817725" lon="5.148249999037709">
    <ele>25.79</ele>
   </trkpt>
   <trkpt lat="51.00504" lon="5.1483300000000005">
    <ele>26.0</ele>
   </trkpt>
   <trkpt lat="51.0054" lon="5.14834">
    <ele>26.0</ele>
   </trkpt>
   <trkpt lat="51.005630000000004" lon="5.148300000000001">
    <ele>26.11</ele>
   </trkpt>
   <trkpt lat="51.006130000025905" lon="5.14814000175129">
    <ele>26.160000000000004</ele>
   </trkpt>
   <trkpt lat="51.00663" lon="5.1479800000000004">
    <ele>26.570000000000004</ele>
   </trkpt>
   <trkpt lat="51.007000000000005" lon="5.14792">
    <ele>26.69</ele>
   </trkpt>
   <trkpt lat="51.00723000000001" lon="5.147900000000001">
    <ele>26.590000000000003</ele>
   </trkpt>
   <trkpt lat="51.00781499987126" lon="5.147929999614839">
    <ele>26.910000000000004</ele>
   </trkpt>
   <trkpt lat="51.0084" lon="5.14796">
    <ele>27.01</ele>
   </trkpt>
   <trkpt lat="51.00846000000001" lon="5.1479800000000004">
    <ele>27.01</ele>
   </trkpt>
   <trkpt lat="51.008500000000005" lon="5.1480500000000005">
    <ele>27.01</ele>
   </trkpt>
   <trkpt lat="51.00855000000001" lon="5.1482">
    <ele>27.13</ele>
   </trkpt>
   <trkpt lat="51.008660000000006" lon="5.148770000000001">
    <ele>27.26</ele>
   </trkpt>
   <trkpt lat="51.008720000000004" lon="5.148980000000001">
    <ele>27.26</ele>
   </trkpt>
   <trkpt lat="51.008790000000005" lon="5.1490800000000005">
    <ele>27.26</ele>
   </trkpt>
   <trkpt lat="51.00887" lon="5.149150000000001">
    <ele>27.200000000000003</ele>
   </trkpt>
   <trkpt lat="51.008970000000005" lon="5.14914">
    <ele>27.200000000000003</ele>
   </trkpt>
   <trkpt lat="51.009515000409635" lon="5.148845003445665">
    <ele>27.12</ele>
   </trkpt>
   <trkpt lat="51.01006" lon="5.14855">
    <ele>27.500000000000004</ele>
   </trkpt>
   <trkpt lat="51.010070000000006" lon="5.148540000000001">
    <ele>27.51</ele>
   </trkpt>
   <trkpt lat="51.009520000333" lon="5.148840003585331">
    <ele>27.12</ele>
   </trkpt>
   <trkpt lat="51.008970000000005" lon="5.14914">
    <ele>27.200000000000003</ele>
   </trkpt>
   <trkpt lat="51.00887" lon="5.149150000000001">
    <ele>27.26</ele>
   </trkpt>
   <trkpt lat="51.008790000000005" lon="5.1490800000000005">
    <ele>27.26</ele>
   </trkpt>
   <trkpt lat="51.008720000000004" lon="5.148980000000001">
    <ele>27.26</ele>
   </trkpt>
   <trkpt lat="51.008660000000006" lon="5.148770000000001">
    <ele>27.26</ele>
   </trkpt>
   <trkpt lat="51.00855000000001" lon="5.1482">
    <ele>27.13</ele>
   </trkpt>
   <trkpt lat="51.008500000000005" lon="5.1480500000000005">
    <ele>27.01</ele>
   </trkpt>
   <trkpt lat="51.00846000000001" lon="5.1479800000000004">
    <ele>27.01</ele>
   </trkpt>
   <trkpt lat="51.0084" lon="5.14796">
    <ele>27.01</ele>
   </trkpt>
   <trkpt lat="51.00781500013643" lon="5.147929999628439">
    <ele>26.64</ele>
   </trkpt>
   <trkpt lat="51.00723000000001" lon="5.147900000000001">
    <ele>26.590000000000003</ele>
   </trkpt>
   <trkpt lat="51.007000000000005" lon="5.14792">
    <ele>26.69</ele>
   </trkpt>
   <trkpt lat="51.00663" lon="5.1479800000000004">
    <ele>26.570000000000004</ele>
   </trkpt>
   <trkpt lat="51.006130000192606" lon="5.148140001697947">
    <ele>26.160000000000004</ele>
   </trkpt>
   <trkpt lat="51.005630000000004" lon="5.148300000000001">
    <ele>26.11</ele>
   </trkpt>
   <trkpt lat="51.0054" lon="5.14834">
    <ele>26.0</ele>
   </trkpt>
   <trkpt lat="51.00504" lon="5.1483300000000005">
    <ele>26.0</ele>
   </trkpt>
   <trkpt lat="51.00421000000001" lon="5.148210000000001">
    <ele>25.57</ele>
   </trkpt>
   <trkpt lat="51.00419" lon="5.148210000000001">
    <ele>25.57</ele>
   </trkpt>
   <trkpt lat="51.00504" lon="5.1483300000000005">
    <ele>26.0</ele>
   </trkpt>
   <trkpt lat="51.0054" lon="5.14834">
    <ele>26.0</ele>
   </trkpt>
   <trkpt lat="51.005630000000004" lon="5.148300000000001">
    <ele>26.11</ele>
   </trkpt>
   <trkpt lat="51.006130000025905" lon="5.14814000175129">
    <ele>26.160000000000004</ele>
   </trkpt>
   <trkpt lat="51.00663" lon="5.1479800000000004">
    <ele>26.570000000000004</ele>
   </trkpt>
   <trkpt lat="51.007000000000005" lon="5.14792">
    <ele>26.69</ele>
   </trkpt>
   <trkpt lat="51.00723000000001" lon="5.147900000000001">
    <ele>26.590000000000003</ele>
   </trkpt>
   <trkpt lat="51.00781499987126" lon="5.147929999614839">
    <ele>26.64</ele>
   </trkpt>
   <trkpt lat="51.0084" lon="5.14796">
    <ele>27.01</ele>
   </trkpt>
   <trkpt lat="51.00846000000001" lon="5.1479800000000004">
    <ele>27.01</ele>
   </trkpt>
   <trkpt lat="51.008500000000005" lon="5.1480500000000005">
    <ele>27.01</ele>
   </trkpt>
   <trkpt lat="51.00855000000001" lon="5.1482">
    <ele>27.13</ele>
   </trkpt>
   <trkpt lat="51.008660000000006" lon="5.148770000000001">
    <ele>27.26</ele>
   </trkpt>
   <trkpt lat="51.008720000000004" lon="5.148980000000001">
    <ele>27.26</ele>
   </trkpt>
   <trkpt lat="51.008790000000005" lon="5.1490800000000005">
    <ele>27.26</ele>
   </trkpt>
   <trkpt lat="51.008790000000005" lon="5.149260000000001">
    <ele>27.26</ele>
   </trkpt>
   <trkpt lat="51.008860000000006" lon="5.14956">
    <ele>27.450000000000003</ele>
   </trkpt>
   <trkpt lat="51.00915000301304" lon="5.150409994479232">
    <ele>27.650000000000002</ele>
   </trkpt>
   <trkpt lat="51.009440000000005" lon="5.151260000000001">
    <ele>27.73</ele>
   </trkpt>
   <trkpt lat="51.00976000958044" lon="5.152319985340771">
    <ele>27.950000000000003</ele>
   </trkpt>
   <trkpt lat="51.01008000957072" lon="5.153379985308323">
    <ele>28.3</ele>
   </trkpt>
   <trkpt lat="51.010400000000004" lon="5.15444">
    <ele>28.55</ele>
   </trkpt>
   <trkpt lat="51.010650000000005" lon="5.15503">
    <ele>28.92</ele>
   </trkpt>
   <trkpt lat="51.010760000000005" lon="5.155340000000001">
    <ele>29.560000000000002</ele>
   </trkpt>
   <trkpt lat="51.010810000000006" lon="5.1554">
    <ele>29.560000000000002</ele>
   </trkpt>
   <trkpt lat="51.01086" lon="5.155390000000001">
    <ele>29.560000000000002</ele>
   </trkpt>
   <trkpt lat="51.01118" lon="5.155150000000001">
    <ele>28.990000000000002</ele>
   </trkpt>
   <trkpt lat="51.01129" lon="5.1551100000000005">
    <ele>28.96</ele>
   </trkpt>
   <trkpt lat="51.011430000000004" lon="5.15512">
    <ele>28.990000000000002</ele>
   </trkpt>
   <trkpt lat="51.011720000000004" lon="5.15523">
    <ele>29.150000000000002</ele>
   </trkpt>
   <trkpt lat="51.01249000000001" lon="5.15559">
    <ele>29.94</ele>
   </trkpt>
   <trkpt lat="51.01272" lon="5.15634">
    <ele>29.7</ele>
   </trkpt>
   <trkpt lat="51.01302000274511" lon="5.157149994612099">
    <ele>29.300000000000004</ele>
   </trkpt>
   <trkpt lat="51.01332000000001" lon="5.15796">
    <ele>28.700000000000003</ele>
   </trkpt>
   <trkpt lat="51.01342" lon="5.158320000000001">
    <ele>28.35</ele>
   </trkpt>
   <trkpt lat="51.01363500365791" lon="5.15924499573953">
    <ele>27.98</ele>
   </trkpt>
   <trkpt lat="51.013850000000005" lon="5.160170000000001">
    <ele>27.48</ele>
   </trkpt>
   <trkpt lat="51.0141300076767" lon="5.16150999197591">
    <ele>26.94</ele>
   </trkpt>
   <trkpt lat="51.014410000000005" lon="5.162850000000001">
    <ele>26.310000000000002</ele>
   </trkpt>
   <trkpt lat="51.014500000000005" lon="5.163200000000001">
    <ele>26.28</ele>
   </trkpt>
   <trkpt lat="51.01467" lon="5.16364">
    <ele>26.02</ele>
   </trkpt>
   <trkpt lat="51.01489" lon="5.16403">
    <ele>25.980000000000004</ele>
   </trkpt>
   <trkpt lat="51.01523500127438" lon="5.16458999572997">
    <ele>25.7</ele>
   </trkpt>
   <trkpt lat="51.01558000000001" lon="5.165150000000001">
    <ele>25.68</ele>
   </trkpt>
   <trkpt lat="51.01586" lon="5.16568">
    <ele>25.810000000000002</ele>
   </trkpt>
   <trkpt lat="51.01613000357165" lon="5.166584994986879">
    <ele>25.87</ele>
   </trkpt>
   <trkpt lat="51.016400000000004" lon="5.167490000000001">
    <ele>25.87</ele>
   </trkpt>
   <trkpt lat="51.016510000000004" lon="5.167700000000001">
    <ele>25.890000000000004</ele>
   </trkpt>
   <trkpt lat="51.01659" lon="5.167800000000001">
    <ele>25.86</ele>
   </trkpt>
   <trkpt lat="51.016830000000006" lon="5.16802">
    <ele>25.93</ele>
   </trkpt>
   <trkpt lat="51.01695" lon="5.168170000000001">
    <ele>25.93</ele>
   </trkpt>
   <trkpt lat="51.01726000145745" lon="5.168714996690251">
    <ele>25.93</ele>
   </trkpt>
   <trkpt lat="51.017570000000006" lon="5.16926">
    <ele>25.95</ele>
   </trkpt>
   <trkpt lat="51.01769" lon="5.169440000000001">
    <ele>25.95</ele>
   </trkpt>
   <trkpt lat="51.017860000000006" lon="5.16964">
    <ele>25.970000000000002</ele>
   </trkpt>
   <trkpt lat="51.01798" lon="5.16974">
    <ele>26.21</ele>
   </trkpt>
   <trkpt lat="51.01872" lon="5.170210000000001">
    <ele>26.320000000000004</ele>
   </trkpt>
   <trkpt lat="51.018800000000006" lon="5.1703">
    <ele>26.28</ele>
   </trkpt>
   <trkpt lat="51.0191" lon="5.17072">
    <ele>26.230000000000004</ele>
   </trkpt>
   <trkpt lat="51.01928" lon="5.1709000000000005">
    <ele>26.230000000000004</ele>
   </trkpt>
   <trkpt lat="51.019580000000005" lon="5.171130000000001">
    <ele>26.3</ele>
   </trkpt>
   <trkpt lat="51.02028000000001" lon="5.17156">
    <ele>26.53</ele>
   </trkpt>
   <trkpt lat="51.02106666882298" lon="5.172059983046553">
    <ele>26.820000000000004</ele>
   </trkpt>
   <trkpt lat="51.02185333551238" lon="5.172559983060635">
    <ele>27.14</ele>
   </trkpt>
   <trkpt lat="51.02264" lon="5.17306">
    <ele>27.64</ele>
   </trkpt>
   <trkpt lat="51.023340000000005" lon="5.173500000000001">
    <ele>28.110000000000003</ele>
   </trkpt>
   <trkpt lat="51.02366000000001" lon="5.173590000000001">
    <ele>28.540000000000003</ele>
   </trkpt>
   <trkpt lat="51.023950000000006" lon="5.173570000000001">
    <ele>28.700000000000003</ele>
   </trkpt>
   <trkpt lat="51.02464000051971" lon="5.173250004724717">
    <ele>29.740000000000002</ele>
   </trkpt>
   <trkpt lat="51.025330000000004" lon="5.17293">
    <ele>30.55</ele>
   </trkpt>
   <trkpt lat="51.02572000000001" lon="5.17272">
    <ele>31.19</ele>
   </trkpt>
   <trkpt lat="51.02588" lon="5.172610000000001">
    <ele>31.82</ele>
   </trkpt>
   <trkpt lat="51.02601000000001" lon="5.172470000000001">
    <ele>32.190000000000005</ele>
   </trkpt>
   <trkpt lat="51.026140000000005" lon="5.17229">
    <ele>33.18</ele>
   </trkpt>
   <trkpt lat="51.02628000000001" lon="5.172040000000001">
    <ele>34.33</ele>
   </trkpt>
   <trkpt lat="51.02642" lon="5.1717900000000006">
    <ele>35.35</ele>
   </trkpt>
   <trkpt lat="51.02672500242056" lon="5.171020005342773">
    <ele>40.57</ele>
   </trkpt>
   <trkpt lat="51.02703" lon="5.17025">
    <ele>43.690000000000005</ele>
   </trkpt>
   <trkpt lat="51.02720000000001" lon="5.16987">
    <ele>44.51</ele>
   </trkpt>
   <trkpt lat="51.027440000000006" lon="5.16943">
    <ele>45.06</ele>
   </trkpt>
   <trkpt lat="51.02788" lon="5.168810000000001">
    <ele>45.35</ele>
   </trkpt>
   <trkpt lat="51.0285" lon="5.16809">
    <ele>44.81</ele>
   </trkpt>
   <trkpt lat="51.028870000000005" lon="5.16753">
    <ele>43.79</ele>
   </trkpt>
   <trkpt lat="51.028960000000005" lon="5.167470000000001">
    <ele>43.79</ele>
   </trkpt>
   <trkpt lat="51.02910000000001" lon="5.167400000000001">
    <ele>43.29</ele>
   </trkpt>
   <trkpt lat="51.02953" lon="5.1673">
    <ele>42.35</ele>
   </trkpt>
   <trkpt lat="51.0298" lon="5.16722">
    <ele>41.760000000000005</ele>
   </trkpt>
   <trkpt lat="51.03054" lon="5.16689">
    <ele>39.5</ele>
   </trkpt>
   <trkpt lat="51.030770000000004" lon="5.166810000000001">
    <ele>38.790000000000006</ele>
   </trkpt>
   <trkpt lat="51.03101" lon="5.16687">
    <ele>37.93000000000001</ele>
   </trkpt>
   <trkpt lat="51.0313" lon="5.167020000000001">
    <ele>37.3</ele>
   </trkpt>
   <trkpt lat="51.03143000000001" lon="5.167050000000001">
    <ele>37.3</ele>
   </trkpt>
   <trkpt lat="51.031580000000005" lon="5.16704">
    <ele>37.08</ele>
   </trkpt>
   <trkpt lat="51.03173" lon="5.166980000000001">
    <ele>36.89000000000001</ele>
   </trkpt>
   <trkpt lat="51.03181000000001" lon="5.166910000000001">
    <ele>36.79</ele>
   </trkpt>
   <trkpt lat="51.032120000000006" lon="5.16654">
    <ele>36.68000000000001</ele>
   </trkpt>
   <trkpt lat="51.03233" lon="5.16631">
    <ele>36.800000000000004</ele>
   </trkpt>
   <trkpt lat="51.032430000000005" lon="5.16628">
    <ele>36.800000000000004</ele>
   </trkpt>
   <trkpt lat="51.032500000000006" lon="5.166270000000001">
    <ele>36.81</ele>
   </trkpt>
   <trkpt lat="51.03253" lon="5.16614">
    <ele>36.9</ele>
   </trkpt>
   <trkpt lat="51.03289" lon="5.16532">
    <ele>37.46</ele>
   </trkpt>
   <trkpt lat="51.033060000000006" lon="5.16499">
    <ele>37.58</ele>
   </trkpt>
   <trkpt lat="51.033350000000006" lon="5.164650000000001">
    <ele>37.57000000000001</ele>
   </trkpt>
   <trkpt lat="51.03380000000001" lon="5.16424">
    <ele>37.43000000000001</ele>
   </trkpt>
   <trkpt lat="51.03380000000001" lon="5.16425">
    <ele>37.43000000000001</ele>
   </trkpt>
   <trkpt lat="51.03408" lon="5.164000000000001">
    <ele>37.38</ele>
   </trkpt>
   <trkpt lat="51.034290000000006" lon="5.163900000000001">
    <ele>37.36000000000001</ele>
   </trkpt>
   <trkpt lat="51.03448" lon="5.16371">
    <ele>37.35</ele>
   </trkpt>
   <trkpt lat="51.0347" lon="5.16321">
    <ele>36.95</ele>
   </trkpt>
   <trkpt lat="51.03514500328868" lon="5.162330008481548">
    <ele>35.61</ele>
   </trkpt>
   <trkpt lat="51.035590000000006" lon="5.16145">
    <ele>34.54</ele>
   </trkpt>
   <trkpt lat="51.035970000000006" lon="5.16075">
    <ele>32.84</ele>
   </trkpt>
   <trkpt lat="51.03613000000001" lon="5.16052">
    <ele>32.410000000000004</ele>
   </trkpt>
   <trkpt lat="51.03625" lon="5.160380000000001">
    <ele>32.25</ele>
   </trkpt>
   <trkpt lat="51.03624000000001" lon="5.1603900000000005">
    <ele>32.25</ele>
   </trkpt>
   <trkpt lat="51.036500000000004" lon="5.160170000000001">
    <ele>32.24</ele>
   </trkpt>
   <trkpt lat="51.036620000000006" lon="5.1601300000000005">
    <ele>32.220000000000006</ele>
   </trkpt>
   <trkpt lat="51.03663" lon="5.15976">
    <ele>31.64</ele>
   </trkpt>
   <trkpt lat="51.0367" lon="5.1588">
    <ele>31.090000000000003</ele>
   </trkpt>
   <trkpt lat="51.03672" lon="5.158130000000001">
    <ele>30.92</ele>
   </trkpt>
   <trkpt lat="51.036663342384465" lon="5.157099997440856">
    <ele>30.28</ele>
   </trkpt>
   <trkpt lat="51.036606675715596" lon="5.156069997400765">
    <ele>29.69</ele>
   </trkpt>
   <trkpt lat="51.036550000000005" lon="5.1550400000000005">
    <ele>29.210000000000004</ele>
   </trkpt>
   <trkpt lat="51.036570000000005" lon="5.154750000000001">
    <ele>29.210000000000004</ele>
   </trkpt>
   <trkpt lat="51.03663" lon="5.15442">
    <ele>29.210000000000004</ele>
   </trkpt>
   <trkpt lat="51.03672" lon="5.154120000000001">
    <ele>28.900000000000002</ele>
   </trkpt>
   <trkpt lat="51.036840000000005" lon="5.153860000000001">
    <ele>28.900000000000002</ele>
   </trkpt>
   <trkpt lat="51.03699" lon="5.1536100000000005">
    <ele>28.900000000000002</ele>
   </trkpt>
   <trkpt lat="51.037110000000006" lon="5.15347">
    <ele>28.73</ele>
   </trkpt>
   <trkpt lat="51.037760001552634" lon="5.152880008215592">
    <ele>28.26</ele>
   </trkpt>
   <trkpt lat="51.038410000000006" lon="5.152290000000001">
    <ele>27.67</ele>
   </trkpt>
   <trkpt lat="51.0386" lon="5.1520600000000005">
    <ele>27.470000000000002</ele>
   </trkpt>
   <trkpt lat="51.03875000000001" lon="5.151820000000001">
    <ele>27.48</ele>
   </trkpt>
   <trkpt lat="51.038920000000005" lon="5.1514500000000005">
    <ele>27.160000000000004</ele>
   </trkpt>
   <trkpt lat="51.03896" lon="5.1513100000000005">
    <ele>27.160000000000004</ele>
   </trkpt>
   <trkpt lat="51.039080000000006" lon="5.15089">
    <ele>27.000000000000004</ele>
   </trkpt>
   <trkpt lat="51.03947" lon="5.150510000000001">
    <ele>26.54</ele>
   </trkpt>
   <trkpt lat="51.039770000000004" lon="5.15029">
    <ele>26.28</ele>
   </trkpt>
   <trkpt lat="51.039970000000004" lon="5.150180000000001">
    <ele>26.26</ele>
   </trkpt>
   <trkpt lat="51.0405" lon="5.14984">
    <ele>25.68</ele>
   </trkpt>
   <trkpt lat="51.04063000000001" lon="5.14967">
    <ele>25.68</ele>
   </trkpt>
   <trkpt lat="51.04105000515953" lon="5.148893347392708">
    <ele>25.220000000000002</ele>
   </trkpt>
   <trkpt lat="51.04147000517176" lon="5.148116680703648">
    <ele>24.92</ele>
   </trkpt>
   <trkpt lat="51.04189" lon="5.147340000000001">
    <ele>24.93</ele>
   </trkpt>
   <trkpt lat="51.04238000669128" lon="5.146453352121276">
    <ele>24.48</ele>
   </trkpt>
   <trkpt lat="51.04287000667401" lon="5.145566685486133">
    <ele>24.130000000000003</ele>
   </trkpt>
   <trkpt lat="51.04336000000001" lon="5.14468">
    <ele>23.970000000000002</ele>
   </trkpt>
   <trkpt lat="51.0435" lon="5.14435">
    <ele>24.060000000000002</ele>
   </trkpt>
   <trkpt lat="51.04354000000001" lon="5.1440600000000005">
    <ele>24.020000000000003</ele>
   </trkpt>
   <trkpt lat="51.04359" lon="5.1439">
    <ele>23.85</ele>
   </trkpt>
   <trkpt lat="51.043690000000005" lon="5.14367">
    <ele>23.810000000000002</ele>
   </trkpt>
   <trkpt lat="51.044120002149675" lon="5.142960006592345">
    <ele>23.790000000000003</ele>
   </trkpt>
   <trkpt lat="51.04455" lon="5.142250000000001">
    <ele>24.110000000000003</ele>
   </trkpt>
   <trkpt lat="51.044740000000004" lon="5.142010000000001">
    <ele>24.19</ele>
   </trkpt>
   <trkpt lat="51.0454" lon="5.1413400000000005">
    <ele>24.57</ele>
   </trkpt>
   <trkpt lat="51.04571000000001" lon="5.141100000000001">
    <ele>24.94</ele>
   </trkpt>
   <trkpt lat="51.04656000000001" lon="5.14064">
    <ele>24.51</ele>
   </trkpt>
   <trkpt lat="51.047000000000004" lon="5.14039">
    <ele>24.93</ele>
   </trkpt>
   <trkpt lat="51.047465000219766" lon="5.140150002422807">
    <ele>23.970000000000002</ele>
   </trkpt>
   <trkpt lat="51.04793" lon="5.13991">
    <ele>23.87</ele>
   </trkpt>
   <trkpt lat="51.04878" lon="5.13954">
    <ele>24.200000000000003</ele>
   </trkpt>
   <trkpt lat="51.049220000000005" lon="5.13933">
    <ele>24.07</ele>
   </trkpt>
   <trkpt lat="51.04988500041653" lon="5.139010004604454">
    <ele>24.01</ele>
   </trkpt>
   <trkpt lat="51.05055" lon="5.13869">
    <ele>24.03</ele>
   </trkpt>
   <trkpt lat="51.0514" lon="5.1386">
    <ele>23.860000000000003</ele>
   </trkpt>
   <trkpt lat="51.05149" lon="5.13862">
    <ele>23.860000000000003</ele>
   </trkpt>
   <trkpt lat="51.05183" lon="5.1388300000000005">
    <ele>24.3</ele>
   </trkpt>
   <trkpt lat="51.05169" lon="5.13959">
    <ele>24.080000000000002</ele>
   </trkpt>
   <trkpt lat="51.051610000000004" lon="5.139830000000001">
    <ele>24.12</ele>
   </trkpt>
   <trkpt lat="51.05158" lon="5.140000000000001">
    <ele>24.290000000000003</ele>
   </trkpt>
   <trkpt lat="51.0516400025516" lon="5.140774998855514">
    <ele>24.09</ele>
   </trkpt>
   <trkpt lat="51.051700000000004" lon="5.1415500000000005">
    <ele>24.1</ele>
   </trkpt>
   <trkpt lat="51.05187" lon="5.141590000000001">
    <ele>23.96</ele>
   </trkpt>
   <trkpt lat="51.05205" lon="5.14168">
    <ele>23.96</ele>
   </trkpt>
   <trkpt lat="51.05221" lon="5.141850000000001">
    <ele>23.96</ele>
   </trkpt>
   <trkpt lat="51.0523" lon="5.141970000000001">
    <ele>23.75</ele>
   </trkpt>
   <trkpt lat="51.052800000000005" lon="5.143000000000001">
    <ele>23.85</ele>
   </trkpt>
   <trkpt lat="51.05292000000001" lon="5.143190000000001">
    <ele>23.87</ele>
   </trkpt>
   <trkpt lat="51.05313" lon="5.1433">
    <ele>23.85</ele>
   </trkpt>
   <trkpt lat="51.05312000000001" lon="5.14329">
    <ele>23.85</ele>
   </trkpt>
   <trkpt lat="51.053580000000004" lon="5.14353">
    <ele>23.790000000000003</ele>
   </trkpt>
   <trkpt lat="51.053900000000006" lon="5.143750000000001">
    <ele>23.64</ele>
   </trkpt>
   <trkpt lat="51.054440001309025" lon="5.144309993439753">
    <ele>23.28</ele>
   </trkpt>
   <trkpt lat="51.05498000000001" lon="5.14487">
    <ele>23.69</ele>
   </trkpt>
   <trkpt lat="51.05505" lon="5.1451">
    <ele>23.73</ele>
   </trkpt>
   <trkpt lat="51.055650000088775" lon="5.144970003380977">
    <ele>23.35</ele>
   </trkpt>
   <trkpt lat="51.05625000003334" lon="5.144840003393041">
    <ele>23.360000000000003</ele>
   </trkpt>
   <trkpt lat="51.056850000000004" lon="5.144710000000001">
    <ele>23.57</ele>
   </trkpt>
   <trkpt lat="51.057280000000006" lon="5.14463">
    <ele>23.919999999999998</ele>
   </trkpt>
   <trkpt lat="51.05738" lon="5.14461">
    <ele>23.94</ele>
   </trkpt>
   <trkpt lat="51.057430000000004" lon="5.1446700000000005">
    <ele>23.94</ele>
   </trkpt>
   <trkpt lat="51.05815333345997" lon="5.144546670520747">
    <ele>23.860000000000003</ele>
   </trkpt>
   <trkpt lat="51.05887666679015" lon="5.144423337188026">
    <ele>23.790000000000003</ele>
   </trkpt>
   <trkpt lat="51.0596" lon="5.1443">
    <ele>23.840000000000003</ele>
   </trkpt>
   <trkpt lat="51.059920000000005" lon="5.1442000000000005">
    <ele>23.840000000000003</ele>
   </trkpt>
   <trkpt lat="51.060120000000005" lon="5.14412">
    <ele>24.0</ele>
   </trkpt>
   <trkpt lat="51.060430000000004" lon="5.143960000000001">
    <ele>24.12</ele>
   </trkpt>
   <trkpt lat="51.06053000000001" lon="5.14388">
    <ele>24.28</ele>
   </trkpt>
   <trkpt lat="51.060810000000004" lon="5.143730000000001">
    <ele>25.02</ele>
   </trkpt>
   <trkpt lat="51.060880000000004" lon="5.14372">
    <ele>25.02</ele>
   </trkpt>
   <trkpt lat="51.06096" lon="5.14376">
    <ele>25.07</ele>
   </trkpt>
   <trkpt lat="51.06103" lon="5.143750000000001">
    <ele>25.080000000000002</ele>
   </trkpt>
   <trkpt lat="51.06107" lon="5.143730000000001">
    <ele>25.080000000000002</ele>
   </trkpt>
   <trkpt lat="51.06114" lon="5.1435900000000006">
    <ele>25.05</ele>
   </trkpt>
   <trkpt lat="51.06116" lon="5.143470000000001">
    <ele>25.05</ele>
   </trkpt>
   <trkpt lat="51.06129000000001" lon="5.1433">
    <ele>24.94</ele>
   </trkpt>
   <trkpt lat="51.061310000000006" lon="5.1432">
    <ele>24.94</ele>
   </trkpt>
   <trkpt lat="51.06189500142984" lon="5.1426500068189895">
    <ele>24.720000000000002</ele>
   </trkpt>
   <trkpt lat="51.06248" lon="5.1421">
    <ele>25.210000000000004</ele>
   </trkpt>
   <trkpt lat="51.06244" lon="5.14189">
    <ele>24.880000000000003</ele>
   </trkpt>
   <trkpt lat="51.06240000539217" lon="5.140764998831887">
    <ele>24.830000000000002</ele>
   </trkpt>
   <trkpt lat="51.062360000000005" lon="5.13964">
    <ele>25.240000000000002</ele>
   </trkpt>
   <trkpt lat="51.0622150060203" lon="5.138454996532643">
    <ele>24.68</ele>
   </trkpt>
   <trkpt lat="51.062070000000006" lon="5.13727">
    <ele>24.46</ele>
   </trkpt>
   <trkpt lat="51.062070000000006" lon="5.13726">
    <ele>24.46</ele>
   </trkpt>
   <trkpt lat="51.06192" lon="5.13605">
    <ele>24.540000000000003</ele>
   </trkpt>
   <trkpt lat="51.06201" lon="5.136">
    <ele>23.990000000000002</ele>
   </trkpt>
   <trkpt lat="51.06273" lon="5.13532">
    <ele>23.41</ele>
   </trkpt>
   <trkpt lat="51.0628" lon="5.13527">
    <ele>23.41</ele>
   </trkpt>
   <trkpt lat="51.063610000000004" lon="5.134880000000001">
    <ele>24.180000000000003</ele>
   </trkpt>
   <trkpt lat="51.06365" lon="5.1348400000000005">
    <ele>24.43</ele>
   </trkpt>
   <trkpt lat="51.06367" lon="5.13476">
    <ele>24.43</ele>
   </trkpt>
   <trkpt lat="51.063610000000004" lon="5.1342300000000005">
    <ele>24.520000000000003</ele>
   </trkpt>
   <trkpt lat="51.063610000000004" lon="5.13412">
    <ele>24.520000000000003</ele>
   </trkpt>
   <trkpt lat="51.06364000000001" lon="5.134040000000001">
    <ele>24.53</ele>
   </trkpt>
   <trkpt lat="51.063680000000005" lon="5.133990000000001">
    <ele>24.53</ele>
   </trkpt>
   <trkpt lat="51.064360001238136" lon="5.1334500079370855">
    <ele>23.950000000000003</ele>
   </trkpt>
   <trkpt lat="51.06504" lon="5.132910000000001">
    <ele>24.040000000000003</ele>
   </trkpt>
   <trkpt lat="51.06524" lon="5.132770000000001">
    <ele>24.05</ele>
   </trkpt>
   <trkpt lat="51.06571" lon="5.132490000000001">
    <ele>24.66</ele>
   </trkpt>
   <trkpt lat="51.06559000000001" lon="5.132040000000001">
    <ele>23.87</ele>
   </trkpt>
   <trkpt lat="51.06525333941212" lon="5.131196654426597">
    <ele>23.46</ele>
   </trkpt>
   <trkpt lat="51.06491667275625" lon="5.130353321120473">
    <ele>24.360000000000003</ele>
   </trkpt>
   <trkpt lat="51.06458000000001" lon="5.129510000000001">
    <ele>24.200000000000003</ele>
   </trkpt>
   <trkpt lat="51.06448" lon="5.1293500000000005">
    <ele>24.200000000000003</ele>
   </trkpt>
   <trkpt lat="51.063950000000006" lon="5.12865">
    <ele>24.0</ele>
   </trkpt>
   <trkpt lat="51.06383" lon="5.12847">
    <ele>24.060000000000002</ele>
   </trkpt>
   <trkpt lat="51.0634400026431" lon="5.127684993415377">
    <ele>24.14</ele>
   </trkpt>
   <trkpt lat="51.063050000000004" lon="5.1269">
    <ele>24.0</ele>
   </trkpt>
   <trkpt lat="51.06264" lon="5.1258300000000006">
    <ele>23.57</ele>
   </trkpt>
   <trkpt lat="51.06255" lon="5.125330000000001">
    <ele>23.250000000000004</ele>
   </trkpt>
   <trkpt lat="51.06255" lon="5.1250100000000005">
    <ele>23.110000000000003</ele>
   </trkpt>
   <trkpt lat="51.06259000000001" lon="5.12467">
    <ele>23.110000000000003</ele>
   </trkpt>
   <trkpt lat="51.06284000365372" lon="5.12374000515594">
    <ele>23.19</ele>
   </trkpt>
   <trkpt lat="51.06309" lon="5.12281">
    <ele>23.110000000000003</ele>
   </trkpt>
   <trkpt lat="51.063250000000004" lon="5.12253">
    <ele>23.290000000000003</ele>
   </trkpt>
   <trkpt lat="51.06367" lon="5.12209">
    <ele>23.44</ele>
   </trkpt>
   <trkpt lat="51.06373000000001" lon="5.12201">
    <ele>23.44</ele>
   </trkpt>
   <trkpt lat="51.06380000000001" lon="5.121860000000001">
    <ele>23.4</ele>
   </trkpt>
   <trkpt lat="51.06392" lon="5.1214900000000005">
    <ele>23.46</ele>
   </trkpt>
   <trkpt lat="51.06398" lon="5.12119">
    <ele>23.39</ele>
   </trkpt>
   <trkpt lat="51.064050003112335" lon="5.120335001368377">
    <ele>23.340000000000003</ele>
   </trkpt>
   <trkpt lat="51.06412" lon="5.11948">
    <ele>23.650000000000002</ele>
   </trkpt>
   <trkpt lat="51.06414" lon="5.1193100000000005">
    <ele>23.770000000000003</ele>
   </trkpt>
   <trkpt lat="51.064170000000004" lon="5.11917">
    <ele>23.770000000000003</ele>
   </trkpt>
   <trkpt lat="51.064220000000006" lon="5.11906">
    <ele>23.970000000000002</ele>
   </trkpt>
   <trkpt lat="51.064440000000005" lon="5.11882">
    <ele>24.200000000000003</ele>
   </trkpt>
   <trkpt lat="51.064260000000004" lon="5.11777">
    <ele>23.73</ele>
   </trkpt>
   <trkpt lat="51.064220000000006" lon="5.11765">
    <ele>23.770000000000003</ele>
   </trkpt>
   <trkpt lat="51.063910001346095" lon="5.117094996340759">
    <ele>23.98</ele>
   </trkpt>
   <trkpt lat="51.0636" lon="5.1165400000000005">
    <ele>23.91</ele>
   </trkpt>
   <trkpt lat="51.06322000126966" lon="5.115979995302748">
    <ele>23.860000000000003</ele>
   </trkpt>
   <trkpt lat="51.06284" lon="5.11542">
    <ele>24.62</ele>
   </trkpt>
   <trkpt lat="51.06289" lon="5.11521">
    <ele>24.700000000000003</ele>
   </trkpt>
   <trkpt lat="51.06288000233401" lon="5.114469999689925">
    <ele>25.11</ele>
   </trkpt>
   <trkpt lat="51.062870000000004" lon="5.11373">
    <ele>25.7</ele>
   </trkpt>
   <trkpt lat="51.062830000000005" lon="5.113580000000001">
    <ele>25.87</ele>
   </trkpt>
   <trkpt lat="51.06336" lon="5.112780000000001">
    <ele>26.18</ele>
   </trkpt>
   <trkpt lat="51.06344000000001" lon="5.11247">
    <ele>26.09</ele>
   </trkpt>
   <trkpt lat="51.06351" lon="5.11193">
    <ele>25.740000000000002</ele>
   </trkpt>
   <trkpt lat="51.063760002708136" lon="5.111140004121812">
    <ele>25.48</ele>
   </trkpt>
   <trkpt lat="51.06401" lon="5.11035">
    <ele>25.42</ele>
   </trkpt>
   <trkpt lat="51.064205002664984" lon="5.1095550034761565">
    <ele>25.330000000000002</ele>
   </trkpt>
   <trkpt lat="51.064400000000006" lon="5.10876">
    <ele>25.32</ele>
   </trkpt>
   <trkpt lat="51.0645" lon="5.10805">
    <ele>25.240000000000002</ele>
   </trkpt>
   <trkpt lat="51.064440000000005" lon="5.10799">
    <ele>25.240000000000002</ele>
   </trkpt>
   <trkpt lat="51.06429000000001" lon="5.107900000000001">
    <ele>24.66</ele>
   </trkpt>
   <trkpt lat="51.06380000000001" lon="5.1078">
    <ele>24.39</ele>
   </trkpt>
   <trkpt lat="51.063770000000005" lon="5.10751">
    <ele>24.41</ele>
   </trkpt>
   <trkpt lat="51.06359000228952" lon="5.106789997512574">
    <ele>24.330000000000002</ele>
   </trkpt>
   <trkpt lat="51.063410000000005" lon="5.106070000000001">
    <ele>24.150000000000002</ele>
   </trkpt>
   <trkpt lat="51.063410000000005" lon="5.10608">
    <ele>24.150000000000002</ele>
   </trkpt>
   <trkpt lat="51.063250002195275" lon="5.105374997893743">
    <ele>24.080000000000002</ele>
   </trkpt>
   <trkpt lat="51.06309" lon="5.1046700000000005">
    <ele>24.41</ele>
   </trkpt>
   <trkpt lat="51.06309" lon="5.104520000000001">
    <ele>24.41</ele>
   </trkpt>
   <trkpt lat="51.06317000000001" lon="5.10426">
    <ele>24.41</ele>
   </trkpt>
   <trkpt lat="51.06349" lon="5.103820000000001">
    <ele>24.450000000000003</ele>
   </trkpt>
   <trkpt lat="51.063820001224435" lon="5.10325000434244">
    <ele>24.64</ele>
   </trkpt>
   <trkpt lat="51.064150000000005" lon="5.10268">
    <ele>24.860000000000003</ele>
   </trkpt>
   <trkpt lat="51.06414" lon="5.1027000000000005">
    <ele>24.860000000000003</ele>
   </trkpt>
   <trkpt lat="51.064240000000005" lon="5.102550000000001">
    <ele>24.860000000000003</ele>
   </trkpt>
   <trkpt lat="51.064310000000006" lon="5.102480000000001">
    <ele>25.060000000000002</ele>
   </trkpt>
   <trkpt lat="51.06445" lon="5.1024400000000005">
    <ele>25.060000000000002</ele>
   </trkpt>
   <trkpt lat="51.06511000048264" lon="5.102794994908804">
    <ele>25.05</ele>
   </trkpt>
   <trkpt lat="51.06577000000001" lon="5.10315">
    <ele>25.18</ele>
   </trkpt>
   <trkpt lat="51.06597000000001" lon="5.10334">
    <ele>25.66</ele>
   </trkpt>
   <trkpt lat="51.066050000000004" lon="5.103350000000001">
    <ele>25.66</ele>
   </trkpt>
   <trkpt lat="51.066030000000005" lon="5.10308">
    <ele>25.7</ele>
   </trkpt>
   <trkpt lat="51.066050000000004" lon="5.10275">
    <ele>25.43</ele>
   </trkpt>
   <trkpt lat="51.06606000000001" lon="5.10263">
    <ele>25.43</ele>
   </trkpt>
   <trkpt lat="51.06611" lon="5.10263">
    <ele>25.41</ele>
   </trkpt>
   <trkpt lat="51.06618" lon="5.102650000000001">
    <ele>25.32</ele>
   </trkpt>
   <trkpt lat="51.06662000000001" lon="5.10306">
    <ele>24.540000000000003</ele>
   </trkpt>
   <trkpt lat="51.066880000000005" lon="5.10325">
    <ele>24.44</ele>
   </trkpt>
   <trkpt lat="51.06746500035476" lon="5.1035649959818405">
    <ele>24.560000000000002</ele>
   </trkpt>
   <trkpt lat="51.06805000000001" lon="5.10388">
    <ele>24.6</ele>
   </trkpt>
   <trkpt lat="51.068400000000004" lon="5.1028">
    <ele>23.650000000000002</ele>
   </trkpt>
   <trkpt lat="51.068540000000006" lon="5.10247">
    <ele>23.720000000000002</ele>
   </trkpt>
   <trkpt lat="51.068760000000005" lon="5.10203">
    <ele>23.700000000000003</ele>
   </trkpt>
   <trkpt lat="51.06907" lon="5.101430000000001">
    <ele>24.020000000000003</ele>
   </trkpt>
   <trkpt lat="51.069160000000004" lon="5.101380000000001">
    <ele>24.020000000000003</ele>
   </trkpt>
   <trkpt lat="51.0692" lon="5.101380000000001">
    <ele>24.020000000000003</ele>
   </trkpt>
   <trkpt lat="51.069250000000004" lon="5.100700000000001">
    <ele>23.880000000000003</ele>
   </trkpt>
   <trkpt lat="51.0694100031609" lon="5.099840002941195">
    <ele>23.48</ele>
   </trkpt>
   <trkpt lat="51.069570000000006" lon="5.09898">
    <ele>23.46</ele>
   </trkpt>
   <trkpt lat="51.06978" lon="5.0978">
    <ele>23.24</ele>
   </trkpt>
   <trkpt lat="51.069950000000006" lon="5.096570000000001">
    <ele>23.07</ele>
   </trkpt>
  </trkseg>
 </trk>
</gpx>
