<?xml version="1.0" encoding="UTF-8"?>
<gpx creator="StravaGPX" version="1.1" xmlns="http://www.topografix.com/GPX/1/1" xmlns:xsi="http://www.w3.org/2001/XMLSchema-instance" xsi:schemaLocation="http://www.topografix.com/GPX/1/1 http://www.topografix.com/GPX/1/1/gpx.xsd">
 <metadata>
  <name>twan - gingelom</name>
  <author>
   <name>Joeri Scapicchio</name>
   <link href="https://www.strava.com/athletes/2447439"/>
  </author>
  <copyright author="OpenStreetMap contributors">
   <year>2020</year>
   <license>https://www.openstreetmap.org/copyright</license>
  </copyright>
  <link href="https://www.strava.com/routes/3482266706684982114"/>
 </metadata>
 <trk>
  <name>twan - gingelom</name>
  <link href="https://www.strava.com/routes/3482266706684982114"/>
  <type>cycling</type>
  <trkseg>
   <trkpt lat="51.07001" lon="5.08748">
    <ele>22.73</ele>
   </trkpt>
   <trkpt lat="51.070060000000005" lon="5.08724">
    <ele>22.73</ele>
   </trkpt>
   <trkpt lat="51.07027" lon="5.08666">
    <ele>22.53</ele>
   </trkpt>
   <trkpt lat="51.07063" lon="5.08603">
    <ele>22.500000000000004</ele>
   </trkpt>
   <trkpt lat="51.070640000000004" lon="5.08595">
    <ele>22.500000000000004</ele>
   </trkpt>
   <trkpt lat="51.07059" lon="5.085920000000001">
    <ele>22.500000000000004</ele>
   </trkpt>
   <trkpt lat="51.07043" lon="5.0861">
    <ele>22.55</ele>
   </trkpt>
   <trkpt lat="51.0703" lon="5.08612">
    <ele>22.62</ele>
   </trkpt>
   <trkpt lat="51.070150000000005" lon="5.08605">
    <ele>22.72</ele>
   </trkpt>
   <trkpt lat="51.070060000000005" lon="5.086080000000001">
    <ele>22.85</ele>
   </trkpt>
   <trkpt lat="51.06998" lon="5.08605">
    <ele>22.85</ele>
   </trkpt>
   <trkpt lat="51.069880000000005" lon="5.086040000000001">
    <ele>22.930000000000003</ele>
   </trkpt>
   <trkpt lat="51.06930000010838" lon="5.08608500055619">
    <ele>23.590000000000003</ele>
   </trkpt>
   <trkpt lat="51.068720000000006" lon="5.086130000000001">
    <ele>24.12</ele>
   </trkpt>
   <trkpt lat="51.068130000000004" lon="5.086040000000001">
    <ele>25.200000000000003</ele>
   </trkpt>
   <trkpt lat="51.06727000000001" lon="5.085870000000001">
    <ele>26.750000000000004</ele>
   </trkpt>
   <trkpt lat="51.06712" lon="5.08593">
    <ele>26.6</ele>
   </trkpt>
   <trkpt lat="51.06696" lon="5.08605">
    <ele>26.580000000000002</ele>
   </trkpt>
   <trkpt lat="51.066500000000005" lon="5.08624">
    <ele>26.950000000000003</ele>
   </trkpt>
   <trkpt lat="51.06627" lon="5.086270000000001">
    <ele>27.13</ele>
   </trkpt>
   <trkpt lat="51.066030000000005" lon="5.08636">
    <ele>27.46</ele>
   </trkpt>
   <trkpt lat="51.06533" lon="5.0869">
    <ele>26.81</ele>
   </trkpt>
   <trkpt lat="51.065090000000005" lon="5.08701">
    <ele>26.840000000000003</ele>
   </trkpt>
   <trkpt lat="51.064980000000006" lon="5.08701">
    <ele>26.92</ele>
   </trkpt>
   <trkpt lat="51.06465000000001" lon="5.08713">
    <ele>27.51</ele>
   </trkpt>
   <trkpt lat="51.06456000000001" lon="5.08718">
    <ele>27.51</ele>
   </trkpt>
   <trkpt lat="51.06454" lon="5.0872">
    <ele>27.51</ele>
   </trkpt>
   <trkpt lat="51.06458000000001" lon="5.08731">
    <ele>27.51</ele>
   </trkpt>
   <trkpt lat="51.06468" lon="5.088220000000001">
    <ele>27.14</ele>
   </trkpt>
   <trkpt lat="51.064640000000004" lon="5.088240000000001">
    <ele>27.14</ele>
   </trkpt>
   <trkpt lat="51.06459" lon="5.08832">
    <ele>27.4</ele>
   </trkpt>
   <trkpt lat="51.06459" lon="5.0884">
    <ele>27.4</ele>
   </trkpt>
   <trkpt lat="51.064280000000004" lon="5.088500000000001">
    <ele>27.67</ele>
   </trkpt>
   <trkpt lat="51.0637650000352" lon="5.08863000145558">
    <ele>28.35</ele>
   </trkpt>
   <trkpt lat="51.063250000000004" lon="5.088760000000001">
    <ele>29.740000000000002</ele>
   </trkpt>
   <trkpt lat="51.06269" lon="5.08886">
    <ele>30.980000000000004</ele>
   </trkpt>
   <trkpt lat="51.06215" lon="5.08891">
    <ele>32.93</ele>
   </trkpt>
   <trkpt lat="51.06147333330364" lon="5.088953334603">
    <ele>35.07</ele>
   </trkpt>
   <trkpt lat="51.06079666659124" lon="5.088996667939238">
    <ele>37.22</ele>
   </trkpt>
   <trkpt lat="51.060120000000005" lon="5.089040000000001">
    <ele>38.17</ele>
   </trkpt>
   <trkpt lat="51.059830000000005" lon="5.0890200000000005">
    <ele>38.330000000000005</ele>
   </trkpt>
   <trkpt lat="51.05906" lon="5.089040000000001">
    <ele>38.35</ele>
   </trkpt>
   <trkpt lat="51.05883000000001" lon="5.089090000000001">
    <ele>38.17</ele>
   </trkpt>
   <trkpt lat="51.05807" lon="5.08907">
    <ele>37.78</ele>
   </trkpt>
   <trkpt lat="51.057570000000005" lon="5.088990000000001">
    <ele>37.49</ele>
   </trkpt>
   <trkpt lat="51.05724000000001" lon="5.0889500000000005">
    <ele>37.49</ele>
   </trkpt>
   <trkpt lat="51.05702" lon="5.0889500000000005">
    <ele>37.49</ele>
   </trkpt>
   <trkpt lat="51.05673" lon="5.088900000000001">
    <ele>37.49</ele>
   </trkpt>
   <trkpt lat="51.056360000000005" lon="5.0888100000000005">
    <ele>37.410000000000004</ele>
   </trkpt>
   <trkpt lat="51.055870000093215" lon="5.088659998411839">
    <ele>37.34</ele>
   </trkpt>
   <trkpt lat="51.05538000000001" lon="5.08851">
    <ele>36.94</ele>
   </trkpt>
   <trkpt lat="51.05509000000001" lon="5.08846">
    <ele>36.54</ele>
   </trkpt>
   <trkpt lat="51.05430500068376" lon="5.088232488436561">
    <ele>35.11</ele>
   </trkpt>
   <trkpt lat="51.05352000092588" lon="5.088004984586516">
    <ele>32.879999999999995</ele>
   </trkpt>
   <trkpt lat="51.05273500072637" lon="5.087777488449391">
    <ele>31.290000000000006</ele>
   </trkpt>
   <trkpt lat="51.051950000000005" lon="5.08755">
    <ele>30.240000000000002</ele>
   </trkpt>
   <trkpt lat="51.05191000000001" lon="5.0875200000000005">
    <ele>30.240000000000002</ele>
   </trkpt>
   <trkpt lat="51.051840000000006" lon="5.08751">
    <ele>29.93</ele>
   </trkpt>
   <trkpt lat="51.051730000000006" lon="5.08757">
    <ele>30.060000000000002</ele>
   </trkpt>
   <trkpt lat="51.05167" lon="5.087540000000001">
    <ele>29.910000000000004</ele>
   </trkpt>
   <trkpt lat="51.05163" lon="5.08755">
    <ele>29.910000000000004</ele>
   </trkpt>
   <trkpt lat="51.051520000000004" lon="5.08748">
    <ele>29.5</ele>
   </trkpt>
   <trkpt lat="51.05144000000001" lon="5.087490000000001">
    <ele>29.5</ele>
   </trkpt>
   <trkpt lat="51.05118" lon="5.087420000000001">
    <ele>29.130000000000003</ele>
   </trkpt>
   <trkpt lat="51.05084" lon="5.0873800000000005">
    <ele>28.8</ele>
   </trkpt>
   <trkpt lat="51.050810000000006" lon="5.087540000000001">
    <ele>28.75</ele>
   </trkpt>
   <trkpt lat="51.05078" lon="5.08764">
    <ele>28.610000000000003</ele>
   </trkpt>
   <trkpt lat="51.050700000000006" lon="5.0877300000000005">
    <ele>28.610000000000003</ele>
   </trkpt>
   <trkpt lat="51.05008400797403" lon="5.088414036401089">
    <ele>27.91</ele>
   </trkpt>
   <trkpt lat="51.04946801195565" lon="5.089098054606658">
    <ele>27.26</ele>
   </trkpt>
   <trkpt lat="51.048852011945" lon="5.089782054617474">
    <ele>26.590000000000003</ele>
   </trkpt>
   <trkpt lat="51.048236007942364" lon="5.090466036434303">
    <ele>26.400000000000002</ele>
   </trkpt>
   <trkpt lat="51.04762" lon="5.091150000000001">
    <ele>26.46</ele>
   </trkpt>
   <trkpt lat="51.04692000153768" lon="5.091760009262043">
    <ele>26.2</ele>
   </trkpt>
   <trkpt lat="51.046220000000005" lon="5.092370000000001">
    <ele>25.78</ele>
   </trkpt>
   <trkpt lat="51.04571000000001" lon="5.09274">
    <ele>25.43</ele>
   </trkpt>
   <trkpt lat="51.04515500032869" lon="5.093085004244873">
    <ele>25.210000000000004</ele>
   </trkpt>
   <trkpt lat="51.0446" lon="5.093430000000001">
    <ele>24.900000000000002</ele>
   </trkpt>
   <trkpt lat="51.04383666754638" lon="5.093763344348441">
    <ele>23.970000000000002</ele>
   </trkpt>
   <trkpt lat="51.0430733341446" lon="5.094096677711438">
    <ele>24.43</ele>
   </trkpt>
   <trkpt lat="51.04231000000001" lon="5.09443">
    <ele>25.150000000000002</ele>
   </trkpt>
   <trkpt lat="51.04211" lon="5.09447">
    <ele>25.150000000000002</ele>
   </trkpt>
   <trkpt lat="51.041650000000004" lon="5.0944400000000005">
    <ele>25.400000000000002</ele>
   </trkpt>
   <trkpt lat="51.04144" lon="5.09449">
    <ele>25.400000000000002</ele>
   </trkpt>
   <trkpt lat="51.04122" lon="5.09464">
    <ele>25.640000000000004</ele>
   </trkpt>
   <trkpt lat="51.04059333665023" lon="5.095260016736112">
    <ele>26.230000000000004</ele>
   </trkpt>
   <trkpt lat="51.039966670020135" lon="5.095880016699626">
    <ele>27.500000000000004</ele>
   </trkpt>
   <trkpt lat="51.03934" lon="5.096500000000001">
    <ele>29.53</ele>
   </trkpt>
   <trkpt lat="51.03923" lon="5.096590000000001">
    <ele>29.960000000000004</ele>
   </trkpt>
   <trkpt lat="51.03876000007784" lon="5.096810002291894">
    <ele>30.810000000000002</ele>
   </trkpt>
   <trkpt lat="51.03829" lon="5.09703">
    <ele>33.39</ele>
   </trkpt>
   <trkpt lat="51.038000000000004" lon="5.09726">
    <ele>33.440000000000005</ele>
   </trkpt>
   <trkpt lat="51.03786" lon="5.09745">
    <ele>34.34</ele>
   </trkpt>
   <trkpt lat="51.0377" lon="5.097580000000001">
    <ele>34.72</ele>
   </trkpt>
   <trkpt lat="51.03748" lon="5.097650000000001">
    <ele>35.64000000000001</ele>
   </trkpt>
   <trkpt lat="51.03728" lon="5.097650000000001">
    <ele>35.64000000000001</ele>
   </trkpt>
   <trkpt lat="51.0367799999981" lon="5.097614999621828">
    <ele>37.24</ele>
   </trkpt>
   <trkpt lat="51.036280000000005" lon="5.097580000000001">
    <ele>38.89</ele>
   </trkpt>
   <trkpt lat="51.036150000000006" lon="5.097580000000001">
    <ele>39.089999999999996</ele>
   </trkpt>
   <trkpt lat="51.03604000000001" lon="5.097600000000001">
    <ele>39.27</ele>
   </trkpt>
   <trkpt lat="51.03595000000001" lon="5.09764">
    <ele>39.370000000000005</ele>
   </trkpt>
   <trkpt lat="51.03513" lon="5.09815">
    <ele>39.03</ele>
   </trkpt>
   <trkpt lat="51.0344366682241" lon="5.098576679431633">
    <ele>35.24</ele>
   </trkpt>
   <trkpt lat="51.03374333489464" lon="5.0990033460956825">
    <ele>31.880000000000006</ele>
   </trkpt>
   <trkpt lat="51.03305" lon="5.099430000000001">
    <ele>29.490000000000002</ele>
   </trkpt>
   <trkpt lat="51.033" lon="5.0993900000000005">
    <ele>29.490000000000002</ele>
   </trkpt>
   <trkpt lat="51.032900000000005" lon="5.099410000000001">
    <ele>27.73</ele>
   </trkpt>
   <trkpt lat="51.032560000000004" lon="5.099620000000001">
    <ele>27.05</ele>
   </trkpt>
   <trkpt lat="51.032340000000005" lon="5.09978">
    <ele>26.320000000000004</ele>
   </trkpt>
   <trkpt lat="51.03204" lon="5.10012">
    <ele>25.040000000000003</ele>
   </trkpt>
   <trkpt lat="51.031680001001476" lon="5.10058000344725">
    <ele>24.09</ele>
   </trkpt>
   <trkpt lat="51.03132" lon="5.10104">
    <ele>23.6</ele>
   </trkpt>
   <trkpt lat="51.03061602954141" lon="5.101917119887173">
    <ele>22.750000000000004</ele>
   </trkpt>
   <trkpt lat="51.029912052517496" lon="5.102794213128989">
    <ele>22.72</ele>
   </trkpt>
   <trkpt lat="51.0292080689286" lon="5.103671279726679">
    <ele>22.8</ele>
   </trkpt>
   <trkpt lat="51.028504078775065" lon="5.104548319681475">
    <ele>22.770000000000003</ele>
   </trkpt>
   <trkpt lat="51.0278000820573" lon="5.1054253329946055">
    <ele>22.660000000000004</ele>
   </trkpt>
   <trkpt lat="51.027096078775635" lon="5.106302319667301">
    <ele>22.770000000000003</ele>
   </trkpt>
   <trkpt lat="51.026392068930456" lon="5.1071792797007936">
    <ele>22.44</ele>
   </trkpt>
   <trkpt lat="51.025688052522106" lon="5.10805621309631">
    <ele>22.7</ele>
   </trkpt>
   <trkpt lat="51.024984029550964" lon="5.108933119855084">
    <ele>22.820000000000004</ele>
   </trkpt>
   <trkpt lat="51.024280000000005" lon="5.10981">
    <ele>22.98</ele>
   </trkpt>
   <trkpt lat="51.023800001510004" lon="5.110425006501078">
    <ele>22.79</ele>
   </trkpt>
   <trkpt lat="51.023320000000005" lon="5.11104">
    <ele>22.910000000000004</ele>
   </trkpt>
   <trkpt lat="51.02317000000001" lon="5.11129">
    <ele>22.9</ele>
   </trkpt>
   <trkpt lat="51.02248201261932" lon="5.112150051056915">
    <ele>23.69</ele>
   </trkpt>
   <trkpt lat="51.02179401892593" lon="5.113010076587587">
    <ele>25.130000000000003</ele>
   </trkpt>
   <trkpt lat="51.02110601892021" lon="5.1138700765931695">
    <ele>27.48</ele>
   </trkpt>
   <trkpt lat="51.020418012602484" lon="5.114730051074811">
    <ele>30.930000000000003</ele>
   </trkpt>
   <trkpt lat="51.01973" lon="5.11559">
    <ele>34.39</ele>
   </trkpt>
   <trkpt lat="51.019270000000006" lon="5.116140000000001">
    <ele>36.550000000000004</ele>
   </trkpt>
   <trkpt lat="51.019110000000005" lon="5.11627">
    <ele>36.550000000000004</ele>
   </trkpt>
   <trkpt lat="51.01849000777309" lon="5.117050031309499">
    <ele>38.52</ele>
   </trkpt>
   <trkpt lat="51.017870010353356" lon="5.117830041758771">
    <ele>38.67</ele>
   </trkpt>
   <trkpt lat="51.01725000774104" lon="5.118610031348659">
    <ele>35.11</ele>
   </trkpt>
   <trkpt lat="51.016630000000006" lon="5.11939">
    <ele>33.02</ele>
   </trkpt>
   <trkpt lat="51.016510000000004" lon="5.119630000000001">
    <ele>32.53</ele>
   </trkpt>
   <trkpt lat="51.016510000000004" lon="5.11972">
    <ele>32.5</ele>
   </trkpt>
   <trkpt lat="51.01592600909074" lon="5.120450036781985">
    <ele>31.91</ele>
   </trkpt>
   <trkpt lat="51.01534201363285" lon="5.121180055176076">
    <ele>31.93</ele>
   </trkpt>
   <trkpt lat="51.014758013626555" lon="5.121910055182973">
    <ele>31.69</ele>
   </trkpt>
   <trkpt lat="51.01417400907207" lon="5.122640036803379">
    <ele>31.76</ele>
   </trkpt>
   <trkpt lat="51.01359" lon="5.12337">
    <ele>31.94</ele>
   </trkpt>
   <trkpt lat="51.01353" lon="5.123360000000001">
    <ele>31.92</ele>
   </trkpt>
   <trkpt lat="51.01315" lon="5.1238600000000005">
    <ele>32.21</ele>
   </trkpt>
   <trkpt lat="51.01303000000001" lon="5.12398">
    <ele>32.56</ele>
   </trkpt>
   <trkpt lat="51.012980000000006" lon="5.12401">
    <ele>32.56</ele>
   </trkpt>
   <trkpt lat="51.01286" lon="5.12399">
    <ele>32.67</ele>
   </trkpt>
   <trkpt lat="51.01281" lon="5.12387">
    <ele>32.71</ele>
   </trkpt>
   <trkpt lat="51.01265" lon="5.12403">
    <ele>32.89</ele>
   </trkpt>
   <trkpt lat="51.01268" lon="5.124160000000001">
    <ele>32.89</ele>
   </trkpt>
   <trkpt lat="51.01265" lon="5.12441">
    <ele>33.07</ele>
   </trkpt>
   <trkpt lat="51.01258000000001" lon="5.12453">
    <ele>33.14</ele>
   </trkpt>
   <trkpt lat="51.01240000000001" lon="5.124720000000001">
    <ele>33.25</ele>
   </trkpt>
   <trkpt lat="51.012130000000006" lon="5.12504">
    <ele>34.0</ele>
   </trkpt>
   <trkpt lat="51.012040000000006" lon="5.125190000000001">
    <ele>34.0</ele>
   </trkpt>
   <trkpt lat="51.011480000000006" lon="5.125900000000001">
    <ele>35.89000000000001</ele>
   </trkpt>
   <trkpt lat="51.010945001931525" lon="5.126570007708927">
    <ele>38.35</ele>
   </trkpt>
   <trkpt lat="51.01041000000001" lon="5.1272400000000005">
    <ele>41.25</ele>
   </trkpt>
   <trkpt lat="51.010310000000004" lon="5.127300000000001">
    <ele>41.25</ele>
   </trkpt>
   <trkpt lat="51.009624012564636" lon="5.128158050763386">
    <ele>44.44</ele>
   </trkpt>
   <trkpt lat="51.0089380188453" lon="5.1290160761455805">
    <ele>44.63</ele>
   </trkpt>
   <trkpt lat="51.00825201884233" lon="5.129874076147722">
    <ele>40.95</ele>
   </trkpt>
   <trkpt lat="51.00756601255608" lon="5.130732050770948">
    <ele>37.71</ele>
   </trkpt>
   <trkpt lat="51.00688" lon="5.13159">
    <ele>33.49</ele>
   </trkpt>
   <trkpt lat="51.006710000000005" lon="5.131900000000001">
    <ele>32.760000000000005</ele>
   </trkpt>
   <trkpt lat="51.00623000144251" lon="5.132510006497065">
    <ele>31.43</ele>
   </trkpt>
   <trkpt lat="51.005750000000006" lon="5.133120000000001">
    <ele>30.62</ele>
   </trkpt>
   <trkpt lat="51.005570000000006" lon="5.1333400000000005">
    <ele>30.340000000000003</ele>
   </trkpt>
   <trkpt lat="51.005500000000005" lon="5.133400000000001">
    <ele>30.340000000000003</ele>
   </trkpt>
   <trkpt lat="51.00527" lon="5.133710000000001">
    <ele>29.43</ele>
   </trkpt>
   <trkpt lat="51.004763336753676" lon="5.134346680623751">
    <ele>28.85</ele>
   </trkpt>
   <trkpt lat="51.004256670047404" lon="5.13498334733998">
    <ele>28.57</ele>
   </trkpt>
   <trkpt lat="51.003750000000004" lon="5.13562">
    <ele>28.610000000000003</ele>
   </trkpt>
   <trkpt lat="51.00308000592516" lon="5.136453357406534">
    <ele>28.810000000000002</ele>
   </trkpt>
   <trkpt lat="51.00241000592254" lon="5.137286690742642">
    <ele>29.240000000000002</ele>
   </trkpt>
   <trkpt lat="51.001740000000005" lon="5.138120000000001">
    <ele>29.380000000000003</ele>
   </trkpt>
   <trkpt lat="51.001400000000004" lon="5.1385000000000005">
    <ele>29.43</ele>
   </trkpt>
   <trkpt lat="51.00121000000001" lon="5.138800000000001">
    <ele>29.43</ele>
   </trkpt>
   <trkpt lat="51.00074000000001" lon="5.1394">
    <ele>29.740000000000002</ele>
   </trkpt>
   <trkpt lat="51.000170000000004" lon="5.14008">
    <ele>30.17</ele>
   </trkpt>
   <trkpt lat="50.999930000000006" lon="5.140350000000001">
    <ele>30.490000000000002</ele>
   </trkpt>
   <trkpt lat="50.999790000000004" lon="5.14053">
    <ele>30.590000000000003</ele>
   </trkpt>
   <trkpt lat="50.999750000000006" lon="5.14062">
    <ele>30.590000000000003</ele>
   </trkpt>
   <trkpt lat="50.999430000000004" lon="5.14102">
    <ele>30.55</ele>
   </trkpt>
   <trkpt lat="50.99922" lon="5.141240000000001">
    <ele>30.070000000000004</ele>
   </trkpt>
   <trkpt lat="50.998830000000005" lon="5.141570000000001">
    <ele>29.030000000000005</ele>
   </trkpt>
   <trkpt lat="50.998650000000005" lon="5.141780000000001">
    <ele>28.0</ele>
   </trkpt>
   <trkpt lat="50.99841000000001" lon="5.142200000000001">
    <ele>27.290000000000003</ele>
   </trkpt>
   <trkpt lat="50.99794000000001" lon="5.142950000000001">
    <ele>24.71</ele>
   </trkpt>
   <trkpt lat="50.997370000000004" lon="5.14374">
    <ele>24.28</ele>
   </trkpt>
   <trkpt lat="50.99691000000001" lon="5.14444">
    <ele>24.130000000000003</ele>
   </trkpt>
   <trkpt lat="50.996550000000006" lon="5.1449300000000004">
    <ele>23.91</ele>
   </trkpt>
   <trkpt lat="50.99633000000001" lon="5.14538">
    <ele>23.89</ele>
   </trkpt>
   <trkpt lat="50.99622" lon="5.145700000000001">
    <ele>23.89</ele>
   </trkpt>
   <trkpt lat="50.996015002811724" lon="5.146505003376168">
    <ele>23.91</ele>
   </trkpt>
   <trkpt lat="50.995810000000006" lon="5.14731">
    <ele>23.96</ele>
   </trkpt>
   <trkpt lat="50.99570000000001" lon="5.147500000000001">
    <ele>23.98</ele>
   </trkpt>
   <trkpt lat="50.995650000000005" lon="5.1477">
    <ele>23.98</ele>
   </trkpt>
   <trkpt lat="50.99564" lon="5.14796">
    <ele>23.840000000000003</ele>
   </trkpt>
   <trkpt lat="50.99538667480714" lon="5.148936677338232">
    <ele>23.94</ele>
   </trkpt>
   <trkpt lat="50.99513334147169" lon="5.1499133440129405">
    <ele>24.14</ele>
   </trkpt>
   <trkpt lat="50.99488" lon="5.15089">
    <ele>24.150000000000002</ele>
   </trkpt>
   <trkpt lat="50.99481" lon="5.1513">
    <ele>24.080000000000002</ele>
   </trkpt>
   <trkpt lat="50.9947" lon="5.15216">
    <ele>24.59</ele>
   </trkpt>
   <trkpt lat="50.994640000000004" lon="5.1524">
    <ele>24.59</ele>
   </trkpt>
   <trkpt lat="50.99459" lon="5.15272">
    <ele>24.740000000000002</ele>
   </trkpt>
   <trkpt lat="50.994580000000006" lon="5.15312">
    <ele>23.71</ele>
   </trkpt>
   <trkpt lat="50.99452" lon="5.153060000000001">
    <ele>23.71</ele>
   </trkpt>
   <trkpt lat="50.99428000172595" lon="5.15242999682562">
    <ele>22.85</ele>
   </trkpt>
   <trkpt lat="50.994040000000005" lon="5.151800000000001">
    <ele>22.73</ele>
   </trkpt>
   <trkpt lat="50.994060000000005" lon="5.151840000000001">
    <ele>22.73</ele>
   </trkpt>
   <trkpt lat="50.99394" lon="5.1515200000000005">
    <ele>22.7</ele>
   </trkpt>
   <trkpt lat="50.99352000334305" lon="5.150639992114999">
    <ele>22.830000000000002</ele>
   </trkpt>
   <trkpt lat="50.993100000000005" lon="5.149760000000001">
    <ele>22.92</ele>
   </trkpt>
   <trkpt lat="50.99291" lon="5.14921">
    <ele>23.07</ele>
   </trkpt>
   <trkpt lat="50.99287" lon="5.14892">
    <ele>23.07</ele>
   </trkpt>
   <trkpt lat="50.992830000000005" lon="5.148090000000001">
    <ele>22.930000000000003</ele>
   </trkpt>
   <trkpt lat="50.992740000000005" lon="5.14773">
    <ele>23.1</ele>
   </trkpt>
   <trkpt lat="50.9923300024131" lon="5.146964993083574">
    <ele>23.160000000000004</ele>
   </trkpt>
   <trkpt lat="50.99192000000001" lon="5.1462">
    <ele>23.37</ele>
   </trkpt>
   <trkpt lat="50.99139" lon="5.1452800000000005">
    <ele>23.12</ele>
   </trkpt>
   <trkpt lat="50.99105500109237" lon="5.144744995931866">
    <ele>23.01</ele>
   </trkpt>
   <trkpt lat="50.99072" lon="5.14421">
    <ele>22.97</ele>
   </trkpt>
   <trkpt lat="50.990610000000004" lon="5.144080000000001">
    <ele>22.97</ele>
   </trkpt>
   <trkpt lat="50.99015500064755" lon="5.143624995303447">
    <ele>22.750000000000004</ele>
   </trkpt>
   <trkpt lat="50.989700000000006" lon="5.1431700000000005">
    <ele>22.820000000000004</ele>
   </trkpt>
   <trkpt lat="50.989540000000005" lon="5.143050000000001">
    <ele>22.8</ele>
   </trkpt>
   <trkpt lat="50.98942" lon="5.143000000000001">
    <ele>22.8</ele>
   </trkpt>
   <trkpt lat="50.98891500005175" lon="5.142879998692095">
    <ele>22.570000000000004</ele>
   </trkpt>
   <trkpt lat="50.98841" lon="5.14276">
    <ele>22.950000000000003</ele>
   </trkpt>
   <trkpt lat="50.98798000000001" lon="5.14269">
    <ele>22.950000000000003</ele>
   </trkpt>
   <trkpt lat="50.987840000000006" lon="5.1427700000000005">
    <ele>23.080000000000002</ele>
   </trkpt>
   <trkpt lat="50.98772" lon="5.1428">
    <ele>23.080000000000002</ele>
   </trkpt>
   <trkpt lat="50.98736" lon="5.14285">
    <ele>22.990000000000002</ele>
   </trkpt>
   <trkpt lat="50.987260000000006" lon="5.1429">
    <ele>23.03</ele>
   </trkpt>
   <trkpt lat="50.98716" lon="5.14301">
    <ele>23.03</ele>
   </trkpt>
   <trkpt lat="50.98691" lon="5.14344">
    <ele>23.180000000000003</ele>
   </trkpt>
   <trkpt lat="50.98682" lon="5.143540000000001">
    <ele>23.03</ele>
   </trkpt>
   <trkpt lat="50.986720000000005" lon="5.143610000000001">
    <ele>23.03</ele>
   </trkpt>
   <trkpt lat="50.986580000000004" lon="5.14364">
    <ele>23.020000000000003</ele>
   </trkpt>
   <trkpt lat="50.986290000000004" lon="5.1436">
    <ele>23.180000000000003</ele>
   </trkpt>
   <trkpt lat="50.98584" lon="5.14374">
    <ele>23.020000000000003</ele>
   </trkpt>
   <trkpt lat="50.9857" lon="5.14381">
    <ele>22.96</ele>
   </trkpt>
   <trkpt lat="50.98523000029759" lon="5.14409500291529">
    <ele>22.820000000000004</ele>
   </trkpt>
   <trkpt lat="50.98476" lon="5.144380000000001">
    <ele>22.94</ele>
   </trkpt>
   <trkpt lat="50.98461" lon="5.14451">
    <ele>22.98</ele>
   </trkpt>
   <trkpt lat="50.984390000000005" lon="5.14477">
    <ele>22.860000000000003</ele>
   </trkpt>
   <trkpt lat="50.98397500133001" lon="5.145350005332872">
    <ele>22.96</ele>
   </trkpt>
   <trkpt lat="50.983560000000004" lon="5.145930000000001">
    <ele>23.14</ele>
   </trkpt>
   <trkpt lat="50.98350000000001" lon="5.145980000000001">
    <ele>23.160000000000004</ele>
   </trkpt>
   <trkpt lat="50.983250000000005" lon="5.14611">
    <ele>23.15</ele>
   </trkpt>
   <trkpt lat="50.98312000000001" lon="5.1462200000000005">
    <ele>23.15</ele>
   </trkpt>
   <trkpt lat="50.98299" lon="5.1463600000000005">
    <ele>23.22</ele>
   </trkpt>
   <trkpt lat="50.98281" lon="5.1466">
    <ele>23.41</ele>
   </trkpt>
   <trkpt lat="50.98237" lon="5.147340000000001">
    <ele>23.630000000000003</ele>
   </trkpt>
   <trkpt lat="50.981880005922704" lon="5.148173350933494">
    <ele>23.73</ele>
   </trkpt>
   <trkpt lat="50.98139000591678" lon="5.149006684276651">
    <ele>23.83</ele>
   </trkpt>
   <trkpt lat="50.980900000000005" lon="5.14984">
    <ele>23.91</ele>
   </trkpt>
   <trkpt lat="50.980516673798185" lon="5.148926651609016">
    <ele>22.76</ele>
   </trkpt>
   <trkpt lat="50.98013334047472" lon="5.148013318299432">
    <ele>21.95</ele>
   </trkpt>
   <trkpt lat="50.97975" lon="5.1471">
    <ele>22.02</ele>
   </trkpt>
   <trkpt lat="50.979600000000005" lon="5.14681">
    <ele>22.490000000000002</ele>
   </trkpt>
   <trkpt lat="50.97957" lon="5.146780000000001">
    <ele>22.490000000000002</ele>
   </trkpt>
   <trkpt lat="50.9795" lon="5.14677">
    <ele>22.490000000000002</ele>
   </trkpt>
   <trkpt lat="50.97943" lon="5.146800000000001">
    <ele>22.45</ele>
   </trkpt>
   <trkpt lat="50.97898000000001" lon="5.14728">
    <ele>22.37</ele>
   </trkpt>
   <trkpt lat="50.97887000000001" lon="5.14735">
    <ele>22.47</ele>
   </trkpt>
   <trkpt lat="50.97872" lon="5.14735">
    <ele>22.35</ele>
   </trkpt>
   <trkpt lat="50.97800500051934" lon="5.146989994439545">
    <ele>22.28</ele>
   </trkpt>
   <trkpt lat="50.97729" lon="5.14663">
    <ele>22.73</ele>
   </trkpt>
   <trkpt lat="50.97721000000001" lon="5.1465700000000005">
    <ele>22.740000000000002</ele>
   </trkpt>
   <trkpt lat="50.977160000000005" lon="5.14646">
    <ele>22.740000000000002</ele>
   </trkpt>
   <trkpt lat="50.976980000000005" lon="5.1458900000000005">
    <ele>22.770000000000003</ele>
   </trkpt>
   <trkpt lat="50.976890000000004" lon="5.1456800000000005">
    <ele>23.020000000000003</ele>
   </trkpt>
   <trkpt lat="50.976760000000006" lon="5.145510000000001">
    <ele>23.110000000000003</ele>
   </trkpt>
   <trkpt lat="50.976690000000005" lon="5.14557">
    <ele>23.110000000000003</ele>
   </trkpt>
   <trkpt lat="50.976600000000005" lon="5.1456100000000005">
    <ele>22.96</ele>
   </trkpt>
   <trkpt lat="50.975820000000006" lon="5.1458200000000005">
    <ele>23.31</ele>
   </trkpt>
   <trkpt lat="50.975460000000005" lon="5.145840000000001">
    <ele>23.630000000000003</ele>
   </trkpt>
   <trkpt lat="50.9748" lon="5.1458">
    <ele>24.380000000000003</ele>
   </trkpt>
   <trkpt lat="50.974270000000004" lon="5.145580000000001">
    <ele>25.07</ele>
   </trkpt>
   <trkpt lat="50.97397" lon="5.14548">
    <ele>26.44</ele>
   </trkpt>
   <trkpt lat="50.97371667643929" lon="5.146550011682564">
    <ele>26.42</ele>
   </trkpt>
   <trkpt lat="50.973463343103745" lon="5.147620011691631">
    <ele>26.580000000000002</ele>
   </trkpt>
   <trkpt lat="50.97321" lon="5.14869">
    <ele>27.19</ele>
   </trkpt>
   <trkpt lat="50.97291603066467" lon="5.150030033913119">
    <ele>27.750000000000004</ele>
   </trkpt>
   <trkpt lat="50.97262204599853" lon="5.151370050861588">
    <ele>29.1</ele>
   </trkpt>
   <trkpt lat="50.972328046001934" lon="5.152710050844918">
    <ele>31.71</ele>
   </trkpt>
   <trkpt lat="50.97203403067527" lon="5.154050033862618">
    <ele>32.67</ele>
   </trkpt>
   <trkpt lat="50.971740000000004" lon="5.155390000000001">
    <ele>30.680000000000003</ele>
   </trkpt>
   <trkpt lat="50.97139000000001" lon="5.156580000000001">
    <ele>28.3</ele>
   </trkpt>
   <trkpt lat="50.97115500219272" lon="5.157305003826023">
    <ele>26.11</ele>
   </trkpt>
   <trkpt lat="50.97092000000001" lon="5.15803">
    <ele>24.93</ele>
   </trkpt>
   <trkpt lat="50.970800000000004" lon="5.158510000000001">
    <ele>25.300000000000004</ele>
   </trkpt>
   <trkpt lat="50.97059" lon="5.15815">
    <ele>25.25</ele>
   </trkpt>
   <trkpt lat="50.97025001371839" lon="5.159416685137216">
    <ele>22.67</ele>
   </trkpt>
   <trkpt lat="50.969910013738115" lon="5.160683351730031">
    <ele>23.14</ele>
   </trkpt>
   <trkpt lat="50.969570000000004" lon="5.16195">
    <ele>23.06</ele>
   </trkpt>
   <trkpt lat="50.96951000000001" lon="5.1621500000000005">
    <ele>23.06</ele>
   </trkpt>
   <trkpt lat="50.96940000000001" lon="5.1623600000000005">
    <ele>23.07</ele>
   </trkpt>
   <trkpt lat="50.96905500140393" lon="5.162935004283366">
    <ele>23.110000000000003</ele>
   </trkpt>
   <trkpt lat="50.96871" lon="5.1635100000000005">
    <ele>23.080000000000002</ele>
   </trkpt>
   <trkpt lat="50.96848000000001" lon="5.1638">
    <ele>23.080000000000002</ele>
   </trkpt>
   <trkpt lat="50.9680100004123" lon="5.164095002959313">
    <ele>23.07</ele>
   </trkpt>
   <trkpt lat="50.96754000000001" lon="5.16439">
    <ele>23.000000000000004</ele>
   </trkpt>
   <trkpt lat="50.96737" lon="5.16453">
    <ele>22.96</ele>
   </trkpt>
   <trkpt lat="50.967310000000005" lon="5.16464">
    <ele>22.97</ele>
   </trkpt>
   <trkpt lat="50.96726" lon="5.1648000000000005">
    <ele>22.97</ele>
   </trkpt>
   <trkpt lat="50.96726" lon="5.1649400000000005">
    <ele>22.97</ele>
   </trkpt>
   <trkpt lat="50.967310000000005" lon="5.165220000000001">
    <ele>22.930000000000003</ele>
   </trkpt>
   <trkpt lat="50.967690000000005" lon="5.16603">
    <ele>22.98</ele>
   </trkpt>
   <trkpt lat="50.967760000000006" lon="5.166340000000001">
    <ele>23.000000000000004</ele>
   </trkpt>
   <trkpt lat="50.967780000000005" lon="5.1666300000000005">
    <ele>23.000000000000004</ele>
   </trkpt>
   <trkpt lat="50.967670000000005" lon="5.167350000000001">
    <ele>22.89</ele>
   </trkpt>
   <trkpt lat="50.967620000000004" lon="5.167520000000001">
    <ele>22.89</ele>
   </trkpt>
   <trkpt lat="50.96752000000001" lon="5.16765">
    <ele>22.930000000000003</ele>
   </trkpt>
   <trkpt lat="50.967330000000004" lon="5.167820000000001">
    <ele>22.9</ele>
   </trkpt>
   <trkpt lat="50.96728" lon="5.16791">
    <ele>22.79</ele>
   </trkpt>
   <trkpt lat="50.967220000000005" lon="5.16816">
    <ele>22.79</ele>
   </trkpt>
   <trkpt lat="50.96723" lon="5.1683900000000005">
    <ele>22.54</ele>
   </trkpt>
   <trkpt lat="50.96728" lon="5.168550000000001">
    <ele>22.54</ele>
   </trkpt>
   <trkpt lat="50.96734000000001" lon="5.1686700000000005">
    <ele>22.54</ele>
   </trkpt>
   <trkpt lat="50.96752000000001" lon="5.16889">
    <ele>22.2</ele>
   </trkpt>
   <trkpt lat="50.96764" lon="5.16919">
    <ele>21.69</ele>
   </trkpt>
   <trkpt lat="50.96768" lon="5.16943">
    <ele>21.330000000000002</ele>
   </trkpt>
   <trkpt lat="50.967650000000006" lon="5.16971">
    <ele>20.110000000000003</ele>
   </trkpt>
   <trkpt lat="50.96736602385964" lon="5.170892028897778">
    <ele>19.450000000000003</ele>
   </trkpt>
   <trkpt lat="50.967082035790156" lon="5.172074043342859">
    <ele>19.62</ele>
   </trkpt>
   <trkpt lat="50.966798035791854" lon="5.17325604333496">
    <ele>19.700000000000003</ele>
   </trkpt>
   <trkpt lat="50.96651402386499" lon="5.174438028873799">
    <ele>19.96</ele>
   </trkpt>
   <trkpt lat="50.96623" lon="5.17562">
    <ele>20.34</ele>
   </trkpt>
   <trkpt lat="50.96594000603665" lon="5.176810007464845">
    <ele>20.48</ele>
   </trkpt>
   <trkpt lat="50.965650000000004" lon="5.178000000000001">
    <ele>20.5</ele>
   </trkpt>
   <trkpt lat="50.9656" lon="5.17827">
    <ele>20.610000000000003</ele>
   </trkpt>
   <trkpt lat="50.965630000000004" lon="5.178800000000001">
    <ele>20.610000000000003</ele>
   </trkpt>
   <trkpt lat="50.96542" lon="5.179550000000001">
    <ele>20.82</ele>
   </trkpt>
   <trkpt lat="50.965360000000004" lon="5.17964">
    <ele>20.82</ele>
   </trkpt>
   <trkpt lat="50.96529" lon="5.179690000000001">
    <ele>20.98</ele>
   </trkpt>
   <trkpt lat="50.96519000000001" lon="5.1797200000000005">
    <ele>20.98</ele>
   </trkpt>
   <trkpt lat="50.96464" lon="5.1797">
    <ele>20.76</ele>
   </trkpt>
   <trkpt lat="50.9645" lon="5.17975">
    <ele>20.76</ele>
   </trkpt>
   <trkpt lat="50.963950000000004" lon="5.18046">
    <ele>20.400000000000002</ele>
   </trkpt>
   <trkpt lat="50.963770000000004" lon="5.18062">
    <ele>20.46</ele>
   </trkpt>
   <trkpt lat="50.963370000000005" lon="5.18086">
    <ele>20.450000000000003</ele>
   </trkpt>
   <trkpt lat="50.96302000000001" lon="5.181030000000001">
    <ele>20.6</ele>
   </trkpt>
   <trkpt lat="50.96293000000001" lon="5.18109">
    <ele>20.6</ele>
   </trkpt>
   <trkpt lat="50.962720000000004" lon="5.181360000000001">
    <ele>20.540000000000003</ele>
   </trkpt>
   <trkpt lat="50.96190000000001" lon="5.18165">
    <ele>22.310000000000002</ele>
   </trkpt>
   <trkpt lat="50.961800003665836" lon="5.180724998129379">
    <ele>21.730000000000004</ele>
   </trkpt>
   <trkpt lat="50.96170000000001" lon="5.1798">
    <ele>21.67</ele>
   </trkpt>
   <trkpt lat="50.961650000000006" lon="5.1795100000000005">
    <ele>21.66</ele>
   </trkpt>
   <trkpt lat="50.961510000000004" lon="5.179010000000001">
    <ele>21.68</ele>
   </trkpt>
   <trkpt lat="50.961420000000004" lon="5.178780000000001">
    <ele>21.76</ele>
   </trkpt>
   <trkpt lat="50.961200000000005" lon="5.17839">
    <ele>21.980000000000004</ele>
   </trkpt>
   <trkpt lat="50.96060000000001" lon="5.1774700000000005">
    <ele>22.09</ele>
   </trkpt>
   <trkpt lat="50.96045" lon="5.177110000000001">
    <ele>22.080000000000002</ele>
   </trkpt>
   <trkpt lat="50.96025" lon="5.1763900000000005">
    <ele>21.96</ele>
   </trkpt>
   <trkpt lat="50.960170000000005" lon="5.17623">
    <ele>21.96</ele>
   </trkpt>
   <trkpt lat="50.960080000000005" lon="5.176100000000001">
    <ele>21.96</ele>
   </trkpt>
   <trkpt lat="50.96" lon="5.17602">
    <ele>21.96</ele>
   </trkpt>
   <trkpt lat="50.96007" lon="5.17577">
    <ele>21.550000000000004</ele>
   </trkpt>
   <trkpt lat="50.96003" lon="5.175560000000001">
    <ele>21.16</ele>
   </trkpt>
   <trkpt lat="50.95969000420284" lon="5.174569992809673">
    <ele>20.37</ele>
   </trkpt>
   <trkpt lat="50.95935000000001" lon="5.17358">
    <ele>20.43</ele>
   </trkpt>
   <trkpt lat="50.959230000000005" lon="5.17318">
    <ele>20.39</ele>
   </trkpt>
   <trkpt lat="50.959120000000006" lon="5.172680000000001">
    <ele>20.43</ele>
   </trkpt>
   <trkpt lat="50.95888500319915" lon="5.171814995642734">
    <ele>20.080000000000002</ele>
   </trkpt>
   <trkpt lat="50.958650000000006" lon="5.17095">
    <ele>20.26</ele>
   </trkpt>
   <trkpt lat="50.958600000000004" lon="5.170940000000001">
    <ele>20.26</ele>
   </trkpt>
   <trkpt lat="50.95853" lon="5.17096">
    <ele>20.16</ele>
   </trkpt>
   <trkpt lat="50.95788" lon="5.171290000000001">
    <ele>21.26</ele>
   </trkpt>
   <trkpt lat="50.95783" lon="5.17123">
    <ele>21.39</ele>
   </trkpt>
   <trkpt lat="50.957770000000004" lon="5.171220000000001">
    <ele>21.11</ele>
   </trkpt>
   <trkpt lat="50.95718000055802" lon="5.171555004208657">
    <ele>20.5</ele>
   </trkpt>
   <trkpt lat="50.956590000000006" lon="5.17189">
    <ele>21.19</ele>
   </trkpt>
   <trkpt lat="50.956030000000005" lon="5.17245">
    <ele>23.24</ele>
   </trkpt>
   <trkpt lat="50.95597" lon="5.172490000000001">
    <ele>23.200000000000003</ele>
   </trkpt>
   <trkpt lat="50.955920000000006" lon="5.17227">
    <ele>23.110000000000003</ele>
   </trkpt>
   <trkpt lat="50.95573" lon="5.17196">
    <ele>23.090000000000003</ele>
   </trkpt>
   <trkpt lat="50.955350006959094" lon="5.170679989412536">
    <ele>24.28</ele>
   </trkpt>
   <trkpt lat="50.95497" lon="5.1694">
    <ele>24.67</ele>
   </trkpt>
   <trkpt lat="50.95470500224933" lon="5.168679995992333">
    <ele>24.43</ele>
   </trkpt>
   <trkpt lat="50.954440000000005" lon="5.167960000000001">
    <ele>23.8</ele>
   </trkpt>
   <trkpt lat="50.95436" lon="5.16765">
    <ele>23.73</ele>
   </trkpt>
   <trkpt lat="50.95421" lon="5.16661">
    <ele>22.46</ele>
   </trkpt>
   <trkpt lat="50.95394" lon="5.16584">
    <ele>21.51</ele>
   </trkpt>
   <trkpt lat="50.95385" lon="5.165640000000001">
    <ele>21.120000000000005</ele>
   </trkpt>
   <trkpt lat="50.95347" lon="5.1649400000000005">
    <ele>20.87</ele>
   </trkpt>
   <trkpt lat="50.953250000000004" lon="5.16448">
    <ele>20.98</ele>
   </trkpt>
   <trkpt lat="50.953210000000006" lon="5.16429">
    <ele>21.040000000000003</ele>
   </trkpt>
   <trkpt lat="50.953160000000004" lon="5.16356">
    <ele>21.060000000000002</ele>
   </trkpt>
   <trkpt lat="50.95290000000001" lon="5.163690000000001">
    <ele>20.5</ele>
   </trkpt>
   <trkpt lat="50.95277" lon="5.16373">
    <ele>20.41</ele>
   </trkpt>
   <trkpt lat="50.952420000000004" lon="5.1637900000000005">
    <ele>20.310000000000002</ele>
   </trkpt>
   <trkpt lat="50.95232000000001" lon="5.16387">
    <ele>20.310000000000002</ele>
   </trkpt>
   <trkpt lat="50.95208" lon="5.16434">
    <ele>20.490000000000002</ele>
   </trkpt>
   <trkpt lat="50.95196000000001" lon="5.16448">
    <ele>20.490000000000002</ele>
   </trkpt>
   <trkpt lat="50.95186" lon="5.164540000000001">
    <ele>20.490000000000002</ele>
   </trkpt>
   <trkpt lat="50.95176000000001" lon="5.16455">
    <ele>20.490000000000002</ele>
   </trkpt>
   <trkpt lat="50.95165" lon="5.1645">
    <ele>20.580000000000002</ele>
   </trkpt>
   <trkpt lat="50.951480000000004" lon="5.164370000000001">
    <ele>20.64</ele>
   </trkpt>
   <trkpt lat="50.95140000000001" lon="5.16434">
    <ele>20.64</ele>
   </trkpt>
   <trkpt lat="50.95132" lon="5.16434">
    <ele>20.64</ele>
   </trkpt>
   <trkpt lat="50.951190000000004" lon="5.16441">
    <ele>20.68</ele>
   </trkpt>
   <trkpt lat="50.95105" lon="5.164580000000001">
    <ele>21.1</ele>
   </trkpt>
   <trkpt lat="50.950950000000006" lon="5.16467">
    <ele>21.1</ele>
   </trkpt>
   <trkpt lat="50.95064000000001" lon="5.16486">
    <ele>21.35</ele>
   </trkpt>
   <trkpt lat="50.950410000000005" lon="5.16507">
    <ele>21.740000000000002</ele>
   </trkpt>
   <trkpt lat="50.95015" lon="5.16525">
    <ele>21.460000000000004</ele>
   </trkpt>
   <trkpt lat="50.94952000387116" lon="5.16619501272101">
    <ele>21.28</ele>
   </trkpt>
   <trkpt lat="50.948890000000006" lon="5.167140000000001">
    <ele>21.53</ele>
   </trkpt>
   <trkpt lat="50.94853000076518" lon="5.167575003420653">
    <ele>21.810000000000002</ele>
   </trkpt>
   <trkpt lat="50.948170000000005" lon="5.168010000000001">
    <ele>22.18</ele>
   </trkpt>
   <trkpt lat="50.947540000000004" lon="5.16865">
    <ele>23.37</ele>
   </trkpt>
   <trkpt lat="50.947280000000006" lon="5.168950000000001">
    <ele>23.540000000000003</ele>
   </trkpt>
   <trkpt lat="50.94727" lon="5.16933">
    <ele>23.28</ele>
   </trkpt>
   <trkpt lat="50.94733" lon="5.1699">
    <ele>23.32</ele>
   </trkpt>
   <trkpt lat="50.947300000000006" lon="5.17011">
    <ele>23.31</ele>
   </trkpt>
   <trkpt lat="50.947250000000004" lon="5.1702">
    <ele>23.24</ele>
   </trkpt>
   <trkpt lat="50.94711" lon="5.17035">
    <ele>23.12</ele>
   </trkpt>
   <trkpt lat="50.94691" lon="5.17055">
    <ele>22.990000000000002</ele>
   </trkpt>
   <trkpt lat="50.946580000000004" lon="5.1708300000000005">
    <ele>22.770000000000003</ele>
   </trkpt>
   <trkpt lat="50.94604" lon="5.17112">
    <ele>22.770000000000003</ele>
   </trkpt>
   <trkpt lat="50.94581" lon="5.17128">
    <ele>22.92</ele>
   </trkpt>
   <trkpt lat="50.94536" lon="5.1716500000000005">
    <ele>23.160000000000004</ele>
   </trkpt>
   <trkpt lat="50.94527" lon="5.1716500000000005">
    <ele>23.200000000000003</ele>
   </trkpt>
   <trkpt lat="50.945220000000006" lon="5.17178">
    <ele>23.200000000000003</ele>
   </trkpt>
   <trkpt lat="50.94507" lon="5.1719800000000005">
    <ele>23.22</ele>
   </trkpt>
   <trkpt lat="50.944880000000005" lon="5.172230000000001">
    <ele>23.26</ele>
   </trkpt>
   <trkpt lat="50.944750000000006" lon="5.172350000000001">
    <ele>23.17</ele>
   </trkpt>
   <trkpt lat="50.944320000000005" lon="5.172540000000001">
    <ele>23.14</ele>
   </trkpt>
   <trkpt lat="50.943920000000006" lon="5.17264">
    <ele>23.6</ele>
   </trkpt>
   <trkpt lat="50.94386" lon="5.17239">
    <ele>23.790000000000003</ele>
   </trkpt>
   <trkpt lat="50.94375" lon="5.17224">
    <ele>23.860000000000003</ele>
   </trkpt>
   <trkpt lat="50.9438" lon="5.172020000000001">
    <ele>24.07</ele>
   </trkpt>
   <trkpt lat="50.94377" lon="5.172000000000001">
    <ele>24.07</ele>
   </trkpt>
   <trkpt lat="50.9438" lon="5.17187">
    <ele>24.19</ele>
   </trkpt>
   <trkpt lat="50.943670000000004" lon="5.1717900000000006">
    <ele>24.25</ele>
   </trkpt>
   <trkpt lat="50.94364" lon="5.17184">
    <ele>24.01</ele>
   </trkpt>
   <trkpt lat="50.943130000000004" lon="5.17175">
    <ele>24.220000000000002</ele>
   </trkpt>
   <trkpt lat="50.94312000000001" lon="5.1716500000000005">
    <ele>24.240000000000002</ele>
   </trkpt>
   <trkpt lat="50.94305000000001" lon="5.17156">
    <ele>24.240000000000002</ele>
   </trkpt>
   <trkpt lat="50.942980000000006" lon="5.171530000000001">
    <ele>24.44</ele>
   </trkpt>
   <trkpt lat="50.94292" lon="5.17156">
    <ele>24.44</ele>
   </trkpt>
   <trkpt lat="50.942820000000005" lon="5.1717200000000005">
    <ele>24.48</ele>
   </trkpt>
   <trkpt lat="50.94256000000001" lon="5.171930000000001">
    <ele>24.03</ele>
   </trkpt>
   <trkpt lat="50.94190500044421" lon="5.172250004504752">
    <ele>24.220000000000002</ele>
   </trkpt>
   <trkpt lat="50.941250000000004" lon="5.17257">
    <ele>24.380000000000003</ele>
   </trkpt>
   <trkpt lat="50.94076000031619" lon="5.172795002325274">
    <ele>24.6</ele>
   </trkpt>
   <trkpt lat="50.940270000000005" lon="5.17302">
    <ele>24.93</ele>
   </trkpt>
   <trkpt lat="50.94012000000001" lon="5.173120000000001">
    <ele>24.93</ele>
   </trkpt>
   <trkpt lat="50.939690000000006" lon="5.173260000000001">
    <ele>25.42</ele>
   </trkpt>
   <trkpt lat="50.939420000000005" lon="5.173260000000001">
    <ele>25.580000000000002</ele>
   </trkpt>
   <trkpt lat="50.939330000000005" lon="5.173220000000001">
    <ele>25.830000000000002</ele>
   </trkpt>
   <trkpt lat="50.93918000000001" lon="5.173120000000001">
    <ele>26.080000000000002</ele>
   </trkpt>
   <trkpt lat="50.93900000000001" lon="5.1729">
    <ele>26.900000000000002</ele>
   </trkpt>
   <trkpt lat="50.93894" lon="5.17276">
    <ele>26.900000000000002</ele>
   </trkpt>
   <trkpt lat="50.938950000000006" lon="5.17262">
    <ele>26.97</ele>
   </trkpt>
   <trkpt lat="50.938930000000006" lon="5.172560000000001">
    <ele>26.97</ele>
   </trkpt>
   <trkpt lat="50.938880000000005" lon="5.17248">
    <ele>27.22</ele>
   </trkpt>
   <trkpt lat="50.938810000000004" lon="5.172440000000001">
    <ele>27.31</ele>
   </trkpt>
   <trkpt lat="50.93878" lon="5.17245">
    <ele>27.31</ele>
   </trkpt>
   <trkpt lat="50.93858" lon="5.17217">
    <ele>27.15</ele>
   </trkpt>
   <trkpt lat="50.938030000000005" lon="5.171250000000001">
    <ele>27.790000000000003</ele>
   </trkpt>
   <trkpt lat="50.93765000132206" lon="5.1707099956964795">
    <ele>28.51</ele>
   </trkpt>
   <trkpt lat="50.937270000000005" lon="5.170170000000001">
    <ele>29.380000000000003</ele>
   </trkpt>
   <trkpt lat="50.93708" lon="5.16985">
    <ele>29.87</ele>
   </trkpt>
   <trkpt lat="50.93699" lon="5.16997">
    <ele>29.94</ele>
   </trkpt>
   <trkpt lat="50.93658500048987" lon="5.170355003489047">
    <ele>30.01</ele>
   </trkpt>
   <trkpt lat="50.93618000000001" lon="5.17074">
    <ele>30.320000000000004</ele>
   </trkpt>
   <trkpt lat="50.93589000000001" lon="5.1711">
    <ele>30.520000000000003</ele>
   </trkpt>
   <trkpt lat="50.93549" lon="5.17173">
    <ele>30.300000000000004</ele>
   </trkpt>
   <trkpt lat="50.935370000000006" lon="5.17184">
    <ele>30.300000000000004</ele>
   </trkpt>
   <trkpt lat="50.934733333375966" lon="5.171916668766732">
    <ele>30.01</ele>
   </trkpt>
   <trkpt lat="50.93409666670172" lon="5.171993335434276">
    <ele>30.130000000000003</ele>
   </trkpt>
   <trkpt lat="50.933460000000004" lon="5.172070000000001">
    <ele>30.53</ele>
   </trkpt>
   <trkpt lat="50.933040000000005" lon="5.17208">
    <ele>30.96</ele>
   </trkpt>
   <trkpt lat="50.932579999867514" lon="5.172064999847289">
    <ele>31.650000000000002</ele>
   </trkpt>
   <trkpt lat="50.932120000000005" lon="5.1720500000000005">
    <ele>32.120000000000005</ele>
   </trkpt>
   <trkpt lat="50.93182" lon="5.17208">
    <ele>32.35</ele>
   </trkpt>
   <trkpt lat="50.93131500011747" lon="5.172295002368411">
    <ele>32.11</ele>
   </trkpt>
   <trkpt lat="50.93081" lon="5.172510000000001">
    <ele>31.740000000000002</ele>
   </trkpt>
   <trkpt lat="50.93025" lon="5.1728700000000005">
    <ele>32.59</ele>
   </trkpt>
   <trkpt lat="50.930110000000006" lon="5.17297">
    <ele>32.59</ele>
   </trkpt>
   <trkpt lat="50.929610000000004" lon="5.173380000000001">
    <ele>33.06</ele>
   </trkpt>
   <trkpt lat="50.928960000000004" lon="5.1737">
    <ele>33.300000000000004</ele>
   </trkpt>
   <trkpt lat="50.928670000000004" lon="5.173830000000001">
    <ele>33.010000000000005</ele>
   </trkpt>
   <trkpt lat="50.928450000000005" lon="5.173870000000001">
    <ele>32.99</ele>
   </trkpt>
   <trkpt lat="50.92831" lon="5.17386">
    <ele>33.050000000000004</ele>
   </trkpt>
   <trkpt lat="50.927980000000005" lon="5.17372">
    <ele>33.72</ele>
   </trkpt>
   <trkpt lat="50.927960000000006" lon="5.17349">
    <ele>33.71</ele>
   </trkpt>
   <trkpt lat="50.92756000232832" lon="5.17274999361814">
    <ele>34.0</ele>
   </trkpt>
   <trkpt lat="50.92716" lon="5.17201">
    <ele>35.35</ele>
   </trkpt>
   <trkpt lat="50.92714" lon="5.171830000000001">
    <ele>35.51</ele>
   </trkpt>
   <trkpt lat="50.926970000000004" lon="5.17189">
    <ele>35.43</ele>
   </trkpt>
   <trkpt lat="50.926860000000005" lon="5.171900000000001">
    <ele>35.440000000000005</ele>
   </trkpt>
   <trkpt lat="50.926040000425346" lon="5.172225005738933">
    <ele>35.97</ele>
   </trkpt>
   <trkpt lat="50.92522" lon="5.17255">
    <ele>36.99</ele>
   </trkpt>
   <trkpt lat="50.92503000000001" lon="5.1719800000000005">
    <ele>36.99</ele>
   </trkpt>
   <trkpt lat="50.92471500242931" lon="5.171229994986616">
    <ele>37.15</ele>
   </trkpt>
   <trkpt lat="50.924400000000006" lon="5.17048">
    <ele>37.56</ele>
   </trkpt>
   <trkpt lat="50.924160002177835" lon="5.169754996058179">
    <ele>37.82000000000001</ele>
   </trkpt>
   <trkpt lat="50.92392" lon="5.16903">
    <ele>38.220000000000006</ele>
   </trkpt>
   <trkpt lat="50.92392" lon="5.169020000000001">
    <ele>38.23</ele>
   </trkpt>
   <trkpt lat="50.92380000000001" lon="5.168640000000001">
    <ele>38.38</ele>
   </trkpt>
   <trkpt lat="50.923700000000004" lon="5.16823">
    <ele>38.760000000000005</ele>
   </trkpt>
   <trkpt lat="50.923550002686575" lon="5.167439997565841">
    <ele>39.07</ele>
   </trkpt>
   <trkpt lat="50.9234" lon="5.166650000000001">
    <ele>39.68</ele>
   </trkpt>
   <trkpt lat="50.922645000235256" lon="5.166905004152393">
    <ele>39.41</ele>
   </trkpt>
   <trkpt lat="50.921890000000005" lon="5.167160000000001">
    <ele>39.400000000000006</ele>
   </trkpt>
   <trkpt lat="50.92121666690064" lon="5.1673366717885205">
    <ele>38.45</ele>
   </trkpt>
   <trkpt lat="50.92054333353468" lon="5.167513338463655">
    <ele>37.21</ele>
   </trkpt>
   <trkpt lat="50.91987" lon="5.16769">
    <ele>36.50000000000001</ele>
   </trkpt>
   <trkpt lat="50.919750005816404" lon="5.16652499719342">
    <ele>33.14</ele>
   </trkpt>
   <trkpt lat="50.919630000000005" lon="5.165360000000001">
    <ele>31.35</ele>
   </trkpt>
   <trkpt lat="50.9196" lon="5.16476">
    <ele>30.76</ele>
   </trkpt>
   <trkpt lat="50.91962" lon="5.164090000000001">
    <ele>30.44</ele>
   </trkpt>
   <trkpt lat="50.91973" lon="5.1634400000000005">
    <ele>29.87</ele>
   </trkpt>
   <trkpt lat="50.91971" lon="5.162800000000001">
    <ele>29.77</ele>
   </trkpt>
   <trkpt lat="50.919700000000006" lon="5.162800000000001">
    <ele>29.77</ele>
   </trkpt>
   <trkpt lat="50.91967" lon="5.161770000000001">
    <ele>29.800000000000004</ele>
   </trkpt>
   <trkpt lat="50.91924" lon="5.16188">
    <ele>29.980000000000004</ele>
   </trkpt>
   <trkpt lat="50.91883000000001" lon="5.1619">
    <ele>30.18</ele>
   </trkpt>
   <trkpt lat="50.91806666666084" lon="5.161878331555795">
    <ele>30.750000000000004</ele>
   </trkpt>
   <trkpt lat="50.91730333331767" lon="5.1618566638224825">
    <ele>31.060000000000002</ele>
   </trkpt>
   <trkpt lat="50.916539999970475" lon="5.16183499680002">
    <ele>31.27</ele>
   </trkpt>
   <trkpt lat="50.915776666619266" lon="5.161813330488364">
    <ele>31.42</ele>
   </trkpt>
   <trkpt lat="50.91501333326405" lon="5.16179166488747">
    <ele>31.240000000000002</ele>
   </trkpt>
   <trkpt lat="50.91425" lon="5.161770000000001">
    <ele>30.650000000000002</ele>
   </trkpt>
   <trkpt lat="50.913830000000004" lon="5.16166">
    <ele>30.470000000000002</ele>
   </trkpt>
   <trkpt lat="50.91357000000001" lon="5.161530000000001">
    <ele>29.52</ele>
   </trkpt>
   <trkpt lat="50.913270000000004" lon="5.16133">
    <ele>29.52</ele>
   </trkpt>
   <trkpt lat="50.91263000251922" lon="5.160786651721978">
    <ele>28.520000000000003</ele>
   </trkpt>
   <trkpt lat="50.91199000251683" lon="5.16024331838689">
    <ele>28.19</ele>
   </trkpt>
   <trkpt lat="50.911350000000006" lon="5.159700000000001">
    <ele>28.310000000000002</ele>
   </trkpt>
   <trkpt lat="50.91093000000001" lon="5.15939">
    <ele>28.48</ele>
   </trkpt>
   <trkpt lat="50.91067" lon="5.15925">
    <ele>28.64</ele>
   </trkpt>
   <trkpt lat="50.910520000000005" lon="5.159190000000001">
    <ele>28.64</ele>
   </trkpt>
   <trkpt lat="50.91011" lon="5.159120000000001">
    <ele>28.75</ele>
   </trkpt>
   <trkpt lat="50.909560000125325" lon="5.159074999477829">
    <ele>28.92</ele>
   </trkpt>
   <trkpt lat="50.90901" lon="5.1590300000000004">
    <ele>28.740000000000002</ele>
   </trkpt>
   <trkpt lat="50.908370000000005" lon="5.15896">
    <ele>28.41</ele>
   </trkpt>
   <trkpt lat="50.90813000000001" lon="5.158880000000001">
    <ele>28.41</ele>
   </trkpt>
   <trkpt lat="50.907880000000006" lon="5.1587700000000005">
    <ele>28.200000000000003</ele>
   </trkpt>
   <trkpt lat="50.90767" lon="5.15864">
    <ele>28.180000000000003</ele>
   </trkpt>
   <trkpt lat="50.90728000000001" lon="5.158340000000001">
    <ele>28.290000000000003</ele>
   </trkpt>
   <trkpt lat="50.906556669510984" lon="5.157759981952424">
    <ele>27.880000000000003</ele>
   </trkpt>
   <trkpt lat="50.90583333614838" lon="5.15717998192933">
    <ele>27.680000000000003</ele>
   </trkpt>
   <trkpt lat="50.90511000000001" lon="5.1566">
    <ele>27.700000000000003</ele>
   </trkpt>
   <trkpt lat="50.904880000000006" lon="5.1564700000000006">
    <ele>27.610000000000003</ele>
   </trkpt>
   <trkpt lat="50.90462" lon="5.156370000000001">
    <ele>27.6</ele>
   </trkpt>
   <trkpt lat="50.9044" lon="5.15634">
    <ele>27.66</ele>
   </trkpt>
   <trkpt lat="50.904090000000004" lon="5.156370000000001">
    <ele>27.810000000000002</ele>
   </trkpt>
   <trkpt lat="50.903690000000005" lon="5.156440000000001">
    <ele>28.1</ele>
   </trkpt>
   <trkpt lat="50.90361000000001" lon="5.156420000000001">
    <ele>28.090000000000003</ele>
   </trkpt>
   <trkpt lat="50.903560000000006" lon="5.1564700000000006">
    <ele>28.090000000000003</ele>
   </trkpt>
   <trkpt lat="50.903310000000005" lon="5.156540000000001">
    <ele>28.25</ele>
   </trkpt>
   <trkpt lat="50.90276500003423" lon="5.156680001651512">
    <ele>28.490000000000002</ele>
   </trkpt>
   <trkpt lat="50.90222000000001" lon="5.156820000000001">
    <ele>28.770000000000003</ele>
   </trkpt>
   <trkpt lat="50.90146250025273" lon="5.156962506956405">
    <ele>28.860000000000003</ele>
   </trkpt>
   <trkpt lat="50.900705000331996" lon="5.157105009275958">
    <ele>29.26</ele>
   </trkpt>
   <trkpt lat="50.89994750023779" lon="5.157247506958937">
    <ele>28.35</ele>
   </trkpt>
   <trkpt lat="50.899190000000004" lon="5.15739">
    <ele>28.03</ele>
   </trkpt>
   <trkpt lat="50.898920000000004" lon="5.15742">
    <ele>27.85</ele>
   </trkpt>
   <trkpt lat="50.89817000000001" lon="5.157450000000001">
    <ele>27.46</ele>
   </trkpt>
   <trkpt lat="50.89799000000001" lon="5.15749">
    <ele>27.46</ele>
   </trkpt>
   <trkpt lat="50.89782" lon="5.1575500000000005">
    <ele>27.39</ele>
   </trkpt>
   <trkpt lat="50.89762" lon="5.15767">
    <ele>27.39</ele>
   </trkpt>
   <trkpt lat="50.89743000000001" lon="5.157830000000001">
    <ele>27.17</ele>
   </trkpt>
   <trkpt lat="50.89696000000001" lon="5.158340000000001">
    <ele>26.88</ele>
   </trkpt>
   <trkpt lat="50.896800000000006" lon="5.158460000000001">
    <ele>26.85</ele>
   </trkpt>
   <trkpt lat="50.89667000000001" lon="5.158530000000001">
    <ele>26.860000000000003</ele>
   </trkpt>
   <trkpt lat="50.8965" lon="5.158580000000001">
    <ele>26.820000000000004</ele>
   </trkpt>
   <trkpt lat="50.896390000000004" lon="5.158600000000001">
    <ele>26.820000000000004</ele>
   </trkpt>
   <trkpt lat="50.89620000000001" lon="5.15857">
    <ele>26.81</ele>
   </trkpt>
   <trkpt lat="50.89544" lon="5.15838">
    <ele>27.6</ele>
   </trkpt>
   <trkpt lat="50.89529" lon="5.15843">
    <ele>27.6</ele>
   </trkpt>
   <trkpt lat="50.895230000000005" lon="5.158480000000001">
    <ele>27.6</ele>
   </trkpt>
   <trkpt lat="50.89452401144166" lon="5.159298049589879">
    <ele>27.810000000000002</ele>
   </trkpt>
   <trkpt lat="50.893818017166744" lon="5.160116074378338">
    <ele>28.78</ele>
   </trkpt>
   <trkpt lat="50.89311201717558" lon="5.160934074366551">
    <ele>29.35</ele>
   </trkpt>
   <trkpt lat="50.892406011468495" lon="5.161752049555696">
    <ele>29.78</ele>
   </trkpt>
   <trkpt lat="50.89170000000001" lon="5.1625700000000005">
    <ele>30.070000000000004</ele>
   </trkpt>
   <trkpt lat="50.89104000718842" lon="5.163317531743529">
    <ele>30.240000000000002</ele>
   </trkpt>
   <trkpt lat="50.89038000960323" lon="5.164065042302744">
    <ele>30.6</ele>
   </trkpt>
   <trkpt lat="50.889720007244684" lon="5.164812531678592">
    <ele>31.450000000000006</ele>
   </trkpt>
   <trkpt lat="50.88906" lon="5.16556">
    <ele>32.36</ele>
   </trkpt>
   <trkpt lat="50.888870000000004" lon="5.1657">
    <ele>32.449999999999996</ele>
   </trkpt>
   <trkpt lat="50.88873" lon="5.165730000000001">
    <ele>32.370000000000005</ele>
   </trkpt>
   <trkpt lat="50.888560000000005" lon="5.165730000000001">
    <ele>32.370000000000005</ele>
   </trkpt>
   <trkpt lat="50.88783" lon="5.16563">
    <ele>31.240000000000002</ele>
   </trkpt>
   <trkpt lat="50.887550000000005" lon="5.165500000000001">
    <ele>31.240000000000002</ele>
   </trkpt>
   <trkpt lat="50.88721" lon="5.16516">
    <ele>30.740000000000002</ele>
   </trkpt>
   <trkpt lat="50.88702000000001" lon="5.1648700000000005">
    <ele>30.35</ele>
   </trkpt>
   <trkpt lat="50.88678" lon="5.164210000000001">
    <ele>30.18</ele>
   </trkpt>
   <trkpt lat="50.88671" lon="5.1639100000000004">
    <ele>30.21</ele>
   </trkpt>
   <trkpt lat="50.886660000000006" lon="5.16347">
    <ele>30.29</ele>
   </trkpt>
   <trkpt lat="50.886570000000006" lon="5.1635">
    <ele>30.390000000000004</ele>
   </trkpt>
   <trkpt lat="50.88646000000001" lon="5.1635800000000005">
    <ele>30.390000000000004</ele>
   </trkpt>
   <trkpt lat="50.885670000000005" lon="5.1637200000000005">
    <ele>29.960000000000004</ele>
   </trkpt>
   <trkpt lat="50.885540000000006" lon="5.1637900000000005">
    <ele>29.960000000000004</ele>
   </trkpt>
   <trkpt lat="50.885450000000006" lon="5.16389">
    <ele>29.970000000000002</ele>
   </trkpt>
   <trkpt lat="50.884890000000006" lon="5.16486">
    <ele>30.330000000000002</ele>
   </trkpt>
   <trkpt lat="50.884800000000006" lon="5.16499">
    <ele>30.330000000000002</ele>
   </trkpt>
   <trkpt lat="50.884620000000005" lon="5.16514">
    <ele>30.390000000000004</ele>
   </trkpt>
   <trkpt lat="50.88421" lon="5.16546">
    <ele>30.62</ele>
   </trkpt>
   <trkpt lat="50.88347" lon="5.166">
    <ele>30.94</ele>
   </trkpt>
   <trkpt lat="50.883230000000005" lon="5.166060000000001">
    <ele>31.240000000000002</ele>
   </trkpt>
   <trkpt lat="50.883" lon="5.16608">
    <ele>31.810000000000006</ele>
   </trkpt>
   <trkpt lat="50.882340000000006" lon="5.166040000000001">
    <ele>31.77</ele>
   </trkpt>
   <trkpt lat="50.88212000000001" lon="5.16608">
    <ele>31.59</ele>
   </trkpt>
   <trkpt lat="50.88179" lon="5.1662300000000005">
    <ele>31.26</ele>
   </trkpt>
   <trkpt lat="50.88149000000001" lon="5.166440000000001">
    <ele>30.61</ele>
   </trkpt>
   <trkpt lat="50.88112" lon="5.1668">
    <ele>30.070000000000004</ele>
   </trkpt>
   <trkpt lat="50.88096" lon="5.166980000000001">
    <ele>30.09</ele>
   </trkpt>
   <trkpt lat="50.8808" lon="5.167140000000001">
    <ele>30.130000000000003</ele>
   </trkpt>
   <trkpt lat="50.88024000000001" lon="5.167560000000001">
    <ele>30.580000000000002</ele>
   </trkpt>
   <trkpt lat="50.879850000000005" lon="5.167800000000001">
    <ele>30.640000000000004</ele>
   </trkpt>
   <trkpt lat="50.87953" lon="5.16793">
    <ele>30.78</ele>
   </trkpt>
   <trkpt lat="50.87901" lon="5.1680600000000005">
    <ele>30.720000000000002</ele>
   </trkpt>
   <trkpt lat="50.878710000000005" lon="5.168080000000001">
    <ele>30.61</ele>
   </trkpt>
   <trkpt lat="50.878240000000005" lon="5.168080000000001">
    <ele>30.61</ele>
   </trkpt>
   <trkpt lat="50.87807" lon="5.16811">
    <ele>30.480000000000004</ele>
   </trkpt>
   <trkpt lat="50.87783" lon="5.168240000000001">
    <ele>30.35</ele>
   </trkpt>
   <trkpt lat="50.877700000000004" lon="5.168340000000001">
    <ele>30.35</ele>
   </trkpt>
   <trkpt lat="50.87762000000001" lon="5.168430000000001">
    <ele>30.310000000000002</ele>
   </trkpt>
   <trkpt lat="50.87745" lon="5.16856">
    <ele>30.310000000000002</ele>
   </trkpt>
   <trkpt lat="50.87713" lon="5.16873">
    <ele>30.11</ele>
   </trkpt>
   <trkpt lat="50.87661000000001" lon="5.1688600000000005">
    <ele>30.18</ele>
   </trkpt>
   <trkpt lat="50.876450000000006" lon="5.16894">
    <ele>30.18</ele>
   </trkpt>
   <trkpt lat="50.87633" lon="5.16903">
    <ele>30.230000000000004</ele>
   </trkpt>
   <trkpt lat="50.8757" lon="5.16962">
    <ele>30.67</ele>
   </trkpt>
   <trkpt lat="50.875510000000006" lon="5.16978">
    <ele>30.810000000000002</ele>
   </trkpt>
   <trkpt lat="50.87529000000001" lon="5.16992">
    <ele>30.87</ele>
   </trkpt>
   <trkpt lat="50.87507" lon="5.170030000000001">
    <ele>30.87</ele>
   </trkpt>
   <trkpt lat="50.874470000259215" lon="5.170225002478987">
    <ele>30.840000000000003</ele>
   </trkpt>
   <trkpt lat="50.873870000000004" lon="5.17042">
    <ele>30.61</ele>
   </trkpt>
   <trkpt lat="50.873470000000005" lon="5.17058">
    <ele>29.53</ele>
   </trkpt>
   <trkpt lat="50.873025000210426" lon="5.170790001994636">
    <ele>29.19</ele>
   </trkpt>
   <trkpt lat="50.872580000000006" lon="5.171">
    <ele>29.16</ele>
   </trkpt>
   <trkpt lat="50.87248" lon="5.17107">
    <ele>29.16</ele>
   </trkpt>
   <trkpt lat="50.87220000000001" lon="5.171290000000001">
    <ele>29.07</ele>
   </trkpt>
   <trkpt lat="50.871930000000006" lon="5.171530000000001">
    <ele>29.210000000000004</ele>
   </trkpt>
   <trkpt lat="50.87172" lon="5.1717">
    <ele>29.330000000000002</ele>
   </trkpt>
   <trkpt lat="50.87106000000001" lon="5.1720500000000005">
    <ele>29.6</ele>
   </trkpt>
   <trkpt lat="50.87071" lon="5.17234">
    <ele>29.67</ele>
   </trkpt>
   <trkpt lat="50.870430000000006" lon="5.17269">
    <ele>29.830000000000002</ele>
   </trkpt>
   <trkpt lat="50.870020000000004" lon="5.1733400000000005">
    <ele>30.19</ele>
   </trkpt>
   <trkpt lat="50.86961" lon="5.173970000000001">
    <ele>30.560000000000002</ele>
   </trkpt>
   <trkpt lat="50.86901000544968" lon="5.174766687139591">
    <ele>31.27</ele>
   </trkpt>
   <trkpt lat="50.868410005476434" lon="5.175563353770372">
    <ele>31.68</ele>
   </trkpt>
   <trkpt lat="50.867810000000006" lon="5.176360000000001">
    <ele>32.24</ele>
   </trkpt>
   <trkpt lat="50.86768000000001" lon="5.1766000000000005">
    <ele>32.24</ele>
   </trkpt>
   <trkpt lat="50.86724500551751" lon="5.17773001038221">
    <ele>33.17</ele>
   </trkpt>
   <trkpt lat="50.86681" lon="5.17886">
    <ele>33.29</ele>
   </trkpt>
   <trkpt lat="50.86666" lon="5.17938">
    <ele>33.14</ele>
   </trkpt>
   <trkpt lat="50.86641" lon="5.1805900000000005">
    <ele>33.120000000000005</ele>
   </trkpt>
   <trkpt lat="50.86623" lon="5.181170000000001">
    <ele>33.0</ele>
   </trkpt>
   <trkpt lat="50.86600000000001" lon="5.18165">
    <ele>33.150000000000006</ele>
   </trkpt>
   <trkpt lat="50.86589000000001" lon="5.181830000000001">
    <ele>33.150000000000006</ele>
   </trkpt>
   <trkpt lat="50.86554000092471" lon="5.182300003554048">
    <ele>33.620000000000005</ele>
   </trkpt>
   <trkpt lat="50.865190000000005" lon="5.1827700000000005">
    <ele>33.800000000000004</ele>
   </trkpt>
   <trkpt lat="50.86452667093202" lon="5.1834766867770705">
    <ele>34.46</ele>
   </trkpt>
   <trkpt lat="50.86386333759703" lon="5.184183353445123">
    <ele>35.24</ele>
   </trkpt>
   <trkpt lat="50.863200000000006" lon="5.18489">
    <ele>36.1</ele>
   </trkpt>
   <trkpt lat="50.86301" lon="5.185020000000001">
    <ele>36.64000000000001</ele>
   </trkpt>
   <trkpt lat="50.862660000000005" lon="5.1851400000000005">
    <ele>37.43000000000001</ele>
   </trkpt>
   <trkpt lat="50.862350000000006" lon="5.1852100000000005">
    <ele>37.44</ele>
   </trkpt>
   <trkpt lat="50.86189500005325" lon="5.185280000678119">
    <ele>35.84</ele>
   </trkpt>
   <trkpt lat="50.86144" lon="5.185350000000001">
    <ele>35.050000000000004</ele>
   </trkpt>
   <trkpt lat="50.860980000000005" lon="5.185510000000001">
    <ele>35.0</ele>
   </trkpt>
   <trkpt lat="50.860890000000005" lon="5.185630000000001">
    <ele>34.99</ele>
   </trkpt>
   <trkpt lat="50.860850000000006" lon="5.18567">
    <ele>34.800000000000004</ele>
   </trkpt>
   <trkpt lat="50.86047000000001" lon="5.18587">
    <ele>34.49</ele>
   </trkpt>
   <trkpt lat="50.860290000000006" lon="5.18594">
    <ele>34.510000000000005</ele>
   </trkpt>
   <trkpt lat="50.859460000000006" lon="5.18606">
    <ele>35.050000000000004</ele>
   </trkpt>
   <trkpt lat="50.858775000210635" lon="5.186200002030614">
    <ele>35.79</ele>
   </trkpt>
   <trkpt lat="50.858090000000004" lon="5.18634">
    <ele>35.730000000000004</ele>
   </trkpt>
   <trkpt lat="50.85775" lon="5.18642">
    <ele>36.050000000000004</ele>
   </trkpt>
   <trkpt lat="50.857130000000005" lon="5.18658">
    <ele>36.47</ele>
   </trkpt>
   <trkpt lat="50.856649999900064" lon="5.186715001439519">
    <ele>37.11000000000001</ele>
   </trkpt>
   <trkpt lat="50.856170000000006" lon="5.186850000000001">
    <ele>38.91</ele>
   </trkpt>
   <trkpt lat="50.856010000000005" lon="5.186920000000001">
    <ele>39.470000000000006</ele>
   </trkpt>
   <trkpt lat="50.85595000000001" lon="5.18644">
    <ele>38.52</ele>
   </trkpt>
   <trkpt lat="50.85587" lon="5.18599">
    <ele>38.52</ele>
   </trkpt>
   <trkpt lat="50.855610000000006" lon="5.185180000000001">
    <ele>37.19</ele>
   </trkpt>
   <trkpt lat="50.8554" lon="5.1847900000000005">
    <ele>36.19</ele>
   </trkpt>
   <trkpt lat="50.85528000000001" lon="5.18463">
    <ele>36.0</ele>
   </trkpt>
   <trkpt lat="50.85475500089059" lon="5.184134994280507">
    <ele>34.77</ele>
   </trkpt>
   <trkpt lat="50.85423" lon="5.1836400000000005">
    <ele>33.72</ele>
   </trkpt>
   <trkpt lat="50.85360000000001" lon="5.18334">
    <ele>33.59</ele>
   </trkpt>
   <trkpt lat="50.85334" lon="5.1833100000000005">
    <ele>33.82</ele>
   </trkpt>
   <trkpt lat="50.85322000000001" lon="5.183330000000001">
    <ele>33.82</ele>
   </trkpt>
   <trkpt lat="50.85298" lon="5.18348">
    <ele>34.160000000000004</ele>
   </trkpt>
   <trkpt lat="50.85262" lon="5.183870000000001">
    <ele>34.83</ele>
   </trkpt>
   <trkpt lat="50.852410000000006" lon="5.184010000000001">
    <ele>35.0</ele>
   </trkpt>
   <trkpt lat="50.85229" lon="5.184030000000001">
    <ele>35.0</ele>
   </trkpt>
   <trkpt lat="50.85211" lon="5.18402">
    <ele>35.29</ele>
   </trkpt>
   <trkpt lat="50.85177" lon="5.183960000000001">
    <ele>36.15</ele>
   </trkpt>
   <trkpt lat="50.851380000000006" lon="5.183960000000001">
    <ele>36.9</ele>
   </trkpt>
   <trkpt lat="50.85126" lon="5.18398">
    <ele>36.96</ele>
   </trkpt>
   <trkpt lat="50.851130000000005" lon="5.18402">
    <ele>37.06</ele>
   </trkpt>
   <trkpt lat="50.85067" lon="5.18437">
    <ele>37.61000000000001</ele>
   </trkpt>
   <trkpt lat="50.85034" lon="5.184570000000001">
    <ele>37.88</ele>
   </trkpt>
   <trkpt lat="50.850080000000005" lon="5.1847">
    <ele>38.07</ele>
   </trkpt>
   <trkpt lat="50.84985" lon="5.184760000000001">
    <ele>38.52</ele>
   </trkpt>
   <trkpt lat="50.84958" lon="5.18477">
    <ele>38.78</ele>
   </trkpt>
   <trkpt lat="50.849340000000005" lon="5.184690000000001">
    <ele>39.339999999999996</ele>
   </trkpt>
   <trkpt lat="50.84880500014755" lon="5.184479997575494">
    <ele>40.24</ele>
   </trkpt>
   <trkpt lat="50.84827000000001" lon="5.184270000000001">
    <ele>40.95</ele>
   </trkpt>
   <trkpt lat="50.847860000000004" lon="5.1841800000000005">
    <ele>40.32</ele>
   </trkpt>
   <trkpt lat="50.84704000000001" lon="5.18414">
    <ele>37.74</ele>
   </trkpt>
   <trkpt lat="50.84689" lon="5.18411">
    <ele>37.00000000000001</ele>
   </trkpt>
   <trkpt lat="50.846610000000005" lon="5.183960000000001">
    <ele>36.79</ele>
   </trkpt>
   <trkpt lat="50.846360000000004" lon="5.183660000000001">
    <ele>36.230000000000004</ele>
   </trkpt>
   <trkpt lat="50.845960000000005" lon="5.18311">
    <ele>34.85000000000001</ele>
   </trkpt>
   <trkpt lat="50.845780000000005" lon="5.182840000000001">
    <ele>34.64</ele>
   </trkpt>
   <trkpt lat="50.845780000000005" lon="5.18283">
    <ele>34.64</ele>
   </trkpt>
   <trkpt lat="50.84568" lon="5.182670000000001">
    <ele>34.61</ele>
   </trkpt>
   <trkpt lat="50.845560000000006" lon="5.18236">
    <ele>34.56</ele>
   </trkpt>
   <trkpt lat="50.84499667498098" lon="5.181373309497412">
    <ele>34.42000000000001</ele>
   </trkpt>
   <trkpt lat="50.844433341642464" lon="5.1803866428221435">
    <ele>34.39</ele>
   </trkpt>
   <trkpt lat="50.84387" lon="5.1794">
    <ele>34.60000000000001</ele>
   </trkpt>
   <trkpt lat="50.84375000000001" lon="5.17924">
    <ele>34.67</ele>
   </trkpt>
   <trkpt lat="50.843650000000004" lon="5.179130000000001">
    <ele>34.67</ele>
   </trkpt>
   <trkpt lat="50.843500000000006" lon="5.179060000000001">
    <ele>34.53</ele>
   </trkpt>
   <trkpt lat="50.843020000099415" lon="5.178939998774949">
    <ele>34.410000000000004</ele>
   </trkpt>
   <trkpt lat="50.84254000000001" lon="5.178820000000001">
    <ele>35.050000000000004</ele>
   </trkpt>
   <trkpt lat="50.84248" lon="5.17874">
    <ele>34.9</ele>
   </trkpt>
   <trkpt lat="50.84246500531272" lon="5.177624999681451">
    <ele>34.32</ele>
   </trkpt>
   <trkpt lat="50.84245000000001" lon="5.17651">
    <ele>34.7</ele>
   </trkpt>
   <trkpt lat="50.84246" lon="5.1761800000000004">
    <ele>35.07</ele>
   </trkpt>
   <trkpt lat="50.842440011900216" lon="5.174999999049872">
    <ele>34.47</ele>
   </trkpt>
   <trkpt lat="50.842420011901254" lon="5.173819999111043">
    <ele>34.050000000000004</ele>
   </trkpt>
   <trkpt lat="50.842400000000005" lon="5.17264">
    <ele>33.93</ele>
   </trkpt>
   <trkpt lat="50.8425" lon="5.1714400000000005">
    <ele>34.2</ele>
   </trkpt>
   <trkpt lat="50.842510000000004" lon="5.1709000000000005">
    <ele>34.480000000000004</ele>
   </trkpt>
   <trkpt lat="50.8425" lon="5.1699600000000006">
    <ele>35.15</ele>
   </trkpt>
   <trkpt lat="50.84244667608862" lon="5.168909997603319">
    <ele>35.97</ele>
   </trkpt>
   <trkpt lat="50.84239334275545" lon="5.16785999760684">
    <ele>36.03</ele>
   </trkpt>
   <trkpt lat="50.84234000000001" lon="5.166810000000001">
    <ele>35.9</ele>
   </trkpt>
   <trkpt lat="50.84225000000001" lon="5.16624">
    <ele>35.69</ele>
   </trkpt>
   <trkpt lat="50.842110000000005" lon="5.1658100000000005">
    <ele>35.6</ele>
   </trkpt>
   <trkpt lat="50.84184500163415" lon="5.165174996180777">
    <ele>35.32</ele>
   </trkpt>
   <trkpt lat="50.84158000000001" lon="5.164540000000001">
    <ele>35.03000000000001</ele>
   </trkpt>
   <trkpt lat="50.84151000000001" lon="5.1643300000000005">
    <ele>35.03000000000001</ele>
   </trkpt>
   <trkpt lat="50.84145" lon="5.16396">
    <ele>34.980000000000004</ele>
   </trkpt>
   <trkpt lat="50.841370000000005" lon="5.1631">
    <ele>35.160000000000004</ele>
   </trkpt>
   <trkpt lat="50.841280000000005" lon="5.162400000000001">
    <ele>35.120000000000005</ele>
   </trkpt>
   <trkpt lat="50.841280000000005" lon="5.16239">
    <ele>35.120000000000005</ele>
   </trkpt>
   <trkpt lat="50.841195002238955" lon="5.161669998890589">
    <ele>35.06</ele>
   </trkpt>
   <trkpt lat="50.84111000000001" lon="5.160950000000001">
    <ele>34.85000000000001</ele>
   </trkpt>
   <trkpt lat="50.84109" lon="5.16075">
    <ele>34.85000000000001</ele>
   </trkpt>
   <trkpt lat="50.8403700001714" lon="5.160549996914114">
    <ele>35.36</ele>
   </trkpt>
   <trkpt lat="50.839650000000006" lon="5.16035">
    <ele>35.870000000000005</ele>
   </trkpt>
   <trkpt lat="50.83935" lon="5.160310000000001">
    <ele>36.19</ele>
   </trkpt>
   <trkpt lat="50.83907000000001" lon="5.1603200000000005">
    <ele>36.36</ele>
   </trkpt>
   <trkpt lat="50.838910000000006" lon="5.160340000000001">
    <ele>36.45</ele>
   </trkpt>
   <trkpt lat="50.83819666687091" lon="5.16046000365498">
    <ele>36.59</ele>
   </trkpt>
   <trkpt lat="50.83748333361873" lon="5.160580003641258">
    <ele>37.08</ele>
   </trkpt>
   <trkpt lat="50.83677" lon="5.1607">
    <ele>37.37</ele>
   </trkpt>
   <trkpt lat="50.83621" lon="5.16084">
    <ele>37.85</ele>
   </trkpt>
   <trkpt lat="50.8359" lon="5.16098">
    <ele>37.96</ele>
   </trkpt>
   <trkpt lat="50.835570000000004" lon="5.1612">
    <ele>38.13</ele>
   </trkpt>
   <trkpt lat="50.835240000000006" lon="5.161490000000001">
    <ele>37.82000000000001</ele>
   </trkpt>
   <trkpt lat="50.834970000000006" lon="5.161770000000001">
    <ele>37.83</ele>
   </trkpt>
   <trkpt lat="50.834830000000004" lon="5.161980000000001">
    <ele>38.040000000000006</ele>
   </trkpt>
   <trkpt lat="50.83473000000001" lon="5.16181">
    <ele>38.040000000000006</ele>
   </trkpt>
   <trkpt lat="50.83471" lon="5.1616800000000005">
    <ele>37.6</ele>
   </trkpt>
   <trkpt lat="50.83458560973302" lon="5.160421084261547">
    <ele>37.51</ele>
   </trkpt>
   <trkpt lat="50.83446120592136" lon="5.159162175234008">
    <ele>37.63</ele>
   </trkpt>
   <trkpt lat="50.83433678856516" lon="5.1579032729180465">
    <ele>35.92</ele>
   </trkpt>
   <trkpt lat="50.834212357664576" lon="5.156644377314328">
    <ele>35.77</ele>
   </trkpt>
   <trkpt lat="50.83408791321971" lon="5.1553854884235175">
    <ele>35.83</ele>
   </trkpt>
   <trkpt lat="50.833963455230716" lon="5.154126606246281">
    <ele>36.58</ele>
   </trkpt>
   <trkpt lat="50.833838983697724" lon="5.1528677307832815">
    <ele>37.08</ele>
   </trkpt>
   <trkpt lat="50.833714498620864" lon="5.151608862035187">
    <ele>38.25000000000001</ele>
   </trkpt>
   <trkpt lat="50.83359" lon="5.15035">
    <ele>39.68</ele>
   </trkpt>
   <trkpt lat="50.833490000000005" lon="5.1493">
    <ele>40.870000000000005</ele>
   </trkpt>
   <trkpt lat="50.83348" lon="5.14911">
    <ele>41.870000000000005</ele>
   </trkpt>
   <trkpt lat="50.8335" lon="5.148980000000001">
    <ele>41.870000000000005</ele>
   </trkpt>
   <trkpt lat="50.833380000000005" lon="5.148960000000001">
    <ele>41.89</ele>
   </trkpt>
   <trkpt lat="50.8325081820405" lon="5.149031831595657">
    <ele>41.660000000000004</ele>
   </trkpt>
   <trkpt lat="50.83163636403688" lon="5.149103660507965">
    <ele>42.18</ele>
   </trkpt>
   <trkpt lat="50.83076454598916" lon="5.149175486737107">
    <ele>42.63</ele>
   </trkpt>
   <trkpt lat="50.829892727897374" lon="5.149247310283268">
    <ele>42.75</ele>
   </trkpt>
   <trkpt lat="50.82902090976148" lon="5.14931913114663">
    <ele>43.120000000000005</ele>
   </trkpt>
   <trkpt lat="50.82814909158151" lon="5.149390949327378">
    <ele>43.09</ele>
   </trkpt>
   <trkpt lat="50.82727727335746" lon="5.149462764825694">
    <ele>43.5</ele>
   </trkpt>
   <trkpt lat="50.826405455089315" lon="5.149534577641762">
    <ele>44.56</ele>
   </trkpt>
   <trkpt lat="50.82553363677713" lon="5.149606387775766">
    <ele>45.28</ele>
   </trkpt>
   <trkpt lat="50.82466181842084" lon="5.149678195227888">
    <ele>46.080000000000005</ele>
   </trkpt>
   <trkpt lat="50.82379" lon="5.14975">
    <ele>47.040000000000006</ele>
   </trkpt>
   <trkpt lat="50.823169999953514" lon="5.149783334221599">
    <ele>47.28</ele>
   </trkpt>
   <trkpt lat="50.82254999989754" lon="5.1498166675579276">
    <ele>47.57</ele>
   </trkpt>
   <trkpt lat="50.82193" lon="5.149850000000001">
    <ele>47.830000000000005</ele>
   </trkpt>
   <trkpt lat="50.821090000000005" lon="5.149920000000001">
    <ele>48.080000000000005</ele>
   </trkpt>
   <trkpt lat="50.820280000000004" lon="5.1498800000000005">
    <ele>48.650000000000006</ele>
   </trkpt>
   <trkpt lat="50.819590000000005" lon="5.149760000000001">
    <ele>49.410000000000004</ele>
   </trkpt>
   <trkpt lat="50.81909" lon="5.1497">
    <ele>49.06</ele>
   </trkpt>
   <trkpt lat="50.818650000000005" lon="5.14958">
    <ele>49.24</ele>
   </trkpt>
   <trkpt lat="50.81819" lon="5.149360000000001">
    <ele>49.88</ele>
   </trkpt>
   <trkpt lat="50.81766500037615" lon="5.149034996299771">
    <ele>50.38</ele>
   </trkpt>
   <trkpt lat="50.81714" lon="5.14871">
    <ele>50.190000000000005</ele>
   </trkpt>
   <trkpt lat="50.817130000000006" lon="5.148700000000001">
    <ele>50.190000000000005</ele>
   </trkpt>
   <trkpt lat="50.816720000000004" lon="5.1485">
    <ele>50.400000000000006</ele>
   </trkpt>
   <trkpt lat="50.81658" lon="5.148440000000001">
    <ele>50.74000000000001</ele>
   </trkpt>
   <trkpt lat="50.81674334263648" lon="5.147396673971281">
    <ele>49.75</ele>
   </trkpt>
   <trkpt lat="50.8169066759688" lon="5.146353340644481">
    <ele>49.27</ele>
   </trkpt>
   <trkpt lat="50.81707" lon="5.14531">
    <ele>48.1</ele>
   </trkpt>
   <trkpt lat="50.8171" lon="5.14466">
    <ele>47.77</ele>
   </trkpt>
   <trkpt lat="50.816880000000005" lon="5.14456">
    <ele>47.38</ele>
   </trkpt>
   <trkpt lat="50.81656" lon="5.144340000000001">
    <ele>47.260000000000005</ele>
   </trkpt>
   <trkpt lat="50.81644000000001" lon="5.1442000000000005">
    <ele>47.35</ele>
   </trkpt>
   <trkpt lat="50.816390000000006" lon="5.144220000000001">
    <ele>47.370000000000005</ele>
   </trkpt>
   <trkpt lat="50.816300000000005" lon="5.1443200000000004">
    <ele>47.370000000000005</ele>
   </trkpt>
   <trkpt lat="50.81590000114887" lon="5.144850004607731">
    <ele>47.67</ele>
   </trkpt>
   <trkpt lat="50.81550000000001" lon="5.14538">
    <ele>47.96</ele>
   </trkpt>
   <trkpt lat="50.815070000000006" lon="5.145910000000001">
    <ele>49.02</ele>
   </trkpt>
   <trkpt lat="50.81483" lon="5.146170000000001">
    <ele>49.1</ele>
   </trkpt>
   <trkpt lat="50.814730000000004" lon="5.146310000000001">
    <ele>49.25</ele>
   </trkpt>
   <trkpt lat="50.81440500134053" lon="5.146880004050569">
    <ele>49.980000000000004</ele>
   </trkpt>
   <trkpt lat="50.814080000000004" lon="5.14745">
    <ele>50.31000000000001</ele>
   </trkpt>
   <trkpt lat="50.8136" lon="5.14843">
    <ele>52.35000000000001</ele>
   </trkpt>
   <trkpt lat="50.81336" lon="5.1488000000000005">
    <ele>52.7</ele>
   </trkpt>
   <trkpt lat="50.81315000000001" lon="5.14897">
    <ele>54.510000000000005</ele>
   </trkpt>
   <trkpt lat="50.812830000000005" lon="5.14918">
    <ele>56.190000000000005</ele>
   </trkpt>
   <trkpt lat="50.81259000000001" lon="5.149290000000001">
    <ele>58.150000000000006</ele>
   </trkpt>
   <trkpt lat="50.812560000000005" lon="5.149290000000001">
    <ele>58.24000000000001</ele>
   </trkpt>
   <trkpt lat="50.81242" lon="5.147930000000001">
    <ele>57.84</ele>
   </trkpt>
   <trkpt lat="50.812290000000004" lon="5.147970000000001">
    <ele>57.84</ele>
   </trkpt>
   <trkpt lat="50.812250000000006" lon="5.14803">
    <ele>58.050000000000004</ele>
   </trkpt>
   <trkpt lat="50.8121" lon="5.1484700000000005">
    <ele>58.730000000000004</ele>
   </trkpt>
   <trkpt lat="50.81144501920586" lon="5.147668671350143">
    <ele>59.13</ele>
   </trkpt>
   <trkpt lat="50.81079003292317" lon="5.146867365172861">
    <ele>60.06</ele>
   </trkpt>
   <trkpt lat="50.810135041152186" lon="5.146066081467186">
    <ele>60.29</ele>
   </trkpt>
   <trkpt lat="50.80948004389321" lon="5.145264820232155">
    <ele>61.300000000000004</ele>
   </trkpt>
   <trkpt lat="50.80882504114651" lon="5.144463581466799">
    <ele>63.68</ele>
   </trkpt>
   <trkpt lat="50.80817003291239" lon="5.143662365170152">
    <ele>64.44000000000001</ele>
   </trkpt>
   <trkpt lat="50.807515019191094" lon="5.142861171341249">
    <ele>65.11</ele>
   </trkpt>
   <trkpt lat="50.80686000000001" lon="5.142060000000001">
    <ele>65.16000000000001</ele>
   </trkpt>
   <trkpt lat="50.80686000000001" lon="5.14205">
    <ele>65.14999999999999</ele>
   </trkpt>
   <trkpt lat="50.80618000289071" lon="5.141229988085144">
    <ele>63.98000000000001</ele>
   </trkpt>
   <trkpt lat="50.8055" lon="5.14041">
    <ele>63.88</ele>
   </trkpt>
   <trkpt lat="50.80498000000001" lon="5.1415500000000005">
    <ele>60.47</ele>
   </trkpt>
   <trkpt lat="50.80469000235173" lon="5.142290004564469">
    <ele>59.440000000000005</ele>
   </trkpt>
   <trkpt lat="50.8044" lon="5.14303">
    <ele>58.96</ele>
   </trkpt>
   <trkpt lat="50.80434" lon="5.143090000000001">
    <ele>58.86</ele>
   </trkpt>
   <trkpt lat="50.80424000000001" lon="5.14308">
    <ele>58.63</ele>
   </trkpt>
   <trkpt lat="50.80383000062274" lon="5.142664996243557">
    <ele>57.870000000000005</ele>
   </trkpt>
   <trkpt lat="50.80342" lon="5.142250000000001">
    <ele>57.56</ele>
   </trkpt>
   <trkpt lat="50.80295000080574" lon="5.1418199956887625">
    <ele>57.28</ele>
   </trkpt>
   <trkpt lat="50.80248" lon="5.14139">
    <ele>56.980000000000004</ele>
   </trkpt>
   <trkpt lat="50.80186500372413" lon="5.140849978664912">
    <ele>56.580000000000005</ele>
   </trkpt>
   <trkpt lat="50.801250004955435" lon="5.140309971544866">
    <ele>56.120000000000005</ele>
   </trkpt>
   <trkpt lat="50.80063500369404" lon="5.139769978639236">
    <ele>55.78</ele>
   </trkpt>
   <trkpt lat="50.80002" lon="5.13923">
    <ele>55.45</ele>
   </trkpt>
   <trkpt lat="50.79979" lon="5.13898">
    <ele>55.52</ele>
   </trkpt>
   <trkpt lat="50.79954000000001" lon="5.1386400000000005">
    <ele>55.440000000000005</ele>
   </trkpt>
   <trkpt lat="50.799400000000006" lon="5.139">
    <ele>55.11000000000001</ele>
   </trkpt>
   <trkpt lat="50.799350000000004" lon="5.1393200000000006">
    <ele>55.34</ele>
   </trkpt>
   <trkpt lat="50.79897500433427" lon="5.140325008018724">
    <ele>55.89</ele>
   </trkpt>
   <trkpt lat="50.79860000000001" lon="5.141330000000001">
    <ele>55.35</ele>
   </trkpt>
   <trkpt lat="50.79826667358622" lon="5.142230012851995">
    <ele>54.39000000000001</ele>
   </trkpt>
   <trkpt lat="50.79793334024802" lon="5.143130012864911">
    <ele>53.81</ele>
   </trkpt>
   <trkpt lat="50.7976" lon="5.144030000000001">
    <ele>53.28</ele>
   </trkpt>
   <trkpt lat="50.79757000000001" lon="5.14409">
    <ele>53.27</ele>
   </trkpt>
   <trkpt lat="50.79753" lon="5.14412">
    <ele>53.27</ele>
   </trkpt>
   <trkpt lat="50.79748000000001" lon="5.14409">
    <ele>53.2</ele>
   </trkpt>
   <trkpt lat="50.796820000000004" lon="5.143160000000001">
    <ele>52.9</ele>
   </trkpt>
   <trkpt lat="50.79657" lon="5.14294">
    <ele>52.9</ele>
   </trkpt>
   <trkpt lat="50.79597000064934" lon="5.142549994992649">
    <ele>52.68000000000001</ele>
   </trkpt>
   <trkpt lat="50.795370000000005" lon="5.1421600000000005">
    <ele>52.440000000000005</ele>
   </trkpt>
   <trkpt lat="50.794900000000005" lon="5.14208">
    <ele>52.160000000000004</ele>
   </trkpt>
   <trkpt lat="50.794410000000006" lon="5.141870000000001">
    <ele>52.08</ele>
   </trkpt>
   <trkpt lat="50.79419000000001" lon="5.1417">
    <ele>52.15</ele>
   </trkpt>
   <trkpt lat="50.79372000000001" lon="5.14109">
    <ele>52.440000000000005</ele>
   </trkpt>
   <trkpt lat="50.79329500087382" lon="5.140659996174565">
    <ele>52.58</ele>
   </trkpt>
   <trkpt lat="50.79287" lon="5.140230000000001">
    <ele>52.730000000000004</ele>
   </trkpt>
   <trkpt lat="50.792860000000005" lon="5.140230000000001">
    <ele>52.730000000000004</ele>
   </trkpt>
   <trkpt lat="50.79245500133852" lon="5.139664995068225">
    <ele>52.81</ele>
   </trkpt>
   <trkpt lat="50.79205" lon="5.1391">
    <ele>53.31</ele>
   </trkpt>
   <trkpt lat="50.79193" lon="5.13902">
    <ele>53.410000000000004</ele>
   </trkpt>
   <trkpt lat="50.79192001293334" lon="5.140250000562669">
    <ele>52.43000000000001</ele>
   </trkpt>
   <trkpt lat="50.79191001293305" lon="5.141480000599393">
    <ele>52.34</ele>
   </trkpt>
   <trkpt lat="50.791900000000005" lon="5.14271">
    <ele>53.08</ele>
   </trkpt>
   <trkpt lat="50.79173" lon="5.1427000000000005">
    <ele>53.050000000000004</ele>
   </trkpt>
   <trkpt lat="50.79139000000001" lon="5.142720000000001">
    <ele>52.910000000000004</ele>
   </trkpt>
   <trkpt lat="50.7912" lon="5.1427000000000005">
    <ele>53.01</ele>
   </trkpt>
   <trkpt lat="50.79104" lon="5.142650000000001">
    <ele>53.01</ele>
   </trkpt>
   <trkpt lat="50.79086" lon="5.1425600000000005">
    <ele>53.19</ele>
   </trkpt>
   <trkpt lat="50.790580000000006" lon="5.1423700000000006">
    <ele>53.31</ele>
   </trkpt>
   <trkpt lat="50.79005" lon="5.14205">
    <ele>53.78</ele>
   </trkpt>
   <trkpt lat="50.789820000000006" lon="5.14189">
    <ele>53.910000000000004</ele>
   </trkpt>
   <trkpt lat="50.789640000000006" lon="5.14174">
    <ele>53.910000000000004</ele>
   </trkpt>
   <trkpt lat="50.78920500079024" lon="5.141309995998561">
    <ele>54.040000000000006</ele>
   </trkpt>
   <trkpt lat="50.78877000000001" lon="5.14088">
    <ele>53.96</ele>
   </trkpt>
   <trkpt lat="50.788250000000005" lon="5.14043">
    <ele>53.88</ele>
   </trkpt>
   <trkpt lat="50.787805000570785" lon="5.140089996822176">
    <ele>53.78</ele>
   </trkpt>
   <trkpt lat="50.78736000000001" lon="5.13975">
    <ele>54.18000000000001</ele>
   </trkpt>
   <trkpt lat="50.78692500051725" lon="5.1393899966199355">
    <ele>54.760000000000005</ele>
   </trkpt>
   <trkpt lat="50.78649000000001" lon="5.13903">
    <ele>55.260000000000005</ele>
   </trkpt>
   <trkpt lat="50.786120000000004" lon="5.13865">
    <ele>55.650000000000006</ele>
   </trkpt>
   <trkpt lat="50.785460002610726" lon="5.137864988890632">
    <ele>55.690000000000005</ele>
   </trkpt>
   <trkpt lat="50.784800000000004" lon="5.13708">
    <ele>55.330000000000005</ele>
   </trkpt>
   <trkpt lat="50.784510000000004" lon="5.13668">
    <ele>55.220000000000006</ele>
   </trkpt>
   <trkpt lat="50.78388" lon="5.13595">
    <ele>55.2</ele>
   </trkpt>
   <trkpt lat="50.78374" lon="5.13581">
    <ele>55.2</ele>
   </trkpt>
   <trkpt lat="50.783730000000006" lon="5.13572">
    <ele>55.2</ele>
   </trkpt>
   <trkpt lat="50.78343" lon="5.13536">
    <ele>55.040000000000006</ele>
   </trkpt>
   <trkpt lat="50.78289" lon="5.13475">
    <ele>54.95</ele>
   </trkpt>
   <trkpt lat="50.78235" lon="5.13421">
    <ele>54.95</ele>
   </trkpt>
   <trkpt lat="50.78188" lon="5.133710000000001">
    <ele>55.150000000000006</ele>
   </trkpt>
   <trkpt lat="50.78188" lon="5.1337">
    <ele>55.150000000000006</ele>
   </trkpt>
   <trkpt lat="50.78126" lon="5.132980000000001">
    <ele>55.13</ele>
   </trkpt>
   <trkpt lat="50.781200000000005" lon="5.13297">
    <ele>55.13</ele>
   </trkpt>
   <trkpt lat="50.780840000000005" lon="5.1325400000000005">
    <ele>55.150000000000006</ele>
   </trkpt>
   <trkpt lat="50.780730000000005" lon="5.13243">
    <ele>55.150000000000006</ele>
   </trkpt>
   <trkpt lat="50.78051000000001" lon="5.1322600000000005">
    <ele>55.300000000000004</ele>
   </trkpt>
   <trkpt lat="50.77997500053445" lon="5.131924996201604">
    <ele>55.2</ele>
   </trkpt>
   <trkpt lat="50.77944" lon="5.13159">
    <ele>56.03</ele>
   </trkpt>
   <trkpt lat="50.77928000000001" lon="5.131570000000001">
    <ele>56.18000000000001</ele>
   </trkpt>
   <trkpt lat="50.77938" lon="5.13133">
    <ele>56.21</ele>
   </trkpt>
   <trkpt lat="50.77887000059309" lon="5.130969996101519">
    <ele>55.550000000000004</ele>
   </trkpt>
   <trkpt lat="50.778360000000006" lon="5.130610000000001">
    <ele>55.78</ele>
   </trkpt>
   <trkpt lat="50.778130000000004" lon="5.13037">
    <ele>55.74</ele>
   </trkpt>
   <trkpt lat="50.77785" lon="5.12981">
    <ele>55.75000000000001</ele>
   </trkpt>
   <trkpt lat="50.77779" lon="5.129720000000001">
    <ele>55.75000000000001</ele>
   </trkpt>
   <trkpt lat="50.777680000000004" lon="5.129600000000001">
    <ele>56.06</ele>
   </trkpt>
   <trkpt lat="50.77711000000001" lon="5.12922">
    <ele>56.120000000000005</ele>
   </trkpt>
   <trkpt lat="50.77676" lon="5.12903">
    <ele>56.32</ele>
   </trkpt>
   <trkpt lat="50.7766" lon="5.128990000000001">
    <ele>56.32</ele>
   </trkpt>
   <trkpt lat="50.77628000000001" lon="5.12898">
    <ele>56.330000000000005</ele>
   </trkpt>
   <trkpt lat="50.77555" lon="5.1290000000000004">
    <ele>56.53</ele>
   </trkpt>
   <trkpt lat="50.77488" lon="5.128990000000001">
    <ele>56.86000000000001</ele>
   </trkpt>
   <trkpt lat="50.774820000000005" lon="5.12903">
    <ele>56.86000000000001</ele>
   </trkpt>
   <trkpt lat="50.774750000000004" lon="5.12917">
    <ele>56.81</ele>
   </trkpt>
   <trkpt lat="50.77472" lon="5.12931">
    <ele>56.800000000000004</ele>
   </trkpt>
   <trkpt lat="50.77467000000001" lon="5.13016">
    <ele>57.35</ele>
   </trkpt>
   <trkpt lat="50.77458000000001" lon="5.130400000000001">
    <ele>57.6</ele>
   </trkpt>
   <trkpt lat="50.774160000622686" lon="5.130800003650265">
    <ele>58.25</ele>
   </trkpt>
   <trkpt lat="50.773740000000004" lon="5.131200000000001">
    <ele>58.370000000000005</ele>
   </trkpt>
   <trkpt lat="50.773610000000005" lon="5.131080000000001">
    <ele>58.0</ele>
   </trkpt>
   <trkpt lat="50.772980000000004" lon="5.130380000000001">
    <ele>58.400000000000006</ele>
   </trkpt>
   <trkpt lat="50.77245000113669" lon="5.129859994089064">
    <ele>59.38</ele>
   </trkpt>
   <trkpt lat="50.77192" lon="5.12934">
    <ele>60.58</ele>
   </trkpt>
   <trkpt lat="50.77159" lon="5.128920000000001">
    <ele>61.95</ele>
   </trkpt>
   <trkpt lat="50.77123" lon="5.1284">
    <ele>62.980000000000004</ele>
   </trkpt>
   <trkpt lat="50.77089" lon="5.127870000000001">
    <ele>64.45</ele>
   </trkpt>
   <trkpt lat="50.77055000000001" lon="5.127280000000001">
    <ele>65.31</ele>
   </trkpt>
   <trkpt lat="50.7702" lon="5.1266300000000005">
    <ele>66.04</ele>
   </trkpt>
   <trkpt lat="50.76984" lon="5.1260900000000005">
    <ele>68.02000000000001</ele>
   </trkpt>
   <trkpt lat="50.76924500231183" lon="5.125354990654399">
    <ele>71.01</ele>
   </trkpt>
   <trkpt lat="50.76865" lon="5.12462">
    <ele>73.57000000000001</ele>
   </trkpt>
   <trkpt lat="50.76838000000001" lon="5.1243300000000005">
    <ele>75.25000000000001</ele>
   </trkpt>
   <trkpt lat="50.768240000000006" lon="5.124230000000001">
    <ele>75.45</ele>
   </trkpt>
   <trkpt lat="50.767860000000006" lon="5.124040000000001">
    <ele>74.51</ele>
   </trkpt>
   <trkpt lat="50.76755000000001" lon="5.12394">
    <ele>72.91</ele>
   </trkpt>
   <trkpt lat="50.767030000000005" lon="5.12396">
    <ele>73.14000000000001</ele>
   </trkpt>
   <trkpt lat="50.76693" lon="5.1239300000000005">
    <ele>73.14000000000001</ele>
   </trkpt>
   <trkpt lat="50.766650000000006" lon="5.1237">
    <ele>73.88</ele>
   </trkpt>
   <trkpt lat="50.76641000000001" lon="5.12347">
    <ele>74.33000000000001</ele>
   </trkpt>
   <trkpt lat="50.76588" lon="5.122890000000001">
    <ele>75.03</ele>
   </trkpt>
   <trkpt lat="50.765130000000006" lon="5.12215">
    <ele>77.51</ele>
   </trkpt>
   <trkpt lat="50.76487" lon="5.1218200000000005">
    <ele>77.96</ele>
   </trkpt>
   <trkpt lat="50.764340000000004" lon="5.12108">
    <ele>80.14</ele>
   </trkpt>
   <trkpt lat="50.76386" lon="5.12063">
    <ele>82.35000000000001</ele>
   </trkpt>
   <trkpt lat="50.76324401128726" lon="5.119817957255327">
    <ele>85.42</ele>
   </trkpt>
   <trkpt lat="50.76262801693625" lon="5.119005935891254">
    <ele>87.32000000000001</ele>
   </trkpt>
   <trkpt lat="50.76201201694725" lon="5.118193935906945">
    <ele>87.83</ele>
   </trkpt>
   <trkpt lat="50.76139601132053" lon="5.117381957301563">
    <ele>88.81000000000002</ele>
   </trkpt>
   <trkpt lat="50.760780000000004" lon="5.11657">
    <ele>89.25000000000001</ele>
   </trkpt>
   <trkpt lat="50.76012000000001" lon="5.1157">
    <ele>90.62</ele>
   </trkpt>
   <trkpt lat="50.75970000052892" lon="5.115284996070402">
    <ele>91.04</ele>
   </trkpt>
   <trkpt lat="50.759280000000004" lon="5.114870000000001">
    <ele>91.86000000000001</ele>
   </trkpt>
   <trkpt lat="50.758556670570265" lon="5.114193312404804">
    <ele>91.83000000000001</ele>
   </trkpt>
   <trkpt lat="50.75783333722513" lon="5.113516645727517">
    <ele>91.59</ele>
   </trkpt>
   <trkpt lat="50.757110000000004" lon="5.11284">
    <ele>92.94000000000001</ele>
   </trkpt>
   <trkpt lat="50.756840000000004" lon="5.11261">
    <ele>93.80000000000001</ele>
   </trkpt>
   <trkpt lat="50.75663500384287" lon="5.1135550040253985">
    <ele>91.77</ele>
   </trkpt>
   <trkpt lat="50.75643" lon="5.1145000000000005">
    <ele>90.06</ele>
   </trkpt>
   <trkpt lat="50.75617000400425" lon="5.115465005276426">
    <ele>89.48</ele>
   </trkpt>
   <trkpt lat="50.75591000000001" lon="5.11643">
    <ele>88.26</ele>
   </trkpt>
   <trkpt lat="50.75561000430509" lon="5.11743000631139">
    <ele>87.44</ele>
   </trkpt>
   <trkpt lat="50.75531" lon="5.11843">
    <ele>86.54</ele>
   </trkpt>
   <trkpt lat="50.75508500172996" lon="5.119080003345625">
    <ele>86.13000000000001</ele>
   </trkpt>
   <trkpt lat="50.75486" lon="5.119730000000001">
    <ele>86.05</ele>
   </trkpt>
   <trkpt lat="50.75453500354798" lon="5.120635006155486">
    <ele>86.16</ele>
   </trkpt>
   <trkpt lat="50.75421000000001" lon="5.12154">
    <ele>87.81000000000002</ele>
   </trkpt>
   <trkpt lat="50.75397" lon="5.122280000000001">
    <ele>89.05</ele>
   </trkpt>
   <trkpt lat="50.75376000000001" lon="5.12312">
    <ele>89.93</ele>
   </trkpt>
   <trkpt lat="50.75359" lon="5.12403">
    <ele>88.35000000000001</ele>
   </trkpt>
   <trkpt lat="50.7535" lon="5.12467">
    <ele>87.75</ele>
   </trkpt>
   <trkpt lat="50.75334000655851" lon="5.125910004360267">
    <ele>85.43</ele>
   </trkpt>
   <trkpt lat="50.75318000000001" lon="5.12715">
    <ele>82.95</ele>
   </trkpt>
   <trkpt lat="50.75312" lon="5.12798">
    <ele>81.5</ele>
   </trkpt>
   <trkpt lat="50.75308000286983" lon="5.128800000805385">
    <ele>80.31</ele>
   </trkpt>
   <trkpt lat="50.753040000000006" lon="5.12962">
    <ele>78.88000000000001</ele>
   </trkpt>
   <trkpt lat="50.752970000000005" lon="5.13016">
    <ele>78.46</ele>
   </trkpt>
   <trkpt lat="50.75278501360707" lon="5.1311900122185685">
    <ele>75.48</ele>
   </trkpt>
   <trkpt lat="50.75260001814195" lon="5.1322200162956975">
    <ele>74.26</ele>
   </trkpt>
   <trkpt lat="50.75241501360474" lon="5.133250012231104">
    <ele>72.86000000000001</ele>
   </trkpt>
   <trkpt lat="50.752230000000004" lon="5.13428">
    <ele>73.35000000000001</ele>
   </trkpt>
   <trkpt lat="50.75213000253877" lon="5.135050001616259">
    <ele>73.61000000000001</ele>
   </trkpt>
   <trkpt lat="50.752030000000005" lon="5.135820000000001">
    <ele>74.17</ele>
   </trkpt>
   <trkpt lat="50.75197000000001" lon="5.13611">
    <ele>74.27</ele>
   </trkpt>
   <trkpt lat="50.751850000000005" lon="5.1364">
    <ele>74.56</ele>
   </trkpt>
   <trkpt lat="50.751780000000004" lon="5.13647">
    <ele>74.74</ele>
   </trkpt>
   <trkpt lat="50.751540000000006" lon="5.136500000000001">
    <ele>75.32000000000001</ele>
   </trkpt>
   <trkpt lat="50.751270000000005" lon="5.13656">
    <ele>75.97000000000001</ele>
   </trkpt>
   <trkpt lat="50.75126" lon="5.136920000000001">
    <ele>76.13</ele>
   </trkpt>
   <trkpt lat="50.75108" lon="5.1382900000000005">
    <ele>78.2</ele>
   </trkpt>
   <trkpt lat="50.75108" lon="5.13916">
    <ele>79.65</ele>
   </trkpt>
   <trkpt lat="50.751110000000004" lon="5.13959">
    <ele>81.09</ele>
   </trkpt>
   <trkpt lat="50.75162500004131" lon="5.139779997867926">
    <ele>82.41000000000001</ele>
   </trkpt>
   <trkpt lat="50.752140000000004" lon="5.139970000000001">
    <ele>84.27000000000001</ele>
   </trkpt>
   <trkpt lat="50.7522" lon="5.1401200000000005">
    <ele>84.49000000000001</ele>
   </trkpt>
   <trkpt lat="50.752250000000004" lon="5.14032">
    <ele>84.67</ele>
   </trkpt>
   <trkpt lat="50.75244000000001" lon="5.14135">
    <ele>87.67000000000002</ele>
   </trkpt>
   <trkpt lat="50.75254" lon="5.1421600000000005">
    <ele>89.71000000000001</ele>
   </trkpt>
   <trkpt lat="50.75262500417533" lon="5.143149998024741">
    <ele>92.31</ele>
   </trkpt>
   <trkpt lat="50.75271000000001" lon="5.14414">
    <ele>92.71</ele>
   </trkpt>
   <trkpt lat="50.75271000000001" lon="5.14412">
    <ele>92.73</ele>
   </trkpt>
   <trkpt lat="50.75276" lon="5.14461">
    <ele>92.29</ele>
   </trkpt>
   <trkpt lat="50.75283" lon="5.1458900000000005">
    <ele>91.37</ele>
   </trkpt>
   <trkpt lat="50.75286000220937" lon="5.1466099993673655">
    <ele>91.66</ele>
   </trkpt>
   <trkpt lat="50.75289" lon="5.14733">
    <ele>92.63</ele>
   </trkpt>
   <trkpt lat="50.75290667544749" lon="5.148343332611291">
    <ele>91.76</ele>
   </trkpt>
   <trkpt lat="50.752923342114165" lon="5.1493566659443974">
    <ele>91.76</ele>
   </trkpt>
   <trkpt lat="50.75294" lon="5.150370000000001">
    <ele>89.88</ele>
   </trkpt>
   <trkpt lat="50.752970000000005" lon="5.15076">
    <ele>89.88</ele>
   </trkpt>
   <trkpt lat="50.75314402114809" lon="5.151871983466239">
    <ele>88.76</ele>
   </trkpt>
   <trkpt lat="50.75331803172243" lon="5.152983975200556">
    <ele>87.76</ele>
   </trkpt>
   <trkpt lat="50.75349203172282" lon="5.154095975202559">
    <ele>87.69</ele>
   </trkpt>
   <trkpt lat="50.75366602114915" lon="5.155207983471859">
    <ele>88.69</ele>
   </trkpt>
   <trkpt lat="50.753840000000004" lon="5.15632">
    <ele>91.01</ele>
   </trkpt>
   <trkpt lat="50.75392" lon="5.157190000000001">
    <ele>92.89000000000001</ele>
   </trkpt>
   <trkpt lat="50.75400001336013" lon="5.158439995709306">
    <ele>96.73</ele>
   </trkpt>
   <trkpt lat="50.75408001335903" lon="5.15968999569192">
    <ele>100.85000000000001</ele>
   </trkpt>
   <trkpt lat="50.754160000000006" lon="5.16094">
    <ele>100.08</ele>
   </trkpt>
   <trkpt lat="50.754250000000006" lon="5.16148">
    <ele>98.69000000000001</ele>
   </trkpt>
   <trkpt lat="50.75453" lon="5.16272">
    <ele>96.13000000000001</ele>
   </trkpt>
   <trkpt lat="50.754630000000006" lon="5.163320000000001">
    <ele>95.14</ele>
   </trkpt>
   <trkpt lat="50.754765030698486" lon="5.164518316050441">
    <ele>92.25000000000001</ele>
   </trkpt>
   <trkpt lat="50.754900049117765" lon="5.165716639014832">
    <ele>89.77</ele>
   </trkpt>
   <trkpt lat="50.755035055257686" lon="5.166914968892615">
    <ele>87.81000000000002</ele>
   </trkpt>
   <trkpt lat="50.75517004911814" lon="5.168113305683238">
    <ele>85.57000000000001</ele>
   </trkpt>
   <trkpt lat="50.75530503069899" lon="5.169311649386143">
    <ele>83.55000000000001</ele>
   </trkpt>
   <trkpt lat="50.75544000000001" lon="5.17051">
    <ele>82.68</ele>
   </trkpt>
   <trkpt lat="50.75546000000001" lon="5.170800000000001">
    <ele>81.99000000000001</ele>
   </trkpt>
   <trkpt lat="50.75545" lon="5.171200000000001">
    <ele>81.99000000000001</ele>
   </trkpt>
   <trkpt lat="50.7554" lon="5.171970000000001">
    <ele>81.0</ele>
   </trkpt>
   <trkpt lat="50.755430000000004" lon="5.1721">
    <ele>81.0</ele>
   </trkpt>
   <trkpt lat="50.755480000000006" lon="5.172230000000001">
    <ele>80.77000000000001</ele>
   </trkpt>
   <trkpt lat="50.75564000000001" lon="5.1720500000000005">
    <ele>79.83000000000001</ele>
   </trkpt>
   <trkpt lat="50.756310000000006" lon="5.171410000000001">
    <ele>77.67</ele>
   </trkpt>
   <trkpt lat="50.75641" lon="5.17138">
    <ele>77.67</ele>
   </trkpt>
   <trkpt lat="50.75652" lon="5.171430000000001">
    <ele>77.67</ele>
   </trkpt>
   <trkpt lat="50.75658000000001" lon="5.1715">
    <ele>76.80000000000001</ele>
   </trkpt>
   <trkpt lat="50.75692" lon="5.172090000000001">
    <ele>75.62</ele>
   </trkpt>
   <trkpt lat="50.75717" lon="5.172440000000001">
    <ele>75.06</ele>
   </trkpt>
   <trkpt lat="50.75744" lon="5.172700000000001">
    <ele>74.91</ele>
   </trkpt>
   <trkpt lat="50.75817000000001" lon="5.17311">
    <ele>74.68</ele>
   </trkpt>
   <trkpt lat="50.75829" lon="5.17321">
    <ele>74.68</ele>
   </trkpt>
   <trkpt lat="50.758480000000006" lon="5.173430000000001">
    <ele>74.50000000000001</ele>
   </trkpt>
   <trkpt lat="50.758950000000006" lon="5.17417">
    <ele>73.91</ele>
   </trkpt>
   <trkpt lat="50.759640000000005" lon="5.175050000000001">
    <ele>73.66</ele>
   </trkpt>
   <trkpt lat="50.75988" lon="5.1753100000000005">
    <ele>73.66</ele>
   </trkpt>
   <trkpt lat="50.76034000000001" lon="5.17569">
    <ele>73.67</ele>
   </trkpt>
   <trkpt lat="50.760670000000005" lon="5.17607">
    <ele>73.93</ele>
   </trkpt>
   <trkpt lat="50.760810000000006" lon="5.17619">
    <ele>74.13</ele>
   </trkpt>
   <trkpt lat="50.76043000000001" lon="5.17691">
    <ele>74.19</ele>
   </trkpt>
   <trkpt lat="50.76026" lon="5.177180000000001">
    <ele>74.4</ele>
   </trkpt>
   <trkpt lat="50.760290000000005" lon="5.17736">
    <ele>74.46000000000001</ele>
   </trkpt>
   <trkpt lat="50.76062" lon="5.178520000000001">
    <ele>76.11000000000001</ele>
   </trkpt>
   <trkpt lat="50.76057" lon="5.1787">
    <ele>76.99</ele>
   </trkpt>
   <trkpt lat="50.76021" lon="5.179390000000001">
    <ele>79.06</ele>
   </trkpt>
   <trkpt lat="50.760560000000005" lon="5.17984">
    <ele>80.45</ele>
   </trkpt>
   <trkpt lat="50.760650000000005" lon="5.17999">
    <ele>80.45</ele>
   </trkpt>
   <trkpt lat="50.76068" lon="5.180160000000001">
    <ele>81.18</ele>
   </trkpt>
   <trkpt lat="50.76068" lon="5.1803300000000005">
    <ele>81.18</ele>
   </trkpt>
   <trkpt lat="50.76065500402824" lon="5.181300000304809">
    <ele>81.24000000000001</ele>
   </trkpt>
   <trkpt lat="50.760630000000006" lon="5.182270000000001">
    <ele>80.78</ele>
   </trkpt>
   <trkpt lat="50.76133499998184" lon="5.182235000528476">
    <ele>79.95</ele>
   </trkpt>
   <trkpt lat="50.762040000000006" lon="5.182200000000001">
    <ele>80.32000000000001</ele>
   </trkpt>
   <trkpt lat="50.76259" lon="5.182300000000001">
    <ele>82.19000000000001</ele>
   </trkpt>
   <trkpt lat="50.76297" lon="5.182270000000001">
    <ele>83.75</ele>
   </trkpt>
   <trkpt lat="50.763110000000005" lon="5.18228">
    <ele>84.06</ele>
   </trkpt>
   <trkpt lat="50.763220000000004" lon="5.18238">
    <ele>84.41000000000001</ele>
   </trkpt>
   <trkpt lat="50.763450000000006" lon="5.182670000000001">
    <ele>85.37</ele>
   </trkpt>
   <trkpt lat="50.763940000000005" lon="5.18355">
    <ele>86.19</ele>
   </trkpt>
   <trkpt lat="50.764200002383014" lon="5.18430499564774">
    <ele>87.49000000000001</ele>
   </trkpt>
   <trkpt lat="50.76446000000001" lon="5.18506">
    <ele>88.49000000000001</ele>
   </trkpt>
   <trkpt lat="50.76469" lon="5.18566">
    <ele>89.71000000000001</ele>
   </trkpt>
   <trkpt lat="50.76489" lon="5.185980000000001">
    <ele>90.96000000000001</ele>
   </trkpt>
   <trkpt lat="50.76529000000001" lon="5.186540000000001">
    <ele>93.49</ele>
   </trkpt>
   <trkpt lat="50.765440000000005" lon="5.186780000000001">
    <ele>94.43</ele>
   </trkpt>
   <trkpt lat="50.76559" lon="5.1871">
    <ele>94.93</ele>
   </trkpt>
   <trkpt lat="50.765950000000004" lon="5.18804">
    <ele>95.53</ele>
   </trkpt>
   <trkpt lat="50.76614000000001" lon="5.18846">
    <ele>95.65</ele>
   </trkpt>
   <trkpt lat="50.76621" lon="5.188560000000001">
    <ele>95.65</ele>
   </trkpt>
   <trkpt lat="50.766200000000005" lon="5.188560000000001">
    <ele>95.65</ele>
   </trkpt>
   <trkpt lat="50.766813339047246" lon="5.18937997845269">
    <ele>97.03</ele>
   </trkpt>
   <trkpt lat="50.76742667234533" lon="5.190199978405154">
    <ele>96.69000000000001</ele>
   </trkpt>
   <trkpt lat="50.768040000000006" lon="5.191020000000001">
    <ele>95.83000000000001</ele>
   </trkpt>
   <trkpt lat="50.76864500298314" lon="5.191854989204679">
    <ele>95.75</ele>
   </trkpt>
   <trkpt lat="50.76925000000001" lon="5.192690000000001">
    <ele>95.16000000000001</ele>
   </trkpt>
   <trkpt lat="50.769360000000006" lon="5.1928">
    <ele>95.16000000000001</ele>
   </trkpt>
   <trkpt lat="50.76946" lon="5.1928600000000005">
    <ele>95.09</ele>
   </trkpt>
   <trkpt lat="50.77029400265417" lon="5.193253971901619">
    <ele>94.46</ele>
   </trkpt>
   <trkpt lat="50.771128003981154" lon="5.193647957851454">
    <ele>94.02000000000001</ele>
   </trkpt>
   <trkpt lat="50.77196200398091" lon="5.194041957850399">
    <ele>92.12</ele>
   </trkpt>
   <trkpt lat="50.77279600265334" lon="5.194435971899352">
    <ele>90.62</ele>
   </trkpt>
   <trkpt lat="50.773630000000004" lon="5.1948300000000005">
    <ele>89.41</ele>
   </trkpt>
   <trkpt lat="50.77384000000001" lon="5.19491">
    <ele>89.41</ele>
   </trkpt>
   <trkpt lat="50.77460000000001" lon="5.19507">
    <ele>87.73</ele>
   </trkpt>
   <trkpt lat="50.775420000000004" lon="5.19545">
    <ele>86.72</ele>
   </trkpt>
   <trkpt lat="50.77541" lon="5.19545">
    <ele>86.72</ele>
   </trkpt>
   <trkpt lat="50.7762" lon="5.195830000000001">
    <ele>85.35000000000001</ele>
   </trkpt>
   <trkpt lat="50.77700000174027" lon="5.196454989363837">
    <ele>84.60000000000001</ele>
   </trkpt>
   <trkpt lat="50.777800000000006" lon="5.197080000000001">
    <ele>84.43</ele>
   </trkpt>
   <trkpt lat="50.777950000000004" lon="5.197120000000001">
    <ele>84.52000000000001</ele>
   </trkpt>
   <trkpt lat="50.778150000000004" lon="5.197120000000001">
    <ele>84.88000000000001</ele>
   </trkpt>
   <trkpt lat="50.778150000000004" lon="5.197450000000001">
    <ele>84.44</ele>
   </trkpt>
   <trkpt lat="50.778200000000005" lon="5.19826">
    <ele>83.2</ele>
   </trkpt>
   <trkpt lat="50.77825000000001" lon="5.1985">
    <ele>81.89</ele>
   </trkpt>
   <trkpt lat="50.77854000000001" lon="5.1995700000000005">
    <ele>80.81</ele>
   </trkpt>
   <trkpt lat="50.77889500603598" lon="5.200759990907318">
    <ele>79.15</ele>
   </trkpt>
   <trkpt lat="50.779250000000005" lon="5.20195">
    <ele>77.80000000000001</ele>
   </trkpt>
   <trkpt lat="50.77946000000001" lon="5.2028300000000005">
    <ele>76.91000000000001</ele>
   </trkpt>
   <trkpt lat="50.779610000000005" lon="5.203620000000001">
    <ele>75.98</ele>
   </trkpt>
   <trkpt lat="50.77980667981291" lon="5.204859989572202">
    <ele>74.39000000000001</ele>
   </trkpt>
   <trkpt lat="50.780003346479994" lon="5.206099989574621">
    <ele>73.33</ele>
   </trkpt>
   <trkpt lat="50.7802" lon="5.20734">
    <ele>72.69</ele>
   </trkpt>
   <trkpt lat="50.78018" lon="5.2075700000000005">
    <ele>72.75000000000001</ele>
   </trkpt>
   <trkpt lat="50.780260000000006" lon="5.207630000000001">
    <ele>72.73</ele>
   </trkpt>
   <trkpt lat="50.78022000000001" lon="5.20783">
    <ele>71.36</ele>
   </trkpt>
   <trkpt lat="50.780110002298734" lon="5.208570002024336">
    <ele>69.4</ele>
   </trkpt>
   <trkpt lat="50.78" lon="5.20931">
    <ele>67.8</ele>
   </trkpt>
   <trkpt lat="50.779970000000006" lon="5.209650000000001">
    <ele>67.8</ele>
   </trkpt>
   <trkpt lat="50.78" lon="5.21016">
    <ele>66.30000000000001</ele>
   </trkpt>
   <trkpt lat="50.780100000000004" lon="5.210850000000001">
    <ele>65.2</ele>
   </trkpt>
   <trkpt lat="50.78014" lon="5.21135">
    <ele>65.14</ele>
   </trkpt>
   <trkpt lat="50.780080000000005" lon="5.212230000000001">
    <ele>65.14999999999999</ele>
   </trkpt>
   <trkpt lat="50.780100000000004" lon="5.21281">
    <ele>65.78</ele>
   </trkpt>
   <trkpt lat="50.780100000000004" lon="5.2128000000000005">
    <ele>65.75999999999999</ele>
   </trkpt>
   <trkpt lat="50.78013000000001" lon="5.21363">
    <ele>68.06</ele>
   </trkpt>
   <trkpt lat="50.780750000000005" lon="5.2140200000000005">
    <ele>67.85000000000001</ele>
   </trkpt>
   <trkpt lat="50.780820000000006" lon="5.2141">
    <ele>67.96000000000001</ele>
   </trkpt>
   <trkpt lat="50.78087000000001" lon="5.21419">
    <ele>68.10000000000001</ele>
   </trkpt>
   <trkpt lat="50.78096000000001" lon="5.214270000000001">
    <ele>68.03</ele>
   </trkpt>
   <trkpt lat="50.781310000000005" lon="5.214460000000001">
    <ele>68.03</ele>
   </trkpt>
   <trkpt lat="50.78173" lon="5.21466">
    <ele>68.69</ele>
   </trkpt>
   <trkpt lat="50.781870000000005" lon="5.21471">
    <ele>69.14</ele>
   </trkpt>
   <trkpt lat="50.78222" lon="5.214740000000001">
    <ele>69.68</ele>
   </trkpt>
   <trkpt lat="50.782809999949066" lon="5.214685000699955">
    <ele>70.02</ele>
   </trkpt>
   <trkpt lat="50.78340000000001" lon="5.2146300000000005">
    <ele>69.73</ele>
   </trkpt>
   <trkpt lat="50.783680000000004" lon="5.21462">
    <ele>69.42</ele>
   </trkpt>
   <trkpt lat="50.78415000026912" lon="5.214769998547356">
    <ele>69.06</ele>
   </trkpt>
   <trkpt lat="50.784620000000004" lon="5.21492">
    <ele>68.76</ele>
   </trkpt>
   <trkpt lat="50.78546500023755" lon="5.215159995659891">
    <ele>68.04</ele>
   </trkpt>
   <trkpt lat="50.78631000000001" lon="5.215400000000001">
    <ele>67.79</ele>
   </trkpt>
   <trkpt lat="50.78642000000001" lon="5.21544">
    <ele>67.79</ele>
   </trkpt>
   <trkpt lat="50.78652" lon="5.21551">
    <ele>67.85000000000001</ele>
   </trkpt>
   <trkpt lat="50.786590000000004" lon="5.215590000000001">
    <ele>67.85000000000001</ele>
   </trkpt>
   <trkpt lat="50.78672" lon="5.215800000000001">
    <ele>67.97</ele>
   </trkpt>
   <trkpt lat="50.78707667298843" lon="5.21665998687501">
    <ele>68.47</ele>
   </trkpt>
   <trkpt lat="50.787433339653944" lon="5.2175199868720865">
    <ele>69.48</ele>
   </trkpt>
   <trkpt lat="50.78779" lon="5.218380000000001">
    <ele>69.03</ele>
   </trkpt>
   <trkpt lat="50.78786" lon="5.21858">
    <ele>68.91</ele>
   </trkpt>
   <trkpt lat="50.788392515319245" lon="5.2196724626946835">
    <ele>70.7</ele>
   </trkpt>
   <trkpt lat="50.78892502043507" lon="5.220764950277975">
    <ele>69.77000000000001</ele>
   </trkpt>
   <trkpt lat="50.78945751534711" lon="5.221857462750439">
    <ele>68.75</ele>
   </trkpt>
   <trkpt lat="50.78999" lon="5.222950000000001">
    <ele>68.18</ele>
   </trkpt>
   <trkpt lat="50.79036000000001" lon="5.223820000000001">
    <ele>68.13000000000001</ele>
   </trkpt>
   <trkpt lat="50.790870000000005" lon="5.22496">
    <ele>68.68</ele>
   </trkpt>
   <trkpt lat="50.79122" lon="5.2256">
    <ele>67.65</ele>
   </trkpt>
   <trkpt lat="50.791410000000006" lon="5.226030000000001">
    <ele>67.5</ele>
   </trkpt>
   <trkpt lat="50.79184000000001" lon="5.227130000000001">
    <ele>67.31</ele>
   </trkpt>
   <trkpt lat="50.79183251565783" lon="5.228235000506039">
    <ele>67.44</ele>
   </trkpt>
   <trkpt lat="50.791825020877205" lon="5.229340000657974">
    <ele>67.8</ele>
   </trkpt>
   <trkpt lat="50.79181751565817" lon="5.230445000455307">
    <ele>68.64</ele>
   </trkpt>
   <trkpt lat="50.791810000000005" lon="5.23155">
    <ele>69.48</ele>
   </trkpt>
   <trkpt lat="50.791870008254065" lon="5.232939998108979">
    <ele>69.88000000000001</ele>
   </trkpt>
   <trkpt lat="50.79193" lon="5.234330000000001">
    <ele>71.62</ele>
   </trkpt>
   <trkpt lat="50.791920000000005" lon="5.235690000000001">
    <ele>72.55</ele>
   </trkpt>
   <trkpt lat="50.79188000733089" lon="5.237000001268294">
    <ele>74.62</ele>
   </trkpt>
   <trkpt lat="50.79184000000001" lon="5.23831">
    <ele>77.12</ele>
   </trkpt>
   <trkpt lat="50.79184500773347" lon="5.239655000092849">
    <ele>80.69000000000001</ele>
   </trkpt>
   <trkpt lat="50.791850000000004" lon="5.2410000000000005">
    <ele>85.77000000000001</ele>
   </trkpt>
   <trkpt lat="50.79183668302556" lon="5.2423833341633115">
    <ele>84.51</ele>
   </trkpt>
   <trkpt lat="50.79182334969183" lon="5.243766667537919">
    <ele>83.63000000000001</ele>
   </trkpt>
   <trkpt lat="50.791810000000005" lon="5.245150000000001">
    <ele>83.59</ele>
   </trkpt>
   <trkpt lat="50.791810000000005" lon="5.245950000000001">
    <ele>83.29</ele>
   </trkpt>
   <trkpt lat="50.791880000000006" lon="5.24709">
    <ele>82.74000000000001</ele>
   </trkpt>
   <trkpt lat="50.79189" lon="5.24763">
    <ele>82.42</ele>
   </trkpt>
   <trkpt lat="50.79185000722233" lon="5.248930001161238">
    <ele>81.10000000000001</ele>
   </trkpt>
   <trkpt lat="50.791810000000005" lon="5.25023">
    <ele>80.53</ele>
   </trkpt>
   <trkpt lat="50.791820022854196" lon="5.2515649991540645">
    <ele>78.72000000000001</ele>
   </trkpt>
   <trkpt lat="50.79183003047231" lon="5.252899998880208">
    <ele>77.63000000000001</ele>
   </trkpt>
   <trkpt lat="50.79184002285437" lon="5.254234999177562">
    <ele>76.07000000000001</ele>
   </trkpt>
   <trkpt lat="50.791850000000004" lon="5.2555700000000005">
    <ele>75.93</ele>
   </trkpt>
   <trkpt lat="50.791825005702606" lon="5.256725000600127">
    <ele>76.55000000000001</ele>
   </trkpt>
   <trkpt lat="50.7918" lon="5.25788">
    <ele>77.04</ele>
   </trkpt>
   <trkpt lat="50.79182" lon="5.258940000000001">
    <ele>77.73</ele>
   </trkpt>
   <trkpt lat="50.79188001085388" lon="5.260066663813655">
    <ele>78.32</ele>
   </trkpt>
   <trkpt lat="50.791940010856" lon="5.261193330519991">
    <ele>79.05000000000001</ele>
   </trkpt>
   <trkpt lat="50.792" lon="5.262320000000001">
    <ele>80.45</ele>
   </trkpt>
   <trkpt lat="50.792090008317714" lon="5.2637149973068675">
    <ele>84.44</ele>
   </trkpt>
   <trkpt lat="50.79218" lon="5.265110000000001">
    <ele>89.35000000000001</ele>
   </trkpt>
   <trkpt lat="50.792120000000004" lon="5.265490000000001">
    <ele>90.21000000000001</ele>
   </trkpt>
   <trkpt lat="50.79225" lon="5.26557">
    <ele>90.14000000000001</ele>
   </trkpt>
   <trkpt lat="50.792570000000005" lon="5.265820000000001">
    <ele>90.11000000000001</ele>
   </trkpt>
   <trkpt lat="50.793020000000006" lon="5.2654700000000005">
    <ele>85.54</ele>
   </trkpt>
   <trkpt lat="50.793330000000005" lon="5.2651900000000005">
    <ele>82.67</ele>
   </trkpt>
   <trkpt lat="50.79393666870563" lon="5.264703345955596">
    <ele>78.31</ele>
   </trkpt>
   <trkpt lat="50.794543335386564" lon="5.264216679277688">
    <ele>74.53000000000002</ele>
   </trkpt>
   <trkpt lat="50.79515000000001" lon="5.263730000000001">
    <ele>72.87</ele>
   </trkpt>
   <trkpt lat="50.79563" lon="5.2632900000000005">
    <ele>72.39000000000001</ele>
   </trkpt>
   <trkpt lat="50.79576" lon="5.26325">
    <ele>72.39000000000001</ele>
   </trkpt>
   <trkpt lat="50.795860000000005" lon="5.263280000000001">
    <ele>72.39000000000001</ele>
   </trkpt>
   <trkpt lat="50.79598000000001" lon="5.263380000000001">
    <ele>72.11</ele>
   </trkpt>
   <trkpt lat="50.796310000000005" lon="5.263750000000001">
    <ele>72.07000000000001</ele>
   </trkpt>
   <trkpt lat="50.79639" lon="5.263800000000001">
    <ele>72.09</ele>
   </trkpt>
   <trkpt lat="50.796690000000005" lon="5.26384">
    <ele>71.66</ele>
   </trkpt>
   <trkpt lat="50.79679" lon="5.2638300000000005">
    <ele>71.60000000000001</ele>
   </trkpt>
   <trkpt lat="50.79722" lon="5.26363">
    <ele>72.01</ele>
   </trkpt>
   <trkpt lat="50.79744" lon="5.2635700000000005">
    <ele>72.01</ele>
   </trkpt>
   <trkpt lat="50.79796" lon="5.26353">
    <ele>72.33</ele>
   </trkpt>
   <trkpt lat="50.79818" lon="5.2635000000000005">
    <ele>71.28000000000002</ele>
   </trkpt>
   <trkpt lat="50.798670000087334" lon="5.26338000125194">
    <ele>69.55</ele>
   </trkpt>
   <trkpt lat="50.79916000000001" lon="5.263260000000001">
    <ele>67.93</ele>
   </trkpt>
   <trkpt lat="50.79955" lon="5.263120000000001">
    <ele>66.85000000000001</ele>
   </trkpt>
   <trkpt lat="50.800270000364286" lon="5.262825004548518">
    <ele>65.66000000000001</ele>
   </trkpt>
   <trkpt lat="50.800990000000006" lon="5.262530000000001">
    <ele>64.66000000000001</ele>
   </trkpt>
   <trkpt lat="50.80098" lon="5.262530000000001">
    <ele>64.66000000000001</ele>
   </trkpt>
   <trkpt lat="50.80180000000001" lon="5.262320000000001">
    <ele>64.07000000000001</ele>
   </trkpt>
   <trkpt lat="50.802260000000004" lon="5.26217">
    <ele>63.6</ele>
   </trkpt>
   <trkpt lat="50.80265000000001" lon="5.26196">
    <ele>63.32</ele>
   </trkpt>
   <trkpt lat="50.80281" lon="5.26189">
    <ele>63.32</ele>
   </trkpt>
   <trkpt lat="50.80288" lon="5.26187">
    <ele>63.32</ele>
   </trkpt>
   <trkpt lat="50.80366" lon="5.26182">
    <ele>63.13</ele>
   </trkpt>
   <trkpt lat="50.803850000000004" lon="5.26177">
    <ele>63.03</ele>
   </trkpt>
   <trkpt lat="50.804050000000004" lon="5.261690000000001">
    <ele>63.03</ele>
   </trkpt>
   <trkpt lat="50.80485000135284" lon="5.261290013705753">
    <ele>62.84</ele>
   </trkpt>
   <trkpt lat="50.80565000133802" lon="5.260890013713457">
    <ele>62.56</ele>
   </trkpt>
   <trkpt lat="50.806450000000005" lon="5.260490000000001">
    <ele>62.25000000000001</ele>
   </trkpt>
   <trkpt lat="50.80697000000001" lon="5.2602">
    <ele>62.230000000000004</ele>
   </trkpt>
   <trkpt lat="50.80769" lon="5.2598">
    <ele>62.51000000000001</ele>
   </trkpt>
   <trkpt lat="50.807880000000004" lon="5.259720000000001">
    <ele>62.72000000000001</ele>
   </trkpt>
   <trkpt lat="50.80812" lon="5.25971">
    <ele>63.19000000000001</ele>
   </trkpt>
   <trkpt lat="50.8087" lon="5.259460000000001">
    <ele>61.92</ele>
   </trkpt>
   <trkpt lat="50.80879" lon="5.259460000000001">
    <ele>61.92</ele>
   </trkpt>
   <trkpt lat="50.80933" lon="5.259620000000001">
    <ele>62.54</ele>
   </trkpt>
   <trkpt lat="50.80939000000001" lon="5.25966">
    <ele>62.85</ele>
   </trkpt>
   <trkpt lat="50.809490000000004" lon="5.259810000000001">
    <ele>62.85</ele>
   </trkpt>
   <trkpt lat="50.80986000000001" lon="5.260820000000001">
    <ele>64.94000000000001</ele>
   </trkpt>
   <trkpt lat="50.810230000000004" lon="5.26098">
    <ele>65.56</ele>
   </trkpt>
   <trkpt lat="50.81022" lon="5.26098">
    <ele>65.55000000000001</ele>
   </trkpt>
   <trkpt lat="50.81103333447437" lon="5.261349987101774">
    <ele>65.55000000000001</ele>
   </trkpt>
   <trkpt lat="50.8118466677786" lon="5.261719987088254">
    <ele>64.95</ele>
   </trkpt>
   <trkpt lat="50.81266" lon="5.262090000000001">
    <ele>65.25</ele>
   </trkpt>
   <trkpt lat="50.81288000000001" lon="5.26222">
    <ele>65.28</ele>
   </trkpt>
   <trkpt lat="50.813335000659826" lon="5.262594996395395">
    <ele>66.46000000000001</ele>
   </trkpt>
   <trkpt lat="50.813790000000004" lon="5.26297">
    <ele>67.10000000000001</ele>
   </trkpt>
   <trkpt lat="50.81389" lon="5.26301">
    <ele>67.10000000000001</ele>
   </trkpt>
   <trkpt lat="50.813950000000006" lon="5.263000000000001">
    <ele>67.05000000000001</ele>
   </trkpt>
   <trkpt lat="50.81465500076663" lon="5.262600005990922">
    <ele>66.11</ele>
   </trkpt>
   <trkpt lat="50.815360000000005" lon="5.2622">
    <ele>65.27000000000001</ele>
   </trkpt>
   <trkpt lat="50.81584" lon="5.261880000000001">
    <ele>64.78</ele>
   </trkpt>
   <trkpt lat="50.816210000000005" lon="5.26156">
    <ele>64.36</ele>
   </trkpt>
   <trkpt lat="50.816430000000004" lon="5.26132">
    <ele>64.87</ele>
   </trkpt>
   <trkpt lat="50.81624000000001" lon="5.26057">
    <ele>63.94000000000001</ele>
   </trkpt>
   <trkpt lat="50.81676500112595" lon="5.2600300061941745">
    <ele>59.75</ele>
   </trkpt>
   <trkpt lat="50.81729000000001" lon="5.25949">
    <ele>56.07</ele>
   </trkpt>
   <trkpt lat="50.81771500060749" lon="5.259065004032237">
    <ele>54.02</ele>
   </trkpt>
   <trkpt lat="50.81814000000001" lon="5.258640000000001">
    <ele>52.660000000000004</ele>
   </trkpt>
   <trkpt lat="50.81870500057651" lon="5.258245004842223">
    <ele>51.550000000000004</ele>
   </trkpt>
   <trkpt lat="50.81927" lon="5.25785">
    <ele>51.09</ele>
   </trkpt>
   <trkpt lat="50.81935000000001" lon="5.257770000000001">
    <ele>51.09</ele>
   </trkpt>
   <trkpt lat="50.819500000000005" lon="5.25755">
    <ele>50.79</ele>
   </trkpt>
   <trkpt lat="50.81986500204317" lon="5.256855005472592">
    <ele>50.52</ele>
   </trkpt>
   <trkpt lat="50.82023" lon="5.25616">
    <ele>50.52</ele>
   </trkpt>
   <trkpt lat="50.82059000247838" lon="5.255400005838273">
    <ele>50.010000000000005</ele>
   </trkpt>
   <trkpt lat="50.82095" lon="5.25464">
    <ele>49.580000000000005</ele>
   </trkpt>
   <trkpt lat="50.821400000000004" lon="5.25372">
    <ele>48.82</ele>
   </trkpt>
   <trkpt lat="50.8218" lon="5.253010000000001">
    <ele>48.550000000000004</ele>
   </trkpt>
   <trkpt lat="50.82209" lon="5.2525900000000005">
    <ele>48.18</ele>
   </trkpt>
   <trkpt lat="50.822230000000005" lon="5.25232">
    <ele>48.18</ele>
   </trkpt>
   <trkpt lat="50.822570000000006" lon="5.251460000000001">
    <ele>47.67</ele>
   </trkpt>
   <trkpt lat="50.822660000000006" lon="5.25135">
    <ele>47.77</ele>
   </trkpt>
   <trkpt lat="50.822590000000005" lon="5.25093">
    <ele>47.620000000000005</ele>
   </trkpt>
   <trkpt lat="50.822720000000004" lon="5.250900000000001">
    <ele>47.540000000000006</ele>
   </trkpt>
   <trkpt lat="50.82278" lon="5.250940000000001">
    <ele>47.290000000000006</ele>
   </trkpt>
   <trkpt lat="50.823130000000006" lon="5.25133">
    <ele>47.17</ele>
   </trkpt>
   <trkpt lat="50.82321" lon="5.251390000000001">
    <ele>47.220000000000006</ele>
   </trkpt>
   <trkpt lat="50.823280000000004" lon="5.251410000000001">
    <ele>47.220000000000006</ele>
   </trkpt>
   <trkpt lat="50.823420000000006" lon="5.251340000000001">
    <ele>47.220000000000006</ele>
   </trkpt>
   <trkpt lat="50.82398500173946" lon="5.250710007575485">
    <ele>46.080000000000005</ele>
   </trkpt>
   <trkpt lat="50.82455" lon="5.2500800000000005">
    <ele>45.67</ele>
   </trkpt>
   <trkpt lat="50.824960000000004" lon="5.24976">
    <ele>45.50000000000001</ele>
   </trkpt>
   <trkpt lat="50.825470000341696" lon="5.249465003240006">
    <ele>44.95</ele>
   </trkpt>
   <trkpt lat="50.82598" lon="5.24917">
    <ele>44.65</ele>
   </trkpt>
   <trkpt lat="50.826150000000005" lon="5.24905">
    <ele>44.65</ele>
   </trkpt>
   <trkpt lat="50.82629000000001" lon="5.24892">
    <ele>44.65</ele>
   </trkpt>
   <trkpt lat="50.826710000000006" lon="5.2483200000000005">
    <ele>44.26</ele>
   </trkpt>
   <trkpt lat="50.827270000000006" lon="5.24748">
    <ele>43.5</ele>
   </trkpt>
   <trkpt lat="50.82757" lon="5.247140000000001">
    <ele>43.370000000000005</ele>
   </trkpt>
   <trkpt lat="50.82772000000001" lon="5.24701">
    <ele>43.0</ele>
   </trkpt>
   <trkpt lat="50.82820000029884" lon="5.246685003445016">
    <ele>42.95</ele>
   </trkpt>
   <trkpt lat="50.828680000000006" lon="5.24636">
    <ele>43.42</ele>
   </trkpt>
   <trkpt lat="50.828880000000005" lon="5.246090000000001">
    <ele>43.940000000000005</ele>
   </trkpt>
   <trkpt lat="50.828660000000006" lon="5.24572">
    <ele>43.68</ele>
   </trkpt>
   <trkpt lat="50.828610000000005" lon="5.24549">
    <ele>43.65</ele>
   </trkpt>
   <trkpt lat="50.82873000000001" lon="5.2442">
    <ele>43.97</ele>
   </trkpt>
   <trkpt lat="50.828790000000005" lon="5.24382">
    <ele>43.97</ele>
   </trkpt>
   <trkpt lat="50.82903" lon="5.242900000000001">
    <ele>44.27</ele>
   </trkpt>
   <trkpt lat="50.829130000000006" lon="5.24261">
    <ele>44.27</ele>
   </trkpt>
   <trkpt lat="50.82941" lon="5.24213">
    <ele>44.29</ele>
   </trkpt>
   <trkpt lat="50.82954" lon="5.241930000000001">
    <ele>44.300000000000004</ele>
   </trkpt>
   <trkpt lat="50.82978000000001" lon="5.24166">
    <ele>44.04</ele>
   </trkpt>
   <trkpt lat="50.83041000000001" lon="5.24106">
    <ele>44.14000000000001</ele>
   </trkpt>
   <trkpt lat="50.830940000000005" lon="5.24044">
    <ele>44.190000000000005</ele>
   </trkpt>
   <trkpt lat="50.831430000000005" lon="5.239940000000001">
    <ele>44.28000000000001</ele>
   </trkpt>
   <trkpt lat="50.831520000000005" lon="5.239890000000001">
    <ele>44.24</ele>
   </trkpt>
   <trkpt lat="50.83164000000001" lon="5.23984">
    <ele>44.24</ele>
   </trkpt>
   <trkpt lat="50.831810000000004" lon="5.23983">
    <ele>43.99</ele>
   </trkpt>
   <trkpt lat="50.83244333336664" lon="5.239896664856978">
    <ele>43.61</ele>
   </trkpt>
   <trkpt lat="50.83307666669527" lon="5.239963331523121">
    <ele>43.02</ele>
   </trkpt>
   <trkpt lat="50.83371" lon="5.240030000000001">
    <ele>42.39</ele>
   </trkpt>
   <trkpt lat="50.834" lon="5.239990000000001">
    <ele>42.27</ele>
   </trkpt>
   <trkpt lat="50.83426000000001" lon="5.23991">
    <ele>42.21</ele>
   </trkpt>
   <trkpt lat="50.834500000000006" lon="5.23977">
    <ele>42.11</ele>
   </trkpt>
   <trkpt lat="50.834720000000004" lon="5.239590000000001">
    <ele>42.11</ele>
   </trkpt>
   <trkpt lat="50.835260000000005" lon="5.23904">
    <ele>41.81000000000001</ele>
   </trkpt>
   <trkpt lat="50.83574000098467" lon="5.238560004936668">
    <ele>41.53</ele>
   </trkpt>
   <trkpt lat="50.836220000000004" lon="5.23808">
    <ele>41.52</ele>
   </trkpt>
   <trkpt lat="50.836310000000005" lon="5.23803">
    <ele>41.52</ele>
   </trkpt>
   <trkpt lat="50.83641" lon="5.23803">
    <ele>41.5</ele>
   </trkpt>
   <trkpt lat="50.83661000000001" lon="5.23826">
    <ele>41.2</ele>
   </trkpt>
   <trkpt lat="50.83691" lon="5.238720000000001">
    <ele>40.980000000000004</ele>
   </trkpt>
   <trkpt lat="50.83710000000001" lon="5.239070000000001">
    <ele>40.85</ele>
   </trkpt>
   <trkpt lat="50.837180000000004" lon="5.239260000000001">
    <ele>40.870000000000005</ele>
   </trkpt>
   <trkpt lat="50.83737000000001" lon="5.239990000000001">
    <ele>41.38</ele>
   </trkpt>
   <trkpt lat="50.83820000009599" lon="5.239795003483911">
    <ele>40.620000000000005</ele>
   </trkpt>
   <trkpt lat="50.83903" lon="5.2396">
    <ele>40.540000000000006</ele>
   </trkpt>
   <trkpt lat="50.83955" lon="5.23951">
    <ele>40.75</ele>
   </trkpt>
   <trkpt lat="50.84011" lon="5.239490000000001">
    <ele>41.260000000000005</ele>
   </trkpt>
   <trkpt lat="50.84091666668124" lon="5.239506666090659">
    <ele>42.34</ele>
   </trkpt>
   <trkpt lat="50.841723333360115" lon="5.2395233327575665">
    <ele>43.25</ele>
   </trkpt>
   <trkpt lat="50.842530000000004" lon="5.239540000000001">
    <ele>43.910000000000004</ele>
   </trkpt>
   <trkpt lat="50.843250000018045" lon="5.239502002345988">
    <ele>44.56</ele>
   </trkpt>
   <trkpt lat="50.84397000002375" lon="5.239464003519223">
    <ele>44.83</ele>
   </trkpt>
   <trkpt lat="50.84469000001712" lon="5.23942600351964">
    <ele>45.42</ele>
   </trkpt>
   <trkpt lat="50.84540999999815" lon="5.239388002347171">
    <ele>46.48</ele>
   </trkpt>
   <trkpt lat="50.84613" lon="5.239350000000001">
    <ele>48.080000000000005</ele>
   </trkpt>
   <trkpt lat="50.84624" lon="5.239350000000001">
    <ele>48.330000000000005</ele>
   </trkpt>
   <trkpt lat="50.846590000000006" lon="5.23946">
    <ele>48.760000000000005</ele>
   </trkpt>
   <trkpt lat="50.84712500031101" lon="5.239699997276753">
    <ele>49.190000000000005</ele>
   </trkpt>
   <trkpt lat="50.847660000000005" lon="5.239940000000001">
    <ele>49.470000000000006</ele>
   </trkpt>
   <trkpt lat="50.84839" lon="5.24035">
    <ele>50.39</ele>
   </trkpt>
   <trkpt lat="50.84899000000001" lon="5.240740000000001">
    <ele>51.45</ele>
   </trkpt>
   <trkpt lat="50.84964" lon="5.24122">
    <ele>52.25000000000001</ele>
   </trkpt>
   <trkpt lat="50.85013000000001" lon="5.241630000000001">
    <ele>52.370000000000005</ele>
   </trkpt>
   <trkpt lat="50.85074000147041" lon="5.242224992177683">
    <ele>52.68000000000001</ele>
   </trkpt>
   <trkpt lat="50.851350000000004" lon="5.24282">
    <ele>53.2</ele>
   </trkpt>
   <trkpt lat="50.85195500180999" lon="5.2434849912869925">
    <ele>53.56</ele>
   </trkpt>
   <trkpt lat="50.852560000000004" lon="5.24415">
    <ele>54.12</ele>
   </trkpt>
   <trkpt lat="50.852610000000006" lon="5.244280000000001">
    <ele>54.11000000000001</ele>
   </trkpt>
   <trkpt lat="50.85246334270655" lon="5.24532667316457">
    <ele>53.13</ele>
   </trkpt>
   <trkpt lat="50.8523166760517" lon="5.246373339746802">
    <ele>51.65</ele>
   </trkpt>
   <trkpt lat="50.85217" lon="5.247420000000001">
    <ele>51.14</ele>
   </trkpt>
   <trkpt lat="50.852230000000006" lon="5.24791">
    <ele>52.010000000000005</ele>
   </trkpt>
   <trkpt lat="50.852320000000006" lon="5.2481100000000005">
    <ele>52.28000000000001</ele>
   </trkpt>
   <trkpt lat="50.85262" lon="5.247750000000001">
    <ele>51.43</ele>
   </trkpt>
   <trkpt lat="50.85275000000001" lon="5.24756">
    <ele>51.31</ele>
   </trkpt>
   <trkpt lat="50.85293" lon="5.24725">
    <ele>51.34</ele>
   </trkpt>
   <trkpt lat="50.853100000000005" lon="5.2468900000000005">
    <ele>51.47</ele>
   </trkpt>
   <trkpt lat="50.85323" lon="5.24654">
    <ele>51.96000000000001</ele>
   </trkpt>
   <trkpt lat="50.85334" lon="5.246180000000001">
    <ele>52.51</ele>
   </trkpt>
   <trkpt lat="50.853390000000005" lon="5.245950000000001">
    <ele>52.51</ele>
   </trkpt>
   <trkpt lat="50.85349" lon="5.24537">
    <ele>52.67</ele>
   </trkpt>
   <trkpt lat="50.8536500083163" lon="5.243975004769858">
    <ele>53.01</ele>
   </trkpt>
   <trkpt lat="50.85381" lon="5.24258">
    <ele>52.54</ele>
   </trkpt>
   <trkpt lat="50.8539" lon="5.24214">
    <ele>52.25000000000001</ele>
   </trkpt>
   <trkpt lat="50.85398000000001" lon="5.241930000000001">
    <ele>52.25000000000001</ele>
   </trkpt>
   <trkpt lat="50.854040000000005" lon="5.24185">
    <ele>52.160000000000004</ele>
   </trkpt>
   <trkpt lat="50.85412" lon="5.241790000000001">
    <ele>52.06</ele>
   </trkpt>
   <trkpt lat="50.85493333537688" lon="5.241300017095481">
    <ele>51.06</ele>
   </trkpt>
   <trkpt lat="50.855746668702174" lon="5.240810017100701">
    <ele>50.68</ele>
   </trkpt>
   <trkpt lat="50.85656" lon="5.2403200000000005">
    <ele>51.07</ele>
   </trkpt>
   <trkpt lat="50.85703" lon="5.24005">
    <ele>51.60000000000001</ele>
   </trkpt>
   <trkpt lat="50.85728" lon="5.239850000000001">
    <ele>52.21000000000001</ele>
   </trkpt>
   <trkpt lat="50.85727000000001" lon="5.23969">
    <ele>52.120000000000005</ele>
   </trkpt>
   <trkpt lat="50.857290000000006" lon="5.23904">
    <ele>52.34</ele>
   </trkpt>
   <trkpt lat="50.8578650001393" lon="5.238905001650172">
    <ele>52.53000000000001</ele>
   </trkpt>
   <trkpt lat="50.85844" lon="5.238770000000001">
    <ele>52.78000000000001</ele>
   </trkpt>
   <trkpt lat="50.85917000050414" lon="5.238523341061754">
    <ele>52.870000000000005</ele>
   </trkpt>
   <trkpt lat="50.8599000004884" lon="5.238276674400556">
    <ele>53.800000000000004</ele>
   </trkpt>
   <trkpt lat="50.86063000000001" lon="5.23803">
    <ele>55.620000000000005</ele>
   </trkpt>
   <trkpt lat="50.8607" lon="5.23793">
    <ele>55.67</ele>
   </trkpt>
   <trkpt lat="50.86075002721665" lon="5.236668005426679">
    <ele>56.32</ele>
   </trkpt>
   <trkpt lat="50.86080004082478" lon="5.2354060081457465">
    <ele>57.18</ele>
   </trkpt>
   <trkpt lat="50.86085004082433" lon="5.234144008157928">
    <ele>56.61000000000001</ele>
   </trkpt>
   <trkpt lat="50.86090002721523" lon="5.232882005463951">
    <ele>56.650000000000006</ele>
   </trkpt>
   <trkpt lat="50.86095" lon="5.23162">
    <ele>57.550000000000004</ele>
   </trkpt>
   <trkpt lat="50.86102" lon="5.2311700000000005">
    <ele>57.75</ele>
   </trkpt>
   <trkpt lat="50.861505012109944" lon="5.230197530370427">
    <ele>58.980000000000004</ele>
   </trkpt>
   <trkpt lat="50.86199001613911" lon="5.229225040509623">
    <ele>60.11</ele>
   </trkpt>
   <trkpt lat="50.862475012087174" lon="5.228252530417152">
    <ele>61.980000000000004</ele>
   </trkpt>
   <trkpt lat="50.86296" lon="5.22728">
    <ele>63.53</ele>
   </trkpt>
   <trkpt lat="50.86309000000001" lon="5.227110000000001">
    <ele>64.12</ele>
   </trkpt>
   <trkpt lat="50.863200000000006" lon="5.22689">
    <ele>65.05000000000001</ele>
   </trkpt>
   <trkpt lat="50.86352000123188" lon="5.226355003656804">
    <ele>67.19</ele>
   </trkpt>
   <trkpt lat="50.86384" lon="5.225820000000001">
    <ele>68.27000000000001</ele>
   </trkpt>
   <trkpt lat="50.86417000098696" lon="5.225295004019205">
    <ele>70.86</ele>
   </trkpt>
   <trkpt lat="50.86450000000001" lon="5.22477">
    <ele>71.79</ele>
   </trkpt>
   <trkpt lat="50.86511" lon="5.22381">
    <ele>74.66</ele>
   </trkpt>
   <trkpt lat="50.86518" lon="5.22362">
    <ele>75.48</ele>
   </trkpt>
   <trkpt lat="50.86558500173901" lon="5.222965005841969">
    <ele>77.39</ele>
   </trkpt>
   <trkpt lat="50.865990000000004" lon="5.22231">
    <ele>79.85000000000001</ele>
   </trkpt>
   <trkpt lat="50.866020000000006" lon="5.222180000000001">
    <ele>80.17</ele>
   </trkpt>
   <trkpt lat="50.86609000000001" lon="5.222270000000001">
    <ele>80.23</ele>
   </trkpt>
   <trkpt lat="50.86636000000001" lon="5.2217400000000005">
    <ele>80.03</ele>
   </trkpt>
   <trkpt lat="50.86647000000001" lon="5.221430000000001">
    <ele>79.89</ele>
   </trkpt>
   <trkpt lat="50.86664000666856" lon="5.220180004607391">
    <ele>77.65</ele>
   </trkpt>
   <trkpt lat="50.86681" lon="5.21893">
    <ele>76.24</ele>
   </trkpt>
   <trkpt lat="50.86727000040981" lon="5.219229997056243">
    <ele>75.71</ele>
   </trkpt>
   <trkpt lat="50.86773" lon="5.219530000000001">
    <ele>75.01</ele>
   </trkpt>
   <trkpt lat="50.86849" lon="5.21996">
    <ele>74.48</ele>
   </trkpt>
   <trkpt lat="50.869240000000005" lon="5.2203100000000004">
    <ele>74.92</ele>
   </trkpt>
   <trkpt lat="50.86938000000001" lon="5.22029">
    <ele>75.03</ele>
   </trkpt>
   <trkpt lat="50.8695" lon="5.220160000000001">
    <ele>75.1</ele>
   </trkpt>
   <trkpt lat="50.86968" lon="5.21985">
    <ele>75.18</ele>
   </trkpt>
   <trkpt lat="50.86981" lon="5.21973">
    <ele>75.13</ele>
   </trkpt>
   <trkpt lat="50.87023000000001" lon="5.219530000000001">
    <ele>74.74</ele>
   </trkpt>
   <trkpt lat="50.87050000000001" lon="5.219480000000001">
    <ele>74.44</ele>
   </trkpt>
   <trkpt lat="50.8711633338912" lon="5.219233340339986">
    <ele>72.83</ele>
   </trkpt>
   <trkpt lat="50.87182666726257" lon="5.218986673659301">
    <ele>70.31000000000002</ele>
   </trkpt>
   <trkpt lat="50.872490000000006" lon="5.21874">
    <ele>67.27000000000001</ele>
   </trkpt>
   <trkpt lat="50.87319" lon="5.21888">
    <ele>65.52000000000001</ele>
   </trkpt>
   <trkpt lat="50.874" lon="5.2191">
    <ele>64.78</ele>
   </trkpt>
   <trkpt lat="50.874480000000005" lon="5.219320000000001">
    <ele>64.69000000000001</ele>
   </trkpt>
   <trkpt lat="50.874900000000004" lon="5.2195">
    <ele>64.60000000000001</ele>
   </trkpt>
   <trkpt lat="50.8751" lon="5.21954">
    <ele>64.73</ele>
   </trkpt>
   <trkpt lat="50.87552" lon="5.21957">
    <ele>64.93</ele>
   </trkpt>
   <trkpt lat="50.87623500006814" lon="5.2195799998475225">
    <ele>64.98</ele>
   </trkpt>
   <trkpt lat="50.87695" lon="5.21959">
    <ele>64.33000000000001</ele>
   </trkpt>
   <trkpt lat="50.877120000000005" lon="5.21961">
    <ele>64.38000000000001</ele>
   </trkpt>
   <trkpt lat="50.87757999997101" lon="5.219724998843439">
    <ele>64.58</ele>
   </trkpt>
   <trkpt lat="50.878040000000006" lon="5.2198400000000005">
    <ele>64.51</ele>
   </trkpt>
   <trkpt lat="50.878170000000004" lon="5.219860000000001">
    <ele>64.34</ele>
   </trkpt>
   <trkpt lat="50.878310000000006" lon="5.2198400000000005">
    <ele>63.910000000000004</ele>
   </trkpt>
   <trkpt lat="50.87909333363375" lon="5.219660006046399">
    <ele>59.85000000000001</ele>
   </trkpt>
   <trkpt lat="50.879876666990654" lon="5.219480006041102">
    <ele>56.970000000000006</ele>
   </trkpt>
   <trkpt lat="50.880660000000006" lon="5.2193000000000005">
    <ele>55.1</ele>
   </trkpt>
   <trkpt lat="50.88065" lon="5.2193000000000005">
    <ele>55.1</ele>
   </trkpt>
   <trkpt lat="50.88147000000001" lon="5.219080000000001">
    <ele>53.78</ele>
   </trkpt>
   <trkpt lat="50.882160000000006" lon="5.218850000000001">
    <ele>52.93000000000001</ele>
   </trkpt>
   <trkpt lat="50.882160000000006" lon="5.218730000000001">
    <ele>52.68000000000001</ele>
   </trkpt>
   <trkpt lat="50.8823575209133" lon="5.21745251625053">
    <ele>50.38</ele>
   </trkpt>
   <trkpt lat="50.882555027884074" lon="5.216175021670007">
    <ele>50.050000000000004</ele>
   </trkpt>
   <trkpt lat="50.88275252091211" lon="5.214897516259028">
    <ele>50.0</ele>
   </trkpt>
   <trkpt lat="50.88295" lon="5.213620000000001">
    <ele>49.2</ele>
   </trkpt>
   <trkpt lat="50.883100000000006" lon="5.213220000000001">
    <ele>49.150000000000006</ele>
   </trkpt>
   <trkpt lat="50.88348000463243" lon="5.212480012160438">
    <ele>49.21</ele>
   </trkpt>
   <trkpt lat="50.88386000458665" lon="5.21174001224976">
    <ele>49.040000000000006</ele>
   </trkpt>
   <trkpt lat="50.884240000000005" lon="5.211">
    <ele>48.92</ele>
   </trkpt>
   <trkpt lat="50.88472" lon="5.2105500000000005">
    <ele>48.690000000000005</ele>
   </trkpt>
   <trkpt lat="50.88479" lon="5.21056">
    <ele>48.68</ele>
   </trkpt>
   <trkpt lat="50.88485000000001" lon="5.210640000000001">
    <ele>48.63</ele>
   </trkpt>
   <trkpt lat="50.885090000000005" lon="5.21138">
    <ele>48.370000000000005</ele>
   </trkpt>
   <trkpt lat="50.88512000000001" lon="5.21142">
    <ele>48.370000000000005</ele>
   </trkpt>
   <trkpt lat="50.885160000000006" lon="5.21142">
    <ele>48.370000000000005</ele>
   </trkpt>
   <trkpt lat="50.88521" lon="5.211390000000001">
    <ele>48.160000000000004</ele>
   </trkpt>
   <trkpt lat="50.885710001128956" lon="5.210895005231173">
    <ele>48.27</ele>
   </trkpt>
   <trkpt lat="50.886210000000005" lon="5.210400000000001">
    <ele>49.24</ele>
   </trkpt>
   <trkpt lat="50.88690666959348" lon="5.20981668409742">
    <ele>49.85</ele>
   </trkpt>
   <trkpt lat="50.88760333628003" lon="5.2092333507477715">
    <ele>50.260000000000005</ele>
   </trkpt>
   <trkpt lat="50.8883" lon="5.2086500000000004">
    <ele>52.25000000000001</ele>
   </trkpt>
   <trkpt lat="50.88841000000001" lon="5.20948">
    <ele>51.58</ele>
   </trkpt>
   <trkpt lat="50.888450000000006" lon="5.21006">
    <ele>51.260000000000005</ele>
   </trkpt>
   <trkpt lat="50.888450000000006" lon="5.210050000000001">
    <ele>51.260000000000005</ele>
   </trkpt>
   <trkpt lat="50.888560000000005" lon="5.211150000000001">
    <ele>50.830000000000005</ele>
   </trkpt>
   <trkpt lat="50.88877" lon="5.21203">
    <ele>49.86</ele>
   </trkpt>
   <trkpt lat="50.88909000446851" lon="5.213059992721125">
    <ele>49.330000000000005</ele>
   </trkpt>
   <trkpt lat="50.889410000000005" lon="5.214090000000001">
    <ele>48.85</ele>
   </trkpt>
   <trkpt lat="50.88969" lon="5.21534">
    <ele>47.68000000000001</ele>
   </trkpt>
   <trkpt lat="50.88989500481097" lon="5.2163999953947915">
    <ele>46.93000000000001</ele>
   </trkpt>
   <trkpt lat="50.890100000000004" lon="5.21746">
    <ele>46.44</ele>
   </trkpt>
   <trkpt lat="50.89018" lon="5.21774">
    <ele>46.410000000000004</ele>
   </trkpt>
   <trkpt lat="50.89072333866294" lon="5.216946685243723">
    <ele>47.39</ele>
   </trkpt>
   <trkpt lat="50.89126667194932" lon="5.21615335197924">
    <ele>48.260000000000005</ele>
   </trkpt>
   <trkpt lat="50.89181000000001" lon="5.21536">
    <ele>48.88</ele>
   </trkpt>
   <trkpt lat="50.89211" lon="5.2149600000000005">
    <ele>49.03</ele>
   </trkpt>
   <trkpt lat="50.89273000000001" lon="5.214370000000001">
    <ele>48.95</ele>
   </trkpt>
   <trkpt lat="50.892880000000005" lon="5.2142800000000005">
    <ele>48.95</ele>
   </trkpt>
   <trkpt lat="50.89302000000001" lon="5.21422">
    <ele>48.95</ele>
   </trkpt>
   <trkpt lat="50.893130000000006" lon="5.2142100000000005">
    <ele>48.95</ele>
   </trkpt>
   <trkpt lat="50.893460000000005" lon="5.214230000000001">
    <ele>48.39</ele>
   </trkpt>
   <trkpt lat="50.89356" lon="5.214200000000001">
    <ele>48.39</ele>
   </trkpt>
   <trkpt lat="50.89376000000001" lon="5.21407">
    <ele>47.620000000000005</ele>
   </trkpt>
   <trkpt lat="50.89450000683949" lon="5.213340034786923">
    <ele>45.470000000000006</ele>
   </trkpt>
   <trkpt lat="50.895240009126965" lon="5.2126100463760245">
    <ele>47.02</ele>
   </trkpt>
   <trkpt lat="50.89598000686209" lon="5.211880034766101">
    <ele>48.150000000000006</ele>
   </trkpt>
   <trkpt lat="50.89672" lon="5.211150000000001">
    <ele>49.84</ele>
   </trkpt>
   <trkpt lat="50.896980000000006" lon="5.2107600000000005">
    <ele>49.980000000000004</ele>
   </trkpt>
   <trkpt lat="50.89708" lon="5.2105500000000005">
    <ele>50.17</ele>
   </trkpt>
   <trkpt lat="50.89714000000001" lon="5.2103600000000005">
    <ele>50.17</ele>
   </trkpt>
   <trkpt lat="50.89734000000001" lon="5.209440000000001">
    <ele>50.81</ele>
   </trkpt>
   <trkpt lat="50.897580000000005" lon="5.208410000000001">
    <ele>52.47</ele>
   </trkpt>
   <trkpt lat="50.89770000000001" lon="5.20821">
    <ele>52.74</ele>
   </trkpt>
   <trkpt lat="50.89810000253675" lon="5.20897499349977">
    <ele>52.870000000000005</ele>
   </trkpt>
   <trkpt lat="50.898500000000006" lon="5.20974">
    <ele>53.26</ele>
   </trkpt>
   <trkpt lat="50.8986" lon="5.20971">
    <ele>53.26</ele>
   </trkpt>
   <trkpt lat="50.898630000000004" lon="5.209720000000001">
    <ele>53.26</ele>
   </trkpt>
   <trkpt lat="50.89885" lon="5.2099">
    <ele>53.31</ele>
   </trkpt>
   <trkpt lat="50.89907" lon="5.20997">
    <ele>53.21000000000001</ele>
   </trkpt>
   <trkpt lat="50.899710000200734" lon="5.209740003170337">
    <ele>52.43000000000001</ele>
   </trkpt>
   <trkpt lat="50.90035" lon="5.209510000000001">
    <ele>51.39</ele>
   </trkpt>
   <trkpt lat="50.90057" lon="5.209390000000001">
    <ele>50.650000000000006</ele>
   </trkpt>
   <trkpt lat="50.90131000201787" lon="5.208900015597282">
    <ele>49.09</ele>
   </trkpt>
   <trkpt lat="50.90205000198483" lon="5.208410015619472">
    <ele>47.870000000000005</ele>
   </trkpt>
   <trkpt lat="50.90279" lon="5.2079200000000005">
    <ele>46.470000000000006</ele>
   </trkpt>
   <trkpt lat="50.902910000000006" lon="5.208100000000001">
    <ele>46.150000000000006</ele>
   </trkpt>
   <trkpt lat="50.90299" lon="5.2081800000000005">
    <ele>46.150000000000006</ele>
   </trkpt>
   <trkpt lat="50.903490000000005" lon="5.20849">
    <ele>44.77</ele>
   </trkpt>
   <trkpt lat="50.90402" lon="5.20877">
    <ele>43.97</ele>
   </trkpt>
   <trkpt lat="50.904250000000005" lon="5.208780000000001">
    <ele>43.7</ele>
   </trkpt>
   <trkpt lat="50.90448000000001" lon="5.20882">
    <ele>43.57</ele>
   </trkpt>
   <trkpt lat="50.90529" lon="5.20924">
    <ele>42.39</ele>
   </trkpt>
   <trkpt lat="50.90597" lon="5.20976">
    <ele>41.75</ele>
   </trkpt>
   <trkpt lat="50.906600000000005" lon="5.20988">
    <ele>41.03</ele>
   </trkpt>
   <trkpt lat="50.90659" lon="5.20988">
    <ele>41.03</ele>
   </trkpt>
   <trkpt lat="50.906740000000006" lon="5.2099400000000005">
    <ele>40.89</ele>
   </trkpt>
   <trkpt lat="50.906870000000005" lon="5.21002">
    <ele>40.81</ele>
   </trkpt>
   <trkpt lat="50.907050000000005" lon="5.2102200000000005">
    <ele>40.77</ele>
   </trkpt>
   <trkpt lat="50.90748000000001" lon="5.21079">
    <ele>40.71</ele>
   </trkpt>
   <trkpt lat="50.90799000267094" lon="5.2115849912457675">
    <ele>40.59</ele>
   </trkpt>
   <trkpt lat="50.908500000000004" lon="5.2123800000000005">
    <ele>40.61</ele>
   </trkpt>
   <trkpt lat="50.908640000000005" lon="5.212560000000001">
    <ele>40.52</ele>
   </trkpt>
   <trkpt lat="50.909356670172436" lon="5.213203313496748">
    <ele>39.64</ele>
   </trkpt>
   <trkpt lat="50.910073336809766" lon="5.213846646803353">
    <ele>39.21</ele>
   </trkpt>
   <trkpt lat="50.910790000000006" lon="5.2144900000000005">
    <ele>38.21</ele>
   </trkpt>
   <trkpt lat="50.91142500216046" lon="5.215199990321947">
    <ele>37.7</ele>
   </trkpt>
   <trkpt lat="50.912060000000004" lon="5.21591">
    <ele>37.040000000000006</ele>
   </trkpt>
   <trkpt lat="50.912060000000004" lon="5.2159">
    <ele>37.040000000000006</ele>
   </trkpt>
   <trkpt lat="50.91223" lon="5.21612">
    <ele>36.7</ele>
   </trkpt>
   <trkpt lat="50.91259" lon="5.2167200000000005">
    <ele>36.410000000000004</ele>
   </trkpt>
   <trkpt lat="50.91313" lon="5.217350000000001">
    <ele>35.61</ele>
   </trkpt>
   <trkpt lat="50.913410000000006" lon="5.21673">
    <ele>35.36</ele>
   </trkpt>
   <trkpt lat="50.913610000000006" lon="5.21614">
    <ele>34.800000000000004</ele>
   </trkpt>
   <trkpt lat="50.91384500234306" lon="5.215405003598969">
    <ele>34.49</ele>
   </trkpt>
   <trkpt lat="50.914080000000006" lon="5.214670000000001">
    <ele>34.57</ele>
   </trkpt>
   <trkpt lat="50.91429500234675" lon="5.213940003131694">
    <ele>34.67</ele>
   </trkpt>
   <trkpt lat="50.91451000000001" lon="5.21321">
    <ele>34.84</ele>
   </trkpt>
   <trkpt lat="50.914550000000006" lon="5.21304">
    <ele>34.84</ele>
   </trkpt>
   <trkpt lat="50.91456" lon="5.21288">
    <ele>35.18</ele>
   </trkpt>
   <trkpt lat="50.91454" lon="5.21272">
    <ele>35.18</ele>
   </trkpt>
   <trkpt lat="50.914910000000006" lon="5.212540000000001">
    <ele>35.02</ele>
   </trkpt>
   <trkpt lat="50.915090000000006" lon="5.21248">
    <ele>35.04</ele>
   </trkpt>
   <trkpt lat="50.915580000000006" lon="5.2125">
    <ele>35.190000000000005</ele>
   </trkpt>
   <trkpt lat="50.916340000000005" lon="5.21239">
    <ele>34.82</ele>
   </trkpt>
   <trkpt lat="50.91658" lon="5.2123800000000005">
    <ele>34.82</ele>
   </trkpt>
   <trkpt lat="50.91677000000001" lon="5.212420000000001">
    <ele>34.160000000000004</ele>
   </trkpt>
   <trkpt lat="50.91709" lon="5.21255">
    <ele>34.160000000000004</ele>
   </trkpt>
   <trkpt lat="50.91753000031187" lon="5.212754998123318">
    <ele>33.02</ele>
   </trkpt>
   <trkpt lat="50.917970000000004" lon="5.212960000000001">
    <ele>32.800000000000004</ele>
   </trkpt>
   <trkpt lat="50.91796" lon="5.212960000000001">
    <ele>32.800000000000004</ele>
   </trkpt>
   <trkpt lat="50.91828" lon="5.21314">
    <ele>32.230000000000004</ele>
   </trkpt>
   <trkpt lat="50.919050000000006" lon="5.21382">
    <ele>31.78</ele>
   </trkpt>
   <trkpt lat="50.91933" lon="5.213120000000001">
    <ele>31.55</ele>
   </trkpt>
   <trkpt lat="50.919720000000005" lon="5.212260000000001">
    <ele>31.26</ele>
   </trkpt>
   <trkpt lat="50.91975000000001" lon="5.212090000000001">
    <ele>31.090000000000003</ele>
   </trkpt>
   <trkpt lat="50.91975000000001" lon="5.211930000000001">
    <ele>31.090000000000003</ele>
   </trkpt>
   <trkpt lat="50.9196" lon="5.21128">
    <ele>31.19</ele>
   </trkpt>
   <trkpt lat="50.9196" lon="5.21107">
    <ele>31.19</ele>
   </trkpt>
   <trkpt lat="50.919630000000005" lon="5.21093">
    <ele>31.19</ele>
   </trkpt>
   <trkpt lat="50.92010500501437" lon="5.209835011422855">
    <ele>32.0</ele>
   </trkpt>
   <trkpt lat="50.92058" lon="5.208740000000001">
    <ele>32.31</ele>
   </trkpt>
   <trkpt lat="50.92100500155435" lon="5.209329994704898">
    <ele>32.28</ele>
   </trkpt>
   <trkpt lat="50.92143" lon="5.20992">
    <ele>32.21</ele>
   </trkpt>
   <trkpt lat="50.921580000000006" lon="5.21025">
    <ele>31.86</ele>
   </trkpt>
   <trkpt lat="50.92174000000001" lon="5.21088">
    <ele>31.67</ele>
   </trkpt>
   <trkpt lat="50.921910000000004" lon="5.21199">
    <ele>31.450000000000006</ele>
   </trkpt>
   <trkpt lat="50.92210000000001" lon="5.2127300000000005">
    <ele>31.22</ele>
   </trkpt>
   <trkpt lat="50.922180000000004" lon="5.21295">
    <ele>31.1</ele>
   </trkpt>
   <trkpt lat="50.92258" lon="5.21365">
    <ele>30.78</ele>
   </trkpt>
   <trkpt lat="50.923140000000004" lon="5.2144">
    <ele>30.160000000000004</ele>
   </trkpt>
   <trkpt lat="50.92313000000001" lon="5.2144">
    <ele>30.17</ele>
   </trkpt>
   <trkpt lat="50.923370000000006" lon="5.21469">
    <ele>29.36</ele>
   </trkpt>
   <trkpt lat="50.92387" lon="5.21515">
    <ele>28.64</ele>
   </trkpt>
   <trkpt lat="50.92380000000001" lon="5.2156">
    <ele>28.62</ele>
   </trkpt>
   <trkpt lat="50.92376" lon="5.21597">
    <ele>28.59</ele>
   </trkpt>
   <trkpt lat="50.923700000000004" lon="5.217300000000001">
    <ele>28.220000000000002</ele>
   </trkpt>
   <trkpt lat="50.92365" lon="5.217720000000001">
    <ele>28.290000000000003</ele>
   </trkpt>
   <trkpt lat="50.923660000000005" lon="5.217840000000001">
    <ele>28.290000000000003</ele>
   </trkpt>
   <trkpt lat="50.92372" lon="5.217840000000001">
    <ele>28.28</ele>
   </trkpt>
   <trkpt lat="50.923700000000004" lon="5.217910000000001">
    <ele>28.28</ele>
   </trkpt>
   <trkpt lat="50.923750000000005" lon="5.2179400000000005">
    <ele>28.28</ele>
   </trkpt>
   <trkpt lat="50.92399" lon="5.21799">
    <ele>27.87</ele>
   </trkpt>
   <trkpt lat="50.92473000089164" lon="5.218439992858451">
    <ele>26.71</ele>
   </trkpt>
   <trkpt lat="50.925470000000004" lon="5.21889">
    <ele>26.580000000000002</ele>
   </trkpt>
   <trkpt lat="50.9259600004239" lon="5.21920499668218">
    <ele>26.44</ele>
   </trkpt>
   <trkpt lat="50.92645" lon="5.21952">
    <ele>26.480000000000004</ele>
   </trkpt>
   <trkpt lat="50.927095002029766" lon="5.219919983348832">
    <ele>26.140000000000004</ele>
   </trkpt>
   <trkpt lat="50.92774000269313" lon="5.220319977789846">
    <ele>25.85</ele>
   </trkpt>
   <trkpt lat="50.92838500199" lon="5.220719983323586">
    <ele>25.810000000000002</ele>
   </trkpt>
   <trkpt lat="50.929030000000004" lon="5.22112">
    <ele>26.590000000000003</ele>
   </trkpt>
   <trkpt lat="50.929365002344525" lon="5.22037000553025">
    <ele>25.85</ele>
   </trkpt>
   <trkpt lat="50.929700000000004" lon="5.219620000000001">
    <ele>26.38</ele>
   </trkpt>
   <trkpt lat="50.9299" lon="5.21914">
    <ele>26.44</ele>
   </trkpt>
   <trkpt lat="50.93000000000001" lon="5.21881">
    <ele>26.44</ele>
   </trkpt>
   <trkpt lat="50.93018500254775" lon="5.218030003314122">
    <ele>26.6</ele>
   </trkpt>
   <trkpt lat="50.93037" lon="5.217250000000001">
    <ele>26.820000000000004</ele>
   </trkpt>
   <trkpt lat="50.930460000000004" lon="5.2170000000000005">
    <ele>26.820000000000004</ele>
   </trkpt>
   <trkpt lat="50.93063" lon="5.216690000000001">
    <ele>27.1</ele>
   </trkpt>
   <trkpt lat="50.93132000000001" lon="5.21584">
    <ele>27.3</ele>
   </trkpt>
   <trkpt lat="50.93146" lon="5.2157">
    <ele>27.3</ele>
   </trkpt>
   <trkpt lat="50.931650000000005" lon="5.2155700000000005">
    <ele>27.3</ele>
   </trkpt>
   <trkpt lat="50.931850000000004" lon="5.21553">
    <ele>27.330000000000002</ele>
   </trkpt>
   <trkpt lat="50.93207" lon="5.21555">
    <ele>27.330000000000002</ele>
   </trkpt>
   <trkpt lat="50.932610000000004" lon="5.215750000000001">
    <ele>27.23</ele>
   </trkpt>
   <trkpt lat="50.93271000000001" lon="5.215750000000001">
    <ele>27.23</ele>
   </trkpt>
   <trkpt lat="50.93283" lon="5.21567">
    <ele>27.200000000000003</ele>
   </trkpt>
   <trkpt lat="50.93292" lon="5.21553">
    <ele>27.080000000000002</ele>
   </trkpt>
   <trkpt lat="50.933150000000005" lon="5.21487">
    <ele>26.98</ele>
   </trkpt>
   <trkpt lat="50.93336000000001" lon="5.2143500000000005">
    <ele>26.85</ele>
   </trkpt>
   <trkpt lat="50.933690000000006" lon="5.2138100000000005">
    <ele>26.900000000000002</ele>
   </trkpt>
   <trkpt lat="50.933800000000005" lon="5.21361">
    <ele>26.770000000000003</ele>
   </trkpt>
   <trkpt lat="50.933890000000005" lon="5.213360000000001">
    <ele>26.770000000000003</ele>
   </trkpt>
   <trkpt lat="50.93424" lon="5.21206">
    <ele>26.46</ele>
   </trkpt>
   <trkpt lat="50.93431" lon="5.211740000000001">
    <ele>26.09</ele>
   </trkpt>
   <trkpt lat="50.934490000000004" lon="5.21114">
    <ele>25.92</ele>
   </trkpt>
   <trkpt lat="50.9346" lon="5.21096">
    <ele>25.94</ele>
   </trkpt>
   <trkpt lat="50.93469" lon="5.21091">
    <ele>25.94</ele>
   </trkpt>
   <trkpt lat="50.93477000000001" lon="5.21089">
    <ele>25.910000000000004</ele>
   </trkpt>
   <trkpt lat="50.935300000000005" lon="5.21086">
    <ele>26.160000000000004</ele>
   </trkpt>
   <trkpt lat="50.935410000000005" lon="5.21081">
    <ele>26.35</ele>
   </trkpt>
   <trkpt lat="50.935460000000006" lon="5.210800000000001">
    <ele>26.35</ele>
   </trkpt>
   <trkpt lat="50.93564000000001" lon="5.210660000000001">
    <ele>26.98</ele>
   </trkpt>
   <trkpt lat="50.935900000000004" lon="5.21035">
    <ele>27.35</ele>
   </trkpt>
   <trkpt lat="50.93623" lon="5.209840000000001">
    <ele>28.540000000000003</ele>
   </trkpt>
   <trkpt lat="50.93661" lon="5.210920000000001">
    <ele>29.710000000000004</ele>
   </trkpt>
   <trkpt lat="50.93676000000001" lon="5.211290000000001">
    <ele>30.0</ele>
   </trkpt>
   <trkpt lat="50.93708" lon="5.21194">
    <ele>30.240000000000002</ele>
   </trkpt>
   <trkpt lat="50.93726" lon="5.21215">
    <ele>30.240000000000002</ele>
   </trkpt>
   <trkpt lat="50.9378" lon="5.21239">
    <ele>30.580000000000002</ele>
   </trkpt>
   <trkpt lat="50.937960000000004" lon="5.21243">
    <ele>30.580000000000002</ele>
   </trkpt>
   <trkpt lat="50.938140000000004" lon="5.212440000000001">
    <ele>30.910000000000004</ele>
   </trkpt>
   <trkpt lat="50.938340000000004" lon="5.212400000000001">
    <ele>30.910000000000004</ele>
   </trkpt>
   <trkpt lat="50.93862000000001" lon="5.21224">
    <ele>31.060000000000002</ele>
   </trkpt>
   <trkpt lat="50.93872" lon="5.212160000000001">
    <ele>31.060000000000002</ele>
   </trkpt>
   <trkpt lat="50.9393" lon="5.2115100000000005">
    <ele>31.160000000000004</ele>
   </trkpt>
   <trkpt lat="50.93943" lon="5.21147">
    <ele>31.160000000000004</ele>
   </trkpt>
   <trkpt lat="50.93999499996879" lon="5.211415000672624">
    <ele>31.150000000000002</ele>
   </trkpt>
   <trkpt lat="50.940560000000005" lon="5.21136">
    <ele>31.020000000000003</ele>
   </trkpt>
   <trkpt lat="50.9408" lon="5.2113000000000005">
    <ele>31.020000000000003</ele>
   </trkpt>
   <trkpt lat="50.94145000021287" lon="5.211105002710993">
    <ele>30.990000000000002</ele>
   </trkpt>
   <trkpt lat="50.9421" lon="5.21091">
    <ele>31.490000000000002</ele>
   </trkpt>
   <trkpt lat="50.942550000122814" lon="5.210760001442934">
    <ele>31.76</ele>
   </trkpt>
   <trkpt lat="50.943000000000005" lon="5.210610000000001">
    <ele>32.06</ele>
   </trkpt>
   <trkpt lat="50.943180000000005" lon="5.21053">
    <ele>32.06</ele>
   </trkpt>
   <trkpt lat="50.94341000000001" lon="5.21037">
    <ele>32.150000000000006</ele>
   </trkpt>
   <trkpt lat="50.94396333511866" lon="5.2099100109680085">
    <ele>32.36</ele>
   </trkpt>
   <trkpt lat="50.94451666843042" lon="5.209450010986119">
    <ele>32.400000000000006</ele>
   </trkpt>
   <trkpt lat="50.94507" lon="5.20899">
    <ele>32.42</ele>
   </trkpt>
   <trkpt lat="50.94577" lon="5.20844">
    <ele>32.52</ele>
   </trkpt>
   <trkpt lat="50.946340000000006" lon="5.20795">
    <ele>32.54</ele>
   </trkpt>
   <trkpt lat="50.94662" lon="5.207750000000001">
    <ele>32.650000000000006</ele>
   </trkpt>
   <trkpt lat="50.94679000000001" lon="5.2077100000000005">
    <ele>32.580000000000005</ele>
   </trkpt>
   <trkpt lat="50.947190000000006" lon="5.20769">
    <ele>32.86</ele>
   </trkpt>
   <trkpt lat="50.947340000000004" lon="5.2077100000000005">
    <ele>32.93</ele>
   </trkpt>
   <trkpt lat="50.947520000000004" lon="5.2076400000000005">
    <ele>32.870000000000005</ele>
   </trkpt>
   <trkpt lat="50.947720000000004" lon="5.2076">
    <ele>32.330000000000005</ele>
   </trkpt>
   <trkpt lat="50.94855666722359" lon="5.207853324216178">
    <ele>31.630000000000006</ele>
   </trkpt>
   <trkpt lat="50.949393333899145" lon="5.2081066575520065">
    <ele>30.740000000000002</ele>
   </trkpt>
   <trkpt lat="50.950230000000005" lon="5.208360000000001">
    <ele>29.290000000000003</ele>
   </trkpt>
   <trkpt lat="50.95028000000001" lon="5.20838">
    <ele>29.290000000000003</ele>
   </trkpt>
   <trkpt lat="50.95036" lon="5.20851">
    <ele>29.290000000000003</ele>
   </trkpt>
   <trkpt lat="50.95073000000001" lon="5.208600000000001">
    <ele>28.360000000000003</ele>
   </trkpt>
   <trkpt lat="50.95082000000001" lon="5.20866">
    <ele>28.360000000000003</ele>
   </trkpt>
   <trkpt lat="50.951080000000005" lon="5.207960000000001">
    <ele>27.810000000000002</ele>
   </trkpt>
   <trkpt lat="50.9513" lon="5.20755">
    <ele>27.69</ele>
   </trkpt>
   <trkpt lat="50.95154" lon="5.20727">
    <ele>27.57</ele>
   </trkpt>
   <trkpt lat="50.95198500050498" lon="5.206970002791003">
    <ele>27.39</ele>
   </trkpt>
   <trkpt lat="50.95243000000001" lon="5.206670000000001">
    <ele>27.23</ele>
   </trkpt>
   <trkpt lat="50.95259" lon="5.20659">
    <ele>27.080000000000002</ele>
   </trkpt>
   <trkpt lat="50.952630000000006" lon="5.20659">
    <ele>27.06</ele>
   </trkpt>
   <trkpt lat="50.95264" lon="5.20659">
    <ele>27.06</ele>
   </trkpt>
   <trkpt lat="50.952760000000005" lon="5.20659">
    <ele>27.06</ele>
   </trkpt>
   <trkpt lat="50.952920000000006" lon="5.20664">
    <ele>26.930000000000003</ele>
   </trkpt>
   <trkpt lat="50.95306" lon="5.206740000000001">
    <ele>26.89</ele>
   </trkpt>
   <trkpt lat="50.95322" lon="5.206950000000001">
    <ele>26.92</ele>
   </trkpt>
   <trkpt lat="50.95353" lon="5.20608">
    <ele>26.900000000000002</ele>
   </trkpt>
   <trkpt lat="50.95355000000001" lon="5.20591">
    <ele>27.000000000000004</ele>
   </trkpt>
   <trkpt lat="50.953570000000006" lon="5.20514">
    <ele>27.53</ele>
   </trkpt>
   <trkpt lat="50.95373000000001" lon="5.205050000000001">
    <ele>27.53</ele>
   </trkpt>
   <trkpt lat="50.953880000000005" lon="5.20492">
    <ele>27.770000000000003</ele>
   </trkpt>
   <trkpt lat="50.954" lon="5.20471">
    <ele>27.770000000000003</ele>
   </trkpt>
   <trkpt lat="50.95422000177943" lon="5.204080002739236">
    <ele>28.28</ele>
   </trkpt>
   <trkpt lat="50.954440000000005" lon="5.20345">
    <ele>28.55</ele>
   </trkpt>
   <trkpt lat="50.954950000000004" lon="5.2023">
    <ele>28.540000000000003</ele>
   </trkpt>
   <trkpt lat="50.95529000460429" lon="5.201255007823799">
    <ele>28.28</ele>
   </trkpt>
   <trkpt lat="50.955630000000006" lon="5.20021">
    <ele>27.98</ele>
   </trkpt>
   <trkpt lat="50.95602" lon="5.1991700000000005">
    <ele>27.880000000000003</ele>
   </trkpt>
   <trkpt lat="50.956120000000006" lon="5.19908">
    <ele>28.040000000000003</ele>
   </trkpt>
   <trkpt lat="50.956390000000006" lon="5.19899">
    <ele>28.040000000000003</ele>
   </trkpt>
   <trkpt lat="50.956540000000004" lon="5.198840000000001">
    <ele>28.25</ele>
   </trkpt>
   <trkpt lat="50.95638" lon="5.19822">
    <ele>27.98</ele>
   </trkpt>
   <trkpt lat="50.956360000000004" lon="5.1979500000000005">
    <ele>28.150000000000002</ele>
   </trkpt>
   <trkpt lat="50.956410000000005" lon="5.197780000000001">
    <ele>28.150000000000002</ele>
   </trkpt>
   <trkpt lat="50.95666000000001" lon="5.19746">
    <ele>28.84</ele>
   </trkpt>
   <trkpt lat="50.956720000000004" lon="5.197360000000001">
    <ele>28.84</ele>
   </trkpt>
   <trkpt lat="50.95678" lon="5.197050000000001">
    <ele>29.01</ele>
   </trkpt>
   <trkpt lat="50.95682000426959" lon="5.196050000854501">
    <ele>29.43</ele>
   </trkpt>
   <trkpt lat="50.956860000000006" lon="5.19505">
    <ele>29.040000000000003</ele>
   </trkpt>
   <trkpt lat="50.95685" lon="5.19448">
    <ele>28.830000000000002</ele>
   </trkpt>
   <trkpt lat="50.95675000000001" lon="5.19348">
    <ele>27.87</ele>
   </trkpt>
   <trkpt lat="50.957375001043594" lon="5.192985006659812">
    <ele>28.16</ele>
   </trkpt>
   <trkpt lat="50.958000000000006" lon="5.19249">
    <ele>28.32</ele>
   </trkpt>
   <trkpt lat="50.95837" lon="5.19216">
    <ele>28.130000000000003</ele>
   </trkpt>
   <trkpt lat="50.95884" lon="5.1917">
    <ele>27.430000000000003</ele>
   </trkpt>
   <trkpt lat="50.95909" lon="5.191420000000001">
    <ele>27.01</ele>
   </trkpt>
   <trkpt lat="50.95950000113316" lon="5.190925004262723">
    <ele>26.12</ele>
   </trkpt>
   <trkpt lat="50.95991" lon="5.19043">
    <ele>25.890000000000004</ele>
   </trkpt>
   <trkpt lat="50.96045" lon="5.18954">
    <ele>24.91</ele>
   </trkpt>
   <trkpt lat="50.960890000000006" lon="5.18874">
    <ele>24.26</ele>
   </trkpt>
   <trkpt lat="50.961220001544234" lon="5.188140004248282">
    <ele>23.75</ele>
   </trkpt>
   <trkpt lat="50.96155" lon="5.18754">
    <ele>23.19</ele>
   </trkpt>
   <trkpt lat="50.962270000000004" lon="5.1867">
    <ele>22.8</ele>
   </trkpt>
   <trkpt lat="50.96253" lon="5.18632">
    <ele>22.85</ele>
   </trkpt>
   <trkpt lat="50.9626" lon="5.1863">
    <ele>22.85</ele>
   </trkpt>
   <trkpt lat="50.96264000000001" lon="5.1862200000000005">
    <ele>22.8</ele>
   </trkpt>
   <trkpt lat="50.96264000000001" lon="5.186170000000001">
    <ele>22.8</ele>
   </trkpt>
   <trkpt lat="50.96276" lon="5.18594">
    <ele>22.8</ele>
   </trkpt>
   <trkpt lat="50.96307" lon="5.18559">
    <ele>22.54</ele>
   </trkpt>
   <trkpt lat="50.96325" lon="5.18543">
    <ele>22.54</ele>
   </trkpt>
   <trkpt lat="50.963720000625656" lon="5.185080003464413">
    <ele>22.63</ele>
   </trkpt>
   <trkpt lat="50.96419" lon="5.18473">
    <ele>23.01</ele>
   </trkpt>
   <trkpt lat="50.964850000000006" lon="5.1843">
    <ele>22.76</ele>
   </trkpt>
   <trkpt lat="50.96488" lon="5.184340000000001">
    <ele>22.76</ele>
   </trkpt>
   <trkpt lat="50.965140000000005" lon="5.18433">
    <ele>22.240000000000002</ele>
   </trkpt>
   <trkpt lat="50.966" lon="5.18435">
    <ele>21.79</ele>
   </trkpt>
   <trkpt lat="50.96625" lon="5.18438">
    <ele>21.69</ele>
   </trkpt>
   <trkpt lat="50.96690499998311" lon="5.184499998293574">
    <ele>21.67</ele>
   </trkpt>
   <trkpt lat="50.967560000000006" lon="5.184620000000001">
    <ele>22.01</ele>
   </trkpt>
   <trkpt lat="50.9677" lon="5.184620000000001">
    <ele>22.340000000000003</ele>
   </trkpt>
   <trkpt lat="50.967780000000005" lon="5.18465">
    <ele>22.45</ele>
   </trkpt>
   <trkpt lat="50.967940000000006" lon="5.18475">
    <ele>22.480000000000004</ele>
   </trkpt>
   <trkpt lat="50.96857000000001" lon="5.185250000000001">
    <ele>22.28</ele>
   </trkpt>
   <trkpt lat="50.968790000000006" lon="5.18534">
    <ele>22.070000000000004</ele>
   </trkpt>
   <trkpt lat="50.969010000000004" lon="5.18538">
    <ele>21.990000000000002</ele>
   </trkpt>
   <trkpt lat="50.969280000000005" lon="5.18538">
    <ele>21.900000000000002</ele>
   </trkpt>
   <trkpt lat="50.9698349999337" lon="5.185290001091775">
    <ele>21.77</ele>
   </trkpt>
   <trkpt lat="50.97039" lon="5.1852">
    <ele>22.160000000000004</ele>
   </trkpt>
   <trkpt lat="50.97079" lon="5.18517">
    <ele>22.76</ele>
   </trkpt>
   <trkpt lat="50.970960000000005" lon="5.18517">
    <ele>22.76</ele>
   </trkpt>
   <trkpt lat="50.971180000000004" lon="5.18519">
    <ele>23.01</ele>
   </trkpt>
   <trkpt lat="50.97129" lon="5.185230000000001">
    <ele>22.39</ele>
   </trkpt>
   <trkpt lat="50.971560000000004" lon="5.18538">
    <ele>22.11</ele>
   </trkpt>
   <trkpt lat="50.972350000000006" lon="5.1860100000000005">
    <ele>21.550000000000004</ele>
   </trkpt>
   <trkpt lat="50.973170002276376" lon="5.186429977761442">
    <ele>21.52</ele>
   </trkpt>
   <trkpt lat="50.97399000304682" lon="5.186849970353902">
    <ele>22.04</ele>
   </trkpt>
   <trkpt lat="50.97481000231122" lon="5.187269977778311">
    <ele>22.09</ele>
   </trkpt>
   <trkpt lat="50.97563" lon="5.187690000000001">
    <ele>22.36</ele>
   </trkpt>
   <trkpt lat="50.975660000000005" lon="5.18759">
    <ele>22.47</ele>
   </trkpt>
   <trkpt lat="50.97578000000001" lon="5.1874">
    <ele>22.21</ele>
   </trkpt>
   <trkpt lat="50.975880000000004" lon="5.187360000000001">
    <ele>22.21</ele>
   </trkpt>
   <trkpt lat="50.97654000000659" lon="5.187306668184167">
    <ele>22.04</ele>
   </trkpt>
   <trkpt lat="50.97719999998886" lon="5.187253334852289">
    <ele>22.22</ele>
   </trkpt>
   <trkpt lat="50.97786000000001" lon="5.187200000000001">
    <ele>22.500000000000004</ele>
   </trkpt>
   <trkpt lat="50.97833000000001" lon="5.18714">
    <ele>22.55</ele>
   </trkpt>
   <trkpt lat="50.978550000000006" lon="5.187080000000001">
    <ele>22.9</ele>
   </trkpt>
   <trkpt lat="50.97874" lon="5.187">
    <ele>22.9</ele>
   </trkpt>
   <trkpt lat="50.979290000000006" lon="5.186710000000001">
    <ele>23.87</ele>
   </trkpt>
   <trkpt lat="50.979380000000006" lon="5.186640000000001">
    <ele>23.880000000000003</ele>
   </trkpt>
   <trkpt lat="50.979510000000005" lon="5.1865000000000006">
    <ele>23.91</ele>
   </trkpt>
   <trkpt lat="50.979620000000004" lon="5.18628">
    <ele>24.03</ele>
   </trkpt>
   <trkpt lat="50.97991000232089" lon="5.18554000466432">
    <ele>24.240000000000002</ele>
   </trkpt>
   <trkpt lat="50.9802" lon="5.1848">
    <ele>24.92</ele>
   </trkpt>
   <trkpt lat="50.9804" lon="5.18461">
    <ele>25.0</ele>
   </trkpt>
   <trkpt lat="50.981020000935956" lon="5.184150006118484">
    <ele>25.23</ele>
   </trkpt>
   <trkpt lat="50.981640000000006" lon="5.18369">
    <ele>26.01</ele>
   </trkpt>
   <trkpt lat="50.98171000000001" lon="5.1836400000000005">
    <ele>26.150000000000002</ele>
   </trkpt>
   <trkpt lat="50.98199" lon="5.1835">
    <ele>26.520000000000003</ele>
   </trkpt>
   <trkpt lat="50.98279500032023" lon="5.1831800055951005">
    <ele>29.14</ele>
   </trkpt>
   <trkpt lat="50.9836" lon="5.182860000000001">
    <ele>34.99</ele>
   </trkpt>
   <trkpt lat="50.983910007527925" lon="5.183796654272356">
    <ele>35.45</ele>
   </trkpt>
   <trkpt lat="50.98422000756609" lon="5.184733321054156">
    <ele>35.63</ele>
   </trkpt>
   <trkpt lat="50.98453000000001" lon="5.18567">
    <ele>36.49</ele>
   </trkpt>
   <trkpt lat="50.98462000000001" lon="5.185720000000001">
    <ele>36.82000000000001</ele>
   </trkpt>
   <trkpt lat="50.984680000000004" lon="5.18587">
    <ele>37.160000000000004</ele>
   </trkpt>
   <trkpt lat="50.98476" lon="5.18585">
    <ele>37.15</ele>
   </trkpt>
   <trkpt lat="50.9845850044123" lon="5.184834996259777">
    <ele>38.760000000000005</ele>
   </trkpt>
   <trkpt lat="50.984410000000004" lon="5.183820000000001">
    <ele>40.980000000000004</ele>
   </trkpt>
   <trkpt lat="50.984390000000005" lon="5.183590000000001">
    <ele>40.980000000000004</ele>
   </trkpt>
   <trkpt lat="50.9844" lon="5.18336">
    <ele>41.88</ele>
   </trkpt>
   <trkpt lat="50.98443" lon="5.18313">
    <ele>41.88</ele>
   </trkpt>
   <trkpt lat="50.98449" lon="5.18287">
    <ele>41.88</ele>
   </trkpt>
   <trkpt lat="50.98482170001535" lon="5.181620044646837">
    <ele>46.6</ele>
   </trkpt>
   <trkpt lat="50.98515338669256" lon="5.180370071431377">
    <ele>48.1</ele>
   </trkpt>
   <trkpt lat="50.985485060031266" lon="5.179120080353872">
    <ele>50.21</ele>
   </trkpt>
   <trkpt lat="50.98581672003111" lon="5.177870071414575">
    <ele>52.97</ele>
   </trkpt>
   <trkpt lat="50.98614836669174" lon="5.1766200446137365">
    <ele>55.900000000000006</ele>
   </trkpt>
   <trkpt lat="50.98648000000001" lon="5.17537">
    <ele>59.27</ele>
   </trkpt>
   <trkpt lat="50.98662" lon="5.174950000000001">
    <ele>59.67000000000001</ele>
   </trkpt>
   <trkpt lat="50.986810000000006" lon="5.17466">
    <ele>60.260000000000005</ele>
   </trkpt>
   <trkpt lat="50.986880000000006" lon="5.1744200000000005">
    <ele>60.63</ele>
   </trkpt>
   <trkpt lat="50.98721161373664" lon="5.173207796216936">
    <ele>60.04</ele>
   </trkpt>
   <trkpt lat="50.98754321492886" lon="5.171995575114066">
    <ele>57.790000000000006</ele>
   </trkpt>
   <trkpt lat="50.98787480357634" lon="5.170783336691594">
    <ele>56.61000000000001</ele>
   </trkpt>
   <trkpt lat="50.98820637967874" lon="5.169571080949722">
    <ele>54.64</ele>
   </trkpt>
   <trkpt lat="50.988537943235755" lon="5.168358807888653">
    <ele>51.58</ele>
   </trkpt>
   <trkpt lat="50.98886949424705" lon="5.167146517508591">
    <ele>48.370000000000005</ele>
   </trkpt>
   <trkpt lat="50.98920103271227" lon="5.16593420980974">
    <ele>44.50000000000001</ele>
   </trkpt>
   <trkpt lat="50.98953255863112" lon="5.1647218847923">
    <ele>40.980000000000004</ele>
   </trkpt>
   <trkpt lat="50.989864072003265" lon="5.1635095424564765">
    <ele>38.49</ele>
   </trkpt>
   <trkpt lat="50.99019557282838" lon="5.162297182802473">
    <ele>37.28</ele>
   </trkpt>
   <trkpt lat="50.99052706110612" lon="5.16108480583049">
    <ele>36.65</ele>
   </trkpt>
   <trkpt lat="50.99085853683617" lon="5.159872411540734">
    <ele>36.72</ele>
   </trkpt>
   <trkpt lat="50.99119" lon="5.15866">
    <ele>35.7</ele>
   </trkpt>
   <trkpt lat="50.99139" lon="5.15808">
    <ele>35.01</ele>
   </trkpt>
   <trkpt lat="50.991580000000006" lon="5.15774">
    <ele>34.370000000000005</ele>
   </trkpt>
   <trkpt lat="50.99188" lon="5.15735">
    <ele>33.86</ele>
   </trkpt>
   <trkpt lat="50.99250000000001" lon="5.156700000000001">
    <ele>31.75</ele>
   </trkpt>
   <trkpt lat="50.9930350014088" lon="5.156125006631165">
    <ele>29.52</ele>
   </trkpt>
   <trkpt lat="50.993570000000005" lon="5.155550000000001">
    <ele>27.78</ele>
   </trkpt>
   <trkpt lat="50.99363" lon="5.15557">
    <ele>27.78</ele>
   </trkpt>
   <trkpt lat="50.99369" lon="5.1555100000000005">
    <ele>27.31</ele>
   </trkpt>
   <trkpt lat="50.99382000000001" lon="5.15547">
    <ele>27.31</ele>
   </trkpt>
   <trkpt lat="50.99405" lon="5.155220000000001">
    <ele>26.26</ele>
   </trkpt>
   <trkpt lat="50.994220000000006" lon="5.155">
    <ele>25.86</ele>
   </trkpt>
   <trkpt lat="50.99429000000001" lon="5.15488">
    <ele>25.68</ele>
   </trkpt>
   <trkpt lat="50.994440000000004" lon="5.154520000000001">
    <ele>25.730000000000004</ele>
   </trkpt>
   <trkpt lat="50.994550000000004" lon="5.15425">
    <ele>25.210000000000004</ele>
   </trkpt>
   <trkpt lat="50.994530000000005" lon="5.15411">
    <ele>25.18</ele>
   </trkpt>
   <trkpt lat="50.9947" lon="5.152950000000001">
    <ele>24.900000000000002</ele>
   </trkpt>
   <trkpt lat="50.99474000000001" lon="5.1526000000000005">
    <ele>24.78</ele>
   </trkpt>
   <trkpt lat="50.994800000000005" lon="5.152430000000001">
    <ele>24.78</ele>
   </trkpt>
   <trkpt lat="50.994870000000006" lon="5.15191">
    <ele>24.59</ele>
   </trkpt>
   <trkpt lat="50.994870000000006" lon="5.1516">
    <ele>24.3</ele>
   </trkpt>
   <trkpt lat="50.994960000000006" lon="5.15096">
    <ele>24.28</ele>
   </trkpt>
   <trkpt lat="50.9952133414427" lon="5.149986677208059">
    <ele>24.020000000000003</ele>
   </trkpt>
   <trkpt lat="50.99546667479844" lon="5.149013343788826">
    <ele>23.930000000000003</ele>
   </trkpt>
   <trkpt lat="50.995720000000006" lon="5.148040000000001">
    <ele>23.98</ele>
   </trkpt>
   <trkpt lat="50.99584" lon="5.147830000000001">
    <ele>24.020000000000003</ele>
   </trkpt>
   <trkpt lat="50.99589" lon="5.14763">
    <ele>24.020000000000003</ele>
   </trkpt>
   <trkpt lat="50.99589" lon="5.14738">
    <ele>24.020000000000003</ele>
   </trkpt>
   <trkpt lat="50.996190000000006" lon="5.14625">
    <ele>24.110000000000003</ele>
   </trkpt>
   <trkpt lat="50.9964" lon="5.14557">
    <ele>24.09</ele>
   </trkpt>
   <trkpt lat="50.996570000000006" lon="5.1452">
    <ele>23.91</ele>
   </trkpt>
   <trkpt lat="50.99697000153005" lon="5.144585005431001">
    <ele>24.05</ele>
   </trkpt>
   <trkpt lat="50.997370000000004" lon="5.14397">
    <ele>24.180000000000003</ele>
   </trkpt>
   <trkpt lat="50.99745000000001" lon="5.143870000000001">
    <ele>24.270000000000003</ele>
   </trkpt>
   <trkpt lat="50.997510000000005" lon="5.143750000000001">
    <ele>24.21</ele>
   </trkpt>
   <trkpt lat="50.99788500123354" lon="5.1432000045293895">
    <ele>24.180000000000003</ele>
   </trkpt>
   <trkpt lat="50.99826" lon="5.142650000000001">
    <ele>25.060000000000002</ele>
   </trkpt>
   <trkpt lat="50.998630000000006" lon="5.142010000000001">
    <ele>27.380000000000003</ele>
   </trkpt>
   <trkpt lat="50.999230000000004" lon="5.14278">
    <ele>27.6</ele>
   </trkpt>
   <trkpt lat="50.99996" lon="5.14351">
    <ele>27.590000000000003</ele>
   </trkpt>
   <trkpt lat="51.000530000000005" lon="5.14414">
    <ele>27.14</ele>
   </trkpt>
   <trkpt lat="51.00067000000001" lon="5.144360000000001">
    <ele>26.930000000000003</ele>
   </trkpt>
   <trkpt lat="51.00077" lon="5.14459">
    <ele>26.930000000000003</ele>
   </trkpt>
   <trkpt lat="51.00108500346234" lon="5.145494993760147">
    <ele>26.150000000000002</ele>
   </trkpt>
   <trkpt lat="51.001400000000004" lon="5.146400000000001">
    <ele>25.67</ele>
   </trkpt>
   <trkpt lat="51.001720000000006" lon="5.14717">
    <ele>25.560000000000002</ele>
   </trkpt>
   <trkpt lat="51.00186" lon="5.147500000000001">
    <ele>25.43</ele>
   </trkpt>
   <trkpt lat="51.00197000000001" lon="5.14771">
    <ele>25.44</ele>
   </trkpt>
   <trkpt lat="51.00226000000001" lon="5.148090000000001">
    <ele>25.490000000000002</ele>
   </trkpt>
   <trkpt lat="51.00238" lon="5.14838">
    <ele>25.580000000000002</ele>
   </trkpt>
   <trkpt lat="51.0026" lon="5.149260000000001">
    <ele>26.2</ele>
   </trkpt>
   <trkpt lat="51.00262000000001" lon="5.14949">
    <ele>26.42</ele>
   </trkpt>
   <trkpt lat="51.002590000000005" lon="5.149570000000001">
    <ele>26.35</ele>
   </trkpt>
   <trkpt lat="51.00251" lon="5.14968">
    <ele>26.26</ele>
   </trkpt>
   <trkpt lat="51.002045000182946" lon="5.149905002271182">
    <ele>25.61</ele>
   </trkpt>
   <trkpt lat="51.001580000000004" lon="5.150130000000001">
    <ele>24.810000000000002</ele>
   </trkpt>
   <trkpt lat="51.001430000000006" lon="5.150270000000001">
    <ele>24.810000000000002</ele>
   </trkpt>
   <trkpt lat="51.00132000000001" lon="5.15045">
    <ele>24.43</ele>
   </trkpt>
   <trkpt lat="51.001250000000006" lon="5.15066">
    <ele>24.43</ele>
   </trkpt>
   <trkpt lat="51.00121000000001" lon="5.15089">
    <ele>24.240000000000002</ele>
   </trkpt>
   <trkpt lat="51.00113" lon="5.1519200000000005">
    <ele>23.87</ele>
   </trkpt>
   <trkpt lat="51.00117" lon="5.15237">
    <ele>23.880000000000003</ele>
   </trkpt>
   <trkpt lat="51.00126" lon="5.152760000000001">
    <ele>23.94</ele>
   </trkpt>
   <trkpt lat="51.00128" lon="5.153020000000001">
    <ele>23.94</ele>
   </trkpt>
   <trkpt lat="51.00126" lon="5.1532800000000005">
    <ele>23.900000000000002</ele>
   </trkpt>
   <trkpt lat="51.0011" lon="5.15369">
    <ele>23.900000000000002</ele>
   </trkpt>
   <trkpt lat="51.00106" lon="5.153930000000001">
    <ele>23.950000000000003</ele>
   </trkpt>
   <trkpt lat="51.00108" lon="5.15416">
    <ele>23.950000000000003</ele>
   </trkpt>
   <trkpt lat="51.001270000000005" lon="5.15479">
    <ele>24.080000000000002</ele>
   </trkpt>
   <trkpt lat="51.00137" lon="5.1550400000000005">
    <ele>24.1</ele>
   </trkpt>
   <trkpt lat="51.002010000000006" lon="5.15601">
    <ele>23.96</ele>
   </trkpt>
   <trkpt lat="51.002" lon="5.15601">
    <ele>23.970000000000002</ele>
   </trkpt>
   <trkpt lat="51.002210000000005" lon="5.156440000000001">
    <ele>23.930000000000003</ele>
   </trkpt>
   <trkpt lat="51.00238" lon="5.15686">
    <ele>23.85</ele>
   </trkpt>
   <trkpt lat="51.00271000000001" lon="5.15772">
    <ele>23.810000000000002</ele>
   </trkpt>
   <trkpt lat="51.002970000000005" lon="5.15829">
    <ele>23.810000000000002</ele>
   </trkpt>
   <trkpt lat="51.0036100127441" lon="5.159287458723285">
    <ele>23.840000000000003</ele>
   </trkpt>
   <trkpt lat="51.004250016995584" lon="5.160284944968621">
    <ele>23.880000000000003</ele>
   </trkpt>
   <trkpt lat="51.00489001275402" lon="5.161282458737029">
    <ele>23.880000000000003</ele>
   </trkpt>
   <trkpt lat="51.00553000000001" lon="5.16228">
    <ele>24.19</ele>
   </trkpt>
   <trkpt lat="51.00598" lon="5.16302">
    <ele>24.32</ele>
   </trkpt>
   <trkpt lat="51.00631500163745" lon="5.163614995927743">
    <ele>24.23</ele>
   </trkpt>
   <trkpt lat="51.00665000000001" lon="5.164210000000001">
    <ele>24.25</ele>
   </trkpt>
   <trkpt lat="51.007110000000004" lon="5.16507">
    <ele>24.23</ele>
   </trkpt>
   <trkpt lat="51.007310000000004" lon="5.16551">
    <ele>24.39</ele>
   </trkpt>
   <trkpt lat="51.007580001738056" lon="5.166159996059777">
    <ele>24.450000000000003</ele>
   </trkpt>
   <trkpt lat="51.007850000000005" lon="5.166810000000001">
    <ele>24.39</ele>
   </trkpt>
   <trkpt lat="51.008370000000006" lon="5.167730000000001">
    <ele>24.32</ele>
   </trkpt>
   <trkpt lat="51.00864000000001" lon="5.16811">
    <ele>24.35</ele>
   </trkpt>
   <trkpt lat="51.00905" lon="5.168550000000001">
    <ele>24.46</ele>
   </trkpt>
   <trkpt lat="51.0095" lon="5.168830000000001">
    <ele>24.6</ele>
   </trkpt>
   <trkpt lat="51.01000000015062" lon="5.169054997544973">
    <ele>24.66</ele>
   </trkpt>
   <trkpt lat="51.01050000000001" lon="5.1692800000000005">
    <ele>24.810000000000002</ele>
   </trkpt>
   <trkpt lat="51.010670000000005" lon="5.16931">
    <ele>24.87</ele>
   </trkpt>
   <trkpt lat="51.010870000000004" lon="5.16927">
    <ele>24.880000000000003</ele>
   </trkpt>
   <trkpt lat="51.01095" lon="5.169250000000001">
    <ele>24.880000000000003</ele>
   </trkpt>
   <trkpt lat="51.01108000000001" lon="5.16917">
    <ele>24.970000000000002</ele>
   </trkpt>
   <trkpt lat="51.01127" lon="5.16898">
    <ele>25.01</ele>
   </trkpt>
   <trkpt lat="51.011785001095966" lon="5.1684900053733385">
    <ele>25.1</ele>
   </trkpt>
   <trkpt lat="51.0123" lon="5.168">
    <ele>25.27</ele>
   </trkpt>
   <trkpt lat="51.01274" lon="5.167560000000001">
    <ele>25.380000000000003</ele>
   </trkpt>
   <trkpt lat="51.012840000000004" lon="5.167420000000001">
    <ele>25.380000000000003</ele>
   </trkpt>
   <trkpt lat="51.01326000206284" lon="5.166705006677763">
    <ele>25.330000000000002</ele>
   </trkpt>
   <trkpt lat="51.01368" lon="5.165990000000001">
    <ele>25.45</ele>
   </trkpt>
   <trkpt lat="51.01375" lon="5.1658800000000005">
    <ele>25.470000000000002</ele>
   </trkpt>
   <trkpt lat="51.01436" lon="5.16518">
    <ele>25.210000000000004</ele>
   </trkpt>
   <trkpt lat="51.014450000000004" lon="5.165030000000001">
    <ele>25.220000000000002</ele>
   </trkpt>
   <trkpt lat="51.01489" lon="5.16403">
    <ele>25.980000000000004</ele>
   </trkpt>
   <trkpt lat="51.01523500127438" lon="5.16458999572997">
    <ele>25.7</ele>
   </trkpt>
   <trkpt lat="51.01558000000001" lon="5.165150000000001">
    <ele>25.68</ele>
   </trkpt>
   <trkpt lat="51.01586" lon="5.16568">
    <ele>25.810000000000002</ele>
   </trkpt>
   <trkpt lat="51.01613000357165" lon="5.166584994986879">
    <ele>25.87</ele>
   </trkpt>
   <trkpt lat="51.016400000000004" lon="5.167490000000001">
    <ele>25.87</ele>
   </trkpt>
   <trkpt lat="51.016510000000004" lon="5.167700000000001">
    <ele>25.890000000000004</ele>
   </trkpt>
   <trkpt lat="51.01659" lon="5.167800000000001">
    <ele>25.890000000000004</ele>
   </trkpt>
   <trkpt lat="51.016830000000006" lon="5.16802">
    <ele>25.86</ele>
   </trkpt>
   <trkpt lat="51.01695" lon="5.168170000000001">
    <ele>25.93</ele>
   </trkpt>
   <trkpt lat="51.01726000145745" lon="5.168714996690251">
    <ele>25.93</ele>
   </trkpt>
   <trkpt lat="51.017570000000006" lon="5.16926">
    <ele>25.95</ele>
   </trkpt>
   <trkpt lat="51.01769" lon="5.169440000000001">
    <ele>25.95</ele>
   </trkpt>
   <trkpt lat="51.017860000000006" lon="5.16964">
    <ele>25.970000000000002</ele>
   </trkpt>
   <trkpt lat="51.01798" lon="5.16974">
    <ele>26.21</ele>
   </trkpt>
   <trkpt lat="51.01872" lon="5.170210000000001">
    <ele>26.320000000000004</ele>
   </trkpt>
   <trkpt lat="51.018800000000006" lon="5.1703">
    <ele>26.28</ele>
   </trkpt>
   <trkpt lat="51.0191" lon="5.17072">
    <ele>26.230000000000004</ele>
   </trkpt>
   <trkpt lat="51.01928" lon="5.1709000000000005">
    <ele>26.230000000000004</ele>
   </trkpt>
   <trkpt lat="51.019580000000005" lon="5.171130000000001">
    <ele>26.3</ele>
   </trkpt>
   <trkpt lat="51.02028000000001" lon="5.17156">
    <ele>26.53</ele>
   </trkpt>
   <trkpt lat="51.02106666882298" lon="5.172059983046553">
    <ele>26.820000000000004</ele>
   </trkpt>
   <trkpt lat="51.02185333551238" lon="5.172559983060635">
    <ele>27.14</ele>
   </trkpt>
   <trkpt lat="51.02264" lon="5.17306">
    <ele>27.64</ele>
   </trkpt>
   <trkpt lat="51.023340000000005" lon="5.173500000000001">
    <ele>28.110000000000003</ele>
   </trkpt>
   <trkpt lat="51.023520000000005" lon="5.17356">
    <ele>28.220000000000002</ele>
   </trkpt>
   <trkpt lat="51.02366000000001" lon="5.173590000000001">
    <ele>28.540000000000003</ele>
   </trkpt>
   <trkpt lat="51.023950000000006" lon="5.173570000000001">
    <ele>28.700000000000003</ele>
   </trkpt>
   <trkpt lat="51.02464000051971" lon="5.173250004724717">
    <ele>29.740000000000002</ele>
   </trkpt>
   <trkpt lat="51.025330000000004" lon="5.17293">
    <ele>30.55</ele>
   </trkpt>
   <trkpt lat="51.025740000000006" lon="5.17272">
    <ele>31.240000000000002</ele>
   </trkpt>
   <trkpt lat="51.02588" lon="5.172610000000001">
    <ele>31.82</ele>
   </trkpt>
   <trkpt lat="51.026140000000005" lon="5.17229">
    <ele>33.18</ele>
   </trkpt>
   <trkpt lat="51.02642" lon="5.1717900000000006">
    <ele>36.36</ele>
   </trkpt>
   <trkpt lat="51.02677000329723" lon="5.1709150065313985">
    <ele>41.190000000000005</ele>
   </trkpt>
   <trkpt lat="51.027120000000004" lon="5.17004">
    <ele>44.2</ele>
   </trkpt>
   <trkpt lat="51.02720000000001" lon="5.16987">
    <ele>44.51</ele>
   </trkpt>
   <trkpt lat="51.027440000000006" lon="5.16943">
    <ele>45.06</ele>
   </trkpt>
   <trkpt lat="51.02788" lon="5.168810000000001">
    <ele>45.35</ele>
   </trkpt>
   <trkpt lat="51.0285" lon="5.16809">
    <ele>44.81</ele>
   </trkpt>
   <trkpt lat="51.02888" lon="5.16753">
    <ele>43.660000000000004</ele>
   </trkpt>
   <trkpt lat="51.028960000000005" lon="5.167470000000001">
    <ele>43.660000000000004</ele>
   </trkpt>
   <trkpt lat="51.02910000000001" lon="5.167400000000001">
    <ele>43.29</ele>
   </trkpt>
   <trkpt lat="51.02953" lon="5.1673">
    <ele>42.35</ele>
   </trkpt>
   <trkpt lat="51.0298" lon="5.16722">
    <ele>41.760000000000005</ele>
   </trkpt>
   <trkpt lat="51.03054" lon="5.16689">
    <ele>39.5</ele>
   </trkpt>
   <trkpt lat="51.030770000000004" lon="5.166810000000001">
    <ele>38.790000000000006</ele>
   </trkpt>
   <trkpt lat="51.03101" lon="5.16687">
    <ele>37.93000000000001</ele>
   </trkpt>
   <trkpt lat="51.0313" lon="5.167020000000001">
    <ele>37.3</ele>
   </trkpt>
   <trkpt lat="51.03143000000001" lon="5.167050000000001">
    <ele>37.3</ele>
   </trkpt>
   <trkpt lat="51.031580000000005" lon="5.16704">
    <ele>37.08</ele>
   </trkpt>
   <trkpt lat="51.03173" lon="5.166980000000001">
    <ele>36.89000000000001</ele>
   </trkpt>
   <trkpt lat="51.03181000000001" lon="5.166910000000001">
    <ele>36.79</ele>
   </trkpt>
   <trkpt lat="51.03233" lon="5.16631">
    <ele>36.800000000000004</ele>
   </trkpt>
   <trkpt lat="51.032430000000005" lon="5.16628">
    <ele>36.800000000000004</ele>
   </trkpt>
   <trkpt lat="51.032500000000006" lon="5.166270000000001">
    <ele>36.81</ele>
   </trkpt>
   <trkpt lat="51.03253" lon="5.16614">
    <ele>36.9</ele>
   </trkpt>
   <trkpt lat="51.03289" lon="5.16532">
    <ele>37.46</ele>
   </trkpt>
   <trkpt lat="51.033060000000006" lon="5.16499">
    <ele>37.58</ele>
   </trkpt>
   <trkpt lat="51.033350000000006" lon="5.164650000000001">
    <ele>37.57000000000001</ele>
   </trkpt>
   <trkpt lat="51.03408" lon="5.164000000000001">
    <ele>37.38</ele>
   </trkpt>
   <trkpt lat="51.034290000000006" lon="5.163900000000001">
    <ele>37.36000000000001</ele>
   </trkpt>
   <trkpt lat="51.03448" lon="5.16371">
    <ele>37.35</ele>
   </trkpt>
   <trkpt lat="51.0347" lon="5.16321">
    <ele>36.95</ele>
   </trkpt>
   <trkpt lat="51.03514500328868" lon="5.162330008481548">
    <ele>35.61</ele>
   </trkpt>
   <trkpt lat="51.035590000000006" lon="5.16145">
    <ele>34.54</ele>
   </trkpt>
   <trkpt lat="51.035970000000006" lon="5.16075">
    <ele>32.84</ele>
   </trkpt>
   <trkpt lat="51.03613000000001" lon="5.16052">
    <ele>32.410000000000004</ele>
   </trkpt>
   <trkpt lat="51.03632" lon="5.1603200000000005">
    <ele>32.190000000000005</ele>
   </trkpt>
   <trkpt lat="51.036500000000004" lon="5.160170000000001">
    <ele>32.24</ele>
   </trkpt>
   <trkpt lat="51.036620000000006" lon="5.1601300000000005">
    <ele>32.220000000000006</ele>
   </trkpt>
   <trkpt lat="51.03663" lon="5.15976">
    <ele>31.64</ele>
   </trkpt>
   <trkpt lat="51.0367" lon="5.1588">
    <ele>31.090000000000003</ele>
   </trkpt>
   <trkpt lat="51.03672" lon="5.158130000000001">
    <ele>30.92</ele>
   </trkpt>
   <trkpt lat="51.036663342384465" lon="5.157099997440856">
    <ele>30.28</ele>
   </trkpt>
   <trkpt lat="51.036606675715596" lon="5.156069997400765">
    <ele>29.69</ele>
   </trkpt>
   <trkpt lat="51.036550000000005" lon="5.1550400000000005">
    <ele>29.210000000000004</ele>
   </trkpt>
   <trkpt lat="51.036570000000005" lon="5.154750000000001">
    <ele>29.210000000000004</ele>
   </trkpt>
   <trkpt lat="51.03663" lon="5.15442">
    <ele>29.210000000000004</ele>
   </trkpt>
   <trkpt lat="51.03672" lon="5.154120000000001">
    <ele>28.900000000000002</ele>
   </trkpt>
   <trkpt lat="51.036840000000005" lon="5.153860000000001">
    <ele>28.900000000000002</ele>
   </trkpt>
   <trkpt lat="51.03699" lon="5.1536100000000005">
    <ele>28.900000000000002</ele>
   </trkpt>
   <trkpt lat="51.037110000000006" lon="5.15347">
    <ele>28.73</ele>
   </trkpt>
   <trkpt lat="51.037760001552634" lon="5.152880008215592">
    <ele>28.26</ele>
   </trkpt>
   <trkpt lat="51.038410000000006" lon="5.152290000000001">
    <ele>27.67</ele>
   </trkpt>
   <trkpt lat="51.0386" lon="5.1520600000000005">
    <ele>27.470000000000002</ele>
   </trkpt>
   <trkpt lat="51.03875000000001" lon="5.151820000000001">
    <ele>27.48</ele>
   </trkpt>
   <trkpt lat="51.038920000000005" lon="5.1514500000000005">
    <ele>27.1</ele>
   </trkpt>
   <trkpt lat="51.039080000000006" lon="5.15089">
    <ele>27.000000000000004</ele>
   </trkpt>
   <trkpt lat="51.03947" lon="5.150510000000001">
    <ele>26.54</ele>
   </trkpt>
   <trkpt lat="51.039770000000004" lon="5.15029">
    <ele>26.28</ele>
   </trkpt>
   <trkpt lat="51.039970000000004" lon="5.150180000000001">
    <ele>26.26</ele>
   </trkpt>
   <trkpt lat="51.0405" lon="5.14984">
    <ele>25.68</ele>
   </trkpt>
   <trkpt lat="51.04063000000001" lon="5.14967">
    <ele>25.68</ele>
   </trkpt>
   <trkpt lat="51.04105000515953" lon="5.148893347392708">
    <ele>25.220000000000002</ele>
   </trkpt>
   <trkpt lat="51.04147000517176" lon="5.148116680703648">
    <ele>24.92</ele>
   </trkpt>
   <trkpt lat="51.04189" lon="5.147340000000001">
    <ele>24.93</ele>
   </trkpt>
   <trkpt lat="51.04238000669128" lon="5.146453352121276">
    <ele>24.48</ele>
   </trkpt>
   <trkpt lat="51.04287000667401" lon="5.145566685486133">
    <ele>24.130000000000003</ele>
   </trkpt>
   <trkpt lat="51.04336000000001" lon="5.14468">
    <ele>23.970000000000002</ele>
   </trkpt>
   <trkpt lat="51.0435" lon="5.14435">
    <ele>24.060000000000002</ele>
   </trkpt>
   <trkpt lat="51.04354000000001" lon="5.1440600000000005">
    <ele>24.020000000000003</ele>
   </trkpt>
   <trkpt lat="51.04359" lon="5.1439">
    <ele>23.85</ele>
   </trkpt>
   <trkpt lat="51.043690000000005" lon="5.14367">
    <ele>23.810000000000002</ele>
   </trkpt>
   <trkpt lat="51.044120002149675" lon="5.142960006592345">
    <ele>23.790000000000003</ele>
   </trkpt>
   <trkpt lat="51.04455" lon="5.142250000000001">
    <ele>24.110000000000003</ele>
   </trkpt>
   <trkpt lat="51.044740000000004" lon="5.142010000000001">
    <ele>24.19</ele>
   </trkpt>
   <trkpt lat="51.0454" lon="5.1413400000000005">
    <ele>24.57</ele>
   </trkpt>
   <trkpt lat="51.04571000000001" lon="5.141100000000001">
    <ele>24.94</ele>
   </trkpt>
   <trkpt lat="51.04645000136991" lon="5.140703345992799">
    <ele>24.51</ele>
   </trkpt>
   <trkpt lat="51.04719000139724" lon="5.140306679311732">
    <ele>24.330000000000002</ele>
   </trkpt>
   <trkpt lat="51.04793" lon="5.13991">
    <ele>23.87</ele>
   </trkpt>
   <trkpt lat="51.04878" lon="5.13954">
    <ele>24.200000000000003</ele>
   </trkpt>
   <trkpt lat="51.049020000000006" lon="5.139430000000001">
    <ele>24.12</ele>
   </trkpt>
   <trkpt lat="51.04978500066423" lon="5.1390600060726594">
    <ele>24.07</ele>
   </trkpt>
   <trkpt lat="51.05055" lon="5.13869">
    <ele>24.03</ele>
   </trkpt>
   <trkpt lat="51.0514" lon="5.1386">
    <ele>23.860000000000003</ele>
   </trkpt>
   <trkpt lat="51.05149" lon="5.13862">
    <ele>23.860000000000003</ele>
   </trkpt>
   <trkpt lat="51.05183" lon="5.1388300000000005">
    <ele>24.3</ele>
   </trkpt>
   <trkpt lat="51.05169" lon="5.13959">
    <ele>24.080000000000002</ele>
   </trkpt>
   <trkpt lat="51.051610000000004" lon="5.139830000000001">
    <ele>24.12</ele>
   </trkpt>
   <trkpt lat="51.05158" lon="5.140000000000001">
    <ele>24.290000000000003</ele>
   </trkpt>
   <trkpt lat="51.0516400025516" lon="5.140774998855514">
    <ele>24.09</ele>
   </trkpt>
   <trkpt lat="51.051700000000004" lon="5.1415500000000005">
    <ele>24.1</ele>
   </trkpt>
   <trkpt lat="51.05187" lon="5.141590000000001">
    <ele>23.96</ele>
   </trkpt>
   <trkpt lat="51.05205" lon="5.14168">
    <ele>23.96</ele>
   </trkpt>
   <trkpt lat="51.05221" lon="5.141850000000001">
    <ele>23.96</ele>
   </trkpt>
   <trkpt lat="51.0523" lon="5.141970000000001">
    <ele>23.75</ele>
   </trkpt>
   <trkpt lat="51.052800000000005" lon="5.143000000000001">
    <ele>23.85</ele>
   </trkpt>
   <trkpt lat="51.05292000000001" lon="5.143190000000001">
    <ele>23.87</ele>
   </trkpt>
   <trkpt lat="51.053580000000004" lon="5.14353">
    <ele>23.790000000000003</ele>
   </trkpt>
   <trkpt lat="51.053900000000006" lon="5.143750000000001">
    <ele>23.64</ele>
   </trkpt>
   <trkpt lat="51.054440001309025" lon="5.144309993439753">
    <ele>23.28</ele>
   </trkpt>
   <trkpt lat="51.05498000000001" lon="5.14487">
    <ele>23.69</ele>
   </trkpt>
   <trkpt lat="51.05505" lon="5.1451">
    <ele>23.73</ele>
   </trkpt>
   <trkpt lat="51.055650000088775" lon="5.144970003380977">
    <ele>23.35</ele>
   </trkpt>
   <trkpt lat="51.05625000003334" lon="5.144840003393041">
    <ele>23.360000000000003</ele>
   </trkpt>
   <trkpt lat="51.056850000000004" lon="5.144710000000001">
    <ele>23.57</ele>
   </trkpt>
   <trkpt lat="51.057280000000006" lon="5.14463">
    <ele>23.919999999999998</ele>
   </trkpt>
   <trkpt lat="51.05738" lon="5.14461">
    <ele>23.94</ele>
   </trkpt>
   <trkpt lat="51.057430000000004" lon="5.1446700000000005">
    <ele>23.94</ele>
   </trkpt>
   <trkpt lat="51.058185000013374" lon="5.144540002129941">
    <ele>23.860000000000003</ele>
   </trkpt>
   <trkpt lat="51.05894000000001" lon="5.144410000000001">
    <ele>23.790000000000003</ele>
   </trkpt>
   <trkpt lat="51.058930000000004" lon="5.144410000000001">
    <ele>23.790000000000003</ele>
   </trkpt>
   <trkpt lat="51.0596" lon="5.1443">
    <ele>23.840000000000003</ele>
   </trkpt>
   <trkpt lat="51.059920000000005" lon="5.1442000000000005">
    <ele>23.840000000000003</ele>
   </trkpt>
   <trkpt lat="51.060120000000005" lon="5.14412">
    <ele>24.0</ele>
   </trkpt>
   <trkpt lat="51.060430000000004" lon="5.143960000000001">
    <ele>24.12</ele>
   </trkpt>
   <trkpt lat="51.06053000000001" lon="5.14388">
    <ele>24.28</ele>
   </trkpt>
   <trkpt lat="51.060810000000004" lon="5.143730000000001">
    <ele>25.02</ele>
   </trkpt>
   <trkpt lat="51.060880000000004" lon="5.14372">
    <ele>25.02</ele>
   </trkpt>
   <trkpt lat="51.06096" lon="5.14376">
    <ele>25.07</ele>
   </trkpt>
   <trkpt lat="51.06103" lon="5.143750000000001">
    <ele>25.080000000000002</ele>
   </trkpt>
   <trkpt lat="51.06107" lon="5.143730000000001">
    <ele>25.080000000000002</ele>
   </trkpt>
   <trkpt lat="51.06114" lon="5.1435900000000006">
    <ele>25.05</ele>
   </trkpt>
   <trkpt lat="51.06116" lon="5.143470000000001">
    <ele>25.05</ele>
   </trkpt>
   <trkpt lat="51.06129000000001" lon="5.1433">
    <ele>24.94</ele>
   </trkpt>
   <trkpt lat="51.061310000000006" lon="5.1432">
    <ele>24.94</ele>
   </trkpt>
   <trkpt lat="51.06189500142984" lon="5.1426500068189895">
    <ele>24.720000000000002</ele>
   </trkpt>
   <trkpt lat="51.06248" lon="5.1421">
    <ele>25.210000000000004</ele>
   </trkpt>
   <trkpt lat="51.06244" lon="5.14189">
    <ele>24.880000000000003</ele>
   </trkpt>
   <trkpt lat="51.06240000539217" lon="5.140764998831887">
    <ele>24.830000000000002</ele>
   </trkpt>
   <trkpt lat="51.062360000000005" lon="5.13964">
    <ele>25.240000000000002</ele>
   </trkpt>
   <trkpt lat="51.06221334554332" lon="5.138443325686253">
    <ele>24.68</ele>
   </trkpt>
   <trkpt lat="51.06206667886867" lon="5.137246658954624">
    <ele>24.470000000000002</ele>
   </trkpt>
   <trkpt lat="51.06192" lon="5.13605">
    <ele>24.540000000000003</ele>
   </trkpt>
   <trkpt lat="51.06201" lon="5.136">
    <ele>23.990000000000002</ele>
   </trkpt>
   <trkpt lat="51.06273" lon="5.13532">
    <ele>23.41</ele>
   </trkpt>
   <trkpt lat="51.0628" lon="5.13527">
    <ele>23.55</ele>
   </trkpt>
   <trkpt lat="51.063610000000004" lon="5.134880000000001">
    <ele>24.180000000000003</ele>
   </trkpt>
   <trkpt lat="51.06365" lon="5.1348400000000005">
    <ele>24.43</ele>
   </trkpt>
   <trkpt lat="51.06367" lon="5.13476">
    <ele>24.43</ele>
   </trkpt>
   <trkpt lat="51.063610000000004" lon="5.1342300000000005">
    <ele>24.520000000000003</ele>
   </trkpt>
   <trkpt lat="51.063610000000004" lon="5.13412">
    <ele>24.520000000000003</ele>
   </trkpt>
   <trkpt lat="51.06364000000001" lon="5.134040000000001">
    <ele>24.53</ele>
   </trkpt>
   <trkpt lat="51.063680000000005" lon="5.133990000000001">
    <ele>24.470000000000002</ele>
   </trkpt>
   <trkpt lat="51.064360001238136" lon="5.1334500079370855">
    <ele>23.950000000000003</ele>
   </trkpt>
   <trkpt lat="51.06504" lon="5.132910000000001">
    <ele>24.040000000000003</ele>
   </trkpt>
   <trkpt lat="51.06524" lon="5.132770000000001">
    <ele>24.05</ele>
   </trkpt>
   <trkpt lat="51.06571" lon="5.132490000000001">
    <ele>24.66</ele>
   </trkpt>
   <trkpt lat="51.06559000000001" lon="5.132040000000001">
    <ele>23.87</ele>
   </trkpt>
   <trkpt lat="51.065215003827085" lon="5.131094992388516">
    <ele>23.46</ele>
   </trkpt>
   <trkpt lat="51.064840000000004" lon="5.13015">
    <ele>24.360000000000003</ele>
   </trkpt>
   <trkpt lat="51.06543000187452" lon="5.129683345216601">
    <ele>23.680000000000003</ele>
   </trkpt>
   <trkpt lat="51.06602000189106" lon="5.129216678537053">
    <ele>23.48</ele>
   </trkpt>
   <trkpt lat="51.066610000000004" lon="5.12875">
    <ele>23.67</ele>
   </trkpt>
   <trkpt lat="51.06734" lon="5.128170000000001">
    <ele>24.89</ele>
   </trkpt>
   <trkpt lat="51.067135004009444" lon="5.127204995900168">
    <ele>24.71</ele>
   </trkpt>
   <trkpt lat="51.066930000000006" lon="5.12624">
    <ele>24.85</ele>
   </trkpt>
   <trkpt lat="51.06692" lon="5.1261">
    <ele>24.85</ele>
   </trkpt>
   <trkpt lat="51.066930000000006" lon="5.12598">
    <ele>25.220000000000002</ele>
   </trkpt>
   <trkpt lat="51.066990000000004" lon="5.12574">
    <ele>25.220000000000002</ele>
   </trkpt>
   <trkpt lat="51.06705" lon="5.12565">
    <ele>25.220000000000002</ele>
   </trkpt>
   <trkpt lat="51.06723" lon="5.12551">
    <ele>25.25</ele>
   </trkpt>
   <trkpt lat="51.06732" lon="5.125400000000001">
    <ele>25.27</ele>
   </trkpt>
   <trkpt lat="51.067370000000004" lon="5.125310000000001">
    <ele>25.27</ele>
   </trkpt>
   <trkpt lat="51.067530000000005" lon="5.1246">
    <ele>25.35</ele>
   </trkpt>
   <trkpt lat="51.06761" lon="5.12434">
    <ele>25.550000000000004</ele>
   </trkpt>
   <trkpt lat="51.067780000000006" lon="5.12401">
    <ele>25.53</ele>
   </trkpt>
   <trkpt lat="51.067980000000006" lon="5.12378">
    <ele>25.310000000000002</ele>
   </trkpt>
   <trkpt lat="51.06806" lon="5.12373">
    <ele>25.310000000000002</ele>
   </trkpt>
   <trkpt lat="51.06805000000001" lon="5.12373">
    <ele>25.310000000000002</ele>
   </trkpt>
   <trkpt lat="51.06861000000001" lon="5.123480000000001">
    <ele>25.040000000000003</ele>
   </trkpt>
   <trkpt lat="51.06884" lon="5.1233200000000005">
    <ele>25.05</ele>
   </trkpt>
   <trkpt lat="51.068900000000006" lon="5.1233200000000005">
    <ele>25.05</ele>
   </trkpt>
   <trkpt lat="51.069050000000004" lon="5.1234">
    <ele>25.14</ele>
   </trkpt>
   <trkpt lat="51.069190000000006" lon="5.123010000000001">
    <ele>24.94</ele>
   </trkpt>
   <trkpt lat="51.069680000000005" lon="5.122260000000001">
    <ele>24.59</ele>
   </trkpt>
   <trkpt lat="51.06974" lon="5.12206">
    <ele>24.51</ele>
   </trkpt>
   <trkpt lat="51.0698" lon="5.121510000000001">
    <ele>24.520000000000003</ele>
   </trkpt>
   <trkpt lat="51.06983" lon="5.12079">
    <ele>24.39</ele>
   </trkpt>
   <trkpt lat="51.069860000000006" lon="5.12068">
    <ele>24.14</ele>
   </trkpt>
   <trkpt lat="51.06974" lon="5.119750000000001">
    <ele>24.14</ele>
   </trkpt>
   <trkpt lat="51.06957000386632" lon="5.11879999660253">
    <ele>24.150000000000002</ele>
   </trkpt>
   <trkpt lat="51.0694" lon="5.117850000000001">
    <ele>24.16</ele>
   </trkpt>
   <trkpt lat="51.0694" lon="5.11782">
    <ele>24.16</ele>
   </trkpt>
   <trkpt lat="51.0692500026913" lon="5.11702999759255">
    <ele>24.35</ele>
   </trkpt>
   <trkpt lat="51.069100000000006" lon="5.11624">
    <ele>24.44</ele>
   </trkpt>
   <trkpt lat="51.06889334080987" lon="5.115303324929438">
    <ele>24.700000000000003</ele>
   </trkpt>
   <trkpt lat="51.06868667413453" lon="5.114366658223682">
    <ele>25.09</ele>
   </trkpt>
   <trkpt lat="51.06848" lon="5.11343">
    <ele>25.540000000000003</ele>
   </trkpt>
   <trkpt lat="51.06844" lon="5.113040000000001">
    <ele>25.810000000000002</ele>
   </trkpt>
   <trkpt lat="51.068490000000004" lon="5.11286">
    <ele>25.810000000000002</ele>
   </trkpt>
   <trkpt lat="51.06850000000001" lon="5.112620000000001">
    <ele>25.95</ele>
   </trkpt>
   <trkpt lat="51.06842" lon="5.112480000000001">
    <ele>25.890000000000004</ele>
   </trkpt>
   <trkpt lat="51.068310000000004" lon="5.11237">
    <ele>25.890000000000004</ele>
   </trkpt>
   <trkpt lat="51.068220000000004" lon="5.112220000000001">
    <ele>25.85</ele>
   </trkpt>
   <trkpt lat="51.06814000000001" lon="5.11197">
    <ele>25.85</ele>
   </trkpt>
   <trkpt lat="51.06785001383357" lon="5.110696650712749">
    <ele>25.77</ele>
   </trkpt>
   <trkpt lat="51.06756001383395" lon="5.1094233173814425">
    <ele>25.630000000000003</ele>
   </trkpt>
   <trkpt lat="51.06727000000001" lon="5.10815">
    <ele>25.32</ele>
   </trkpt>
   <trkpt lat="51.06723" lon="5.10805">
    <ele>25.32</ele>
   </trkpt>
   <trkpt lat="51.067170000000004" lon="5.10801">
    <ele>25.150000000000002</ele>
   </trkpt>
   <trkpt lat="51.0668550072405" lon="5.1067099912818135">
    <ele>24.8</ele>
   </trkpt>
   <trkpt lat="51.06654" lon="5.10541">
    <ele>24.950000000000003</ele>
   </trkpt>
   <trkpt lat="51.06654" lon="5.1054">
    <ele>24.950000000000003</ele>
   </trkpt>
   <trkpt lat="51.066295004517606" lon="5.104374994724323">
    <ele>25.26</ele>
   </trkpt>
   <trkpt lat="51.066050000000004" lon="5.103350000000001">
    <ele>25.66</ele>
   </trkpt>
   <trkpt lat="51.066030000000005" lon="5.103020000000001">
    <ele>25.7</ele>
   </trkpt>
   <trkpt lat="51.06608000000001" lon="5.10296">
    <ele>25.630000000000003</ele>
   </trkpt>
   <trkpt lat="51.06609" lon="5.10289">
    <ele>25.630000000000003</ele>
   </trkpt>
   <trkpt lat="51.066230000000004" lon="5.1028400000000005">
    <ele>25.28</ele>
   </trkpt>
   <trkpt lat="51.06629" lon="5.10285">
    <ele>25.28</ele>
   </trkpt>
   <trkpt lat="51.06667" lon="5.103190000000001">
    <ele>24.82</ele>
   </trkpt>
   <trkpt lat="51.066930000000006" lon="5.10336">
    <ele>24.740000000000002</ele>
   </trkpt>
   <trkpt lat="51.06774500098586" lon="5.103799992338755">
    <ele>24.540000000000003</ele>
   </trkpt>
   <trkpt lat="51.068560000000005" lon="5.104240000000001">
    <ele>24.310000000000002</ele>
   </trkpt>
   <trkpt lat="51.06926000000001" lon="5.1046700000000005">
    <ele>24.34</ele>
   </trkpt>
   <trkpt lat="51.06964000000001" lon="5.10493">
    <ele>24.060000000000002</ele>
   </trkpt>
   <trkpt lat="51.069660000000006" lon="5.104850000000001">
    <ele>24.0</ele>
   </trkpt>
   <trkpt lat="51.06927" lon="5.104570000000001">
    <ele>24.19</ele>
   </trkpt>
   <trkpt lat="51.06931" lon="5.1044">
    <ele>24.12</ele>
   </trkpt>
   <trkpt lat="51.069250000000004" lon="5.103540000000001">
    <ele>23.8</ele>
   </trkpt>
   <trkpt lat="51.06922" lon="5.10261">
    <ele>24.12</ele>
   </trkpt>
  </trkseg>
 </trk>
</gpx>
