<?xml version="1.0" encoding="UTF-8"?>
<gpx creator="StravaGPX" version="1.1" xmlns="http://www.topografix.com/GPX/1/1" xmlns:xsi="http://www.w3.org/2001/XMLSchema-instance" xsi:schemaLocation="http://www.topografix.com/GPX/1/1 http://www.topografix.com/GPX/1/1/gpx.xsd">
 <metadata>
  <name>Twan Vechmaal</name>
  <author>
   <name>Joeri Scapicchio</name>
   <link href="https://www.strava.com/athletes/2447439"/>
  </author>
  <copyright author="OpenStreetMap contributors">
   <year>2020</year>
   <license>https://www.openstreetmap.org/copyright</license>
  </copyright>
  <link href="https://www.strava.com/routes/2829261509652630506"/>
 </metadata>
 <trk>
  <name>Twan Vechmaal</name>
  <link href="https://www.strava.com/routes/2829261509652630506"/>
  <type>cycling</type>
  <trkseg>
   <trkpt lat="51.07009000000001" lon="5.08696">
    <ele>22.71</ele>
   </trkpt>
   <trkpt lat="51.06998" lon="5.08732">
    <ele>22.740000000000002</ele>
   </trkpt>
   <trkpt lat="51.06991000000001" lon="5.087540000000001">
    <ele>22.740000000000002</ele>
   </trkpt>
   <trkpt lat="51.069770000000005" lon="5.088430000000001">
    <ele>23.180000000000003</ele>
   </trkpt>
   <trkpt lat="51.069" lon="5.08807">
    <ele>23.67</ele>
   </trkpt>
   <trkpt lat="51.068690000000004" lon="5.087910000000001">
    <ele>23.990000000000002</ele>
   </trkpt>
   <trkpt lat="51.06839" lon="5.087700000000001">
    <ele>24.41</ele>
   </trkpt>
   <trkpt lat="51.06781" lon="5.087540000000001">
    <ele>25.62</ele>
   </trkpt>
   <trkpt lat="51.067550000000004" lon="5.0875900000000005">
    <ele>25.92</ele>
   </trkpt>
   <trkpt lat="51.06747000000001" lon="5.08764">
    <ele>25.92</ele>
   </trkpt>
   <trkpt lat="51.06741" lon="5.087610000000001">
    <ele>25.92</ele>
   </trkpt>
   <trkpt lat="51.06736" lon="5.087560000000001">
    <ele>26.13</ele>
   </trkpt>
   <trkpt lat="51.067310000000006" lon="5.087540000000001">
    <ele>26.13</ele>
   </trkpt>
   <trkpt lat="51.06725" lon="5.087540000000001">
    <ele>26.13</ele>
   </trkpt>
   <trkpt lat="51.06718000000001" lon="5.08746">
    <ele>26.21</ele>
   </trkpt>
   <trkpt lat="51.067260002652425" lon="5.08666500180834">
    <ele>26.250000000000004</ele>
   </trkpt>
   <trkpt lat="51.06734" lon="5.085870000000001">
    <ele>26.79</ele>
   </trkpt>
   <trkpt lat="51.06727000000001" lon="5.085870000000001">
    <ele>26.750000000000004</ele>
   </trkpt>
   <trkpt lat="51.06712" lon="5.08593">
    <ele>26.6</ele>
   </trkpt>
   <trkpt lat="51.06696" lon="5.08605">
    <ele>26.580000000000002</ele>
   </trkpt>
   <trkpt lat="51.066500000000005" lon="5.08624">
    <ele>26.950000000000003</ele>
   </trkpt>
   <trkpt lat="51.06627" lon="5.086270000000001">
    <ele>27.13</ele>
   </trkpt>
   <trkpt lat="51.066030000000005" lon="5.08636">
    <ele>27.46</ele>
   </trkpt>
   <trkpt lat="51.06533" lon="5.0869">
    <ele>26.81</ele>
   </trkpt>
   <trkpt lat="51.065090000000005" lon="5.08701">
    <ele>26.840000000000003</ele>
   </trkpt>
   <trkpt lat="51.064980000000006" lon="5.08701">
    <ele>26.92</ele>
   </trkpt>
   <trkpt lat="51.06465000000001" lon="5.08713">
    <ele>27.51</ele>
   </trkpt>
   <trkpt lat="51.06456000000001" lon="5.08718">
    <ele>27.51</ele>
   </trkpt>
   <trkpt lat="51.06454" lon="5.0872">
    <ele>27.51</ele>
   </trkpt>
   <trkpt lat="51.06458000000001" lon="5.08731">
    <ele>27.51</ele>
   </trkpt>
   <trkpt lat="51.06468" lon="5.088220000000001">
    <ele>27.14</ele>
   </trkpt>
   <trkpt lat="51.064640000000004" lon="5.088240000000001">
    <ele>27.14</ele>
   </trkpt>
   <trkpt lat="51.06459" lon="5.08832">
    <ele>27.4</ele>
   </trkpt>
   <trkpt lat="51.06459" lon="5.0884">
    <ele>27.4</ele>
   </trkpt>
   <trkpt lat="51.064280000000004" lon="5.088500000000001">
    <ele>27.67</ele>
   </trkpt>
   <trkpt lat="51.06376000000446" lon="5.088630001477215">
    <ele>28.35</ele>
   </trkpt>
   <trkpt lat="51.06324000000001" lon="5.088760000000001">
    <ele>29.76</ele>
   </trkpt>
   <trkpt lat="51.06269" lon="5.08886">
    <ele>30.980000000000004</ele>
   </trkpt>
   <trkpt lat="51.06215" lon="5.08891">
    <ele>32.93</ele>
   </trkpt>
   <trkpt lat="51.06147333330364" lon="5.088953334603">
    <ele>35.07</ele>
   </trkpt>
   <trkpt lat="51.06079666659124" lon="5.088996667939238">
    <ele>37.22</ele>
   </trkpt>
   <trkpt lat="51.060120000000005" lon="5.089040000000001">
    <ele>38.17</ele>
   </trkpt>
   <trkpt lat="51.059830000000005" lon="5.0890200000000005">
    <ele>38.330000000000005</ele>
   </trkpt>
   <trkpt lat="51.05906" lon="5.089040000000001">
    <ele>38.35</ele>
   </trkpt>
   <trkpt lat="51.05883000000001" lon="5.089090000000001">
    <ele>38.17</ele>
   </trkpt>
   <trkpt lat="51.05807" lon="5.08907">
    <ele>37.78</ele>
   </trkpt>
   <trkpt lat="51.057570000000005" lon="5.088990000000001">
    <ele>37.49</ele>
   </trkpt>
   <trkpt lat="51.05724000000001" lon="5.0889500000000005">
    <ele>37.49</ele>
   </trkpt>
   <trkpt lat="51.05702" lon="5.0889500000000005">
    <ele>37.49</ele>
   </trkpt>
   <trkpt lat="51.05673" lon="5.088900000000001">
    <ele>37.49</ele>
   </trkpt>
   <trkpt lat="51.056360000000005" lon="5.0888100000000005">
    <ele>37.410000000000004</ele>
   </trkpt>
   <trkpt lat="51.055870000093215" lon="5.088659998411839">
    <ele>37.34</ele>
   </trkpt>
   <trkpt lat="51.05538000000001" lon="5.08851">
    <ele>36.94</ele>
   </trkpt>
   <trkpt lat="51.05509000000001" lon="5.08846">
    <ele>36.54</ele>
   </trkpt>
   <trkpt lat="51.05430500068376" lon="5.088232488436561">
    <ele>35.11</ele>
   </trkpt>
   <trkpt lat="51.05352000092588" lon="5.088004984586516">
    <ele>32.879999999999995</ele>
   </trkpt>
   <trkpt lat="51.05273500072637" lon="5.087777488449391">
    <ele>31.290000000000006</ele>
   </trkpt>
   <trkpt lat="51.051950000000005" lon="5.08755">
    <ele>30.240000000000002</ele>
   </trkpt>
   <trkpt lat="51.05191000000001" lon="5.0875200000000005">
    <ele>30.240000000000002</ele>
   </trkpt>
   <trkpt lat="51.051840000000006" lon="5.08751">
    <ele>29.93</ele>
   </trkpt>
   <trkpt lat="51.051730000000006" lon="5.08757">
    <ele>30.060000000000002</ele>
   </trkpt>
   <trkpt lat="51.05167" lon="5.087540000000001">
    <ele>29.910000000000004</ele>
   </trkpt>
   <trkpt lat="51.05163" lon="5.08755">
    <ele>29.910000000000004</ele>
   </trkpt>
   <trkpt lat="51.051520000000004" lon="5.08748">
    <ele>29.5</ele>
   </trkpt>
   <trkpt lat="51.05144000000001" lon="5.087490000000001">
    <ele>29.5</ele>
   </trkpt>
   <trkpt lat="51.05118" lon="5.087420000000001">
    <ele>29.130000000000003</ele>
   </trkpt>
   <trkpt lat="51.050740000000005" lon="5.08736">
    <ele>28.71</ele>
   </trkpt>
   <trkpt lat="51.050700000000006" lon="5.0877300000000005">
    <ele>28.610000000000003</ele>
   </trkpt>
   <trkpt lat="51.04999250788736" lon="5.0885150359746305">
    <ele>27.840000000000003</ele>
   </trkpt>
   <trkpt lat="51.049285010516286" lon="5.089300047965391">
    <ele>26.930000000000003</ele>
   </trkpt>
   <trkpt lat="51.048577507887096" lon="5.090085035973443">
    <ele>26.490000000000002</ele>
   </trkpt>
   <trkpt lat="51.04787" lon="5.090870000000001">
    <ele>26.45</ele>
   </trkpt>
   <trkpt lat="51.04762" lon="5.091150000000001">
    <ele>26.46</ele>
   </trkpt>
   <trkpt lat="51.04712000000001" lon="5.09159">
    <ele>26.27</ele>
   </trkpt>
   <trkpt lat="51.04663000075931" lon="5.092020004574735">
    <ele>26.03</ele>
   </trkpt>
   <trkpt lat="51.04614" lon="5.09245">
    <ele>25.78</ele>
   </trkpt>
   <trkpt lat="51.04571000000001" lon="5.09274">
    <ele>25.43</ele>
   </trkpt>
   <trkpt lat="51.04515500032869" lon="5.093085004244873">
    <ele>25.210000000000004</ele>
   </trkpt>
   <trkpt lat="51.0446" lon="5.093430000000001">
    <ele>24.900000000000002</ele>
   </trkpt>
   <trkpt lat="51.04383666754638" lon="5.093763344348441">
    <ele>23.970000000000002</ele>
   </trkpt>
   <trkpt lat="51.0430733341446" lon="5.094096677711438">
    <ele>24.330000000000002</ele>
   </trkpt>
   <trkpt lat="51.04231000000001" lon="5.09443">
    <ele>25.150000000000002</ele>
   </trkpt>
   <trkpt lat="51.04211" lon="5.09447">
    <ele>25.150000000000002</ele>
   </trkpt>
   <trkpt lat="51.041650000000004" lon="5.0944400000000005">
    <ele>25.400000000000002</ele>
   </trkpt>
   <trkpt lat="51.04144" lon="5.09449">
    <ele>25.400000000000002</ele>
   </trkpt>
   <trkpt lat="51.04122" lon="5.09464">
    <ele>25.640000000000004</ele>
   </trkpt>
   <trkpt lat="51.04059333665023" lon="5.095260016736112">
    <ele>26.230000000000004</ele>
   </trkpt>
   <trkpt lat="51.039966670020135" lon="5.095880016699626">
    <ele>27.180000000000003</ele>
   </trkpt>
   <trkpt lat="51.03934" lon="5.096500000000001">
    <ele>29.53</ele>
   </trkpt>
   <trkpt lat="51.03923" lon="5.096590000000001">
    <ele>29.960000000000004</ele>
   </trkpt>
   <trkpt lat="51.03876000007784" lon="5.096810002291894">
    <ele>30.810000000000002</ele>
   </trkpt>
   <trkpt lat="51.03829" lon="5.09703">
    <ele>33.28</ele>
   </trkpt>
   <trkpt lat="51.038000000000004" lon="5.09726">
    <ele>33.440000000000005</ele>
   </trkpt>
   <trkpt lat="51.03786" lon="5.09745">
    <ele>34.15</ele>
   </trkpt>
   <trkpt lat="51.0377" lon="5.097580000000001">
    <ele>34.510000000000005</ele>
   </trkpt>
   <trkpt lat="51.03748" lon="5.097650000000001">
    <ele>34.72</ele>
   </trkpt>
   <trkpt lat="51.03728" lon="5.097650000000001">
    <ele>35.64000000000001</ele>
   </trkpt>
   <trkpt lat="51.0367799999981" lon="5.097614999621828">
    <ele>37.24</ele>
   </trkpt>
   <trkpt lat="51.036280000000005" lon="5.097580000000001">
    <ele>38.89</ele>
   </trkpt>
   <trkpt lat="51.036150000000006" lon="5.097580000000001">
    <ele>39.089999999999996</ele>
   </trkpt>
   <trkpt lat="51.03604000000001" lon="5.097600000000001">
    <ele>39.27</ele>
   </trkpt>
   <trkpt lat="51.03595000000001" lon="5.09764">
    <ele>39.370000000000005</ele>
   </trkpt>
   <trkpt lat="51.03513" lon="5.09815">
    <ele>39.03</ele>
   </trkpt>
   <trkpt lat="51.034467502100405" lon="5.098557517492834">
    <ele>37.61000000000001</ele>
   </trkpt>
   <trkpt lat="51.03380500278366" lon="5.098965023333748">
    <ele>34.21</ele>
   </trkpt>
   <trkpt lat="51.033142502049806" lon="5.09937251752333">
    <ele>30.160000000000004</ele>
   </trkpt>
   <trkpt lat="51.03248000000001" lon="5.09978">
    <ele>26.230000000000004</ele>
   </trkpt>
   <trkpt lat="51.03238" lon="5.0998600000000005">
    <ele>26.230000000000004</ele>
   </trkpt>
   <trkpt lat="51.032180000000004" lon="5.100090000000001">
    <ele>25.740000000000002</ele>
   </trkpt>
   <trkpt lat="51.031560000000006" lon="5.10088">
    <ele>23.57</ele>
   </trkpt>
   <trkpt lat="51.03134000000001" lon="5.10109">
    <ele>23.69</ele>
   </trkpt>
   <trkpt lat="51.03132" lon="5.10104">
    <ele>23.69</ele>
   </trkpt>
   <trkpt lat="51.031220000000005" lon="5.10116">
    <ele>23.6</ele>
   </trkpt>
   <trkpt lat="51.03052602873843" lon="5.102025116566907">
    <ele>22.750000000000004</ele>
   </trkpt>
   <trkpt lat="51.029832051089954" lon="5.102890207226468">
    <ele>22.72</ele>
   </trkpt>
   <trkpt lat="51.02913806705494" lon="5.103755271979861">
    <ele>22.8</ele>
   </trkpt>
   <trkpt lat="51.02844407663373" lon="5.104620310828269">
    <ele>22.660000000000004</ele>
   </trkpt>
   <trkpt lat="51.02775007982669" lon="5.105485323772866">
    <ele>22.660000000000004</ele>
   </trkpt>
   <trkpt lat="51.02705607663414" lon="5.106350310814834">
    <ele>22.770000000000003</ele>
   </trkpt>
   <trkpt lat="51.02636206705646" lon="5.1072152719553525">
    <ele>22.44</ele>
   </trkpt>
   <trkpt lat="51.025668051093994" lon="5.108080207195598">
    <ele>22.7</ele>
   </trkpt>
   <trkpt lat="51.02497402874708" lon="5.108945116536751">
    <ele>22.820000000000004</ele>
   </trkpt>
   <trkpt lat="51.024280000000005" lon="5.10981">
    <ele>22.98</ele>
   </trkpt>
   <trkpt lat="51.023800001510004" lon="5.110425006501078">
    <ele>22.79</ele>
   </trkpt>
   <trkpt lat="51.023320000000005" lon="5.11104">
    <ele>22.910000000000004</ele>
   </trkpt>
   <trkpt lat="51.02317000000001" lon="5.11129">
    <ele>22.9</ele>
   </trkpt>
   <trkpt lat="51.02269000148833" lon="5.111880006105221">
    <ele>23.06</ele>
   </trkpt>
   <trkpt lat="51.02221" lon="5.11247">
    <ele>24.37</ele>
   </trkpt>
   <trkpt lat="51.022180000000006" lon="5.112360000000001">
    <ele>23.990000000000002</ele>
   </trkpt>
   <trkpt lat="51.022200000000005" lon="5.111140000000001">
    <ele>24.26</ele>
   </trkpt>
   <trkpt lat="51.02223000000001" lon="5.11082">
    <ele>24.14</ele>
   </trkpt>
   <trkpt lat="51.02235" lon="5.110410000000001">
    <ele>23.770000000000003</ele>
   </trkpt>
   <trkpt lat="51.02237" lon="5.110270000000001">
    <ele>23.62</ele>
   </trkpt>
   <trkpt lat="51.022360000000006" lon="5.11012">
    <ele>23.62</ele>
   </trkpt>
   <trkpt lat="51.02226" lon="5.10951">
    <ele>23.470000000000002</ele>
   </trkpt>
   <trkpt lat="51.02225000000001" lon="5.10937">
    <ele>23.470000000000002</ele>
   </trkpt>
   <trkpt lat="51.0223" lon="5.1089">
    <ele>23.28</ele>
   </trkpt>
   <trkpt lat="51.02252500726425" lon="5.1075950063510565">
    <ele>23.470000000000002</ele>
   </trkpt>
   <trkpt lat="51.02275" lon="5.10629">
    <ele>23.270000000000003</ele>
   </trkpt>
   <trkpt lat="51.022830000000006" lon="5.105670000000001">
    <ele>23.340000000000003</ele>
   </trkpt>
   <trkpt lat="51.02283000218154" lon="5.104955000636953">
    <ele>23.14</ele>
   </trkpt>
   <trkpt lat="51.022830000000006" lon="5.104240000000001">
    <ele>23.19</ele>
   </trkpt>
   <trkpt lat="51.022960000000005" lon="5.1032">
    <ele>23.35</ele>
   </trkpt>
   <trkpt lat="51.02293" lon="5.102600000000001">
    <ele>23.39</ele>
   </trkpt>
   <trkpt lat="51.022890000000004" lon="5.1024">
    <ele>23.46</ele>
   </trkpt>
   <trkpt lat="51.022800000000004" lon="5.102180000000001">
    <ele>23.46</ele>
   </trkpt>
   <trkpt lat="51.02273" lon="5.102040000000001">
    <ele>23.44</ele>
   </trkpt>
   <trkpt lat="51.02237" lon="5.101450000000001">
    <ele>23.110000000000003</ele>
   </trkpt>
   <trkpt lat="51.02228" lon="5.10127">
    <ele>22.88</ele>
   </trkpt>
   <trkpt lat="51.02217" lon="5.10083">
    <ele>22.67</ele>
   </trkpt>
   <trkpt lat="51.02201" lon="5.09973">
    <ele>22.54</ele>
   </trkpt>
   <trkpt lat="51.021910000000005" lon="5.09935">
    <ele>22.54</ele>
   </trkpt>
   <trkpt lat="51.02169000000001" lon="5.09869">
    <ele>22.69</ele>
   </trkpt>
   <trkpt lat="51.021300000000004" lon="5.097770000000001">
    <ele>23.270000000000003</ele>
   </trkpt>
   <trkpt lat="51.02118" lon="5.0974">
    <ele>23.37</ele>
   </trkpt>
   <trkpt lat="51.02114" lon="5.096970000000001">
    <ele>23.32</ele>
   </trkpt>
   <trkpt lat="51.021040000000006" lon="5.096590000000001">
    <ele>23.21</ele>
   </trkpt>
   <trkpt lat="51.020950000000006" lon="5.0964">
    <ele>23.21</ele>
   </trkpt>
   <trkpt lat="51.020610000000005" lon="5.095940000000001">
    <ele>23.03</ele>
   </trkpt>
   <trkpt lat="51.02042" lon="5.095610000000001">
    <ele>22.73</ele>
   </trkpt>
   <trkpt lat="51.02028000000001" lon="5.09522">
    <ele>22.650000000000002</ele>
   </trkpt>
   <trkpt lat="51.02000500528351" lon="5.0941049932984255">
    <ele>22.820000000000004</ele>
   </trkpt>
   <trkpt lat="51.01973" lon="5.09299">
    <ele>22.69</ele>
   </trkpt>
   <trkpt lat="51.01953" lon="5.0925">
    <ele>22.56</ele>
   </trkpt>
   <trkpt lat="51.01941000000001" lon="5.09231">
    <ele>22.340000000000003</ele>
   </trkpt>
   <trkpt lat="51.0193" lon="5.09217">
    <ele>22.340000000000003</ele>
   </trkpt>
   <trkpt lat="51.01892" lon="5.09189">
    <ele>22.430000000000003</ele>
   </trkpt>
   <trkpt lat="51.01820000000001" lon="5.09124">
    <ele>22.56</ele>
   </trkpt>
   <trkpt lat="51.01752500027548" lon="5.090914995184454">
    <ele>22.42</ele>
   </trkpt>
   <trkpt lat="51.016850000000005" lon="5.090590000000001">
    <ele>22.36</ele>
   </trkpt>
   <trkpt lat="51.0165" lon="5.09034">
    <ele>22.410000000000004</ele>
   </trkpt>
   <trkpt lat="51.01637" lon="5.090280000000001">
    <ele>22.28</ele>
   </trkpt>
   <trkpt lat="51.01623000000001" lon="5.09025">
    <ele>22.28</ele>
   </trkpt>
   <trkpt lat="51.01606" lon="5.09027">
    <ele>22.26</ele>
   </trkpt>
   <trkpt lat="51.01554500043461" lon="5.090560003178106">
    <ele>22.410000000000004</ele>
   </trkpt>
   <trkpt lat="51.01503" lon="5.0908500000000005">
    <ele>23.1</ele>
   </trkpt>
   <trkpt lat="51.01471000751907" lon="5.089524990968261">
    <ele>22.72</ele>
   </trkpt>
   <trkpt lat="51.014390000000006" lon="5.0882000000000005">
    <ele>22.46</ele>
   </trkpt>
   <trkpt lat="51.014340000000004" lon="5.08713">
    <ele>22.12</ele>
   </trkpt>
   <trkpt lat="51.01424" lon="5.086550000000001">
    <ele>22.09</ele>
   </trkpt>
   <trkpt lat="51.01413" lon="5.086250000000001">
    <ele>22.070000000000004</ele>
   </trkpt>
   <trkpt lat="51.01365000427181" lon="5.0852399893744895">
    <ele>21.820000000000004</ele>
   </trkpt>
   <trkpt lat="51.01317" lon="5.084230000000001">
    <ele>21.77</ele>
   </trkpt>
   <trkpt lat="51.013090000000005" lon="5.084040000000001">
    <ele>21.79</ele>
   </trkpt>
   <trkpt lat="51.013040000000004" lon="5.08384">
    <ele>21.79</ele>
   </trkpt>
   <trkpt lat="51.013000000000005" lon="5.08345">
    <ele>21.720000000000002</ele>
   </trkpt>
   <trkpt lat="51.013000000000005" lon="5.0831800000000005">
    <ele>21.640000000000004</ele>
   </trkpt>
   <trkpt lat="51.01311334556188" lon="5.081983339117006">
    <ele>21.800000000000004</ele>
   </trkpt>
   <trkpt lat="51.01322667890145" lon="5.080786672384835">
    <ele>22.0</ele>
   </trkpt>
   <trkpt lat="51.01334000000001" lon="5.0795900000000005">
    <ele>22.080000000000002</ele>
   </trkpt>
   <trkpt lat="51.01257000003487" lon="5.079489996672802">
    <ele>20.89</ele>
   </trkpt>
   <trkpt lat="51.01179999998438" lon="5.079389996666312">
    <ele>20.98</ele>
   </trkpt>
   <trkpt lat="51.011030000000005" lon="5.07929">
    <ele>21.66</ele>
   </trkpt>
   <trkpt lat="51.010690000000004" lon="5.07934">
    <ele>22.13</ele>
   </trkpt>
   <trkpt lat="51.01037" lon="5.079440000000001">
    <ele>22.27</ele>
   </trkpt>
   <trkpt lat="51.009810000269624" lon="5.079650002504995">
    <ele>23.15</ele>
   </trkpt>
   <trkpt lat="51.00925" lon="5.07986">
    <ele>23.58</ele>
   </trkpt>
   <trkpt lat="51.00920000000001" lon="5.07965">
    <ele>22.92</ele>
   </trkpt>
   <trkpt lat="51.009130000000006" lon="5.079510000000001">
    <ele>22.69</ele>
   </trkpt>
   <trkpt lat="51.00894" lon="5.07922">
    <ele>22.35</ele>
   </trkpt>
   <trkpt lat="51.00869" lon="5.078950000000001">
    <ele>22.150000000000002</ele>
   </trkpt>
   <trkpt lat="51.008370000000006" lon="5.07868">
    <ele>22.09</ele>
   </trkpt>
   <trkpt lat="51.008230000000005" lon="5.07859">
    <ele>22.1</ele>
   </trkpt>
   <trkpt lat="51.008010000000006" lon="5.0785">
    <ele>22.02</ele>
   </trkpt>
   <trkpt lat="51.007740000000005" lon="5.078460000000001">
    <ele>22.01</ele>
   </trkpt>
   <trkpt lat="51.00755" lon="5.07849">
    <ele>22.03</ele>
   </trkpt>
   <trkpt lat="51.00683" lon="5.078720000000001">
    <ele>22.230000000000004</ele>
   </trkpt>
   <trkpt lat="51.00652" lon="5.078790000000001">
    <ele>22.18</ele>
   </trkpt>
   <trkpt lat="51.006080000000004" lon="5.07906">
    <ele>22.26</ele>
   </trkpt>
   <trkpt lat="51.005260000560675" lon="5.079425006455551">
    <ele>21.86</ele>
   </trkpt>
   <trkpt lat="51.00444" lon="5.07979">
    <ele>21.740000000000002</ele>
   </trkpt>
   <trkpt lat="51.0041" lon="5.0800600000000005">
    <ele>21.95</ele>
   </trkpt>
   <trkpt lat="51.0039" lon="5.080120000000001">
    <ele>22.21</ele>
   </trkpt>
   <trkpt lat="51.00359" lon="5.080170000000001">
    <ele>22.7</ele>
   </trkpt>
   <trkpt lat="51.0035" lon="5.080150000000001">
    <ele>22.8</ele>
   </trkpt>
   <trkpt lat="51.00345" lon="5.080120000000001">
    <ele>22.8</ele>
   </trkpt>
   <trkpt lat="51.003370000000004" lon="5.08026">
    <ele>22.9</ele>
   </trkpt>
   <trkpt lat="51.0031" lon="5.08044">
    <ele>23.06</ele>
   </trkpt>
   <trkpt lat="51.00305" lon="5.080500000000001">
    <ele>23.06</ele>
   </trkpt>
   <trkpt lat="51.00300000000001" lon="5.08065">
    <ele>23.05</ele>
   </trkpt>
   <trkpt lat="51.002840000000006" lon="5.0815">
    <ele>23.31</ele>
   </trkpt>
   <trkpt lat="51.00245" lon="5.0813500000000005">
    <ele>23.290000000000003</ele>
   </trkpt>
   <trkpt lat="51.00215000000001" lon="5.081300000000001">
    <ele>23.520000000000003</ele>
   </trkpt>
   <trkpt lat="51.001990000000006" lon="5.081300000000001">
    <ele>23.650000000000002</ele>
   </trkpt>
   <trkpt lat="51.00179000000001" lon="5.08133">
    <ele>24.17</ele>
   </trkpt>
   <trkpt lat="51.00155" lon="5.0814">
    <ele>24.17</ele>
   </trkpt>
   <trkpt lat="51.00074000000001" lon="5.08173">
    <ele>25.1</ele>
   </trkpt>
   <trkpt lat="50.999970000000005" lon="5.082280000000001">
    <ele>25.76</ele>
   </trkpt>
   <trkpt lat="50.999930000000006" lon="5.08244">
    <ele>25.800000000000004</ele>
   </trkpt>
   <trkpt lat="50.999930000000006" lon="5.08262">
    <ele>25.880000000000003</ele>
   </trkpt>
   <trkpt lat="51.00003" lon="5.08337">
    <ele>26.92</ele>
   </trkpt>
   <trkpt lat="51.00005" lon="5.0834600000000005">
    <ele>26.92</ele>
   </trkpt>
   <trkpt lat="50.999750000000006" lon="5.08373">
    <ele>27.51</ele>
   </trkpt>
   <trkpt lat="50.99956" lon="5.0838">
    <ele>27.73</ele>
   </trkpt>
   <trkpt lat="50.99945" lon="5.08387">
    <ele>27.94</ele>
   </trkpt>
   <trkpt lat="50.99922" lon="5.084090000000001">
    <ele>28.330000000000002</ele>
   </trkpt>
   <trkpt lat="50.998360000000005" lon="5.0845">
    <ele>30.37</ele>
   </trkpt>
   <trkpt lat="50.99824" lon="5.08457">
    <ele>31.180000000000003</ele>
   </trkpt>
   <trkpt lat="50.998180000000005" lon="5.0847500000000005">
    <ele>31.330000000000002</ele>
   </trkpt>
   <trkpt lat="50.99808" lon="5.086060000000001">
    <ele>32.5</ele>
   </trkpt>
   <trkpt lat="50.9980675184379" lon="5.087260000972582">
    <ele>34.06</ele>
   </trkpt>
   <trkpt lat="50.99805502458382" lon="5.088460001299252">
    <ele>35.730000000000004</ele>
   </trkpt>
   <trkpt lat="50.998042518437806" lon="5.089660000979377">
    <ele>37.2</ele>
   </trkpt>
   <trkpt lat="50.99803000000001" lon="5.09086">
    <ele>38.85</ele>
   </trkpt>
   <trkpt lat="50.99799" lon="5.09219">
    <ele>40.220000000000006</ele>
   </trkpt>
   <trkpt lat="50.997941893370545" lon="5.0935172864994565">
    <ele>40.690000000000005</ele>
   </trkpt>
   <trkpt lat="50.997893771703176" lon="5.09484457024631">
    <ele>38.44</ele>
   </trkpt>
   <trkpt lat="50.997845634998" lon="5.096171851239712">
    <ele>36.89000000000001</ele>
   </trkpt>
   <trkpt lat="50.997797483255034" lon="5.097499129478815">
    <ele>35.14</ele>
   </trkpt>
   <trkpt lat="50.997749316474355" lon="5.098826404962765">
    <ele>33.330000000000005</ele>
   </trkpt>
   <trkpt lat="50.99770113465602" lon="5.100153677690716">
    <ele>31.26</ele>
   </trkpt>
   <trkpt lat="50.997652937800076" lon="5.101480947661817">
    <ele>29.48</ele>
   </trkpt>
   <trkpt lat="50.9976047259066" lon="5.102808214875217">
    <ele>28.110000000000003</ele>
   </trkpt>
   <trkpt lat="50.99755649897562" lon="5.104135479330067">
    <ele>27.13</ele>
   </trkpt>
   <trkpt lat="50.99750825700721" lon="5.105462741025518">
    <ele>26.320000000000004</ele>
   </trkpt>
   <trkpt lat="50.997460000000004" lon="5.10679">
    <ele>25.96</ele>
   </trkpt>
   <trkpt lat="50.99743000876484" lon="5.107803334658727">
    <ele>25.730000000000004</ele>
   </trkpt>
   <trkpt lat="50.99740000876437" lon="5.108816668007341">
    <ele>25.69</ele>
   </trkpt>
   <trkpt lat="50.997370000000004" lon="5.1098300000000005">
    <ele>25.84</ele>
   </trkpt>
   <trkpt lat="50.99739000397124" lon="5.110794999425443">
    <ele>25.86</ele>
   </trkpt>
   <trkpt lat="50.99741" lon="5.11176">
    <ele>25.86</ele>
   </trkpt>
   <trkpt lat="50.997460000000004" lon="5.112710000000001">
    <ele>26.02</ele>
   </trkpt>
   <trkpt lat="50.99761" lon="5.113720000000001">
    <ele>26.1</ele>
   </trkpt>
   <trkpt lat="50.997695022648834" lon="5.11504999268507">
    <ele>26.26</ele>
   </trkpt>
   <trkpt lat="50.99778003019829" lon="5.1163799902437255">
    <ele>26.51</ele>
   </trkpt>
   <trkpt lat="50.99786502264826" lon="5.117709992675132">
    <ele>26.85</ele>
   </trkpt>
   <trkpt lat="50.99795" lon="5.11904">
    <ele>27.090000000000003</ele>
   </trkpt>
   <trkpt lat="50.99795" lon="5.119750000000001">
    <ele>27.410000000000004</ele>
   </trkpt>
   <trkpt lat="50.99789252447123" lon="5.121132505173199">
    <ele>28.110000000000003</ele>
   </trkpt>
   <trkpt lat="50.99783503262731" lon="5.122515006920959">
    <ele>29.400000000000002</ele>
   </trkpt>
   <trkpt lat="50.997777524468326" lon="5.123897505242321">
    <ele>30.29</ele>
   </trkpt>
   <trkpt lat="50.99772" lon="5.12528">
    <ele>31.53</ele>
   </trkpt>
   <trkpt lat="50.99772" lon="5.12589">
    <ele>31.76</ele>
   </trkpt>
   <trkpt lat="50.997550000000004" lon="5.1256900000000005">
    <ele>32.06</ele>
   </trkpt>
   <trkpt lat="50.997420000000005" lon="5.125590000000001">
    <ele>32.260000000000005</ele>
   </trkpt>
   <trkpt lat="50.9973" lon="5.125570000000001">
    <ele>32.260000000000005</ele>
   </trkpt>
   <trkpt lat="50.99678" lon="5.125730000000001">
    <ele>33.410000000000004</ele>
   </trkpt>
   <trkpt lat="50.99665" lon="5.12572">
    <ele>33.410000000000004</ele>
   </trkpt>
   <trkpt lat="50.996430000000004" lon="5.12565">
    <ele>34.22</ele>
   </trkpt>
   <trkpt lat="50.99607" lon="5.1256200000000005">
    <ele>34.35</ele>
   </trkpt>
   <trkpt lat="50.995830000000005" lon="5.125710000000001">
    <ele>34.61</ele>
   </trkpt>
   <trkpt lat="50.99571" lon="5.1257">
    <ele>34.83</ele>
   </trkpt>
   <trkpt lat="50.995630000000006" lon="5.12563">
    <ele>34.83</ele>
   </trkpt>
   <trkpt lat="50.995380000000004" lon="5.125330000000001">
    <ele>35.68</ele>
   </trkpt>
   <trkpt lat="50.99528" lon="5.125290000000001">
    <ele>35.68</ele>
   </trkpt>
   <trkpt lat="50.99503000000001" lon="5.125240000000001">
    <ele>36.01</ele>
   </trkpt>
   <trkpt lat="50.9947" lon="5.12521">
    <ele>36.61</ele>
   </trkpt>
   <trkpt lat="50.994600000000005" lon="5.12516">
    <ele>36.61</ele>
   </trkpt>
   <trkpt lat="50.99429000000001" lon="5.124860000000001">
    <ele>36.69</ele>
   </trkpt>
   <trkpt lat="50.993480000000005" lon="5.1245">
    <ele>33.18</ele>
   </trkpt>
   <trkpt lat="50.99307" lon="5.1244000000000005">
    <ele>31.580000000000002</ele>
   </trkpt>
   <trkpt lat="50.99253" lon="5.1241900000000005">
    <ele>30.080000000000002</ele>
   </trkpt>
   <trkpt lat="50.99213" lon="5.12399">
    <ele>28.41</ele>
   </trkpt>
   <trkpt lat="50.99199" lon="5.12396">
    <ele>28.1</ele>
   </trkpt>
   <trkpt lat="50.9919" lon="5.123970000000001">
    <ele>27.6</ele>
   </trkpt>
   <trkpt lat="50.99175" lon="5.12403">
    <ele>27.580000000000002</ele>
   </trkpt>
   <trkpt lat="50.99110000075027" lon="5.124470006213707">
    <ele>25.290000000000003</ele>
   </trkpt>
   <trkpt lat="50.99045" lon="5.124910000000001">
    <ele>23.98</ele>
   </trkpt>
   <trkpt lat="50.99029" lon="5.12499">
    <ele>23.76</ele>
   </trkpt>
   <trkpt lat="50.989760000000004" lon="5.1250800000000005">
    <ele>23.560000000000002</ele>
   </trkpt>
   <trkpt lat="50.989790000000006" lon="5.126270000000001">
    <ele>22.92</ele>
   </trkpt>
   <trkpt lat="50.98895" lon="5.12645">
    <ele>22.29</ele>
   </trkpt>
   <trkpt lat="50.988800000000005" lon="5.126510000000001">
    <ele>22.35</ele>
   </trkpt>
   <trkpt lat="50.988090001032454" lon="5.126856677268776">
    <ele>22.46</ele>
   </trkpt>
   <trkpt lat="50.987380001038936" lon="5.127203343932073">
    <ele>22.44</ele>
   </trkpt>
   <trkpt lat="50.986670000000004" lon="5.12755">
    <ele>22.740000000000002</ele>
   </trkpt>
   <trkpt lat="50.985835000225066" lon="5.127800004509409">
    <ele>22.650000000000002</ele>
   </trkpt>
   <trkpt lat="50.98500000000001" lon="5.12805">
    <ele>22.500000000000004</ele>
   </trkpt>
   <trkpt lat="50.98523" lon="5.128570000000001">
    <ele>21.94</ele>
   </trkpt>
   <trkpt lat="50.98549000191156" lon="5.129239996235701">
    <ele>22.520000000000003</ele>
   </trkpt>
   <trkpt lat="50.98575" lon="5.129910000000001">
    <ele>22.490000000000002</ele>
   </trkpt>
   <trkpt lat="50.98577" lon="5.1303600000000005">
    <ele>22.42</ele>
   </trkpt>
   <trkpt lat="50.985760000000006" lon="5.13088">
    <ele>22.42</ele>
   </trkpt>
   <trkpt lat="50.985820000000004" lon="5.13138">
    <ele>22.71</ele>
   </trkpt>
   <trkpt lat="50.986050000000006" lon="5.1325400000000005">
    <ele>22.67</ele>
   </trkpt>
   <trkpt lat="50.986050000000006" lon="5.132560000000001">
    <ele>22.67</ele>
   </trkpt>
   <trkpt lat="50.98622" lon="5.13353">
    <ele>22.830000000000002</ele>
   </trkpt>
   <trkpt lat="50.986270000000005" lon="5.133940000000001">
    <ele>22.830000000000002</ele>
   </trkpt>
   <trkpt lat="50.98635000488228" lon="5.13500999809433">
    <ele>22.92</ele>
   </trkpt>
   <trkpt lat="50.986430000000006" lon="5.136080000000001">
    <ele>22.930000000000003</ele>
   </trkpt>
   <trkpt lat="50.98651" lon="5.13637">
    <ele>22.9</ele>
   </trkpt>
   <trkpt lat="50.98691333783685" lon="5.137099987231327">
    <ele>22.73</ele>
   </trkpt>
   <trkpt lat="50.987316671124574" lon="5.137829987148542">
    <ele>22.650000000000002</ele>
   </trkpt>
   <trkpt lat="50.98772" lon="5.13856">
    <ele>22.71</ele>
   </trkpt>
   <trkpt lat="50.98787" lon="5.13869">
    <ele>22.7</ele>
   </trkpt>
   <trkpt lat="50.98807000000001" lon="5.13879">
    <ele>22.72</ele>
   </trkpt>
   <trkpt lat="50.988200000000006" lon="5.1389000000000005">
    <ele>22.72</ele>
   </trkpt>
   <trkpt lat="50.988530000000004" lon="5.13931">
    <ele>22.62</ele>
   </trkpt>
   <trkpt lat="50.988620000000004" lon="5.13947">
    <ele>22.62</ele>
   </trkpt>
   <trkpt lat="50.988870000000006" lon="5.14057">
    <ele>22.73</ele>
   </trkpt>
   <trkpt lat="50.98888" lon="5.14083">
    <ele>22.73</ele>
   </trkpt>
   <trkpt lat="50.98884" lon="5.14097">
    <ele>22.73</ele>
   </trkpt>
   <trkpt lat="50.988640000000004" lon="5.14147">
    <ele>22.35</ele>
   </trkpt>
   <trkpt lat="50.988440000000004" lon="5.141850000000001">
    <ele>22.240000000000002</ele>
   </trkpt>
   <trkpt lat="50.98805" lon="5.142510000000001">
    <ele>22.950000000000003</ele>
   </trkpt>
   <trkpt lat="50.98798000000001" lon="5.14269">
    <ele>22.950000000000003</ele>
   </trkpt>
   <trkpt lat="50.987840000000006" lon="5.1427700000000005">
    <ele>23.080000000000002</ele>
   </trkpt>
   <trkpt lat="50.98772" lon="5.1428">
    <ele>23.080000000000002</ele>
   </trkpt>
   <trkpt lat="50.98736" lon="5.14285">
    <ele>22.990000000000002</ele>
   </trkpt>
   <trkpt lat="50.987260000000006" lon="5.1429">
    <ele>23.03</ele>
   </trkpt>
   <trkpt lat="50.98716" lon="5.14301">
    <ele>23.03</ele>
   </trkpt>
   <trkpt lat="50.98691" lon="5.14344">
    <ele>23.180000000000003</ele>
   </trkpt>
   <trkpt lat="50.98682" lon="5.143540000000001">
    <ele>23.03</ele>
   </trkpt>
   <trkpt lat="50.986720000000005" lon="5.143610000000001">
    <ele>23.03</ele>
   </trkpt>
   <trkpt lat="50.986580000000004" lon="5.14364">
    <ele>23.020000000000003</ele>
   </trkpt>
   <trkpt lat="50.986290000000004" lon="5.1436">
    <ele>23.180000000000003</ele>
   </trkpt>
   <trkpt lat="50.98584" lon="5.14374">
    <ele>23.020000000000003</ele>
   </trkpt>
   <trkpt lat="50.9857" lon="5.14381">
    <ele>22.96</ele>
   </trkpt>
   <trkpt lat="50.98523000029759" lon="5.14409500291529">
    <ele>22.820000000000004</ele>
   </trkpt>
   <trkpt lat="50.98476" lon="5.144380000000001">
    <ele>22.94</ele>
   </trkpt>
   <trkpt lat="50.98461" lon="5.14451">
    <ele>22.98</ele>
   </trkpt>
   <trkpt lat="50.984390000000005" lon="5.14477">
    <ele>22.860000000000003</ele>
   </trkpt>
   <trkpt lat="50.98397500133001" lon="5.145350005332872">
    <ele>22.96</ele>
   </trkpt>
   <trkpt lat="50.983560000000004" lon="5.145930000000001">
    <ele>23.14</ele>
   </trkpt>
   <trkpt lat="50.98350000000001" lon="5.145980000000001">
    <ele>23.160000000000004</ele>
   </trkpt>
   <trkpt lat="50.983250000000005" lon="5.14611">
    <ele>23.15</ele>
   </trkpt>
   <trkpt lat="50.98312000000001" lon="5.1462200000000005">
    <ele>23.15</ele>
   </trkpt>
   <trkpt lat="50.98299" lon="5.1463600000000005">
    <ele>23.22</ele>
   </trkpt>
   <trkpt lat="50.98281" lon="5.1466">
    <ele>23.41</ele>
   </trkpt>
   <trkpt lat="50.982332508404305" lon="5.147410024988441">
    <ele>23.73</ele>
   </trkpt>
   <trkpt lat="50.98185501120721" lon="5.148220033314907">
    <ele>23.76</ele>
   </trkpt>
   <trkpt lat="50.98137750840893" lon="5.1490300249798215">
    <ele>23.83</ele>
   </trkpt>
   <trkpt lat="50.980900000000005" lon="5.14984">
    <ele>23.91</ele>
   </trkpt>
   <trkpt lat="50.980516673798185" lon="5.148926651609016">
    <ele>22.76</ele>
   </trkpt>
   <trkpt lat="50.98013334047472" lon="5.148013318299432">
    <ele>21.95</ele>
   </trkpt>
   <trkpt lat="50.97975" lon="5.1471">
    <ele>22.02</ele>
   </trkpt>
   <trkpt lat="50.979600000000005" lon="5.14681">
    <ele>22.490000000000002</ele>
   </trkpt>
   <trkpt lat="50.97957" lon="5.146780000000001">
    <ele>22.490000000000002</ele>
   </trkpt>
   <trkpt lat="50.9795" lon="5.14677">
    <ele>22.490000000000002</ele>
   </trkpt>
   <trkpt lat="50.97943" lon="5.146800000000001">
    <ele>22.45</ele>
   </trkpt>
   <trkpt lat="50.97898000000001" lon="5.14728">
    <ele>22.37</ele>
   </trkpt>
   <trkpt lat="50.97887000000001" lon="5.14735">
    <ele>22.47</ele>
   </trkpt>
   <trkpt lat="50.97872" lon="5.14735">
    <ele>22.35</ele>
   </trkpt>
   <trkpt lat="50.97800500051934" lon="5.146989994439545">
    <ele>22.28</ele>
   </trkpt>
   <trkpt lat="50.97729" lon="5.14663">
    <ele>22.73</ele>
   </trkpt>
   <trkpt lat="50.97721000000001" lon="5.1465700000000005">
    <ele>22.740000000000002</ele>
   </trkpt>
   <trkpt lat="50.977160000000005" lon="5.14646">
    <ele>22.740000000000002</ele>
   </trkpt>
   <trkpt lat="50.976980000000005" lon="5.1458900000000005">
    <ele>22.770000000000003</ele>
   </trkpt>
   <trkpt lat="50.976890000000004" lon="5.1456800000000005">
    <ele>23.020000000000003</ele>
   </trkpt>
   <trkpt lat="50.976760000000006" lon="5.145510000000001">
    <ele>23.110000000000003</ele>
   </trkpt>
   <trkpt lat="50.976690000000005" lon="5.14557">
    <ele>23.110000000000003</ele>
   </trkpt>
   <trkpt lat="50.976600000000005" lon="5.1456100000000005">
    <ele>22.96</ele>
   </trkpt>
   <trkpt lat="50.975820000000006" lon="5.1458200000000005">
    <ele>23.31</ele>
   </trkpt>
   <trkpt lat="50.975460000000005" lon="5.145840000000001">
    <ele>23.630000000000003</ele>
   </trkpt>
   <trkpt lat="50.9748" lon="5.1458">
    <ele>24.380000000000003</ele>
   </trkpt>
   <trkpt lat="50.974270000000004" lon="5.145580000000001">
    <ele>25.25</ele>
   </trkpt>
   <trkpt lat="50.97397" lon="5.14548">
    <ele>26.44</ele>
   </trkpt>
   <trkpt lat="50.97371667643929" lon="5.146550011682564">
    <ele>26.42</ele>
   </trkpt>
   <trkpt lat="50.973463343103745" lon="5.147620011691631">
    <ele>26.580000000000002</ele>
   </trkpt>
   <trkpt lat="50.97321" lon="5.14869">
    <ele>27.19</ele>
   </trkpt>
   <trkpt lat="50.97298501338816" lon="5.149712514866502">
    <ele>27.630000000000003</ele>
   </trkpt>
   <trkpt lat="50.97276001784998" lon="5.150735019825771">
    <ele>28.690000000000005</ele>
   </trkpt>
   <trkpt lat="50.97253501338562" lon="5.151757514877591">
    <ele>29.980000000000004</ele>
   </trkpt>
   <trkpt lat="50.97231000000001" lon="5.152780000000001">
    <ele>31.35</ele>
   </trkpt>
   <trkpt lat="50.97202500729292" lon="5.154085007903043">
    <ele>32.67</ele>
   </trkpt>
   <trkpt lat="50.971740000000004" lon="5.155390000000001">
    <ele>30.680000000000003</ele>
   </trkpt>
   <trkpt lat="50.97158" lon="5.1559800000000005">
    <ele>29.93</ele>
   </trkpt>
   <trkpt lat="50.97134000252246" lon="5.1567450038759794">
    <ele>27.880000000000003</ele>
   </trkpt>
   <trkpt lat="50.97110000000001" lon="5.15751">
    <ele>25.51</ele>
   </trkpt>
   <trkpt lat="50.97092000000001" lon="5.15803">
    <ele>24.93</ele>
   </trkpt>
   <trkpt lat="50.970800000000004" lon="5.158510000000001">
    <ele>25.300000000000004</ele>
   </trkpt>
   <trkpt lat="50.97059" lon="5.15815">
    <ele>25.25</ele>
   </trkpt>
   <trkpt lat="50.97032001281701" lon="5.159150017401607">
    <ele>22.770000000000003</ele>
   </trkpt>
   <trkpt lat="50.97005001709601" lon="5.160150023177136">
    <ele>23.05</ele>
   </trkpt>
   <trkpt lat="50.96978001283717" lon="5.161150017326465">
    <ele>23.080000000000002</ele>
   </trkpt>
   <trkpt lat="50.96951000000001" lon="5.1621500000000005">
    <ele>23.06</ele>
   </trkpt>
   <trkpt lat="50.96918" lon="5.16272">
    <ele>23.13</ele>
   </trkpt>
   <trkpt lat="50.96871" lon="5.1635100000000005">
    <ele>23.080000000000002</ele>
   </trkpt>
   <trkpt lat="50.96848000000001" lon="5.1638">
    <ele>23.080000000000002</ele>
   </trkpt>
   <trkpt lat="50.9680100004123" lon="5.164095002959313">
    <ele>23.07</ele>
   </trkpt>
   <trkpt lat="50.96754000000001" lon="5.16439">
    <ele>23.000000000000004</ele>
   </trkpt>
   <trkpt lat="50.96737" lon="5.16453">
    <ele>22.96</ele>
   </trkpt>
   <trkpt lat="50.967310000000005" lon="5.16464">
    <ele>22.97</ele>
   </trkpt>
   <trkpt lat="50.96726" lon="5.1648000000000005">
    <ele>22.97</ele>
   </trkpt>
   <trkpt lat="50.96726" lon="5.1649400000000005">
    <ele>22.97</ele>
   </trkpt>
   <trkpt lat="50.967310000000005" lon="5.165220000000001">
    <ele>22.930000000000003</ele>
   </trkpt>
   <trkpt lat="50.967690000000005" lon="5.16603">
    <ele>22.98</ele>
   </trkpt>
   <trkpt lat="50.967760000000006" lon="5.166340000000001">
    <ele>23.000000000000004</ele>
   </trkpt>
   <trkpt lat="50.967780000000005" lon="5.1666300000000005">
    <ele>23.000000000000004</ele>
   </trkpt>
   <trkpt lat="50.967670000000005" lon="5.167350000000001">
    <ele>22.89</ele>
   </trkpt>
   <trkpt lat="50.967620000000004" lon="5.167520000000001">
    <ele>22.89</ele>
   </trkpt>
   <trkpt lat="50.96752000000001" lon="5.16765">
    <ele>22.930000000000003</ele>
   </trkpt>
   <trkpt lat="50.967330000000004" lon="5.167820000000001">
    <ele>22.9</ele>
   </trkpt>
   <trkpt lat="50.96728" lon="5.16791">
    <ele>22.79</ele>
   </trkpt>
   <trkpt lat="50.967220000000005" lon="5.16816">
    <ele>22.79</ele>
   </trkpt>
   <trkpt lat="50.96723" lon="5.1683900000000005">
    <ele>22.54</ele>
   </trkpt>
   <trkpt lat="50.96728" lon="5.168550000000001">
    <ele>22.54</ele>
   </trkpt>
   <trkpt lat="50.96734000000001" lon="5.1686700000000005">
    <ele>22.54</ele>
   </trkpt>
   <trkpt lat="50.96752000000001" lon="5.16889">
    <ele>22.2</ele>
   </trkpt>
   <trkpt lat="50.96764" lon="5.16919">
    <ele>21.69</ele>
   </trkpt>
   <trkpt lat="50.96768" lon="5.16943">
    <ele>21.330000000000002</ele>
   </trkpt>
   <trkpt lat="50.967650000000006" lon="5.16971">
    <ele>20.48</ele>
   </trkpt>
   <trkpt lat="50.96736602385964" lon="5.170892028897778">
    <ele>19.450000000000003</ele>
   </trkpt>
   <trkpt lat="50.967082035790156" lon="5.172074043342859">
    <ele>19.62</ele>
   </trkpt>
   <trkpt lat="50.966798035791854" lon="5.17325604333496">
    <ele>19.700000000000003</ele>
   </trkpt>
   <trkpt lat="50.96651402386499" lon="5.174438028873799">
    <ele>19.96</ele>
   </trkpt>
   <trkpt lat="50.96623" lon="5.17562">
    <ele>20.34</ele>
   </trkpt>
   <trkpt lat="50.96594000603665" lon="5.176810007464845">
    <ele>20.48</ele>
   </trkpt>
   <trkpt lat="50.965650000000004" lon="5.178000000000001">
    <ele>20.5</ele>
   </trkpt>
   <trkpt lat="50.9656" lon="5.17827">
    <ele>20.610000000000003</ele>
   </trkpt>
   <trkpt lat="50.965630000000004" lon="5.178800000000001">
    <ele>20.610000000000003</ele>
   </trkpt>
   <trkpt lat="50.96542" lon="5.179550000000001">
    <ele>20.82</ele>
   </trkpt>
   <trkpt lat="50.965360000000004" lon="5.17964">
    <ele>20.82</ele>
   </trkpt>
   <trkpt lat="50.96529" lon="5.179690000000001">
    <ele>20.82</ele>
   </trkpt>
   <trkpt lat="50.96519000000001" lon="5.1797200000000005">
    <ele>20.98</ele>
   </trkpt>
   <trkpt lat="50.96464" lon="5.1797">
    <ele>20.76</ele>
   </trkpt>
   <trkpt lat="50.9645" lon="5.17975">
    <ele>20.76</ele>
   </trkpt>
   <trkpt lat="50.963950000000004" lon="5.18046">
    <ele>20.400000000000002</ele>
   </trkpt>
   <trkpt lat="50.963770000000004" lon="5.18062">
    <ele>20.46</ele>
   </trkpt>
   <trkpt lat="50.963370000000005" lon="5.18086">
    <ele>20.450000000000003</ele>
   </trkpt>
   <trkpt lat="50.96302000000001" lon="5.181030000000001">
    <ele>20.6</ele>
   </trkpt>
   <trkpt lat="50.96293000000001" lon="5.18109">
    <ele>20.6</ele>
   </trkpt>
   <trkpt lat="50.962720000000004" lon="5.181360000000001">
    <ele>20.540000000000003</ele>
   </trkpt>
   <trkpt lat="50.96190000000001" lon="5.18165">
    <ele>22.310000000000002</ele>
   </trkpt>
   <trkpt lat="50.962" lon="5.182600000000001">
    <ele>21.640000000000004</ele>
   </trkpt>
   <trkpt lat="50.96208000254832" lon="5.18336999883899">
    <ele>21.900000000000002</ele>
   </trkpt>
   <trkpt lat="50.962160000000004" lon="5.18414">
    <ele>22.320000000000004</ele>
   </trkpt>
   <trkpt lat="50.962265002173055" lon="5.184849998537138">
    <ele>22.42</ele>
   </trkpt>
   <trkpt lat="50.96237000000001" lon="5.185560000000001">
    <ele>22.79</ele>
   </trkpt>
   <trkpt lat="50.96238" lon="5.18571">
    <ele>22.78</ele>
   </trkpt>
   <trkpt lat="50.96247" lon="5.186100000000001">
    <ele>22.820000000000004</ele>
   </trkpt>
   <trkpt lat="50.96246000000001" lon="5.186190000000001">
    <ele>22.85</ele>
   </trkpt>
   <trkpt lat="50.962480000000006" lon="5.18628">
    <ele>22.85</ele>
   </trkpt>
   <trkpt lat="50.962390000000006" lon="5.186540000000001">
    <ele>22.94</ele>
   </trkpt>
   <trkpt lat="50.96197000103532" lon="5.187040004558087">
    <ele>22.81</ele>
   </trkpt>
   <trkpt lat="50.96155" lon="5.18754">
    <ele>23.19</ele>
   </trkpt>
   <trkpt lat="50.961000004189614" lon="5.188540011982373">
    <ele>24.040000000000003</ele>
   </trkpt>
   <trkpt lat="50.96045" lon="5.18954">
    <ele>24.91</ele>
   </trkpt>
   <trkpt lat="50.95991" lon="5.19043">
    <ele>25.890000000000004</ele>
   </trkpt>
   <trkpt lat="50.959500000958975" lon="5.190925004473017">
    <ele>26.12</ele>
   </trkpt>
   <trkpt lat="50.95909" lon="5.191420000000001">
    <ele>27.01</ele>
   </trkpt>
   <trkpt lat="50.95884" lon="5.1917">
    <ele>27.430000000000003</ele>
   </trkpt>
   <trkpt lat="50.95837" lon="5.19216">
    <ele>28.130000000000003</ele>
   </trkpt>
   <trkpt lat="50.958000000000006" lon="5.19249">
    <ele>28.32</ele>
   </trkpt>
   <trkpt lat="50.95727000152012" lon="5.19307000904497">
    <ele>28.16</ele>
   </trkpt>
   <trkpt lat="50.956540000000004" lon="5.193650000000001">
    <ele>27.630000000000003</ele>
   </trkpt>
   <trkpt lat="50.956210000000006" lon="5.19385">
    <ele>27.31</ele>
   </trkpt>
   <trkpt lat="50.955960000000005" lon="5.19395">
    <ele>27.090000000000003</ele>
   </trkpt>
   <trkpt lat="50.95566" lon="5.19402">
    <ele>26.92</ele>
   </trkpt>
   <trkpt lat="50.954890000000006" lon="5.19413">
    <ele>26.7</ele>
   </trkpt>
   <trkpt lat="50.95459" lon="5.1942200000000005">
    <ele>26.7</ele>
   </trkpt>
   <trkpt lat="50.954260000000005" lon="5.1943600000000005">
    <ele>26.820000000000004</ele>
   </trkpt>
   <trkpt lat="50.95366000090649" lon="5.194696675394102">
    <ele>27.05</ele>
   </trkpt>
   <trkpt lat="50.95306000084512" lon="5.195033342095061">
    <ele>27.4</ele>
   </trkpt>
   <trkpt lat="50.95246" lon="5.1953700000000005">
    <ele>27.680000000000003</ele>
   </trkpt>
   <trkpt lat="50.95165" lon="5.19585">
    <ele>27.96</ele>
   </trkpt>
   <trkpt lat="50.950957502628626" lon="5.196305020352689">
    <ele>28.540000000000003</ele>
   </trkpt>
   <trkpt lat="50.950265003489356" lon="5.196760027146579">
    <ele>29.150000000000002</ele>
   </trkpt>
   <trkpt lat="50.94957250258229" lon="5.197215020382373">
    <ele>29.6</ele>
   </trkpt>
   <trkpt lat="50.94888" lon="5.1976700000000005">
    <ele>30.29</ele>
   </trkpt>
   <trkpt lat="50.94865" lon="5.19779">
    <ele>30.490000000000002</ele>
   </trkpt>
   <trkpt lat="50.94845" lon="5.19784">
    <ele>30.520000000000003</ele>
   </trkpt>
   <trkpt lat="50.94818" lon="5.19787">
    <ele>30.570000000000004</ele>
   </trkpt>
   <trkpt lat="50.94796" lon="5.19786">
    <ele>30.660000000000004</ele>
   </trkpt>
   <trkpt lat="50.947770000000006" lon="5.197800000000001">
    <ele>30.97</ele>
   </trkpt>
   <trkpt lat="50.946990001374346" lon="5.197472483514382">
    <ele>30.310000000000002</ele>
   </trkpt>
   <trkpt lat="50.94621000183274" lon="5.197144978019749">
    <ele>30.69</ele>
   </trkpt>
   <trkpt lat="50.94543000137526" lon="5.196817483515443">
    <ele>29.470000000000002</ele>
   </trkpt>
   <trkpt lat="50.94465" lon="5.196490000000001">
    <ele>29.39</ele>
   </trkpt>
   <trkpt lat="50.944570000000006" lon="5.19646">
    <ele>29.42</ele>
   </trkpt>
   <trkpt lat="50.94388000000001" lon="5.196160000000001">
    <ele>30.12</ele>
   </trkpt>
   <trkpt lat="50.94346" lon="5.195930000000001">
    <ele>29.900000000000002</ele>
   </trkpt>
   <trkpt lat="50.94308" lon="5.19566">
    <ele>29.95</ele>
   </trkpt>
   <trkpt lat="50.94245200545528" lon="5.195093969404586">
    <ele>30.160000000000004</ele>
   </trkpt>
   <trkpt lat="50.94182400817465" lon="5.194527954100221">
    <ele>29.970000000000002</ele>
   </trkpt>
   <trkpt lat="50.941196008158194" lon="5.193961954086217">
    <ele>29.75</ele>
   </trkpt>
   <trkpt lat="50.9405680054061" lon="5.193395969361886">
    <ele>29.540000000000003</ele>
   </trkpt>
   <trkpt lat="50.93994000000001" lon="5.192830000000001">
    <ele>28.85</ele>
   </trkpt>
   <trkpt lat="50.93917400798031" lon="5.192145954918604">
    <ele>27.860000000000003</ele>
   </trkpt>
   <trkpt lat="50.93840801196484" lon="5.191461932374338">
    <ele>26.0</ele>
   </trkpt>
   <trkpt lat="50.937642011953834" lon="5.190777932365959">
    <ele>25.6</ele>
   </trkpt>
   <trkpt lat="50.936876007947504" lon="5.190093954892232">
    <ele>25.240000000000002</ele>
   </trkpt>
   <trkpt lat="50.936110000000006" lon="5.1894100000000005">
    <ele>24.84</ele>
   </trkpt>
   <trkpt lat="50.935390005440695" lon="5.18875746968124">
    <ele>24.62</ele>
   </trkpt>
   <trkpt lat="50.93467000724522" lon="5.188104959567595">
    <ele>24.25</ele>
   </trkpt>
   <trkpt lat="50.93395000541371" lon="5.187452469658022">
    <ele>24.310000000000002</ele>
   </trkpt>
   <trkpt lat="50.93323" lon="5.186800000000001">
    <ele>25.52</ele>
   </trkpt>
   <trkpt lat="50.93314" lon="5.1866900000000005">
    <ele>25.6</ele>
   </trkpt>
   <trkpt lat="50.93261401541404" lon="5.187640042978657">
    <ele>25.710000000000004</ele>
   </trkpt>
   <trkpt lat="50.93208802312003" lon="5.188590064468693">
    <ele>26.26</ele>
   </trkpt>
   <trkpt lat="50.93156202311829" lon="5.189540064470679">
    <ele>26.660000000000004</ele>
   </trkpt>
   <trkpt lat="50.93103601540914" lon="5.190490042985191">
    <ele>26.590000000000003</ele>
   </trkpt>
   <trkpt lat="50.930510000000005" lon="5.19144">
    <ele>26.89</ele>
   </trkpt>
   <trkpt lat="50.93038000000001" lon="5.191610000000001">
    <ele>26.78</ele>
   </trkpt>
   <trkpt lat="50.92989333971629" lon="5.192476684859097">
    <ele>26.950000000000003</ele>
   </trkpt>
   <trkpt lat="50.92940667301766" lon="5.193343351582368">
    <ele>27.430000000000003</ele>
   </trkpt>
   <trkpt lat="50.928920000000005" lon="5.19421">
    <ele>27.810000000000002</ele>
   </trkpt>
   <trkpt lat="50.928560000000004" lon="5.1949000000000005">
    <ele>28.07</ele>
   </trkpt>
   <trkpt lat="50.92831" lon="5.195460000000001">
    <ele>28.690000000000005</ele>
   </trkpt>
   <trkpt lat="50.928160000000005" lon="5.195460000000001">
    <ele>28.57</ele>
   </trkpt>
   <trkpt lat="50.92781" lon="5.19561">
    <ele>28.630000000000003</ele>
   </trkpt>
   <trkpt lat="50.927410000936135" lon="5.196090004184757">
    <ele>29.290000000000003</ele>
   </trkpt>
   <trkpt lat="50.92701" lon="5.19657">
    <ele>30.300000000000004</ele>
   </trkpt>
   <trkpt lat="50.926730000000006" lon="5.19707">
    <ele>30.53</ele>
   </trkpt>
   <trkpt lat="50.92651000000001" lon="5.19751">
    <ele>30.820000000000004</ele>
   </trkpt>
   <trkpt lat="50.926520000000004" lon="5.1974800000000005">
    <ele>30.8</ele>
   </trkpt>
   <trkpt lat="50.92598001064205" lon="5.198596692606841">
    <ele>31.400000000000002</ele>
   </trkpt>
   <trkpt lat="50.9254400106342" lon="5.199713359289245">
    <ele>31.03</ele>
   </trkpt>
   <trkpt lat="50.9249" lon="5.200830000000001">
    <ele>30.78</ele>
   </trkpt>
   <trkpt lat="50.92484" lon="5.20101">
    <ele>30.78</ele>
   </trkpt>
   <trkpt lat="50.92453000555633" lon="5.202150007572182">
    <ele>30.61</ele>
   </trkpt>
   <trkpt lat="50.924220000000005" lon="5.203290000000001">
    <ele>30.02</ele>
   </trkpt>
   <trkpt lat="50.92418000000001" lon="5.203460000000001">
    <ele>29.66</ele>
   </trkpt>
   <trkpt lat="50.92399" lon="5.20385">
    <ele>29.240000000000002</ele>
   </trkpt>
   <trkpt lat="50.92365500149269" lon="5.204465004653223">
    <ele>29.130000000000003</ele>
   </trkpt>
   <trkpt lat="50.923320000000004" lon="5.205080000000001">
    <ele>29.59</ele>
   </trkpt>
   <trkpt lat="50.92266000000001" lon="5.205710000000001">
    <ele>30.590000000000003</ele>
   </trkpt>
   <trkpt lat="50.922090000000004" lon="5.20631">
    <ele>31.330000000000002</ele>
   </trkpt>
   <trkpt lat="50.92157" lon="5.206950000000001">
    <ele>32.010000000000005</ele>
   </trkpt>
   <trkpt lat="50.92132" lon="5.20729">
    <ele>32.25</ele>
   </trkpt>
   <trkpt lat="50.92108" lon="5.20774">
    <ele>32.260000000000005</ele>
   </trkpt>
   <trkpt lat="50.92053000000001" lon="5.208850000000001">
    <ele>32.300000000000004</ele>
   </trkpt>
   <trkpt lat="50.920080004608906" lon="5.209890010081339">
    <ele>32.0</ele>
   </trkpt>
   <trkpt lat="50.919630000000005" lon="5.21093">
    <ele>31.19</ele>
   </trkpt>
   <trkpt lat="50.9196" lon="5.21107">
    <ele>31.19</ele>
   </trkpt>
   <trkpt lat="50.9196" lon="5.21128">
    <ele>31.19</ele>
   </trkpt>
   <trkpt lat="50.91975000000001" lon="5.211930000000001">
    <ele>31.090000000000003</ele>
   </trkpt>
   <trkpt lat="50.91975000000001" lon="5.212090000000001">
    <ele>31.26</ele>
   </trkpt>
   <trkpt lat="50.919720000000005" lon="5.212260000000001">
    <ele>31.26</ele>
   </trkpt>
   <trkpt lat="50.91933" lon="5.213120000000001">
    <ele>31.55</ele>
   </trkpt>
   <trkpt lat="50.919050000000006" lon="5.21382">
    <ele>31.78</ele>
   </trkpt>
   <trkpt lat="50.91902" lon="5.21401">
    <ele>31.69</ele>
   </trkpt>
   <trkpt lat="50.919000000000004" lon="5.214300000000001">
    <ele>31.52</ele>
   </trkpt>
   <trkpt lat="50.919005002243864" lon="5.215024999800498">
    <ele>31.310000000000002</ele>
   </trkpt>
   <trkpt lat="50.91901000000001" lon="5.215750000000001">
    <ele>31.150000000000002</ele>
   </trkpt>
   <trkpt lat="50.91901000000001" lon="5.2157100000000005">
    <ele>31.160000000000004</ele>
   </trkpt>
   <trkpt lat="50.91902500346024" lon="5.216609999776954">
    <ele>31.19</ele>
   </trkpt>
   <trkpt lat="50.91904" lon="5.217510000000001">
    <ele>31.090000000000003</ele>
   </trkpt>
   <trkpt lat="50.919070000000005" lon="5.21788">
    <ele>31.090000000000003</ele>
   </trkpt>
   <trkpt lat="50.919070000000005" lon="5.21832">
    <ele>31.12</ele>
   </trkpt>
   <trkpt lat="50.91901000000001" lon="5.21888">
    <ele>31.12</ele>
   </trkpt>
   <trkpt lat="50.9187" lon="5.220210000000001">
    <ele>31.44</ele>
   </trkpt>
   <trkpt lat="50.918580000000006" lon="5.2205900000000005">
    <ele>31.44</ele>
   </trkpt>
   <trkpt lat="50.91845000000001" lon="5.22088">
    <ele>31.39</ele>
   </trkpt>
   <trkpt lat="50.91789000000001" lon="5.221970000000001">
    <ele>32.25</ele>
   </trkpt>
   <trkpt lat="50.917860000000005" lon="5.222090000000001">
    <ele>32.25</ele>
   </trkpt>
   <trkpt lat="50.91765" lon="5.22208">
    <ele>32.25</ele>
   </trkpt>
   <trkpt lat="50.91723" lon="5.2221">
    <ele>32.910000000000004</ele>
   </trkpt>
   <trkpt lat="50.916650000000004" lon="5.222180000000001">
    <ele>33.5</ele>
   </trkpt>
   <trkpt lat="50.915800000000004" lon="5.22233">
    <ele>34.57</ele>
   </trkpt>
   <trkpt lat="50.91517" lon="5.222510000000001">
    <ele>34.800000000000004</ele>
   </trkpt>
   <trkpt lat="50.914620000210014" lon="5.222705002287645">
    <ele>35.03000000000001</ele>
   </trkpt>
   <trkpt lat="50.91407" lon="5.2229">
    <ele>35.07</ele>
   </trkpt>
   <trkpt lat="50.913740000000004" lon="5.22299">
    <ele>35.160000000000004</ele>
   </trkpt>
   <trkpt lat="50.913700000000006" lon="5.22299">
    <ele>35.18</ele>
   </trkpt>
   <trkpt lat="50.913540000000005" lon="5.22302">
    <ele>35.18</ele>
   </trkpt>
   <trkpt lat="50.91333" lon="5.22292">
    <ele>35.43</ele>
   </trkpt>
   <trkpt lat="50.913180000000004" lon="5.2228">
    <ele>35.57</ele>
   </trkpt>
   <trkpt lat="50.91311" lon="5.222720000000001">
    <ele>35.57</ele>
   </trkpt>
   <trkpt lat="50.91299" lon="5.22252">
    <ele>35.870000000000005</ele>
   </trkpt>
   <trkpt lat="50.91257" lon="5.221760000000001">
    <ele>36.480000000000004</ele>
   </trkpt>
   <trkpt lat="50.91228" lon="5.221310000000001">
    <ele>36.93000000000001</ele>
   </trkpt>
   <trkpt lat="50.91194" lon="5.220980000000001">
    <ele>36.93000000000001</ele>
   </trkpt>
   <trkpt lat="50.911680000000004" lon="5.220750000000001">
    <ele>38.45</ele>
   </trkpt>
   <trkpt lat="50.911440000000006" lon="5.220610000000001">
    <ele>38.45</ele>
   </trkpt>
   <trkpt lat="50.91127" lon="5.22053">
    <ele>38.45</ele>
   </trkpt>
   <trkpt lat="50.91076500021939" lon="5.220434999003303">
    <ele>38.78</ele>
   </trkpt>
   <trkpt lat="50.91026" lon="5.22034">
    <ele>39.43</ele>
   </trkpt>
   <trkpt lat="50.90993" lon="5.220330000000001">
    <ele>39.970000000000006</ele>
   </trkpt>
   <trkpt lat="50.90908" lon="5.220370000000001">
    <ele>40.300000000000004</ele>
   </trkpt>
   <trkpt lat="50.90842000000001" lon="5.220420000000001">
    <ele>40.38</ele>
   </trkpt>
   <trkpt lat="50.90787" lon="5.22048">
    <ele>40.21</ele>
   </trkpt>
   <trkpt lat="50.90738" lon="5.2205">
    <ele>40.120000000000005</ele>
   </trkpt>
   <trkpt lat="50.90688" lon="5.22046">
    <ele>39.95</ele>
   </trkpt>
   <trkpt lat="50.906580000000005" lon="5.2205200000000005">
    <ele>40.010000000000005</ele>
   </trkpt>
   <trkpt lat="50.90637" lon="5.220610000000001">
    <ele>40.120000000000005</ele>
   </trkpt>
   <trkpt lat="50.906220000000005" lon="5.220700000000001">
    <ele>40.120000000000005</ele>
   </trkpt>
   <trkpt lat="50.90550500183076" lon="5.221370010371253">
    <ele>40.84</ele>
   </trkpt>
   <trkpt lat="50.904790000000006" lon="5.222040000000001">
    <ele>41.17</ele>
   </trkpt>
   <trkpt lat="50.90438" lon="5.22241">
    <ele>41.400000000000006</ele>
   </trkpt>
   <trkpt lat="50.90419000000001" lon="5.22254">
    <ele>41.57</ele>
   </trkpt>
   <trkpt lat="50.90390000000001" lon="5.22266">
    <ele>41.57</ele>
   </trkpt>
   <trkpt lat="50.903510000000004" lon="5.22276">
    <ele>41.75</ele>
   </trkpt>
   <trkpt lat="50.90283" lon="5.2228200000000005">
    <ele>41.97</ele>
   </trkpt>
   <trkpt lat="50.90256" lon="5.222860000000001">
    <ele>41.97</ele>
   </trkpt>
   <trkpt lat="50.90238" lon="5.22292">
    <ele>41.93</ele>
   </trkpt>
   <trkpt lat="50.902100000000004" lon="5.223050000000001">
    <ele>41.78</ele>
   </trkpt>
   <trkpt lat="50.90182" lon="5.22323">
    <ele>40.79</ele>
   </trkpt>
   <trkpt lat="50.90139000039015" lon="5.2235900034614735">
    <ele>39.75</ele>
   </trkpt>
   <trkpt lat="50.900960000000005" lon="5.22395">
    <ele>39.49</ele>
   </trkpt>
   <trkpt lat="50.90077" lon="5.22412">
    <ele>39.25</ele>
   </trkpt>
   <trkpt lat="50.90068" lon="5.2243">
    <ele>39.05</ele>
   </trkpt>
   <trkpt lat="50.900600000000004" lon="5.22424">
    <ele>38.82</ele>
   </trkpt>
   <trkpt lat="50.900220000000004" lon="5.2243">
    <ele>38.3</ele>
   </trkpt>
   <trkpt lat="50.899350000000005" lon="5.22433">
    <ele>38.34</ele>
   </trkpt>
   <trkpt lat="50.89893000000001" lon="5.22426">
    <ele>38.52</ele>
   </trkpt>
   <trkpt lat="50.89869" lon="5.224170000000001">
    <ele>38.78</ele>
   </trkpt>
   <trkpt lat="50.89835" lon="5.223960000000001">
    <ele>39.45</ele>
   </trkpt>
   <trkpt lat="50.89797668037503" lon="5.225226686968172">
    <ele>39.74</ele>
   </trkpt>
   <trkpt lat="50.89760334704413" lon="5.226493353626238">
    <ele>41.14</ele>
   </trkpt>
   <trkpt lat="50.89723000000001" lon="5.227760000000001">
    <ele>43.08</ele>
   </trkpt>
   <trkpt lat="50.897200000000005" lon="5.227790000000001">
    <ele>43.24</ele>
   </trkpt>
   <trkpt lat="50.89714000000001" lon="5.227790000000001">
    <ele>43.24</ele>
   </trkpt>
   <trkpt lat="50.89660000000001" lon="5.22775">
    <ele>44.15</ele>
   </trkpt>
   <trkpt lat="50.89584500006747" lon="5.227677496473886">
    <ele>45.56</ele>
   </trkpt>
   <trkpt lat="50.89509000009003" lon="5.227604995298615">
    <ele>47.75</ele>
   </trkpt>
   <trkpt lat="50.894335000067684" lon="5.227532496474048">
    <ele>48.540000000000006</ele>
   </trkpt>
   <trkpt lat="50.89358000000001" lon="5.227460000000001">
    <ele>48.88</ele>
   </trkpt>
   <trkpt lat="50.893480000000004" lon="5.227460000000001">
    <ele>48.88</ele>
   </trkpt>
   <trkpt lat="50.893420000000006" lon="5.227480000000001">
    <ele>49.09</ele>
   </trkpt>
   <trkpt lat="50.893370000000004" lon="5.227530000000001">
    <ele>49.09</ele>
   </trkpt>
   <trkpt lat="50.893070002347926" lon="5.228255004421483">
    <ele>50.940000000000005</ele>
   </trkpt>
   <trkpt lat="50.892770000000006" lon="5.228980000000001">
    <ele>52.93000000000001</ele>
   </trkpt>
   <trkpt lat="50.892610000000005" lon="5.229620000000001">
    <ele>53.87</ele>
   </trkpt>
   <trkpt lat="50.89249" lon="5.22987">
    <ele>53.89000000000001</ele>
   </trkpt>
   <trkpt lat="50.89233" lon="5.23007">
    <ele>53.63</ele>
   </trkpt>
   <trkpt lat="50.89159" lon="5.23061">
    <ele>54.760000000000005</ele>
   </trkpt>
   <trkpt lat="50.891040000000004" lon="5.2312">
    <ele>55.92</ele>
   </trkpt>
   <trkpt lat="50.89052" lon="5.23183">
    <ele>56.230000000000004</ele>
   </trkpt>
   <trkpt lat="50.890350000000005" lon="5.232060000000001">
    <ele>56.18000000000001</ele>
   </trkpt>
   <trkpt lat="50.890190000000004" lon="5.23245">
    <ele>56.220000000000006</ele>
   </trkpt>
   <trkpt lat="50.890060000000005" lon="5.23268">
    <ele>56.580000000000005</ele>
   </trkpt>
   <trkpt lat="50.88968000163685" lon="5.233275004658824">
    <ele>56.93</ele>
   </trkpt>
   <trkpt lat="50.889300000000006" lon="5.2338700000000005">
    <ele>57.32</ele>
   </trkpt>
   <trkpt lat="50.88882" lon="5.2346">
    <ele>57.74</ele>
   </trkpt>
   <trkpt lat="50.888370003905486" lon="5.235276679749527">
    <ele>58.14</ele>
   </trkpt>
   <trkpt lat="50.88792000389927" lon="5.235953346425357">
    <ele>58.550000000000004</ele>
   </trkpt>
   <trkpt lat="50.88747000000001" lon="5.236630000000001">
    <ele>58.82</ele>
   </trkpt>
   <trkpt lat="50.887420000000006" lon="5.23674">
    <ele>58.88</ele>
   </trkpt>
   <trkpt lat="50.88749000000001" lon="5.23686">
    <ele>58.88</ele>
   </trkpt>
   <trkpt lat="50.88823667163331" lon="5.237623308851097">
    <ele>58.11</ele>
   </trkpt>
   <trkpt lat="50.888983338288966" lon="5.238386642172658">
    <ele>57.46</ele>
   </trkpt>
   <trkpt lat="50.88973000000001" lon="5.23915">
    <ele>56.92</ele>
   </trkpt>
   <trkpt lat="50.889700000000005" lon="5.2393">
    <ele>56.870000000000005</ele>
   </trkpt>
   <trkpt lat="50.88920002097482" lon="5.240408047575196">
    <ele>57.02</ele>
   </trkpt>
   <trkpt lat="50.88870003146118" lon="5.241516071363825">
    <ele>57.74</ele>
   </trkpt>
   <trkpt lat="50.88820003145943" lon="5.242624071366327">
    <ele>58.34</ele>
   </trkpt>
   <trkpt lat="50.88770002097003" lon="5.243732047583134">
    <ele>58.77</ele>
   </trkpt>
   <trkpt lat="50.88720000000001" lon="5.244840000000001">
    <ele>59.04</ele>
   </trkpt>
   <trkpt lat="50.887010000000004" lon="5.245150000000001">
    <ele>58.88</ele>
   </trkpt>
   <trkpt lat="50.886480000000006" lon="5.24593">
    <ele>57.36</ele>
   </trkpt>
   <trkpt lat="50.88642" lon="5.246090000000001">
    <ele>57.03</ele>
   </trkpt>
   <trkpt lat="50.88638" lon="5.24634">
    <ele>57.03</ele>
   </trkpt>
   <trkpt lat="50.886410000000005" lon="5.247610000000001">
    <ele>54.18000000000001</ele>
   </trkpt>
   <trkpt lat="50.886280000000006" lon="5.2475700000000005">
    <ele>53.4</ele>
   </trkpt>
   <trkpt lat="50.88570000000001" lon="5.247240000000001">
    <ele>51.75</ele>
   </trkpt>
   <trkpt lat="50.88546" lon="5.247170000000001">
    <ele>51.260000000000005</ele>
   </trkpt>
   <trkpt lat="50.885220000000004" lon="5.24715">
    <ele>51.0</ele>
   </trkpt>
   <trkpt lat="50.88456000008574" lon="5.2472250010554795">
    <ele>50.29</ele>
   </trkpt>
   <trkpt lat="50.883900000000004" lon="5.2473">
    <ele>49.93</ele>
   </trkpt>
   <trkpt lat="50.88371" lon="5.247260000000001">
    <ele>49.92</ele>
   </trkpt>
   <trkpt lat="50.883500000000005" lon="5.24713">
    <ele>49.82</ele>
   </trkpt>
   <trkpt lat="50.883390000000006" lon="5.24702">
    <ele>49.82</ele>
   </trkpt>
   <trkpt lat="50.88297000095594" lon="5.246524995430886">
    <ele>49.77</ele>
   </trkpt>
   <trkpt lat="50.88255" lon="5.24603">
    <ele>50.04</ele>
   </trkpt>
   <trkpt lat="50.88244" lon="5.245950000000001">
    <ele>50.14</ele>
   </trkpt>
   <trkpt lat="50.882400000000004" lon="5.24594">
    <ele>50.14</ele>
   </trkpt>
   <trkpt lat="50.882310000000004" lon="5.245950000000001">
    <ele>50.14</ele>
   </trkpt>
   <trkpt lat="50.882220000000004" lon="5.246">
    <ele>50.14</ele>
   </trkpt>
   <trkpt lat="50.881780000000006" lon="5.24631">
    <ele>50.14</ele>
   </trkpt>
   <trkpt lat="50.8815" lon="5.246370000000001">
    <ele>49.82</ele>
   </trkpt>
   <trkpt lat="50.881350000000005" lon="5.24634">
    <ele>49.82</ele>
   </trkpt>
   <trkpt lat="50.881190000000004" lon="5.24627">
    <ele>49.720000000000006</ele>
   </trkpt>
   <trkpt lat="50.880880000000005" lon="5.24596">
    <ele>49.690000000000005</ele>
   </trkpt>
   <trkpt lat="50.88033000455524" lon="5.245233316236702">
    <ele>50.230000000000004</ele>
   </trkpt>
   <trkpt lat="50.87978000459905" lon="5.244506649628197">
    <ele>50.86</ele>
   </trkpt>
   <trkpt lat="50.87923000000001" lon="5.24378">
    <ele>51.7</ele>
   </trkpt>
   <trkpt lat="50.87915" lon="5.2437000000000005">
    <ele>51.74</ele>
   </trkpt>
   <trkpt lat="50.87901" lon="5.243650000000001">
    <ele>51.67000000000001</ele>
   </trkpt>
   <trkpt lat="50.878890000000006" lon="5.24368">
    <ele>51.53000000000001</ele>
   </trkpt>
   <trkpt lat="50.87877" lon="5.243810000000001">
    <ele>51.53000000000001</ele>
   </trkpt>
   <trkpt lat="50.87834" lon="5.24439">
    <ele>50.89</ele>
   </trkpt>
   <trkpt lat="50.87834" lon="5.2443800000000005">
    <ele>50.89</ele>
   </trkpt>
   <trkpt lat="50.87818000000001" lon="5.244610000000001">
    <ele>50.99000000000001</ele>
   </trkpt>
   <trkpt lat="50.8783" lon="5.245010000000001">
    <ele>50.85000000000001</ele>
   </trkpt>
   <trkpt lat="50.878310000000006" lon="5.2452700000000005">
    <ele>50.910000000000004</ele>
   </trkpt>
   <trkpt lat="50.878280000000004" lon="5.245480000000001">
    <ele>50.910000000000004</ele>
   </trkpt>
   <trkpt lat="50.878150000000005" lon="5.24577">
    <ele>51.120000000000005</ele>
   </trkpt>
   <trkpt lat="50.87802000000001" lon="5.24589">
    <ele>51.370000000000005</ele>
   </trkpt>
   <trkpt lat="50.877840000000006" lon="5.245990000000001">
    <ele>51.65</ele>
   </trkpt>
   <trkpt lat="50.87711000069872" lon="5.246395006345372">
    <ele>53.26</ele>
   </trkpt>
   <trkpt lat="50.876380000000005" lon="5.2468">
    <ele>55.50000000000001</ele>
   </trkpt>
   <trkpt lat="50.87568500089056" lon="5.24727000704505">
    <ele>57.31</ele>
   </trkpt>
   <trkpt lat="50.874990000000004" lon="5.24774">
    <ele>59.160000000000004</ele>
   </trkpt>
   <trkpt lat="50.874860000000005" lon="5.24786">
    <ele>60.50000000000001</ele>
   </trkpt>
   <trkpt lat="50.87480000000001" lon="5.247940000000001">
    <ele>60.50000000000001</ele>
   </trkpt>
   <trkpt lat="50.87467" lon="5.24817">
    <ele>60.89000000000001</ele>
   </trkpt>
   <trkpt lat="50.87462000000001" lon="5.24831">
    <ele>61.15</ele>
   </trkpt>
   <trkpt lat="50.87443000713331" lon="5.249223340750304">
    <ele>62.6</ele>
   </trkpt>
   <trkpt lat="50.874240007139484" lon="5.250136674053812">
    <ele>63.57</ele>
   </trkpt>
   <trkpt lat="50.874050000000004" lon="5.25105">
    <ele>64.42</ele>
   </trkpt>
   <trkpt lat="50.873990000000006" lon="5.2513000000000005">
    <ele>64.89999999999999</ele>
   </trkpt>
   <trkpt lat="50.87391" lon="5.251480000000001">
    <ele>65.13000000000001</ele>
   </trkpt>
   <trkpt lat="50.873780000000004" lon="5.25168">
    <ele>65.99000000000001</ele>
   </trkpt>
   <trkpt lat="50.87317000208028" lon="5.252395009479403">
    <ele>68.53</ele>
   </trkpt>
   <trkpt lat="50.87256000000001" lon="5.25311">
    <ele>68.7</ele>
   </trkpt>
   <trkpt lat="50.872330000000005" lon="5.25344">
    <ele>67.89</ele>
   </trkpt>
   <trkpt lat="50.87173500401418" lon="5.2544100123912525">
    <ele>64.16000000000001</ele>
   </trkpt>
   <trkpt lat="50.871140000000004" lon="5.255380000000001">
    <ele>60.78000000000001</ele>
   </trkpt>
   <trkpt lat="50.870560003865435" lon="5.256330011804768">
    <ele>58.260000000000005</ele>
   </trkpt>
   <trkpt lat="50.869980000000005" lon="5.257280000000001">
    <ele>58.230000000000004</ele>
   </trkpt>
   <trkpt lat="50.87032500150249" lon="5.257849995970345">
    <ele>57.290000000000006</ele>
   </trkpt>
   <trkpt lat="50.870670000000004" lon="5.25842">
    <ele>57.510000000000005</ele>
   </trkpt>
   <trkpt lat="50.870560000000005" lon="5.258570000000001">
    <ele>57.14</ele>
   </trkpt>
   <trkpt lat="50.87003500078852" lon="5.259010004988031">
    <ele>54.99</ele>
   </trkpt>
   <trkpt lat="50.869510000000005" lon="5.25945">
    <ele>53.83</ele>
   </trkpt>
   <trkpt lat="50.86881500126978" lon="5.26000000821801">
    <ele>52.46000000000001</ele>
   </trkpt>
   <trkpt lat="50.868120000000005" lon="5.26055">
    <ele>51.03000000000001</ele>
   </trkpt>
   <trkpt lat="50.86762" lon="5.261010000000001">
    <ele>50.47</ele>
   </trkpt>
   <trkpt lat="50.86732000000001" lon="5.26149">
    <ele>50.61</ele>
   </trkpt>
   <trkpt lat="50.86688334321016" lon="5.262566686905352">
    <ele>49.46</ele>
   </trkpt>
   <trkpt lat="50.86644667651551" lon="5.263643353640671">
    <ele>48.99</ele>
   </trkpt>
   <trkpt lat="50.86601" lon="5.2647200000000005">
    <ele>48.510000000000005</ele>
   </trkpt>
   <trkpt lat="50.86565000721793" lon="5.2656400142443065">
    <ele>48.080000000000005</ele>
   </trkpt>
   <trkpt lat="50.86529000720382" lon="5.266560014280175">
    <ele>47.14</ele>
   </trkpt>
   <trkpt lat="50.86493" lon="5.267480000000001">
    <ele>46.07000000000001</ele>
   </trkpt>
   <trkpt lat="50.86493" lon="5.26747">
    <ele>46.080000000000005</ele>
   </trkpt>
   <trkpt lat="50.86450000000001" lon="5.268560000000001">
    <ele>44.870000000000005</ele>
   </trkpt>
   <trkpt lat="50.864340000000006" lon="5.2689200000000005">
    <ele>44.660000000000004</ele>
   </trkpt>
   <trkpt lat="50.864180000000005" lon="5.26919">
    <ele>44.46000000000001</ele>
   </trkpt>
   <trkpt lat="50.86404" lon="5.26937">
    <ele>44.58</ele>
   </trkpt>
   <trkpt lat="50.863490000000006" lon="5.269850000000001">
    <ele>44.46000000000001</ele>
   </trkpt>
   <trkpt lat="50.86339" lon="5.268490000000001">
    <ele>43.57</ele>
   </trkpt>
   <trkpt lat="50.86329500243703" lon="5.267729998206403">
    <ele>44.06</ele>
   </trkpt>
   <trkpt lat="50.863200000000006" lon="5.266970000000001">
    <ele>44.25000000000001</ele>
   </trkpt>
   <trkpt lat="50.86314" lon="5.266710000000001">
    <ele>44.28000000000001</ele>
   </trkpt>
   <trkpt lat="50.86283" lon="5.26599">
    <ele>44.36</ele>
   </trkpt>
   <trkpt lat="50.862575001883336" lon="5.265309996035238">
    <ele>44.02</ele>
   </trkpt>
   <trkpt lat="50.862320000000004" lon="5.26463">
    <ele>43.78000000000001</ele>
   </trkpt>
   <trkpt lat="50.86198667215937" lon="5.26382665512866">
    <ele>43.980000000000004</ele>
   </trkpt>
   <trkpt lat="50.86165333880445" lon="5.263023321743465">
    <ele>44.32000000000001</ele>
   </trkpt>
   <trkpt lat="50.861320000000006" lon="5.26222">
    <ele>44.50000000000001</ele>
   </trkpt>
   <trkpt lat="50.860880004697016" lon="5.2611699900602265">
    <ele>45.290000000000006</ele>
   </trkpt>
   <trkpt lat="50.860440000000004" lon="5.260120000000001">
    <ele>45.44</ele>
   </trkpt>
   <trkpt lat="50.86021" lon="5.25943">
    <ele>45.730000000000004</ele>
   </trkpt>
   <trkpt lat="50.860130000000005" lon="5.259130000000001">
    <ele>45.78</ele>
   </trkpt>
   <trkpt lat="50.85992" lon="5.2586">
    <ele>45.92</ele>
   </trkpt>
   <trkpt lat="50.859910000000006" lon="5.2586">
    <ele>45.93000000000001</ele>
   </trkpt>
   <trkpt lat="50.85958000239018" lon="5.257854994770343">
    <ele>45.980000000000004</ele>
   </trkpt>
   <trkpt lat="50.85925" lon="5.257110000000001">
    <ele>46.290000000000006</ele>
   </trkpt>
   <trkpt lat="50.85877000000001" lon="5.25593">
    <ele>46.61000000000001</ele>
   </trkpt>
   <trkpt lat="50.85855" lon="5.256500000000001">
    <ele>46.56</ele>
   </trkpt>
   <trkpt lat="50.858340000000005" lon="5.25703">
    <ele>46.43000000000001</ele>
   </trkpt>
   <trkpt lat="50.858270000000005" lon="5.257280000000001">
    <ele>46.43000000000001</ele>
   </trkpt>
   <trkpt lat="50.85822" lon="5.25755">
    <ele>46.45</ele>
   </trkpt>
   <trkpt lat="50.858140000000006" lon="5.2586">
    <ele>46.690000000000005</ele>
   </trkpt>
   <trkpt lat="50.85799" lon="5.25922">
    <ele>46.92</ele>
   </trkpt>
   <trkpt lat="50.85779" lon="5.25978">
    <ele>47.06</ele>
   </trkpt>
   <trkpt lat="50.857670000000006" lon="5.25999">
    <ele>47.06</ele>
   </trkpt>
   <trkpt lat="50.85755" lon="5.260160000000001">
    <ele>47.14</ele>
   </trkpt>
   <trkpt lat="50.85705500099678" lon="5.260640005082934">
    <ele>47.440000000000005</ele>
   </trkpt>
   <trkpt lat="50.85656" lon="5.26112">
    <ele>47.760000000000005</ele>
   </trkpt>
   <trkpt lat="50.85647" lon="5.261310000000001">
    <ele>47.760000000000005</ele>
   </trkpt>
   <trkpt lat="50.85643" lon="5.261550000000001">
    <ele>47.96</ele>
   </trkpt>
   <trkpt lat="50.856440000000006" lon="5.26179">
    <ele>47.96</ele>
   </trkpt>
   <trkpt lat="50.85658500402442" lon="5.262754997304398">
    <ele>48.540000000000006</ele>
   </trkpt>
   <trkpt lat="50.856730000000006" lon="5.26372">
    <ele>49.75</ele>
   </trkpt>
   <trkpt lat="50.85606666776581" lon="5.264080010245486">
    <ele>49.21</ele>
   </trkpt>
   <trkpt lat="50.85540333442414" lon="5.264440010249822">
    <ele>49.54</ele>
   </trkpt>
   <trkpt lat="50.85474000000001" lon="5.2648">
    <ele>49.99000000000001</ele>
   </trkpt>
   <trkpt lat="50.854600000000005" lon="5.26485">
    <ele>50.150000000000006</ele>
   </trkpt>
   <trkpt lat="50.85452" lon="5.26484">
    <ele>50.150000000000006</ele>
   </trkpt>
   <trkpt lat="50.85434000000001" lon="5.26478">
    <ele>50.18</ele>
   </trkpt>
   <trkpt lat="50.85423" lon="5.2648">
    <ele>50.300000000000004</ele>
   </trkpt>
   <trkpt lat="50.85350000032842" lon="5.265125005141511">
    <ele>50.61</ele>
   </trkpt>
   <trkpt lat="50.85277000000001" lon="5.26545">
    <ele>50.63</ele>
   </trkpt>
   <trkpt lat="50.85226" lon="5.26574">
    <ele>50.650000000000006</ele>
   </trkpt>
   <trkpt lat="50.851960000000005" lon="5.2658700000000005">
    <ele>50.580000000000005</ele>
   </trkpt>
   <trkpt lat="50.85197" lon="5.265860000000001">
    <ele>50.580000000000005</ele>
   </trkpt>
   <trkpt lat="50.85155" lon="5.26606">
    <ele>50.72</ele>
   </trkpt>
   <trkpt lat="50.85089000000001" lon="5.26644">
    <ele>50.870000000000005</ele>
   </trkpt>
   <trkpt lat="50.850660000000005" lon="5.26653">
    <ele>51.0</ele>
   </trkpt>
   <trkpt lat="50.850190000000005" lon="5.26665">
    <ele>50.89</ele>
   </trkpt>
   <trkpt lat="50.8493950002696" lon="5.266915004526512">
    <ele>51.13</ele>
   </trkpt>
   <trkpt lat="50.848600000000005" lon="5.267180000000001">
    <ele>51.45</ele>
   </trkpt>
   <trkpt lat="50.848290000000006" lon="5.26731">
    <ele>51.18</ele>
   </trkpt>
   <trkpt lat="50.84817" lon="5.267410000000001">
    <ele>51.18</ele>
   </trkpt>
   <trkpt lat="50.84798000000001" lon="5.26773">
    <ele>51.09</ele>
   </trkpt>
   <trkpt lat="50.84781" lon="5.2679100000000005">
    <ele>50.79</ele>
   </trkpt>
   <trkpt lat="50.84732" lon="5.268260000000001">
    <ele>50.71</ele>
   </trkpt>
   <trkpt lat="50.84698" lon="5.268630000000001">
    <ele>50.9</ele>
   </trkpt>
   <trkpt lat="50.846880000000006" lon="5.26879">
    <ele>51.36</ele>
   </trkpt>
   <trkpt lat="50.84642" lon="5.2696700000000005">
    <ele>52.39000000000001</ele>
   </trkpt>
   <trkpt lat="50.84630000000001" lon="5.269950000000001">
    <ele>52.39000000000001</ele>
   </trkpt>
   <trkpt lat="50.84626" lon="5.27019">
    <ele>52.72</ele>
   </trkpt>
   <trkpt lat="50.846270000000004" lon="5.27029">
    <ele>52.72</ele>
   </trkpt>
   <trkpt lat="50.84637000000001" lon="5.27064">
    <ele>53.22</ele>
   </trkpt>
   <trkpt lat="50.84639000000001" lon="5.27083">
    <ele>53.22</ele>
   </trkpt>
   <trkpt lat="50.846205001763124" lon="5.271485002845245">
    <ele>53.18000000000001</ele>
   </trkpt>
   <trkpt lat="50.84602" lon="5.27214">
    <ele>52.690000000000005</ele>
   </trkpt>
   <trkpt lat="50.845960000000005" lon="5.2722500000000005">
    <ele>52.43000000000001</ele>
   </trkpt>
   <trkpt lat="50.84584" lon="5.2724">
    <ele>51.61</ele>
   </trkpt>
   <trkpt lat="50.84512" lon="5.273180000000001">
    <ele>49.7</ele>
   </trkpt>
   <trkpt lat="50.845060000000004" lon="5.27336">
    <ele>48.85</ele>
   </trkpt>
   <trkpt lat="50.844910000000006" lon="5.27338">
    <ele>48.85</ele>
   </trkpt>
   <trkpt lat="50.844750000000005" lon="5.27345">
    <ele>47.790000000000006</ele>
   </trkpt>
   <trkpt lat="50.84405" lon="5.273840000000001">
    <ele>46.43000000000001</ele>
   </trkpt>
   <trkpt lat="50.843900000000005" lon="5.2738700000000005">
    <ele>46.26</ele>
   </trkpt>
   <trkpt lat="50.84351" lon="5.27388">
    <ele>46.43000000000001</ele>
   </trkpt>
   <trkpt lat="50.84333" lon="5.2739">
    <ele>46.62</ele>
   </trkpt>
   <trkpt lat="50.84313" lon="5.27397">
    <ele>46.720000000000006</ele>
   </trkpt>
   <trkpt lat="50.842940000000006" lon="5.27407">
    <ele>46.81</ele>
   </trkpt>
   <trkpt lat="50.84268" lon="5.274290000000001">
    <ele>46.85</ele>
   </trkpt>
   <trkpt lat="50.84244" lon="5.27458">
    <ele>47.18000000000001</ele>
   </trkpt>
   <trkpt lat="50.84223" lon="5.27491">
    <ele>47.43000000000001</ele>
   </trkpt>
   <trkpt lat="50.841780011395315" lon="5.275852527251823">
    <ele>48.370000000000005</ele>
   </trkpt>
   <trkpt lat="50.84133001519904" lon="5.276795036324132">
    <ele>48.800000000000004</ele>
   </trkpt>
   <trkpt lat="50.8408800114114" lon="5.2777375272172575">
    <ele>49.75</ele>
   </trkpt>
   <trkpt lat="50.840430000000005" lon="5.2786800000000005">
    <ele>50.92000000000001</ele>
   </trkpt>
   <trkpt lat="50.84026" lon="5.278930000000001">
    <ele>51.22</ele>
   </trkpt>
   <trkpt lat="50.840140000000005" lon="5.27902">
    <ele>51.52</ele>
   </trkpt>
   <trkpt lat="50.84002" lon="5.27909">
    <ele>51.54</ele>
   </trkpt>
   <trkpt lat="50.83982" lon="5.27911">
    <ele>51.690000000000005</ele>
   </trkpt>
   <trkpt lat="50.83977" lon="5.279100000000001">
    <ele>51.730000000000004</ele>
   </trkpt>
   <trkpt lat="50.839580000000005" lon="5.2790300000000006">
    <ele>51.910000000000004</ele>
   </trkpt>
   <trkpt lat="50.83912" lon="5.278770000000001">
    <ele>52.910000000000004</ele>
   </trkpt>
   <trkpt lat="50.83852334124324" lon="5.2797333580017">
    <ele>53.300000000000004</ele>
   </trkpt>
   <trkpt lat="50.837926674555455" lon="5.280696691368654">
    <ele>54.720000000000006</ele>
   </trkpt>
   <trkpt lat="50.83733" lon="5.2816600000000005">
    <ele>56.18000000000001</ele>
   </trkpt>
   <trkpt lat="50.837210000000006" lon="5.281820000000001">
    <ele>56.18000000000001</ele>
   </trkpt>
   <trkpt lat="50.836960000000005" lon="5.28209">
    <ele>56.620000000000005</ele>
   </trkpt>
   <trkpt lat="50.836600000000004" lon="5.28237">
    <ele>57.440000000000005</ele>
   </trkpt>
   <trkpt lat="50.83589000077962" lon="5.282795006461009">
    <ele>58.13000000000001</ele>
   </trkpt>
   <trkpt lat="50.83518" lon="5.28322">
    <ele>58.78</ele>
   </trkpt>
   <trkpt lat="50.83509" lon="5.28335">
    <ele>58.85000000000001</ele>
   </trkpt>
   <trkpt lat="50.83498" lon="5.28335">
    <ele>58.59</ele>
   </trkpt>
   <trkpt lat="50.83434000058794" lon="5.2837400053857335">
    <ele>58.42000000000001</ele>
   </trkpt>
   <trkpt lat="50.83370000000001" lon="5.28413">
    <ele>58.89</ele>
   </trkpt>
   <trkpt lat="50.83306500062175" lon="5.284510005167055">
    <ele>59.07</ele>
   </trkpt>
   <trkpt lat="50.83243" lon="5.284890000000001">
    <ele>59.190000000000005</ele>
   </trkpt>
   <trkpt lat="50.831880000000005" lon="5.28526">
    <ele>59.300000000000004</ele>
   </trkpt>
   <trkpt lat="50.83171" lon="5.2854">
    <ele>59.45</ele>
   </trkpt>
   <trkpt lat="50.831570000000006" lon="5.285550000000001">
    <ele>59.45</ele>
   </trkpt>
   <trkpt lat="50.83135000000001" lon="5.285810000000001">
    <ele>59.690000000000005</ele>
   </trkpt>
   <trkpt lat="50.83088000000001" lon="5.28657">
    <ele>60.120000000000005</ele>
   </trkpt>
   <trkpt lat="50.830780000000004" lon="5.2866100000000005">
    <ele>60.22</ele>
   </trkpt>
   <trkpt lat="50.83070000000001" lon="5.28659">
    <ele>60.22</ele>
   </trkpt>
   <trkpt lat="50.830600000000004" lon="5.28652">
    <ele>60.46000000000001</ele>
   </trkpt>
   <trkpt lat="50.82987666900009" lon="5.286003317358259">
    <ele>60.870000000000005</ele>
   </trkpt>
   <trkpt lat="50.829153335718665" lon="5.285486650728978">
    <ele>61.25000000000001</ele>
   </trkpt>
   <trkpt lat="50.828430000000004" lon="5.28497">
    <ele>61.7</ele>
   </trkpt>
   <trkpt lat="50.82829" lon="5.28493">
    <ele>61.84</ele>
   </trkpt>
   <trkpt lat="50.8282" lon="5.2847800000000005">
    <ele>61.84</ele>
   </trkpt>
   <trkpt lat="50.82762500078546" lon="5.284354994775302">
    <ele>61.93000000000001</ele>
   </trkpt>
   <trkpt lat="50.82705000000001" lon="5.283930000000001">
    <ele>61.84</ele>
   </trkpt>
   <trkpt lat="50.826690000000006" lon="5.28357">
    <ele>61.94</ele>
   </trkpt>
   <trkpt lat="50.8265" lon="5.283320000000001">
    <ele>62.410000000000004</ele>
   </trkpt>
   <trkpt lat="50.825990000000004" lon="5.28253">
    <ele>62.38</ele>
   </trkpt>
   <trkpt lat="50.82569000169909" lon="5.28189999595795">
    <ele>62.34</ele>
   </trkpt>
   <trkpt lat="50.825390000000006" lon="5.28127">
    <ele>62.27</ele>
   </trkpt>
   <trkpt lat="50.82504" lon="5.28064">
    <ele>62.080000000000005</ele>
   </trkpt>
   <trkpt lat="50.82475" lon="5.2802500000000006">
    <ele>62.220000000000006</ele>
   </trkpt>
   <trkpt lat="50.82453" lon="5.2800400000000005">
    <ele>62.46000000000001</ele>
   </trkpt>
   <trkpt lat="50.82424" lon="5.2798300000000005">
    <ele>62.76000000000001</ele>
   </trkpt>
   <trkpt lat="50.82415" lon="5.2797600000000005">
    <ele>62.84</ele>
   </trkpt>
   <trkpt lat="50.82368" lon="5.279280000000001">
    <ele>63.17</ele>
   </trkpt>
   <trkpt lat="50.82331000091213" lon="5.278809996234975">
    <ele>63.6</ele>
   </trkpt>
   <trkpt lat="50.82294" lon="5.27834">
    <ele>63.96</ele>
   </trkpt>
   <trkpt lat="50.8228" lon="5.27819">
    <ele>64.41000000000001</ele>
   </trkpt>
   <trkpt lat="50.82273000000001" lon="5.2781400000000005">
    <ele>64.41000000000001</ele>
   </trkpt>
   <trkpt lat="50.8226" lon="5.278110000000001">
    <ele>64.60000000000001</ele>
   </trkpt>
   <trkpt lat="50.822630000000004" lon="5.277900000000001">
    <ele>64.37</ele>
   </trkpt>
   <trkpt lat="50.82264000000001" lon="5.277550000000001">
    <ele>64.28</ele>
   </trkpt>
   <trkpt lat="50.82262000000001" lon="5.27705">
    <ele>63.80000000000001</ele>
   </trkpt>
   <trkpt lat="50.82249" lon="5.276140000000001">
    <ele>63.55000000000001</ele>
   </trkpt>
   <trkpt lat="50.82244000000001" lon="5.2751600000000005">
    <ele>62.82</ele>
   </trkpt>
   <trkpt lat="50.822390000000006" lon="5.27481">
    <ele>62.620000000000005</ele>
   </trkpt>
   <trkpt lat="50.822280000000006" lon="5.27451">
    <ele>62.54</ele>
   </trkpt>
   <trkpt lat="50.821960000000004" lon="5.273890000000001">
    <ele>62.86</ele>
   </trkpt>
   <trkpt lat="50.82173" lon="5.27348">
    <ele>63.45</ele>
   </trkpt>
   <trkpt lat="50.821355002489845" lon="5.2727249940449">
    <ele>64.17</ele>
   </trkpt>
   <trkpt lat="50.820980000000006" lon="5.2719700000000005">
    <ele>64.46000000000001</ele>
   </trkpt>
   <trkpt lat="50.820600000000006" lon="5.27097">
    <ele>64.31</ele>
   </trkpt>
   <trkpt lat="50.820370000000004" lon="5.27005">
    <ele>64.06</ele>
   </trkpt>
   <trkpt lat="50.82020000000001" lon="5.26959">
    <ele>63.83000000000001</ele>
   </trkpt>
   <trkpt lat="50.81974" lon="5.268730000000001">
    <ele>63.910000000000004</ele>
   </trkpt>
   <trkpt lat="50.819310003201096" lon="5.267854991798522">
    <ele>64.32000000000001</ele>
   </trkpt>
   <trkpt lat="50.81888000000001" lon="5.26698">
    <ele>64.26</ele>
   </trkpt>
   <trkpt lat="50.818380000000005" lon="5.2659">
    <ele>62.49</ele>
   </trkpt>
   <trkpt lat="50.818160000000006" lon="5.265560000000001">
    <ele>62.040000000000006</ele>
   </trkpt>
   <trkpt lat="50.81803000000001" lon="5.265250000000001">
    <ele>61.720000000000006</ele>
   </trkpt>
   <trkpt lat="50.817870000000006" lon="5.264640000000001">
    <ele>62.82</ele>
   </trkpt>
   <trkpt lat="50.81772" lon="5.2641800000000005">
    <ele>63.33000000000001</ele>
   </trkpt>
   <trkpt lat="50.817335002934755" lon="5.2633449930187135">
    <ele>64.44000000000001</ele>
   </trkpt>
   <trkpt lat="50.816950000000006" lon="5.262510000000001">
    <ele>64.89999999999999</ele>
   </trkpt>
   <trkpt lat="50.816690001448706" lon="5.261914996540341">
    <ele>65.45</ele>
   </trkpt>
   <trkpt lat="50.816430000000004" lon="5.26132">
    <ele>65.04</ele>
   </trkpt>
   <trkpt lat="50.816210000000005" lon="5.26156">
    <ele>64.36</ele>
   </trkpt>
   <trkpt lat="50.81584" lon="5.261880000000001">
    <ele>64.78</ele>
   </trkpt>
   <trkpt lat="50.815360000000005" lon="5.2622">
    <ele>65.27000000000001</ele>
   </trkpt>
   <trkpt lat="50.81472" lon="5.262560000000001">
    <ele>66.07000000000001</ele>
   </trkpt>
   <trkpt lat="50.8147" lon="5.26257">
    <ele>66.09</ele>
   </trkpt>
   <trkpt lat="50.813950000000006" lon="5.263000000000001">
    <ele>67.05000000000001</ele>
   </trkpt>
   <trkpt lat="50.81389" lon="5.26301">
    <ele>67.10000000000001</ele>
   </trkpt>
   <trkpt lat="50.813790000000004" lon="5.26297">
    <ele>67.10000000000001</ele>
   </trkpt>
   <trkpt lat="50.81333500054219" lon="5.262594996298434">
    <ele>66.46000000000001</ele>
   </trkpt>
   <trkpt lat="50.81288000000001" lon="5.26222">
    <ele>65.28</ele>
   </trkpt>
   <trkpt lat="50.81266" lon="5.262090000000001">
    <ele>65.25</ele>
   </trkpt>
   <trkpt lat="50.811960001307625" lon="5.261772485732518">
    <ele>64.75</ele>
   </trkpt>
   <trkpt lat="50.81126000175354" lon="5.261454980981598">
    <ele>65.39</ele>
   </trkpt>
   <trkpt lat="50.810560001337784" lon="5.261137485746729">
    <ele>65.77000000000001</ele>
   </trkpt>
   <trkpt lat="50.80986000000001" lon="5.260820000000001">
    <ele>64.94000000000001</ele>
   </trkpt>
   <trkpt lat="50.809490000000004" lon="5.259810000000001">
    <ele>62.85</ele>
   </trkpt>
   <trkpt lat="50.80939000000001" lon="5.25966">
    <ele>62.85</ele>
   </trkpt>
   <trkpt lat="50.80933" lon="5.259620000000001">
    <ele>62.54</ele>
   </trkpt>
   <trkpt lat="50.80879" lon="5.259460000000001">
    <ele>61.92</ele>
   </trkpt>
   <trkpt lat="50.8087" lon="5.259460000000001">
    <ele>61.89000000000001</ele>
   </trkpt>
   <trkpt lat="50.80812" lon="5.25971">
    <ele>63.19000000000001</ele>
   </trkpt>
   <trkpt lat="50.807880000000004" lon="5.259720000000001">
    <ele>62.72000000000001</ele>
   </trkpt>
   <trkpt lat="50.80769" lon="5.2598">
    <ele>62.51000000000001</ele>
   </trkpt>
   <trkpt lat="50.80707000060419" lon="5.260145004525459">
    <ele>62.230000000000004</ele>
   </trkpt>
   <trkpt lat="50.806450000000005" lon="5.260490000000001">
    <ele>62.25000000000001</ele>
   </trkpt>
   <trkpt lat="50.805650001382574" lon="5.260890013691183">
    <ele>62.56</ele>
   </trkpt>
   <trkpt lat="50.80485000139738" lon="5.261290013683479">
    <ele>62.84</ele>
   </trkpt>
   <trkpt lat="50.804050000000004" lon="5.261690000000001">
    <ele>63.03</ele>
   </trkpt>
   <trkpt lat="50.803850000000004" lon="5.26177">
    <ele>63.11</ele>
   </trkpt>
   <trkpt lat="50.80366" lon="5.26182">
    <ele>63.13</ele>
   </trkpt>
   <trkpt lat="50.80288" lon="5.26187">
    <ele>63.32</ele>
   </trkpt>
   <trkpt lat="50.80281" lon="5.26189">
    <ele>63.32</ele>
   </trkpt>
   <trkpt lat="50.80265000000001" lon="5.26196">
    <ele>63.480000000000004</ele>
   </trkpt>
   <trkpt lat="50.802260000000004" lon="5.26217">
    <ele>63.6</ele>
   </trkpt>
   <trkpt lat="50.80180000000001" lon="5.262320000000001">
    <ele>64.07000000000001</ele>
   </trkpt>
   <trkpt lat="50.80096" lon="5.26254">
    <ele>64.64</ele>
   </trkpt>
   <trkpt lat="50.8002550002662" lon="5.262830004413601">
    <ele>65.66000000000001</ele>
   </trkpt>
   <trkpt lat="50.79955" lon="5.263120000000001">
    <ele>66.85000000000001</ele>
   </trkpt>
   <trkpt lat="50.79916000000001" lon="5.263260000000001">
    <ele>68.3</ele>
   </trkpt>
   <trkpt lat="50.798670000035784" lon="5.263380001264564">
    <ele>69.55</ele>
   </trkpt>
   <trkpt lat="50.79818" lon="5.2635000000000005">
    <ele>71.28000000000002</ele>
   </trkpt>
   <trkpt lat="50.79796" lon="5.26353">
    <ele>72.33</ele>
   </trkpt>
   <trkpt lat="50.79744" lon="5.2635700000000005">
    <ele>72.01</ele>
   </trkpt>
   <trkpt lat="50.79722" lon="5.26363">
    <ele>71.76</ele>
   </trkpt>
   <trkpt lat="50.79679" lon="5.2638300000000005">
    <ele>71.60000000000001</ele>
   </trkpt>
   <trkpt lat="50.796690000000005" lon="5.26384">
    <ele>71.66</ele>
   </trkpt>
   <trkpt lat="50.79639" lon="5.263800000000001">
    <ele>72.09</ele>
   </trkpt>
   <trkpt lat="50.796310000000005" lon="5.263750000000001">
    <ele>72.07000000000001</ele>
   </trkpt>
   <trkpt lat="50.79598000000001" lon="5.263380000000001">
    <ele>72.39000000000001</ele>
   </trkpt>
   <trkpt lat="50.795860000000005" lon="5.263280000000001">
    <ele>72.39000000000001</ele>
   </trkpt>
   <trkpt lat="50.79576" lon="5.26325">
    <ele>72.39000000000001</ele>
   </trkpt>
   <trkpt lat="50.79563" lon="5.2632900000000005">
    <ele>72.39000000000001</ele>
   </trkpt>
   <trkpt lat="50.79515000000001" lon="5.263730000000001">
    <ele>72.87</ele>
   </trkpt>
   <trkpt lat="50.79436500171334" lon="5.2643550104624355">
    <ele>76.14</ele>
   </trkpt>
   <trkpt lat="50.793580000000006" lon="5.26498">
    <ele>81.03</ele>
   </trkpt>
   <trkpt lat="50.793330000000005" lon="5.2651900000000005">
    <ele>82.67</ele>
   </trkpt>
   <trkpt lat="50.793020000000006" lon="5.2654700000000005">
    <ele>85.54</ele>
   </trkpt>
   <trkpt lat="50.792570000000005" lon="5.265820000000001">
    <ele>90.11000000000001</ele>
   </trkpt>
   <trkpt lat="50.79225" lon="5.26557">
    <ele>90.14000000000001</ele>
   </trkpt>
   <trkpt lat="50.792120000000004" lon="5.265490000000001">
    <ele>90.21000000000001</ele>
   </trkpt>
   <trkpt lat="50.791700000000006" lon="5.265300000000001">
    <ele>90.75000000000001</ele>
   </trkpt>
   <trkpt lat="50.791500000000006" lon="5.265250000000001">
    <ele>91.50000000000001</ele>
   </trkpt>
   <trkpt lat="50.79097500019599" lon="5.265184999291994">
    <ele>92.36000000000001</ele>
   </trkpt>
   <trkpt lat="50.79045000000001" lon="5.2651200000000005">
    <ele>93.15</ele>
   </trkpt>
   <trkpt lat="50.790060000000004" lon="5.265040000000001">
    <ele>93.68</ele>
   </trkpt>
   <trkpt lat="50.78981" lon="5.264970000000001">
    <ele>93.76</ele>
   </trkpt>
   <trkpt lat="50.78925" lon="5.26475">
    <ele>93.93</ele>
   </trkpt>
   <trkpt lat="50.78882000026213" lon="5.264514997852653">
    <ele>93.73</ele>
   </trkpt>
   <trkpt lat="50.78839000000001" lon="5.26428">
    <ele>93.81</ele>
   </trkpt>
   <trkpt lat="50.78801000000001" lon="5.26412">
    <ele>94.12</ele>
   </trkpt>
   <trkpt lat="50.78733999999678" lon="5.2639349973074">
    <ele>94.04</ele>
   </trkpt>
   <trkpt lat="50.78667" lon="5.263750000000001">
    <ele>92.75000000000001</ele>
   </trkpt>
   <trkpt lat="50.78642000000001" lon="5.263750000000001">
    <ele>92.23</ele>
   </trkpt>
   <trkpt lat="50.7862" lon="5.26363">
    <ele>91.82000000000001</ele>
   </trkpt>
   <trkpt lat="50.78585" lon="5.26341">
    <ele>89.85000000000001</ele>
   </trkpt>
   <trkpt lat="50.78530000000001" lon="5.262980000000001">
    <ele>88.88</ele>
   </trkpt>
   <trkpt lat="50.784840001122085" lon="5.2624749950665555">
    <ele>87.67000000000002</ele>
   </trkpt>
   <trkpt lat="50.784380000000006" lon="5.261970000000001">
    <ele>87.47</ele>
   </trkpt>
   <trkpt lat="50.78419" lon="5.26184">
    <ele>87.47</ele>
   </trkpt>
   <trkpt lat="50.784150000000004" lon="5.262040000000001">
    <ele>87.42000000000002</ele>
   </trkpt>
   <trkpt lat="50.78378000000001" lon="5.26283">
    <ele>86.79</ele>
   </trkpt>
   <trkpt lat="50.783500000000004" lon="5.2636">
    <ele>84.32000000000001</ele>
   </trkpt>
   <trkpt lat="50.78333000000001" lon="5.26393">
    <ele>81.95</ele>
   </trkpt>
   <trkpt lat="50.783240000000006" lon="5.264060000000001">
    <ele>81.95</ele>
   </trkpt>
   <trkpt lat="50.783120000000004" lon="5.26419">
    <ele>80.89</ele>
   </trkpt>
   <trkpt lat="50.78255000000001" lon="5.2647">
    <ele>76.50000000000001</ele>
   </trkpt>
   <trkpt lat="50.782450000000004" lon="5.26485">
    <ele>76.50000000000001</ele>
   </trkpt>
   <trkpt lat="50.782340000000005" lon="5.2650500000000005">
    <ele>75.03</ele>
   </trkpt>
   <trkpt lat="50.78228000000001" lon="5.265210000000001">
    <ele>74.54</ele>
   </trkpt>
   <trkpt lat="50.78211" lon="5.26597">
    <ele>72.44</ele>
   </trkpt>
   <trkpt lat="50.78157" lon="5.2666">
    <ele>72.19</ele>
   </trkpt>
   <trkpt lat="50.781490000000005" lon="5.266730000000001">
    <ele>72.39000000000001</ele>
   </trkpt>
   <trkpt lat="50.78123" lon="5.26752">
    <ele>74.98</ele>
   </trkpt>
   <trkpt lat="50.781040000000004" lon="5.2678400000000005">
    <ele>76.32000000000001</ele>
   </trkpt>
   <trkpt lat="50.780310002731525" lon="5.268640012493514">
    <ele>80.53999999999999</ele>
   </trkpt>
   <trkpt lat="50.77958" lon="5.26944">
    <ele>85.42</ele>
   </trkpt>
   <trkpt lat="50.779180001393264" lon="5.270005004792345">
    <ele>87.84</ele>
   </trkpt>
   <trkpt lat="50.778780000000005" lon="5.27057">
    <ele>88.66</ele>
   </trkpt>
   <trkpt lat="50.77848" lon="5.27095">
    <ele>88.35000000000001</ele>
   </trkpt>
   <trkpt lat="50.77775000283242" lon="5.271770012846987">
    <ele>84.94</ele>
   </trkpt>
   <trkpt lat="50.77702000000001" lon="5.27259">
    <ele>82.5</ele>
   </trkpt>
   <trkpt lat="50.777080000000005" lon="5.27284">
    <ele>82.29</ele>
   </trkpt>
   <trkpt lat="50.77711000000001" lon="5.2731">
    <ele>82.11</ele>
   </trkpt>
   <trkpt lat="50.77709" lon="5.2740800000000005">
    <ele>79.53</ele>
   </trkpt>
   <trkpt lat="50.77713000000001" lon="5.274330000000001">
    <ele>79.53</ele>
   </trkpt>
   <trkpt lat="50.777120000000004" lon="5.27428">
    <ele>79.63000000000001</ele>
   </trkpt>
   <trkpt lat="50.777170000000005" lon="5.27454">
    <ele>79.02000000000001</ele>
   </trkpt>
   <trkpt lat="50.7774950164594" lon="5.27567247642817">
    <ele>76.96</ele>
   </trkpt>
   <trkpt lat="50.777820021953495" lon="5.276804968596991">
    <ele>74.72000000000001</ele>
   </trkpt>
   <trkpt lat="50.77814501648206" lon="5.277937476506334">
    <ele>72.87</ele>
   </trkpt>
   <trkpt lat="50.778470000000006" lon="5.279070000000001">
    <ele>70.85000000000001</ele>
   </trkpt>
   <trkpt lat="50.77866" lon="5.279870000000001">
    <ele>69.28</ele>
   </trkpt>
   <trkpt lat="50.77889500545335" lon="5.2809949945525085">
    <ele>66.67</ele>
   </trkpt>
   <trkpt lat="50.77913" lon="5.282120000000001">
    <ele>64.59</ele>
   </trkpt>
   <trkpt lat="50.779250000000005" lon="5.28228">
    <ele>64.59</ele>
   </trkpt>
   <trkpt lat="50.77899500649581" lon="5.283515006851966">
    <ele>63.24</ele>
   </trkpt>
   <trkpt lat="50.778740000000006" lon="5.284750000000001">
    <ele>61.85</ele>
   </trkpt>
   <trkpt lat="50.7787" lon="5.28518">
    <ele>60.75000000000001</ele>
   </trkpt>
   <trkpt lat="50.778710000000004" lon="5.285410000000001">
    <ele>60.53000000000001</ele>
   </trkpt>
   <trkpt lat="50.778740000000006" lon="5.285620000000001">
    <ele>60.27</ele>
   </trkpt>
   <trkpt lat="50.77882" lon="5.28584">
    <ele>60.15</ele>
   </trkpt>
   <trkpt lat="50.778940000000006" lon="5.286060000000001">
    <ele>60.15</ele>
   </trkpt>
   <trkpt lat="50.77936500147655" lon="5.2866699942923905">
    <ele>60.050000000000004</ele>
   </trkpt>
   <trkpt lat="50.779790000000006" lon="5.287280000000001">
    <ele>60.38</ele>
   </trkpt>
   <trkpt lat="50.77978" lon="5.28727">
    <ele>60.38</ele>
   </trkpt>
   <trkpt lat="50.77994" lon="5.28758">
    <ele>60.42</ele>
   </trkpt>
   <trkpt lat="50.780210000000004" lon="5.288860000000001">
    <ele>60.89000000000001</ele>
   </trkpt>
   <trkpt lat="50.78029" lon="5.289000000000001">
    <ele>60.89000000000001</ele>
   </trkpt>
   <trkpt lat="50.78072" lon="5.2893300000000005">
    <ele>61.06</ele>
   </trkpt>
   <trkpt lat="50.780910000000006" lon="5.28952">
    <ele>61.32000000000001</ele>
   </trkpt>
   <trkpt lat="50.781150000000004" lon="5.28983">
    <ele>61.7</ele>
   </trkpt>
   <trkpt lat="50.78119" lon="5.28995">
    <ele>61.88</ele>
   </trkpt>
   <trkpt lat="50.78117" lon="5.290220000000001">
    <ele>62.040000000000006</ele>
   </trkpt>
   <trkpt lat="50.781110000000005" lon="5.290450000000001">
    <ele>62.17</ele>
   </trkpt>
   <trkpt lat="50.781040000000004" lon="5.290590000000001">
    <ele>62.480000000000004</ele>
   </trkpt>
   <trkpt lat="50.780950000000004" lon="5.29072">
    <ele>62.61</ele>
   </trkpt>
   <trkpt lat="50.78083" lon="5.29084">
    <ele>62.65000000000001</ele>
   </trkpt>
   <trkpt lat="50.78076" lon="5.29098">
    <ele>62.800000000000004</ele>
   </trkpt>
   <trkpt lat="50.78076" lon="5.29105">
    <ele>62.800000000000004</ele>
   </trkpt>
   <trkpt lat="50.78079" lon="5.291130000000001">
    <ele>62.800000000000004</ele>
   </trkpt>
   <trkpt lat="50.781090000000006" lon="5.291550000000001">
    <ele>63.1</ele>
   </trkpt>
   <trkpt lat="50.781470000000006" lon="5.29218">
    <ele>64.2</ele>
   </trkpt>
   <trkpt lat="50.78164" lon="5.29253">
    <ele>65.58</ele>
   </trkpt>
   <trkpt lat="50.78188" lon="5.29309">
    <ele>66.92</ele>
   </trkpt>
   <trkpt lat="50.782070000000004" lon="5.29361">
    <ele>69.66</ele>
   </trkpt>
   <trkpt lat="50.782250000000005" lon="5.294320000000001">
    <ele>72.42000000000002</ele>
   </trkpt>
   <trkpt lat="50.78237000000001" lon="5.2949600000000006">
    <ele>74.68</ele>
   </trkpt>
   <trkpt lat="50.78244" lon="5.2955700000000006">
    <ele>77.05000000000001</ele>
   </trkpt>
   <trkpt lat="50.78248000000001" lon="5.29617">
    <ele>78.87</ele>
   </trkpt>
   <trkpt lat="50.78249" lon="5.296810000000001">
    <ele>82.44000000000001</ele>
   </trkpt>
   <trkpt lat="50.782420863467685" lon="5.298165408689278">
    <ele>86.5</ele>
   </trkpt>
   <trkpt lat="50.78235171122887" lon="5.2995208133699325">
    <ele>86.63000000000001</ele>
   </trkpt>
   <trkpt lat="50.782282543283664" lon="5.300876214041074">
    <ele>84.48000000000002</ele>
   </trkpt>
   <trkpt lat="50.782213359632145" lon="5.302231610701816">
    <ele>82.44000000000001</ele>
   </trkpt>
   <trkpt lat="50.782144160274385" lon="5.303587003351267">
    <ele>79.92999999999999</ele>
   </trkpt>
   <trkpt lat="50.782074945210475" lon="5.30494239198854">
    <ele>78.03</ele>
   </trkpt>
   <trkpt lat="50.78200571444052" lon="5.3062977766127455">
    <ele>75.46</ele>
   </trkpt>
   <trkpt lat="50.78193646796459" lon="5.307653157222995">
    <ele>73.39000000000001</ele>
   </trkpt>
   <trkpt lat="50.78186720578277" lon="5.3090085338184">
    <ele>70.51</ele>
   </trkpt>
   <trkpt lat="50.78179792789514" lon="5.31036390639807">
    <ele>69.39</ele>
   </trkpt>
   <trkpt lat="50.781728634301786" lon="5.31171927496112">
    <ele>66.49000000000001</ele>
   </trkpt>
   <trkpt lat="50.7816593250028" lon="5.313074639506657">
    <ele>63.95</ele>
   </trkpt>
   <trkpt lat="50.78159" lon="5.314430000000001">
    <ele>62.84</ele>
   </trkpt>
   <trkpt lat="50.78161000000001" lon="5.31458">
    <ele>62.800000000000004</ele>
   </trkpt>
   <trkpt lat="50.781650000000006" lon="5.31463">
    <ele>62.800000000000004</ele>
   </trkpt>
   <trkpt lat="50.781580000000005" lon="5.314730000000001">
    <ele>62.800000000000004</ele>
   </trkpt>
   <trkpt lat="50.78155" lon="5.31493">
    <ele>62.230000000000004</ele>
   </trkpt>
   <trkpt lat="50.781490000000005" lon="5.3151">
    <ele>62.230000000000004</ele>
   </trkpt>
   <trkpt lat="50.78128" lon="5.315670000000001">
    <ele>61.63</ele>
   </trkpt>
   <trkpt lat="50.7809" lon="5.316190000000001">
    <ele>60.83</ele>
   </trkpt>
   <trkpt lat="50.78067" lon="5.31644">
    <ele>60.89000000000001</ele>
   </trkpt>
   <trkpt lat="50.78038" lon="5.31665">
    <ele>60.99</ele>
   </trkpt>
   <trkpt lat="50.779720000000005" lon="5.31721">
    <ele>61.95</ele>
   </trkpt>
   <trkpt lat="50.77933" lon="5.3173900000000005">
    <ele>63.37000000000001</ele>
   </trkpt>
   <trkpt lat="50.778510000000004" lon="5.31754">
    <ele>64.05000000000001</ele>
   </trkpt>
   <trkpt lat="50.7777" lon="5.317620000000001">
    <ele>66.32000000000001</ele>
   </trkpt>
   <trkpt lat="50.77743" lon="5.317620000000001">
    <ele>66.64</ele>
   </trkpt>
   <trkpt lat="50.77713000000001" lon="5.31759">
    <ele>67.82000000000001</ele>
   </trkpt>
   <trkpt lat="50.776664999925366" lon="5.317474998824152">
    <ele>68.5</ele>
   </trkpt>
   <trkpt lat="50.7762" lon="5.317360000000001">
    <ele>67.81</ele>
   </trkpt>
   <trkpt lat="50.77574499990548" lon="5.317264999048">
    <ele>66.69</ele>
   </trkpt>
   <trkpt lat="50.775290000000005" lon="5.317170000000001">
    <ele>65.07000000000001</ele>
   </trkpt>
   <trkpt lat="50.77481" lon="5.317100000000001">
    <ele>64.53</ele>
   </trkpt>
   <trkpt lat="50.77460000000001" lon="5.3171100000000004">
    <ele>64.69000000000001</ele>
   </trkpt>
   <trkpt lat="50.77429000000001" lon="5.31716">
    <ele>64.89999999999999</ele>
   </trkpt>
   <trkpt lat="50.774210000000004" lon="5.317220000000001">
    <ele>65.27000000000001</ele>
   </trkpt>
   <trkpt lat="50.77413000000001" lon="5.31737">
    <ele>65.27000000000001</ele>
   </trkpt>
   <trkpt lat="50.773790000000005" lon="5.31719">
    <ele>65.11</ele>
   </trkpt>
   <trkpt lat="50.77338" lon="5.317060000000001">
    <ele>65.29</ele>
   </trkpt>
   <trkpt lat="50.772850000000005" lon="5.31684">
    <ele>65.88000000000001</ele>
   </trkpt>
   <trkpt lat="50.772710000000004" lon="5.31686">
    <ele>66.81</ele>
   </trkpt>
   <trkpt lat="50.77243000000001" lon="5.317010000000001">
    <ele>67.35000000000001</ele>
   </trkpt>
   <trkpt lat="50.772200000000005" lon="5.31719">
    <ele>68.25</ele>
   </trkpt>
   <trkpt lat="50.77168" lon="5.3178">
    <ele>69.49000000000001</ele>
   </trkpt>
   <trkpt lat="50.771510000000006" lon="5.317920000000001">
    <ele>69.42</ele>
   </trkpt>
   <trkpt lat="50.771440000000005" lon="5.31794">
    <ele>69.28</ele>
   </trkpt>
   <trkpt lat="50.771370000000005" lon="5.3179300000000005">
    <ele>69.28</ele>
   </trkpt>
   <trkpt lat="50.771330000000006" lon="5.31815">
    <ele>69.57000000000001</ele>
   </trkpt>
   <trkpt lat="50.77121" lon="5.318420000000001">
    <ele>69.32000000000001</ele>
   </trkpt>
   <trkpt lat="50.770915001327026" lon="5.318975003480878">
    <ele>68.61</ele>
   </trkpt>
   <trkpt lat="50.77062" lon="5.31953">
    <ele>68.89</ele>
   </trkpt>
   <trkpt lat="50.770480000000006" lon="5.31972">
    <ele>69.21000000000001</ele>
   </trkpt>
   <trkpt lat="50.769980000000004" lon="5.32021">
    <ele>70.94</ele>
   </trkpt>
   <trkpt lat="50.769780000000004" lon="5.320530000000001">
    <ele>72.12</ele>
   </trkpt>
   <trkpt lat="50.769450000000006" lon="5.3212">
    <ele>75.23</ele>
   </trkpt>
   <trkpt lat="50.769360000000006" lon="5.32134">
    <ele>75.23</ele>
   </trkpt>
   <trkpt lat="50.76868500354785" lon="5.322255013244953">
    <ele>76.69000000000001</ele>
   </trkpt>
   <trkpt lat="50.768010000000004" lon="5.32317">
    <ele>74.7</ele>
   </trkpt>
   <trkpt lat="50.767655001072384" lon="5.323680003926851">
    <ele>73.55</ele>
   </trkpt>
   <trkpt lat="50.767300000000006" lon="5.324190000000001">
    <ele>72.59</ele>
   </trkpt>
   <trkpt lat="50.7669000018164" lon="5.324830005367476">
    <ele>71.91</ele>
   </trkpt>
   <trkpt lat="50.7665" lon="5.32547">
    <ele>71.56000000000002</ele>
   </trkpt>
   <trkpt lat="50.76589501221371" lon="5.326445037789496">
    <ele>71.43</ele>
   </trkpt>
   <trkpt lat="50.765290016298685" lon="5.327420050362866">
    <ele>71.77</ele>
   </trkpt>
   <trkpt lat="50.76468501225533" lon="5.328395037720966">
    <ele>72.07000000000001</ele>
   </trkpt>
   <trkpt lat="50.76408000000001" lon="5.329370000000001">
    <ele>72.81</ele>
   </trkpt>
   <trkpt lat="50.76368" lon="5.330050000000001">
    <ele>73.49</ele>
   </trkpt>
   <trkpt lat="50.76353" lon="5.33037">
    <ele>73.99</ele>
   </trkpt>
   <trkpt lat="50.7633" lon="5.331">
    <ele>74.62</ele>
   </trkpt>
   <trkpt lat="50.76309000332525" lon="5.331880003888928">
    <ele>75.79</ele>
   </trkpt>
   <trkpt lat="50.76288" lon="5.33276">
    <ele>78.41000000000001</ele>
   </trkpt>
   <trkpt lat="50.762820000000005" lon="5.33293">
    <ele>78.86</ele>
   </trkpt>
   <trkpt lat="50.762750000000004" lon="5.3330400000000004">
    <ele>78.86</ele>
   </trkpt>
   <trkpt lat="50.76267000000001" lon="5.33312">
    <ele>79.01</ele>
   </trkpt>
   <trkpt lat="50.76220000000001" lon="5.3334">
    <ele>79.05000000000001</ele>
   </trkpt>
   <trkpt lat="50.762060000000005" lon="5.33352">
    <ele>79.21000000000001</ele>
   </trkpt>
   <trkpt lat="50.76146500337737" lon="5.3344050112103645">
    <ele>78.42</ele>
   </trkpt>
   <trkpt lat="50.760870000000004" lon="5.3352900000000005">
    <ele>78.67999999999999</ele>
   </trkpt>
   <trkpt lat="50.760310000000004" lon="5.3359000000000005">
    <ele>80.11</ele>
   </trkpt>
   <trkpt lat="50.75999" lon="5.336200000000001">
    <ele>81.12</ele>
   </trkpt>
   <trkpt lat="50.75963" lon="5.336460000000001">
    <ele>81.81</ele>
   </trkpt>
   <trkpt lat="50.75920500029616" lon="5.336830003611963">
    <ele>82.10000000000001</ele>
   </trkpt>
   <trkpt lat="50.75878" lon="5.3372">
    <ele>81.88000000000001</ele>
   </trkpt>
   <trkpt lat="50.75865" lon="5.33734">
    <ele>81.88000000000001</ele>
   </trkpt>
   <trkpt lat="50.75853000000001" lon="5.337510000000001">
    <ele>81.94000000000001</ele>
   </trkpt>
   <trkpt lat="50.75793" lon="5.33696">
    <ele>76.34</ele>
   </trkpt>
   <trkpt lat="50.757760000000005" lon="5.3368400000000005">
    <ele>75.77</ele>
   </trkpt>
   <trkpt lat="50.75762" lon="5.3367700000000005">
    <ele>74.96000000000001</ele>
   </trkpt>
   <trkpt lat="50.75743000000001" lon="5.33673">
    <ele>74.04</ele>
   </trkpt>
   <trkpt lat="50.757110000000004" lon="5.33671">
    <ele>73.61000000000001</ele>
   </trkpt>
   <trkpt lat="50.75701" lon="5.33666">
    <ele>73.55</ele>
   </trkpt>
   <trkpt lat="50.756870000000006" lon="5.33652">
    <ele>73.49</ele>
   </trkpt>
   <trkpt lat="50.756510000000006" lon="5.335990000000001">
    <ele>73.94</ele>
   </trkpt>
   <trkpt lat="50.756420000000006" lon="5.33589">
    <ele>73.94</ele>
   </trkpt>
   <trkpt lat="50.756240000000005" lon="5.33574">
    <ele>74.47000000000001</ele>
   </trkpt>
   <trkpt lat="50.75614" lon="5.3356900000000005">
    <ele>74.47000000000001</ele>
   </trkpt>
   <trkpt lat="50.75596" lon="5.33563">
    <ele>74.66</ele>
   </trkpt>
   <trkpt lat="50.7558" lon="5.3356200000000005">
    <ele>75.19000000000001</ele>
   </trkpt>
   <trkpt lat="50.75516000009994" lon="5.335745001702786">
    <ele>76.92</ele>
   </trkpt>
   <trkpt lat="50.75452000000001" lon="5.335870000000001">
    <ele>78.94000000000001</ele>
   </trkpt>
   <trkpt lat="50.75439" lon="5.335920000000001">
    <ele>79.64</ele>
   </trkpt>
   <trkpt lat="50.75439" lon="5.336040000000001">
    <ele>79.71000000000001</ele>
   </trkpt>
   <trkpt lat="50.75451000281907" lon="5.3368549977686355">
    <ele>81.49000000000001</ele>
   </trkpt>
   <trkpt lat="50.754630000000006" lon="5.33767">
    <ele>82.28</ele>
   </trkpt>
   <trkpt lat="50.754815003452116" lon="5.338569996388626">
    <ele>82.5</ele>
   </trkpt>
   <trkpt lat="50.755" lon="5.33947">
    <ele>80.86</ele>
   </trkpt>
   <trkpt lat="50.7552" lon="5.34022">
    <ele>77.59</ele>
   </trkpt>
   <trkpt lat="50.755390000000006" lon="5.340800000000001">
    <ele>77.17</ele>
   </trkpt>
   <trkpt lat="50.75601" lon="5.34163">
    <ele>77.44000000000001</ele>
   </trkpt>
   <trkpt lat="50.75627" lon="5.342180000000001">
    <ele>78.53</ele>
   </trkpt>
   <trkpt lat="50.75648" lon="5.34271">
    <ele>79.88000000000001</ele>
   </trkpt>
   <trkpt lat="50.75694000000001" lon="5.343500000000001">
    <ele>83.51</ele>
   </trkpt>
   <trkpt lat="50.757090000000005" lon="5.34389">
    <ele>84.66000000000001</ele>
   </trkpt>
   <trkpt lat="50.757270002774106" lon="5.344699996744818">
    <ele>88.49000000000001</ele>
   </trkpt>
   <trkpt lat="50.757450000000006" lon="5.345510000000001">
    <ele>91.29</ele>
   </trkpt>
   <trkpt lat="50.75750000000001" lon="5.34583">
    <ele>92.31</ele>
   </trkpt>
   <trkpt lat="50.75751" lon="5.346050000000001">
    <ele>92.76</ele>
   </trkpt>
   <trkpt lat="50.75733500324509" lon="5.346915003006928">
    <ele>91.32000000000001</ele>
   </trkpt>
   <trkpt lat="50.757160000000006" lon="5.34778">
    <ele>88.98</ele>
   </trkpt>
   <trkpt lat="50.757110000000004" lon="5.3482400000000005">
    <ele>88.02</ele>
   </trkpt>
   <trkpt lat="50.75706" lon="5.349200000000001">
    <ele>86.45000000000002</ele>
   </trkpt>
   <trkpt lat="50.757070000000006" lon="5.34952">
    <ele>85.55</ele>
   </trkpt>
   <trkpt lat="50.757130000000004" lon="5.34975">
    <ele>85.55</ele>
   </trkpt>
   <trkpt lat="50.757550008880656" lon="5.350769981654007">
    <ele>83.71000000000001</ele>
   </trkpt>
   <trkpt lat="50.75797000886503" lon="5.351789981615721">
    <ele>82.63000000000001</ele>
   </trkpt>
   <trkpt lat="50.758390000000006" lon="5.352810000000001">
    <ele>80.48</ele>
   </trkpt>
   <trkpt lat="50.75838" lon="5.352810000000001">
    <ele>80.48</ele>
   </trkpt>
   <trkpt lat="50.75882334324062" lon="5.353886646255227">
    <ele>79.23</ele>
   </trkpt>
   <trkpt lat="50.75926667656913" lon="5.3549633129097876">
    <ele>77.79</ele>
   </trkpt>
   <trkpt lat="50.759710000000005" lon="5.35604">
    <ele>77.33000000000001</ele>
   </trkpt>
   <trkpt lat="50.759570000000004" lon="5.356310000000001">
    <ele>77.28</ele>
   </trkpt>
   <trkpt lat="50.759510000000006" lon="5.35655">
    <ele>77.06</ele>
   </trkpt>
   <trkpt lat="50.75952500263304" lon="5.357334999665289">
    <ele>76.86000000000001</ele>
   </trkpt>
   <trkpt lat="50.75954" lon="5.35812">
    <ele>76.73</ele>
   </trkpt>
   <trkpt lat="50.75952" lon="5.35843">
    <ele>76.87</ele>
   </trkpt>
   <trkpt lat="50.75947000000001" lon="5.35871">
    <ele>77.05000000000001</ele>
   </trkpt>
   <trkpt lat="50.759330000000006" lon="5.359050000000001">
    <ele>77.4</ele>
   </trkpt>
   <trkpt lat="50.759240000000005" lon="5.35921">
    <ele>77.63000000000001</ele>
   </trkpt>
   <trkpt lat="50.758790000000005" lon="5.359660000000001">
    <ele>78.87</ele>
   </trkpt>
   <trkpt lat="50.758610000000004" lon="5.35991">
    <ele>79.52000000000001</ele>
   </trkpt>
   <trkpt lat="50.758250000000004" lon="5.360860000000001">
    <ele>82.37</ele>
   </trkpt>
   <trkpt lat="50.758070000000004" lon="5.361440000000001">
    <ele>83.09</ele>
   </trkpt>
   <trkpt lat="50.75770000000001" lon="5.36209">
    <ele>82.77000000000001</ele>
   </trkpt>
   <trkpt lat="50.75764" lon="5.362310000000001">
    <ele>82.46000000000001</ele>
   </trkpt>
   <trkpt lat="50.757200000000005" lon="5.36247">
    <ele>81.77000000000001</ele>
   </trkpt>
   <trkpt lat="50.756730000000005" lon="5.36272">
    <ele>81.82000000000001</ele>
   </trkpt>
   <trkpt lat="50.7565150023725" lon="5.363460003291996">
    <ele>81.96000000000001</ele>
   </trkpt>
   <trkpt lat="50.7563" lon="5.3642">
    <ele>81.92</ele>
   </trkpt>
   <trkpt lat="50.75627" lon="5.3645000000000005">
    <ele>82.08</ele>
   </trkpt>
   <trkpt lat="50.75633667449527" lon="5.365456663978016">
    <ele>83.17</ele>
   </trkpt>
   <trkpt lat="50.756403341164514" lon="5.366413330681612">
    <ele>83.84</ele>
   </trkpt>
   <trkpt lat="50.75647000000001" lon="5.36737">
    <ele>84.67</ele>
   </trkpt>
   <trkpt lat="50.75646667603428" lon="5.368416666870529">
    <ele>85.92</ele>
   </trkpt>
   <trkpt lat="50.756463342700776" lon="5.369463333592176">
    <ele>86.54</ele>
   </trkpt>
   <trkpt lat="50.756460000000004" lon="5.37051">
    <ele>87.13000000000001</ele>
   </trkpt>
   <trkpt lat="50.756520006102214" lon="5.371704998401311">
    <ele>87.70000000000002</ele>
   </trkpt>
   <trkpt lat="50.75658000000001" lon="5.3729000000000005">
    <ele>88.55</ele>
   </trkpt>
   <trkpt lat="50.756585002839266" lon="5.373714999806682">
    <ele>89.25000000000001</ele>
   </trkpt>
   <trkpt lat="50.75659" lon="5.37453">
    <ele>89.38</ele>
   </trkpt>
   <trkpt lat="50.75665000000001" lon="5.375100000000001">
    <ele>89.28000000000002</ele>
   </trkpt>
   <trkpt lat="50.756780000000006" lon="5.37544">
    <ele>88.71000000000001</ele>
   </trkpt>
   <trkpt lat="50.757000000000005" lon="5.37537">
    <ele>87.74000000000001</ele>
   </trkpt>
   <trkpt lat="50.75752999982123" lon="5.375439999180888">
    <ele>84.53</ele>
   </trkpt>
   <trkpt lat="50.75806000000001" lon="5.37551">
    <ele>83.26</ele>
   </trkpt>
   <trkpt lat="50.75852999992649" lon="5.375554999540194">
    <ele>82.09</ele>
   </trkpt>
   <trkpt lat="50.75900000000001" lon="5.3756">
    <ele>80.94000000000001</ele>
   </trkpt>
   <trkpt lat="50.75916" lon="5.3755500000000005">
    <ele>80.61</ele>
   </trkpt>
   <trkpt lat="50.75921" lon="5.37551">
    <ele>80.61</ele>
   </trkpt>
   <trkpt lat="50.759600000000006" lon="5.37525">
    <ele>80.09</ele>
   </trkpt>
   <trkpt lat="50.759780000000006" lon="5.375170000000001">
    <ele>80.06</ele>
   </trkpt>
   <trkpt lat="50.7599" lon="5.375170000000001">
    <ele>80.11</ele>
   </trkpt>
   <trkpt lat="50.75985000000001" lon="5.37567">
    <ele>79.17</ele>
   </trkpt>
   <trkpt lat="50.75986" lon="5.376180000000001">
    <ele>78.94000000000001</ele>
   </trkpt>
   <trkpt lat="50.759890000000006" lon="5.37636">
    <ele>78.98</ele>
   </trkpt>
   <trkpt lat="50.760180000000005" lon="5.377300000000001">
    <ele>79.52000000000001</ele>
   </trkpt>
   <trkpt lat="50.76051000392993" lon="5.378254993354047">
    <ele>79.94000000000001</ele>
   </trkpt>
   <trkpt lat="50.76084" lon="5.3792100000000005">
    <ele>80.94000000000001</ele>
   </trkpt>
   <trkpt lat="50.76099000000001" lon="5.3799">
    <ele>81.19000000000001</ele>
   </trkpt>
   <trkpt lat="50.76106000000001" lon="5.38013">
    <ele>81.19000000000001</ele>
   </trkpt>
   <trkpt lat="50.76113" lon="5.380280000000001">
    <ele>81.19000000000001</ele>
   </trkpt>
   <trkpt lat="50.761570000000006" lon="5.38088">
    <ele>81.87</ele>
   </trkpt>
   <trkpt lat="50.76189" lon="5.381690000000001">
    <ele>81.98</ele>
   </trkpt>
   <trkpt lat="50.762060000000005" lon="5.382070000000001">
    <ele>82.18</ele>
   </trkpt>
   <trkpt lat="50.762130000000006" lon="5.3821900000000005">
    <ele>82.18</ele>
   </trkpt>
   <trkpt lat="50.762350000000005" lon="5.38245">
    <ele>82.42</ele>
   </trkpt>
   <trkpt lat="50.762800000000006" lon="5.382910000000001">
    <ele>83.35000000000001</ele>
   </trkpt>
   <trkpt lat="50.762820000000005" lon="5.383030000000001">
    <ele>83.35000000000001</ele>
   </trkpt>
   <trkpt lat="50.7627100025412" lon="5.38380000176584">
    <ele>83.06</ele>
   </trkpt>
   <trkpt lat="50.762600000000006" lon="5.38457">
    <ele>83.29</ele>
   </trkpt>
   <trkpt lat="50.762570000000004" lon="5.38492">
    <ele>83.46000000000001</ele>
   </trkpt>
   <trkpt lat="50.762570000000004" lon="5.38611">
    <ele>84.45</ele>
   </trkpt>
   <trkpt lat="50.762550000000005" lon="5.38632">
    <ele>85.02000000000001</ele>
   </trkpt>
   <trkpt lat="50.762510000000006" lon="5.386430000000001">
    <ele>85.02000000000001</ele>
   </trkpt>
   <trkpt lat="50.762890000000006" lon="5.3865300000000005">
    <ele>85.13000000000001</ele>
   </trkpt>
   <trkpt lat="50.76371" lon="5.386690000000001">
    <ele>86.13000000000001</ele>
   </trkpt>
   <trkpt lat="50.76411" lon="5.38684">
    <ele>86.33</ele>
   </trkpt>
   <trkpt lat="50.76464000000001" lon="5.387060000000001">
    <ele>87.19</ele>
   </trkpt>
   <trkpt lat="50.76442" lon="5.388170000000001">
    <ele>89.57000000000001</ele>
   </trkpt>
   <trkpt lat="50.76442" lon="5.388330000000001">
    <ele>90.10000000000001</ele>
   </trkpt>
   <trkpt lat="50.764450000000004" lon="5.388590000000001">
    <ele>91.21000000000001</ele>
   </trkpt>
   <trkpt lat="50.764500000000005" lon="5.388730000000001">
    <ele>91.74</ele>
   </trkpt>
   <trkpt lat="50.76513251149404" lon="5.389677461542775">
    <ele>95.80000000000001</ele>
   </trkpt>
   <trkpt lat="50.76576501531219" lon="5.390624948702914">
    <ele>98.5</ele>
   </trkpt>
   <trkpt lat="50.76639751145407" lon="5.391572461481378">
    <ele>102.20000000000002</ele>
   </trkpt>
   <trkpt lat="50.767030000000005" lon="5.39252">
    <ele>100.79</ele>
   </trkpt>
   <trkpt lat="50.767500000000005" lon="5.392950000000001">
    <ele>98.94000000000001</ele>
   </trkpt>
   <trkpt lat="50.7676" lon="5.39306">
    <ele>98.22</ele>
   </trkpt>
   <trkpt lat="50.767720000000004" lon="5.39332">
    <ele>97.66000000000001</ele>
   </trkpt>
   <trkpt lat="50.76798000290017" lon="5.394149995243472">
    <ele>93.73</ele>
   </trkpt>
   <trkpt lat="50.768240000000006" lon="5.39498">
    <ele>91.71000000000001</ele>
   </trkpt>
   <trkpt lat="50.76857000146479" lon="5.395569995796256">
    <ele>89.25000000000001</ele>
   </trkpt>
   <trkpt lat="50.7689" lon="5.39616">
    <ele>87.38000000000001</ele>
   </trkpt>
   <trkpt lat="50.76896000000001" lon="5.3963600000000005">
    <ele>87.02000000000001</ele>
   </trkpt>
   <trkpt lat="50.769000000000005" lon="5.3965700000000005">
    <ele>86.02000000000001</ele>
   </trkpt>
   <trkpt lat="50.769020000000005" lon="5.3968300000000005">
    <ele>86.02000000000001</ele>
   </trkpt>
   <trkpt lat="50.76905000000001" lon="5.398020000000001">
    <ele>83.81</ele>
   </trkpt>
   <trkpt lat="50.76905000000001" lon="5.39801">
    <ele>83.83</ele>
   </trkpt>
   <trkpt lat="50.769110000000005" lon="5.39832">
    <ele>83.36</ele>
   </trkpt>
   <trkpt lat="50.76952000000001" lon="5.399190000000001">
    <ele>82.54</ele>
   </trkpt>
   <trkpt lat="50.76973" lon="5.399500000000001">
    <ele>82.27000000000001</ele>
   </trkpt>
   <trkpt lat="50.77018" lon="5.4000900000000005">
    <ele>81.54</ele>
   </trkpt>
   <trkpt lat="50.77033" lon="5.400370000000001">
    <ele>81.54</ele>
   </trkpt>
   <trkpt lat="50.770390000000006" lon="5.40057">
    <ele>81.54</ele>
   </trkpt>
   <trkpt lat="50.77053" lon="5.401350000000001">
    <ele>81.19000000000001</ele>
   </trkpt>
   <trkpt lat="50.770610000000005" lon="5.40158">
    <ele>80.88000000000001</ele>
   </trkpt>
   <trkpt lat="50.770720000000004" lon="5.401770000000001">
    <ele>80.72</ele>
   </trkpt>
   <trkpt lat="50.771" lon="5.40211">
    <ele>80.78</ele>
   </trkpt>
   <trkpt lat="50.771300000000004" lon="5.4024">
    <ele>80.59</ele>
   </trkpt>
   <trkpt lat="50.77163" lon="5.40265">
    <ele>79.85000000000001</ele>
   </trkpt>
   <trkpt lat="50.77217" lon="5.402880000000001">
    <ele>78.91000000000001</ele>
   </trkpt>
   <trkpt lat="50.77223000000001" lon="5.402950000000001">
    <ele>78.91000000000001</ele>
   </trkpt>
   <trkpt lat="50.77228" lon="5.4030700000000005">
    <ele>78.76</ele>
   </trkpt>
   <trkpt lat="50.772180000000006" lon="5.40376">
    <ele>78.81</ele>
   </trkpt>
   <trkpt lat="50.77201500343346" lon="5.404660003334774">
    <ele>80.59</ele>
   </trkpt>
   <trkpt lat="50.77185000000001" lon="5.40556">
    <ele>82.93</ele>
   </trkpt>
   <trkpt lat="50.77185000000001" lon="5.40577">
    <ele>83.43</ele>
   </trkpt>
   <trkpt lat="50.77167000000001" lon="5.405830000000001">
    <ele>83.66000000000001</ele>
   </trkpt>
   <trkpt lat="50.771280000000004" lon="5.40573">
    <ele>85.22</ele>
   </trkpt>
   <trkpt lat="50.77114" lon="5.4057900000000005">
    <ele>85.42</ele>
   </trkpt>
   <trkpt lat="50.771" lon="5.40639">
    <ele>86.20000000000002</ele>
   </trkpt>
   <trkpt lat="50.771" lon="5.40652">
    <ele>86.33</ele>
   </trkpt>
   <trkpt lat="50.77077000259118" lon="5.407300003868341">
    <ele>87.04</ele>
   </trkpt>
   <trkpt lat="50.770540000000004" lon="5.408080000000001">
    <ele>87.92000000000002</ele>
   </trkpt>
   <trkpt lat="50.77084000000001" lon="5.4081600000000005">
    <ele>86.99000000000001</ele>
   </trkpt>
   <trkpt lat="50.77138500041691" lon="5.408454996587231">
    <ele>86.15</ele>
   </trkpt>
   <trkpt lat="50.771930000000005" lon="5.40875">
    <ele>85.33</ele>
   </trkpt>
   <trkpt lat="50.772330000000004" lon="5.40899">
    <ele>84.76</ele>
   </trkpt>
   <trkpt lat="50.772670000000005" lon="5.4091000000000005">
    <ele>84.59000000000002</ele>
   </trkpt>
   <trkpt lat="50.77273" lon="5.409140000000001">
    <ele>84.41000000000001</ele>
   </trkpt>
   <trkpt lat="50.772800000000004" lon="5.40922">
    <ele>84.41000000000001</ele>
   </trkpt>
   <trkpt lat="50.77329" lon="5.41009">
    <ele>84.18</ele>
   </trkpt>
   <trkpt lat="50.773690001590325" lon="5.410694994864758">
    <ele>83.62000000000002</ele>
   </trkpt>
   <trkpt lat="50.77409" lon="5.411300000000001">
    <ele>83.08</ele>
   </trkpt>
   <trkpt lat="50.774480000000004" lon="5.412050000000001">
    <ele>82.91000000000001</ele>
   </trkpt>
   <trkpt lat="50.774530000000006" lon="5.412100000000001">
    <ele>82.91000000000001</ele>
   </trkpt>
   <trkpt lat="50.77458000000001" lon="5.412120000000001">
    <ele>82.91000000000001</ele>
   </trkpt>
   <trkpt lat="50.7747" lon="5.412050000000001">
    <ele>82.79</ele>
   </trkpt>
   <trkpt lat="50.77506" lon="5.41155">
    <ele>82.09</ele>
   </trkpt>
   <trkpt lat="50.77521" lon="5.41141">
    <ele>81.9</ele>
   </trkpt>
   <trkpt lat="50.77534000000001" lon="5.41141">
    <ele>81.9</ele>
   </trkpt>
   <trkpt lat="50.775400000000005" lon="5.41143">
    <ele>81.9</ele>
   </trkpt>
   <trkpt lat="50.7755" lon="5.4115">
    <ele>81.67</ele>
   </trkpt>
   <trkpt lat="50.77588000114335" lon="5.412009995898482">
    <ele>80.94000000000001</ele>
   </trkpt>
   <trkpt lat="50.77626" lon="5.412520000000001">
    <ele>80.71000000000001</ele>
   </trkpt>
   <trkpt lat="50.77646000000001" lon="5.41281">
    <ele>80.56</ele>
   </trkpt>
   <trkpt lat="50.77657000000001" lon="5.41303">
    <ele>80.53999999999999</ele>
   </trkpt>
   <trkpt lat="50.7768" lon="5.413600000000001">
    <ele>80.72</ele>
   </trkpt>
   <trkpt lat="50.776920000000004" lon="5.414040000000001">
    <ele>81.08000000000001</ele>
   </trkpt>
   <trkpt lat="50.77706000359256" lon="5.414954997349242">
    <ele>81.31</ele>
   </trkpt>
   <trkpt lat="50.77720000000001" lon="5.415870000000001">
    <ele>81.96000000000001</ele>
   </trkpt>
   <trkpt lat="50.777300000000004" lon="5.41631">
    <ele>82.2</ele>
   </trkpt>
   <trkpt lat="50.777420000000006" lon="5.41659">
    <ele>82.47</ele>
   </trkpt>
   <trkpt lat="50.777620000000006" lon="5.416860000000001">
    <ele>82.47</ele>
   </trkpt>
   <trkpt lat="50.777800000000006" lon="5.41699">
    <ele>82.79</ele>
   </trkpt>
   <trkpt lat="50.77803" lon="5.417070000000001">
    <ele>83.14</ele>
   </trkpt>
   <trkpt lat="50.778800000000004" lon="5.417280000000001">
    <ele>83.41000000000001</ele>
   </trkpt>
   <trkpt lat="50.779520000000005" lon="5.417280000000001">
    <ele>84.08</ele>
   </trkpt>
   <trkpt lat="50.779920000000004" lon="5.41739">
    <ele>84.0</ele>
   </trkpt>
   <trkpt lat="50.780660001189354" lon="5.417909991794513">
    <ele>84.94</ele>
   </trkpt>
   <trkpt lat="50.781400000000005" lon="5.418430000000001">
    <ele>89.12</ele>
   </trkpt>
   <trkpt lat="50.78146" lon="5.41844">
    <ele>89.12</ele>
   </trkpt>
   <trkpt lat="50.782326666714624" lon="5.41852333024308">
    <ele>89.75000000000001</ele>
   </trkpt>
   <trkpt lat="50.78319333336987" lon="5.418606663575246">
    <ele>91.81</ele>
   </trkpt>
   <trkpt lat="50.784060000000004" lon="5.418690000000001">
    <ele>91.83000000000001</ele>
   </trkpt>
   <trkpt lat="50.78436000000001" lon="5.41879">
    <ele>90.53000000000002</ele>
   </trkpt>
   <trkpt lat="50.78483000000001" lon="5.41908">
    <ele>88.92000000000002</ele>
   </trkpt>
   <trkpt lat="50.785030000000006" lon="5.419250000000001">
    <ele>87.78000000000002</ele>
   </trkpt>
   <trkpt lat="50.78577000000001" lon="5.41983">
    <ele>84.63000000000001</ele>
   </trkpt>
   <trkpt lat="50.785940000000004" lon="5.41999">
    <ele>84.24000000000001</ele>
   </trkpt>
   <trkpt lat="50.78593000000001" lon="5.420120000000001">
    <ele>83.98000000000002</ele>
   </trkpt>
   <trkpt lat="50.78604000000001" lon="5.4202200000000005">
    <ele>83.12</ele>
   </trkpt>
   <trkpt lat="50.78614" lon="5.42035">
    <ele>82.30000000000001</ele>
   </trkpt>
   <trkpt lat="50.78671000000001" lon="5.421320000000001">
    <ele>78.98</ele>
   </trkpt>
   <trkpt lat="50.786970000000004" lon="5.421810000000001">
    <ele>78.36000000000001</ele>
   </trkpt>
   <trkpt lat="50.787180000000006" lon="5.422630000000001">
    <ele>78.0</ele>
   </trkpt>
   <trkpt lat="50.7873" lon="5.42286">
    <ele>78.08000000000001</ele>
   </trkpt>
   <trkpt lat="50.78736000000001" lon="5.423520000000001">
    <ele>79.24000000000001</ele>
   </trkpt>
   <trkpt lat="50.78773" lon="5.42368">
    <ele>79.83000000000001</ele>
   </trkpt>
   <trkpt lat="50.78848000000001" lon="5.42393">
    <ele>86.86</ele>
   </trkpt>
   <trkpt lat="50.78893000000001" lon="5.42429">
    <ele>89.87</ele>
   </trkpt>
   <trkpt lat="50.78913000000001" lon="5.4244900000000005">
    <ele>90.85000000000001</ele>
   </trkpt>
   <trkpt lat="50.78976" lon="5.425230000000001">
    <ele>91.24</ele>
   </trkpt>
   <trkpt lat="50.79021" lon="5.424180000000001">
    <ele>88.19</ele>
   </trkpt>
   <trkpt lat="50.790420000000005" lon="5.4236">
    <ele>86.54</ele>
   </trkpt>
   <trkpt lat="50.790730001752934" lon="5.422970004063414">
    <ele>84.7</ele>
   </trkpt>
   <trkpt lat="50.79104" lon="5.42234">
    <ele>83.5</ele>
   </trkpt>
   <trkpt lat="50.79130000000001" lon="5.421970000000001">
    <ele>82.29</ele>
   </trkpt>
   <trkpt lat="50.791720000000005" lon="5.42166">
    <ele>80.45</ele>
   </trkpt>
   <trkpt lat="50.792190000000005" lon="5.420800000000001">
    <ele>77.59</ele>
   </trkpt>
   <trkpt lat="50.79233000000001" lon="5.42048">
    <ele>76.9</ele>
   </trkpt>
   <trkpt lat="50.79255500207276" lon="5.419790003205862">
    <ele>75.44000000000001</ele>
   </trkpt>
   <trkpt lat="50.79278000000001" lon="5.4191">
    <ele>74.36000000000001</ele>
   </trkpt>
   <trkpt lat="50.79301" lon="5.41847">
    <ele>73.60000000000001</ele>
   </trkpt>
   <trkpt lat="50.79333000205764" lon="5.417800004296304">
    <ele>72.84</ele>
   </trkpt>
   <trkpt lat="50.79365000000001" lon="5.41713">
    <ele>71.77</ele>
   </trkpt>
   <trkpt lat="50.793890000000005" lon="5.416510000000001">
    <ele>71.94</ele>
   </trkpt>
   <trkpt lat="50.79413" lon="5.41572">
    <ele>73.38</ele>
   </trkpt>
   <trkpt lat="50.79419000000001" lon="5.41556">
    <ele>73.63</ele>
   </trkpt>
   <trkpt lat="50.79437" lon="5.415870000000001">
    <ele>73.04</ele>
   </trkpt>
   <trkpt lat="50.794875005149" lon="5.416964988220462">
    <ele>71.48</ele>
   </trkpt>
   <trkpt lat="50.79538" lon="5.4180600000000005">
    <ele>70.10000000000001</ele>
   </trkpt>
   <trkpt lat="50.79556" lon="5.4183200000000005">
    <ele>69.54</ele>
   </trkpt>
   <trkpt lat="50.796040000000005" lon="5.41873">
    <ele>68.12</ele>
   </trkpt>
   <trkpt lat="50.796290000000006" lon="5.41891">
    <ele>67.78</ele>
   </trkpt>
   <trkpt lat="50.79668" lon="5.4191400000000005">
    <ele>66.21000000000001</ele>
   </trkpt>
   <trkpt lat="50.797000000000004" lon="5.41929">
    <ele>64.62</ele>
   </trkpt>
   <trkpt lat="50.797716667354194" lon="5.419573324643794">
    <ele>63.39</ele>
   </trkpt>
   <trkpt lat="50.79843333402214" lon="5.419856657977469">
    <ele>63.62000000000001</ele>
   </trkpt>
   <trkpt lat="50.799150000000004" lon="5.420140000000001">
    <ele>66.21000000000001</ele>
   </trkpt>
   <trkpt lat="50.799589999917345" lon="5.4203099983196505">
    <ele>69.54</ele>
   </trkpt>
   <trkpt lat="50.80003000000001" lon="5.42048">
    <ele>71.91</ele>
   </trkpt>
   <trkpt lat="50.80017" lon="5.42049">
    <ele>71.91</ele>
   </trkpt>
   <trkpt lat="50.80033" lon="5.420450000000001">
    <ele>73.22</ele>
   </trkpt>
   <trkpt lat="50.80046" lon="5.420380000000001">
    <ele>74.1</ele>
   </trkpt>
   <trkpt lat="50.800580000000004" lon="5.420260000000001">
    <ele>76.50000000000001</ele>
   </trkpt>
   <trkpt lat="50.800740000000005" lon="5.420000000000001">
    <ele>76.50000000000001</ele>
   </trkpt>
   <trkpt lat="50.801035002547046" lon="5.419215005186882">
    <ele>81.64</ele>
   </trkpt>
   <trkpt lat="50.80133000000001" lon="5.418430000000001">
    <ele>85.35000000000001</ele>
   </trkpt>
   <trkpt lat="50.801460000000006" lon="5.41821">
    <ele>85.35000000000001</ele>
   </trkpt>
   <trkpt lat="50.801570000000005" lon="5.418100000000001">
    <ele>87.37</ele>
   </trkpt>
   <trkpt lat="50.801680000000005" lon="5.41804">
    <ele>87.37</ele>
   </trkpt>
   <trkpt lat="50.80181" lon="5.418010000000001">
    <ele>87.37</ele>
   </trkpt>
   <trkpt lat="50.801930000000006" lon="5.41802">
    <ele>87.37</ele>
   </trkpt>
   <trkpt lat="50.80205" lon="5.41807">
    <ele>90.66</ele>
   </trkpt>
   <trkpt lat="50.802110000000006" lon="5.41811">
    <ele>90.66</ele>
   </trkpt>
   <trkpt lat="50.8023" lon="5.41835">
    <ele>91.44000000000001</ele>
   </trkpt>
   <trkpt lat="50.80241" lon="5.41859">
    <ele>92.18</ele>
   </trkpt>
   <trkpt lat="50.80246" lon="5.4188">
    <ele>92.92</ele>
   </trkpt>
   <trkpt lat="50.802670000000006" lon="5.420070000000001">
    <ele>98.02000000000001</ele>
   </trkpt>
   <trkpt lat="50.80268" lon="5.42025">
    <ele>98.02000000000001</ele>
   </trkpt>
   <trkpt lat="50.80265000000001" lon="5.42077">
    <ele>98.02000000000001</ele>
   </trkpt>
   <trkpt lat="50.80277" lon="5.42079">
    <ele>97.76</ele>
   </trkpt>
   <trkpt lat="50.80342" lon="5.4205000000000005">
    <ele>94.23</ele>
   </trkpt>
   <trkpt lat="50.80364" lon="5.42032">
    <ele>92.2</ele>
   </trkpt>
   <trkpt lat="50.80391" lon="5.41999">
    <ele>89.35000000000001</ele>
   </trkpt>
   <trkpt lat="50.804050000000004" lon="5.41973">
    <ele>86.88000000000001</ele>
   </trkpt>
   <trkpt lat="50.804280000000006" lon="5.419160000000001">
    <ele>84.34</ele>
   </trkpt>
   <trkpt lat="50.80443" lon="5.41873">
    <ele>82.35000000000001</ele>
   </trkpt>
   <trkpt lat="50.80465" lon="5.41788">
    <ele>78.67</ele>
   </trkpt>
   <trkpt lat="50.80480000000001" lon="5.4171000000000005">
    <ele>76.28</ele>
   </trkpt>
   <trkpt lat="50.80493500328381" lon="5.416220002712381">
    <ele>74.95</ele>
   </trkpt>
   <trkpt lat="50.80507" lon="5.4153400000000005">
    <ele>74.2</ele>
   </trkpt>
   <trkpt lat="50.80518334661606" lon="5.414093339409103">
    <ele>72.67000000000002</ele>
   </trkpt>
   <trkpt lat="50.80529667994696" lon="5.412846672769627">
    <ele>71.63</ele>
   </trkpt>
   <trkpt lat="50.80541" lon="5.411600000000001">
    <ele>70.10000000000001</ele>
   </trkpt>
   <trkpt lat="50.80552500235408" lon="5.410860001733874">
    <ele>69.27000000000001</ele>
   </trkpt>
   <trkpt lat="50.805640000000004" lon="5.41012">
    <ele>68.43</ele>
   </trkpt>
   <trkpt lat="50.80568" lon="5.409300000000001">
    <ele>67.22</ele>
   </trkpt>
   <trkpt lat="50.805610012238645" lon="5.408103329708152">
    <ele>65.78</ele>
   </trkpt>
   <trkpt lat="50.8055400122363" lon="5.406906663001901">
    <ele>63.01000000000001</ele>
   </trkpt>
   <trkpt lat="50.80547000000001" lon="5.40571">
    <ele>61.35</ele>
   </trkpt>
   <trkpt lat="50.80615" lon="5.40568">
    <ele>62.42</ele>
   </trkpt>
   <trkpt lat="50.806470000000004" lon="5.40577">
    <ele>63.51000000000001</ele>
   </trkpt>
   <trkpt lat="50.8066" lon="5.40585">
    <ele>65.47</ele>
   </trkpt>
   <trkpt lat="50.80689" lon="5.406110000000001">
    <ele>66.82000000000001</ele>
   </trkpt>
   <trkpt lat="50.80758" lon="5.4068000000000005">
    <ele>69.74000000000001</ele>
   </trkpt>
   <trkpt lat="50.807860000000005" lon="5.40699">
    <ele>71.45</ele>
   </trkpt>
   <trkpt lat="50.80816" lon="5.40713">
    <ele>72.96000000000001</ele>
   </trkpt>
   <trkpt lat="50.808350000000004" lon="5.40718">
    <ele>73.32000000000001</ele>
   </trkpt>
   <trkpt lat="50.80912000000001" lon="5.40718">
    <ele>76.44000000000001</ele>
   </trkpt>
   <trkpt lat="50.809340000000006" lon="5.40721">
    <ele>78.46</ele>
   </trkpt>
   <trkpt lat="50.80944" lon="5.407240000000001">
    <ele>78.46</ele>
   </trkpt>
   <trkpt lat="50.80962" lon="5.4073400000000005">
    <ele>78.46</ele>
   </trkpt>
   <trkpt lat="50.80986000000001" lon="5.4075500000000005">
    <ele>79.85000000000001</ele>
   </trkpt>
   <trkpt lat="50.81009" lon="5.40786">
    <ele>80.49000000000001</ele>
   </trkpt>
   <trkpt lat="50.810210000000005" lon="5.408080000000001">
    <ele>82.7</ele>
   </trkpt>
   <trkpt lat="50.81036" lon="5.408480000000001">
    <ele>85.28</ele>
   </trkpt>
   <trkpt lat="50.81047" lon="5.40908">
    <ele>85.28</ele>
   </trkpt>
   <trkpt lat="50.81049" lon="5.4096400000000004">
    <ele>87.42000000000002</ele>
   </trkpt>
   <trkpt lat="50.810500000000005" lon="5.41096">
    <ele>91.55000000000001</ele>
   </trkpt>
   <trkpt lat="50.81053000000001" lon="5.41124">
    <ele>92.36000000000001</ele>
   </trkpt>
   <trkpt lat="50.810610000000004" lon="5.41152">
    <ele>93.37</ele>
   </trkpt>
   <trkpt lat="50.81091000000001" lon="5.41195">
    <ele>93.85</ele>
   </trkpt>
   <trkpt lat="50.81116" lon="5.412190000000001">
    <ele>93.32000000000001</ele>
   </trkpt>
   <trkpt lat="50.811330000000005" lon="5.4122900000000005">
    <ele>93.31</ele>
   </trkpt>
   <trkpt lat="50.812070000000006" lon="5.412640000000001">
    <ele>92.19000000000001</ele>
   </trkpt>
   <trkpt lat="50.81212000000001" lon="5.4126900000000004">
    <ele>92.11000000000001</ele>
   </trkpt>
   <trkpt lat="50.81226" lon="5.41241">
    <ele>91.32000000000001</ele>
   </trkpt>
   <trkpt lat="50.812490000000004" lon="5.411250000000001">
    <ele>89.06000000000002</ele>
   </trkpt>
   <trkpt lat="50.81270000000001" lon="5.410380000000001">
    <ele>88.01</ele>
   </trkpt>
   <trkpt lat="50.81311" lon="5.40918">
    <ele>85.11</ele>
   </trkpt>
   <trkpt lat="50.813370000000006" lon="5.4085600000000005">
    <ele>83.72</ele>
   </trkpt>
   <trkpt lat="50.81369" lon="5.40803">
    <ele>82.04</ele>
   </trkpt>
   <trkpt lat="50.813970000000005" lon="5.40767">
    <ele>81.54</ele>
   </trkpt>
   <trkpt lat="50.81448" lon="5.406750000000001">
    <ele>82.78</ele>
   </trkpt>
   <trkpt lat="50.81503333604989" lon="5.407313319989156">
    <ele>83.82000000000001</ele>
   </trkpt>
   <trkpt lat="50.81558666938736" lon="5.407876653326477">
    <ele>84.77000000000001</ele>
   </trkpt>
   <trkpt lat="50.816140000000004" lon="5.408440000000001">
    <ele>83.85000000000001</ele>
   </trkpt>
   <trkpt lat="50.81647" lon="5.408810000000001">
    <ele>83.05000000000001</ele>
   </trkpt>
   <trkpt lat="50.81698000181473" lon="5.409464992822914">
    <ele>80.48</ele>
   </trkpt>
   <trkpt lat="50.81749000000001" lon="5.41012">
    <ele>79.28</ele>
   </trkpt>
   <trkpt lat="50.817840000000004" lon="5.41047">
    <ele>78.53</ele>
   </trkpt>
   <trkpt lat="50.81805000000001" lon="5.41065">
    <ele>78.48</ele>
   </trkpt>
   <trkpt lat="50.81861500044151" lon="5.410974996062152">
    <ele>79.41000000000001</ele>
   </trkpt>
   <trkpt lat="50.81918" lon="5.411300000000001">
    <ele>81.7</ele>
   </trkpt>
   <trkpt lat="50.81944000000001" lon="5.41143">
    <ele>82.36</ele>
   </trkpt>
   <trkpt lat="50.819720000000004" lon="5.4115400000000005">
    <ele>82.47</ele>
   </trkpt>
   <trkpt lat="50.82001" lon="5.411630000000001">
    <ele>82.16000000000001</ele>
   </trkpt>
   <trkpt lat="50.82078500025687" lon="5.411772492904016">
    <ele>80.53</ele>
   </trkpt>
   <trkpt lat="50.821560000340156" lon="5.411914990538071">
    <ele>79.17999999999999</ele>
   </trkpt>
   <trkpt lat="50.82233500024991" lon="5.41205749290245">
    <ele>76.1</ele>
   </trkpt>
   <trkpt lat="50.82311000000001" lon="5.4122">
    <ele>74.63</ele>
   </trkpt>
   <trkpt lat="50.82325" lon="5.412260000000001">
    <ele>74.56</ele>
   </trkpt>
   <trkpt lat="50.82347000000001" lon="5.412450000000001">
    <ele>74.98</ele>
   </trkpt>
   <trkpt lat="50.823690000000006" lon="5.41272">
    <ele>73.73</ele>
   </trkpt>
   <trkpt lat="50.824170001113984" lon="5.4132149949799855">
    <ele>72.7</ele>
   </trkpt>
   <trkpt lat="50.824650000000005" lon="5.41371">
    <ele>72.96000000000001</ele>
   </trkpt>
   <trkpt lat="50.824940000000005" lon="5.41324">
    <ele>72.17000000000002</ele>
   </trkpt>
   <trkpt lat="50.825" lon="5.4131800000000005">
    <ele>72.17000000000002</ele>
   </trkpt>
   <trkpt lat="50.82508000000001" lon="5.41314">
    <ele>72.02</ele>
   </trkpt>
   <trkpt lat="50.825190000000006" lon="5.41314">
    <ele>71.79</ele>
   </trkpt>
   <trkpt lat="50.8254" lon="5.41331">
    <ele>71.07000000000001</ele>
   </trkpt>
   <trkpt lat="50.82594" lon="5.4138">
    <ele>69.42</ele>
   </trkpt>
   <trkpt lat="50.825900000000004" lon="5.41377">
    <ele>69.52000000000001</ele>
   </trkpt>
   <trkpt lat="50.82616" lon="5.414000000000001">
    <ele>68.87</ele>
   </trkpt>
   <trkpt lat="50.82694000000001" lon="5.41452">
    <ele>68.04</ele>
   </trkpt>
   <trkpt lat="50.82706" lon="5.41453">
    <ele>67.94</ele>
   </trkpt>
   <trkpt lat="50.827510000000004" lon="5.4148700000000005">
    <ele>67.2</ele>
   </trkpt>
   <trkpt lat="50.82804" lon="5.4153400000000005">
    <ele>66.38000000000001</ele>
   </trkpt>
   <trkpt lat="50.82849" lon="5.41577">
    <ele>65.33</ele>
   </trkpt>
   <trkpt lat="50.829060000000005" lon="5.41636">
    <ele>64.5</ele>
   </trkpt>
   <trkpt lat="50.82936" lon="5.41671">
    <ele>63.54</ele>
   </trkpt>
   <trkpt lat="50.82996000000001" lon="5.417560000000001">
    <ele>62.00000000000001</ele>
   </trkpt>
   <trkpt lat="50.83014000000001" lon="5.417870000000001">
    <ele>60.09</ele>
   </trkpt>
   <trkpt lat="50.83059" lon="5.418780000000001">
    <ele>56.330000000000005</ele>
   </trkpt>
   <trkpt lat="50.830920000000006" lon="5.4194">
    <ele>55.14</ele>
   </trkpt>
   <trkpt lat="50.83113" lon="5.41966">
    <ele>54.09</ele>
   </trkpt>
   <trkpt lat="50.83142" lon="5.41992">
    <ele>53.85</ele>
   </trkpt>
   <trkpt lat="50.83173000000001" lon="5.42016">
    <ele>54.67</ele>
   </trkpt>
   <trkpt lat="50.83196" lon="5.4202200000000005">
    <ele>55.7</ele>
   </trkpt>
   <trkpt lat="50.83209" lon="5.4202">
    <ele>57.080000000000005</ele>
   </trkpt>
   <trkpt lat="50.83241" lon="5.420100000000001">
    <ele>58.760000000000005</ele>
   </trkpt>
   <trkpt lat="50.8325" lon="5.420100000000001">
    <ele>59.85000000000001</ele>
   </trkpt>
   <trkpt lat="50.83281" lon="5.42018">
    <ele>62.5</ele>
   </trkpt>
   <trkpt lat="50.832910000000005" lon="5.420170000000001">
    <ele>63.86</ele>
   </trkpt>
   <trkpt lat="50.83296000000001" lon="5.4201500000000005">
    <ele>63.86</ele>
   </trkpt>
   <trkpt lat="50.83328" lon="5.4199">
    <ele>66.85000000000001</ele>
   </trkpt>
   <trkpt lat="50.83337" lon="5.41987">
    <ele>66.85000000000001</ele>
   </trkpt>
   <trkpt lat="50.833470000000005" lon="5.4199">
    <ele>68.72</ele>
   </trkpt>
   <trkpt lat="50.834060003590096" lon="5.420549983543527">
    <ele>72.14000000000001</ele>
   </trkpt>
   <trkpt lat="50.83465000356947" lon="5.421199983520517">
    <ele>70.82000000000001</ele>
   </trkpt>
   <trkpt lat="50.835240000000006" lon="5.42185">
    <ele>68.45</ele>
   </trkpt>
   <trkpt lat="50.83538" lon="5.4219800000000005">
    <ele>68.07000000000001</ele>
   </trkpt>
   <trkpt lat="50.835510000000006" lon="5.42206">
    <ele>68.07000000000001</ele>
   </trkpt>
   <trkpt lat="50.83607000000001" lon="5.422300000000001">
    <ele>64.71000000000001</ele>
   </trkpt>
   <trkpt lat="50.836290000000005" lon="5.42248">
    <ele>63.82</ele>
   </trkpt>
   <trkpt lat="50.8365" lon="5.422680000000001">
    <ele>63.6</ele>
   </trkpt>
   <trkpt lat="50.83666" lon="5.42288">
    <ele>62.870000000000005</ele>
   </trkpt>
   <trkpt lat="50.83681000000001" lon="5.423170000000001">
    <ele>62.07000000000001</ele>
   </trkpt>
   <trkpt lat="50.83736000158353" lon="5.423754993234317">
    <ele>59.59</ele>
   </trkpt>
   <trkpt lat="50.83791" lon="5.424340000000001">
    <ele>58.760000000000005</ele>
   </trkpt>
   <trkpt lat="50.83820000000001" lon="5.42475">
    <ele>59.27</ele>
   </trkpt>
   <trkpt lat="50.8387" lon="5.4253100000000005">
    <ele>62.54</ele>
   </trkpt>
   <trkpt lat="50.83885" lon="5.42544">
    <ele>63.53</ele>
   </trkpt>
   <trkpt lat="50.838840000000005" lon="5.42544">
    <ele>63.51000000000001</ele>
   </trkpt>
   <trkpt lat="50.83952000000001" lon="5.42604">
    <ele>69.38000000000001</ele>
   </trkpt>
   <trkpt lat="50.83961000000001" lon="5.426170000000001">
    <ele>70.57000000000001</ele>
   </trkpt>
   <trkpt lat="50.83968" lon="5.426080000000001">
    <ele>71.12</ele>
   </trkpt>
   <trkpt lat="50.83975" lon="5.42604">
    <ele>71.12</ele>
   </trkpt>
   <trkpt lat="50.839850000000006" lon="5.42605">
    <ele>71.12</ele>
   </trkpt>
   <trkpt lat="50.84057000000001" lon="5.426360000000001">
    <ele>72.18</ele>
   </trkpt>
   <trkpt lat="50.84075000000001" lon="5.4264600000000005">
    <ele>71.71000000000001</ele>
   </trkpt>
   <trkpt lat="50.84093000000001" lon="5.42658">
    <ele>71.62</ele>
   </trkpt>
   <trkpt lat="50.84089" lon="5.42656">
    <ele>71.64000000000001</ele>
   </trkpt>
   <trkpt lat="50.84160000000001" lon="5.42703">
    <ele>71.27</ele>
   </trkpt>
   <trkpt lat="50.8417" lon="5.42715">
    <ele>71.63</ele>
   </trkpt>
   <trkpt lat="50.841860000000004" lon="5.42731">
    <ele>71.7</ele>
   </trkpt>
   <trkpt lat="50.842000000000006" lon="5.427490000000001">
    <ele>71.81000000000002</ele>
   </trkpt>
   <trkpt lat="50.842110000000005" lon="5.427670000000001">
    <ele>71.99000000000001</ele>
   </trkpt>
   <trkpt lat="50.842270000000006" lon="5.42799">
    <ele>72.15</ele>
   </trkpt>
   <trkpt lat="50.842360000000006" lon="5.42813">
    <ele>72.15</ele>
   </trkpt>
   <trkpt lat="50.8425" lon="5.42827">
    <ele>72.87</ele>
   </trkpt>
   <trkpt lat="50.84282" lon="5.428470000000001">
    <ele>73.39000000000001</ele>
   </trkpt>
   <trkpt lat="50.84290000000001" lon="5.428520000000001">
    <ele>73.75000000000001</ele>
   </trkpt>
   <trkpt lat="50.843360000000004" lon="5.4287">
    <ele>76.15</ele>
   </trkpt>
   <trkpt lat="50.84362500183859" lon="5.4280450037068695">
    <ele>75.27</ele>
   </trkpt>
   <trkpt lat="50.84389" lon="5.427390000000001">
    <ele>73.55</ele>
   </trkpt>
   <trkpt lat="50.844030000000004" lon="5.42715">
    <ele>72.59</ele>
   </trkpt>
   <trkpt lat="50.84429" lon="5.4267900000000004">
    <ele>71.32000000000001</ele>
   </trkpt>
   <trkpt lat="50.844530000000006" lon="5.426570000000001">
    <ele>70.77</ele>
   </trkpt>
   <trkpt lat="50.84514000135194" lon="5.426025007051857">
    <ele>69.07000000000001</ele>
   </trkpt>
   <trkpt lat="50.84575" lon="5.42548">
    <ele>67.11</ele>
   </trkpt>
   <trkpt lat="50.84642500666605" lon="5.424921707054073">
    <ele>65.80000000000001</ele>
   </trkpt>
   <trkpt lat="50.84710001066845" lon="5.424363397952105">
    <ele>63.96</ele>
   </trkpt>
   <trkpt lat="50.84777501200705" lon="5.423805072693303">
    <ele>61.99</ele>
   </trkpt>
   <trkpt lat="50.84845001068173" lon="5.4232467312768735">
    <ele>59.45</ele>
   </trkpt>
   <trkpt lat="50.84912500669233" lon="5.422688373702026">
    <ele>57.290000000000006</ele>
   </trkpt>
   <trkpt lat="50.8498" lon="5.42213">
    <ele>55.57</ele>
   </trkpt>
   <trkpt lat="50.85009" lon="5.42187">
    <ele>54.12</ele>
   </trkpt>
   <trkpt lat="50.85058" lon="5.421670000000001">
    <ele>51.85000000000001</ele>
   </trkpt>
   <trkpt lat="50.851240000000004" lon="5.4214400000000005">
    <ele>50.64</ele>
   </trkpt>
   <trkpt lat="50.85137" lon="5.42138">
    <ele>50.35</ele>
   </trkpt>
   <trkpt lat="50.85164" lon="5.4211800000000006">
    <ele>49.82</ele>
   </trkpt>
   <trkpt lat="50.85190000000001" lon="5.420850000000001">
    <ele>49.300000000000004</ele>
   </trkpt>
   <trkpt lat="50.851980000000005" lon="5.42072">
    <ele>49.300000000000004</ele>
   </trkpt>
   <trkpt lat="50.85208" lon="5.420470000000001">
    <ele>49.17</ele>
   </trkpt>
   <trkpt lat="50.85217" lon="5.4202">
    <ele>49.040000000000006</ele>
   </trkpt>
   <trkpt lat="50.852380000000004" lon="5.41945">
    <ele>48.800000000000004</ele>
   </trkpt>
   <trkpt lat="50.85264" lon="5.419650000000001">
    <ele>48.36000000000001</ele>
   </trkpt>
   <trkpt lat="50.85311" lon="5.4190000000000005">
    <ele>48.540000000000006</ele>
   </trkpt>
   <trkpt lat="50.853550000000006" lon="5.41833">
    <ele>48.77</ele>
   </trkpt>
   <trkpt lat="50.85371000000001" lon="5.41786">
    <ele>48.82</ele>
   </trkpt>
   <trkpt lat="50.853770000000004" lon="5.417520000000001">
    <ele>48.88</ele>
   </trkpt>
   <trkpt lat="50.85384334976042" lon="5.416133337766054">
    <ele>49.470000000000006</ele>
   </trkpt>
   <trkpt lat="50.85391668308996" lon="5.41474667117101">
    <ele>50.03</ele>
   </trkpt>
   <trkpt lat="50.85399" lon="5.413360000000001">
    <ele>51.27</ele>
   </trkpt>
   <trkpt lat="50.85402906478533" lon="5.412062009770067">
    <ele>52.33</ele>
   </trkpt>
   <trkpt lat="50.85406811517403" lon="5.410764017366158">
    <ele>53.14000000000001</ele>
   </trkpt>
   <trkpt lat="50.854107151166104" lon="5.409466022789071">
    <ele>53.88</ele>
   </trkpt>
   <trkpt lat="50.854146172761496" lon="5.4081680260396">
    <ele>54.55</ele>
   </trkpt>
   <trkpt lat="50.85418517996016" lon="5.406870027118538">
    <ele>55.42</ele>
   </trkpt>
   <trkpt lat="50.854224172762045" lon="5.405572026026683">
    <ele>55.82</ele>
   </trkpt>
   <trkpt lat="50.854263151167125" lon="5.404274022764827">
    <ele>56.17</ele>
   </trkpt>
   <trkpt lat="50.854302115175344" lon="5.402976017333767">
    <ele>56.550000000000004</ele>
   </trkpt>
   <trkpt lat="50.854341064786645" lon="5.401678009734296">
    <ele>57.010000000000005</ele>
   </trkpt>
   <trkpt lat="50.854380000000006" lon="5.40038">
    <ele>57.6</ele>
   </trkpt>
   <trkpt lat="50.85446" lon="5.3996900000000005">
    <ele>57.7</ele>
   </trkpt>
   <trkpt lat="50.854580000000006" lon="5.39904">
    <ele>58.050000000000004</ele>
   </trkpt>
   <trkpt lat="50.85480000271225" lon="5.398230004155763">
    <ele>58.2</ele>
   </trkpt>
   <trkpt lat="50.85502" lon="5.39742">
    <ele>58.49000000000001</ele>
   </trkpt>
   <trkpt lat="50.85506" lon="5.39723">
    <ele>58.49000000000001</ele>
   </trkpt>
   <trkpt lat="50.855090000000004" lon="5.3968300000000005">
    <ele>58.77</ele>
   </trkpt>
   <trkpt lat="50.855070000000005" lon="5.3965700000000005">
    <ele>58.77</ele>
   </trkpt>
   <trkpt lat="50.85487500286754" lon="5.395754996716194">
    <ele>59.25</ele>
   </trkpt>
   <trkpt lat="50.85468" lon="5.39494">
    <ele>59.550000000000004</ele>
   </trkpt>
   <trkpt lat="50.854670000000006" lon="5.39484">
    <ele>59.550000000000004</ele>
   </trkpt>
   <trkpt lat="50.854710000000004" lon="5.39475">
    <ele>59.550000000000004</ele>
   </trkpt>
   <trkpt lat="50.854980000000005" lon="5.394340000000001">
    <ele>58.7</ele>
   </trkpt>
   <trkpt lat="50.85544" lon="5.39379">
    <ele>56.88</ele>
   </trkpt>
   <trkpt lat="50.855850000000004" lon="5.3932">
    <ele>55.21</ele>
   </trkpt>
   <trkpt lat="50.8562" lon="5.392620000000001">
    <ele>54.050000000000004</ele>
   </trkpt>
   <trkpt lat="50.85633000000001" lon="5.39236">
    <ele>53.050000000000004</ele>
   </trkpt>
   <trkpt lat="50.85658" lon="5.391780000000001">
    <ele>52.39000000000001</ele>
   </trkpt>
   <trkpt lat="50.85698000000001" lon="5.3906600000000005">
    <ele>52.47</ele>
   </trkpt>
   <trkpt lat="50.8573" lon="5.389950000000001">
    <ele>52.77</ele>
   </trkpt>
   <trkpt lat="50.857820000000004" lon="5.38907">
    <ele>53.540000000000006</ele>
   </trkpt>
   <trkpt lat="50.858270000000005" lon="5.38832">
    <ele>55.470000000000006</ele>
   </trkpt>
   <trkpt lat="50.85804" lon="5.3879600000000005">
    <ele>55.31</ele>
   </trkpt>
   <trkpt lat="50.85768" lon="5.38748">
    <ele>55.61000000000001</ele>
   </trkpt>
   <trkpt lat="50.857330000000005" lon="5.38703">
    <ele>56.09</ele>
   </trkpt>
   <trkpt lat="50.85769500112121" lon="5.386560003450231">
    <ele>56.11000000000001</ele>
   </trkpt>
   <trkpt lat="50.85806" lon="5.38609">
    <ele>56.5</ele>
   </trkpt>
   <trkpt lat="50.857960000000006" lon="5.38605">
    <ele>56.540000000000006</ele>
   </trkpt>
   <trkpt lat="50.85783000000001" lon="5.3859">
    <ele>56.6</ele>
   </trkpt>
   <trkpt lat="50.857220000000005" lon="5.38489">
    <ele>56.99</ele>
   </trkpt>
   <trkpt lat="50.856970000000004" lon="5.3845600000000005">
    <ele>57.96</ele>
   </trkpt>
   <trkpt lat="50.85643" lon="5.3839500000000005">
    <ele>58.36</ele>
   </trkpt>
   <trkpt lat="50.85606000000001" lon="5.38332">
    <ele>58.85000000000001</ele>
   </trkpt>
   <trkpt lat="50.855790000000006" lon="5.382650000000001">
    <ele>59.370000000000005</ele>
   </trkpt>
   <trkpt lat="50.855525002077684" lon="5.381929995536117">
    <ele>60.050000000000004</ele>
   </trkpt>
   <trkpt lat="50.85526" lon="5.38121">
    <ele>60.36</ele>
   </trkpt>
   <trkpt lat="50.85483000000001" lon="5.38034">
    <ele>61.22</ele>
   </trkpt>
   <trkpt lat="50.854290000000006" lon="5.379370000000001">
    <ele>61.69</ele>
   </trkpt>
   <trkpt lat="50.85392" lon="5.378520000000001">
    <ele>62.54</ele>
   </trkpt>
   <trkpt lat="50.85372" lon="5.377910000000001">
    <ele>62.68</ele>
   </trkpt>
   <trkpt lat="50.853570000000005" lon="5.37718">
    <ele>63.01000000000001</ele>
   </trkpt>
   <trkpt lat="50.853346678494106" lon="5.376003322045211">
    <ele>63.39</ele>
   </trkpt>
   <trkpt lat="50.853123345156995" lon="5.374826655358866">
    <ele>63.95</ele>
   </trkpt>
   <trkpt lat="50.852900000000005" lon="5.3736500000000005">
    <ele>64.43</ele>
   </trkpt>
   <trkpt lat="50.8528" lon="5.372870000000001">
    <ele>64.60000000000001</ele>
   </trkpt>
   <trkpt lat="50.85277000000001" lon="5.37234">
    <ele>64.82000000000001</ele>
   </trkpt>
   <trkpt lat="50.85276" lon="5.37171">
    <ele>64.99000000000001</ele>
   </trkpt>
   <trkpt lat="50.85276" lon="5.371670000000001">
    <ele>65.0</ele>
   </trkpt>
   <trkpt lat="50.85278500761483" lon="5.370335000708279">
    <ele>65.01</ele>
   </trkpt>
   <trkpt lat="50.852810000000005" lon="5.369000000000001">
    <ele>64.73</ele>
   </trkpt>
   <trkpt lat="50.85276" lon="5.3683700000000005">
    <ele>64.75</ele>
   </trkpt>
   <trkpt lat="50.852650000000004" lon="5.36767">
    <ele>65.5</ele>
   </trkpt>
   <trkpt lat="50.85275000000001" lon="5.367640000000001">
    <ele>65.5</ele>
   </trkpt>
   <trkpt lat="50.852810000000005" lon="5.3675500000000005">
    <ele>64.96000000000001</ele>
   </trkpt>
   <trkpt lat="50.85352000024206" lon="5.3673350032594325">
    <ele>64.25</ele>
   </trkpt>
   <trkpt lat="50.85423" lon="5.367120000000001">
    <ele>63.94000000000001</ele>
   </trkpt>
   <trkpt lat="50.85457" lon="5.36688">
    <ele>63.94000000000001</ele>
   </trkpt>
   <trkpt lat="50.8552" lon="5.3662">
    <ele>63.67</ele>
   </trkpt>
   <trkpt lat="50.855500000000006" lon="5.36587">
    <ele>63.29</ele>
   </trkpt>
   <trkpt lat="50.855760000000004" lon="5.3656500000000005">
    <ele>62.97000000000001</ele>
   </trkpt>
   <trkpt lat="50.856200000350626" lon="5.365345002910084">
    <ele>62.800000000000004</ele>
   </trkpt>
   <trkpt lat="50.856640000000006" lon="5.3650400000000005">
    <ele>62.31</ele>
   </trkpt>
   <trkpt lat="50.85736667035265" lon="5.364386686992963">
    <ele>62.160000000000004</ele>
   </trkpt>
   <trkpt lat="50.85809333705806" lon="5.363733353625202">
    <ele>61.69</ele>
   </trkpt>
   <trkpt lat="50.85882" lon="5.36308">
    <ele>61.13</ele>
   </trkpt>
   <trkpt lat="50.859190000000005" lon="5.3626700000000005">
    <ele>60.4</ele>
   </trkpt>
   <trkpt lat="50.859840000000005" lon="5.361770000000001">
    <ele>59.580000000000005</ele>
   </trkpt>
   <trkpt lat="50.86009000000001" lon="5.3615">
    <ele>59.230000000000004</ele>
   </trkpt>
   <trkpt lat="50.86055500036748" lon="5.361215002829604">
    <ele>58.510000000000005</ele>
   </trkpt>
   <trkpt lat="50.86102" lon="5.360930000000001">
    <ele>58.04</ele>
   </trkpt>
   <trkpt lat="50.86086" lon="5.359570000000001">
    <ele>55.74</ele>
   </trkpt>
   <trkpt lat="50.860730000000004" lon="5.359100000000001">
    <ele>55.43000000000001</ele>
   </trkpt>
   <trkpt lat="50.860730000000004" lon="5.35873">
    <ele>55.1</ele>
   </trkpt>
   <trkpt lat="50.86088000269366" lon="5.357935002592249">
    <ele>54.45</ele>
   </trkpt>
   <trkpt lat="50.86103000000001" lon="5.35714">
    <ele>54.31</ele>
   </trkpt>
   <trkpt lat="50.86110000000001" lon="5.35693">
    <ele>54.3</ele>
   </trkpt>
   <trkpt lat="50.861270000000005" lon="5.35658">
    <ele>54.31</ele>
   </trkpt>
   <trkpt lat="50.86142" lon="5.3562">
    <ele>54.24</ele>
   </trkpt>
   <trkpt lat="50.86178" lon="5.355460000000001">
    <ele>54.64</ele>
   </trkpt>
   <trkpt lat="50.861810000000006" lon="5.35533">
    <ele>54.64</ele>
   </trkpt>
   <trkpt lat="50.861830000000005" lon="5.35505">
    <ele>54.510000000000005</ele>
   </trkpt>
   <trkpt lat="50.86182" lon="5.35479">
    <ele>54.470000000000006</ele>
   </trkpt>
   <trkpt lat="50.862210000000005" lon="5.354590000000001">
    <ele>54.67</ele>
   </trkpt>
   <trkpt lat="50.862350000000006" lon="5.354550000000001">
    <ele>54.760000000000005</ele>
   </trkpt>
   <trkpt lat="50.86252" lon="5.35454">
    <ele>55.02</ele>
   </trkpt>
   <trkpt lat="50.86272" lon="5.354570000000001">
    <ele>55.02</ele>
   </trkpt>
   <trkpt lat="50.863490000000006" lon="5.35489">
    <ele>55.92</ele>
   </trkpt>
   <trkpt lat="50.863850000000006" lon="5.355020000000001">
    <ele>56.71</ele>
   </trkpt>
   <trkpt lat="50.86394000000001" lon="5.355020000000001">
    <ele>56.71</ele>
   </trkpt>
   <trkpt lat="50.86413" lon="5.354970000000001">
    <ele>56.81</ele>
   </trkpt>
   <trkpt lat="50.86430000000001" lon="5.3548800000000005">
    <ele>56.85</ele>
   </trkpt>
   <trkpt lat="50.86475000047415" lon="5.354545003237423">
    <ele>55.900000000000006</ele>
   </trkpt>
   <trkpt lat="50.8652" lon="5.35421">
    <ele>55.400000000000006</ele>
   </trkpt>
   <trkpt lat="50.86592333579646" lon="5.353673349985152">
    <ele>53.93000000000001</ele>
   </trkpt>
   <trkpt lat="50.866646669132145" lon="5.353136683317081">
    <ele>52.2</ele>
   </trkpt>
   <trkpt lat="50.86737" lon="5.352600000000001">
    <ele>51.5</ele>
   </trkpt>
   <trkpt lat="50.86744" lon="5.35249">
    <ele>51.39</ele>
   </trkpt>
   <trkpt lat="50.86750000000001" lon="5.3524">
    <ele>51.300000000000004</ele>
   </trkpt>
   <trkpt lat="50.867540000000005" lon="5.35221">
    <ele>51.300000000000004</ele>
   </trkpt>
   <trkpt lat="50.86753" lon="5.351990000000001">
    <ele>50.72</ele>
   </trkpt>
   <trkpt lat="50.86719" lon="5.350720000000001">
    <ele>50.300000000000004</ele>
   </trkpt>
   <trkpt lat="50.867810000554975" lon="5.350450007211598">
    <ele>49.24</ele>
   </trkpt>
   <trkpt lat="50.86843000048709" lon="5.350180007241281">
    <ele>48.910000000000004</ele>
   </trkpt>
   <trkpt lat="50.86905" lon="5.34991">
    <ele>48.82</ele>
   </trkpt>
   <trkpt lat="50.86970000017781" lon="5.34975000221427">
    <ele>48.46</ele>
   </trkpt>
   <trkpt lat="50.87035" lon="5.34959">
    <ele>48.160000000000004</ele>
   </trkpt>
   <trkpt lat="50.87091" lon="5.34942">
    <ele>48.35</ele>
   </trkpt>
   <trkpt lat="50.871673333991176" lon="5.34914000917556">
    <ele>48.07</ele>
   </trkpt>
   <trkpt lat="50.87243666731252" lon="5.348860009180142">
    <ele>47.78</ele>
   </trkpt>
   <trkpt lat="50.873200000000004" lon="5.34858">
    <ele>47.2</ele>
   </trkpt>
   <trkpt lat="50.87366000009416" lon="5.348400001793886">
    <ele>46.7</ele>
   </trkpt>
   <trkpt lat="50.874120000000005" lon="5.34822">
    <ele>46.42</ele>
   </trkpt>
   <trkpt lat="50.87483" lon="5.347740000000001">
    <ele>46.42</ele>
   </trkpt>
   <trkpt lat="50.87532000048083" lon="5.347400003583816">
    <ele>46.3</ele>
   </trkpt>
   <trkpt lat="50.87581" lon="5.347060000000001">
    <ele>46.21</ele>
   </trkpt>
   <trkpt lat="50.87659500171628" lon="5.34642001080796">
    <ele>46.02</ele>
   </trkpt>
   <trkpt lat="50.87738" lon="5.34578">
    <ele>45.50000000000001</ele>
   </trkpt>
   <trkpt lat="50.87754" lon="5.34569">
    <ele>45.50000000000001</ele>
   </trkpt>
   <trkpt lat="50.878080000000004" lon="5.345440000000001">
    <ele>44.74</ele>
   </trkpt>
   <trkpt lat="50.878240000000005" lon="5.345420000000001">
    <ele>44.4</ele>
   </trkpt>
   <trkpt lat="50.879070000000006" lon="5.34541">
    <ele>42.620000000000005</ele>
   </trkpt>
   <trkpt lat="50.87956500029242" lon="5.345429999799286">
    <ele>42.06</ele>
   </trkpt>
   <trkpt lat="50.88006000000001" lon="5.3454500000000005">
    <ele>41.09</ele>
   </trkpt>
   <trkpt lat="50.880010000000006" lon="5.3454500000000005">
    <ele>41.150000000000006</ele>
   </trkpt>
   <trkpt lat="50.88067" lon="5.34548">
    <ele>40.99</ele>
   </trkpt>
   <trkpt lat="50.88062667718918" lon="5.344369997836712">
    <ele>40.93</ele>
   </trkpt>
   <trkpt lat="50.88058334385199" lon="5.343259997737768">
    <ele>40.830000000000005</ele>
   </trkpt>
   <trkpt lat="50.88054" lon="5.34215">
    <ele>40.900000000000006</ele>
   </trkpt>
   <trkpt lat="50.880490003883246" lon="5.341194998733281">
    <ele>40.730000000000004</ele>
   </trkpt>
   <trkpt lat="50.88044000000001" lon="5.3402400000000005">
    <ele>41.02</ele>
   </trkpt>
   <trkpt lat="50.88043000237135" lon="5.339494999871941">
    <ele>41.25</ele>
   </trkpt>
   <trkpt lat="50.88042" lon="5.33875">
    <ele>41.45</ele>
   </trkpt>
   <trkpt lat="50.88038000227332" lon="5.338019999317046">
    <ele>41.77</ele>
   </trkpt>
   <trkpt lat="50.880340000000004" lon="5.33729">
    <ele>42.07</ele>
   </trkpt>
   <trkpt lat="50.88045" lon="5.3372">
    <ele>41.86</ele>
   </trkpt>
   <trkpt lat="50.880480000000006" lon="5.3371200000000005">
    <ele>41.86</ele>
   </trkpt>
   <trkpt lat="50.88071334076361" lon="5.336186676062292">
    <ele>40.31</ele>
   </trkpt>
   <trkpt lat="50.88094667408503" lon="5.335253342776804">
    <ele>39.93</ele>
   </trkpt>
   <trkpt lat="50.88118000000001" lon="5.334320000000001">
    <ele>39.690000000000005</ele>
   </trkpt>
   <trkpt lat="50.881190000000004" lon="5.33429">
    <ele>39.690000000000005</ele>
   </trkpt>
   <trkpt lat="50.8814971817204" lon="5.333058620142467">
    <ele>39.730000000000004</ele>
   </trkpt>
   <trkpt lat="50.88180435048633" lon="5.331827224048768">
    <ele>39.370000000000005</ele>
   </trkpt>
   <trkpt lat="50.88211150629748" lon="5.3305958117191965">
    <ele>39.16</ele>
   </trkpt>
   <trkpt lat="50.88241864915354" lon="5.3293643831540445">
    <ele>38.940000000000005</ele>
   </trkpt>
   <trkpt lat="50.882725779054184" lon="5.3281329383536065">
    <ele>38.540000000000006</ele>
   </trkpt>
   <trkpt lat="50.88303289599912" lon="5.3269014773181755">
    <ele>37.970000000000006</ele>
   </trkpt>
   <trkpt lat="50.883340000000004" lon="5.325670000000001">
    <ele>37.32000000000001</ele>
   </trkpt>
   <trkpt lat="50.88371" lon="5.32458">
    <ele>36.78</ele>
   </trkpt>
   <trkpt lat="50.883960002114954" lon="5.323895003372639">
    <ele>36.59</ele>
   </trkpt>
   <trkpt lat="50.88421" lon="5.32321">
    <ele>35.96000000000001</ele>
   </trkpt>
   <trkpt lat="50.884350000000005" lon="5.32272">
    <ele>35.910000000000004</ele>
   </trkpt>
   <trkpt lat="50.88460334273744" lon="5.3216700114801885">
    <ele>35.050000000000004</ele>
   </trkpt>
   <trkpt lat="50.88485667605613" lon="5.320620011541121">
    <ele>34.190000000000005</ele>
   </trkpt>
   <trkpt lat="50.885110000000005" lon="5.319570000000001">
    <ele>33.92</ele>
   </trkpt>
   <trkpt lat="50.885160000000006" lon="5.31923">
    <ele>33.910000000000004</ele>
   </trkpt>
   <trkpt lat="50.88502500202955" lon="5.318529997642162">
    <ele>34.07</ele>
   </trkpt>
   <trkpt lat="50.884890000000006" lon="5.317830000000001">
    <ele>34.81</ele>
   </trkpt>
   <trkpt lat="50.8849" lon="5.316730000000001">
    <ele>35.440000000000005</ele>
   </trkpt>
   <trkpt lat="50.88497" lon="5.316470000000001">
    <ele>35.54</ele>
   </trkpt>
   <trkpt lat="50.8851" lon="5.31613">
    <ele>35.53000000000001</ele>
   </trkpt>
   <trkpt lat="50.885380000000005" lon="5.31545">
    <ele>35.7</ele>
   </trkpt>
   <trkpt lat="50.88553" lon="5.31524">
    <ele>36.08</ele>
   </trkpt>
   <trkpt lat="50.885070000000006" lon="5.31435">
    <ele>35.28000000000001</ele>
   </trkpt>
   <trkpt lat="50.88463" lon="5.313440000000001">
    <ele>36.47</ele>
   </trkpt>
   <trkpt lat="50.885200000000005" lon="5.312460000000001">
    <ele>36.43000000000001</ele>
   </trkpt>
   <trkpt lat="50.885580000000004" lon="5.311640000000001">
    <ele>36.39000000000001</ele>
   </trkpt>
   <trkpt lat="50.885670000000005" lon="5.311400000000001">
    <ele>36.27</ele>
   </trkpt>
   <trkpt lat="50.88597000000001" lon="5.310370000000001">
    <ele>35.61</ele>
   </trkpt>
   <trkpt lat="50.88609" lon="5.3101400000000005">
    <ele>35.46000000000001</ele>
   </trkpt>
   <trkpt lat="50.886700000000005" lon="5.3092500000000005">
    <ele>35.22</ele>
   </trkpt>
   <trkpt lat="50.88684000000001" lon="5.309100000000001">
    <ele>35.22</ele>
   </trkpt>
   <trkpt lat="50.886970000000005" lon="5.309010000000001">
    <ele>35.08</ele>
   </trkpt>
   <trkpt lat="50.88756000000001" lon="5.30876">
    <ele>34.65</ele>
   </trkpt>
   <trkpt lat="50.88824" lon="5.30823">
    <ele>34.11</ele>
   </trkpt>
   <trkpt lat="50.888450000000006" lon="5.30801">
    <ele>33.95</ele>
   </trkpt>
   <trkpt lat="50.88871" lon="5.3077000000000005">
    <ele>33.96</ele>
   </trkpt>
   <trkpt lat="50.88888000000001" lon="5.307460000000001">
    <ele>34.2</ele>
   </trkpt>
   <trkpt lat="50.889250000000004" lon="5.3069500000000005">
    <ele>34.06</ele>
   </trkpt>
   <trkpt lat="50.889500000000005" lon="5.30684">
    <ele>34.06</ele>
   </trkpt>
   <trkpt lat="50.88964000000001" lon="5.306830000000001">
    <ele>33.760000000000005</ele>
   </trkpt>
   <trkpt lat="50.89005" lon="5.30696">
    <ele>33.68</ele>
   </trkpt>
   <trkpt lat="50.89021" lon="5.307">
    <ele>33.68</ele>
   </trkpt>
   <trkpt lat="50.890330000000006" lon="5.30701">
    <ele>33.64</ele>
   </trkpt>
   <trkpt lat="50.89045" lon="5.306970000000001">
    <ele>33.64</ele>
   </trkpt>
   <trkpt lat="50.89061" lon="5.3068800000000005">
    <ele>33.660000000000004</ele>
   </trkpt>
   <trkpt lat="50.890910000000005" lon="5.30656">
    <ele>33.74</ele>
   </trkpt>
   <trkpt lat="50.89099" lon="5.306310000000001">
    <ele>33.89</ele>
   </trkpt>
   <trkpt lat="50.890980000000006" lon="5.30621">
    <ele>33.89</ele>
   </trkpt>
   <trkpt lat="50.891070000000006" lon="5.306190000000001">
    <ele>33.800000000000004</ele>
   </trkpt>
   <trkpt lat="50.89121" lon="5.306100000000001">
    <ele>33.480000000000004</ele>
   </trkpt>
   <trkpt lat="50.89163500166794" lon="5.305500005290918">
    <ele>33.410000000000004</ele>
   </trkpt>
   <trkpt lat="50.89206" lon="5.304900000000001">
    <ele>33.63</ele>
   </trkpt>
   <trkpt lat="50.892360000000004" lon="5.304620000000001">
    <ele>33.79</ele>
   </trkpt>
   <trkpt lat="50.892540000000004" lon="5.30449">
    <ele>33.86</ele>
   </trkpt>
   <trkpt lat="50.89269" lon="5.30442">
    <ele>34.0</ele>
   </trkpt>
   <trkpt lat="50.89287" lon="5.3043700000000005">
    <ele>34.0</ele>
   </trkpt>
   <trkpt lat="50.893130000000006" lon="5.304340000000001">
    <ele>34.15</ele>
   </trkpt>
   <trkpt lat="50.893350000000005" lon="5.304290000000001">
    <ele>34.15</ele>
   </trkpt>
   <trkpt lat="50.89347" lon="5.30414">
    <ele>34.15</ele>
   </trkpt>
   <trkpt lat="50.89363" lon="5.3039000000000005">
    <ele>34.13</ele>
   </trkpt>
   <trkpt lat="50.894310000000004" lon="5.3034300000000005">
    <ele>33.95</ele>
   </trkpt>
   <trkpt lat="50.894905001020284" lon="5.302975005709095">
    <ele>33.95</ele>
   </trkpt>
   <trkpt lat="50.895500000000006" lon="5.30252">
    <ele>34.34</ele>
   </trkpt>
   <trkpt lat="50.89558" lon="5.302440000000001">
    <ele>34.370000000000005</ele>
   </trkpt>
   <trkpt lat="50.895720000000004" lon="5.30224">
    <ele>33.74</ele>
   </trkpt>
   <trkpt lat="50.89576" lon="5.3021400000000005">
    <ele>33.74</ele>
   </trkpt>
   <trkpt lat="50.895890002163846" lon="5.301430001923501">
    <ele>32.74</ele>
   </trkpt>
   <trkpt lat="50.89602000000001" lon="5.30072">
    <ele>32.480000000000004</ele>
   </trkpt>
   <trkpt lat="50.89603" lon="5.30067">
    <ele>32.470000000000006</ele>
   </trkpt>
   <trkpt lat="50.89622000000001" lon="5.29969">
    <ele>32.53</ele>
   </trkpt>
   <trkpt lat="50.89620000000001" lon="5.29938">
    <ele>32.53</ele>
   </trkpt>
   <trkpt lat="50.89605" lon="5.2987">
    <ele>32.720000000000006</ele>
   </trkpt>
   <trkpt lat="50.896" lon="5.29837">
    <ele>33.38</ele>
   </trkpt>
   <trkpt lat="50.89589" lon="5.29738">
    <ele>34.04</ele>
   </trkpt>
   <trkpt lat="50.89587" lon="5.29696">
    <ele>34.24</ele>
   </trkpt>
   <trkpt lat="50.895895003614754" lon="5.296040000509752">
    <ele>34.36</ele>
   </trkpt>
   <trkpt lat="50.895920000000004" lon="5.295120000000001">
    <ele>34.440000000000005</ele>
   </trkpt>
   <trkpt lat="50.89598" lon="5.29485">
    <ele>34.33</ele>
   </trkpt>
   <trkpt lat="50.89627000241933" lon="5.294100004627118">
    <ele>34.14</ele>
   </trkpt>
   <trkpt lat="50.89656" lon="5.29335">
    <ele>33.510000000000005</ele>
   </trkpt>
   <trkpt lat="50.897130000000004" lon="5.2923100000000005">
    <ele>32.730000000000004</ele>
   </trkpt>
   <trkpt lat="50.89717" lon="5.292190000000001">
    <ele>32.54</ele>
   </trkpt>
   <trkpt lat="50.89740667870693" lon="5.2910033453396395">
    <ele>32.11</ele>
   </trkpt>
   <trkpt lat="50.89764334538477" lon="5.289816678617166">
    <ele>32.019999999999996</ele>
   </trkpt>
   <trkpt lat="50.89788" lon="5.28863">
    <ele>31.810000000000006</ele>
   </trkpt>
   <trkpt lat="50.89802" lon="5.28814">
    <ele>31.810000000000006</ele>
   </trkpt>
   <trkpt lat="50.89838667373513" lon="5.287230014344474">
    <ele>31.85</ele>
   </trkpt>
   <trkpt lat="50.89875334039646" lon="5.2863200143579165">
    <ele>31.700000000000006</ele>
   </trkpt>
   <trkpt lat="50.89912" lon="5.285410000000001">
    <ele>31.580000000000002</ele>
   </trkpt>
   <trkpt lat="50.899260000000005" lon="5.28514">
    <ele>31.580000000000002</ele>
   </trkpt>
   <trkpt lat="50.89962000123651" lon="5.284595004262244">
    <ele>31.700000000000006</ele>
   </trkpt>
   <trkpt lat="50.899980000000006" lon="5.284050000000001">
    <ele>31.68</ele>
   </trkpt>
   <trkpt lat="50.9003" lon="5.283530000000001">
    <ele>31.43</ele>
   </trkpt>
   <trkpt lat="50.90037" lon="5.283460000000001">
    <ele>31.150000000000002</ele>
   </trkpt>
   <trkpt lat="50.90080500034804" lon="5.283145002997732">
    <ele>31.070000000000004</ele>
   </trkpt>
   <trkpt lat="50.90124" lon="5.282830000000001">
    <ele>30.97</ele>
   </trkpt>
   <trkpt lat="50.901340000000005" lon="5.28274">
    <ele>30.97</ele>
   </trkpt>
   <trkpt lat="50.9018233362965" lon="5.282150012262071">
    <ele>31.070000000000004</ele>
   </trkpt>
   <trkpt lat="50.90230666961955" lon="5.281560012274802">
    <ele>31.200000000000003</ele>
   </trkpt>
   <trkpt lat="50.90279" lon="5.280970000000001">
    <ele>31.110000000000003</ele>
   </trkpt>
   <trkpt lat="50.90317000075596" lon="5.280560003305373">
    <ele>31.090000000000003</ele>
   </trkpt>
   <trkpt lat="50.90355" lon="5.280150000000001">
    <ele>31.150000000000002</ele>
   </trkpt>
   <trkpt lat="50.904320000000006" lon="5.27942">
    <ele>30.830000000000002</ele>
   </trkpt>
   <trkpt lat="50.9046" lon="5.27908">
    <ele>30.88</ele>
   </trkpt>
   <trkpt lat="50.90487" lon="5.278670000000001">
    <ele>30.860000000000003</ele>
   </trkpt>
   <trkpt lat="50.905150000000006" lon="5.278180000000001">
    <ele>30.63</ele>
   </trkpt>
   <trkpt lat="50.90542000000001" lon="5.2775300000000005">
    <ele>30.590000000000003</ele>
   </trkpt>
   <trkpt lat="50.90572000265069" lon="5.276750004890633">
    <ele>30.55</ele>
   </trkpt>
   <trkpt lat="50.906020000000005" lon="5.27597">
    <ele>30.310000000000002</ele>
   </trkpt>
   <trkpt lat="50.90605000000001" lon="5.2758400000000005">
    <ele>30.310000000000002</ele>
   </trkpt>
   <trkpt lat="50.906110000000005" lon="5.27533">
    <ele>30.310000000000002</ele>
   </trkpt>
   <trkpt lat="50.90633500192261" lon="5.274655003332426">
    <ele>30.060000000000002</ele>
   </trkpt>
   <trkpt lat="50.906560000000006" lon="5.273980000000001">
    <ele>29.890000000000004</ele>
   </trkpt>
   <trkpt lat="50.906760000000006" lon="5.27306">
    <ele>29.640000000000004</ele>
   </trkpt>
   <trkpt lat="50.906780000000005" lon="5.272740000000001">
    <ele>29.7</ele>
   </trkpt>
   <trkpt lat="50.90672500302076" lon="5.271899999117703">
    <ele>29.86</ele>
   </trkpt>
   <trkpt lat="50.906670000000005" lon="5.27106">
    <ele>30.09</ele>
   </trkpt>
   <trkpt lat="50.90668" lon="5.270670000000001">
    <ele>30.130000000000003</ele>
   </trkpt>
   <trkpt lat="50.906960000000005" lon="5.26933">
    <ele>30.11</ele>
   </trkpt>
   <trkpt lat="50.90738" lon="5.268230000000001">
    <ele>30.26</ele>
   </trkpt>
   <trkpt lat="50.907500000000006" lon="5.268020000000001">
    <ele>30.29</ele>
   </trkpt>
   <trkpt lat="50.907720000000005" lon="5.2677700000000005">
    <ele>30.400000000000002</ele>
   </trkpt>
   <trkpt lat="50.90793000000001" lon="5.267340000000001">
    <ele>30.320000000000004</ele>
   </trkpt>
   <trkpt lat="50.908390000000004" lon="5.26651">
    <ele>30.63</ele>
   </trkpt>
   <trkpt lat="50.90892251299809" lon="5.26550253459047">
    <ele>31.21</ele>
   </trkpt>
   <trkpt lat="50.90945501732628" lon="5.264495046129989">
    <ele>31.95</ele>
   </trkpt>
   <trkpt lat="50.90998751298423" lon="5.2634875346179655">
    <ele>32.21</ele>
   </trkpt>
   <trkpt lat="50.910520000000005" lon="5.26248">
    <ele>31.470000000000006</ele>
   </trkpt>
   <trkpt lat="50.91095000000001" lon="5.26177">
    <ele>31.110000000000003</ele>
   </trkpt>
   <trkpt lat="50.91156" lon="5.260820000000001">
    <ele>30.62</ele>
   </trkpt>
   <trkpt lat="50.91180000000001" lon="5.260330000000001">
    <ele>30.470000000000002</ele>
   </trkpt>
   <trkpt lat="50.9119" lon="5.260050000000001">
    <ele>30.38</ele>
   </trkpt>
   <trkpt lat="50.91209500219735" lon="5.259335002944153">
    <ele>30.410000000000004</ele>
   </trkpt>
   <trkpt lat="50.912290000000006" lon="5.2586200000000005">
    <ele>30.7</ele>
   </trkpt>
   <trkpt lat="50.9123" lon="5.25837">
    <ele>30.71</ele>
   </trkpt>
   <trkpt lat="50.91225000000001" lon="5.258100000000001">
    <ele>30.71</ele>
   </trkpt>
   <trkpt lat="50.91189000000001" lon="5.257040000000001">
    <ele>31.160000000000004</ele>
   </trkpt>
   <trkpt lat="50.91187000000001" lon="5.2568600000000005">
    <ele>31.160000000000004</ele>
   </trkpt>
   <trkpt lat="50.911880000000004" lon="5.256500000000001">
    <ele>31.43</ele>
   </trkpt>
   <trkpt lat="50.91194" lon="5.256220000000001">
    <ele>31.490000000000002</ele>
   </trkpt>
   <trkpt lat="50.91205" lon="5.255960000000001">
    <ele>31.48</ele>
   </trkpt>
   <trkpt lat="50.91227000000001" lon="5.25555">
    <ele>31.34</ele>
   </trkpt>
   <trkpt lat="50.912560000000006" lon="5.2552900000000005">
    <ele>31.240000000000002</ele>
   </trkpt>
   <trkpt lat="50.91317500050919" lon="5.254910005087787">
    <ele>30.8</ele>
   </trkpt>
   <trkpt lat="50.913790000000006" lon="5.254530000000001">
    <ele>30.480000000000004</ele>
   </trkpt>
   <trkpt lat="50.91427" lon="5.254130000000001">
    <ele>30.19</ele>
   </trkpt>
   <trkpt lat="50.91440000000001" lon="5.2540000000000004">
    <ele>30.140000000000004</ele>
   </trkpt>
   <trkpt lat="50.91465" lon="5.253710000000001">
    <ele>30.140000000000004</ele>
   </trkpt>
   <trkpt lat="50.914820000000006" lon="5.253310000000001">
    <ele>30.28</ele>
   </trkpt>
   <trkpt lat="50.9149" lon="5.253080000000001">
    <ele>30.230000000000004</ele>
   </trkpt>
   <trkpt lat="50.914950000000005" lon="5.252770000000001">
    <ele>30.250000000000004</ele>
   </trkpt>
   <trkpt lat="50.914950000000005" lon="5.25276">
    <ele>30.26</ele>
   </trkpt>
   <trkpt lat="50.915000000000006" lon="5.2525200000000005">
    <ele>30.410000000000004</ele>
   </trkpt>
   <trkpt lat="50.915020000000005" lon="5.25225">
    <ele>30.900000000000002</ele>
   </trkpt>
   <trkpt lat="50.91501" lon="5.252140000000001">
    <ele>30.900000000000002</ele>
   </trkpt>
   <trkpt lat="50.91496" lon="5.25197">
    <ele>31.150000000000002</ele>
   </trkpt>
   <trkpt lat="50.915110000000006" lon="5.2517700000000005">
    <ele>31.110000000000003</ele>
   </trkpt>
   <trkpt lat="50.91518000000001" lon="5.25161">
    <ele>31.110000000000003</ele>
   </trkpt>
   <trkpt lat="50.91557" lon="5.25044">
    <ele>30.490000000000002</ele>
   </trkpt>
   <trkpt lat="50.915760000000006" lon="5.250120000000001">
    <ele>30.35</ele>
   </trkpt>
   <trkpt lat="50.91621000000001" lon="5.24971">
    <ele>30.17</ele>
   </trkpt>
   <trkpt lat="50.91633" lon="5.249490000000001">
    <ele>30.160000000000004</ele>
   </trkpt>
   <trkpt lat="50.916380000000004" lon="5.24934">
    <ele>30.160000000000004</ele>
   </trkpt>
   <trkpt lat="50.916470000000004" lon="5.24875">
    <ele>30.320000000000004</ele>
   </trkpt>
   <trkpt lat="50.91658" lon="5.248550000000001">
    <ele>30.070000000000004</ele>
   </trkpt>
   <trkpt lat="50.916560000000004" lon="5.248430000000001">
    <ele>30.070000000000004</ele>
   </trkpt>
   <trkpt lat="50.91657000000001" lon="5.2481100000000005">
    <ele>30.070000000000004</ele>
   </trkpt>
   <trkpt lat="50.916810000000005" lon="5.24809">
    <ele>29.67</ele>
   </trkpt>
   <trkpt lat="50.916880000000006" lon="5.248030000000001">
    <ele>29.67</ele>
   </trkpt>
   <trkpt lat="50.91725" lon="5.24737">
    <ele>29.080000000000002</ele>
   </trkpt>
   <trkpt lat="50.91742000000001" lon="5.24718">
    <ele>28.970000000000002</ele>
   </trkpt>
   <trkpt lat="50.9177" lon="5.24673">
    <ele>28.98</ele>
   </trkpt>
   <trkpt lat="50.917750000000005" lon="5.246670000000001">
    <ele>28.98</ele>
   </trkpt>
   <trkpt lat="50.91785" lon="5.24671">
    <ele>28.84</ele>
   </trkpt>
   <trkpt lat="50.91827500063583" lon="5.247089996546457">
    <ele>28.360000000000003</ele>
   </trkpt>
   <trkpt lat="50.9187" lon="5.247470000000001">
    <ele>28.25</ele>
   </trkpt>
   <trkpt lat="50.918780000000005" lon="5.24758">
    <ele>28.25</ele>
   </trkpt>
   <trkpt lat="50.91903000000001" lon="5.24781">
    <ele>28.25</ele>
   </trkpt>
   <trkpt lat="50.91910000000001" lon="5.24784">
    <ele>28.35</ele>
   </trkpt>
   <trkpt lat="50.919470000000004" lon="5.2481800000000005">
    <ele>28.59</ele>
   </trkpt>
   <trkpt lat="50.919520000000006" lon="5.24802">
    <ele>28.51</ele>
   </trkpt>
   <trkpt lat="50.91949" lon="5.2479000000000005">
    <ele>28.51</ele>
   </trkpt>
   <trkpt lat="50.91953" lon="5.24777">
    <ele>28.39</ele>
   </trkpt>
   <trkpt lat="50.919520000000006" lon="5.247660000000001">
    <ele>28.39</ele>
   </trkpt>
   <trkpt lat="50.919700000000006" lon="5.2468900000000005">
    <ele>27.82</ele>
   </trkpt>
   <trkpt lat="50.91977000000001" lon="5.24598">
    <ele>27.85</ele>
   </trkpt>
   <trkpt lat="50.919810000000005" lon="5.245690000000001">
    <ele>27.85</ele>
   </trkpt>
   <trkpt lat="50.919920000000005" lon="5.24526">
    <ele>28.060000000000002</ele>
   </trkpt>
   <trkpt lat="50.920030000000004" lon="5.244800000000001">
    <ele>28.080000000000002</ele>
   </trkpt>
   <trkpt lat="50.92006000000001" lon="5.24448">
    <ele>28.32</ele>
   </trkpt>
   <trkpt lat="50.92000000334101" lon="5.243599999363052">
    <ele>28.380000000000003</ele>
   </trkpt>
   <trkpt lat="50.919940000000004" lon="5.24272">
    <ele>28.26</ele>
   </trkpt>
   <trkpt lat="50.91995000000001" lon="5.242500000000001">
    <ele>28.23</ele>
   </trkpt>
   <trkpt lat="50.920120000000004" lon="5.2412">
    <ele>28.19</ele>
   </trkpt>
   <trkpt lat="50.92027500258215" lon="5.240415002865295">
    <ele>27.680000000000003</ele>
   </trkpt>
   <trkpt lat="50.92043" lon="5.23963">
    <ele>27.51</ele>
   </trkpt>
   <trkpt lat="50.92043" lon="5.239610000000001">
    <ele>27.51</ele>
   </trkpt>
   <trkpt lat="50.920570000000005" lon="5.23913">
    <ele>27.21</ele>
   </trkpt>
   <trkpt lat="50.92083" lon="5.23859">
    <ele>27.180000000000003</ele>
   </trkpt>
   <trkpt lat="50.920930000000006" lon="5.23843">
    <ele>27.37</ele>
   </trkpt>
   <trkpt lat="50.92141" lon="5.23786">
    <ele>27.840000000000003</ele>
   </trkpt>
   <trkpt lat="50.92159" lon="5.237500000000001">
    <ele>28.110000000000003</ele>
   </trkpt>
   <trkpt lat="50.92174000000001" lon="5.23709">
    <ele>28.23</ele>
   </trkpt>
   <trkpt lat="50.921870000000006" lon="5.23655">
    <ele>28.17</ele>
   </trkpt>
   <trkpt lat="50.921960000000006" lon="5.23629">
    <ele>28.240000000000002</ele>
   </trkpt>
   <trkpt lat="50.922050000000006" lon="5.2361200000000006">
    <ele>28.35</ele>
   </trkpt>
   <trkpt lat="50.92217" lon="5.23596">
    <ele>28.53</ele>
   </trkpt>
   <trkpt lat="50.92242" lon="5.2357000000000005">
    <ele>28.89</ele>
   </trkpt>
   <trkpt lat="50.92257000000001" lon="5.23552">
    <ele>29.030000000000005</ele>
   </trkpt>
   <trkpt lat="50.922700000000006" lon="5.23531">
    <ele>29.32</ele>
   </trkpt>
   <trkpt lat="50.92284" lon="5.23491">
    <ele>29.380000000000003</ele>
   </trkpt>
   <trkpt lat="50.92286000000001" lon="5.23472">
    <ele>29.35</ele>
   </trkpt>
   <trkpt lat="50.922850000000004" lon="5.234170000000001">
    <ele>29.09</ele>
   </trkpt>
   <trkpt lat="50.92287" lon="5.23345">
    <ele>29.040000000000003</ele>
   </trkpt>
   <trkpt lat="50.922920000000005" lon="5.233180000000001">
    <ele>29.060000000000002</ele>
   </trkpt>
   <trkpt lat="50.923" lon="5.23289">
    <ele>29.060000000000002</ele>
   </trkpt>
   <trkpt lat="50.92334" lon="5.23209">
    <ele>28.87</ele>
   </trkpt>
   <trkpt lat="50.92360000000001" lon="5.23153">
    <ele>28.810000000000002</ele>
   </trkpt>
   <trkpt lat="50.92403000468666" lon="5.230790013662457">
    <ele>28.62</ele>
   </trkpt>
   <trkpt lat="50.92446000469648" lon="5.230050013645747">
    <ele>28.380000000000003</ele>
   </trkpt>
   <trkpt lat="50.924890000000005" lon="5.229310000000001">
    <ele>28.37</ele>
   </trkpt>
   <trkpt lat="50.92519" lon="5.22867">
    <ele>28.400000000000002</ele>
   </trkpt>
   <trkpt lat="50.925290000000004" lon="5.22853">
    <ele>28.51</ele>
   </trkpt>
   <trkpt lat="50.92544" lon="5.22836">
    <ele>28.560000000000002</ele>
   </trkpt>
   <trkpt lat="50.92597000000001" lon="5.2279">
    <ele>28.380000000000003</ele>
   </trkpt>
   <trkpt lat="50.92622" lon="5.22754">
    <ele>28.26</ele>
   </trkpt>
   <trkpt lat="50.92631" lon="5.2273700000000005">
    <ele>28.26</ele>
   </trkpt>
   <trkpt lat="50.926800004131984" lon="5.226385010397851">
    <ele>28.1</ele>
   </trkpt>
   <trkpt lat="50.927290000000006" lon="5.2254000000000005">
    <ele>27.970000000000002</ele>
   </trkpt>
   <trkpt lat="50.92758000151496" lon="5.224805003702848">
    <ele>27.89</ele>
   </trkpt>
   <trkpt lat="50.927870000000006" lon="5.22421">
    <ele>27.57</ele>
   </trkpt>
   <trkpt lat="50.92794000000001" lon="5.22402">
    <ele>27.57</ele>
   </trkpt>
   <trkpt lat="50.928165002132125" lon="5.223315003379666">
    <ele>27.12</ele>
   </trkpt>
   <trkpt lat="50.92839000000001" lon="5.22261">
    <ele>26.560000000000002</ele>
   </trkpt>
   <trkpt lat="50.928610000000006" lon="5.22205">
    <ele>26.160000000000004</ele>
   </trkpt>
   <trkpt lat="50.92897333897874" lon="5.221240012560288">
    <ele>26.590000000000003</ele>
   </trkpt>
   <trkpt lat="50.92933667235418" lon="5.220430012466571">
    <ele>25.85</ele>
   </trkpt>
   <trkpt lat="50.929700000000004" lon="5.219620000000001">
    <ele>26.38</ele>
   </trkpt>
   <trkpt lat="50.9299" lon="5.21914">
    <ele>26.44</ele>
   </trkpt>
   <trkpt lat="50.93000000000001" lon="5.21881">
    <ele>26.44</ele>
   </trkpt>
   <trkpt lat="50.93018500254775" lon="5.218030003314122">
    <ele>26.6</ele>
   </trkpt>
   <trkpt lat="50.93037" lon="5.217250000000001">
    <ele>26.820000000000004</ele>
   </trkpt>
   <trkpt lat="50.930460000000004" lon="5.2170000000000005">
    <ele>26.820000000000004</ele>
   </trkpt>
   <trkpt lat="50.93063" lon="5.216690000000001">
    <ele>26.820000000000004</ele>
   </trkpt>
   <trkpt lat="50.93132000000001" lon="5.21584">
    <ele>27.3</ele>
   </trkpt>
   <trkpt lat="50.93146" lon="5.2157">
    <ele>27.3</ele>
   </trkpt>
   <trkpt lat="50.931650000000005" lon="5.2155700000000005">
    <ele>27.3</ele>
   </trkpt>
   <trkpt lat="50.931850000000004" lon="5.21553">
    <ele>27.330000000000002</ele>
   </trkpt>
   <trkpt lat="50.93207" lon="5.21555">
    <ele>27.330000000000002</ele>
   </trkpt>
   <trkpt lat="50.932610000000004" lon="5.215750000000001">
    <ele>27.23</ele>
   </trkpt>
   <trkpt lat="50.93271000000001" lon="5.215750000000001">
    <ele>27.23</ele>
   </trkpt>
   <trkpt lat="50.93283" lon="5.21567">
    <ele>27.200000000000003</ele>
   </trkpt>
   <trkpt lat="50.93292" lon="5.21553">
    <ele>27.080000000000002</ele>
   </trkpt>
   <trkpt lat="50.933150000000005" lon="5.21487">
    <ele>27.01</ele>
   </trkpt>
   <trkpt lat="50.93336000000001" lon="5.2143500000000005">
    <ele>26.85</ele>
   </trkpt>
   <trkpt lat="50.933690000000006" lon="5.2138100000000005">
    <ele>26.94</ele>
   </trkpt>
   <trkpt lat="50.933800000000005" lon="5.21361">
    <ele>26.770000000000003</ele>
   </trkpt>
   <trkpt lat="50.933890000000005" lon="5.213360000000001">
    <ele>26.770000000000003</ele>
   </trkpt>
   <trkpt lat="50.93424" lon="5.21206">
    <ele>26.46</ele>
   </trkpt>
   <trkpt lat="50.93431" lon="5.211740000000001">
    <ele>26.09</ele>
   </trkpt>
   <trkpt lat="50.934490000000004" lon="5.21114">
    <ele>25.92</ele>
   </trkpt>
   <trkpt lat="50.9346" lon="5.21096">
    <ele>25.94</ele>
   </trkpt>
   <trkpt lat="50.93469" lon="5.21091">
    <ele>25.94</ele>
   </trkpt>
   <trkpt lat="50.93477000000001" lon="5.21089">
    <ele>25.910000000000004</ele>
   </trkpt>
   <trkpt lat="50.935300000000005" lon="5.21086">
    <ele>26.160000000000004</ele>
   </trkpt>
   <trkpt lat="50.935340000000004" lon="5.21084">
    <ele>26.240000000000002</ele>
   </trkpt>
   <trkpt lat="50.935460000000006" lon="5.210800000000001">
    <ele>26.36</ele>
   </trkpt>
   <trkpt lat="50.93564000000001" lon="5.210660000000001">
    <ele>26.98</ele>
   </trkpt>
   <trkpt lat="50.935900000000004" lon="5.21035">
    <ele>27.35</ele>
   </trkpt>
   <trkpt lat="50.93623" lon="5.209840000000001">
    <ele>28.540000000000003</ele>
   </trkpt>
   <trkpt lat="50.93661" lon="5.210920000000001">
    <ele>29.710000000000004</ele>
   </trkpt>
   <trkpt lat="50.93676000000001" lon="5.211290000000001">
    <ele>30.0</ele>
   </trkpt>
   <trkpt lat="50.93708" lon="5.21194">
    <ele>30.240000000000002</ele>
   </trkpt>
   <trkpt lat="50.93726" lon="5.21215">
    <ele>30.240000000000002</ele>
   </trkpt>
   <trkpt lat="50.9378" lon="5.21239">
    <ele>30.580000000000002</ele>
   </trkpt>
   <trkpt lat="50.937960000000004" lon="5.21243">
    <ele>30.580000000000002</ele>
   </trkpt>
   <trkpt lat="50.938140000000004" lon="5.212440000000001">
    <ele>30.910000000000004</ele>
   </trkpt>
   <trkpt lat="50.938340000000004" lon="5.212400000000001">
    <ele>30.910000000000004</ele>
   </trkpt>
   <trkpt lat="50.93862000000001" lon="5.21224">
    <ele>31.060000000000002</ele>
   </trkpt>
   <trkpt lat="50.93872" lon="5.212160000000001">
    <ele>31.060000000000002</ele>
   </trkpt>
   <trkpt lat="50.9393" lon="5.2115100000000005">
    <ele>31.160000000000004</ele>
   </trkpt>
   <trkpt lat="50.93943" lon="5.21147">
    <ele>31.160000000000004</ele>
   </trkpt>
   <trkpt lat="50.93999499996879" lon="5.211415000672624">
    <ele>31.150000000000002</ele>
   </trkpt>
   <trkpt lat="50.940560000000005" lon="5.21136">
    <ele>31.020000000000003</ele>
   </trkpt>
   <trkpt lat="50.9408" lon="5.2113000000000005">
    <ele>31.020000000000003</ele>
   </trkpt>
   <trkpt lat="50.94145000021287" lon="5.211105002710993">
    <ele>30.990000000000002</ele>
   </trkpt>
   <trkpt lat="50.9421" lon="5.21091">
    <ele>31.490000000000002</ele>
   </trkpt>
   <trkpt lat="50.942550000122814" lon="5.210760001442934">
    <ele>31.76</ele>
   </trkpt>
   <trkpt lat="50.943000000000005" lon="5.210610000000001">
    <ele>32.06</ele>
   </trkpt>
   <trkpt lat="50.943180000000005" lon="5.21053">
    <ele>32.06</ele>
   </trkpt>
   <trkpt lat="50.94341000000001" lon="5.21037">
    <ele>32.150000000000006</ele>
   </trkpt>
   <trkpt lat="50.94400000208328" lon="5.209880012409746">
    <ele>32.36</ele>
   </trkpt>
   <trkpt lat="50.94459000211627" lon="5.209390012382546">
    <ele>32.43</ele>
   </trkpt>
   <trkpt lat="50.94518000000001" lon="5.208900000000001">
    <ele>32.42</ele>
   </trkpt>
   <trkpt lat="50.94577" lon="5.20844">
    <ele>32.52</ele>
   </trkpt>
   <trkpt lat="50.946340000000006" lon="5.20795">
    <ele>32.54</ele>
   </trkpt>
   <trkpt lat="50.94662" lon="5.207750000000001">
    <ele>32.650000000000006</ele>
   </trkpt>
   <trkpt lat="50.94679000000001" lon="5.2077100000000005">
    <ele>32.580000000000005</ele>
   </trkpt>
   <trkpt lat="50.947190000000006" lon="5.20769">
    <ele>32.86</ele>
   </trkpt>
   <trkpt lat="50.947340000000004" lon="5.2077100000000005">
    <ele>32.93</ele>
   </trkpt>
   <trkpt lat="50.947520000000004" lon="5.2076400000000005">
    <ele>32.870000000000005</ele>
   </trkpt>
   <trkpt lat="50.947720000000004" lon="5.2076">
    <ele>32.330000000000005</ele>
   </trkpt>
   <trkpt lat="50.94855666722359" lon="5.207853324216178">
    <ele>31.630000000000006</ele>
   </trkpt>
   <trkpt lat="50.949393333899145" lon="5.2081066575520065">
    <ele>30.740000000000002</ele>
   </trkpt>
   <trkpt lat="50.950230000000005" lon="5.208360000000001">
    <ele>29.290000000000003</ele>
   </trkpt>
   <trkpt lat="50.95028000000001" lon="5.20838">
    <ele>29.290000000000003</ele>
   </trkpt>
   <trkpt lat="50.95036" lon="5.20851">
    <ele>29.290000000000003</ele>
   </trkpt>
   <trkpt lat="50.95073000000001" lon="5.208600000000001">
    <ele>28.360000000000003</ele>
   </trkpt>
   <trkpt lat="50.95082000000001" lon="5.20866">
    <ele>28.360000000000003</ele>
   </trkpt>
   <trkpt lat="50.951080000000005" lon="5.207960000000001">
    <ele>27.810000000000002</ele>
   </trkpt>
   <trkpt lat="50.9513" lon="5.20755">
    <ele>27.69</ele>
   </trkpt>
   <trkpt lat="50.95154" lon="5.20727">
    <ele>27.57</ele>
   </trkpt>
   <trkpt lat="50.952220000000004" lon="5.206810000000001">
    <ele>27.270000000000003</ele>
   </trkpt>
   <trkpt lat="50.95259" lon="5.20659">
    <ele>27.080000000000002</ele>
   </trkpt>
   <trkpt lat="50.952760000000005" lon="5.20659">
    <ele>27.080000000000002</ele>
   </trkpt>
   <trkpt lat="50.952920000000006" lon="5.20664">
    <ele>26.930000000000003</ele>
   </trkpt>
   <trkpt lat="50.95306" lon="5.206740000000001">
    <ele>26.89</ele>
   </trkpt>
   <trkpt lat="50.95322" lon="5.206950000000001">
    <ele>26.92</ele>
   </trkpt>
   <trkpt lat="50.95329" lon="5.20708">
    <ele>26.85</ele>
   </trkpt>
   <trkpt lat="50.95337000000001" lon="5.20732">
    <ele>26.750000000000004</ele>
   </trkpt>
   <trkpt lat="50.95349" lon="5.20798">
    <ele>26.42</ele>
   </trkpt>
   <trkpt lat="50.95367" lon="5.20852">
    <ele>26.37</ele>
   </trkpt>
   <trkpt lat="50.953770000000006" lon="5.20873">
    <ele>26.37</ele>
   </trkpt>
   <trkpt lat="50.95427" lon="5.20945">
    <ele>26.46</ele>
   </trkpt>
   <trkpt lat="50.95464000271183" lon="5.210244993699333">
    <ele>26.53</ele>
   </trkpt>
   <trkpt lat="50.95501" lon="5.211040000000001">
    <ele>26.61</ele>
   </trkpt>
   <trkpt lat="50.955315001330284" lon="5.211599996308823">
    <ele>26.580000000000002</ele>
   </trkpt>
   <trkpt lat="50.95562" lon="5.212160000000001">
    <ele>26.580000000000002</ele>
   </trkpt>
   <trkpt lat="50.95621000058905" lon="5.211810004404565">
    <ele>25.45</ele>
   </trkpt>
   <trkpt lat="50.9568" lon="5.211460000000001">
    <ele>24.720000000000002</ele>
   </trkpt>
   <trkpt lat="50.95703" lon="5.2112300000000005">
    <ele>24.720000000000002</ele>
   </trkpt>
   <trkpt lat="50.957530000000006" lon="5.210640000000001">
    <ele>24.28</ele>
   </trkpt>
   <trkpt lat="50.957620000000006" lon="5.210570000000001">
    <ele>24.28</ele>
   </trkpt>
   <trkpt lat="50.95761" lon="5.21058">
    <ele>24.28</ele>
   </trkpt>
   <trkpt lat="50.957750000000004" lon="5.210520000000001">
    <ele>24.290000000000003</ele>
   </trkpt>
   <trkpt lat="50.957910000000005" lon="5.210520000000001">
    <ele>24.25</ele>
   </trkpt>
   <trkpt lat="50.958000000000006" lon="5.210540000000001">
    <ele>24.25</ele>
   </trkpt>
   <trkpt lat="50.958735000757954" lon="5.210779988617444">
    <ele>24.6</ele>
   </trkpt>
   <trkpt lat="50.95947000102408" lon="5.211019984827372">
    <ele>22.94</ele>
   </trkpt>
   <trkpt lat="50.96020500079842" lon="5.211259988630218">
    <ele>22.820000000000004</ele>
   </trkpt>
   <trkpt lat="50.96094" lon="5.2115">
    <ele>23.23</ele>
   </trkpt>
   <trkpt lat="50.961290000000005" lon="5.21149">
    <ele>23.24</ele>
   </trkpt>
   <trkpt lat="50.96153" lon="5.21145">
    <ele>23.32</ele>
   </trkpt>
   <trkpt lat="50.961710000000004" lon="5.2113700000000005">
    <ele>23.32</ele>
   </trkpt>
   <trkpt lat="50.96181000000001" lon="5.21126">
    <ele>23.32</ele>
   </trkpt>
   <trkpt lat="50.96191" lon="5.211080000000001">
    <ele>23.32</ele>
   </trkpt>
   <trkpt lat="50.96197" lon="5.21084">
    <ele>23.32</ele>
   </trkpt>
   <trkpt lat="50.962" lon="5.2105500000000005">
    <ele>23.66</ele>
   </trkpt>
   <trkpt lat="50.961980000000004" lon="5.21032">
    <ele>23.66</ele>
   </trkpt>
   <trkpt lat="50.96182" lon="5.20992">
    <ele>23.66</ele>
   </trkpt>
   <trkpt lat="50.96139" lon="5.2090000000000005">
    <ele>23.76</ele>
   </trkpt>
   <trkpt lat="50.9613" lon="5.2086500000000004">
    <ele>23.950000000000003</ele>
   </trkpt>
   <trkpt lat="50.961220000000004" lon="5.208030000000001">
    <ele>24.1</ele>
   </trkpt>
   <trkpt lat="50.961220000000004" lon="5.20802">
    <ele>24.1</ele>
   </trkpt>
   <trkpt lat="50.96115" lon="5.20739">
    <ele>24.3</ele>
   </trkpt>
   <trkpt lat="50.96115" lon="5.207190000000001">
    <ele>24.42</ele>
   </trkpt>
   <trkpt lat="50.96134000000001" lon="5.20582">
    <ele>24.93</ele>
   </trkpt>
   <trkpt lat="50.96144" lon="5.20492">
    <ele>25.42</ele>
   </trkpt>
   <trkpt lat="50.96150500295445" lon="5.204085001452524">
    <ele>25.540000000000003</ele>
   </trkpt>
   <trkpt lat="50.96157" lon="5.203250000000001">
    <ele>25.26</ele>
   </trkpt>
   <trkpt lat="50.961710000000004" lon="5.2019">
    <ele>24.900000000000002</ele>
   </trkpt>
   <trkpt lat="50.9617350036862" lon="5.200970000732054">
    <ele>24.62</ele>
   </trkpt>
   <trkpt lat="50.961760000000005" lon="5.20004">
    <ele>24.650000000000002</ele>
   </trkpt>
   <trkpt lat="50.961690000000004" lon="5.1999">
    <ele>24.73</ele>
   </trkpt>
   <trkpt lat="50.96155" lon="5.199330000000001">
    <ele>24.900000000000002</ele>
   </trkpt>
   <trkpt lat="50.96155" lon="5.19932">
    <ele>24.900000000000002</ele>
   </trkpt>
   <trkpt lat="50.961420000000004" lon="5.19875">
    <ele>25.130000000000003</ele>
   </trkpt>
   <trkpt lat="50.961420000000004" lon="5.19833">
    <ele>25.18</ele>
   </trkpt>
   <trkpt lat="50.96168334549334" lon="5.19713668018941">
    <ele>25.0</ele>
   </trkpt>
   <trkpt lat="50.96194667882779" lon="5.195943346851256">
    <ele>24.560000000000002</ele>
   </trkpt>
   <trkpt lat="50.962210000000006" lon="5.194750000000001">
    <ele>23.73</ele>
   </trkpt>
   <trkpt lat="50.962480012926356" lon="5.193520014256493">
    <ele>23.17</ele>
   </trkpt>
   <trkpt lat="50.96275001293523" lon="5.19229001421636">
    <ele>22.8</ele>
   </trkpt>
   <trkpt lat="50.96302000000001" lon="5.19106">
    <ele>22.54</ele>
   </trkpt>
   <trkpt lat="50.96324667504362" lon="5.190070009622747">
    <ele>22.45</ele>
   </trkpt>
   <trkpt lat="50.963473341718945" lon="5.189080009585042">
    <ele>22.250000000000004</ele>
   </trkpt>
   <trkpt lat="50.9637" lon="5.188090000000001">
    <ele>22.250000000000004</ele>
   </trkpt>
   <trkpt lat="50.96400000629966" lon="5.186870008099869">
    <ele>22.21</ele>
   </trkpt>
   <trkpt lat="50.9643" lon="5.185650000000001">
    <ele>22.53</ele>
   </trkpt>
   <trkpt lat="50.9643" lon="5.185630000000001">
    <ele>22.53</ele>
   </trkpt>
   <trkpt lat="50.96446" lon="5.1849300000000005">
    <ele>22.78</ele>
   </trkpt>
   <trkpt lat="50.96453" lon="5.184500000000001">
    <ele>22.97</ele>
   </trkpt>
   <trkpt lat="50.964850000000006" lon="5.1843">
    <ele>22.76</ele>
   </trkpt>
   <trkpt lat="50.96488" lon="5.184340000000001">
    <ele>22.76</ele>
   </trkpt>
   <trkpt lat="50.965140000000005" lon="5.18433">
    <ele>22.240000000000002</ele>
   </trkpt>
   <trkpt lat="50.966" lon="5.18435">
    <ele>21.79</ele>
   </trkpt>
   <trkpt lat="50.96625" lon="5.18438">
    <ele>21.69</ele>
   </trkpt>
   <trkpt lat="50.96690499998311" lon="5.184499998293574">
    <ele>21.67</ele>
   </trkpt>
   <trkpt lat="50.967560000000006" lon="5.184620000000001">
    <ele>22.01</ele>
   </trkpt>
   <trkpt lat="50.9677" lon="5.184620000000001">
    <ele>22.340000000000003</ele>
   </trkpt>
   <trkpt lat="50.967780000000005" lon="5.18465">
    <ele>22.340000000000003</ele>
   </trkpt>
   <trkpt lat="50.967940000000006" lon="5.18475">
    <ele>22.480000000000004</ele>
   </trkpt>
   <trkpt lat="50.96857000000001" lon="5.185250000000001">
    <ele>22.28</ele>
   </trkpt>
   <trkpt lat="50.968790000000006" lon="5.18534">
    <ele>22.070000000000004</ele>
   </trkpt>
   <trkpt lat="50.969010000000004" lon="5.18538">
    <ele>21.990000000000002</ele>
   </trkpt>
   <trkpt lat="50.969280000000005" lon="5.18538">
    <ele>21.900000000000002</ele>
   </trkpt>
   <trkpt lat="50.9698349999337" lon="5.185290001091775">
    <ele>21.77</ele>
   </trkpt>
   <trkpt lat="50.97039" lon="5.1852">
    <ele>22.160000000000004</ele>
   </trkpt>
   <trkpt lat="50.97079" lon="5.18517">
    <ele>22.76</ele>
   </trkpt>
   <trkpt lat="50.970960000000005" lon="5.18517">
    <ele>22.76</ele>
   </trkpt>
   <trkpt lat="50.971180000000004" lon="5.18519">
    <ele>23.01</ele>
   </trkpt>
   <trkpt lat="50.97129" lon="5.185230000000001">
    <ele>23.01</ele>
   </trkpt>
   <trkpt lat="50.971560000000004" lon="5.18538">
    <ele>22.11</ele>
   </trkpt>
   <trkpt lat="50.972350000000006" lon="5.1860100000000005">
    <ele>21.550000000000004</ele>
   </trkpt>
   <trkpt lat="50.973173334898576" lon="5.186433318341384">
    <ele>21.52</ele>
   </trkpt>
   <trkpt lat="50.97399666826717" lon="5.186856651692516">
    <ele>22.04</ele>
   </trkpt>
   <trkpt lat="50.97482" lon="5.18728">
    <ele>22.11</ele>
   </trkpt>
   <trkpt lat="50.974830000000004" lon="5.18728">
    <ele>22.11</ele>
   </trkpt>
   <trkpt lat="50.97563" lon="5.187690000000001">
    <ele>22.36</ele>
   </trkpt>
   <trkpt lat="50.975660000000005" lon="5.18759">
    <ele>22.47</ele>
   </trkpt>
   <trkpt lat="50.97578000000001" lon="5.1874">
    <ele>22.21</ele>
   </trkpt>
   <trkpt lat="50.975880000000004" lon="5.187360000000001">
    <ele>22.21</ele>
   </trkpt>
   <trkpt lat="50.97654000000659" lon="5.187306668184167">
    <ele>21.95</ele>
   </trkpt>
   <trkpt lat="50.97719999998886" lon="5.187253334852289">
    <ele>22.22</ele>
   </trkpt>
   <trkpt lat="50.97786000000001" lon="5.187200000000001">
    <ele>22.500000000000004</ele>
   </trkpt>
   <trkpt lat="50.97833000000001" lon="5.18714">
    <ele>22.55</ele>
   </trkpt>
   <trkpt lat="50.978550000000006" lon="5.187080000000001">
    <ele>22.9</ele>
   </trkpt>
   <trkpt lat="50.97874" lon="5.187">
    <ele>22.9</ele>
   </trkpt>
   <trkpt lat="50.979290000000006" lon="5.186710000000001">
    <ele>23.87</ele>
   </trkpt>
   <trkpt lat="50.979380000000006" lon="5.186640000000001">
    <ele>23.87</ele>
   </trkpt>
   <trkpt lat="50.979510000000005" lon="5.1865000000000006">
    <ele>23.880000000000003</ele>
   </trkpt>
   <trkpt lat="50.979620000000004" lon="5.18628">
    <ele>23.91</ele>
   </trkpt>
   <trkpt lat="50.97991000232089" lon="5.18554000466432">
    <ele>24.240000000000002</ele>
   </trkpt>
   <trkpt lat="50.9802" lon="5.1848">
    <ele>24.92</ele>
   </trkpt>
   <trkpt lat="50.9804" lon="5.18461">
    <ele>25.0</ele>
   </trkpt>
   <trkpt lat="50.981055000928244" lon="5.184125006898382">
    <ele>25.23</ele>
   </trkpt>
   <trkpt lat="50.98171000000001" lon="5.1836400000000005">
    <ele>26.150000000000002</ele>
   </trkpt>
   <trkpt lat="50.98199" lon="5.1835">
    <ele>26.520000000000003</ele>
   </trkpt>
   <trkpt lat="50.98249500033061" lon="5.1832950021684985">
    <ele>27.89</ele>
   </trkpt>
   <trkpt lat="50.983000000000004" lon="5.183090000000001">
    <ele>30.27</ele>
   </trkpt>
   <trkpt lat="50.9836" lon="5.182860000000001">
    <ele>34.99</ele>
   </trkpt>
   <trkpt lat="50.98395334284749" lon="5.18391665052899">
    <ele>35.7</ele>
   </trkpt>
   <trkpt lat="50.984306676163214" lon="5.184973317142741">
    <ele>35.75</ele>
   </trkpt>
   <trkpt lat="50.984660000000005" lon="5.186030000000001">
    <ele>36.87</ele>
   </trkpt>
   <trkpt lat="50.98472" lon="5.186070000000001">
    <ele>36.88</ele>
   </trkpt>
   <trkpt lat="50.984790000000004" lon="5.186070000000001">
    <ele>36.86000000000001</ele>
   </trkpt>
   <trkpt lat="50.98460000539008" lon="5.184944995323381">
    <ele>38.49</ele>
   </trkpt>
   <trkpt lat="50.984410000000004" lon="5.183820000000001">
    <ele>40.980000000000004</ele>
   </trkpt>
   <trkpt lat="50.984390000000005" lon="5.183590000000001">
    <ele>40.980000000000004</ele>
   </trkpt>
   <trkpt lat="50.98443" lon="5.18313">
    <ele>41.88</ele>
   </trkpt>
   <trkpt lat="50.98477170236691" lon="5.181836714256569">
    <ele>44.94</ele>
   </trkpt>
   <trkpt lat="50.985113390454885" lon="5.180543409474374">
    <ele>48.1</ele>
   </trkpt>
   <trkpt lat="50.98545506426353" lon="5.179250085653698">
    <ele>50.21</ele>
   </trkpt>
   <trkpt lat="50.98579672379245" lon="5.177956742794823">
    <ele>52.46000000000001</ele>
   </trkpt>
   <trkpt lat="50.98613836904126" lon="5.176663380898035">
    <ele>55.440000000000005</ele>
   </trkpt>
   <trkpt lat="50.98648000000001" lon="5.17537">
    <ele>59.27</ele>
   </trkpt>
   <trkpt lat="50.98662" lon="5.174950000000001">
    <ele>59.67000000000001</ele>
   </trkpt>
   <trkpt lat="50.986810000000006" lon="5.17466">
    <ele>60.260000000000005</ele>
   </trkpt>
   <trkpt lat="50.986880000000006" lon="5.1744200000000005">
    <ele>60.63</ele>
   </trkpt>
   <trkpt lat="50.98721161373664" lon="5.173207796216936">
    <ele>60.04</ele>
   </trkpt>
   <trkpt lat="50.98754321492886" lon="5.171995575114066">
    <ele>58.25</ele>
   </trkpt>
   <trkpt lat="50.98787480357634" lon="5.170783336691594">
    <ele>56.61000000000001</ele>
   </trkpt>
   <trkpt lat="50.98820637967874" lon="5.169571080949722">
    <ele>54.64</ele>
   </trkpt>
   <trkpt lat="50.988537943235755" lon="5.168358807888653">
    <ele>51.58</ele>
   </trkpt>
   <trkpt lat="50.98886949424705" lon="5.167146517508591">
    <ele>48.370000000000005</ele>
   </trkpt>
   <trkpt lat="50.98920103271227" lon="5.16593420980974">
    <ele>44.50000000000001</ele>
   </trkpt>
   <trkpt lat="50.98953255863112" lon="5.1647218847923">
    <ele>40.980000000000004</ele>
   </trkpt>
   <trkpt lat="50.989864072003265" lon="5.1635095424564765">
    <ele>38.49</ele>
   </trkpt>
   <trkpt lat="50.99019557282838" lon="5.162297182802473">
    <ele>37.28</ele>
   </trkpt>
   <trkpt lat="50.99052706110612" lon="5.16108480583049">
    <ele>36.65</ele>
   </trkpt>
   <trkpt lat="50.99085853683617" lon="5.159872411540734">
    <ele>36.72</ele>
   </trkpt>
   <trkpt lat="50.99119" lon="5.15866">
    <ele>35.7</ele>
   </trkpt>
   <trkpt lat="50.99139" lon="5.15808">
    <ele>35.01</ele>
   </trkpt>
   <trkpt lat="50.991580000000006" lon="5.15774">
    <ele>34.370000000000005</ele>
   </trkpt>
   <trkpt lat="50.99179" lon="5.157450000000001">
    <ele>33.940000000000005</ele>
   </trkpt>
   <trkpt lat="50.99238500167576" lon="5.156815008189407">
    <ele>31.86</ele>
   </trkpt>
   <trkpt lat="50.99298" lon="5.15618">
    <ele>29.86</ele>
   </trkpt>
   <trkpt lat="50.9934300010221" lon="5.1557050045435115">
    <ele>28.19</ele>
   </trkpt>
   <trkpt lat="50.993880000000004" lon="5.15523">
    <ele>26.53</ele>
   </trkpt>
   <trkpt lat="50.994060000000005" lon="5.155010000000001">
    <ele>26.17</ele>
   </trkpt>
   <trkpt lat="50.99423" lon="5.1547">
    <ele>25.67</ele>
   </trkpt>
   <trkpt lat="50.994350000000004" lon="5.1544300000000005">
    <ele>25.43</ele>
   </trkpt>
   <trkpt lat="50.994460000000004" lon="5.154070000000001">
    <ele>25.080000000000002</ele>
   </trkpt>
   <trkpt lat="50.994550000000004" lon="5.15364">
    <ele>24.91</ele>
   </trkpt>
   <trkpt lat="50.99469500544953" lon="5.152510003534442">
    <ele>24.62</ele>
   </trkpt>
   <trkpt lat="50.99484" lon="5.1513800000000005">
    <ele>24.17</ele>
   </trkpt>
   <trkpt lat="50.994910000000004" lon="5.15094">
    <ele>24.23</ele>
   </trkpt>
   <trkpt lat="50.99524752115172" lon="5.149655028003083">
    <ele>23.96</ele>
   </trkpt>
   <trkpt lat="50.995585028208566" lon="5.148370037314274">
    <ele>23.96</ele>
   </trkpt>
   <trkpt lat="50.995922521170186" lon="5.147085027933857">
    <ele>23.98</ele>
   </trkpt>
   <trkpt lat="50.99626000000001" lon="5.1458">
    <ele>23.98</ele>
   </trkpt>
   <trkpt lat="50.99638" lon="5.14543">
    <ele>23.930000000000003</ele>
   </trkpt>
   <trkpt lat="50.99651" lon="5.145160000000001">
    <ele>23.930000000000003</ele>
   </trkpt>
   <trkpt lat="50.99694667029285" lon="5.144506678989099">
    <ele>24.040000000000003</ele>
   </trkpt>
   <trkpt lat="50.99738333694214" lon="5.143853345681928">
    <ele>24.25</ele>
   </trkpt>
   <trkpt lat="50.997820000000004" lon="5.1432">
    <ele>24.5</ele>
   </trkpt>
   <trkpt lat="50.998450000000005" lon="5.14224">
    <ele>26.63</ele>
   </trkpt>
   <trkpt lat="50.9986" lon="5.141970000000001">
    <ele>27.66</ele>
   </trkpt>
   <trkpt lat="50.999230000000004" lon="5.14278">
    <ele>27.6</ele>
   </trkpt>
   <trkpt lat="50.99996" lon="5.14351">
    <ele>27.590000000000003</ele>
   </trkpt>
   <trkpt lat="51.000530000000005" lon="5.14414">
    <ele>27.14</ele>
   </trkpt>
   <trkpt lat="51.00067000000001" lon="5.144360000000001">
    <ele>26.930000000000003</ele>
   </trkpt>
   <trkpt lat="51.00077" lon="5.14459">
    <ele>26.930000000000003</ele>
   </trkpt>
   <trkpt lat="51.00108500346234" lon="5.145494993760147">
    <ele>26.38</ele>
   </trkpt>
   <trkpt lat="51.001400000000004" lon="5.146400000000001">
    <ele>25.67</ele>
   </trkpt>
   <trkpt lat="51.001720000000006" lon="5.14717">
    <ele>25.560000000000002</ele>
   </trkpt>
   <trkpt lat="51.00186" lon="5.147500000000001">
    <ele>25.470000000000002</ele>
   </trkpt>
   <trkpt lat="51.00197000000001" lon="5.14771">
    <ele>25.44</ele>
   </trkpt>
   <trkpt lat="51.00218" lon="5.147970000000001">
    <ele>25.490000000000002</ele>
   </trkpt>
   <trkpt lat="51.00226000000001" lon="5.147830000000001">
    <ele>25.490000000000002</ele>
   </trkpt>
   <trkpt lat="51.00247" lon="5.1477200000000005">
    <ele>25.35</ele>
   </trkpt>
   <trkpt lat="51.00321500031895" lon="5.1479449964178325">
    <ele>25.370000000000005</ele>
   </trkpt>
   <trkpt lat="51.003960000000006" lon="5.14817">
    <ele>25.540000000000003</ele>
   </trkpt>
   <trkpt lat="51.004499999817725" lon="5.148249999037709">
    <ele>25.79</ele>
   </trkpt>
   <trkpt lat="51.00504" lon="5.1483300000000005">
    <ele>26.0</ele>
   </trkpt>
   <trkpt lat="51.0054" lon="5.14834">
    <ele>26.0</ele>
   </trkpt>
   <trkpt lat="51.005630000000004" lon="5.148300000000001">
    <ele>26.11</ele>
   </trkpt>
   <trkpt lat="51.006130000025905" lon="5.14814000175129">
    <ele>26.160000000000004</ele>
   </trkpt>
   <trkpt lat="51.00663" lon="5.1479800000000004">
    <ele>26.570000000000004</ele>
   </trkpt>
   <trkpt lat="51.006930000000004" lon="5.147930000000001">
    <ele>26.67</ele>
   </trkpt>
   <trkpt lat="51.0069" lon="5.147930000000001">
    <ele>26.67</ele>
   </trkpt>
   <trkpt lat="51.00723000000001" lon="5.147900000000001">
    <ele>26.590000000000003</ele>
   </trkpt>
   <trkpt lat="51.00781499987126" lon="5.147929999614839">
    <ele>26.64</ele>
   </trkpt>
   <trkpt lat="51.0084" lon="5.14796">
    <ele>27.01</ele>
   </trkpt>
   <trkpt lat="51.00846000000001" lon="5.1479800000000004">
    <ele>27.01</ele>
   </trkpt>
   <trkpt lat="51.008500000000005" lon="5.1480500000000005">
    <ele>27.01</ele>
   </trkpt>
   <trkpt lat="51.00855000000001" lon="5.1482">
    <ele>27.13</ele>
   </trkpt>
   <trkpt lat="51.008660000000006" lon="5.148770000000001">
    <ele>27.26</ele>
   </trkpt>
   <trkpt lat="51.008720000000004" lon="5.148980000000001">
    <ele>27.26</ele>
   </trkpt>
   <trkpt lat="51.008790000000005" lon="5.1490800000000005">
    <ele>27.26</ele>
   </trkpt>
   <trkpt lat="51.008790000000005" lon="5.149260000000001">
    <ele>27.26</ele>
   </trkpt>
   <trkpt lat="51.008860000000006" lon="5.14956">
    <ele>27.450000000000003</ele>
   </trkpt>
   <trkpt lat="51.00915000301304" lon="5.150409994479232">
    <ele>27.650000000000002</ele>
   </trkpt>
   <trkpt lat="51.009440000000005" lon="5.151260000000001">
    <ele>27.73</ele>
   </trkpt>
   <trkpt lat="51.00976000958044" lon="5.152319985340771">
    <ele>27.950000000000003</ele>
   </trkpt>
   <trkpt lat="51.01008000957072" lon="5.153379985308323">
    <ele>28.3</ele>
   </trkpt>
   <trkpt lat="51.010400000000004" lon="5.15444">
    <ele>28.55</ele>
   </trkpt>
   <trkpt lat="51.010650000000005" lon="5.15503">
    <ele>28.92</ele>
   </trkpt>
   <trkpt lat="51.010760000000005" lon="5.155340000000001">
    <ele>29.560000000000002</ele>
   </trkpt>
   <trkpt lat="51.010810000000006" lon="5.1554">
    <ele>29.560000000000002</ele>
   </trkpt>
   <trkpt lat="51.01086" lon="5.155390000000001">
    <ele>29.560000000000002</ele>
   </trkpt>
   <trkpt lat="51.01118" lon="5.155150000000001">
    <ele>28.990000000000002</ele>
   </trkpt>
   <trkpt lat="51.01129" lon="5.1551100000000005">
    <ele>28.96</ele>
   </trkpt>
   <trkpt lat="51.011430000000004" lon="5.15512">
    <ele>28.990000000000002</ele>
   </trkpt>
   <trkpt lat="51.011720000000004" lon="5.15523">
    <ele>29.150000000000002</ele>
   </trkpt>
   <trkpt lat="51.01249000000001" lon="5.15559">
    <ele>29.94</ele>
   </trkpt>
   <trkpt lat="51.01272" lon="5.15634">
    <ele>29.7</ele>
   </trkpt>
   <trkpt lat="51.01302000274511" lon="5.157149994612099">
    <ele>29.300000000000004</ele>
   </trkpt>
   <trkpt lat="51.01332000000001" lon="5.15796">
    <ele>28.700000000000003</ele>
   </trkpt>
   <trkpt lat="51.01342" lon="5.158320000000001">
    <ele>28.35</ele>
   </trkpt>
   <trkpt lat="51.01363500365791" lon="5.15924499573953">
    <ele>27.98</ele>
   </trkpt>
   <trkpt lat="51.013850000000005" lon="5.160170000000001">
    <ele>27.48</ele>
   </trkpt>
   <trkpt lat="51.0141300076767" lon="5.16150999197591">
    <ele>26.94</ele>
   </trkpt>
   <trkpt lat="51.014410000000005" lon="5.162850000000001">
    <ele>26.310000000000002</ele>
   </trkpt>
   <trkpt lat="51.014500000000005" lon="5.163200000000001">
    <ele>26.28</ele>
   </trkpt>
   <trkpt lat="51.01467" lon="5.16364">
    <ele>26.02</ele>
   </trkpt>
   <trkpt lat="51.01489" lon="5.16403">
    <ele>25.980000000000004</ele>
   </trkpt>
   <trkpt lat="51.01523500127438" lon="5.16458999572997">
    <ele>25.7</ele>
   </trkpt>
   <trkpt lat="51.01558000000001" lon="5.165150000000001">
    <ele>25.68</ele>
   </trkpt>
   <trkpt lat="51.01586" lon="5.16568">
    <ele>25.810000000000002</ele>
   </trkpt>
   <trkpt lat="51.01613000357165" lon="5.166584994986879">
    <ele>25.87</ele>
   </trkpt>
   <trkpt lat="51.016400000000004" lon="5.167490000000001">
    <ele>25.87</ele>
   </trkpt>
   <trkpt lat="51.016510000000004" lon="5.167700000000001">
    <ele>25.890000000000004</ele>
   </trkpt>
   <trkpt lat="51.01659" lon="5.167800000000001">
    <ele>25.86</ele>
   </trkpt>
   <trkpt lat="51.016830000000006" lon="5.16802">
    <ele>25.93</ele>
   </trkpt>
   <trkpt lat="51.01695" lon="5.168170000000001">
    <ele>25.93</ele>
   </trkpt>
   <trkpt lat="51.01726000145745" lon="5.168714996690251">
    <ele>25.93</ele>
   </trkpt>
   <trkpt lat="51.017570000000006" lon="5.16926">
    <ele>25.95</ele>
   </trkpt>
   <trkpt lat="51.01769" lon="5.169440000000001">
    <ele>25.95</ele>
   </trkpt>
   <trkpt lat="51.017860000000006" lon="5.16964">
    <ele>25.970000000000002</ele>
   </trkpt>
   <trkpt lat="51.01798" lon="5.16974">
    <ele>26.21</ele>
   </trkpt>
   <trkpt lat="51.01872" lon="5.170210000000001">
    <ele>26.320000000000004</ele>
   </trkpt>
   <trkpt lat="51.018800000000006" lon="5.1703">
    <ele>26.28</ele>
   </trkpt>
   <trkpt lat="51.0191" lon="5.17072">
    <ele>26.230000000000004</ele>
   </trkpt>
   <trkpt lat="51.01928" lon="5.1709000000000005">
    <ele>26.230000000000004</ele>
   </trkpt>
   <trkpt lat="51.019580000000005" lon="5.171130000000001">
    <ele>26.3</ele>
   </trkpt>
   <trkpt lat="51.02015000055435" lon="5.171484995645923">
    <ele>26.400000000000002</ele>
   </trkpt>
   <trkpt lat="51.020720000000004" lon="5.17184">
    <ele>26.69</ele>
   </trkpt>
   <trkpt lat="51.020720000000004" lon="5.171830000000001">
    <ele>26.680000000000003</ele>
   </trkpt>
   <trkpt lat="51.02136000149348" lon="5.172239988717996">
    <ele>27.040000000000003</ele>
   </trkpt>
   <trkpt lat="51.02200000155232" lon="5.172649988755501">
    <ele>27.14</ele>
   </trkpt>
   <trkpt lat="51.02264" lon="5.17306">
    <ele>27.64</ele>
   </trkpt>
   <trkpt lat="51.023340000000005" lon="5.173500000000001">
    <ele>28.110000000000003</ele>
   </trkpt>
   <trkpt lat="51.02366000000001" lon="5.173590000000001">
    <ele>28.540000000000003</ele>
   </trkpt>
   <trkpt lat="51.023950000000006" lon="5.173570000000001">
    <ele>28.700000000000003</ele>
   </trkpt>
   <trkpt lat="51.02409" lon="5.173520000000001">
    <ele>28.73</ele>
   </trkpt>
   <trkpt lat="51.02471000035011" lon="5.173225003955634">
    <ele>29.740000000000002</ele>
   </trkpt>
   <trkpt lat="51.025330000000004" lon="5.17293">
    <ele>30.55</ele>
   </trkpt>
   <trkpt lat="51.025740000000006" lon="5.17272">
    <ele>31.240000000000002</ele>
   </trkpt>
   <trkpt lat="51.02588" lon="5.172610000000001">
    <ele>31.82</ele>
   </trkpt>
   <trkpt lat="51.02601000000001" lon="5.172470000000001">
    <ele>32.190000000000005</ele>
   </trkpt>
   <trkpt lat="51.026140000000005" lon="5.17229">
    <ele>33.18</ele>
   </trkpt>
   <trkpt lat="51.026320000000005" lon="5.17199">
    <ele>34.74</ele>
   </trkpt>
   <trkpt lat="51.02642" lon="5.1717900000000006">
    <ele>35.35</ele>
   </trkpt>
   <trkpt lat="51.02672500242056" lon="5.171020005342773">
    <ele>40.57</ele>
   </trkpt>
   <trkpt lat="51.02703" lon="5.17025">
    <ele>43.690000000000005</ele>
   </trkpt>
   <trkpt lat="51.02720000000001" lon="5.16987">
    <ele>44.51</ele>
   </trkpt>
   <trkpt lat="51.027440000000006" lon="5.16943">
    <ele>45.06</ele>
   </trkpt>
   <trkpt lat="51.02788" lon="5.168810000000001">
    <ele>45.35</ele>
   </trkpt>
   <trkpt lat="51.0285" lon="5.16809">
    <ele>44.81</ele>
   </trkpt>
   <trkpt lat="51.02888" lon="5.16753">
    <ele>43.660000000000004</ele>
   </trkpt>
   <trkpt lat="51.028960000000005" lon="5.167470000000001">
    <ele>43.660000000000004</ele>
   </trkpt>
   <trkpt lat="51.02910000000001" lon="5.167400000000001">
    <ele>43.29</ele>
   </trkpt>
   <trkpt lat="51.02953" lon="5.1673">
    <ele>42.35</ele>
   </trkpt>
   <trkpt lat="51.0298" lon="5.16722">
    <ele>41.760000000000005</ele>
   </trkpt>
   <trkpt lat="51.03054" lon="5.16689">
    <ele>39.5</ele>
   </trkpt>
   <trkpt lat="51.030770000000004" lon="5.166810000000001">
    <ele>38.790000000000006</ele>
   </trkpt>
   <trkpt lat="51.03101" lon="5.16687">
    <ele>37.93000000000001</ele>
   </trkpt>
   <trkpt lat="51.0313" lon="5.167020000000001">
    <ele>37.3</ele>
   </trkpt>
   <trkpt lat="51.03143000000001" lon="5.167050000000001">
    <ele>37.08</ele>
   </trkpt>
   <trkpt lat="51.031580000000005" lon="5.16704">
    <ele>37.08</ele>
   </trkpt>
   <trkpt lat="51.03173" lon="5.166980000000001">
    <ele>36.89000000000001</ele>
   </trkpt>
   <trkpt lat="51.03181000000001" lon="5.166910000000001">
    <ele>36.79</ele>
   </trkpt>
   <trkpt lat="51.03233" lon="5.16631">
    <ele>36.800000000000004</ele>
   </trkpt>
   <trkpt lat="51.032430000000005" lon="5.16628">
    <ele>36.81</ele>
   </trkpt>
   <trkpt lat="51.032500000000006" lon="5.166270000000001">
    <ele>36.81</ele>
   </trkpt>
   <trkpt lat="51.03253" lon="5.16614">
    <ele>36.9</ele>
   </trkpt>
   <trkpt lat="51.03289" lon="5.16532">
    <ele>37.46</ele>
   </trkpt>
   <trkpt lat="51.033060000000006" lon="5.16499">
    <ele>37.58</ele>
   </trkpt>
   <trkpt lat="51.033350000000006" lon="5.164650000000001">
    <ele>37.57000000000001</ele>
   </trkpt>
   <trkpt lat="51.033660000000005" lon="5.164370000000001">
    <ele>37.43000000000001</ele>
   </trkpt>
   <trkpt lat="51.03408" lon="5.164000000000001">
    <ele>37.38</ele>
   </trkpt>
   <trkpt lat="51.034290000000006" lon="5.163900000000001">
    <ele>37.36000000000001</ele>
   </trkpt>
   <trkpt lat="51.03448" lon="5.16371">
    <ele>37.35</ele>
   </trkpt>
   <trkpt lat="51.0347" lon="5.16321">
    <ele>36.95</ele>
   </trkpt>
   <trkpt lat="51.03514500328868" lon="5.162330008481548">
    <ele>35.61</ele>
   </trkpt>
   <trkpt lat="51.035590000000006" lon="5.16145">
    <ele>34.54</ele>
   </trkpt>
   <trkpt lat="51.035920000000004" lon="5.160830000000001">
    <ele>33.06</ele>
   </trkpt>
   <trkpt lat="51.03613000000001" lon="5.16052">
    <ele>32.410000000000004</ele>
   </trkpt>
   <trkpt lat="51.03632" lon="5.1603200000000005">
    <ele>32.190000000000005</ele>
   </trkpt>
   <trkpt lat="51.036500000000004" lon="5.160170000000001">
    <ele>32.24</ele>
   </trkpt>
   <trkpt lat="51.036620000000006" lon="5.1601300000000005">
    <ele>32.220000000000006</ele>
   </trkpt>
   <trkpt lat="51.03663" lon="5.15976">
    <ele>31.64</ele>
   </trkpt>
   <trkpt lat="51.0367" lon="5.1588">
    <ele>31.090000000000003</ele>
   </trkpt>
   <trkpt lat="51.03672" lon="5.158130000000001">
    <ele>30.92</ele>
   </trkpt>
   <trkpt lat="51.036663342384465" lon="5.157099997440856">
    <ele>30.28</ele>
   </trkpt>
   <trkpt lat="51.036606675715596" lon="5.156069997400765">
    <ele>29.69</ele>
   </trkpt>
   <trkpt lat="51.036550000000005" lon="5.1550400000000005">
    <ele>29.540000000000003</ele>
   </trkpt>
   <trkpt lat="51.036570000000005" lon="5.154750000000001">
    <ele>29.210000000000004</ele>
   </trkpt>
   <trkpt lat="51.03663" lon="5.15442">
    <ele>29.210000000000004</ele>
   </trkpt>
   <trkpt lat="51.03672" lon="5.154120000000001">
    <ele>28.900000000000002</ele>
   </trkpt>
   <trkpt lat="51.036840000000005" lon="5.153860000000001">
    <ele>28.900000000000002</ele>
   </trkpt>
   <trkpt lat="51.03699" lon="5.1536100000000005">
    <ele>28.900000000000002</ele>
   </trkpt>
   <trkpt lat="51.037110000000006" lon="5.15347">
    <ele>28.73</ele>
   </trkpt>
   <trkpt lat="51.037760001552634" lon="5.152880008215592">
    <ele>28.26</ele>
   </trkpt>
   <trkpt lat="51.038410000000006" lon="5.152290000000001">
    <ele>27.67</ele>
   </trkpt>
   <trkpt lat="51.0386" lon="5.1520600000000005">
    <ele>27.470000000000002</ele>
   </trkpt>
   <trkpt lat="51.03875000000001" lon="5.151820000000001">
    <ele>27.48</ele>
   </trkpt>
   <trkpt lat="51.038920000000005" lon="5.1514500000000005">
    <ele>27.1</ele>
   </trkpt>
   <trkpt lat="51.039080000000006" lon="5.15089">
    <ele>27.000000000000004</ele>
   </trkpt>
   <trkpt lat="51.03947" lon="5.150510000000001">
    <ele>26.54</ele>
   </trkpt>
   <trkpt lat="51.039770000000004" lon="5.15029">
    <ele>26.28</ele>
   </trkpt>
   <trkpt lat="51.039970000000004" lon="5.150180000000001">
    <ele>26.26</ele>
   </trkpt>
   <trkpt lat="51.0405" lon="5.14984">
    <ele>25.68</ele>
   </trkpt>
   <trkpt lat="51.04063000000001" lon="5.14967">
    <ele>25.68</ele>
   </trkpt>
   <trkpt lat="51.04105000515953" lon="5.148893347392708">
    <ele>25.220000000000002</ele>
   </trkpt>
   <trkpt lat="51.04147000517176" lon="5.148116680703648">
    <ele>24.92</ele>
   </trkpt>
   <trkpt lat="51.04189" lon="5.147340000000001">
    <ele>24.93</ele>
   </trkpt>
   <trkpt lat="51.04238000669128" lon="5.146453352121276">
    <ele>24.48</ele>
   </trkpt>
   <trkpt lat="51.04287000667401" lon="5.145566685486133">
    <ele>24.130000000000003</ele>
   </trkpt>
   <trkpt lat="51.04336000000001" lon="5.14468">
    <ele>23.970000000000002</ele>
   </trkpt>
   <trkpt lat="51.0435" lon="5.14435">
    <ele>24.060000000000002</ele>
   </trkpt>
   <trkpt lat="51.04354000000001" lon="5.1440600000000005">
    <ele>24.020000000000003</ele>
   </trkpt>
   <trkpt lat="51.04359" lon="5.1439">
    <ele>23.85</ele>
   </trkpt>
   <trkpt lat="51.043690000000005" lon="5.14367">
    <ele>23.810000000000002</ele>
   </trkpt>
   <trkpt lat="51.044120002149675" lon="5.142960006592345">
    <ele>23.790000000000003</ele>
   </trkpt>
   <trkpt lat="51.04455" lon="5.142250000000001">
    <ele>24.110000000000003</ele>
   </trkpt>
   <trkpt lat="51.044740000000004" lon="5.142010000000001">
    <ele>24.19</ele>
   </trkpt>
   <trkpt lat="51.0454" lon="5.1413400000000005">
    <ele>24.57</ele>
   </trkpt>
   <trkpt lat="51.04571000000001" lon="5.141100000000001">
    <ele>24.94</ele>
   </trkpt>
   <trkpt lat="51.04645000136991" lon="5.140703345992799">
    <ele>24.51</ele>
   </trkpt>
   <trkpt lat="51.04719000139724" lon="5.140306679311732">
    <ele>24.330000000000002</ele>
   </trkpt>
   <trkpt lat="51.04793" lon="5.13991">
    <ele>23.87</ele>
   </trkpt>
   <trkpt lat="51.04878" lon="5.13954">
    <ele>24.200000000000003</ele>
   </trkpt>
   <trkpt lat="51.049530000000004" lon="5.1391800000000005">
    <ele>24.080000000000002</ele>
   </trkpt>
   <trkpt lat="51.05004000006471" lon="5.138935002789799">
    <ele>23.94</ele>
   </trkpt>
   <trkpt lat="51.05055" lon="5.13869">
    <ele>24.03</ele>
   </trkpt>
   <trkpt lat="51.0514" lon="5.1386">
    <ele>23.860000000000003</ele>
   </trkpt>
   <trkpt lat="51.05149" lon="5.13862">
    <ele>23.860000000000003</ele>
   </trkpt>
   <trkpt lat="51.05183" lon="5.1388300000000005">
    <ele>24.3</ele>
   </trkpt>
   <trkpt lat="51.05169" lon="5.13959">
    <ele>24.080000000000002</ele>
   </trkpt>
   <trkpt lat="51.051610000000004" lon="5.139830000000001">
    <ele>24.12</ele>
   </trkpt>
   <trkpt lat="51.05158" lon="5.140000000000001">
    <ele>24.290000000000003</ele>
   </trkpt>
   <trkpt lat="51.0516400025516" lon="5.140774998855514">
    <ele>24.09</ele>
   </trkpt>
   <trkpt lat="51.051700000000004" lon="5.1415500000000005">
    <ele>24.1</ele>
   </trkpt>
   <trkpt lat="51.05187" lon="5.141590000000001">
    <ele>23.96</ele>
   </trkpt>
   <trkpt lat="51.05205" lon="5.14168">
    <ele>23.96</ele>
   </trkpt>
   <trkpt lat="51.05221" lon="5.141850000000001">
    <ele>23.96</ele>
   </trkpt>
   <trkpt lat="51.0523" lon="5.141970000000001">
    <ele>23.75</ele>
   </trkpt>
   <trkpt lat="51.052800000000005" lon="5.143000000000001">
    <ele>23.85</ele>
   </trkpt>
   <trkpt lat="51.05292000000001" lon="5.143190000000001">
    <ele>23.87</ele>
   </trkpt>
   <trkpt lat="51.053580000000004" lon="5.14353">
    <ele>23.790000000000003</ele>
   </trkpt>
   <trkpt lat="51.053900000000006" lon="5.143750000000001">
    <ele>23.64</ele>
   </trkpt>
   <trkpt lat="51.05443" lon="5.144290000000001">
    <ele>23.270000000000003</ele>
   </trkpt>
   <trkpt lat="51.05442000000001" lon="5.144290000000001">
    <ele>23.28</ele>
   </trkpt>
   <trkpt lat="51.05498000000001" lon="5.14487">
    <ele>23.69</ele>
   </trkpt>
   <trkpt lat="51.05505" lon="5.1451">
    <ele>23.73</ele>
   </trkpt>
   <trkpt lat="51.055650000088775" lon="5.144970003380977">
    <ele>23.35</ele>
   </trkpt>
   <trkpt lat="51.05625000003334" lon="5.144840003393041">
    <ele>23.360000000000003</ele>
   </trkpt>
   <trkpt lat="51.056850000000004" lon="5.144710000000001">
    <ele>23.57</ele>
   </trkpt>
   <trkpt lat="51.057280000000006" lon="5.14463">
    <ele>23.919999999999998</ele>
   </trkpt>
   <trkpt lat="51.05738" lon="5.14461">
    <ele>23.94</ele>
   </trkpt>
   <trkpt lat="51.057430000000004" lon="5.1446700000000005">
    <ele>23.94</ele>
   </trkpt>
   <trkpt lat="51.05815333345997" lon="5.144546670520747">
    <ele>23.860000000000003</ele>
   </trkpt>
   <trkpt lat="51.05887666679015" lon="5.144423337188026">
    <ele>23.790000000000003</ele>
   </trkpt>
   <trkpt lat="51.0596" lon="5.1443">
    <ele>23.840000000000003</ele>
   </trkpt>
   <trkpt lat="51.059920000000005" lon="5.1442000000000005">
    <ele>23.840000000000003</ele>
   </trkpt>
   <trkpt lat="51.060120000000005" lon="5.14412">
    <ele>24.0</ele>
   </trkpt>
   <trkpt lat="51.060430000000004" lon="5.143960000000001">
    <ele>24.12</ele>
   </trkpt>
   <trkpt lat="51.06053000000001" lon="5.14388">
    <ele>24.28</ele>
   </trkpt>
   <trkpt lat="51.060810000000004" lon="5.143730000000001">
    <ele>25.02</ele>
   </trkpt>
   <trkpt lat="51.060880000000004" lon="5.14372">
    <ele>25.02</ele>
   </trkpt>
   <trkpt lat="51.06096" lon="5.14376">
    <ele>25.07</ele>
   </trkpt>
   <trkpt lat="51.06103" lon="5.143750000000001">
    <ele>25.080000000000002</ele>
   </trkpt>
   <trkpt lat="51.06107" lon="5.143730000000001">
    <ele>25.080000000000002</ele>
   </trkpt>
   <trkpt lat="51.06114" lon="5.1435900000000006">
    <ele>25.05</ele>
   </trkpt>
   <trkpt lat="51.06116" lon="5.143470000000001">
    <ele>25.05</ele>
   </trkpt>
   <trkpt lat="51.061150000000005" lon="5.14341">
    <ele>25.05</ele>
   </trkpt>
   <trkpt lat="51.061310000000006" lon="5.1432">
    <ele>24.94</ele>
   </trkpt>
   <trkpt lat="51.06206126453572" lon="5.142502579225298">
    <ele>24.77</ele>
   </trkpt>
   <trkpt lat="51.062812524921384" lon="5.1418051358149">
    <ele>25.17</ele>
   </trkpt>
   <trkpt lat="51.063563781156745" lon="5.1411076697675915">
    <ele>24.84</ele>
   </trkpt>
   <trkpt lat="51.064315033241535" lon="5.140410181082151">
    <ele>24.96</ele>
   </trkpt>
   <trkpt lat="51.06506628117552" lon="5.139712669757367">
    <ele>24.830000000000002</ele>
   </trkpt>
   <trkpt lat="51.065817524958476" lon="5.139015135792018">
    <ele>24.73</ele>
   </trkpt>
   <trkpt lat="51.06656876459014" lon="5.138317579184889">
    <ele>24.720000000000002</ele>
   </trkpt>
   <trkpt lat="51.06732" lon="5.13762">
    <ele>24.76</ele>
   </trkpt>
   <trkpt lat="51.06783000092372" lon="5.137130005495722">
    <ele>24.720000000000002</ele>
   </trkpt>
   <trkpt lat="51.068340000000006" lon="5.136640000000001">
    <ele>24.67</ele>
   </trkpt>
   <trkpt lat="51.068740000000005" lon="5.13623">
    <ele>24.560000000000002</ele>
   </trkpt>
   <trkpt lat="51.06934000677766" lon="5.13550252828811">
    <ele>24.37</ele>
   </trkpt>
   <trkpt lat="51.069940009040174" lon="5.134775037714151">
    <ele>24.32</ele>
   </trkpt>
   <trkpt lat="51.070540006787354" lon="5.13404752827737">
    <ele>24.380000000000003</ele>
   </trkpt>
   <trkpt lat="51.07114000000001" lon="5.13332">
    <ele>24.68</ele>
   </trkpt>
   <trkpt lat="51.071360000000006" lon="5.13316">
    <ele>24.87</ele>
   </trkpt>
   <trkpt lat="51.071490000000004" lon="5.13309">
    <ele>24.900000000000002</ele>
   </trkpt>
   <trkpt lat="51.071450000000006" lon="5.132910000000001">
    <ele>24.84</ele>
   </trkpt>
   <trkpt lat="51.07104000496306" lon="5.1318349905642">
    <ele>24.76</ele>
   </trkpt>
   <trkpt lat="51.07063" lon="5.13076">
    <ele>24.84</ele>
   </trkpt>
   <trkpt lat="51.07043" lon="5.1303">
    <ele>25.05</ele>
   </trkpt>
   <trkpt lat="51.070095001811" lon="5.129654995401232">
    <ele>25.080000000000002</ele>
   </trkpt>
   <trkpt lat="51.06976" lon="5.12901">
    <ele>25.17</ele>
   </trkpt>
   <trkpt lat="51.06962000000001" lon="5.128830000000001">
    <ele>25.150000000000002</ele>
   </trkpt>
   <trkpt lat="51.06954" lon="5.12859">
    <ele>25.150000000000002</ele>
   </trkpt>
   <trkpt lat="51.06946000000001" lon="5.127940000000001">
    <ele>25.34</ele>
   </trkpt>
   <trkpt lat="51.06942" lon="5.12781">
    <ele>25.34</ele>
   </trkpt>
   <trkpt lat="51.06931" lon="5.127560000000001">
    <ele>25.36</ele>
   </trkpt>
   <trkpt lat="51.069280000000006" lon="5.127400000000001">
    <ele>25.36</ele>
   </trkpt>
   <trkpt lat="51.06922" lon="5.12701">
    <ele>25.470000000000002</ele>
   </trkpt>
   <trkpt lat="51.069210000000005" lon="5.1263700000000005">
    <ele>25.61</ele>
   </trkpt>
   <trkpt lat="51.06907" lon="5.125800000000001">
    <ele>25.970000000000002</ele>
   </trkpt>
   <trkpt lat="51.069030000000005" lon="5.125570000000001">
    <ele>25.970000000000002</ele>
   </trkpt>
   <trkpt lat="51.06902500364974" lon="5.12464499986998">
    <ele>25.36</ele>
   </trkpt>
   <trkpt lat="51.06902" lon="5.1237200000000005">
    <ele>25.14</ele>
   </trkpt>
   <trkpt lat="51.069050000000004" lon="5.1234">
    <ele>25.14</ele>
   </trkpt>
   <trkpt lat="51.069190000000006" lon="5.123010000000001">
    <ele>24.94</ele>
   </trkpt>
   <trkpt lat="51.069680000000005" lon="5.122260000000001">
    <ele>24.59</ele>
   </trkpt>
   <trkpt lat="51.06974" lon="5.12206">
    <ele>24.51</ele>
   </trkpt>
   <trkpt lat="51.0698" lon="5.121510000000001">
    <ele>24.520000000000003</ele>
   </trkpt>
   <trkpt lat="51.06982000000001" lon="5.121130000000001">
    <ele>24.39</ele>
   </trkpt>
   <trkpt lat="51.06983" lon="5.12079">
    <ele>24.3</ele>
   </trkpt>
   <trkpt lat="51.0698" lon="5.12044">
    <ele>24.1</ele>
   </trkpt>
   <trkpt lat="51.069660000000006" lon="5.1194500000000005">
    <ele>24.060000000000002</ele>
   </trkpt>
   <trkpt lat="51.069590000000005" lon="5.1192">
    <ele>24.09</ele>
   </trkpt>
   <trkpt lat="51.069413341572506" lon="5.118216659101913">
    <ele>24.1</ele>
   </trkpt>
   <trkpt lat="51.069236674895414" lon="5.117233325710735">
    <ele>24.16</ele>
   </trkpt>
   <trkpt lat="51.06906000000001" lon="5.116250000000001">
    <ele>24.540000000000003</ele>
   </trkpt>
   <trkpt lat="51.06881667696868" lon="5.115149988337766">
    <ele>24.93</ele>
   </trkpt>
   <trkpt lat="51.06857334361408" lon="5.114049988241777">
    <ele>25.41</ele>
   </trkpt>
   <trkpt lat="51.06833" lon="5.1129500000000005">
    <ele>25.67</ele>
   </trkpt>
   <trkpt lat="51.068270000000005" lon="5.11296">
    <ele>25.7</ele>
   </trkpt>
   <trkpt lat="51.06821000000001" lon="5.11293">
    <ele>25.7</ele>
   </trkpt>
   <trkpt lat="51.068160000000006" lon="5.112830000000001">
    <ele>25.66</ele>
   </trkpt>
   <trkpt lat="51.06815" lon="5.112690000000001">
    <ele>25.66</ele>
   </trkpt>
   <trkpt lat="51.068180000000005" lon="5.1126000000000005">
    <ele>25.53</ele>
   </trkpt>
   <trkpt lat="51.06823000000001" lon="5.112550000000001">
    <ele>25.53</ele>
   </trkpt>
   <trkpt lat="51.06799000469978" lon="5.111494994317789">
    <ele>25.810000000000002</ele>
   </trkpt>
   <trkpt lat="51.067750000000004" lon="5.1104400000000005">
    <ele>25.540000000000003</ele>
   </trkpt>
   <trkpt lat="51.06747802187114" lon="5.10930797341456">
    <ele>25.32</ele>
   </trkpt>
   <trkpt lat="51.06720603280924" lon="5.1081759601330825">
    <ele>25.150000000000002</ele>
   </trkpt>
   <trkpt lat="51.06693403281455" lon="5.107043960155816">
    <ele>24.89</ele>
   </trkpt>
   <trkpt lat="51.06666202188725" lon="5.105911973483009">
    <ele>24.830000000000002</ele>
   </trkpt>
   <trkpt lat="51.066390000000006" lon="5.104780000000001">
    <ele>25.200000000000003</ele>
   </trkpt>
   <trkpt lat="51.066390000000006" lon="5.10477">
    <ele>25.200000000000003</ele>
   </trkpt>
   <trkpt lat="51.06622000220675" lon="5.104059997627598">
    <ele>25.26</ele>
   </trkpt>
   <trkpt lat="51.066050000000004" lon="5.103350000000001">
    <ele>25.66</ele>
   </trkpt>
   <trkpt lat="51.066030000000005" lon="5.103020000000001">
    <ele>25.69</ele>
   </trkpt>
   <trkpt lat="51.06606000000001" lon="5.10263">
    <ele>25.43</ele>
   </trkpt>
   <trkpt lat="51.06611" lon="5.10263">
    <ele>25.41</ele>
   </trkpt>
   <trkpt lat="51.06618" lon="5.102650000000001">
    <ele>25.32</ele>
   </trkpt>
   <trkpt lat="51.06662000000001" lon="5.10306">
    <ele>24.540000000000003</ele>
   </trkpt>
   <trkpt lat="51.066880000000005" lon="5.10325">
    <ele>24.44</ele>
   </trkpt>
   <trkpt lat="51.06746500035476" lon="5.1035649959818405">
    <ele>24.560000000000002</ele>
   </trkpt>
   <trkpt lat="51.06805000000001" lon="5.10388">
    <ele>24.6</ele>
   </trkpt>
   <trkpt lat="51.06839" lon="5.1028">
    <ele>23.650000000000002</ele>
   </trkpt>
   <trkpt lat="51.068540000000006" lon="5.10247">
    <ele>23.720000000000002</ele>
   </trkpt>
   <trkpt lat="51.06907" lon="5.101430000000001">
    <ele>24.020000000000003</ele>
   </trkpt>
   <trkpt lat="51.069160000000004" lon="5.101380000000001">
    <ele>24.020000000000003</ele>
   </trkpt>
   <trkpt lat="51.0692" lon="5.101380000000001">
    <ele>24.020000000000003</ele>
   </trkpt>
   <trkpt lat="51.069250000000004" lon="5.100700000000001">
    <ele>23.880000000000003</ele>
   </trkpt>
   <trkpt lat="51.0694100031609" lon="5.099840002941195">
    <ele>23.48</ele>
   </trkpt>
   <trkpt lat="51.069570000000006" lon="5.09898">
    <ele>23.46</ele>
   </trkpt>
   <trkpt lat="51.06978" lon="5.0978">
    <ele>23.24</ele>
   </trkpt>
   <trkpt lat="51.06988500253291" lon="5.097030001719377">
    <ele>23.090000000000003</ele>
   </trkpt>
   <trkpt lat="51.069990000000004" lon="5.09626">
    <ele>23.05</ele>
   </trkpt>
   <trkpt lat="51.07007" lon="5.09588">
    <ele>23.06</ele>
   </trkpt>
   <trkpt lat="51.07011000000001" lon="5.09576">
    <ele>23.06</ele>
   </trkpt>
   <trkpt lat="51.07018000000001" lon="5.0956600000000005">
    <ele>23.020000000000003</ele>
   </trkpt>
   <trkpt lat="51.07014" lon="5.09534">
    <ele>22.89</ele>
   </trkpt>
   <trkpt lat="51.070150000000005" lon="5.09499">
    <ele>22.830000000000002</ele>
   </trkpt>
   <trkpt lat="51.070190000000004" lon="5.09442">
    <ele>22.660000000000004</ele>
   </trkpt>
  </trkseg>
 </trk>
</gpx>
