<?xml version="1.0" encoding="UTF-8"?>
<gpx creator="StravaGPX" version="1.1" xmlns="http://www.topografix.com/GPX/1/1" xmlns:xsi="http://www.w3.org/2001/XMLSchema-instance" xsi:schemaLocation="http://www.topografix.com/GPX/1/1 http://www.topografix.com/GPX/1/1/gpx.xsd">
 <metadata>
  <name>Twan - Luycksgestel</name>
  <author>
   <name>Joeri Scapicchio</name>
   <link href="https://www.strava.com/athletes/2447439"/>
  </author>
  <copyright author="OpenStreetMap contributors">
   <year>2020</year>
   <license>https://www.openstreetmap.org/copyright</license>
  </copyright>
  <link href="https://www.strava.com/routes/3211633373916345470"/>
 </metadata>
 <trk>
  <name>Twan - Luycksgestel</name>
  <link href="https://www.strava.com/routes/3211633373916345470"/>
  <type>cycling</type>
  <trkseg>
   <trkpt lat="51.07108" lon="5.08544">
    <ele>22.38</ele>
   </trkpt>
   <trkpt lat="51.071792011576356" lon="5.084616050719848">
    <ele>22.44</ele>
   </trkpt>
   <trkpt lat="51.07250401736065" lon="5.083792076085867">
    <ele>22.250000000000004</ele>
   </trkpt>
   <trkpt lat="51.07321601735254" lon="5.082968076096838">
    <ele>22.150000000000002</ele>
   </trkpt>
   <trkpt lat="51.07392801155172" lon="5.082144050751543">
    <ele>21.970000000000002</ele>
   </trkpt>
   <trkpt lat="51.07464" lon="5.081320000000001">
    <ele>22.340000000000003</ele>
   </trkpt>
   <trkpt lat="51.074740000000006" lon="5.081300000000001">
    <ele>22.430000000000003</ele>
   </trkpt>
   <trkpt lat="51.074920000000006" lon="5.081110000000001">
    <ele>22.55</ele>
   </trkpt>
   <trkpt lat="51.07558000752837" lon="5.080342532852798">
    <ele>23.64</ele>
   </trkpt>
   <trkpt lat="51.076240010031704" lon="5.079575043811698">
    <ele>26.400000000000002</ele>
   </trkpt>
   <trkpt lat="51.076900007509764" lon="5.078807532875727">
    <ele>29.26</ele>
   </trkpt>
   <trkpt lat="51.077560000000005" lon="5.0780400000000006">
    <ele>28.91</ele>
   </trkpt>
   <trkpt lat="51.077950000889274" lon="5.077605003575047">
    <ele>26.830000000000002</ele>
   </trkpt>
   <trkpt lat="51.078340000000004" lon="5.077170000000001">
    <ele>24.78</ele>
   </trkpt>
   <trkpt lat="51.07869" lon="5.07673">
    <ele>23.73</ele>
   </trkpt>
   <trkpt lat="51.07876" lon="5.07669">
    <ele>23.73</ele>
   </trkpt>
   <trkpt lat="51.079125000693075" lon="5.0762500036311975">
    <ele>22.520000000000003</ele>
   </trkpt>
   <trkpt lat="51.07949000000001" lon="5.075810000000001">
    <ele>21.94</ele>
   </trkpt>
   <trkpt lat="51.079570000000004" lon="5.07575">
    <ele>21.53</ele>
   </trkpt>
   <trkpt lat="51.080246671920264" lon="5.074963356374841">
    <ele>20.75</ele>
   </trkpt>
   <trkpt lat="51.08092333856143" lon="5.074176689738279">
    <ele>20.71</ele>
   </trkpt>
   <trkpt lat="51.0816" lon="5.073390000000001">
    <ele>21.03</ele>
   </trkpt>
   <trkpt lat="51.082103336153246" lon="5.072810012678446">
    <ele>21.11</ele>
   </trkpt>
   <trkpt lat="51.08260666943683" lon="5.072230012735969">
    <ele>21.330000000000002</ele>
   </trkpt>
   <trkpt lat="51.083110000000005" lon="5.07165">
    <ele>21.5</ele>
   </trkpt>
   <trkpt lat="51.08315" lon="5.071490000000001">
    <ele>21.580000000000002</ele>
   </trkpt>
   <trkpt lat="51.08326" lon="5.07136">
    <ele>21.5</ele>
   </trkpt>
   <trkpt lat="51.08355" lon="5.0711">
    <ele>21.37</ele>
   </trkpt>
   <trkpt lat="51.084170000620446" lon="5.070680005718692">
    <ele>21.26</ele>
   </trkpt>
   <trkpt lat="51.084790000000005" lon="5.07026">
    <ele>21.080000000000002</ele>
   </trkpt>
   <trkpt lat="51.08528500036141" lon="5.069905003925262">
    <ele>21.0</ele>
   </trkpt>
   <trkpt lat="51.08578000000001" lon="5.0695500000000004">
    <ele>21.05</ele>
   </trkpt>
   <trkpt lat="51.08603" lon="5.070600000000001">
    <ele>20.75</ele>
   </trkpt>
   <trkpt lat="51.0862850061033" lon="5.071799993202676">
    <ele>20.380000000000003</ele>
   </trkpt>
   <trkpt lat="51.08654000000001" lon="5.073">
    <ele>20.46</ele>
   </trkpt>
   <trkpt lat="51.08663000000001" lon="5.07343">
    <ele>20.57</ele>
   </trkpt>
   <trkpt lat="51.08668" lon="5.073840000000001">
    <ele>20.67</ele>
   </trkpt>
   <trkpt lat="51.08670000000001" lon="5.07425">
    <ele>20.66</ele>
   </trkpt>
   <trkpt lat="51.086670000000005" lon="5.074730000000001">
    <ele>20.580000000000002</ele>
   </trkpt>
   <trkpt lat="51.08662" lon="5.07507">
    <ele>20.580000000000002</ele>
   </trkpt>
   <trkpt lat="51.08655" lon="5.075340000000001">
    <ele>20.450000000000003</ele>
   </trkpt>
   <trkpt lat="51.08628" lon="5.076160000000001">
    <ele>20.59</ele>
   </trkpt>
   <trkpt lat="51.08586001858527" lon="5.077365032808709">
    <ele>20.69</ele>
   </trkpt>
   <trkpt lat="51.08544002478362" lon="5.078570043734729">
    <ele>20.85</ele>
   </trkpt>
   <trkpt lat="51.0850200185955" lon="5.079775032778139">
    <ele>20.990000000000002</ele>
   </trkpt>
   <trkpt lat="51.0846" lon="5.08098">
    <ele>21.330000000000002</ele>
   </trkpt>
   <trkpt lat="51.08484500186109" lon="5.081639996512765">
    <ele>20.32</ele>
   </trkpt>
   <trkpt lat="51.08509" lon="5.0823">
    <ele>20.220000000000002</ele>
   </trkpt>
   <trkpt lat="51.08523" lon="5.08258">
    <ele>20.270000000000003</ele>
   </trkpt>
   <trkpt lat="51.085820000000005" lon="5.0833200000000005">
    <ele>20.880000000000003</ele>
   </trkpt>
   <trkpt lat="51.085930000000005" lon="5.08351">
    <ele>20.880000000000003</ele>
   </trkpt>
   <trkpt lat="51.08617" lon="5.084020000000001">
    <ele>20.950000000000003</ele>
   </trkpt>
   <trkpt lat="51.086620009153364" lon="5.08505664646301">
    <ele>20.990000000000002</ele>
   </trkpt>
   <trkpt lat="51.08707000913945" lon="5.086093313097274">
    <ele>21.0</ele>
   </trkpt>
   <trkpt lat="51.087520000000005" lon="5.08713">
    <ele>21.07</ele>
   </trkpt>
   <trkpt lat="51.08764000000001" lon="5.087350000000001">
    <ele>21.07</ele>
   </trkpt>
   <trkpt lat="51.08776" lon="5.08751">
    <ele>21.07</ele>
   </trkpt>
   <trkpt lat="51.08821000084994" lon="5.087954995675657">
    <ele>20.96</ele>
   </trkpt>
   <trkpt lat="51.088660000000004" lon="5.0884">
    <ele>20.990000000000002</ele>
   </trkpt>
   <trkpt lat="51.088770000000004" lon="5.088480000000001">
    <ele>21.02</ele>
   </trkpt>
   <trkpt lat="51.0889" lon="5.08851">
    <ele>21.080000000000002</ele>
   </trkpt>
   <trkpt lat="51.088890000000006" lon="5.08851">
    <ele>21.07</ele>
   </trkpt>
   <trkpt lat="51.088950000000004" lon="5.08851">
    <ele>21.07</ele>
   </trkpt>
   <trkpt lat="51.0891" lon="5.08846">
    <ele>21.14</ele>
   </trkpt>
   <trkpt lat="51.089780000000005" lon="5.08812">
    <ele>21.130000000000003</ele>
   </trkpt>
   <trkpt lat="51.0904200005768" lon="5.0877850045845365">
    <ele>21.11</ele>
   </trkpt>
   <trkpt lat="51.091060000000006" lon="5.0874500000000005">
    <ele>21.240000000000002</ele>
   </trkpt>
   <trkpt lat="51.09131000000001" lon="5.08731">
    <ele>21.25</ele>
   </trkpt>
   <trkpt lat="51.091480000000004" lon="5.087210000000001">
    <ele>21.32</ele>
   </trkpt>
   <trkpt lat="51.09220333565772" lon="5.086690016254283">
    <ele>21.36</ele>
   </trkpt>
   <trkpt lat="51.09292666900898" lon="5.086170016241719">
    <ele>21.23</ele>
   </trkpt>
   <trkpt lat="51.093650000000004" lon="5.08565">
    <ele>21.32</ele>
   </trkpt>
   <trkpt lat="51.093720000000005" lon="5.08558">
    <ele>21.45</ele>
   </trkpt>
   <trkpt lat="51.093770000000006" lon="5.08546">
    <ele>21.45</ele>
   </trkpt>
   <trkpt lat="51.093970000000006" lon="5.085870000000001">
    <ele>21.69</ele>
   </trkpt>
   <trkpt lat="51.09439500259157" lon="5.086644992931568">
    <ele>24.6</ele>
   </trkpt>
   <trkpt lat="51.094820000000006" lon="5.087420000000001">
    <ele>26.69</ele>
   </trkpt>
   <trkpt lat="51.0949" lon="5.08753">
    <ele>27.01</ele>
   </trkpt>
   <trkpt lat="51.095040000000004" lon="5.08762">
    <ele>27.46</ele>
   </trkpt>
   <trkpt lat="51.09582" lon="5.08793">
    <ele>26.51</ele>
   </trkpt>
   <trkpt lat="51.09586" lon="5.087680000000001">
    <ele>26.080000000000002</ele>
   </trkpt>
   <trkpt lat="51.09592000859151" lon="5.086676669191436">
    <ele>23.770000000000003</ele>
   </trkpt>
   <trkpt lat="51.095980008596264" lon="5.0856733357788055">
    <ele>21.26</ele>
   </trkpt>
   <trkpt lat="51.09604" lon="5.08467">
    <ele>20.650000000000002</ele>
   </trkpt>
   <trkpt lat="51.09624252212698" lon="5.083355017263223">
    <ele>20.75</ele>
   </trkpt>
   <trkpt lat="51.09644502950428" lon="5.0820400230076">
    <ele>20.810000000000002</ele>
   </trkpt>
   <trkpt lat="51.096647522131654" lon="5.08072501723379">
    <ele>20.810000000000002</ele>
   </trkpt>
   <trkpt lat="51.09685" lon="5.07941">
    <ele>20.85</ele>
   </trkpt>
   <trkpt lat="51.097010000000004" lon="5.078950000000001">
    <ele>20.64</ele>
   </trkpt>
   <trkpt lat="51.09745" lon="5.07793">
    <ele>20.990000000000002</ele>
   </trkpt>
   <trkpt lat="51.09749000000001" lon="5.0777600000000005">
    <ele>20.990000000000002</ele>
   </trkpt>
   <trkpt lat="51.09749000000001" lon="5.0776900000000005">
    <ele>20.990000000000002</ele>
   </trkpt>
   <trkpt lat="51.09727" lon="5.07673">
    <ele>20.700000000000003</ele>
   </trkpt>
   <trkpt lat="51.097280000000005" lon="5.076510000000001">
    <ele>20.700000000000003</ele>
   </trkpt>
   <trkpt lat="51.097500030173485" lon="5.0751800253305195">
    <ele>20.400000000000002</ele>
   </trkpt>
   <trkpt lat="51.09772004525917" lon="5.073850038003112">
    <ele>20.21</ele>
   </trkpt>
   <trkpt lat="51.0979400452568" lon="5.072520038018425">
    <ele>19.85</ele>
   </trkpt>
   <trkpt lat="51.09816003016609" lon="5.071190025377107">
    <ele>19.470000000000002</ele>
   </trkpt>
   <trkpt lat="51.098380000000006" lon="5.06986">
    <ele>20.87</ele>
   </trkpt>
   <trkpt lat="51.09892000159997" lon="5.070286656737172">
    <ele>20.62</ele>
   </trkpt>
   <trkpt lat="51.099460001647216" lon="5.0707133234410104">
    <ele>20.64</ele>
   </trkpt>
   <trkpt lat="51.1" lon="5.071140000000001">
    <ele>20.470000000000002</ele>
   </trkpt>
   <trkpt lat="51.10027" lon="5.071370000000001">
    <ele>20.610000000000003</ele>
   </trkpt>
   <trkpt lat="51.100796668875205" lon="5.071876655140768">
    <ele>20.93</ele>
   </trkpt>
   <trkpt lat="51.10132333556083" lon="5.072383321825501">
    <ele>21.88</ele>
   </trkpt>
   <trkpt lat="51.101850000000006" lon="5.07289">
    <ele>23.03</ele>
   </trkpt>
   <trkpt lat="51.10210000000001" lon="5.073060000000001">
    <ele>24.3</ele>
   </trkpt>
   <trkpt lat="51.102740000000004" lon="5.073370000000001">
    <ele>26.21</ele>
   </trkpt>
   <trkpt lat="51.10359500048623" lon="5.0737399931141995">
    <ele>28.790000000000003</ele>
   </trkpt>
   <trkpt lat="51.10445000000001" lon="5.07411">
    <ele>27.900000000000002</ele>
   </trkpt>
   <trkpt lat="51.10519000000001" lon="5.07446">
    <ele>25.220000000000002</ele>
   </trkpt>
   <trkpt lat="51.10602" lon="5.07481">
    <ele>22.92</ele>
   </trkpt>
   <trkpt lat="51.10625" lon="5.074940000000001">
    <ele>22.570000000000004</ele>
   </trkpt>
   <trkpt lat="51.106933335544696" lon="5.075449984914774">
    <ele>21.470000000000002</ele>
   </trkpt>
   <trkpt lat="51.107616668871025" lon="5.075959984909263">
    <ele>20.94</ele>
   </trkpt>
   <trkpt lat="51.10830000000001" lon="5.0764700000000005">
    <ele>20.68</ele>
   </trkpt>
   <trkpt lat="51.10866000000001" lon="5.07669">
    <ele>20.580000000000002</ele>
   </trkpt>
   <trkpt lat="51.10941000060579" lon="5.077064993917531">
    <ele>20.55</ele>
   </trkpt>
   <trkpt lat="51.11016000000001" lon="5.07744">
    <ele>20.880000000000003</ele>
   </trkpt>
   <trkpt lat="51.1105" lon="5.077780000000001">
    <ele>21.080000000000002</ele>
   </trkpt>
   <trkpt lat="51.11084000141371" lon="5.078354995776069">
    <ele>21.14</ele>
   </trkpt>
   <trkpt lat="51.111180000000004" lon="5.078930000000001">
    <ele>21.400000000000002</ele>
   </trkpt>
   <trkpt lat="51.11133" lon="5.0792600000000006">
    <ele>21.490000000000002</ele>
   </trkpt>
   <trkpt lat="51.111630000000005" lon="5.080310000000001">
    <ele>21.84</ele>
   </trkpt>
   <trkpt lat="51.111760000000004" lon="5.080620000000001">
    <ele>21.84</ele>
   </trkpt>
   <trkpt lat="51.11198" lon="5.080990000000001">
    <ele>21.970000000000002</ele>
   </trkpt>
   <trkpt lat="51.112080000000006" lon="5.081110000000001">
    <ele>21.970000000000002</ele>
   </trkpt>
   <trkpt lat="51.112320000000004" lon="5.081340000000001">
    <ele>21.910000000000004</ele>
   </trkpt>
   <trkpt lat="51.112550000000006" lon="5.0815">
    <ele>21.910000000000004</ele>
   </trkpt>
   <trkpt lat="51.1129" lon="5.08168">
    <ele>21.890000000000004</ele>
   </trkpt>
   <trkpt lat="51.1136000003187" lon="5.081904996624651">
    <ele>21.75</ele>
   </trkpt>
   <trkpt lat="51.11430000000001" lon="5.08213">
    <ele>21.86</ele>
   </trkpt>
   <trkpt lat="51.11497000000001" lon="5.08232">
    <ele>21.730000000000004</ele>
   </trkpt>
   <trkpt lat="51.11543" lon="5.08232">
    <ele>21.85</ele>
   </trkpt>
   <trkpt lat="51.115570000000005" lon="5.0823">
    <ele>21.85</ele>
   </trkpt>
   <trkpt lat="51.11581" lon="5.082190000000001">
    <ele>21.890000000000004</ele>
   </trkpt>
   <trkpt lat="51.1163" lon="5.081740000000001">
    <ele>21.93</ele>
   </trkpt>
   <trkpt lat="51.1165" lon="5.08162">
    <ele>21.92</ele>
   </trkpt>
   <trkpt lat="51.116600000000005" lon="5.081580000000001">
    <ele>21.92</ele>
   </trkpt>
   <trkpt lat="51.11736666725146" lon="5.08141501368879">
    <ele>22.0</ele>
   </trkpt>
   <trkpt lat="51.11813333427077" lon="5.081250021902129">
    <ele>21.810000000000002</ele>
   </trkpt>
   <trkpt lat="51.118900001057916" lon="5.0810850246396875">
    <ele>21.400000000000002</ele>
   </trkpt>
   <trkpt lat="51.11966666761287" lon="5.080920021901133">
    <ele>21.060000000000002</ele>
   </trkpt>
   <trkpt lat="51.120433333935615" lon="5.080755013686138">
    <ele>21.17</ele>
   </trkpt>
   <trkpt lat="51.1212" lon="5.080590000000001">
    <ele>21.560000000000002</ele>
   </trkpt>
   <trkpt lat="51.121480000000005" lon="5.08058">
    <ele>22.22</ele>
   </trkpt>
   <trkpt lat="51.121500000000005" lon="5.08051">
    <ele>22.22</ele>
   </trkpt>
   <trkpt lat="51.121570000000006" lon="5.08046">
    <ele>22.320000000000004</ele>
   </trkpt>
   <trkpt lat="51.12162000000001" lon="5.08049">
    <ele>22.320000000000004</ele>
   </trkpt>
   <trkpt lat="51.12165" lon="5.080590000000001">
    <ele>22.320000000000004</ele>
   </trkpt>
   <trkpt lat="51.12185" lon="5.08058">
    <ele>22.320000000000004</ele>
   </trkpt>
   <trkpt lat="51.12229000000001" lon="5.080590000000001">
    <ele>23.090000000000003</ele>
   </trkpt>
   <trkpt lat="51.12254" lon="5.08053">
    <ele>23.46</ele>
   </trkpt>
   <trkpt lat="51.12322" lon="5.08018">
    <ele>24.51</ele>
   </trkpt>
   <trkpt lat="51.123965002014536" lon="5.079782519236603">
    <ele>25.830000000000002</ele>
   </trkpt>
   <trkpt lat="51.12471000268165" lon="5.079385025651655">
    <ele>26.88</ele>
   </trkpt>
   <trkpt lat="51.12545500200131" lon="5.078987519244429">
    <ele>28.3</ele>
   </trkpt>
   <trkpt lat="51.126200000000004" lon="5.07859">
    <ele>29.35</ele>
   </trkpt>
   <trkpt lat="51.12695500076628" lon="5.078195006404014">
    <ele>29.75</ele>
   </trkpt>
   <trkpt lat="51.12771000000001" lon="5.077800000000001">
    <ele>30.310000000000002</ele>
   </trkpt>
   <trkpt lat="51.12829666714602" lon="5.077556672859177">
    <ele>30.140000000000004</ele>
   </trkpt>
   <trkpt lat="51.128883333787115" lon="5.077313339536549">
    <ele>30.140000000000004</ele>
   </trkpt>
   <trkpt lat="51.129470000000005" lon="5.07707">
    <ele>29.970000000000002</ele>
   </trkpt>
   <trkpt lat="51.12994000011795" lon="5.076890001839599">
    <ele>29.830000000000002</ele>
   </trkpt>
   <trkpt lat="51.130410000000005" lon="5.07671">
    <ele>29.740000000000002</ele>
   </trkpt>
   <trkpt lat="51.13051" lon="5.0766">
    <ele>29.740000000000002</ele>
   </trkpt>
   <trkpt lat="51.130630000000004" lon="5.07674">
    <ele>29.790000000000003</ele>
   </trkpt>
   <trkpt lat="51.13071000000001" lon="5.07678">
    <ele>29.790000000000003</ele>
   </trkpt>
   <trkpt lat="51.131190000000004" lon="5.07683">
    <ele>29.7</ele>
   </trkpt>
   <trkpt lat="51.13152" lon="5.076840000000001">
    <ele>29.43</ele>
   </trkpt>
   <trkpt lat="51.131800000000005" lon="5.076930000000001">
    <ele>29.43</ele>
   </trkpt>
   <trkpt lat="51.132110000000004" lon="5.07707">
    <ele>29.0</ele>
   </trkpt>
   <trkpt lat="51.13228" lon="5.0772900000000005">
    <ele>28.790000000000003</ele>
   </trkpt>
   <trkpt lat="51.13241000000001" lon="5.07756">
    <ele>28.580000000000002</ele>
   </trkpt>
   <trkpt lat="51.132740000000005" lon="5.07836">
    <ele>28.55</ele>
   </trkpt>
   <trkpt lat="51.13290000000001" lon="5.078670000000001">
    <ele>28.46</ele>
   </trkpt>
   <trkpt lat="51.133070000000004" lon="5.078950000000001">
    <ele>28.32</ele>
   </trkpt>
   <trkpt lat="51.133230000000005" lon="5.0791200000000005">
    <ele>28.200000000000003</ele>
   </trkpt>
   <trkpt lat="51.13392" lon="5.0796600000000005">
    <ele>27.090000000000003</ele>
   </trkpt>
   <trkpt lat="51.13393000000001" lon="5.0796600000000005">
    <ele>27.070000000000004</ele>
   </trkpt>
   <trkpt lat="51.13409500249611" lon="5.078895002729432">
    <ele>25.92</ele>
   </trkpt>
   <trkpt lat="51.134260000000005" lon="5.078130000000001">
    <ele>25.95</ele>
   </trkpt>
   <trkpt lat="51.134260000000005" lon="5.0780400000000006">
    <ele>25.95</ele>
   </trkpt>
   <trkpt lat="51.13506" lon="5.077610000000001">
    <ele>25.040000000000003</ele>
   </trkpt>
   <trkpt lat="51.13514000000001" lon="5.0775500000000005">
    <ele>25.040000000000003</ele>
   </trkpt>
   <trkpt lat="51.13537" lon="5.0773">
    <ele>25.040000000000003</ele>
   </trkpt>
   <trkpt lat="51.13579000000001" lon="5.07655">
    <ele>24.740000000000002</ele>
   </trkpt>
   <trkpt lat="51.13589" lon="5.076280000000001">
    <ele>24.700000000000003</ele>
   </trkpt>
   <trkpt lat="51.13613" lon="5.07491">
    <ele>24.71</ele>
   </trkpt>
   <trkpt lat="51.13665000376253" lon="5.073970010595273">
    <ele>24.64</ele>
   </trkpt>
   <trkpt lat="51.137170000000005" lon="5.07303">
    <ele>24.880000000000003</ele>
   </trkpt>
   <trkpt lat="51.13768" lon="5.07195">
    <ele>25.290000000000003</ele>
   </trkpt>
   <trkpt lat="51.138015001293546" lon="5.071385004213424">
    <ele>25.400000000000002</ele>
   </trkpt>
   <trkpt lat="51.13835" lon="5.07082">
    <ele>25.36</ele>
   </trkpt>
   <trkpt lat="51.13862" lon="5.07031">
    <ele>25.44</ele>
   </trkpt>
   <trkpt lat="51.138690000000004" lon="5.070180000000001">
    <ele>25.44</ele>
   </trkpt>
   <trkpt lat="51.13898000723007" lon="5.069260011517257">
    <ele>25.44</ele>
   </trkpt>
   <trkpt lat="51.13927000724296" lon="5.068340011476538">
    <ele>25.48</ele>
   </trkpt>
   <trkpt lat="51.13956" lon="5.06742">
    <ele>25.25</ele>
   </trkpt>
   <trkpt lat="51.139660000000006" lon="5.067150000000001">
    <ele>24.950000000000003</ele>
   </trkpt>
   <trkpt lat="51.140080000000005" lon="5.06623">
    <ele>24.34</ele>
   </trkpt>
   <trkpt lat="51.14011000000001" lon="5.066070000000001">
    <ele>24.34</ele>
   </trkpt>
   <trkpt lat="51.140150000000006" lon="5.065530000000001">
    <ele>24.23</ele>
   </trkpt>
   <trkpt lat="51.14018000236314" lon="5.064785000563694">
    <ele>24.78</ele>
   </trkpt>
   <trkpt lat="51.14021" lon="5.06404">
    <ele>25.120000000000005</ele>
   </trkpt>
   <trkpt lat="51.14025" lon="5.06338">
    <ele>25.93</ele>
   </trkpt>
   <trkpt lat="51.14034500217971" lon="5.062665001470451">
    <ele>25.96</ele>
   </trkpt>
   <trkpt lat="51.140440000000005" lon="5.06195">
    <ele>25.28</ele>
   </trkpt>
   <trkpt lat="51.14074667859234" lon="5.060766682443653">
    <ele>24.900000000000002</ele>
   </trkpt>
   <trkpt lat="51.14105334524476" lon="5.059583349165592">
    <ele>25.030000000000005</ele>
   </trkpt>
   <trkpt lat="51.141360000000006" lon="5.058400000000001">
    <ele>24.92</ele>
   </trkpt>
   <trkpt lat="51.141580003503385" lon="5.057490004449157">
    <ele>24.84</ele>
   </trkpt>
   <trkpt lat="51.1418" lon="5.05658">
    <ele>25.02</ele>
   </trkpt>
   <trkpt lat="51.14204" lon="5.055350000000001">
    <ele>24.87</ele>
   </trkpt>
   <trkpt lat="51.142030000000005" lon="5.05529">
    <ele>24.67</ele>
   </trkpt>
   <trkpt lat="51.14195" lon="5.05515">
    <ele>24.55</ele>
   </trkpt>
   <trkpt lat="51.14252334053659" lon="5.0542300228752">
    <ele>24.53</ele>
   </trkpt>
   <trkpt lat="51.14309667385628" lon="5.0533100228975405">
    <ele>23.500000000000004</ele>
   </trkpt>
   <trkpt lat="51.14367000000001" lon="5.052390000000001">
    <ele>22.340000000000003</ele>
   </trkpt>
   <trkpt lat="51.14426" lon="5.0515300000000005">
    <ele>21.890000000000004</ele>
   </trkpt>
   <trkpt lat="51.14446" lon="5.05128">
    <ele>21.830000000000002</ele>
   </trkpt>
   <trkpt lat="51.144670000000005" lon="5.05105">
    <ele>21.69</ele>
   </trkpt>
   <trkpt lat="51.145270000000004" lon="5.05051">
    <ele>21.34</ele>
   </trkpt>
   <trkpt lat="51.146040027119184" lon="5.049879580092965">
    <ele>21.45</ele>
   </trkpt>
   <trkpt lat="51.14681005084952" lon="5.049249139150809">
    <ele>21.330000000000002</ele>
   </trkpt>
   <trkpt lat="51.147580071190845" lon="5.048618677172344">
    <ele>21.560000000000002</ele>
   </trkpt>
   <trkpt lat="51.14835008814289" lon="5.047988194156384">
    <ele>21.310000000000002</ele>
   </trkpt>
   <trkpt lat="51.14912010170553" lon="5.0473576901017365">
    <ele>20.84</ele>
   </trkpt>
   <trkpt lat="51.149890111878484" lon="5.0467271650072165">
    <ele>20.970000000000002</ele>
   </trkpt>
   <trkpt lat="51.150660118661605" lon="5.046096618871636">
    <ele>21.14</ele>
   </trkpt>
   <trkpt lat="51.15143012205464" lon="5.045466051693806">
    <ele>21.42</ele>
   </trkpt>
   <trkpt lat="51.15220012205741" lon="5.044835463472536">
    <ele>21.19</ele>
   </trkpt>
   <trkpt lat="51.15297011866969" lon="5.044204854206639">
    <ele>21.580000000000002</ele>
   </trkpt>
   <trkpt lat="51.1537401118913" lon="5.043574223894928">
    <ele>22.05</ele>
   </trkpt>
   <trkpt lat="51.154510101722" lon="5.042943572536212">
    <ele>21.57</ele>
   </trkpt>
   <trkpt lat="51.15528008816161" lon="5.042312900129303">
    <ele>21.120000000000005</ele>
   </trkpt>
   <trkpt lat="51.15605007120992" lon="5.041682206673013">
    <ele>20.75</ele>
   </trkpt>
   <trkpt lat="51.15682005086671" lon="5.041051492166152">
    <ele>20.62</ele>
   </trkpt>
   <trkpt lat="51.15759002713178" lon="5.04042075660753">
    <ele>20.73</ele>
   </trkpt>
   <trkpt lat="51.15836" lon="5.03979">
    <ele>21.94</ele>
   </trkpt>
   <trkpt lat="51.15836" lon="5.039770000000001">
    <ele>21.94</ele>
   </trkpt>
   <trkpt lat="51.15866334086369" lon="5.040709987629898">
    <ele>21.53</ele>
   </trkpt>
   <trkpt lat="51.158966674194104" lon="5.04164998762067">
    <ele>21.57</ele>
   </trkpt>
   <trkpt lat="51.15927000000001" lon="5.042590000000001">
    <ele>22.42</ele>
   </trkpt>
   <trkpt lat="51.15955500293148" lon="5.04340999512169">
    <ele>22.88</ele>
   </trkpt>
   <trkpt lat="51.15984" lon="5.044230000000001">
    <ele>22.89</ele>
   </trkpt>
   <trkpt lat="51.16014500164519" lon="5.044839996085031">
    <ele>22.6</ele>
   </trkpt>
   <trkpt lat="51.160450000000004" lon="5.045450000000001">
    <ele>22.61</ele>
   </trkpt>
   <trkpt lat="51.16105" lon="5.0465">
    <ele>22.94</ele>
   </trkpt>
   <trkpt lat="51.16136500135776" lon="5.047069996058529">
    <ele>23.01</ele>
   </trkpt>
   <trkpt lat="51.161680000000004" lon="5.04764">
    <ele>23.180000000000003</ele>
   </trkpt>
   <trkpt lat="51.162020000000005" lon="5.04828">
    <ele>23.19</ele>
   </trkpt>
   <trkpt lat="51.16216000000001" lon="5.0486200000000006">
    <ele>23.15</ele>
   </trkpt>
   <trkpt lat="51.16249667600255" lon="5.04966665137654">
    <ele>23.020000000000003</ele>
   </trkpt>
   <trkpt lat="51.16283334266542" lon="5.0507133180311845">
    <ele>23.06</ele>
   </trkpt>
   <trkpt lat="51.16317" lon="5.051760000000001">
    <ele>23.07</ele>
   </trkpt>
   <trkpt lat="51.16328000000001" lon="5.0520700000000005">
    <ele>23.090000000000003</ele>
   </trkpt>
   <trkpt lat="51.16310000000001" lon="5.053140000000001">
    <ele>23.24</ele>
   </trkpt>
   <trkpt lat="51.16299" lon="5.0536">
    <ele>23.42</ele>
   </trkpt>
   <trkpt lat="51.16293" lon="5.05377">
    <ele>23.42</ele>
   </trkpt>
   <trkpt lat="51.162850000000006" lon="5.054250000000001">
    <ele>23.650000000000002</ele>
   </trkpt>
   <trkpt lat="51.16280000292648" lon="5.055080001067892">
    <ele>23.73</ele>
   </trkpt>
   <trkpt lat="51.16275" lon="5.055910000000001">
    <ele>23.919999999999998</ele>
   </trkpt>
   <trkpt lat="51.16271000351151" lon="5.056815000327489">
    <ele>23.840000000000003</ele>
   </trkpt>
   <trkpt lat="51.162670000000006" lon="5.057720000000001">
    <ele>23.680000000000003</ele>
   </trkpt>
   <trkpt lat="51.16283000000001" lon="5.05846">
    <ele>23.360000000000003</ele>
   </trkpt>
   <trkpt lat="51.16292000000001" lon="5.059030000000001">
    <ele>23.340000000000003</ele>
   </trkpt>
   <trkpt lat="51.16290000000001" lon="5.05959">
    <ele>23.340000000000003</ele>
   </trkpt>
   <trkpt lat="51.16301500627794" lon="5.060804996814079">
    <ele>23.48</ele>
   </trkpt>
   <trkpt lat="51.16313" lon="5.06202">
    <ele>23.520000000000003</ele>
   </trkpt>
   <trkpt lat="51.16310000000001" lon="5.06266">
    <ele>23.630000000000003</ele>
   </trkpt>
   <trkpt lat="51.163000000000004" lon="5.0635">
    <ele>23.75</ele>
   </trkpt>
   <trkpt lat="51.16297000817579" lon="5.064885000952194">
    <ele>24.16</ele>
   </trkpt>
   <trkpt lat="51.162940000000006" lon="5.06627">
    <ele>24.740000000000002</ele>
   </trkpt>
   <trkpt lat="51.16293334527076" lon="5.067453333788732">
    <ele>24.880000000000003</ele>
   </trkpt>
   <trkpt lat="51.16292667860345" lon="5.068636667235728">
    <ele>24.77</ele>
   </trkpt>
   <trkpt lat="51.16292000000001" lon="5.06982">
    <ele>24.75</ele>
   </trkpt>
   <trkpt lat="51.162950003049744" lon="5.0706649996206625">
    <ele>24.650000000000002</ele>
   </trkpt>
   <trkpt lat="51.162980000000005" lon="5.071510000000001">
    <ele>24.53</ele>
   </trkpt>
   <trkpt lat="51.163010014631496" lon="5.0728199983356275">
    <ele>24.6</ele>
   </trkpt>
   <trkpt lat="51.163040014632415" lon="5.074129998375624">
    <ele>24.580000000000002</ele>
   </trkpt>
   <trkpt lat="51.163070000000005" lon="5.07544">
    <ele>24.68</ele>
   </trkpt>
   <trkpt lat="51.163123350280905" lon="5.076849996688441">
    <ele>25.19</ele>
   </trkpt>
   <trkpt lat="51.16317668361233" lon="5.078259996637907">
    <ele>25.45</ele>
   </trkpt>
   <trkpt lat="51.163230000000006" lon="5.07967">
    <ele>25.6</ele>
   </trkpt>
   <trkpt lat="51.16329500650309" lon="5.080904998287665">
    <ele>25.810000000000002</ele>
   </trkpt>
   <trkpt lat="51.163360000000004" lon="5.082140000000001">
    <ele>25.890000000000004</ele>
   </trkpt>
   <trkpt lat="51.163410000000006" lon="5.0823">
    <ele>25.890000000000004</ele>
   </trkpt>
   <trkpt lat="51.163610000000006" lon="5.082400000000001">
    <ele>25.77</ele>
   </trkpt>
   <trkpt lat="51.163830000000004" lon="5.08255">
    <ele>25.41</ele>
   </trkpt>
   <trkpt lat="51.16449000398448" lon="5.083107476076771">
    <ele>25.09</ele>
   </trkpt>
   <trkpt lat="51.165150005319376" lon="5.083664968107454">
    <ele>24.880000000000003</ele>
   </trkpt>
   <trkpt lat="51.16581000400454" lon="5.084222476092818">
    <ele>24.51</ele>
   </trkpt>
   <trkpt lat="51.166470000000004" lon="5.08478">
    <ele>24.35</ele>
   </trkpt>
   <trkpt lat="51.16714750410536" lon="5.085344975120357">
    <ele>24.23</ele>
   </trkpt>
   <trkpt lat="51.16782500548942" lon="5.0859099668395285">
    <ele>24.330000000000002</ele>
   </trkpt>
   <trkpt lat="51.16850250415204" lon="5.086474975158336">
    <ele>24.55</ele>
   </trkpt>
   <trkpt lat="51.169180000000004" lon="5.08704">
    <ele>24.470000000000002</ele>
   </trkpt>
   <trkpt lat="51.16985000223839" lon="5.087749989779859">
    <ele>24.12</ele>
   </trkpt>
   <trkpt lat="51.17052" lon="5.08846">
    <ele>24.64</ele>
   </trkpt>
   <trkpt lat="51.17067" lon="5.08865">
    <ele>24.78</ele>
   </trkpt>
   <trkpt lat="51.170820000000006" lon="5.0887">
    <ele>24.82</ele>
   </trkpt>
   <trkpt lat="51.17096" lon="5.08872">
    <ele>24.810000000000002</ele>
   </trkpt>
   <trkpt lat="51.17128" lon="5.0886700000000005">
    <ele>23.950000000000003</ele>
   </trkpt>
   <trkpt lat="51.171670000000006" lon="5.08875">
    <ele>23.500000000000004</ele>
   </trkpt>
   <trkpt lat="51.171760000000006" lon="5.0887400000000005">
    <ele>23.500000000000004</ele>
   </trkpt>
   <trkpt lat="51.17246500074508" lon="5.088325006338365">
    <ele>23.01</ele>
   </trkpt>
   <trkpt lat="51.173170000000006" lon="5.087910000000001">
    <ele>23.37</ele>
   </trkpt>
   <trkpt lat="51.17375500035981" lon="5.087625003609164">
    <ele>23.22</ele>
   </trkpt>
   <trkpt lat="51.17434" lon="5.08734">
    <ele>23.500000000000004</ele>
   </trkpt>
   <trkpt lat="51.1748450001091" lon="5.0870950027545385">
    <ele>23.53</ele>
   </trkpt>
   <trkpt lat="51.17535" lon="5.08685">
    <ele>23.720000000000002</ele>
   </trkpt>
   <trkpt lat="51.17596000019535" lon="5.0866100031949895">
    <ele>23.53</ele>
   </trkpt>
   <trkpt lat="51.176570000000005" lon="5.0863700000000005">
    <ele>24.96</ele>
   </trkpt>
   <trkpt lat="51.17674" lon="5.086830000000001">
    <ele>25.1</ele>
   </trkpt>
   <trkpt lat="51.177090002708226" lon="5.087634993765073">
    <ele>25.94</ele>
   </trkpt>
   <trkpt lat="51.177440000000004" lon="5.08844">
    <ele>26.560000000000002</ele>
   </trkpt>
   <trkpt lat="51.17766" lon="5.08825">
    <ele>26.750000000000004</ele>
   </trkpt>
   <trkpt lat="51.177870000000006" lon="5.0882000000000005">
    <ele>26.730000000000004</ele>
   </trkpt>
   <trkpt lat="51.178560000000004" lon="5.08795">
    <ele>26.660000000000004</ele>
   </trkpt>
   <trkpt lat="51.17895000000001" lon="5.087820000000001">
    <ele>27.040000000000003</ele>
   </trkpt>
   <trkpt lat="51.179610000024454" lon="5.087705001651962">
    <ele>26.840000000000003</ele>
   </trkpt>
   <trkpt lat="51.18027000000001" lon="5.0875900000000005">
    <ele>26.840000000000003</ele>
   </trkpt>
   <trkpt lat="51.180530000000005" lon="5.0875200000000005">
    <ele>26.740000000000002</ele>
   </trkpt>
   <trkpt lat="51.18077" lon="5.08741">
    <ele>26.72</ele>
   </trkpt>
   <trkpt lat="51.18126500024533" lon="5.087135002995735">
    <ele>26.78</ele>
   </trkpt>
   <trkpt lat="51.181760000000004" lon="5.086860000000001">
    <ele>26.98</ele>
   </trkpt>
   <trkpt lat="51.182360000221" lon="5.086625003064464">
    <ele>27.06</ele>
   </trkpt>
   <trkpt lat="51.18296" lon="5.086390000000001">
    <ele>26.860000000000003</ele>
   </trkpt>
   <trkpt lat="51.18318000000001" lon="5.08633">
    <ele>26.830000000000002</ele>
   </trkpt>
   <trkpt lat="51.18338000000001" lon="5.0863000000000005">
    <ele>26.54</ele>
   </trkpt>
   <trkpt lat="51.18399" lon="5.08628">
    <ele>26.26</ele>
   </trkpt>
   <trkpt lat="51.184340000000006" lon="5.08621">
    <ele>26.18</ele>
   </trkpt>
   <trkpt lat="51.18453" lon="5.086150000000001">
    <ele>26.160000000000004</ele>
   </trkpt>
   <trkpt lat="51.185025000280305" lon="5.085930002329785">
    <ele>26.330000000000002</ele>
   </trkpt>
   <trkpt lat="51.185520000000004" lon="5.085710000000001">
    <ele>26.590000000000003</ele>
   </trkpt>
   <trkpt lat="51.185610000000004" lon="5.08563">
    <ele>26.590000000000003</ele>
   </trkpt>
   <trkpt lat="51.18585" lon="5.08537">
    <ele>26.46</ele>
   </trkpt>
   <trkpt lat="51.18603" lon="5.08527">
    <ele>26.46</ele>
   </trkpt>
   <trkpt lat="51.186150000000005" lon="5.08525">
    <ele>26.38</ele>
   </trkpt>
   <trkpt lat="51.18659" lon="5.085240000000001">
    <ele>26.29</ele>
   </trkpt>
   <trkpt lat="51.18668" lon="5.085260000000001">
    <ele>26.240000000000002</ele>
   </trkpt>
   <trkpt lat="51.18726" lon="5.0855500000000005">
    <ele>26.150000000000002</ele>
   </trkpt>
   <trkpt lat="51.187380000000005" lon="5.085470000000001">
    <ele>26.150000000000002</ele>
   </trkpt>
   <trkpt lat="51.18774000303828" lon="5.086309993510989">
    <ele>25.85</ele>
   </trkpt>
   <trkpt lat="51.188100000000006" lon="5.08715">
    <ele>26.12</ele>
   </trkpt>
   <trkpt lat="51.18824000000001" lon="5.08731">
    <ele>26.18</ele>
   </trkpt>
   <trkpt lat="51.18835000000001" lon="5.087300000000001">
    <ele>26.18</ele>
   </trkpt>
   <trkpt lat="51.18851" lon="5.088620000000001">
    <ele>26.12</ele>
   </trkpt>
   <trkpt lat="51.18869" lon="5.088710000000001">
    <ele>26.070000000000004</ele>
   </trkpt>
   <trkpt lat="51.188750000000006" lon="5.08879">
    <ele>26.070000000000004</ele>
   </trkpt>
   <trkpt lat="51.18923" lon="5.089180000000001">
    <ele>26.140000000000004</ele>
   </trkpt>
   <trkpt lat="51.18971000073877" lon="5.089529996512487">
    <ele>26.19</ele>
   </trkpt>
   <trkpt lat="51.19019" lon="5.089880000000001">
    <ele>26.29</ele>
   </trkpt>
   <trkpt lat="51.190785001248024" lon="5.09041999303246">
    <ele>26.45</ele>
   </trkpt>
   <trkpt lat="51.19138" lon="5.090960000000001">
    <ele>26.69</ele>
   </trkpt>
   <trkpt lat="51.19191000000001" lon="5.09142">
    <ele>26.64</ele>
   </trkpt>
   <trkpt lat="51.19218000000001" lon="5.09163">
    <ele>26.62</ele>
   </trkpt>
   <trkpt lat="51.19238000000001" lon="5.091760000000001">
    <ele>26.730000000000004</ele>
   </trkpt>
   <trkpt lat="51.193060000443374" lon="5.092059995599155">
    <ele>26.250000000000004</ele>
   </trkpt>
   <trkpt lat="51.193740000000005" lon="5.09236">
    <ele>26.3</ele>
   </trkpt>
   <trkpt lat="51.194160000000004" lon="5.09259">
    <ele>26.230000000000004</ele>
   </trkpt>
   <trkpt lat="51.194675000583786" lon="5.092914996451734">
    <ele>26.3</ele>
   </trkpt>
   <trkpt lat="51.195190000000004" lon="5.093240000000001">
    <ele>26.390000000000004</ele>
   </trkpt>
   <trkpt lat="51.19561" lon="5.09358">
    <ele>26.330000000000002</ele>
   </trkpt>
   <trkpt lat="51.195890000000006" lon="5.09377">
    <ele>26.340000000000003</ele>
   </trkpt>
   <trkpt lat="51.196620000708094" lon="5.094164993764754">
    <ele>26.28</ele>
   </trkpt>
   <trkpt lat="51.19735000000001" lon="5.09456">
    <ele>26.080000000000002</ele>
   </trkpt>
   <trkpt lat="51.1978" lon="5.09475">
    <ele>26.19</ele>
   </trkpt>
   <trkpt lat="51.197900000000004" lon="5.094830000000001">
    <ele>26.19</ele>
   </trkpt>
   <trkpt lat="51.197950000000006" lon="5.0949">
    <ele>26.19</ele>
   </trkpt>
   <trkpt lat="51.19802000000001" lon="5.09503">
    <ele>26.18</ele>
   </trkpt>
   <trkpt lat="51.19807" lon="5.095260000000001">
    <ele>26.18</ele>
   </trkpt>
   <trkpt lat="51.19827000721741" lon="5.096559994455955">
    <ele>26.0</ele>
   </trkpt>
   <trkpt lat="51.19847000000001" lon="5.097860000000001">
    <ele>26.220000000000002</ele>
   </trkpt>
   <trkpt lat="51.19874" lon="5.09867">
    <ele>26.27</ele>
   </trkpt>
   <trkpt lat="51.19887000000001" lon="5.09898">
    <ele>26.27</ele>
   </trkpt>
   <trkpt lat="51.19935" lon="5.099740000000001">
    <ele>26.1</ele>
   </trkpt>
   <trkpt lat="51.19950000000001" lon="5.099880000000001">
    <ele>25.94</ele>
   </trkpt>
   <trkpt lat="51.200160000000004" lon="5.100250000000001">
    <ele>25.800000000000004</ele>
   </trkpt>
   <trkpt lat="51.20074333553308" lon="5.100759987068714">
    <ele>25.560000000000002</ele>
   </trkpt>
   <trkpt lat="51.20132666884937" lon="5.101269987053602">
    <ele>25.42</ele>
   </trkpt>
   <trkpt lat="51.201910000000005" lon="5.101780000000001">
    <ele>25.540000000000003</ele>
   </trkpt>
   <trkpt lat="51.201980000000006" lon="5.10186">
    <ele>25.540000000000003</ele>
   </trkpt>
   <trkpt lat="51.201950000000004" lon="5.101920000000001">
    <ele>25.540000000000003</ele>
   </trkpt>
   <trkpt lat="51.2019" lon="5.1020900000000005">
    <ele>25.61</ele>
   </trkpt>
   <trkpt lat="51.201910000000005" lon="5.102180000000001">
    <ele>25.61</ele>
   </trkpt>
   <trkpt lat="51.201950000000004" lon="5.102270000000001">
    <ele>25.61</ele>
   </trkpt>
   <trkpt lat="51.202000000000005" lon="5.1023000000000005">
    <ele>25.580000000000002</ele>
   </trkpt>
   <trkpt lat="51.20205000000001" lon="5.10229">
    <ele>25.580000000000002</ele>
   </trkpt>
   <trkpt lat="51.202090000000005" lon="5.1024400000000005">
    <ele>25.580000000000002</ele>
   </trkpt>
   <trkpt lat="51.20214000000001" lon="5.103070000000001">
    <ele>25.32</ele>
   </trkpt>
   <trkpt lat="51.202270000000006" lon="5.103940000000001">
    <ele>25.5</ele>
   </trkpt>
   <trkpt lat="51.20252000000001" lon="5.10519">
    <ele>25.6</ele>
   </trkpt>
   <trkpt lat="51.20282000518165" lon="5.10629499272335">
    <ele>25.560000000000002</ele>
   </trkpt>
   <trkpt lat="51.203120000000006" lon="5.1074">
    <ele>25.540000000000003</ele>
   </trkpt>
   <trkpt lat="51.20331" lon="5.1080000000000005">
    <ele>25.540000000000003</ele>
   </trkpt>
   <trkpt lat="51.20367000421675" lon="5.108994992217371">
    <ele>25.62</ele>
   </trkpt>
   <trkpt lat="51.20403" lon="5.109990000000001">
    <ele>25.75</ele>
   </trkpt>
   <trkpt lat="51.20440000000001" lon="5.110950000000001">
    <ele>25.730000000000004</ele>
   </trkpt>
   <trkpt lat="51.204800011476586" lon="5.111897475313337">
    <ele>25.77</ele>
   </trkpt>
   <trkpt lat="51.205200015302054" lon="5.1128449670838245">
    <ele>25.810000000000002</ele>
   </trkpt>
   <trkpt lat="51.20560001147621" lon="5.113792475311669">
    <ele>25.910000000000004</ele>
   </trkpt>
   <trkpt lat="51.206" lon="5.11474">
    <ele>26.250000000000004</ele>
   </trkpt>
   <trkpt lat="51.20618" lon="5.11514">
    <ele>26.340000000000003</ele>
   </trkpt>
   <trkpt lat="51.206390000000006" lon="5.115740000000001">
    <ele>26.47</ele>
   </trkpt>
   <trkpt lat="51.206430000000005" lon="5.1158">
    <ele>26.47</ele>
   </trkpt>
   <trkpt lat="51.206790003099464" lon="5.116649993404668">
    <ele>26.67</ele>
   </trkpt>
   <trkpt lat="51.207150000000006" lon="5.117500000000001">
    <ele>26.71</ele>
   </trkpt>
   <trkpt lat="51.207550004085434" lon="5.11847499161599">
    <ele>26.7</ele>
   </trkpt>
   <trkpt lat="51.207950000000004" lon="5.1194500000000005">
    <ele>26.740000000000002</ele>
   </trkpt>
   <trkpt lat="51.20814000000001" lon="5.119960000000001">
    <ele>26.79</ele>
   </trkpt>
   <trkpt lat="51.208290000000005" lon="5.12049">
    <ele>26.53</ele>
   </trkpt>
   <trkpt lat="51.208580000000005" lon="5.121630000000001">
    <ele>26.46</ele>
   </trkpt>
   <trkpt lat="51.208827513817155" lon="5.122669983191453">
    <ele>26.590000000000003</ele>
   </trkpt>
   <trkpt lat="51.20907501841656" lon="5.123709977561757">
    <ele>26.67</ele>
   </trkpt>
   <trkpt lat="51.209322513798085" lon="5.124749983110715">
    <ele>26.660000000000004</ele>
   </trkpt>
   <trkpt lat="51.20957000000001" lon="5.12579">
    <ele>26.650000000000002</ele>
   </trkpt>
   <trkpt lat="51.209810000000004" lon="5.1268">
    <ele>26.650000000000002</ele>
   </trkpt>
   <trkpt lat="51.210015004987035" lon="5.127884995014542">
    <ele>26.53</ele>
   </trkpt>
   <trkpt lat="51.21022000000001" lon="5.128970000000001">
    <ele>26.660000000000004</ele>
   </trkpt>
   <trkpt lat="51.210370000000005" lon="5.12945">
    <ele>26.55</ele>
   </trkpt>
   <trkpt lat="51.210800000000006" lon="5.130590000000001">
    <ele>26.61</ele>
   </trkpt>
   <trkpt lat="51.21092" lon="5.13102">
    <ele>26.64</ele>
   </trkpt>
   <trkpt lat="51.211020000000005" lon="5.131620000000001">
    <ele>26.7</ele>
   </trkpt>
   <trkpt lat="51.21111000608114" lon="5.132814997612427">
    <ele>26.85</ele>
   </trkpt>
   <trkpt lat="51.211200000000005" lon="5.134010000000001">
    <ele>26.97</ele>
   </trkpt>
   <trkpt lat="51.211220000000004" lon="5.13443">
    <ele>26.97</ele>
   </trkpt>
   <trkpt lat="51.211200000000005" lon="5.134790000000001">
    <ele>26.94</ele>
   </trkpt>
   <trkpt lat="51.211130000000004" lon="5.135190000000001">
    <ele>26.94</ele>
   </trkpt>
   <trkpt lat="51.211000000000006" lon="5.135800000000001">
    <ele>26.98</ele>
   </trkpt>
   <trkpt lat="51.210950000000004" lon="5.13616">
    <ele>26.96</ele>
   </trkpt>
   <trkpt lat="51.21092" lon="5.13642">
    <ele>26.8</ele>
   </trkpt>
   <trkpt lat="51.2109" lon="5.13698">
    <ele>26.8</ele>
   </trkpt>
   <trkpt lat="51.210923347005924" lon="5.138246665324706">
    <ele>26.87</ele>
   </trkpt>
   <trkpt lat="51.21094668033818" lon="5.139513331933443">
    <ele>26.96</ele>
   </trkpt>
   <trkpt lat="51.21097" lon="5.14078">
    <ele>27.380000000000003</ele>
   </trkpt>
   <trkpt lat="51.211020000000005" lon="5.141220000000001">
    <ele>27.380000000000003</ele>
   </trkpt>
   <trkpt lat="51.21114000000001" lon="5.14177">
    <ele>27.470000000000002</ele>
   </trkpt>
   <trkpt lat="51.21157001787182" lon="5.142952466864041">
    <ele>27.330000000000002</ele>
   </trkpt>
   <trkpt lat="51.21200002382725" lon="5.144134955812872">
    <ele>27.28</ele>
   </trkpt>
   <trkpt lat="51.21243001786594" lon="5.145317466846633">
    <ele>27.23</ele>
   </trkpt>
   <trkpt lat="51.212860000000006" lon="5.1465000000000005">
    <ele>27.26</ele>
   </trkpt>
   <trkpt lat="51.213010000000004" lon="5.1469700000000005">
    <ele>27.26</ele>
   </trkpt>
   <trkpt lat="51.21325" lon="5.14789">
    <ele>27.26</ele>
   </trkpt>
   <trkpt lat="51.21354668071915" lon="5.149173316869583">
    <ele>27.4</ele>
   </trkpt>
   <trkpt lat="51.213843347402914" lon="5.150456650276526">
    <ele>27.55</ele>
   </trkpt>
   <trkpt lat="51.21414000000001" lon="5.15174">
    <ele>27.62</ele>
   </trkpt>
   <trkpt lat="51.214270000000006" lon="5.15218">
    <ele>27.680000000000003</ele>
   </trkpt>
   <trkpt lat="51.2145" lon="5.152830000000001">
    <ele>27.6</ele>
   </trkpt>
   <trkpt lat="51.21490667590867" lon="5.153873314814054">
    <ele>27.720000000000002</ele>
   </trkpt>
   <trkpt lat="51.21531334254082" lon="5.154916648058485">
    <ele>27.970000000000002</ele>
   </trkpt>
   <trkpt lat="51.215720000000005" lon="5.15596">
    <ele>28.080000000000002</ele>
   </trkpt>
   <trkpt lat="51.21614" lon="5.156960000000001">
    <ele>28.240000000000002</ele>
   </trkpt>
   <trkpt lat="51.21632" lon="5.15732">
    <ele>27.98</ele>
   </trkpt>
   <trkpt lat="51.21675333834169" lon="5.15808998542642">
    <ele>28.59</ele>
   </trkpt>
   <trkpt lat="51.21718667163079" lon="5.158859985347612">
    <ele>30.38</ele>
   </trkpt>
   <trkpt lat="51.217620000000004" lon="5.159630000000001">
    <ele>33.230000000000004</ele>
   </trkpt>
   <trkpt lat="51.217800000000004" lon="5.16007">
    <ele>33.9</ele>
   </trkpt>
   <trkpt lat="51.217850000000006" lon="5.16005">
    <ele>33.9</ele>
   </trkpt>
   <trkpt lat="51.21791" lon="5.16005">
    <ele>32.040000000000006</ele>
   </trkpt>
   <trkpt lat="51.21828500065615" lon="5.160449996714422">
    <ele>30.17</ele>
   </trkpt>
   <trkpt lat="51.21866000000001" lon="5.160850000000001">
    <ele>29.43</ele>
   </trkpt>
   <trkpt lat="51.218790000000006" lon="5.160970000000001">
    <ele>29.48</ele>
   </trkpt>
   <trkpt lat="51.21889" lon="5.161020000000001">
    <ele>29.48</ele>
   </trkpt>
   <trkpt lat="51.21914" lon="5.1611">
    <ele>29.740000000000002</ele>
   </trkpt>
   <trkpt lat="51.21978000021406" lon="5.161239996117537">
    <ele>29.450000000000003</ele>
   </trkpt>
   <trkpt lat="51.22042000026108" lon="5.161379996127758">
    <ele>29.370000000000005</ele>
   </trkpt>
   <trkpt lat="51.22106" lon="5.16152">
    <ele>29.450000000000003</ele>
   </trkpt>
   <trkpt lat="51.22131" lon="5.16155">
    <ele>29.35</ele>
   </trkpt>
   <trkpt lat="51.221830000000004" lon="5.16169">
    <ele>29.43</ele>
   </trkpt>
   <trkpt lat="51.222443333490766" lon="5.161826663024205">
    <ele>29.470000000000002</ele>
   </trkpt>
   <trkpt lat="51.22305666682237" lon="5.161963329690427">
    <ele>29.48</ele>
   </trkpt>
   <trkpt lat="51.223670000000006" lon="5.162100000000001">
    <ele>29.44</ele>
   </trkpt>
   <trkpt lat="51.22450300130559" lon="5.162283970030073">
    <ele>29.35</ele>
   </trkpt>
   <trkpt lat="51.225336002322734" lon="5.16246794671933">
    <ele>29.330000000000002</ele>
   </trkpt>
   <trkpt lat="51.22616900305148" lon="5.16265193006821">
    <ele>29.27</ele>
   </trkpt>
   <trkpt lat="51.22700200349173" lon="5.162835920077148">
    <ele>29.32</ele>
   </trkpt>
   <trkpt lat="51.227835003643534" lon="5.163019916746583">
    <ele>29.370000000000005</ele>
   </trkpt>
   <trkpt lat="51.22866800350683" lon="5.163203920076951">
    <ele>29.42</ele>
   </trkpt>
   <trkpt lat="51.229501003081616" lon="5.163387930068688">
    <ele>29.52</ele>
   </trkpt>
   <trkpt lat="51.23033400236786" lon="5.163571946722236">
    <ele>29.560000000000002</ele>
   </trkpt>
   <trkpt lat="51.231167001365556" lon="5.163755970038027">
    <ele>29.67</ele>
   </trkpt>
   <trkpt lat="51.232000000000006" lon="5.16394">
    <ele>29.820000000000004</ele>
   </trkpt>
   <trkpt lat="51.232260000000004" lon="5.163900000000001">
    <ele>29.710000000000004</ele>
   </trkpt>
   <trkpt lat="51.23256000000001" lon="5.1637">
    <ele>29.540000000000003</ele>
   </trkpt>
   <trkpt lat="51.23301000000001" lon="5.16312">
    <ele>29.580000000000002</ele>
   </trkpt>
   <trkpt lat="51.23324" lon="5.1629000000000005">
    <ele>29.710000000000004</ele>
   </trkpt>
   <trkpt lat="51.233720000000005" lon="5.16267">
    <ele>29.75</ele>
   </trkpt>
   <trkpt lat="51.234190000000005" lon="5.16248">
    <ele>29.87</ele>
   </trkpt>
   <trkpt lat="51.23453000000001" lon="5.16349">
    <ele>31.560000000000006</ele>
   </trkpt>
   <trkpt lat="51.23462000000001" lon="5.16366">
    <ele>32.78</ele>
   </trkpt>
   <trkpt lat="51.23467" lon="5.16371">
    <ele>32.78</ele>
   </trkpt>
   <trkpt lat="51.23474" lon="5.163740000000001">
    <ele>33.410000000000004</ele>
   </trkpt>
   <trkpt lat="51.23500000000001" lon="5.163740000000001">
    <ele>34.07</ele>
   </trkpt>
   <trkpt lat="51.23503" lon="5.163760000000001">
    <ele>34.07</ele>
   </trkpt>
   <trkpt lat="51.23505" lon="5.16385">
    <ele>34.35</ele>
   </trkpt>
   <trkpt lat="51.23518000000001" lon="5.16481">
    <ele>33.95</ele>
   </trkpt>
   <trkpt lat="51.23518000000001" lon="5.16499">
    <ele>33.95</ele>
   </trkpt>
   <trkpt lat="51.2351" lon="5.165290000000001">
    <ele>33.06</ele>
   </trkpt>
   <trkpt lat="51.23509000000001" lon="5.165430000000001">
    <ele>32.440000000000005</ele>
   </trkpt>
   <trkpt lat="51.23512" lon="5.16556">
    <ele>32.440000000000005</ele>
   </trkpt>
   <trkpt lat="51.235290000000006" lon="5.16575">
    <ele>31.01</ele>
   </trkpt>
   <trkpt lat="51.23487" lon="5.16607">
    <ele>30.09</ele>
   </trkpt>
   <trkpt lat="51.2349" lon="5.16633">
    <ele>29.94</ele>
   </trkpt>
   <trkpt lat="51.235131744448545" lon="5.167618261965412">
    <ele>29.86</ele>
   </trkpt>
   <trkpt lat="51.235363474755744" lon="5.168906536908233">
    <ele>29.990000000000002</ele>
   </trkpt>
   <trkpt lat="51.23559519092127" lon="5.1701948248279095">
    <ele>30.070000000000004</ele>
   </trkpt>
   <trkpt lat="51.235826892944935" lon="5.1714831257238885">
    <ele>29.960000000000004</ele>
   </trkpt>
   <trkpt lat="51.23605858082646" lon="5.172771439595615">
    <ele>29.990000000000002</ele>
   </trkpt>
   <trkpt lat="51.23629025456555" lon="5.174059766442536">
    <ele>30.03</ele>
   </trkpt>
   <trkpt lat="51.236521914161976" lon="5.175348106264098">
    <ele>30.01</ele>
   </trkpt>
   <trkpt lat="51.23675355961549" lon="5.176636459059746">
    <ele>29.970000000000002</ele>
   </trkpt>
   <trkpt lat="51.236985190925786" lon="5.177924824828925">
    <ele>30.12</ele>
   </trkpt>
   <trkpt lat="51.237216808092654" lon="5.179213203571085">
    <ele>30.130000000000003</ele>
   </trkpt>
   <trkpt lat="51.23744841111581" lon="5.180501595285667">
    <ele>30.09</ele>
   </trkpt>
   <trkpt lat="51.237680000000005" lon="5.18179">
    <ele>30.150000000000002</ele>
   </trkpt>
   <trkpt lat="51.237840000000006" lon="5.1827000000000005">
    <ele>29.890000000000004</ele>
   </trkpt>
   <trkpt lat="51.23814500222257" lon="5.183424995153582">
    <ele>29.990000000000002</ele>
   </trkpt>
   <trkpt lat="51.23845000000001" lon="5.184150000000001">
    <ele>31.3</ele>
   </trkpt>
   <trkpt lat="51.238490000000006" lon="5.18428">
    <ele>31.3</ele>
   </trkpt>
   <trkpt lat="51.23868" lon="5.185320000000001">
    <ele>31.68</ele>
   </trkpt>
   <trkpt lat="51.23877" lon="5.18609">
    <ele>32.82</ele>
   </trkpt>
   <trkpt lat="51.23894000000001" lon="5.186450000000001">
    <ele>34.2</ele>
   </trkpt>
   <trkpt lat="51.23917" lon="5.1863600000000005">
    <ele>33.910000000000004</ele>
   </trkpt>
   <trkpt lat="51.23995428577115" lon="5.186408566459636">
    <ele>33.440000000000005</ele>
   </trkpt>
   <trkpt lat="51.240738571522186" lon="5.18645713457534">
    <ele>33.330000000000005</ele>
   </trkpt>
   <trkpt lat="51.24152285725313" lon="5.1865057043472165">
    <ele>33.46</ele>
   </trkpt>
   <trkpt lat="51.24230714296397" lon="5.186554275775369">
    <ele>33.550000000000004</ele>
   </trkpt>
   <trkpt lat="51.243091428654715" lon="5.186602848859899">
    <ele>33.480000000000004</ele>
   </trkpt>
   <trkpt lat="51.24387571432536" lon="5.186651423600911">
    <ele>33.61</ele>
   </trkpt>
   <trkpt lat="51.24466" lon="5.1867">
    <ele>33.65</ele>
   </trkpt>
   <trkpt lat="51.24542833370332" lon="5.186831655668705">
    <ele>33.400000000000006</ele>
   </trkpt>
   <trkpt lat="51.24619666725896" lon="5.186963315736291">
    <ele>33.370000000000005</ele>
   </trkpt>
   <trkpt lat="51.24696500066691" lon="5.187094980203022">
    <ele>33.63</ele>
   </trkpt>
   <trkpt lat="51.24773333392714" lon="5.187226649069167">
    <ele>33.300000000000004</ele>
   </trkpt>
   <trkpt lat="51.24850166703967" lon="5.187358322334992">
    <ele>33.230000000000004</ele>
   </trkpt>
   <trkpt lat="51.24927" lon="5.18749">
    <ele>33.88</ele>
   </trkpt>
   <trkpt lat="51.24917068765078" lon="5.188840605184764">
    <ele>33.010000000000005</ele>
   </trkpt>
   <trkpt lat="51.2490713597603" lon="5.190191204535504">
    <ele>33.49</ele>
   </trkpt>
   <trkpt lat="51.24897201632866" lon="5.191541798051353">
    <ele>33.93</ele>
   </trkpt>
   <trkpt lat="51.24887265735599" lon="5.192892385731443">
    <ele>34.050000000000004</ele>
   </trkpt>
   <trkpt lat="51.24877328284242" lon="5.194242967574909">
    <ele>34.410000000000004</ele>
   </trkpt>
   <trkpt lat="51.248673892788055" lon="5.195593543580881">
    <ele>34.9</ele>
   </trkpt>
   <trkpt lat="51.248574487193025" lon="5.196944113748496">
    <ele>35.31</ele>
   </trkpt>
   <trkpt lat="51.24847506605746" lon="5.198294678076883">
    <ele>35.68</ele>
   </trkpt>
   <trkpt lat="51.24837562938148" lon="5.199645236565179">
    <ele>35.84</ele>
   </trkpt>
   <trkpt lat="51.24827617716521" lon="5.2009957892125165">
    <ele>36.120000000000005</ele>
   </trkpt>
   <trkpt lat="51.24817670940876" lon="5.202346336018028">
    <ele>36.37</ele>
   </trkpt>
   <trkpt lat="51.248077226112265" lon="5.203696876980846">
    <ele>36.93000000000001</ele>
   </trkpt>
   <trkpt lat="51.24797772727583" lon="5.205047412100105">
    <ele>37.49</ele>
   </trkpt>
   <trkpt lat="51.2478782128996" lon="5.206397941374939">
    <ele>37.69</ele>
   </trkpt>
   <trkpt lat="51.24777868298368" lon="5.20774846480448">
    <ele>38.1</ele>
   </trkpt>
   <trkpt lat="51.2476791375282" lon="5.209098982387861">
    <ele>38.34</ele>
   </trkpt>
   <trkpt lat="51.24757957653331" lon="5.210449494124216">
    <ele>38.92</ele>
   </trkpt>
   <trkpt lat="51.24748" lon="5.2118">
    <ele>39.290000000000006</ele>
   </trkpt>
   <trkpt lat="51.24739751518749" lon="5.2128900058183705">
    <ele>39.550000000000004</ele>
   </trkpt>
   <trkpt lat="51.24731502025234" lon="5.21398000772649">
    <ele>40.06</ele>
   </trkpt>
   <trkpt lat="51.24723251519462" lon="5.215070005723903">
    <ele>40.64</ele>
   </trkpt>
   <trkpt lat="51.247150000000005" lon="5.21616">
    <ele>41.760000000000005</ele>
   </trkpt>
   <trkpt lat="51.247170000000004" lon="5.21626">
    <ele>41.760000000000005</ele>
   </trkpt>
   <trkpt lat="51.247170000000004" lon="5.21628">
    <ele>41.760000000000005</ele>
   </trkpt>
   <trkpt lat="51.24728" lon="5.21642">
    <ele>41.84</ele>
   </trkpt>
   <trkpt lat="51.2473" lon="5.216480000000001">
    <ele>41.84</ele>
   </trkpt>
   <trkpt lat="51.24788601324316" lon="5.217361955025896">
    <ele>40.980000000000004</ele>
   </trkpt>
   <trkpt lat="51.24847201985896" lon="5.218243932528905">
    <ele>41.02</ele>
   </trkpt>
   <trkpt lat="51.249058019847126" lon="5.219125932509816">
    <ele>41.14</ele>
   </trkpt>
   <trkpt lat="51.249644013207316" lon="5.220007954969418">
    <ele>41.400000000000006</ele>
   </trkpt>
   <trkpt lat="51.25023" lon="5.220890000000001">
    <ele>41.93</ele>
   </trkpt>
   <trkpt lat="51.25084752544848" lon="5.221813663171195">
    <ele>42.160000000000004</ele>
   </trkpt>
   <trkpt lat="51.25146504362814" lon="5.222737351150938">
    <ele>42.45</ele>
   </trkpt>
   <trkpt lat="51.25208255453857" lon="5.223661063940149">
    <ele>41.92</ele>
   </trkpt>
   <trkpt lat="51.25270005817947" lon="5.224584801539752">
    <ele>42.31</ele>
   </trkpt>
   <trkpt lat="51.25331755455046" lon="5.225508563950667">
    <ele>42.59</ele>
   </trkpt>
   <trkpt lat="51.253935043651204" lon="5.226432351173819">
    <ele>42.7</ele>
   </trkpt>
   <trkpt lat="51.25455252548131" lon="5.227356163210127">
    <ele>42.81</ele>
   </trkpt>
   <trkpt lat="51.25517000000001" lon="5.228280000000001">
    <ele>42.86</ele>
   </trkpt>
   <trkpt lat="51.255798033439085" lon="5.229213885170645">
    <ele>43.050000000000004</ele>
   </trkpt>
   <trkpt lat="51.256426059447826" lon="5.230147795855729">
    <ele>43.47</ele>
   </trkpt>
   <trkpt lat="51.25705407802588" lon="5.231081732056222">
    <ele>43.52</ele>
   </trkpt>
   <trkpt lat="51.25768208917286" lon="5.232015693773092">
    <ele>43.21000000000001</ele>
   </trkpt>
   <trkpt lat="51.25831009288839" lon="5.232949681007308">
    <ele>42.92000000000001</ele>
   </trkpt>
   <trkpt lat="51.2589380891721" lon="5.233883693759836">
    <ele>43.08</ele>
   </trkpt>
   <trkpt lat="51.25956607802366" lon="5.234817732031646">
    <ele>43.10000000000001</ele>
   </trkpt>
   <trkpt lat="51.26019405944265" lon="5.235751795823706">
    <ele>42.9</ele>
   </trkpt>
   <trkpt lat="51.26082203342872" lon="5.236685885136983">
    <ele>42.9</ele>
   </trkpt>
   <trkpt lat="51.26145" lon="5.237620000000001">
    <ele>43.550000000000004</ele>
   </trkpt>
   <trkpt lat="51.26149" lon="5.237590000000001">
    <ele>43.550000000000004</ele>
   </trkpt>
   <trkpt lat="51.26182000139747" lon="5.237025003991727">
    <ele>43.28000000000001</ele>
   </trkpt>
   <trkpt lat="51.262150000000005" lon="5.23646">
    <ele>43.260000000000005</ele>
   </trkpt>
   <trkpt lat="51.26275401841712" lon="5.235420054684637">
    <ele>42.68</ele>
   </trkpt>
   <trkpt lat="51.263358027620875" lon="5.234380082036887">
    <ele>42.49000000000001</ele>
   </trkpt>
   <trkpt lat="51.263962027610816" lon="5.233340082055862">
    <ele>42.5</ele>
   </trkpt>
   <trkpt lat="51.26456601838651" lon="5.232300054740666">
    <ele>42.370000000000005</ele>
   </trkpt>
   <trkpt lat="51.265170000000005" lon="5.231260000000001">
    <ele>42.86</ele>
   </trkpt>
   <trkpt lat="51.265670001236494" lon="5.231784994354011">
    <ele>40.92</ele>
   </trkpt>
   <trkpt lat="51.26617" lon="5.23231">
    <ele>40.56</ele>
   </trkpt>
   <trkpt lat="51.266690000000004" lon="5.23301">
    <ele>40.79</ele>
   </trkpt>
   <trkpt lat="51.267220002428104" lon="5.2337649912931035">
    <ele>40.970000000000006</ele>
   </trkpt>
   <trkpt lat="51.26775000000001" lon="5.234520000000001">
    <ele>41.230000000000004</ele>
   </trkpt>
   <trkpt lat="51.26827000318595" lon="5.235374990444126">
    <ele>41.470000000000006</ele>
   </trkpt>
   <trkpt lat="51.26879" lon="5.236230000000001">
    <ele>41.96</ele>
   </trkpt>
   <trkpt lat="51.26937" lon="5.23725">
    <ele>42.2</ele>
   </trkpt>
   <trkpt lat="51.26990000000001" lon="5.238060000000001">
    <ele>42.34</ele>
   </trkpt>
   <trkpt lat="51.270590000000006" lon="5.23887">
    <ele>42.29</ele>
   </trkpt>
   <trkpt lat="51.27115750441787" lon="5.239457478240235">
    <ele>42.32</ele>
   </trkpt>
   <trkpt lat="51.2717250058957" lon="5.2400449709919">
    <ele>42.38</ele>
   </trkpt>
   <trkpt lat="51.27229250443338" lon="5.240632478255573">
    <ele>42.53</ele>
   </trkpt>
   <trkpt lat="51.27286" lon="5.24122">
    <ele>42.760000000000005</ele>
   </trkpt>
   <trkpt lat="51.27329" lon="5.24176">
    <ele>42.830000000000005</ele>
   </trkpt>
   <trkpt lat="51.27387" lon="5.24256">
    <ele>42.910000000000004</ele>
   </trkpt>
   <trkpt lat="51.274420000000006" lon="5.24345">
    <ele>42.56</ele>
   </trkpt>
   <trkpt lat="51.274930006681494" lon="5.2443333137830095">
    <ele>42.52</ele>
   </trkpt>
   <trkpt lat="51.275440006716636" lon="5.2452166471768695">
    <ele>42.4</ele>
   </trkpt>
   <trkpt lat="51.27595" lon="5.2461">
    <ele>42.28</ele>
   </trkpt>
   <trkpt lat="51.27640000181298" lon="5.246724994085445">
    <ele>42.53</ele>
   </trkpt>
   <trkpt lat="51.27685" lon="5.247350000000001">
    <ele>42.29</ele>
   </trkpt>
   <trkpt lat="51.27740000000001" lon="5.24802">
    <ele>42.160000000000004</ele>
   </trkpt>
   <trkpt lat="51.27796000163036" lon="5.248629992613681">
    <ele>42.0</ele>
   </trkpt>
   <trkpt lat="51.27852000000001" lon="5.24924">
    <ele>42.47</ele>
   </trkpt>
   <trkpt lat="51.27906000538361" lon="5.248120013080407">
    <ele>41.78</ele>
   </trkpt>
   <trkpt lat="51.2796" lon="5.247000000000001">
    <ele>41.74</ele>
   </trkpt>
   <trkpt lat="51.28005500280367" lon="5.24619500789624">
    <ele>41.620000000000005</ele>
   </trkpt>
   <trkpt lat="51.28051000000001" lon="5.24539">
    <ele>41.32</ele>
   </trkpt>
   <trkpt lat="51.28082000103909" lon="5.244870003698101">
    <ele>40.93</ele>
   </trkpt>
   <trkpt lat="51.281130000000005" lon="5.244350000000001">
    <ele>40.68</ele>
   </trkpt>
   <trkpt lat="51.28161333972951" lon="5.243483351575344">
    <ele>40.68</ele>
   </trkpt>
   <trkpt lat="51.28209667306141" lon="5.2426166849115425">
    <ele>40.78</ele>
   </trkpt>
   <trkpt lat="51.28258" lon="5.241750000000001">
    <ele>40.870000000000005</ele>
   </trkpt>
   <trkpt lat="51.28293000000001" lon="5.241160000000001">
    <ele>40.81</ele>
   </trkpt>
   <trkpt lat="51.283300000000004" lon="5.240620000000001">
    <ele>40.86</ele>
   </trkpt>
   <trkpt lat="51.28389000000001" lon="5.23991">
    <ele>40.89</ele>
   </trkpt>
   <trkpt lat="51.284110000000005" lon="5.239680000000001">
    <ele>40.910000000000004</ele>
   </trkpt>
   <trkpt lat="51.284760000000006" lon="5.239120000000001">
    <ele>41.050000000000004</ele>
   </trkpt>
   <trkpt lat="51.285030000000006" lon="5.238930000000001">
    <ele>41.07</ele>
   </trkpt>
   <trkpt lat="51.28582" lon="5.238580000000001">
    <ele>40.46</ele>
   </trkpt>
   <trkpt lat="51.286010000000005" lon="5.23852">
    <ele>40.330000000000005</ele>
   </trkpt>
   <trkpt lat="51.286210000000004" lon="5.23848">
    <ele>40.2</ele>
   </trkpt>
   <trkpt lat="51.287020000000005" lon="5.23836">
    <ele>39.49</ele>
   </trkpt>
   <trkpt lat="51.287871666713876" lon="5.238308338124977">
    <ele>39.040000000000006</ele>
   </trkpt>
   <trkpt lat="51.28872333340501" lon="5.238256674333703">
    <ele>38.720000000000006</ele>
   </trkpt>
   <trkpt lat="51.28957500007343" lon="5.238205008626049">
    <ele>38.41</ele>
   </trkpt>
   <trkpt lat="51.29042666671908" lon="5.238153341001884">
    <ele>38.42</ele>
   </trkpt>
   <trkpt lat="51.291278333342" lon="5.238101671461081">
    <ele>38.8</ele>
   </trkpt>
   <trkpt lat="51.29213000000001" lon="5.23805">
    <ele>40.0</ele>
   </trkpt>
   <trkpt lat="51.29222000000001" lon="5.238060000000001">
    <ele>40.0</ele>
   </trkpt>
   <trkpt lat="51.29223" lon="5.238060000000001">
    <ele>40.010000000000005</ele>
   </trkpt>
   <trkpt lat="51.292265407358144" lon="5.239431559961952">
    <ele>38.41</ele>
   </trkpt>
   <trkpt lat="51.29230079869429" lon="5.240803122038772">
    <ele>37.63</ele>
   </trkpt>
   <trkpt lat="51.29233617400839" lon="5.242174686229508">
    <ele>37.3</ele>
   </trkpt>
   <trkpt lat="51.29237153330041" lon="5.243546252533211">
    <ele>36.99</ele>
   </trkpt>
   <trkpt lat="51.292406876570304" lon="5.244917820948925">
    <ele>37.03</ele>
   </trkpt>
   <trkpt lat="51.29244220381803" lon="5.246289391475702">
    <ele>36.95</ele>
   </trkpt>
   <trkpt lat="51.292477515043515" lon="5.24766096411259">
    <ele>37.13</ele>
   </trkpt>
   <trkpt lat="51.29251281024674" lon="5.249032538858639">
    <ele>37.75000000000001</ele>
   </trkpt>
   <trkpt lat="51.29254808942766" lon="5.250404115712896">
    <ele>38.81</ele>
   </trkpt>
   <trkpt lat="51.29258335258622" lon="5.25177569467441">
    <ele>39.330000000000005</ele>
   </trkpt>
   <trkpt lat="51.29261859972239" lon="5.253147275742229">
    <ele>39.510000000000005</ele>
   </trkpt>
   <trkpt lat="51.2926538308361" lon="5.254518858915403">
    <ele>40.150000000000006</ele>
   </trkpt>
   <trkpt lat="51.29268904592735" lon="5.255890444192981">
    <ele>40.510000000000005</ele>
   </trkpt>
   <trkpt lat="51.29272424499604" lon="5.25726203157401">
    <ele>40.550000000000004</ele>
   </trkpt>
   <trkpt lat="51.292759428042146" lon="5.258633621057539">
    <ele>40.52</ele>
   </trkpt>
   <trkpt lat="51.29279459506565" lon="5.260005212642617">
    <ele>40.68</ele>
   </trkpt>
   <trkpt lat="51.292829746066474" lon="5.261376806328292">
    <ele>40.43</ele>
   </trkpt>
   <trkpt lat="51.2928648810446" lon="5.262748402113615">
    <ele>40.52</ele>
   </trkpt>
   <trkpt lat="51.2929" lon="5.26412">
    <ele>40.730000000000004</ele>
   </trkpt>
   <trkpt lat="51.29292" lon="5.26538">
    <ele>40.800000000000004</ele>
   </trkpt>
   <trkpt lat="51.29294" lon="5.2662700000000005">
    <ele>40.650000000000006</ele>
   </trkpt>
   <trkpt lat="51.292970000000004" lon="5.2665500000000005">
    <ele>40.580000000000005</ele>
   </trkpt>
   <trkpt lat="51.29301" lon="5.26675">
    <ele>40.580000000000005</ele>
   </trkpt>
   <trkpt lat="51.29339334243993" lon="5.267783316112182">
    <ele>40.39</ele>
   </trkpt>
   <trkpt lat="51.293776675785836" lon="5.268816649479125">
    <ele>40.39</ele>
   </trkpt>
   <trkpt lat="51.294160000000005" lon="5.269850000000001">
    <ele>40.28</ele>
   </trkpt>
   <trkpt lat="51.29458" lon="5.27094">
    <ele>40.330000000000005</ele>
   </trkpt>
   <trkpt lat="51.29513801899399" lon="5.271995948659884">
    <ele>40.32</ele>
   </trkpt>
   <trkpt lat="51.295696028491264" lon="5.273051922988876">
    <ele>40.290000000000006</ele>
   </trkpt>
   <trkpt lat="51.29625402849142" lon="5.274107922987677">
    <ele>40.260000000000005</ele>
   </trkpt>
   <trkpt lat="51.29681201899402" lon="5.275163948656983">
    <ele>40.21</ele>
   </trkpt>
   <trkpt lat="51.29737" lon="5.27622">
    <ele>40.260000000000005</ele>
   </trkpt>
   <trkpt lat="51.29796144842035" lon="5.27710136043432">
    <ele>40.14</ele>
   </trkpt>
   <trkpt lat="51.298552890224826" lon="5.277982743579567">
    <ele>39.910000000000004</ele>
   </trkpt>
   <trkpt lat="51.29914432541316" lon="5.2788641494365525">
    <ele>39.67</ele>
   </trkpt>
   <trkpt lat="51.29973575398504" lon="5.2797455780060885">
    <ele>39.81</ele>
   </trkpt>
   <trkpt lat="51.30032717594013" lon="5.280627029288987">
    <ele>39.41</ele>
   </trkpt>
   <trkpt lat="51.300918591278126" lon="5.2815085032860605">
    <ele>39.24</ele>
   </trkpt>
   <trkpt lat="51.30151000000001" lon="5.28239">
    <ele>39.17</ele>
   </trkpt>
   <trkpt lat="51.30185" lon="5.282970000000001">
    <ele>39.150000000000006</ele>
   </trkpt>
   <trkpt lat="51.30205" lon="5.28343">
    <ele>38.98</ele>
   </trkpt>
   <trkpt lat="51.302310002089875" lon="5.284134995934468">
    <ele>39.03</ele>
   </trkpt>
   <trkpt lat="51.30257" lon="5.284840000000001">
    <ele>38.970000000000006</ele>
   </trkpt>
   <trkpt lat="51.30281" lon="5.285380000000001">
    <ele>38.86000000000001</ele>
   </trkpt>
   <trkpt lat="51.30308" lon="5.285900000000001">
    <ele>38.650000000000006</ele>
   </trkpt>
   <trkpt lat="51.30351667159185" lon="5.286659985549353">
    <ele>38.19</ele>
   </trkpt>
   <trkpt lat="51.30395333826479" lon="5.287419985560077">
    <ele>38.1</ele>
   </trkpt>
   <trkpt lat="51.304390000000005" lon="5.2881800000000005">
    <ele>38.24</ele>
   </trkpt>
   <trkpt lat="51.30462000000001" lon="5.28842">
    <ele>38.24</ele>
   </trkpt>
   <trkpt lat="51.30500000000001" lon="5.288620000000001">
    <ele>38.27</ele>
   </trkpt>
   <trkpt lat="51.30545500029028" lon="5.288839997859576">
    <ele>37.86000000000001</ele>
   </trkpt>
   <trkpt lat="51.305910000000004" lon="5.28906">
    <ele>37.75000000000001</ele>
   </trkpt>
   <trkpt lat="51.30608" lon="5.289210000000001">
    <ele>37.75000000000001</ele>
   </trkpt>
   <trkpt lat="51.306180000000005" lon="5.28936">
    <ele>37.75000000000001</ele>
   </trkpt>
   <trkpt lat="51.3065200061763" lon="5.2902099874638155">
    <ele>37.39</ele>
   </trkpt>
   <trkpt lat="51.30686000619982" lon="5.291059987522476">
    <ele>37.11000000000001</ele>
   </trkpt>
   <trkpt lat="51.3072" lon="5.291910000000001">
    <ele>37.03</ele>
   </trkpt>
   <trkpt lat="51.3074700017965" lon="5.292544996451071">
    <ele>36.37</ele>
   </trkpt>
   <trkpt lat="51.30774" lon="5.29318">
    <ele>36.34</ele>
   </trkpt>
   <trkpt lat="51.307970000000005" lon="5.29354">
    <ele>36.64000000000001</ele>
   </trkpt>
   <trkpt lat="51.308020000000006" lon="5.29366">
    <ele>36.64000000000001</ele>
   </trkpt>
   <trkpt lat="51.308020000000006" lon="5.2936700000000005">
    <ele>36.64000000000001</ele>
   </trkpt>
   <trkpt lat="51.307930000000006" lon="5.2939300000000005">
    <ele>36.58</ele>
   </trkpt>
   <trkpt lat="51.307550000000006" lon="5.29511">
    <ele>36.64000000000001</ele>
   </trkpt>
   <trkpt lat="51.30730500193635" lon="5.29579500382935">
    <ele>36.57000000000001</ele>
   </trkpt>
   <trkpt lat="51.30706000000001" lon="5.296480000000001">
    <ele>36.57000000000001</ele>
   </trkpt>
   <trkpt lat="51.30669" lon="5.2972600000000005">
    <ele>36.51</ele>
   </trkpt>
   <trkpt lat="51.30626" lon="5.29809">
    <ele>36.51</ele>
   </trkpt>
   <trkpt lat="51.30613" lon="5.298290000000001">
    <ele>36.53</ele>
   </trkpt>
   <trkpt lat="51.30595" lon="5.29844">
    <ele>36.7</ele>
   </trkpt>
   <trkpt lat="51.305690000000006" lon="5.298590000000001">
    <ele>36.74</ele>
   </trkpt>
   <trkpt lat="51.30507999984946" lon="5.298519999049931">
    <ele>36.78</ele>
   </trkpt>
   <trkpt lat="51.30447" lon="5.298450000000001">
    <ele>36.77</ele>
   </trkpt>
   <trkpt lat="51.304210000000005" lon="5.29846">
    <ele>36.93000000000001</ele>
   </trkpt>
   <trkpt lat="51.30373" lon="5.298640000000001">
    <ele>37.15</ele>
   </trkpt>
   <trkpt lat="51.3036" lon="5.29861">
    <ele>37.09</ele>
   </trkpt>
   <trkpt lat="51.30351" lon="5.29861">
    <ele>37.09</ele>
   </trkpt>
   <trkpt lat="51.30277" lon="5.298900000000001">
    <ele>37.19</ele>
   </trkpt>
   <trkpt lat="51.302510000000005" lon="5.29891">
    <ele>37.36000000000001</ele>
   </trkpt>
   <trkpt lat="51.302400000000006" lon="5.298940000000001">
    <ele>37.56</ele>
   </trkpt>
   <trkpt lat="51.302350000000004" lon="5.298970000000001">
    <ele>37.56</ele>
   </trkpt>
   <trkpt lat="51.30218000000001" lon="5.29915">
    <ele>37.7</ele>
   </trkpt>
   <trkpt lat="51.30205" lon="5.299250000000001">
    <ele>37.75000000000001</ele>
   </trkpt>
   <trkpt lat="51.30141500155786" lon="5.299845008184263">
    <ele>38.31</ele>
   </trkpt>
   <trkpt lat="51.30078" lon="5.30044">
    <ele>38.46</ele>
   </trkpt>
   <trkpt lat="51.30031" lon="5.3007800000000005">
    <ele>38.50000000000001</ele>
   </trkpt>
   <trkpt lat="51.29966333480924" lon="5.301193344965726">
    <ele>38.68000000000001</ele>
   </trkpt>
   <trkpt lat="51.29901666816344" lon="5.301606678285521">
    <ele>38.73</ele>
   </trkpt>
   <trkpt lat="51.298370000000006" lon="5.302020000000001">
    <ele>38.93000000000001</ele>
   </trkpt>
   <trkpt lat="51.29816" lon="5.30212">
    <ele>38.940000000000005</ele>
   </trkpt>
   <trkpt lat="51.297560000000004" lon="5.30227">
    <ele>38.95</ele>
   </trkpt>
   <trkpt lat="51.297360000000005" lon="5.30236">
    <ele>38.95</ele>
   </trkpt>
   <trkpt lat="51.29724" lon="5.3024700000000005">
    <ele>39.040000000000006</ele>
   </trkpt>
   <trkpt lat="51.297140000000006" lon="5.3026100000000005">
    <ele>39.02</ele>
   </trkpt>
   <trkpt lat="51.297070000000005" lon="5.302770000000001">
    <ele>38.92</ele>
   </trkpt>
   <trkpt lat="51.297000000000004" lon="5.30299">
    <ele>38.89</ele>
   </trkpt>
   <trkpt lat="51.296785003935355" lon="5.303955004654555">
    <ele>38.53</ele>
   </trkpt>
   <trkpt lat="51.29657" lon="5.30492">
    <ele>38.45</ele>
   </trkpt>
   <trkpt lat="51.296580000000006" lon="5.305160000000001">
    <ele>38.31</ele>
   </trkpt>
   <trkpt lat="51.296440000000004" lon="5.305840000000001">
    <ele>38.34</ele>
   </trkpt>
   <trkpt lat="51.296260004756945" lon="5.306900004319568">
    <ele>38.19</ele>
   </trkpt>
   <trkpt lat="51.29608" lon="5.3079600000000005">
    <ele>38.18000000000001</ele>
   </trkpt>
   <trkpt lat="51.295930000000006" lon="5.308940000000001">
    <ele>38.24</ele>
   </trkpt>
   <trkpt lat="51.29587" lon="5.309170000000001">
    <ele>38.24</ele>
   </trkpt>
   <trkpt lat="51.295770000000005" lon="5.30945">
    <ele>38.01</ele>
   </trkpt>
   <trkpt lat="51.29538" lon="5.31017">
    <ele>37.720000000000006</ele>
   </trkpt>
   <trkpt lat="51.295320000000004" lon="5.31034">
    <ele>37.720000000000006</ele>
   </trkpt>
   <trkpt lat="51.295260000000006" lon="5.31064">
    <ele>37.62</ele>
   </trkpt>
   <trkpt lat="51.29522000000001" lon="5.31111">
    <ele>37.58</ele>
   </trkpt>
   <trkpt lat="51.29516" lon="5.311330000000001">
    <ele>37.42</ele>
   </trkpt>
   <trkpt lat="51.29507" lon="5.311540000000001">
    <ele>37.42</ele>
   </trkpt>
   <trkpt lat="51.29459500369349" lon="5.31246500947291">
    <ele>37.290000000000006</ele>
   </trkpt>
   <trkpt lat="51.29412000000001" lon="5.31339">
    <ele>37.05</ele>
   </trkpt>
   <trkpt lat="51.294050000000006" lon="5.3136">
    <ele>37.11000000000001</ele>
   </trkpt>
   <trkpt lat="51.29402" lon="5.3138000000000005">
    <ele>37.11000000000001</ele>
   </trkpt>
   <trkpt lat="51.29384" lon="5.31385">
    <ele>37.040000000000006</ele>
   </trkpt>
   <trkpt lat="51.293400000000005" lon="5.3143">
    <ele>36.81</ele>
   </trkpt>
   <trkpt lat="51.292725001748536" lon="5.314945009504365">
    <ele>37.040000000000006</ele>
   </trkpt>
   <trkpt lat="51.29205" lon="5.31559">
    <ele>37.09</ele>
   </trkpt>
   <trkpt lat="51.291850000000004" lon="5.31583">
    <ele>37.09</ele>
   </trkpt>
   <trkpt lat="51.29146" lon="5.316470000000001">
    <ele>37.15</ele>
   </trkpt>
   <trkpt lat="51.29130000000001" lon="5.316800000000001">
    <ele>37.21</ele>
   </trkpt>
   <trkpt lat="51.29088500425409" lon="5.31780000904868">
    <ele>37.25000000000001</ele>
   </trkpt>
   <trkpt lat="51.290470000000006" lon="5.3188">
    <ele>37.230000000000004</ele>
   </trkpt>
   <trkpt lat="51.2903" lon="5.3191500000000005">
    <ele>37.21</ele>
   </trkpt>
   <trkpt lat="51.290200000000006" lon="5.31921">
    <ele>37.21</ele>
   </trkpt>
   <trkpt lat="51.290130000000005" lon="5.31923">
    <ele>36.99</ele>
   </trkpt>
   <trkpt lat="51.28978000000001" lon="5.3198300000000005">
    <ele>37.12</ele>
   </trkpt>
   <trkpt lat="51.28976" lon="5.319940000000001">
    <ele>37.12</ele>
   </trkpt>
   <trkpt lat="51.289640000000006" lon="5.31989">
    <ele>37.06</ele>
   </trkpt>
   <trkpt lat="51.28958" lon="5.31984">
    <ele>37.06</ele>
   </trkpt>
   <trkpt lat="51.28947" lon="5.32">
    <ele>37.02</ele>
   </trkpt>
   <trkpt lat="51.289460000000005" lon="5.320080000000001">
    <ele>37.02</ele>
   </trkpt>
   <trkpt lat="51.28952" lon="5.320250000000001">
    <ele>37.03</ele>
   </trkpt>
   <trkpt lat="51.28952" lon="5.32033">
    <ele>37.03</ele>
   </trkpt>
   <trkpt lat="51.289500000000004" lon="5.3203700000000005">
    <ele>37.03</ele>
   </trkpt>
   <trkpt lat="51.288990001196375" lon="5.320865005349115">
    <ele>36.78</ele>
   </trkpt>
   <trkpt lat="51.28848000000001" lon="5.32136">
    <ele>36.9</ele>
   </trkpt>
   <trkpt lat="51.28844" lon="5.32141">
    <ele>36.9</ele>
   </trkpt>
   <trkpt lat="51.288410000000006" lon="5.321420000000001">
    <ele>36.9</ele>
   </trkpt>
   <trkpt lat="51.28824" lon="5.321580000000001">
    <ele>36.95</ele>
   </trkpt>
   <trkpt lat="51.28821000000001" lon="5.32165">
    <ele>36.95</ele>
   </trkpt>
   <trkpt lat="51.28813" lon="5.32176">
    <ele>36.6</ele>
   </trkpt>
   <trkpt lat="51.2877250007742" lon="5.32217000355681">
    <ele>36.17</ele>
   </trkpt>
   <trkpt lat="51.28732" lon="5.32258">
    <ele>36.4</ele>
   </trkpt>
   <trkpt lat="51.28699" lon="5.322590000000001">
    <ele>36.9</ele>
   </trkpt>
   <trkpt lat="51.28699" lon="5.32232">
    <ele>37.18000000000001</ele>
   </trkpt>
   <trkpt lat="51.28696000000001" lon="5.32232">
    <ele>37.18000000000001</ele>
   </trkpt>
   <trkpt lat="51.28689000000001" lon="5.32239">
    <ele>37.18000000000001</ele>
   </trkpt>
   <trkpt lat="51.286640000000006" lon="5.32279">
    <ele>36.84</ele>
   </trkpt>
   <trkpt lat="51.286590000000004" lon="5.322900000000001">
    <ele>36.84</ele>
   </trkpt>
   <trkpt lat="51.28647" lon="5.32296">
    <ele>36.84</ele>
   </trkpt>
   <trkpt lat="51.28573" lon="5.32347">
    <ele>36.38</ele>
   </trkpt>
   <trkpt lat="51.28538" lon="5.3236300000000005">
    <ele>36.32000000000001</ele>
   </trkpt>
   <trkpt lat="51.28517" lon="5.3237000000000005">
    <ele>36.33</ele>
   </trkpt>
   <trkpt lat="51.284890000000004" lon="5.32375">
    <ele>36.38</ele>
   </trkpt>
   <trkpt lat="51.284760000000006" lon="5.3238">
    <ele>36.51</ele>
   </trkpt>
   <trkpt lat="51.28461" lon="5.3239">
    <ele>36.46000000000001</ele>
   </trkpt>
   <trkpt lat="51.28441" lon="5.324070000000001">
    <ele>36.52</ele>
   </trkpt>
   <trkpt lat="51.28372667020889" lon="5.324713352460243">
    <ele>36.6</ele>
   </trkpt>
   <trkpt lat="51.28304333689246" lon="5.325356685777303">
    <ele>36.63</ele>
   </trkpt>
   <trkpt lat="51.282360000000004" lon="5.3260000000000005">
    <ele>36.7</ele>
   </trkpt>
   <trkpt lat="51.28215" lon="5.32631">
    <ele>36.7</ele>
   </trkpt>
   <trkpt lat="51.282070000000004" lon="5.32652">
    <ele>36.730000000000004</ele>
   </trkpt>
   <trkpt lat="51.28206" lon="5.3266">
    <ele>36.730000000000004</ele>
   </trkpt>
   <trkpt lat="51.28180500290249" lon="5.327435004854656">
    <ele>36.62</ele>
   </trkpt>
   <trkpt lat="51.28155" lon="5.328270000000001">
    <ele>36.53</ele>
   </trkpt>
   <trkpt lat="51.28143000000001" lon="5.328550000000001">
    <ele>36.53</ele>
   </trkpt>
   <trkpt lat="51.28123" lon="5.328880000000001">
    <ele>36.46000000000001</ele>
   </trkpt>
   <trkpt lat="51.281020000000005" lon="5.32911">
    <ele>36.46000000000001</ele>
   </trkpt>
   <trkpt lat="51.28064000096526" lon="5.329600004127495">
    <ele>36.26</ele>
   </trkpt>
   <trkpt lat="51.280260000000006" lon="5.33009">
    <ele>36.24</ele>
   </trkpt>
   <trkpt lat="51.28016" lon="5.33025">
    <ele>36.120000000000005</ele>
   </trkpt>
   <trkpt lat="51.2797633409658" lon="5.33119668301854">
    <ele>35.78000000000001</ele>
   </trkpt>
   <trkpt lat="51.27936667429797" lon="5.332143349687709">
    <ele>35.84</ele>
   </trkpt>
   <trkpt lat="51.27897" lon="5.33309">
    <ele>35.97</ele>
   </trkpt>
   <trkpt lat="51.278610004013466" lon="5.33406000758484">
    <ele>36.0</ele>
   </trkpt>
   <trkpt lat="51.27825000000001" lon="5.335030000000001">
    <ele>36.160000000000004</ele>
   </trkpt>
   <trkpt lat="51.27787500417374" lon="5.336015007931371">
    <ele>36.15</ele>
   </trkpt>
   <trkpt lat="51.2775" lon="5.337000000000001">
    <ele>36.160000000000004</ele>
   </trkpt>
   <trkpt lat="51.27736" lon="5.337420000000001">
    <ele>36.230000000000004</ele>
   </trkpt>
   <trkpt lat="51.27727" lon="5.33781">
    <ele>36.230000000000004</ele>
   </trkpt>
   <trkpt lat="51.277170000000005" lon="5.33851">
    <ele>36.4</ele>
   </trkpt>
   <trkpt lat="51.27707500402479" lon="5.339485002261671">
    <ele>36.36</ele>
   </trkpt>
   <trkpt lat="51.27698" lon="5.34046">
    <ele>36.29</ele>
   </trkpt>
   <trkpt lat="51.27689" lon="5.340990000000001">
    <ele>36.25000000000001</ele>
   </trkpt>
   <trkpt lat="51.276630000000004" lon="5.341900000000001">
    <ele>36.32000000000001</ele>
   </trkpt>
   <trkpt lat="51.276520000000005" lon="5.342420000000001">
    <ele>35.79</ele>
   </trkpt>
   <trkpt lat="51.27642" lon="5.342980000000001">
    <ele>35.620000000000005</ele>
   </trkpt>
   <trkpt lat="51.27628000000001" lon="5.34414">
    <ele>35.43</ele>
   </trkpt>
   <trkpt lat="51.27614500300418" lon="5.344985002713928">
    <ele>35.71000000000001</ele>
   </trkpt>
   <trkpt lat="51.27601000000001" lon="5.34583">
    <ele>36.36</ele>
   </trkpt>
   <trkpt lat="51.275830000000006" lon="5.3462700000000005">
    <ele>37.17</ele>
   </trkpt>
   <trkpt lat="51.27568" lon="5.3462700000000005">
    <ele>36.51</ele>
   </trkpt>
   <trkpt lat="51.27562" lon="5.34633">
    <ele>36.51</ele>
   </trkpt>
   <trkpt lat="51.27543000000001" lon="5.346660000000001">
    <ele>35.96000000000001</ele>
   </trkpt>
   <trkpt lat="51.27532" lon="5.346900000000001">
    <ele>35.94</ele>
   </trkpt>
   <trkpt lat="51.27497" lon="5.3478900000000005">
    <ele>35.78000000000001</ele>
   </trkpt>
   <trkpt lat="51.2749" lon="5.34804">
    <ele>35.76</ele>
   </trkpt>
   <trkpt lat="51.27469000000001" lon="5.348280000000001">
    <ele>35.77</ele>
   </trkpt>
   <trkpt lat="51.27454" lon="5.34839">
    <ele>35.83</ele>
   </trkpt>
   <trkpt lat="51.27432" lon="5.34851">
    <ele>35.84</ele>
   </trkpt>
   <trkpt lat="51.27351" lon="5.34888">
    <ele>36.160000000000004</ele>
   </trkpt>
   <trkpt lat="51.273410000000005" lon="5.3489">
    <ele>36.120000000000005</ele>
   </trkpt>
   <trkpt lat="51.27333" lon="5.34888">
    <ele>36.120000000000005</ele>
   </trkpt>
   <trkpt lat="51.273250000000004" lon="5.34883">
    <ele>36.120000000000005</ele>
   </trkpt>
   <trkpt lat="51.27250000202513" lon="5.348149988950941">
    <ele>36.56</ele>
   </trkpt>
   <trkpt lat="51.271750000000004" lon="5.34747">
    <ele>37.46</ele>
   </trkpt>
   <trkpt lat="51.27169000000001" lon="5.34745">
    <ele>37.480000000000004</ele>
   </trkpt>
   <trkpt lat="51.27163" lon="5.34747">
    <ele>37.470000000000006</ele>
   </trkpt>
   <trkpt lat="51.27159" lon="5.347510000000001">
    <ele>37.470000000000006</ele>
   </trkpt>
   <trkpt lat="51.271265002698435" lon="5.348305005607036">
    <ele>37.36000000000001</ele>
   </trkpt>
   <trkpt lat="51.27094" lon="5.349100000000001">
    <ele>38.46</ele>
   </trkpt>
   <trkpt lat="51.270900000000005" lon="5.3491800000000005">
    <ele>38.400000000000006</ele>
   </trkpt>
   <trkpt lat="51.270860000000006" lon="5.349200000000001">
    <ele>38.3</ele>
   </trkpt>
   <trkpt lat="51.270240004010475" lon="5.34863747720204">
    <ele>37.49</ele>
   </trkpt>
   <trkpt lat="51.269620005325514" lon="5.348074969583487">
    <ele>37.67</ele>
   </trkpt>
   <trkpt lat="51.269000003945244" lon="5.3475124771436615">
    <ele>37.83</ele>
   </trkpt>
   <trkpt lat="51.26838000000001" lon="5.3469500000000005">
    <ele>38.510000000000005</ele>
   </trkpt>
   <trkpt lat="51.26829000000001" lon="5.346830000000001">
    <ele>38.50000000000001</ele>
   </trkpt>
   <trkpt lat="51.268280000000004" lon="5.346730000000001">
    <ele>38.50000000000001</ele>
   </trkpt>
   <trkpt lat="51.26829000000001" lon="5.346640000000001">
    <ele>38.50000000000001</ele>
   </trkpt>
   <trkpt lat="51.268350000000005" lon="5.346360000000001">
    <ele>38.3</ele>
   </trkpt>
   <trkpt lat="51.26831000000001" lon="5.34614">
    <ele>38.25000000000001</ele>
   </trkpt>
   <trkpt lat="51.26825" lon="5.34604">
    <ele>38.25000000000001</ele>
   </trkpt>
   <trkpt lat="51.26771000300625" lon="5.345449986179154">
    <ele>38.14</ele>
   </trkpt>
   <trkpt lat="51.26717000304708" lon="5.344859986223984">
    <ele>38.160000000000004</ele>
   </trkpt>
   <trkpt lat="51.266630000000006" lon="5.344270000000001">
    <ele>38.24</ele>
   </trkpt>
   <trkpt lat="51.26659" lon="5.3442300000000005">
    <ele>38.31</ele>
   </trkpt>
   <trkpt lat="51.266470000000005" lon="5.3441600000000005">
    <ele>38.31</ele>
   </trkpt>
   <trkpt lat="51.266380000000005" lon="5.344130000000001">
    <ele>38.31</ele>
   </trkpt>
   <trkpt lat="51.265670000210484" lon="5.344335003157869">
    <ele>38.31</ele>
   </trkpt>
   <trkpt lat="51.26496" lon="5.34454">
    <ele>38.48</ele>
   </trkpt>
   <trkpt lat="51.26476" lon="5.34452">
    <ele>38.48</ele>
   </trkpt>
   <trkpt lat="51.26422000042159" lon="5.344254996946613">
    <ele>38.52</ele>
   </trkpt>
   <trkpt lat="51.26368" lon="5.343990000000001">
    <ele>38.790000000000006</ele>
   </trkpt>
   <trkpt lat="51.26288000044073" lon="5.343719995344571">
    <ele>38.71</ele>
   </trkpt>
   <trkpt lat="51.262080000000005" lon="5.343450000000001">
    <ele>39.089999999999996</ele>
   </trkpt>
   <trkpt lat="51.261810000000004" lon="5.34332">
    <ele>39.150000000000006</ele>
   </trkpt>
   <trkpt lat="51.26122000210056" lon="5.342819987139774">
    <ele>39.42</ele>
   </trkpt>
   <trkpt lat="51.26063000207129" lon="5.342319987115187">
    <ele>39.41</ele>
   </trkpt>
   <trkpt lat="51.260040000000004" lon="5.34182">
    <ele>40.050000000000004</ele>
   </trkpt>
   <trkpt lat="51.25997" lon="5.3417900000000005">
    <ele>40.160000000000004</ele>
   </trkpt>
   <trkpt lat="51.259890000000006" lon="5.341810000000001">
    <ele>40.21</ele>
   </trkpt>
   <trkpt lat="51.25972" lon="5.342110000000001">
    <ele>40.370000000000005</ele>
   </trkpt>
   <trkpt lat="51.25965000000001" lon="5.342160000000001">
    <ele>40.370000000000005</ele>
   </trkpt>
   <trkpt lat="51.259550000000004" lon="5.34217">
    <ele>40.370000000000005</ele>
   </trkpt>
   <trkpt lat="51.259460000000004" lon="5.3421400000000006">
    <ele>40.2</ele>
   </trkpt>
   <trkpt lat="51.25923" lon="5.34147">
    <ele>39.66</ele>
   </trkpt>
   <trkpt lat="51.259130000000006" lon="5.341030000000001">
    <ele>39.71</ele>
   </trkpt>
   <trkpt lat="51.259060000000005" lon="5.34081">
    <ele>39.71</ele>
   </trkpt>
   <trkpt lat="51.258480000000006" lon="5.339790000000001">
    <ele>40.79</ele>
   </trkpt>
   <trkpt lat="51.258340000000004" lon="5.339650000000001">
    <ele>40.79</ele>
   </trkpt>
   <trkpt lat="51.258210000000005" lon="5.33959">
    <ele>40.82</ele>
   </trkpt>
   <trkpt lat="51.25741599999613" lon="5.339559997926756">
    <ele>41.260000000000005</ele>
   </trkpt>
   <trkpt lat="51.256621999984574" lon="5.339529996889834">
    <ele>41.38</ele>
   </trkpt>
   <trkpt lat="51.25582799996535" lon="5.339499996889175">
    <ele>41.45</ele>
   </trkpt>
   <trkpt lat="51.25503399993847" lon="5.339469997924708">
    <ele>41.260000000000005</ele>
   </trkpt>
   <trkpt lat="51.25424" lon="5.339440000000001">
    <ele>41.24</ele>
   </trkpt>
   <trkpt lat="51.25388" lon="5.3394200000000005">
    <ele>41.25</ele>
   </trkpt>
   <trkpt lat="51.253820000000005" lon="5.33938">
    <ele>41.25</ele>
   </trkpt>
   <trkpt lat="51.25381" lon="5.33938">
    <ele>41.25</ele>
   </trkpt>
   <trkpt lat="51.25377" lon="5.33936">
    <ele>41.25</ele>
   </trkpt>
   <trkpt lat="51.253620000000005" lon="5.3392100000000005">
    <ele>41.2</ele>
   </trkpt>
   <trkpt lat="51.25301000634703" lon="5.338504971935608">
    <ele>41.28</ele>
   </trkpt>
   <trkpt lat="51.25240000845937" lon="5.337799962577633">
    <ele>41.59</ele>
   </trkpt>
   <trkpt lat="51.251790006337224" lon="5.3370949719253">
    <ele>41.63</ele>
   </trkpt>
   <trkpt lat="51.251180000000005" lon="5.336390000000001">
    <ele>42.010000000000005</ele>
   </trkpt>
   <trkpt lat="51.251000000000005" lon="5.336250000000001">
    <ele>42.07</ele>
   </trkpt>
   <trkpt lat="51.250690000000006" lon="5.3361">
    <ele>42.25</ele>
   </trkpt>
   <trkpt lat="51.250400000000006" lon="5.336080000000001">
    <ele>42.63</ele>
   </trkpt>
   <trkpt lat="51.250440000000005" lon="5.33558">
    <ele>42.82</ele>
   </trkpt>
   <trkpt lat="51.25065000000001" lon="5.33549">
    <ele>42.78</ele>
   </trkpt>
   <trkpt lat="51.25150000000001" lon="5.335030000000001">
    <ele>42.75</ele>
   </trkpt>
   <trkpt lat="51.25226000000001" lon="5.33466">
    <ele>42.28</ele>
   </trkpt>
   <trkpt lat="51.252430000000004" lon="5.334560000000001">
    <ele>42.28</ele>
   </trkpt>
   <trkpt lat="51.25253000000001" lon="5.3344700000000005">
    <ele>42.1</ele>
   </trkpt>
   <trkpt lat="51.25264000000001" lon="5.3343300000000005">
    <ele>42.1</ele>
   </trkpt>
   <trkpt lat="51.25313501309777" lon="5.333317532706891">
    <ele>41.980000000000004</ele>
   </trkpt>
   <trkpt lat="51.25363001746199" lon="5.332305043613425">
    <ele>41.910000000000004</ele>
   </trkpt>
   <trkpt lat="51.25412501309234" lon="5.331292532719129">
    <ele>41.79</ele>
   </trkpt>
   <trkpt lat="51.25462" lon="5.33028">
    <ele>41.54</ele>
   </trkpt>
   <trkpt lat="51.25466" lon="5.330240000000001">
    <ele>41.61</ele>
   </trkpt>
   <trkpt lat="51.254940000000005" lon="5.33011">
    <ele>41.79</ele>
   </trkpt>
   <trkpt lat="51.25498" lon="5.330050000000001">
    <ele>41.79</ele>
   </trkpt>
   <trkpt lat="51.25520000721177" lon="5.328750006144747">
    <ele>41.67</ele>
   </trkpt>
   <trkpt lat="51.25542" lon="5.327450000000001">
    <ele>41.97</ele>
   </trkpt>
   <trkpt lat="51.255410000000005" lon="5.3273600000000005">
    <ele>41.97</ele>
   </trkpt>
   <trkpt lat="51.25535000000001" lon="5.327260000000001">
    <ele>42.06</ele>
   </trkpt>
   <trkpt lat="51.255280000000006" lon="5.32723">
    <ele>42.06</ele>
   </trkpt>
   <trkpt lat="51.25504" lon="5.3272200000000005">
    <ele>42.03</ele>
   </trkpt>
   <trkpt lat="51.25488000000001" lon="5.327170000000001">
    <ele>42.06</ele>
   </trkpt>
   <trkpt lat="51.25414666737528" lon="5.326873323853212">
    <ele>42.35</ele>
   </trkpt>
   <trkpt lat="51.25341333400072" lon="5.326576657170052">
    <ele>42.95</ele>
   </trkpt>
   <trkpt lat="51.252680000000005" lon="5.326280000000001">
    <ele>42.980000000000004</ele>
   </trkpt>
   <trkpt lat="51.25222000001748" lon="5.326069997821351">
    <ele>43.18</ele>
   </trkpt>
   <trkpt lat="51.251760000000004" lon="5.3258600000000005">
    <ele>43.75</ele>
   </trkpt>
   <trkpt lat="51.25162" lon="5.325740000000001">
    <ele>43.800000000000004</ele>
   </trkpt>
   <trkpt lat="51.25159000000001" lon="5.325670000000001">
    <ele>43.81</ele>
   </trkpt>
   <trkpt lat="51.25157" lon="5.32558">
    <ele>43.81</ele>
   </trkpt>
   <trkpt lat="51.25164" lon="5.325200000000001">
    <ele>43.71000000000001</ele>
   </trkpt>
   <trkpt lat="51.25191339291134" lon="5.323877840655122">
    <ele>43.95</ele>
   </trkpt>
   <trkpt lat="51.252186770929235" lon="5.322555665588237">
    <ele>44.24</ele>
   </trkpt>
   <trkpt lat="51.25246013405336" lon="5.321233474799864">
    <ele>44.620000000000005</ele>
   </trkpt>
   <trkpt lat="51.2527334822834" lon="5.319911268290518">
    <ele>44.78</ele>
   </trkpt>
   <trkpt lat="51.253006815619" lon="5.318589046060716">
    <ele>44.4</ele>
   </trkpt>
   <trkpt lat="51.25328013405989" lon="5.317266808110973">
    <ele>44.32000000000001</ele>
   </trkpt>
   <trkpt lat="51.253553437605724" lon="5.315944554441806">
    <ele>44.03000000000001</ele>
   </trkpt>
   <trkpt lat="51.253826726256165" lon="5.314622285053732">
    <ele>44.13</ele>
   </trkpt>
   <trkpt lat="51.2541" lon="5.313300000000001">
    <ele>44.95</ele>
   </trkpt>
   <trkpt lat="51.25412000000001" lon="5.31292">
    <ele>45.42</ele>
   </trkpt>
   <trkpt lat="51.25406" lon="5.312760000000001">
    <ele>45.89000000000001</ele>
   </trkpt>
   <trkpt lat="51.253960000000006" lon="5.31261">
    <ele>45.67</ele>
   </trkpt>
   <trkpt lat="51.25359" lon="5.3124">
    <ele>45.1</ele>
   </trkpt>
   <trkpt lat="51.253510000000006" lon="5.312340000000001">
    <ele>45.1</ele>
   </trkpt>
   <trkpt lat="51.25345" lon="5.312250000000001">
    <ele>44.97</ele>
   </trkpt>
   <trkpt lat="51.253420000000006" lon="5.31205">
    <ele>44.660000000000004</ele>
   </trkpt>
   <trkpt lat="51.25348" lon="5.31167">
    <ele>44.550000000000004</ele>
   </trkpt>
   <trkpt lat="51.25356000000001" lon="5.31151">
    <ele>44.71000000000001</ele>
   </trkpt>
   <trkpt lat="51.25363" lon="5.31148">
    <ele>44.9</ele>
   </trkpt>
   <trkpt lat="51.253690000000006" lon="5.31148">
    <ele>44.78</ele>
   </trkpt>
   <trkpt lat="51.253690000000006" lon="5.31142">
    <ele>44.78</ele>
   </trkpt>
   <trkpt lat="51.2535" lon="5.3113600000000005">
    <ele>44.24</ele>
   </trkpt>
   <trkpt lat="51.25375202636895" lon="5.310116027269948">
    <ele>44.17</ele>
   </trkpt>
   <trkpt lat="51.25400403955403" lon="5.308872040902778">
    <ele>44.13</ele>
   </trkpt>
   <trkpt lat="51.254256039554996" lon="5.307628040898933">
    <ele>44.02</ele>
   </trkpt>
   <trkpt lat="51.25450802637154" lon="5.306384027258856">
    <ele>44.03000000000001</ele>
   </trkpt>
   <trkpt lat="51.254760000000005" lon="5.305140000000001">
    <ele>44.25000000000001</ele>
   </trkpt>
   <trkpt lat="51.254870000000004" lon="5.30424">
    <ele>44.32000000000001</ele>
   </trkpt>
   <trkpt lat="51.254960000000004" lon="5.3028200000000005">
    <ele>44.47</ele>
   </trkpt>
   <trkpt lat="51.254967353742614" lon="5.301440911287051">
    <ele>44.26</ele>
   </trkpt>
   <trkpt lat="51.254974691282186" lon="5.30006182213343">
    <ele>44.21000000000001</ele>
   </trkpt>
   <trkpt lat="51.254982012618704" lon="5.298682732540106">
    <ele>44.33</ele>
   </trkpt>
   <trkpt lat="51.254989317752134" lon="5.297303642508056">
    <ele>44.300000000000004</ele>
   </trkpt>
   <trkpt lat="51.25499660668251" lon="5.295924552038248">
    <ele>44.31</ele>
   </trkpt>
   <trkpt lat="51.25500387940978" lon="5.294545461131657">
    <ele>44.4</ele>
   </trkpt>
   <trkpt lat="51.25501113593397" lon="5.293166369789252">
    <ele>44.300000000000004</ele>
   </trkpt>
   <trkpt lat="51.25501837625505" lon="5.291787278012004">
    <ele>44.160000000000004</ele>
   </trkpt>
   <trkpt lat="51.25502560037302" lon="5.290408185800888">
    <ele>44.11</ele>
   </trkpt>
   <trkpt lat="51.25503280828785" lon="5.289029093156874">
    <ele>44.230000000000004</ele>
   </trkpt>
   <trkpt lat="51.25504" lon="5.28765">
    <ele>44.27</ele>
   </trkpt>
   <trkpt lat="51.2550100025133" lon="5.286879999181845">
    <ele>44.22</ele>
   </trkpt>
   <trkpt lat="51.25498" lon="5.286110000000001">
    <ele>44.28000000000001</ele>
   </trkpt>
   <trkpt lat="51.25486" lon="5.285200000000001">
    <ele>44.18</ele>
   </trkpt>
   <trkpt lat="51.254720000000006" lon="5.28441">
    <ele>44.18</ele>
   </trkpt>
   <trkpt lat="51.25453500253872" lon="5.283639996956309">
    <ele>44.31</ele>
   </trkpt>
   <trkpt lat="51.25435" lon="5.282870000000001">
    <ele>44.18</ele>
   </trkpt>
   <trkpt lat="51.25400760218818" lon="5.281576199892574">
    <ele>44.17</ele>
   </trkpt>
   <trkpt lat="51.253665190115576" lon="5.280282419055186">
    <ele>44.22</ele>
   </trkpt>
   <trkpt lat="51.25332276378257" lon="5.278988657488116">
    <ele>44.14000000000001</ele>
   </trkpt>
   <trkpt lat="51.25298032318957" lon="5.277694915191647">
    <ele>44.09</ele>
   </trkpt>
   <trkpt lat="51.25263786833695" lon="5.276401192166055">
    <ele>44.02</ele>
   </trkpt>
   <trkpt lat="51.252295399225076" lon="5.275107488411621">
    <ele>43.93</ele>
   </trkpt>
   <trkpt lat="51.25195291585436" lon="5.273813803928625">
    <ele>43.940000000000005</ele>
   </trkpt>
   <trkpt lat="51.25161041822521" lon="5.2725201387173435">
    <ele>43.89000000000001</ele>
   </trkpt>
   <trkpt lat="51.25126790633797" lon="5.271226492778058">
    <ele>43.870000000000005</ele>
   </trkpt>
   <trkpt lat="51.250925380193046" lon="5.2699328661110485">
    <ele>43.79</ele>
   </trkpt>
   <trkpt lat="51.25058283979082" lon="5.268639258716591">
    <ele>43.58</ele>
   </trkpt>
   <trkpt lat="51.2502402851317" lon="5.267345670594967">
    <ele>43.61</ele>
   </trkpt>
   <trkpt lat="51.24989771621605" lon="5.266052101746453">
    <ele>43.440000000000005</ele>
   </trkpt>
   <trkpt lat="51.24955513304427" lon="5.264758552171331">
    <ele>43.36</ele>
   </trkpt>
   <trkpt lat="51.24921253561671" lon="5.2634650218698775">
    <ele>43.28000000000001</ele>
   </trkpt>
   <trkpt lat="51.24886992393382" lon="5.262171510842373">
    <ele>43.120000000000005</ele>
   </trkpt>
   <trkpt lat="51.24852729799593" lon="5.260878019089094">
    <ele>43.68</ele>
   </trkpt>
   <trkpt lat="51.24818465780348" lon="5.259584546610321">
    <ele>43.92</ele>
   </trkpt>
   <trkpt lat="51.2478420033568" lon="5.258291093406331">
    <ele>43.870000000000005</ele>
   </trkpt>
   <trkpt lat="51.24749933465631" lon="5.256997659477403">
    <ele>43.690000000000005</ele>
   </trkpt>
   <trkpt lat="51.247156651702404" lon="5.255704244823817">
    <ele>43.64000000000001</ele>
   </trkpt>
   <trkpt lat="51.24681395449545" lon="5.254410849445848">
    <ele>43.72</ele>
   </trkpt>
   <trkpt lat="51.24647124303584" lon="5.253117473343777">
    <ele>43.72</ele>
   </trkpt>
   <trkpt lat="51.24612851732397" lon="5.251824116517881">
    <ele>43.65</ele>
   </trkpt>
   <trkpt lat="51.24578577736022" lon="5.250530778968438">
    <ele>43.5</ele>
   </trkpt>
   <trkpt lat="51.245443023144965" lon="5.249237460695726">
    <ele>43.47</ele>
   </trkpt>
   <trkpt lat="51.24510025467863" lon="5.2479441617000235">
    <ele>43.38</ele>
   </trkpt>
   <trkpt lat="51.244757471961556" lon="5.2466508819816084">
    <ele>43.32</ele>
   </trkpt>
   <trkpt lat="51.24441467499416" lon="5.245357621540758">
    <ele>43.410000000000004</ele>
   </trkpt>
   <trkpt lat="51.24407186377682" lon="5.2440643803777505">
    <ele>43.35000000000001</ele>
   </trkpt>
   <trkpt lat="51.24372903830992" lon="5.242771158492864">
    <ele>43.27</ele>
   </trkpt>
   <trkpt lat="51.24338619859384" lon="5.241477955886374">
    <ele>43.24</ele>
   </trkpt>
   <trkpt lat="51.24304334462899" lon="5.240184772558561">
    <ele>43.24</ele>
   </trkpt>
   <trkpt lat="51.24270047641574" lon="5.2388916085097">
    <ele>43.230000000000004</ele>
   </trkpt>
   <trkpt lat="51.24235759395448" lon="5.2375984637400705">
    <ele>43.45</ele>
   </trkpt>
   <trkpt lat="51.2420146972456" lon="5.236305338249948">
    <ele>43.54</ele>
   </trkpt>
   <trkpt lat="51.2416717862895" lon="5.235012232039612">
    <ele>43.5</ele>
   </trkpt>
   <trkpt lat="51.241328861086544" lon="5.233719145109338">
    <ele>43.49</ele>
   </trkpt>
   <trkpt lat="51.24098592163712" lon="5.232426077459402">
    <ele>43.43</ele>
   </trkpt>
   <trkpt lat="51.24064296794161" lon="5.231133029090083">
    <ele>43.32</ele>
   </trkpt>
   <trkpt lat="51.240300000000005" lon="5.22984">
    <ele>43.81</ele>
   </trkpt>
   <trkpt lat="51.240280000000006" lon="5.22965">
    <ele>43.980000000000004</ele>
   </trkpt>
   <trkpt lat="51.24013000000001" lon="5.228800000000001">
    <ele>45.27</ele>
   </trkpt>
   <trkpt lat="51.240010000000005" lon="5.22794">
    <ele>47.42</ele>
   </trkpt>
   <trkpt lat="51.239380000000004" lon="5.228370000000001">
    <ele>47.63</ele>
   </trkpt>
   <trkpt lat="51.239250000000006" lon="5.228400000000001">
    <ele>47.61000000000001</ele>
   </trkpt>
   <trkpt lat="51.23915" lon="5.22836">
    <ele>47.61000000000001</ele>
   </trkpt>
   <trkpt lat="51.23904" lon="5.228260000000001">
    <ele>47.61000000000001</ele>
   </trkpt>
   <trkpt lat="51.23893" lon="5.2280500000000005">
    <ele>46.910000000000004</ele>
   </trkpt>
   <trkpt lat="51.238575003045625" lon="5.227194993236576">
    <ele>46.470000000000006</ele>
   </trkpt>
   <trkpt lat="51.238220000000005" lon="5.22634">
    <ele>46.26</ele>
   </trkpt>
   <trkpt lat="51.23799" lon="5.225490000000001">
    <ele>46.53</ele>
   </trkpt>
   <trkpt lat="51.237880000000004" lon="5.22498">
    <ele>45.45</ele>
   </trkpt>
   <trkpt lat="51.23749" lon="5.2237800000000005">
    <ele>43.5</ele>
   </trkpt>
   <trkpt lat="51.23727" lon="5.22299">
    <ele>43.050000000000004</ele>
   </trkpt>
   <trkpt lat="51.237095001980805" lon="5.222304997322946">
    <ele>43.13</ele>
   </trkpt>
   <trkpt lat="51.236920000000005" lon="5.221620000000001">
    <ele>43.13</ele>
   </trkpt>
   <trkpt lat="51.236720000000005" lon="5.2206">
    <ele>42.980000000000004</ele>
   </trkpt>
   <trkpt lat="51.23659251894625" lon="5.219382489885715">
    <ele>42.550000000000004</ele>
   </trkpt>
   <trkpt lat="51.236465025262135" lon="5.21816498651899">
    <ele>41.690000000000005</ele>
   </trkpt>
   <trkpt lat="51.23633751894773" lon="5.216947489900425">
    <ele>41.54</ele>
   </trkpt>
   <trkpt lat="51.23621000000001" lon="5.215730000000001">
    <ele>41.59</ele>
   </trkpt>
   <trkpt lat="51.236180000000004" lon="5.215590000000001">
    <ele>41.580000000000005</ele>
   </trkpt>
   <trkpt lat="51.23610000000001" lon="5.215490000000001">
    <ele>41.580000000000005</ele>
   </trkpt>
   <trkpt lat="51.23599" lon="5.215470000000001">
    <ele>41.53</ele>
   </trkpt>
   <trkpt lat="51.23512375005301" lon="5.215427494398837">
    <ele>41.75</ele>
   </trkpt>
   <trkpt lat="51.234257500090656" lon="5.215384990398213">
    <ele>42.230000000000004</ele>
   </trkpt>
   <trkpt lat="51.233391250112895" lon="5.2153424879980195">
    <ele>42.300000000000004</ele>
   </trkpt>
   <trkpt lat="51.23252500011976" lon="5.215299987198148">
    <ele>41.99000000000001</ele>
   </trkpt>
   <trkpt lat="51.23165875011121" lon="5.2152574879984845">
    <ele>41.59</ele>
   </trkpt>
   <trkpt lat="51.230792500087276" lon="5.215214990398925">
    <ele>41.190000000000005</ele>
   </trkpt>
   <trkpt lat="51.22992625004797" lon="5.215172494399357">
    <ele>40.449999999999996</ele>
   </trkpt>
   <trkpt lat="51.229060000000004" lon="5.21513">
    <ele>40.31</ele>
   </trkpt>
   <trkpt lat="51.22823142863808" lon="5.215079994598953">
    <ele>40.18</ele>
   </trkpt>
   <trkpt lat="51.227402857254845" lon="5.215029990998506">
    <ele>39.940000000000005</ele>
   </trkpt>
   <trkpt lat="51.2265742858503" lon="5.214979989198543">
    <ele>39.650000000000006</ele>
   </trkpt>
   <trkpt lat="51.22574571442445" lon="5.214929989198944">
    <ele>39.769999999999996</ele>
   </trkpt>
   <trkpt lat="51.2249171429773" lon="5.2148799909995915">
    <ele>39.74</ele>
   </trkpt>
   <trkpt lat="51.22408857150886" lon="5.2148299946003664">
    <ele>39.830000000000005</ele>
   </trkpt>
   <trkpt lat="51.22326" lon="5.21478">
    <ele>38.86000000000001</ele>
   </trkpt>
   <trkpt lat="51.22258" lon="5.21476">
    <ele>38.88</ele>
   </trkpt>
   <trkpt lat="51.22247" lon="5.21478">
    <ele>38.78</ele>
   </trkpt>
   <trkpt lat="51.22236" lon="5.21417">
    <ele>38.13</ele>
   </trkpt>
   <trkpt lat="51.222010022379926" lon="5.213023965133767">
    <ele>37.64</ele>
   </trkpt>
   <trkpt lat="51.22166003356775" lon="5.211877947694573">
    <ele>37.470000000000006</ele>
   </trkpt>
   <trkpt lat="51.221310033563775" lon="5.210731947682491">
    <ele>37.31</ele>
   </trkpt>
   <trkpt lat="51.2209600223683" lon="5.209585965097594">
    <ele>37.01</ele>
   </trkpt>
   <trkpt lat="51.22061" lon="5.20844">
    <ele>37.18000000000001</ele>
   </trkpt>
   <trkpt lat="51.22057" lon="5.2084600000000005">
    <ele>37.14000000000001</ele>
   </trkpt>
   <trkpt lat="51.220530000000004" lon="5.20847">
    <ele>37.14000000000001</ele>
   </trkpt>
   <trkpt lat="51.21964500011998" lon="5.2083349974111295">
    <ele>36.17</ele>
   </trkpt>
   <trkpt lat="51.21876" lon="5.208200000000001">
    <ele>36.47</ele>
   </trkpt>
   <trkpt lat="51.21787727350912" lon="5.208064519483364">
    <ele>36.50000000000001</ele>
   </trkpt>
   <trkpt lat="51.21699454686183" lon="5.207929044162051">
    <ele>36.33</ele>
   </trkpt>
   <trkpt lat="51.21611182005814" lon="5.207793574035694">
    <ele>36.300000000000004</ele>
   </trkpt>
   <trkpt lat="51.21522909309805" lon="5.207658109103935">
    <ele>36.17</ele>
   </trkpt>
   <trkpt lat="51.214346365981584" lon="5.2075226493664095">
    <ele>36.08</ele>
   </trkpt>
   <trkpt lat="51.213463638708745" lon="5.207387194822757">
    <ele>36.08</ele>
   </trkpt>
   <trkpt lat="51.21258091127955" lon="5.207251745472615">
    <ele>35.86</ele>
   </trkpt>
   <trkpt lat="51.21169818369399" lon="5.207116301315621">
    <ele>35.550000000000004</ele>
   </trkpt>
   <trkpt lat="51.21081545595212" lon="5.206980862351413">
    <ele>35.22</ele>
   </trkpt>
   <trkpt lat="51.20993272805393" lon="5.206845428579629">
    <ele>35.11</ele>
   </trkpt>
   <trkpt lat="51.209050000000005" lon="5.20671">
    <ele>35.10000000000001</ele>
   </trkpt>
   <trkpt lat="51.20895" lon="5.206720000000001">
    <ele>35.17</ele>
   </trkpt>
   <trkpt lat="51.20820666719944" lon="5.206986675301276">
    <ele>33.99</ele>
   </trkpt>
   <trkpt lat="51.2074633337928" lon="5.207253341994065">
    <ele>33.89</ele>
   </trkpt>
   <trkpt lat="51.206720000000004" lon="5.207520000000001">
    <ele>35.230000000000004</ele>
   </trkpt>
   <trkpt lat="51.20658" lon="5.20755">
    <ele>35.18</ele>
   </trkpt>
   <trkpt lat="51.20577" lon="5.20748">
    <ele>34.15</ele>
   </trkpt>
   <trkpt lat="51.20497000012699" lon="5.207393994025194">
    <ele>34.120000000000005</ele>
   </trkpt>
   <trkpt lat="51.20417000019092" lon="5.20730799103803">
    <ele>34.60000000000001</ele>
   </trkpt>
   <trkpt lat="51.20337000019183" lon="5.207221991038317">
    <ele>35.09</ele>
   </trkpt>
   <trkpt lat="51.202570000129704" lon="5.207135994025865">
    <ele>35.730000000000004</ele>
   </trkpt>
   <trkpt lat="51.20177" lon="5.207050000000001">
    <ele>36.71</ele>
   </trkpt>
   <trkpt lat="51.20118" lon="5.20697">
    <ele>36.95</ele>
   </trkpt>
   <trkpt lat="51.20083" lon="5.2070300000000005">
    <ele>36.87</ele>
   </trkpt>
   <trkpt lat="51.200300000000006" lon="5.206880000000001">
    <ele>36.96</ele>
   </trkpt>
   <trkpt lat="51.20006000000001" lon="5.20687">
    <ele>37.12</ele>
   </trkpt>
   <trkpt lat="51.19917625027732" lon="5.206772486906923">
    <ele>37.3</ele>
   </trkpt>
   <trkpt lat="51.19829250047358" lon="5.206674977555048">
    <ele>37.46</ele>
   </trkpt>
   <trkpt lat="51.197408750588785" lon="5.206577471944116">
    <ele>37.33</ele>
   </trkpt>
   <trkpt lat="51.19652500062299" lon="5.2064799700738655">
    <ele>36.65</ele>
   </trkpt>
   <trkpt lat="51.19564125057615" lon="5.206382471944032">
    <ele>36.43000000000001</ele>
   </trkpt>
   <trkpt lat="51.194757500448304" lon="5.206284977554358">
    <ele>35.72</ele>
   </trkpt>
   <trkpt lat="51.19387375023945" lon="5.206187486904579">
    <ele>35.08</ele>
   </trkpt>
   <trkpt lat="51.19299" lon="5.2060900000000006">
    <ele>36.27</ele>
   </trkpt>
   <trkpt lat="51.1929" lon="5.2061">
    <ele>36.550000000000004</ele>
   </trkpt>
   <trkpt lat="51.1931" lon="5.2067000000000005">
    <ele>36.64000000000001</ele>
   </trkpt>
   <trkpt lat="51.1926050013156" lon="5.207255005958805">
    <ele>36.22</ele>
   </trkpt>
   <trkpt lat="51.19211000000001" lon="5.20781">
    <ele>36.72</ele>
   </trkpt>
   <trkpt lat="51.19150333406896" lon="5.208096674198095">
    <ele>36.82000000000001</ele>
   </trkpt>
   <trkpt lat="51.19089666743744" lon="5.208383340848032">
    <ele>36.7</ele>
   </trkpt>
   <trkpt lat="51.190290000000005" lon="5.208670000000001">
    <ele>36.51</ele>
   </trkpt>
   <trkpt lat="51.19045334878681" lon="5.210016657084889">
    <ele>36.67</ele>
   </trkpt>
   <trkpt lat="51.1906166821159" lon="5.211363323716316">
    <ele>36.75000000000001</ele>
   </trkpt>
   <trkpt lat="51.190780000000004" lon="5.21271">
    <ele>36.78</ele>
   </trkpt>
   <trkpt lat="51.19095" lon="5.21351">
    <ele>37.02</ele>
   </trkpt>
   <trkpt lat="51.19041500022027" lon="5.213815003641354">
    <ele>36.660000000000004</ele>
   </trkpt>
   <trkpt lat="51.18988" lon="5.21412">
    <ele>36.21000000000001</ele>
   </trkpt>
   <trkpt lat="51.18947000000001" lon="5.214270000000001">
    <ele>36.13</ele>
   </trkpt>
   <trkpt lat="51.18896500013078" lon="5.214385001243222">
    <ele>35.59</ele>
   </trkpt>
   <trkpt lat="51.188460000000006" lon="5.2145">
    <ele>35.53000000000001</ele>
   </trkpt>
   <trkpt lat="51.18811" lon="5.2145600000000005">
    <ele>35.31</ele>
   </trkpt>
   <trkpt lat="51.187360000000005" lon="5.214580000000001">
    <ele>35.10000000000001</ele>
   </trkpt>
   <trkpt lat="51.18666000014574" lon="5.214703337076866">
    <ele>34.61</ele>
   </trkpt>
   <trkpt lat="51.185960000161806" lon="5.214826670407299">
    <ele>34.84</ele>
   </trkpt>
   <trkpt lat="51.18526000000001" lon="5.214950000000001">
    <ele>35.04</ele>
   </trkpt>
   <trkpt lat="51.185080000000006" lon="5.214950000000001">
    <ele>35.13</ele>
   </trkpt>
   <trkpt lat="51.184760000000004" lon="5.214880000000001">
    <ele>35.08</ele>
   </trkpt>
   <trkpt lat="51.184275000243815" lon="5.214734998520378">
    <ele>35.18</ele>
   </trkpt>
   <trkpt lat="51.18379" lon="5.21459">
    <ele>35.72</ele>
   </trkpt>
   <trkpt lat="51.18356000000001" lon="5.2144200000000005">
    <ele>35.88</ele>
   </trkpt>
   <trkpt lat="51.18354" lon="5.2142100000000005">
    <ele>35.89000000000001</ele>
   </trkpt>
   <trkpt lat="51.18347000000001" lon="5.21396">
    <ele>35.88</ele>
   </trkpt>
   <trkpt lat="51.183310000000006" lon="5.21361">
    <ele>35.81</ele>
   </trkpt>
   <trkpt lat="51.18283" lon="5.21286">
    <ele>35.97</ele>
   </trkpt>
   <trkpt lat="51.18267" lon="5.21258">
    <ele>36.07000000000001</ele>
   </trkpt>
   <trkpt lat="51.18263" lon="5.212630000000001">
    <ele>36.07000000000001</ele>
   </trkpt>
   <trkpt lat="51.182550000000006" lon="5.21248">
    <ele>36.120000000000005</ele>
   </trkpt>
   <trkpt lat="51.18247" lon="5.21253">
    <ele>36.120000000000005</ele>
   </trkpt>
   <trkpt lat="51.182230000000004" lon="5.212540000000001">
    <ele>36.04</ele>
   </trkpt>
   <trkpt lat="51.181403333351604" lon="5.212540000000001">
    <ele>36.18</ele>
   </trkpt>
   <trkpt lat="51.18057666670321" lon="5.212540000000001">
    <ele>36.27</ele>
   </trkpt>
   <trkpt lat="51.179750000000006" lon="5.212540000000001">
    <ele>36.39000000000001</ele>
   </trkpt>
   <trkpt lat="51.17922" lon="5.212370000000001">
    <ele>36.410000000000004</ele>
   </trkpt>
   <trkpt lat="51.178920000000005" lon="5.21225">
    <ele>36.410000000000004</ele>
   </trkpt>
   <trkpt lat="51.17835" lon="5.21192">
    <ele>36.37</ele>
   </trkpt>
   <trkpt lat="51.178000000000004" lon="5.211650000000001">
    <ele>36.4</ele>
   </trkpt>
   <trkpt lat="51.177690000000005" lon="5.21133">
    <ele>36.51</ele>
   </trkpt>
   <trkpt lat="51.177710000000005" lon="5.21121">
    <ele>36.54</ele>
   </trkpt>
   <trkpt lat="51.177670000000006" lon="5.21109">
    <ele>36.54</ele>
   </trkpt>
   <trkpt lat="51.177620000000005" lon="5.211060000000001">
    <ele>36.54</ele>
   </trkpt>
   <trkpt lat="51.17756000000001" lon="5.211060000000001">
    <ele>36.54</ele>
   </trkpt>
   <trkpt lat="51.177530000000004" lon="5.2111">
    <ele>36.39000000000001</ele>
   </trkpt>
   <trkpt lat="51.177440000000004" lon="5.21081">
    <ele>36.39000000000001</ele>
   </trkpt>
   <trkpt lat="51.17739" lon="5.210500000000001">
    <ele>36.2</ele>
   </trkpt>
   <trkpt lat="51.17738000000001" lon="5.21009">
    <ele>36.22</ele>
   </trkpt>
   <trkpt lat="51.177480002694445" lon="5.209290002002541">
    <ele>36.02</ele>
   </trkpt>
   <trkpt lat="51.177580000000006" lon="5.20849">
    <ele>36.04</ele>
   </trkpt>
   <trkpt lat="51.17756000000001" lon="5.208290000000001">
    <ele>36.06</ele>
   </trkpt>
   <trkpt lat="51.177440000000004" lon="5.20833">
    <ele>36.06</ele>
   </trkpt>
   <trkpt lat="51.17689333516898" lon="5.208796677750943">
    <ele>36.120000000000005</ele>
   </trkpt>
   <trkpt lat="51.17634666848142" lon="5.209263344435259">
    <ele>36.300000000000004</ele>
   </trkpt>
   <trkpt lat="51.1758" lon="5.20973">
    <ele>36.54</ele>
   </trkpt>
   <trkpt lat="51.175230000000006" lon="5.21034">
    <ele>36.6</ele>
   </trkpt>
   <trkpt lat="51.17499" lon="5.210640000000001">
    <ele>36.78</ele>
   </trkpt>
   <trkpt lat="51.174400000000006" lon="5.211670000000001">
    <ele>36.85</ele>
   </trkpt>
   <trkpt lat="51.17418000000001" lon="5.212000000000001">
    <ele>36.730000000000004</ele>
   </trkpt>
   <trkpt lat="51.17361000224224" lon="5.2127250089598585">
    <ele>36.47</ele>
   </trkpt>
   <trkpt lat="51.17304000000001" lon="5.213450000000001">
    <ele>36.46000000000001</ele>
   </trkpt>
   <trkpt lat="51.172470000000004" lon="5.214270000000001">
    <ele>36.59</ele>
   </trkpt>
   <trkpt lat="51.17239000000001" lon="5.214320000000001">
    <ele>36.59</ele>
   </trkpt>
   <trkpt lat="51.171940000000006" lon="5.21499">
    <ele>35.980000000000004</ele>
   </trkpt>
   <trkpt lat="51.17163000134989" lon="5.215550003740798">
    <ele>35.910000000000004</ele>
   </trkpt>
   <trkpt lat="51.17132" lon="5.2161100000000005">
    <ele>35.89000000000001</ele>
   </trkpt>
   <trkpt lat="51.17132" lon="5.216100000000001">
    <ele>35.89000000000001</ele>
   </trkpt>
   <trkpt lat="51.171053343388074" lon="5.215013320717013">
    <ele>35.92</ele>
   </trkpt>
   <trkpt lat="51.17078667670938" lon="5.213926654001566">
    <ele>35.730000000000004</ele>
   </trkpt>
   <trkpt lat="51.17052" lon="5.212840000000001">
    <ele>35.58</ele>
   </trkpt>
   <trkpt lat="51.17033000000001" lon="5.211760000000001">
    <ele>35.42</ele>
   </trkpt>
   <trkpt lat="51.17013000000001" lon="5.21102">
    <ele>35.440000000000005</ele>
   </trkpt>
   <trkpt lat="51.169900000000005" lon="5.210260000000001">
    <ele>35.61</ele>
   </trkpt>
   <trkpt lat="51.17053000000001" lon="5.20964">
    <ele>35.6</ele>
   </trkpt>
   <trkpt lat="51.17087" lon="5.20941">
    <ele>36.0</ele>
   </trkpt>
   <trkpt lat="51.17116000000001" lon="5.209040000000001">
    <ele>36.56</ele>
   </trkpt>
   <trkpt lat="51.17139" lon="5.208810000000001">
    <ele>36.78</ele>
   </trkpt>
   <trkpt lat="51.17161" lon="5.2086500000000004">
    <ele>36.95</ele>
   </trkpt>
   <trkpt lat="51.171870000000006" lon="5.20845">
    <ele>36.7</ele>
   </trkpt>
   <trkpt lat="51.17174000000001" lon="5.207190000000001">
    <ele>36.62</ele>
   </trkpt>
   <trkpt lat="51.17167667998587" lon="5.205939996546704">
    <ele>36.33</ele>
   </trkpt>
   <trkpt lat="51.17161334665152" lon="5.204689996526597">
    <ele>36.06</ele>
   </trkpt>
   <trkpt lat="51.17155" lon="5.2034400000000005">
    <ele>35.93</ele>
   </trkpt>
   <trkpt lat="51.17157" lon="5.20302">
    <ele>35.78000000000001</ele>
   </trkpt>
   <trkpt lat="51.171670002658445" lon="5.202230001727091">
    <ele>35.79</ele>
   </trkpt>
   <trkpt lat="51.17177" lon="5.201440000000001">
    <ele>35.660000000000004</ele>
   </trkpt>
   <trkpt lat="51.17177" lon="5.200100000000001">
    <ele>35.4</ele>
   </trkpt>
   <trkpt lat="51.17179000329763" lon="5.199220000522996">
    <ele>35.4</ele>
   </trkpt>
   <trkpt lat="51.17181" lon="5.198340000000001">
    <ele>35.27</ele>
   </trkpt>
   <trkpt lat="51.17181" lon="5.197590000000001">
    <ele>35.2</ele>
   </trkpt>
   <trkpt lat="51.171730004596206" lon="5.196549998012819">
    <ele>34.96</ele>
   </trkpt>
   <trkpt lat="51.17165000000001" lon="5.1955100000000005">
    <ele>34.81</ele>
   </trkpt>
   <trkpt lat="51.171580000000006" lon="5.19484">
    <ele>34.71</ele>
   </trkpt>
   <trkpt lat="51.1714550024309" lon="5.194084997960642">
    <ele>34.59</ele>
   </trkpt>
   <trkpt lat="51.171330000000005" lon="5.1933300000000004">
    <ele>34.53</ele>
   </trkpt>
   <trkpt lat="51.171092896017605" lon="5.192097104828691">
    <ele>34.46</ele>
   </trkpt>
   <trkpt lat="51.17085577907715" lon="5.190864222335829">
    <ele>34.43</ele>
   </trkpt>
   <trkpt lat="51.17061864917888" lon="5.189631352521873">
    <ele>34.2</ele>
   </trkpt>
   <trkpt lat="51.17038150632299" lon="5.188398495387278">
    <ele>34.0</ele>
   </trkpt>
   <trkpt lat="51.17014435050981" lon="5.1871656509324975">
    <ele>33.92</ele>
   </trkpt>
   <trkpt lat="51.169907181739504" lon="5.185932819157985">
    <ele>33.82</ele>
   </trkpt>
   <trkpt lat="51.16967" lon="5.1847">
    <ele>33.660000000000004</ele>
   </trkpt>
   <trkpt lat="51.1695133416881" lon="5.183709993269477">
    <ele>33.47</ele>
   </trkpt>
   <trkpt lat="51.16935667502074" lon="5.182719993265137">
    <ele>33.43</ele>
   </trkpt>
   <trkpt lat="51.169200000000004" lon="5.181730000000001">
    <ele>33.45</ele>
   </trkpt>
   <trkpt lat="51.16899402587964" lon="5.1804979779894005">
    <ele>33.24</ele>
   </trkpt>
   <trkpt lat="51.168788038819336" lon="5.179265966984096">
    <ele>33.02</ele>
   </trkpt>
   <trkpt lat="51.168582038819295" lon="5.178033966984602">
    <ele>32.830000000000005</ele>
   </trkpt>
   <trkpt lat="51.16837602587974" lon="5.176801977991429">
    <ele>32.900000000000006</ele>
   </trkpt>
   <trkpt lat="51.16817" lon="5.1755700000000004">
    <ele>33.03</ele>
   </trkpt>
   <trkpt lat="51.16799500513504" lon="5.174474995995866">
    <ele>32.879999999999995</ele>
   </trkpt>
   <trkpt lat="51.167820000000006" lon="5.173380000000001">
    <ele>33.02</ele>
   </trkpt>
   <trkpt lat="51.16780000000001" lon="5.173310000000001">
    <ele>33.02</ele>
   </trkpt>
   <trkpt lat="51.167730000000006" lon="5.173190000000001">
    <ele>33.02</ele>
   </trkpt>
   <trkpt lat="51.16738" lon="5.173900000000001">
    <ele>32.97</ele>
   </trkpt>
   <trkpt lat="51.16698" lon="5.1747700000000005">
    <ele>33.09</ele>
   </trkpt>
   <trkpt lat="51.166498603433574" lon="5.175888641473647">
    <ele>33.49</ele>
   </trkpt>
   <trkpt lat="51.16601719619922" lon="5.177007259595815">
    <ele>33.68</ele>
   </trkpt>
   <trkpt lat="51.165535778297325" lon="5.178125854366874">
    <ele>33.940000000000005</ele>
   </trkpt>
   <trkpt lat="51.16505434972833" lon="5.1792444257871955">
    <ele>34.230000000000004</ele>
   </trkpt>
   <trkpt lat="51.16457291049261" lon="5.180362973857152">
    <ele>34.480000000000004</ele>
   </trkpt>
   <trkpt lat="51.16409146059057" lon="5.181481498577115">
    <ele>34.61</ele>
   </trkpt>
   <trkpt lat="51.163610000000006" lon="5.182600000000001">
    <ele>34.78</ele>
   </trkpt>
   <trkpt lat="51.163610000000006" lon="5.18268">
    <ele>34.78</ele>
   </trkpt>
   <trkpt lat="51.16344" lon="5.18306">
    <ele>34.68</ele>
   </trkpt>
   <trkpt lat="51.163250000000005" lon="5.183520000000001">
    <ele>34.550000000000004</ele>
   </trkpt>
   <trkpt lat="51.16321000000001" lon="5.18353">
    <ele>34.550000000000004</ele>
   </trkpt>
   <trkpt lat="51.162805011430486" lon="5.184475024867143">
    <ele>34.28</ele>
   </trkpt>
   <trkpt lat="51.162400015247194" lon="5.185420033140358">
    <ele>33.89</ele>
   </trkpt>
   <trkpt lat="51.1619950114504" lon="5.186365024819864">
    <ele>33.54</ele>
   </trkpt>
   <trkpt lat="51.161590000000004" lon="5.18731">
    <ele>33.14</ele>
   </trkpt>
   <trkpt lat="51.16103717380635" lon="5.188410079095651">
    <ele>32.800000000000004</ele>
   </trkpt>
   <trkpt lat="51.16048433729545" lon="5.189510131825144">
    <ele>32.38</ele>
   </trkpt>
   <trkpt lat="51.15993149046778" lon="5.19061015818914">
    <ele>32.21</ele>
   </trkpt>
   <trkpt lat="51.159378633323776" lon="5.1917101581882985">
    <ele>32.13</ele>
   </trkpt>
   <trkpt lat="51.15882576586388" lon="5.192810131823282">
    <ele>32.18</ele>
   </trkpt>
   <trkpt lat="51.1582728880886" lon="5.193910079094749">
    <ele>32.199999999999996</ele>
   </trkpt>
   <trkpt lat="51.157720000000005" lon="5.195010000000001">
    <ele>32.49</ele>
   </trkpt>
   <trkpt lat="51.15729333872381" lon="5.19580668144008">
    <ele>31.61</ele>
   </trkpt>
   <trkpt lat="51.15686667203636" lon="5.1966033481453655">
    <ele>31.630000000000006</ele>
   </trkpt>
   <trkpt lat="51.15644" lon="5.1974">
    <ele>32.620000000000005</ele>
   </trkpt>
   <trkpt lat="51.15632" lon="5.19728">
    <ele>31.700000000000006</ele>
   </trkpt>
   <trkpt lat="51.15626" lon="5.1972700000000005">
    <ele>31.700000000000006</ele>
   </trkpt>
   <trkpt lat="51.155910000000006" lon="5.19732">
    <ele>31.03</ele>
   </trkpt>
   <trkpt lat="51.155460000000005" lon="5.19726">
    <ele>30.770000000000003</ele>
   </trkpt>
   <trkpt lat="51.15523" lon="5.19725">
    <ele>30.830000000000002</ele>
   </trkpt>
   <trkpt lat="51.15489" lon="5.197310000000001">
    <ele>31.1</ele>
   </trkpt>
   <trkpt lat="51.154740000000004" lon="5.197310000000001">
    <ele>31.1</ele>
   </trkpt>
   <trkpt lat="51.15447" lon="5.1972000000000005">
    <ele>31.41</ele>
   </trkpt>
   <trkpt lat="51.15395" lon="5.19695">
    <ele>32.0</ele>
   </trkpt>
   <trkpt lat="51.153850000000006" lon="5.196940000000001">
    <ele>32.0</ele>
   </trkpt>
   <trkpt lat="51.153600000000004" lon="5.19695">
    <ele>32.77</ele>
   </trkpt>
   <trkpt lat="51.15345000000001" lon="5.19679">
    <ele>32.830000000000005</ele>
   </trkpt>
   <trkpt lat="51.153400000000005" lon="5.196750000000001">
    <ele>32.830000000000005</ele>
   </trkpt>
   <trkpt lat="51.15335" lon="5.19674">
    <ele>32.830000000000005</ele>
   </trkpt>
   <trkpt lat="51.1533" lon="5.19678">
    <ele>32.29</ele>
   </trkpt>
   <trkpt lat="51.15325000000001" lon="5.19688">
    <ele>32.29</ele>
   </trkpt>
   <trkpt lat="51.15312" lon="5.19726">
    <ele>31.93</ele>
   </trkpt>
   <trkpt lat="51.15297" lon="5.197550000000001">
    <ele>31.8</ele>
   </trkpt>
   <trkpt lat="51.15279" lon="5.1977400000000005">
    <ele>31.85</ele>
   </trkpt>
   <trkpt lat="51.15231000000001" lon="5.198">
    <ele>31.970000000000006</ele>
   </trkpt>
   <trkpt lat="51.15167000084881" lon="5.198465006502039">
    <ele>32.36</ele>
   </trkpt>
   <trkpt lat="51.151030000000006" lon="5.198930000000001">
    <ele>32.36</ele>
   </trkpt>
   <trkpt lat="51.15060000057381" lon="5.199260002990785">
    <ele>32.68</ele>
   </trkpt>
   <trkpt lat="51.15017" lon="5.199590000000001">
    <ele>32.910000000000004</ele>
   </trkpt>
   <trkpt lat="51.15005000000001" lon="5.199660000000001">
    <ele>32.720000000000006</ele>
   </trkpt>
   <trkpt lat="51.1495" lon="5.19981">
    <ele>32.92</ele>
   </trkpt>
   <trkpt lat="51.149440000000006" lon="5.19986">
    <ele>32.92</ele>
   </trkpt>
   <trkpt lat="51.149300000000004" lon="5.200130000000001">
    <ele>32.92</ele>
   </trkpt>
   <trkpt lat="51.14885" lon="5.201280000000001">
    <ele>33.300000000000004</ele>
   </trkpt>
   <trkpt lat="51.14876" lon="5.201460000000001">
    <ele>33.300000000000004</ele>
   </trkpt>
   <trkpt lat="51.148250000633" lon="5.201875004668289">
    <ele>33.45</ele>
   </trkpt>
   <trkpt lat="51.147740000000006" lon="5.2022900000000005">
    <ele>33.64</ele>
   </trkpt>
   <trkpt lat="51.14764" lon="5.20246">
    <ele>33.7</ele>
   </trkpt>
   <trkpt lat="51.147310000000004" lon="5.20357">
    <ele>33.88</ele>
   </trkpt>
   <trkpt lat="51.147220000000004" lon="5.20373">
    <ele>33.88</ele>
   </trkpt>
   <trkpt lat="51.14677500145122" lon="5.204315005650498">
    <ele>34.09</ele>
   </trkpt>
   <trkpt lat="51.146330000000006" lon="5.2049">
    <ele>34.370000000000005</ele>
   </trkpt>
   <trkpt lat="51.14582000143891" lon="5.2054750063203254">
    <ele>34.29</ele>
   </trkpt>
   <trkpt lat="51.14531" lon="5.20605">
    <ele>34.58</ele>
   </trkpt>
   <trkpt lat="51.145140000000005" lon="5.20641">
    <ele>34.54</ele>
   </trkpt>
   <trkpt lat="51.145070000000004" lon="5.20645">
    <ele>34.54</ele>
   </trkpt>
   <trkpt lat="51.1444366666765" lon="5.206476667398284">
    <ele>33.96</ele>
   </trkpt>
   <trkpt lat="51.14380333334693" lon="5.20650333406478">
    <ele>33.97</ele>
   </trkpt>
   <trkpt lat="51.143170000000005" lon="5.206530000000001">
    <ele>34.550000000000004</ele>
   </trkpt>
   <trkpt lat="51.14307" lon="5.206580000000001">
    <ele>34.59</ele>
   </trkpt>
   <trkpt lat="51.142970000000005" lon="5.20675">
    <ele>34.58</ele>
   </trkpt>
   <trkpt lat="51.14289" lon="5.20685">
    <ele>34.58</ele>
   </trkpt>
   <trkpt lat="51.142770000000006" lon="5.2069">
    <ele>34.43</ele>
   </trkpt>
   <trkpt lat="51.14251" lon="5.20694">
    <ele>34.38</ele>
   </trkpt>
   <trkpt lat="51.142450000000004" lon="5.206950000000001">
    <ele>34.36</ele>
   </trkpt>
   <trkpt lat="51.14233" lon="5.20692">
    <ele>34.36</ele>
   </trkpt>
   <trkpt lat="51.14199000000001" lon="5.20666">
    <ele>34.39</ele>
   </trkpt>
   <trkpt lat="51.141740000000006" lon="5.20638">
    <ele>34.34</ele>
   </trkpt>
   <trkpt lat="51.14128500180097" lon="5.205724993503637">
    <ele>34.06</ele>
   </trkpt>
   <trkpt lat="51.14083" lon="5.20507">
    <ele>34.080000000000005</ele>
   </trkpt>
   <trkpt lat="51.14074" lon="5.2049900000000004">
    <ele>34.080000000000005</ele>
   </trkpt>
   <trkpt lat="51.14047000000001" lon="5.20486">
    <ele>33.980000000000004</ele>
   </trkpt>
   <trkpt lat="51.13983" lon="5.20457">
    <ele>33.99</ele>
   </trkpt>
   <trkpt lat="51.13974" lon="5.204560000000001">
    <ele>33.99</ele>
   </trkpt>
   <trkpt lat="51.13962" lon="5.2046">
    <ele>34.03</ele>
   </trkpt>
   <trkpt lat="51.138953334758774" lon="5.205010011845789">
    <ele>34.1</ele>
   </trkpt>
   <trkpt lat="51.1382866680841" lon="5.2054200118505">
    <ele>34.38</ele>
   </trkpt>
   <trkpt lat="51.137620000000005" lon="5.205830000000001">
    <ele>34.74</ele>
   </trkpt>
   <trkpt lat="51.13752" lon="5.20582">
    <ele>34.82</ele>
   </trkpt>
   <trkpt lat="51.13747000000001" lon="5.20579">
    <ele>34.82</ele>
   </trkpt>
   <trkpt lat="51.137460000000004" lon="5.20579">
    <ele>34.81</ele>
   </trkpt>
   <trkpt lat="51.137420000000006" lon="5.2057400000000005">
    <ele>34.81</ele>
   </trkpt>
   <trkpt lat="51.137040000000006" lon="5.2050600000000005">
    <ele>34.78</ele>
   </trkpt>
   <trkpt lat="51.13636001035531" lon="5.204159960228645">
    <ele>34.800000000000004</ele>
   </trkpt>
   <trkpt lat="51.135680013803196" lon="5.203259946967453">
    <ele>34.870000000000005</ele>
   </trkpt>
   <trkpt lat="51.13500001034397" lon="5.2023599602152695">
    <ele>35.190000000000005</ele>
   </trkpt>
   <trkpt lat="51.13432" lon="5.201460000000001">
    <ele>35.730000000000004</ele>
   </trkpt>
   <trkpt lat="51.13439" lon="5.200950000000001">
    <ele>35.480000000000004</ele>
   </trkpt>
   <trkpt lat="51.134525007063004" lon="5.199665003540528">
    <ele>34.86</ele>
   </trkpt>
   <trkpt lat="51.134660000000004" lon="5.19838">
    <ele>34.550000000000004</ele>
   </trkpt>
   <trkpt lat="51.134690000000006" lon="5.19793">
    <ele>34.550000000000004</ele>
   </trkpt>
   <trkpt lat="51.13468" lon="5.197520000000001">
    <ele>34.60000000000001</ele>
   </trkpt>
   <trkpt lat="51.1346350058419" lon="5.196349998999602">
    <ele>34.43</ele>
   </trkpt>
   <trkpt lat="51.13459" lon="5.195180000000001">
    <ele>34.370000000000005</ele>
   </trkpt>
   <trkpt lat="51.13431289693658" lon="5.193932812248076">
    <ele>34.38</ele>
   </trkpt>
   <trkpt lat="51.1340357806092" lon="5.192685639465462">
    <ele>33.980000000000004</ele>
   </trkpt>
   <trkpt lat="51.13375865101819" lon="5.191438481652546">
    <ele>33.57</ele>
   </trkpt>
   <trkpt lat="51.133481508163825" lon="5.1901913388097185">
    <ele>33.160000000000004</ele>
   </trkpt>
   <trkpt lat="51.13320435204639" lon="5.1889442109373665">
    <ele>32.52</ele>
   </trkpt>
   <trkpt lat="51.13292718266617" lon="5.187697098035879">
    <ele>32.269999999999996</ele>
   </trkpt>
   <trkpt lat="51.132650000000005" lon="5.186450000000001">
    <ele>31.790000000000006</ele>
   </trkpt>
   <trkpt lat="51.132570009222604" lon="5.185409996387426">
    <ele>31.71</ele>
   </trkpt>
   <trkpt lat="51.13249000922188" lon="5.184369996378088">
    <ele>31.630000000000006</ele>
   </trkpt>
   <trkpt lat="51.13241000000001" lon="5.183330000000001">
    <ele>31.87</ele>
   </trkpt>
   <trkpt lat="51.13242" lon="5.18311">
    <ele>32.010000000000005</ele>
   </trkpt>
   <trkpt lat="51.13246" lon="5.182980000000001">
    <ele>32.440000000000005</ele>
   </trkpt>
   <trkpt lat="51.13251" lon="5.182880000000001">
    <ele>32.440000000000005</ele>
   </trkpt>
   <trkpt lat="51.13215" lon="5.18219">
    <ele>32.07</ele>
   </trkpt>
   <trkpt lat="51.131910000000005" lon="5.18179">
    <ele>32.31</ele>
   </trkpt>
   <trkpt lat="51.1317" lon="5.18149">
    <ele>32.31</ele>
   </trkpt>
   <trkpt lat="51.131310000000006" lon="5.18104">
    <ele>32.75</ele>
   </trkpt>
   <trkpt lat="51.130735001275156" lon="5.180524993716983">
    <ele>33.14</ele>
   </trkpt>
   <trkpt lat="51.130160000000004" lon="5.18001">
    <ele>33.300000000000004</ele>
   </trkpt>
   <trkpt lat="51.12988000000001" lon="5.17971">
    <ele>33.580000000000005</ele>
   </trkpt>
   <trkpt lat="51.1298" lon="5.17957">
    <ele>33.580000000000005</ele>
   </trkpt>
   <trkpt lat="51.12959000000001" lon="5.1791100000000005">
    <ele>33.75</ele>
   </trkpt>
   <trkpt lat="51.129470000000005" lon="5.178590000000001">
    <ele>33.96</ele>
   </trkpt>
   <trkpt lat="51.12941000000001" lon="5.1782">
    <ele>34.06</ele>
   </trkpt>
   <trkpt lat="51.12926" lon="5.177530000000001">
    <ele>34.14</ele>
   </trkpt>
   <trkpt lat="51.12917" lon="5.17726">
    <ele>34.15</ele>
   </trkpt>
   <trkpt lat="51.12873000911108" lon="5.176226646990095">
    <ele>34.02</ele>
   </trkpt>
   <trkpt lat="51.1282900091163" lon="5.17519331366934">
    <ele>34.06</ele>
   </trkpt>
   <trkpt lat="51.12785" lon="5.1741600000000005">
    <ele>34.02</ele>
   </trkpt>
   <trkpt lat="51.127770000000005" lon="5.173920000000001">
    <ele>34.02</ele>
   </trkpt>
   <trkpt lat="51.127720000000004" lon="5.173690000000001">
    <ele>33.95</ele>
   </trkpt>
   <trkpt lat="51.127700000000004" lon="5.17351">
    <ele>33.95</ele>
   </trkpt>
   <trkpt lat="51.127675004229175" lon="5.172514999772512">
    <ele>33.79</ele>
   </trkpt>
   <trkpt lat="51.12765" lon="5.17152">
    <ele>33.77</ele>
   </trkpt>
   <trkpt lat="51.12762000000001" lon="5.17128">
    <ele>33.77</ele>
   </trkpt>
   <trkpt lat="51.127520000000004" lon="5.170940000000001">
    <ele>33.830000000000005</ele>
   </trkpt>
   <trkpt lat="51.12709" lon="5.170030000000001">
    <ele>33.67</ele>
   </trkpt>
   <trkpt lat="51.126990000000006" lon="5.16987">
    <ele>33.67</ele>
   </trkpt>
   <trkpt lat="51.1263150032528" lon="5.168999987318552">
    <ele>33.54</ele>
   </trkpt>
   <trkpt lat="51.125640000000004" lon="5.168130000000001">
    <ele>33.47</ele>
   </trkpt>
   <trkpt lat="51.1255" lon="5.16793">
    <ele>33.47</ele>
   </trkpt>
   <trkpt lat="51.12502333993165" lon="5.167049981826971">
    <ele>33.59</ele>
   </trkpt>
   <trkpt lat="51.12454667325912" lon="5.1661699818164415">
    <ele>33.660000000000004</ele>
   </trkpt>
   <trkpt lat="51.12407" lon="5.165290000000001">
    <ele>33.89</ele>
   </trkpt>
   <trkpt lat="51.124" lon="5.1650100000000005">
    <ele>33.89</ele>
   </trkpt>
   <trkpt lat="51.123990000000006" lon="5.164680000000001">
    <ele>34.1</ele>
   </trkpt>
   <trkpt lat="51.124010000000006" lon="5.16448">
    <ele>34.1</ele>
   </trkpt>
   <trkpt lat="51.124230000000004" lon="5.16316">
    <ele>34.25</ele>
   </trkpt>
   <trkpt lat="51.12427" lon="5.16267">
    <ele>34.06</ele>
   </trkpt>
   <trkpt lat="51.12425" lon="5.161300000000001">
    <ele>33.04</ele>
   </trkpt>
   <trkpt lat="51.124230000000004" lon="5.160850000000001">
    <ele>32.690000000000005</ele>
   </trkpt>
   <trkpt lat="51.12411500521742" lon="5.159744997354273">
    <ele>32.86</ele>
   </trkpt>
   <trkpt lat="51.124" lon="5.15864">
    <ele>31.290000000000006</ele>
   </trkpt>
   <trkpt lat="51.12402" lon="5.158320000000001">
    <ele>31.230000000000004</ele>
   </trkpt>
   <trkpt lat="51.12407" lon="5.15803">
    <ele>31.230000000000004</ele>
   </trkpt>
   <trkpt lat="51.12422" lon="5.1576">
    <ele>30.78</ele>
   </trkpt>
   <trkpt lat="51.12431" lon="5.157500000000001">
    <ele>30.46</ele>
   </trkpt>
   <trkpt lat="51.124773338998054" lon="5.156686682942424">
    <ele>30.220000000000002</ele>
   </trkpt>
   <trkpt lat="51.125236672354866" lon="5.155873349568111">
    <ele>29.68</ele>
   </trkpt>
   <trkpt lat="51.1257" lon="5.155060000000001">
    <ele>29.53</ele>
   </trkpt>
   <trkpt lat="51.126282018024575" lon="5.15403205181269">
    <ele>29.18</ele>
   </trkpt>
   <trkpt lat="51.12686402703772" lon="5.153004077719043">
    <ele>28.900000000000002</ele>
   </trkpt>
   <trkpt lat="51.12744602703903" lon="5.151976077718265">
    <ele>28.89</ele>
   </trkpt>
   <trkpt lat="51.128028018028076" lon="5.1509480518095705">
    <ele>29.290000000000003</ele>
   </trkpt>
   <trkpt lat="51.12861" lon="5.149920000000001">
    <ele>29.800000000000004</ele>
   </trkpt>
   <trkpt lat="51.128690000000006" lon="5.14972">
    <ele>29.800000000000004</ele>
   </trkpt>
   <trkpt lat="51.128780000000006" lon="5.149380000000001">
    <ele>29.990000000000002</ele>
   </trkpt>
   <trkpt lat="51.128820000000005" lon="5.148890000000001">
    <ele>30.050000000000004</ele>
   </trkpt>
   <trkpt lat="51.128820000000005" lon="5.148630000000001">
    <ele>30.050000000000004</ele>
   </trkpt>
   <trkpt lat="51.128795007095945" lon="5.147339999325923">
    <ele>29.53</ele>
   </trkpt>
   <trkpt lat="51.12877" lon="5.146050000000001">
    <ele>28.950000000000003</ele>
   </trkpt>
   <trkpt lat="51.12872" lon="5.145670000000001">
    <ele>28.950000000000003</ele>
   </trkpt>
   <trkpt lat="51.128640000000004" lon="5.1453500000000005">
    <ele>28.950000000000003</ele>
   </trkpt>
   <trkpt lat="51.128420000000006" lon="5.14461">
    <ele>29.43</ele>
   </trkpt>
   <trkpt lat="51.128310000000006" lon="5.1441300000000005">
    <ele>30.21</ele>
   </trkpt>
   <trkpt lat="51.128280000000004" lon="5.143820000000001">
    <ele>30.680000000000003</ele>
   </trkpt>
   <trkpt lat="51.128260000000004" lon="5.143190000000001">
    <ele>32.07</ele>
   </trkpt>
   <trkpt lat="51.12835802439758" lon="5.141994010136165">
    <ele>34.93</ele>
   </trkpt>
   <trkpt lat="51.12845603659709" lon="5.140798015195833">
    <ele>34.25</ele>
   </trkpt>
   <trkpt lat="51.12855403659847" lon="5.139602015179598">
    <ele>31.27</ele>
   </trkpt>
   <trkpt lat="51.1286520244016" lon="5.138406010088051">
    <ele>28.380000000000003</ele>
   </trkpt>
   <trkpt lat="51.128750000000004" lon="5.1372100000000005">
    <ele>27.610000000000003</ele>
   </trkpt>
   <trkpt lat="51.12876000000001" lon="5.13703">
    <ele>27.610000000000003</ele>
   </trkpt>
   <trkpt lat="51.12876000000001" lon="5.1368100000000005">
    <ele>27.500000000000004</ele>
   </trkpt>
   <trkpt lat="51.128730000000004" lon="5.13659">
    <ele>27.500000000000004</ele>
   </trkpt>
   <trkpt lat="51.12865000000001" lon="5.1363">
    <ele>27.48</ele>
   </trkpt>
   <trkpt lat="51.128310000000006" lon="5.13527">
    <ele>27.37</ele>
   </trkpt>
   <trkpt lat="51.12794" lon="5.134460000000001">
    <ele>26.98</ele>
   </trkpt>
   <trkpt lat="51.12754" lon="5.133660000000001">
    <ele>26.660000000000004</ele>
   </trkpt>
   <trkpt lat="51.12733000000001" lon="5.133400000000001">
    <ele>26.69</ele>
   </trkpt>
   <trkpt lat="51.12717000000001" lon="5.13325">
    <ele>26.560000000000002</ele>
   </trkpt>
   <trkpt lat="51.126540000890465" lon="5.132804993962811">
    <ele>26.590000000000003</ele>
   </trkpt>
   <trkpt lat="51.125910000000005" lon="5.13236">
    <ele>26.660000000000004</ele>
   </trkpt>
   <trkpt lat="51.12552" lon="5.132160000000001">
    <ele>26.6</ele>
   </trkpt>
   <trkpt lat="51.12536000000001" lon="5.1321">
    <ele>26.53</ele>
   </trkpt>
   <trkpt lat="51.124520000000004" lon="5.13194">
    <ele>26.29</ele>
   </trkpt>
   <trkpt lat="51.12427" lon="5.131830000000001">
    <ele>26.330000000000002</ele>
   </trkpt>
   <trkpt lat="51.12407" lon="5.13168">
    <ele>26.310000000000002</ele>
   </trkpt>
   <trkpt lat="51.12377000000001" lon="5.13137">
    <ele>26.21</ele>
   </trkpt>
   <trkpt lat="51.123490000000004" lon="5.131150000000001">
    <ele>26.240000000000002</ele>
   </trkpt>
   <trkpt lat="51.122730000595986" lon="5.130759993556656">
    <ele>26.85</ele>
   </trkpt>
   <trkpt lat="51.121970000000005" lon="5.13037">
    <ele>26.92</ele>
   </trkpt>
   <trkpt lat="51.12158" lon="5.130120000000001">
    <ele>26.79</ele>
   </trkpt>
   <trkpt lat="51.12135000000001" lon="5.12987">
    <ele>26.69</ele>
   </trkpt>
   <trkpt lat="51.12086000000001" lon="5.1294">
    <ele>26.71</ele>
   </trkpt>
   <trkpt lat="51.120346669031306" lon="5.128873321628265">
    <ele>26.42</ele>
   </trkpt>
   <trkpt lat="51.11983333569698" lon="5.1283466549607715">
    <ele>26.340000000000003</ele>
   </trkpt>
   <trkpt lat="51.11932" lon="5.127820000000001">
    <ele>26.29</ele>
   </trkpt>
   <trkpt lat="51.11867500108738" lon="5.127284992420589">
    <ele>26.64</ele>
   </trkpt>
   <trkpt lat="51.118030000000005" lon="5.12675">
    <ele>26.71</ele>
   </trkpt>
   <trkpt lat="51.11798" lon="5.12668">
    <ele>26.71</ele>
   </trkpt>
   <trkpt lat="51.11744753314737" lon="5.1256261649919">
    <ele>26.46</ele>
   </trkpt>
   <trkpt lat="51.11691505682355" lon="5.12457235427356">
    <ele>26.320000000000004</ele>
   </trkpt>
   <trkpt lat="51.11638257102892" lon="5.1235185678443935">
    <ele>26.17</ele>
   </trkpt>
   <trkpt lat="51.115850075763916" lon="5.1224648057038085">
    <ele>26.35</ele>
   </trkpt>
   <trkpt lat="51.11531757102889" lon="5.121411067851217">
    <ele>26.320000000000004</ele>
   </trkpt>
   <trkpt lat="51.11478505682428" lon="5.1203573542860275">
    <ele>25.900000000000002</ele>
   </trkpt>
   <trkpt lat="51.11425253315046" lon="5.119303665007652">
    <ele>25.51</ele>
   </trkpt>
   <trkpt lat="51.11372" lon="5.118250000000001">
    <ele>24.91</ele>
   </trkpt>
   <trkpt lat="51.11348667520541" lon="5.11724998994406">
    <ele>24.520000000000003</ele>
   </trkpt>
   <trkpt lat="51.11325334188203" lon="5.116249989986894">
    <ele>24.450000000000003</ele>
   </trkpt>
   <trkpt lat="51.113020000000006" lon="5.1152500000000005">
    <ele>24.85</ele>
   </trkpt>
   <trkpt lat="51.11234000010119" lon="5.115169998831497">
    <ele>23.950000000000003</ele>
   </trkpt>
   <trkpt lat="51.11166000000001" lon="5.11509">
    <ele>24.610000000000003</ele>
   </trkpt>
   <trkpt lat="51.111480003217345" lon="5.114224996758659">
    <ele>24.46</ele>
   </trkpt>
   <trkpt lat="51.11130000000001" lon="5.11336">
    <ele>24.290000000000003</ele>
   </trkpt>
   <trkpt lat="51.11102" lon="5.1124">
    <ele>24.19</ele>
   </trkpt>
   <trkpt lat="51.11092000000001" lon="5.11186">
    <ele>24.19</ele>
   </trkpt>
   <trkpt lat="51.110910000000004" lon="5.11165">
    <ele>24.35</ele>
   </trkpt>
   <trkpt lat="51.11093" lon="5.1113800000000005">
    <ele>24.35</ele>
   </trkpt>
   <trkpt lat="51.11099" lon="5.11097">
    <ele>24.400000000000002</ele>
   </trkpt>
   <trkpt lat="51.11117" lon="5.110060000000001">
    <ele>24.380000000000003</ele>
   </trkpt>
   <trkpt lat="51.111340000000006" lon="5.109450000000001">
    <ele>24.21</ele>
   </trkpt>
   <trkpt lat="51.111600003012974" lon="5.108600005004792">
    <ele>24.19</ele>
   </trkpt>
   <trkpt lat="51.11186000000001" lon="5.10775">
    <ele>24.130000000000003</ele>
   </trkpt>
   <trkpt lat="51.112025002940456" lon="5.106915003147367">
    <ele>24.01</ele>
   </trkpt>
   <trkpt lat="51.112190000000005" lon="5.10608">
    <ele>23.720000000000002</ele>
   </trkpt>
   <trkpt lat="51.11222" lon="5.10569">
    <ele>23.720000000000002</ele>
   </trkpt>
   <trkpt lat="51.112210002905634" lon="5.104865000083835">
    <ele>23.55</ele>
   </trkpt>
   <trkpt lat="51.1122" lon="5.10404">
    <ele>23.87</ele>
   </trkpt>
   <trkpt lat="51.112120000000004" lon="5.104080000000001">
    <ele>23.87</ele>
   </trkpt>
   <trkpt lat="51.111720000000005" lon="5.1048100000000005">
    <ele>22.9</ele>
   </trkpt>
   <trkpt lat="51.111610000000006" lon="5.10498">
    <ele>22.7</ele>
   </trkpt>
   <trkpt lat="51.11150000000001" lon="5.105110000000001">
    <ele>22.660000000000004</ele>
   </trkpt>
   <trkpt lat="51.11137" lon="5.105200000000001">
    <ele>22.660000000000004</ele>
   </trkpt>
   <trkpt lat="51.11108" lon="5.10533">
    <ele>22.6</ele>
   </trkpt>
   <trkpt lat="51.11093" lon="5.10538">
    <ele>22.6</ele>
   </trkpt>
   <trkpt lat="51.11075" lon="5.10541">
    <ele>22.62</ele>
   </trkpt>
   <trkpt lat="51.11018000000001" lon="5.10545">
    <ele>22.680000000000003</ele>
   </trkpt>
   <trkpt lat="51.11003" lon="5.105510000000001">
    <ele>22.680000000000003</ele>
   </trkpt>
   <trkpt lat="51.10989000000001" lon="5.105580000000001">
    <ele>22.81</ele>
   </trkpt>
   <trkpt lat="51.10976" lon="5.105670000000001">
    <ele>22.81</ele>
   </trkpt>
   <trkpt lat="51.109440000000006" lon="5.10595">
    <ele>22.860000000000003</ele>
   </trkpt>
   <trkpt lat="51.10925" lon="5.10608">
    <ele>22.8</ele>
   </trkpt>
   <trkpt lat="51.10872000030722" lon="5.106315002663077">
    <ele>22.94</ele>
   </trkpt>
   <trkpt lat="51.10819000000001" lon="5.10655">
    <ele>22.910000000000004</ele>
   </trkpt>
   <trkpt lat="51.107800000000005" lon="5.1067">
    <ele>23.000000000000004</ele>
   </trkpt>
   <trkpt lat="51.107040000284435" lon="5.106895003175018">
    <ele>23.03</ele>
   </trkpt>
   <trkpt lat="51.106280000000005" lon="5.10709">
    <ele>22.94</ele>
   </trkpt>
   <trkpt lat="51.106100000000005" lon="5.10712">
    <ele>22.820000000000004</ele>
   </trkpt>
   <trkpt lat="51.106" lon="5.107100000000001">
    <ele>22.820000000000004</ele>
   </trkpt>
   <trkpt lat="51.105830000000005" lon="5.107010000000001">
    <ele>22.79</ele>
   </trkpt>
   <trkpt lat="51.105650000000004" lon="5.10681">
    <ele>22.820000000000004</ele>
   </trkpt>
   <trkpt lat="51.10530000000001" lon="5.106000000000001">
    <ele>22.61</ele>
   </trkpt>
   <trkpt lat="51.105070000000005" lon="5.105230000000001">
    <ele>22.930000000000003</ele>
   </trkpt>
   <trkpt lat="51.1049" lon="5.1052800000000005">
    <ele>22.7</ele>
   </trkpt>
   <trkpt lat="51.1047" lon="5.105300000000001">
    <ele>22.63</ele>
   </trkpt>
   <trkpt lat="51.103860000000005" lon="5.10522">
    <ele>22.76</ele>
   </trkpt>
   <trkpt lat="51.10343" lon="5.10527">
    <ele>22.88</ele>
   </trkpt>
   <trkpt lat="51.10324000000001" lon="5.10533">
    <ele>22.930000000000003</ele>
   </trkpt>
   <trkpt lat="51.102810000000005" lon="5.10552">
    <ele>23.040000000000003</ele>
   </trkpt>
   <trkpt lat="51.10208000198188" lon="5.105996681692192">
    <ele>23.950000000000003</ele>
   </trkpt>
   <trkpt lat="51.1013500020257" lon="5.106473348329941">
    <ele>25.28</ele>
   </trkpt>
   <trkpt lat="51.100620000000006" lon="5.10695">
    <ele>27.250000000000004</ele>
   </trkpt>
   <trkpt lat="51.10040000000001" lon="5.10707">
    <ele>28.05</ele>
   </trkpt>
   <trkpt lat="51.1002" lon="5.107150000000001">
    <ele>28.39</ele>
   </trkpt>
   <trkpt lat="51.09984000000001" lon="5.107220000000001">
    <ele>28.85</ele>
   </trkpt>
   <trkpt lat="51.099470000000004" lon="5.1071800000000005">
    <ele>29.240000000000002</ele>
   </trkpt>
   <trkpt lat="51.09929" lon="5.107130000000001">
    <ele>29.380000000000003</ele>
   </trkpt>
   <trkpt lat="51.09843750148647" lon="5.106787481048662">
    <ele>29.39</ele>
   </trkpt>
   <trkpt lat="51.0975850019723" lon="5.106444974728238">
    <ele>28.880000000000003</ele>
   </trkpt>
   <trkpt lat="51.09673250145753" lon="5.106102481037895">
    <ele>27.080000000000002</ele>
   </trkpt>
   <trkpt lat="51.09588" lon="5.10576">
    <ele>24.84</ele>
   </trkpt>
   <trkpt lat="51.09566" lon="5.10569">
    <ele>23.950000000000003</ele>
   </trkpt>
   <trkpt lat="51.095220000000005" lon="5.10562">
    <ele>23.270000000000003</ele>
   </trkpt>
   <trkpt lat="51.094390000000004" lon="5.105580000000001">
    <ele>22.89</ele>
   </trkpt>
   <trkpt lat="51.09382" lon="5.10552">
    <ele>24.200000000000003</ele>
   </trkpt>
   <trkpt lat="51.093630000000005" lon="5.10547">
    <ele>24.77</ele>
   </trkpt>
   <trkpt lat="51.09300000013162" lon="5.1052199965405585">
    <ele>27.66</ele>
   </trkpt>
   <trkpt lat="51.09237" lon="5.104970000000001">
    <ele>29.740000000000002</ele>
   </trkpt>
   <trkpt lat="51.09217" lon="5.104920000000001">
    <ele>29.730000000000004</ele>
   </trkpt>
   <trkpt lat="51.09197" lon="5.104900000000001">
    <ele>29.460000000000004</ele>
   </trkpt>
   <trkpt lat="51.091750000000005" lon="5.10493">
    <ele>28.87</ele>
   </trkpt>
   <trkpt lat="51.091530000000006" lon="5.10501">
    <ele>28.01</ele>
   </trkpt>
   <trkpt lat="51.09120000000001" lon="5.105250000000001">
    <ele>26.81</ele>
   </trkpt>
   <trkpt lat="51.09078" lon="5.10571">
    <ele>24.03</ele>
   </trkpt>
   <trkpt lat="51.09042" lon="5.1059600000000005">
    <ele>22.840000000000003</ele>
   </trkpt>
   <trkpt lat="51.08977500013011" lon="5.106180003094222">
    <ele>22.590000000000003</ele>
   </trkpt>
   <trkpt lat="51.089130000000004" lon="5.106400000000001">
    <ele>22.61</ele>
   </trkpt>
   <trkpt lat="51.08883" lon="5.10648">
    <ele>22.7</ele>
   </trkpt>
   <trkpt lat="51.08854" lon="5.106520000000001">
    <ele>22.7</ele>
   </trkpt>
   <trkpt lat="51.087830000000004" lon="5.106540000000001">
    <ele>22.67</ele>
   </trkpt>
   <trkpt lat="51.087030000048195" lon="5.106473331028056">
    <ele>22.55</ele>
   </trkpt>
   <trkpt lat="51.08623000005847" lon="5.106406664362294">
    <ele>22.860000000000003</ele>
   </trkpt>
   <trkpt lat="51.08543" lon="5.10634">
    <ele>22.96</ele>
   </trkpt>
   <trkpt lat="51.085210000000004" lon="5.10627">
    <ele>22.950000000000003</ele>
   </trkpt>
   <trkpt lat="51.084990000000005" lon="5.10618">
    <ele>23.040000000000003</ele>
   </trkpt>
   <trkpt lat="51.08473000000001" lon="5.106000000000001">
    <ele>23.13</ele>
   </trkpt>
   <trkpt lat="51.08449" lon="5.1058">
    <ele>23.4</ele>
   </trkpt>
   <trkpt lat="51.08446000000001" lon="5.10573">
    <ele>23.55</ele>
   </trkpt>
   <trkpt lat="51.08429" lon="5.10555">
    <ele>23.87</ele>
   </trkpt>
   <trkpt lat="51.08422" lon="5.1055">
    <ele>23.87</ele>
   </trkpt>
   <trkpt lat="51.08422" lon="5.10519">
    <ele>23.73</ele>
   </trkpt>
   <trkpt lat="51.08419000000001" lon="5.104850000000001">
    <ele>23.73</ele>
   </trkpt>
   <trkpt lat="51.08410000000001" lon="5.10449">
    <ele>23.650000000000002</ele>
   </trkpt>
   <trkpt lat="51.08374334338923" lon="5.103403316523173">
    <ele>23.76</ele>
   </trkpt>
   <trkpt lat="51.08338667670496" lon="5.102316649803202">
    <ele>23.73</ele>
   </trkpt>
   <trkpt lat="51.08303" lon="5.10123">
    <ele>23.21</ele>
   </trkpt>
   <trkpt lat="51.082860000000004" lon="5.1006100000000005">
    <ele>23.13</ele>
   </trkpt>
   <trkpt lat="51.082675002886845" lon="5.09978499662826">
    <ele>22.72</ele>
   </trkpt>
   <trkpt lat="51.08249000000001" lon="5.098960000000001">
    <ele>22.71</ele>
   </trkpt>
   <trkpt lat="51.08229000000001" lon="5.09769">
    <ele>22.160000000000004</ele>
   </trkpt>
   <trkpt lat="51.082170000000005" lon="5.096640000000001">
    <ele>22.1</ele>
   </trkpt>
   <trkpt lat="51.08209" lon="5.095400000000001">
    <ele>22.18</ele>
   </trkpt>
   <trkpt lat="51.08205" lon="5.09412">
    <ele>22.03</ele>
   </trkpt>
   <trkpt lat="51.082060000000006" lon="5.093850000000001">
    <ele>22.03</ele>
   </trkpt>
   <trkpt lat="51.08205" lon="5.093540000000001">
    <ele>22.11</ele>
   </trkpt>
   <trkpt lat="51.08198" lon="5.09327">
    <ele>22.230000000000004</ele>
   </trkpt>
   <trkpt lat="51.08190500232008" lon="5.092529998646057">
    <ele>22.160000000000004</ele>
   </trkpt>
   <trkpt lat="51.081830000000004" lon="5.0917900000000005">
    <ele>22.250000000000004</ele>
   </trkpt>
   <trkpt lat="51.081790000000005" lon="5.09121">
    <ele>22.340000000000003</ele>
   </trkpt>
   <trkpt lat="51.08171" lon="5.0905700000000005">
    <ele>22.28</ele>
   </trkpt>
   <trkpt lat="51.081700000000005" lon="5.090210000000001">
    <ele>22.26</ele>
   </trkpt>
   <trkpt lat="51.08166000000001" lon="5.090210000000001">
    <ele>22.26</ele>
   </trkpt>
   <trkpt lat="51.08133" lon="5.0900300000000005">
    <ele>22.19</ele>
   </trkpt>
   <trkpt lat="51.0812" lon="5.0898900000000005">
    <ele>22.19</ele>
   </trkpt>
   <trkpt lat="51.08109" lon="5.089700000000001">
    <ele>22.62</ele>
   </trkpt>
   <trkpt lat="51.080940000000005" lon="5.08929">
    <ele>22.71</ele>
   </trkpt>
   <trkpt lat="51.080890000000004" lon="5.089090000000001">
    <ele>22.71</ele>
   </trkpt>
   <trkpt lat="51.08077" lon="5.08826">
    <ele>22.7</ele>
   </trkpt>
   <trkpt lat="51.08066" lon="5.08696">
    <ele>23.470000000000002</ele>
   </trkpt>
   <trkpt lat="51.080490000000005" lon="5.08589">
    <ele>23.860000000000003</ele>
   </trkpt>
   <trkpt lat="51.08039" lon="5.0846800000000005">
    <ele>23.330000000000002</ele>
   </trkpt>
   <trkpt lat="51.08041000000001" lon="5.08384">
    <ele>22.860000000000003</ele>
   </trkpt>
   <trkpt lat="51.080380000000005" lon="5.083600000000001">
    <ele>22.94</ele>
   </trkpt>
   <trkpt lat="51.080360000000006" lon="5.083500000000001">
    <ele>22.910000000000004</ele>
   </trkpt>
   <trkpt lat="51.08003" lon="5.0827">
    <ele>23.000000000000004</ele>
   </trkpt>
   <trkpt lat="51.079860000000004" lon="5.08209">
    <ele>23.000000000000004</ele>
   </trkpt>
   <trkpt lat="51.079820000000005" lon="5.0818">
    <ele>23.000000000000004</ele>
   </trkpt>
   <trkpt lat="51.07977500227558" lon="5.081069999330987">
    <ele>22.930000000000003</ele>
   </trkpt>
   <trkpt lat="51.079730000000005" lon="5.0803400000000005">
    <ele>22.950000000000003</ele>
   </trkpt>
   <trkpt lat="51.079640000000005" lon="5.07922">
    <ele>22.56</ele>
   </trkpt>
  </trkseg>
 </trk>
</gpx>
