<?xml version="1.0" encoding="UTF-8"?>
<gpx creator="StravaGPX" version="1.1" xmlns="http://www.topografix.com/GPX/1/1" xmlns:xsi="http://www.w3.org/2001/XMLSchema-instance" xsi:schemaLocation="http://www.topografix.com/GPX/1/1 http://www.topografix.com/GPX/1/1/gpx.xsd">
 <metadata>
  <name>Twan Rond St Truiden</name>
  <author>
   <name>Joeri Scapicchio</name>
   <link href="https://www.strava.com/athletes/2447439"/>
  </author>
  <copyright author="OpenStreetMap contributors">
   <year>2020</year>
   <license>https://www.openstreetmap.org/copyright</license>
  </copyright>
  <link href="https://www.strava.com/routes/2829259524058316778"/>
 </metadata>
 <trk>
  <name>Twan Rond St Truiden</name>
  <link href="https://www.strava.com/routes/2829259524058316778"/>
  <type>cycling</type>
  <trkseg>
   <trkpt lat="51.069630000000004" lon="5.08987">
    <ele>22.88</ele>
   </trkpt>
   <trkpt lat="51.069720000000004" lon="5.089110000000001">
    <ele>23.06</ele>
   </trkpt>
   <trkpt lat="51.06982000000001" lon="5.08847">
    <ele>23.06</ele>
   </trkpt>
   <trkpt lat="51.06998" lon="5.08732">
    <ele>22.740000000000002</ele>
   </trkpt>
   <trkpt lat="51.070130000000006" lon="5.086830000000001">
    <ele>22.7</ele>
   </trkpt>
   <trkpt lat="51.0703" lon="5.08645">
    <ele>22.73</ele>
   </trkpt>
   <trkpt lat="51.07047000000001" lon="5.08617">
    <ele>22.73</ele>
   </trkpt>
   <trkpt lat="51.070640000000004" lon="5.08595">
    <ele>22.500000000000004</ele>
   </trkpt>
   <trkpt lat="51.07059" lon="5.085920000000001">
    <ele>22.500000000000004</ele>
   </trkpt>
   <trkpt lat="51.07043" lon="5.0861">
    <ele>22.55</ele>
   </trkpt>
   <trkpt lat="51.0703" lon="5.08612">
    <ele>22.62</ele>
   </trkpt>
   <trkpt lat="51.070150000000005" lon="5.08605">
    <ele>22.72</ele>
   </trkpt>
   <trkpt lat="51.070060000000005" lon="5.086080000000001">
    <ele>22.85</ele>
   </trkpt>
   <trkpt lat="51.06998" lon="5.08605">
    <ele>22.85</ele>
   </trkpt>
   <trkpt lat="51.069880000000005" lon="5.086040000000001">
    <ele>22.930000000000003</ele>
   </trkpt>
   <trkpt lat="51.06935499982495" lon="5.086080000467593">
    <ele>23.590000000000003</ele>
   </trkpt>
   <trkpt lat="51.068830000000005" lon="5.08612">
    <ele>23.990000000000002</ele>
   </trkpt>
   <trkpt lat="51.068720000000006" lon="5.086130000000001">
    <ele>24.12</ele>
   </trkpt>
   <trkpt lat="51.06841000000001" lon="5.08609">
    <ele>24.87</ele>
   </trkpt>
   <trkpt lat="51.06784000014169" lon="5.085979998662732">
    <ele>25.730000000000004</ele>
   </trkpt>
   <trkpt lat="51.06727000000001" lon="5.085870000000001">
    <ele>26.750000000000004</ele>
   </trkpt>
   <trkpt lat="51.06712" lon="5.08593">
    <ele>26.6</ele>
   </trkpt>
   <trkpt lat="51.06696" lon="5.08605">
    <ele>26.580000000000002</ele>
   </trkpt>
   <trkpt lat="51.066500000000005" lon="5.08624">
    <ele>26.950000000000003</ele>
   </trkpt>
   <trkpt lat="51.06627" lon="5.086270000000001">
    <ele>27.13</ele>
   </trkpt>
   <trkpt lat="51.066030000000005" lon="5.08636">
    <ele>27.46</ele>
   </trkpt>
   <trkpt lat="51.06533" lon="5.0869">
    <ele>26.81</ele>
   </trkpt>
   <trkpt lat="51.065090000000005" lon="5.08701">
    <ele>26.840000000000003</ele>
   </trkpt>
   <trkpt lat="51.064980000000006" lon="5.08701">
    <ele>26.92</ele>
   </trkpt>
   <trkpt lat="51.06465000000001" lon="5.08713">
    <ele>27.090000000000003</ele>
   </trkpt>
   <trkpt lat="51.06456000000001" lon="5.08718">
    <ele>27.51</ele>
   </trkpt>
   <trkpt lat="51.06454" lon="5.0872">
    <ele>27.51</ele>
   </trkpt>
   <trkpt lat="51.06458000000001" lon="5.08731">
    <ele>27.51</ele>
   </trkpt>
   <trkpt lat="51.06468" lon="5.088220000000001">
    <ele>27.14</ele>
   </trkpt>
   <trkpt lat="51.064640000000004" lon="5.088240000000001">
    <ele>27.14</ele>
   </trkpt>
   <trkpt lat="51.06459" lon="5.08832">
    <ele>27.4</ele>
   </trkpt>
   <trkpt lat="51.06459" lon="5.0884">
    <ele>27.4</ele>
   </trkpt>
   <trkpt lat="51.064280000000004" lon="5.088500000000001">
    <ele>27.67</ele>
   </trkpt>
   <trkpt lat="51.0637650000352" lon="5.08863000145558">
    <ele>28.35</ele>
   </trkpt>
   <trkpt lat="51.063250000000004" lon="5.088760000000001">
    <ele>29.740000000000002</ele>
   </trkpt>
   <trkpt lat="51.06269" lon="5.08886">
    <ele>30.980000000000004</ele>
   </trkpt>
   <trkpt lat="51.06215" lon="5.08891">
    <ele>32.93</ele>
   </trkpt>
   <trkpt lat="51.06147333330364" lon="5.088953334603">
    <ele>35.07</ele>
   </trkpt>
   <trkpt lat="51.06079666659124" lon="5.088996667939238">
    <ele>37.22</ele>
   </trkpt>
   <trkpt lat="51.060120000000005" lon="5.089040000000001">
    <ele>38.17</ele>
   </trkpt>
   <trkpt lat="51.059830000000005" lon="5.0890200000000005">
    <ele>38.330000000000005</ele>
   </trkpt>
   <trkpt lat="51.05906" lon="5.089040000000001">
    <ele>38.35</ele>
   </trkpt>
   <trkpt lat="51.05883000000001" lon="5.089090000000001">
    <ele>38.17</ele>
   </trkpt>
   <trkpt lat="51.05807" lon="5.08907">
    <ele>37.78</ele>
   </trkpt>
   <trkpt lat="51.057460000000006" lon="5.088970000000001">
    <ele>37.49</ele>
   </trkpt>
   <trkpt lat="51.05702" lon="5.0889500000000005">
    <ele>37.49</ele>
   </trkpt>
   <trkpt lat="51.05673" lon="5.088900000000001">
    <ele>37.49</ele>
   </trkpt>
   <trkpt lat="51.056360000000005" lon="5.0888100000000005">
    <ele>37.410000000000004</ele>
   </trkpt>
   <trkpt lat="51.055870000093215" lon="5.088659998411839">
    <ele>37.34</ele>
   </trkpt>
   <trkpt lat="51.05538000000001" lon="5.08851">
    <ele>36.94</ele>
   </trkpt>
   <trkpt lat="51.05509000000001" lon="5.08846">
    <ele>36.54</ele>
   </trkpt>
   <trkpt lat="51.05430500068376" lon="5.088232488436561">
    <ele>35.11</ele>
   </trkpt>
   <trkpt lat="51.05352000092588" lon="5.088004984586516">
    <ele>32.879999999999995</ele>
   </trkpt>
   <trkpt lat="51.05273500072637" lon="5.087777488449391">
    <ele>31.290000000000006</ele>
   </trkpt>
   <trkpt lat="51.051950000000005" lon="5.08755">
    <ele>30.240000000000002</ele>
   </trkpt>
   <trkpt lat="51.05191000000001" lon="5.0875200000000005">
    <ele>30.240000000000002</ele>
   </trkpt>
   <trkpt lat="51.051840000000006" lon="5.08751">
    <ele>29.93</ele>
   </trkpt>
   <trkpt lat="51.051730000000006" lon="5.08757">
    <ele>30.060000000000002</ele>
   </trkpt>
   <trkpt lat="51.05167" lon="5.087540000000001">
    <ele>29.910000000000004</ele>
   </trkpt>
   <trkpt lat="51.05163" lon="5.08755">
    <ele>29.910000000000004</ele>
   </trkpt>
   <trkpt lat="51.051520000000004" lon="5.08748">
    <ele>29.5</ele>
   </trkpt>
   <trkpt lat="51.05144000000001" lon="5.087490000000001">
    <ele>29.5</ele>
   </trkpt>
   <trkpt lat="51.05118" lon="5.087420000000001">
    <ele>29.130000000000003</ele>
   </trkpt>
   <trkpt lat="51.050740000000005" lon="5.08736">
    <ele>28.71</ele>
   </trkpt>
   <trkpt lat="51.050700000000006" lon="5.0877300000000005">
    <ele>28.610000000000003</ele>
   </trkpt>
   <trkpt lat="51.04999250788736" lon="5.0885150359746305">
    <ele>27.840000000000003</ele>
   </trkpt>
   <trkpt lat="51.049285010516286" lon="5.089300047965391">
    <ele>26.930000000000003</ele>
   </trkpt>
   <trkpt lat="51.048577507887096" lon="5.090085035973443">
    <ele>26.490000000000002</ele>
   </trkpt>
   <trkpt lat="51.04787" lon="5.090870000000001">
    <ele>26.45</ele>
   </trkpt>
   <trkpt lat="51.04762" lon="5.091150000000001">
    <ele>26.46</ele>
   </trkpt>
   <trkpt lat="51.04737" lon="5.09137">
    <ele>26.410000000000004</ele>
   </trkpt>
   <trkpt lat="51.04679500104408" lon="5.091870006226462">
    <ele>26.150000000000002</ele>
   </trkpt>
   <trkpt lat="51.046220000000005" lon="5.092370000000001">
    <ele>25.78</ele>
   </trkpt>
   <trkpt lat="51.04571000000001" lon="5.09274">
    <ele>25.43</ele>
   </trkpt>
   <trkpt lat="51.04515500032869" lon="5.093085004244873">
    <ele>25.210000000000004</ele>
   </trkpt>
   <trkpt lat="51.0446" lon="5.093430000000001">
    <ele>24.900000000000002</ele>
   </trkpt>
   <trkpt lat="51.04383666754638" lon="5.093763344348441">
    <ele>23.970000000000002</ele>
   </trkpt>
   <trkpt lat="51.0430733341446" lon="5.094096677711438">
    <ele>24.43</ele>
   </trkpt>
   <trkpt lat="51.04231000000001" lon="5.09443">
    <ele>25.150000000000002</ele>
   </trkpt>
   <trkpt lat="51.04211" lon="5.09447">
    <ele>25.150000000000002</ele>
   </trkpt>
   <trkpt lat="51.041650000000004" lon="5.0944400000000005">
    <ele>25.400000000000002</ele>
   </trkpt>
   <trkpt lat="51.04144" lon="5.09449">
    <ele>25.400000000000002</ele>
   </trkpt>
   <trkpt lat="51.04122" lon="5.09464">
    <ele>25.640000000000004</ele>
   </trkpt>
   <trkpt lat="51.04059333665023" lon="5.095260016736112">
    <ele>26.230000000000004</ele>
   </trkpt>
   <trkpt lat="51.039966670020135" lon="5.095880016699626">
    <ele>27.500000000000004</ele>
   </trkpt>
   <trkpt lat="51.03934" lon="5.096500000000001">
    <ele>29.53</ele>
   </trkpt>
   <trkpt lat="51.03923" lon="5.096590000000001">
    <ele>29.960000000000004</ele>
   </trkpt>
   <trkpt lat="51.03876000007784" lon="5.096810002291894">
    <ele>30.810000000000002</ele>
   </trkpt>
   <trkpt lat="51.03829" lon="5.09703">
    <ele>33.39</ele>
   </trkpt>
   <trkpt lat="51.038000000000004" lon="5.09726">
    <ele>33.440000000000005</ele>
   </trkpt>
   <trkpt lat="51.03786" lon="5.09745">
    <ele>34.34</ele>
   </trkpt>
   <trkpt lat="51.0377" lon="5.097580000000001">
    <ele>34.72</ele>
   </trkpt>
   <trkpt lat="51.03748" lon="5.097650000000001">
    <ele>35.64000000000001</ele>
   </trkpt>
   <trkpt lat="51.03728" lon="5.097650000000001">
    <ele>35.64000000000001</ele>
   </trkpt>
   <trkpt lat="51.0367799999981" lon="5.097614999621828">
    <ele>37.24</ele>
   </trkpt>
   <trkpt lat="51.036280000000005" lon="5.097580000000001">
    <ele>38.89</ele>
   </trkpt>
   <trkpt lat="51.036150000000006" lon="5.097580000000001">
    <ele>39.089999999999996</ele>
   </trkpt>
   <trkpt lat="51.03604000000001" lon="5.097600000000001">
    <ele>39.27</ele>
   </trkpt>
   <trkpt lat="51.03595000000001" lon="5.09764">
    <ele>39.370000000000005</ele>
   </trkpt>
   <trkpt lat="51.03513" lon="5.09815">
    <ele>39.03</ele>
   </trkpt>
   <trkpt lat="51.034467502100405" lon="5.098557517492834">
    <ele>37.61000000000001</ele>
   </trkpt>
   <trkpt lat="51.03380500278366" lon="5.098965023333748">
    <ele>34.21</ele>
   </trkpt>
   <trkpt lat="51.033142502049806" lon="5.09937251752333">
    <ele>29.490000000000002</ele>
   </trkpt>
   <trkpt lat="51.03248000000001" lon="5.09978">
    <ele>26.230000000000004</ele>
   </trkpt>
   <trkpt lat="51.03238" lon="5.0998600000000005">
    <ele>26.230000000000004</ele>
   </trkpt>
   <trkpt lat="51.032180000000004" lon="5.100090000000001">
    <ele>25.740000000000002</ele>
   </trkpt>
   <trkpt lat="51.031560000000006" lon="5.10088">
    <ele>23.57</ele>
   </trkpt>
   <trkpt lat="51.03134000000001" lon="5.10109">
    <ele>23.69</ele>
   </trkpt>
   <trkpt lat="51.03132" lon="5.10104">
    <ele>23.6</ele>
   </trkpt>
   <trkpt lat="51.031220000000005" lon="5.10116">
    <ele>23.6</ele>
   </trkpt>
   <trkpt lat="51.03052501603724" lon="5.1020267316323515">
    <ele>22.750000000000004</ele>
   </trkpt>
   <trkpt lat="51.02983002566371" lon="5.102893437271117">
    <ele>22.72</ele>
   </trkpt>
   <trkpt lat="51.02913502887976" lon="5.103760116917479">
    <ele>22.8</ele>
   </trkpt>
   <trkpt lat="51.028440025685754" lon="5.104626770572623">
    <ele>22.660000000000004</ele>
   </trkpt>
   <trkpt lat="51.02774501608206" lon="5.1054933982377335">
    <ele>22.740000000000002</ele>
   </trkpt>
   <trkpt lat="51.02705" lon="5.1063600000000005">
    <ele>22.67</ele>
   </trkpt>
   <trkpt lat="51.026428346322845" lon="5.107140052293251">
    <ele>22.44</ele>
   </trkpt>
   <trkpt lat="51.02580668745287" lon="5.107920083663885">
    <ele>22.64</ele>
   </trkpt>
   <trkpt lat="51.02518502339035" lon="5.108700094112752">
    <ele>22.820000000000004</ele>
   </trkpt>
   <trkpt lat="51.02456335413554" lon="5.109480083640704">
    <ele>22.860000000000003</ele>
   </trkpt>
   <trkpt lat="51.023941679688676" lon="5.11026005224859">
    <ele>22.79</ele>
   </trkpt>
   <trkpt lat="51.023320000000005" lon="5.11104">
    <ele>22.910000000000004</ele>
   </trkpt>
   <trkpt lat="51.02317000000001" lon="5.11129">
    <ele>22.9</ele>
   </trkpt>
   <trkpt lat="51.02269000148833" lon="5.111880006105221">
    <ele>23.250000000000004</ele>
   </trkpt>
   <trkpt lat="51.02221" lon="5.11247">
    <ele>24.560000000000002</ele>
   </trkpt>
   <trkpt lat="51.02228" lon="5.1127">
    <ele>24.55</ele>
   </trkpt>
   <trkpt lat="51.022490000000005" lon="5.11244">
    <ele>23.950000000000003</ele>
   </trkpt>
   <trkpt lat="51.022560000000006" lon="5.112290000000001">
    <ele>23.66</ele>
   </trkpt>
   <trkpt lat="51.02326000000001" lon="5.111400000000001">
    <ele>23.200000000000003</ele>
   </trkpt>
   <trkpt lat="51.023360000000004" lon="5.1112400000000004">
    <ele>23.1</ele>
   </trkpt>
   <trkpt lat="51.02402858931343" lon="5.110404358027363">
    <ele>23.14</ele>
   </trkpt>
   <trkpt lat="51.024697172667146" lon="5.109568691950423">
    <ele>23.110000000000003</ele>
   </trkpt>
   <trkpt lat="51.02536575006081" lon="5.108733001768123">
    <ele>23.12</ele>
   </trkpt>
   <trkpt lat="51.0260343214941" lon="5.107897287479407">
    <ele>22.98</ele>
   </trkpt>
   <trkpt lat="51.02670288696672" lon="5.107061549083221">
    <ele>22.88</ele>
   </trkpt>
   <trkpt lat="51.02737144647833" lon="5.1062257865785075">
    <ele>23.01</ele>
   </trkpt>
   <trkpt lat="51.028040000000004" lon="5.105390000000001">
    <ele>22.98</ele>
   </trkpt>
   <trkpt lat="51.02868000826018" lon="5.104587533222756">
    <ele>22.76</ele>
   </trkpt>
   <trkpt lat="51.02932001102464" lon="5.103785044283995">
    <ele>22.860000000000003</ele>
   </trkpt>
   <trkpt lat="51.02996000829307" lon="5.10298253318279">
    <ele>22.9</ele>
   </trkpt>
   <trkpt lat="51.03060000000001" lon="5.102180000000001">
    <ele>23.000000000000004</ele>
   </trkpt>
   <trkpt lat="51.03107000000001" lon="5.1016">
    <ele>23.19</ele>
   </trkpt>
   <trkpt lat="51.03119" lon="5.10149">
    <ele>23.200000000000003</ele>
   </trkpt>
   <trkpt lat="51.03126" lon="5.10139">
    <ele>23.270000000000003</ele>
   </trkpt>
   <trkpt lat="51.03123" lon="5.1012200000000005">
    <ele>23.610000000000003</ele>
   </trkpt>
   <trkpt lat="51.031130000000005" lon="5.101360000000001">
    <ele>23.360000000000003</ele>
   </trkpt>
   <trkpt lat="51.0311" lon="5.101310000000001">
    <ele>23.39</ele>
   </trkpt>
   <trkpt lat="51.030418027750244" lon="5.102160112564648">
    <ele>22.750000000000004</ele>
   </trkpt>
   <trkpt lat="51.029736049333216" lon="5.103010200111538">
    <ele>22.72</ele>
   </trkpt>
   <trkpt lat="51.02905406474923" lon="5.103860262641792">
    <ele>22.8</ele>
   </trkpt>
   <trkpt lat="51.028372073998625" lon="5.104710300156526">
    <ele>22.660000000000004</ele>
   </trkpt>
   <trkpt lat="51.02769007708175" lon="5.105560312656864">
    <ele>22.740000000000002</ele>
   </trkpt>
   <trkpt lat="51.0270080739989" lon="5.10641030014392">
    <ele>22.67</ele>
   </trkpt>
   <trkpt lat="51.02632606475045" lon="5.107260262618815">
    <ele>22.44</ele>
   </trkpt>
   <trkpt lat="51.025644049336705" lon="5.108110200082667">
    <ele>22.7</ele>
   </trkpt>
   <trkpt lat="51.02496202775801" lon="5.108960112536596">
    <ele>22.820000000000004</ele>
   </trkpt>
   <trkpt lat="51.024280000000005" lon="5.10981">
    <ele>22.98</ele>
   </trkpt>
   <trkpt lat="51.023800001510004" lon="5.110425006501078">
    <ele>22.79</ele>
   </trkpt>
   <trkpt lat="51.023320000000005" lon="5.11104">
    <ele>22.910000000000004</ele>
   </trkpt>
   <trkpt lat="51.02317000000001" lon="5.11129">
    <ele>22.9</ele>
   </trkpt>
   <trkpt lat="51.02248201261932" lon="5.112150051056915">
    <ele>23.500000000000004</ele>
   </trkpt>
   <trkpt lat="51.02179401892593" lon="5.113010076587587">
    <ele>25.130000000000003</ele>
   </trkpt>
   <trkpt lat="51.02110601892021" lon="5.1138700765931695">
    <ele>26.88</ele>
   </trkpt>
   <trkpt lat="51.020418012602484" lon="5.114730051074811">
    <ele>29.990000000000002</ele>
   </trkpt>
   <trkpt lat="51.01973" lon="5.11559">
    <ele>34.39</ele>
   </trkpt>
   <trkpt lat="51.019760000000005" lon="5.1156500000000005">
    <ele>34.39</ele>
   </trkpt>
   <trkpt lat="51.01923000000001" lon="5.11629">
    <ele>35.370000000000005</ele>
   </trkpt>
   <trkpt lat="51.01852502339965" lon="5.1171750941896335">
    <ele>37.98</ele>
   </trkpt>
   <trkpt lat="51.01782004011341" lon="5.118060161464852">
    <ele>37.540000000000006</ele>
   </trkpt>
   <trkpt lat="51.01711505014169" lon="5.1189452018268975">
    <ele>34.54</ele>
   </trkpt>
   <trkpt lat="51.01641005348482" lon="5.11983021527701">
    <ele>32.5</ele>
   </trkpt>
   <trkpt lat="51.015705050143225" lon="5.120715201816429">
    <ele>32.040000000000006</ele>
   </trkpt>
   <trkpt lat="51.01500004011723" lon="5.121600161446395">
    <ele>31.830000000000002</ele>
   </trkpt>
   <trkpt lat="51.01429502340723" lon="5.122485094168148">
    <ele>31.650000000000002</ele>
   </trkpt>
   <trkpt lat="51.01359" lon="5.12337">
    <ele>31.94</ele>
   </trkpt>
   <trkpt lat="51.01343000000001" lon="5.1235100000000005">
    <ele>31.98</ele>
   </trkpt>
   <trkpt lat="51.013180000000006" lon="5.123900000000001">
    <ele>32.230000000000004</ele>
   </trkpt>
   <trkpt lat="51.01306" lon="5.124040000000001">
    <ele>32.36</ele>
   </trkpt>
   <trkpt lat="51.01297" lon="5.1241200000000005">
    <ele>32.29</ele>
   </trkpt>
   <trkpt lat="51.012890000000006" lon="5.124090000000001">
    <ele>32.32</ele>
   </trkpt>
   <trkpt lat="51.012800000000006" lon="5.1241200000000005">
    <ele>32.42</ele>
   </trkpt>
   <trkpt lat="51.012750000000004" lon="5.1241900000000005">
    <ele>32.42</ele>
   </trkpt>
   <trkpt lat="51.01272" lon="5.12429">
    <ele>32.64</ele>
   </trkpt>
   <trkpt lat="51.012710000000006" lon="5.124420000000001">
    <ele>32.64</ele>
   </trkpt>
   <trkpt lat="51.012640000000005" lon="5.124560000000001">
    <ele>32.940000000000005</ele>
   </trkpt>
   <trkpt lat="51.01245" lon="5.124790000000001">
    <ele>33.150000000000006</ele>
   </trkpt>
   <trkpt lat="51.012350000000005" lon="5.1249400000000005">
    <ele>33.410000000000004</ele>
   </trkpt>
   <trkpt lat="51.011725002549404" lon="5.125710010353149">
    <ele>34.77</ele>
   </trkpt>
   <trkpt lat="51.011100000000006" lon="5.126480000000001">
    <ele>37.2</ele>
   </trkpt>
   <trkpt lat="51.01057000570126" lon="5.127147522887329">
    <ele>40.81</ele>
   </trkpt>
   <trkpt lat="51.0100400075994" lon="5.127815030518823">
    <ele>42.84</ele>
   </trkpt>
   <trkpt lat="51.00951000569458" lon="5.128482522895012">
    <ele>44.97</ele>
   </trkpt>
   <trkpt lat="51.00898" lon="5.12915">
    <ele>44.56</ele>
   </trkpt>
   <trkpt lat="51.008304575961105" lon="5.129995577661115">
    <ele>40.07</ele>
   </trkpt>
   <trkpt lat="51.00762914581953" lon="5.130841130696304">
    <ele>36.50000000000001</ele>
   </trkpt>
   <trkpt lat="51.00695370957562" lon="5.13168665910666">
    <ele>34.010000000000005</ele>
   </trkpt>
   <trkpt lat="51.0062782672297" lon="5.13253216289327">
    <ele>32.220000000000006</ele>
   </trkpt>
   <trkpt lat="51.0056028187821" lon="5.13337764205722">
    <ele>30.35</ele>
   </trkpt>
   <trkpt lat="51.004927364233126" lon="5.134223096599601">
    <ele>29.060000000000002</ele>
   </trkpt>
   <trkpt lat="51.00425190358312" lon="5.1350685265215">
    <ele>28.5</ele>
   </trkpt>
   <trkpt lat="51.0035764368324" lon="5.135913931824004">
    <ele>28.71</ele>
   </trkpt>
   <trkpt lat="51.00290096398128" lon="5.136759312508203">
    <ele>28.73</ele>
   </trkpt>
   <trkpt lat="51.00222548503011" lon="5.137604668575183">
    <ele>29.200000000000003</ele>
   </trkpt>
   <trkpt lat="51.00155" lon="5.138450000000001">
    <ele>29.32</ele>
   </trkpt>
   <trkpt lat="51.00115500099838" lon="5.1389550044146075">
    <ele>29.560000000000002</ele>
   </trkpt>
   <trkpt lat="51.00076000000001" lon="5.139460000000001">
    <ele>29.78</ele>
   </trkpt>
   <trkpt lat="51.00019" lon="5.14013">
    <ele>30.220000000000002</ele>
   </trkpt>
   <trkpt lat="50.99982000089056" lon="5.1406000038144075">
    <ele>30.36</ele>
   </trkpt>
   <trkpt lat="50.99945" lon="5.14107">
    <ele>30.26</ele>
   </trkpt>
   <trkpt lat="50.99916" lon="5.14137">
    <ele>29.78</ele>
   </trkpt>
   <trkpt lat="50.998870000000004" lon="5.1416200000000005">
    <ele>29.14</ele>
   </trkpt>
   <trkpt lat="50.998650000000005" lon="5.141870000000001">
    <ele>28.040000000000003</ele>
   </trkpt>
   <trkpt lat="50.998450000000005" lon="5.14224">
    <ele>26.63</ele>
   </trkpt>
   <trkpt lat="50.99813" lon="5.14275">
    <ele>25.120000000000005</ele>
   </trkpt>
   <trkpt lat="50.997690001834464" lon="5.143400006117543">
    <ele>24.450000000000003</ele>
   </trkpt>
   <trkpt lat="50.99725" lon="5.14405">
    <ele>24.19</ele>
   </trkpt>
   <trkpt lat="50.99718000000001" lon="5.144150000000001">
    <ele>24.16</ele>
   </trkpt>
   <trkpt lat="50.99684500106654" lon="5.144655003678879">
    <ele>24.040000000000003</ele>
   </trkpt>
   <trkpt lat="50.99651" lon="5.145160000000001">
    <ele>23.930000000000003</ele>
   </trkpt>
   <trkpt lat="50.99638" lon="5.14543">
    <ele>23.930000000000003</ele>
   </trkpt>
   <trkpt lat="50.99626000000001" lon="5.1458">
    <ele>23.98</ele>
   </trkpt>
   <trkpt lat="50.995922521133984" lon="5.147085028071738">
    <ele>23.98</ele>
   </trkpt>
   <trkpt lat="50.995585028172364" lon="5.148370037452154">
    <ele>23.96</ele>
   </trkpt>
   <trkpt lat="50.9952475211155" lon="5.149655028140962">
    <ele>23.96</ele>
   </trkpt>
   <trkpt lat="50.994910000000004" lon="5.15094">
    <ele>24.23</ele>
   </trkpt>
   <trkpt lat="50.99484" lon="5.1513800000000005">
    <ele>24.17</ele>
   </trkpt>
   <trkpt lat="50.99469500545047" lon="5.152510003527146">
    <ele>24.62</ele>
   </trkpt>
   <trkpt lat="50.994550000000004" lon="5.15364">
    <ele>24.91</ele>
   </trkpt>
   <trkpt lat="50.994460000000004" lon="5.154070000000001">
    <ele>25.080000000000002</ele>
   </trkpt>
   <trkpt lat="50.994350000000004" lon="5.1544300000000005">
    <ele>25.43</ele>
   </trkpt>
   <trkpt lat="50.99423" lon="5.1547">
    <ele>25.67</ele>
   </trkpt>
   <trkpt lat="50.994060000000005" lon="5.155010000000001">
    <ele>26.17</ele>
   </trkpt>
   <trkpt lat="50.993880000000004" lon="5.15523">
    <ele>26.53</ele>
   </trkpt>
   <trkpt lat="50.99321333760107" lon="5.155936686964299">
    <ele>29.09</ele>
   </trkpt>
   <trkpt lat="50.99254667093915" lon="5.156643353625554">
    <ele>31.86</ele>
   </trkpt>
   <trkpt lat="50.99188" lon="5.15735">
    <ele>33.86</ele>
   </trkpt>
   <trkpt lat="50.991580000000006" lon="5.15774">
    <ele>34.370000000000005</ele>
   </trkpt>
   <trkpt lat="50.99139" lon="5.15808">
    <ele>35.01</ele>
   </trkpt>
   <trkpt lat="50.99119" lon="5.15866">
    <ele>35.7</ele>
   </trkpt>
   <trkpt lat="50.99085853681797" lon="5.159872411607329">
    <ele>36.72</ele>
   </trkpt>
   <trkpt lat="50.99052706108791" lon="5.161084805897083">
    <ele>36.65</ele>
   </trkpt>
   <trkpt lat="50.99019557281017" lon="5.1622971828690645">
    <ele>37.28</ele>
   </trkpt>
   <trkpt lat="50.98986407198506" lon="5.163509542523069">
    <ele>38.49</ele>
   </trkpt>
   <trkpt lat="50.98953255861292" lon="5.164721884858891">
    <ele>40.980000000000004</ele>
   </trkpt>
   <trkpt lat="50.98920103269407" lon="5.165934209876329">
    <ele>44.50000000000001</ele>
   </trkpt>
   <trkpt lat="50.98886949422884" lon="5.16714651757518">
    <ele>48.370000000000005</ele>
   </trkpt>
   <trkpt lat="50.988537943217544" lon="5.168358807955241">
    <ele>51.58</ele>
   </trkpt>
   <trkpt lat="50.98820637966053" lon="5.169571081016308">
    <ele>54.64</ele>
   </trkpt>
   <trkpt lat="50.98787480355813" lon="5.170783336758179">
    <ele>56.61000000000001</ele>
   </trkpt>
   <trkpt lat="50.98754321491066" lon="5.17199557518065">
    <ele>58.25</ele>
   </trkpt>
   <trkpt lat="50.98721161371843" lon="5.173207796283519">
    <ele>60.04</ele>
   </trkpt>
   <trkpt lat="50.986880000000006" lon="5.1744200000000005">
    <ele>60.63</ele>
   </trkpt>
   <trkpt lat="50.986810000000006" lon="5.17466">
    <ele>60.260000000000005</ele>
   </trkpt>
   <trkpt lat="50.98662" lon="5.174950000000001">
    <ele>59.67000000000001</ele>
   </trkpt>
   <trkpt lat="50.98648000000001" lon="5.17537">
    <ele>58.09</ele>
   </trkpt>
   <trkpt lat="50.986148366678904" lon="5.176620044662127">
    <ele>55.440000000000005</ele>
   </trkpt>
   <trkpt lat="50.98581672001826" lon="5.177870071462965">
    <ele>52.46000000000001</ele>
   </trkpt>
   <trkpt lat="50.98548506001842" lon="5.179120080402263">
    <ele>50.21</ele>
   </trkpt>
   <trkpt lat="50.98515338667971" lon="5.180370071479766">
    <ele>48.1</ele>
   </trkpt>
   <trkpt lat="50.984821700002506" lon="5.181620044695225">
    <ele>44.94</ele>
   </trkpt>
   <trkpt lat="50.98449" lon="5.18287">
    <ele>41.88</ele>
   </trkpt>
   <trkpt lat="50.98443" lon="5.18313">
    <ele>41.88</ele>
   </trkpt>
   <trkpt lat="50.9844" lon="5.18336">
    <ele>41.88</ele>
   </trkpt>
   <trkpt lat="50.984390000000005" lon="5.183590000000001">
    <ele>40.980000000000004</ele>
   </trkpt>
   <trkpt lat="50.984410000000004" lon="5.183820000000001">
    <ele>40.2</ele>
   </trkpt>
   <trkpt lat="50.984600005414464" lon="5.1849449954677675">
    <ele>38.24</ele>
   </trkpt>
   <trkpt lat="50.984790000000004" lon="5.186070000000001">
    <ele>36.88</ele>
   </trkpt>
   <trkpt lat="50.98472" lon="5.186070000000001">
    <ele>36.87</ele>
   </trkpt>
   <trkpt lat="50.984660000000005" lon="5.186030000000001">
    <ele>36.76</ele>
   </trkpt>
   <trkpt lat="50.984360006852285" lon="5.185133321709842">
    <ele>35.75</ele>
   </trkpt>
   <trkpt lat="50.98406000684069" lon="5.184236655008684">
    <ele>35.76</ele>
   </trkpt>
   <trkpt lat="50.983760000000004" lon="5.18334">
    <ele>35.29</ele>
   </trkpt>
   <trkpt lat="50.983760000000004" lon="5.183350000000001">
    <ele>35.29</ele>
   </trkpt>
   <trkpt lat="50.9836" lon="5.182860000000001">
    <ele>34.99</ele>
   </trkpt>
   <trkpt lat="50.98279500055395" lon="5.183180005502202">
    <ele>29.14</ele>
   </trkpt>
   <trkpt lat="50.98199" lon="5.1835">
    <ele>26.520000000000003</ele>
   </trkpt>
   <trkpt lat="50.98171000000001" lon="5.1836400000000005">
    <ele>26.150000000000002</ele>
   </trkpt>
   <trkpt lat="50.98105500107992" lon="5.184125006786077">
    <ele>25.23</ele>
   </trkpt>
   <trkpt lat="50.9804" lon="5.18461">
    <ele>25.0</ele>
   </trkpt>
   <trkpt lat="50.9802" lon="5.1848">
    <ele>24.92</ele>
   </trkpt>
   <trkpt lat="50.97991000219656" lon="5.185530004756289">
    <ele>24.240000000000002</ele>
   </trkpt>
   <trkpt lat="50.979620000000004" lon="5.186260000000001">
    <ele>23.970000000000002</ele>
   </trkpt>
   <trkpt lat="50.979510000000005" lon="5.1865000000000006">
    <ele>23.880000000000003</ele>
   </trkpt>
   <trkpt lat="50.979330000000004" lon="5.186680000000001">
    <ele>23.87</ele>
   </trkpt>
   <trkpt lat="50.97874" lon="5.187">
    <ele>22.9</ele>
   </trkpt>
   <trkpt lat="50.978550000000006" lon="5.187080000000001">
    <ele>22.9</ele>
   </trkpt>
   <trkpt lat="50.97833000000001" lon="5.18714">
    <ele>22.55</ele>
   </trkpt>
   <trkpt lat="50.97786000000001" lon="5.187200000000001">
    <ele>22.500000000000004</ele>
   </trkpt>
   <trkpt lat="50.97710000005607" lon="5.187260000978804">
    <ele>22.22</ele>
   </trkpt>
   <trkpt lat="50.97634000000001" lon="5.187320000000001">
    <ele>21.92</ele>
   </trkpt>
   <trkpt lat="50.97636000000001" lon="5.187320000000001">
    <ele>21.92</ele>
   </trkpt>
   <trkpt lat="50.975880000000004" lon="5.187360000000001">
    <ele>22.21</ele>
   </trkpt>
   <trkpt lat="50.97578000000001" lon="5.1874">
    <ele>22.21</ele>
   </trkpt>
   <trkpt lat="50.9757" lon="5.1875100000000005">
    <ele>22.45</ele>
   </trkpt>
   <trkpt lat="50.974892502236855" lon="5.1870949783675755">
    <ele>22.240000000000002</ele>
   </trkpt>
   <trkpt lat="50.97408500300324" lon="5.186679971168062">
    <ele>22.680000000000003</ele>
   </trkpt>
   <trkpt lat="50.973277502299254" lon="5.18626497840057">
    <ele>21.92</ele>
   </trkpt>
   <trkpt lat="50.97247" lon="5.18585">
    <ele>21.830000000000002</ele>
   </trkpt>
   <trkpt lat="50.97213000000001" lon="5.18562">
    <ele>21.94</ele>
   </trkpt>
   <trkpt lat="50.971700000000006" lon="5.185250000000001">
    <ele>22.09</ele>
   </trkpt>
   <trkpt lat="50.97139000000001" lon="5.18505">
    <ele>22.520000000000003</ele>
   </trkpt>
   <trkpt lat="50.971210000000006" lon="5.18498">
    <ele>22.770000000000003</ele>
   </trkpt>
   <trkpt lat="50.970890000000004" lon="5.1849300000000005">
    <ele>23.110000000000003</ele>
   </trkpt>
   <trkpt lat="50.97073" lon="5.184920000000001">
    <ele>23.360000000000003</ele>
   </trkpt>
   <trkpt lat="50.97005000000001" lon="5.18498">
    <ele>22.46</ele>
   </trkpt>
   <trkpt lat="50.96958000000001" lon="5.1851">
    <ele>22.12</ele>
   </trkpt>
   <trkpt lat="50.96936" lon="5.18512">
    <ele>21.900000000000002</ele>
   </trkpt>
   <trkpt lat="50.969120000000004" lon="5.18512">
    <ele>21.900000000000002</ele>
   </trkpt>
   <trkpt lat="50.96885" lon="5.18508">
    <ele>21.910000000000004</ele>
   </trkpt>
   <trkpt lat="50.96855000000001" lon="5.184970000000001">
    <ele>22.02</ele>
   </trkpt>
   <trkpt lat="50.968180000000004" lon="5.184740000000001">
    <ele>22.250000000000004</ele>
   </trkpt>
   <trkpt lat="50.967620000000004" lon="5.184430000000001">
    <ele>22.3</ele>
   </trkpt>
   <trkpt lat="50.967510000000004" lon="5.1843900000000005">
    <ele>22.3</ele>
   </trkpt>
   <trkpt lat="50.96690500011006" lon="5.184279998577958">
    <ele>22.0</ele>
   </trkpt>
   <trkpt lat="50.966300000000004" lon="5.184170000000001">
    <ele>22.22</ele>
   </trkpt>
   <trkpt lat="50.96603" lon="5.18414">
    <ele>22.250000000000004</ele>
   </trkpt>
   <trkpt lat="50.96553499986053" lon="5.184129999890617">
    <ele>22.36</ele>
   </trkpt>
   <trkpt lat="50.96504" lon="5.18412">
    <ele>22.520000000000003</ele>
   </trkpt>
   <trkpt lat="50.96497" lon="5.18414">
    <ele>22.520000000000003</ele>
   </trkpt>
   <trkpt lat="50.96486" lon="5.18423">
    <ele>22.76</ele>
   </trkpt>
   <trkpt lat="50.964850000000006" lon="5.1843">
    <ele>22.76</ele>
   </trkpt>
   <trkpt lat="50.964360000000006" lon="5.18461">
    <ele>23.05</ele>
   </trkpt>
   <trkpt lat="50.963805000656045" lon="5.185020004943563">
    <ele>22.63</ele>
   </trkpt>
   <trkpt lat="50.96325" lon="5.18543">
    <ele>22.54</ele>
   </trkpt>
   <trkpt lat="50.96307" lon="5.18559">
    <ele>22.54</ele>
   </trkpt>
   <trkpt lat="50.962970000000006" lon="5.185700000000001">
    <ele>22.580000000000002</ele>
   </trkpt>
   <trkpt lat="50.96276" lon="5.18594">
    <ele>22.78</ele>
   </trkpt>
   <trkpt lat="50.9626" lon="5.186050000000001">
    <ele>22.78</ele>
   </trkpt>
   <trkpt lat="50.96255000000001" lon="5.18602">
    <ele>22.78</ele>
   </trkpt>
   <trkpt lat="50.96247" lon="5.186100000000001">
    <ele>22.85</ele>
   </trkpt>
   <trkpt lat="50.96246000000001" lon="5.186190000000001">
    <ele>22.85</ele>
   </trkpt>
   <trkpt lat="50.962480000000006" lon="5.18628">
    <ele>22.85</ele>
   </trkpt>
   <trkpt lat="50.962390000000006" lon="5.186540000000001">
    <ele>22.94</ele>
   </trkpt>
   <trkpt lat="50.96197000103532" lon="5.187040004558087">
    <ele>22.81</ele>
   </trkpt>
   <trkpt lat="50.96155" lon="5.18754">
    <ele>23.19</ele>
   </trkpt>
   <trkpt lat="50.961000004189614" lon="5.188540011982373">
    <ele>24.040000000000003</ele>
   </trkpt>
   <trkpt lat="50.96045" lon="5.18954">
    <ele>24.91</ele>
   </trkpt>
   <trkpt lat="50.95991" lon="5.19043">
    <ele>25.890000000000004</ele>
   </trkpt>
   <trkpt lat="50.959500000958975" lon="5.190925004473017">
    <ele>26.12</ele>
   </trkpt>
   <trkpt lat="50.95909" lon="5.191420000000001">
    <ele>27.01</ele>
   </trkpt>
   <trkpt lat="50.95884" lon="5.1917">
    <ele>27.430000000000003</ele>
   </trkpt>
   <trkpt lat="50.95837" lon="5.19216">
    <ele>28.130000000000003</ele>
   </trkpt>
   <trkpt lat="50.958000000000006" lon="5.19249">
    <ele>28.32</ele>
   </trkpt>
   <trkpt lat="50.95727000152012" lon="5.19307000904497">
    <ele>28.16</ele>
   </trkpt>
   <trkpt lat="50.956540000000004" lon="5.193650000000001">
    <ele>27.630000000000003</ele>
   </trkpt>
   <trkpt lat="50.956210000000006" lon="5.19385">
    <ele>27.31</ele>
   </trkpt>
   <trkpt lat="50.955960000000005" lon="5.19395">
    <ele>27.090000000000003</ele>
   </trkpt>
   <trkpt lat="50.95566" lon="5.19402">
    <ele>26.92</ele>
   </trkpt>
   <trkpt lat="50.954890000000006" lon="5.19413">
    <ele>26.7</ele>
   </trkpt>
   <trkpt lat="50.95459" lon="5.1942200000000005">
    <ele>26.7</ele>
   </trkpt>
   <trkpt lat="50.954260000000005" lon="5.1943600000000005">
    <ele>26.820000000000004</ele>
   </trkpt>
   <trkpt lat="50.95366000090649" lon="5.194696675394102">
    <ele>27.05</ele>
   </trkpt>
   <trkpt lat="50.95306000084512" lon="5.195033342095061">
    <ele>27.4</ele>
   </trkpt>
   <trkpt lat="50.95246" lon="5.1953700000000005">
    <ele>27.6</ele>
   </trkpt>
   <trkpt lat="50.95165" lon="5.19585">
    <ele>27.96</ele>
   </trkpt>
   <trkpt lat="50.950957502628626" lon="5.196305020352689">
    <ele>28.540000000000003</ele>
   </trkpt>
   <trkpt lat="50.950265003489356" lon="5.196760027146579">
    <ele>29.150000000000002</ele>
   </trkpt>
   <trkpt lat="50.94957250258229" lon="5.197215020382373">
    <ele>29.6</ele>
   </trkpt>
   <trkpt lat="50.94888" lon="5.1976700000000005">
    <ele>30.29</ele>
   </trkpt>
   <trkpt lat="50.94865" lon="5.19779">
    <ele>30.490000000000002</ele>
   </trkpt>
   <trkpt lat="50.94845" lon="5.19784">
    <ele>30.520000000000003</ele>
   </trkpt>
   <trkpt lat="50.94818" lon="5.19787">
    <ele>30.570000000000004</ele>
   </trkpt>
   <trkpt lat="50.94796" lon="5.19786">
    <ele>30.660000000000004</ele>
   </trkpt>
   <trkpt lat="50.947770000000006" lon="5.197800000000001">
    <ele>30.97</ele>
   </trkpt>
   <trkpt lat="50.94727500014632" lon="5.197594997803309">
    <ele>30.560000000000002</ele>
   </trkpt>
   <trkpt lat="50.946780000000004" lon="5.19739">
    <ele>30.26</ele>
   </trkpt>
   <trkpt lat="50.94679000000001" lon="5.19739">
    <ele>30.26</ele>
   </trkpt>
   <trkpt lat="50.94607500120638" lon="5.197087486056516">
    <ele>30.560000000000002</ele>
   </trkpt>
   <trkpt lat="50.945360001631286" lon="5.196784981418685">
    <ele>29.36</ele>
   </trkpt>
   <trkpt lat="50.94464500127479" lon="5.196482486085992">
    <ele>29.39</ele>
   </trkpt>
   <trkpt lat="50.94393" lon="5.19618">
    <ele>30.12</ele>
   </trkpt>
   <trkpt lat="50.94346" lon="5.195930000000001">
    <ele>29.900000000000002</ele>
   </trkpt>
   <trkpt lat="50.94308" lon="5.19566">
    <ele>29.95</ele>
   </trkpt>
   <trkpt lat="50.94245200545528" lon="5.195093969404586">
    <ele>30.160000000000004</ele>
   </trkpt>
   <trkpt lat="50.94182400817465" lon="5.194527954100221">
    <ele>29.970000000000002</ele>
   </trkpt>
   <trkpt lat="50.941196008158194" lon="5.193961954086217">
    <ele>29.75</ele>
   </trkpt>
   <trkpt lat="50.9405680054061" lon="5.193395969361886">
    <ele>29.540000000000003</ele>
   </trkpt>
   <trkpt lat="50.93994000000001" lon="5.192830000000001">
    <ele>28.85</ele>
   </trkpt>
   <trkpt lat="50.93917400798031" lon="5.192145954918604">
    <ele>27.860000000000003</ele>
   </trkpt>
   <trkpt lat="50.93840801196484" lon="5.191461932374338">
    <ele>26.0</ele>
   </trkpt>
   <trkpt lat="50.937642011953834" lon="5.190777932365959">
    <ele>25.5</ele>
   </trkpt>
   <trkpt lat="50.936876007947504" lon="5.190093954892232">
    <ele>25.240000000000002</ele>
   </trkpt>
   <trkpt lat="50.936110000000006" lon="5.1894100000000005">
    <ele>24.84</ele>
   </trkpt>
   <trkpt lat="50.93538750547839" lon="5.188754969455696">
    <ele>24.62</ele>
   </trkpt>
   <trkpt lat="50.93466500729266" lon="5.188099959264345">
    <ele>24.25</ele>
   </trkpt>
   <trkpt lat="50.93394250544305" lon="5.187444969424895">
    <ele>24.3</ele>
   </trkpt>
   <trkpt lat="50.933220000000006" lon="5.18679">
    <ele>25.53</ele>
   </trkpt>
   <trkpt lat="50.93323" lon="5.18679">
    <ele>25.52</ele>
   </trkpt>
   <trkpt lat="50.93314" lon="5.1866900000000005">
    <ele>25.61</ele>
   </trkpt>
   <trkpt lat="50.93261401541404" lon="5.187640042978657">
    <ele>25.710000000000004</ele>
   </trkpt>
   <trkpt lat="50.93208802312003" lon="5.188590064468693">
    <ele>26.26</ele>
   </trkpt>
   <trkpt lat="50.93156202311829" lon="5.189540064470679">
    <ele>26.660000000000004</ele>
   </trkpt>
   <trkpt lat="50.93103601540914" lon="5.190490042985191">
    <ele>26.590000000000003</ele>
   </trkpt>
   <trkpt lat="50.930510000000005" lon="5.19144">
    <ele>26.89</ele>
   </trkpt>
   <trkpt lat="50.93038000000001" lon="5.191610000000001">
    <ele>26.78</ele>
   </trkpt>
   <trkpt lat="50.92989333971629" lon="5.192476684859097">
    <ele>26.950000000000003</ele>
   </trkpt>
   <trkpt lat="50.92940667301766" lon="5.193343351582368">
    <ele>27.430000000000003</ele>
   </trkpt>
   <trkpt lat="50.928920000000005" lon="5.19421">
    <ele>27.71</ele>
   </trkpt>
   <trkpt lat="50.928560000000004" lon="5.1949000000000005">
    <ele>27.930000000000003</ele>
   </trkpt>
   <trkpt lat="50.92831" lon="5.195460000000001">
    <ele>28.690000000000005</ele>
   </trkpt>
   <trkpt lat="50.928160000000005" lon="5.195460000000001">
    <ele>28.57</ele>
   </trkpt>
   <trkpt lat="50.92781" lon="5.19561">
    <ele>28.630000000000003</ele>
   </trkpt>
   <trkpt lat="50.927410000936135" lon="5.196090004184757">
    <ele>29.290000000000003</ele>
   </trkpt>
   <trkpt lat="50.92701" lon="5.19657">
    <ele>30.300000000000004</ele>
   </trkpt>
   <trkpt lat="50.926730000000006" lon="5.19707">
    <ele>30.53</ele>
   </trkpt>
   <trkpt lat="50.92627" lon="5.198">
    <ele>31.180000000000003</ele>
   </trkpt>
   <trkpt lat="50.92627" lon="5.197990000000001">
    <ele>31.180000000000003</ele>
   </trkpt>
   <trkpt lat="50.925813340959444" lon="5.198936685310273">
    <ele>31.53</ele>
   </trkpt>
   <trkpt lat="50.92535667426484" lon="5.199883352034552">
    <ele>30.980000000000004</ele>
   </trkpt>
   <trkpt lat="50.9249" lon="5.200830000000001">
    <ele>30.78</ele>
   </trkpt>
   <trkpt lat="50.92484" lon="5.20101">
    <ele>30.78</ele>
   </trkpt>
   <trkpt lat="50.92453000555633" lon="5.202150007572182">
    <ele>30.61</ele>
   </trkpt>
   <trkpt lat="50.924220000000005" lon="5.203290000000001">
    <ele>30.02</ele>
   </trkpt>
   <trkpt lat="50.92418000000001" lon="5.203460000000001">
    <ele>29.66</ele>
   </trkpt>
   <trkpt lat="50.92399" lon="5.20385">
    <ele>29.240000000000002</ele>
   </trkpt>
   <trkpt lat="50.92365500149269" lon="5.204465004653223">
    <ele>29.130000000000003</ele>
   </trkpt>
   <trkpt lat="50.923320000000004" lon="5.205080000000001">
    <ele>29.59</ele>
   </trkpt>
   <trkpt lat="50.92266000000001" lon="5.205710000000001">
    <ele>30.590000000000003</ele>
   </trkpt>
   <trkpt lat="50.922090000000004" lon="5.20631">
    <ele>31.330000000000002</ele>
   </trkpt>
   <trkpt lat="50.92157" lon="5.206950000000001">
    <ele>32.010000000000005</ele>
   </trkpt>
   <trkpt lat="50.92132" lon="5.20729">
    <ele>32.25</ele>
   </trkpt>
   <trkpt lat="50.92108" lon="5.20774">
    <ele>32.260000000000005</ele>
   </trkpt>
   <trkpt lat="50.92058" lon="5.208740000000001">
    <ele>32.300000000000004</ele>
   </trkpt>
   <trkpt lat="50.920105005226496" lon="5.209835010933862">
    <ele>32.0</ele>
   </trkpt>
   <trkpt lat="50.919630000000005" lon="5.21093">
    <ele>31.19</ele>
   </trkpt>
   <trkpt lat="50.9196" lon="5.21107">
    <ele>31.19</ele>
   </trkpt>
   <trkpt lat="50.9196" lon="5.21128">
    <ele>31.110000000000003</ele>
   </trkpt>
   <trkpt lat="50.91975000000001" lon="5.211930000000001">
    <ele>31.090000000000003</ele>
   </trkpt>
   <trkpt lat="50.91975000000001" lon="5.212090000000001">
    <ele>31.26</ele>
   </trkpt>
   <trkpt lat="50.919720000000005" lon="5.212260000000001">
    <ele>31.26</ele>
   </trkpt>
   <trkpt lat="50.91933" lon="5.213120000000001">
    <ele>31.55</ele>
   </trkpt>
   <trkpt lat="50.919050000000006" lon="5.21382">
    <ele>31.78</ele>
   </trkpt>
   <trkpt lat="50.91828" lon="5.21314">
    <ele>32.230000000000004</ele>
   </trkpt>
   <trkpt lat="50.91792" lon="5.212940000000001">
    <ele>33.02</ele>
   </trkpt>
   <trkpt lat="50.91724000000001" lon="5.21262">
    <ele>33.89</ele>
   </trkpt>
   <trkpt lat="50.91725" lon="5.21262">
    <ele>33.89</ele>
   </trkpt>
   <trkpt lat="50.91677000000001" lon="5.212420000000001">
    <ele>34.160000000000004</ele>
   </trkpt>
   <trkpt lat="50.91658" lon="5.2123800000000005">
    <ele>34.82</ele>
   </trkpt>
   <trkpt lat="50.916340000000005" lon="5.21239">
    <ele>34.82</ele>
   </trkpt>
   <trkpt lat="50.915580000000006" lon="5.2125">
    <ele>35.190000000000005</ele>
   </trkpt>
   <trkpt lat="50.915090000000006" lon="5.21248">
    <ele>35.04</ele>
   </trkpt>
   <trkpt lat="50.914910000000006" lon="5.212540000000001">
    <ele>35.02</ele>
   </trkpt>
   <trkpt lat="50.91454" lon="5.21272">
    <ele>35.18</ele>
   </trkpt>
   <trkpt lat="50.91456" lon="5.21288">
    <ele>35.18</ele>
   </trkpt>
   <trkpt lat="50.914550000000006" lon="5.21304">
    <ele>34.84</ele>
   </trkpt>
   <trkpt lat="50.91451000000001" lon="5.21321">
    <ele>34.84</ele>
   </trkpt>
   <trkpt lat="50.914295002204945" lon="5.213940003613145">
    <ele>34.67</ele>
   </trkpt>
   <trkpt lat="50.914080000000006" lon="5.214670000000001">
    <ele>34.57</ele>
   </trkpt>
   <trkpt lat="50.91377000000001" lon="5.21567">
    <ele>34.59</ele>
   </trkpt>
   <trkpt lat="50.913610000000006" lon="5.21614">
    <ele>34.800000000000004</ele>
   </trkpt>
   <trkpt lat="50.913410000000006" lon="5.21673">
    <ele>35.36</ele>
   </trkpt>
   <trkpt lat="50.91313" lon="5.217350000000001">
    <ele>35.61</ele>
   </trkpt>
   <trkpt lat="50.912650000000006" lon="5.21827">
    <ele>36.39000000000001</ele>
   </trkpt>
   <trkpt lat="50.912090000000006" lon="5.219130000000001">
    <ele>36.97</ele>
   </trkpt>
   <trkpt lat="50.911950000000004" lon="5.2193700000000005">
    <ele>37.06</ele>
   </trkpt>
   <trkpt lat="50.911730000000006" lon="5.219930000000001">
    <ele>37.660000000000004</ele>
   </trkpt>
   <trkpt lat="50.91171000000001" lon="5.22006">
    <ele>37.660000000000004</ele>
   </trkpt>
   <trkpt lat="50.911590000000004" lon="5.22032">
    <ele>37.75000000000001</ele>
   </trkpt>
   <trkpt lat="50.91151000000001" lon="5.22043">
    <ele>38.07</ele>
   </trkpt>
   <trkpt lat="50.911440000000006" lon="5.220610000000001">
    <ele>38.07</ele>
   </trkpt>
   <trkpt lat="50.91127" lon="5.22053">
    <ele>38.45</ele>
   </trkpt>
   <trkpt lat="50.911150000000006" lon="5.2205">
    <ele>38.45</ele>
   </trkpt>
   <trkpt lat="50.91026" lon="5.22034">
    <ele>39.43</ele>
   </trkpt>
   <trkpt lat="50.90993" lon="5.220330000000001">
    <ele>39.970000000000006</ele>
   </trkpt>
   <trkpt lat="50.90908" lon="5.220370000000001">
    <ele>40.300000000000004</ele>
   </trkpt>
   <trkpt lat="50.90842000000001" lon="5.220420000000001">
    <ele>40.38</ele>
   </trkpt>
   <trkpt lat="50.90787" lon="5.22048">
    <ele>40.21</ele>
   </trkpt>
   <trkpt lat="50.90738" lon="5.2205">
    <ele>40.120000000000005</ele>
   </trkpt>
   <trkpt lat="50.90688" lon="5.22046">
    <ele>39.95</ele>
   </trkpt>
   <trkpt lat="50.906580000000005" lon="5.2205200000000005">
    <ele>40.010000000000005</ele>
   </trkpt>
   <trkpt lat="50.90637" lon="5.220610000000001">
    <ele>40.120000000000005</ele>
   </trkpt>
   <trkpt lat="50.906220000000005" lon="5.220700000000001">
    <ele>40.120000000000005</ele>
   </trkpt>
   <trkpt lat="50.90550500183076" lon="5.221370010371253">
    <ele>40.84</ele>
   </trkpt>
   <trkpt lat="50.904790000000006" lon="5.222040000000001">
    <ele>41.17</ele>
   </trkpt>
   <trkpt lat="50.90438" lon="5.22241">
    <ele>41.400000000000006</ele>
   </trkpt>
   <trkpt lat="50.90419000000001" lon="5.22254">
    <ele>41.57</ele>
   </trkpt>
   <trkpt lat="50.90390000000001" lon="5.22266">
    <ele>41.57</ele>
   </trkpt>
   <trkpt lat="50.903510000000004" lon="5.22276">
    <ele>41.75</ele>
   </trkpt>
   <trkpt lat="50.90283" lon="5.2228200000000005">
    <ele>41.97</ele>
   </trkpt>
   <trkpt lat="50.902570000000004" lon="5.22285">
    <ele>41.97</ele>
   </trkpt>
   <trkpt lat="50.90256" lon="5.22285">
    <ele>41.97</ele>
   </trkpt>
   <trkpt lat="50.90238" lon="5.22292">
    <ele>41.93</ele>
   </trkpt>
   <trkpt lat="50.902100000000004" lon="5.223050000000001">
    <ele>41.78</ele>
   </trkpt>
   <trkpt lat="50.90182" lon="5.22323">
    <ele>40.79</ele>
   </trkpt>
   <trkpt lat="50.901295000850055" lon="5.223675005013995">
    <ele>39.75</ele>
   </trkpt>
   <trkpt lat="50.90077" lon="5.22412">
    <ele>39.25</ele>
   </trkpt>
   <trkpt lat="50.90068" lon="5.2243">
    <ele>39.05</ele>
   </trkpt>
   <trkpt lat="50.900600000000004" lon="5.22424">
    <ele>38.82</ele>
   </trkpt>
   <trkpt lat="50.900220000000004" lon="5.2243">
    <ele>38.3</ele>
   </trkpt>
   <trkpt lat="50.899765000174966" lon="5.2243100000938805">
    <ele>38.040000000000006</ele>
   </trkpt>
   <trkpt lat="50.89931000000001" lon="5.2243200000000005">
    <ele>38.35</ele>
   </trkpt>
   <trkpt lat="50.89929000000001" lon="5.2243200000000005">
    <ele>38.35</ele>
   </trkpt>
   <trkpt lat="50.89893000000001" lon="5.22426">
    <ele>38.52</ele>
   </trkpt>
   <trkpt lat="50.89869" lon="5.224170000000001">
    <ele>38.78</ele>
   </trkpt>
   <trkpt lat="50.89835" lon="5.223960000000001">
    <ele>39.45</ele>
   </trkpt>
   <trkpt lat="50.89797668037503" lon="5.225226686968172">
    <ele>39.71</ele>
   </trkpt>
   <trkpt lat="50.89760334704413" lon="5.226493353626238">
    <ele>41.14</ele>
   </trkpt>
   <trkpt lat="50.89723000000001" lon="5.227760000000001">
    <ele>43.08</ele>
   </trkpt>
   <trkpt lat="50.897200000000005" lon="5.227790000000001">
    <ele>43.08</ele>
   </trkpt>
   <trkpt lat="50.89714000000001" lon="5.227790000000001">
    <ele>43.24</ele>
   </trkpt>
   <trkpt lat="50.89660000000001" lon="5.22775">
    <ele>44.15</ele>
   </trkpt>
   <trkpt lat="50.89582000004669" lon="5.227677496355199">
    <ele>45.56</ele>
   </trkpt>
   <trkpt lat="50.89504000004845" lon="5.227604995139082">
    <ele>47.75</ele>
   </trkpt>
   <trkpt lat="50.8942600000053" lon="5.227532496351502">
    <ele>48.540000000000006</ele>
   </trkpt>
   <trkpt lat="50.893480000000004" lon="5.227460000000001">
    <ele>48.88</ele>
   </trkpt>
   <trkpt lat="50.893420000000006" lon="5.227480000000001">
    <ele>49.09</ele>
   </trkpt>
   <trkpt lat="50.893370000000004" lon="5.227530000000001">
    <ele>49.09</ele>
   </trkpt>
   <trkpt lat="50.893090001884275" lon="5.228195004008822">
    <ele>50.79</ele>
   </trkpt>
   <trkpt lat="50.892810000000004" lon="5.22886">
    <ele>52.370000000000005</ele>
   </trkpt>
   <trkpt lat="50.892770000000006" lon="5.228980000000001">
    <ele>52.93000000000001</ele>
   </trkpt>
   <trkpt lat="50.892610000000005" lon="5.229620000000001">
    <ele>53.87</ele>
   </trkpt>
   <trkpt lat="50.89249" lon="5.22987">
    <ele>53.89000000000001</ele>
   </trkpt>
   <trkpt lat="50.89233" lon="5.23007">
    <ele>53.63</ele>
   </trkpt>
   <trkpt lat="50.89159" lon="5.23061">
    <ele>54.760000000000005</ele>
   </trkpt>
   <trkpt lat="50.891040000000004" lon="5.2312">
    <ele>55.870000000000005</ele>
   </trkpt>
   <trkpt lat="50.89052" lon="5.23183">
    <ele>56.230000000000004</ele>
   </trkpt>
   <trkpt lat="50.890350000000005" lon="5.232060000000001">
    <ele>56.18000000000001</ele>
   </trkpt>
   <trkpt lat="50.890190000000004" lon="5.23245">
    <ele>56.220000000000006</ele>
   </trkpt>
   <trkpt lat="50.890060000000005" lon="5.23268">
    <ele>56.580000000000005</ele>
   </trkpt>
   <trkpt lat="50.88968000163685" lon="5.233275004658824">
    <ele>56.93</ele>
   </trkpt>
   <trkpt lat="50.889300000000006" lon="5.2338700000000005">
    <ele>57.32</ele>
   </trkpt>
   <trkpt lat="50.88869000725165" lon="5.234790024063714">
    <ele>58.04</ele>
   </trkpt>
   <trkpt lat="50.88808000727236" lon="5.23571002403201">
    <ele>58.550000000000004</ele>
   </trkpt>
   <trkpt lat="50.88747000000001" lon="5.236630000000001">
    <ele>58.82</ele>
   </trkpt>
   <trkpt lat="50.887420000000006" lon="5.23674">
    <ele>58.82</ele>
   </trkpt>
   <trkpt lat="50.88732" lon="5.23669">
    <ele>59.02</ele>
   </trkpt>
   <trkpt lat="50.886810002177036" lon="5.236176655352353">
    <ele>59.38</ele>
   </trkpt>
   <trkpt lat="50.88630000210282" lon="5.235663321944495">
    <ele>59.97</ele>
   </trkpt>
   <trkpt lat="50.88579000000001" lon="5.235150000000001">
    <ele>60.34</ele>
   </trkpt>
   <trkpt lat="50.885490000000004" lon="5.23486">
    <ele>60.60000000000001</ele>
   </trkpt>
   <trkpt lat="50.885310000000004" lon="5.234710000000001">
    <ele>60.60000000000001</ele>
   </trkpt>
   <trkpt lat="50.88488" lon="5.234430000000001">
    <ele>61.68000000000001</ele>
   </trkpt>
   <trkpt lat="50.88448" lon="5.23425">
    <ele>61.82000000000001</ele>
   </trkpt>
   <trkpt lat="50.88423" lon="5.23416">
    <ele>62.150000000000006</ele>
   </trkpt>
   <trkpt lat="50.88409000000001" lon="5.23413">
    <ele>62.21000000000001</ele>
   </trkpt>
   <trkpt lat="50.884100000000004" lon="5.23413">
    <ele>62.21000000000001</ele>
   </trkpt>
   <trkpt lat="50.88335000034085" lon="5.233972492398738">
    <ele>62.74</ele>
   </trkpt>
   <trkpt lat="50.88260000046974" lon="5.233814989868395">
    <ele>63.14</ele>
   </trkpt>
   <trkpt lat="50.88185000038673" lon="5.233657492408674">
    <ele>63.47</ele>
   </trkpt>
   <trkpt lat="50.8811" lon="5.2335">
    <ele>63.74</ele>
   </trkpt>
   <trkpt lat="50.88109000000001" lon="5.2335">
    <ele>63.74</ele>
   </trkpt>
   <trkpt lat="50.8806" lon="5.23338">
    <ele>63.74</ele>
   </trkpt>
   <trkpt lat="50.88053000000001" lon="5.23367">
    <ele>63.87000000000001</ele>
   </trkpt>
   <trkpt lat="50.88029" lon="5.23435">
    <ele>63.89</ele>
   </trkpt>
   <trkpt lat="50.88001000175544" lon="5.234985003741001">
    <ele>63.75</ele>
   </trkpt>
   <trkpt lat="50.87973" lon="5.235620000000001">
    <ele>63.47</ele>
   </trkpt>
   <trkpt lat="50.87950000000001" lon="5.23604">
    <ele>63.49</ele>
   </trkpt>
   <trkpt lat="50.87897500320044" lon="5.236895009506436">
    <ele>62.77</ele>
   </trkpt>
   <trkpt lat="50.87845" lon="5.23775">
    <ele>61.160000000000004</ele>
   </trkpt>
   <trkpt lat="50.878130000000006" lon="5.23824">
    <ele>59.45</ele>
   </trkpt>
   <trkpt lat="50.87756333680583" lon="5.238876682140032">
    <ele>57.830000000000005</ele>
   </trkpt>
   <trkpt lat="50.87699667014847" lon="5.239513348795994">
    <ele>56.720000000000006</ele>
   </trkpt>
   <trkpt lat="50.876430000000006" lon="5.240150000000001">
    <ele>56.07</ele>
   </trkpt>
   <trkpt lat="50.876290000000004" lon="5.24037">
    <ele>55.940000000000005</ele>
   </trkpt>
   <trkpt lat="50.876110000000004" lon="5.240760000000001">
    <ele>56.02</ele>
   </trkpt>
   <trkpt lat="50.875980000000006" lon="5.24094">
    <ele>56.46</ele>
   </trkpt>
   <trkpt lat="50.875710000000005" lon="5.24113">
    <ele>56.93</ele>
   </trkpt>
   <trkpt lat="50.875600000000006" lon="5.24115">
    <ele>57.43</ele>
   </trkpt>
   <trkpt lat="50.875510000000006" lon="5.241090000000001">
    <ele>57.64</ele>
   </trkpt>
   <trkpt lat="50.87543" lon="5.24096">
    <ele>57.910000000000004</ele>
   </trkpt>
   <trkpt lat="50.87503" lon="5.240060000000001">
    <ele>60.09</ele>
   </trkpt>
   <trkpt lat="50.87491000000001" lon="5.23993">
    <ele>60.09</ele>
   </trkpt>
   <trkpt lat="50.87491000000001" lon="5.2396400000000005">
    <ele>60.21000000000001</ele>
   </trkpt>
   <trkpt lat="50.87482000000001" lon="5.2388200000000005">
    <ele>60.620000000000005</ele>
   </trkpt>
   <trkpt lat="50.87476" lon="5.23847">
    <ele>60.77</ele>
   </trkpt>
   <trkpt lat="50.87467" lon="5.2382100000000005">
    <ele>61.13</ele>
   </trkpt>
   <trkpt lat="50.87449" lon="5.2378800000000005">
    <ele>61.28000000000001</ele>
   </trkpt>
   <trkpt lat="50.87435000000001" lon="5.23777">
    <ele>61.57000000000001</ele>
   </trkpt>
   <trkpt lat="50.874280000000006" lon="5.2377400000000005">
    <ele>61.57000000000001</ele>
   </trkpt>
   <trkpt lat="50.87389" lon="5.23779">
    <ele>62.17</ele>
   </trkpt>
   <trkpt lat="50.87370000000001" lon="5.237760000000001">
    <ele>63.2</ele>
   </trkpt>
   <trkpt lat="50.87315" lon="5.237520000000001">
    <ele>64.49000000000001</ele>
   </trkpt>
   <trkpt lat="50.872980000000005" lon="5.23735">
    <ele>64.49000000000001</ele>
   </trkpt>
   <trkpt lat="50.87285000000001" lon="5.23709">
    <ele>64.84</ele>
   </trkpt>
   <trkpt lat="50.87247000000001" lon="5.2359100000000005">
    <ele>66.79</ele>
   </trkpt>
   <trkpt lat="50.872440000000005" lon="5.235740000000001">
    <ele>67.3</ele>
   </trkpt>
   <trkpt lat="50.872420000000005" lon="5.23549">
    <ele>67.63000000000001</ele>
   </trkpt>
   <trkpt lat="50.87257" lon="5.23479">
    <ele>68.43</ele>
   </trkpt>
   <trkpt lat="50.872580000000006" lon="5.234540000000001">
    <ele>68.87</ele>
   </trkpt>
   <trkpt lat="50.87256000000001" lon="5.2343">
    <ele>69.54</ele>
   </trkpt>
   <trkpt lat="50.872370000000004" lon="5.233700000000001">
    <ele>70.09</ele>
   </trkpt>
   <trkpt lat="50.87223" lon="5.2334000000000005">
    <ele>70.39</ele>
   </trkpt>
   <trkpt lat="50.871900000000004" lon="5.23282">
    <ele>71.84</ele>
   </trkpt>
   <trkpt lat="50.871790000000004" lon="5.232550000000001">
    <ele>72.21000000000001</ele>
   </trkpt>
   <trkpt lat="50.87157000165072" lon="5.231904996584626">
    <ele>73.62</ele>
   </trkpt>
   <trkpt lat="50.87135000000001" lon="5.231260000000001">
    <ele>75.29</ele>
   </trkpt>
   <trkpt lat="50.870920000000005" lon="5.2302800000000005">
    <ele>77.65</ele>
   </trkpt>
   <trkpt lat="50.87059000000001" lon="5.229430000000001">
    <ele>78.92</ele>
   </trkpt>
   <trkpt lat="50.870220004889404" lon="5.228676654789613">
    <ele>79.72000000000001</ele>
   </trkpt>
   <trkpt lat="50.869850004929894" lon="5.22792332153884">
    <ele>80.06</ele>
   </trkpt>
   <trkpt lat="50.86948" lon="5.22717">
    <ele>80.17</ele>
   </trkpt>
   <trkpt lat="50.86907500282443" lon="5.2263599930055">
    <ele>79.92999999999999</ele>
   </trkpt>
   <trkpt lat="50.86867" lon="5.22555">
    <ele>80.35000000000001</ele>
   </trkpt>
   <trkpt lat="50.868370000000006" lon="5.2251">
    <ele>80.4</ele>
   </trkpt>
   <trkpt lat="50.867740000000005" lon="5.2243200000000005">
    <ele>80.53</ele>
   </trkpt>
   <trkpt lat="50.86773" lon="5.2243200000000005">
    <ele>80.53999999999999</ele>
   </trkpt>
   <trkpt lat="50.86713200951364" lon="5.2235739617265295">
    <ele>80.43</ele>
   </trkpt>
   <trkpt lat="50.86653401427187" lon="5.222827942592597">
    <ele>79.98</ele>
   </trkpt>
   <trkpt lat="50.86593601427495" lon="5.222081942597456">
    <ele>80.17</ele>
   </trkpt>
   <trkpt lat="50.86533800952308" lon="5.221335961740358">
    <ele>79.86</ele>
   </trkpt>
   <trkpt lat="50.864740000000005" lon="5.2205900000000005">
    <ele>79.22000000000001</ele>
   </trkpt>
   <trkpt lat="50.864125001550455" lon="5.220004992367342">
    <ele>78.44000000000001</ele>
   </trkpt>
   <trkpt lat="50.863510000000005" lon="5.21942">
    <ele>78.37</ele>
   </trkpt>
   <trkpt lat="50.86316333924024" lon="5.218586654210043">
    <ele>78.52000000000001</ele>
   </trkpt>
   <trkpt lat="50.86281667254673" lon="5.217753320812299">
    <ele>77.08000000000001</ele>
   </trkpt>
   <trkpt lat="50.86247" lon="5.21692">
    <ele>76.59</ele>
   </trkpt>
   <trkpt lat="50.86233000000001" lon="5.216500000000001">
    <ele>76.50000000000001</ele>
   </trkpt>
   <trkpt lat="50.862217521579026" lon="5.215202490627687">
    <ele>75.09</ele>
   </trkpt>
   <trkpt lat="50.86210502877305" lon="5.213904987515889">
    <ele>73.84</ele>
   </trkpt>
   <trkpt lat="50.86199252158224" lon="5.212607490665355">
    <ele>73.97000000000001</ele>
   </trkpt>
   <trkpt lat="50.861880000000006" lon="5.21131">
    <ele>74.33000000000001</ele>
   </trkpt>
   <trkpt lat="50.86189" lon="5.21109">
    <ele>74.51</ele>
   </trkpt>
   <trkpt lat="50.86206000552941" lon="5.209950004309844">
    <ele>73.7</ele>
   </trkpt>
   <trkpt lat="50.862230000000004" lon="5.208810000000001">
    <ele>69.70000000000002</ele>
   </trkpt>
   <trkpt lat="50.86227" lon="5.20826">
    <ele>68.66</ele>
   </trkpt>
   <trkpt lat="50.862260000000006" lon="5.208100000000001">
    <ele>67.84</ele>
   </trkpt>
   <trkpt lat="50.86209" lon="5.207490000000001">
    <ele>66.45</ele>
   </trkpt>
   <trkpt lat="50.861670000000004" lon="5.20654">
    <ele>62.64</ele>
   </trkpt>
   <trkpt lat="50.861250002266935" lon="5.20579999320649">
    <ele>61.34</ele>
   </trkpt>
   <trkpt lat="50.86083000000001" lon="5.2050600000000005">
    <ele>60.25000000000001</ele>
   </trkpt>
   <trkpt lat="50.86047000000001" lon="5.20439">
    <ele>59.31</ele>
   </trkpt>
   <trkpt lat="50.86048" lon="5.204400000000001">
    <ele>59.31</ele>
   </trkpt>
   <trkpt lat="50.85992500465907" lon="5.203354987549937">
    <ele>57.790000000000006</ele>
   </trkpt>
   <trkpt lat="50.859370000000006" lon="5.202310000000001">
    <ele>56.550000000000004</ele>
   </trkpt>
   <trkpt lat="50.85950402427982" lon="5.20111801371883">
    <ele>55.32</ele>
   </trkpt>
   <trkpt lat="50.85963803641893" lon="5.199926020585964">
    <ele>53.85</ele>
   </trkpt>
   <trkpt lat="50.85977203641719" lon="5.198734020601949">
    <ele>51.99</ele>
   </trkpt>
   <trkpt lat="50.8599060242745" lon="5.197542013767334">
    <ele>50.52</ele>
   </trkpt>
   <trkpt lat="50.860040000000005" lon="5.196350000000001">
    <ele>48.71</ele>
   </trkpt>
   <trkpt lat="50.86028" lon="5.195320000000001">
    <ele>47.870000000000005</ele>
   </trkpt>
   <trkpt lat="50.8605" lon="5.19423">
    <ele>45.900000000000006</ele>
   </trkpt>
   <trkpt lat="50.86077000760185" lon="5.192895007791682">
    <ele>40.95</ele>
   </trkpt>
   <trkpt lat="50.86104" lon="5.191560000000001">
    <ele>39.17</ele>
   </trkpt>
   <trkpt lat="50.86030333429841" lon="5.191226656141471">
    <ele>39.02</ele>
   </trkpt>
   <trkpt lat="50.85956666764737" lon="5.19089332281542">
    <ele>38.99</ele>
   </trkpt>
   <trkpt lat="50.858830000000005" lon="5.1905600000000005">
    <ele>39.02</ele>
   </trkpt>
   <trkpt lat="50.85839000000001" lon="5.1902800000000004">
    <ele>39.300000000000004</ele>
   </trkpt>
   <trkpt lat="50.85828000000001" lon="5.19019">
    <ele>39.28</ele>
   </trkpt>
   <trkpt lat="50.858270000000005" lon="5.190180000000001">
    <ele>39.28</ele>
   </trkpt>
   <trkpt lat="50.858000000000004" lon="5.18996">
    <ele>39.27</ele>
   </trkpt>
   <trkpt lat="50.85754000106257" lon="5.189484995416332">
    <ele>39.510000000000005</ele>
   </trkpt>
   <trkpt lat="50.85708" lon="5.189010000000001">
    <ele>40.24</ele>
   </trkpt>
   <trkpt lat="50.85694" lon="5.1888000000000005">
    <ele>40.370000000000005</ele>
   </trkpt>
   <trkpt lat="50.856910000000006" lon="5.18864">
    <ele>40.31</ele>
   </trkpt>
   <trkpt lat="50.856750000000005" lon="5.18865">
    <ele>40.25</ele>
   </trkpt>
   <trkpt lat="50.856730000000006" lon="5.188540000000001">
    <ele>40.120000000000005</ele>
   </trkpt>
   <trkpt lat="50.8563850019251" lon="5.187849994677463">
    <ele>39.470000000000006</ele>
   </trkpt>
   <trkpt lat="50.85604000000001" lon="5.18716">
    <ele>39.68</ele>
   </trkpt>
   <trkpt lat="50.85595000000001" lon="5.18644">
    <ele>38.52</ele>
   </trkpt>
   <trkpt lat="50.85587" lon="5.18599">
    <ele>38.52</ele>
   </trkpt>
   <trkpt lat="50.855610000000006" lon="5.185180000000001">
    <ele>37.19</ele>
   </trkpt>
   <trkpt lat="50.8554" lon="5.1847900000000005">
    <ele>36.19</ele>
   </trkpt>
   <trkpt lat="50.85528000000001" lon="5.18463">
    <ele>36.0</ele>
   </trkpt>
   <trkpt lat="50.85484" lon="5.18421">
    <ele>34.92</ele>
   </trkpt>
   <trkpt lat="50.85423" lon="5.1836400000000005">
    <ele>33.72</ele>
   </trkpt>
   <trkpt lat="50.85360000000001" lon="5.18334">
    <ele>33.550000000000004</ele>
   </trkpt>
   <trkpt lat="50.85334" lon="5.1833100000000005">
    <ele>33.82</ele>
   </trkpt>
   <trkpt lat="50.85322000000001" lon="5.183330000000001">
    <ele>33.82</ele>
   </trkpt>
   <trkpt lat="50.85298" lon="5.18348">
    <ele>34.160000000000004</ele>
   </trkpt>
   <trkpt lat="50.85262" lon="5.183870000000001">
    <ele>34.83</ele>
   </trkpt>
   <trkpt lat="50.852410000000006" lon="5.184010000000001">
    <ele>35.0</ele>
   </trkpt>
   <trkpt lat="50.85229" lon="5.184030000000001">
    <ele>35.0</ele>
   </trkpt>
   <trkpt lat="50.85211" lon="5.18402">
    <ele>35.29</ele>
   </trkpt>
   <trkpt lat="50.85177" lon="5.183960000000001">
    <ele>36.15</ele>
   </trkpt>
   <trkpt lat="50.851380000000006" lon="5.183960000000001">
    <ele>36.82000000000001</ele>
   </trkpt>
   <trkpt lat="50.85126" lon="5.18398">
    <ele>36.96</ele>
   </trkpt>
   <trkpt lat="50.851130000000005" lon="5.18402">
    <ele>37.06</ele>
   </trkpt>
   <trkpt lat="50.85067" lon="5.18437">
    <ele>37.540000000000006</ele>
   </trkpt>
   <trkpt lat="50.85034" lon="5.184570000000001">
    <ele>37.88</ele>
   </trkpt>
   <trkpt lat="50.850080000000005" lon="5.1847">
    <ele>38.07</ele>
   </trkpt>
   <trkpt lat="50.84985" lon="5.184760000000001">
    <ele>38.52</ele>
   </trkpt>
   <trkpt lat="50.84958" lon="5.18477">
    <ele>38.78</ele>
   </trkpt>
   <trkpt lat="50.849340000000005" lon="5.184690000000001">
    <ele>39.339999999999996</ele>
   </trkpt>
   <trkpt lat="50.84880500014755" lon="5.184479997575494">
    <ele>40.24</ele>
   </trkpt>
   <trkpt lat="50.84827000000001" lon="5.184270000000001">
    <ele>40.95</ele>
   </trkpt>
   <trkpt lat="50.847860000000004" lon="5.1841800000000005">
    <ele>40.32</ele>
   </trkpt>
   <trkpt lat="50.84704000000001" lon="5.18414">
    <ele>37.74</ele>
   </trkpt>
   <trkpt lat="50.84689" lon="5.18411">
    <ele>37.00000000000001</ele>
   </trkpt>
   <trkpt lat="50.846610000000005" lon="5.183960000000001">
    <ele>36.79</ele>
   </trkpt>
   <trkpt lat="50.846360000000004" lon="5.183660000000001">
    <ele>36.230000000000004</ele>
   </trkpt>
   <trkpt lat="50.845960000000005" lon="5.18311">
    <ele>34.85000000000001</ele>
   </trkpt>
   <trkpt lat="50.845800000000004" lon="5.182860000000001">
    <ele>34.660000000000004</ele>
   </trkpt>
   <trkpt lat="50.845800000000004" lon="5.18285">
    <ele>34.65</ele>
   </trkpt>
   <trkpt lat="50.84568" lon="5.182670000000001">
    <ele>34.61</ele>
   </trkpt>
   <trkpt lat="50.845560000000006" lon="5.18236">
    <ele>34.56</ele>
   </trkpt>
   <trkpt lat="50.84499667498098" lon="5.181373309497412">
    <ele>34.42000000000001</ele>
   </trkpt>
   <trkpt lat="50.844433341642464" lon="5.1803866428221435">
    <ele>34.39</ele>
   </trkpt>
   <trkpt lat="50.84387" lon="5.1794">
    <ele>34.60000000000001</ele>
   </trkpt>
   <trkpt lat="50.84375000000001" lon="5.17924">
    <ele>34.67</ele>
   </trkpt>
   <trkpt lat="50.843650000000004" lon="5.179130000000001">
    <ele>34.67</ele>
   </trkpt>
   <trkpt lat="50.843500000000006" lon="5.179060000000001">
    <ele>34.53</ele>
   </trkpt>
   <trkpt lat="50.843020000099415" lon="5.178939998774949">
    <ele>34.410000000000004</ele>
   </trkpt>
   <trkpt lat="50.84254000000001" lon="5.178820000000001">
    <ele>35.050000000000004</ele>
   </trkpt>
   <trkpt lat="50.84248" lon="5.17874">
    <ele>34.9</ele>
   </trkpt>
   <trkpt lat="50.84246500531272" lon="5.177624999681451">
    <ele>34.32</ele>
   </trkpt>
   <trkpt lat="50.84245000000001" lon="5.17651">
    <ele>34.7</ele>
   </trkpt>
   <trkpt lat="50.84246" lon="5.1761800000000004">
    <ele>35.07</ele>
   </trkpt>
   <trkpt lat="50.84177000005305" lon="5.176049998073965">
    <ele>35.07</ele>
   </trkpt>
   <trkpt lat="50.841080000000005" lon="5.1759200000000005">
    <ele>35.440000000000005</ele>
   </trkpt>
   <trkpt lat="50.841100000000004" lon="5.1759200000000005">
    <ele>35.440000000000005</ele>
   </trkpt>
   <trkpt lat="50.840230000000005" lon="5.17577">
    <ele>36.36</ele>
   </trkpt>
   <trkpt lat="50.839850000000006" lon="5.17574">
    <ele>36.77</ele>
   </trkpt>
   <trkpt lat="50.83939" lon="5.17576">
    <ele>37.84</ele>
   </trkpt>
   <trkpt lat="50.83932" lon="5.17438">
    <ele>38.74</ele>
   </trkpt>
   <trkpt lat="50.83928" lon="5.17414">
    <ele>38.77</ele>
   </trkpt>
   <trkpt lat="50.839270000000006" lon="5.174130000000001">
    <ele>38.77</ele>
   </trkpt>
   <trkpt lat="50.83911334125682" lon="5.173166660153216">
    <ele>38.77</ele>
   </trkpt>
   <trkpt lat="50.83895667458279" lon="5.172203326774727">
    <ele>38.71</ele>
   </trkpt>
   <trkpt lat="50.838800000000006" lon="5.17124">
    <ele>38.96</ele>
   </trkpt>
   <trkpt lat="50.8385666765167" lon="5.170166655954122">
    <ele>39.040000000000006</ele>
   </trkpt>
   <trkpt lat="50.838333343187884" lon="5.169093322641763">
    <ele>38.95</ele>
   </trkpt>
   <trkpt lat="50.838100000000004" lon="5.16802">
    <ele>39.040000000000006</ele>
   </trkpt>
   <trkpt lat="50.83793000240318" lon="5.167264997105067">
    <ele>39.010000000000005</ele>
   </trkpt>
   <trkpt lat="50.83776" lon="5.166510000000001">
    <ele>38.75</ele>
   </trkpt>
   <trkpt lat="50.837450000000004" lon="5.16579">
    <ele>38.89</ele>
   </trkpt>
   <trkpt lat="50.83716000135996" lon="5.165244996783821">
    <ele>38.71</ele>
   </trkpt>
   <trkpt lat="50.836870000000005" lon="5.164700000000001">
    <ele>38.66</ele>
   </trkpt>
   <trkpt lat="50.83644" lon="5.163810000000001">
    <ele>38.25000000000001</ele>
   </trkpt>
   <trkpt lat="50.836450000000006" lon="5.163830000000001">
    <ele>38.27</ele>
   </trkpt>
   <trkpt lat="50.83619500234707" lon="5.163094996095288">
    <ele>37.98</ele>
   </trkpt>
   <trkpt lat="50.83594" lon="5.1623600000000005">
    <ele>37.77</ele>
   </trkpt>
   <trkpt lat="50.835570000000004" lon="5.1612">
    <ele>38.13</ele>
   </trkpt>
   <trkpt lat="50.835240000000006" lon="5.161490000000001">
    <ele>37.82000000000001</ele>
   </trkpt>
   <trkpt lat="50.834970000000006" lon="5.161770000000001">
    <ele>37.83</ele>
   </trkpt>
   <trkpt lat="50.834830000000004" lon="5.161980000000001">
    <ele>38.040000000000006</ele>
   </trkpt>
   <trkpt lat="50.83473000000001" lon="5.16181">
    <ele>38.040000000000006</ele>
   </trkpt>
   <trkpt lat="50.83462334306083" lon="5.160743328494801">
    <ele>37.51</ele>
   </trkpt>
   <trkpt lat="50.83451667639785" lon="5.159676661865058">
    <ele>37.82000000000001</ele>
   </trkpt>
   <trkpt lat="50.834410000000005" lon="5.15861">
    <ele>36.480000000000004</ele>
   </trkpt>
   <trkpt lat="50.834410000000005" lon="5.158600000000001">
    <ele>36.47</ele>
   </trkpt>
   <trkpt lat="50.83427718998244" lon="5.157244262576459">
    <ele>35.49</ele>
   </trkpt>
   <trkpt lat="50.834144364256645" lon="5.155888532869093">
    <ele>35.71000000000001</ele>
   </trkpt>
   <trkpt lat="50.83401152282282" lon="5.154532810878737">
    <ele>35.99</ele>
   </trkpt>
   <trkpt lat="50.833878665681084" lon="5.15317709660622">
    <ele>37.08</ele>
   </trkpt>
   <trkpt lat="50.83374579283163" lon="5.151821390052376">
    <ele>38.07</ele>
   </trkpt>
   <trkpt lat="50.83361290427463" lon="5.150465691218036">
    <ele>39.75</ele>
   </trkpt>
   <trkpt lat="50.83348" lon="5.14911">
    <ele>41.870000000000005</ele>
   </trkpt>
   <trkpt lat="50.8335" lon="5.148980000000001">
    <ele>41.870000000000005</ele>
   </trkpt>
   <trkpt lat="50.83355" lon="5.1488700000000005">
    <ele>41.900000000000006</ele>
   </trkpt>
   <trkpt lat="50.834040005222995" lon="5.148086683148344">
    <ele>41.89</ele>
   </trkpt>
   <trkpt lat="50.83453000520196" lon="5.14730334984888">
    <ele>42.09</ele>
   </trkpt>
   <trkpt lat="50.83502000000001" lon="5.146520000000001">
    <ele>41.650000000000006</ele>
   </trkpt>
   <trkpt lat="50.83454500030535" lon="5.146329998126717">
    <ele>41.96</ele>
   </trkpt>
   <trkpt lat="50.834070000000004" lon="5.146140000000001">
    <ele>42.480000000000004</ele>
   </trkpt>
   <trkpt lat="50.833370001508975" lon="5.145794984469134">
    <ele>43.35000000000001</ele>
   </trkpt>
   <trkpt lat="50.832670002000654" lon="5.145449979286992">
    <ele>44.34</ele>
   </trkpt>
   <trkpt lat="50.831970001475085" lon="5.145104984453018">
    <ele>45.290000000000006</ele>
   </trkpt>
   <trkpt lat="50.83127" lon="5.144760000000001">
    <ele>46.50000000000001</ele>
   </trkpt>
   <trkpt lat="50.8305" lon="5.144360000000001">
    <ele>47.43000000000001</ele>
   </trkpt>
   <trkpt lat="50.83005499999211" lon="5.144094997290318">
    <ele>47.36000000000001</ele>
   </trkpt>
   <trkpt lat="50.82961" lon="5.14383">
    <ele>46.68000000000001</ele>
   </trkpt>
   <trkpt lat="50.829020000729585" lon="5.143539992674723">
    <ele>45.87</ele>
   </trkpt>
   <trkpt lat="50.82843000074036" lon="5.143249992680141">
    <ele>44.71000000000001</ele>
   </trkpt>
   <trkpt lat="50.82784" lon="5.14296">
    <ele>43.72</ele>
   </trkpt>
   <trkpt lat="50.827380000000005" lon="5.142790000000001">
    <ele>43.34</ele>
   </trkpt>
   <trkpt lat="50.827090000000005" lon="5.14273">
    <ele>43.24</ele>
   </trkpt>
   <trkpt lat="50.82619333331163" lon="5.142659997306144">
    <ele>42.97</ele>
   </trkpt>
   <trkpt lat="50.82529666658138" lon="5.142589997301243">
    <ele>42.95</ele>
   </trkpt>
   <trkpt lat="50.824400000000004" lon="5.14252">
    <ele>43.15</ele>
   </trkpt>
   <trkpt lat="50.82394500008773" lon="5.1425500002868265">
    <ele>43.71000000000001</ele>
   </trkpt>
   <trkpt lat="50.82349000000001" lon="5.142580000000001">
    <ele>43.870000000000005</ele>
   </trkpt>
   <trkpt lat="50.82309000000001" lon="5.142650000000001">
    <ele>44.08</ele>
   </trkpt>
   <trkpt lat="50.82251" lon="5.1428">
    <ele>44.43000000000001</ele>
   </trkpt>
   <trkpt lat="50.821850000000005" lon="5.14304">
    <ele>45.28</ele>
   </trkpt>
   <trkpt lat="50.8211" lon="5.143350000000001">
    <ele>45.900000000000006</ele>
   </trkpt>
   <trkpt lat="50.8206100001719" lon="5.143550002098342">
    <ele>46.13</ele>
   </trkpt>
   <trkpt lat="50.82012" lon="5.143750000000001">
    <ele>46.55</ele>
   </trkpt>
   <trkpt lat="50.82005" lon="5.143280000000001">
    <ele>46.28</ele>
   </trkpt>
   <trkpt lat="50.81924" lon="5.14351">
    <ele>46.28</ele>
   </trkpt>
   <trkpt lat="50.81891" lon="5.14353">
    <ele>46.330000000000005</ele>
   </trkpt>
   <trkpt lat="50.81889" lon="5.14353">
    <ele>46.330000000000005</ele>
   </trkpt>
   <trkpt lat="50.81866" lon="5.1435200000000005">
    <ele>46.43000000000001</ele>
   </trkpt>
   <trkpt lat="50.818360000000006" lon="5.14346">
    <ele>46.45</ele>
   </trkpt>
   <trkpt lat="50.81828" lon="5.14343">
    <ele>46.45</ele>
   </trkpt>
   <trkpt lat="50.81799" lon="5.1432400000000005">
    <ele>46.50000000000001</ele>
   </trkpt>
   <trkpt lat="50.817930000000004" lon="5.143330000000001">
    <ele>46.50000000000001</ele>
   </trkpt>
   <trkpt lat="50.81768" lon="5.1435900000000006">
    <ele>46.220000000000006</ele>
   </trkpt>
   <trkpt lat="50.817280000000004" lon="5.14426">
    <ele>46.8</ele>
   </trkpt>
   <trkpt lat="50.81714" lon="5.14454">
    <ele>47.77</ele>
   </trkpt>
   <trkpt lat="50.8171" lon="5.14466">
    <ele>47.77</ele>
   </trkpt>
   <trkpt lat="50.816880000000005" lon="5.14456">
    <ele>47.38</ele>
   </trkpt>
   <trkpt lat="50.81656" lon="5.144340000000001">
    <ele>47.260000000000005</ele>
   </trkpt>
   <trkpt lat="50.81644000000001" lon="5.1442000000000005">
    <ele>47.35</ele>
   </trkpt>
   <trkpt lat="50.816390000000006" lon="5.144220000000001">
    <ele>47.370000000000005</ele>
   </trkpt>
   <trkpt lat="50.81573000306343" lon="5.145065011926174">
    <ele>47.96</ele>
   </trkpt>
   <trkpt lat="50.815070000000006" lon="5.145910000000001">
    <ele>49.02</ele>
   </trkpt>
   <trkpt lat="50.81483" lon="5.146170000000001">
    <ele>49.2</ele>
   </trkpt>
   <trkpt lat="50.81465000000001" lon="5.14644">
    <ele>49.300000000000004</ele>
   </trkpt>
   <trkpt lat="50.81416" lon="5.147290000000001">
    <ele>50.0</ele>
   </trkpt>
   <trkpt lat="50.8138800013203" lon="5.147860003556035">
    <ele>50.46</ele>
   </trkpt>
   <trkpt lat="50.8136" lon="5.14843">
    <ele>52.35000000000001</ele>
   </trkpt>
   <trkpt lat="50.81336" lon="5.1488000000000005">
    <ele>52.7</ele>
   </trkpt>
   <trkpt lat="50.81315000000001" lon="5.14897">
    <ele>54.510000000000005</ele>
   </trkpt>
   <trkpt lat="50.812830000000005" lon="5.14918">
    <ele>56.190000000000005</ele>
   </trkpt>
   <trkpt lat="50.81259000000001" lon="5.149290000000001">
    <ele>58.150000000000006</ele>
   </trkpt>
   <trkpt lat="50.812560000000005" lon="5.149290000000001">
    <ele>58.24000000000001</ele>
   </trkpt>
   <trkpt lat="50.81242" lon="5.147930000000001">
    <ele>57.84</ele>
   </trkpt>
   <trkpt lat="50.812290000000004" lon="5.147970000000001">
    <ele>57.84</ele>
   </trkpt>
   <trkpt lat="50.812250000000006" lon="5.14803">
    <ele>58.050000000000004</ele>
   </trkpt>
   <trkpt lat="50.81194500368286" lon="5.14896500626912">
    <ele>59.06</ele>
   </trkpt>
   <trkpt lat="50.811640000000004" lon="5.149900000000001">
    <ele>57.27</ele>
   </trkpt>
   <trkpt lat="50.811240000000005" lon="5.15022">
    <ele>55.13</ele>
   </trkpt>
   <trkpt lat="50.81064000000001" lon="5.150790000000001">
    <ele>52.83</ele>
   </trkpt>
   <trkpt lat="50.810105002174545" lon="5.151500008105015">
    <ele>51.61</ele>
   </trkpt>
   <trkpt lat="50.80957" lon="5.15221">
    <ele>50.53</ele>
   </trkpt>
   <trkpt lat="50.80950000000001" lon="5.152290000000001">
    <ele>50.53</ele>
   </trkpt>
   <trkpt lat="50.809180000000005" lon="5.15256">
    <ele>50.17</ele>
   </trkpt>
   <trkpt lat="50.808645000581656" lon="5.152910003970352">
    <ele>49.17</ele>
   </trkpt>
   <trkpt lat="50.808110000000006" lon="5.15326">
    <ele>48.93</ele>
   </trkpt>
   <trkpt lat="50.80767" lon="5.15355">
    <ele>48.760000000000005</ele>
   </trkpt>
   <trkpt lat="50.807460000000006" lon="5.153770000000001">
    <ele>48.46</ele>
   </trkpt>
   <trkpt lat="50.80698" lon="5.1544300000000005">
    <ele>48.35</ele>
   </trkpt>
   <trkpt lat="50.806540000000005" lon="5.15535">
    <ele>48.040000000000006</ele>
   </trkpt>
   <trkpt lat="50.80644" lon="5.15591">
    <ele>48.49</ele>
   </trkpt>
   <trkpt lat="50.806380000000004" lon="5.156070000000001">
    <ele>48.63</ele>
   </trkpt>
   <trkpt lat="50.80624" lon="5.15591">
    <ele>48.56</ele>
   </trkpt>
   <trkpt lat="50.805870000000006" lon="5.1555800000000005">
    <ele>48.74</ele>
   </trkpt>
   <trkpt lat="50.805490000000006" lon="5.155360000000001">
    <ele>48.760000000000005</ele>
   </trkpt>
   <trkpt lat="50.80507" lon="5.15517">
    <ele>48.96</ele>
   </trkpt>
   <trkpt lat="50.80472" lon="5.155">
    <ele>49.760000000000005</ele>
   </trkpt>
   <trkpt lat="50.80456" lon="5.15488">
    <ele>50.2</ele>
   </trkpt>
   <trkpt lat="50.80443" lon="5.154730000000001">
    <ele>50.330000000000005</ele>
   </trkpt>
   <trkpt lat="50.80425" lon="5.154400000000001">
    <ele>50.42000000000001</ele>
   </trkpt>
   <trkpt lat="50.804190000000006" lon="5.15446">
    <ele>50.42000000000001</ele>
   </trkpt>
   <trkpt lat="50.80375" lon="5.15463">
    <ele>53.34</ele>
   </trkpt>
   <trkpt lat="50.80346" lon="5.1549700000000005">
    <ele>53.95</ele>
   </trkpt>
   <trkpt lat="50.80332000000001" lon="5.155200000000001">
    <ele>55.1</ele>
   </trkpt>
   <trkpt lat="50.80304" lon="5.15577">
    <ele>56.1</ele>
   </trkpt>
   <trkpt lat="50.8025" lon="5.15678">
    <ele>57.900000000000006</ele>
   </trkpt>
   <trkpt lat="50.80212500182217" lon="5.157445005457524">
    <ele>59.510000000000005</ele>
   </trkpt>
   <trkpt lat="50.801750000000006" lon="5.158110000000001">
    <ele>60.92</ele>
   </trkpt>
   <trkpt lat="50.80153000000001" lon="5.158600000000001">
    <ele>61.84</ele>
   </trkpt>
   <trkpt lat="50.80118" lon="5.15946">
    <ele>63.9</ele>
   </trkpt>
   <trkpt lat="50.801" lon="5.15983">
    <ele>64.46000000000001</ele>
   </trkpt>
   <trkpt lat="50.800760000000004" lon="5.160200000000001">
    <ele>65.67</ele>
   </trkpt>
   <trkpt lat="50.80041000000001" lon="5.1606700000000005">
    <ele>66.21000000000001</ele>
   </trkpt>
   <trkpt lat="50.79992000000001" lon="5.16096">
    <ele>67.0</ele>
   </trkpt>
   <trkpt lat="50.799510000000005" lon="5.16127">
    <ele>67.5</ele>
   </trkpt>
   <trkpt lat="50.799380000000006" lon="5.1614">
    <ele>67.5</ele>
   </trkpt>
   <trkpt lat="50.79886000809074" lon="5.162195026559711">
    <ele>68.96000000000001</ele>
   </trkpt>
   <trkpt lat="50.79834001077838" lon="5.162990035426533">
    <ele>69.55</ele>
   </trkpt>
   <trkpt lat="50.79782000806316" lon="5.163785026601005">
    <ele>68.04</ele>
   </trkpt>
   <trkpt lat="50.79730000000001" lon="5.164580000000001">
    <ele>65.67</ele>
   </trkpt>
   <trkpt lat="50.79693000272427" lon="5.165375006245099">
    <ele>67.56</ele>
   </trkpt>
   <trkpt lat="50.79656000000001" lon="5.16617">
    <ele>68.53</ele>
   </trkpt>
   <trkpt lat="50.796260000000004" lon="5.166740000000001">
    <ele>68.47</ele>
   </trkpt>
   <trkpt lat="50.79582500171816" lon="5.167385006092467">
    <ele>67.29</ele>
   </trkpt>
   <trkpt lat="50.795390000000005" lon="5.168030000000001">
    <ele>66.07000000000001</ele>
   </trkpt>
   <trkpt lat="50.79491" lon="5.16875">
    <ele>65.78</ele>
   </trkpt>
   <trkpt lat="50.79467" lon="5.16844">
    <ele>65.14</ele>
   </trkpt>
   <trkpt lat="50.79444" lon="5.168100000000001">
    <ele>65.13000000000001</ele>
   </trkpt>
   <trkpt lat="50.7939" lon="5.16708">
    <ele>65.94</ele>
   </trkpt>
   <trkpt lat="50.79374000000001" lon="5.1668400000000005">
    <ele>66.27000000000001</ele>
   </trkpt>
   <trkpt lat="50.79324667015298" lon="5.166196653018652">
    <ele>66.9</ele>
   </trkpt>
   <trkpt lat="50.79275333676774" lon="5.165553319617808">
    <ele>67.88000000000001</ele>
   </trkpt>
   <trkpt lat="50.792260000000006" lon="5.164910000000001">
    <ele>69.18</ele>
   </trkpt>
   <trkpt lat="50.79209" lon="5.16474">
    <ele>69.23</ele>
   </trkpt>
   <trkpt lat="50.791535000110834" lon="5.164544997666538">
    <ele>69.28</ele>
   </trkpt>
   <trkpt lat="50.790980000000005" lon="5.164350000000001">
    <ele>69.91</ele>
   </trkpt>
   <trkpt lat="50.79075" lon="5.164230000000001">
    <ele>69.91</ele>
   </trkpt>
   <trkpt lat="50.79027000000001" lon="5.16389">
    <ele>70.33</ele>
   </trkpt>
   <trkpt lat="50.789505001772945" lon="5.163234989228903">
    <ele>70.79</ele>
   </trkpt>
   <trkpt lat="50.788740000000004" lon="5.16258">
    <ele>71.24000000000001</ele>
   </trkpt>
   <trkpt lat="50.788560000000004" lon="5.16246">
    <ele>71.4</ele>
   </trkpt>
   <trkpt lat="50.78831" lon="5.16232">
    <ele>71.67000000000002</ele>
   </trkpt>
   <trkpt lat="50.78830000000001" lon="5.16232">
    <ele>71.67000000000002</ele>
   </trkpt>
   <trkpt lat="50.78754500065053" lon="5.161919993522415">
    <ele>72.79</ele>
   </trkpt>
   <trkpt lat="50.78679" lon="5.16152">
    <ele>73.49</ele>
   </trkpt>
   <trkpt lat="50.786530000000006" lon="5.161370000000001">
    <ele>73.96000000000001</ele>
   </trkpt>
   <trkpt lat="50.78632" lon="5.16122">
    <ele>74.39000000000001</ele>
   </trkpt>
   <trkpt lat="50.785592505536655" lon="5.160562469300722">
    <ele>75.52</ele>
   </trkpt>
   <trkpt lat="50.78486500737716" lon="5.159904959063907">
    <ele>76.39</ele>
   </trkpt>
   <trkpt lat="50.78413750552171" lon="5.159247469288488">
    <ele>77.68</ele>
   </trkpt>
   <trkpt lat="50.78341" lon="5.15859">
    <ele>79.48</ele>
   </trkpt>
   <trkpt lat="50.78311" lon="5.15838">
    <ele>80.27000000000001</ele>
   </trkpt>
   <trkpt lat="50.78293501995753" lon="5.1596275140087915">
    <ele>80.78</ele>
   </trkpt>
   <trkpt lat="50.78276002660972" lon="5.160875018680191">
    <ele>80.15</ele>
   </trkpt>
   <trkpt lat="50.78258501995674" lon="5.16212251401362">
    <ele>77.96</ele>
   </trkpt>
   <trkpt lat="50.782410000000006" lon="5.1633700000000005">
    <ele>74.9</ele>
   </trkpt>
   <trkpt lat="50.78231" lon="5.163810000000001">
    <ele>73.62</ele>
   </trkpt>
   <trkpt lat="50.78193" lon="5.165">
    <ele>71.35000000000001</ele>
   </trkpt>
   <trkpt lat="50.781850000000006" lon="5.1654100000000005">
    <ele>70.3</ele>
   </trkpt>
   <trkpt lat="50.78181000000001" lon="5.1664">
    <ele>68.64</ele>
   </trkpt>
   <trkpt lat="50.781850000000006" lon="5.16701">
    <ele>68.05</ele>
   </trkpt>
   <trkpt lat="50.781850000000006" lon="5.167000000000001">
    <ele>68.06</ele>
   </trkpt>
   <trkpt lat="50.78193" lon="5.168100000000001">
    <ele>68.65</ele>
   </trkpt>
   <trkpt lat="50.78172000000001" lon="5.16898">
    <ele>67.35000000000001</ele>
   </trkpt>
   <trkpt lat="50.7815" lon="5.169720000000001">
    <ele>66.86</ele>
   </trkpt>
   <trkpt lat="50.781050006426106" lon="5.170945011758092">
    <ele>66.91000000000001</ele>
   </trkpt>
   <trkpt lat="50.78060000000001" lon="5.17217">
    <ele>69.27000000000001</ele>
   </trkpt>
   <trkpt lat="50.780080000000005" lon="5.17201">
    <ele>68.63000000000001</ele>
   </trkpt>
   <trkpt lat="50.77985" lon="5.17192">
    <ele>68.7</ele>
   </trkpt>
   <trkpt lat="50.77958" lon="5.17178">
    <ele>69.39</ele>
   </trkpt>
   <trkpt lat="50.77944" lon="5.17173">
    <ele>69.39</ele>
   </trkpt>
   <trkpt lat="50.77891" lon="5.17133">
    <ele>70.91</ele>
   </trkpt>
   <trkpt lat="50.77882" lon="5.17121">
    <ele>71.75</ele>
   </trkpt>
   <trkpt lat="50.77877" lon="5.171340000000001">
    <ele>71.73</ele>
   </trkpt>
   <trkpt lat="50.778740000000006" lon="5.171320000000001">
    <ele>71.73</ele>
   </trkpt>
   <trkpt lat="50.77868" lon="5.1715800000000005">
    <ele>71.10000000000001</ele>
   </trkpt>
   <trkpt lat="50.778710000000004" lon="5.17175">
    <ele>70.59</ele>
   </trkpt>
   <trkpt lat="50.7787" lon="5.171900000000001">
    <ele>70.33</ele>
   </trkpt>
   <trkpt lat="50.77828" lon="5.172820000000001">
    <ele>69.16</ele>
   </trkpt>
   <trkpt lat="50.77807000000001" lon="5.173220000000001">
    <ele>69.09000000000002</ele>
   </trkpt>
   <trkpt lat="50.777890000000006" lon="5.1737">
    <ele>68.67</ele>
   </trkpt>
   <trkpt lat="50.777480000000004" lon="5.1746300000000005">
    <ele>68.03</ele>
   </trkpt>
   <trkpt lat="50.777530000000006" lon="5.17468">
    <ele>67.94</ele>
   </trkpt>
   <trkpt lat="50.77711334084645" lon="5.175616683329915">
    <ele>67.79</ele>
   </trkpt>
   <trkpt lat="50.776696674191626" lon="5.176553349969677">
    <ele>68.3</ele>
   </trkpt>
   <trkpt lat="50.77628000000001" lon="5.177490000000001">
    <ele>69.63000000000001</ele>
   </trkpt>
   <trkpt lat="50.776180000000004" lon="5.177650000000001">
    <ele>69.85000000000001</ele>
   </trkpt>
   <trkpt lat="50.776050000000005" lon="5.17794">
    <ele>70.24000000000001</ele>
   </trkpt>
   <trkpt lat="50.77599000000001" lon="5.1781500000000005">
    <ele>70.54</ele>
   </trkpt>
   <trkpt lat="50.77582" lon="5.17853">
    <ele>71.07000000000001</ele>
   </trkpt>
   <trkpt lat="50.77573" lon="5.178610000000001">
    <ele>71.24000000000001</ele>
   </trkpt>
   <trkpt lat="50.77563000000001" lon="5.1786">
    <ele>71.24000000000001</ele>
   </trkpt>
   <trkpt lat="50.77494000049858" lon="5.178219994328583">
    <ele>72.41</ele>
   </trkpt>
   <trkpt lat="50.77425" lon="5.177840000000001">
    <ele>74.05</ele>
   </trkpt>
   <trkpt lat="50.773920000000004" lon="5.178590000000001">
    <ele>73.69</ele>
   </trkpt>
   <trkpt lat="50.77349" lon="5.17973">
    <ele>70.95</ele>
   </trkpt>
   <trkpt lat="50.77337000000001" lon="5.180090000000001">
    <ele>69.49000000000001</ele>
   </trkpt>
   <trkpt lat="50.77326000000001" lon="5.1805">
    <ele>68.65</ele>
   </trkpt>
   <trkpt lat="50.77308500393947" lon="5.181465003839553">
    <ele>66.08</ele>
   </trkpt>
   <trkpt lat="50.77291" lon="5.18243">
    <ele>65.89</ele>
   </trkpt>
   <trkpt lat="50.77293" lon="5.18268">
    <ele>65.89</ele>
   </trkpt>
   <trkpt lat="50.77281000000001" lon="5.182790000000001">
    <ele>66.04</ele>
   </trkpt>
   <trkpt lat="50.77272000000001" lon="5.18304">
    <ele>66.18</ele>
   </trkpt>
   <trkpt lat="50.77256000211356" lon="5.183740002312254">
    <ele>66.7</ele>
   </trkpt>
   <trkpt lat="50.772400000000005" lon="5.18444">
    <ele>67.92</ele>
   </trkpt>
   <trkpt lat="50.772330000000004" lon="5.184850000000001">
    <ele>69.27000000000001</ele>
   </trkpt>
   <trkpt lat="50.77232000000001" lon="5.185770000000001">
    <ele>73.50000000000001</ele>
   </trkpt>
   <trkpt lat="50.772240000000004" lon="5.18684">
    <ele>77.32</ele>
   </trkpt>
   <trkpt lat="50.772220000000004" lon="5.187970000000001">
    <ele>81.97</ele>
   </trkpt>
   <trkpt lat="50.77225000000001" lon="5.189050000000001">
    <ele>86.68</ele>
   </trkpt>
   <trkpt lat="50.77223000000001" lon="5.1893">
    <ele>88.26</ele>
   </trkpt>
   <trkpt lat="50.772080004418385" lon="5.190320003470787">
    <ele>93.49</ele>
   </trkpt>
   <trkpt lat="50.771930000000005" lon="5.19134">
    <ele>95.86000000000001</ele>
   </trkpt>
   <trkpt lat="50.77166500342606" lon="5.1922400052235504">
    <ele>95.18</ele>
   </trkpt>
   <trkpt lat="50.77140000000001" lon="5.1931400000000005">
    <ele>94.49000000000001</ele>
   </trkpt>
   <trkpt lat="50.771240000000006" lon="5.19369">
    <ele>94.02000000000001</ele>
   </trkpt>
   <trkpt lat="50.771010000000004" lon="5.19474">
    <ele>89.98</ele>
   </trkpt>
   <trkpt lat="50.77083000187274" lon="5.195410002750675">
    <ele>87.34</ele>
   </trkpt>
   <trkpt lat="50.77065" lon="5.19608">
    <ele>86.04</ele>
   </trkpt>
   <trkpt lat="50.77035000215925" lon="5.196775004238747">
    <ele>84.21000000000001</ele>
   </trkpt>
   <trkpt lat="50.770050000000005" lon="5.19747">
    <ele>83.43</ele>
   </trkpt>
   <trkpt lat="50.769745003245866" lon="5.198340005643783">
    <ele>81.59</ele>
   </trkpt>
   <trkpt lat="50.76944" lon="5.199210000000001">
    <ele>79.12</ele>
   </trkpt>
   <trkpt lat="50.76924" lon="5.19967">
    <ele>77.43</ele>
   </trkpt>
   <trkpt lat="50.76878000407449" lon="5.20064000942837">
    <ele>74.93</ele>
   </trkpt>
   <trkpt lat="50.76832" lon="5.2016100000000005">
    <ele>74.23</ele>
   </trkpt>
   <trkpt lat="50.76797000266288" lon="5.2024000059222155">
    <ele>73.60000000000001</ele>
   </trkpt>
   <trkpt lat="50.76762" lon="5.20319">
    <ele>74.68</ele>
   </trkpt>
   <trkpt lat="50.76753" lon="5.20354">
    <ele>75.64000000000001</ele>
   </trkpt>
   <trkpt lat="50.767486674881006" lon="5.2045200017582545">
    <ele>74.91</ele>
   </trkpt>
   <trkpt lat="50.767443341550184" lon="5.205500001701224">
    <ele>74.33000000000001</ele>
   </trkpt>
   <trkpt lat="50.7674" lon="5.20648">
    <ele>74.54</ele>
   </trkpt>
   <trkpt lat="50.76719000000001" lon="5.20769">
    <ele>75.09</ele>
   </trkpt>
   <trkpt lat="50.767100000000006" lon="5.20809">
    <ele>75.05</ele>
   </trkpt>
   <trkpt lat="50.76686" lon="5.208950000000001">
    <ele>75.36000000000001</ele>
   </trkpt>
   <trkpt lat="50.766580000000005" lon="5.209630000000001">
    <ele>75.81</ele>
   </trkpt>
   <trkpt lat="50.76643000000001" lon="5.21009">
    <ele>76.94000000000001</ele>
   </trkpt>
   <trkpt lat="50.76634000000001" lon="5.21027">
    <ele>77.37</ele>
   </trkpt>
   <trkpt lat="50.76565000358067" lon="5.211170013119524">
    <ele>80.96000000000001</ele>
   </trkpt>
   <trkpt lat="50.76496" lon="5.212070000000001">
    <ele>86.15</ele>
   </trkpt>
   <trkpt lat="50.764435002032016" lon="5.212745007465864">
    <ele>86.45000000000002</ele>
   </trkpt>
   <trkpt lat="50.76391" lon="5.21342">
    <ele>85.94</ele>
   </trkpt>
   <trkpt lat="50.76346" lon="5.21403">
    <ele>87.06000000000002</ele>
   </trkpt>
   <trkpt lat="50.763130000000004" lon="5.214530000000001">
    <ele>88.33</ele>
   </trkpt>
   <trkpt lat="50.76285000000001" lon="5.214840000000001">
    <ele>88.81000000000002</ele>
   </trkpt>
   <trkpt lat="50.76247000000001" lon="5.215260000000001">
    <ele>89.43</ele>
   </trkpt>
   <trkpt lat="50.76204000135732" lon="5.215820005124551">
    <ele>89.52</ele>
   </trkpt>
   <trkpt lat="50.761610000000005" lon="5.21638">
    <ele>89.24000000000001</ele>
   </trkpt>
   <trkpt lat="50.760960000000004" lon="5.21729">
    <ele>89.12</ele>
   </trkpt>
   <trkpt lat="50.76043000000001" lon="5.218170000000001">
    <ele>90.08000000000001</ele>
   </trkpt>
   <trkpt lat="50.76006" lon="5.2189700000000006">
    <ele>90.48</ele>
   </trkpt>
   <trkpt lat="50.75965" lon="5.220000000000001">
    <ele>91.78000000000002</ele>
   </trkpt>
   <trkpt lat="50.759345001482544" lon="5.220610004192391">
    <ele>92.29</ele>
   </trkpt>
   <trkpt lat="50.759040000000006" lon="5.221220000000001">
    <ele>93.37</ele>
   </trkpt>
   <trkpt lat="50.75883" lon="5.221780000000001">
    <ele>93.54</ele>
   </trkpt>
   <trkpt lat="50.758630000000004" lon="5.22205">
    <ele>94.61000000000001</ele>
   </trkpt>
   <trkpt lat="50.75815000000001" lon="5.222580000000001">
    <ele>97.14</ele>
   </trkpt>
   <trkpt lat="50.757520001310425" lon="5.223130007388929">
    <ele>98.88000000000001</ele>
   </trkpt>
   <trkpt lat="50.756890000000006" lon="5.223680000000001">
    <ele>101.39</ele>
   </trkpt>
   <trkpt lat="50.75614" lon="5.22445">
    <ele>98.95</ele>
   </trkpt>
   <trkpt lat="50.75592" lon="5.224710000000001">
    <ele>98.10000000000001</ele>
   </trkpt>
   <trkpt lat="50.75526000000001" lon="5.22564">
    <ele>95.67</ele>
   </trkpt>
   <trkpt lat="50.75462500966672" lon="5.226507535289023">
    <ele>93.77000000000001</ele>
   </trkpt>
   <trkpt lat="50.75399001289783" lon="5.227375047038979">
    <ele>93.12</ele>
   </trkpt>
   <trkpt lat="50.75335500969369" lon="5.228242535250803">
    <ele>93.86000000000001</ele>
   </trkpt>
   <trkpt lat="50.752720000000004" lon="5.22911">
    <ele>94.07</ele>
   </trkpt>
   <trkpt lat="50.75273000000001" lon="5.229100000000001">
    <ele>94.07</ele>
   </trkpt>
   <trkpt lat="50.75254" lon="5.22937">
    <ele>94.07</ele>
   </trkpt>
   <trkpt lat="50.752300000000005" lon="5.2297400000000005">
    <ele>94.4</ele>
   </trkpt>
   <trkpt lat="50.75215000000001" lon="5.23007">
    <ele>94.63000000000001</ele>
   </trkpt>
   <trkpt lat="50.75172333966384" lon="5.230930015665738">
    <ele>94.97000000000001</ele>
   </trkpt>
   <trkpt lat="50.751296673002976" lon="5.231790015653799">
    <ele>95.67</ele>
   </trkpt>
   <trkpt lat="50.750870000000006" lon="5.2326500000000005">
    <ele>96.93</ele>
   </trkpt>
   <trkpt lat="50.75061500254703" lon="5.233415004032941">
    <ele>98.60000000000001</ele>
   </trkpt>
   <trkpt lat="50.75036000000001" lon="5.23418">
    <ele>100.54</ele>
   </trkpt>
   <trkpt lat="50.75005" lon="5.23536">
    <ele>105.93</ele>
   </trkpt>
   <trkpt lat="50.74980000000001" lon="5.2358400000000005">
    <ele>107.47000000000001</ele>
   </trkpt>
   <trkpt lat="50.75035500076317" lon="5.236234995385259">
    <ele>108.56</ele>
   </trkpt>
   <trkpt lat="50.750910000000005" lon="5.236630000000001">
    <ele>109.45</ele>
   </trkpt>
   <trkpt lat="50.75097" lon="5.23672">
    <ele>109.45</ele>
   </trkpt>
   <trkpt lat="50.751000000000005" lon="5.23686">
    <ele>109.55000000000001</ele>
   </trkpt>
   <trkpt lat="50.75099" lon="5.237970000000001">
    <ele>110.33000000000001</ele>
   </trkpt>
   <trkpt lat="50.751050000000006" lon="5.238390000000001">
    <ele>110.4</ele>
   </trkpt>
   <trkpt lat="50.751180000000005" lon="5.23892">
    <ele>109.51</ele>
   </trkpt>
   <trkpt lat="50.751310000000004" lon="5.2392900000000004">
    <ele>108.95</ele>
   </trkpt>
   <trkpt lat="50.75171000758429" lon="5.240233317151562">
    <ele>105.42000000000002</ele>
   </trkpt>
   <trkpt lat="50.75211000755906" lon="5.241176650425131">
    <ele>101.22</ele>
   </trkpt>
   <trkpt lat="50.75251" lon="5.242120000000001">
    <ele>98.7</ele>
   </trkpt>
   <trkpt lat="50.75251" lon="5.24211">
    <ele>98.72</ele>
   </trkpt>
   <trkpt lat="50.75289251044642" lon="5.243012477872355">
    <ele>96.51</ele>
   </trkpt>
   <trkpt lat="50.753275013928" lon="5.243914970494687">
    <ele>94.07</ele>
   </trkpt>
   <trkpt lat="50.75365751044451" lon="5.2448174778671675">
    <ele>93.6</ele>
   </trkpt>
   <trkpt lat="50.75404" lon="5.24572">
    <ele>91.50000000000001</ele>
   </trkpt>
   <trkpt lat="50.754465002736545" lon="5.246514992845338">
    <ele>89.73</ele>
   </trkpt>
   <trkpt lat="50.75489" lon="5.247310000000001">
    <ele>88.42000000000002</ele>
   </trkpt>
   <trkpt lat="50.7554750041457" lon="5.248289987817014">
    <ele>86.0</ele>
   </trkpt>
   <trkpt lat="50.756060000000005" lon="5.24927">
    <ele>84.49000000000001</ele>
   </trkpt>
   <trkpt lat="50.756190000000004" lon="5.24946">
    <ele>83.87</ele>
   </trkpt>
   <trkpt lat="50.75643" lon="5.249750000000001">
    <ele>83.25</ele>
   </trkpt>
   <trkpt lat="50.7569200008033" lon="5.250194995301543">
    <ele>82.17</ele>
   </trkpt>
   <trkpt lat="50.75741000000001" lon="5.250640000000001">
    <ele>81.27000000000001</ele>
   </trkpt>
   <trkpt lat="50.758160000000004" lon="5.251200000000001">
    <ele>79.71000000000001</ele>
   </trkpt>
   <trkpt lat="50.75846000000001" lon="5.25149">
    <ele>79.59</ele>
   </trkpt>
   <trkpt lat="50.75858" lon="5.25164">
    <ele>79.59</ele>
   </trkpt>
   <trkpt lat="50.758750000000006" lon="5.251930000000001">
    <ele>79.64</ele>
   </trkpt>
   <trkpt lat="50.758950000000006" lon="5.252490000000001">
    <ele>79.92</ele>
   </trkpt>
   <trkpt lat="50.75905" lon="5.25307">
    <ele>80.43</ele>
   </trkpt>
   <trkpt lat="50.759080000000004" lon="5.25347">
    <ele>81.06</ele>
   </trkpt>
   <trkpt lat="50.759080000000004" lon="5.253480000000001">
    <ele>81.06</ele>
   </trkpt>
   <trkpt lat="50.75912" lon="5.253850000000001">
    <ele>81.91000000000001</ele>
   </trkpt>
   <trkpt lat="50.75914" lon="5.2549600000000005">
    <ele>84.10000000000001</ele>
   </trkpt>
   <trkpt lat="50.758520000000004" lon="5.255240000000001">
    <ele>86.78</ele>
   </trkpt>
   <trkpt lat="50.758700000000005" lon="5.25598">
    <ele>85.68</ele>
   </trkpt>
   <trkpt lat="50.758990000000004" lon="5.256670000000001">
    <ele>83.86</ele>
   </trkpt>
   <trkpt lat="50.759350002190615" lon="5.257399994206272">
    <ele>82.46000000000001</ele>
   </trkpt>
   <trkpt lat="50.759710000000005" lon="5.25813">
    <ele>81.39</ele>
   </trkpt>
   <trkpt lat="50.75981" lon="5.25827">
    <ele>80.7</ele>
   </trkpt>
   <trkpt lat="50.75997" lon="5.25842">
    <ele>80.48</ele>
   </trkpt>
   <trkpt lat="50.76003000000001" lon="5.258640000000001">
    <ele>80.43</ele>
   </trkpt>
   <trkpt lat="50.76017" lon="5.25858">
    <ele>80.43</ele>
   </trkpt>
   <trkpt lat="50.76034000000001" lon="5.25856">
    <ele>79.69000000000001</ele>
   </trkpt>
   <trkpt lat="50.76044" lon="5.258590000000001">
    <ele>79.16000000000001</ele>
   </trkpt>
   <trkpt lat="50.76059000000001" lon="5.25867">
    <ele>79.16000000000001</ele>
   </trkpt>
   <trkpt lat="50.761210000000005" lon="5.25924">
    <ele>76.46</ele>
   </trkpt>
   <trkpt lat="50.76155000000001" lon="5.259600000000001">
    <ele>74.32000000000001</ele>
   </trkpt>
   <trkpt lat="50.762150000000005" lon="5.26029">
    <ele>72.97</ele>
   </trkpt>
   <trkpt lat="50.762240000000006" lon="5.260400000000001">
    <ele>72.88</ele>
   </trkpt>
   <trkpt lat="50.76227" lon="5.26046">
    <ele>72.88</ele>
   </trkpt>
   <trkpt lat="50.76229000000001" lon="5.2606">
    <ele>72.82000000000001</ele>
   </trkpt>
   <trkpt lat="50.76240000000001" lon="5.260630000000001">
    <ele>72.82000000000001</ele>
   </trkpt>
   <trkpt lat="50.7625" lon="5.260700000000001">
    <ele>72.32000000000001</ele>
   </trkpt>
   <trkpt lat="50.762980000000006" lon="5.261270000000001">
    <ele>71.97</ele>
   </trkpt>
   <trkpt lat="50.76364" lon="5.262020000000001">
    <ele>71.37</ele>
   </trkpt>
   <trkpt lat="50.7638" lon="5.26215">
    <ele>71.37</ele>
   </trkpt>
   <trkpt lat="50.76389" lon="5.26217">
    <ele>70.98</ele>
   </trkpt>
   <trkpt lat="50.764010000000006" lon="5.262180000000001">
    <ele>70.98</ele>
   </trkpt>
   <trkpt lat="50.764250000000004" lon="5.2621">
    <ele>70.9</ele>
   </trkpt>
   <trkpt lat="50.7644" lon="5.26196">
    <ele>70.87</ele>
   </trkpt>
   <trkpt lat="50.76491000000001" lon="5.261270000000001">
    <ele>71.66</ele>
   </trkpt>
   <trkpt lat="50.76509" lon="5.2610600000000005">
    <ele>72.34</ele>
   </trkpt>
   <trkpt lat="50.76529000000001" lon="5.260890000000001">
    <ele>72.72</ele>
   </trkpt>
   <trkpt lat="50.765350000000005" lon="5.260870000000001">
    <ele>72.72</ele>
   </trkpt>
   <trkpt lat="50.765420000000006" lon="5.260870000000001">
    <ele>73.29</ele>
   </trkpt>
   <trkpt lat="50.76549000000001" lon="5.2609">
    <ele>73.29</ele>
   </trkpt>
   <trkpt lat="50.76587500191205" lon="5.2615549947425135">
    <ele>73.7</ele>
   </trkpt>
   <trkpt lat="50.76626" lon="5.2622100000000005">
    <ele>73.16</ele>
   </trkpt>
   <trkpt lat="50.76655" lon="5.26262">
    <ele>73.00000000000001</ele>
   </trkpt>
   <trkpt lat="50.76681000000001" lon="5.2628900000000005">
    <ele>73.54</ele>
   </trkpt>
   <trkpt lat="50.766940000000005" lon="5.26297">
    <ele>73.93</ele>
   </trkpt>
   <trkpt lat="50.76702" lon="5.26297">
    <ele>73.93</ele>
   </trkpt>
   <trkpt lat="50.76728000000001" lon="5.26294">
    <ele>74.6</ele>
   </trkpt>
   <trkpt lat="50.76742" lon="5.26301">
    <ele>74.71000000000001</ele>
   </trkpt>
   <trkpt lat="50.76749" lon="5.26311">
    <ele>74.8</ele>
   </trkpt>
   <trkpt lat="50.76766000000001" lon="5.26342">
    <ele>74.94000000000001</ele>
   </trkpt>
   <trkpt lat="50.76776" lon="5.26377">
    <ele>74.76</ele>
   </trkpt>
   <trkpt lat="50.767810000000004" lon="5.263870000000001">
    <ele>74.55</ele>
   </trkpt>
   <trkpt lat="50.767880000000005" lon="5.2639000000000005">
    <ele>74.25000000000001</ele>
   </trkpt>
   <trkpt lat="50.76809" lon="5.26442">
    <ele>72.3</ele>
   </trkpt>
   <trkpt lat="50.76844751245445" lon="5.2654049774482985">
    <ele>69.67</ele>
   </trkpt>
   <trkpt lat="50.768805016613385" lon="5.2663899699511605">
    <ele>67.4</ele>
   </trkpt>
   <trkpt lat="50.769162512476605" lon="5.267374977508664">
    <ele>65.98</ele>
   </trkpt>
   <trkpt lat="50.76952000000001" lon="5.26836">
    <ele>66.37</ele>
   </trkpt>
   <trkpt lat="50.76961000000001" lon="5.2685200000000005">
    <ele>66.37</ele>
   </trkpt>
   <trkpt lat="50.76972000000001" lon="5.26865">
    <ele>66.46000000000001</ele>
   </trkpt>
   <trkpt lat="50.77009" lon="5.26893">
    <ele>66.76</ele>
   </trkpt>
   <trkpt lat="50.770010000000006" lon="5.269340000000001">
    <ele>66.12</ele>
   </trkpt>
   <trkpt lat="50.76995" lon="5.26975">
    <ele>65.73</ele>
   </trkpt>
   <trkpt lat="50.76988000000001" lon="5.269950000000001">
    <ele>65.17</ele>
   </trkpt>
   <trkpt lat="50.769800000000004" lon="5.270060000000001">
    <ele>65.01</ele>
   </trkpt>
   <trkpt lat="50.769670000000005" lon="5.27017">
    <ele>64.87</ele>
   </trkpt>
   <trkpt lat="50.769510000000004" lon="5.27022">
    <ele>64.99000000000001</ele>
   </trkpt>
   <trkpt lat="50.76941000000001" lon="5.2702100000000005">
    <ele>64.99000000000001</ele>
   </trkpt>
   <trkpt lat="50.76950000354479" lon="5.271119998295334">
    <ele>63.7</ele>
   </trkpt>
   <trkpt lat="50.76959" lon="5.27203">
    <ele>65.50999999999999</ele>
   </trkpt>
   <trkpt lat="50.76971" lon="5.272550000000001">
    <ele>68.57000000000001</ele>
   </trkpt>
   <trkpt lat="50.769850000000005" lon="5.27303">
    <ele>72.31</ele>
   </trkpt>
   <trkpt lat="50.77024" lon="5.274170000000001">
    <ele>73.76</ele>
   </trkpt>
   <trkpt lat="50.770270000000004" lon="5.274220000000001">
    <ele>73.76</ele>
   </trkpt>
   <trkpt lat="50.77028000000001" lon="5.274220000000001">
    <ele>73.76</ele>
   </trkpt>
   <trkpt lat="50.770340000000004" lon="5.2743">
    <ele>73.76</ele>
   </trkpt>
   <trkpt lat="50.770500000000006" lon="5.2744100000000005">
    <ele>72.54</ele>
   </trkpt>
   <trkpt lat="50.77058" lon="5.27449">
    <ele>72.54</ele>
   </trkpt>
   <trkpt lat="50.770720000000004" lon="5.27474">
    <ele>72.54</ele>
   </trkpt>
   <trkpt lat="50.770860000000006" lon="5.275010000000001">
    <ele>71.16</ele>
   </trkpt>
   <trkpt lat="50.771100000000004" lon="5.27557">
    <ele>68.66</ele>
   </trkpt>
   <trkpt lat="50.771150000000006" lon="5.275740000000001">
    <ele>68.35000000000001</ele>
   </trkpt>
   <trkpt lat="50.771565000221145" lon="5.27545000266958">
    <ele>66.19</ele>
   </trkpt>
   <trkpt lat="50.771980000000006" lon="5.2751600000000005">
    <ele>64.67</ele>
   </trkpt>
   <trkpt lat="50.77221" lon="5.27505">
    <ele>63.95</ele>
   </trkpt>
   <trkpt lat="50.772490000000005" lon="5.27498">
    <ele>63.55000000000001</ele>
   </trkpt>
   <trkpt lat="50.77322" lon="5.27493">
    <ele>63.59</ele>
   </trkpt>
   <trkpt lat="50.773300000000006" lon="5.274900000000001">
    <ele>63.80000000000001</ele>
   </trkpt>
   <trkpt lat="50.773450000000004" lon="5.274800000000001">
    <ele>64.12</ele>
   </trkpt>
   <trkpt lat="50.77373000000001" lon="5.27451">
    <ele>64.34</ele>
   </trkpt>
   <trkpt lat="50.77391" lon="5.274360000000001">
    <ele>64.82000000000001</ele>
   </trkpt>
   <trkpt lat="50.77420000000001" lon="5.27423">
    <ele>65.59</ele>
   </trkpt>
   <trkpt lat="50.774980000000006" lon="5.27411">
    <ele>68.64</ele>
   </trkpt>
   <trkpt lat="50.775470000000006" lon="5.27407">
    <ele>72.29</ele>
   </trkpt>
   <trkpt lat="50.77566" lon="5.274030000000001">
    <ele>73.37</ele>
   </trkpt>
   <trkpt lat="50.77584" lon="5.27397">
    <ele>73.37</ele>
   </trkpt>
   <trkpt lat="50.77608000000001" lon="5.273820000000001">
    <ele>75.92</ele>
   </trkpt>
   <trkpt lat="50.77622" lon="5.27371">
    <ele>75.92</ele>
   </trkpt>
   <trkpt lat="50.776540000000004" lon="5.27336">
    <ele>79.06</ele>
   </trkpt>
   <trkpt lat="50.77702000000001" lon="5.27259">
    <ele>82.5</ele>
   </trkpt>
   <trkpt lat="50.77775000291644" lon="5.2717700127526115">
    <ele>84.94</ele>
   </trkpt>
   <trkpt lat="50.77848" lon="5.27095">
    <ele>88.35000000000001</ele>
   </trkpt>
   <trkpt lat="50.778780000000005" lon="5.27057">
    <ele>88.66</ele>
   </trkpt>
   <trkpt lat="50.779180001336016" lon="5.270005004873215">
    <ele>87.84</ele>
   </trkpt>
   <trkpt lat="50.77958" lon="5.26944">
    <ele>85.42</ele>
   </trkpt>
   <trkpt lat="50.78031000274022" lon="5.268640012483982">
    <ele>80.53999999999999</ele>
   </trkpt>
   <trkpt lat="50.781040000000004" lon="5.2678400000000005">
    <ele>75.54</ele>
   </trkpt>
   <trkpt lat="50.78123" lon="5.26752">
    <ele>73.81</ele>
   </trkpt>
   <trkpt lat="50.781490000000005" lon="5.266730000000001">
    <ele>72.31</ele>
   </trkpt>
   <trkpt lat="50.78148" lon="5.26675">
    <ele>72.44</ele>
   </trkpt>
   <trkpt lat="50.78157" lon="5.2666">
    <ele>72.19</ele>
   </trkpt>
   <trkpt lat="50.78211" lon="5.26597">
    <ele>72.44</ele>
   </trkpt>
   <trkpt lat="50.78228000000001" lon="5.265210000000001">
    <ele>74.54</ele>
   </trkpt>
   <trkpt lat="50.782340000000005" lon="5.2650500000000005">
    <ele>75.58000000000001</ele>
   </trkpt>
   <trkpt lat="50.78255000000001" lon="5.2647">
    <ele>76.50000000000001</ele>
   </trkpt>
   <trkpt lat="50.783120000000004" lon="5.26419">
    <ele>80.89</ele>
   </trkpt>
   <trkpt lat="50.783240000000006" lon="5.264060000000001">
    <ele>81.95</ele>
   </trkpt>
   <trkpt lat="50.78333000000001" lon="5.26393">
    <ele>81.95</ele>
   </trkpt>
   <trkpt lat="50.783500000000004" lon="5.2636">
    <ele>84.32000000000001</ele>
   </trkpt>
   <trkpt lat="50.78378000000001" lon="5.26283">
    <ele>86.79</ele>
   </trkpt>
   <trkpt lat="50.784150000000004" lon="5.262040000000001">
    <ele>87.42000000000002</ele>
   </trkpt>
   <trkpt lat="50.78419" lon="5.26184">
    <ele>87.47</ele>
   </trkpt>
   <trkpt lat="50.784380000000006" lon="5.261970000000001">
    <ele>87.47</ele>
   </trkpt>
   <trkpt lat="50.78484000105822" lon="5.262474994996442">
    <ele>87.9</ele>
   </trkpt>
   <trkpt lat="50.78530000000001" lon="5.262980000000001">
    <ele>88.88</ele>
   </trkpt>
   <trkpt lat="50.78585" lon="5.26341">
    <ele>89.85000000000001</ele>
   </trkpt>
   <trkpt lat="50.7862" lon="5.26363">
    <ele>91.82000000000001</ele>
   </trkpt>
   <trkpt lat="50.78642000000001" lon="5.263750000000001">
    <ele>92.23</ele>
   </trkpt>
   <trkpt lat="50.78667" lon="5.263750000000001">
    <ele>92.75000000000001</ele>
   </trkpt>
   <trkpt lat="50.787190000002795" lon="5.263889998421001">
    <ele>93.92</ele>
   </trkpt>
   <trkpt lat="50.787710000000004" lon="5.26403">
    <ele>94.2</ele>
   </trkpt>
   <trkpt lat="50.787690000000005" lon="5.26402">
    <ele>94.2</ele>
   </trkpt>
   <trkpt lat="50.78801000000001" lon="5.26412">
    <ele>94.12</ele>
   </trkpt>
   <trkpt lat="50.78839000000001" lon="5.26428">
    <ele>93.81</ele>
   </trkpt>
   <trkpt lat="50.78882000020999" lon="5.264514997824159">
    <ele>93.73</ele>
   </trkpt>
   <trkpt lat="50.78925" lon="5.26475">
    <ele>93.93</ele>
   </trkpt>
   <trkpt lat="50.78981" lon="5.264970000000001">
    <ele>93.76</ele>
   </trkpt>
   <trkpt lat="50.790060000000004" lon="5.265040000000001">
    <ele>93.68</ele>
   </trkpt>
   <trkpt lat="50.79045000000001" lon="5.2651200000000005">
    <ele>93.15</ele>
   </trkpt>
   <trkpt lat="50.79097499984016" lon="5.265184999247937">
    <ele>92.36000000000001</ele>
   </trkpt>
   <trkpt lat="50.791500000000006" lon="5.265250000000001">
    <ele>91.50000000000001</ele>
   </trkpt>
   <trkpt lat="50.791700000000006" lon="5.265300000000001">
    <ele>90.75000000000001</ele>
   </trkpt>
   <trkpt lat="50.792120000000004" lon="5.265490000000001">
    <ele>90.21000000000001</ele>
   </trkpt>
   <trkpt lat="50.79225" lon="5.26557">
    <ele>90.14000000000001</ele>
   </trkpt>
   <trkpt lat="50.792570000000005" lon="5.265820000000001">
    <ele>90.11000000000001</ele>
   </trkpt>
   <trkpt lat="50.793020000000006" lon="5.2654700000000005">
    <ele>85.54</ele>
   </trkpt>
   <trkpt lat="50.793330000000005" lon="5.2651900000000005">
    <ele>82.67</ele>
   </trkpt>
   <trkpt lat="50.79393666870563" lon="5.264703345955596">
    <ele>78.31</ele>
   </trkpt>
   <trkpt lat="50.794543335386564" lon="5.264216679277688">
    <ele>74.53000000000002</ele>
   </trkpt>
   <trkpt lat="50.79515000000001" lon="5.263730000000001">
    <ele>72.87</ele>
   </trkpt>
   <trkpt lat="50.79563" lon="5.2632900000000005">
    <ele>72.39000000000001</ele>
   </trkpt>
   <trkpt lat="50.79576" lon="5.26325">
    <ele>72.39000000000001</ele>
   </trkpt>
   <trkpt lat="50.795860000000005" lon="5.263280000000001">
    <ele>72.39000000000001</ele>
   </trkpt>
   <trkpt lat="50.79598000000001" lon="5.263380000000001">
    <ele>72.11</ele>
   </trkpt>
   <trkpt lat="50.796310000000005" lon="5.263750000000001">
    <ele>72.07000000000001</ele>
   </trkpt>
   <trkpt lat="50.79639" lon="5.263800000000001">
    <ele>72.09</ele>
   </trkpt>
   <trkpt lat="50.796690000000005" lon="5.26384">
    <ele>71.66</ele>
   </trkpt>
   <trkpt lat="50.79679" lon="5.2638300000000005">
    <ele>71.60000000000001</ele>
   </trkpt>
   <trkpt lat="50.79722" lon="5.26363">
    <ele>72.01</ele>
   </trkpt>
   <trkpt lat="50.79744" lon="5.2635700000000005">
    <ele>72.01</ele>
   </trkpt>
   <trkpt lat="50.79796" lon="5.26353">
    <ele>72.33</ele>
   </trkpt>
   <trkpt lat="50.79818" lon="5.2635000000000005">
    <ele>71.28000000000002</ele>
   </trkpt>
   <trkpt lat="50.798670000087334" lon="5.26338000125194">
    <ele>69.55</ele>
   </trkpt>
   <trkpt lat="50.79916000000001" lon="5.263260000000001">
    <ele>67.93</ele>
   </trkpt>
   <trkpt lat="50.79955" lon="5.263120000000001">
    <ele>66.85000000000001</ele>
   </trkpt>
   <trkpt lat="50.800255000452715" lon="5.262830004336879">
    <ele>65.66000000000001</ele>
   </trkpt>
   <trkpt lat="50.80096" lon="5.26254">
    <ele>64.64</ele>
   </trkpt>
   <trkpt lat="50.801445000014645" lon="5.262410001364767">
    <ele>64.39999999999999</ele>
   </trkpt>
   <trkpt lat="50.801930000000006" lon="5.2622800000000005">
    <ele>63.92</ele>
   </trkpt>
   <trkpt lat="50.802260000000004" lon="5.26217">
    <ele>63.6</ele>
   </trkpt>
   <trkpt lat="50.80265000000001" lon="5.26196">
    <ele>63.480000000000004</ele>
   </trkpt>
   <trkpt lat="50.80281" lon="5.26189">
    <ele>63.32</ele>
   </trkpt>
   <trkpt lat="50.80288" lon="5.26187">
    <ele>63.32</ele>
   </trkpt>
   <trkpt lat="50.80366" lon="5.26182">
    <ele>63.13</ele>
   </trkpt>
   <trkpt lat="50.803850000000004" lon="5.26177">
    <ele>63.03</ele>
   </trkpt>
   <trkpt lat="50.804050000000004" lon="5.261690000000001">
    <ele>63.03</ele>
   </trkpt>
   <trkpt lat="50.804460000000006" lon="5.26149">
    <ele>62.92</ele>
   </trkpt>
   <trkpt lat="50.80519000118" lon="5.261116678339045">
    <ele>62.63</ele>
   </trkpt>
   <trkpt lat="50.80592000116861" lon="5.26074334501176">
    <ele>62.37</ele>
   </trkpt>
   <trkpt lat="50.806650000000005" lon="5.26037">
    <ele>62.24</ele>
   </trkpt>
   <trkpt lat="50.8071700003647" lon="5.260085003162656">
    <ele>62.25000000000001</ele>
   </trkpt>
   <trkpt lat="50.80769" lon="5.2598">
    <ele>62.51000000000001</ele>
   </trkpt>
   <trkpt lat="50.807880000000004" lon="5.259720000000001">
    <ele>62.72000000000001</ele>
   </trkpt>
   <trkpt lat="50.80812" lon="5.25971">
    <ele>63.19000000000001</ele>
   </trkpt>
   <trkpt lat="50.8087" lon="5.259460000000001">
    <ele>61.92</ele>
   </trkpt>
   <trkpt lat="50.80879" lon="5.259460000000001">
    <ele>61.92</ele>
   </trkpt>
   <trkpt lat="50.80933" lon="5.259620000000001">
    <ele>62.54</ele>
   </trkpt>
   <trkpt lat="50.80939000000001" lon="5.25966">
    <ele>62.85</ele>
   </trkpt>
   <trkpt lat="50.809490000000004" lon="5.259810000000001">
    <ele>62.85</ele>
   </trkpt>
   <trkpt lat="50.80986000000001" lon="5.260820000000001">
    <ele>64.94000000000001</ele>
   </trkpt>
   <trkpt lat="50.81056000127738" lon="5.2611374857193285">
    <ele>65.77000000000001</ele>
   </trkpt>
   <trkpt lat="50.81126000169313" lon="5.261454980954198">
    <ele>65.39</ele>
   </trkpt>
   <trkpt lat="50.81196000124722" lon="5.2617724857051185">
    <ele>64.75</ele>
   </trkpt>
   <trkpt lat="50.81266" lon="5.262090000000001">
    <ele>65.25</ele>
   </trkpt>
   <trkpt lat="50.81288000000001" lon="5.26222">
    <ele>65.28</ele>
   </trkpt>
   <trkpt lat="50.813335000659826" lon="5.262594996395395">
    <ele>66.46000000000001</ele>
   </trkpt>
   <trkpt lat="50.813790000000004" lon="5.26297">
    <ele>67.10000000000001</ele>
   </trkpt>
   <trkpt lat="50.81389" lon="5.26301">
    <ele>67.10000000000001</ele>
   </trkpt>
   <trkpt lat="50.813950000000006" lon="5.263000000000001">
    <ele>67.05000000000001</ele>
   </trkpt>
   <trkpt lat="50.81465500076663" lon="5.262600005990922">
    <ele>66.11</ele>
   </trkpt>
   <trkpt lat="50.815360000000005" lon="5.2622">
    <ele>65.27000000000001</ele>
   </trkpt>
   <trkpt lat="50.8156" lon="5.26203">
    <ele>65.04</ele>
   </trkpt>
   <trkpt lat="50.81561000000001" lon="5.26203">
    <ele>65.03</ele>
   </trkpt>
   <trkpt lat="50.81584" lon="5.261880000000001">
    <ele>64.78</ele>
   </trkpt>
   <trkpt lat="50.816210000000005" lon="5.26156">
    <ele>64.36</ele>
   </trkpt>
   <trkpt lat="50.816430000000004" lon="5.26132">
    <ele>65.04</ele>
   </trkpt>
   <trkpt lat="50.81669000157729" lon="5.261914996834608">
    <ele>65.45</ele>
   </trkpt>
   <trkpt lat="50.816950000000006" lon="5.262510000000001">
    <ele>64.89999999999999</ele>
   </trkpt>
   <trkpt lat="50.817335003024674" lon="5.26334499321375">
    <ele>64.44000000000001</ele>
   </trkpt>
   <trkpt lat="50.81772" lon="5.2641800000000005">
    <ele>63.33000000000001</ele>
   </trkpt>
   <trkpt lat="50.817870000000006" lon="5.264640000000001">
    <ele>62.82</ele>
   </trkpt>
   <trkpt lat="50.81803000000001" lon="5.265250000000001">
    <ele>61.720000000000006</ele>
   </trkpt>
   <trkpt lat="50.818160000000006" lon="5.265560000000001">
    <ele>62.040000000000006</ele>
   </trkpt>
   <trkpt lat="50.818380000000005" lon="5.2659">
    <ele>62.49</ele>
   </trkpt>
   <trkpt lat="50.81888000000001" lon="5.26698">
    <ele>64.26</ele>
   </trkpt>
   <trkpt lat="50.81931000334286" lon="5.267854992087004">
    <ele>64.32000000000001</ele>
   </trkpt>
   <trkpt lat="50.81974" lon="5.268730000000001">
    <ele>63.910000000000004</ele>
   </trkpt>
   <trkpt lat="50.82020000000001" lon="5.26959">
    <ele>63.83000000000001</ele>
   </trkpt>
   <trkpt lat="50.820370000000004" lon="5.27005">
    <ele>64.06</ele>
   </trkpt>
   <trkpt lat="50.820600000000006" lon="5.27097">
    <ele>64.31</ele>
   </trkpt>
   <trkpt lat="50.820980000000006" lon="5.2719700000000005">
    <ele>64.46000000000001</ele>
   </trkpt>
   <trkpt lat="50.82135500238222" lon="5.272724993828211">
    <ele>64.17</ele>
   </trkpt>
   <trkpt lat="50.82173" lon="5.27348">
    <ele>63.45</ele>
   </trkpt>
   <trkpt lat="50.821960000000004" lon="5.273890000000001">
    <ele>62.86</ele>
   </trkpt>
   <trkpt lat="50.822280000000006" lon="5.27451">
    <ele>62.54</ele>
   </trkpt>
   <trkpt lat="50.822390000000006" lon="5.27481">
    <ele>62.620000000000005</ele>
   </trkpt>
   <trkpt lat="50.82244000000001" lon="5.2751600000000005">
    <ele>62.82</ele>
   </trkpt>
   <trkpt lat="50.82249" lon="5.276140000000001">
    <ele>63.55000000000001</ele>
   </trkpt>
   <trkpt lat="50.822540000000004" lon="5.2765200000000005">
    <ele>63.67</ele>
   </trkpt>
   <trkpt lat="50.822540000000004" lon="5.27651">
    <ele>63.660000000000004</ele>
   </trkpt>
   <trkpt lat="50.82262000000001" lon="5.27705">
    <ele>63.80000000000001</ele>
   </trkpt>
   <trkpt lat="50.82264000000001" lon="5.277550000000001">
    <ele>64.28</ele>
   </trkpt>
   <trkpt lat="50.822630000000004" lon="5.277900000000001">
    <ele>64.37</ele>
   </trkpt>
   <trkpt lat="50.8226" lon="5.278110000000001">
    <ele>64.60000000000001</ele>
   </trkpt>
   <trkpt lat="50.82273000000001" lon="5.2781400000000005">
    <ele>64.41000000000001</ele>
   </trkpt>
   <trkpt lat="50.8228" lon="5.27819">
    <ele>64.41000000000001</ele>
   </trkpt>
   <trkpt lat="50.82294" lon="5.27834">
    <ele>63.96</ele>
   </trkpt>
   <trkpt lat="50.8233100009759" lon="5.278809996315972">
    <ele>63.6</ele>
   </trkpt>
   <trkpt lat="50.82368" lon="5.279280000000001">
    <ele>63.17</ele>
   </trkpt>
   <trkpt lat="50.82417" lon="5.279780000000001">
    <ele>62.99</ele>
   </trkpt>
   <trkpt lat="50.82453" lon="5.2800400000000005">
    <ele>62.46000000000001</ele>
   </trkpt>
   <trkpt lat="50.82475" lon="5.2802500000000006">
    <ele>62.220000000000006</ele>
   </trkpt>
   <trkpt lat="50.82504" lon="5.28064">
    <ele>62.07000000000001</ele>
   </trkpt>
   <trkpt lat="50.825390000000006" lon="5.28127">
    <ele>62.27</ele>
   </trkpt>
   <trkpt lat="50.82569000169316" lon="5.281899995945498">
    <ele>62.34</ele>
   </trkpt>
   <trkpt lat="50.825990000000004" lon="5.28253">
    <ele>62.46000000000001</ele>
   </trkpt>
   <trkpt lat="50.8265" lon="5.283320000000001">
    <ele>62.410000000000004</ele>
   </trkpt>
   <trkpt lat="50.826690000000006" lon="5.28357">
    <ele>61.94</ele>
   </trkpt>
   <trkpt lat="50.82705000000001" lon="5.283930000000001">
    <ele>61.84</ele>
   </trkpt>
   <trkpt lat="50.827180000000006" lon="5.284020000000001">
    <ele>61.870000000000005</ele>
   </trkpt>
   <trkpt lat="50.82717" lon="5.284020000000001">
    <ele>61.870000000000005</ele>
   </trkpt>
   <trkpt lat="50.827920000000006" lon="5.28458">
    <ele>61.870000000000005</ele>
   </trkpt>
   <trkpt lat="50.828030000000005" lon="5.284750000000001">
    <ele>61.96000000000001</ele>
   </trkpt>
   <trkpt lat="50.828070000000004" lon="5.284960000000001">
    <ele>61.96000000000001</ele>
   </trkpt>
   <trkpt lat="50.82817000000001" lon="5.284940000000001">
    <ele>61.96000000000001</ele>
   </trkpt>
   <trkpt lat="50.82829" lon="5.28493">
    <ele>61.84</ele>
   </trkpt>
   <trkpt lat="50.828430000000004" lon="5.28497">
    <ele>61.7</ele>
   </trkpt>
   <trkpt lat="50.82915333556284" lon="5.285486650617678">
    <ele>61.25000000000001</ele>
   </trkpt>
   <trkpt lat="50.82987666884428" lon="5.286003317246955">
    <ele>60.870000000000005</ele>
   </trkpt>
   <trkpt lat="50.830600000000004" lon="5.28652">
    <ele>60.46000000000001</ele>
   </trkpt>
   <trkpt lat="50.83070000000001" lon="5.28659">
    <ele>60.22</ele>
   </trkpt>
   <trkpt lat="50.830780000000004" lon="5.2866100000000005">
    <ele>60.22</ele>
   </trkpt>
   <trkpt lat="50.83088000000001" lon="5.28657">
    <ele>60.120000000000005</ele>
   </trkpt>
   <trkpt lat="50.83135000000001" lon="5.285810000000001">
    <ele>59.690000000000005</ele>
   </trkpt>
   <trkpt lat="50.831570000000006" lon="5.285550000000001">
    <ele>59.45</ele>
   </trkpt>
   <trkpt lat="50.83171" lon="5.2854">
    <ele>59.45</ele>
   </trkpt>
   <trkpt lat="50.831880000000005" lon="5.28526">
    <ele>59.300000000000004</ele>
   </trkpt>
   <trkpt lat="50.83243" lon="5.284890000000001">
    <ele>59.190000000000005</ele>
   </trkpt>
   <trkpt lat="50.833016667816395" lon="5.284536675499188">
    <ele>59.07</ele>
   </trkpt>
   <trkpt lat="50.83360333456587" lon="5.284183342116131">
    <ele>58.910000000000004</ele>
   </trkpt>
   <trkpt lat="50.83419000000001" lon="5.28383">
    <ele>58.510000000000005</ele>
   </trkpt>
   <trkpt lat="50.83498" lon="5.28335">
    <ele>58.59</ele>
   </trkpt>
   <trkpt lat="50.83509" lon="5.28335">
    <ele>58.85000000000001</ele>
   </trkpt>
   <trkpt lat="50.835100000000004" lon="5.28354">
    <ele>58.64</ele>
   </trkpt>
   <trkpt lat="50.83532500231552" lon="5.284264996728555">
    <ele>58.53</ele>
   </trkpt>
   <trkpt lat="50.835550000000005" lon="5.2849900000000005">
    <ele>58.830000000000005</ele>
   </trkpt>
   <trkpt lat="50.83581751932716" lon="5.2862174789462815">
    <ele>59.17000000000001</ele>
   </trkpt>
   <trkpt lat="50.83608502577756" lon="5.287444971964581">
    <ele>59.150000000000006</ele>
   </trkpt>
   <trkpt lat="50.836352519350925" lon="5.288672479054516">
    <ele>58.59</ele>
   </trkpt>
   <trkpt lat="50.83662" lon="5.2899">
    <ele>58.07</ele>
   </trkpt>
   <trkpt lat="50.83673" lon="5.290170000000001">
    <ele>57.93</ele>
   </trkpt>
   <trkpt lat="50.836830000000006" lon="5.2903400000000005">
    <ele>57.93</ele>
   </trkpt>
   <trkpt lat="50.83737500203299" lon="5.291034991843936">
    <ele>57.040000000000006</ele>
   </trkpt>
   <trkpt lat="50.837920000000004" lon="5.29173">
    <ele>56.550000000000004</ele>
   </trkpt>
   <trkpt lat="50.83840500259689" lon="5.292504991993881">
    <ele>56.49</ele>
   </trkpt>
   <trkpt lat="50.838890000000006" lon="5.29328">
    <ele>56.190000000000005</ele>
   </trkpt>
   <trkpt lat="50.83906" lon="5.2936700000000005">
    <ele>56.09</ele>
   </trkpt>
   <trkpt lat="50.83943001243304" lon="5.294876647497733">
    <ele>55.36000000000001</ele>
   </trkpt>
   <trkpt lat="50.83980001242296" lon="5.296083314131147">
    <ele>54.760000000000005</ele>
   </trkpt>
   <trkpt lat="50.84017000000001" lon="5.29729">
    <ele>54.25000000000001</ele>
   </trkpt>
   <trkpt lat="50.84026" lon="5.297650000000001">
    <ele>54.25000000000001</ele>
   </trkpt>
   <trkpt lat="50.84038" lon="5.29825">
    <ele>54.14000000000001</ele>
   </trkpt>
   <trkpt lat="50.840540000000004" lon="5.2987400000000004">
    <ele>53.84</ele>
   </trkpt>
   <trkpt lat="50.84075000000001" lon="5.29921">
    <ele>53.540000000000006</ele>
   </trkpt>
   <trkpt lat="50.84082" lon="5.29945">
    <ele>53.540000000000006</ele>
   </trkpt>
   <trkpt lat="50.84100500262599" lon="5.300239996693795">
    <ele>53.160000000000004</ele>
   </trkpt>
   <trkpt lat="50.841190000000005" lon="5.301030000000001">
    <ele>52.51</ele>
   </trkpt>
   <trkpt lat="50.841280000000005" lon="5.3013">
    <ele>52.28000000000001</ele>
   </trkpt>
   <trkpt lat="50.841390000000004" lon="5.3014600000000005">
    <ele>52.28000000000001</ele>
   </trkpt>
   <trkpt lat="50.84147" lon="5.3015300000000005">
    <ele>52.07000000000001</ele>
   </trkpt>
   <trkpt lat="50.84165" lon="5.3016000000000005">
    <ele>52.02</ele>
   </trkpt>
   <trkpt lat="50.841950000000004" lon="5.301640000000001">
    <ele>51.410000000000004</ele>
   </trkpt>
   <trkpt lat="50.842060000000004" lon="5.30168">
    <ele>51.410000000000004</ele>
   </trkpt>
   <trkpt lat="50.84223" lon="5.301810000000001">
    <ele>50.31000000000001</ele>
   </trkpt>
   <trkpt lat="50.842510000000004" lon="5.3021400000000005">
    <ele>49.580000000000005</ele>
   </trkpt>
   <trkpt lat="50.84286500217483" lon="5.302859994440227">
    <ele>49.35</ele>
   </trkpt>
   <trkpt lat="50.84322" lon="5.30358">
    <ele>48.03</ele>
   </trkpt>
   <trkpt lat="50.843210000000006" lon="5.30356">
    <ele>48.050000000000004</ele>
   </trkpt>
   <trkpt lat="50.843720000000005" lon="5.304600000000001">
    <ele>48.28</ele>
   </trkpt>
   <trkpt lat="50.84378" lon="5.30464">
    <ele>48.290000000000006</ele>
   </trkpt>
   <trkpt lat="50.84384000000001" lon="5.304600000000001">
    <ele>48.220000000000006</ele>
   </trkpt>
   <trkpt lat="50.84432667070632" lon="5.303906681228453">
    <ele>48.040000000000006</ele>
   </trkpt>
   <trkpt lat="50.844813337304736" lon="5.303213347992595">
    <ele>48.970000000000006</ele>
   </trkpt>
   <trkpt lat="50.8453" lon="5.30252">
    <ele>49.75</ele>
   </trkpt>
   <trkpt lat="50.845380000000006" lon="5.302440000000001">
    <ele>49.870000000000005</ele>
   </trkpt>
   <trkpt lat="50.845420000000004" lon="5.302420000000001">
    <ele>49.870000000000005</ele>
   </trkpt>
   <trkpt lat="50.84548" lon="5.30241">
    <ele>49.910000000000004</ele>
   </trkpt>
   <trkpt lat="50.84559" lon="5.3025">
    <ele>49.86</ele>
   </trkpt>
   <trkpt lat="50.84626000468456" lon="5.303239978750396">
    <ele>49.74</ele>
   </trkpt>
   <trkpt lat="50.84693000468971" lon="5.303979978755668">
    <ele>50.07</ele>
   </trkpt>
   <trkpt lat="50.84760000000001" lon="5.3047200000000005">
    <ele>50.06000000000001</ele>
   </trkpt>
   <trkpt lat="50.84823" lon="5.30562">
    <ele>50.03</ele>
   </trkpt>
   <trkpt lat="50.84881000000001" lon="5.306310000000001">
    <ele>49.77</ele>
   </trkpt>
   <trkpt lat="50.84882" lon="5.306310000000001">
    <ele>49.77</ele>
   </trkpt>
   <trkpt lat="50.849090000000004" lon="5.30663">
    <ele>49.71</ele>
   </trkpt>
   <trkpt lat="50.84917" lon="5.306780000000001">
    <ele>49.71</ele>
   </trkpt>
   <trkpt lat="50.849250000000005" lon="5.30705">
    <ele>49.730000000000004</ele>
   </trkpt>
   <trkpt lat="50.84929" lon="5.306970000000001">
    <ele>49.730000000000004</ele>
   </trkpt>
   <trkpt lat="50.84975000140434" lon="5.3064150053666035">
    <ele>50.260000000000005</ele>
   </trkpt>
   <trkpt lat="50.850210000000004" lon="5.30586">
    <ele>51.010000000000005</ele>
   </trkpt>
   <trkpt lat="50.85103" lon="5.305280000000001">
    <ele>52.06</ele>
   </trkpt>
   <trkpt lat="50.851330000000004" lon="5.305070000000001">
    <ele>52.11</ele>
   </trkpt>
   <trkpt lat="50.8515" lon="5.30492">
    <ele>52.550000000000004</ele>
   </trkpt>
   <trkpt lat="50.85190000081838" lon="5.304485003719702">
    <ele>53.01</ele>
   </trkpt>
   <trkpt lat="50.85230000000001" lon="5.30405">
    <ele>53.410000000000004</ele>
   </trkpt>
   <trkpt lat="50.852560000000004" lon="5.30372">
    <ele>53.76</ele>
   </trkpt>
   <trkpt lat="50.85278" lon="5.30337">
    <ele>53.85</ele>
   </trkpt>
   <trkpt lat="50.853" lon="5.30311">
    <ele>53.85</ele>
   </trkpt>
   <trkpt lat="50.8537" lon="5.302460000000001">
    <ele>53.76</ele>
   </trkpt>
   <trkpt lat="50.85399" lon="5.302230000000001">
    <ele>53.75000000000001</ele>
   </trkpt>
   <trkpt lat="50.854000000000006" lon="5.30222">
    <ele>53.75000000000001</ele>
   </trkpt>
   <trkpt lat="50.85460000198964" lon="5.301736679108088">
    <ele>52.86000000000001</ele>
   </trkpt>
   <trkpt lat="50.855200001983114" lon="5.301253345780225">
    <ele>52.0</ele>
   </trkpt>
   <trkpt lat="50.8558" lon="5.300770000000001">
    <ele>51.28000000000001</ele>
   </trkpt>
   <trkpt lat="50.85593" lon="5.3006400000000005">
    <ele>51.230000000000004</ele>
   </trkpt>
   <trkpt lat="50.856010000000005" lon="5.30053">
    <ele>51.230000000000004</ele>
   </trkpt>
   <trkpt lat="50.856380002624654" lon="5.299745006245376">
    <ele>51.38</ele>
   </trkpt>
   <trkpt lat="50.856750000000005" lon="5.29896">
    <ele>51.84</ele>
   </trkpt>
   <trkpt lat="50.857310000000005" lon="5.29792">
    <ele>52.92</ele>
   </trkpt>
   <trkpt lat="50.85732" lon="5.29788">
    <ele>52.92</ele>
   </trkpt>
   <trkpt lat="50.85727000000001" lon="5.297610000000001">
    <ele>53.32000000000001</ele>
   </trkpt>
   <trkpt lat="50.85793750298092" lon="5.297130020592163">
    <ele>53.410000000000004</ele>
   </trkpt>
   <trkpt lat="50.85860500399321" lon="5.296650027443305">
    <ele>53.93000000000001</ele>
   </trkpt>
   <trkpt lat="50.85927250303677" lon="5.296170020552748">
    <ele>54.17</ele>
   </trkpt>
   <trkpt lat="50.85994" lon="5.2956900000000005">
    <ele>54.03</ele>
   </trkpt>
   <trkpt lat="50.86061400311932" lon="5.29526402461961">
    <ele>53.89000000000001</ele>
   </trkpt>
   <trkpt lat="50.86128800468812" lon="5.29483803692431">
    <ele>53.86000000000001</ele>
   </trkpt>
   <trkpt lat="50.861962004706335" lon="5.29441203691348">
    <ele>53.45</ele>
   </trkpt>
   <trkpt lat="50.86263600317386" lon="5.293986024586491">
    <ele>52.980000000000004</ele>
   </trkpt>
   <trkpt lat="50.863310000000006" lon="5.29356">
    <ele>52.39000000000001</ele>
   </trkpt>
   <trkpt lat="50.86383000000001" lon="5.29323">
    <ele>52.620000000000005</ele>
   </trkpt>
   <trkpt lat="50.8639" lon="5.293380000000001">
    <ele>52.24</ele>
   </trkpt>
   <trkpt lat="50.86425000632941" lon="5.294599990738947">
    <ele>49.480000000000004</ele>
   </trkpt>
   <trkpt lat="50.8646" lon="5.295820000000001">
    <ele>47.64</ele>
   </trkpt>
   <trkpt lat="50.864850000000004" lon="5.2965100000000005">
    <ele>47.02</ele>
   </trkpt>
   <trkpt lat="50.865120000000005" lon="5.2971">
    <ele>46.19</ele>
   </trkpt>
   <trkpt lat="50.865460000000006" lon="5.297680000000001">
    <ele>46.19</ele>
   </trkpt>
   <trkpt lat="50.865970000000004" lon="5.2983400000000005">
    <ele>45.1</ele>
   </trkpt>
   <trkpt lat="50.866260000000004" lon="5.2986200000000006">
    <ele>44.730000000000004</ele>
   </trkpt>
   <trkpt lat="50.86652" lon="5.298830000000001">
    <ele>44.31</ele>
   </trkpt>
   <trkpt lat="50.86683000000001" lon="5.299040000000001">
    <ele>44.08</ele>
   </trkpt>
   <trkpt lat="50.86756000097085" lon="5.299494992928757">
    <ele>43.08</ele>
   </trkpt>
   <trkpt lat="50.86829" lon="5.299950000000001">
    <ele>42.300000000000004</ele>
   </trkpt>
   <trkpt lat="50.86900666856206" lon="5.300419985553338">
    <ele>41.89</ele>
   </trkpt>
   <trkpt lat="50.86972333523679" lon="5.300889985558344">
    <ele>41.1</ele>
   </trkpt>
   <trkpt lat="50.87044" lon="5.301360000000001">
    <ele>40.650000000000006</ele>
   </trkpt>
   <trkpt lat="50.87106000000001" lon="5.30177">
    <ele>40.49</ele>
   </trkpt>
   <trkpt lat="50.87149000029646" lon="5.302084997000646">
    <ele>40.190000000000005</ele>
   </trkpt>
   <trkpt lat="50.87192" lon="5.3024000000000004">
    <ele>40.080000000000005</ele>
   </trkpt>
   <trkpt lat="50.871900000000004" lon="5.302390000000001">
    <ele>40.080000000000005</ele>
   </trkpt>
   <trkpt lat="50.87257000324316" lon="5.303009982136864">
    <ele>39.370000000000005</ele>
   </trkpt>
   <trkpt lat="50.87324000320213" lon="5.303629982098556">
    <ele>39.080000000000005</ele>
   </trkpt>
   <trkpt lat="50.87391" lon="5.304250000000001">
    <ele>38.8</ele>
   </trkpt>
   <trkpt lat="50.87402" lon="5.30431">
    <ele>38.85</ele>
   </trkpt>
   <trkpt lat="50.87407" lon="5.30431">
    <ele>38.85</ele>
   </trkpt>
   <trkpt lat="50.87411" lon="5.304390000000001">
    <ele>38.85</ele>
   </trkpt>
   <trkpt lat="50.874370000000006" lon="5.304670000000001">
    <ele>38.96</ele>
   </trkpt>
   <trkpt lat="50.87473000000001" lon="5.30527">
    <ele>39.18000000000001</ele>
   </trkpt>
   <trkpt lat="50.874990000000004" lon="5.30576">
    <ele>39.190000000000005</ele>
   </trkpt>
   <trkpt lat="50.87548" lon="5.30658">
    <ele>38.88</ele>
   </trkpt>
   <trkpt lat="50.87595" lon="5.30747">
    <ele>38.2</ele>
   </trkpt>
   <trkpt lat="50.87599" lon="5.30766">
    <ele>37.98</ele>
   </trkpt>
   <trkpt lat="50.87614000000001" lon="5.30761">
    <ele>38.01</ele>
   </trkpt>
   <trkpt lat="50.87641000000001" lon="5.307460000000001">
    <ele>37.7</ele>
   </trkpt>
   <trkpt lat="50.87679000000001" lon="5.3070900000000005">
    <ele>37.51</ele>
   </trkpt>
   <trkpt lat="50.87702000172846" lon="5.307714997077764">
    <ele>36.68000000000001</ele>
   </trkpt>
   <trkpt lat="50.877250000000004" lon="5.30834">
    <ele>36.44</ele>
   </trkpt>
   <trkpt lat="50.877250000000004" lon="5.308330000000001">
    <ele>36.44</ele>
   </trkpt>
   <trkpt lat="50.87755500300365" lon="5.309164994604012">
    <ele>36.0</ele>
   </trkpt>
   <trkpt lat="50.877860000000005" lon="5.3100000000000005">
    <ele>35.7</ele>
   </trkpt>
   <trkpt lat="50.87812" lon="5.31076">
    <ele>35.34</ele>
   </trkpt>
   <trkpt lat="50.87820000000001" lon="5.311120000000001">
    <ele>35.34</ele>
   </trkpt>
   <trkpt lat="50.8783" lon="5.3117600000000005">
    <ele>35.190000000000005</ele>
   </trkpt>
   <trkpt lat="50.87832" lon="5.31235">
    <ele>35.47</ele>
   </trkpt>
   <trkpt lat="50.87829000000001" lon="5.31275">
    <ele>35.57</ele>
   </trkpt>
   <trkpt lat="50.878095002533684" lon="5.313515003068913">
    <ele>35.480000000000004</ele>
   </trkpt>
   <trkpt lat="50.877900000000004" lon="5.31428">
    <ele>35.59</ele>
   </trkpt>
   <trkpt lat="50.877860000000005" lon="5.314640000000001">
    <ele>35.660000000000004</ele>
   </trkpt>
   <trkpt lat="50.877860000000005" lon="5.315040000000001">
    <ele>35.92</ele>
   </trkpt>
   <trkpt lat="50.877950000000006" lon="5.3155">
    <ele>35.97</ele>
   </trkpt>
   <trkpt lat="50.87805" lon="5.315790000000001">
    <ele>35.97</ele>
   </trkpt>
   <trkpt lat="50.87823" lon="5.3161700000000005">
    <ele>36.11</ele>
   </trkpt>
   <trkpt lat="50.87829000000001" lon="5.31634">
    <ele>36.11</ele>
   </trkpt>
   <trkpt lat="50.878460000000004" lon="5.31712">
    <ele>36.9</ele>
   </trkpt>
   <trkpt lat="50.87879" lon="5.31705">
    <ele>36.37</ele>
   </trkpt>
   <trkpt lat="50.879519999994066" lon="5.317030000940284">
    <ele>36.86000000000001</ele>
   </trkpt>
   <trkpt lat="50.88024999998472" lon="5.317010001253938">
    <ele>37.6</ele>
   </trkpt>
   <trkpt lat="50.88097999997194" lon="5.316990000940926">
    <ele>37.53</ele>
   </trkpt>
   <trkpt lat="50.881710000000005" lon="5.31697">
    <ele>37.660000000000004</ele>
   </trkpt>
   <trkpt lat="50.88214000000001" lon="5.316940000000001">
    <ele>37.56</ele>
   </trkpt>
   <trkpt lat="50.882270000000005" lon="5.31688">
    <ele>37.56</ele>
   </trkpt>
   <trkpt lat="50.88243000000001" lon="5.316730000000001">
    <ele>37.43000000000001</ele>
   </trkpt>
   <trkpt lat="50.882980008672234" lon="5.315907529124067">
    <ele>37.07000000000001</ele>
   </trkpt>
   <trkpt lat="50.883530011565135" lon="5.315085038829523">
    <ele>36.52</ele>
   </trkpt>
   <trkpt lat="50.88408000867849" lon="5.3142625291157275">
    <ele>36.50000000000001</ele>
   </trkpt>
   <trkpt lat="50.88463" lon="5.313440000000001">
    <ele>36.47</ele>
   </trkpt>
   <trkpt lat="50.885200000000005" lon="5.312460000000001">
    <ele>36.43000000000001</ele>
   </trkpt>
   <trkpt lat="50.885580000000004" lon="5.311640000000001">
    <ele>36.27</ele>
   </trkpt>
   <trkpt lat="50.885670000000005" lon="5.311400000000001">
    <ele>36.27</ele>
   </trkpt>
   <trkpt lat="50.88597000000001" lon="5.310370000000001">
    <ele>35.61</ele>
   </trkpt>
   <trkpt lat="50.88609" lon="5.3101400000000005">
    <ele>35.46000000000001</ele>
   </trkpt>
   <trkpt lat="50.886680000000005" lon="5.309270000000001">
    <ele>35.32</ele>
   </trkpt>
   <trkpt lat="50.88684000000001" lon="5.309100000000001">
    <ele>35.32</ele>
   </trkpt>
   <trkpt lat="50.886970000000005" lon="5.309010000000001">
    <ele>35.08</ele>
   </trkpt>
   <trkpt lat="50.88756000000001" lon="5.30876">
    <ele>34.65</ele>
   </trkpt>
   <trkpt lat="50.88824" lon="5.30823">
    <ele>34.11</ele>
   </trkpt>
   <trkpt lat="50.888450000000006" lon="5.30801">
    <ele>33.97</ele>
   </trkpt>
   <trkpt lat="50.88871" lon="5.3077000000000005">
    <ele>33.96</ele>
   </trkpt>
   <trkpt lat="50.88888000000001" lon="5.307460000000001">
    <ele>34.2</ele>
   </trkpt>
   <trkpt lat="50.889250000000004" lon="5.3069500000000005">
    <ele>34.06</ele>
   </trkpt>
   <trkpt lat="50.889500000000005" lon="5.30684">
    <ele>34.06</ele>
   </trkpt>
   <trkpt lat="50.88964000000001" lon="5.306830000000001">
    <ele>33.760000000000005</ele>
   </trkpt>
   <trkpt lat="50.89005" lon="5.30696">
    <ele>33.68</ele>
   </trkpt>
   <trkpt lat="50.89021" lon="5.307">
    <ele>33.68</ele>
   </trkpt>
   <trkpt lat="50.890330000000006" lon="5.30701">
    <ele>33.64</ele>
   </trkpt>
   <trkpt lat="50.89045" lon="5.306970000000001">
    <ele>33.64</ele>
   </trkpt>
   <trkpt lat="50.89061" lon="5.3068800000000005">
    <ele>33.660000000000004</ele>
   </trkpt>
   <trkpt lat="50.890910000000005" lon="5.30656">
    <ele>33.74</ele>
   </trkpt>
   <trkpt lat="50.89099" lon="5.306310000000001">
    <ele>33.89</ele>
   </trkpt>
   <trkpt lat="50.890980000000006" lon="5.30621">
    <ele>33.89</ele>
   </trkpt>
   <trkpt lat="50.891070000000006" lon="5.306190000000001">
    <ele>33.800000000000004</ele>
   </trkpt>
   <trkpt lat="50.89121" lon="5.306100000000001">
    <ele>33.480000000000004</ele>
   </trkpt>
   <trkpt lat="50.89163500166794" lon="5.305500005290918">
    <ele>33.410000000000004</ele>
   </trkpt>
   <trkpt lat="50.89206" lon="5.304900000000001">
    <ele>33.63</ele>
   </trkpt>
   <trkpt lat="50.892360000000004" lon="5.304620000000001">
    <ele>33.79</ele>
   </trkpt>
   <trkpt lat="50.892540000000004" lon="5.30449">
    <ele>33.86</ele>
   </trkpt>
   <trkpt lat="50.89269" lon="5.30442">
    <ele>34.0</ele>
   </trkpt>
   <trkpt lat="50.89287" lon="5.3043700000000005">
    <ele>34.0</ele>
   </trkpt>
   <trkpt lat="50.893130000000006" lon="5.304340000000001">
    <ele>34.15</ele>
   </trkpt>
   <trkpt lat="50.893350000000005" lon="5.304290000000001">
    <ele>34.15</ele>
   </trkpt>
   <trkpt lat="50.89347" lon="5.30414">
    <ele>34.15</ele>
   </trkpt>
   <trkpt lat="50.89363" lon="5.3039000000000005">
    <ele>34.13</ele>
   </trkpt>
   <trkpt lat="50.89414000000001" lon="5.30356">
    <ele>34.06</ele>
   </trkpt>
   <trkpt lat="50.89455500040858" lon="5.303245002818503">
    <ele>33.9</ele>
   </trkpt>
   <trkpt lat="50.89497" lon="5.302930000000001">
    <ele>34.06</ele>
   </trkpt>
   <trkpt lat="50.895500000000006" lon="5.30252">
    <ele>34.34</ele>
   </trkpt>
   <trkpt lat="50.89558" lon="5.302440000000001">
    <ele>34.370000000000005</ele>
   </trkpt>
   <trkpt lat="50.895720000000004" lon="5.30224">
    <ele>33.74</ele>
   </trkpt>
   <trkpt lat="50.89576" lon="5.3021400000000005">
    <ele>33.74</ele>
   </trkpt>
   <trkpt lat="50.89599000638562" lon="5.30091500617747">
    <ele>32.59</ele>
   </trkpt>
   <trkpt lat="50.89622000000001" lon="5.29969">
    <ele>32.53</ele>
   </trkpt>
   <trkpt lat="50.89620000000001" lon="5.29938">
    <ele>32.53</ele>
   </trkpt>
   <trkpt lat="50.89605" lon="5.2987">
    <ele>32.720000000000006</ele>
   </trkpt>
   <trkpt lat="50.896" lon="5.29837">
    <ele>33.38</ele>
   </trkpt>
   <trkpt lat="50.89589" lon="5.29738">
    <ele>34.04</ele>
   </trkpt>
   <trkpt lat="50.89587" lon="5.29696">
    <ele>34.24</ele>
   </trkpt>
   <trkpt lat="50.89588500218215" lon="5.29624500029826">
    <ele>34.36</ele>
   </trkpt>
   <trkpt lat="50.895900000000005" lon="5.29553">
    <ele>34.440000000000005</ele>
   </trkpt>
   <trkpt lat="50.895920000000004" lon="5.295120000000001">
    <ele>34.440000000000005</ele>
   </trkpt>
   <trkpt lat="50.89598" lon="5.29485">
    <ele>34.33</ele>
   </trkpt>
   <trkpt lat="50.896390000000004" lon="5.29377">
    <ele>33.910000000000004</ele>
   </trkpt>
   <trkpt lat="50.89656" lon="5.29335">
    <ele>33.510000000000005</ele>
   </trkpt>
   <trkpt lat="50.897130000000004" lon="5.2923100000000005">
    <ele>32.730000000000004</ele>
   </trkpt>
   <trkpt lat="50.89717" lon="5.292190000000001">
    <ele>32.54</ele>
   </trkpt>
   <trkpt lat="50.89740667870693" lon="5.2910033453396395">
    <ele>32.11</ele>
   </trkpt>
   <trkpt lat="50.89764334538477" lon="5.289816678617166">
    <ele>32.019999999999996</ele>
   </trkpt>
   <trkpt lat="50.89788" lon="5.28863">
    <ele>31.810000000000006</ele>
   </trkpt>
   <trkpt lat="50.89802" lon="5.28814">
    <ele>31.810000000000006</ele>
   </trkpt>
   <trkpt lat="50.89838667373513" lon="5.287230014344474">
    <ele>31.85</ele>
   </trkpt>
   <trkpt lat="50.89875334039646" lon="5.2863200143579165">
    <ele>31.700000000000006</ele>
   </trkpt>
   <trkpt lat="50.89912" lon="5.285410000000001">
    <ele>31.580000000000002</ele>
   </trkpt>
   <trkpt lat="50.899260000000005" lon="5.28514">
    <ele>31.580000000000002</ele>
   </trkpt>
   <trkpt lat="50.89962000123651" lon="5.284595004262244">
    <ele>31.700000000000006</ele>
   </trkpt>
   <trkpt lat="50.899980000000006" lon="5.284050000000001">
    <ele>31.68</ele>
   </trkpt>
   <trkpt lat="50.9003" lon="5.283530000000001">
    <ele>31.43</ele>
   </trkpt>
   <trkpt lat="50.90037" lon="5.283460000000001">
    <ele>31.150000000000002</ele>
   </trkpt>
   <trkpt lat="50.90080500034804" lon="5.283145002997732">
    <ele>31.070000000000004</ele>
   </trkpt>
   <trkpt lat="50.90124" lon="5.282830000000001">
    <ele>30.97</ele>
   </trkpt>
   <trkpt lat="50.901340000000005" lon="5.28274">
    <ele>30.97</ele>
   </trkpt>
   <trkpt lat="50.9018233362965" lon="5.282150012262071">
    <ele>31.070000000000004</ele>
   </trkpt>
   <trkpt lat="50.90230666961955" lon="5.281560012274802">
    <ele>31.200000000000003</ele>
   </trkpt>
   <trkpt lat="50.90279" lon="5.280970000000001">
    <ele>31.110000000000003</ele>
   </trkpt>
   <trkpt lat="50.90317000075596" lon="5.280560003305373">
    <ele>31.090000000000003</ele>
   </trkpt>
   <trkpt lat="50.90355" lon="5.280150000000001">
    <ele>31.150000000000002</ele>
   </trkpt>
   <trkpt lat="50.904320000000006" lon="5.27942">
    <ele>30.830000000000002</ele>
   </trkpt>
   <trkpt lat="50.9046" lon="5.27908">
    <ele>30.88</ele>
   </trkpt>
   <trkpt lat="50.90487" lon="5.278670000000001">
    <ele>30.860000000000003</ele>
   </trkpt>
   <trkpt lat="50.905150000000006" lon="5.278180000000001">
    <ele>30.63</ele>
   </trkpt>
   <trkpt lat="50.90542000000001" lon="5.2775300000000005">
    <ele>30.590000000000003</ele>
   </trkpt>
   <trkpt lat="50.90572000265069" lon="5.276750004890633">
    <ele>30.55</ele>
   </trkpt>
   <trkpt lat="50.906020000000005" lon="5.27597">
    <ele>30.310000000000002</ele>
   </trkpt>
   <trkpt lat="50.90605000000001" lon="5.2758400000000005">
    <ele>30.310000000000002</ele>
   </trkpt>
   <trkpt lat="50.906110000000005" lon="5.27533">
    <ele>30.310000000000002</ele>
   </trkpt>
   <trkpt lat="50.90633500192261" lon="5.274655003332426">
    <ele>30.060000000000002</ele>
   </trkpt>
   <trkpt lat="50.906560000000006" lon="5.273980000000001">
    <ele>29.890000000000004</ele>
   </trkpt>
   <trkpt lat="50.906760000000006" lon="5.27306">
    <ele>29.640000000000004</ele>
   </trkpt>
   <trkpt lat="50.906780000000005" lon="5.272740000000001">
    <ele>29.7</ele>
   </trkpt>
   <trkpt lat="50.90672500302076" lon="5.271899999117703">
    <ele>29.86</ele>
   </trkpt>
   <trkpt lat="50.906670000000005" lon="5.27106">
    <ele>30.09</ele>
   </trkpt>
   <trkpt lat="50.90668" lon="5.270670000000001">
    <ele>30.130000000000003</ele>
   </trkpt>
   <trkpt lat="50.906960000000005" lon="5.26933">
    <ele>30.11</ele>
   </trkpt>
   <trkpt lat="50.90738" lon="5.268230000000001">
    <ele>30.26</ele>
   </trkpt>
   <trkpt lat="50.907500000000006" lon="5.268020000000001">
    <ele>30.29</ele>
   </trkpt>
   <trkpt lat="50.907720000000005" lon="5.2677700000000005">
    <ele>30.400000000000002</ele>
   </trkpt>
   <trkpt lat="50.90793000000001" lon="5.267340000000001">
    <ele>30.35</ele>
   </trkpt>
   <trkpt lat="50.90833000000001" lon="5.2666">
    <ele>30.560000000000002</ele>
   </trkpt>
   <trkpt lat="50.908877513597005" lon="5.265570036336535">
    <ele>31.21</ele>
   </trkpt>
   <trkpt lat="50.90942501813255" lon="5.264540048443555">
    <ele>31.95</ele>
   </trkpt>
   <trkpt lat="50.90997251360631" lon="5.263510036320421">
    <ele>32.21</ele>
   </trkpt>
   <trkpt lat="50.910520000000005" lon="5.26248">
    <ele>31.470000000000006</ele>
   </trkpt>
   <trkpt lat="50.91095000000001" lon="5.26177">
    <ele>31.110000000000003</ele>
   </trkpt>
   <trkpt lat="50.91156" lon="5.260820000000001">
    <ele>30.62</ele>
   </trkpt>
   <trkpt lat="50.91180000000001" lon="5.260330000000001">
    <ele>30.470000000000002</ele>
   </trkpt>
   <trkpt lat="50.9119" lon="5.260050000000001">
    <ele>30.38</ele>
   </trkpt>
   <trkpt lat="50.91209500219735" lon="5.259335002944153">
    <ele>30.410000000000004</ele>
   </trkpt>
   <trkpt lat="50.912290000000006" lon="5.2586200000000005">
    <ele>30.7</ele>
   </trkpt>
   <trkpt lat="50.9123" lon="5.25837">
    <ele>30.71</ele>
   </trkpt>
   <trkpt lat="50.91225000000001" lon="5.258100000000001">
    <ele>30.71</ele>
   </trkpt>
   <trkpt lat="50.91189000000001" lon="5.257040000000001">
    <ele>31.160000000000004</ele>
   </trkpt>
   <trkpt lat="50.91187000000001" lon="5.2568600000000005">
    <ele>31.160000000000004</ele>
   </trkpt>
   <trkpt lat="50.911880000000004" lon="5.256500000000001">
    <ele>31.43</ele>
   </trkpt>
   <trkpt lat="50.91194" lon="5.256220000000001">
    <ele>31.48</ele>
   </trkpt>
   <trkpt lat="50.91205" lon="5.255960000000001">
    <ele>31.48</ele>
   </trkpt>
   <trkpt lat="50.91227000000001" lon="5.25555">
    <ele>31.34</ele>
   </trkpt>
   <trkpt lat="50.912560000000006" lon="5.2552900000000005">
    <ele>31.240000000000002</ele>
   </trkpt>
   <trkpt lat="50.91317500050919" lon="5.254910005087787">
    <ele>30.8</ele>
   </trkpt>
   <trkpt lat="50.913790000000006" lon="5.254530000000001">
    <ele>30.480000000000004</ele>
   </trkpt>
   <trkpt lat="50.91427" lon="5.254130000000001">
    <ele>30.19</ele>
   </trkpt>
   <trkpt lat="50.91440000000001" lon="5.2540000000000004">
    <ele>30.140000000000004</ele>
   </trkpt>
   <trkpt lat="50.91465" lon="5.253710000000001">
    <ele>30.140000000000004</ele>
   </trkpt>
   <trkpt lat="50.914820000000006" lon="5.253310000000001">
    <ele>30.28</ele>
   </trkpt>
   <trkpt lat="50.9149" lon="5.253080000000001">
    <ele>30.230000000000004</ele>
   </trkpt>
   <trkpt lat="50.915000000000006" lon="5.2525200000000005">
    <ele>30.410000000000004</ele>
   </trkpt>
   <trkpt lat="50.915020000000005" lon="5.25225">
    <ele>30.900000000000002</ele>
   </trkpt>
   <trkpt lat="50.91501" lon="5.252140000000001">
    <ele>30.900000000000002</ele>
   </trkpt>
   <trkpt lat="50.91496" lon="5.25197">
    <ele>31.150000000000002</ele>
   </trkpt>
   <trkpt lat="50.915110000000006" lon="5.2517700000000005">
    <ele>31.110000000000003</ele>
   </trkpt>
   <trkpt lat="50.91518000000001" lon="5.25161">
    <ele>31.110000000000003</ele>
   </trkpt>
   <trkpt lat="50.91557" lon="5.25044">
    <ele>30.490000000000002</ele>
   </trkpt>
   <trkpt lat="50.915760000000006" lon="5.250120000000001">
    <ele>30.35</ele>
   </trkpt>
   <trkpt lat="50.915890000000005" lon="5.24999">
    <ele>30.250000000000004</ele>
   </trkpt>
   <trkpt lat="50.91621000000001" lon="5.24971">
    <ele>30.17</ele>
   </trkpt>
   <trkpt lat="50.91633" lon="5.249490000000001">
    <ele>30.160000000000004</ele>
   </trkpt>
   <trkpt lat="50.916380000000004" lon="5.24934">
    <ele>30.160000000000004</ele>
   </trkpt>
   <trkpt lat="50.916470000000004" lon="5.24875">
    <ele>30.320000000000004</ele>
   </trkpt>
   <trkpt lat="50.91658" lon="5.248550000000001">
    <ele>30.320000000000004</ele>
   </trkpt>
   <trkpt lat="50.916560000000004" lon="5.248430000000001">
    <ele>30.070000000000004</ele>
   </trkpt>
   <trkpt lat="50.91657000000001" lon="5.2481100000000005">
    <ele>30.070000000000004</ele>
   </trkpt>
   <trkpt lat="50.916810000000005" lon="5.24809">
    <ele>29.67</ele>
   </trkpt>
   <trkpt lat="50.916880000000006" lon="5.248030000000001">
    <ele>29.67</ele>
   </trkpt>
   <trkpt lat="50.91725" lon="5.24737">
    <ele>29.080000000000002</ele>
   </trkpt>
   <trkpt lat="50.91742000000001" lon="5.24718">
    <ele>28.970000000000002</ele>
   </trkpt>
   <trkpt lat="50.9177" lon="5.24673">
    <ele>28.98</ele>
   </trkpt>
   <trkpt lat="50.917750000000005" lon="5.246670000000001">
    <ele>28.98</ele>
   </trkpt>
   <trkpt lat="50.91785" lon="5.24671">
    <ele>28.84</ele>
   </trkpt>
   <trkpt lat="50.91827500063583" lon="5.247089996546457">
    <ele>28.360000000000003</ele>
   </trkpt>
   <trkpt lat="50.9187" lon="5.247470000000001">
    <ele>28.25</ele>
   </trkpt>
   <trkpt lat="50.918780000000005" lon="5.24758">
    <ele>28.25</ele>
   </trkpt>
   <trkpt lat="50.91903000000001" lon="5.24781">
    <ele>28.25</ele>
   </trkpt>
   <trkpt lat="50.91910000000001" lon="5.24784">
    <ele>28.35</ele>
   </trkpt>
   <trkpt lat="50.919470000000004" lon="5.2481800000000005">
    <ele>28.59</ele>
   </trkpt>
   <trkpt lat="50.919520000000006" lon="5.24802">
    <ele>28.51</ele>
   </trkpt>
   <trkpt lat="50.91949" lon="5.2479000000000005">
    <ele>28.51</ele>
   </trkpt>
   <trkpt lat="50.91953" lon="5.24777">
    <ele>28.39</ele>
   </trkpt>
   <trkpt lat="50.919520000000006" lon="5.247660000000001">
    <ele>28.39</ele>
   </trkpt>
   <trkpt lat="50.919700000000006" lon="5.2468900000000005">
    <ele>27.82</ele>
   </trkpt>
   <trkpt lat="50.91977000000001" lon="5.24598">
    <ele>27.85</ele>
   </trkpt>
   <trkpt lat="50.919810000000005" lon="5.245690000000001">
    <ele>27.85</ele>
   </trkpt>
   <trkpt lat="50.919920000000005" lon="5.24526">
    <ele>28.060000000000002</ele>
   </trkpt>
   <trkpt lat="50.920030000000004" lon="5.244800000000001">
    <ele>28.080000000000002</ele>
   </trkpt>
   <trkpt lat="50.92006000000001" lon="5.24448">
    <ele>28.32</ele>
   </trkpt>
   <trkpt lat="50.92000000334101" lon="5.243599999363052">
    <ele>28.380000000000003</ele>
   </trkpt>
   <trkpt lat="50.919940000000004" lon="5.24272">
    <ele>28.26</ele>
   </trkpt>
   <trkpt lat="50.91995000000001" lon="5.242500000000001">
    <ele>28.23</ele>
   </trkpt>
   <trkpt lat="50.920120000000004" lon="5.2412">
    <ele>28.19</ele>
   </trkpt>
   <trkpt lat="50.92029000303211" lon="5.240350003372165">
    <ele>27.680000000000003</ele>
   </trkpt>
   <trkpt lat="50.920460000000006" lon="5.2395000000000005">
    <ele>27.31</ele>
   </trkpt>
   <trkpt lat="50.920570000000005" lon="5.23913">
    <ele>27.21</ele>
   </trkpt>
   <trkpt lat="50.92083" lon="5.23859">
    <ele>27.180000000000003</ele>
   </trkpt>
   <trkpt lat="50.920930000000006" lon="5.23843">
    <ele>27.37</ele>
   </trkpt>
   <trkpt lat="50.92141" lon="5.23786">
    <ele>27.900000000000002</ele>
   </trkpt>
   <trkpt lat="50.92159" lon="5.237500000000001">
    <ele>28.110000000000003</ele>
   </trkpt>
   <trkpt lat="50.92174000000001" lon="5.23709">
    <ele>28.23</ele>
   </trkpt>
   <trkpt lat="50.921870000000006" lon="5.23655">
    <ele>28.17</ele>
   </trkpt>
   <trkpt lat="50.921910000000004" lon="5.236400000000001">
    <ele>28.17</ele>
   </trkpt>
   <trkpt lat="50.92192000000001" lon="5.236400000000001">
    <ele>28.17</ele>
   </trkpt>
   <trkpt lat="50.921960000000006" lon="5.23629">
    <ele>28.240000000000002</ele>
   </trkpt>
   <trkpt lat="50.922050000000006" lon="5.2361200000000006">
    <ele>28.35</ele>
   </trkpt>
   <trkpt lat="50.92217" lon="5.23596">
    <ele>28.53</ele>
   </trkpt>
   <trkpt lat="50.92242" lon="5.2357000000000005">
    <ele>28.89</ele>
   </trkpt>
   <trkpt lat="50.92257000000001" lon="5.23552">
    <ele>29.030000000000005</ele>
   </trkpt>
   <trkpt lat="50.922700000000006" lon="5.23531">
    <ele>29.32</ele>
   </trkpt>
   <trkpt lat="50.92284" lon="5.23491">
    <ele>29.380000000000003</ele>
   </trkpt>
   <trkpt lat="50.92286000000001" lon="5.23472">
    <ele>29.35</ele>
   </trkpt>
   <trkpt lat="50.922850000000004" lon="5.234170000000001">
    <ele>29.09</ele>
   </trkpt>
   <trkpt lat="50.92287" lon="5.23345">
    <ele>29.040000000000003</ele>
   </trkpt>
   <trkpt lat="50.922920000000005" lon="5.233180000000001">
    <ele>29.060000000000002</ele>
   </trkpt>
   <trkpt lat="50.923" lon="5.23289">
    <ele>29.060000000000002</ele>
   </trkpt>
   <trkpt lat="50.92334" lon="5.23209">
    <ele>28.87</ele>
   </trkpt>
   <trkpt lat="50.92360000000001" lon="5.23153">
    <ele>28.810000000000002</ele>
   </trkpt>
   <trkpt lat="50.92403000468666" lon="5.230790013662457">
    <ele>28.62</ele>
   </trkpt>
   <trkpt lat="50.92446000469648" lon="5.230050013645747">
    <ele>28.380000000000003</ele>
   </trkpt>
   <trkpt lat="50.924890000000005" lon="5.229310000000001">
    <ele>28.37</ele>
   </trkpt>
   <trkpt lat="50.92519" lon="5.22867">
    <ele>28.400000000000002</ele>
   </trkpt>
   <trkpt lat="50.925290000000004" lon="5.22853">
    <ele>28.51</ele>
   </trkpt>
   <trkpt lat="50.92544" lon="5.22836">
    <ele>28.560000000000002</ele>
   </trkpt>
   <trkpt lat="50.92597000000001" lon="5.2279">
    <ele>28.380000000000003</ele>
   </trkpt>
   <trkpt lat="50.92622" lon="5.22754">
    <ele>28.26</ele>
   </trkpt>
   <trkpt lat="50.92631" lon="5.2273700000000005">
    <ele>28.26</ele>
   </trkpt>
   <trkpt lat="50.926800004131984" lon="5.226385010397851">
    <ele>28.1</ele>
   </trkpt>
   <trkpt lat="50.927290000000006" lon="5.2254000000000005">
    <ele>27.970000000000002</ele>
   </trkpt>
   <trkpt lat="50.92758000151496" lon="5.224805003702848">
    <ele>27.89</ele>
   </trkpt>
   <trkpt lat="50.927870000000006" lon="5.22421">
    <ele>27.57</ele>
   </trkpt>
   <trkpt lat="50.92794000000001" lon="5.22402">
    <ele>27.57</ele>
   </trkpt>
   <trkpt lat="50.928165002132125" lon="5.223315003379666">
    <ele>27.12</ele>
   </trkpt>
   <trkpt lat="50.92839000000001" lon="5.22261">
    <ele>26.560000000000002</ele>
   </trkpt>
   <trkpt lat="50.92857000000001" lon="5.2221400000000004">
    <ele>26.21</ele>
   </trkpt>
   <trkpt lat="50.929030000000004" lon="5.22112">
    <ele>26.590000000000003</ele>
   </trkpt>
   <trkpt lat="50.929702502247494" lon="5.221539981775016">
    <ele>26.85</ele>
   </trkpt>
   <trkpt lat="50.93037500298855" lon="5.221959975694513">
    <ele>28.0</ele>
   </trkpt>
   <trkpt lat="50.93104750222308" lon="5.2223799817591035">
    <ele>28.89</ele>
   </trkpt>
   <trkpt lat="50.931720000000006" lon="5.2228">
    <ele>28.51</ele>
   </trkpt>
   <trkpt lat="50.93198" lon="5.223000000000001">
    <ele>28.05</ele>
   </trkpt>
   <trkpt lat="50.93268000152945" lon="5.2235949910597705">
    <ele>27.26</ele>
   </trkpt>
   <trkpt lat="50.93338000000001" lon="5.22419">
    <ele>26.730000000000004</ele>
   </trkpt>
   <trkpt lat="50.933640000000004" lon="5.2243900000000005">
    <ele>26.660000000000004</ele>
   </trkpt>
   <trkpt lat="50.933890000000005" lon="5.22454">
    <ele>26.61</ele>
   </trkpt>
   <trkpt lat="50.93438000031096" lon="5.224799997272395">
    <ele>26.87</ele>
   </trkpt>
   <trkpt lat="50.934870000000004" lon="5.22506">
    <ele>26.910000000000004</ele>
   </trkpt>
   <trkpt lat="50.93555800276922" lon="5.225461976215626">
    <ele>26.72</ele>
   </trkpt>
   <trkpt lat="50.93624600415844" lon="5.225863964325478">
    <ele>26.67</ele>
   </trkpt>
   <trkpt lat="50.936934004167604" lon="5.2262659643301745">
    <ele>27.020000000000003</ele>
   </trkpt>
   <trkpt lat="50.93762200279666" lon="5.226667976230337">
    <ele>26.950000000000003</ele>
   </trkpt>
   <trkpt lat="50.93831" lon="5.22707">
    <ele>27.67</ele>
   </trkpt>
   <trkpt lat="50.93898000070215" lon="5.227479994082707">
    <ele>27.450000000000003</ele>
   </trkpt>
   <trkpt lat="50.93965000000001" lon="5.22789">
    <ele>27.8</ele>
   </trkpt>
   <trkpt lat="50.940110000000004" lon="5.2281200000000005">
    <ele>28.040000000000003</ele>
   </trkpt>
   <trkpt lat="50.940720000000006" lon="5.22829">
    <ele>28.28</ele>
   </trkpt>
   <trkpt lat="50.94152857207861" lon="5.228449983303331">
    <ele>28.330000000000002</ele>
   </trkpt>
   <trkpt lat="50.94233714393862" lon="5.22860997217125">
    <ele>28.130000000000003</ele>
   </trkpt>
   <trkpt lat="50.94314571558006" lon="5.228769966604108">
    <ele>28.130000000000003</ele>
   </trkpt>
   <trkpt lat="50.943954287002875" lon="5.22892996660226">
    <ele>28.150000000000002</ele>
   </trkpt>
   <trkpt lat="50.944762858207085" lon="5.229089972166059">
    <ele>28.220000000000002</ele>
   </trkpt>
   <trkpt lat="50.945571429192675" lon="5.229249983295856">
    <ele>28.430000000000003</ele>
   </trkpt>
   <trkpt lat="50.946380000000005" lon="5.229410000000001">
    <ele>28.740000000000002</ele>
   </trkpt>
   <trkpt lat="50.946340000000006" lon="5.229410000000001">
    <ele>28.740000000000002</ele>
   </trkpt>
   <trkpt lat="50.94685499986695" lon="5.229504998915866">
    <ele>28.87</ele>
   </trkpt>
   <trkpt lat="50.94737000000001" lon="5.2296000000000005">
    <ele>29.550000000000004</ele>
   </trkpt>
   <trkpt lat="50.947610000000005" lon="5.22973">
    <ele>29.84</ele>
   </trkpt>
   <trkpt lat="50.94769" lon="5.2297400000000005">
    <ele>29.84</ele>
   </trkpt>
   <trkpt lat="50.947770000000006" lon="5.229760000000001">
    <ele>29.910000000000004</ele>
   </trkpt>
   <trkpt lat="50.948100000000004" lon="5.22975">
    <ele>29.640000000000004</ele>
   </trkpt>
   <trkpt lat="50.9489233338124" lon="5.229986658282696">
    <ele>28.810000000000002</ele>
   </trkpt>
   <trkpt lat="50.94974666714651" lon="5.230223324949405">
    <ele>28.150000000000002</ele>
   </trkpt>
   <trkpt lat="50.950570000000006" lon="5.230460000000001">
    <ele>27.44</ele>
   </trkpt>
   <trkpt lat="50.95109" lon="5.230440000000001">
    <ele>26.88</ele>
   </trkpt>
   <trkpt lat="50.95139" lon="5.2304200000000005">
    <ele>26.7</ele>
   </trkpt>
   <trkpt lat="50.951570000000004" lon="5.23045">
    <ele>25.79</ele>
   </trkpt>
   <trkpt lat="50.95197" lon="5.23055">
    <ele>25.79</ele>
   </trkpt>
   <trkpt lat="50.95272000000001" lon="5.23092">
    <ele>24.77</ele>
   </trkpt>
   <trkpt lat="50.95302" lon="5.231000000000001">
    <ele>24.44</ele>
   </trkpt>
   <trkpt lat="50.953140000000005" lon="5.23101">
    <ele>24.380000000000003</ele>
   </trkpt>
   <trkpt lat="50.953300000000006" lon="5.23099">
    <ele>24.360000000000003</ele>
   </trkpt>
   <trkpt lat="50.9534" lon="5.23095">
    <ele>24.310000000000002</ele>
   </trkpt>
   <trkpt lat="50.9536" lon="5.230840000000001">
    <ele>24.270000000000003</ele>
   </trkpt>
   <trkpt lat="50.954040000718905" lon="5.230455003569785">
    <ele>24.270000000000003</ele>
   </trkpt>
   <trkpt lat="50.954480000000004" lon="5.23007">
    <ele>24.310000000000002</ele>
   </trkpt>
   <trkpt lat="50.9547" lon="5.2299500000000005">
    <ele>24.09</ele>
   </trkpt>
   <trkpt lat="50.954840000000004" lon="5.229920000000001">
    <ele>24.0</ele>
   </trkpt>
   <trkpt lat="50.9551" lon="5.22994">
    <ele>23.94</ele>
   </trkpt>
   <trkpt lat="50.955220000000004" lon="5.22998">
    <ele>23.94</ele>
   </trkpt>
   <trkpt lat="50.955420000000004" lon="5.23012">
    <ele>23.75</ele>
   </trkpt>
   <trkpt lat="50.955650000000006" lon="5.23034">
    <ele>23.770000000000003</ele>
   </trkpt>
   <trkpt lat="50.95606500091327" lon="5.230809995768904">
    <ele>23.680000000000003</ele>
   </trkpt>
   <trkpt lat="50.956480000000006" lon="5.231280000000001">
    <ele>23.450000000000003</ele>
   </trkpt>
   <trkpt lat="50.95674" lon="5.23163">
    <ele>23.42</ele>
   </trkpt>
   <trkpt lat="50.95702000000001" lon="5.232130000000001">
    <ele>23.430000000000003</ele>
   </trkpt>
   <trkpt lat="50.957460000000005" lon="5.233320000000001">
    <ele>23.4</ele>
   </trkpt>
   <trkpt lat="50.95778000000001" lon="5.23423">
    <ele>23.330000000000002</ele>
   </trkpt>
   <trkpt lat="50.95778000000001" lon="5.2342200000000005">
    <ele>23.330000000000002</ele>
   </trkpt>
   <trkpt lat="50.958120004265105" lon="5.235214992831867">
    <ele>23.560000000000002</ele>
   </trkpt>
   <trkpt lat="50.95846" lon="5.236210000000001">
    <ele>23.66</ele>
   </trkpt>
   <trkpt lat="50.95868" lon="5.236870000000001">
    <ele>23.73</ele>
   </trkpt>
   <trkpt lat="50.95864" lon="5.236910000000001">
    <ele>23.73</ele>
   </trkpt>
   <trkpt lat="50.95864" lon="5.237100000000001">
    <ele>23.73</ele>
   </trkpt>
   <trkpt lat="50.958580000000005" lon="5.2372700000000005">
    <ele>23.650000000000002</ele>
   </trkpt>
   <trkpt lat="50.95868" lon="5.237480000000001">
    <ele>23.71</ele>
   </trkpt>
   <trkpt lat="50.95873" lon="5.2374600000000004">
    <ele>23.71</ele>
   </trkpt>
   <trkpt lat="50.95877" lon="5.237480000000001">
    <ele>23.720000000000002</ele>
   </trkpt>
   <trkpt lat="50.95881000000001" lon="5.2375300000000005">
    <ele>23.720000000000002</ele>
   </trkpt>
   <trkpt lat="50.95895" lon="5.237500000000001">
    <ele>23.71</ele>
   </trkpt>
   <trkpt lat="50.95899000000001" lon="5.23747">
    <ele>23.680000000000003</ele>
   </trkpt>
   <trkpt lat="50.95902" lon="5.23726">
    <ele>23.680000000000003</ele>
   </trkpt>
   <trkpt lat="50.95908000000001" lon="5.23707">
    <ele>23.67</ele>
   </trkpt>
   <trkpt lat="50.959140000000005" lon="5.236980000000001">
    <ele>23.67</ele>
   </trkpt>
   <trkpt lat="50.959450000000004" lon="5.2366">
    <ele>23.83</ele>
   </trkpt>
   <trkpt lat="50.959520000000005" lon="5.23646">
    <ele>23.83</ele>
   </trkpt>
   <trkpt lat="50.959790000000005" lon="5.2362">
    <ele>23.810000000000002</ele>
   </trkpt>
   <trkpt lat="50.96007" lon="5.23599">
    <ele>23.900000000000002</ele>
   </trkpt>
   <trkpt lat="50.960350000000005" lon="5.235830000000001">
    <ele>24.09</ele>
   </trkpt>
   <trkpt lat="50.9607" lon="5.23571">
    <ele>24.16</ele>
   </trkpt>
   <trkpt lat="50.9609" lon="5.235670000000001">
    <ele>24.150000000000002</ele>
   </trkpt>
   <trkpt lat="50.961240000000004" lon="5.23564">
    <ele>24.25</ele>
   </trkpt>
   <trkpt lat="50.96164" lon="5.23564">
    <ele>24.290000000000003</ele>
   </trkpt>
   <trkpt lat="50.96168" lon="5.2356300000000005">
    <ele>24.290000000000003</ele>
   </trkpt>
   <trkpt lat="50.96206" lon="5.2356300000000005">
    <ele>24.200000000000003</ele>
   </trkpt>
   <trkpt lat="50.9622" lon="5.235670000000001">
    <ele>24.290000000000003</ele>
   </trkpt>
   <trkpt lat="50.96244" lon="5.23566">
    <ele>24.450000000000003</ele>
   </trkpt>
   <trkpt lat="50.96255000000001" lon="5.23559">
    <ele>24.450000000000003</ele>
   </trkpt>
   <trkpt lat="50.96327000006722" lon="5.2355700003081385">
    <ele>24.720000000000002</ele>
   </trkpt>
   <trkpt lat="50.96399" lon="5.235550000000001">
    <ele>24.6</ele>
   </trkpt>
   <trkpt lat="50.96405000000001" lon="5.235670000000001">
    <ele>24.6</ele>
   </trkpt>
   <trkpt lat="50.96426" lon="5.2358400000000005">
    <ele>23.8</ele>
   </trkpt>
   <trkpt lat="50.96472000015188" lon="5.236024998170459">
    <ele>23.790000000000003</ele>
   </trkpt>
   <trkpt lat="50.965180000000004" lon="5.236210000000001">
    <ele>23.76</ele>
   </trkpt>
   <trkpt lat="50.96567" lon="5.23651">
    <ele>23.720000000000002</ele>
   </trkpt>
   <trkpt lat="50.965990000000005" lon="5.2367300000000006">
    <ele>23.810000000000002</ele>
   </trkpt>
   <trkpt lat="50.966060000000006" lon="5.236820000000001">
    <ele>23.810000000000002</ele>
   </trkpt>
   <trkpt lat="50.966100000000004" lon="5.23695">
    <ele>23.66</ele>
   </trkpt>
   <trkpt lat="50.96623" lon="5.23758">
    <ele>23.610000000000003</ele>
   </trkpt>
   <trkpt lat="50.96632" lon="5.2377400000000005">
    <ele>23.610000000000003</ele>
   </trkpt>
   <trkpt lat="50.966850000269986" lon="5.238004996961552">
    <ele>23.630000000000003</ele>
   </trkpt>
   <trkpt lat="50.967380000000006" lon="5.238270000000001">
    <ele>24.060000000000002</ele>
   </trkpt>
   <trkpt lat="50.96768" lon="5.238390000000001">
    <ele>24.060000000000002</ele>
   </trkpt>
   <trkpt lat="50.96837000000001" lon="5.23854">
    <ele>24.290000000000003</ele>
   </trkpt>
   <trkpt lat="50.96855000000001" lon="5.23862">
    <ele>24.400000000000002</ele>
   </trkpt>
   <trkpt lat="50.96862" lon="5.238670000000001">
    <ele>24.41</ele>
   </trkpt>
   <trkpt lat="50.968610000000005" lon="5.238670000000001">
    <ele>24.41</ele>
   </trkpt>
   <trkpt lat="50.96932" lon="5.23922">
    <ele>25.580000000000002</ele>
   </trkpt>
   <trkpt lat="50.96936" lon="5.238980000000001">
    <ele>25.5</ele>
   </trkpt>
   <trkpt lat="50.96943" lon="5.23869">
    <ele>25.43</ele>
   </trkpt>
   <trkpt lat="50.96973500376441" lon="5.237750006196069">
    <ele>25.550000000000004</ele>
   </trkpt>
   <trkpt lat="50.970040000000004" lon="5.23681">
    <ele>25.640000000000004</ele>
   </trkpt>
   <trkpt lat="50.970270000000006" lon="5.23604">
    <ele>25.76</ele>
   </trkpt>
   <trkpt lat="50.970470000000006" lon="5.23524">
    <ele>25.96</ele>
   </trkpt>
   <trkpt lat="50.97052000000001" lon="5.23482">
    <ele>25.980000000000004</ele>
   </trkpt>
   <trkpt lat="50.97049334522119" lon="5.233639998636041">
    <ele>25.820000000000004</ele>
   </trkpt>
   <trkpt lat="50.9704666785543" lon="5.232459998626757">
    <ele>25.490000000000002</ele>
   </trkpt>
   <trkpt lat="50.97044" lon="5.231280000000001">
    <ele>25.16</ele>
   </trkpt>
   <trkpt lat="50.97044" lon="5.231240000000001">
    <ele>25.150000000000002</ele>
   </trkpt>
   <trkpt lat="50.970420000000004" lon="5.23031">
    <ele>24.96</ele>
   </trkpt>
   <trkpt lat="50.97037" lon="5.23001">
    <ele>25.11</ele>
   </trkpt>
   <trkpt lat="50.970490000000005" lon="5.22994">
    <ele>25.11</ele>
   </trkpt>
   <trkpt lat="50.970530000000004" lon="5.2298800000000005">
    <ele>24.520000000000003</ele>
   </trkpt>
   <trkpt lat="50.97072000224813" lon="5.229160002812227">
    <ele>24.1</ele>
   </trkpt>
   <trkpt lat="50.97091" lon="5.228440000000001">
    <ele>24.060000000000002</ele>
   </trkpt>
   <trkpt lat="50.97095" lon="5.228190000000001">
    <ele>24.270000000000003</ele>
   </trkpt>
   <trkpt lat="50.97095" lon="5.22787">
    <ele>24.48</ele>
   </trkpt>
   <trkpt lat="50.97084" lon="5.227550000000001">
    <ele>25.27</ele>
   </trkpt>
   <trkpt lat="50.97137500341136" lon="5.226660010202122">
    <ele>25.43</ele>
   </trkpt>
   <trkpt lat="50.97191" lon="5.225770000000001">
    <ele>25.75</ele>
   </trkpt>
   <trkpt lat="50.972" lon="5.225860000000001">
    <ele>25.730000000000004</ele>
   </trkpt>
   <trkpt lat="50.97207" lon="5.22588">
    <ele>25.730000000000004</ele>
   </trkpt>
   <trkpt lat="50.97213000000001" lon="5.2258700000000005">
    <ele>25.730000000000004</ele>
   </trkpt>
   <trkpt lat="50.9727" lon="5.2256100000000005">
    <ele>25.43</ele>
   </trkpt>
   <trkpt lat="50.97287000000001" lon="5.2254700000000005">
    <ele>25.48</ele>
   </trkpt>
   <trkpt lat="50.97325000000001" lon="5.22496">
    <ele>25.710000000000004</ele>
   </trkpt>
   <trkpt lat="50.97345000000001" lon="5.22475">
    <ele>25.78</ele>
   </trkpt>
   <trkpt lat="50.974120000000006" lon="5.224220000000001">
    <ele>26.37</ele>
   </trkpt>
   <trkpt lat="50.97413" lon="5.224220000000001">
    <ele>26.37</ele>
   </trkpt>
   <trkpt lat="50.97430000000001" lon="5.22409">
    <ele>26.47</ele>
   </trkpt>
   <trkpt lat="50.974610000000006" lon="5.2239">
    <ele>26.7</ele>
   </trkpt>
   <trkpt lat="50.974880000000006" lon="5.223800000000001">
    <ele>26.820000000000004</ele>
   </trkpt>
   <trkpt lat="50.97552000012873" lon="5.223676670066428">
    <ele>26.910000000000004</ele>
   </trkpt>
   <trkpt lat="50.97616000012762" lon="5.223553336733369">
    <ele>26.770000000000003</ele>
   </trkpt>
   <trkpt lat="50.976800000000004" lon="5.2234300000000005">
    <ele>26.85</ele>
   </trkpt>
   <trkpt lat="50.97713" lon="5.223400000000001">
    <ele>27.17</ele>
   </trkpt>
   <trkpt lat="50.97709000232807" lon="5.222664999771347">
    <ele>26.750000000000004</ele>
   </trkpt>
   <trkpt lat="50.977050000000006" lon="5.22193">
    <ele>27.19</ele>
   </trkpt>
   <trkpt lat="50.977540000000005" lon="5.22154">
    <ele>26.51</ele>
   </trkpt>
   <trkpt lat="50.97799500023651" lon="5.2213150021946655">
    <ele>26.060000000000002</ele>
   </trkpt>
   <trkpt lat="50.97845" lon="5.22109">
    <ele>25.93</ele>
   </trkpt>
   <trkpt lat="50.97856" lon="5.221050000000001">
    <ele>25.910000000000004</ele>
   </trkpt>
   <trkpt lat="50.97865" lon="5.22104">
    <ele>25.910000000000004</ele>
   </trkpt>
   <trkpt lat="50.9789" lon="5.2210600000000005">
    <ele>26.0</ele>
   </trkpt>
   <trkpt lat="50.97973" lon="5.22133">
    <ele>26.390000000000004</ele>
   </trkpt>
   <trkpt lat="50.98044" lon="5.22137">
    <ele>26.400000000000002</ele>
   </trkpt>
   <trkpt lat="50.980450000000005" lon="5.22137">
    <ele>26.400000000000002</ele>
   </trkpt>
   <trkpt lat="50.980880000000006" lon="5.22137">
    <ele>26.580000000000002</ele>
   </trkpt>
   <trkpt lat="50.98161" lon="5.2216000000000005">
    <ele>26.400000000000002</ele>
   </trkpt>
   <trkpt lat="50.98181" lon="5.221620000000001">
    <ele>26.3</ele>
   </trkpt>
   <trkpt lat="50.982290000000006" lon="5.221550000000001">
    <ele>26.46</ele>
   </trkpt>
   <trkpt lat="50.98227000000001" lon="5.22139">
    <ele>26.3</ele>
   </trkpt>
   <trkpt lat="50.98228500497735" lon="5.220310000453955">
    <ele>26.02</ele>
   </trkpt>
   <trkpt lat="50.9823" lon="5.2192300000000005">
    <ele>25.740000000000002</ele>
   </trkpt>
   <trkpt lat="50.9823" lon="5.21924">
    <ele>25.740000000000002</ele>
   </trkpt>
   <trkpt lat="50.98230000240105" lon="5.218489999880424">
    <ele>25.640000000000004</ele>
   </trkpt>
   <trkpt lat="50.9823" lon="5.21774">
    <ele>25.77</ele>
   </trkpt>
   <trkpt lat="50.98232" lon="5.2172">
    <ele>25.69</ele>
   </trkpt>
   <trkpt lat="50.98239" lon="5.21637">
    <ele>25.68</ele>
   </trkpt>
   <trkpt lat="50.982490000000006" lon="5.21562">
    <ele>25.34</ele>
   </trkpt>
   <trkpt lat="50.98268" lon="5.2144">
    <ele>25.28</ele>
   </trkpt>
   <trkpt lat="50.98277" lon="5.213920000000001">
    <ele>25.060000000000002</ele>
   </trkpt>
   <trkpt lat="50.982820000000004" lon="5.21375">
    <ele>25.060000000000002</ele>
   </trkpt>
   <trkpt lat="50.983200000000004" lon="5.212910000000001">
    <ele>24.84</ele>
   </trkpt>
   <trkpt lat="50.98330000000001" lon="5.21262">
    <ele>24.76</ele>
   </trkpt>
   <trkpt lat="50.98331" lon="5.212540000000001">
    <ele>24.76</ele>
   </trkpt>
   <trkpt lat="50.98330000000001" lon="5.21189">
    <ele>24.6</ele>
   </trkpt>
   <trkpt lat="50.98332000287424" lon="5.211070000185514">
    <ele>24.380000000000003</ele>
   </trkpt>
   <trkpt lat="50.983340000000005" lon="5.21025">
    <ele>24.17</ele>
   </trkpt>
   <trkpt lat="50.9834" lon="5.209300000000001">
    <ele>24.05</ele>
   </trkpt>
   <trkpt lat="50.983340000000005" lon="5.2091">
    <ele>24.05</ele>
   </trkpt>
   <trkpt lat="50.98304" lon="5.20887">
    <ele>23.950000000000003</ele>
   </trkpt>
   <trkpt lat="50.98284" lon="5.208570000000001">
    <ele>24.09</ele>
   </trkpt>
   <trkpt lat="50.98281" lon="5.20854">
    <ele>24.09</ele>
   </trkpt>
   <trkpt lat="50.98286" lon="5.20838">
    <ele>24.07</ele>
   </trkpt>
   <trkpt lat="50.983090000000004" lon="5.207940000000001">
    <ele>24.220000000000002</ele>
   </trkpt>
   <trkpt lat="50.98348000196964" lon="5.207275005446651">
    <ele>24.23</ele>
   </trkpt>
   <trkpt lat="50.98387" lon="5.20661">
    <ele>24.37</ele>
   </trkpt>
   <trkpt lat="50.984170000000006" lon="5.20603">
    <ele>24.43</ele>
   </trkpt>
   <trkpt lat="50.98458" lon="5.205050000000001">
    <ele>24.48</ele>
   </trkpt>
   <trkpt lat="50.98478" lon="5.20467">
    <ele>24.67</ele>
   </trkpt>
   <trkpt lat="50.98496" lon="5.204330000000001">
    <ele>24.68</ele>
   </trkpt>
   <trkpt lat="50.985310000000005" lon="5.20389">
    <ele>24.860000000000003</ele>
   </trkpt>
   <trkpt lat="50.985935001827265" lon="5.203220009116027">
    <ele>25.32</ele>
   </trkpt>
   <trkpt lat="50.986560000000004" lon="5.2025500000000005">
    <ele>26.330000000000002</ele>
   </trkpt>
   <trkpt lat="50.98669" lon="5.2023">
    <ele>26.63</ele>
   </trkpt>
   <trkpt lat="50.986700000000006" lon="5.202190000000001">
    <ele>26.63</ele>
   </trkpt>
   <trkpt lat="50.986740000000005" lon="5.201910000000001">
    <ele>27.03</ele>
   </trkpt>
   <trkpt lat="50.986790000000006" lon="5.201700000000001">
    <ele>27.03</ele>
   </trkpt>
   <trkpt lat="50.986830000000005" lon="5.20162">
    <ele>27.200000000000003</ele>
   </trkpt>
   <trkpt lat="50.98693" lon="5.201510000000001">
    <ele>27.4</ele>
   </trkpt>
   <trkpt lat="50.987350000000006" lon="5.201230000000001">
    <ele>27.900000000000002</ele>
   </trkpt>
   <trkpt lat="50.987570000000005" lon="5.20106">
    <ele>28.37</ele>
   </trkpt>
   <trkpt lat="50.987820000000006" lon="5.200690000000001">
    <ele>29.92</ele>
   </trkpt>
   <trkpt lat="50.98794" lon="5.20061">
    <ele>29.92</ele>
   </trkpt>
   <trkpt lat="50.987950000000005" lon="5.1997100000000005">
    <ele>30.02</ele>
   </trkpt>
   <trkpt lat="50.987930000000006" lon="5.1992">
    <ele>30.240000000000002</ele>
   </trkpt>
   <trkpt lat="50.98796" lon="5.19909">
    <ele>30.27</ele>
   </trkpt>
   <trkpt lat="50.987950000000005" lon="5.198930000000001">
    <ele>30.410000000000004</ele>
   </trkpt>
   <trkpt lat="50.987970000000004" lon="5.19869">
    <ele>30.520000000000003</ele>
   </trkpt>
   <trkpt lat="50.988040000000005" lon="5.198600000000001">
    <ele>30.900000000000002</ele>
   </trkpt>
   <trkpt lat="50.988220000000005" lon="5.19854">
    <ele>31.470000000000006</ele>
   </trkpt>
   <trkpt lat="50.98828" lon="5.19854">
    <ele>31.470000000000006</ele>
   </trkpt>
   <trkpt lat="50.98838000000001" lon="5.1986300000000005">
    <ele>32.03</ele>
   </trkpt>
   <trkpt lat="50.98857" lon="5.1984900000000005">
    <ele>33.13</ele>
   </trkpt>
   <trkpt lat="50.988550000000004" lon="5.19821">
    <ele>33.410000000000004</ele>
   </trkpt>
   <trkpt lat="50.98854000000001" lon="5.198130000000001">
    <ele>33.410000000000004</ele>
   </trkpt>
   <trkpt lat="50.988510000000005" lon="5.19808">
    <ele>33.230000000000004</ele>
   </trkpt>
   <trkpt lat="50.988310000000006" lon="5.1981">
    <ele>32.78</ele>
   </trkpt>
   <trkpt lat="50.988260000000004" lon="5.19805">
    <ele>32.78</ele>
   </trkpt>
   <trkpt lat="50.988200000000006" lon="5.19793">
    <ele>32.690000000000005</ele>
   </trkpt>
   <trkpt lat="50.988170000000004" lon="5.197640000000001">
    <ele>32.39</ele>
   </trkpt>
   <trkpt lat="50.98790500709482" lon="5.196349992595527">
    <ele>32.78</ele>
   </trkpt>
   <trkpt lat="50.987640000000006" lon="5.195060000000001">
    <ele>32.690000000000005</ele>
   </trkpt>
   <trkpt lat="50.987480000000005" lon="5.19437">
    <ele>32.38</ele>
   </trkpt>
   <trkpt lat="50.98745" lon="5.194260000000001">
    <ele>32.120000000000005</ele>
   </trkpt>
   <trkpt lat="50.98736" lon="5.19409">
    <ele>32.120000000000005</ele>
   </trkpt>
   <trkpt lat="50.98736" lon="5.1940800000000005">
    <ele>32.120000000000005</ele>
   </trkpt>
   <trkpt lat="50.986950002411476" lon="5.193314993081669">
    <ele>31.71</ele>
   </trkpt>
   <trkpt lat="50.986540000000005" lon="5.192550000000001">
    <ele>31.42</ele>
   </trkpt>
   <trkpt lat="50.98646" lon="5.192340000000001">
    <ele>31.5</ele>
   </trkpt>
   <trkpt lat="50.98624" lon="5.191470000000001">
    <ele>31.830000000000002</ele>
   </trkpt>
   <trkpt lat="50.98622" lon="5.19141">
    <ele>31.830000000000002</ele>
   </trkpt>
   <trkpt lat="50.98617" lon="5.19136">
    <ele>31.8</ele>
   </trkpt>
   <trkpt lat="50.986250000000005" lon="5.19111">
    <ele>32.25</ele>
   </trkpt>
   <trkpt lat="50.986320000000006" lon="5.19094">
    <ele>32.830000000000005</ele>
   </trkpt>
   <trkpt lat="50.98637" lon="5.190930000000001">
    <ele>32.830000000000005</ele>
   </trkpt>
   <trkpt lat="50.98711000202208" lon="5.190240011009333">
    <ele>36.54</ele>
   </trkpt>
   <trkpt lat="50.98785" lon="5.1895500000000006">
    <ele>41.72</ele>
   </trkpt>
   <trkpt lat="50.988040000000005" lon="5.189430000000001">
    <ele>42.25</ele>
   </trkpt>
   <trkpt lat="50.98882000078033" lon="5.189030006671909">
    <ele>46.01</ele>
   </trkpt>
   <trkpt lat="50.9896" lon="5.188630000000001">
    <ele>46.290000000000006</ele>
   </trkpt>
   <trkpt lat="50.990120000000005" lon="5.188350000000001">
    <ele>48.13</ele>
   </trkpt>
   <trkpt lat="50.990390000000005" lon="5.188160000000001">
    <ele>49.53</ele>
   </trkpt>
   <trkpt lat="50.99067" lon="5.1879800000000005">
    <ele>51.17000000000001</ele>
   </trkpt>
   <trkpt lat="50.99080000000001" lon="5.187930000000001">
    <ele>51.760000000000005</ele>
   </trkpt>
   <trkpt lat="50.990930000000006" lon="5.18792">
    <ele>52.300000000000004</ele>
   </trkpt>
   <trkpt lat="50.99107000000001" lon="5.187950000000001">
    <ele>53.300000000000004</ele>
   </trkpt>
   <trkpt lat="50.991200000000006" lon="5.188020000000001">
    <ele>53.300000000000004</ele>
   </trkpt>
   <trkpt lat="50.991460000000004" lon="5.188210000000001">
    <ele>54.59</ele>
   </trkpt>
   <trkpt lat="50.991580000000006" lon="5.18827">
    <ele>56.27</ele>
   </trkpt>
   <trkpt lat="50.9917" lon="5.18831">
    <ele>56.27</ele>
   </trkpt>
   <trkpt lat="50.99184" lon="5.1883300000000006">
    <ele>56.64</ele>
   </trkpt>
   <trkpt lat="50.9921" lon="5.18827">
    <ele>57.07</ele>
   </trkpt>
   <trkpt lat="50.992290000000004" lon="5.18818">
    <ele>57.46</ele>
   </trkpt>
   <trkpt lat="50.99297000000001" lon="5.1878400000000005">
    <ele>58.42000000000001</ele>
   </trkpt>
   <trkpt lat="50.993120000000005" lon="5.187790000000001">
    <ele>58.370000000000005</ele>
   </trkpt>
   <trkpt lat="50.99338" lon="5.187740000000001">
    <ele>58.0</ele>
   </trkpt>
   <trkpt lat="50.99394500002595" lon="5.187670000851614">
    <ele>55.88</ele>
   </trkpt>
   <trkpt lat="50.994510000000005" lon="5.187600000000001">
    <ele>52.800000000000004</ele>
   </trkpt>
   <trkpt lat="50.994890000000005" lon="5.187620000000001">
    <ele>50.06000000000001</ele>
   </trkpt>
   <trkpt lat="50.99539499989713" lon="5.187719998882932">
    <ele>46.34</ele>
   </trkpt>
   <trkpt lat="50.995900000000006" lon="5.18782">
    <ele>43.99</ele>
   </trkpt>
   <trkpt lat="50.99604" lon="5.18782">
    <ele>43.99</ele>
   </trkpt>
   <trkpt lat="50.99633000000001" lon="5.187760000000001">
    <ele>39.900000000000006</ele>
   </trkpt>
   <trkpt lat="50.996590000000005" lon="5.187620000000001">
    <ele>38.41</ele>
   </trkpt>
   <trkpt lat="50.996790000000004" lon="5.18747">
    <ele>37.89</ele>
   </trkpt>
   <trkpt lat="50.99745000138098" lon="5.1869000081124375">
    <ele>35.52</ele>
   </trkpt>
   <trkpt lat="50.998110000000004" lon="5.186330000000001">
    <ele>31.87</ele>
   </trkpt>
   <trkpt lat="50.998110000000004" lon="5.18632">
    <ele>31.87</ele>
   </trkpt>
   <trkpt lat="50.99867500089177" lon="5.185835006002085">
    <ele>30.640000000000004</ele>
   </trkpt>
   <trkpt lat="50.99924000000001" lon="5.185350000000001">
    <ele>29.240000000000002</ele>
   </trkpt>
   <trkpt lat="50.99983" lon="5.18465">
    <ele>28.59</ele>
   </trkpt>
   <trkpt lat="50.999970000000005" lon="5.1845300000000005">
    <ele>28.28</ele>
   </trkpt>
   <trkpt lat="51.00036500066972" lon="5.184165003014015">
    <ele>27.720000000000002</ele>
   </trkpt>
   <trkpt lat="51.00076000000001" lon="5.183800000000001">
    <ele>27.32</ele>
   </trkpt>
   <trkpt lat="51.000930000000004" lon="5.1837100000000005">
    <ele>26.64</ele>
   </trkpt>
   <trkpt lat="51.00108" lon="5.183660000000001">
    <ele>26.430000000000003</ele>
   </trkpt>
   <trkpt lat="51.001450000000006" lon="5.183590000000001">
    <ele>25.79</ele>
   </trkpt>
   <trkpt lat="51.001650000000005" lon="5.18353">
    <ele>25.69</ele>
   </trkpt>
   <trkpt lat="51.002120000000005" lon="5.183210000000001">
    <ele>25.96</ele>
   </trkpt>
   <trkpt lat="51.002210000000005" lon="5.183090000000001">
    <ele>25.96</ele>
   </trkpt>
   <trkpt lat="51.002320000000005" lon="5.183020000000001">
    <ele>25.19</ele>
   </trkpt>
   <trkpt lat="51.00301" lon="5.182740000000001">
    <ele>24.44</ele>
   </trkpt>
   <trkpt lat="51.00363" lon="5.182270000000001">
    <ele>24.380000000000003</ele>
   </trkpt>
   <trkpt lat="51.003960000000006" lon="5.182110000000001">
    <ele>24.59</ele>
   </trkpt>
   <trkpt lat="51.00421000000001" lon="5.1820200000000005">
    <ele>25.120000000000005</ele>
   </trkpt>
   <trkpt lat="51.004560000000005" lon="5.18289">
    <ele>24.48</ele>
   </trkpt>
   <trkpt lat="51.00484" lon="5.18348">
    <ele>24.46</ele>
   </trkpt>
   <trkpt lat="51.00504" lon="5.183750000000001">
    <ele>24.830000000000002</ele>
   </trkpt>
   <trkpt lat="51.005120000000005" lon="5.183820000000001">
    <ele>24.830000000000002</ele>
   </trkpt>
   <trkpt lat="51.0052" lon="5.1838500000000005">
    <ele>25.130000000000003</ele>
   </trkpt>
   <trkpt lat="51.00527" lon="5.183820000000001">
    <ele>25.130000000000003</ele>
   </trkpt>
   <trkpt lat="51.00569000111364" lon="5.183315004541967">
    <ele>24.900000000000002</ele>
   </trkpt>
   <trkpt lat="51.00611000000001" lon="5.182810000000001">
    <ele>24.42</ele>
   </trkpt>
   <trkpt lat="51.006727503095505" lon="5.182317519676839">
    <ele>23.900000000000002</ele>
   </trkpt>
   <trkpt lat="51.00734500412074" lon="5.181825026241478">
    <ele>23.51</ele>
   </trkpt>
   <trkpt lat="51.00796250307566" lon="5.181332519693326">
    <ele>23.160000000000004</ele>
   </trkpt>
   <trkpt lat="51.00858" lon="5.180840000000001">
    <ele>22.950000000000003</ele>
   </trkpt>
   <trkpt lat="51.008810000000004" lon="5.18069">
    <ele>22.88</ele>
   </trkpt>
   <trkpt lat="51.009060000000005" lon="5.18062">
    <ele>22.88</ele>
   </trkpt>
   <trkpt lat="51.00968" lon="5.180470000000001">
    <ele>22.87</ele>
   </trkpt>
   <trkpt lat="51.00979" lon="5.18041">
    <ele>22.78</ele>
   </trkpt>
   <trkpt lat="51.009930000000004" lon="5.180280000000001">
    <ele>22.78</ele>
   </trkpt>
   <trkpt lat="51.010310000000004" lon="5.1798">
    <ele>22.81</ele>
   </trkpt>
   <trkpt lat="51.010580000000004" lon="5.17942">
    <ele>22.89</ele>
   </trkpt>
   <trkpt lat="51.01088000000001" lon="5.17895">
    <ele>23.64</ele>
   </trkpt>
   <trkpt lat="51.01097000000001" lon="5.17886">
    <ele>24.0</ele>
   </trkpt>
   <trkpt lat="51.011010000000006" lon="5.17886">
    <ele>23.98</ele>
   </trkpt>
   <trkpt lat="51.01127" lon="5.17942">
    <ele>23.51</ele>
   </trkpt>
   <trkpt lat="51.01167" lon="5.1802">
    <ele>24.01</ele>
   </trkpt>
   <trkpt lat="51.01198" lon="5.1811300000000005">
    <ele>23.970000000000002</ele>
   </trkpt>
   <trkpt lat="51.01205" lon="5.1812700000000005">
    <ele>24.19</ele>
   </trkpt>
   <trkpt lat="51.012260000000005" lon="5.181380000000001">
    <ele>24.23</ele>
   </trkpt>
   <trkpt lat="51.01234" lon="5.18144">
    <ele>24.23</ele>
   </trkpt>
   <trkpt lat="51.01238000000001" lon="5.18154">
    <ele>24.200000000000003</ele>
   </trkpt>
   <trkpt lat="51.01264500380914" lon="5.182484994593358">
    <ele>24.040000000000003</ele>
   </trkpt>
   <trkpt lat="51.012910000000005" lon="5.18343">
    <ele>24.07</ele>
   </trkpt>
   <trkpt lat="51.013000000000005" lon="5.18362">
    <ele>24.12</ele>
   </trkpt>
   <trkpt lat="51.01312" lon="5.18377">
    <ele>24.34</ele>
   </trkpt>
   <trkpt lat="51.01321" lon="5.183820000000001">
    <ele>24.34</ele>
   </trkpt>
   <trkpt lat="51.01408000000001" lon="5.18398">
    <ele>24.700000000000003</ele>
   </trkpt>
   <trkpt lat="51.014700000000005" lon="5.1843">
    <ele>25.07</ele>
   </trkpt>
   <trkpt lat="51.0153" lon="5.18416">
    <ele>24.94</ele>
   </trkpt>
   <trkpt lat="51.01552" lon="5.184130000000001">
    <ele>25.0</ele>
   </trkpt>
   <trkpt lat="51.016059999960774" lon="5.1841549997069265">
    <ele>25.300000000000004</ele>
   </trkpt>
   <trkpt lat="51.016600000000004" lon="5.1841800000000005">
    <ele>25.370000000000005</ele>
   </trkpt>
   <trkpt lat="51.016780000000004" lon="5.184290000000001">
    <ele>25.25</ele>
   </trkpt>
   <trkpt lat="51.017300000000006" lon="5.18473">
    <ele>25.470000000000002</ele>
   </trkpt>
   <trkpt lat="51.017520000000005" lon="5.18512">
    <ele>25.42</ele>
   </trkpt>
   <trkpt lat="51.01774" lon="5.18557">
    <ele>25.720000000000002</ele>
   </trkpt>
   <trkpt lat="51.017790000000005" lon="5.1856100000000005">
    <ele>25.720000000000002</ele>
   </trkpt>
   <trkpt lat="51.01787" lon="5.185630000000001">
    <ele>25.730000000000004</ele>
   </trkpt>
   <trkpt lat="51.01794" lon="5.1856100000000005">
    <ele>25.730000000000004</ele>
   </trkpt>
   <trkpt lat="51.01836" lon="5.18531">
    <ele>25.78</ele>
   </trkpt>
   <trkpt lat="51.018460000000005" lon="5.1852800000000006">
    <ele>25.84</ele>
   </trkpt>
   <trkpt lat="51.018600000000006" lon="5.18531">
    <ele>25.86</ele>
   </trkpt>
   <trkpt lat="51.018660000000004" lon="5.185350000000001">
    <ele>25.86</ele>
   </trkpt>
   <trkpt lat="51.018840000000004" lon="5.185530000000001">
    <ele>25.69</ele>
   </trkpt>
   <trkpt lat="51.01899" lon="5.18576">
    <ele>25.62</ele>
   </trkpt>
   <trkpt lat="51.019310000000004" lon="5.18648">
    <ele>25.75</ele>
   </trkpt>
   <trkpt lat="51.01959" lon="5.187">
    <ele>25.830000000000002</ele>
   </trkpt>
   <trkpt lat="51.019890000000004" lon="5.187340000000001">
    <ele>25.830000000000002</ele>
   </trkpt>
   <trkpt lat="51.02042000245624" lon="5.187879987620954">
    <ele>25.800000000000004</ele>
   </trkpt>
   <trkpt lat="51.02095000242382" lon="5.188419987587737">
    <ele>25.77</ele>
   </trkpt>
   <trkpt lat="51.021480000000004" lon="5.188960000000001">
    <ele>25.6</ele>
   </trkpt>
   <trkpt lat="51.0217" lon="5.189170000000001">
    <ele>25.580000000000002</ele>
   </trkpt>
   <trkpt lat="51.02196000000001" lon="5.1893400000000005">
    <ele>25.640000000000004</ele>
   </trkpt>
   <trkpt lat="51.022380000000005" lon="5.1895500000000006">
    <ele>25.640000000000004</ele>
   </trkpt>
   <trkpt lat="51.02268" lon="5.189800000000001">
    <ele>25.75</ele>
   </trkpt>
   <trkpt lat="51.02316666978658" lon="5.19040998712276">
    <ele>25.86</ele>
   </trkpt>
   <trkpt lat="51.02365333639756" lon="5.191019987052755">
    <ele>25.910000000000004</ele>
   </trkpt>
   <trkpt lat="51.02414" lon="5.191630000000001">
    <ele>26.0</ele>
   </trkpt>
   <trkpt lat="51.024240000000006" lon="5.19191">
    <ele>26.0</ele>
   </trkpt>
   <trkpt lat="51.02434" lon="5.192620000000001">
    <ele>26.080000000000002</ele>
   </trkpt>
   <trkpt lat="51.02445" lon="5.192900000000001">
    <ele>26.2</ele>
   </trkpt>
   <trkpt lat="51.02452" lon="5.19303">
    <ele>26.2</ele>
   </trkpt>
   <trkpt lat="51.025220000000004" lon="5.1939">
    <ele>26.1</ele>
   </trkpt>
   <trkpt lat="51.02555" lon="5.1945500000000004">
    <ele>26.410000000000004</ele>
   </trkpt>
   <trkpt lat="51.025650000000006" lon="5.1947">
    <ele>26.490000000000002</ele>
   </trkpt>
   <trkpt lat="51.026270000000004" lon="5.194140000000001">
    <ele>25.650000000000002</ele>
   </trkpt>
   <trkpt lat="51.02656" lon="5.193790000000001">
    <ele>25.880000000000003</ele>
   </trkpt>
   <trkpt lat="51.02675000000001" lon="5.193460000000001">
    <ele>26.140000000000004</ele>
   </trkpt>
   <trkpt lat="51.026900000000005" lon="5.1931">
    <ele>26.28</ele>
   </trkpt>
   <trkpt lat="51.026990000000005" lon="5.19294">
    <ele>26.330000000000002</ele>
   </trkpt>
   <trkpt lat="51.02711000000001" lon="5.19287">
    <ele>26.27</ele>
   </trkpt>
   <trkpt lat="51.027190000000004" lon="5.19284">
    <ele>26.250000000000004</ele>
   </trkpt>
   <trkpt lat="51.02777500004085" lon="5.192630002703305">
    <ele>26.21</ele>
   </trkpt>
   <trkpt lat="51.028360000000006" lon="5.19242">
    <ele>26.37</ele>
   </trkpt>
   <trkpt lat="51.02853" lon="5.19233">
    <ele>26.400000000000002</ele>
   </trkpt>
   <trkpt lat="51.02872000000001" lon="5.1921100000000004">
    <ele>26.590000000000003</ele>
   </trkpt>
   <trkpt lat="51.028850000000006" lon="5.19183">
    <ele>26.71</ele>
   </trkpt>
   <trkpt lat="51.02890000000001" lon="5.191560000000001">
    <ele>26.71</ele>
   </trkpt>
   <trkpt lat="51.02892000000001" lon="5.191280000000001">
    <ele>27.020000000000003</ele>
   </trkpt>
   <trkpt lat="51.02890000000001" lon="5.19116">
    <ele>27.020000000000003</ele>
   </trkpt>
   <trkpt lat="51.02877" lon="5.19075">
    <ele>27.06</ele>
   </trkpt>
   <trkpt lat="51.028450002694136" lon="5.189959994622524">
    <ele>27.330000000000002</ele>
   </trkpt>
   <trkpt lat="51.028130000000004" lon="5.189170000000001">
    <ele>26.89</ele>
   </trkpt>
   <trkpt lat="51.02776500226274" lon="5.188449994430216">
    <ele>26.69</ele>
   </trkpt>
   <trkpt lat="51.02740000000001" lon="5.18773">
    <ele>26.330000000000002</ele>
   </trkpt>
   <trkpt lat="51.027010000000004" lon="5.18703">
    <ele>26.35</ele>
   </trkpt>
   <trkpt lat="51.027" lon="5.18703">
    <ele>26.35</ele>
   </trkpt>
   <trkpt lat="51.02668500141011" lon="5.186464996246398">
    <ele>26.45</ele>
   </trkpt>
   <trkpt lat="51.02637000000001" lon="5.1859">
    <ele>26.820000000000004</ele>
   </trkpt>
   <trkpt lat="51.026300000000006" lon="5.1857500000000005">
    <ele>26.98</ele>
   </trkpt>
   <trkpt lat="51.02644" lon="5.18562">
    <ele>27.05</ele>
   </trkpt>
   <trkpt lat="51.02656" lon="5.185530000000001">
    <ele>27.1</ele>
   </trkpt>
   <trkpt lat="51.026680000000006" lon="5.18548">
    <ele>27.14</ele>
   </trkpt>
   <trkpt lat="51.02731000000001" lon="5.185300000000001">
    <ele>29.6</ele>
   </trkpt>
   <trkpt lat="51.0279" lon="5.185090000000001">
    <ele>33.07</ele>
   </trkpt>
   <trkpt lat="51.02860500054857" lon="5.184745005227676">
    <ele>39.64</ele>
   </trkpt>
   <trkpt lat="51.02931" lon="5.1844">
    <ele>44.63</ele>
   </trkpt>
   <trkpt lat="51.03005" lon="5.18416">
    <ele>45.88</ele>
   </trkpt>
   <trkpt lat="51.03063000016599" lon="5.183925002969114">
    <ele>44.35</ele>
   </trkpt>
   <trkpt lat="51.03121" lon="5.18369">
    <ele>41.81000000000001</ele>
   </trkpt>
   <trkpt lat="51.03192000000001" lon="5.18334">
    <ele>39.290000000000006</ele>
   </trkpt>
   <trkpt lat="51.03278333465929" lon="5.182953347717574">
    <ele>35.97</ele>
   </trkpt>
   <trkpt lat="51.03364666804272" lon="5.182566681028803">
    <ele>34.31</ele>
   </trkpt>
   <trkpt lat="51.034510000000004" lon="5.182180000000001">
    <ele>33.34</ele>
   </trkpt>
   <trkpt lat="51.03508" lon="5.1818800000000005">
    <ele>32.35</ele>
   </trkpt>
   <trkpt lat="51.03577000000001" lon="5.18135">
    <ele>31.93</ele>
   </trkpt>
   <trkpt lat="51.035680000000006" lon="5.181">
    <ele>31.94</ele>
   </trkpt>
   <trkpt lat="51.03555" lon="5.1800500000000005">
    <ele>32.150000000000006</ele>
   </trkpt>
   <trkpt lat="51.035540020808966" lon="5.17877499918642">
    <ele>32.03</ele>
   </trkpt>
   <trkpt lat="51.03553002774534" lon="5.177499998922376">
    <ele>32.14</ele>
   </trkpt>
   <trkpt lat="51.035520020809145" lon="5.176224999208633">
    <ele>32.449999999999996</ele>
   </trkpt>
   <trkpt lat="51.03551" lon="5.174950000000001">
    <ele>32.79</ele>
   </trkpt>
   <trkpt lat="51.03546000000001" lon="5.17426">
    <ele>33.0</ele>
   </trkpt>
   <trkpt lat="51.03532000486773" lon="5.173189996634261">
    <ele>33.2</ele>
   </trkpt>
   <trkpt lat="51.035180000000004" lon="5.1721200000000005">
    <ele>33.32</ele>
   </trkpt>
   <trkpt lat="51.034940000000006" lon="5.17117">
    <ele>33.480000000000004</ele>
   </trkpt>
   <trkpt lat="51.034510000000004" lon="5.1699600000000006">
    <ele>33.54</ele>
   </trkpt>
   <trkpt lat="51.03439" lon="5.16955">
    <ele>33.79</ele>
   </trkpt>
   <trkpt lat="51.03435" lon="5.16933">
    <ele>33.980000000000004</ele>
   </trkpt>
   <trkpt lat="51.03436000000001" lon="5.16922">
    <ele>34.04</ele>
   </trkpt>
   <trkpt lat="51.034400000000005" lon="5.169040000000001">
    <ele>34.04</ele>
   </trkpt>
   <trkpt lat="51.03394" lon="5.1683200000000005">
    <ele>34.34</ele>
   </trkpt>
   <trkpt lat="51.033930000000005" lon="5.1683200000000005">
    <ele>34.34</ele>
   </trkpt>
   <trkpt lat="51.03330500392555" lon="5.167354986911377">
    <ele>35.04</ele>
   </trkpt>
   <trkpt lat="51.032680000000006" lon="5.166390000000001">
    <ele>36.50000000000001</ele>
   </trkpt>
   <trkpt lat="51.032590000000006" lon="5.166300000000001">
    <ele>36.50000000000001</ele>
   </trkpt>
   <trkpt lat="51.032500000000006" lon="5.166270000000001">
    <ele>36.81</ele>
   </trkpt>
   <trkpt lat="51.03253" lon="5.16614">
    <ele>36.9</ele>
   </trkpt>
   <trkpt lat="51.03289" lon="5.16532">
    <ele>37.46</ele>
   </trkpt>
   <trkpt lat="51.033060000000006" lon="5.16499">
    <ele>37.58</ele>
   </trkpt>
   <trkpt lat="51.033350000000006" lon="5.164650000000001">
    <ele>37.57000000000001</ele>
   </trkpt>
   <trkpt lat="51.033730000000006" lon="5.16431">
    <ele>37.43000000000001</ele>
   </trkpt>
   <trkpt lat="51.03408" lon="5.164000000000001">
    <ele>37.38</ele>
   </trkpt>
   <trkpt lat="51.034290000000006" lon="5.163900000000001">
    <ele>37.36000000000001</ele>
   </trkpt>
   <trkpt lat="51.03448" lon="5.16371">
    <ele>37.35</ele>
   </trkpt>
   <trkpt lat="51.0347" lon="5.16321">
    <ele>36.95</ele>
   </trkpt>
   <trkpt lat="51.03514500328868" lon="5.162330008481548">
    <ele>35.61</ele>
   </trkpt>
   <trkpt lat="51.035590000000006" lon="5.16145">
    <ele>34.54</ele>
   </trkpt>
   <trkpt lat="51.035970000000006" lon="5.16075">
    <ele>32.84</ele>
   </trkpt>
   <trkpt lat="51.03613000000001" lon="5.16052">
    <ele>32.410000000000004</ele>
   </trkpt>
   <trkpt lat="51.036210000000004" lon="5.16042">
    <ele>32.31</ele>
   </trkpt>
   <trkpt lat="51.0362" lon="5.16044">
    <ele>32.32</ele>
   </trkpt>
   <trkpt lat="51.03632" lon="5.1603200000000005">
    <ele>32.190000000000005</ele>
   </trkpt>
   <trkpt lat="51.036500000000004" lon="5.160170000000001">
    <ele>32.24</ele>
   </trkpt>
   <trkpt lat="51.036620000000006" lon="5.1601300000000005">
    <ele>32.220000000000006</ele>
   </trkpt>
   <trkpt lat="51.03663" lon="5.15976">
    <ele>31.64</ele>
   </trkpt>
   <trkpt lat="51.0367" lon="5.1588">
    <ele>31.090000000000003</ele>
   </trkpt>
   <trkpt lat="51.03672" lon="5.158130000000001">
    <ele>30.92</ele>
   </trkpt>
   <trkpt lat="51.036663342384465" lon="5.157099997440856">
    <ele>30.28</ele>
   </trkpt>
   <trkpt lat="51.036606675715596" lon="5.156069997400765">
    <ele>29.69</ele>
   </trkpt>
   <trkpt lat="51.036550000000005" lon="5.1550400000000005">
    <ele>29.210000000000004</ele>
   </trkpt>
   <trkpt lat="51.036570000000005" lon="5.154750000000001">
    <ele>29.210000000000004</ele>
   </trkpt>
   <trkpt lat="51.03663" lon="5.15442">
    <ele>29.210000000000004</ele>
   </trkpt>
   <trkpt lat="51.03672" lon="5.154120000000001">
    <ele>28.900000000000002</ele>
   </trkpt>
   <trkpt lat="51.036840000000005" lon="5.153860000000001">
    <ele>28.900000000000002</ele>
   </trkpt>
   <trkpt lat="51.03699" lon="5.1536100000000005">
    <ele>28.900000000000002</ele>
   </trkpt>
   <trkpt lat="51.037110000000006" lon="5.15347">
    <ele>28.73</ele>
   </trkpt>
   <trkpt lat="51.037760001552634" lon="5.152880008215592">
    <ele>28.26</ele>
   </trkpt>
   <trkpt lat="51.038410000000006" lon="5.152290000000001">
    <ele>27.67</ele>
   </trkpt>
   <trkpt lat="51.0386" lon="5.1520600000000005">
    <ele>27.470000000000002</ele>
   </trkpt>
   <trkpt lat="51.03875000000001" lon="5.151820000000001">
    <ele>27.48</ele>
   </trkpt>
   <trkpt lat="51.038900000000005" lon="5.15148">
    <ele>27.26</ele>
   </trkpt>
   <trkpt lat="51.039080000000006" lon="5.15089">
    <ele>27.000000000000004</ele>
   </trkpt>
   <trkpt lat="51.03947" lon="5.150510000000001">
    <ele>26.54</ele>
   </trkpt>
   <trkpt lat="51.039770000000004" lon="5.15029">
    <ele>26.28</ele>
   </trkpt>
   <trkpt lat="51.039970000000004" lon="5.150180000000001">
    <ele>26.26</ele>
   </trkpt>
   <trkpt lat="51.0405" lon="5.14984">
    <ele>25.68</ele>
   </trkpt>
   <trkpt lat="51.04063000000001" lon="5.14967">
    <ele>25.68</ele>
   </trkpt>
   <trkpt lat="51.04105000515953" lon="5.148893347392708">
    <ele>25.220000000000002</ele>
   </trkpt>
   <trkpt lat="51.04147000517176" lon="5.148116680703648">
    <ele>24.92</ele>
   </trkpt>
   <trkpt lat="51.04189" lon="5.147340000000001">
    <ele>24.93</ele>
   </trkpt>
   <trkpt lat="51.04238000669128" lon="5.146453352121276">
    <ele>24.48</ele>
   </trkpt>
   <trkpt lat="51.04287000667401" lon="5.145566685486133">
    <ele>24.130000000000003</ele>
   </trkpt>
   <trkpt lat="51.04336000000001" lon="5.14468">
    <ele>23.970000000000002</ele>
   </trkpt>
   <trkpt lat="51.0435" lon="5.14435">
    <ele>24.060000000000002</ele>
   </trkpt>
   <trkpt lat="51.04354000000001" lon="5.1440600000000005">
    <ele>24.020000000000003</ele>
   </trkpt>
   <trkpt lat="51.04359" lon="5.1439">
    <ele>23.85</ele>
   </trkpt>
   <trkpt lat="51.043690000000005" lon="5.14367">
    <ele>23.810000000000002</ele>
   </trkpt>
   <trkpt lat="51.044030001432695" lon="5.143100004105605">
    <ele>23.790000000000003</ele>
   </trkpt>
   <trkpt lat="51.04437" lon="5.142530000000001">
    <ele>24.01</ele>
   </trkpt>
   <trkpt lat="51.044360000000005" lon="5.14254">
    <ele>24.01</ele>
   </trkpt>
   <trkpt lat="51.04455" lon="5.142250000000001">
    <ele>24.110000000000003</ele>
   </trkpt>
   <trkpt lat="51.044740000000004" lon="5.142010000000001">
    <ele>24.19</ele>
   </trkpt>
   <trkpt lat="51.0454" lon="5.1413400000000005">
    <ele>24.57</ele>
   </trkpt>
   <trkpt lat="51.04571000000001" lon="5.141100000000001">
    <ele>24.94</ele>
   </trkpt>
   <trkpt lat="51.04645000136991" lon="5.140703345992799">
    <ele>24.51</ele>
   </trkpt>
   <trkpt lat="51.04719000139724" lon="5.140306679311732">
    <ele>24.330000000000002</ele>
   </trkpt>
   <trkpt lat="51.04793" lon="5.13991">
    <ele>23.87</ele>
   </trkpt>
   <trkpt lat="51.04837000030575" lon="5.139720001739424">
    <ele>24.12</ele>
   </trkpt>
   <trkpt lat="51.04881" lon="5.139530000000001">
    <ele>24.19</ele>
   </trkpt>
   <trkpt lat="51.04878" lon="5.13954">
    <ele>24.200000000000003</ele>
   </trkpt>
   <trkpt lat="51.04937000071528" lon="5.139256673870746">
    <ele>24.060000000000002</ele>
   </trkpt>
   <trkpt lat="51.04996000074557" lon="5.138973340522978">
    <ele>23.94</ele>
   </trkpt>
   <trkpt lat="51.05055" lon="5.13869">
    <ele>24.03</ele>
   </trkpt>
   <trkpt lat="51.0514" lon="5.1386">
    <ele>23.860000000000003</ele>
   </trkpt>
   <trkpt lat="51.05149" lon="5.13862">
    <ele>23.860000000000003</ele>
   </trkpt>
   <trkpt lat="51.05183" lon="5.1388300000000005">
    <ele>24.3</ele>
   </trkpt>
   <trkpt lat="51.05169" lon="5.13959">
    <ele>24.07</ele>
   </trkpt>
   <trkpt lat="51.051610000000004" lon="5.139830000000001">
    <ele>24.12</ele>
   </trkpt>
   <trkpt lat="51.05158" lon="5.140000000000001">
    <ele>24.290000000000003</ele>
   </trkpt>
   <trkpt lat="51.0516400025516" lon="5.140774998855514">
    <ele>24.09</ele>
   </trkpt>
   <trkpt lat="51.051700000000004" lon="5.1415500000000005">
    <ele>24.1</ele>
   </trkpt>
   <trkpt lat="51.05187" lon="5.141590000000001">
    <ele>23.96</ele>
   </trkpt>
   <trkpt lat="51.05205" lon="5.14168">
    <ele>23.96</ele>
   </trkpt>
   <trkpt lat="51.05221" lon="5.141850000000001">
    <ele>23.96</ele>
   </trkpt>
   <trkpt lat="51.0523" lon="5.141970000000001">
    <ele>23.75</ele>
   </trkpt>
   <trkpt lat="51.052800000000005" lon="5.143000000000001">
    <ele>23.85</ele>
   </trkpt>
   <trkpt lat="51.05292000000001" lon="5.143190000000001">
    <ele>23.87</ele>
   </trkpt>
   <trkpt lat="51.053580000000004" lon="5.14353">
    <ele>23.790000000000003</ele>
   </trkpt>
   <trkpt lat="51.053900000000006" lon="5.143750000000001">
    <ele>23.64</ele>
   </trkpt>
   <trkpt lat="51.05406000000001" lon="5.1439200000000005">
    <ele>23.520000000000003</ele>
   </trkpt>
   <trkpt lat="51.05406000000001" lon="5.14391">
    <ele>23.520000000000003</ele>
   </trkpt>
   <trkpt lat="51.054520000860684" lon="5.144389995104254">
    <ele>23.200000000000003</ele>
   </trkpt>
   <trkpt lat="51.05498000000001" lon="5.14487">
    <ele>23.69</ele>
   </trkpt>
   <trkpt lat="51.05505" lon="5.1451">
    <ele>23.73</ele>
   </trkpt>
   <trkpt lat="51.055650000088775" lon="5.144970003380977">
    <ele>23.35</ele>
   </trkpt>
   <trkpt lat="51.05625000003334" lon="5.144840003393041">
    <ele>23.360000000000003</ele>
   </trkpt>
   <trkpt lat="51.056850000000004" lon="5.144710000000001">
    <ele>23.57</ele>
   </trkpt>
   <trkpt lat="51.057525000162656" lon="5.144590005252031">
    <ele>23.919999999999998</ele>
   </trkpt>
   <trkpt lat="51.058200000202454" lon="5.144470007005395">
    <ele>24.05</ele>
   </trkpt>
   <trkpt lat="51.05887500011939" lon="5.144350005259909">
    <ele>24.07</ele>
   </trkpt>
   <trkpt lat="51.05955" lon="5.14423">
    <ele>24.17</ele>
   </trkpt>
   <trkpt lat="51.05995000000001" lon="5.144100000000001">
    <ele>24.330000000000002</ele>
   </trkpt>
   <trkpt lat="51.0606" lon="5.143770000000001">
    <ele>24.720000000000002</ele>
   </trkpt>
   <trkpt lat="51.06091000000001" lon="5.143630000000001">
    <ele>25.030000000000005</ele>
   </trkpt>
   <trkpt lat="51.060950000000005" lon="5.14367">
    <ele>25.030000000000005</ele>
   </trkpt>
   <trkpt lat="51.061040000000006" lon="5.14365">
    <ele>25.040000000000003</ele>
   </trkpt>
   <trkpt lat="51.06109000000001" lon="5.14358">
    <ele>25.01</ele>
   </trkpt>
   <trkpt lat="51.0611" lon="5.14348">
    <ele>25.01</ele>
   </trkpt>
   <trkpt lat="51.061060000000005" lon="5.14334">
    <ele>24.92</ele>
   </trkpt>
   <trkpt lat="51.06101" lon="5.1433">
    <ele>24.92</ele>
   </trkpt>
   <trkpt lat="51.06091000000001" lon="5.142790000000001">
    <ele>24.91</ele>
   </trkpt>
   <trkpt lat="51.06080000000001" lon="5.14189">
    <ele>24.91</ele>
   </trkpt>
   <trkpt lat="51.06080000000001" lon="5.14142">
    <ele>24.950000000000003</ele>
   </trkpt>
   <trkpt lat="51.06083" lon="5.1414100000000005">
    <ele>24.950000000000003</ele>
   </trkpt>
   <trkpt lat="51.060810000000004" lon="5.14116">
    <ele>24.93</ele>
   </trkpt>
   <trkpt lat="51.06069" lon="5.1405">
    <ele>24.85</ele>
   </trkpt>
   <trkpt lat="51.06055500540815" lon="5.139374996793941">
    <ele>24.540000000000003</ele>
   </trkpt>
   <trkpt lat="51.06042000000001" lon="5.13825">
    <ele>24.14</ele>
   </trkpt>
   <trkpt lat="51.06027" lon="5.1376100000000005">
    <ele>23.930000000000003</ele>
   </trkpt>
   <trkpt lat="51.06007" lon="5.13701">
    <ele>23.860000000000003</ele>
   </trkpt>
   <trkpt lat="51.05979000000001" lon="5.1364600000000005">
    <ele>23.75</ele>
   </trkpt>
   <trkpt lat="51.059430000000006" lon="5.13595">
    <ele>23.770000000000003</ele>
   </trkpt>
   <trkpt lat="51.0590350005114" lon="5.135529996160428">
    <ele>23.770000000000003</ele>
   </trkpt>
   <trkpt lat="51.058640000000004" lon="5.13511">
    <ele>23.55</ele>
   </trkpt>
   <trkpt lat="51.05832" lon="5.1347000000000005">
    <ele>23.55</ele>
   </trkpt>
   <trkpt lat="51.0581" lon="5.1343700000000005">
    <ele>23.62</ele>
   </trkpt>
   <trkpt lat="51.057950000000005" lon="5.1341">
    <ele>23.76</ele>
   </trkpt>
   <trkpt lat="51.057640000000006" lon="5.13346">
    <ele>24.12</ele>
   </trkpt>
   <trkpt lat="51.05738" lon="5.132770000000001">
    <ele>24.150000000000002</ele>
   </trkpt>
   <trkpt lat="51.057140000000004" lon="5.13187">
    <ele>23.87</ele>
   </trkpt>
   <trkpt lat="51.05686130472957" lon="5.1305161929538015">
    <ele>23.560000000000002</ele>
   </trkpt>
   <trkpt lat="51.05658259382132" lon="5.129162402204896">
    <ele>23.71</ele>
   </trkpt>
   <trkpt lat="51.056303867275616" lon="5.127808627753843">
    <ele>23.69</ele>
   </trkpt>
   <trkpt lat="51.05602512509277" lon="5.126454869601197">
    <ele>23.64</ele>
   </trkpt>
   <trkpt lat="51.055746367273166" lon="5.125101127747516">
    <ele>23.380000000000003</ele>
   </trkpt>
   <trkpt lat="51.05546759381712" lon="5.123747402193353">
    <ele>23.090000000000003</ele>
   </trkpt>
   <trkpt lat="51.05518880472498" lon="5.122393692939266">
    <ele>22.92</ele>
   </trkpt>
   <trkpt lat="51.05491000000001" lon="5.121040000000001">
    <ele>22.7</ele>
   </trkpt>
   <trkpt lat="51.05472" lon="5.12026">
    <ele>22.580000000000002</ele>
   </trkpt>
   <trkpt lat="51.05456" lon="5.11969">
    <ele>22.62</ele>
   </trkpt>
   <trkpt lat="51.05425" lon="5.11878">
    <ele>23.01</ele>
   </trkpt>
   <trkpt lat="51.05402" lon="5.11817">
    <ele>23.06</ele>
   </trkpt>
   <trkpt lat="51.054010000000005" lon="5.11815">
    <ele>23.06</ele>
   </trkpt>
   <trkpt lat="51.05359000000001" lon="5.11713">
    <ele>23.3</ele>
   </trkpt>
   <trkpt lat="51.053380000000004" lon="5.1164700000000005">
    <ele>23.650000000000002</ele>
   </trkpt>
   <trkpt lat="51.05341000000001" lon="5.116440000000001">
    <ele>23.650000000000002</ele>
   </trkpt>
   <trkpt lat="51.05348000000001" lon="5.116090000000001">
    <ele>22.87</ele>
   </trkpt>
   <trkpt lat="51.053540000000005" lon="5.11598">
    <ele>22.55</ele>
   </trkpt>
   <trkpt lat="51.054297512469596" lon="5.115333824003281">
    <ele>21.42</ele>
   </trkpt>
   <trkpt lat="51.055055021376376" lon="5.114687626865513">
    <ele>22.27</ele>
   </trkpt>
   <trkpt lat="51.05581252672015" lon="5.114041408585531">
    <ele>21.96</ele>
   </trkpt>
   <trkpt lat="51.056570028500694" lon="5.113395169162173">
    <ele>22.09</ele>
   </trkpt>
   <trkpt lat="51.0573275267178" lon="5.112748908594273">
    <ele>22.400000000000002</ele>
   </trkpt>
   <trkpt lat="51.05808502137124" lon="5.112102626880667">
    <ele>22.88</ele>
   </trkpt>
   <trkpt lat="51.05884251246082" lon="5.111456324020191">
    <ele>23.330000000000002</ele>
   </trkpt>
   <trkpt lat="51.0596" lon="5.110810000000001">
    <ele>23.55</ele>
   </trkpt>
   <trkpt lat="51.05995000000001" lon="5.11057">
    <ele>23.770000000000003</ele>
   </trkpt>
   <trkpt lat="51.06017000000001" lon="5.11045">
    <ele>24.0</ele>
   </trkpt>
   <trkpt lat="51.060700000000004" lon="5.11024">
    <ele>24.560000000000002</ele>
   </trkpt>
   <trkpt lat="51.060990000000004" lon="5.110180000000001">
    <ele>24.94</ele>
   </trkpt>
   <trkpt lat="51.061240000000005" lon="5.110150000000001">
    <ele>24.87</ele>
   </trkpt>
   <trkpt lat="51.06152" lon="5.11014">
    <ele>24.43</ele>
   </trkpt>
   <trkpt lat="51.061820000000004" lon="5.1101600000000005">
    <ele>23.770000000000003</ele>
   </trkpt>
   <trkpt lat="51.062180000000005" lon="5.1102300000000005">
    <ele>23.35</ele>
   </trkpt>
   <trkpt lat="51.062450000000005" lon="5.110320000000001">
    <ele>23.39</ele>
   </trkpt>
   <trkpt lat="51.062740000000005" lon="5.11045">
    <ele>23.78</ele>
   </trkpt>
   <trkpt lat="51.06304" lon="5.110620000000001">
    <ele>24.3</ele>
   </trkpt>
   <trkpt lat="51.06307" lon="5.1105100000000006">
    <ele>24.240000000000002</ele>
   </trkpt>
   <trkpt lat="51.06322" lon="5.11061">
    <ele>24.240000000000002</ele>
   </trkpt>
   <trkpt lat="51.06340000196701" lon="5.109935002537139">
    <ele>23.790000000000003</ele>
   </trkpt>
   <trkpt lat="51.06358" lon="5.109260000000001">
    <ele>23.87</ele>
   </trkpt>
   <trkpt lat="51.063790000000004" lon="5.10798">
    <ele>24.39</ele>
   </trkpt>
   <trkpt lat="51.06380000000001" lon="5.1078">
    <ele>24.39</ele>
   </trkpt>
   <trkpt lat="51.063770000000005" lon="5.10751">
    <ele>24.41</ele>
   </trkpt>
   <trkpt lat="51.06351" lon="5.10653">
    <ele>24.19</ele>
   </trkpt>
   <trkpt lat="51.063520000000004" lon="5.10655">
    <ele>24.19</ele>
   </trkpt>
   <trkpt lat="51.063305003799655" lon="5.105609995766509">
    <ele>24.080000000000002</ele>
   </trkpt>
   <trkpt lat="51.06309" lon="5.1046700000000005">
    <ele>24.41</ele>
   </trkpt>
   <trkpt lat="51.06309" lon="5.104520000000001">
    <ele>24.41</ele>
   </trkpt>
   <trkpt lat="51.06317000000001" lon="5.10426">
    <ele>24.41</ele>
   </trkpt>
   <trkpt lat="51.06349" lon="5.103820000000001">
    <ele>24.450000000000003</ele>
   </trkpt>
   <trkpt lat="51.063865001785125" lon="5.103185005033965">
    <ele>24.77</ele>
   </trkpt>
   <trkpt lat="51.064240000000005" lon="5.102550000000001">
    <ele>25.060000000000002</ele>
   </trkpt>
   <trkpt lat="51.064310000000006" lon="5.102480000000001">
    <ele>25.060000000000002</ele>
   </trkpt>
   <trkpt lat="51.06445" lon="5.1024400000000005">
    <ele>25.060000000000002</ele>
   </trkpt>
   <trkpt lat="51.064960000293446" lon="5.10270999701597">
    <ele>25.1</ele>
   </trkpt>
   <trkpt lat="51.065470000000005" lon="5.1029800000000005">
    <ele>25.01</ele>
   </trkpt>
   <trkpt lat="51.06546" lon="5.1029800000000005">
    <ele>25.01</ele>
   </trkpt>
   <trkpt lat="51.06577000000001" lon="5.10315">
    <ele>25.18</ele>
   </trkpt>
   <trkpt lat="51.06597000000001" lon="5.10334">
    <ele>25.66</ele>
   </trkpt>
   <trkpt lat="51.066050000000004" lon="5.103350000000001">
    <ele>25.66</ele>
   </trkpt>
   <trkpt lat="51.066030000000005" lon="5.10308">
    <ele>25.7</ele>
   </trkpt>
   <trkpt lat="51.066050000000004" lon="5.10275">
    <ele>25.43</ele>
   </trkpt>
   <trkpt lat="51.06606000000001" lon="5.10263">
    <ele>25.43</ele>
   </trkpt>
   <trkpt lat="51.06611" lon="5.10263">
    <ele>25.41</ele>
   </trkpt>
   <trkpt lat="51.06618" lon="5.102650000000001">
    <ele>25.32</ele>
   </trkpt>
   <trkpt lat="51.06662000000001" lon="5.10306">
    <ele>24.540000000000003</ele>
   </trkpt>
   <trkpt lat="51.066880000000005" lon="5.10325">
    <ele>24.44</ele>
   </trkpt>
   <trkpt lat="51.067330000000005" lon="5.103490000000001">
    <ele>24.55</ele>
   </trkpt>
   <trkpt lat="51.06805000000001" lon="5.10388">
    <ele>24.6</ele>
   </trkpt>
   <trkpt lat="51.068400000000004" lon="5.1028">
    <ele>23.650000000000002</ele>
   </trkpt>
   <trkpt lat="51.068540000000006" lon="5.10247">
    <ele>23.720000000000002</ele>
   </trkpt>
   <trkpt lat="51.068670000000004" lon="5.102200000000001">
    <ele>23.700000000000003</ele>
   </trkpt>
  </trkseg>
 </trk>
</gpx>
