<?xml version="1.0" encoding="UTF-8"?>
<gpx creator="StravaGPX" version="1.1" xmlns="http://www.topografix.com/GPX/1/1" xmlns:xsi="http://www.w3.org/2001/XMLSchema-instance" xsi:schemaLocation="http://www.topografix.com/GPX/1/1 http://www.topografix.com/GPX/1/1/gpx.xsd">
 <metadata>
  <name>Twan Munsterbilzen</name>
  <author>
   <name>Joeri Scapicchio</name>
   <link href="https://www.strava.com/athletes/2447439"/>
  </author>
  <copyright author="OpenStreetMap contributors">
   <year>2020</year>
   <license>https://www.openstreetmap.org/copyright</license>
  </copyright>
  <link href="https://www.strava.com/routes/2889087972998109434"/>
 </metadata>
 <trk>
  <name>Twan Munsterbilzen</name>
  <link href="https://www.strava.com/routes/2889087972998109434"/>
  <type>cycling</type>
  <trkseg>
   <trkpt lat="51.06967" lon="5.08948">
    <ele>23.01</ele>
   </trkpt>
   <trkpt lat="51.069720000000004" lon="5.089110000000001">
    <ele>23.06</ele>
   </trkpt>
   <trkpt lat="51.06982000000001" lon="5.08847">
    <ele>23.06</ele>
   </trkpt>
   <trkpt lat="51.06998" lon="5.08732">
    <ele>22.740000000000002</ele>
   </trkpt>
   <trkpt lat="51.070130000000006" lon="5.086830000000001">
    <ele>22.7</ele>
   </trkpt>
   <trkpt lat="51.0703" lon="5.08645">
    <ele>22.73</ele>
   </trkpt>
   <trkpt lat="51.07047000000001" lon="5.08617">
    <ele>22.63</ele>
   </trkpt>
   <trkpt lat="51.07043" lon="5.0861">
    <ele>22.55</ele>
   </trkpt>
   <trkpt lat="51.0703" lon="5.08612">
    <ele>22.62</ele>
   </trkpt>
   <trkpt lat="51.070150000000005" lon="5.08605">
    <ele>22.72</ele>
   </trkpt>
   <trkpt lat="51.070060000000005" lon="5.086080000000001">
    <ele>22.85</ele>
   </trkpt>
   <trkpt lat="51.06998" lon="5.08605">
    <ele>22.85</ele>
   </trkpt>
   <trkpt lat="51.069880000000005" lon="5.086040000000001">
    <ele>22.930000000000003</ele>
   </trkpt>
   <trkpt lat="51.069389999918066" lon="5.086080000430734">
    <ele>23.290000000000003</ele>
   </trkpt>
   <trkpt lat="51.068900000000006" lon="5.08612">
    <ele>23.89</ele>
   </trkpt>
   <trkpt lat="51.06895" lon="5.08612">
    <ele>23.840000000000003</ele>
   </trkpt>
   <trkpt lat="51.068720000000006" lon="5.086130000000001">
    <ele>24.12</ele>
   </trkpt>
   <trkpt lat="51.06841000000001" lon="5.08609">
    <ele>24.87</ele>
   </trkpt>
   <trkpt lat="51.06784000014169" lon="5.085979998662732">
    <ele>25.730000000000004</ele>
   </trkpt>
   <trkpt lat="51.06727000000001" lon="5.085870000000001">
    <ele>26.750000000000004</ele>
   </trkpt>
   <trkpt lat="51.06712" lon="5.08593">
    <ele>26.6</ele>
   </trkpt>
   <trkpt lat="51.06696" lon="5.08605">
    <ele>26.580000000000002</ele>
   </trkpt>
   <trkpt lat="51.066500000000005" lon="5.08624">
    <ele>26.950000000000003</ele>
   </trkpt>
   <trkpt lat="51.06627" lon="5.086270000000001">
    <ele>27.13</ele>
   </trkpt>
   <trkpt lat="51.066030000000005" lon="5.08636">
    <ele>27.46</ele>
   </trkpt>
   <trkpt lat="51.06533" lon="5.0869">
    <ele>26.81</ele>
   </trkpt>
   <trkpt lat="51.065090000000005" lon="5.08701">
    <ele>26.840000000000003</ele>
   </trkpt>
   <trkpt lat="51.064980000000006" lon="5.08701">
    <ele>26.92</ele>
   </trkpt>
   <trkpt lat="51.06465000000001" lon="5.08713">
    <ele>27.090000000000003</ele>
   </trkpt>
   <trkpt lat="51.06456000000001" lon="5.08718">
    <ele>27.51</ele>
   </trkpt>
   <trkpt lat="51.06454" lon="5.0872">
    <ele>27.51</ele>
   </trkpt>
   <trkpt lat="51.06458000000001" lon="5.08731">
    <ele>27.51</ele>
   </trkpt>
   <trkpt lat="51.06468" lon="5.088220000000001">
    <ele>27.14</ele>
   </trkpt>
   <trkpt lat="51.064640000000004" lon="5.088240000000001">
    <ele>27.14</ele>
   </trkpt>
   <trkpt lat="51.06459" lon="5.08832">
    <ele>27.4</ele>
   </trkpt>
   <trkpt lat="51.06459" lon="5.0884">
    <ele>27.4</ele>
   </trkpt>
   <trkpt lat="51.064280000000004" lon="5.088500000000001">
    <ele>27.67</ele>
   </trkpt>
   <trkpt lat="51.0637650000352" lon="5.08863000145558">
    <ele>28.35</ele>
   </trkpt>
   <trkpt lat="51.063250000000004" lon="5.088760000000001">
    <ele>29.740000000000002</ele>
   </trkpt>
   <trkpt lat="51.06269" lon="5.08886">
    <ele>30.980000000000004</ele>
   </trkpt>
   <trkpt lat="51.06215" lon="5.08891">
    <ele>32.93</ele>
   </trkpt>
   <trkpt lat="51.06147333330364" lon="5.088953334603">
    <ele>35.07</ele>
   </trkpt>
   <trkpt lat="51.06079666659124" lon="5.088996667939238">
    <ele>37.22</ele>
   </trkpt>
   <trkpt lat="51.060120000000005" lon="5.089040000000001">
    <ele>38.17</ele>
   </trkpt>
   <trkpt lat="51.059830000000005" lon="5.0890200000000005">
    <ele>38.330000000000005</ele>
   </trkpt>
   <trkpt lat="51.05906" lon="5.089040000000001">
    <ele>38.35</ele>
   </trkpt>
   <trkpt lat="51.05883000000001" lon="5.089090000000001">
    <ele>38.17</ele>
   </trkpt>
   <trkpt lat="51.05807" lon="5.08907">
    <ele>37.78</ele>
   </trkpt>
   <trkpt lat="51.057460000000006" lon="5.088970000000001">
    <ele>37.49</ele>
   </trkpt>
   <trkpt lat="51.05702" lon="5.0889500000000005">
    <ele>37.49</ele>
   </trkpt>
   <trkpt lat="51.05673" lon="5.088900000000001">
    <ele>37.49</ele>
   </trkpt>
   <trkpt lat="51.056360000000005" lon="5.0888100000000005">
    <ele>37.410000000000004</ele>
   </trkpt>
   <trkpt lat="51.055870000093215" lon="5.088659998411839">
    <ele>37.34</ele>
   </trkpt>
   <trkpt lat="51.05538000000001" lon="5.08851">
    <ele>36.94</ele>
   </trkpt>
   <trkpt lat="51.05509000000001" lon="5.08846">
    <ele>36.54</ele>
   </trkpt>
   <trkpt lat="51.05430500068376" lon="5.088232488436561">
    <ele>35.11</ele>
   </trkpt>
   <trkpt lat="51.05352000092588" lon="5.088004984586516">
    <ele>32.879999999999995</ele>
   </trkpt>
   <trkpt lat="51.05273500072637" lon="5.087777488449391">
    <ele>31.290000000000006</ele>
   </trkpt>
   <trkpt lat="51.051950000000005" lon="5.08755">
    <ele>30.240000000000002</ele>
   </trkpt>
   <trkpt lat="51.05191000000001" lon="5.0875200000000005">
    <ele>30.240000000000002</ele>
   </trkpt>
   <trkpt lat="51.051840000000006" lon="5.08751">
    <ele>29.93</ele>
   </trkpt>
   <trkpt lat="51.051730000000006" lon="5.08757">
    <ele>30.060000000000002</ele>
   </trkpt>
   <trkpt lat="51.05167" lon="5.087540000000001">
    <ele>29.910000000000004</ele>
   </trkpt>
   <trkpt lat="51.05163" lon="5.08755">
    <ele>29.910000000000004</ele>
   </trkpt>
   <trkpt lat="51.051520000000004" lon="5.08748">
    <ele>29.5</ele>
   </trkpt>
   <trkpt lat="51.05144000000001" lon="5.087490000000001">
    <ele>29.5</ele>
   </trkpt>
   <trkpt lat="51.05118" lon="5.087420000000001">
    <ele>29.130000000000003</ele>
   </trkpt>
   <trkpt lat="51.050740000000005" lon="5.08736">
    <ele>28.71</ele>
   </trkpt>
   <trkpt lat="51.050700000000006" lon="5.0877300000000005">
    <ele>28.610000000000003</ele>
   </trkpt>
   <trkpt lat="51.04999250788736" lon="5.0885150359746305">
    <ele>27.840000000000003</ele>
   </trkpt>
   <trkpt lat="51.049285010516286" lon="5.089300047965391">
    <ele>26.930000000000003</ele>
   </trkpt>
   <trkpt lat="51.048577507887096" lon="5.090085035973443">
    <ele>26.490000000000002</ele>
   </trkpt>
   <trkpt lat="51.04787" lon="5.090870000000001">
    <ele>26.45</ele>
   </trkpt>
   <trkpt lat="51.04762" lon="5.091150000000001">
    <ele>26.46</ele>
   </trkpt>
   <trkpt lat="51.04737" lon="5.09137">
    <ele>26.410000000000004</ele>
   </trkpt>
   <trkpt lat="51.04679500104408" lon="5.091870006226462">
    <ele>26.150000000000002</ele>
   </trkpt>
   <trkpt lat="51.046220000000005" lon="5.092370000000001">
    <ele>25.78</ele>
   </trkpt>
   <trkpt lat="51.04571000000001" lon="5.09274">
    <ele>25.43</ele>
   </trkpt>
   <trkpt lat="51.04515500032869" lon="5.093085004244873">
    <ele>25.210000000000004</ele>
   </trkpt>
   <trkpt lat="51.0446" lon="5.093430000000001">
    <ele>24.900000000000002</ele>
   </trkpt>
   <trkpt lat="51.04383666754638" lon="5.093763344348441">
    <ele>23.970000000000002</ele>
   </trkpt>
   <trkpt lat="51.0430733341446" lon="5.094096677711438">
    <ele>24.43</ele>
   </trkpt>
   <trkpt lat="51.04231000000001" lon="5.09443">
    <ele>25.150000000000002</ele>
   </trkpt>
   <trkpt lat="51.04211" lon="5.09447">
    <ele>25.150000000000002</ele>
   </trkpt>
   <trkpt lat="51.041650000000004" lon="5.0944400000000005">
    <ele>25.400000000000002</ele>
   </trkpt>
   <trkpt lat="51.04144" lon="5.09449">
    <ele>25.400000000000002</ele>
   </trkpt>
   <trkpt lat="51.04122" lon="5.09464">
    <ele>25.640000000000004</ele>
   </trkpt>
   <trkpt lat="51.04059333665023" lon="5.095260016736112">
    <ele>26.230000000000004</ele>
   </trkpt>
   <trkpt lat="51.039966670020135" lon="5.095880016699626">
    <ele>27.500000000000004</ele>
   </trkpt>
   <trkpt lat="51.03934" lon="5.096500000000001">
    <ele>29.53</ele>
   </trkpt>
   <trkpt lat="51.03923" lon="5.096590000000001">
    <ele>29.960000000000004</ele>
   </trkpt>
   <trkpt lat="51.03876000007784" lon="5.096810002291894">
    <ele>30.810000000000002</ele>
   </trkpt>
   <trkpt lat="51.03829" lon="5.09703">
    <ele>33.39</ele>
   </trkpt>
   <trkpt lat="51.038000000000004" lon="5.09726">
    <ele>33.440000000000005</ele>
   </trkpt>
   <trkpt lat="51.03786" lon="5.09745">
    <ele>34.34</ele>
   </trkpt>
   <trkpt lat="51.0377" lon="5.097580000000001">
    <ele>34.72</ele>
   </trkpt>
   <trkpt lat="51.03748" lon="5.097650000000001">
    <ele>35.64000000000001</ele>
   </trkpt>
   <trkpt lat="51.03728" lon="5.097650000000001">
    <ele>35.64000000000001</ele>
   </trkpt>
   <trkpt lat="51.0367799999981" lon="5.097614999621828">
    <ele>37.24</ele>
   </trkpt>
   <trkpt lat="51.036280000000005" lon="5.097580000000001">
    <ele>38.89</ele>
   </trkpt>
   <trkpt lat="51.036150000000006" lon="5.097580000000001">
    <ele>39.089999999999996</ele>
   </trkpt>
   <trkpt lat="51.03604000000001" lon="5.097600000000001">
    <ele>39.27</ele>
   </trkpt>
   <trkpt lat="51.03595000000001" lon="5.09764">
    <ele>39.370000000000005</ele>
   </trkpt>
   <trkpt lat="51.03513" lon="5.09815">
    <ele>39.03</ele>
   </trkpt>
   <trkpt lat="51.0344366682241" lon="5.098576679431633">
    <ele>35.24</ele>
   </trkpt>
   <trkpt lat="51.03374333489464" lon="5.0990033460956825">
    <ele>31.880000000000006</ele>
   </trkpt>
   <trkpt lat="51.03305" lon="5.099430000000001">
    <ele>29.490000000000002</ele>
   </trkpt>
   <trkpt lat="51.033" lon="5.0993900000000005">
    <ele>29.490000000000002</ele>
   </trkpt>
   <trkpt lat="51.032900000000005" lon="5.099410000000001">
    <ele>27.73</ele>
   </trkpt>
   <trkpt lat="51.032560000000004" lon="5.099620000000001">
    <ele>27.05</ele>
   </trkpt>
   <trkpt lat="51.032340000000005" lon="5.09978">
    <ele>26.320000000000004</ele>
   </trkpt>
   <trkpt lat="51.03204" lon="5.10012">
    <ele>25.040000000000003</ele>
   </trkpt>
   <trkpt lat="51.031680001001476" lon="5.10058000344725">
    <ele>24.09</ele>
   </trkpt>
   <trkpt lat="51.03132" lon="5.10104">
    <ele>23.6</ele>
   </trkpt>
   <trkpt lat="51.03061602954141" lon="5.101917119887173">
    <ele>22.750000000000004</ele>
   </trkpt>
   <trkpt lat="51.029912052517496" lon="5.102794213128989">
    <ele>22.72</ele>
   </trkpt>
   <trkpt lat="51.0292080689286" lon="5.103671279726679">
    <ele>22.8</ele>
   </trkpt>
   <trkpt lat="51.028504078775065" lon="5.104548319681475">
    <ele>22.770000000000003</ele>
   </trkpt>
   <trkpt lat="51.0278000820573" lon="5.1054253329946055">
    <ele>22.660000000000004</ele>
   </trkpt>
   <trkpt lat="51.027096078775635" lon="5.106302319667301">
    <ele>22.770000000000003</ele>
   </trkpt>
   <trkpt lat="51.026392068930456" lon="5.1071792797007936">
    <ele>22.44</ele>
   </trkpt>
   <trkpt lat="51.025688052522106" lon="5.10805621309631">
    <ele>22.7</ele>
   </trkpt>
   <trkpt lat="51.024984029550964" lon="5.108933119855084">
    <ele>22.820000000000004</ele>
   </trkpt>
   <trkpt lat="51.024280000000005" lon="5.10981">
    <ele>22.98</ele>
   </trkpt>
   <trkpt lat="51.023800001510004" lon="5.110425006501078">
    <ele>22.79</ele>
   </trkpt>
   <trkpt lat="51.023320000000005" lon="5.11104">
    <ele>22.910000000000004</ele>
   </trkpt>
   <trkpt lat="51.02317000000001" lon="5.11129">
    <ele>22.9</ele>
   </trkpt>
   <trkpt lat="51.02248201261932" lon="5.112150051056915">
    <ele>23.69</ele>
   </trkpt>
   <trkpt lat="51.02179401892593" lon="5.113010076587587">
    <ele>25.130000000000003</ele>
   </trkpt>
   <trkpt lat="51.02110601892021" lon="5.1138700765931695">
    <ele>27.48</ele>
   </trkpt>
   <trkpt lat="51.020418012602484" lon="5.114730051074811">
    <ele>30.930000000000003</ele>
   </trkpt>
   <trkpt lat="51.01973" lon="5.11559">
    <ele>34.39</ele>
   </trkpt>
   <trkpt lat="51.019760000000005" lon="5.1156500000000005">
    <ele>34.39</ele>
   </trkpt>
   <trkpt lat="51.01923000000001" lon="5.11629">
    <ele>35.370000000000005</ele>
   </trkpt>
   <trkpt lat="51.01852502339965" lon="5.1171750941896335">
    <ele>37.98</ele>
   </trkpt>
   <trkpt lat="51.01782004011341" lon="5.118060161464852">
    <ele>37.09</ele>
   </trkpt>
   <trkpt lat="51.01711505014169" lon="5.1189452018268975">
    <ele>34.14</ele>
   </trkpt>
   <trkpt lat="51.01641005348482" lon="5.11983021527701">
    <ele>32.29</ele>
   </trkpt>
   <trkpt lat="51.015705050143225" lon="5.120715201816429">
    <ele>32.040000000000006</ele>
   </trkpt>
   <trkpt lat="51.01500004011723" lon="5.121600161446395">
    <ele>31.830000000000002</ele>
   </trkpt>
   <trkpt lat="51.01429502340723" lon="5.122485094168148">
    <ele>31.650000000000002</ele>
   </trkpt>
   <trkpt lat="51.01359" lon="5.12337">
    <ele>31.95</ele>
   </trkpt>
   <trkpt lat="51.01343000000001" lon="5.1235100000000005">
    <ele>31.98</ele>
   </trkpt>
   <trkpt lat="51.013180000000006" lon="5.123900000000001">
    <ele>32.230000000000004</ele>
   </trkpt>
   <trkpt lat="51.01306" lon="5.124040000000001">
    <ele>32.29</ele>
   </trkpt>
   <trkpt lat="51.01297" lon="5.1241200000000005">
    <ele>32.32</ele>
   </trkpt>
   <trkpt lat="51.012890000000006" lon="5.124090000000001">
    <ele>32.42</ele>
   </trkpt>
   <trkpt lat="51.012800000000006" lon="5.1241200000000005">
    <ele>32.42</ele>
   </trkpt>
   <trkpt lat="51.012750000000004" lon="5.1241900000000005">
    <ele>32.64</ele>
   </trkpt>
   <trkpt lat="51.01272" lon="5.12429">
    <ele>32.64</ele>
   </trkpt>
   <trkpt lat="51.012710000000006" lon="5.124420000000001">
    <ele>32.940000000000005</ele>
   </trkpt>
   <trkpt lat="51.012640000000005" lon="5.124560000000001">
    <ele>33.050000000000004</ele>
   </trkpt>
   <trkpt lat="51.01245" lon="5.124790000000001">
    <ele>33.410000000000004</ele>
   </trkpt>
   <trkpt lat="51.012350000000005" lon="5.1249400000000005">
    <ele>33.61</ele>
   </trkpt>
   <trkpt lat="51.011725002549404" lon="5.125710010353149">
    <ele>35.09</ele>
   </trkpt>
   <trkpt lat="51.011100000000006" lon="5.126480000000001">
    <ele>38.290000000000006</ele>
   </trkpt>
   <trkpt lat="51.01041071141021" lon="5.127345513381597">
    <ele>40.81</ele>
   </trkpt>
   <trkpt lat="51.0097214164267" lon="5.12821100103733">
    <ele>44.43000000000001</ele>
   </trkpt>
   <trkpt lat="51.00903211504984" lon="5.129076462968357">
    <ele>44.370000000000005</ele>
   </trkpt>
   <trkpt lat="51.00834280727995" lon="5.129941899175842">
    <ele>40.07</ele>
   </trkpt>
   <trkpt lat="51.0076534931174" lon="5.13080730966094">
    <ele>36.50000000000001</ele>
   </trkpt>
   <trkpt lat="51.00696417256254" lon="5.13167269442481">
    <ele>34.010000000000005</ele>
   </trkpt>
   <trkpt lat="51.00627484561571" lon="5.132538053468612">
    <ele>31.6</ele>
   </trkpt>
   <trkpt lat="51.005585512277236" lon="5.133403386793503">
    <ele>30.060000000000002</ele>
   </trkpt>
   <trkpt lat="51.00489617254749" lon="5.134268694400644">
    <ele>29.060000000000002</ele>
   </trkpt>
   <trkpt lat="51.00420682642683" lon="5.135133976291192">
    <ele>28.51</ele>
   </trkpt>
   <trkpt lat="51.00351747391558" lon="5.135999232466306">
    <ele>28.66</ele>
   </trkpt>
   <trkpt lat="51.002828115014076" lon="5.136864462927142">
    <ele>28.78</ele>
   </trkpt>
   <trkpt lat="51.0021387497227" lon="5.137729667674863">
    <ele>29.200000000000003</ele>
   </trkpt>
   <trkpt lat="51.00144937804178" lon="5.138594846710623">
    <ele>29.41</ele>
   </trkpt>
   <trkpt lat="51.00076000000001" lon="5.139460000000001">
    <ele>29.78</ele>
   </trkpt>
   <trkpt lat="51.00019" lon="5.14013">
    <ele>30.220000000000002</ele>
   </trkpt>
   <trkpt lat="50.99982000089056" lon="5.1406000038144075">
    <ele>30.37</ele>
   </trkpt>
   <trkpt lat="50.99945" lon="5.14107">
    <ele>30.130000000000003</ele>
   </trkpt>
   <trkpt lat="50.99916" lon="5.14137">
    <ele>29.6</ele>
   </trkpt>
   <trkpt lat="50.998870000000004" lon="5.1416200000000005">
    <ele>28.040000000000003</ele>
   </trkpt>
   <trkpt lat="50.998650000000005" lon="5.141870000000001">
    <ele>28.040000000000003</ele>
   </trkpt>
   <trkpt lat="50.998450000000005" lon="5.14224">
    <ele>26.080000000000002</ele>
   </trkpt>
   <trkpt lat="50.99813" lon="5.14275">
    <ele>25.120000000000005</ele>
   </trkpt>
   <trkpt lat="50.997590005531016" lon="5.143553351997972">
    <ele>24.34</ele>
   </trkpt>
   <trkpt lat="50.99705000555317" lon="5.14435668529803">
    <ele>24.040000000000003</ele>
   </trkpt>
   <trkpt lat="50.99651" lon="5.145160000000001">
    <ele>23.930000000000003</ele>
   </trkpt>
   <trkpt lat="50.99638" lon="5.14543">
    <ele>23.98</ele>
   </trkpt>
   <trkpt lat="50.99626000000001" lon="5.1458">
    <ele>24.040000000000003</ele>
   </trkpt>
   <trkpt lat="50.995922521133984" lon="5.147085028071738">
    <ele>23.98</ele>
   </trkpt>
   <trkpt lat="50.995585028172364" lon="5.148370037452154">
    <ele>23.96</ele>
   </trkpt>
   <trkpt lat="50.9952475211155" lon="5.149655028140962">
    <ele>24.05</ele>
   </trkpt>
   <trkpt lat="50.994910000000004" lon="5.15094">
    <ele>24.23</ele>
   </trkpt>
   <trkpt lat="50.99484" lon="5.1513800000000005">
    <ele>24.19</ele>
   </trkpt>
   <trkpt lat="50.99469500545047" lon="5.152510003527146">
    <ele>24.830000000000002</ele>
   </trkpt>
   <trkpt lat="50.994550000000004" lon="5.15364">
    <ele>24.91</ele>
   </trkpt>
   <trkpt lat="50.994460000000004" lon="5.154070000000001">
    <ele>25.330000000000002</ele>
   </trkpt>
   <trkpt lat="50.99441" lon="5.15425">
    <ele>25.330000000000002</ele>
   </trkpt>
   <trkpt lat="50.994510000000005" lon="5.15434">
    <ele>25.200000000000003</ele>
   </trkpt>
   <trkpt lat="50.9951" lon="5.154710000000001">
    <ele>24.32</ele>
   </trkpt>
   <trkpt lat="50.99532000000001" lon="5.155">
    <ele>24.270000000000003</ele>
   </trkpt>
   <trkpt lat="50.99539000000001" lon="5.15523">
    <ele>24.270000000000003</ele>
   </trkpt>
   <trkpt lat="50.99567001485502" lon="5.156307480453676">
    <ele>24.14</ele>
   </trkpt>
   <trkpt lat="50.995950019799665" lon="5.1573849739107365">
    <ele>24.3</ele>
   </trkpt>
   <trkpt lat="50.99623001483371" lon="5.15846248037101">
    <ele>24.64</ele>
   </trkpt>
   <trkpt lat="50.99651" lon="5.159540000000001">
    <ele>25.240000000000002</ele>
   </trkpt>
   <trkpt lat="50.99683667922431" lon="5.1607533162162715">
    <ele>25.7</ele>
   </trkpt>
   <trkpt lat="50.99716334588205" lon="5.161966649516141">
    <ele>26.330000000000002</ele>
   </trkpt>
   <trkpt lat="50.997490000000006" lon="5.1631800000000005">
    <ele>26.840000000000003</ele>
   </trkpt>
   <trkpt lat="50.99748" lon="5.16317">
    <ele>26.840000000000003</ele>
   </trkpt>
   <trkpt lat="50.997830028058004" lon="5.164451961318576">
    <ele>27.23</ele>
   </trkpt>
   <trkpt lat="50.998180042087384" lon="5.16573394197806">
    <ele>27.39</ele>
   </trkpt>
   <trkpt lat="50.99853004208774" lon="5.167015941978212">
    <ele>27.250000000000004</ele>
   </trkpt>
   <trkpt lat="50.9988800280587" lon="5.168297961318789">
    <ele>27.01</ele>
   </trkpt>
   <trkpt lat="50.999230000000004" lon="5.169580000000001">
    <ele>26.570000000000004</ele>
   </trkpt>
   <trkpt lat="50.99949000681289" lon="5.170473323324164">
    <ele>26.36</ele>
   </trkpt>
   <trkpt lat="50.99975000681374" lon="5.171366656660317">
    <ele>26.140000000000004</ele>
   </trkpt>
   <trkpt lat="51.00001" lon="5.1722600000000005">
    <ele>26.070000000000004</ele>
   </trkpt>
   <trkpt lat="51.00018000000001" lon="5.172980000000001">
    <ele>25.970000000000002</ele>
   </trkpt>
   <trkpt lat="51.000480014500184" lon="5.174283316480551">
    <ele>25.95</ele>
   </trkpt>
   <trkpt lat="51.0007800145008" lon="5.175586649816151">
    <ele>25.87</ele>
   </trkpt>
   <trkpt lat="51.00108" lon="5.17689">
    <ele>25.810000000000002</ele>
   </trkpt>
   <trkpt lat="51.00135" lon="5.17818">
    <ele>25.77</ele>
   </trkpt>
   <trkpt lat="51.001460011552815" lon="5.179343327826147">
    <ele>25.650000000000002</ele>
   </trkpt>
   <trkpt lat="51.00157001155373" lon="5.180506661168996">
    <ele>25.490000000000002</ele>
   </trkpt>
   <trkpt lat="51.00168000000001" lon="5.18167">
    <ele>25.42</ele>
   </trkpt>
   <trkpt lat="51.00173" lon="5.18198">
    <ele>25.39</ele>
   </trkpt>
   <trkpt lat="51.00179000000001" lon="5.18222">
    <ele>25.39</ele>
   </trkpt>
   <trkpt lat="51.001870000000004" lon="5.182440000000001">
    <ele>25.400000000000002</ele>
   </trkpt>
   <trkpt lat="51.00217000000001" lon="5.183140000000001">
    <ele>25.96</ele>
   </trkpt>
   <trkpt lat="51.002120000000005" lon="5.183210000000001">
    <ele>25.96</ele>
   </trkpt>
   <trkpt lat="51.001650000000005" lon="5.18353">
    <ele>25.79</ele>
   </trkpt>
   <trkpt lat="51.001450000000006" lon="5.183590000000001">
    <ele>25.79</ele>
   </trkpt>
   <trkpt lat="51.00108" lon="5.183660000000001">
    <ele>26.430000000000003</ele>
   </trkpt>
   <trkpt lat="51.000930000000004" lon="5.1837100000000005">
    <ele>26.64</ele>
   </trkpt>
   <trkpt lat="51.00076000000001" lon="5.183800000000001">
    <ele>27.32</ele>
   </trkpt>
   <trkpt lat="51.000365000467504" lon="5.184165003200879">
    <ele>27.720000000000002</ele>
   </trkpt>
   <trkpt lat="50.999970000000005" lon="5.1845300000000005">
    <ele>28.28</ele>
   </trkpt>
   <trkpt lat="50.99983" lon="5.18465">
    <ele>28.59</ele>
   </trkpt>
   <trkpt lat="50.99924000000001" lon="5.185350000000001">
    <ele>29.240000000000002</ele>
   </trkpt>
   <trkpt lat="50.99862750357818" lon="5.185877520876606">
    <ele>30.640000000000004</ele>
   </trkpt>
   <trkpt lat="50.998015004781" lon="5.186405027826287">
    <ele>32.56</ele>
   </trkpt>
   <trkpt lat="50.99740250360862" lon="5.1869325208496635">
    <ele>35.36</ele>
   </trkpt>
   <trkpt lat="50.996790000000004" lon="5.187460000000001">
    <ele>37.86000000000001</ele>
   </trkpt>
   <trkpt lat="50.996790000000004" lon="5.18747">
    <ele>37.89</ele>
   </trkpt>
   <trkpt lat="50.996590000000005" lon="5.187620000000001">
    <ele>38.41</ele>
   </trkpt>
   <trkpt lat="50.99633000000001" lon="5.187760000000001">
    <ele>39.900000000000006</ele>
   </trkpt>
   <trkpt lat="50.99604" lon="5.18782">
    <ele>43.99</ele>
   </trkpt>
   <trkpt lat="50.995900000000006" lon="5.18782">
    <ele>43.99</ele>
   </trkpt>
   <trkpt lat="50.99539500018822" lon="5.187719998940572">
    <ele>46.34</ele>
   </trkpt>
   <trkpt lat="50.994890000000005" lon="5.187620000000001">
    <ele>50.06000000000001</ele>
   </trkpt>
   <trkpt lat="50.994510000000005" lon="5.187600000000001">
    <ele>52.800000000000004</ele>
   </trkpt>
   <trkpt lat="50.99394500001586" lon="5.187670000852863">
    <ele>55.88</ele>
   </trkpt>
   <trkpt lat="50.99338" lon="5.187740000000001">
    <ele>58.0</ele>
   </trkpt>
   <trkpt lat="50.993120000000005" lon="5.187790000000001">
    <ele>58.370000000000005</ele>
   </trkpt>
   <trkpt lat="50.99297000000001" lon="5.1878400000000005">
    <ele>58.42000000000001</ele>
   </trkpt>
   <trkpt lat="50.992290000000004" lon="5.18818">
    <ele>57.46</ele>
   </trkpt>
   <trkpt lat="50.9921" lon="5.18827">
    <ele>57.07</ele>
   </trkpt>
   <trkpt lat="50.99184" lon="5.1883300000000006">
    <ele>56.64</ele>
   </trkpt>
   <trkpt lat="50.9917" lon="5.18831">
    <ele>56.27</ele>
   </trkpt>
   <trkpt lat="50.991580000000006" lon="5.18827">
    <ele>56.27</ele>
   </trkpt>
   <trkpt lat="50.991460000000004" lon="5.188210000000001">
    <ele>54.59</ele>
   </trkpt>
   <trkpt lat="50.991200000000006" lon="5.188020000000001">
    <ele>53.300000000000004</ele>
   </trkpt>
   <trkpt lat="50.99107000000001" lon="5.187950000000001">
    <ele>53.300000000000004</ele>
   </trkpt>
   <trkpt lat="50.990930000000006" lon="5.18792">
    <ele>52.300000000000004</ele>
   </trkpt>
   <trkpt lat="50.99080000000001" lon="5.187930000000001">
    <ele>51.760000000000005</ele>
   </trkpt>
   <trkpt lat="50.99067" lon="5.1879800000000005">
    <ele>51.17000000000001</ele>
   </trkpt>
   <trkpt lat="50.990120000000005" lon="5.188350000000001">
    <ele>48.13</ele>
   </trkpt>
   <trkpt lat="50.9896" lon="5.188630000000001">
    <ele>46.290000000000006</ele>
   </trkpt>
   <trkpt lat="50.98882000058553" lon="5.189030006771813">
    <ele>45.660000000000004</ele>
   </trkpt>
   <trkpt lat="50.988040000000005" lon="5.189430000000001">
    <ele>41.72</ele>
   </trkpt>
   <trkpt lat="50.98785" lon="5.1895500000000006">
    <ele>41.72</ele>
   </trkpt>
   <trkpt lat="50.987110002042286" lon="5.190240010990492">
    <ele>35.300000000000004</ele>
   </trkpt>
   <trkpt lat="50.98637" lon="5.190930000000001">
    <ele>32.830000000000005</ele>
   </trkpt>
   <trkpt lat="50.986320000000006" lon="5.19094">
    <ele>32.830000000000005</ele>
   </trkpt>
   <trkpt lat="50.986250000000005" lon="5.19111">
    <ele>32.25</ele>
   </trkpt>
   <trkpt lat="50.98617" lon="5.19136">
    <ele>31.8</ele>
   </trkpt>
   <trkpt lat="50.986110000000004" lon="5.191350000000001">
    <ele>31.8</ele>
   </trkpt>
   <trkpt lat="50.985960000000006" lon="5.191450000000001">
    <ele>30.680000000000003</ele>
   </trkpt>
   <trkpt lat="50.9859" lon="5.191470000000001">
    <ele>30.680000000000003</ele>
   </trkpt>
   <trkpt lat="50.98593" lon="5.19169">
    <ele>30.570000000000004</ele>
   </trkpt>
   <trkpt lat="50.98617" lon="5.19244">
    <ele>30.78</ele>
   </trkpt>
   <trkpt lat="50.986230000000006" lon="5.19258">
    <ele>30.97</ele>
   </trkpt>
   <trkpt lat="50.98630000000001" lon="5.19258">
    <ele>30.97</ele>
   </trkpt>
   <trkpt lat="50.98642" lon="5.19249">
    <ele>31.19</ele>
   </trkpt>
   <trkpt lat="50.98674500145192" lon="5.193094995558597">
    <ele>31.580000000000002</ele>
   </trkpt>
   <trkpt lat="50.98707" lon="5.193700000000001">
    <ele>31.990000000000006</ele>
   </trkpt>
   <trkpt lat="50.987120000000004" lon="5.19376">
    <ele>31.93</ele>
   </trkpt>
   <trkpt lat="50.9872" lon="5.193770000000001">
    <ele>31.93</ele>
   </trkpt>
   <trkpt lat="50.98745" lon="5.194260000000001">
    <ele>32.38</ele>
   </trkpt>
   <trkpt lat="50.987640000000006" lon="5.195060000000001">
    <ele>32.690000000000005</ele>
   </trkpt>
   <trkpt lat="50.987905007111145" lon="5.196349992675032">
    <ele>32.78</ele>
   </trkpt>
   <trkpt lat="50.988170000000004" lon="5.197640000000001">
    <ele>32.49</ele>
   </trkpt>
   <trkpt lat="50.98823" lon="5.19812">
    <ele>32.690000000000005</ele>
   </trkpt>
   <trkpt lat="50.988170000000004" lon="5.19822">
    <ele>32.470000000000006</ele>
   </trkpt>
   <trkpt lat="50.98819" lon="5.198340000000001">
    <ele>31.86</ele>
   </trkpt>
   <trkpt lat="50.987930000000006" lon="5.198410000000001">
    <ele>31.51</ele>
   </trkpt>
   <trkpt lat="50.98787" lon="5.19848">
    <ele>31.51</ele>
   </trkpt>
   <trkpt lat="50.987840000000006" lon="5.19855">
    <ele>30.29</ele>
   </trkpt>
   <trkpt lat="50.98785" lon="5.1987000000000005">
    <ele>30.29</ele>
   </trkpt>
   <trkpt lat="50.987930000000006" lon="5.1992">
    <ele>30.240000000000002</ele>
   </trkpt>
   <trkpt lat="50.98794500353815" lon="5.200109999920163">
    <ele>29.970000000000002</ele>
   </trkpt>
   <trkpt lat="50.98796" lon="5.201020000000001">
    <ele>29.990000000000002</ele>
   </trkpt>
   <trkpt lat="50.988080000000004" lon="5.20178">
    <ele>30.250000000000004</ele>
   </trkpt>
   <trkpt lat="50.988430028317744" lon="5.203067961130384">
    <ele>31.21</ele>
   </trkpt>
   <trkpt lat="50.988780042474254" lon="5.20435594168569">
    <ele>32.32</ele>
   </trkpt>
   <trkpt lat="50.98913004246914" lon="5.2056439416656675">
    <ele>33.13</ele>
   </trkpt>
   <trkpt lat="50.98948002830201" lon="5.206931961070064">
    <ele>32.96</ele>
   </trkpt>
   <trkpt lat="50.989830000000005" lon="5.208220000000001">
    <ele>33.77</ele>
   </trkpt>
   <trkpt lat="50.990050000000004" lon="5.209300000000001">
    <ele>31.650000000000002</ele>
   </trkpt>
   <trkpt lat="50.990120000000005" lon="5.20999">
    <ele>29.210000000000004</ele>
   </trkpt>
   <trkpt lat="50.99016" lon="5.21063">
    <ele>27.790000000000003</ele>
   </trkpt>
   <trkpt lat="50.99016802541179" lon="5.211849999179241">
    <ele>25.75</ele>
   </trkpt>
   <trkpt lat="50.99017603811776" lon="5.213069998780048">
    <ele>24.91</ele>
   </trkpt>
   <trkpt lat="50.9901840381179" lon="5.2142899988017595">
    <ele>24.55</ele>
   </trkpt>
   <trkpt lat="50.99019202541221" lon="5.215509999243703">
    <ele>25.27</ele>
   </trkpt>
   <trkpt lat="50.9902" lon="5.21673">
    <ele>26.2</ele>
   </trkpt>
   <trkpt lat="50.99016" lon="5.216880000000001">
    <ele>26.2</ele>
   </trkpt>
   <trkpt lat="50.99016" lon="5.217160000000001">
    <ele>26.6</ele>
   </trkpt>
   <trkpt lat="50.99013" lon="5.21727">
    <ele>26.6</ele>
   </trkpt>
   <trkpt lat="50.990140000000004" lon="5.218030000000001">
    <ele>26.7</ele>
   </trkpt>
   <trkpt lat="50.990170000000006" lon="5.21846">
    <ele>26.7</ele>
   </trkpt>
   <trkpt lat="50.99029" lon="5.2191600000000005">
    <ele>27.12</ele>
   </trkpt>
   <trkpt lat="50.990410000000004" lon="5.219650000000001">
    <ele>27.290000000000003</ele>
   </trkpt>
   <trkpt lat="50.99053000000001" lon="5.219930000000001">
    <ele>27.67</ele>
   </trkpt>
   <trkpt lat="50.99078" lon="5.220770000000001">
    <ele>28.48</ele>
   </trkpt>
   <trkpt lat="50.990860000000005" lon="5.22125">
    <ele>28.48</ele>
   </trkpt>
   <trkpt lat="50.99091000000001" lon="5.221830000000001">
    <ele>29.0</ele>
   </trkpt>
   <trkpt lat="50.99092" lon="5.2224900000000005">
    <ele>29.19</ele>
   </trkpt>
   <trkpt lat="50.99089000000001" lon="5.222910000000001">
    <ele>29.240000000000002</ele>
   </trkpt>
   <trkpt lat="50.99082000000001" lon="5.2229">
    <ele>29.240000000000002</ele>
   </trkpt>
   <trkpt lat="50.990750000000006" lon="5.222930000000001">
    <ele>29.0</ele>
   </trkpt>
   <trkpt lat="50.99027" lon="5.223470000000001">
    <ele>28.580000000000002</ele>
   </trkpt>
   <trkpt lat="50.98966" lon="5.224">
    <ele>26.750000000000004</ele>
   </trkpt>
   <trkpt lat="50.9896" lon="5.22409">
    <ele>26.750000000000004</ele>
   </trkpt>
   <trkpt lat="50.98933" lon="5.22433">
    <ele>25.820000000000004</ele>
   </trkpt>
   <trkpt lat="50.98897" lon="5.22461">
    <ele>25.1</ele>
   </trkpt>
   <trkpt lat="50.988620000000004" lon="5.22485">
    <ele>24.91</ele>
   </trkpt>
   <trkpt lat="50.98843" lon="5.22501">
    <ele>24.880000000000003</ele>
   </trkpt>
   <trkpt lat="50.98798000000001" lon="5.22548">
    <ele>25.01</ele>
   </trkpt>
   <trkpt lat="50.98771000000001" lon="5.22564">
    <ele>25.220000000000002</ele>
   </trkpt>
   <trkpt lat="50.987350000000006" lon="5.22574">
    <ele>25.400000000000002</ele>
   </trkpt>
   <trkpt lat="50.986790000000006" lon="5.225840000000001">
    <ele>25.550000000000004</ele>
   </trkpt>
   <trkpt lat="50.986180000000004" lon="5.226050000000001">
    <ele>26.0</ele>
   </trkpt>
   <trkpt lat="50.98557" lon="5.226400000000001">
    <ele>26.250000000000004</ele>
   </trkpt>
   <trkpt lat="50.985400000000006" lon="5.22642">
    <ele>26.2</ele>
   </trkpt>
   <trkpt lat="50.98528" lon="5.22637">
    <ele>26.2</ele>
   </trkpt>
   <trkpt lat="50.98512" lon="5.22627">
    <ele>26.340000000000003</ele>
   </trkpt>
   <trkpt lat="50.98454333402348" lon="5.225989993053792">
    <ele>26.35</ele>
   </trkpt>
   <trkpt lat="50.983966667377665" lon="5.225709993064018">
    <ele>26.21</ele>
   </trkpt>
   <trkpt lat="50.98339000000001" lon="5.22543">
    <ele>25.890000000000004</ele>
   </trkpt>
   <trkpt lat="50.982910000000004" lon="5.22506">
    <ele>26.590000000000003</ele>
   </trkpt>
   <trkpt lat="50.98274000000001" lon="5.22505">
    <ele>27.000000000000004</ele>
   </trkpt>
   <trkpt lat="50.98255" lon="5.22506">
    <ele>27.090000000000003</ele>
   </trkpt>
   <trkpt lat="50.98252" lon="5.224950000000001">
    <ele>26.97</ele>
   </trkpt>
   <trkpt lat="50.982510000000005" lon="5.2248">
    <ele>26.67</ele>
   </trkpt>
   <trkpt lat="50.98279" lon="5.22363">
    <ele>26.330000000000002</ele>
   </trkpt>
   <trkpt lat="50.982910000000004" lon="5.2229600000000005">
    <ele>26.410000000000004</ele>
   </trkpt>
   <trkpt lat="50.982940000000006" lon="5.2224900000000005">
    <ele>26.650000000000002</ele>
   </trkpt>
   <trkpt lat="50.9829" lon="5.2222800000000005">
    <ele>26.67</ele>
   </trkpt>
   <trkpt lat="50.982730000000004" lon="5.2221">
    <ele>26.580000000000002</ele>
   </trkpt>
   <trkpt lat="50.982290000000006" lon="5.221550000000001">
    <ele>26.46</ele>
   </trkpt>
   <trkpt lat="50.98181" lon="5.221620000000001">
    <ele>26.3</ele>
   </trkpt>
   <trkpt lat="50.98161" lon="5.2216000000000005">
    <ele>26.400000000000002</ele>
   </trkpt>
   <trkpt lat="50.980880000000006" lon="5.22137">
    <ele>26.580000000000002</ele>
   </trkpt>
   <trkpt lat="50.9806" lon="5.221380000000001">
    <ele>26.480000000000004</ele>
   </trkpt>
   <trkpt lat="50.97973" lon="5.22133">
    <ele>26.390000000000004</ele>
   </trkpt>
   <trkpt lat="50.9789" lon="5.2210600000000005">
    <ele>26.0</ele>
   </trkpt>
   <trkpt lat="50.97865" lon="5.22104">
    <ele>25.910000000000004</ele>
   </trkpt>
   <trkpt lat="50.97856" lon="5.221050000000001">
    <ele>25.910000000000004</ele>
   </trkpt>
   <trkpt lat="50.97845" lon="5.22109">
    <ele>25.93</ele>
   </trkpt>
   <trkpt lat="50.977995000195705" lon="5.221315002214851">
    <ele>26.060000000000002</ele>
   </trkpt>
   <trkpt lat="50.977540000000005" lon="5.22154">
    <ele>26.51</ele>
   </trkpt>
   <trkpt lat="50.977050000000006" lon="5.22193">
    <ele>27.19</ele>
   </trkpt>
   <trkpt lat="50.97709000228405" lon="5.222664998962373">
    <ele>26.750000000000004</ele>
   </trkpt>
   <trkpt lat="50.97713" lon="5.223400000000001">
    <ele>27.17</ele>
   </trkpt>
   <trkpt lat="50.976800000000004" lon="5.2234300000000005">
    <ele>26.85</ele>
   </trkpt>
   <trkpt lat="50.976160000131" lon="5.223553336732717">
    <ele>26.770000000000003</ele>
   </trkpt>
   <trkpt lat="50.975520000132136" lon="5.2236766700657755">
    <ele>26.910000000000004</ele>
   </trkpt>
   <trkpt lat="50.974880000000006" lon="5.223800000000001">
    <ele>26.820000000000004</ele>
   </trkpt>
   <trkpt lat="50.974610000000006" lon="5.2239">
    <ele>26.7</ele>
   </trkpt>
   <trkpt lat="50.97430000000001" lon="5.22409">
    <ele>26.47</ele>
   </trkpt>
   <trkpt lat="50.97387500040951" lon="5.224420003062987">
    <ele>26.18</ele>
   </trkpt>
   <trkpt lat="50.97345000000001" lon="5.22475">
    <ele>25.740000000000002</ele>
   </trkpt>
   <trkpt lat="50.97325000000001" lon="5.22496">
    <ele>25.710000000000004</ele>
   </trkpt>
   <trkpt lat="50.97287000000001" lon="5.2254700000000005">
    <ele>25.48</ele>
   </trkpt>
   <trkpt lat="50.9727" lon="5.2256100000000005">
    <ele>25.43</ele>
   </trkpt>
   <trkpt lat="50.97213000000001" lon="5.2258700000000005">
    <ele>25.730000000000004</ele>
   </trkpt>
   <trkpt lat="50.97207" lon="5.22588">
    <ele>25.730000000000004</ele>
   </trkpt>
   <trkpt lat="50.972" lon="5.225860000000001">
    <ele>25.730000000000004</ele>
   </trkpt>
   <trkpt lat="50.97191" lon="5.225770000000001">
    <ele>25.75</ele>
   </trkpt>
   <trkpt lat="50.971326674694026" lon="5.2267400243755935">
    <ele>25.43</ele>
   </trkpt>
   <trkpt lat="50.97074334135467" lon="5.227710024385154">
    <ele>25.36</ele>
   </trkpt>
   <trkpt lat="50.97016000000001" lon="5.228680000000001">
    <ele>25.05</ele>
   </trkpt>
   <trkpt lat="50.96992" lon="5.229030000000001">
    <ele>24.98</ele>
   </trkpt>
   <trkpt lat="50.969298586904266" lon="5.2298072052332945">
    <ele>24.75</ele>
   </trkpt>
   <trkpt lat="50.96867716865137" lon="5.230584389670843">
    <ele>24.740000000000002</ele>
   </trkpt>
   <trkpt lat="50.96805574524159" lon="5.23136155331349">
    <ele>24.68</ele>
   </trkpt>
   <trkpt lat="50.96743431667514" lon="5.232138696162082">
    <ele>24.6</ele>
   </trkpt>
   <trkpt lat="50.96681288295229" lon="5.232915818217463">
    <ele>24.62</ele>
   </trkpt>
   <trkpt lat="50.96619144407331" lon="5.233692919480477">
    <ele>24.560000000000002</ele>
   </trkpt>
   <trkpt lat="50.96557000000001" lon="5.234470000000001">
    <ele>24.66</ele>
   </trkpt>
   <trkpt lat="50.96551" lon="5.23446">
    <ele>24.64</ele>
   </trkpt>
   <trkpt lat="50.965090000000004" lon="5.234870000000001">
    <ele>24.46</ele>
   </trkpt>
   <trkpt lat="50.96475" lon="5.23514">
    <ele>24.490000000000002</ele>
   </trkpt>
   <trkpt lat="50.964400000000005" lon="5.2353000000000005">
    <ele>24.470000000000002</ele>
   </trkpt>
   <trkpt lat="50.96397" lon="5.23542">
    <ele>24.57</ele>
   </trkpt>
   <trkpt lat="50.96374" lon="5.23545">
    <ele>24.57</ele>
   </trkpt>
   <trkpt lat="50.96324499986448" lon="5.235460000109295">
    <ele>24.76</ele>
   </trkpt>
   <trkpt lat="50.96275000000001" lon="5.23547">
    <ele>24.720000000000002</ele>
   </trkpt>
   <trkpt lat="50.96255000000001" lon="5.2354">
    <ele>24.310000000000002</ele>
   </trkpt>
   <trkpt lat="50.962320000000005" lon="5.2354">
    <ele>24.23</ele>
   </trkpt>
   <trkpt lat="50.962250000000004" lon="5.23545">
    <ele>24.130000000000003</ele>
   </trkpt>
   <trkpt lat="50.96165499997683" lon="5.235465000192707">
    <ele>24.180000000000003</ele>
   </trkpt>
   <trkpt lat="50.96106" lon="5.235480000000001">
    <ele>24.05</ele>
   </trkpt>
   <trkpt lat="50.96067000000001" lon="5.235530000000001">
    <ele>24.200000000000003</ele>
   </trkpt>
   <trkpt lat="50.96045" lon="5.235530000000001">
    <ele>24.180000000000003</ele>
   </trkpt>
   <trkpt lat="50.960350000000005" lon="5.23556">
    <ele>24.180000000000003</ele>
   </trkpt>
   <trkpt lat="50.960190000000004" lon="5.23564">
    <ele>24.01</ele>
   </trkpt>
   <trkpt lat="50.95977000071678" lon="5.236020003344178">
    <ele>24.040000000000003</ele>
   </trkpt>
   <trkpt lat="50.95935000000001" lon="5.236400000000001">
    <ele>24.040000000000003</ele>
   </trkpt>
   <trkpt lat="50.95924" lon="5.23646">
    <ele>23.94</ele>
   </trkpt>
   <trkpt lat="50.95895" lon="5.236800000000001">
    <ele>23.8</ele>
   </trkpt>
   <trkpt lat="50.95888" lon="5.236820000000001">
    <ele>23.76</ele>
   </trkpt>
   <trkpt lat="50.958780000000004" lon="5.236770000000001">
    <ele>23.76</ele>
   </trkpt>
   <trkpt lat="50.95864" lon="5.236910000000001">
    <ele>23.73</ele>
   </trkpt>
   <trkpt lat="50.95864" lon="5.237100000000001">
    <ele>23.66</ele>
   </trkpt>
   <trkpt lat="50.958580000000005" lon="5.2372700000000005">
    <ele>23.66</ele>
   </trkpt>
   <trkpt lat="50.958420000000004" lon="5.237520000000001">
    <ele>23.57</ele>
   </trkpt>
   <trkpt lat="50.95835" lon="5.23765">
    <ele>23.57</ele>
   </trkpt>
   <trkpt lat="50.958200000000005" lon="5.23784">
    <ele>23.610000000000003</ele>
   </trkpt>
   <trkpt lat="50.95754500716092" lon="5.238587531604859">
    <ele>23.39</ele>
   </trkpt>
   <trkpt lat="50.956890009550534" lon="5.239335042135964">
    <ele>23.430000000000003</ele>
   </trkpt>
   <trkpt lat="50.95623500716914" lon="5.240082531594251">
    <ele>23.380000000000003</ele>
   </trkpt>
   <trkpt lat="50.955580000000005" lon="5.240830000000001">
    <ele>23.810000000000002</ele>
   </trkpt>
   <trkpt lat="50.954980000000006" lon="5.24148">
    <ele>24.0</ele>
   </trkpt>
   <trkpt lat="50.95481" lon="5.2416100000000005">
    <ele>24.07</ele>
   </trkpt>
   <trkpt lat="50.95426000155537" lon="5.242245007706959">
    <ele>24.0</ele>
   </trkpt>
   <trkpt lat="50.95371" lon="5.24288">
    <ele>23.98</ele>
   </trkpt>
   <trkpt lat="50.95305000720054" lon="5.2436300319573075">
    <ele>24.110000000000003</ele>
   </trkpt>
   <trkpt lat="50.952390009597664" lon="5.244380042612385">
    <ele>24.37</ele>
   </trkpt>
   <trkpt lat="50.95173000719165" lon="5.24513003196619">
    <ele>25.19</ele>
   </trkpt>
   <trkpt lat="50.95107" lon="5.2458800000000005">
    <ele>26.64</ele>
   </trkpt>
   <trkpt lat="50.951010000000004" lon="5.245970000000001">
    <ele>26.64</ele>
   </trkpt>
   <trkpt lat="50.95035250712999" lon="5.24671503159262">
    <ele>27.610000000000003</ele>
   </trkpt>
   <trkpt lat="50.94969500952032" lon="5.2474600421072095">
    <ele>27.67</ele>
   </trkpt>
   <trkpt lat="50.94903750717122" lon="5.248205031544708">
    <ele>28.080000000000002</ele>
   </trkpt>
   <trkpt lat="50.94838000000001" lon="5.248950000000001">
    <ele>28.5</ele>
   </trkpt>
   <trkpt lat="50.948130000000006" lon="5.24922">
    <ele>28.990000000000002</ele>
   </trkpt>
   <trkpt lat="50.94807" lon="5.24927">
    <ele>28.990000000000002</ele>
   </trkpt>
   <trkpt lat="50.94792" lon="5.2493300000000005">
    <ele>29.130000000000003</ele>
   </trkpt>
   <trkpt lat="50.947860000000006" lon="5.24932">
    <ele>29.35</ele>
   </trkpt>
   <trkpt lat="50.947790000000005" lon="5.249210000000001">
    <ele>29.35</ele>
   </trkpt>
   <trkpt lat="50.94758" lon="5.2493300000000005">
    <ele>29.61</ele>
   </trkpt>
   <trkpt lat="50.9475750055007" lon="5.250465000018704">
    <ele>29.59</ele>
   </trkpt>
   <trkpt lat="50.947570000000006" lon="5.251600000000001">
    <ele>29.76</ele>
   </trkpt>
   <trkpt lat="50.94756" lon="5.25201">
    <ele>29.740000000000002</ele>
   </trkpt>
   <trkpt lat="50.94742" lon="5.2529200000000005">
    <ele>30.070000000000004</ele>
   </trkpt>
   <trkpt lat="50.94731" lon="5.253550000000001">
    <ele>30.02</ele>
   </trkpt>
   <trkpt lat="50.94704" lon="5.253450000000001">
    <ele>29.810000000000002</ele>
   </trkpt>
   <trkpt lat="50.94670000000001" lon="5.25326">
    <ele>29.76</ele>
   </trkpt>
   <trkpt lat="50.94628" lon="5.252890000000001">
    <ele>29.470000000000002</ele>
   </trkpt>
   <trkpt lat="50.945910000000005" lon="5.25243">
    <ele>29.290000000000003</ele>
   </trkpt>
   <trkpt lat="50.94568" lon="5.252190000000001">
    <ele>29.200000000000003</ele>
   </trkpt>
   <trkpt lat="50.945420000000006" lon="5.252000000000001">
    <ele>29.17</ele>
   </trkpt>
   <trkpt lat="50.94476" lon="5.251650000000001">
    <ele>29.400000000000002</ele>
   </trkpt>
   <trkpt lat="50.94431" lon="5.2513000000000005">
    <ele>29.39</ele>
   </trkpt>
   <trkpt lat="50.94399000000001" lon="5.25093">
    <ele>29.42</ele>
   </trkpt>
   <trkpt lat="50.943830000000005" lon="5.2507">
    <ele>29.470000000000002</ele>
   </trkpt>
   <trkpt lat="50.94332500428823" lon="5.249699989174281">
    <ele>29.740000000000002</ele>
   </trkpt>
   <trkpt lat="50.942820000000005" lon="5.2487">
    <ele>29.66</ele>
   </trkpt>
   <trkpt lat="50.94281" lon="5.2487">
    <ele>29.66</ele>
   </trkpt>
   <trkpt lat="50.94265000000001" lon="5.248360000000001">
    <ele>29.66</ele>
   </trkpt>
   <trkpt lat="50.942440000000005" lon="5.24784">
    <ele>29.61</ele>
   </trkpt>
   <trkpt lat="50.9423" lon="5.247310000000001">
    <ele>29.61</ele>
   </trkpt>
   <trkpt lat="50.94216500220582" lon="5.246594998045609">
    <ele>29.490000000000002</ele>
   </trkpt>
   <trkpt lat="50.94203" lon="5.2458800000000005">
    <ele>29.35</ele>
   </trkpt>
   <trkpt lat="50.941930000000006" lon="5.245590000000001">
    <ele>29.280000000000005</ele>
   </trkpt>
   <trkpt lat="50.94176" lon="5.245290000000001">
    <ele>29.280000000000005</ele>
   </trkpt>
   <trkpt lat="50.94164000000001" lon="5.245150000000001">
    <ele>29.17</ele>
   </trkpt>
   <trkpt lat="50.94154" lon="5.2450600000000005">
    <ele>29.17</ele>
   </trkpt>
   <trkpt lat="50.94098000028789" lon="5.244824997191443">
    <ele>29.1</ele>
   </trkpt>
   <trkpt lat="50.94042" lon="5.2445900000000005">
    <ele>29.200000000000003</ele>
   </trkpt>
   <trkpt lat="50.940200000000004" lon="5.24451">
    <ele>29.18</ele>
   </trkpt>
   <trkpt lat="50.94008" lon="5.24451">
    <ele>29.18</ele>
   </trkpt>
   <trkpt lat="50.94001" lon="5.244540000000001">
    <ele>29.18</ele>
   </trkpt>
   <trkpt lat="50.939820000000005" lon="5.24481">
    <ele>29.220000000000002</ele>
   </trkpt>
   <trkpt lat="50.939260010624" lon="5.24572003285243">
    <ele>29.17</ele>
   </trkpt>
   <trkpt lat="50.938700014175865" lon="5.246630043785322">
    <ele>29.650000000000002</ele>
   </trkpt>
   <trkpt lat="50.93814001065592" lon="5.247540032799369">
    <ele>29.900000000000002</ele>
   </trkpt>
   <trkpt lat="50.937580000000004" lon="5.24845">
    <ele>29.94</ele>
   </trkpt>
   <trkpt lat="50.937290000000004" lon="5.24882">
    <ele>29.92</ele>
   </trkpt>
   <trkpt lat="50.93717" lon="5.248950000000001">
    <ele>29.890000000000004</ele>
   </trkpt>
   <trkpt lat="50.93660500042176" lon="5.249340004895661">
    <ele>29.720000000000002</ele>
   </trkpt>
   <trkpt lat="50.936040000000006" lon="5.2497300000000005">
    <ele>29.61</ele>
   </trkpt>
   <trkpt lat="50.935310000903335" lon="5.2502150076804055">
    <ele>29.640000000000004</ele>
   </trkpt>
   <trkpt lat="50.934580000000004" lon="5.2507">
    <ele>29.630000000000003</ele>
   </trkpt>
   <trkpt lat="50.934160000000006" lon="5.25088">
    <ele>29.66</ele>
   </trkpt>
   <trkpt lat="50.933840000000004" lon="5.25089">
    <ele>29.620000000000005</ele>
   </trkpt>
   <trkpt lat="50.93361" lon="5.2508300000000006">
    <ele>29.48</ele>
   </trkpt>
   <trkpt lat="50.932776669225355" lon="5.2504833022732385">
    <ele>29.35</ele>
   </trkpt>
   <trkpt lat="50.93194333742419" lon="5.250136616970362">
    <ele>29.34</ele>
   </trkpt>
   <trkpt lat="50.93111000459664" lon="5.249789944090574">
    <ele>29.560000000000002</ele>
   </trkpt>
   <trkpt lat="50.93027667074272" lon="5.249443283633073">
    <ele>29.310000000000002</ele>
   </trkpt>
   <trkpt lat="50.929443335862516" lon="5.249096635597061">
    <ele>28.970000000000002</ele>
   </trkpt>
   <trkpt lat="50.928610000000006" lon="5.24875">
    <ele>29.040000000000003</ele>
   </trkpt>
   <trkpt lat="50.92813" lon="5.24868">
    <ele>29.43</ele>
   </trkpt>
   <trkpt lat="50.92784" lon="5.248740000000001">
    <ele>29.43</ele>
   </trkpt>
   <trkpt lat="50.927490000000006" lon="5.2489300000000005">
    <ele>29.51</ele>
   </trkpt>
   <trkpt lat="50.92737" lon="5.24903">
    <ele>29.51</ele>
   </trkpt>
   <trkpt lat="50.92698000000001" lon="5.2495">
    <ele>29.34</ele>
   </trkpt>
   <trkpt lat="50.92681" lon="5.24983">
    <ele>29.240000000000002</ele>
   </trkpt>
   <trkpt lat="50.92669" lon="5.250170000000001">
    <ele>29.130000000000003</ele>
   </trkpt>
   <trkpt lat="50.926550000000006" lon="5.25082">
    <ele>29.05</ele>
   </trkpt>
   <trkpt lat="50.92641500430324" lon="5.251825002989963">
    <ele>28.96</ele>
   </trkpt>
   <trkpt lat="50.926280000000006" lon="5.25283">
    <ele>28.950000000000003</ele>
   </trkpt>
   <trkpt lat="50.92618" lon="5.253240000000001">
    <ele>28.950000000000003</ele>
   </trkpt>
   <trkpt lat="50.925940000000004" lon="5.2537400000000005">
    <ele>28.990000000000002</ele>
   </trkpt>
   <trkpt lat="50.9255850021109" lon="5.254440005305366">
    <ele>28.78</ele>
   </trkpt>
   <trkpt lat="50.925230000000006" lon="5.255140000000001">
    <ele>29.36</ele>
   </trkpt>
   <trkpt lat="50.92506" lon="5.255210000000001">
    <ele>29.490000000000002</ele>
   </trkpt>
   <trkpt lat="50.92506" lon="5.2555000000000005">
    <ele>29.42</ele>
   </trkpt>
   <trkpt lat="50.92504" lon="5.255680000000001">
    <ele>29.42</ele>
   </trkpt>
   <trkpt lat="50.92497" lon="5.256010000000001">
    <ele>29.400000000000002</ele>
   </trkpt>
   <trkpt lat="50.924760000000006" lon="5.256810000000001">
    <ele>29.550000000000004</ele>
   </trkpt>
   <trkpt lat="50.924535002829444" lon="5.257635004272593">
    <ele>29.550000000000004</ele>
   </trkpt>
   <trkpt lat="50.924310000000006" lon="5.25846">
    <ele>29.640000000000004</ele>
   </trkpt>
   <trkpt lat="50.92425" lon="5.2587600000000005">
    <ele>29.69</ele>
   </trkpt>
   <trkpt lat="50.92418000000001" lon="5.2594">
    <ele>30.1</ele>
   </trkpt>
   <trkpt lat="50.924130000000005" lon="5.25966">
    <ele>30.140000000000004</ele>
   </trkpt>
   <trkpt lat="50.924130000000005" lon="5.2598">
    <ele>30.070000000000004</ele>
   </trkpt>
   <trkpt lat="50.92418000000001" lon="5.260070000000001">
    <ele>29.93</ele>
   </trkpt>
   <trkpt lat="50.924240000000005" lon="5.26071">
    <ele>29.890000000000004</ele>
   </trkpt>
   <trkpt lat="50.924290000000006" lon="5.26083">
    <ele>29.890000000000004</ele>
   </trkpt>
   <trkpt lat="50.924380000000006" lon="5.26151">
    <ele>29.800000000000004</ele>
   </trkpt>
   <trkpt lat="50.92459500221031" lon="5.262234996533833">
    <ele>29.900000000000002</ele>
   </trkpt>
   <trkpt lat="50.92481" lon="5.2629600000000005">
    <ele>30.310000000000002</ele>
   </trkpt>
   <trkpt lat="50.924760000000006" lon="5.26301">
    <ele>30.310000000000002</ele>
   </trkpt>
   <trkpt lat="50.92468" lon="5.26315">
    <ele>30.240000000000002</ele>
   </trkpt>
   <trkpt lat="50.92430501169528" lon="5.264105023065011">
    <ele>29.69</ele>
   </trkpt>
   <trkpt lat="50.92393001560097" lon="5.265060030734374">
    <ele>29.910000000000004</ele>
   </trkpt>
   <trkpt lat="50.923555011717305" lon="5.266015023008226">
    <ele>30.29</ele>
   </trkpt>
   <trkpt lat="50.92318" lon="5.266970000000001">
    <ele>30.480000000000004</ele>
   </trkpt>
   <trkpt lat="50.92304000000001" lon="5.26728">
    <ele>30.76</ele>
   </trkpt>
   <trkpt lat="50.92253000055858" lon="5.2676200036837">
    <ele>30.6</ele>
   </trkpt>
   <trkpt lat="50.92202" lon="5.26796">
    <ele>30.18</ele>
   </trkpt>
   <trkpt lat="50.92134" lon="5.26836">
    <ele>29.890000000000004</ele>
   </trkpt>
   <trkpt lat="50.92092" lon="5.2684500000000005">
    <ele>29.630000000000003</ele>
   </trkpt>
   <trkpt lat="50.92037500007488" lon="5.268525000871483">
    <ele>29.52</ele>
   </trkpt>
   <trkpt lat="50.919830000000005" lon="5.2686">
    <ele>30.060000000000002</ele>
   </trkpt>
   <trkpt lat="50.919170000607636" lon="5.268985005475648">
    <ele>29.550000000000004</ele>
   </trkpt>
   <trkpt lat="50.918510000000005" lon="5.26937">
    <ele>29.980000000000004</ele>
   </trkpt>
   <trkpt lat="50.91821" lon="5.269570000000001">
    <ele>30.230000000000004</ele>
   </trkpt>
   <trkpt lat="50.91796" lon="5.26979">
    <ele>30.27</ele>
   </trkpt>
   <trkpt lat="50.917530000000006" lon="5.27027">
    <ele>30.37</ele>
   </trkpt>
   <trkpt lat="50.917370000000005" lon="5.270510000000001">
    <ele>30.37</ele>
   </trkpt>
   <trkpt lat="50.91709" lon="5.271120000000001">
    <ele>30.580000000000002</ele>
   </trkpt>
   <trkpt lat="50.916970000000006" lon="5.27146">
    <ele>30.560000000000002</ele>
   </trkpt>
   <trkpt lat="50.916830000000004" lon="5.27207">
    <ele>30.650000000000002</ele>
   </trkpt>
   <trkpt lat="50.91662667590959" lon="5.273110009064074">
    <ele>30.78</ele>
   </trkpt>
   <trkpt lat="50.91642334258098" lon="5.2741500090398965">
    <ele>31.040000000000003</ele>
   </trkpt>
   <trkpt lat="50.91622" lon="5.27519">
    <ele>31.150000000000002</ele>
   </trkpt>
   <trkpt lat="50.916070000000005" lon="5.27618">
    <ele>31.26</ele>
   </trkpt>
   <trkpt lat="50.91590000000001" lon="5.277480000000001">
    <ele>31.55</ele>
   </trkpt>
   <trkpt lat="50.915780000000005" lon="5.27798">
    <ele>31.880000000000006</ele>
   </trkpt>
   <trkpt lat="50.91564" lon="5.278370000000001">
    <ele>31.880000000000006</ele>
   </trkpt>
   <trkpt lat="50.91516500548702" lon="5.279505011619407">
    <ele>33.11</ele>
   </trkpt>
   <trkpt lat="50.91469000000001" lon="5.28064">
    <ele>35.45</ele>
   </trkpt>
   <trkpt lat="50.91460000000001" lon="5.280880000000001">
    <ele>35.45</ele>
   </trkpt>
   <trkpt lat="50.91419000574838" lon="5.282045010399437">
    <ele>36.74</ele>
   </trkpt>
   <trkpt lat="50.91378" lon="5.28321">
    <ele>37.88</ele>
   </trkpt>
   <trkpt lat="50.91337000000001" lon="5.28432">
    <ele>38.73</ele>
   </trkpt>
   <trkpt lat="50.913050002204585" lon="5.2850450050759274">
    <ele>39.16</ele>
   </trkpt>
   <trkpt lat="50.91273" lon="5.28577">
    <ele>39.510000000000005</ele>
   </trkpt>
   <trkpt lat="50.9123100060435" lon="5.28696001075067">
    <ele>40.370000000000005</ele>
   </trkpt>
   <trkpt lat="50.91189000000001" lon="5.288150000000001">
    <ele>40.910000000000004</ele>
   </trkpt>
   <trkpt lat="50.91151001008236" lon="5.28903752175939">
    <ele>41.080000000000005</ele>
   </trkpt>
   <trkpt lat="50.91113001343671" lon="5.289925029027105">
    <ele>41.85</ele>
   </trkpt>
   <trkpt lat="50.91075001006326" lon="5.290812521803325">
    <ele>42.96</ele>
   </trkpt>
   <trkpt lat="50.91037000000001" lon="5.2917000000000005">
    <ele>43.940000000000005</ele>
   </trkpt>
   <trkpt lat="50.910030000000006" lon="5.29232">
    <ele>44.300000000000004</ele>
   </trkpt>
   <trkpt lat="50.90975" lon="5.292680000000001">
    <ele>44.39000000000001</ele>
   </trkpt>
   <trkpt lat="50.90957" lon="5.292870000000001">
    <ele>44.51</ele>
   </trkpt>
   <trkpt lat="50.90914" lon="5.29323">
    <ele>44.61</ele>
   </trkpt>
   <trkpt lat="50.908503335807" lon="5.293766681335586">
    <ele>44.61</ele>
   </trkpt>
   <trkpt lat="50.90786666915383" lon="5.294303347990618">
    <ele>44.84</ele>
   </trkpt>
   <trkpt lat="50.907230000000006" lon="5.294840000000001">
    <ele>45.14000000000001</ele>
   </trkpt>
   <trkpt lat="50.90692000000001" lon="5.2952900000000005">
    <ele>45.21000000000001</ele>
   </trkpt>
   <trkpt lat="50.906760000000006" lon="5.295660000000001">
    <ele>45.39000000000001</ele>
   </trkpt>
   <trkpt lat="50.9065" lon="5.2964400000000005">
    <ele>45.61000000000001</ele>
   </trkpt>
   <trkpt lat="50.906240000000004" lon="5.296900000000001">
    <ele>45.790000000000006</ele>
   </trkpt>
   <trkpt lat="50.90621" lon="5.297140000000001">
    <ele>45.910000000000004</ele>
   </trkpt>
   <trkpt lat="50.90608" lon="5.29713">
    <ele>45.92</ele>
   </trkpt>
   <trkpt lat="50.9053850017297" lon="5.297770009572614">
    <ele>46.01</ele>
   </trkpt>
   <trkpt lat="50.90469" lon="5.2984100000000005">
    <ele>45.410000000000004</ele>
   </trkpt>
   <trkpt lat="50.90424" lon="5.298760000000001">
    <ele>43.5</ele>
   </trkpt>
   <trkpt lat="50.90402" lon="5.2988800000000005">
    <ele>43.02</ele>
   </trkpt>
   <trkpt lat="50.903800000000004" lon="5.29898">
    <ele>42.13</ele>
   </trkpt>
   <trkpt lat="50.90317" lon="5.29921">
    <ele>39.720000000000006</ele>
   </trkpt>
   <trkpt lat="50.90247999993617" lon="5.299300001346635">
    <ele>37.64</ele>
   </trkpt>
   <trkpt lat="50.901790000000005" lon="5.299390000000001">
    <ele>35.480000000000004</ele>
   </trkpt>
   <trkpt lat="50.901610000000005" lon="5.2994900000000005">
    <ele>35.480000000000004</ele>
   </trkpt>
   <trkpt lat="50.90148000000001" lon="5.299600000000001">
    <ele>34.5</ele>
   </trkpt>
   <trkpt lat="50.90138" lon="5.29971">
    <ele>34.5</ele>
   </trkpt>
   <trkpt lat="50.901230000000005" lon="5.29997">
    <ele>34.11</ele>
   </trkpt>
   <trkpt lat="50.90115" lon="5.30018">
    <ele>33.84</ele>
   </trkpt>
   <trkpt lat="50.9010100022799" lon="5.300910002175003">
    <ele>34.35</ele>
   </trkpt>
   <trkpt lat="50.900870000000005" lon="5.301640000000001">
    <ele>34.730000000000004</ele>
   </trkpt>
   <trkpt lat="50.900690000000004" lon="5.30238">
    <ele>35.69</ele>
   </trkpt>
   <trkpt lat="50.90055" lon="5.3028900000000005">
    <ele>36.36</ele>
   </trkpt>
   <trkpt lat="50.90034000000001" lon="5.30349">
    <ele>37.09</ele>
   </trkpt>
   <trkpt lat="50.900150000000004" lon="5.304">
    <ele>37.7</ele>
   </trkpt>
   <trkpt lat="50.89994" lon="5.30449">
    <ele>38.27</ele>
   </trkpt>
   <trkpt lat="50.899640000000005" lon="5.30508">
    <ele>39.11000000000001</ele>
   </trkpt>
   <trkpt lat="50.899220005170264" lon="5.305856680645116">
    <ele>40.260000000000005</ele>
   </trkpt>
   <trkpt lat="50.89880000518763" lon="5.306633347279463">
    <ele>40.720000000000006</ele>
   </trkpt>
   <trkpt lat="50.89838" lon="5.307410000000001">
    <ele>40.0</ele>
   </trkpt>
   <trkpt lat="50.89851" lon="5.30761">
    <ele>40.49</ele>
   </trkpt>
   <trkpt lat="50.898010000000006" lon="5.30848">
    <ele>42.09</ele>
   </trkpt>
   <trkpt lat="50.897830000000006" lon="5.308210000000001">
    <ele>41.86</ele>
   </trkpt>
   <trkpt lat="50.89777" lon="5.308160000000001">
    <ele>41.86</ele>
   </trkpt>
   <trkpt lat="50.89770000000001" lon="5.3081700000000005">
    <ele>41.86</ele>
   </trkpt>
   <trkpt lat="50.89732000000001" lon="5.308730000000001">
    <ele>41.150000000000006</ele>
   </trkpt>
   <trkpt lat="50.89708" lon="5.309410000000001">
    <ele>39.18000000000001</ele>
   </trkpt>
   <trkpt lat="50.89674" lon="5.31015">
    <ele>37.74</ele>
   </trkpt>
   <trkpt lat="50.896480000000004" lon="5.311140000000001">
    <ele>38.470000000000006</ele>
   </trkpt>
   <trkpt lat="50.89604500536332" lon="5.312265010618278">
    <ele>39.550000000000004</ele>
   </trkpt>
   <trkpt lat="50.895610000000005" lon="5.31339">
    <ele>39.32</ele>
   </trkpt>
   <trkpt lat="50.895630000000004" lon="5.313580000000001">
    <ele>39.21</ele>
   </trkpt>
   <trkpt lat="50.895340000000004" lon="5.313840000000001">
    <ele>38.37</ele>
   </trkpt>
   <trkpt lat="50.89497" lon="5.31437">
    <ele>37.49</ele>
   </trkpt>
   <trkpt lat="50.89470000000001" lon="5.31489">
    <ele>37.34</ele>
   </trkpt>
   <trkpt lat="50.89452000000001" lon="5.315180000000001">
    <ele>37.33</ele>
   </trkpt>
   <trkpt lat="50.894360000000006" lon="5.315530000000001">
    <ele>37.09</ele>
   </trkpt>
   <trkpt lat="50.89423000000001" lon="5.31613">
    <ele>37.08</ele>
   </trkpt>
   <trkpt lat="50.894180000000006" lon="5.316540000000001">
    <ele>37.51</ele>
   </trkpt>
   <trkpt lat="50.8941" lon="5.3169900000000005">
    <ele>37.67</ele>
   </trkpt>
   <trkpt lat="50.89374" lon="5.31819">
    <ele>39.220000000000006</ele>
   </trkpt>
   <trkpt lat="50.893620000000006" lon="5.31876">
    <ele>40.190000000000005</ele>
   </trkpt>
   <trkpt lat="50.893550000000005" lon="5.3193">
    <ele>41.32</ele>
   </trkpt>
   <trkpt lat="50.89348752165663" lon="5.320600005212215">
    <ele>44.88</ele>
   </trkpt>
   <trkpt lat="50.89342502887613" lon="5.321900006936144">
    <ele>47.6</ele>
   </trkpt>
   <trkpt lat="50.89336252165859" lon="5.323200005170997">
    <ele>51.120000000000005</ele>
   </trkpt>
   <trkpt lat="50.8933" lon="5.3245000000000005">
    <ele>54.730000000000004</ele>
   </trkpt>
   <trkpt lat="50.89327" lon="5.3256000000000006">
    <ele>58.02</ele>
   </trkpt>
   <trkpt lat="50.89321" lon="5.32648">
    <ele>58.980000000000004</ele>
   </trkpt>
   <trkpt lat="50.893100000000004" lon="5.327190000000001">
    <ele>58.14</ele>
   </trkpt>
   <trkpt lat="50.892990000000005" lon="5.3277">
    <ele>56.470000000000006</ele>
   </trkpt>
   <trkpt lat="50.892680000000006" lon="5.328720000000001">
    <ele>52.980000000000004</ele>
   </trkpt>
   <trkpt lat="50.89249" lon="5.329210000000001">
    <ele>51.730000000000004</ele>
   </trkpt>
   <trkpt lat="50.89208334095511" lon="5.330156683277017">
    <ele>48.13</ele>
   </trkpt>
   <trkpt lat="50.89167667425428" lon="5.331103350022933">
    <ele>44.870000000000005</ele>
   </trkpt>
   <trkpt lat="50.891270000000006" lon="5.332050000000001">
    <ele>43.43</ele>
   </trkpt>
   <trkpt lat="50.89097" lon="5.33281">
    <ele>43.660000000000004</ele>
   </trkpt>
   <trkpt lat="50.890910000000005" lon="5.332990000000001">
    <ele>43.730000000000004</ele>
   </trkpt>
   <trkpt lat="50.890750000000004" lon="5.333740000000001">
    <ele>43.89000000000001</ele>
   </trkpt>
   <trkpt lat="50.89068" lon="5.33443">
    <ele>44.59</ele>
   </trkpt>
   <trkpt lat="50.89069252396345" lon="5.335797498916577">
    <ele>44.95</ele>
   </trkpt>
   <trkpt lat="50.89070503195139" lon="5.337164998568068">
    <ele>45.86000000000001</ele>
   </trkpt>
   <trkpt lat="50.8907175239638" lon="5.338532498953536">
    <ele>45.89000000000001</ele>
   </trkpt>
   <trkpt lat="50.890730000000005" lon="5.3399">
    <ele>44.58</ele>
   </trkpt>
   <trkpt lat="50.8907" lon="5.34018">
    <ele>43.72</ele>
   </trkpt>
   <trkpt lat="50.89056" lon="5.34074">
    <ele>42.78</ele>
   </trkpt>
   <trkpt lat="50.890480000000004" lon="5.3409">
    <ele>42.010000000000005</ele>
   </trkpt>
   <trkpt lat="50.890350000000005" lon="5.341080000000001">
    <ele>42.010000000000005</ele>
   </trkpt>
   <trkpt lat="50.89020000000001" lon="5.341200000000001">
    <ele>41.580000000000005</ele>
   </trkpt>
   <trkpt lat="50.8896" lon="5.34156">
    <ele>39.67</ele>
   </trkpt>
   <trkpt lat="50.889390000000006" lon="5.34173">
    <ele>39.11000000000001</ele>
   </trkpt>
   <trkpt lat="50.889100000000006" lon="5.34208">
    <ele>38.39</ele>
   </trkpt>
   <trkpt lat="50.88881000000001" lon="5.342630000000001">
    <ele>37.45</ele>
   </trkpt>
   <trkpt lat="50.888720000000006" lon="5.34288">
    <ele>37.45</ele>
   </trkpt>
   <trkpt lat="50.88866" lon="5.34313">
    <ele>37.17</ele>
   </trkpt>
   <trkpt lat="50.88861000000001" lon="5.34344">
    <ele>36.95</ele>
   </trkpt>
   <trkpt lat="50.888560000000005" lon="5.344270000000001">
    <ele>36.64000000000001</ele>
   </trkpt>
   <trkpt lat="50.888537515225764" lon="5.3453600015336">
    <ele>36.4</ele>
   </trkpt>
   <trkpt lat="50.88851502030164" lon="5.346450002014692">
    <ele>36.36</ele>
   </trkpt>
   <trkpt lat="50.88849251522764" lon="5.347540001442805">
    <ele>36.29</ele>
   </trkpt>
   <trkpt lat="50.888470000000005" lon="5.34863">
    <ele>36.18</ele>
   </trkpt>
   <trkpt lat="50.88844000484406" lon="5.3496950007129325">
    <ele>35.9</ele>
   </trkpt>
   <trkpt lat="50.88841000000001" lon="5.35076">
    <ele>35.85</ele>
   </trkpt>
   <trkpt lat="50.88832000000001" lon="5.35144">
    <ele>35.79</ele>
   </trkpt>
   <trkpt lat="50.88824" lon="5.3518300000000005">
    <ele>35.7</ele>
   </trkpt>
   <trkpt lat="50.88806" lon="5.35238">
    <ele>35.410000000000004</ele>
   </trkpt>
   <trkpt lat="50.88773000257355" lon="5.353155005471428">
    <ele>35.82000000000001</ele>
   </trkpt>
   <trkpt lat="50.88740000000001" lon="5.35393">
    <ele>36.980000000000004</ele>
   </trkpt>
   <trkpt lat="50.887370000000004" lon="5.3544">
    <ele>36.230000000000004</ele>
   </trkpt>
   <trkpt lat="50.88736" lon="5.35531">
    <ele>37.040000000000006</ele>
   </trkpt>
   <trkpt lat="50.88732" lon="5.35548">
    <ele>37.040000000000006</ele>
   </trkpt>
   <trkpt lat="50.88702000215046" lon="5.356185004475741">
    <ele>36.410000000000004</ele>
   </trkpt>
   <trkpt lat="50.886720000000004" lon="5.356890000000001">
    <ele>36.07000000000001</ele>
   </trkpt>
   <trkpt lat="50.8864" lon="5.3575800000000005">
    <ele>35.88</ele>
   </trkpt>
   <trkpt lat="50.886280000000006" lon="5.3577900000000005">
    <ele>35.910000000000004</ele>
   </trkpt>
   <trkpt lat="50.88606000000001" lon="5.358020000000001">
    <ele>35.83</ele>
   </trkpt>
   <trkpt lat="50.88573" lon="5.35827">
    <ele>35.89000000000001</ele>
   </trkpt>
   <trkpt lat="50.885600000000004" lon="5.358390000000001">
    <ele>35.84</ele>
   </trkpt>
   <trkpt lat="50.88550000000001" lon="5.3585400000000005">
    <ele>35.63</ele>
   </trkpt>
   <trkpt lat="50.88514000319638" lon="5.35940500668349">
    <ele>35.69</ele>
   </trkpt>
   <trkpt lat="50.884780000000006" lon="5.360270000000001">
    <ele>36.13</ele>
   </trkpt>
   <trkpt lat="50.88477" lon="5.36038">
    <ele>36.25000000000001</ele>
   </trkpt>
   <trkpt lat="50.88481" lon="5.360480000000001">
    <ele>36.27</ele>
   </trkpt>
   <trkpt lat="50.88526" lon="5.36092">
    <ele>36.25000000000001</ele>
   </trkpt>
   <trkpt lat="50.885690000000004" lon="5.361400000000001">
    <ele>37.00000000000001</ele>
   </trkpt>
   <trkpt lat="50.885760000000005" lon="5.3615">
    <ele>37.28</ele>
   </trkpt>
   <trkpt lat="50.8858" lon="5.36165">
    <ele>37.42</ele>
   </trkpt>
   <trkpt lat="50.88579000000001" lon="5.36186">
    <ele>37.480000000000004</ele>
   </trkpt>
   <trkpt lat="50.88570000000001" lon="5.36237">
    <ele>37.64</ele>
   </trkpt>
   <trkpt lat="50.88570000000001" lon="5.362550000000001">
    <ele>37.69</ele>
   </trkpt>
   <trkpt lat="50.885720000000006" lon="5.3627">
    <ele>37.69</ele>
   </trkpt>
   <trkpt lat="50.885850000000005" lon="5.36298">
    <ele>37.76</ele>
   </trkpt>
   <trkpt lat="50.886070000000004" lon="5.3632800000000005">
    <ele>38.220000000000006</ele>
   </trkpt>
   <trkpt lat="50.88631" lon="5.36357">
    <ele>38.50000000000001</ele>
   </trkpt>
   <trkpt lat="50.88693500148826" lon="5.364169991902643">
    <ele>41.34</ele>
   </trkpt>
   <trkpt lat="50.88756000000001" lon="5.36477">
    <ele>42.9</ele>
   </trkpt>
   <trkpt lat="50.887800000000006" lon="5.3649700000000005">
    <ele>43.36</ele>
   </trkpt>
   <trkpt lat="50.88826" lon="5.365410000000001">
    <ele>43.83</ele>
   </trkpt>
   <trkpt lat="50.88841000000001" lon="5.3655800000000005">
    <ele>43.83</ele>
   </trkpt>
   <trkpt lat="50.88899750419769" lon="5.366152478335958">
    <ele>44.31</ele>
   </trkpt>
   <trkpt lat="50.88958500559554" lon="5.366724971112771">
    <ele>44.52</ele>
   </trkpt>
   <trkpt lat="50.890172504193394" lon="5.367297478331039">
    <ele>44.51</ele>
   </trkpt>
   <trkpt lat="50.89076000000001" lon="5.367870000000001">
    <ele>44.85</ele>
   </trkpt>
   <trkpt lat="50.89065" lon="5.368150000000001">
    <ele>44.35</ele>
   </trkpt>
   <trkpt lat="50.89058000000001" lon="5.36852">
    <ele>44.09</ele>
   </trkpt>
   <trkpt lat="50.89056" lon="5.369120000000001">
    <ele>44.39000000000001</ele>
   </trkpt>
   <trkpt lat="50.8905" lon="5.369540000000001">
    <ele>44.67</ele>
   </trkpt>
   <trkpt lat="50.890255003113275" lon="5.370395004529443">
    <ele>45.900000000000006</ele>
   </trkpt>
   <trkpt lat="50.890010000000004" lon="5.371250000000001">
    <ele>47.690000000000005</ele>
   </trkpt>
   <trkpt lat="50.889810000000004" lon="5.37208">
    <ele>49.34</ele>
   </trkpt>
   <trkpt lat="50.88973000000001" lon="5.37263">
    <ele>49.93</ele>
   </trkpt>
   <trkpt lat="50.88958" lon="5.37399">
    <ele>52.75000000000001</ele>
   </trkpt>
   <trkpt lat="50.88939334136276" lon="5.374960007818951">
    <ele>53.970000000000006</ele>
   </trkpt>
   <trkpt lat="50.88920667468747" lon="5.375930007863702">
    <ele>53.660000000000004</ele>
   </trkpt>
   <trkpt lat="50.88902" lon="5.3769">
    <ele>53.120000000000005</ele>
   </trkpt>
   <trkpt lat="50.88890000000001" lon="5.377700000000001">
    <ele>51.89000000000001</ele>
   </trkpt>
   <trkpt lat="50.88890000000001" lon="5.37771">
    <ele>51.89000000000001</ele>
   </trkpt>
   <trkpt lat="50.8888" lon="5.37842">
    <ele>51.43</ele>
   </trkpt>
   <trkpt lat="50.888780000000004" lon="5.37894">
    <ele>51.88</ele>
   </trkpt>
   <trkpt lat="50.888830000000006" lon="5.379370000000001">
    <ele>52.76</ele>
   </trkpt>
   <trkpt lat="50.889050000000005" lon="5.3802900000000005">
    <ele>54.900000000000006</ele>
   </trkpt>
   <trkpt lat="50.88906" lon="5.380470000000001">
    <ele>55.6</ele>
   </trkpt>
   <trkpt lat="50.888980000000004" lon="5.38098">
    <ele>56.540000000000006</ele>
   </trkpt>
   <trkpt lat="50.88897000000001" lon="5.38126">
    <ele>57.11000000000001</ele>
   </trkpt>
   <trkpt lat="50.88902" lon="5.381570000000001">
    <ele>58.690000000000005</ele>
   </trkpt>
   <trkpt lat="50.88899000000001" lon="5.3817200000000005">
    <ele>58.690000000000005</ele>
   </trkpt>
   <trkpt lat="50.88890000000001" lon="5.38196">
    <ele>59.120000000000005</ele>
   </trkpt>
   <trkpt lat="50.88889" lon="5.38213">
    <ele>59.39</ele>
   </trkpt>
   <trkpt lat="50.889125006076625" lon="5.383319994137383">
    <ele>60.510000000000005</ele>
   </trkpt>
   <trkpt lat="50.88936" lon="5.384510000000001">
    <ele>60.68000000000001</ele>
   </trkpt>
   <trkpt lat="50.8894" lon="5.38499">
    <ele>60.730000000000004</ele>
   </trkpt>
   <trkpt lat="50.88938" lon="5.3852400000000005">
    <ele>60.730000000000004</ele>
   </trkpt>
   <trkpt lat="50.88931" lon="5.38553">
    <ele>60.7</ele>
   </trkpt>
   <trkpt lat="50.88922" lon="5.385770000000001">
    <ele>60.550000000000004</ele>
   </trkpt>
   <trkpt lat="50.88886251347313" lon="5.386795023571237">
    <ele>59.14</ele>
   </trkpt>
   <trkpt lat="50.888505017970566" lon="5.387820031409457">
    <ele>56.93</ele>
   </trkpt>
   <trkpt lat="50.88814751349258" lon="5.388845023514704">
    <ele>54.12</ele>
   </trkpt>
   <trkpt lat="50.88779" lon="5.38987">
    <ele>52.35000000000001</ele>
   </trkpt>
   <trkpt lat="50.887730000000005" lon="5.39015">
    <ele>51.60000000000001</ele>
   </trkpt>
   <trkpt lat="50.887710000000006" lon="5.390630000000001">
    <ele>50.74000000000001</ele>
   </trkpt>
   <trkpt lat="50.887820000000005" lon="5.3913">
    <ele>50.910000000000004</ele>
   </trkpt>
   <trkpt lat="50.888020000000004" lon="5.391450000000001">
    <ele>50.96</ele>
   </trkpt>
   <trkpt lat="50.88819" lon="5.39167">
    <ele>50.88</ele>
   </trkpt>
   <trkpt lat="50.888560002365644" lon="5.392409994175363">
    <ele>51.86</ele>
   </trkpt>
   <trkpt lat="50.88893" lon="5.39315">
    <ele>53.93000000000001</ele>
   </trkpt>
   <trkpt lat="50.88906" lon="5.39334">
    <ele>54.50000000000001</ele>
   </trkpt>
   <trkpt lat="50.889610000000005" lon="5.394010000000001">
    <ele>57.1</ele>
   </trkpt>
   <trkpt lat="50.889590000000005" lon="5.3945300000000005">
    <ele>57.010000000000005</ele>
   </trkpt>
   <trkpt lat="50.8896350022524" lon="5.395254999415799">
    <ele>56.11000000000001</ele>
   </trkpt>
   <trkpt lat="50.889680000000006" lon="5.395980000000001">
    <ele>55.260000000000005</ele>
   </trkpt>
   <trkpt lat="50.88968000744255" lon="5.397300000130116">
    <ele>53.74</ele>
   </trkpt>
   <trkpt lat="50.889680000000006" lon="5.39862">
    <ele>52.63</ele>
   </trkpt>
   <trkpt lat="50.88974" lon="5.3989">
    <ele>52.53000000000001</ele>
   </trkpt>
   <trkpt lat="50.890060000000005" lon="5.399900000000001">
    <ele>53.08</ele>
   </trkpt>
   <trkpt lat="50.890190000000004" lon="5.40014">
    <ele>53.24</ele>
   </trkpt>
   <trkpt lat="50.89065" lon="5.400670000000001">
    <ele>53.63</ele>
   </trkpt>
   <trkpt lat="50.890750000000004" lon="5.40082">
    <ele>53.63</ele>
   </trkpt>
   <trkpt lat="50.890840000000004" lon="5.401020000000001">
    <ele>53.78</ele>
   </trkpt>
   <trkpt lat="50.891160000000006" lon="5.401870000000001">
    <ele>55.09</ele>
   </trkpt>
   <trkpt lat="50.89153000333195" lon="5.402759992806328">
    <ele>56.24</ele>
   </trkpt>
   <trkpt lat="50.89190000000001" lon="5.403650000000001">
    <ele>57.67</ele>
   </trkpt>
   <trkpt lat="50.89242667616651" lon="5.404703309554855">
    <ele>61.02</ele>
   </trkpt>
   <trkpt lat="50.892953342854995" lon="5.405756642931384">
    <ele>63.39</ele>
   </trkpt>
   <trkpt lat="50.893480000000004" lon="5.40681">
    <ele>65.14999999999999</ele>
   </trkpt>
   <trkpt lat="50.89365" lon="5.40737">
    <ele>66.02000000000001</ele>
   </trkpt>
   <trkpt lat="50.89312" lon="5.40793">
    <ele>65.67</ele>
   </trkpt>
   <trkpt lat="50.89311000000001" lon="5.408010000000001">
    <ele>65.67</ele>
   </trkpt>
   <trkpt lat="50.89349000000001" lon="5.409090000000001">
    <ele>65.56</ele>
   </trkpt>
   <trkpt lat="50.8937" lon="5.410030000000001">
    <ele>65.91000000000001</ele>
   </trkpt>
   <trkpt lat="50.893800000000006" lon="5.41056">
    <ele>65.93</ele>
   </trkpt>
   <trkpt lat="50.893800000000006" lon="5.410710000000001">
    <ele>65.93</ele>
   </trkpt>
   <trkpt lat="50.89361000569793" lon="5.41186500471259">
    <ele>65.09</ele>
   </trkpt>
   <trkpt lat="50.893420000000006" lon="5.41302">
    <ele>63.32</ele>
   </trkpt>
   <trkpt lat="50.89323" lon="5.413950000000001">
    <ele>62.99</ele>
   </trkpt>
   <trkpt lat="50.89301500288064" lon="5.414770003752576">
    <ele>62.230000000000004</ele>
   </trkpt>
   <trkpt lat="50.8928" lon="5.415590000000001">
    <ele>61.89000000000001</ele>
   </trkpt>
   <trkpt lat="50.892680000000006" lon="5.415970000000001">
    <ele>61.52</ele>
   </trkpt>
   <trkpt lat="50.892520000000005" lon="5.416250000000001">
    <ele>60.510000000000005</ele>
   </trkpt>
   <trkpt lat="50.891670000000005" lon="5.416530000000001">
    <ele>57.53</ele>
   </trkpt>
   <trkpt lat="50.89170000000001" lon="5.41685">
    <ele>57.38000000000001</ele>
   </trkpt>
   <trkpt lat="50.891670000000005" lon="5.417120000000001">
    <ele>57.370000000000005</ele>
   </trkpt>
   <trkpt lat="50.89153" lon="5.4177800000000005">
    <ele>57.64</ele>
   </trkpt>
   <trkpt lat="50.891490000000005" lon="5.41828">
    <ele>58.1</ele>
   </trkpt>
   <trkpt lat="50.89146" lon="5.418360000000001">
    <ele>58.11</ele>
   </trkpt>
   <trkpt lat="50.891130000000004" lon="5.41866">
    <ele>57.64</ele>
   </trkpt>
   <trkpt lat="50.89097" lon="5.418920000000001">
    <ele>57.580000000000005</ele>
   </trkpt>
   <trkpt lat="50.89043" lon="5.41992">
    <ele>58.09</ele>
   </trkpt>
   <trkpt lat="50.891180000000006" lon="5.42062">
    <ele>58.28</ele>
   </trkpt>
   <trkpt lat="50.891650000000006" lon="5.42098">
    <ele>59.32</ele>
   </trkpt>
   <trkpt lat="50.891690000000004" lon="5.421060000000001">
    <ele>59.190000000000005</ele>
   </trkpt>
   <trkpt lat="50.891670000000005" lon="5.42117">
    <ele>59.11</ele>
   </trkpt>
   <trkpt lat="50.89125000000001" lon="5.4221900000000005">
    <ele>57.660000000000004</ele>
   </trkpt>
   <trkpt lat="50.891110000000005" lon="5.42238">
    <ele>56.900000000000006</ele>
   </trkpt>
   <trkpt lat="50.89065500114702" lon="5.422880004797242">
    <ele>55.88</ele>
   </trkpt>
   <trkpt lat="50.89020000000001" lon="5.423380000000001">
    <ele>55.14</ele>
   </trkpt>
   <trkpt lat="50.89002000000001" lon="5.4235500000000005">
    <ele>55.03</ele>
   </trkpt>
   <trkpt lat="50.889860000000006" lon="5.423660000000001">
    <ele>55.03</ele>
   </trkpt>
   <trkpt lat="50.88962" lon="5.42377">
    <ele>54.730000000000004</ele>
   </trkpt>
   <trkpt lat="50.889050000000005" lon="5.423940000000001">
    <ele>55.39</ele>
   </trkpt>
   <trkpt lat="50.888940000000005" lon="5.424040000000001">
    <ele>55.39</ele>
   </trkpt>
   <trkpt lat="50.889100000000006" lon="5.424510000000001">
    <ele>55.23</ele>
   </trkpt>
   <trkpt lat="50.88924334092846" lon="5.425453327481828">
    <ele>55.25000000000001</ele>
   </trkpt>
   <trkpt lat="50.88938667425483" lon="5.426396660769226">
    <ele>55.18000000000001</ele>
   </trkpt>
   <trkpt lat="50.88953000000001" lon="5.42734">
    <ele>55.13</ele>
   </trkpt>
   <trkpt lat="50.88955000000001" lon="5.42769">
    <ele>55.13</ele>
   </trkpt>
   <trkpt lat="50.889540000000004" lon="5.428050000000001">
    <ele>55.13</ele>
   </trkpt>
   <trkpt lat="50.8893300047358" lon="5.429105004848908">
    <ele>54.78</ele>
   </trkpt>
   <trkpt lat="50.889120000000005" lon="5.430160000000001">
    <ele>54.57000000000001</ele>
   </trkpt>
   <trkpt lat="50.88902" lon="5.4305">
    <ele>54.57000000000001</ele>
   </trkpt>
   <trkpt lat="50.888780000000004" lon="5.43097">
    <ele>54.14000000000001</ele>
   </trkpt>
   <trkpt lat="50.88864" lon="5.4311300000000005">
    <ele>54.14000000000001</ele>
   </trkpt>
   <trkpt lat="50.888130000000004" lon="5.43158">
    <ele>53.970000000000006</ele>
   </trkpt>
   <trkpt lat="50.888130000000004" lon="5.431590000000001">
    <ele>53.970000000000006</ele>
   </trkpt>
   <trkpt lat="50.88797" lon="5.4317400000000005">
    <ele>53.78</ele>
   </trkpt>
   <trkpt lat="50.88774" lon="5.4320900000000005">
    <ele>53.78</ele>
   </trkpt>
   <trkpt lat="50.887620000000005" lon="5.432390000000001">
    <ele>53.69</ele>
   </trkpt>
   <trkpt lat="50.8875" lon="5.4328">
    <ele>53.69</ele>
   </trkpt>
   <trkpt lat="50.88738000000001" lon="5.433560000000001">
    <ele>53.89000000000001</ele>
   </trkpt>
   <trkpt lat="50.88741" lon="5.434900000000001">
    <ele>54.330000000000005</ele>
   </trkpt>
   <trkpt lat="50.88738000000001" lon="5.43519">
    <ele>54.37</ele>
   </trkpt>
   <trkpt lat="50.88721" lon="5.4358900000000006">
    <ele>54.470000000000006</ele>
   </trkpt>
   <trkpt lat="50.88691000951072" lon="5.436943346787321">
    <ele>53.94</ele>
   </trkpt>
   <trkpt lat="50.886610009542714" lon="5.4379966800081005">
    <ele>53.32000000000001</ele>
   </trkpt>
   <trkpt lat="50.88631" lon="5.439050000000001">
    <ele>53.720000000000006</ele>
   </trkpt>
   <trkpt lat="50.886140000000005" lon="5.43954">
    <ele>53.370000000000005</ele>
   </trkpt>
   <trkpt lat="50.88568" lon="5.44057">
    <ele>53.28</ele>
   </trkpt>
   <trkpt lat="50.88559000000001" lon="5.440740000000001">
    <ele>53.230000000000004</ele>
   </trkpt>
   <trkpt lat="50.885510000000004" lon="5.440860000000001">
    <ele>53.14000000000001</ele>
   </trkpt>
   <trkpt lat="50.88485000470346" lon="5.441600020938388">
    <ele>52.97</ele>
   </trkpt>
   <trkpt lat="50.88419000472854" lon="5.442340020909861">
    <ele>52.870000000000005</ele>
   </trkpt>
   <trkpt lat="50.88353000000001" lon="5.44308">
    <ele>53.00000000000001</ele>
   </trkpt>
   <trkpt lat="50.883250000000004" lon="5.443370000000001">
    <ele>53.01</ele>
   </trkpt>
   <trkpt lat="50.882780000000004" lon="5.44369">
    <ele>53.24</ele>
   </trkpt>
   <trkpt lat="50.88242" lon="5.44402">
    <ele>53.25000000000001</ele>
   </trkpt>
   <trkpt lat="50.882160000000006" lon="5.44442">
    <ele>53.19</ele>
   </trkpt>
   <trkpt lat="50.88160431018509" lon="5.445397212784581">
    <ele>53.02</ele>
   </trkpt>
   <trkpt lat="50.881048612211934" lon="5.446374402260165">
    <ele>52.89000000000001</ele>
   </trkpt>
   <trkpt lat="50.88049290608088" lon="5.447351568427427">
    <ele>53.13</ele>
   </trkpt>
   <trkpt lat="50.87993719179227" lon="5.4483287112870435">
    <ele>53.120000000000005</ele>
   </trkpt>
   <trkpt lat="50.879381469346484" lon="5.449305830839689">
    <ele>52.980000000000004</ele>
   </trkpt>
   <trkpt lat="50.87882573874387" lon="5.4502829270860405">
    <ele>52.870000000000005</ele>
   </trkpt>
   <trkpt lat="50.87827000000001" lon="5.45126">
    <ele>52.64000000000001</ele>
   </trkpt>
   <trkpt lat="50.87792" lon="5.45195">
    <ele>52.53000000000001</ele>
   </trkpt>
   <trkpt lat="50.87771000000001" lon="5.45225">
    <ele>52.57000000000001</ele>
   </trkpt>
   <trkpt lat="50.87734000078665" lon="5.452675003357138">
    <ele>52.690000000000005</ele>
   </trkpt>
   <trkpt lat="50.87697000000001" lon="5.4531">
    <ele>52.800000000000004</ele>
   </trkpt>
   <trkpt lat="50.876460002452404" lon="5.453850008135039">
    <ele>52.660000000000004</ele>
   </trkpt>
   <trkpt lat="50.87595" lon="5.4546">
    <ele>52.34</ele>
   </trkpt>
   <trkpt lat="50.875690000000006" lon="5.454940000000001">
    <ele>51.84</ele>
   </trkpt>
   <trkpt lat="50.875550000000004" lon="5.455080000000001">
    <ele>51.84</ele>
   </trkpt>
   <trkpt lat="50.875310000000006" lon="5.45525">
    <ele>51.53000000000001</ele>
   </trkpt>
   <trkpt lat="50.875130000000006" lon="5.45533">
    <ele>51.47</ele>
   </trkpt>
   <trkpt lat="50.874770000000005" lon="5.45539">
    <ele>51.46000000000001</ele>
   </trkpt>
   <trkpt lat="50.87474" lon="5.45626">
    <ele>51.04</ele>
   </trkpt>
   <trkpt lat="50.87478" lon="5.45659">
    <ele>50.57</ele>
   </trkpt>
   <trkpt lat="50.87485" lon="5.4568200000000004">
    <ele>50.31000000000001</ele>
   </trkpt>
   <trkpt lat="50.875135002207394" lon="5.457554995246368">
    <ele>49.0</ele>
   </trkpt>
   <trkpt lat="50.875420000000005" lon="5.458290000000001">
    <ele>48.53</ele>
   </trkpt>
   <trkpt lat="50.875640000000004" lon="5.4588">
    <ele>48.040000000000006</ele>
   </trkpt>
   <trkpt lat="50.87614000000001" lon="5.459770000000001">
    <ele>47.21</ele>
   </trkpt>
   <trkpt lat="50.876310000000004" lon="5.4600100000000005">
    <ele>47.05</ele>
   </trkpt>
   <trkpt lat="50.876470000000005" lon="5.46018">
    <ele>46.900000000000006</ele>
   </trkpt>
   <trkpt lat="50.877050000000004" lon="5.46072">
    <ele>46.27</ele>
   </trkpt>
   <trkpt lat="50.87708000000001" lon="5.46082">
    <ele>46.2</ele>
   </trkpt>
   <trkpt lat="50.87707" lon="5.46093">
    <ele>46.2</ele>
   </trkpt>
   <trkpt lat="50.8768" lon="5.461720000000001">
    <ele>45.61000000000001</ele>
   </trkpt>
   <trkpt lat="50.87671" lon="5.46189">
    <ele>45.550000000000004</ele>
   </trkpt>
   <trkpt lat="50.876450000000006" lon="5.462160000000001">
    <ele>45.62</ele>
   </trkpt>
   <trkpt lat="50.87603000058118" lon="5.462495002937966">
    <ele>46.32000000000001</ele>
   </trkpt>
   <trkpt lat="50.87561" lon="5.46283">
    <ele>46.510000000000005</ele>
   </trkpt>
   <trkpt lat="50.87527000000001" lon="5.46311">
    <ele>47.02</ele>
   </trkpt>
   <trkpt lat="50.874950000000005" lon="5.46333">
    <ele>47.470000000000006</ele>
   </trkpt>
   <trkpt lat="50.874770000000005" lon="5.46342">
    <ele>47.470000000000006</ele>
   </trkpt>
   <trkpt lat="50.87453000000001" lon="5.46365">
    <ele>47.67</ele>
   </trkpt>
   <trkpt lat="50.87429" lon="5.46396">
    <ele>47.92</ele>
   </trkpt>
   <trkpt lat="50.87409" lon="5.4644200000000005">
    <ele>48.25</ele>
   </trkpt>
   <trkpt lat="50.873990000000006" lon="5.464720000000001">
    <ele>48.410000000000004</ele>
   </trkpt>
   <trkpt lat="50.87370251459357" lon="5.4657875197953105">
    <ele>50.45</ele>
   </trkpt>
   <trkpt lat="50.87341501945066" lon="5.466855026420853">
    <ele>52.97</ele>
   </trkpt>
   <trkpt lat="50.87312751457153" lon="5.467922519876481">
    <ele>56.080000000000005</ele>
   </trkpt>
   <trkpt lat="50.872840000000004" lon="5.468990000000001">
    <ele>59.27</ele>
   </trkpt>
   <trkpt lat="50.872556675607264" lon="5.4700133457992886">
    <ele>61.1</ele>
   </trkpt>
   <trkpt lat="50.87227334226713" lon="5.471036679157027">
    <ele>61.56</ele>
   </trkpt>
   <trkpt lat="50.871990000000004" lon="5.472060000000001">
    <ele>61.660000000000004</ele>
   </trkpt>
   <trkpt lat="50.87175000219754" lon="5.472790003999155">
    <ele>61.900000000000006</ele>
   </trkpt>
   <trkpt lat="50.87151" lon="5.473520000000001">
    <ele>62.870000000000005</ele>
   </trkpt>
   <trkpt lat="50.87133000000001" lon="5.4747">
    <ele>64.17</ele>
   </trkpt>
   <trkpt lat="50.871" lon="5.47585">
    <ele>66.92</ele>
   </trkpt>
   <trkpt lat="50.870990000000006" lon="5.47597">
    <ele>66.92</ele>
   </trkpt>
   <trkpt lat="50.87102" lon="5.4762">
    <ele>68.06</ele>
   </trkpt>
   <trkpt lat="50.8713050176947" lon="5.47737497844924">
    <ele>72.91</ele>
   </trkpt>
   <trkpt lat="50.87159002359362" lon="5.47854997126792">
    <ele>73.42</ele>
   </trkpt>
   <trkpt lat="50.87187501769648" lon="5.4797249784557716">
    <ele>72.2</ele>
   </trkpt>
   <trkpt lat="50.87216" lon="5.4809">
    <ele>70.76</ele>
   </trkpt>
   <trkpt lat="50.871950000000005" lon="5.481020000000001">
    <ele>71.09</ele>
   </trkpt>
   <trkpt lat="50.87118333643361" lon="5.481623353188571">
    <ele>72.45</ele>
   </trkpt>
   <trkpt lat="50.870416669756985" lon="5.48222668652932">
    <ele>73.77</ele>
   </trkpt>
   <trkpt lat="50.86965000000001" lon="5.482830000000001">
    <ele>75.41</ele>
   </trkpt>
   <trkpt lat="50.86948" lon="5.482950000000001">
    <ele>75.85</ele>
   </trkpt>
   <trkpt lat="50.86937" lon="5.482950000000001">
    <ele>76.14</ele>
   </trkpt>
   <trkpt lat="50.86921" lon="5.483160000000001">
    <ele>76.38</ele>
   </trkpt>
   <trkpt lat="50.86954500352786" lon="5.484064993574151">
    <ele>76.34</ele>
   </trkpt>
   <trkpt lat="50.86988" lon="5.484970000000001">
    <ele>76.47000000000001</ele>
   </trkpt>
   <trkpt lat="50.87012000000001" lon="5.485480000000001">
    <ele>76.37</ele>
   </trkpt>
   <trkpt lat="50.870360000000005" lon="5.485900000000001">
    <ele>76.37</ele>
   </trkpt>
   <trkpt lat="50.870520000000006" lon="5.48613">
    <ele>76.22000000000001</ele>
   </trkpt>
   <trkpt lat="50.87098000132668" lon="5.486719993971628">
    <ele>75.9</ele>
   </trkpt>
   <trkpt lat="50.87144000000001" lon="5.487310000000001">
    <ele>75.28</ele>
   </trkpt>
   <trkpt lat="50.871640000000006" lon="5.487640000000001">
    <ele>75.1</ele>
   </trkpt>
   <trkpt lat="50.87180000000001" lon="5.488060000000001">
    <ele>74.74</ele>
   </trkpt>
   <trkpt lat="50.87185" lon="5.488250000000001">
    <ele>74.74</ele>
   </trkpt>
   <trkpt lat="50.87191000000001" lon="5.48862">
    <ele>74.59</ele>
   </trkpt>
   <trkpt lat="50.87191000000001" lon="5.489120000000001">
    <ele>74.3</ele>
   </trkpt>
   <trkpt lat="50.87187" lon="5.48948">
    <ele>74.16</ele>
   </trkpt>
   <trkpt lat="50.87162500711687" lon="5.490770006739459">
    <ele>74.14000000000001</ele>
   </trkpt>
   <trkpt lat="50.87138" lon="5.49206">
    <ele>74.55</ele>
   </trkpt>
   <trkpt lat="50.87120667455037" lon="5.4930200070872175">
    <ele>74.06</ele>
   </trkpt>
   <trkpt lat="50.87103334122653" lon="5.4939800070346">
    <ele>73.48</ele>
   </trkpt>
   <trkpt lat="50.87086000000001" lon="5.494940000000001">
    <ele>72.65</ele>
   </trkpt>
   <trkpt lat="50.87070000332495" lon="5.4958250031540645">
    <ele>70.65</ele>
   </trkpt>
   <trkpt lat="50.870540000000005" lon="5.49671">
    <ele>69.58</ele>
   </trkpt>
   <trkpt lat="50.870490000000004" lon="5.49687">
    <ele>69.18</ele>
   </trkpt>
   <trkpt lat="50.870520000000006" lon="5.49694">
    <ele>69.18</ele>
   </trkpt>
   <trkpt lat="50.87048000000001" lon="5.497050000000001">
    <ele>69.0</ele>
   </trkpt>
   <trkpt lat="50.87044" lon="5.497070000000001">
    <ele>69.19</ele>
   </trkpt>
   <trkpt lat="50.87039000000001" lon="5.4970300000000005">
    <ele>69.19</ele>
   </trkpt>
   <trkpt lat="50.87024" lon="5.497210000000001">
    <ele>69.17</ele>
   </trkpt>
   <trkpt lat="50.870070000000005" lon="5.49732">
    <ele>69.19</ele>
   </trkpt>
   <trkpt lat="50.869360000110504" lon="5.497475002359162">
    <ele>69.19</ele>
   </trkpt>
   <trkpt lat="50.86865" lon="5.49763">
    <ele>68.56</ele>
   </trkpt>
   <trkpt lat="50.868430000000004" lon="5.49779">
    <ele>68.21000000000001</ele>
   </trkpt>
   <trkpt lat="50.86831" lon="5.49795">
    <ele>68.06</ele>
   </trkpt>
   <trkpt lat="50.868190000000006" lon="5.498220000000001">
    <ele>67.86</ele>
   </trkpt>
   <trkpt lat="50.868120000000005" lon="5.498500000000001">
    <ele>67.76</ele>
   </trkpt>
   <trkpt lat="50.86811" lon="5.49887">
    <ele>67.26</ele>
   </trkpt>
   <trkpt lat="50.86817500230115" lon="5.499604998898825">
    <ele>66.63000000000001</ele>
   </trkpt>
   <trkpt lat="50.86824000000001" lon="5.5003400000000005">
    <ele>65.94</ele>
   </trkpt>
   <trkpt lat="50.868230000000004" lon="5.500610000000001">
    <ele>65.94</ele>
   </trkpt>
   <trkpt lat="50.868140000000004" lon="5.500990000000001">
    <ele>65.53</ele>
   </trkpt>
   <trkpt lat="50.868050000000004" lon="5.50117">
    <ele>65.08</ele>
   </trkpt>
   <trkpt lat="50.86762500127165" lon="5.501725005117672">
    <ele>64.75</ele>
   </trkpt>
   <trkpt lat="50.867200000000004" lon="5.502280000000001">
    <ele>64.31</ele>
   </trkpt>
   <trkpt lat="50.86717" lon="5.50236">
    <ele>64.31</ele>
   </trkpt>
   <trkpt lat="50.867180000000005" lon="5.50246">
    <ele>64.31</ele>
   </trkpt>
   <trkpt lat="50.86728" lon="5.50274">
    <ele>63.88</ele>
   </trkpt>
   <trkpt lat="50.86742" lon="5.50326">
    <ele>63.67</ele>
   </trkpt>
   <trkpt lat="50.867540000000005" lon="5.5040000000000004">
    <ele>63.04</ele>
   </trkpt>
   <trkpt lat="50.86764" lon="5.504910000000001">
    <ele>62.53</ele>
   </trkpt>
   <trkpt lat="50.867830000000005" lon="5.50593">
    <ele>61.88</ele>
   </trkpt>
   <trkpt lat="50.86782" lon="5.506670000000001">
    <ele>61.07000000000001</ele>
   </trkpt>
   <trkpt lat="50.86777000000001" lon="5.507320000000001">
    <ele>60.93000000000001</ele>
   </trkpt>
   <trkpt lat="50.86768000000001" lon="5.50788">
    <ele>60.72</ele>
   </trkpt>
   <trkpt lat="50.867630000000005" lon="5.50807">
    <ele>60.36</ele>
   </trkpt>
   <trkpt lat="50.867560000000005" lon="5.50825">
    <ele>60.36</ele>
   </trkpt>
   <trkpt lat="50.867380000000004" lon="5.50861">
    <ele>60.43000000000001</ele>
   </trkpt>
   <trkpt lat="50.867230000000006" lon="5.508450000000001">
    <ele>60.230000000000004</ele>
   </trkpt>
   <trkpt lat="50.867140000000006" lon="5.5087">
    <ele>59.28000000000001</ele>
   </trkpt>
   <trkpt lat="50.86713" lon="5.508800000000001">
    <ele>59.28000000000001</ele>
   </trkpt>
   <trkpt lat="50.86715" lon="5.50886">
    <ele>59.28000000000001</ele>
   </trkpt>
   <trkpt lat="50.86724" lon="5.50893">
    <ele>58.660000000000004</ele>
   </trkpt>
   <trkpt lat="50.86731" lon="5.50896">
    <ele>58.300000000000004</ele>
   </trkpt>
   <trkpt lat="50.867470000000004" lon="5.508900000000001">
    <ele>57.85</ele>
   </trkpt>
   <trkpt lat="50.86750000000001" lon="5.50891">
    <ele>57.85</ele>
   </trkpt>
   <trkpt lat="50.867540000000005" lon="5.508970000000001">
    <ele>57.470000000000006</ele>
   </trkpt>
   <trkpt lat="50.86755" lon="5.50907">
    <ele>57.39</ele>
   </trkpt>
   <trkpt lat="50.867520000000006" lon="5.50938">
    <ele>57.190000000000005</ele>
   </trkpt>
   <trkpt lat="50.86755" lon="5.5095">
    <ele>57.620000000000005</ele>
   </trkpt>
   <trkpt lat="50.86759000000001" lon="5.509530000000001">
    <ele>57.620000000000005</ele>
   </trkpt>
   <trkpt lat="50.867810000000006" lon="5.50945">
    <ele>58.2</ele>
   </trkpt>
   <trkpt lat="50.86797000000001" lon="5.50947">
    <ele>58.910000000000004</ele>
   </trkpt>
   <trkpt lat="50.86806000000001" lon="5.5095">
    <ele>59.24000000000001</ele>
   </trkpt>
   <trkpt lat="50.868300000000005" lon="5.509620000000001">
    <ele>59.72</ele>
   </trkpt>
   <trkpt lat="50.868280000000006" lon="5.509760000000001">
    <ele>59.760000000000005</ele>
   </trkpt>
   <trkpt lat="50.86865" lon="5.51039">
    <ele>59.510000000000005</ele>
   </trkpt>
   <trkpt lat="50.868170000000006" lon="5.51095">
    <ele>58.260000000000005</ele>
   </trkpt>
   <trkpt lat="50.86811" lon="5.5109900000000005">
    <ele>58.260000000000005</ele>
   </trkpt>
   <trkpt lat="50.86787" lon="5.51121">
    <ele>58.0</ele>
   </trkpt>
   <trkpt lat="50.867830000000005" lon="5.511170000000001">
    <ele>57.96</ele>
   </trkpt>
   <trkpt lat="50.867740000000005" lon="5.511150000000001">
    <ele>57.88000000000001</ele>
   </trkpt>
   <trkpt lat="50.86769" lon="5.51118">
    <ele>57.88000000000001</ele>
   </trkpt>
   <trkpt lat="50.86764" lon="5.511310000000001">
    <ele>57.88000000000001</ele>
   </trkpt>
   <trkpt lat="50.86764" lon="5.5114600000000005">
    <ele>57.470000000000006</ele>
   </trkpt>
   <trkpt lat="50.867700000000006" lon="5.51156">
    <ele>57.470000000000006</ele>
   </trkpt>
   <trkpt lat="50.867760000000004" lon="5.511590000000001">
    <ele>57.38000000000001</ele>
   </trkpt>
   <trkpt lat="50.867830000000005" lon="5.511920000000001">
    <ele>57.38000000000001</ele>
   </trkpt>
   <trkpt lat="50.86788000000001" lon="5.51205">
    <ele>56.92</ele>
   </trkpt>
   <trkpt lat="50.86804500269048" lon="5.512839997319897">
    <ele>56.21</ele>
   </trkpt>
   <trkpt lat="50.868210000000005" lon="5.51363">
    <ele>55.730000000000004</ele>
   </trkpt>
   <trkpt lat="50.86827" lon="5.51384">
    <ele>55.67</ele>
   </trkpt>
   <trkpt lat="50.868460000000006" lon="5.51473">
    <ele>55.06</ele>
   </trkpt>
   <trkpt lat="50.868570000000005" lon="5.51506">
    <ele>54.900000000000006</ele>
   </trkpt>
   <trkpt lat="50.868750000000006" lon="5.515320000000001">
    <ele>54.38</ele>
   </trkpt>
   <trkpt lat="50.868770000000005" lon="5.5154000000000005">
    <ele>54.38</ele>
   </trkpt>
   <trkpt lat="50.86876" lon="5.51552">
    <ele>54.38</ele>
   </trkpt>
   <trkpt lat="50.86854" lon="5.5160100000000005">
    <ele>52.81</ele>
   </trkpt>
   <trkpt lat="50.86845" lon="5.51632">
    <ele>52.49</ele>
   </trkpt>
   <trkpt lat="50.8682" lon="5.517600000000001">
    <ele>56.31</ele>
   </trkpt>
   <trkpt lat="50.86818" lon="5.517810000000001">
    <ele>56.31</ele>
   </trkpt>
   <trkpt lat="50.8682" lon="5.51808">
    <ele>57.18</ele>
   </trkpt>
   <trkpt lat="50.86815000000001" lon="5.51818">
    <ele>57.63000000000001</ele>
   </trkpt>
   <trkpt lat="50.86802" lon="5.51832">
    <ele>58.11</ele>
   </trkpt>
   <trkpt lat="50.867850000000004" lon="5.51846">
    <ele>58.410000000000004</ele>
   </trkpt>
   <trkpt lat="50.86726" lon="5.51888">
    <ele>61.03000000000001</ele>
   </trkpt>
   <trkpt lat="50.86715" lon="5.5189900000000005">
    <ele>61.910000000000004</ele>
   </trkpt>
   <trkpt lat="50.866960000000006" lon="5.51937">
    <ele>63.39</ele>
   </trkpt>
   <trkpt lat="50.86668" lon="5.52048">
    <ele>67.89</ele>
   </trkpt>
   <trkpt lat="50.866550000000004" lon="5.520840000000001">
    <ele>69.99000000000001</ele>
   </trkpt>
   <trkpt lat="50.866060000000004" lon="5.5219700000000005">
    <ele>74.71000000000001</ele>
   </trkpt>
   <trkpt lat="50.865790000000004" lon="5.522670000000001">
    <ele>76.26</ele>
   </trkpt>
   <trkpt lat="50.86569" lon="5.52303">
    <ele>76.76</ele>
   </trkpt>
   <trkpt lat="50.86546500575747" lon="5.524190005552911">
    <ele>76.25000000000001</ele>
   </trkpt>
   <trkpt lat="50.86524000000001" lon="5.52535">
    <ele>74.79</ele>
   </trkpt>
   <trkpt lat="50.86505667438549" lon="5.5263000074327735">
    <ele>73.65</ele>
   </trkpt>
   <trkpt lat="50.8648733410596" lon="5.5272500073940884">
    <ele>72.65</ele>
   </trkpt>
   <trkpt lat="50.86469" lon="5.528200000000001">
    <ele>71.36</ele>
   </trkpt>
   <trkpt lat="50.864610000000006" lon="5.52845">
    <ele>70.83</ele>
   </trkpt>
   <trkpt lat="50.86449" lon="5.52899">
    <ele>70.47</ele>
   </trkpt>
   <trkpt lat="50.864450000000005" lon="5.529000000000001">
    <ele>70.47</ele>
   </trkpt>
   <trkpt lat="50.86435" lon="5.529120000000001">
    <ele>70.3</ele>
   </trkpt>
   <trkpt lat="50.86433" lon="5.529240000000001">
    <ele>70.3</ele>
   </trkpt>
   <trkpt lat="50.86435" lon="5.52934">
    <ele>69.85000000000001</ele>
   </trkpt>
   <trkpt lat="50.86441000000001" lon="5.52946">
    <ele>69.85000000000001</ele>
   </trkpt>
   <trkpt lat="50.8644" lon="5.529610000000001">
    <ele>69.54</ele>
   </trkpt>
   <trkpt lat="50.86424" lon="5.53045">
    <ele>68.91</ele>
   </trkpt>
   <trkpt lat="50.864230000000006" lon="5.530600000000001">
    <ele>68.92</ele>
   </trkpt>
   <trkpt lat="50.86407500271058" lon="5.531395002589518">
    <ele>68.72</ele>
   </trkpt>
   <trkpt lat="50.86392000000001" lon="5.532190000000001">
    <ele>68.25</ele>
   </trkpt>
   <trkpt lat="50.86381" lon="5.533">
    <ele>68.68</ele>
   </trkpt>
   <trkpt lat="50.86372" lon="5.5338">
    <ele>71.02</ele>
   </trkpt>
   <trkpt lat="50.863670000000006" lon="5.534630000000001">
    <ele>74.37</ele>
   </trkpt>
   <trkpt lat="50.86365668081295" lon="5.53591666732822">
    <ele>79.32</ele>
   </trkpt>
   <trkpt lat="50.86364334748038" lon="5.5372033339209095">
    <ele>83.80000000000001</ele>
   </trkpt>
   <trkpt lat="50.86363000000001" lon="5.53849">
    <ele>87.53000000000002</ele>
   </trkpt>
   <trkpt lat="50.86361000225529" lon="5.53921499995965">
    <ele>88.62</ele>
   </trkpt>
   <trkpt lat="50.86359" lon="5.5399400000000005">
    <ele>88.57000000000001</ele>
   </trkpt>
   <trkpt lat="50.86348" lon="5.54129">
    <ele>88.21000000000001</ele>
   </trkpt>
   <trkpt lat="50.86337" lon="5.5423800000000005">
    <ele>88.16</ele>
   </trkpt>
   <trkpt lat="50.863350000000004" lon="5.54302">
    <ele>87.89000000000001</ele>
   </trkpt>
   <trkpt lat="50.8633" lon="5.543640000000001">
    <ele>88.24000000000001</ele>
   </trkpt>
   <trkpt lat="50.86327000000001" lon="5.54426">
    <ele>89.51</ele>
   </trkpt>
   <trkpt lat="50.86328" lon="5.54487">
    <ele>91.43</ele>
   </trkpt>
   <trkpt lat="50.86334" lon="5.54621">
    <ele>95.25</ele>
   </trkpt>
   <trkpt lat="50.863330000000005" lon="5.546600000000001">
    <ele>95.85000000000001</ele>
   </trkpt>
   <trkpt lat="50.863310000000006" lon="5.546900000000001">
    <ele>96.56</ele>
   </trkpt>
   <trkpt lat="50.863260000000004" lon="5.54746">
    <ele>98.27000000000001</ele>
   </trkpt>
   <trkpt lat="50.86318000000001" lon="5.5480100000000006">
    <ele>101.12</ele>
   </trkpt>
   <trkpt lat="50.86336000000001" lon="5.54809">
    <ele>101.39</ele>
   </trkpt>
   <trkpt lat="50.86346" lon="5.54811">
    <ele>101.16000000000001</ele>
   </trkpt>
   <trkpt lat="50.86365000000001" lon="5.548080000000001">
    <ele>100.93</ele>
   </trkpt>
   <trkpt lat="50.8637" lon="5.54802">
    <ele>100.88000000000001</ele>
   </trkpt>
   <trkpt lat="50.86421000000001" lon="5.54778">
    <ele>98.38000000000001</ele>
   </trkpt>
   <trkpt lat="50.865010000000005" lon="5.5475200000000005">
    <ele>94.33000000000001</ele>
   </trkpt>
   <trkpt lat="50.865480000000005" lon="5.5475200000000005">
    <ele>91.49</ele>
   </trkpt>
   <trkpt lat="50.865460000000006" lon="5.5475200000000005">
    <ele>91.63</ele>
   </trkpt>
   <trkpt lat="50.865930000000006" lon="5.5475200000000005">
    <ele>88.36</ele>
   </trkpt>
   <trkpt lat="50.866150000000005" lon="5.54748">
    <ele>86.59</ele>
   </trkpt>
   <trkpt lat="50.86648" lon="5.54732">
    <ele>85.22</ele>
   </trkpt>
   <trkpt lat="50.866870000000006" lon="5.54694">
    <ele>83.81</ele>
   </trkpt>
   <trkpt lat="50.867090000000005" lon="5.5467200000000005">
    <ele>83.27000000000001</ele>
   </trkpt>
   <trkpt lat="50.867720000941716" lon="5.546260006189112">
    <ele>82.2</ele>
   </trkpt>
   <trkpt lat="50.86835000000001" lon="5.545800000000001">
    <ele>81.01</ele>
   </trkpt>
   <trkpt lat="50.868750000000006" lon="5.545820000000001">
    <ele>80.53</ele>
   </trkpt>
   <trkpt lat="50.86925" lon="5.5456900000000005">
    <ele>80.07000000000001</ele>
   </trkpt>
   <trkpt lat="50.86956000000001" lon="5.545730000000001">
    <ele>79.91000000000001</ele>
   </trkpt>
   <trkpt lat="50.869820000000004" lon="5.5458300000000005">
    <ele>79.39</ele>
   </trkpt>
   <trkpt lat="50.870395000357476" lon="5.546149996008017">
    <ele>79.15</ele>
   </trkpt>
   <trkpt lat="50.87097000000001" lon="5.54647">
    <ele>78.55000000000001</ele>
   </trkpt>
   <trkpt lat="50.87180000000001" lon="5.54673">
    <ele>77.69000000000001</ele>
   </trkpt>
   <trkpt lat="50.872255000097134" lon="5.546954997744627">
    <ele>76.69000000000001</ele>
   </trkpt>
   <trkpt lat="50.872710000000005" lon="5.547180000000001">
    <ele>75.44000000000001</ele>
   </trkpt>
   <trkpt lat="50.87306" lon="5.54727">
    <ele>74.19</ele>
   </trkpt>
   <trkpt lat="50.873490000000004" lon="5.547280000000001">
    <ele>73.19</ele>
   </trkpt>
   <trkpt lat="50.87413500000393" lon="5.547205001040295">
    <ele>72.08</ele>
   </trkpt>
   <trkpt lat="50.87478" lon="5.54713">
    <ele>71.07000000000001</ele>
   </trkpt>
   <trkpt lat="50.87529000000001" lon="5.54717">
    <ele>70.07000000000001</ele>
   </trkpt>
   <trkpt lat="50.875710000000005" lon="5.54732">
    <ele>69.69</ele>
   </trkpt>
   <trkpt lat="50.87586" lon="5.5474000000000006">
    <ele>69.61</ele>
   </trkpt>
   <trkpt lat="50.875960000000006" lon="5.547490000000001">
    <ele>69.44</ele>
   </trkpt>
   <trkpt lat="50.875930000000004" lon="5.547750000000001">
    <ele>69.45000000000002</ele>
   </trkpt>
   <trkpt lat="50.875885004232984" lon="5.54874500087831">
    <ele>69.18</ele>
   </trkpt>
   <trkpt lat="50.875840000000004" lon="5.549740000000001">
    <ele>69.04</ele>
   </trkpt>
   <trkpt lat="50.875640005789194" lon="5.550905005050314">
    <ele>68.4</ele>
   </trkpt>
   <trkpt lat="50.875440000000005" lon="5.5520700000000005">
    <ele>67.64</ele>
   </trkpt>
   <trkpt lat="50.875275003438404" lon="5.552965003079094">
    <ele>67.01</ele>
   </trkpt>
   <trkpt lat="50.87511000000001" lon="5.55386">
    <ele>67.21000000000001</ele>
   </trkpt>
   <trkpt lat="50.874880000000005" lon="5.5551900000000005">
    <ele>68.5</ele>
   </trkpt>
   <trkpt lat="50.87478" lon="5.555560000000001">
    <ele>68.62</ele>
   </trkpt>
   <trkpt lat="50.87449" lon="5.556290000000001">
    <ele>69.25</ele>
   </trkpt>
   <trkpt lat="50.874410000000005" lon="5.5565500000000005">
    <ele>69.25</ele>
   </trkpt>
   <trkpt lat="50.87436" lon="5.556800000000001">
    <ele>69.52000000000001</ele>
   </trkpt>
   <trkpt lat="50.87433000000001" lon="5.557110000000001">
    <ele>69.87</ele>
   </trkpt>
   <trkpt lat="50.87435000000001" lon="5.557930000000001">
    <ele>70.33</ele>
   </trkpt>
   <trkpt lat="50.874340000000004" lon="5.5585">
    <ele>70.69</ele>
   </trkpt>
   <trkpt lat="50.87429" lon="5.559100000000001">
    <ele>71.2</ele>
   </trkpt>
   <trkpt lat="50.87488000008656" lon="5.5592399982283185">
    <ele>69.83</ele>
   </trkpt>
   <trkpt lat="50.87547000000001" lon="5.559380000000001">
    <ele>68.11</ele>
   </trkpt>
   <trkpt lat="50.875800000000005" lon="5.559480000000001">
    <ele>67.29</ele>
   </trkpt>
   <trkpt lat="50.875910000000005" lon="5.55954">
    <ele>66.48</ele>
   </trkpt>
   <trkpt lat="50.8761" lon="5.559690000000001">
    <ele>66.48</ele>
   </trkpt>
   <trkpt lat="50.876510000861046" lon="5.56012999616543">
    <ele>64.86</ele>
   </trkpt>
   <trkpt lat="50.876920000000005" lon="5.56057">
    <ele>63.62000000000001</ele>
   </trkpt>
   <trkpt lat="50.877520000000004" lon="5.5610800000000005">
    <ele>62.400000000000006</ele>
   </trkpt>
   <trkpt lat="50.878190000000004" lon="5.5616">
    <ele>61.910000000000004</ele>
   </trkpt>
   <trkpt lat="50.878310000000006" lon="5.5616">
    <ele>61.76</ele>
   </trkpt>
   <trkpt lat="50.878600000000006" lon="5.56127">
    <ele>60.92</ele>
   </trkpt>
   <trkpt lat="50.87883" lon="5.5610800000000005">
    <ele>60.83</ele>
   </trkpt>
   <trkpt lat="50.8791" lon="5.560960000000001">
    <ele>60.61</ele>
   </trkpt>
   <trkpt lat="50.879310000000004" lon="5.5608900000000006">
    <ele>60.64000000000001</ele>
   </trkpt>
   <trkpt lat="50.87942" lon="5.56087">
    <ele>60.74</ele>
   </trkpt>
   <trkpt lat="50.87957" lon="5.5609">
    <ele>60.940000000000005</ele>
   </trkpt>
   <trkpt lat="50.879780000000004" lon="5.56099">
    <ele>61.08</ele>
   </trkpt>
   <trkpt lat="50.88011" lon="5.561240000000001">
    <ele>61.56</ele>
   </trkpt>
   <trkpt lat="50.880410000000005" lon="5.56156">
    <ele>62.64</ele>
   </trkpt>
   <trkpt lat="50.8806" lon="5.561800000000001">
    <ele>63.42</ele>
   </trkpt>
   <trkpt lat="50.8808" lon="5.562130000000001">
    <ele>63.84</ele>
   </trkpt>
   <trkpt lat="50.881260009109646" lon="5.562972475071897">
    <ele>66.18</ele>
   </trkpt>
   <trkpt lat="50.88172001215538" lon="5.563814966778825">
    <ele>68.06</ele>
   </trkpt>
   <trkpt lat="50.882180009136974" lon="5.564657475121163">
    <ele>69.93</ele>
   </trkpt>
   <trkpt lat="50.88264" lon="5.5655">
    <ele>71.79</ele>
   </trkpt>
   <trkpt lat="50.88302" lon="5.565980000000001">
    <ele>71.44</ele>
   </trkpt>
   <trkpt lat="50.88336" lon="5.56632">
    <ele>70.29</ele>
   </trkpt>
   <trkpt lat="50.88412" lon="5.56681">
    <ele>68.52000000000001</ele>
   </trkpt>
   <trkpt lat="50.88420000000001" lon="5.56681">
    <ele>68.52000000000001</ele>
   </trkpt>
   <trkpt lat="50.88447000000001" lon="5.56676">
    <ele>67.7</ele>
   </trkpt>
   <trkpt lat="50.885265000008026" lon="5.56676">
    <ele>66.60000000000001</ele>
   </trkpt>
   <trkpt lat="50.88606000000001" lon="5.56676">
    <ele>65.81</ele>
   </trkpt>
   <trkpt lat="50.88635000000001" lon="5.566750000000001">
    <ele>65.53</ele>
   </trkpt>
   <trkpt lat="50.88662" lon="5.56667">
    <ele>65.31</ele>
   </trkpt>
   <trkpt lat="50.886790000000005" lon="5.566590000000001">
    <ele>64.88000000000001</ele>
   </trkpt>
   <trkpt lat="50.88727" lon="5.56629">
    <ele>63.84</ele>
   </trkpt>
   <trkpt lat="50.88779" lon="5.565950000000001">
    <ele>61.58</ele>
   </trkpt>
   <trkpt lat="50.887910000000005" lon="5.56594">
    <ele>61.58</ele>
   </trkpt>
   <trkpt lat="50.88805000000001" lon="5.56601">
    <ele>60.74</ele>
   </trkpt>
   <trkpt lat="50.888130000000004" lon="5.56585">
    <ele>60.49</ele>
   </trkpt>
   <trkpt lat="50.888180000000006" lon="5.5658900000000004">
    <ele>60.32000000000001</ele>
   </trkpt>
   <trkpt lat="50.8883" lon="5.5657000000000005">
    <ele>60.07000000000001</ele>
   </trkpt>
   <trkpt lat="50.88839" lon="5.56562">
    <ele>59.830000000000005</ele>
   </trkpt>
   <trkpt lat="50.88903666813764" lon="5.565206678135618">
    <ele>57.31</ele>
   </trkpt>
   <trkpt lat="50.889683334815814" lon="5.564793344795132">
    <ele>55.43000000000001</ele>
   </trkpt>
   <trkpt lat="50.890330000000006" lon="5.564380000000001">
    <ele>54.19</ele>
   </trkpt>
   <trkpt lat="50.891000000000005" lon="5.5642000000000005">
    <ele>54.01</ele>
   </trkpt>
   <trkpt lat="50.891630000000006" lon="5.564120000000001">
    <ele>53.64000000000001</ele>
   </trkpt>
   <trkpt lat="50.89190000000001" lon="5.56407">
    <ele>53.910000000000004</ele>
   </trkpt>
   <trkpt lat="50.89202" lon="5.56393">
    <ele>53.970000000000006</ele>
   </trkpt>
   <trkpt lat="50.892100000000006" lon="5.56371">
    <ele>53.86000000000001</ele>
   </trkpt>
   <trkpt lat="50.892100000000006" lon="5.563440000000001">
    <ele>53.86000000000001</ele>
   </trkpt>
   <trkpt lat="50.892" lon="5.562220000000001">
    <ele>53.25000000000001</ele>
   </trkpt>
   <trkpt lat="50.891910023386124" lon="5.561049990927866">
    <ele>52.79</ele>
   </trkpt>
   <trkpt lat="50.89182003507797" lon="5.559879986376474">
    <ele>52.58</ele>
   </trkpt>
   <trkpt lat="50.89173003507561" lon="5.558709986346381">
    <ele>52.09</ele>
   </trkpt>
   <trkpt lat="50.891640023379146" lon="5.557539990838143">
    <ele>51.63</ele>
   </trkpt>
   <trkpt lat="50.89155" lon="5.55637">
    <ele>51.17000000000001</ele>
   </trkpt>
   <trkpt lat="50.89151000236672" lon="5.555624999285737">
    <ele>50.84</ele>
   </trkpt>
   <trkpt lat="50.891470000000005" lon="5.554880000000001">
    <ele>50.410000000000004</ele>
   </trkpt>
   <trkpt lat="50.8914100029009" lon="5.554054998850439">
    <ele>50.150000000000006</ele>
   </trkpt>
   <trkpt lat="50.89135" lon="5.55323">
    <ele>50.120000000000005</ele>
   </trkpt>
   <trkpt lat="50.89124670511007" lon="5.551888318441356">
    <ele>49.830000000000005</ele>
   </trkpt>
   <trkpt lat="50.89114339484227" lon="5.550546642834027">
    <ele>49.35</ele>
   </trkpt>
   <trkpt lat="50.891040069196734" lon="5.549204973178851">
    <ele>49.38000000000001</ele>
   </trkpt>
   <trkpt lat="50.890936728173585" lon="5.547863309476665">
    <ele>49.25</ele>
   </trkpt>
   <trkpt lat="50.890833371772956" lon="5.546521651728309">
    <ele>49.150000000000006</ele>
   </trkpt>
   <trkpt lat="50.890730000000005" lon="5.54518">
    <ele>49.28</ele>
   </trkpt>
   <trkpt lat="50.890620000000006" lon="5.544020000000001">
    <ele>48.92</ele>
   </trkpt>
   <trkpt lat="50.89053751679714" lon="5.542874993878887">
    <ele>48.74</ele>
   </trkpt>
   <trkpt lat="50.89045502239433" lon="5.5417299918132725">
    <ele>48.6</ele>
   </trkpt>
   <trkpt lat="50.89037251679168" lon="5.540584993803684">
    <ele>48.02</ele>
   </trkpt>
   <trkpt lat="50.89029000000001" lon="5.539440000000001">
    <ele>47.690000000000005</ele>
   </trkpt>
   <trkpt lat="50.89021334182006" lon="5.538443330061916">
    <ele>47.18000000000001</ele>
   </trkpt>
   <trkpt lat="50.890136675154096" lon="5.537446663404558">
    <ele>47.080000000000005</ele>
   </trkpt>
   <trkpt lat="50.890060000000005" lon="5.53645">
    <ele>46.95</ele>
   </trkpt>
   <trkpt lat="50.89000000000001" lon="5.536160000000001">
    <ele>46.970000000000006</ele>
   </trkpt>
   <trkpt lat="50.889950000000006" lon="5.5354600000000005">
    <ele>46.88</ele>
   </trkpt>
   <trkpt lat="50.88991000000001" lon="5.53469">
    <ele>46.970000000000006</ele>
   </trkpt>
   <trkpt lat="50.88993000000001" lon="5.5341000000000005">
    <ele>47.190000000000005</ele>
   </trkpt>
   <trkpt lat="50.88989" lon="5.53406">
    <ele>47.190000000000005</ele>
   </trkpt>
   <trkpt lat="50.889920000000004" lon="5.53319">
    <ele>46.82</ele>
   </trkpt>
   <trkpt lat="50.88989" lon="5.53296">
    <ele>46.88</ele>
   </trkpt>
   <trkpt lat="50.88969" lon="5.532220000000001">
    <ele>47.07</ele>
   </trkpt>
   <trkpt lat="50.8894" lon="5.5313300000000005">
    <ele>47.59</ele>
   </trkpt>
   <trkpt lat="50.88937000000001" lon="5.5311200000000005">
    <ele>47.730000000000004</ele>
   </trkpt>
   <trkpt lat="50.88937000000001" lon="5.530640000000001">
    <ele>47.92</ele>
   </trkpt>
   <trkpt lat="50.88937000000001" lon="5.53066">
    <ele>47.910000000000004</ele>
   </trkpt>
   <trkpt lat="50.889373342573336" lon="5.529620000150112">
    <ele>48.220000000000006</ele>
   </trkpt>
   <trkpt lat="50.889376675906654" lon="5.528580000151174">
    <ele>47.85</ele>
   </trkpt>
   <trkpt lat="50.88938" lon="5.52754">
    <ele>48.120000000000005</ele>
   </trkpt>
   <trkpt lat="50.889340000000004" lon="5.527240000000001">
    <ele>48.010000000000005</ele>
   </trkpt>
   <trkpt lat="50.889190000000006" lon="5.526610000000001">
    <ele>48.28</ele>
   </trkpt>
   <trkpt lat="50.88973000000001" lon="5.52611">
    <ele>46.3</ele>
   </trkpt>
   <trkpt lat="50.89003" lon="5.52592">
    <ele>45.51</ele>
   </trkpt>
   <trkpt lat="50.89064500001497" lon="5.525685003187239">
    <ele>44.76</ele>
   </trkpt>
   <trkpt lat="50.89126" lon="5.52545">
    <ele>44.69</ele>
   </trkpt>
   <trkpt lat="50.89168" lon="5.52536">
    <ele>44.74</ele>
   </trkpt>
   <trkpt lat="50.892210000000006" lon="5.52522">
    <ele>44.65</ele>
   </trkpt>
   <trkpt lat="50.892700000000005" lon="5.5250200000000005">
    <ele>44.69</ele>
   </trkpt>
   <trkpt lat="50.892970000000005" lon="5.524940000000001">
    <ele>44.800000000000004</ele>
   </trkpt>
   <trkpt lat="50.89372000023469" lon="5.524845001504999">
    <ele>44.79</ele>
   </trkpt>
   <trkpt lat="50.894470000000005" lon="5.52475">
    <ele>45.13</ele>
   </trkpt>
   <trkpt lat="50.89486" lon="5.5246900000000005">
    <ele>45.19</ele>
   </trkpt>
   <trkpt lat="50.89549" lon="5.524660000000001">
    <ele>45.230000000000004</ele>
   </trkpt>
   <trkpt lat="50.89618" lon="5.52467">
    <ele>45.300000000000004</ele>
   </trkpt>
   <trkpt lat="50.89640000000001" lon="5.524730000000001">
    <ele>45.28</ele>
   </trkpt>
   <trkpt lat="50.897040000000004" lon="5.52503">
    <ele>45.6</ele>
   </trkpt>
   <trkpt lat="50.897090000000006" lon="5.5250900000000005">
    <ele>45.6</ele>
   </trkpt>
   <trkpt lat="50.89719" lon="5.52512">
    <ele>45.6</ele>
   </trkpt>
   <trkpt lat="50.89728" lon="5.52512">
    <ele>45.67</ele>
   </trkpt>
   <trkpt lat="50.89732000000001" lon="5.52519">
    <ele>45.67</ele>
   </trkpt>
   <trkpt lat="50.897360000000006" lon="5.52521">
    <ele>45.67</ele>
   </trkpt>
   <trkpt lat="50.89743000000001" lon="5.52519">
    <ele>45.7</ele>
   </trkpt>
   <trkpt lat="50.897450000000006" lon="5.525150000000001">
    <ele>45.7</ele>
   </trkpt>
   <trkpt lat="50.89748" lon="5.5250900000000005">
    <ele>45.7</ele>
   </trkpt>
   <trkpt lat="50.89748" lon="5.525010000000001">
    <ele>45.720000000000006</ele>
   </trkpt>
   <trkpt lat="50.89743000000001" lon="5.52489">
    <ele>45.720000000000006</ele>
   </trkpt>
   <trkpt lat="50.897600000000004" lon="5.524290000000001">
    <ele>45.230000000000004</ele>
   </trkpt>
   <trkpt lat="50.89778500440127" lon="5.523280003771054">
    <ele>45.59</ele>
   </trkpt>
   <trkpt lat="50.89797" lon="5.522270000000001">
    <ele>45.82000000000001</ele>
   </trkpt>
   <trkpt lat="50.8982" lon="5.52104">
    <ele>45.6</ele>
   </trkpt>
   <trkpt lat="50.898230000000005" lon="5.52085">
    <ele>45.63</ele>
   </trkpt>
   <trkpt lat="50.89824" lon="5.5205400000000004">
    <ele>45.63</ele>
   </trkpt>
   <trkpt lat="50.89805000684652" lon="5.519274994916264">
    <ele>45.45</ele>
   </trkpt>
   <trkpt lat="50.89786" lon="5.51801">
    <ele>45.26</ele>
   </trkpt>
   <trkpt lat="50.89783751806968" lon="5.516822498308901">
    <ele>44.730000000000004</ele>
   </trkpt>
   <trkpt lat="50.897815024093276" lon="5.515634997764737">
    <ele>44.94</ele>
   </trkpt>
   <trkpt lat="50.897792518070794" lon="5.514447498368122">
    <ele>45.25000000000001</ele>
   </trkpt>
   <trkpt lat="50.89777" lon="5.513260000000001">
    <ele>45.32000000000001</ele>
   </trkpt>
   <trkpt lat="50.897760000000005" lon="5.5124200000000005">
    <ele>45.34</ele>
   </trkpt>
   <trkpt lat="50.89777" lon="5.51222">
    <ele>45.540000000000006</ele>
   </trkpt>
   <trkpt lat="50.89781000000001" lon="5.5120700000000005">
    <ele>45.540000000000006</ele>
   </trkpt>
   <trkpt lat="50.89791" lon="5.51186">
    <ele>45.550000000000004</ele>
   </trkpt>
   <trkpt lat="50.89802" lon="5.51187">
    <ele>45.63</ele>
   </trkpt>
   <trkpt lat="50.89822" lon="5.5118">
    <ele>45.410000000000004</ele>
   </trkpt>
   <trkpt lat="50.898500000000006" lon="5.51172">
    <ele>45.4</ele>
   </trkpt>
   <trkpt lat="50.89902500010398" lon="5.51160000134325">
    <ele>45.99</ele>
   </trkpt>
   <trkpt lat="50.899550000000005" lon="5.511480000000001">
    <ele>45.980000000000004</ele>
   </trkpt>
   <trkpt lat="50.89978000000001" lon="5.511410000000001">
    <ele>45.970000000000006</ele>
   </trkpt>
   <trkpt lat="50.900090000000006" lon="5.51126">
    <ele>46.25000000000001</ele>
   </trkpt>
   <trkpt lat="50.90034000000001" lon="5.511010000000001">
    <ele>46.12</ele>
   </trkpt>
   <trkpt lat="50.90057" lon="5.510730000000001">
    <ele>46.17</ele>
   </trkpt>
   <trkpt lat="50.90101000000001" lon="5.510000000000001">
    <ele>47.09</ele>
   </trkpt>
   <trkpt lat="50.901270000000004" lon="5.5096300000000005">
    <ele>47.96</ele>
   </trkpt>
   <trkpt lat="50.901520000000005" lon="5.5094">
    <ele>49.160000000000004</ele>
   </trkpt>
   <trkpt lat="50.90209" lon="5.5089500000000005">
    <ele>51.85000000000001</ele>
   </trkpt>
   <trkpt lat="50.902260000000005" lon="5.508900000000001">
    <ele>51.85000000000001</ele>
   </trkpt>
   <trkpt lat="50.902350000000006" lon="5.508900000000001">
    <ele>52.660000000000004</ele>
   </trkpt>
   <trkpt lat="50.9025" lon="5.5089500000000005">
    <ele>52.660000000000004</ele>
   </trkpt>
   <trkpt lat="50.90272" lon="5.5091">
    <ele>53.19</ele>
   </trkpt>
   <trkpt lat="50.90294" lon="5.50921">
    <ele>53.540000000000006</ele>
   </trkpt>
   <trkpt lat="50.903090000000006" lon="5.509220000000001">
    <ele>53.660000000000004</ele>
   </trkpt>
   <trkpt lat="50.903360000000006" lon="5.509180000000001">
    <ele>53.64000000000001</ele>
   </trkpt>
   <trkpt lat="50.90373" lon="5.509060000000001">
    <ele>53.57000000000001</ele>
   </trkpt>
   <trkpt lat="50.90379" lon="5.509010000000001">
    <ele>53.61000000000001</ele>
   </trkpt>
   <trkpt lat="50.90392000000001" lon="5.50881">
    <ele>53.39000000000001</ele>
   </trkpt>
   <trkpt lat="50.90397" lon="5.50868">
    <ele>53.39000000000001</ele>
   </trkpt>
   <trkpt lat="50.90413000232542" lon="5.507950002283396">
    <ele>52.77</ele>
   </trkpt>
   <trkpt lat="50.90429" lon="5.50722">
    <ele>52.85</ele>
   </trkpt>
   <trkpt lat="50.90431" lon="5.50706">
    <ele>52.870000000000005</ele>
   </trkpt>
   <trkpt lat="50.904130001909266" lon="5.506394997504761">
    <ele>51.83</ele>
   </trkpt>
   <trkpt lat="50.90395" lon="5.505730000000001">
    <ele>51.04</ele>
   </trkpt>
   <trkpt lat="50.90388" lon="5.505380000000001">
    <ele>50.760000000000005</ele>
   </trkpt>
   <trkpt lat="50.90384" lon="5.50499">
    <ele>50.47</ele>
   </trkpt>
   <trkpt lat="50.90381500418563" lon="5.503999999453544">
    <ele>49.45</ele>
   </trkpt>
   <trkpt lat="50.90379" lon="5.503010000000001">
    <ele>48.52</ele>
   </trkpt>
   <trkpt lat="50.90374667470014" lon="5.50203999811132">
    <ele>47.510000000000005</ele>
   </trkpt>
   <trkpt lat="50.90370334136308" lon="5.501069998028153">
    <ele>46.31</ele>
   </trkpt>
   <trkpt lat="50.90366" lon="5.500100000000001">
    <ele>45.71</ele>
   </trkpt>
   <trkpt lat="50.903650000000006" lon="5.4994700000000005">
    <ele>45.4</ele>
   </trkpt>
   <trkpt lat="50.90366202703666" lon="5.498212001283348">
    <ele>45.050000000000004</ele>
   </trkpt>
   <trkpt lat="50.90367404055506" lon="5.496954001917105">
    <ele>43.84</ele>
   </trkpt>
   <trkpt lat="50.90368604055523" lon="5.495696001902001">
    <ele>43.24</ele>
   </trkpt>
   <trkpt lat="50.903698027037095" lon="5.494438001238764">
    <ele>44.06</ele>
   </trkpt>
   <trkpt lat="50.903710000000004" lon="5.493180000000001">
    <ele>44.53000000000001</ele>
   </trkpt>
   <trkpt lat="50.90367000263157" lon="5.492394999319067">
    <ele>44.410000000000004</ele>
   </trkpt>
   <trkpt lat="50.90363000000001" lon="5.4916100000000005">
    <ele>44.6</ele>
   </trkpt>
   <trkpt lat="50.903640002800216" lon="5.490800000335962">
    <ele>44.93000000000001</ele>
   </trkpt>
   <trkpt lat="50.903650000000006" lon="5.489990000000001">
    <ele>44.82000000000001</ele>
   </trkpt>
   <trkpt lat="50.90364" lon="5.48979">
    <ele>44.980000000000004</ele>
   </trkpt>
   <trkpt lat="50.90379" lon="5.48972">
    <ele>45.06</ele>
   </trkpt>
   <trkpt lat="50.904050000000005" lon="5.48939">
    <ele>45.4</ele>
   </trkpt>
   <trkpt lat="50.9042" lon="5.489140000000001">
    <ele>45.900000000000006</ele>
   </trkpt>
   <trkpt lat="50.90439000000001" lon="5.488770000000001">
    <ele>46.06</ele>
   </trkpt>
   <trkpt lat="50.90448000000001" lon="5.4885">
    <ele>46.21</ele>
   </trkpt>
   <trkpt lat="50.90478500646023" lon="5.487270008063528">
    <ele>46.510000000000005</ele>
   </trkpt>
   <trkpt lat="50.90509" lon="5.48604">
    <ele>45.7</ele>
   </trkpt>
   <trkpt lat="50.905210000000004" lon="5.485480000000001">
    <ele>45.1</ele>
   </trkpt>
   <trkpt lat="50.90536252002023" lon="5.484230012282291">
    <ele>43.9</ele>
   </trkpt>
   <trkpt lat="50.905515026693934" lon="5.482980016374523">
    <ele>43.17000000000001</ele>
   </trkpt>
   <trkpt lat="50.90566752002092" lon="5.481730012277316">
    <ele>43.09</ele>
   </trkpt>
   <trkpt lat="50.905820000000006" lon="5.48048">
    <ele>42.940000000000005</ele>
   </trkpt>
   <trkpt lat="50.906150000000004" lon="5.479170000000001">
    <ele>42.9</ele>
   </trkpt>
   <trkpt lat="50.90628" lon="5.47876">
    <ele>42.96</ele>
   </trkpt>
   <trkpt lat="50.90662500373861" lon="5.4778250069161105">
    <ele>43.04</ele>
   </trkpt>
   <trkpt lat="50.90697" lon="5.47689">
    <ele>43.0</ele>
   </trkpt>
   <trkpt lat="50.90711" lon="5.4766">
    <ele>43.0</ele>
   </trkpt>
   <trkpt lat="50.90744" lon="5.47573">
    <ele>42.71</ele>
   </trkpt>
   <trkpt lat="50.90749" lon="5.47566">
    <ele>42.71</ele>
   </trkpt>
   <trkpt lat="50.907770000000006" lon="5.475440000000001">
    <ele>42.71</ele>
   </trkpt>
   <trkpt lat="50.90782" lon="5.47536">
    <ele>42.71</ele>
   </trkpt>
   <trkpt lat="50.90838" lon="5.47426">
    <ele>42.60000000000001</ele>
   </trkpt>
   <trkpt lat="50.90838" lon="5.474270000000001">
    <ele>42.60000000000001</ele>
   </trkpt>
   <trkpt lat="50.908860000000004" lon="5.47332">
    <ele>41.82</ele>
   </trkpt>
   <trkpt lat="50.90903000203818" lon="5.472630002500416">
    <ele>41.580000000000005</ele>
   </trkpt>
   <trkpt lat="50.909200000000006" lon="5.47194">
    <ele>41.85</ele>
   </trkpt>
   <trkpt lat="50.909200000000006" lon="5.471780000000001">
    <ele>41.85</ele>
   </trkpt>
   <trkpt lat="50.90927000000001" lon="5.4716700000000005">
    <ele>41.85</ele>
   </trkpt>
   <trkpt lat="50.909380000000006" lon="5.471290000000001">
    <ele>41.760000000000005</ele>
   </trkpt>
   <trkpt lat="50.90941" lon="5.47111">
    <ele>41.550000000000004</ele>
   </trkpt>
   <trkpt lat="50.90960000216722" lon="5.470410002582805">
    <ele>41.220000000000006</ele>
   </trkpt>
   <trkpt lat="50.90979" lon="5.46971">
    <ele>41.29</ele>
   </trkpt>
   <trkpt lat="50.91023667254845" lon="5.468880015934427">
    <ele>41.24</ele>
   </trkpt>
   <trkpt lat="50.91068333921271" lon="5.468050015939148">
    <ele>41.0</ele>
   </trkpt>
   <trkpt lat="50.91113000000001" lon="5.46722">
    <ele>41.11</ele>
   </trkpt>
   <trkpt lat="50.91159501037802" lon="5.466320026974395">
    <ele>40.99</ele>
   </trkpt>
   <trkpt lat="50.91206001383768" lon="5.465420035965806">
    <ele>40.550000000000004</ele>
   </trkpt>
   <trkpt lat="50.912525010378744" lon="5.4645200269738465">
    <ele>40.330000000000005</ele>
   </trkpt>
   <trkpt lat="50.91299" lon="5.463620000000001">
    <ele>40.78</ele>
   </trkpt>
   <trkpt lat="50.91295" lon="5.463480000000001">
    <ele>40.39</ele>
   </trkpt>
   <trkpt lat="50.91260000151497" lon="5.462869995283483">
    <ele>39.82</ele>
   </trkpt>
   <trkpt lat="50.91225000000001" lon="5.462260000000001">
    <ele>40.269999999999996</ele>
   </trkpt>
   <trkpt lat="50.912760000000006" lon="5.4615">
    <ele>39.839999999999996</ele>
   </trkpt>
   <trkpt lat="50.91322333651992" lon="5.460886678913674">
    <ele>39.99</ele>
   </trkpt>
   <trkpt lat="50.91368666982682" lon="5.460273345615512">
    <ele>39.870000000000005</ele>
   </trkpt>
   <trkpt lat="50.91415000000001" lon="5.45966">
    <ele>40.230000000000004</ele>
   </trkpt>
   <trkpt lat="50.91425" lon="5.4595400000000005">
    <ele>40.61</ele>
   </trkpt>
   <trkpt lat="50.91490430801494" lon="5.458607221545007">
    <ele>39.57</ele>
   </trkpt>
   <trkpt lat="50.915558608598104" lon="5.45767441686087">
    <ele>39.839999999999996</ele>
   </trkpt>
   <trkpt lat="50.91621290174908" lon="5.456741585946538">
    <ele>40.269999999999996</ele>
   </trkpt>
   <trkpt lat="50.91686718746752" lon="5.455808728800959">
    <ele>40.120000000000005</ele>
   </trkpt>
   <trkpt lat="50.917521465753026" lon="5.454875845423083">
    <ele>39.970000000000006</ele>
   </trkpt>
   <trkpt lat="50.9181757366052" lon="5.453942935811854">
    <ele>39.470000000000006</ele>
   </trkpt>
   <trkpt lat="50.91883000000001" lon="5.453010000000001">
    <ele>39.470000000000006</ele>
   </trkpt>
   <trkpt lat="50.91884" lon="5.452870000000001">
    <ele>39.32</ele>
   </trkpt>
   <trkpt lat="50.91875" lon="5.452520000000001">
    <ele>39.24</ele>
   </trkpt>
   <trkpt lat="50.918760000000006" lon="5.45242">
    <ele>39.24</ele>
   </trkpt>
   <trkpt lat="50.91933250429009" lon="5.451840021428368">
    <ele>38.57</ele>
   </trkpt>
   <trkpt lat="50.91990500570714" lon="5.45126002858479">
    <ele>38.41</ele>
   </trkpt>
   <trkpt lat="50.92047750425098" lon="5.450680021468692">
    <ele>38.23</ele>
   </trkpt>
   <trkpt lat="50.92105" lon="5.450100000000001">
    <ele>38.46</ele>
   </trkpt>
   <trkpt lat="50.92164000215034" lon="5.449375009309465">
    <ele>38.89</ele>
   </trkpt>
   <trkpt lat="50.922230000000006" lon="5.448650000000001">
    <ele>39.260000000000005</ele>
   </trkpt>
   <trkpt lat="50.92235" lon="5.44857">
    <ele>39.46</ele>
   </trkpt>
   <trkpt lat="50.92259000000001" lon="5.44815">
    <ele>39.67</ele>
   </trkpt>
   <trkpt lat="50.922700000000006" lon="5.44791">
    <ele>39.52</ele>
   </trkpt>
   <trkpt lat="50.923100000000005" lon="5.447380000000001">
    <ele>39.5</ele>
   </trkpt>
   <trkpt lat="50.923140000000004" lon="5.44737">
    <ele>39.5</ele>
   </trkpt>
   <trkpt lat="50.92309" lon="5.44723">
    <ele>39.5</ele>
   </trkpt>
   <trkpt lat="50.922810000000005" lon="5.44669">
    <ele>39.31</ele>
   </trkpt>
   <trkpt lat="50.922670000000004" lon="5.44636">
    <ele>39.17</ele>
   </trkpt>
   <trkpt lat="50.922430000000006" lon="5.44524">
    <ele>38.8</ele>
   </trkpt>
   <trkpt lat="50.922075002135344" lon="5.4445249944481775">
    <ele>38.19</ele>
   </trkpt>
   <trkpt lat="50.92172000000001" lon="5.44381">
    <ele>38.56</ele>
   </trkpt>
   <trkpt lat="50.922316671328154" lon="5.443070018999296">
    <ele>38.510000000000005</ele>
   </trkpt>
   <trkpt lat="50.922913337979466" lon="5.442330019018683">
    <ele>38.73</ele>
   </trkpt>
   <trkpt lat="50.92351000000001" lon="5.441590000000001">
    <ele>38.830000000000005</ele>
   </trkpt>
   <trkpt lat="50.92397500156513" lon="5.441015005557656">
    <ele>38.96</ele>
   </trkpt>
   <trkpt lat="50.924440000000004" lon="5.440440000000001">
    <ele>39.16</ele>
   </trkpt>
   <trkpt lat="50.92510167620399" lon="5.439771714194906">
    <ele>39.120000000000005</ele>
   </trkpt>
   <trkpt lat="50.92576334859353" lon="5.4391034093794515">
    <ele>39.24</ele>
   </trkpt>
   <trkpt lat="50.92642501716845" lon="5.438435085552756">
    <ele>39.52</ele>
   </trkpt>
   <trkpt lat="50.92708668192856" lon="5.437766742713942">
    <ele>39.790000000000006</ele>
   </trkpt>
   <trkpt lat="50.927748342873656" lon="5.4370983808621265">
    <ele>39.440000000000005</ele>
   </trkpt>
   <trkpt lat="50.92841000000001" lon="5.4364300000000005">
    <ele>40.31</ele>
   </trkpt>
   <trkpt lat="50.929152507415886" lon="5.435667536548031">
    <ele>40.21</ele>
   </trkpt>
   <trkpt lat="50.92989500986663" lon="5.434905048753532">
    <ele>40.760000000000005</ele>
   </trkpt>
   <trkpt lat="50.93063750735196" lon="5.434142536615243">
    <ele>41.190000000000005</ele>
   </trkpt>
   <trkpt lat="50.931380000000004" lon="5.4333800000000005">
    <ele>41.31</ele>
   </trkpt>
   <trkpt lat="50.931340000000006" lon="5.43343">
    <ele>41.330000000000005</ele>
   </trkpt>
   <trkpt lat="50.93186667059883" lon="5.432750015421994">
    <ele>41.160000000000004</ele>
   </trkpt>
   <trkpt lat="50.93239333724876" lon="5.432070015443877">
    <ele>41.300000000000004</ele>
   </trkpt>
   <trkpt lat="50.93292" lon="5.43139">
    <ele>41.260000000000005</ele>
   </trkpt>
   <trkpt lat="50.93303" lon="5.431290000000001">
    <ele>41.28</ele>
   </trkpt>
   <trkpt lat="50.933350000000004" lon="5.43088">
    <ele>41.28</ele>
   </trkpt>
   <trkpt lat="50.933510000000005" lon="5.430650000000001">
    <ele>41.32</ele>
   </trkpt>
   <trkpt lat="50.933640000000004" lon="5.430370000000001">
    <ele>41.32</ele>
   </trkpt>
   <trkpt lat="50.9339" lon="5.4300500000000005">
    <ele>41.42</ele>
   </trkpt>
   <trkpt lat="50.93413" lon="5.42989">
    <ele>41.5</ele>
   </trkpt>
   <trkpt lat="50.93388" lon="5.42924">
    <ele>41.35</ele>
   </trkpt>
   <trkpt lat="50.93385000000001" lon="5.42909">
    <ele>41.330000000000005</ele>
   </trkpt>
   <trkpt lat="50.933840000000004" lon="5.42893">
    <ele>41.18</ele>
   </trkpt>
   <trkpt lat="50.933870000000006" lon="5.4288300000000005">
    <ele>41.18</ele>
   </trkpt>
   <trkpt lat="50.934050000000006" lon="5.42865">
    <ele>41.080000000000005</ele>
   </trkpt>
   <trkpt lat="50.93412000000001" lon="5.428850000000001">
    <ele>41.11</ele>
   </trkpt>
   <trkpt lat="50.93419" lon="5.428920000000001">
    <ele>41.11</ele>
   </trkpt>
   <trkpt lat="50.93468000000001" lon="5.4290400000000005">
    <ele>41.220000000000006</ele>
   </trkpt>
   <trkpt lat="50.93541000094117" lon="5.429454993602515">
    <ele>42.07</ele>
   </trkpt>
   <trkpt lat="50.93614" lon="5.42987">
    <ele>44.76</ele>
   </trkpt>
   <trkpt lat="50.936580000000006" lon="5.430140000000001">
    <ele>46.11000000000001</ele>
   </trkpt>
   <trkpt lat="50.937400000000004" lon="5.43062">
    <ele>49.21</ele>
   </trkpt>
   <trkpt lat="50.93753" lon="5.430680000000001">
    <ele>49.43</ele>
   </trkpt>
   <trkpt lat="50.93775" lon="5.4307300000000005">
    <ele>49.59</ele>
   </trkpt>
   <trkpt lat="50.93854200024483" lon="5.430847991961568">
    <ele>49.550000000000004</ele>
   </trkpt>
   <trkpt lat="50.93933400037078" lon="5.430965987942624">
    <ele>49.830000000000005</ele>
   </trkpt>
   <trkpt lat="50.94012600037781" lon="5.431083987943422">
    <ele>47.88</ele>
   </trkpt>
   <trkpt lat="50.940918000265945" lon="5.431201991964209">
    <ele>45.74</ele>
   </trkpt>
   <trkpt lat="50.94171000000001" lon="5.43132">
    <ele>44.57000000000001</ele>
   </trkpt>
   <trkpt lat="50.942370000003166" lon="5.431409998718096">
    <ele>44.620000000000005</ele>
   </trkpt>
   <trkpt lat="50.94303000000001" lon="5.431500000000001">
    <ele>44.61</ele>
   </trkpt>
   <trkpt lat="50.9433" lon="5.43147">
    <ele>44.67</ele>
   </trkpt>
   <trkpt lat="50.94351" lon="5.4314100000000005">
    <ele>44.660000000000004</ele>
   </trkpt>
   <trkpt lat="50.943720000000006" lon="5.4313">
    <ele>44.730000000000004</ele>
   </trkpt>
   <trkpt lat="50.94389" lon="5.4312000000000005">
    <ele>44.74</ele>
   </trkpt>
   <trkpt lat="50.94397000000001" lon="5.4311300000000005">
    <ele>44.82000000000001</ele>
   </trkpt>
   <trkpt lat="50.94408000000001" lon="5.431">
    <ele>44.82000000000001</ele>
   </trkpt>
   <trkpt lat="50.94413" lon="5.4309">
    <ele>44.82000000000001</ele>
   </trkpt>
   <trkpt lat="50.94413" lon="5.4308000000000005">
    <ele>44.82000000000001</ele>
   </trkpt>
   <trkpt lat="50.94409" lon="5.43062">
    <ele>44.82000000000001</ele>
   </trkpt>
   <trkpt lat="50.944160000000004" lon="5.430540000000001">
    <ele>44.800000000000004</ele>
   </trkpt>
   <trkpt lat="50.944755005906245" lon="5.429860026128684">
    <ele>43.940000000000005</ele>
   </trkpt>
   <trkpt lat="50.94535000786409" lon="5.429180034851335">
    <ele>44.0</ele>
   </trkpt>
   <trkpt lat="50.9459450058733" lon="5.428500026167257">
    <ele>44.300000000000004</ele>
   </trkpt>
   <trkpt lat="50.946540000000006" lon="5.4278200000000005">
    <ele>44.160000000000004</ele>
   </trkpt>
   <trkpt lat="50.94711" lon="5.427300000000001">
    <ele>44.02</ele>
   </trkpt>
   <trkpt lat="50.947876668949995" lon="5.426793349986296">
    <ele>43.910000000000004</ele>
   </trkpt>
   <trkpt lat="50.94864333570795" lon="5.426286683259649">
    <ele>44.410000000000004</ele>
   </trkpt>
   <trkpt lat="50.94941000000001" lon="5.4257800000000005">
    <ele>44.82000000000001</ele>
   </trkpt>
   <trkpt lat="50.94973" lon="5.42562">
    <ele>44.82000000000001</ele>
   </trkpt>
   <trkpt lat="50.95006000000001" lon="5.42553">
    <ele>45.02</ele>
   </trkpt>
   <trkpt lat="50.95037000000001" lon="5.4255">
    <ele>45.08</ele>
   </trkpt>
   <trkpt lat="50.95035000000001" lon="5.4255">
    <ele>45.08</ele>
   </trkpt>
   <trkpt lat="50.95058" lon="5.42551">
    <ele>45.08</ele>
   </trkpt>
   <trkpt lat="50.95120000001058" lon="5.425573331641225">
    <ele>45.27</ele>
   </trkpt>
   <trkpt lat="50.951819999986924" lon="5.425636664972114">
    <ele>45.62</ele>
   </trkpt>
   <trkpt lat="50.95244" lon="5.425700000000001">
    <ele>46.830000000000005</ele>
   </trkpt>
   <trkpt lat="50.95213003362467" lon="5.424554239854932">
    <ele>46.660000000000004</ele>
   </trkpt>
   <trkpt lat="50.95182005603979" lon="5.423408494992899">
    <ele>45.95</ele>
   </trkpt>
   <trkpt lat="50.9515100672457" lon="5.422262765414082">
    <ele>45.76</ele>
   </trkpt>
   <trkpt lat="50.95120006724262" lon="5.421117051118659">
    <ele>46.13</ele>
   </trkpt>
   <trkpt lat="50.95089005603084" lon="5.419971352106813">
    <ele>45.84</ele>
   </trkpt>
   <trkpt lat="50.95058003361064" lon="5.418825668378721">
    <ele>45.6</ele>
   </trkpt>
   <trkpt lat="50.95027" lon="5.417680000000001">
    <ele>45.61000000000001</ele>
   </trkpt>
   <trkpt lat="50.95004500295323" lon="5.416849996026235">
    <ele>45.410000000000004</ele>
   </trkpt>
   <trkpt lat="50.94982" lon="5.4160200000000005">
    <ele>45.21000000000001</ele>
   </trkpt>
   <trkpt lat="50.94968" lon="5.415570000000001">
    <ele>45.15</ele>
   </trkpt>
   <trkpt lat="50.949510000000004" lon="5.41518">
    <ele>44.95</ele>
   </trkpt>
   <trkpt lat="50.94908" lon="5.414370000000001">
    <ele>44.64000000000001</ele>
   </trkpt>
   <trkpt lat="50.948550000000004" lon="5.41331">
    <ele>44.300000000000004</ele>
   </trkpt>
   <trkpt lat="50.949116679644725" lon="5.412530047559664">
    <ele>44.28000000000001</ele>
   </trkpt>
   <trkpt lat="50.94968335409474" lon="5.411750076101595">
    <ele>44.68000000000001</ele>
   </trkpt>
   <trkpt lat="50.95025002334979" lon="5.410970085625121">
    <ele>45.040000000000006</ele>
   </trkpt>
   <trkpt lat="50.95081668740968" lon="5.410190076129567">
    <ele>45.15</ele>
   </trkpt>
   <trkpt lat="50.95138334627414" lon="5.409410047614259">
    <ele>45.15</ele>
   </trkpt>
   <trkpt lat="50.951950000000004" lon="5.4086300000000005">
    <ele>45.51</ele>
   </trkpt>
   <trkpt lat="50.951980000000006" lon="5.40864">
    <ele>45.51</ele>
   </trkpt>
   <trkpt lat="50.952070000000006" lon="5.408600000000001">
    <ele>45.720000000000006</ele>
   </trkpt>
   <trkpt lat="50.952110000000005" lon="5.4086300000000005">
    <ele>45.720000000000006</ele>
   </trkpt>
   <trkpt lat="50.952130000000004" lon="5.40871">
    <ele>45.720000000000006</ele>
   </trkpt>
   <trkpt lat="50.95215" lon="5.40873">
    <ele>45.78</ele>
   </trkpt>
   <trkpt lat="50.952220000000004" lon="5.40868">
    <ele>45.78</ele>
   </trkpt>
   <trkpt lat="50.95225000000001" lon="5.40878">
    <ele>45.8</ele>
   </trkpt>
   <trkpt lat="50.95235" lon="5.40871">
    <ele>45.730000000000004</ele>
   </trkpt>
   <trkpt lat="50.952400000000004" lon="5.4088">
    <ele>45.69</ele>
   </trkpt>
   <trkpt lat="50.95252000000001" lon="5.408860000000001">
    <ele>45.69</ele>
   </trkpt>
   <trkpt lat="50.95259" lon="5.40896">
    <ele>45.730000000000004</ele>
   </trkpt>
   <trkpt lat="50.952760000000005" lon="5.40897">
    <ele>45.730000000000004</ele>
   </trkpt>
   <trkpt lat="50.95338666691251" lon="5.4088166707907765">
    <ele>45.33</ele>
   </trkpt>
   <trkpt lat="50.95401333362427" lon="5.408663337446479">
    <ele>45.21000000000001</ele>
   </trkpt>
   <trkpt lat="50.954640000000005" lon="5.408510000000001">
    <ele>44.99</ele>
   </trkpt>
   <trkpt lat="50.955360000000006" lon="5.40835">
    <ele>44.97</ele>
   </trkpt>
   <trkpt lat="50.95541000000001" lon="5.40835">
    <ele>45.11000000000001</ele>
   </trkpt>
   <trkpt lat="50.955470000000005" lon="5.408370000000001">
    <ele>45.11000000000001</ele>
   </trkpt>
   <trkpt lat="50.95564" lon="5.408340000000001">
    <ele>45.040000000000006</ele>
   </trkpt>
   <trkpt lat="50.95588000000001" lon="5.408250000000001">
    <ele>45.07000000000001</ele>
   </trkpt>
   <trkpt lat="50.956" lon="5.40819">
    <ele>45.18000000000001</ele>
   </trkpt>
   <trkpt lat="50.95670250030917" lon="5.408027507376608">
    <ele>44.78</ele>
   </trkpt>
   <trkpt lat="50.957405000392875" lon="5.407865009840134">
    <ele>44.34</ele>
   </trkpt>
   <trkpt lat="50.95810750025113" lon="5.407702507390311">
    <ele>43.74</ele>
   </trkpt>
   <trkpt lat="50.95881000000001" lon="5.40754">
    <ele>44.300000000000004</ele>
   </trkpt>
   <trkpt lat="50.958960000000005" lon="5.4074800000000005">
    <ele>44.61</ele>
   </trkpt>
   <trkpt lat="50.959010000000006" lon="5.407800000000001">
    <ele>44.64000000000001</ele>
   </trkpt>
   <trkpt lat="50.959140000000005" lon="5.4080200000000005">
    <ele>44.65</ele>
   </trkpt>
   <trkpt lat="50.959210000000006" lon="5.408080000000001">
    <ele>44.65</ele>
   </trkpt>
   <trkpt lat="50.959250000000004" lon="5.40815">
    <ele>44.65</ele>
   </trkpt>
   <trkpt lat="50.95928000000001" lon="5.40843">
    <ele>44.78</ele>
   </trkpt>
   <trkpt lat="50.959320000000005" lon="5.40913">
    <ele>45.01</ele>
   </trkpt>
   <trkpt lat="50.959300000000006" lon="5.40976">
    <ele>45.43000000000001</ele>
   </trkpt>
   <trkpt lat="50.95931" lon="5.4099900000000005">
    <ele>45.43000000000001</ele>
   </trkpt>
   <trkpt lat="50.95938" lon="5.41026">
    <ele>45.61000000000001</ele>
   </trkpt>
   <trkpt lat="50.9594" lon="5.4106000000000005">
    <ele>45.7</ele>
   </trkpt>
   <trkpt lat="50.95938" lon="5.411130000000001">
    <ele>45.87</ele>
   </trkpt>
   <trkpt lat="50.95942" lon="5.41141">
    <ele>45.8</ele>
   </trkpt>
   <trkpt lat="50.9594700050728" lon="5.412499998837755">
    <ele>45.980000000000004</ele>
   </trkpt>
   <trkpt lat="50.959520000000005" lon="5.41359">
    <ele>46.17</ele>
   </trkpt>
   <trkpt lat="50.95958" lon="5.4139100000000004">
    <ele>46.24</ele>
   </trkpt>
   <trkpt lat="50.959610000000005" lon="5.414610000000001">
    <ele>46.52</ele>
   </trkpt>
   <trkpt lat="50.95957000000001" lon="5.41478">
    <ele>46.71</ele>
   </trkpt>
   <trkpt lat="50.95958" lon="5.415150000000001">
    <ele>46.82</ele>
   </trkpt>
   <trkpt lat="50.959680000000006" lon="5.415690000000001">
    <ele>46.88</ele>
   </trkpt>
   <trkpt lat="50.95967" lon="5.415990000000001">
    <ele>46.88</ele>
   </trkpt>
   <trkpt lat="50.95970000224191" lon="5.416714999480735">
    <ele>46.75000000000001</ele>
   </trkpt>
   <trkpt lat="50.95973000000001" lon="5.41744">
    <ele>46.580000000000005</ele>
   </trkpt>
   <trkpt lat="50.95978" lon="5.41772">
    <ele>46.580000000000005</ele>
   </trkpt>
   <trkpt lat="50.959880000000005" lon="5.41802">
    <ele>46.74</ele>
   </trkpt>
   <trkpt lat="50.959900000000005" lon="5.41861">
    <ele>47.78</ele>
   </trkpt>
   <trkpt lat="50.95994" lon="5.418710000000001">
    <ele>47.78</ele>
   </trkpt>
   <trkpt lat="50.960240000000006" lon="5.418710000000001">
    <ele>47.86000000000001</ele>
   </trkpt>
   <trkpt lat="50.960280000000004" lon="5.418740000000001">
    <ele>47.86000000000001</ele>
   </trkpt>
   <trkpt lat="50.960350000000005" lon="5.418850000000001">
    <ele>47.42</ele>
   </trkpt>
   <trkpt lat="50.96040000000001" lon="5.418880000000001">
    <ele>47.42</ele>
   </trkpt>
   <trkpt lat="50.96109000013486" lon="5.418875000073279">
    <ele>47.1</ele>
   </trkpt>
   <trkpt lat="50.961780000000005" lon="5.41887">
    <ele>47.550000000000004</ele>
   </trkpt>
   <trkpt lat="50.96179000000001" lon="5.41887">
    <ele>47.550000000000004</ele>
   </trkpt>
   <trkpt lat="50.96246666668549" lon="5.418866666763672">
    <ele>47.620000000000005</ele>
   </trkpt>
   <trkpt lat="50.963143333370894" lon="5.418863333430249">
    <ele>48.06</ele>
   </trkpt>
   <trkpt lat="50.963820000000005" lon="5.4188600000000005">
    <ele>48.970000000000006</ele>
   </trkpt>
   <trkpt lat="50.964200000000005" lon="5.418900000000001">
    <ele>49.650000000000006</ele>
   </trkpt>
   <trkpt lat="50.964270000000006" lon="5.418950000000001">
    <ele>49.81000000000001</ele>
   </trkpt>
   <trkpt lat="50.96435" lon="5.4191">
    <ele>49.910000000000004</ele>
   </trkpt>
   <trkpt lat="50.96439" lon="5.419300000000001">
    <ele>49.910000000000004</ele>
   </trkpt>
   <trkpt lat="50.96444" lon="5.42009">
    <ele>49.92</ele>
   </trkpt>
   <trkpt lat="50.964400000000005" lon="5.4211800000000006">
    <ele>49.970000000000006</ele>
   </trkpt>
   <trkpt lat="50.96439000699314" lon="5.422460000448239">
    <ele>50.300000000000004</ele>
   </trkpt>
   <trkpt lat="50.964380000000006" lon="5.4237400000000004">
    <ele>50.5</ele>
   </trkpt>
   <trkpt lat="50.96437" lon="5.42398">
    <ele>50.47</ele>
   </trkpt>
   <trkpt lat="50.96439" lon="5.42412">
    <ele>50.480000000000004</ele>
   </trkpt>
   <trkpt lat="50.964360000000006" lon="5.424790000000001">
    <ele>50.730000000000004</ele>
   </trkpt>
   <trkpt lat="50.96437" lon="5.42565">
    <ele>51.11</ele>
   </trkpt>
   <trkpt lat="50.96435" lon="5.426360000000001">
    <ele>51.57</ele>
   </trkpt>
   <trkpt lat="50.96437" lon="5.42738">
    <ele>52.120000000000005</ele>
   </trkpt>
   <trkpt lat="50.96432" lon="5.4276100000000005">
    <ele>52.230000000000004</ele>
   </trkpt>
   <trkpt lat="50.96435" lon="5.428570000000001">
    <ele>52.94</ele>
   </trkpt>
   <trkpt lat="50.964420000000004" lon="5.42858">
    <ele>52.99</ele>
   </trkpt>
   <trkpt lat="50.96441" lon="5.4293000000000005">
    <ele>52.99</ele>
   </trkpt>
   <trkpt lat="50.96443000000001" lon="5.42961">
    <ele>53.02</ele>
   </trkpt>
   <trkpt lat="50.96443000000001" lon="5.43048">
    <ele>53.39000000000001</ele>
   </trkpt>
   <trkpt lat="50.964510000000004" lon="5.430820000000001">
    <ele>53.480000000000004</ele>
   </trkpt>
   <trkpt lat="50.96457" lon="5.43092">
    <ele>53.39000000000001</ele>
   </trkpt>
   <trkpt lat="50.96482" lon="5.43114">
    <ele>53.2</ele>
   </trkpt>
   <trkpt lat="50.965050000000005" lon="5.43142">
    <ele>52.99</ele>
   </trkpt>
   <trkpt lat="50.96564500338196" lon="5.4323199883575475">
    <ele>53.01</ele>
   </trkpt>
   <trkpt lat="50.966240000000006" lon="5.43322">
    <ele>53.300000000000004</ele>
   </trkpt>
   <trkpt lat="50.96625" lon="5.43323">
    <ele>53.300000000000004</ele>
   </trkpt>
   <trkpt lat="50.966760007571736" lon="5.433999974605901">
    <ele>53.68000000000001</ele>
   </trkpt>
   <trkpt lat="50.96727001008149" lon="5.4347699661192745">
    <ele>54.11000000000001</ele>
   </trkpt>
   <trkpt lat="50.967780007529065" lon="5.43553997454063">
    <ele>54.36000000000001</ele>
   </trkpt>
   <trkpt lat="50.96829" lon="5.436310000000001">
    <ele>54.56</ele>
   </trkpt>
   <trkpt lat="50.968540000000004" lon="5.436660000000001">
    <ele>54.78</ele>
   </trkpt>
   <trkpt lat="50.969270001758865" lon="5.437279990355913">
    <ele>55.010000000000005</ele>
   </trkpt>
   <trkpt lat="50.970000000000006" lon="5.437900000000001">
    <ele>55.330000000000005</ele>
   </trkpt>
   <trkpt lat="50.97017" lon="5.438020000000001">
    <ele>55.300000000000004</ele>
   </trkpt>
   <trkpt lat="50.970330000000004" lon="5.438070000000001">
    <ele>55.28</ele>
   </trkpt>
   <trkpt lat="50.970490000000005" lon="5.43808">
    <ele>55.23</ele>
   </trkpt>
   <trkpt lat="50.97064" lon="5.4380500000000005">
    <ele>55.09</ele>
   </trkpt>
   <trkpt lat="50.97079" lon="5.43796">
    <ele>55.03</ele>
   </trkpt>
   <trkpt lat="50.970960000000005" lon="5.43782">
    <ele>55.080000000000005</ele>
   </trkpt>
   <trkpt lat="50.97110000000001" lon="5.43761">
    <ele>55.07000000000001</ele>
   </trkpt>
   <trkpt lat="50.971250000000005" lon="5.437270000000001">
    <ele>55.13</ele>
   </trkpt>
   <trkpt lat="50.97168501798208" lon="5.436085033299625">
    <ele>54.95</ele>
   </trkpt>
   <trkpt lat="50.972120023975734" lon="5.434900044401404">
    <ele>54.25000000000001</ele>
   </trkpt>
   <trkpt lat="50.97255501798051" lon="5.433715033305189">
    <ele>54.34</ele>
   </trkpt>
   <trkpt lat="50.97299" lon="5.432530000000001">
    <ele>53.980000000000004</ele>
   </trkpt>
   <trkpt lat="50.97296000000001" lon="5.4324900000000005">
    <ele>54.2</ele>
   </trkpt>
   <trkpt lat="50.97331251166829" lon="5.431535021777015">
    <ele>54.040000000000006</ele>
   </trkpt>
   <trkpt lat="50.97366501555028" lon="5.430580029056634">
    <ele>54.230000000000004</ele>
   </trkpt>
   <trkpt lat="50.974017511645734" lon="5.429625021838772">
    <ele>54.31</ele>
   </trkpt>
   <trkpt lat="50.97437000000001" lon="5.42867">
    <ele>54.39000000000001</ele>
   </trkpt>
   <trkpt lat="50.97448000000001" lon="5.428240000000001">
    <ele>54.21</ele>
   </trkpt>
   <trkpt lat="50.97458" lon="5.427230000000001">
    <ele>53.6</ele>
   </trkpt>
   <trkpt lat="50.974630000000005" lon="5.42628">
    <ele>54.35</ele>
   </trkpt>
   <trkpt lat="50.97465000246266" lon="5.425520000440255">
    <ele>54.03</ele>
   </trkpt>
   <trkpt lat="50.97467" lon="5.42476">
    <ele>53.85</ele>
   </trkpt>
   <trkpt lat="50.97464" lon="5.42429">
    <ele>53.51</ele>
   </trkpt>
   <trkpt lat="50.974520000000005" lon="5.42384">
    <ele>53.49</ele>
   </trkpt>
   <trkpt lat="50.974500000000006" lon="5.42363">
    <ele>53.39000000000001</ele>
   </trkpt>
   <trkpt lat="50.974135018517394" lon="5.422427471643854">
    <ele>52.64000000000001</ele>
   </trkpt>
   <trkpt lat="50.97377002468899" lon="5.421224962189692">
    <ele>51.93</ele>
   </trkpt>
   <trkpt lat="50.97340501851517" lon="5.420022471637612">
    <ele>51.43</ele>
   </trkpt>
   <trkpt lat="50.973040000000005" lon="5.41882">
    <ele>50.86</ele>
   </trkpt>
   <trkpt lat="50.97279000229852" lon="5.418079995900802">
    <ele>50.370000000000005</ele>
   </trkpt>
   <trkpt lat="50.97254" lon="5.41734">
    <ele>49.81000000000001</ele>
   </trkpt>
   <trkpt lat="50.972190000000005" lon="5.41682">
    <ele>49.910000000000004</ele>
   </trkpt>
   <trkpt lat="50.971940000000004" lon="5.41636">
    <ele>49.830000000000005</ele>
   </trkpt>
   <trkpt lat="50.97148000000001" lon="5.415330000000001">
    <ele>49.400000000000006</ele>
   </trkpt>
   <trkpt lat="50.971340000000005" lon="5.415100000000001">
    <ele>49.32</ele>
   </trkpt>
   <trkpt lat="50.97115" lon="5.41488">
    <ele>49.1</ele>
   </trkpt>
   <trkpt lat="50.97119000000001" lon="5.4148000000000005">
    <ele>49.1</ele>
   </trkpt>
   <trkpt lat="50.971210000000006" lon="5.414650000000001">
    <ele>49.07</ele>
   </trkpt>
   <trkpt lat="50.97093201932976" lon="5.413585974519602">
    <ele>48.85</ele>
   </trkpt>
   <trkpt lat="50.970654028993565" lon="5.412521961775971">
    <ele>48.02</ele>
   </trkpt>
   <trkpt lat="50.97037602899165" lon="5.4114579617692735">
    <ele>47.24</ele>
   </trkpt>
   <trkpt lat="50.97009801932421" lon="5.410393974499674">
    <ele>47.27</ele>
   </trkpt>
   <trkpt lat="50.969820000000006" lon="5.409330000000001">
    <ele>47.14</ele>
   </trkpt>
   <trkpt lat="50.96956000401627" lon="5.408359994568815">
    <ele>46.75000000000001</ele>
   </trkpt>
   <trkpt lat="50.969300000000004" lon="5.40739">
    <ele>46.34</ele>
   </trkpt>
   <trkpt lat="50.96893000000001" lon="5.406090000000001">
    <ele>46.03</ele>
   </trkpt>
   <trkpt lat="50.9686350042099" lon="5.405104993971429">
    <ele>45.85</ele>
   </trkpt>
   <trkpt lat="50.968340000000005" lon="5.404120000000001">
    <ele>45.410000000000004</ele>
   </trkpt>
   <trkpt lat="50.968030003296974" lon="5.403254994514015">
    <ele>45.28</ele>
   </trkpt>
   <trkpt lat="50.96772000000001" lon="5.4023900000000005">
    <ele>45.12</ele>
   </trkpt>
   <trkpt lat="50.96745000000001" lon="5.40157">
    <ele>45.18000000000001</ele>
   </trkpt>
   <trkpt lat="50.96741" lon="5.40139">
    <ele>45.1</ele>
   </trkpt>
   <trkpt lat="50.96785000030346" lon="5.401105002727691">
    <ele>44.93000000000001</ele>
   </trkpt>
   <trkpt lat="50.96829" lon="5.40082">
    <ele>44.84</ele>
   </trkpt>
   <trkpt lat="50.968500000000006" lon="5.400510000000001">
    <ele>44.95</ele>
   </trkpt>
   <trkpt lat="50.968970000000006" lon="5.39991">
    <ele>45.32000000000001</ele>
   </trkpt>
   <trkpt lat="50.969030000000004" lon="5.3999500000000005">
    <ele>45.32000000000001</ele>
   </trkpt>
   <trkpt lat="50.96946000073915" lon="5.399570003409479">
    <ele>45.24</ele>
   </trkpt>
   <trkpt lat="50.96989000000001" lon="5.399190000000001">
    <ele>45.290000000000006</ele>
   </trkpt>
   <trkpt lat="50.97061" lon="5.39838">
    <ele>45.410000000000004</ele>
   </trkpt>
   <trkpt lat="50.971147506631205" lon="5.397660025007741">
    <ele>45.660000000000004</ele>
   </trkpt>
   <trkpt lat="50.97168500883665" lon="5.396940033350857">
    <ele>45.720000000000006</ele>
   </trkpt>
   <trkpt lat="50.97222250661611" lon="5.396220025028782">
    <ele>45.730000000000004</ele>
   </trkpt>
   <trkpt lat="50.97276" lon="5.3955">
    <ele>46.150000000000006</ele>
   </trkpt>
   <trkpt lat="50.97283" lon="5.39547">
    <ele>46.150000000000006</ele>
   </trkpt>
   <trkpt lat="50.97296000000001" lon="5.39536">
    <ele>46.150000000000006</ele>
   </trkpt>
   <trkpt lat="50.97305" lon="5.39536">
    <ele>46.38</ele>
   </trkpt>
   <trkpt lat="50.97312" lon="5.3954">
    <ele>46.38</ele>
   </trkpt>
   <trkpt lat="50.973220000000005" lon="5.395490000000001">
    <ele>46.38</ele>
   </trkpt>
   <trkpt lat="50.97336000000001" lon="5.3955">
    <ele>46.53</ele>
   </trkpt>
   <trkpt lat="50.973400000000005" lon="5.39552">
    <ele>46.59</ele>
   </trkpt>
   <trkpt lat="50.97343000000001" lon="5.39557">
    <ele>46.64</ele>
   </trkpt>
   <trkpt lat="50.973530000000004" lon="5.39547">
    <ele>46.68000000000001</ele>
   </trkpt>
   <trkpt lat="50.973620000000004" lon="5.39534">
    <ele>46.690000000000005</ele>
   </trkpt>
   <trkpt lat="50.973650000000006" lon="5.39501">
    <ele>46.67</ele>
   </trkpt>
   <trkpt lat="50.973800000000004" lon="5.394480000000001">
    <ele>46.46</ele>
   </trkpt>
   <trkpt lat="50.974070000000005" lon="5.39383">
    <ele>46.43000000000001</ele>
   </trkpt>
   <trkpt lat="50.97456000380413" lon="5.3931666806005545">
    <ele>46.37</ele>
   </trkpt>
   <trkpt lat="50.97505000385171" lon="5.392503347203013">
    <ele>46.49</ele>
   </trkpt>
   <trkpt lat="50.97554" lon="5.39184">
    <ele>46.62</ele>
   </trkpt>
   <trkpt lat="50.97561" lon="5.3917">
    <ele>46.64</ele>
   </trkpt>
   <trkpt lat="50.97592" lon="5.39128">
    <ele>46.760000000000005</ele>
   </trkpt>
   <trkpt lat="50.976020000000005" lon="5.39118">
    <ele>46.760000000000005</ele>
   </trkpt>
   <trkpt lat="50.97659000260177" lon="5.390400009568061">
    <ele>46.580000000000005</ele>
   </trkpt>
   <trkpt lat="50.977160000000005" lon="5.389620000000001">
    <ele>46.34</ele>
   </trkpt>
   <trkpt lat="50.97713" lon="5.38956">
    <ele>46.34</ele>
   </trkpt>
   <trkpt lat="50.976670000000006" lon="5.3901900000000005">
    <ele>46.38</ele>
   </trkpt>
   <trkpt lat="50.97622500158353" lon="5.390800005852268">
    <ele>46.580000000000005</ele>
   </trkpt>
   <trkpt lat="50.97578000000001" lon="5.3914100000000005">
    <ele>46.660000000000004</ele>
   </trkpt>
   <trkpt lat="50.97579" lon="5.39146">
    <ele>46.78</ele>
   </trkpt>
   <trkpt lat="50.97592" lon="5.39128">
    <ele>46.760000000000005</ele>
   </trkpt>
   <trkpt lat="50.976020000000005" lon="5.39118">
    <ele>46.760000000000005</ele>
   </trkpt>
   <trkpt lat="50.97659000260177" lon="5.390400009568061">
    <ele>46.580000000000005</ele>
   </trkpt>
   <trkpt lat="50.977160000000005" lon="5.389620000000001">
    <ele>46.48</ele>
   </trkpt>
   <trkpt lat="50.97767" lon="5.3889000000000005">
    <ele>46.38</ele>
   </trkpt>
   <trkpt lat="50.97777000000001" lon="5.38881">
    <ele>46.38</ele>
   </trkpt>
   <trkpt lat="50.97802" lon="5.38846">
    <ele>46.330000000000005</ele>
   </trkpt>
   <trkpt lat="50.978080000000006" lon="5.388350000000001">
    <ele>46.330000000000005</ele>
   </trkpt>
   <trkpt lat="50.97856" lon="5.38771">
    <ele>46.330000000000005</ele>
   </trkpt>
   <trkpt lat="50.978970000000004" lon="5.38712">
    <ele>46.330000000000005</ele>
   </trkpt>
   <trkpt lat="50.97909000000001" lon="5.38701">
    <ele>46.330000000000005</ele>
   </trkpt>
   <trkpt lat="50.979620000000004" lon="5.3863">
    <ele>46.46</ele>
   </trkpt>
   <trkpt lat="50.97984" lon="5.38612">
    <ele>46.7</ele>
   </trkpt>
   <trkpt lat="50.97992000000001" lon="5.386150000000001">
    <ele>46.830000000000005</ele>
   </trkpt>
   <trkpt lat="50.979940000000006" lon="5.3862000000000005">
    <ele>46.830000000000005</ele>
   </trkpt>
   <trkpt lat="50.98008" lon="5.386080000000001">
    <ele>46.900000000000006</ele>
   </trkpt>
   <trkpt lat="50.980070000000005" lon="5.3859">
    <ele>46.900000000000006</ele>
   </trkpt>
   <trkpt lat="50.98011" lon="5.38571">
    <ele>46.81</ele>
   </trkpt>
   <trkpt lat="50.980290000000004" lon="5.385330000000001">
    <ele>46.650000000000006</ele>
   </trkpt>
   <trkpt lat="50.98075667184233" lon="5.3845500157105">
    <ele>46.400000000000006</ele>
   </trkpt>
   <trkpt lat="50.98122333849075" lon="5.383770015741244">
    <ele>46.470000000000006</ele>
   </trkpt>
   <trkpt lat="50.98169000000001" lon="5.38299">
    <ele>46.62</ele>
   </trkpt>
   <trkpt lat="50.982000000000006" lon="5.38239">
    <ele>46.88</ele>
   </trkpt>
   <trkpt lat="50.982420000000005" lon="5.38145">
    <ele>46.95</ele>
   </trkpt>
   <trkpt lat="50.98289500616951" lon="5.380245012401166">
    <ele>46.95</ele>
   </trkpt>
   <trkpt lat="50.98337" lon="5.379040000000001">
    <ele>46.75000000000001</ele>
   </trkpt>
   <trkpt lat="50.9834" lon="5.378920000000001">
    <ele>46.75000000000001</ele>
   </trkpt>
   <trkpt lat="50.983810009238404" lon="5.377880018357545">
    <ele>46.68000000000001</ele>
   </trkpt>
   <trkpt lat="50.98422000924339" lon="5.376840018345243">
    <ele>46.49</ele>
   </trkpt>
   <trkpt lat="50.98463" lon="5.375800000000001">
    <ele>46.6</ele>
   </trkpt>
   <trkpt lat="50.984770000000005" lon="5.37551">
    <ele>46.50000000000001</ele>
   </trkpt>
   <trkpt lat="50.984840000000005" lon="5.37551">
    <ele>46.540000000000006</ele>
   </trkpt>
   <trkpt lat="50.984880000000004" lon="5.375570000000001">
    <ele>46.540000000000006</ele>
   </trkpt>
   <trkpt lat="50.98501" lon="5.375430000000001">
    <ele>46.55</ele>
   </trkpt>
   <trkpt lat="50.98500000000001" lon="5.37528">
    <ele>46.55</ele>
   </trkpt>
   <trkpt lat="50.98503" lon="5.375190000000001">
    <ele>46.36000000000001</ele>
   </trkpt>
   <trkpt lat="50.98519" lon="5.37506">
    <ele>46.36000000000001</ele>
   </trkpt>
   <trkpt lat="50.98599333459706" lon="5.374680013137643">
    <ele>45.96</ele>
   </trkpt>
   <trkpt lat="50.98679666796144" lon="5.374300013123239">
    <ele>45.56</ele>
   </trkpt>
   <trkpt lat="50.98760000000001" lon="5.37392">
    <ele>45.84</ele>
   </trkpt>
   <trkpt lat="50.987730000000006" lon="5.37389">
    <ele>46.07000000000001</ele>
   </trkpt>
   <trkpt lat="50.987770000000005" lon="5.373970000000001">
    <ele>46.07000000000001</ele>
   </trkpt>
   <trkpt lat="50.987860000000005" lon="5.37389">
    <ele>46.07000000000001</ele>
   </trkpt>
   <trkpt lat="50.98787" lon="5.3737900000000005">
    <ele>45.980000000000004</ele>
   </trkpt>
   <trkpt lat="50.98789000000001" lon="5.373710000000001">
    <ele>45.980000000000004</ele>
   </trkpt>
   <trkpt lat="50.988020000000006" lon="5.37366">
    <ele>45.56</ele>
   </trkpt>
   <trkpt lat="50.988110000000006" lon="5.37366">
    <ele>45.56</ele>
   </trkpt>
   <trkpt lat="50.988925000715696" lon="5.373255007103563">
    <ele>45.290000000000006</ele>
   </trkpt>
   <trkpt lat="50.989740000000005" lon="5.372850000000001">
    <ele>45.290000000000006</ele>
   </trkpt>
   <trkpt lat="50.990475000582116" lon="5.372475005947773">
    <ele>44.58</ele>
   </trkpt>
   <trkpt lat="50.99121" lon="5.3721000000000005">
    <ele>44.4</ele>
   </trkpt>
   <trkpt lat="50.99132" lon="5.372000000000001">
    <ele>44.67</ele>
   </trkpt>
   <trkpt lat="50.99137" lon="5.371980000000001">
    <ele>44.65</ele>
   </trkpt>
   <trkpt lat="50.99138000000001" lon="5.37202">
    <ele>44.620000000000005</ele>
   </trkpt>
   <trkpt lat="50.991440000000004" lon="5.372000000000001">
    <ele>44.620000000000005</ele>
   </trkpt>
   <trkpt lat="50.99213" lon="5.37131">
    <ele>44.620000000000005</ele>
   </trkpt>
   <trkpt lat="50.99269500128332" lon="5.37077500645486">
    <ele>44.29</ele>
   </trkpt>
   <trkpt lat="50.99326000000001" lon="5.370240000000001">
    <ele>45.050000000000004</ele>
   </trkpt>
   <trkpt lat="50.9937600011964" lon="5.369750005111155">
    <ele>45.43000000000001</ele>
   </trkpt>
   <trkpt lat="50.994260000000004" lon="5.369260000000001">
    <ele>45.51</ele>
   </trkpt>
   <trkpt lat="50.994460000000004" lon="5.369120000000001">
    <ele>45.550000000000004</ele>
   </trkpt>
   <trkpt lat="50.99456000000001" lon="5.369090000000001">
    <ele>45.7</ele>
   </trkpt>
   <trkpt lat="50.994670000000006" lon="5.369090000000001">
    <ele>45.7</ele>
   </trkpt>
   <trkpt lat="50.99472" lon="5.369070000000001">
    <ele>45.75000000000001</ele>
   </trkpt>
   <trkpt lat="50.99477" lon="5.36901">
    <ele>45.75000000000001</ele>
   </trkpt>
   <trkpt lat="50.994800000000005" lon="5.36906">
    <ele>45.82000000000001</ele>
   </trkpt>
   <trkpt lat="50.99485000000001" lon="5.369090000000001">
    <ele>45.82000000000001</ele>
   </trkpt>
   <trkpt lat="50.99494000000001" lon="5.369020000000001">
    <ele>45.87</ele>
   </trkpt>
   <trkpt lat="50.994960000000006" lon="5.368950000000001">
    <ele>45.88</ele>
   </trkpt>
   <trkpt lat="50.994960000000006" lon="5.36887">
    <ele>45.88</ele>
   </trkpt>
   <trkpt lat="50.99492000000001" lon="5.36875">
    <ele>45.83</ele>
   </trkpt>
   <trkpt lat="50.99481" lon="5.368510000000001">
    <ele>45.56</ele>
   </trkpt>
   <trkpt lat="50.994910000000004" lon="5.3676900000000005">
    <ele>45.470000000000006</ele>
   </trkpt>
   <trkpt lat="50.9949" lon="5.36749">
    <ele>45.480000000000004</ele>
   </trkpt>
   <trkpt lat="50.99483000000001" lon="5.36723">
    <ele>45.43000000000001</ele>
   </trkpt>
   <trkpt lat="50.99474000000001" lon="5.36706">
    <ele>45.410000000000004</ele>
   </trkpt>
   <trkpt lat="50.99475" lon="5.36692">
    <ele>45.410000000000004</ele>
   </trkpt>
   <trkpt lat="50.994710000000005" lon="5.366840000000001">
    <ele>45.37</ele>
   </trkpt>
   <trkpt lat="50.994640000000004" lon="5.36681">
    <ele>45.37</ele>
   </trkpt>
   <trkpt lat="50.99461" lon="5.36666">
    <ele>45.37</ele>
   </trkpt>
   <trkpt lat="50.994200000000006" lon="5.3655800000000005">
    <ele>45.050000000000004</ele>
   </trkpt>
   <trkpt lat="50.994040000000005" lon="5.364940000000001">
    <ele>45.040000000000006</ele>
   </trkpt>
   <trkpt lat="50.99379001737064" lon="5.363774981134746">
    <ele>44.77</ele>
   </trkpt>
   <trkpt lat="50.99354002315528" lon="5.3626099748208995">
    <ele>44.34</ele>
   </trkpt>
   <trkpt lat="50.99329001735418" lon="5.361444981058795">
    <ele>43.81</ele>
   </trkpt>
   <trkpt lat="50.99304000000001" lon="5.36028">
    <ele>43.370000000000005</ele>
   </trkpt>
   <trkpt lat="50.99287000392557" lon="5.359314996186461">
    <ele>43.27</ele>
   </trkpt>
   <trkpt lat="50.992700000000006" lon="5.358350000000001">
    <ele>43.11</ele>
   </trkpt>
   <trkpt lat="50.99255" lon="5.3576500000000005">
    <ele>42.89</ele>
   </trkpt>
   <trkpt lat="50.99228" lon="5.35648">
    <ele>42.79</ele>
   </trkpt>
   <trkpt lat="50.99202000963415" lon="5.3554166546796615">
    <ele>42.660000000000004</ele>
   </trkpt>
   <trkpt lat="50.9917600096162" lon="5.3543533212731615">
    <ele>42.300000000000004</ele>
   </trkpt>
   <trkpt lat="50.9915" lon="5.35329">
    <ele>42.22</ele>
   </trkpt>
   <trkpt lat="50.99163" lon="5.35317">
    <ele>41.96</ele>
   </trkpt>
   <trkpt lat="50.992145009415296" lon="5.352312528546308">
    <ele>42.31</ele>
   </trkpt>
   <trkpt lat="50.99266001255399" lon="5.351455038061972">
    <ele>42.43</ele>
   </trkpt>
   <trkpt lat="50.99317500941581" lon="5.350597528546455">
    <ele>42.59</ele>
   </trkpt>
   <trkpt lat="50.99369" lon="5.349740000000001">
    <ele>42.730000000000004</ele>
   </trkpt>
   <trkpt lat="50.99416000149904" lon="5.349145006041221">
    <ele>42.74</ele>
   </trkpt>
   <trkpt lat="50.99463" lon="5.34855">
    <ele>42.870000000000005</ele>
   </trkpt>
   <trkpt lat="50.99519667218226" lon="5.347746686276551">
    <ele>42.5</ele>
   </trkpt>
   <trkpt lat="50.99576333885584" lon="5.346943352933779">
    <ele>42.42000000000001</ele>
   </trkpt>
   <trkpt lat="50.99633000000001" lon="5.34614">
    <ele>42.370000000000005</ele>
   </trkpt>
   <trkpt lat="50.99663" lon="5.34578">
    <ele>42.38</ele>
   </trkpt>
   <trkpt lat="50.997040000000005" lon="5.34534">
    <ele>42.160000000000004</ele>
   </trkpt>
   <trkpt lat="50.997170000000004" lon="5.345230000000001">
    <ele>42.160000000000004</ele>
   </trkpt>
   <trkpt lat="50.99780000039523" lon="5.3448300056135745">
    <ele>41.650000000000006</ele>
   </trkpt>
   <trkpt lat="50.998430000000006" lon="5.34443">
    <ele>41.620000000000005</ele>
   </trkpt>
   <trkpt lat="50.998310000000004" lon="5.344130000000001">
    <ele>41.57</ele>
   </trkpt>
   <trkpt lat="50.998160000000006" lon="5.343680000000001">
    <ele>41.330000000000005</ele>
   </trkpt>
   <trkpt lat="50.998110000000004" lon="5.34342">
    <ele>41.25</ele>
   </trkpt>
   <trkpt lat="50.99793751385419" lon="5.342379988432385">
    <ele>41.2</ele>
   </trkpt>
   <trkpt lat="50.997765018475604" lon="5.34133998459707">
    <ele>41.080000000000005</ele>
   </trkpt>
   <trkpt lat="50.9975925138644" lon="5.34029998849436">
    <ele>40.95</ele>
   </trkpt>
   <trkpt lat="50.997420000000005" lon="5.33926">
    <ele>40.68</ele>
   </trkpt>
   <trkpt lat="50.997240000000005" lon="5.33853">
    <ele>40.900000000000006</ele>
   </trkpt>
   <trkpt lat="50.99714" lon="5.3382700000000005">
    <ele>40.900000000000006</ele>
   </trkpt>
   <trkpt lat="50.99716" lon="5.338240000000001">
    <ele>40.900000000000006</ele>
   </trkpt>
   <trkpt lat="50.99714" lon="5.338150000000001">
    <ele>40.900000000000006</ele>
   </trkpt>
   <trkpt lat="50.997130000000006" lon="5.337890000000001">
    <ele>40.84</ele>
   </trkpt>
   <trkpt lat="50.99716" lon="5.3377300000000005">
    <ele>40.870000000000005</ele>
   </trkpt>
   <trkpt lat="50.997260000000004" lon="5.337470000000001">
    <ele>40.85</ele>
   </trkpt>
   <trkpt lat="50.99734" lon="5.337440000000001">
    <ele>40.85</ele>
   </trkpt>
   <trkpt lat="50.99745000000001" lon="5.33748">
    <ele>40.760000000000005</ele>
   </trkpt>
   <trkpt lat="50.997490000000006" lon="5.337470000000001">
    <ele>40.760000000000005</ele>
   </trkpt>
   <trkpt lat="50.9975" lon="5.33741">
    <ele>40.760000000000005</ele>
   </trkpt>
   <trkpt lat="50.99757" lon="5.33739">
    <ele>40.760000000000005</ele>
   </trkpt>
   <trkpt lat="50.99805500039979" lon="5.33706500343125">
    <ele>40.269999999999996</ele>
   </trkpt>
   <trkpt lat="50.998540000000006" lon="5.336740000000001">
    <ele>40.17</ele>
   </trkpt>
   <trkpt lat="50.99918500056423" lon="5.3363750050764445">
    <ele>40.24</ele>
   </trkpt>
   <trkpt lat="50.99983" lon="5.336010000000001">
    <ele>40.330000000000005</ele>
   </trkpt>
   <trkpt lat="51.0001" lon="5.33586">
    <ele>40.370000000000005</ele>
   </trkpt>
   <trkpt lat="51.000240000000005" lon="5.33575">
    <ele>40.43</ele>
   </trkpt>
   <trkpt lat="51.00039" lon="5.335590000000001">
    <ele>40.59</ele>
   </trkpt>
   <trkpt lat="51.00063" lon="5.33521">
    <ele>40.68</ele>
   </trkpt>
   <trkpt lat="51.0012350041635" lon="5.334220012941664">
    <ele>40.540000000000006</ele>
   </trkpt>
   <trkpt lat="51.00184" lon="5.33323">
    <ele>40.38</ele>
   </trkpt>
   <trkpt lat="51.002190001430044" lon="5.332660004229503">
    <ele>40.32</ele>
   </trkpt>
   <trkpt lat="51.00254" lon="5.33209">
    <ele>40.230000000000004</ele>
   </trkpt>
   <trkpt lat="51.002810000000004" lon="5.3316300000000005">
    <ele>40.190000000000005</ele>
   </trkpt>
   <trkpt lat="51.00300000000001" lon="5.331390000000001">
    <ele>40.25</ele>
   </trkpt>
   <trkpt lat="51.00371779029711" lon="5.330784519401219">
    <ele>40.120000000000005</ele>
   </trkpt>
   <trkpt lat="51.004435577464854" lon="5.330179020065467">
    <ele>40.269999999999996</ele>
   </trkpt>
   <trkpt lat="51.00515336150308" lon="5.329573501991766">
    <ele>40.160000000000004</ele>
   </trkpt>
   <trkpt lat="51.00587114241161" lon="5.328967965179141">
    <ele>40.080000000000005</ele>
   </trkpt>
   <trkpt lat="51.006588920190254" lon="5.328362409626609">
    <ele>39.93</ele>
   </trkpt>
   <trkpt lat="51.00730669483885" lon="5.3277568353331946">
    <ele>39.870000000000005</ele>
   </trkpt>
   <trkpt lat="51.00802446635721" lon="5.32715124229792">
    <ele>39.78</ele>
   </trkpt>
   <trkpt lat="51.008742234745164" lon="5.326545630519806">
    <ele>39.71</ele>
   </trkpt>
   <trkpt lat="51.009460000000004" lon="5.32594">
    <ele>39.68</ele>
   </trkpt>
   <trkpt lat="51.01016500439122" lon="5.325355026668753">
    <ele>40.28</ele>
   </trkpt>
   <trkpt lat="51.01087000586162" lon="5.324770035553512">
    <ele>42.550000000000004</ele>
   </trkpt>
   <trkpt lat="51.01157500441103" lon="5.324185026653363">
    <ele>46.34</ele>
   </trkpt>
   <trkpt lat="51.012280000000004" lon="5.323600000000001">
    <ele>46.85</ele>
   </trkpt>
   <trkpt lat="51.012975001416514" lon="5.32301500880398">
    <ele>44.26</ele>
   </trkpt>
   <trkpt lat="51.013670000000005" lon="5.322430000000001">
    <ele>40.970000000000006</ele>
   </trkpt>
   <trkpt lat="51.01402" lon="5.32218">
    <ele>39.66</ele>
   </trkpt>
   <trkpt lat="51.01424" lon="5.322050000000001">
    <ele>39.510000000000005</ele>
   </trkpt>
   <trkpt lat="51.01462" lon="5.321910000000001">
    <ele>39.35</ele>
   </trkpt>
   <trkpt lat="51.014630000000004" lon="5.321910000000001">
    <ele>39.35</ele>
   </trkpt>
   <trkpt lat="51.01536" lon="5.32164">
    <ele>39.470000000000006</ele>
   </trkpt>
   <trkpt lat="51.015890000000006" lon="5.32155">
    <ele>39.27</ele>
   </trkpt>
   <trkpt lat="51.016490000000005" lon="5.32148">
    <ele>39.25</ele>
   </trkpt>
   <trkpt lat="51.016690000000004" lon="5.32143">
    <ele>39.080000000000005</ele>
   </trkpt>
   <trkpt lat="51.01682" lon="5.32138">
    <ele>39.080000000000005</ele>
   </trkpt>
   <trkpt lat="51.0174" lon="5.3210500000000005">
    <ele>38.92</ele>
   </trkpt>
   <trkpt lat="51.01771" lon="5.320930000000001">
    <ele>38.86000000000001</ele>
   </trkpt>
   <trkpt lat="51.017900000000004" lon="5.3209100000000005">
    <ele>38.88</ele>
   </trkpt>
   <trkpt lat="51.01825" lon="5.32094">
    <ele>39.03</ele>
   </trkpt>
   <trkpt lat="51.018330000000006" lon="5.32096">
    <ele>39.43</ele>
   </trkpt>
   <trkpt lat="51.018420000000006" lon="5.32103">
    <ele>39.43</ele>
   </trkpt>
   <trkpt lat="51.018460000000005" lon="5.3209100000000005">
    <ele>39.43</ele>
   </trkpt>
   <trkpt lat="51.018660000000004" lon="5.320690000000001">
    <ele>39.370000000000005</ele>
   </trkpt>
   <trkpt lat="51.018800000000006" lon="5.32045">
    <ele>39.370000000000005</ele>
   </trkpt>
   <trkpt lat="51.01887000000001" lon="5.320220000000001">
    <ele>39.36000000000001</ele>
   </trkpt>
   <trkpt lat="51.018890000000006" lon="5.3200400000000005">
    <ele>39.36000000000001</ele>
   </trkpt>
   <trkpt lat="51.01887000000001" lon="5.319710000000001">
    <ele>39.42</ele>
   </trkpt>
   <trkpt lat="51.0187000035922" lon="5.318789996520134">
    <ele>39.23</ele>
   </trkpt>
   <trkpt lat="51.018530000000005" lon="5.31787">
    <ele>39.57</ele>
   </trkpt>
   <trkpt lat="51.01865" lon="5.3178">
    <ele>39.24</ele>
   </trkpt>
   <trkpt lat="51.018800000000006" lon="5.3177900000000005">
    <ele>39.24</ele>
   </trkpt>
   <trkpt lat="51.01921" lon="5.31765">
    <ele>39.05</ele>
   </trkpt>
   <trkpt lat="51.019600000000004" lon="5.31747">
    <ele>39.45</ele>
   </trkpt>
   <trkpt lat="51.019780000000004" lon="5.31735">
    <ele>39.7</ele>
   </trkpt>
   <trkpt lat="51.019920000000006" lon="5.31721">
    <ele>40.0</ele>
   </trkpt>
   <trkpt lat="51.02037000000001" lon="5.31665">
    <ele>40.510000000000005</ele>
   </trkpt>
   <trkpt lat="51.020720000000004" lon="5.31627">
    <ele>40.86</ele>
   </trkpt>
   <trkpt lat="51.02093000000001" lon="5.31608">
    <ele>41.190000000000005</ele>
   </trkpt>
   <trkpt lat="51.021150000000006" lon="5.31592">
    <ele>41.36</ele>
   </trkpt>
   <trkpt lat="51.02140000000001" lon="5.3158">
    <ele>41.75</ele>
   </trkpt>
   <trkpt lat="51.021620000000006" lon="5.31575">
    <ele>42.010000000000005</ele>
   </trkpt>
   <trkpt lat="51.021820000000005" lon="5.31573">
    <ele>42.620000000000005</ele>
   </trkpt>
   <trkpt lat="51.02212" lon="5.315740000000001">
    <ele>43.32</ele>
   </trkpt>
   <trkpt lat="51.02260000004726" lon="5.3157799995892185">
    <ele>43.96000000000001</ele>
   </trkpt>
   <trkpt lat="51.02308000000001" lon="5.31582">
    <ele>43.36</ele>
   </trkpt>
   <trkpt lat="51.02322" lon="5.3157700000000006">
    <ele>43.28000000000001</ele>
   </trkpt>
   <trkpt lat="51.02342" lon="5.31562">
    <ele>43.39</ele>
   </trkpt>
   <trkpt lat="51.02317000000001" lon="5.314640000000001">
    <ele>43.2</ele>
   </trkpt>
   <trkpt lat="51.02308000000001" lon="5.314220000000001">
    <ele>42.89</ele>
   </trkpt>
   <trkpt lat="51.02304" lon="5.313680000000001">
    <ele>42.480000000000004</ele>
   </trkpt>
   <trkpt lat="51.023050000000005" lon="5.3135900000000005">
    <ele>42.480000000000004</ele>
   </trkpt>
   <trkpt lat="51.02309" lon="5.313470000000001">
    <ele>41.82</ele>
   </trkpt>
   <trkpt lat="51.02308000000001" lon="5.313280000000001">
    <ele>41.82</ele>
   </trkpt>
   <trkpt lat="51.02319000000001" lon="5.31317">
    <ele>41.43</ele>
   </trkpt>
   <trkpt lat="51.02326000000001" lon="5.3132">
    <ele>41.06</ele>
   </trkpt>
   <trkpt lat="51.02346000000001" lon="5.313160000000001">
    <ele>40.730000000000004</ele>
   </trkpt>
   <trkpt lat="51.02357000000001" lon="5.3131200000000005">
    <ele>40.36</ele>
   </trkpt>
   <trkpt lat="51.02376" lon="5.3129800000000005">
    <ele>40.13</ele>
   </trkpt>
   <trkpt lat="51.024060000000006" lon="5.31264">
    <ele>39.580000000000005</ele>
   </trkpt>
   <trkpt lat="51.02418" lon="5.312460000000001">
    <ele>39.39</ele>
   </trkpt>
   <trkpt lat="51.024260000000005" lon="5.31249">
    <ele>39.35</ele>
   </trkpt>
   <trkpt lat="51.02429000000001" lon="5.31247">
    <ele>39.35</ele>
   </trkpt>
   <trkpt lat="51.024350000000005" lon="5.312360000000001">
    <ele>39.13</ele>
   </trkpt>
   <trkpt lat="51.024330000000006" lon="5.31221">
    <ele>39.13</ele>
   </trkpt>
   <trkpt lat="51.0247" lon="5.31155">
    <ele>38.760000000000005</ele>
   </trkpt>
   <trkpt lat="51.02511000204362" lon="5.3108700058975025">
    <ele>38.38</ele>
   </trkpt>
   <trkpt lat="51.02552000000001" lon="5.31019">
    <ele>37.88</ele>
   </trkpt>
   <trkpt lat="51.02579" lon="5.309880000000001">
    <ele>37.78</ele>
   </trkpt>
   <trkpt lat="51.026" lon="5.309690000000001">
    <ele>37.69</ele>
   </trkpt>
   <trkpt lat="51.026625001006686" lon="5.309195006705083">
    <ele>37.34</ele>
   </trkpt>
   <trkpt lat="51.02725" lon="5.308700000000001">
    <ele>37.11000000000001</ele>
   </trkpt>
   <trkpt lat="51.027925001334204" lon="5.3081500079741675">
    <ele>36.85</ele>
   </trkpt>
   <trkpt lat="51.028600000000004" lon="5.307600000000001">
    <ele>37.02</ele>
   </trkpt>
   <trkpt lat="51.02897" lon="5.30717">
    <ele>37.36000000000001</ele>
   </trkpt>
   <trkpt lat="51.029210000000006" lon="5.306760000000001">
    <ele>37.160000000000004</ele>
   </trkpt>
   <trkpt lat="51.02942" lon="5.306290000000001">
    <ele>37.06</ele>
   </trkpt>
   <trkpt lat="51.029890011407645" lon="5.305133356816447">
    <ele>37.03</ele>
   </trkpt>
   <trkpt lat="51.03036001139802" lon="5.303976690173954">
    <ele>36.980000000000004</ele>
   </trkpt>
   <trkpt lat="51.03083" lon="5.3028200000000005">
    <ele>37.52</ele>
   </trkpt>
   <trkpt lat="51.03112" lon="5.30227">
    <ele>37.96</ele>
   </trkpt>
   <trkpt lat="51.031290000000006" lon="5.302020000000001">
    <ele>38.07</ele>
   </trkpt>
   <trkpt lat="51.031620000000004" lon="5.301640000000001">
    <ele>38.24</ele>
   </trkpt>
   <trkpt lat="51.03191" lon="5.3014">
    <ele>38.32</ele>
   </trkpt>
   <trkpt lat="51.03250666767519" lon="5.301046675798645">
    <ele>38.830000000000005</ele>
   </trkpt>
   <trkpt lat="51.03310333428499" lon="5.300693342499138">
    <ele>39.400000000000006</ele>
   </trkpt>
   <trkpt lat="51.0337" lon="5.30034">
    <ele>39.42</ele>
   </trkpt>
   <trkpt lat="51.034310000000005" lon="5.3000300000000005">
    <ele>39.53</ele>
   </trkpt>
   <trkpt lat="51.035140000653016" lon="5.299615007474177">
    <ele>39.61000000000001</ele>
   </trkpt>
   <trkpt lat="51.035970000000006" lon="5.299200000000001">
    <ele>40.900000000000006</ele>
   </trkpt>
   <trkpt lat="51.03577000000001" lon="5.29844">
    <ele>39.980000000000004</ele>
   </trkpt>
   <trkpt lat="51.03553001851197" lon="5.297237481326885">
    <ele>40.080000000000005</ele>
   </trkpt>
   <trkpt lat="51.0352900246839" lon="5.296034975109447">
    <ele>40.260000000000005</ele>
   </trkpt>
   <trkpt lat="51.035050018516046" lon="5.2948324813480925">
    <ele>39.96</ele>
   </trkpt>
   <trkpt lat="51.03481000000001" lon="5.29363">
    <ele>39.870000000000005</ele>
   </trkpt>
   <trkpt lat="51.034650000000006" lon="5.2930600000000005">
    <ele>39.730000000000004</ele>
   </trkpt>
   <trkpt lat="51.03443000000001" lon="5.292490000000001">
    <ele>39.63</ele>
   </trkpt>
   <trkpt lat="51.03423" lon="5.292090000000001">
    <ele>39.6</ele>
   </trkpt>
   <trkpt lat="51.03388" lon="5.291530000000001">
    <ele>39.36000000000001</ele>
   </trkpt>
   <trkpt lat="51.033330002550315" lon="5.290734990352989">
    <ele>39.440000000000005</ele>
   </trkpt>
   <trkpt lat="51.03278" lon="5.2899400000000005">
    <ele>38.89</ele>
   </trkpt>
   <trkpt lat="51.032410000000006" lon="5.28922">
    <ele>38.720000000000006</ele>
   </trkpt>
   <trkpt lat="51.03217" lon="5.288690000000001">
    <ele>38.68000000000001</ele>
   </trkpt>
   <trkpt lat="51.031760004182935" lon="5.28770499138926">
    <ele>38.510000000000005</ele>
   </trkpt>
   <trkpt lat="51.03135" lon="5.286720000000001">
    <ele>38.01</ele>
   </trkpt>
   <trkpt lat="51.03114000000001" lon="5.2861400000000005">
    <ele>37.92</ele>
   </trkpt>
   <trkpt lat="51.03107000000001" lon="5.285880000000001">
    <ele>37.92</ele>
   </trkpt>
   <trkpt lat="51.0309" lon="5.28504">
    <ele>37.87</ele>
   </trkpt>
   <trkpt lat="51.030950000000004" lon="5.284730000000001">
    <ele>37.910000000000004</ele>
   </trkpt>
   <trkpt lat="51.031000000000006" lon="5.284590000000001">
    <ele>37.900000000000006</ele>
   </trkpt>
   <trkpt lat="51.03114000000001" lon="5.28441">
    <ele>37.92</ele>
   </trkpt>
   <trkpt lat="51.03144" lon="5.28408">
    <ele>38.43000000000001</ele>
   </trkpt>
   <trkpt lat="51.032160000000005" lon="5.2835">
    <ele>39.71</ele>
   </trkpt>
   <trkpt lat="51.0326" lon="5.28321">
    <ele>40.53</ele>
   </trkpt>
   <trkpt lat="51.033460000000005" lon="5.282850000000001">
    <ele>41.54</ele>
   </trkpt>
   <trkpt lat="51.033640000000005" lon="5.28284">
    <ele>41.79</ele>
   </trkpt>
   <trkpt lat="51.03369000000001" lon="5.282850000000001">
    <ele>41.79</ele>
   </trkpt>
   <trkpt lat="51.033730000000006" lon="5.282900000000001">
    <ele>41.79</ele>
   </trkpt>
   <trkpt lat="51.03378000000001" lon="5.28291">
    <ele>41.97</ele>
   </trkpt>
   <trkpt lat="51.03381" lon="5.282900000000001">
    <ele>41.97</ele>
   </trkpt>
   <trkpt lat="51.03385" lon="5.282850000000001">
    <ele>41.97</ele>
   </trkpt>
   <trkpt lat="51.03387000000001" lon="5.28274">
    <ele>41.93</ele>
   </trkpt>
   <trkpt lat="51.03403" lon="5.28254">
    <ele>41.61</ele>
   </trkpt>
   <trkpt lat="51.03461000074691" lon="5.282115005336839">
    <ele>40.940000000000005</ele>
   </trkpt>
   <trkpt lat="51.03519000000001" lon="5.28169">
    <ele>40.24</ele>
   </trkpt>
   <trkpt lat="51.03548000000001" lon="5.281540000000001">
    <ele>39.980000000000004</ele>
   </trkpt>
   <trkpt lat="51.03573" lon="5.28145">
    <ele>39.790000000000006</ele>
   </trkpt>
   <trkpt lat="51.03614" lon="5.28143">
    <ele>39.68</ele>
   </trkpt>
   <trkpt lat="51.03618" lon="5.28148">
    <ele>39.720000000000006</ele>
   </trkpt>
   <trkpt lat="51.036410000000004" lon="5.28148">
    <ele>39.589999999999996</ele>
   </trkpt>
   <trkpt lat="51.036680000000004" lon="5.28155">
    <ele>39.42</ele>
   </trkpt>
   <trkpt lat="51.037340000589865" lon="5.281864995592615">
    <ele>39.23</ele>
   </trkpt>
   <trkpt lat="51.038000000000004" lon="5.28218">
    <ele>38.970000000000006</ele>
   </trkpt>
   <trkpt lat="51.038230000000006" lon="5.2823">
    <ele>38.96</ele>
   </trkpt>
   <trkpt lat="51.03826" lon="5.282360000000001">
    <ele>38.96</ele>
   </trkpt>
   <trkpt lat="51.038740000000004" lon="5.282570000000001">
    <ele>39.120000000000005</ele>
   </trkpt>
   <trkpt lat="51.039060000000006" lon="5.282640000000001">
    <ele>39.24</ele>
   </trkpt>
   <trkpt lat="51.039350000000006" lon="5.282640000000001">
    <ele>39.800000000000004</ele>
   </trkpt>
   <trkpt lat="51.03971000000001" lon="5.28256">
    <ele>40.07</ele>
   </trkpt>
   <trkpt lat="51.039860000000004" lon="5.28251">
    <ele>40.290000000000006</ele>
   </trkpt>
   <trkpt lat="51.040670000000006" lon="5.28213">
    <ele>40.690000000000005</ele>
   </trkpt>
   <trkpt lat="51.041496002632925" lon="5.28173802795152">
    <ele>41.0</ele>
   </trkpt>
   <trkpt lat="51.04232200395473" lon="5.281346041925673">
    <ele>40.84</ele>
   </trkpt>
   <trkpt lat="51.04314800396533" lon="5.280954041921573">
    <ele>40.78</ele>
   </trkpt>
   <trkpt lat="51.043974002664626" lon="5.280562027938332">
    <ele>40.480000000000004</ele>
   </trkpt>
   <trkpt lat="51.0448" lon="5.28017">
    <ele>40.269999999999996</ele>
   </trkpt>
   <trkpt lat="51.04524500070315" lon="5.279795003515536">
    <ele>40.080000000000005</ele>
   </trkpt>
   <trkpt lat="51.04569000000001" lon="5.27942">
    <ele>40.17</ele>
   </trkpt>
   <trkpt lat="51.0463200013982" lon="5.27887000738655">
    <ele>40.040000000000006</ele>
   </trkpt>
   <trkpt lat="51.04695" lon="5.278320000000001">
    <ele>40.010000000000005</ele>
   </trkpt>
   <trkpt lat="51.04713" lon="5.27819">
    <ele>39.980000000000004</ele>
   </trkpt>
   <trkpt lat="51.04771" lon="5.27784">
    <ele>40.160000000000004</ele>
   </trkpt>
   <trkpt lat="51.047900000000006" lon="5.27772">
    <ele>39.96</ele>
   </trkpt>
   <trkpt lat="51.04795000000001" lon="5.277620000000001">
    <ele>39.96</ele>
   </trkpt>
   <trkpt lat="51.048657502155706" lon="5.277207518916183">
    <ele>40.07</ele>
   </trkpt>
   <trkpt lat="51.04936500285958" lon="5.276795025230626">
    <ele>40.440000000000005</ele>
   </trkpt>
   <trkpt lat="51.05007250211154" lon="5.276382518942658">
    <ele>40.96</ele>
   </trkpt>
   <trkpt lat="51.05078" lon="5.27597">
    <ele>41.46</ele>
   </trkpt>
   <trkpt lat="51.05135500049049" lon="5.27562500429381">
    <ele>41.830000000000005</ele>
   </trkpt>
   <trkpt lat="51.051930000000006" lon="5.27528">
    <ele>42.11</ele>
   </trkpt>
   <trkpt lat="51.05225" lon="5.27512">
    <ele>42.25</ele>
   </trkpt>
   <trkpt lat="51.05265000000001" lon="5.2748800000000005">
    <ele>42.25</ele>
   </trkpt>
   <trkpt lat="51.05263000000001" lon="5.274730000000001">
    <ele>41.760000000000005</ele>
   </trkpt>
   <trkpt lat="51.05275000359937" lon="5.273805002789898">
    <ele>41.150000000000006</ele>
   </trkpt>
   <trkpt lat="51.052870000000006" lon="5.272880000000001">
    <ele>41.11</ele>
   </trkpt>
   <trkpt lat="51.053020000000004" lon="5.272010000000001">
    <ele>40.580000000000005</ele>
   </trkpt>
   <trkpt lat="51.05322000819242" lon="5.27103000847587">
    <ele>40.18</ele>
   </trkpt>
   <trkpt lat="51.05342000819022" lon="5.270050008486756">
    <ele>39.56</ele>
   </trkpt>
   <trkpt lat="51.05362" lon="5.26907">
    <ele>39.06</ele>
   </trkpt>
   <trkpt lat="51.05368000000001" lon="5.268890000000001">
    <ele>39.06</ele>
   </trkpt>
   <trkpt lat="51.0539950016423" lon="5.268275004127397">
    <ele>38.62</ele>
   </trkpt>
   <trkpt lat="51.05431" lon="5.26766">
    <ele>38.62</ele>
   </trkpt>
   <trkpt lat="51.05443" lon="5.267320000000001">
    <ele>38.57</ele>
   </trkpt>
   <trkpt lat="51.054520000000004" lon="5.26682">
    <ele>38.330000000000005</ele>
   </trkpt>
   <trkpt lat="51.054640000000006" lon="5.26559">
    <ele>37.42</ele>
   </trkpt>
   <trkpt lat="51.054660000000005" lon="5.26515">
    <ele>37.42</ele>
   </trkpt>
   <trkpt lat="51.054640000000006" lon="5.26454">
    <ele>37.00000000000001</ele>
   </trkpt>
   <trkpt lat="51.054533348958245" lon="5.263186660400894">
    <ele>36.38</ele>
   </trkpt>
   <trkpt lat="51.054426682289055" lon="5.261833327036068">
    <ele>35.230000000000004</ele>
   </trkpt>
   <trkpt lat="51.054320000000004" lon="5.26048">
    <ele>34.33</ele>
   </trkpt>
   <trkpt lat="51.05434" lon="5.2603800000000005">
    <ele>34.33</ele>
   </trkpt>
   <trkpt lat="51.054390000000005" lon="5.26029">
    <ele>33.980000000000004</ele>
   </trkpt>
   <trkpt lat="51.054820001278244" lon="5.259755004896889">
    <ele>33.35</ele>
   </trkpt>
   <trkpt lat="51.05525" lon="5.25922">
    <ele>34.21</ele>
   </trkpt>
   <trkpt lat="51.05532" lon="5.25915">
    <ele>34.32</ele>
   </trkpt>
   <trkpt lat="51.055110000000006" lon="5.258520000000001">
    <ele>33.99</ele>
   </trkpt>
   <trkpt lat="51.05514" lon="5.25849">
    <ele>34.11</ele>
   </trkpt>
   <trkpt lat="51.05512" lon="5.25828">
    <ele>34.04</ele>
   </trkpt>
   <trkpt lat="51.05523" lon="5.25809">
    <ele>33.870000000000005</ele>
   </trkpt>
   <trkpt lat="51.05528" lon="5.25797">
    <ele>33.64</ele>
   </trkpt>
   <trkpt lat="51.055490007506215" lon="5.257033341738294">
    <ele>33.330000000000005</ele>
   </trkpt>
   <trkpt lat="51.05570000752663" lon="5.256096674980705">
    <ele>33.54</ele>
   </trkpt>
   <trkpt lat="51.055910000000004" lon="5.25516">
    <ele>33.72</ele>
   </trkpt>
   <trkpt lat="51.055870000000006" lon="5.25513">
    <ele>33.14</ele>
   </trkpt>
   <trkpt lat="51.05612000000001" lon="5.25415">
    <ele>33.440000000000005</ele>
   </trkpt>
   <trkpt lat="51.05644" lon="5.253290000000001">
    <ele>33.580000000000005</ele>
   </trkpt>
   <trkpt lat="51.056900000000006" lon="5.2523800000000005">
    <ele>33.49</ele>
   </trkpt>
   <trkpt lat="51.05693" lon="5.252400000000001">
    <ele>33.59</ele>
   </trkpt>
   <trkpt lat="51.057" lon="5.252230000000001">
    <ele>33.63</ele>
   </trkpt>
   <trkpt lat="51.057140000000004" lon="5.25171">
    <ele>33.440000000000005</ele>
   </trkpt>
   <trkpt lat="51.05718" lon="5.2515">
    <ele>33.440000000000005</ele>
   </trkpt>
   <trkpt lat="51.05722500277415" lon="5.25069000123502">
    <ele>33.39</ele>
   </trkpt>
   <trkpt lat="51.05727" lon="5.24988">
    <ele>33.57</ele>
   </trkpt>
   <trkpt lat="51.057326678018725" lon="5.248726669437108">
    <ele>33.410000000000004</ele>
   </trkpt>
   <trkpt lat="51.05738334468799" lon="5.247573336050945">
    <ele>33.34</ele>
   </trkpt>
   <trkpt lat="51.05744000000001" lon="5.2464200000000005">
    <ele>33.77</ele>
   </trkpt>
   <trkpt lat="51.057590000000005" lon="5.24561">
    <ele>34.120000000000005</ele>
   </trkpt>
   <trkpt lat="51.05772" lon="5.245100000000001">
    <ele>34.36</ele>
   </trkpt>
   <trkpt lat="51.05789000000001" lon="5.24458">
    <ele>34.09</ele>
   </trkpt>
   <trkpt lat="51.05807" lon="5.2442">
    <ele>33.96</ele>
   </trkpt>
   <trkpt lat="51.05836000000001" lon="5.243720000000001">
    <ele>34.120000000000005</ele>
   </trkpt>
   <trkpt lat="51.05848" lon="5.243550000000001">
    <ele>34.160000000000004</ele>
   </trkpt>
   <trkpt lat="51.05907200816741" lon="5.242858035397467">
    <ele>34.02</ele>
   </trkpt>
   <trkpt lat="51.05966401224939" lon="5.242166053099162">
    <ele>33.830000000000005</ele>
   </trkpt>
   <trkpt lat="51.06025601224571" lon="5.241474053104381">
    <ele>33.830000000000005</ele>
   </trkpt>
   <trkpt lat="51.06084800815622" lon="5.240782035412418">
    <ele>33.940000000000005</ele>
   </trkpt>
   <trkpt lat="51.061440000000005" lon="5.24009">
    <ele>34.13</ele>
   </trkpt>
   <trkpt lat="51.0617" lon="5.23981">
    <ele>34.15</ele>
   </trkpt>
   <trkpt lat="51.0619" lon="5.23955">
    <ele>34.07</ele>
   </trkpt>
   <trkpt lat="51.06257" lon="5.238770000000001">
    <ele>34.4</ele>
   </trkpt>
   <trkpt lat="51.062670000000004" lon="5.23862">
    <ele>34.4</ele>
   </trkpt>
   <trkpt lat="51.062920000000005" lon="5.23833">
    <ele>34.730000000000004</ele>
   </trkpt>
   <trkpt lat="51.063050000000004" lon="5.2382100000000005">
    <ele>34.730000000000004</ele>
   </trkpt>
   <trkpt lat="51.063410000000005" lon="5.23777">
    <ele>34.89</ele>
   </trkpt>
   <trkpt lat="51.063390000000005" lon="5.23773">
    <ele>34.88</ele>
   </trkpt>
   <trkpt lat="51.064080000000004" lon="5.236890000000001">
    <ele>34.13</ele>
   </trkpt>
   <trkpt lat="51.06464000191998" lon="5.236235007818894">
    <ele>33.870000000000005</ele>
   </trkpt>
   <trkpt lat="51.065200000000004" lon="5.235580000000001">
    <ele>35.58</ele>
   </trkpt>
   <trkpt lat="51.065090000000005" lon="5.23524">
    <ele>35.54</ele>
   </trkpt>
   <trkpt lat="51.06488" lon="5.23414">
    <ele>35.34</ele>
   </trkpt>
   <trkpt lat="51.06474000000001" lon="5.23357">
    <ele>35.410000000000004</ele>
   </trkpt>
   <trkpt lat="51.064400000000006" lon="5.232620000000001">
    <ele>35.46000000000001</ele>
   </trkpt>
   <trkpt lat="51.06409000000001" lon="5.231820000000001">
    <ele>35.43</ele>
   </trkpt>
   <trkpt lat="51.063970000000005" lon="5.23137">
    <ele>35.42</ele>
   </trkpt>
   <trkpt lat="51.063860000000005" lon="5.230530000000001">
    <ele>35.050000000000004</ele>
   </trkpt>
   <trkpt lat="51.06378000382909" lon="5.229579998109713">
    <ele>34.99</ele>
   </trkpt>
   <trkpt lat="51.063700000000004" lon="5.228630000000001">
    <ele>34.60000000000001</ele>
   </trkpt>
   <trkpt lat="51.063660000000006" lon="5.228190000000001">
    <ele>34.480000000000004</ele>
   </trkpt>
   <trkpt lat="51.06351" lon="5.22721">
    <ele>34.17</ele>
   </trkpt>
   <trkpt lat="51.063370000000006" lon="5.2266200000000005">
    <ele>33.84</ele>
   </trkpt>
   <trkpt lat="51.06313" lon="5.225930000000001">
    <ele>33.78</ele>
   </trkpt>
   <trkpt lat="51.062760000000004" lon="5.225160000000001">
    <ele>33.57</ele>
   </trkpt>
   <trkpt lat="51.06244" lon="5.224600000000001">
    <ele>33.6</ele>
   </trkpt>
   <trkpt lat="51.06219" lon="5.22424">
    <ele>33.6</ele>
   </trkpt>
   <trkpt lat="51.06183000000001" lon="5.223750000000001">
    <ele>33.56</ele>
   </trkpt>
   <trkpt lat="51.06146500090272" lon="5.223294996437098">
    <ele>33.47</ele>
   </trkpt>
   <trkpt lat="51.0611" lon="5.222840000000001">
    <ele>33.47</ele>
   </trkpt>
   <trkpt lat="51.0611" lon="5.222770000000001">
    <ele>33.47</ele>
   </trkpt>
   <trkpt lat="51.06100000000001" lon="5.2226300000000005">
    <ele>33.43</ele>
   </trkpt>
   <trkpt lat="51.06094" lon="5.222510000000001">
    <ele>33.440000000000005</ele>
   </trkpt>
   <trkpt lat="51.060930000000006" lon="5.222440000000001">
    <ele>33.440000000000005</ele>
   </trkpt>
   <trkpt lat="51.06096" lon="5.22226">
    <ele>33.49</ele>
   </trkpt>
   <trkpt lat="51.06103" lon="5.22219">
    <ele>33.67</ele>
   </trkpt>
   <trkpt lat="51.06107" lon="5.222180000000001">
    <ele>33.67</ele>
   </trkpt>
   <trkpt lat="51.061060000000005" lon="5.22196">
    <ele>33.64</ele>
   </trkpt>
   <trkpt lat="51.06125" lon="5.22194">
    <ele>33.65</ele>
   </trkpt>
   <trkpt lat="51.0613" lon="5.22189">
    <ele>33.65</ele>
   </trkpt>
   <trkpt lat="51.061490000000006" lon="5.221570000000001">
    <ele>33.59</ele>
   </trkpt>
   <trkpt lat="51.06154" lon="5.22156">
    <ele>33.59</ele>
   </trkpt>
   <trkpt lat="51.06166" lon="5.22135">
    <ele>33.620000000000005</ele>
   </trkpt>
   <trkpt lat="51.061930000000004" lon="5.22081">
    <ele>33.550000000000004</ele>
   </trkpt>
   <trkpt lat="51.06225000221846" lon="5.220095004858367">
    <ele>33.800000000000004</ele>
   </trkpt>
   <trkpt lat="51.06257" lon="5.21938">
    <ele>34.03</ele>
   </trkpt>
   <trkpt lat="51.062990000000006" lon="5.218450000000001">
    <ele>34.620000000000005</ele>
   </trkpt>
   <trkpt lat="51.063140000000004" lon="5.21804">
    <ele>34.7</ele>
   </trkpt>
   <trkpt lat="51.063210000000005" lon="5.21792">
    <ele>34.7</ele>
   </trkpt>
   <trkpt lat="51.06333000000001" lon="5.21781">
    <ele>34.7</ele>
   </trkpt>
   <trkpt lat="51.06391000140938" lon="5.217403343524979">
    <ele>34.86</ele>
   </trkpt>
   <trkpt lat="51.06449000140781" lon="5.216996676859575">
    <ele>34.910000000000004</ele>
   </trkpt>
   <trkpt lat="51.065070000000006" lon="5.21659">
    <ele>34.620000000000005</ele>
   </trkpt>
   <trkpt lat="51.06555000037897" lon="5.216255003543487">
    <ele>34.690000000000005</ele>
   </trkpt>
   <trkpt lat="51.066030000000005" lon="5.215920000000001">
    <ele>35.26</ele>
   </trkpt>
   <trkpt lat="51.06577500603631" lon="5.214729993422898">
    <ele>34.690000000000005</ele>
   </trkpt>
   <trkpt lat="51.06552000000001" lon="5.21354">
    <ele>34.480000000000004</ele>
   </trkpt>
   <trkpt lat="51.06513334001578" lon="5.212656651966996">
    <ele>34.190000000000005</ele>
   </trkpt>
   <trkpt lat="51.06474667337428" lon="5.211773318691366">
    <ele>34.17</ele>
   </trkpt>
   <trkpt lat="51.06436" lon="5.21089">
    <ele>34.370000000000005</ele>
   </trkpt>
   <trkpt lat="51.06396251002712" lon="5.210004977209572">
    <ele>34.58</ele>
   </trkpt>
   <trkpt lat="51.06356501337163" lon="5.209119969617976">
    <ele>34.53</ele>
   </trkpt>
   <trkpt lat="51.06316751003374" lon="5.208234977224993">
    <ele>34.25</ele>
   </trkpt>
   <trkpt lat="51.06277000000001" lon="5.207350000000001">
    <ele>34.370000000000005</ele>
   </trkpt>
   <trkpt lat="51.06316000101365" lon="5.206910003495012">
    <ele>34.4</ele>
   </trkpt>
   <trkpt lat="51.063550000000006" lon="5.20647">
    <ele>34.190000000000005</ele>
   </trkpt>
   <trkpt lat="51.064280000000004" lon="5.205710000000001">
    <ele>33.85</ele>
   </trkpt>
   <trkpt lat="51.064760001120405" lon="5.20521000512851">
    <ele>33.68</ele>
   </trkpt>
   <trkpt lat="51.06524" lon="5.20471">
    <ele>33.61</ele>
   </trkpt>
   <trkpt lat="51.06544" lon="5.2046">
    <ele>33.63</ele>
   </trkpt>
   <trkpt lat="51.06553" lon="5.20462">
    <ele>33.85</ele>
   </trkpt>
   <trkpt lat="51.0656" lon="5.204540000000001">
    <ele>33.85</ele>
   </trkpt>
   <trkpt lat="51.06561000000001" lon="5.20439">
    <ele>33.800000000000004</ele>
   </trkpt>
   <trkpt lat="51.06557" lon="5.20429">
    <ele>33.7</ele>
   </trkpt>
   <trkpt lat="51.06551" lon="5.2042600000000006">
    <ele>33.7</ele>
   </trkpt>
   <trkpt lat="51.06546" lon="5.20427">
    <ele>33.7</ele>
   </trkpt>
   <trkpt lat="51.065400000000004" lon="5.20415">
    <ele>33.400000000000006</ele>
   </trkpt>
   <trkpt lat="51.065290000000005" lon="5.20404">
    <ele>33.400000000000006</ele>
   </trkpt>
   <trkpt lat="51.06487500243379" lon="5.20326999291962">
    <ele>32.54</ele>
   </trkpt>
   <trkpt lat="51.064460000000004" lon="5.202500000000001">
    <ele>32.38</ele>
   </trkpt>
   <trkpt lat="51.0643" lon="5.20228">
    <ele>32.57</ele>
   </trkpt>
   <trkpt lat="51.06411000000001" lon="5.20209">
    <ele>32.82</ele>
   </trkpt>
   <trkpt lat="51.06401" lon="5.2020800000000005">
    <ele>33.620000000000005</ele>
   </trkpt>
   <trkpt lat="51.06356" lon="5.2017500000000005">
    <ele>35.11</ele>
   </trkpt>
   <trkpt lat="51.06324000000001" lon="5.2014700000000005">
    <ele>36.47</ele>
   </trkpt>
   <trkpt lat="51.062940000000005" lon="5.2011400000000005">
    <ele>38.37</ele>
   </trkpt>
   <trkpt lat="51.062900000000006" lon="5.20124">
    <ele>31.080000000000002</ele>
   </trkpt>
   <trkpt lat="51.06230000233941" lon="5.200504990516613">
    <ele>27.000000000000004</ele>
   </trkpt>
   <trkpt lat="51.0617" lon="5.19977">
    <ele>32.260000000000005</ele>
   </trkpt>
   <trkpt lat="51.061910000000005" lon="5.19984">
    <ele>30.750000000000004</ele>
   </trkpt>
   <trkpt lat="51.06221000000001" lon="5.19925">
    <ele>30.570000000000004</ele>
   </trkpt>
   <trkpt lat="51.06242" lon="5.19866">
    <ele>31.39</ele>
   </trkpt>
   <trkpt lat="51.061910000000005" lon="5.19772">
    <ele>31.17</ele>
   </trkpt>
   <trkpt lat="51.061640000000004" lon="5.196890000000001">
    <ele>30.97</ele>
   </trkpt>
   <trkpt lat="51.06163" lon="5.19679">
    <ele>30.97</ele>
   </trkpt>
   <trkpt lat="51.06166500677536" lon="5.195530000857373">
    <ele>30.480000000000004</ele>
   </trkpt>
   <trkpt lat="51.0617" lon="5.19427">
    <ele>30.18</ele>
   </trkpt>
   <trkpt lat="51.06185500486877" lon="5.1932000036886965">
    <ele>29.960000000000004</ele>
   </trkpt>
   <trkpt lat="51.06201" lon="5.192130000000001">
    <ele>29.84</ele>
   </trkpt>
   <trkpt lat="51.06209000243362" lon="5.191375001286895">
    <ele>29.640000000000004</ele>
   </trkpt>
   <trkpt lat="51.06217" lon="5.19062">
    <ele>29.6</ele>
   </trkpt>
   <trkpt lat="51.06219" lon="5.190230000000001">
    <ele>29.6</ele>
   </trkpt>
   <trkpt lat="51.06217" lon="5.18986">
    <ele>29.44</ele>
   </trkpt>
   <trkpt lat="51.062090000000005" lon="5.18932">
    <ele>29.370000000000005</ele>
   </trkpt>
   <trkpt lat="51.062000000000005" lon="5.18899">
    <ele>29.330000000000002</ele>
   </trkpt>
   <trkpt lat="51.06177000176452" lon="5.188334996558751">
    <ele>29.120000000000005</ele>
   </trkpt>
   <trkpt lat="51.06154" lon="5.18768">
    <ele>29.07</ele>
   </trkpt>
   <trkpt lat="51.06129000000001" lon="5.187180000000001">
    <ele>29.030000000000005</ele>
   </trkpt>
   <trkpt lat="51.06083000199474" lon="5.186484992995012">
    <ele>28.940000000000005</ele>
   </trkpt>
   <trkpt lat="51.060370000000006" lon="5.185790000000001">
    <ele>28.93</ele>
   </trkpt>
   <trkpt lat="51.06026000000001" lon="5.18555">
    <ele>28.82</ele>
   </trkpt>
   <trkpt lat="51.06025" lon="5.18555">
    <ele>28.82</ele>
   </trkpt>
   <trkpt lat="51.06016" lon="5.18534">
    <ele>28.78</ele>
   </trkpt>
   <trkpt lat="51.05986000000001" lon="5.18442">
    <ele>28.560000000000002</ele>
   </trkpt>
   <trkpt lat="51.05971" lon="5.184080000000001">
    <ele>28.360000000000003</ele>
   </trkpt>
   <trkpt lat="51.059520000000006" lon="5.183750000000001">
    <ele>28.360000000000003</ele>
   </trkpt>
   <trkpt lat="51.05899500242788" lon="5.182984991225321">
    <ele>28.28</ele>
   </trkpt>
   <trkpt lat="51.05847000000001" lon="5.18222">
    <ele>28.01</ele>
   </trkpt>
   <trkpt lat="51.05823" lon="5.1817400000000005">
    <ele>27.96</ele>
   </trkpt>
   <trkpt lat="51.05805" lon="5.18125">
    <ele>27.96</ele>
   </trkpt>
   <trkpt lat="51.05792" lon="5.180750000000001">
    <ele>27.750000000000004</ele>
   </trkpt>
   <trkpt lat="51.05776" lon="5.1800500000000005">
    <ele>27.610000000000003</ele>
   </trkpt>
   <trkpt lat="51.057550000000006" lon="5.179410000000001">
    <ele>27.66</ele>
   </trkpt>
   <trkpt lat="51.05742000000001" lon="5.179080000000001">
    <ele>27.64</ele>
   </trkpt>
   <trkpt lat="51.05690667587438" lon="5.178043310424682">
    <ele>27.540000000000003</ele>
   </trkpt>
   <trkpt lat="51.05639334257905" lon="5.177006643835171">
    <ele>27.180000000000003</ele>
   </trkpt>
   <trkpt lat="51.05588" lon="5.17597">
    <ele>27.35</ele>
   </trkpt>
   <trkpt lat="51.05572" lon="5.175470000000001">
    <ele>27.240000000000002</ele>
   </trkpt>
   <trkpt lat="51.05634287472044" lon="5.174641495438917">
    <ele>26.730000000000004</ele>
   </trkpt>
   <trkpt lat="51.05696574358394" lon="5.173812968587786">
    <ele>26.28</ele>
   </trkpt>
   <trkpt lat="51.057588606590215" lon="5.172984419445723">
    <ele>26.04</ele>
   </trkpt>
   <trkpt lat="51.05821146373898" lon="5.172155848011843">
    <ele>25.85</ele>
   </trkpt>
   <trkpt lat="51.05883431502992" lon="5.171327254285258">
    <ele>25.75</ele>
   </trkpt>
   <trkpt lat="51.05945716046278" lon="5.170498638265085">
    <ele>25.740000000000002</ele>
   </trkpt>
   <trkpt lat="51.060080000000006" lon="5.16967">
    <ele>25.53</ele>
   </trkpt>
   <trkpt lat="51.060705002875814" lon="5.168860010835264">
    <ele>25.720000000000002</ele>
   </trkpt>
   <trkpt lat="51.061330000000005" lon="5.16805">
    <ele>25.640000000000004</ele>
   </trkpt>
   <trkpt lat="51.06188750707188" lon="5.167307526802799">
    <ele>25.720000000000002</ele>
   </trkpt>
   <trkpt lat="51.06244500944023" lon="5.166565035722937">
    <ele>25.880000000000003</ele>
   </trkpt>
   <trkpt lat="51.063002507104855" lon="5.165822526759783">
    <ele>26.29</ele>
   </trkpt>
   <trkpt lat="51.06356" lon="5.165080000000001">
    <ele>26.680000000000003</ele>
   </trkpt>
   <trkpt lat="51.063660000000006" lon="5.16506">
    <ele>26.750000000000004</ele>
   </trkpt>
   <trkpt lat="51.06378" lon="5.16493">
    <ele>26.750000000000004</ele>
   </trkpt>
   <trkpt lat="51.06391000000001" lon="5.16485">
    <ele>26.87</ele>
   </trkpt>
   <trkpt lat="51.06405" lon="5.16485">
    <ele>26.87</ele>
   </trkpt>
   <trkpt lat="51.06416" lon="5.164910000000001">
    <ele>27.1</ele>
   </trkpt>
   <trkpt lat="51.06427000000001" lon="5.1648000000000005">
    <ele>27.1</ele>
   </trkpt>
   <trkpt lat="51.064310000000006" lon="5.16474">
    <ele>27.1</ele>
   </trkpt>
   <trkpt lat="51.0643" lon="5.16452">
    <ele>27.17</ele>
   </trkpt>
   <trkpt lat="51.064330000000005" lon="5.16434">
    <ele>27.32</ele>
   </trkpt>
   <trkpt lat="51.06420000000001" lon="5.164140000000001">
    <ele>27.360000000000003</ele>
   </trkpt>
   <trkpt lat="51.064170000000004" lon="5.16413">
    <ele>27.28</ele>
   </trkpt>
   <trkpt lat="51.06403" lon="5.1641900000000005">
    <ele>27.26</ele>
   </trkpt>
   <trkpt lat="51.06398" lon="5.164160000000001">
    <ele>27.26</ele>
   </trkpt>
   <trkpt lat="51.06383" lon="5.163900000000001">
    <ele>27.22</ele>
   </trkpt>
   <trkpt lat="51.06373000000001" lon="5.16385">
    <ele>27.22</ele>
   </trkpt>
   <trkpt lat="51.06347" lon="5.163290000000001">
    <ele>27.22</ele>
   </trkpt>
   <trkpt lat="51.06338" lon="5.16295">
    <ele>27.22</ele>
   </trkpt>
   <trkpt lat="51.063320000000004" lon="5.162520000000001">
    <ele>27.14</ele>
   </trkpt>
   <trkpt lat="51.063300010135826" lon="5.161429999005896">
    <ele>26.76</ele>
   </trkpt>
   <trkpt lat="51.06328001013486" lon="5.160339998953391">
    <ele>27.78</ele>
   </trkpt>
   <trkpt lat="51.06326000000001" lon="5.15925">
    <ele>29.76</ele>
   </trkpt>
   <trkpt lat="51.063190000000006" lon="5.15882">
    <ele>30.96</ele>
   </trkpt>
   <trkpt lat="51.06306000000001" lon="5.158410000000001">
    <ele>31.360000000000007</ele>
   </trkpt>
   <trkpt lat="51.06293" lon="5.158130000000001">
    <ele>32.14</ele>
   </trkpt>
   <trkpt lat="51.062455003422954" lon="5.15722999070394">
    <ele>31.830000000000002</ele>
   </trkpt>
   <trkpt lat="51.061980000000005" lon="5.1563300000000005">
    <ele>29.490000000000002</ele>
   </trkpt>
   <trkpt lat="51.06183000000001" lon="5.15601">
    <ele>29.490000000000002</ele>
   </trkpt>
   <trkpt lat="51.06166" lon="5.1554">
    <ele>27.290000000000003</ele>
   </trkpt>
   <trkpt lat="51.06159" lon="5.1549000000000005">
    <ele>26.46</ele>
   </trkpt>
   <trkpt lat="51.061536675426645" lon="5.153886664311104">
    <ele>25.490000000000002</ele>
   </trkpt>
   <trkpt lat="51.0614833420922" lon="5.1528733309567825">
    <ele>25.45</ele>
   </trkpt>
   <trkpt lat="51.06143" lon="5.15186">
    <ele>25.35</ele>
   </trkpt>
   <trkpt lat="51.061460000000004" lon="5.15151">
    <ele>25.26</ele>
   </trkpt>
   <trkpt lat="51.06145" lon="5.15118">
    <ele>25.240000000000002</ele>
   </trkpt>
   <trkpt lat="51.061382520886376" lon="5.149902494408806">
    <ele>24.860000000000003</ele>
   </trkpt>
   <trkpt lat="51.06131502784831" lon="5.148624992542095">
    <ele>24.82</ele>
   </trkpt>
   <trkpt lat="51.0612475208859" lon="5.147347494400616">
    <ele>24.87</ele>
   </trkpt>
   <trkpt lat="51.06118000000001" lon="5.146070000000001">
    <ele>24.84</ele>
   </trkpt>
   <trkpt lat="51.06118000000001" lon="5.146050000000001">
    <ele>24.84</ele>
   </trkpt>
   <trkpt lat="51.06113000367846" lon="5.145119998786641">
    <ele>24.8</ele>
   </trkpt>
   <trkpt lat="51.061080000000004" lon="5.14419">
    <ele>24.87</ele>
   </trkpt>
   <trkpt lat="51.06107" lon="5.143730000000001">
    <ele>25.080000000000002</ele>
   </trkpt>
   <trkpt lat="51.06114" lon="5.1435900000000006">
    <ele>25.05</ele>
   </trkpt>
   <trkpt lat="51.06116" lon="5.143470000000001">
    <ele>25.05</ele>
   </trkpt>
   <trkpt lat="51.061150000000005" lon="5.14341">
    <ele>25.05</ele>
   </trkpt>
   <trkpt lat="51.061310000000006" lon="5.1432">
    <ele>24.94</ele>
   </trkpt>
   <trkpt lat="51.06189500142984" lon="5.1426500068189895">
    <ele>24.720000000000002</ele>
   </trkpt>
   <trkpt lat="51.06248" lon="5.1421">
    <ele>25.210000000000004</ele>
   </trkpt>
   <trkpt lat="51.06244" lon="5.14189">
    <ele>24.880000000000003</ele>
   </trkpt>
   <trkpt lat="51.06240000539217" lon="5.140764998831887">
    <ele>24.830000000000002</ele>
   </trkpt>
   <trkpt lat="51.062360000000005" lon="5.13964">
    <ele>25.240000000000002</ele>
   </trkpt>
   <trkpt lat="51.06224000429624" lon="5.13863499729003">
    <ele>24.540000000000003</ele>
   </trkpt>
   <trkpt lat="51.06212000000001" lon="5.137630000000001">
    <ele>24.580000000000002</ele>
   </trkpt>
   <trkpt lat="51.062110000000004" lon="5.1376100000000005">
    <ele>24.580000000000002</ele>
   </trkpt>
   <trkpt lat="51.06201500258919" lon="5.136829998348102">
    <ele>24.42</ele>
   </trkpt>
   <trkpt lat="51.06192" lon="5.13605">
    <ele>24.540000000000003</ele>
   </trkpt>
   <trkpt lat="51.06201" lon="5.136">
    <ele>23.990000000000002</ele>
   </trkpt>
   <trkpt lat="51.06273" lon="5.13532">
    <ele>23.41</ele>
   </trkpt>
   <trkpt lat="51.0628" lon="5.13527">
    <ele>23.41</ele>
   </trkpt>
   <trkpt lat="51.063610000000004" lon="5.134880000000001">
    <ele>24.180000000000003</ele>
   </trkpt>
   <trkpt lat="51.06365" lon="5.1348400000000005">
    <ele>24.43</ele>
   </trkpt>
   <trkpt lat="51.06367" lon="5.13476">
    <ele>24.43</ele>
   </trkpt>
   <trkpt lat="51.063610000000004" lon="5.1342300000000005">
    <ele>24.520000000000003</ele>
   </trkpt>
   <trkpt lat="51.063610000000004" lon="5.13412">
    <ele>24.520000000000003</ele>
   </trkpt>
   <trkpt lat="51.06364000000001" lon="5.134040000000001">
    <ele>24.53</ele>
   </trkpt>
   <trkpt lat="51.063680000000005" lon="5.133990000000001">
    <ele>24.53</ele>
   </trkpt>
   <trkpt lat="51.064360001238136" lon="5.1334500079370855">
    <ele>23.950000000000003</ele>
   </trkpt>
   <trkpt lat="51.06504" lon="5.132910000000001">
    <ele>24.040000000000003</ele>
   </trkpt>
   <trkpt lat="51.06524" lon="5.132770000000001">
    <ele>24.05</ele>
   </trkpt>
   <trkpt lat="51.06571" lon="5.132490000000001">
    <ele>24.66</ele>
   </trkpt>
   <trkpt lat="51.06559000000001" lon="5.132040000000001">
    <ele>23.87</ele>
   </trkpt>
   <trkpt lat="51.065215003827085" lon="5.131094992388516">
    <ele>23.46</ele>
   </trkpt>
   <trkpt lat="51.064840000000004" lon="5.13015">
    <ele>24.360000000000003</ele>
   </trkpt>
   <trkpt lat="51.06557000142529" lon="5.129570009154676">
    <ele>23.630000000000003</ele>
   </trkpt>
   <trkpt lat="51.066300000000005" lon="5.128990000000001">
    <ele>23.540000000000003</ele>
   </trkpt>
   <trkpt lat="51.066820000677424" lon="5.128580004637356">
    <ele>23.840000000000003</ele>
   </trkpt>
   <trkpt lat="51.06734" lon="5.128170000000001">
    <ele>24.89</ele>
   </trkpt>
   <trkpt lat="51.067135004009444" lon="5.127204995900168">
    <ele>24.71</ele>
   </trkpt>
   <trkpt lat="51.066930000000006" lon="5.12624">
    <ele>24.85</ele>
   </trkpt>
   <trkpt lat="51.06692" lon="5.1261">
    <ele>24.85</ele>
   </trkpt>
   <trkpt lat="51.066930000000006" lon="5.12598">
    <ele>25.220000000000002</ele>
   </trkpt>
   <trkpt lat="51.066990000000004" lon="5.12574">
    <ele>25.220000000000002</ele>
   </trkpt>
   <trkpt lat="51.06705" lon="5.12565">
    <ele>25.220000000000002</ele>
   </trkpt>
   <trkpt lat="51.06723" lon="5.12551">
    <ele>25.25</ele>
   </trkpt>
   <trkpt lat="51.06732" lon="5.125400000000001">
    <ele>25.27</ele>
   </trkpt>
   <trkpt lat="51.067400000000006" lon="5.12542">
    <ele>25.27</ele>
   </trkpt>
   <trkpt lat="51.06748" lon="5.12549">
    <ele>25.02</ele>
   </trkpt>
   <trkpt lat="51.067530000000005" lon="5.12551">
    <ele>25.02</ele>
   </trkpt>
   <trkpt lat="51.06835" lon="5.12553">
    <ele>25.030000000000005</ele>
   </trkpt>
   <trkpt lat="51.068430000000006" lon="5.125520000000001">
    <ele>25.030000000000005</ele>
   </trkpt>
   <trkpt lat="51.06884" lon="5.125360000000001">
    <ele>25.830000000000002</ele>
   </trkpt>
   <trkpt lat="51.069030000000005" lon="5.12535">
    <ele>25.910000000000004</ele>
   </trkpt>
   <trkpt lat="51.06902500283364" lon="5.124534999944663">
    <ele>25.36</ele>
   </trkpt>
   <trkpt lat="51.06902" lon="5.1237200000000005">
    <ele>25.14</ele>
   </trkpt>
   <trkpt lat="51.069050000000004" lon="5.1234">
    <ele>25.14</ele>
   </trkpt>
   <trkpt lat="51.069190000000006" lon="5.123010000000001">
    <ele>24.94</ele>
   </trkpt>
   <trkpt lat="51.069680000000005" lon="5.122260000000001">
    <ele>24.59</ele>
   </trkpt>
   <trkpt lat="51.06974" lon="5.12206">
    <ele>24.51</ele>
   </trkpt>
   <trkpt lat="51.0698" lon="5.121510000000001">
    <ele>24.520000000000003</ele>
   </trkpt>
   <trkpt lat="51.06983" lon="5.12079">
    <ele>24.3</ele>
   </trkpt>
   <trkpt lat="51.0698" lon="5.12044">
    <ele>24.1</ele>
   </trkpt>
   <trkpt lat="51.069660000000006" lon="5.1194500000000005">
    <ele>24.060000000000002</ele>
   </trkpt>
   <trkpt lat="51.069590000000005" lon="5.1192">
    <ele>24.09</ele>
   </trkpt>
   <trkpt lat="51.069413341572506" lon="5.118216659101913">
    <ele>24.1</ele>
   </trkpt>
   <trkpt lat="51.069236674895414" lon="5.117233325710735">
    <ele>24.16</ele>
   </trkpt>
   <trkpt lat="51.06906000000001" lon="5.116250000000001">
    <ele>24.540000000000003</ele>
   </trkpt>
   <trkpt lat="51.06881667696868" lon="5.115149988337766">
    <ele>24.93</ele>
   </trkpt>
   <trkpt lat="51.06857334361408" lon="5.114049988241777">
    <ele>25.41</ele>
   </trkpt>
   <trkpt lat="51.06833" lon="5.1129500000000005">
    <ele>25.67</ele>
   </trkpt>
   <trkpt lat="51.068270000000005" lon="5.11296">
    <ele>25.7</ele>
   </trkpt>
   <trkpt lat="51.06821000000001" lon="5.11293">
    <ele>25.7</ele>
   </trkpt>
   <trkpt lat="51.068160000000006" lon="5.112830000000001">
    <ele>25.66</ele>
   </trkpt>
   <trkpt lat="51.06815" lon="5.112690000000001">
    <ele>25.66</ele>
   </trkpt>
   <trkpt lat="51.068180000000005" lon="5.1126000000000005">
    <ele>25.53</ele>
   </trkpt>
   <trkpt lat="51.06823000000001" lon="5.112550000000001">
    <ele>25.53</ele>
   </trkpt>
   <trkpt lat="51.06799000469978" lon="5.111494994317789">
    <ele>25.810000000000002</ele>
   </trkpt>
   <trkpt lat="51.067750000000004" lon="5.1104400000000005">
    <ele>25.540000000000003</ele>
   </trkpt>
   <trkpt lat="51.06743003045589" lon="5.1091039630513455">
    <ele>25.17</ele>
   </trkpt>
   <trkpt lat="51.06711004568304" lon="5.10776794457486">
    <ele>24.89</ele>
   </trkpt>
   <trkpt lat="51.066790045681806" lon="5.106431944570957">
    <ele>24.8</ele>
   </trkpt>
   <trkpt lat="51.06647003045261" lon="5.105095963040051">
    <ele>25.07</ele>
   </trkpt>
   <trkpt lat="51.06615000000001" lon="5.10376">
    <ele>25.52</ele>
   </trkpt>
   <trkpt lat="51.06615000000001" lon="5.103750000000001">
    <ele>25.53</ele>
   </trkpt>
   <trkpt lat="51.066050000000004" lon="5.103350000000001">
    <ele>25.66</ele>
   </trkpt>
   <trkpt lat="51.066030000000005" lon="5.103020000000001">
    <ele>25.69</ele>
   </trkpt>
   <trkpt lat="51.06606000000001" lon="5.10263">
    <ele>25.43</ele>
   </trkpt>
   <trkpt lat="51.06611" lon="5.10263">
    <ele>25.41</ele>
   </trkpt>
   <trkpt lat="51.06618" lon="5.102650000000001">
    <ele>25.32</ele>
   </trkpt>
   <trkpt lat="51.06662000000001" lon="5.10306">
    <ele>24.540000000000003</ele>
   </trkpt>
   <trkpt lat="51.066880000000005" lon="5.10325">
    <ele>24.44</ele>
   </trkpt>
   <trkpt lat="51.06705" lon="5.10334">
    <ele>24.53</ele>
   </trkpt>
   <trkpt lat="51.06755000052608" lon="5.103609997199472">
    <ele>24.51</ele>
   </trkpt>
   <trkpt lat="51.06805000000001" lon="5.10388">
    <ele>24.6</ele>
   </trkpt>
   <trkpt lat="51.06844" lon="5.102690000000001">
    <ele>23.650000000000002</ele>
   </trkpt>
   <trkpt lat="51.068540000000006" lon="5.10247">
    <ele>23.720000000000002</ele>
   </trkpt>
   <trkpt lat="51.06907" lon="5.101430000000001">
    <ele>24.020000000000003</ele>
   </trkpt>
   <trkpt lat="51.069160000000004" lon="5.101380000000001">
    <ele>24.020000000000003</ele>
   </trkpt>
   <trkpt lat="51.0692" lon="5.101380000000001">
    <ele>24.020000000000003</ele>
   </trkpt>
   <trkpt lat="51.069250000000004" lon="5.100700000000001">
    <ele>23.880000000000003</ele>
   </trkpt>
   <trkpt lat="51.0694100031609" lon="5.099840002941195">
    <ele>23.48</ele>
   </trkpt>
   <trkpt lat="51.069570000000006" lon="5.09898">
    <ele>23.46</ele>
   </trkpt>
   <trkpt lat="51.069790000000005" lon="5.097700000000001">
    <ele>23.200000000000003</ele>
   </trkpt>
  </trkseg>
 </trk>
</gpx>
