<?xml version="1.0" encoding="UTF-8"?>
<gpx creator="StravaGPX" version="1.1" xmlns="http://www.topografix.com/GPX/1/1" xmlns:xsi="http://www.w3.org/2001/XMLSchema-instance" xsi:schemaLocation="http://www.topografix.com/GPX/1/1 http://www.topografix.com/GPX/1/1/gpx.xsd">
 <metadata>
  <name>Peer</name>
  <author>
   <name>Joeri Scapicchio</name>
   <link href="https://www.strava.com/athletes/2447439"/>
  </author>
  <copyright author="OpenStreetMap contributors">
   <year>2020</year>
   <license>https://www.openstreetmap.org/copyright</license>
  </copyright>
  <link href="https://www.strava.com/routes/24663917"/>
 </metadata>
 <trk>
  <name>Peer</name>
  <link href="https://www.strava.com/routes/24663917"/>
  <type>cycling</type>
  <trkseg>
   <trkpt lat="51.03211" lon="5.10003">
    <ele>25.640000000000004</ele>
   </trkpt>
   <trkpt lat="51.03171500099421" lon="5.100535004424301">
    <ele>24.09</ele>
   </trkpt>
   <trkpt lat="51.03132" lon="5.10104">
    <ele>23.6</ele>
   </trkpt>
   <trkpt lat="51.03061602954141" lon="5.101917119887173">
    <ele>22.750000000000004</ele>
   </trkpt>
   <trkpt lat="51.029912052517496" lon="5.102794213128989">
    <ele>22.740000000000002</ele>
   </trkpt>
   <trkpt lat="51.0292080689286" lon="5.103671279726679">
    <ele>22.8</ele>
   </trkpt>
   <trkpt lat="51.028504078775065" lon="5.104548319681475">
    <ele>22.81</ele>
   </trkpt>
   <trkpt lat="51.0278000820573" lon="5.1054253329946055">
    <ele>22.660000000000004</ele>
   </trkpt>
   <trkpt lat="51.027096078775635" lon="5.106302319667301">
    <ele>22.770000000000003</ele>
   </trkpt>
   <trkpt lat="51.026392068930456" lon="5.1071792797007936">
    <ele>22.45</ele>
   </trkpt>
   <trkpt lat="51.025688052522106" lon="5.10805621309631">
    <ele>22.64</ele>
   </trkpt>
   <trkpt lat="51.024984029550964" lon="5.108933119855084">
    <ele>22.820000000000004</ele>
   </trkpt>
   <trkpt lat="51.024280000000005" lon="5.10981">
    <ele>22.98</ele>
   </trkpt>
   <trkpt lat="51.023800001510004" lon="5.110425006501078">
    <ele>22.79</ele>
   </trkpt>
   <trkpt lat="51.023320000000005" lon="5.11104">
    <ele>22.910000000000004</ele>
   </trkpt>
   <trkpt lat="51.02317000000001" lon="5.11129">
    <ele>22.9</ele>
   </trkpt>
   <trkpt lat="51.02269000148833" lon="5.111880006105221">
    <ele>23.06</ele>
   </trkpt>
   <trkpt lat="51.02221" lon="5.11247">
    <ele>24.46</ele>
   </trkpt>
   <trkpt lat="51.0223" lon="5.11279">
    <ele>24.520000000000003</ele>
   </trkpt>
   <trkpt lat="51.022580000000005" lon="5.11401">
    <ele>23.94</ele>
   </trkpt>
   <trkpt lat="51.022650000000006" lon="5.11422">
    <ele>23.94</ele>
   </trkpt>
   <trkpt lat="51.02282" lon="5.11446">
    <ele>23.860000000000003</ele>
   </trkpt>
   <trkpt lat="51.023030000000006" lon="5.1147">
    <ele>23.85</ele>
   </trkpt>
   <trkpt lat="51.023590000000006" lon="5.1152500000000005">
    <ele>23.78</ele>
   </trkpt>
   <trkpt lat="51.02411000000001" lon="5.115620000000001">
    <ele>23.470000000000002</ele>
   </trkpt>
   <trkpt lat="51.024100000000004" lon="5.115620000000001">
    <ele>23.470000000000002</ele>
   </trkpt>
   <trkpt lat="51.024860000000004" lon="5.11617">
    <ele>23.89</ele>
   </trkpt>
   <trkpt lat="51.025000000000006" lon="5.11622">
    <ele>23.98</ele>
   </trkpt>
   <trkpt lat="51.025090000000006" lon="5.11615">
    <ele>23.880000000000003</ele>
   </trkpt>
   <trkpt lat="51.025360000000006" lon="5.1157900000000005">
    <ele>23.840000000000003</ele>
   </trkpt>
   <trkpt lat="51.025420000000004" lon="5.115760000000001">
    <ele>23.840000000000003</ele>
   </trkpt>
   <trkpt lat="51.025490000000005" lon="5.11578">
    <ele>23.58</ele>
   </trkpt>
   <trkpt lat="51.02554000000001" lon="5.11582">
    <ele>23.58</ele>
   </trkpt>
   <trkpt lat="51.02568" lon="5.11605">
    <ele>23.090000000000003</ele>
   </trkpt>
   <trkpt lat="51.02613" lon="5.11662">
    <ele>22.69</ele>
   </trkpt>
   <trkpt lat="51.026590001037825" lon="5.117134994784089">
    <ele>22.72</ele>
   </trkpt>
   <trkpt lat="51.02705" lon="5.11765">
    <ele>23.19</ele>
   </trkpt>
   <trkpt lat="51.027120000000004" lon="5.11767">
    <ele>23.19</ele>
   </trkpt>
   <trkpt lat="51.02718" lon="5.11765">
    <ele>23.19</ele>
   </trkpt>
   <trkpt lat="51.027390000000004" lon="5.11744">
    <ele>23.360000000000003</ele>
   </trkpt>
   <trkpt lat="51.02743" lon="5.11744">
    <ele>23.360000000000003</ele>
   </trkpt>
   <trkpt lat="51.02749000000001" lon="5.11753">
    <ele>23.200000000000003</ele>
   </trkpt>
   <trkpt lat="51.02776" lon="5.1184">
    <ele>23.35</ele>
   </trkpt>
   <trkpt lat="51.02814000000001" lon="5.119070000000001">
    <ele>23.22</ele>
   </trkpt>
   <trkpt lat="51.02851333812364" lon="5.119819987897658">
    <ele>23.06</ele>
   </trkpt>
   <trkpt lat="51.02888667144691" lon="5.120569987877274">
    <ele>22.950000000000003</ele>
   </trkpt>
   <trkpt lat="51.02926" lon="5.121320000000001">
    <ele>22.8</ele>
   </trkpt>
   <trkpt lat="51.02933" lon="5.121580000000001">
    <ele>22.87</ele>
   </trkpt>
   <trkpt lat="51.029360000000004" lon="5.1218900000000005">
    <ele>23.020000000000003</ele>
   </trkpt>
   <trkpt lat="51.02942" lon="5.1220300000000005">
    <ele>23.05</ele>
   </trkpt>
   <trkpt lat="51.02993000000001" lon="5.122730000000001">
    <ele>23.24</ele>
   </trkpt>
   <trkpt lat="51.030010000000004" lon="5.12281">
    <ele>23.24</ele>
   </trkpt>
   <trkpt lat="51.03005" lon="5.12283">
    <ele>23.24</ele>
   </trkpt>
   <trkpt lat="51.03014" lon="5.122820000000001">
    <ele>23.24</ele>
   </trkpt>
   <trkpt lat="51.030190000000005" lon="5.12276">
    <ele>23.35</ele>
   </trkpt>
   <trkpt lat="51.030330000000006" lon="5.1225000000000005">
    <ele>23.46</ele>
   </trkpt>
   <trkpt lat="51.03040000000001" lon="5.122450000000001">
    <ele>23.46</ele>
   </trkpt>
   <trkpt lat="51.03045" lon="5.122470000000001">
    <ele>23.46</ele>
   </trkpt>
   <trkpt lat="51.03052" lon="5.122540000000001">
    <ele>23.23</ele>
   </trkpt>
   <trkpt lat="51.030795001285384" lon="5.123119996242073">
    <ele>23.12</ele>
   </trkpt>
   <trkpt lat="51.03107000000001" lon="5.1237">
    <ele>23.700000000000003</ele>
   </trkpt>
   <trkpt lat="51.03108" lon="5.12377">
    <ele>23.700000000000003</ele>
   </trkpt>
   <trkpt lat="51.03108" lon="5.12384">
    <ele>23.700000000000003</ele>
   </trkpt>
   <trkpt lat="51.030643341790594" lon="5.1248333519679266">
    <ele>23.46</ele>
   </trkpt>
   <trkpt lat="51.03020667516043" lon="5.1258266852179135">
    <ele>24.020000000000003</ele>
   </trkpt>
   <trkpt lat="51.029770000000006" lon="5.12682">
    <ele>24.82</ele>
   </trkpt>
   <trkpt lat="51.02975000000001" lon="5.12694">
    <ele>24.82</ele>
   </trkpt>
   <trkpt lat="51.02996" lon="5.127610000000001">
    <ele>24.020000000000003</ele>
   </trkpt>
   <trkpt lat="51.02998500287152" lon="5.128429999635691">
    <ele>23.919999999999998</ele>
   </trkpt>
   <trkpt lat="51.030010000000004" lon="5.129250000000001">
    <ele>24.35</ele>
   </trkpt>
   <trkpt lat="51.030060000000006" lon="5.130190000000001">
    <ele>24.790000000000003</ele>
   </trkpt>
   <trkpt lat="51.03034" lon="5.131480000000001">
    <ele>25.6</ele>
   </trkpt>
   <trkpt lat="51.03034" lon="5.13149">
    <ele>25.6</ele>
   </trkpt>
   <trkpt lat="51.03047" lon="5.132160000000001">
    <ele>26.520000000000003</ele>
   </trkpt>
   <trkpt lat="51.03005" lon="5.13257">
    <ele>27.23</ele>
   </trkpt>
   <trkpt lat="51.02996" lon="5.132680000000001">
    <ele>27.53</ele>
   </trkpt>
   <trkpt lat="51.029860000000006" lon="5.1328700000000005">
    <ele>28.28</ele>
   </trkpt>
   <trkpt lat="51.029830000000004" lon="5.13295">
    <ele>28.630000000000003</ele>
   </trkpt>
   <trkpt lat="51.03065" lon="5.133400000000001">
    <ele>27.450000000000003</ele>
   </trkpt>
   <trkpt lat="51.03081" lon="5.13351">
    <ele>27.240000000000002</ele>
   </trkpt>
   <trkpt lat="51.031090000000006" lon="5.13381">
    <ele>26.990000000000002</ele>
   </trkpt>
   <trkpt lat="51.031625001956016" lon="5.134479992316403">
    <ele>26.81</ele>
   </trkpt>
   <trkpt lat="51.032160000000005" lon="5.13515">
    <ele>26.85</ele>
   </trkpt>
   <trkpt lat="51.03269" lon="5.135840000000001">
    <ele>26.570000000000004</ele>
   </trkpt>
   <trkpt lat="51.03291" lon="5.136170000000001">
    <ele>26.560000000000002</ele>
   </trkpt>
   <trkpt lat="51.033030000000004" lon="5.1364">
    <ele>26.520000000000003</ele>
   </trkpt>
   <trkpt lat="51.03329" lon="5.136990000000001">
    <ele>26.220000000000002</ele>
   </trkpt>
   <trkpt lat="51.033650005735325" lon="5.1381449911659764">
    <ele>26.060000000000002</ele>
   </trkpt>
   <trkpt lat="51.03401" lon="5.1393">
    <ele>26.01</ele>
   </trkpt>
   <trkpt lat="51.03434000386051" lon="5.14024999326264">
    <ele>26.03</ele>
   </trkpt>
   <trkpt lat="51.034670000000006" lon="5.1412">
    <ele>25.990000000000002</ele>
   </trkpt>
   <trkpt lat="51.03477" lon="5.14142">
    <ele>25.980000000000004</ele>
   </trkpt>
   <trkpt lat="51.034870000000005" lon="5.14153">
    <ele>25.980000000000004</ele>
   </trkpt>
   <trkpt lat="51.035445001461795" lon="5.142104992916085">
    <ele>25.76</ele>
   </trkpt>
   <trkpt lat="51.03602000000001" lon="5.14268">
    <ele>25.69</ele>
   </trkpt>
   <trkpt lat="51.03666500129199" lon="5.143229992345144">
    <ele>25.34</ele>
   </trkpt>
   <trkpt lat="51.037310000000005" lon="5.1437800000000005">
    <ele>25.200000000000003</ele>
   </trkpt>
   <trkpt lat="51.037470000000006" lon="5.14395">
    <ele>25.240000000000002</ele>
   </trkpt>
   <trkpt lat="51.03763000000001" lon="5.14416">
    <ele>25.400000000000002</ele>
   </trkpt>
   <trkpt lat="51.03793" lon="5.14466">
    <ele>25.39</ele>
   </trkpt>
   <trkpt lat="51.0384" lon="5.14524">
    <ele>25.17</ele>
   </trkpt>
   <trkpt lat="51.038540000000005" lon="5.14547">
    <ele>25.17</ele>
   </trkpt>
   <trkpt lat="51.038740000000004" lon="5.145980000000001">
    <ele>25.32</ele>
   </trkpt>
   <trkpt lat="51.03904500558549" lon="5.147124992431451">
    <ele>25.740000000000002</ele>
   </trkpt>
   <trkpt lat="51.039350000000006" lon="5.14827">
    <ele>25.93</ele>
   </trkpt>
   <trkpt lat="51.03940000000001" lon="5.148820000000001">
    <ele>25.980000000000004</ele>
   </trkpt>
   <trkpt lat="51.03936" lon="5.14947">
    <ele>26.310000000000002</ele>
   </trkpt>
   <trkpt lat="51.0392200021893" lon="5.150180001950443">
    <ele>26.6</ele>
   </trkpt>
   <trkpt lat="51.039080000000006" lon="5.15089">
    <ele>27.1</ele>
   </trkpt>
   <trkpt lat="51.038920000000005" lon="5.1514500000000005">
    <ele>27.1</ele>
   </trkpt>
   <trkpt lat="51.03875000000001" lon="5.151820000000001">
    <ele>27.48</ele>
   </trkpt>
   <trkpt lat="51.0386" lon="5.1520600000000005">
    <ele>27.470000000000002</ele>
   </trkpt>
   <trkpt lat="51.038410000000006" lon="5.152290000000001">
    <ele>27.67</ele>
   </trkpt>
   <trkpt lat="51.037710000000004" lon="5.152920000000001">
    <ele>28.21</ele>
   </trkpt>
   <trkpt lat="51.03734000000001" lon="5.15326">
    <ele>28.580000000000002</ele>
   </trkpt>
   <trkpt lat="51.03703" lon="5.15333">
    <ele>28.900000000000002</ele>
   </trkpt>
   <trkpt lat="51.0369" lon="5.1534">
    <ele>29.060000000000002</ele>
   </trkpt>
   <trkpt lat="51.036840000000005" lon="5.153320000000001">
    <ele>29.14</ele>
   </trkpt>
   <trkpt lat="51.03640000000001" lon="5.15305">
    <ele>29.75</ele>
   </trkpt>
   <trkpt lat="51.03632" lon="5.15303">
    <ele>29.75</ele>
   </trkpt>
   <trkpt lat="51.0362" lon="5.1530700000000005">
    <ele>29.75</ele>
   </trkpt>
   <trkpt lat="51.035900000000005" lon="5.15322">
    <ele>30.080000000000002</ele>
   </trkpt>
   <trkpt lat="51.03562" lon="5.153320000000001">
    <ele>30.310000000000002</ele>
   </trkpt>
   <trkpt lat="51.03538" lon="5.15343">
    <ele>30.820000000000004</ele>
   </trkpt>
   <trkpt lat="51.034760000000006" lon="5.153770000000001">
    <ele>32.900000000000006</ele>
   </trkpt>
   <trkpt lat="51.03405500049247" lon="5.154125005423538">
    <ele>34.89</ele>
   </trkpt>
   <trkpt lat="51.033350000000006" lon="5.15448">
    <ele>36.37</ele>
   </trkpt>
   <trkpt lat="51.033060000000006" lon="5.15465">
    <ele>36.800000000000004</ele>
   </trkpt>
   <trkpt lat="51.03273" lon="5.154800000000001">
    <ele>37.26</ele>
   </trkpt>
   <trkpt lat="51.032160000000005" lon="5.1549000000000005">
    <ele>38.25000000000001</ele>
   </trkpt>
   <trkpt lat="51.031960000000005" lon="5.15496">
    <ele>38.71</ele>
   </trkpt>
   <trkpt lat="51.03190000000001" lon="5.154990000000001">
    <ele>38.74</ele>
   </trkpt>
   <trkpt lat="51.03124000294041" lon="5.155580016831234">
    <ele>40.49</ele>
   </trkpt>
   <trkpt lat="51.03058000291007" lon="5.156170016858047">
    <ele>42.53</ele>
   </trkpt>
   <trkpt lat="51.029920000000004" lon="5.15676">
    <ele>45.470000000000006</ele>
   </trkpt>
   <trkpt lat="51.029810000000005" lon="5.1565900000000005">
    <ele>45.61000000000001</ele>
   </trkpt>
   <trkpt lat="51.029770000000006" lon="5.156680000000001">
    <ele>45.660000000000004</ele>
   </trkpt>
   <trkpt lat="51.029520000000005" lon="5.15679">
    <ele>45.74</ele>
   </trkpt>
   <trkpt lat="51.029320000000006" lon="5.15693">
    <ele>46.18000000000001</ele>
   </trkpt>
   <trkpt lat="51.02926" lon="5.1570100000000005">
    <ele>46.410000000000004</ele>
   </trkpt>
   <trkpt lat="51.029230000000005" lon="5.157120000000001">
    <ele>46.410000000000004</ele>
   </trkpt>
   <trkpt lat="51.029250000000005" lon="5.15723">
    <ele>46.34</ele>
   </trkpt>
   <trkpt lat="51.02939000000001" lon="5.15758">
    <ele>46.17</ele>
   </trkpt>
   <trkpt lat="51.02939000000001" lon="5.157570000000001">
    <ele>46.18000000000001</ele>
   </trkpt>
   <trkpt lat="51.02989667838343" lon="5.158743307605488">
    <ele>46.03</ele>
   </trkpt>
   <trkpt lat="51.030403345018186" lon="5.159916640864411">
    <ele>46.02</ele>
   </trkpt>
   <trkpt lat="51.030910000000006" lon="5.161090000000001">
    <ele>45.27</ele>
   </trkpt>
   <trkpt lat="51.031240000000004" lon="5.162070000000001">
    <ele>43.59</ele>
   </trkpt>
   <trkpt lat="51.03155500437852" lon="5.163089992870191">
    <ele>42.730000000000004</ele>
   </trkpt>
   <trkpt lat="51.031870000000005" lon="5.164110000000001">
    <ele>40.900000000000006</ele>
   </trkpt>
   <trkpt lat="51.032150003649484" lon="5.165039994244918">
    <ele>38.71</ele>
   </trkpt>
   <trkpt lat="51.032430000000005" lon="5.165970000000001">
    <ele>37.27</ele>
   </trkpt>
   <trkpt lat="51.03253" lon="5.16614">
    <ele>36.9</ele>
   </trkpt>
   <trkpt lat="51.032500000000006" lon="5.166270000000001">
    <ele>36.81</ele>
   </trkpt>
   <trkpt lat="51.032590000000006" lon="5.166300000000001">
    <ele>36.50000000000001</ele>
   </trkpt>
   <trkpt lat="51.032680000000006" lon="5.166390000000001">
    <ele>36.50000000000001</ele>
   </trkpt>
   <trkpt lat="51.03312667067211" lon="5.167073320192376">
    <ele>35.5</ele>
   </trkpt>
   <trkpt lat="51.03357333735947" lon="5.167756653557171">
    <ele>34.730000000000004</ele>
   </trkpt>
   <trkpt lat="51.034020000000005" lon="5.16844">
    <ele>34.28</ele>
   </trkpt>
   <trkpt lat="51.03401" lon="5.16844">
    <ele>34.29</ele>
   </trkpt>
   <trkpt lat="51.034400000000005" lon="5.169040000000001">
    <ele>34.04</ele>
   </trkpt>
   <trkpt lat="51.03436000000001" lon="5.16922">
    <ele>34.04</ele>
   </trkpt>
   <trkpt lat="51.03435" lon="5.16933">
    <ele>33.980000000000004</ele>
   </trkpt>
   <trkpt lat="51.03439" lon="5.16955">
    <ele>33.79</ele>
   </trkpt>
   <trkpt lat="51.034510000000004" lon="5.1699600000000006">
    <ele>33.54</ele>
   </trkpt>
   <trkpt lat="51.034940000000006" lon="5.17117">
    <ele>33.480000000000004</ele>
   </trkpt>
   <trkpt lat="51.035180000000004" lon="5.1721200000000005">
    <ele>33.32</ele>
   </trkpt>
   <trkpt lat="51.03532000490252" lon="5.173189996900311">
    <ele>33.2</ele>
   </trkpt>
   <trkpt lat="51.03546000000001" lon="5.17426">
    <ele>33.0</ele>
   </trkpt>
   <trkpt lat="51.03551" lon="5.174950000000001">
    <ele>32.79</ele>
   </trkpt>
   <trkpt lat="51.035515003849525" lon="5.175899999651498">
    <ele>32.54</ele>
   </trkpt>
   <trkpt lat="51.035520000000005" lon="5.176850000000001">
    <ele>32.300000000000004</ele>
   </trkpt>
   <trkpt lat="51.035520000000005" lon="5.17684">
    <ele>32.300000000000004</ele>
   </trkpt>
   <trkpt lat="51.0355300097701" lon="5.177909999525391">
    <ele>32.14</ele>
   </trkpt>
   <trkpt lat="51.03554000976999" lon="5.178979999512825">
    <ele>32.019999999999996</ele>
   </trkpt>
   <trkpt lat="51.03555" lon="5.1800500000000005">
    <ele>32.150000000000006</ele>
   </trkpt>
   <trkpt lat="51.035680000000006" lon="5.181">
    <ele>31.94</ele>
   </trkpt>
   <trkpt lat="51.03577000000001" lon="5.18135">
    <ele>31.94</ele>
   </trkpt>
   <trkpt lat="51.03602500306988" lon="5.182199995279345">
    <ele>31.61</ele>
   </trkpt>
   <trkpt lat="51.036280000000005" lon="5.183050000000001">
    <ele>31.67</ele>
   </trkpt>
   <trkpt lat="51.036370000000005" lon="5.18344">
    <ele>31.78</ele>
   </trkpt>
   <trkpt lat="51.03647" lon="5.18405">
    <ele>31.44</ele>
   </trkpt>
   <trkpt lat="51.03654500254171" lon="5.1848249985280965">
    <ele>31.240000000000002</ele>
   </trkpt>
   <trkpt lat="51.036620000000006" lon="5.1856">
    <ele>31.540000000000006</ele>
   </trkpt>
   <trkpt lat="51.03678000000001" lon="5.1862900000000005">
    <ele>31.490000000000002</ele>
   </trkpt>
   <trkpt lat="51.03680000000001" lon="5.1865000000000006">
    <ele>31.51</ele>
   </trkpt>
   <trkpt lat="51.03679" lon="5.186680000000001">
    <ele>31.51</ele>
   </trkpt>
   <trkpt lat="51.036680002278" lon="5.187415001925493">
    <ele>32.14</ele>
   </trkpt>
   <trkpt lat="51.036570000000005" lon="5.18815">
    <ele>33.24</ele>
   </trkpt>
   <trkpt lat="51.03656" lon="5.18836">
    <ele>33.24</ele>
   </trkpt>
   <trkpt lat="51.036570000000005" lon="5.18857">
    <ele>34.03</ele>
   </trkpt>
   <trkpt lat="51.03663" lon="5.188820000000001">
    <ele>34.7</ele>
   </trkpt>
   <trkpt lat="51.036820000000006" lon="5.18923">
    <ele>35.34</ele>
   </trkpt>
   <trkpt lat="51.03736500444862" lon="5.190254987879626">
    <ele>36.87</ele>
   </trkpt>
   <trkpt lat="51.037910000000004" lon="5.191280000000001">
    <ele>37.42</ele>
   </trkpt>
   <trkpt lat="51.03813" lon="5.191630000000001">
    <ele>36.17</ele>
   </trkpt>
   <trkpt lat="51.03813" lon="5.19162">
    <ele>36.2</ele>
   </trkpt>
   <trkpt lat="51.03821000000001" lon="5.19174">
    <ele>36.2</ele>
   </trkpt>
   <trkpt lat="51.03851" lon="5.19204">
    <ele>34.84</ele>
   </trkpt>
   <trkpt lat="51.03902000043125" lon="5.192299997210899">
    <ele>31.17</ele>
   </trkpt>
   <trkpt lat="51.039530000000006" lon="5.19256">
    <ele>29.94</ele>
   </trkpt>
   <trkpt lat="51.03979" lon="5.192780000000001">
    <ele>29.48</ele>
   </trkpt>
   <trkpt lat="51.039970000000004" lon="5.192970000000001">
    <ele>29.130000000000003</ele>
   </trkpt>
   <trkpt lat="51.040110000000006" lon="5.19317">
    <ele>29.05</ele>
   </trkpt>
   <trkpt lat="51.04044000122648" lon="5.19370999612474">
    <ele>28.84</ele>
   </trkpt>
   <trkpt lat="51.04077" lon="5.19425">
    <ele>28.85</ele>
   </trkpt>
   <trkpt lat="51.040850000000006" lon="5.19435">
    <ele>29.1</ele>
   </trkpt>
   <trkpt lat="51.04093" lon="5.19439">
    <ele>29.1</ele>
   </trkpt>
   <trkpt lat="51.04106" lon="5.194380000000001">
    <ele>29.060000000000002</ele>
   </trkpt>
   <trkpt lat="51.041540000000005" lon="5.19409">
    <ele>29.32</ele>
   </trkpt>
   <trkpt lat="51.04153" lon="5.194100000000001">
    <ele>29.310000000000002</ele>
   </trkpt>
   <trkpt lat="51.041990000000006" lon="5.19383">
    <ele>29.92</ele>
   </trkpt>
   <trkpt lat="51.04209000430042" lon="5.1948349977402595">
    <ele>29.110000000000003</ele>
   </trkpt>
   <trkpt lat="51.042190000000005" lon="5.1958400000000005">
    <ele>29.220000000000002</ele>
   </trkpt>
   <trkpt lat="51.04234" lon="5.19622">
    <ele>29.110000000000003</ele>
   </trkpt>
   <trkpt lat="51.042480000000005" lon="5.19669">
    <ele>28.89</ele>
   </trkpt>
   <trkpt lat="51.04262000000001" lon="5.197290000000001">
    <ele>28.84</ele>
   </trkpt>
   <trkpt lat="51.04267" lon="5.197590000000001">
    <ele>28.84</ele>
   </trkpt>
   <trkpt lat="51.04269000000001" lon="5.19796">
    <ele>28.970000000000002</ele>
   </trkpt>
   <trkpt lat="51.0427" lon="5.19908">
    <ele>28.790000000000003</ele>
   </trkpt>
   <trkpt lat="51.042640000000006" lon="5.19967">
    <ele>28.73</ele>
   </trkpt>
   <trkpt lat="51.04236001050556" lon="5.200780013450517">
    <ele>28.59</ele>
   </trkpt>
   <trkpt lat="51.04208001049716" lon="5.201890013483573">
    <ele>28.740000000000002</ele>
   </trkpt>
   <trkpt lat="51.0418" lon="5.203">
    <ele>28.68</ele>
   </trkpt>
   <trkpt lat="51.041740000000004" lon="5.20354">
    <ele>28.8</ele>
   </trkpt>
   <trkpt lat="51.04175000000001" lon="5.2038">
    <ele>28.8</ele>
   </trkpt>
   <trkpt lat="51.04186000000001" lon="5.20439">
    <ele>28.880000000000003</ele>
   </trkpt>
   <trkpt lat="51.0422" lon="5.205620000000001">
    <ele>29.02</ele>
   </trkpt>
   <trkpt lat="51.042190000000005" lon="5.2056000000000004">
    <ele>29.02</ele>
   </trkpt>
   <trkpt lat="51.042460000000005" lon="5.20661">
    <ele>29.200000000000003</ele>
   </trkpt>
   <trkpt lat="51.04264000364757" lon="5.207539996166266">
    <ele>29.18</ele>
   </trkpt>
   <trkpt lat="51.042820000000006" lon="5.20847">
    <ele>29.25</ele>
   </trkpt>
   <trkpt lat="51.04321" lon="5.209560000000001">
    <ele>29.42</ele>
   </trkpt>
   <trkpt lat="51.04339500225376" lon="5.210274997425133">
    <ele>29.640000000000004</ele>
   </trkpt>
   <trkpt lat="51.043580000000006" lon="5.210990000000001">
    <ele>30.070000000000004</ele>
   </trkpt>
   <trkpt lat="51.043580000000006" lon="5.211">
    <ele>30.070000000000004</ele>
   </trkpt>
   <trkpt lat="51.04364" lon="5.211220000000001">
    <ele>30.54</ele>
   </trkpt>
   <trkpt lat="51.043730000000004" lon="5.21136">
    <ele>30.54</ele>
   </trkpt>
   <trkpt lat="51.04357" lon="5.21142">
    <ele>30.6</ele>
   </trkpt>
   <trkpt lat="51.043580000000006" lon="5.21142">
    <ele>30.6</ele>
   </trkpt>
   <trkpt lat="51.04366" lon="5.21265">
    <ele>30.87</ele>
   </trkpt>
   <trkpt lat="51.04375" lon="5.213120000000001">
    <ele>30.87</ele>
   </trkpt>
   <trkpt lat="51.043760000000006" lon="5.2133">
    <ele>30.87</ele>
   </trkpt>
   <trkpt lat="51.04375" lon="5.21351">
    <ele>30.810000000000002</ele>
   </trkpt>
   <trkpt lat="51.04356000347525" lon="5.214415003803249">
    <ele>30.94</ele>
   </trkpt>
   <trkpt lat="51.04337" lon="5.21532">
    <ele>31.150000000000002</ele>
   </trkpt>
   <trkpt lat="51.04334000000001" lon="5.215420000000001">
    <ele>31.150000000000002</ele>
   </trkpt>
   <trkpt lat="51.04328" lon="5.2155000000000005">
    <ele>31.070000000000004</ele>
   </trkpt>
   <trkpt lat="51.043220000000005" lon="5.215540000000001">
    <ele>31.070000000000004</ele>
   </trkpt>
   <trkpt lat="51.042860000000005" lon="5.21563">
    <ele>31.14</ele>
   </trkpt>
   <trkpt lat="51.04280000000001" lon="5.2157">
    <ele>31.28</ele>
   </trkpt>
   <trkpt lat="51.04281" lon="5.21577">
    <ele>31.28</ele>
   </trkpt>
   <trkpt lat="51.043040000000005" lon="5.21576">
    <ele>31.55</ele>
   </trkpt>
   <trkpt lat="51.043310000000005" lon="5.215680000000001">
    <ele>32.199999999999996</ele>
   </trkpt>
   <trkpt lat="51.04332" lon="5.215680000000001">
    <ele>32.230000000000004</ele>
   </trkpt>
   <trkpt lat="51.04352" lon="5.2156">
    <ele>32.97</ele>
   </trkpt>
   <trkpt lat="51.043730000000004" lon="5.2155700000000005">
    <ele>33.54</ele>
   </trkpt>
   <trkpt lat="51.043870000000005" lon="5.2155700000000005">
    <ele>34.63</ele>
   </trkpt>
   <trkpt lat="51.04406" lon="5.21562">
    <ele>34.63</ele>
   </trkpt>
   <trkpt lat="51.044270000000004" lon="5.2157100000000005">
    <ele>35.76</ele>
   </trkpt>
   <trkpt lat="51.04462" lon="5.215940000000001">
    <ele>36.4</ele>
   </trkpt>
   <trkpt lat="51.04468000000001" lon="5.21605">
    <ele>36.71</ele>
   </trkpt>
   <trkpt lat="51.04466000000001" lon="5.21616">
    <ele>33.78</ele>
   </trkpt>
   <trkpt lat="51.044760000000004" lon="5.21624">
    <ele>33.78</ele>
   </trkpt>
   <trkpt lat="51.04505" lon="5.216670000000001">
    <ele>33.17</ele>
   </trkpt>
   <trkpt lat="51.04504000000001" lon="5.216880000000001">
    <ele>31.27</ele>
   </trkpt>
   <trkpt lat="51.04523500371117" lon="5.217814995974092">
    <ele>27.51</ele>
   </trkpt>
   <trkpt lat="51.04543" lon="5.21875">
    <ele>37.24</ele>
   </trkpt>
   <trkpt lat="51.04538" lon="5.21877">
    <ele>37.24</ele>
   </trkpt>
   <trkpt lat="51.045390000000005" lon="5.2189000000000005">
    <ele>37.1</ele>
   </trkpt>
   <trkpt lat="51.04547" lon="5.21917">
    <ele>37.13</ele>
   </trkpt>
   <trkpt lat="51.045460000000006" lon="5.21933">
    <ele>37.14000000000001</ele>
   </trkpt>
   <trkpt lat="51.045590000000004" lon="5.2193700000000005">
    <ele>36.7</ele>
   </trkpt>
   <trkpt lat="51.04589000000001" lon="5.22027">
    <ele>36.24</ele>
   </trkpt>
   <trkpt lat="51.04609000000001" lon="5.22074">
    <ele>36.43000000000001</ele>
   </trkpt>
   <trkpt lat="51.046290000000006" lon="5.221150000000001">
    <ele>36.550000000000004</ele>
   </trkpt>
   <trkpt lat="51.0466500017691" lon="5.221779995236166">
    <ele>36.660000000000004</ele>
   </trkpt>
   <trkpt lat="51.04701000000001" lon="5.22241">
    <ele>37.22</ele>
   </trkpt>
   <trkpt lat="51.04708" lon="5.22259">
    <ele>37.790000000000006</ele>
   </trkpt>
   <trkpt lat="51.04711" lon="5.2225600000000005">
    <ele>37.790000000000006</ele>
   </trkpt>
   <trkpt lat="51.047140000000006" lon="5.22261">
    <ele>37.76</ele>
   </trkpt>
   <trkpt lat="51.047320000000006" lon="5.2229600000000005">
    <ele>38.330000000000005</ele>
   </trkpt>
   <trkpt lat="51.047470000000004" lon="5.22318">
    <ele>38.86000000000001</ele>
   </trkpt>
   <trkpt lat="51.047610000000006" lon="5.223520000000001">
    <ele>39.440000000000005</ele>
   </trkpt>
   <trkpt lat="51.047630000000005" lon="5.22362">
    <ele>39.440000000000005</ele>
   </trkpt>
   <trkpt lat="51.04762" lon="5.22374">
    <ele>39.7</ele>
   </trkpt>
   <trkpt lat="51.04759000000001" lon="5.2238500000000005">
    <ele>39.7</ele>
   </trkpt>
   <trkpt lat="51.04753" lon="5.22393">
    <ele>39.440000000000005</ele>
   </trkpt>
   <trkpt lat="51.04699000014623" lon="5.224220003495034">
    <ele>38.56</ele>
   </trkpt>
   <trkpt lat="51.04645000000001" lon="5.22451">
    <ele>37.3</ele>
   </trkpt>
   <trkpt lat="51.04639" lon="5.2245800000000004">
    <ele>37.09</ele>
   </trkpt>
   <trkpt lat="51.04637" lon="5.224640000000001">
    <ele>37.09</ele>
   </trkpt>
   <trkpt lat="51.04625000000001" lon="5.224620000000001">
    <ele>36.59</ele>
   </trkpt>
   <trkpt lat="51.04542000000001" lon="5.22505">
    <ele>33.550000000000004</ele>
   </trkpt>
   <trkpt lat="51.04543" lon="5.225040000000001">
    <ele>33.57</ele>
   </trkpt>
   <trkpt lat="51.04534" lon="5.225090000000001">
    <ele>33.45</ele>
   </trkpt>
   <trkpt lat="51.045320000000004" lon="5.22503">
    <ele>33.45</ele>
   </trkpt>
   <trkpt lat="51.04525" lon="5.22496">
    <ele>33.300000000000004</ele>
   </trkpt>
   <trkpt lat="51.045170000000006" lon="5.22496">
    <ele>33.18</ele>
   </trkpt>
   <trkpt lat="51.045100000000005" lon="5.225040000000001">
    <ele>33.18</ele>
   </trkpt>
   <trkpt lat="51.045080000000006" lon="5.225160000000001">
    <ele>32.870000000000005</ele>
   </trkpt>
   <trkpt lat="51.045080000000006" lon="5.225230000000001">
    <ele>32.870000000000005</ele>
   </trkpt>
   <trkpt lat="51.04462500046706" lon="5.225480002345458">
    <ele>32.21</ele>
   </trkpt>
   <trkpt lat="51.04417" lon="5.22573">
    <ele>31.830000000000002</ele>
   </trkpt>
   <trkpt lat="51.043910000000004" lon="5.225860000000001">
    <ele>31.48</ele>
   </trkpt>
   <trkpt lat="51.04390500334311" lon="5.226744999846174">
    <ele>31.57</ele>
   </trkpt>
   <trkpt lat="51.0439" lon="5.22763">
    <ele>31.95</ele>
   </trkpt>
   <trkpt lat="51.04372000000001" lon="5.227690000000001">
    <ele>31.66</ele>
   </trkpt>
   <trkpt lat="51.04343" lon="5.2279100000000005">
    <ele>31.34</ele>
   </trkpt>
   <trkpt lat="51.042930000000005" lon="5.22848">
    <ele>31.020000000000003</ele>
   </trkpt>
   <trkpt lat="51.04276" lon="5.22862">
    <ele>31.020000000000003</ele>
   </trkpt>
   <trkpt lat="51.04196" lon="5.22914">
    <ele>31.000000000000004</ele>
   </trkpt>
   <trkpt lat="51.0415000002751" lon="5.2294400030497465">
    <ele>31.080000000000002</ele>
   </trkpt>
   <trkpt lat="51.04104" lon="5.2297400000000005">
    <ele>31.52</ele>
   </trkpt>
   <trkpt lat="51.04059000000456" lon="5.229875001333203">
    <ele>31.39</ele>
   </trkpt>
   <trkpt lat="51.04014" lon="5.23001">
    <ele>31.66</ele>
   </trkpt>
   <trkpt lat="51.040103348655805" lon="5.231350002124952">
    <ele>31.85</ele>
   </trkpt>
   <trkpt lat="51.04006668198901" lon="5.232690002129368">
    <ele>32.39</ele>
   </trkpt>
   <trkpt lat="51.04003" lon="5.234030000000001">
    <ele>32.64</ele>
   </trkpt>
   <trkpt lat="51.039985005296415" lon="5.235145001282745">
    <ele>32.67</ele>
   </trkpt>
   <trkpt lat="51.03994" lon="5.236260000000001">
    <ele>33.0</ele>
   </trkpt>
   <trkpt lat="51.03989500568512" lon="5.237415001295767">
    <ele>33.550000000000004</ele>
   </trkpt>
   <trkpt lat="51.03985" lon="5.23857">
    <ele>33.28</ele>
   </trkpt>
   <trkpt lat="51.039750000000005" lon="5.239960000000001">
    <ele>33.7</ele>
   </trkpt>
   <trkpt lat="51.039648372117185" lon="5.241308348137397">
    <ele>33.800000000000004</ele>
   </trkpt>
   <trkpt lat="51.03954672872028" lon="5.242656690359181">
    <ele>34.36</ele>
   </trkpt>
   <trkpt lat="51.039445069809446" lon="5.244005026664494">
    <ele>35.480000000000004</ele>
   </trkpt>
   <trkpt lat="51.03934339538478" lon="5.2453533570524815">
    <ele>35.76</ele>
   </trkpt>
   <trkpt lat="51.03924170544642" lon="5.246701681522289">
    <ele>35.82000000000001</ele>
   </trkpt>
   <trkpt lat="51.03914" lon="5.24805">
    <ele>36.04</ele>
   </trkpt>
   <trkpt lat="51.039750000000005" lon="5.24798">
    <ele>36.54</ele>
   </trkpt>
   <trkpt lat="51.03981" lon="5.248030000000001">
    <ele>36.54</ele>
   </trkpt>
   <trkpt lat="51.03987000000001" lon="5.248150000000001">
    <ele>36.56</ele>
   </trkpt>
   <trkpt lat="51.03996" lon="5.24946">
    <ele>36.61</ele>
   </trkpt>
   <trkpt lat="51.03996" lon="5.2494700000000005">
    <ele>36.61</ele>
   </trkpt>
   <trkpt lat="51.04001000234407" lon="5.250214998837467">
    <ele>36.95</ele>
   </trkpt>
   <trkpt lat="51.040060000000004" lon="5.25096">
    <ele>37.52</ele>
   </trkpt>
   <trkpt lat="51.03978000000001" lon="5.251150000000001">
    <ele>37.08</ele>
   </trkpt>
   <trkpt lat="51.039125000422295" lon="5.251490004843395">
    <ele>36.14000000000001</ele>
   </trkpt>
   <trkpt lat="51.038470000000004" lon="5.25183">
    <ele>35.93</ele>
   </trkpt>
   <trkpt lat="51.03833" lon="5.251880000000001">
    <ele>35.82000000000001</ele>
   </trkpt>
   <trkpt lat="51.0384450038408" lon="5.252829997559915">
    <ele>35.54</ele>
   </trkpt>
   <trkpt lat="51.038560000000004" lon="5.253780000000001">
    <ele>35.74</ele>
   </trkpt>
   <trkpt lat="51.038590000000006" lon="5.253950000000001">
    <ele>35.74</ele>
   </trkpt>
   <trkpt lat="51.03876" lon="5.25448">
    <ele>36.24</ele>
   </trkpt>
   <trkpt lat="51.03896" lon="5.2558300000000004">
    <ele>36.22</ele>
   </trkpt>
   <trkpt lat="51.039116674516976" lon="5.256789993421203">
    <ele>36.120000000000005</ele>
   </trkpt>
   <trkpt lat="51.03927334116953" lon="5.25774999333475">
    <ele>36.21000000000001</ele>
   </trkpt>
   <trkpt lat="51.03943" lon="5.258710000000001">
    <ele>36.59</ele>
   </trkpt>
   <trkpt lat="51.03959000953011" lon="5.259766659382796">
    <ele>36.39000000000001</ele>
   </trkpt>
   <trkpt lat="51.03975000953231" lon="5.2608233260638855">
    <ele>36.87</ele>
   </trkpt>
   <trkpt lat="51.039910000000006" lon="5.261880000000001">
    <ele>37.26</ele>
   </trkpt>
   <trkpt lat="51.039970000000004" lon="5.2632900000000005">
    <ele>37.720000000000006</ele>
   </trkpt>
   <trkpt lat="51.03999" lon="5.26339">
    <ele>37.720000000000006</ele>
   </trkpt>
   <trkpt lat="51.04003" lon="5.263450000000001">
    <ele>37.720000000000006</ele>
   </trkpt>
   <trkpt lat="51.03991500204557" lon="5.264145001817945">
    <ele>37.31</ele>
   </trkpt>
   <trkpt lat="51.03980000000001" lon="5.26484">
    <ele>37.35</ele>
   </trkpt>
   <trkpt lat="51.039660000000005" lon="5.26546">
    <ele>37.11000000000001</ele>
   </trkpt>
   <trkpt lat="51.039660000000005" lon="5.26555">
    <ele>37.19</ele>
   </trkpt>
   <trkpt lat="51.03969000000001" lon="5.26567">
    <ele>37.19</ele>
   </trkpt>
   <trkpt lat="51.040200000000006" lon="5.2651900000000005">
    <ele>36.99</ele>
   </trkpt>
   <trkpt lat="51.04023" lon="5.2652600000000005">
    <ele>36.96</ele>
   </trkpt>
   <trkpt lat="51.04026" lon="5.265440000000001">
    <ele>36.96</ele>
   </trkpt>
   <trkpt lat="51.04033668229927" lon="5.266793328918392">
    <ele>36.61</ele>
   </trkpt>
   <trkpt lat="51.0404133489696" lon="5.268146662316168">
    <ele>36.96</ele>
   </trkpt>
   <trkpt lat="51.040490000000005" lon="5.269500000000001">
    <ele>37.11000000000001</ele>
   </trkpt>
   <trkpt lat="51.040490000000005" lon="5.26949">
    <ele>37.1</ele>
   </trkpt>
   <trkpt lat="51.040535002782775" lon="5.270299998914399">
    <ele>37.31</ele>
   </trkpt>
   <trkpt lat="51.040580000000006" lon="5.27111">
    <ele>37.49</ele>
   </trkpt>
   <trkpt lat="51.040620000000004" lon="5.27158">
    <ele>37.49</ele>
   </trkpt>
   <trkpt lat="51.04074000000001" lon="5.2725100000000005">
    <ele>37.73</ele>
   </trkpt>
   <trkpt lat="51.04080500588817" lon="5.273684998305821">
    <ele>38.040000000000006</ele>
   </trkpt>
   <trkpt lat="51.040870000000005" lon="5.27486">
    <ele>38.31</ele>
   </trkpt>
   <trkpt lat="51.04106" lon="5.275930000000001">
    <ele>38.690000000000005</ele>
   </trkpt>
   <trkpt lat="51.04128001506052" lon="5.277014984504182">
    <ele>39.1</ele>
   </trkpt>
   <trkpt lat="51.041500020075574" lon="5.2780999793133185">
    <ele>39.510000000000005</ele>
   </trkpt>
   <trkpt lat="51.04172001504502" lon="5.279184984427118">
    <ele>39.88</ele>
   </trkpt>
   <trkpt lat="51.041940000000004" lon="5.280270000000001">
    <ele>40.06</ele>
   </trkpt>
   <trkpt lat="51.041940000000004" lon="5.28026">
    <ele>40.06</ele>
   </trkpt>
   <trkpt lat="51.04214" lon="5.281300000000001">
    <ele>40.690000000000005</ele>
   </trkpt>
   <trkpt lat="51.042010000000005" lon="5.281370000000001">
    <ele>40.78</ele>
   </trkpt>
   <trkpt lat="51.042010000000005" lon="5.28141">
    <ele>40.78</ele>
   </trkpt>
   <trkpt lat="51.041940000000004" lon="5.28145">
    <ele>41.02</ele>
   </trkpt>
   <trkpt lat="51.04195000000001" lon="5.28152">
    <ele>41.02</ele>
   </trkpt>
   <trkpt lat="51.041920000000005" lon="5.281540000000001">
    <ele>41.02</ele>
   </trkpt>
   <trkpt lat="51.04194500644983" lon="5.282769999081859">
    <ele>40.93</ele>
   </trkpt>
   <trkpt lat="51.041970000000006" lon="5.284000000000001">
    <ele>41.64</ele>
   </trkpt>
   <trkpt lat="51.042" lon="5.28462">
    <ele>41.85</ele>
   </trkpt>
   <trkpt lat="51.04207500381145" lon="5.285564998485593">
    <ele>41.95</ele>
   </trkpt>
   <trkpt lat="51.04215000000001" lon="5.286510000000001">
    <ele>42.010000000000005</ele>
   </trkpt>
   <trkpt lat="51.04214" lon="5.2867500000000005">
    <ele>41.980000000000004</ele>
   </trkpt>
   <trkpt lat="51.042100000000005" lon="5.2873">
    <ele>41.900000000000006</ele>
   </trkpt>
   <trkpt lat="51.042100000000005" lon="5.287310000000001">
    <ele>41.900000000000006</ele>
   </trkpt>
   <trkpt lat="51.04200500437806" lon="5.288325002268747">
    <ele>41.42</ele>
   </trkpt>
   <trkpt lat="51.04191" lon="5.28934">
    <ele>41.410000000000004</ele>
   </trkpt>
   <trkpt lat="51.041880000000006" lon="5.289440000000001">
    <ele>41.410000000000004</ele>
   </trkpt>
   <trkpt lat="51.041790000000006" lon="5.289580000000001">
    <ele>41.440000000000005</ele>
   </trkpt>
   <trkpt lat="51.041920000000005" lon="5.29011">
    <ele>41.510000000000005</ele>
   </trkpt>
   <trkpt lat="51.042" lon="5.290590000000001">
    <ele>41.480000000000004</ele>
   </trkpt>
   <trkpt lat="51.04207500314997" lon="5.291449998543107">
    <ele>41.64</ele>
   </trkpt>
   <trkpt lat="51.04215000000001" lon="5.2923100000000005">
    <ele>41.940000000000005</ele>
   </trkpt>
   <trkpt lat="51.042190000000005" lon="5.2926">
    <ele>41.940000000000005</ele>
   </trkpt>
   <trkpt lat="51.042260000000006" lon="5.29291">
    <ele>41.96</ele>
   </trkpt>
   <trkpt lat="51.04249000219707" lon="5.2936299963792015">
    <ele>41.92</ele>
   </trkpt>
   <trkpt lat="51.04272" lon="5.2943500000000006">
    <ele>41.82</ele>
   </trkpt>
   <trkpt lat="51.04289000000001" lon="5.29478">
    <ele>41.800000000000004</ele>
   </trkpt>
   <trkpt lat="51.04319000133943" lon="5.295324996601706">
    <ele>41.74</ele>
   </trkpt>
   <trkpt lat="51.043490000000006" lon="5.295870000000001">
    <ele>42.0</ele>
   </trkpt>
   <trkpt lat="51.043490000000006" lon="5.29586">
    <ele>41.99000000000001</ele>
   </trkpt>
   <trkpt lat="51.04372000000001" lon="5.29623">
    <ele>42.330000000000005</ele>
   </trkpt>
   <trkpt lat="51.043820000000004" lon="5.29635">
    <ele>42.45</ele>
   </trkpt>
   <trkpt lat="51.043800000000005" lon="5.296480000000001">
    <ele>42.45</ele>
   </trkpt>
   <trkpt lat="51.043820000000004" lon="5.296550000000001">
    <ele>42.43</ele>
   </trkpt>
   <trkpt lat="51.043870000000005" lon="5.29659">
    <ele>42.43</ele>
   </trkpt>
   <trkpt lat="51.04392000000001" lon="5.29657">
    <ele>42.43</ele>
   </trkpt>
   <trkpt lat="51.04397" lon="5.29647">
    <ele>42.510000000000005</ele>
   </trkpt>
   <trkpt lat="51.04408" lon="5.2965100000000005">
    <ele>42.510000000000005</ele>
   </trkpt>
   <trkpt lat="51.04417" lon="5.2965800000000005">
    <ele>42.410000000000004</ele>
   </trkpt>
   <trkpt lat="51.04491" lon="5.297350000000001">
    <ele>42.17</ele>
   </trkpt>
   <trkpt lat="51.045030000000004" lon="5.2975">
    <ele>42.17</ele>
   </trkpt>
   <trkpt lat="51.04516" lon="5.29771">
    <ele>42.14</ele>
   </trkpt>
   <trkpt lat="51.04524000000001" lon="5.297960000000001">
    <ele>42.06</ele>
   </trkpt>
   <trkpt lat="51.04543000280904" lon="5.298769996719237">
    <ele>41.7</ele>
   </trkpt>
   <trkpt lat="51.04562000000001" lon="5.299580000000001">
    <ele>41.580000000000005</ele>
   </trkpt>
   <trkpt lat="51.04574" lon="5.299980000000001">
    <ele>41.6</ele>
   </trkpt>
   <trkpt lat="51.04585" lon="5.3002400000000005">
    <ele>41.580000000000005</ele>
   </trkpt>
   <trkpt lat="51.04601" lon="5.300520000000001">
    <ele>41.61</ele>
   </trkpt>
   <trkpt lat="51.0464700016078" lon="5.301134993884657">
    <ele>41.86</ele>
   </trkpt>
   <trkpt lat="51.04693" lon="5.30175">
    <ele>42.160000000000004</ele>
   </trkpt>
   <trkpt lat="51.047320000000006" lon="5.302420000000001">
    <ele>42.56</ele>
   </trkpt>
   <trkpt lat="51.04748000000001" lon="5.30283">
    <ele>42.7</ele>
   </trkpt>
   <trkpt lat="51.04768000000001" lon="5.30342">
    <ele>43.2</ele>
   </trkpt>
   <trkpt lat="51.0480200106498" lon="5.304536650304763">
    <ele>42.93</ele>
   </trkpt>
   <trkpt lat="51.04836001065969" lon="5.305653317003664">
    <ele>43.27</ele>
   </trkpt>
   <trkpt lat="51.048700000000004" lon="5.30677">
    <ele>43.03000000000001</ele>
   </trkpt>
   <trkpt lat="51.04910000556606" lon="5.307909990215695">
    <ele>42.410000000000004</ele>
   </trkpt>
   <trkpt lat="51.0495" lon="5.30905">
    <ele>42.2</ele>
   </trkpt>
   <trkpt lat="51.0495" lon="5.30904">
    <ele>42.2</ele>
   </trkpt>
   <trkpt lat="51.04979" lon="5.309850000000001">
    <ele>42.300000000000004</ele>
   </trkpt>
   <trkpt lat="51.04974000000001" lon="5.3099300000000005">
    <ele>42.300000000000004</ele>
   </trkpt>
   <trkpt lat="51.049730000000004" lon="5.310040000000001">
    <ele>42.34</ele>
   </trkpt>
   <trkpt lat="51.049760000000006" lon="5.3101400000000005">
    <ele>42.34</ele>
   </trkpt>
   <trkpt lat="51.04979" lon="5.310180000000001">
    <ele>42.34</ele>
   </trkpt>
   <trkpt lat="51.04977" lon="5.31038">
    <ele>42.34</ele>
   </trkpt>
   <trkpt lat="51.04986" lon="5.3113600000000005">
    <ele>42.56</ele>
   </trkpt>
   <trkpt lat="51.05000880759604" lon="5.312748718765747">
    <ele>43.09</ele>
   </trkpt>
   <trkpt lat="51.050157598736206" lon="5.31413744645489">
    <ele>44.230000000000004</ele>
   </trkpt>
   <trkpt lat="51.050306373420284" lon="5.315526183066546">
    <ele>45.77</ele>
   </trkpt>
   <trkpt lat="51.050455131648086" lon="5.316914928599833">
    <ele>47.25000000000001</ele>
   </trkpt>
   <trkpt lat="51.05060387341942" lon="5.318303683053869">
    <ele>48.77</ele>
   </trkpt>
   <trkpt lat="51.0507525987341" lon="5.319692446427772">
    <ele>49.68</ele>
   </trkpt>
   <trkpt lat="51.05090130759191" lon="5.321081218720659">
    <ele>50.9</ele>
   </trkpt>
   <trkpt lat="51.051050000000004" lon="5.32247">
    <ele>51.72</ele>
   </trkpt>
   <trkpt lat="51.05104000000001" lon="5.32272">
    <ele>51.96000000000001</ele>
   </trkpt>
   <trkpt lat="51.05078" lon="5.32366">
    <ele>53.42</ele>
   </trkpt>
   <trkpt lat="51.050720000000005" lon="5.323770000000001">
    <ele>53.83</ele>
   </trkpt>
   <trkpt lat="51.0503650045465" lon="5.324805008002615">
    <ele>56.870000000000005</ele>
   </trkpt>
   <trkpt lat="51.05001000000001" lon="5.32584">
    <ele>56.790000000000006</ele>
   </trkpt>
   <trkpt lat="51.049760000000006" lon="5.326560000000001">
    <ele>58.300000000000004</ele>
   </trkpt>
   <trkpt lat="51.04965000000001" lon="5.3266100000000005">
    <ele>58.28</ele>
   </trkpt>
   <trkpt lat="51.049690000000005" lon="5.3269">
    <ele>58.56000000000001</ele>
   </trkpt>
   <trkpt lat="51.04963000000001" lon="5.32788">
    <ele>59.690000000000005</ele>
   </trkpt>
   <trkpt lat="51.049728364306766" lon="5.329084987195793">
    <ele>62.550000000000004</ele>
   </trkpt>
   <trkpt lat="51.04982671622391" lon="5.33028997950961">
    <ele>64.84</ele>
   </trkpt>
   <trkpt lat="51.04992505575137" lon="5.33149497694085">
    <ele>66.46000000000001</ele>
   </trkpt>
   <trkpt lat="51.05002338288903" lon="5.332699979488906">
    <ele>67.02000000000001</ele>
   </trkpt>
   <trkpt lat="51.050121697636776" lon="5.333904987153174">
    <ele>67.43</ele>
   </trkpt>
   <trkpt lat="51.05022" lon="5.33511">
    <ele>67.55</ele>
   </trkpt>
   <trkpt lat="51.05022" lon="5.335120000000001">
    <ele>67.55</ele>
   </trkpt>
   <trkpt lat="51.05028" lon="5.335730000000001">
    <ele>67.53</ele>
   </trkpt>
   <trkpt lat="51.05095000000001" lon="5.3355500000000005">
    <ele>66.88000000000001</ele>
   </trkpt>
   <trkpt lat="51.051430000047176" lon="5.335540000102672">
    <ele>67.01</ele>
   </trkpt>
   <trkpt lat="51.05191000000001" lon="5.33553">
    <ele>67.61</ele>
   </trkpt>
   <trkpt lat="51.052290000000006" lon="5.335540000000001">
    <ele>67.7</ele>
   </trkpt>
   <trkpt lat="51.0525" lon="5.3356">
    <ele>67.87</ele>
   </trkpt>
   <trkpt lat="51.052490000000006" lon="5.3357600000000005">
    <ele>67.89</ele>
   </trkpt>
   <trkpt lat="51.05252" lon="5.3359000000000005">
    <ele>67.87</ele>
   </trkpt>
   <trkpt lat="51.05293334256545" lon="5.336939981443407">
    <ele>67.37</ele>
   </trkpt>
   <trkpt lat="51.05334667590223" lon="5.337979981451749">
    <ele>67.38000000000001</ele>
   </trkpt>
   <trkpt lat="51.053760000000004" lon="5.3390200000000005">
    <ele>67.28</ele>
   </trkpt>
   <trkpt lat="51.053760000000004" lon="5.339">
    <ele>67.27000000000001</ele>
   </trkpt>
   <trkpt lat="51.05387" lon="5.33929">
    <ele>67.39</ele>
   </trkpt>
   <trkpt lat="51.05404000000001" lon="5.339810000000001">
    <ele>67.28</ele>
   </trkpt>
   <trkpt lat="51.054440008525624" lon="5.340809982706953">
    <ele>67.15</ele>
   </trkpt>
   <trkpt lat="51.05484000851893" lon="5.341809982689894">
    <ele>67.16000000000001</ele>
   </trkpt>
   <trkpt lat="51.055240000000005" lon="5.34281">
    <ele>67.44</ele>
   </trkpt>
   <trkpt lat="51.05560667346941" lon="5.343703319169867">
    <ele>67.66000000000001</ele>
   </trkpt>
   <trkpt lat="51.055973340129704" lon="5.344596652487428">
    <ele>67.81</ele>
   </trkpt>
   <trkpt lat="51.056340000000006" lon="5.345490000000001">
    <ele>67.77000000000001</ele>
   </trkpt>
   <trkpt lat="51.056720003718524" lon="5.346429992159305">
    <ele>67.51</ele>
   </trkpt>
   <trkpt lat="51.057100000000005" lon="5.347370000000001">
    <ele>67.76</ele>
   </trkpt>
   <trkpt lat="51.057300000000005" lon="5.348280000000001">
    <ele>68.13000000000001</ele>
   </trkpt>
   <trkpt lat="51.057410000000004" lon="5.34862">
    <ele>68.23</ele>
   </trkpt>
   <trkpt lat="51.05787003307989" lon="5.349672426803559">
    <ele>68.36</ele>
   </trkpt>
   <trkpt lat="51.058330056709224" lon="5.350724874520103">
    <ele>68.13000000000001</ele>
   </trkpt>
   <trkpt lat="51.058790070887675" lon="5.351777343149965">
    <ele>68.44</ele>
   </trkpt>
   <trkpt lat="51.059250075614884" lon="5.352829832693471">
    <ele>68.78</ele>
   </trkpt>
   <trkpt lat="51.05971007089054" lon="5.353882343150953">
    <ele>69.04</ele>
   </trkpt>
   <trkpt lat="51.060170056714256" lon="5.354934874522737">
    <ele>69.55</ele>
   </trkpt>
   <trkpt lat="51.06063003308574" lon="5.355987426809156">
    <ele>70.04</ele>
   </trkpt>
   <trkpt lat="51.06109000000001" lon="5.3570400000000005">
    <ele>70.35000000000001</ele>
   </trkpt>
   <trkpt lat="51.061150000000005" lon="5.35726">
    <ele>70.35000000000001</ele>
   </trkpt>
   <trkpt lat="51.06121" lon="5.3581900000000005">
    <ele>70.48</ele>
   </trkpt>
   <trkpt lat="51.06125334274375" lon="5.359239998127208">
    <ele>70.43</ele>
   </trkpt>
   <trkpt lat="51.06129667608093" lon="5.360289998220246">
    <ele>70.47</ele>
   </trkpt>
   <trkpt lat="51.06134" lon="5.36134">
    <ele>70.63000000000001</ele>
   </trkpt>
   <trkpt lat="51.061310000000006" lon="5.36141">
    <ele>70.51</ele>
   </trkpt>
   <trkpt lat="51.06121" lon="5.3615">
    <ele>69.62</ele>
   </trkpt>
   <trkpt lat="51.06063" lon="5.36188">
    <ele>68.88000000000001</ele>
   </trkpt>
   <trkpt lat="51.05988000000001" lon="5.362360000000001">
    <ele>67.45</ele>
   </trkpt>
   <trkpt lat="51.05953" lon="5.362620000000001">
    <ele>67.03</ele>
   </trkpt>
   <trkpt lat="51.05903000000001" lon="5.36296">
    <ele>65.08</ele>
   </trkpt>
   <trkpt lat="51.05876000000001" lon="5.363270000000001">
    <ele>63.44000000000001</ele>
   </trkpt>
   <trkpt lat="51.05832" lon="5.363840000000001">
    <ele>60.72</ele>
   </trkpt>
   <trkpt lat="51.057970000000005" lon="5.36427">
    <ele>60.09</ele>
   </trkpt>
   <trkpt lat="51.05751000000001" lon="5.364850000000001">
    <ele>59.160000000000004</ele>
   </trkpt>
   <trkpt lat="51.05729" lon="5.365080000000001">
    <ele>59.0</ele>
   </trkpt>
   <trkpt lat="51.056900000000006" lon="5.365430000000001">
    <ele>59.440000000000005</ele>
   </trkpt>
   <trkpt lat="51.05650000000001" lon="5.366020000000001">
    <ele>60.300000000000004</ele>
   </trkpt>
   <trkpt lat="51.05690500087886" lon="5.366444996396262">
    <ele>61.14000000000001</ele>
   </trkpt>
   <trkpt lat="51.05731" lon="5.3668700000000005">
    <ele>61.120000000000005</ele>
   </trkpt>
   <trkpt lat="51.057790000000004" lon="5.367330000000001">
    <ele>61.1</ele>
   </trkpt>
   <trkpt lat="51.057790000000004" lon="5.36732">
    <ele>61.1</ele>
   </trkpt>
   <trkpt lat="51.05832" lon="5.3678300000000005">
    <ele>61.33</ele>
   </trkpt>
   <trkpt lat="51.05881000096843" lon="5.368254995673767">
    <ele>60.980000000000004</ele>
   </trkpt>
   <trkpt lat="51.05930000000001" lon="5.36868">
    <ele>60.59</ele>
   </trkpt>
   <trkpt lat="51.0597700009499" lon="5.369124995582061">
    <ele>60.660000000000004</ele>
   </trkpt>
   <trkpt lat="51.06024000000001" lon="5.36957">
    <ele>61.67</ele>
   </trkpt>
   <trkpt lat="51.06029" lon="5.3694500000000005">
    <ele>61.67</ele>
   </trkpt>
   <trkpt lat="51.06085000129391" lon="5.370019993011552">
    <ele>61.190000000000005</ele>
   </trkpt>
   <trkpt lat="51.06141" lon="5.370590000000001">
    <ele>62.02</ele>
   </trkpt>
   <trkpt lat="51.0615" lon="5.37079">
    <ele>62.050000000000004</ele>
   </trkpt>
   <trkpt lat="51.062045001056035" lon="5.3712799942600595">
    <ele>62.36000000000001</ele>
   </trkpt>
   <trkpt lat="51.06259000000001" lon="5.371770000000001">
    <ele>62.54</ele>
   </trkpt>
   <trkpt lat="51.06325000551774" lon="5.372427471862852">
    <ele>62.97000000000001</ele>
   </trkpt>
   <trkpt lat="51.06391000734725" lon="5.37308496247342">
    <ele>63.33000000000001</ele>
   </trkpt>
   <trkpt lat="51.064570005488406" lon="5.373742471832576">
    <ele>63.86</ele>
   </trkpt>
   <trkpt lat="51.06523000000001" lon="5.3744000000000005">
    <ele>65.75</ele>
   </trkpt>
   <trkpt lat="51.06523000000001" lon="5.374490000000001">
    <ele>65.75</ele>
   </trkpt>
   <trkpt lat="51.065250000000006" lon="5.3746100000000006">
    <ele>65.9</ele>
   </trkpt>
   <trkpt lat="51.065655000877854" lon="5.375034996394101">
    <ele>67.09</ele>
   </trkpt>
   <trkpt lat="51.06606000000001" lon="5.37546">
    <ele>68.62</ele>
   </trkpt>
   <trkpt lat="51.0666250010798" lon="5.37598499350243">
    <ele>69.15</ele>
   </trkpt>
   <trkpt lat="51.067190000000004" lon="5.376510000000001">
    <ele>69.49000000000001</ele>
   </trkpt>
   <trkpt lat="51.06781" lon="5.37703">
    <ele>69.58</ele>
   </trkpt>
   <trkpt lat="51.06779" lon="5.377020000000001">
    <ele>69.58</ele>
   </trkpt>
   <trkpt lat="51.06833000078346" lon="5.377469994682846">
    <ele>69.49000000000001</ele>
   </trkpt>
   <trkpt lat="51.068870000000004" lon="5.3779200000000005">
    <ele>69.58</ele>
   </trkpt>
   <trkpt lat="51.06902" lon="5.377910000000001">
    <ele>69.45000000000002</ele>
   </trkpt>
   <trkpt lat="51.069430000000004" lon="5.378240000000001">
    <ele>69.38000000000001</ele>
   </trkpt>
   <trkpt lat="51.06908000000001" lon="5.37879">
    <ele>69.58</ele>
   </trkpt>
   <trkpt lat="51.06875" lon="5.37934">
    <ele>69.71000000000001</ele>
   </trkpt>
   <trkpt lat="51.06868000000001" lon="5.379460000000001">
    <ele>69.71000000000001</ele>
   </trkpt>
   <trkpt lat="51.06819" lon="5.37999">
    <ele>69.46000000000001</ele>
   </trkpt>
   <trkpt lat="51.06819" lon="5.37997">
    <ele>69.47</ele>
   </trkpt>
   <trkpt lat="51.068250000000006" lon="5.380120000000001">
    <ele>69.37</ele>
   </trkpt>
   <trkpt lat="51.06845500326919" lon="5.380999995955327">
    <ele>68.72</ele>
   </trkpt>
   <trkpt lat="51.06866" lon="5.381880000000001">
    <ele>69.21000000000001</ele>
   </trkpt>
   <trkpt lat="51.06851" lon="5.38192">
    <ele>69.09000000000002</ele>
   </trkpt>
   <trkpt lat="51.06763" lon="5.382140000000001">
    <ele>68.39</ele>
   </trkpt>
   <trkpt lat="51.06768" lon="5.3823300000000005">
    <ele>68.15</ele>
   </trkpt>
   <trkpt lat="51.067730000000005" lon="5.382440000000001">
    <ele>68.15</ele>
   </trkpt>
   <trkpt lat="51.06804500140808" lon="5.382979996606352">
    <ele>67.91000000000001</ele>
   </trkpt>
   <trkpt lat="51.068360000000006" lon="5.383520000000001">
    <ele>68.28</ele>
   </trkpt>
   <trkpt lat="51.068360000000006" lon="5.38351">
    <ele>68.27000000000001</ele>
   </trkpt>
   <trkpt lat="51.06895501290868" lon="5.384514961211638">
    <ele>68.72</ele>
   </trkpt>
   <trkpt lat="51.06955001720073" lon="5.385519948262843">
    <ele>69.57000000000001</ele>
   </trkpt>
   <trkpt lat="51.070145012875734" lon="5.386524961154457">
    <ele>70.93</ele>
   </trkpt>
   <trkpt lat="51.07074" lon="5.387530000000001">
    <ele>71.95</ele>
   </trkpt>
   <trkpt lat="51.07118000231929" lon="5.388279992732753">
    <ele>71.84</ele>
   </trkpt>
   <trkpt lat="51.07162" lon="5.389030000000001">
    <ele>72.14000000000001</ele>
   </trkpt>
   <trkpt lat="51.07162" lon="5.38902">
    <ele>72.14000000000001</ele>
   </trkpt>
   <trkpt lat="51.07205000449541" lon="5.389746653146691">
    <ele>72.39000000000001</ele>
   </trkpt>
   <trkpt lat="51.07248000448598" lon="5.3904733197972154">
    <ele>73.25000000000001</ele>
   </trkpt>
   <trkpt lat="51.07291000000001" lon="5.3912">
    <ele>73.96000000000001</ele>
   </trkpt>
   <trkpt lat="51.07302000000001" lon="5.391290000000001">
    <ele>74.1</ele>
   </trkpt>
   <trkpt lat="51.07305" lon="5.391430000000001">
    <ele>74.1</ele>
   </trkpt>
   <trkpt lat="51.0734700041959" lon="5.392133320525624">
    <ele>73.35000000000001</ele>
   </trkpt>
   <trkpt lat="51.073890004171645" lon="5.392836653818158">
    <ele>73.12</ele>
   </trkpt>
   <trkpt lat="51.074310000000004" lon="5.393540000000001">
    <ele>74.15</ele>
   </trkpt>
   <trkpt lat="51.07434000000001" lon="5.39365">
    <ele>74.31</ele>
   </trkpt>
   <trkpt lat="51.074310000000004" lon="5.393730000000001">
    <ele>74.31</ele>
   </trkpt>
   <trkpt lat="51.07363" lon="5.3944">
    <ele>72.98</ele>
   </trkpt>
   <trkpt lat="51.073190000818784" lon="5.394830004059127">
    <ele>72.71000000000001</ele>
   </trkpt>
   <trkpt lat="51.072750000000006" lon="5.39526">
    <ele>72.01</ele>
   </trkpt>
   <trkpt lat="51.07213000169032" lon="5.395885008349101">
    <ele>70.59</ele>
   </trkpt>
   <trkpt lat="51.07151" lon="5.39651">
    <ele>69.75</ele>
   </trkpt>
   <trkpt lat="51.07151" lon="5.396520000000001">
    <ele>69.75</ele>
   </trkpt>
   <trkpt lat="51.07095" lon="5.397080000000001">
    <ele>71.33</ele>
   </trkpt>
   <trkpt lat="51.07121" lon="5.397690000000001">
    <ele>71.2</ele>
   </trkpt>
   <trkpt lat="51.071557511632086" lon="5.398642478603542">
    <ele>71.22</ele>
   </trkpt>
   <trkpt lat="51.07190501552424" lon="5.399594971511509">
    <ele>71.32000000000001</ele>
   </trkpt>
   <trkpt lat="51.07225251167625" lon="5.400547478723978">
    <ele>71.42000000000002</ele>
   </trkpt>
   <trkpt lat="51.0726" lon="5.4015">
    <ele>71.63</ele>
   </trkpt>
   <trkpt lat="51.07291000000001" lon="5.4024">
    <ele>71.73</ele>
   </trkpt>
   <trkpt lat="51.07309000000001" lon="5.40282">
    <ele>71.71000000000001</ele>
   </trkpt>
   <trkpt lat="51.07353333940792" lon="5.403666650365748">
    <ele>71.55</ele>
   </trkpt>
   <trkpt lat="51.073976672700354" lon="5.404513316954069">
    <ele>71.55</ele>
   </trkpt>
   <trkpt lat="51.07442" lon="5.405360000000001">
    <ele>71.34</ele>
   </trkpt>
   <trkpt lat="51.074650000000005" lon="5.4059800000000005">
    <ele>71.35000000000001</ele>
   </trkpt>
   <trkpt lat="51.074720000000006" lon="5.40625">
    <ele>71.38</ele>
   </trkpt>
   <trkpt lat="51.07482" lon="5.4069">
    <ele>71.52</ele>
   </trkpt>
   <trkpt lat="51.07486" lon="5.40772">
    <ele>71.62</ele>
   </trkpt>
   <trkpt lat="51.07486" lon="5.407730000000001">
    <ele>71.62</ele>
   </trkpt>
   <trkpt lat="51.074870000000004" lon="5.408550000000001">
    <ele>71.84</ele>
   </trkpt>
   <trkpt lat="51.07493" lon="5.4088">
    <ele>72.27</ele>
   </trkpt>
   <trkpt lat="51.07445000167475" lon="5.409440006735298">
    <ele>71.69</ele>
   </trkpt>
   <trkpt lat="51.07397" lon="5.410080000000001">
    <ele>72.28000000000002</ele>
   </trkpt>
   <trkpt lat="51.07414000000001" lon="5.4103200000000005">
    <ele>71.94</ele>
   </trkpt>
   <trkpt lat="51.07424" lon="5.4104">
    <ele>71.89000000000001</ele>
   </trkpt>
   <trkpt lat="51.07434000000001" lon="5.410430000000001">
    <ele>71.93</ele>
   </trkpt>
   <trkpt lat="51.07459000000001" lon="5.410380000000001">
    <ele>72.38</ele>
   </trkpt>
   <trkpt lat="51.074650000000005" lon="5.410410000000001">
    <ele>72.38</ele>
   </trkpt>
   <trkpt lat="51.074740000000006" lon="5.410570000000001">
    <ele>72.58</ele>
   </trkpt>
   <trkpt lat="51.07495" lon="5.41141">
    <ele>73.00000000000001</ele>
   </trkpt>
   <trkpt lat="51.07512500252892" lon="5.4121799970873035">
    <ele>73.19</ele>
   </trkpt>
   <trkpt lat="51.075300000000006" lon="5.41295">
    <ele>73.12</ele>
   </trkpt>
   <trkpt lat="51.07542" lon="5.413360000000001">
    <ele>73.21000000000001</ele>
   </trkpt>
   <trkpt lat="51.07552000211461" lon="5.414064998437758">
    <ele>73.05</ele>
   </trkpt>
   <trkpt lat="51.07562" lon="5.414770000000001">
    <ele>73.00000000000001</ele>
   </trkpt>
   <trkpt lat="51.07578" lon="5.4156">
    <ele>73.61000000000001</ele>
   </trkpt>
   <trkpt lat="51.0758" lon="5.41563">
    <ele>73.62</ele>
   </trkpt>
   <trkpt lat="51.075880000000005" lon="5.41568">
    <ele>73.54</ele>
   </trkpt>
   <trkpt lat="51.075950000000006" lon="5.415660000000001">
    <ele>73.54</ele>
   </trkpt>
   <trkpt lat="51.07665666842879" lon="5.415206680508108">
    <ele>72.78000000000002</ele>
   </trkpt>
   <trkpt lat="51.07736333510438" lon="5.4147533471693094">
    <ele>72.62</ele>
   </trkpt>
   <trkpt lat="51.078070000000004" lon="5.414300000000001">
    <ele>73.31</ele>
   </trkpt>
   <trkpt lat="51.07813" lon="5.41432">
    <ele>73.31</ele>
   </trkpt>
   <trkpt lat="51.07817000000001" lon="5.41436">
    <ele>73.25000000000001</ele>
   </trkpt>
   <trkpt lat="51.07829500276208" lon="5.4151649978119485">
    <ele>72.47</ele>
   </trkpt>
   <trkpt lat="51.07842" lon="5.415970000000001">
    <ele>72.28000000000002</ele>
   </trkpt>
   <trkpt lat="51.07842" lon="5.41596">
    <ele>72.28000000000002</ele>
   </trkpt>
   <trkpt lat="51.07863500757107" lon="5.417289993979734">
    <ele>71.92000000000002</ele>
   </trkpt>
   <trkpt lat="51.07885" lon="5.418620000000001">
    <ele>72.27</ele>
   </trkpt>
   <trkpt lat="51.07820000267959" lon="5.419395010747433">
    <ele>71.89000000000001</ele>
   </trkpt>
   <trkpt lat="51.07755" lon="5.420170000000001">
    <ele>72.03000000000002</ele>
   </trkpt>
   <trkpt lat="51.076885002861054" lon="5.420995011909337">
    <ele>72.19</ele>
   </trkpt>
   <trkpt lat="51.076220000000006" lon="5.42182">
    <ele>72.9</ele>
   </trkpt>
   <trkpt lat="51.076060000000005" lon="5.4219800000000005">
    <ele>72.92000000000002</ele>
   </trkpt>
   <trkpt lat="51.07589" lon="5.4221200000000005">
    <ele>72.84</ele>
   </trkpt>
   <trkpt lat="51.07555000000001" lon="5.4222600000000005">
    <ele>72.73</ele>
   </trkpt>
   <trkpt lat="51.075250000000004" lon="5.422540000000001">
    <ele>72.60000000000001</ele>
   </trkpt>
   <trkpt lat="51.074670000000005" lon="5.42325">
    <ele>73.29</ele>
   </trkpt>
   <trkpt lat="51.07508500159203" lon="5.423859994536273">
    <ele>72.65</ele>
   </trkpt>
   <trkpt lat="51.075500000000005" lon="5.42447">
    <ele>72.54</ele>
   </trkpt>
   <trkpt lat="51.07589" lon="5.425090000000001">
    <ele>72.78000000000002</ele>
   </trkpt>
   <trkpt lat="51.07639" lon="5.425750000000001">
    <ele>72.78000000000002</ele>
   </trkpt>
   <trkpt lat="51.0765" lon="5.425960000000001">
    <ele>72.78000000000002</ele>
   </trkpt>
   <trkpt lat="51.07678000000001" lon="5.4267">
    <ele>72.43</ele>
   </trkpt>
   <trkpt lat="51.07707500204751" lon="5.427374995934461">
    <ele>72.10000000000001</ele>
   </trkpt>
   <trkpt lat="51.07737" lon="5.428050000000001">
    <ele>72.0</ele>
   </trkpt>
   <trkpt lat="51.07771" lon="5.428940000000001">
    <ele>73.05</ele>
   </trkpt>
   <trkpt lat="51.077760000000005" lon="5.4290400000000005">
    <ele>73.09</ele>
   </trkpt>
   <trkpt lat="51.07797000000001" lon="5.42924">
    <ele>73.05</ele>
   </trkpt>
   <trkpt lat="51.078140000000005" lon="5.429290000000001">
    <ele>73.05</ele>
   </trkpt>
   <trkpt lat="51.07893000005091" lon="5.429230002047466">
    <ele>73.17000000000002</ele>
   </trkpt>
   <trkpt lat="51.07972000007109" lon="5.429170002045974">
    <ele>73.11000000000001</ele>
   </trkpt>
   <trkpt lat="51.080510000000004" lon="5.4291100000000005">
    <ele>73.05</ele>
   </trkpt>
   <trkpt lat="51.08116500001544" lon="5.429050000849485">
    <ele>72.86000000000001</ele>
   </trkpt>
   <trkpt lat="51.08182000000001" lon="5.428990000000001">
    <ele>72.61</ele>
   </trkpt>
   <trkpt lat="51.08207" lon="5.428990000000001">
    <ele>72.34</ele>
   </trkpt>
   <trkpt lat="51.082729999985354" lon="5.429069998853552">
    <ele>72.17000000000002</ele>
   </trkpt>
   <trkpt lat="51.08339" lon="5.429150000000001">
    <ele>71.96000000000001</ele>
   </trkpt>
   <trkpt lat="51.08344" lon="5.429200000000001">
    <ele>71.96000000000001</ele>
   </trkpt>
   <trkpt lat="51.08348" lon="5.42928">
    <ele>71.96000000000001</ele>
   </trkpt>
   <trkpt lat="51.08380000748435" lon="5.430216653707902">
    <ele>71.60000000000001</ele>
   </trkpt>
   <trkpt lat="51.08412000748452" lon="5.431153320374892">
    <ele>71.55</ele>
   </trkpt>
   <trkpt lat="51.08444" lon="5.4320900000000005">
    <ele>72.15</ele>
   </trkpt>
   <trkpt lat="51.08473501796406" lon="5.433274977311999">
    <ele>72.27</ele>
   </trkpt>
   <trkpt lat="51.08503002394961" lon="5.434459969738862">
    <ele>72.61</ele>
   </trkpt>
   <trkpt lat="51.085325017956386" lon="5.4356449772803295">
    <ele>72.63</ele>
   </trkpt>
   <trkpt lat="51.085620000000006" lon="5.4368300000000005">
    <ele>72.83</ele>
   </trkpt>
   <trkpt lat="51.08563" lon="5.43684">
    <ele>72.83</ele>
   </trkpt>
   <trkpt lat="51.08574" lon="5.43728">
    <ele>72.86000000000001</ele>
   </trkpt>
   <trkpt lat="51.08596667980189" lon="5.4385199879499755">
    <ele>72.85000000000001</ele>
   </trkpt>
   <trkpt lat="51.086193346487455" lon="5.439759988053156">
    <ele>72.74</ele>
   </trkpt>
   <trkpt lat="51.086420000000004" lon="5.441000000000001">
    <ele>72.66</ele>
   </trkpt>
   <trkpt lat="51.08662001201676" lon="5.44218665643069">
    <ele>72.48</ele>
   </trkpt>
   <trkpt lat="51.086820012021256" lon="5.443373323123827">
    <ele>72.08</ele>
   </trkpt>
   <trkpt lat="51.08702" lon="5.44456">
    <ele>71.76</ele>
   </trkpt>
   <trkpt lat="51.087390000000006" lon="5.4445500000000004">
    <ele>71.64000000000001</ele>
   </trkpt>
   <trkpt lat="51.088000000017374" lon="5.444634998877087">
    <ele>71.34</ele>
   </trkpt>
   <trkpt lat="51.08861" lon="5.44472">
    <ele>71.45</ele>
   </trkpt>
   <trkpt lat="51.08929500013334" lon="5.44461500154192">
    <ele>71.08</ele>
   </trkpt>
   <trkpt lat="51.089980000000004" lon="5.44451">
    <ele>71.19</ele>
   </trkpt>
   <trkpt lat="51.08986500714848" lon="5.4458050032675605">
    <ele>69.70000000000002</ele>
   </trkpt>
   <trkpt lat="51.08975" lon="5.447100000000001">
    <ele>69.16</ele>
   </trkpt>
   <trkpt lat="51.08970000000001" lon="5.447430000000001">
    <ele>69.07000000000001</ele>
   </trkpt>
   <trkpt lat="51.08957" lon="5.448">
    <ele>69.16</ele>
   </trkpt>
   <trkpt lat="51.089470000000006" lon="5.44866">
    <ele>69.59</ele>
   </trkpt>
   <trkpt lat="51.08917" lon="5.4495000000000005">
    <ele>70.42000000000002</ele>
   </trkpt>
   <trkpt lat="51.08883" lon="5.450360000000001">
    <ele>70.77</ele>
   </trkpt>
   <trkpt lat="51.088660000000004" lon="5.45061">
    <ele>70.95</ele>
   </trkpt>
   <trkpt lat="51.08814" lon="5.451110000000001">
    <ele>71.54</ele>
   </trkpt>
   <trkpt lat="51.088080000000005" lon="5.45122">
    <ele>71.52</ele>
   </trkpt>
   <trkpt lat="51.088060000000006" lon="5.451320000000001">
    <ele>71.52</ele>
   </trkpt>
   <trkpt lat="51.08804000000001" lon="5.45195">
    <ele>71.41</ele>
   </trkpt>
   <trkpt lat="51.08804000000001" lon="5.451910000000001">
    <ele>71.41</ele>
   </trkpt>
   <trkpt lat="51.08802000000001" lon="5.45312">
    <ele>71.60000000000001</ele>
   </trkpt>
   <trkpt lat="51.08802000000001" lon="5.4541900000000005">
    <ele>71.76</ele>
   </trkpt>
   <trkpt lat="51.088040006878046" lon="5.455459999372272">
    <ele>71.72</ele>
   </trkpt>
   <trkpt lat="51.088060000000006" lon="5.45673">
    <ele>71.91</ele>
   </trkpt>
   <trkpt lat="51.08808334113869" lon="5.457686665631379">
    <ele>71.99000000000001</ele>
   </trkpt>
   <trkpt lat="51.08810667447032" lon="5.4586433322281716">
    <ele>71.91</ele>
   </trkpt>
   <trkpt lat="51.08813000000001" lon="5.4596">
    <ele>72.69</ele>
   </trkpt>
   <trkpt lat="51.088440000000006" lon="5.45957">
    <ele>72.62</ele>
   </trkpt>
   <trkpt lat="51.089180000000006" lon="5.4593300000000005">
    <ele>72.01</ele>
   </trkpt>
   <trkpt lat="51.08989333419831" lon="5.459016676320263">
    <ele>71.78000000000002</ele>
   </trkpt>
   <trkpt lat="51.09060666755918" lon="5.458703342975021">
    <ele>71.49000000000001</ele>
   </trkpt>
   <trkpt lat="51.09132" lon="5.4583900000000005">
    <ele>71.49000000000001</ele>
   </trkpt>
   <trkpt lat="51.09211500062092" lon="5.458025006250551">
    <ele>71.27</ele>
   </trkpt>
   <trkpt lat="51.09291" lon="5.457660000000001">
    <ele>71.23</ele>
   </trkpt>
   <trkpt lat="51.0935950008592" lon="5.457402511439228">
    <ele>71.06000000000002</ele>
   </trkpt>
   <trkpt lat="51.09428000115284" lon="5.45714501524986">
    <ele>70.68</ele>
   </trkpt>
   <trkpt lat="51.0949650008809" lon="5.456887511431491">
    <ele>70.35000000000001</ele>
   </trkpt>
   <trkpt lat="51.095650000000006" lon="5.4566300000000005">
    <ele>70.14</ele>
   </trkpt>
   <trkpt lat="51.096215000558175" lon="5.456300003977647">
    <ele>69.89</ele>
   </trkpt>
   <trkpt lat="51.09678" lon="5.455970000000001">
    <ele>69.54</ele>
   </trkpt>
   <trkpt lat="51.09684000000001" lon="5.45589">
    <ele>69.48</ele>
   </trkpt>
   <trkpt lat="51.09695000000001" lon="5.45521">
    <ele>69.53</ele>
   </trkpt>
   <trkpt lat="51.09745000025659" lon="5.455314998908536">
    <ele>68.73</ele>
   </trkpt>
   <trkpt lat="51.097950000000004" lon="5.45542">
    <ele>68.77000000000001</ele>
   </trkpt>
   <trkpt lat="51.09796000000001" lon="5.45542">
    <ele>68.77000000000001</ele>
   </trkpt>
   <trkpt lat="51.098563333472214" lon="5.455546663361209">
    <ele>69.07000000000001</ele>
   </trkpt>
   <trkpt lat="51.09916666680755" lon="5.455673330028246">
    <ele>68.94</ele>
   </trkpt>
   <trkpt lat="51.09977000000001" lon="5.455800000000001">
    <ele>68.67</ele>
   </trkpt>
   <trkpt lat="51.10048000015478" lon="5.4559699973967515">
    <ele>68.64</ele>
   </trkpt>
   <trkpt lat="51.10119" lon="5.45614">
    <ele>68.36</ele>
   </trkpt>
   <trkpt lat="51.10189500017489" lon="5.456284997806243">
    <ele>68.38000000000001</ele>
   </trkpt>
   <trkpt lat="51.1026" lon="5.45643">
    <ele>68.21000000000001</ele>
   </trkpt>
   <trkpt lat="51.10328000021865" lon="5.4566899961487225">
    <ele>68.0</ele>
   </trkpt>
   <trkpt lat="51.10396" lon="5.456950000000001">
    <ele>67.62</ele>
   </trkpt>
   <trkpt lat="51.104460000787505" lon="5.457374995417497">
    <ele>67.45</ele>
   </trkpt>
   <trkpt lat="51.104960000000005" lon="5.457800000000001">
    <ele>67.33</ele>
   </trkpt>
   <trkpt lat="51.105030000000006" lon="5.4579200000000005">
    <ele>67.33</ele>
   </trkpt>
   <trkpt lat="51.10529000638288" lon="5.459144993030808">
    <ele>67.0</ele>
   </trkpt>
   <trkpt lat="51.10555" lon="5.46037">
    <ele>67.13000000000001</ele>
   </trkpt>
   <trkpt lat="51.1056" lon="5.46046">
    <ele>67.13000000000001</ele>
   </trkpt>
   <trkpt lat="51.10573" lon="5.460540000000001">
    <ele>67.06</ele>
   </trkpt>
   <trkpt lat="51.10611" lon="5.460570000000001">
    <ele>66.77000000000001</ele>
   </trkpt>
   <trkpt lat="51.106120000000004" lon="5.460570000000001">
    <ele>66.77000000000001</ele>
   </trkpt>
   <trkpt lat="51.10653000000001" lon="5.460570000000001">
    <ele>67.0</ele>
   </trkpt>
   <trkpt lat="51.10671500570682" lon="5.461724995488047">
    <ele>65.97</ele>
   </trkpt>
   <trkpt lat="51.1069" lon="5.46288">
    <ele>67.18</ele>
   </trkpt>
   <trkpt lat="51.10681" lon="5.463">
    <ele>67.21000000000001</ele>
   </trkpt>
   <trkpt lat="51.10699" lon="5.46358">
    <ele>66.67</ele>
   </trkpt>
   <trkpt lat="51.107410004690735" lon="5.4646299904312645">
    <ele>66.48</ele>
   </trkpt>
   <trkpt lat="51.10783000000001" lon="5.465680000000001">
    <ele>66.83</ele>
   </trkpt>
   <trkpt lat="51.10788" lon="5.46591">
    <ele>66.81</ele>
   </trkpt>
   <trkpt lat="51.107910000000004" lon="5.46623">
    <ele>66.78</ele>
   </trkpt>
   <trkpt lat="51.10795000293876" lon="5.4670599993007984">
    <ele>66.53</ele>
   </trkpt>
   <trkpt lat="51.10799" lon="5.467890000000001">
    <ele>66.51</ele>
   </trkpt>
   <trkpt lat="51.108050000000006" lon="5.4682900000000005">
    <ele>66.47</ele>
   </trkpt>
   <trkpt lat="51.108260002610805" lon="5.469069996516379">
    <ele>66.36</ele>
   </trkpt>
   <trkpt lat="51.108470000000004" lon="5.46985">
    <ele>66.24000000000001</ele>
   </trkpt>
   <trkpt lat="51.108720007321544" lon="5.470776656632727">
    <ele>66.28</ele>
   </trkpt>
   <trkpt lat="51.10897000731923" lon="5.471703323290616">
    <ele>66.26</ele>
   </trkpt>
   <trkpt lat="51.10922000000001" lon="5.4726300000000005">
    <ele>66.49000000000001</ele>
   </trkpt>
   <trkpt lat="51.10949500540141" lon="5.47375499332302">
    <ele>66.22</ele>
   </trkpt>
   <trkpt lat="51.109770000000005" lon="5.474880000000001">
    <ele>65.89</ele>
   </trkpt>
   <trkpt lat="51.10983" lon="5.47505">
    <ele>65.96000000000001</ele>
   </trkpt>
   <trkpt lat="51.10994" lon="5.475160000000001">
    <ele>65.96000000000001</ele>
   </trkpt>
   <trkpt lat="51.11043500036699" lon="5.4754349970792235">
    <ele>65.68</ele>
   </trkpt>
   <trkpt lat="51.11093" lon="5.47571">
    <ele>65.58</ele>
   </trkpt>
   <trkpt lat="51.11150000203542" lon="5.476399991495611">
    <ele>65.39</ele>
   </trkpt>
   <trkpt lat="51.11207" lon="5.4770900000000005">
    <ele>65.05000000000001</ele>
   </trkpt>
   <trkpt lat="51.112700000000004" lon="5.47773">
    <ele>64.96000000000001</ele>
   </trkpt>
   <trkpt lat="51.11319000034149" lon="5.478039996669617">
    <ele>64.89999999999999</ele>
   </trkpt>
   <trkpt lat="51.11368" lon="5.478350000000001">
    <ele>64.78</ele>
   </trkpt>
   <trkpt lat="51.113670000000006" lon="5.47834">
    <ele>64.80000000000001</ele>
   </trkpt>
   <trkpt lat="51.11411000012335" lon="5.478604997370586">
    <ele>64.48</ele>
   </trkpt>
   <trkpt lat="51.11455" lon="5.478870000000001">
    <ele>64.62</ele>
   </trkpt>
   <trkpt lat="51.114700000000006" lon="5.479">
    <ele>65.01</ele>
   </trkpt>
   <trkpt lat="51.11422" lon="5.4794">
    <ele>63.65000000000001</ele>
   </trkpt>
   <trkpt lat="51.11406" lon="5.479640000000001">
    <ele>63.59</ele>
   </trkpt>
   <trkpt lat="51.11365000258123" lon="5.480425007054191">
    <ele>63.98000000000001</ele>
   </trkpt>
   <trkpt lat="51.113240000000005" lon="5.481210000000001">
    <ele>64.64</ele>
   </trkpt>
   <trkpt lat="51.11273667322687" lon="5.482090019247849">
    <ele>65.02000000000001</ele>
   </trkpt>
   <trkpt lat="51.11223333984893" lon="5.482970019325505">
    <ele>65.21000000000001</ele>
   </trkpt>
   <trkpt lat="51.11173" lon="5.48385">
    <ele>64.99000000000001</ele>
   </trkpt>
   <trkpt lat="51.11217667033646" lon="5.484499987531257">
    <ele>64.10000000000001</ele>
   </trkpt>
   <trkpt lat="51.11262333706958" lon="5.485149987627788">
    <ele>64.08000000000001</ele>
   </trkpt>
   <trkpt lat="51.11307000000001" lon="5.4858">
    <ele>64.57000000000001</ele>
   </trkpt>
   <trkpt lat="51.113470001555456" lon="5.486414994588138">
    <ele>64.47</ele>
   </trkpt>
   <trkpt lat="51.113870000000006" lon="5.487030000000001">
    <ele>64.46000000000001</ele>
   </trkpt>
   <trkpt lat="51.11419" lon="5.4869200000000005">
    <ele>64.56</ele>
   </trkpt>
   <trkpt lat="51.11428" lon="5.48693">
    <ele>64.56</ele>
   </trkpt>
   <trkpt lat="51.115030000000004" lon="5.4873400000000006">
    <ele>64.62</ele>
   </trkpt>
   <trkpt lat="51.11561000273274" lon="5.488134990072342">
    <ele>64.55000000000001</ele>
   </trkpt>
   <trkpt lat="51.11619" lon="5.488930000000001">
    <ele>64.52000000000001</ele>
   </trkpt>
   <trkpt lat="51.11628" lon="5.48902">
    <ele>64.52000000000001</ele>
   </trkpt>
   <trkpt lat="51.116730000000004" lon="5.48918">
    <ele>64.45</ele>
   </trkpt>
   <trkpt lat="51.11686" lon="5.489310000000001">
    <ele>64.45</ele>
   </trkpt>
   <trkpt lat="51.117395002607665" lon="5.4900849910933776">
    <ele>64.11</ele>
   </trkpt>
   <trkpt lat="51.11793" lon="5.4908600000000005">
    <ele>63.71</ele>
   </trkpt>
   <trkpt lat="51.117920000000005" lon="5.49085">
    <ele>63.71</ele>
   </trkpt>
   <trkpt lat="51.118300000000005" lon="5.491390000000001">
    <ele>64.58</ele>
   </trkpt>
   <trkpt lat="51.11864500183728" lon="5.490730004967082">
    <ele>64.24000000000001</ele>
   </trkpt>
   <trkpt lat="51.118990000000004" lon="5.49007">
    <ele>64.02000000000001</ele>
   </trkpt>
   <trkpt lat="51.11943751136983" lon="5.489127527374555">
    <ele>63.88</ele>
   </trkpt>
   <trkpt lat="51.1198850151642" lon="5.4881850364906795">
    <ele>63.67</ele>
   </trkpt>
   <trkpt lat="51.12033251138285" lon="5.487242527348039">
    <ele>63.54</ele>
   </trkpt>
   <trkpt lat="51.12078" lon="5.486300000000001">
    <ele>63.6</ele>
   </trkpt>
   <trkpt lat="51.12127" lon="5.486800000000001">
    <ele>62.88</ele>
   </trkpt>
   <trkpt lat="51.121520000000004" lon="5.487010000000001">
    <ele>62.910000000000004</ele>
   </trkpt>
   <trkpt lat="51.121980000202235" lon="5.487244997642964">
    <ele>63.13</ele>
   </trkpt>
   <trkpt lat="51.122440000000005" lon="5.487480000000001">
    <ele>63.11</ele>
   </trkpt>
   <trkpt lat="51.122840000000004" lon="5.48779">
    <ele>62.89</ele>
   </trkpt>
   <trkpt lat="51.12341500181361" lon="5.4884399919226174">
    <ele>62.67</ele>
   </trkpt>
   <trkpt lat="51.123990000000006" lon="5.48909">
    <ele>62.52</ele>
   </trkpt>
   <trkpt lat="51.12452500099484" lon="5.489564994527536">
    <ele>62.35</ele>
   </trkpt>
   <trkpt lat="51.125060000000005" lon="5.4900400000000005">
    <ele>62.31</ele>
   </trkpt>
   <trkpt lat="51.12563500170515" lon="5.490679991986794">
    <ele>62.35</ele>
   </trkpt>
   <trkpt lat="51.12621000000001" lon="5.491320000000001">
    <ele>62.24</ele>
   </trkpt>
   <trkpt lat="51.12651" lon="5.491630000000001">
    <ele>62.24</ele>
   </trkpt>
   <trkpt lat="51.12650000000001" lon="5.491630000000001">
    <ele>62.24</ele>
   </trkpt>
   <trkpt lat="51.12708000000001" lon="5.49223">
    <ele>62.49</ele>
   </trkpt>
   <trkpt lat="51.127390000000005" lon="5.492590000000001">
    <ele>62.61</ele>
   </trkpt>
   <trkpt lat="51.12749" lon="5.49267">
    <ele>62.61</ele>
   </trkpt>
   <trkpt lat="51.127680000000005" lon="5.492610000000001">
    <ele>62.21000000000001</ele>
   </trkpt>
   <trkpt lat="51.12789" lon="5.49256">
    <ele>62.13</ele>
   </trkpt>
   <trkpt lat="51.12818000000001" lon="5.492520000000001">
    <ele>62.03</ele>
   </trkpt>
   <trkpt lat="51.12899200009874" lon="5.4924460052037976">
    <ele>61.550000000000004</ele>
   </trkpt>
   <trkpt lat="51.129804000150784" lon="5.49237200780562">
    <ele>61.2</ele>
   </trkpt>
   <trkpt lat="51.13061600015613" lon="5.492298007805299">
    <ele>62.09</ele>
   </trkpt>
   <trkpt lat="51.13142800011478" lon="5.4922240052026705">
    <ele>62.75</ele>
   </trkpt>
   <trkpt lat="51.13224" lon="5.4921500000000005">
    <ele>62.43000000000001</ele>
   </trkpt>
   <trkpt lat="51.132220000000004" lon="5.4921500000000005">
    <ele>62.44</ele>
   </trkpt>
   <trkpt lat="51.13287666674247" lon="5.492093334940812">
    <ele>62.11000000000001</ele>
   </trkpt>
   <trkpt lat="51.13353333345756" lon="5.492036668269995">
    <ele>61.61000000000001</ele>
   </trkpt>
   <trkpt lat="51.134190000000004" lon="5.491980000000001">
    <ele>61.7</ele>
   </trkpt>
   <trkpt lat="51.134033342141805" lon="5.492996673601295">
    <ele>61.56</ele>
   </trkpt>
   <trkpt lat="51.133876675469565" lon="5.494013340303991">
    <ele>62.980000000000004</ele>
   </trkpt>
   <trkpt lat="51.133720000000004" lon="5.495030000000001">
    <ele>63.87000000000001</ele>
   </trkpt>
   <trkpt lat="51.133565003097644" lon="5.495885002976044">
    <ele>64.28</ele>
   </trkpt>
   <trkpt lat="51.133410000000005" lon="5.496740000000001">
    <ele>64.41000000000001</ele>
   </trkpt>
   <trkpt lat="51.13327000568843" lon="5.497895003497329">
    <ele>64.38000000000001</ele>
   </trkpt>
   <trkpt lat="51.13313" lon="5.49905">
    <ele>64.23</ele>
   </trkpt>
   <trkpt lat="51.13293" lon="5.500260000000001">
    <ele>63.910000000000004</ele>
   </trkpt>
   <trkpt lat="51.13284500222699" lon="5.500985001455043">
    <ele>63.76000000000001</ele>
   </trkpt>
   <trkpt lat="51.132760000000005" lon="5.50171">
    <ele>63.58000000000001</ele>
   </trkpt>
   <trkpt lat="51.132620004645396" lon="5.502755003248086">
    <ele>62.90000000000001</ele>
   </trkpt>
   <trkpt lat="51.13248" lon="5.5038">
    <ele>63.15000000000001</ele>
   </trkpt>
   <trkpt lat="51.13322333561287" lon="5.504316650034784">
    <ele>62.27</ele>
   </trkpt>
   <trkpt lat="51.13396666894946" lon="5.504833316703375">
    <ele>62.1</ele>
   </trkpt>
   <trkpt lat="51.134710000000005" lon="5.505350000000001">
    <ele>62.17</ele>
   </trkpt>
   <trkpt lat="51.13495" lon="5.5056">
    <ele>62.150000000000006</ele>
   </trkpt>
   <trkpt lat="51.13521" lon="5.505960000000001">
    <ele>62.18000000000001</ele>
   </trkpt>
   <trkpt lat="51.135450000000006" lon="5.506550000000001">
    <ele>62.21000000000001</ele>
   </trkpt>
   <trkpt lat="51.135470000000005" lon="5.50666">
    <ele>62.21000000000001</ele>
   </trkpt>
   <trkpt lat="51.13550000000001" lon="5.50673">
    <ele>62.32000000000001</ele>
   </trkpt>
   <trkpt lat="51.135580000000004" lon="5.5068">
    <ele>62.32000000000001</ele>
   </trkpt>
   <trkpt lat="51.135600000000004" lon="5.50713">
    <ele>62.26</ele>
   </trkpt>
   <trkpt lat="51.135630000000006" lon="5.50724">
    <ele>62.290000000000006</ele>
   </trkpt>
   <trkpt lat="51.135720000000006" lon="5.50739">
    <ele>62.44</ele>
   </trkpt>
   <trkpt lat="51.13575" lon="5.507510000000001">
    <ele>62.44</ele>
   </trkpt>
   <trkpt lat="51.135850000000005" lon="5.5075">
    <ele>62.470000000000006</ele>
   </trkpt>
   <trkpt lat="51.135850000000005" lon="5.50759">
    <ele>62.42</ele>
   </trkpt>
   <trkpt lat="51.135940000000005" lon="5.507580000000001">
    <ele>62.32000000000001</ele>
   </trkpt>
   <trkpt lat="51.13595" lon="5.50748">
    <ele>62.32000000000001</ele>
   </trkpt>
   <trkpt lat="51.136" lon="5.507370000000001">
    <ele>62.19</ele>
   </trkpt>
   <trkpt lat="51.13606000000001" lon="5.50736">
    <ele>62.19</ele>
   </trkpt>
   <trkpt lat="51.13627" lon="5.507580000000001">
    <ele>61.84</ele>
   </trkpt>
   <trkpt lat="51.13637000000001" lon="5.50764">
    <ele>61.83</ele>
   </trkpt>
   <trkpt lat="51.136840001821064" lon="5.508304993139463">
    <ele>61.64000000000001</ele>
   </trkpt>
   <trkpt lat="51.13731000000001" lon="5.508970000000001">
    <ele>61.65</ele>
   </trkpt>
   <trkpt lat="51.13779" lon="5.50964">
    <ele>61.82000000000001</ele>
   </trkpt>
   <trkpt lat="51.13838000456173" lon="5.510369981364093">
    <ele>61.71000000000001</ele>
   </trkpt>
   <trkpt lat="51.1389700045795" lon="5.511099981385751">
    <ele>61.69</ele>
   </trkpt>
   <trkpt lat="51.13956" lon="5.511830000000001">
    <ele>61.68000000000001</ele>
   </trkpt>
   <trkpt lat="51.13964000000001" lon="5.51191">
    <ele>61.68000000000001</ele>
   </trkpt>
   <trkpt lat="51.13973000000001" lon="5.511950000000001">
    <ele>61.620000000000005</ele>
   </trkpt>
   <trkpt lat="51.14041999995255" lon="5.511926667365927">
    <ele>61.61000000000001</ele>
   </trkpt>
   <trkpt lat="51.141109999900486" lon="5.511903334034367">
    <ele>61.440000000000005</ele>
   </trkpt>
   <trkpt lat="51.1418" lon="5.511880000000001">
    <ele>61.24</ele>
   </trkpt>
   <trkpt lat="51.14199000000001" lon="5.511830000000001">
    <ele>61.18000000000001</ele>
   </trkpt>
   <trkpt lat="51.142320000000005" lon="5.5116000000000005">
    <ele>61.02</ele>
   </trkpt>
   <trkpt lat="51.14256" lon="5.511380000000001">
    <ele>60.96000000000001</ele>
   </trkpt>
   <trkpt lat="51.143090001808275" lon="5.510735007363546">
    <ele>60.940000000000005</ele>
   </trkpt>
   <trkpt lat="51.143620000000006" lon="5.510090000000001">
    <ele>60.86000000000001</ele>
   </trkpt>
   <trkpt lat="51.14385000000001" lon="5.509880000000001">
    <ele>60.84</ele>
   </trkpt>
   <trkpt lat="51.14396000000001" lon="5.5098400000000005">
    <ele>60.84</ele>
   </trkpt>
   <trkpt lat="51.14419" lon="5.50982">
    <ele>60.72</ele>
   </trkpt>
   <trkpt lat="51.14473999994924" lon="5.509909998913639">
    <ele>60.440000000000005</ele>
   </trkpt>
   <trkpt lat="51.14529" lon="5.510000000000001">
    <ele>60.32000000000001</ele>
   </trkpt>
   <trkpt lat="51.14546000000001" lon="5.50999">
    <ele>60.28000000000001</ele>
   </trkpt>
   <trkpt lat="51.1456" lon="5.509950000000001">
    <ele>60.18</ele>
   </trkpt>
   <trkpt lat="51.146" lon="5.509760000000001">
    <ele>59.32</ele>
   </trkpt>
   <trkpt lat="51.14618" lon="5.509720000000001">
    <ele>59.17000000000001</ele>
   </trkpt>
   <trkpt lat="51.14643" lon="5.50973">
    <ele>58.85000000000001</ele>
   </trkpt>
   <trkpt lat="51.147136667068494" lon="5.509949993259746">
    <ele>58.29</ele>
   </trkpt>
   <trkpt lat="51.147843333724325" lon="5.510169993256246">
    <ele>57.660000000000004</ele>
   </trkpt>
   <trkpt lat="51.14855000000001" lon="5.51039">
    <ele>57.400000000000006</ele>
   </trkpt>
   <trkpt lat="51.1488" lon="5.5104500000000005">
    <ele>57.330000000000005</ele>
   </trkpt>
   <trkpt lat="51.149210000000004" lon="5.510440000000001">
    <ele>57.290000000000006</ele>
   </trkpt>
   <trkpt lat="51.14936" lon="5.510420000000001">
    <ele>57.300000000000004</ele>
   </trkpt>
   <trkpt lat="51.149710000000006" lon="5.510300000000001">
    <ele>57.190000000000005</ele>
   </trkpt>
   <trkpt lat="51.15023000000001" lon="5.5099800000000005">
    <ele>57.010000000000005</ele>
   </trkpt>
   <trkpt lat="51.15055" lon="5.50973">
    <ele>56.970000000000006</ele>
   </trkpt>
   <trkpt lat="51.151160000000004" lon="5.509080000000001">
    <ele>56.82</ele>
   </trkpt>
   <trkpt lat="51.15161000178167" lon="5.508430006366646">
    <ele>56.5</ele>
   </trkpt>
   <trkpt lat="51.152060000000006" lon="5.50778">
    <ele>56.290000000000006</ele>
   </trkpt>
   <trkpt lat="51.15261000257653" lon="5.506995009428446">
    <ele>56.160000000000004</ele>
   </trkpt>
   <trkpt lat="51.15316000000001" lon="5.50621">
    <ele>56.0</ele>
   </trkpt>
   <trkpt lat="51.15335" lon="5.505990000000001">
    <ele>55.970000000000006</ele>
   </trkpt>
   <trkpt lat="51.15348" lon="5.505680000000001">
    <ele>55.900000000000006</ele>
   </trkpt>
   <trkpt lat="51.153800000000004" lon="5.50513">
    <ele>55.84</ele>
   </trkpt>
   <trkpt lat="51.153890000000004" lon="5.50509">
    <ele>55.84</ele>
   </trkpt>
   <trkpt lat="51.15390000000001" lon="5.50495">
    <ele>55.84</ele>
   </trkpt>
   <trkpt lat="51.15422" lon="5.504440000000001">
    <ele>55.730000000000004</ele>
   </trkpt>
   <trkpt lat="51.15475000000001" lon="5.50373">
    <ele>55.42</ele>
   </trkpt>
   <trkpt lat="51.154720000000005" lon="5.50358">
    <ele>55.160000000000004</ele>
   </trkpt>
   <trkpt lat="51.1544550039095" lon="5.502614994238115">
    <ele>54.64</ele>
   </trkpt>
   <trkpt lat="51.15419000000001" lon="5.501650000000001">
    <ele>55.190000000000005</ele>
   </trkpt>
   <trkpt lat="51.154590000000006" lon="5.50114">
    <ele>54.39000000000001</ele>
   </trkpt>
   <trkpt lat="51.15523" lon="5.500380000000001">
    <ele>54.580000000000005</ele>
   </trkpt>
   <trkpt lat="51.155590000000004" lon="5.49985">
    <ele>53.550000000000004</ele>
   </trkpt>
   <trkpt lat="51.15600500200418" lon="5.499165006154808">
    <ele>53.410000000000004</ele>
   </trkpt>
   <trkpt lat="51.156420000000004" lon="5.498480000000001">
    <ele>53.06</ele>
   </trkpt>
   <trkpt lat="51.15641" lon="5.49849">
    <ele>53.06</ele>
   </trkpt>
   <trkpt lat="51.15677500141796" lon="5.497920004457864">
    <ele>52.75000000000001</ele>
   </trkpt>
   <trkpt lat="51.157140000000005" lon="5.497350000000001">
    <ele>52.83</ele>
   </trkpt>
   <trkpt lat="51.15738" lon="5.49709">
    <ele>52.83</ele>
   </trkpt>
   <trkpt lat="51.157520000000005" lon="5.49699">
    <ele>53.050000000000004</ele>
   </trkpt>
   <trkpt lat="51.157700000000006" lon="5.49694">
    <ele>53.17</ele>
   </trkpt>
   <trkpt lat="51.15856" lon="5.49683">
    <ele>52.910000000000004</ele>
   </trkpt>
   <trkpt lat="51.15874000509891" lon="5.495735004347641">
    <ele>51.57</ele>
   </trkpt>
   <trkpt lat="51.15892" lon="5.49464">
    <ele>51.79</ele>
   </trkpt>
   <trkpt lat="51.159040000000005" lon="5.49408">
    <ele>52.22</ele>
   </trkpt>
   <trkpt lat="51.15941003357331" lon="5.492825050315765">
    <ele>53.24</ele>
   </trkpt>
   <trkpt lat="51.15978005371925" lon="5.49157008050016">
    <ele>53.51</ele>
   </trkpt>
   <trkpt lat="51.16015006043744" lon="5.49031509055333">
    <ele>52.96000000000001</ele>
   </trkpt>
   <trkpt lat="51.160520053727474" lon="5.489060080475416">
    <ele>53.07000000000001</ele>
   </trkpt>
   <trkpt lat="51.16089003358897" lon="5.487805050266558">
    <ele>52.95</ele>
   </trkpt>
   <trkpt lat="51.161260000000006" lon="5.48655">
    <ele>53.58</ele>
   </trkpt>
   <trkpt lat="51.16162000599823" lon="5.485365009207189">
    <ele>53.44</ele>
   </trkpt>
   <trkpt lat="51.16198000000001" lon="5.48418">
    <ele>53.77</ele>
   </trkpt>
   <trkpt lat="51.16132401532184" lon="5.483231946072986">
    <ele>53.040000000000006</ele>
   </trkpt>
   <trkpt lat="51.160668022981035" lon="5.482283919108652">
    <ele>52.660000000000004</ele>
   </trkpt>
   <trkpt lat="51.160012022978" lon="5.48133591910591">
    <ele>52.99</ele>
   </trkpt>
   <trkpt lat="51.15935601531309" lon="5.48038794606368">
    <ele>53.68000000000001</ele>
   </trkpt>
   <trkpt lat="51.1587" lon="5.47944">
    <ele>54.31</ele>
   </trkpt>
   <trkpt lat="51.15837000102852" lon="5.478949996502532">
    <ele>54.53</ele>
   </trkpt>
   <trkpt lat="51.15804000000001" lon="5.47846">
    <ele>55.540000000000006</ele>
   </trkpt>
   <trkpt lat="51.158010000000004" lon="5.478370000000001">
    <ele>55.540000000000006</ele>
   </trkpt>
   <trkpt lat="51.158150000000006" lon="5.47787">
    <ele>55.1</ele>
   </trkpt>
   <trkpt lat="51.15823" lon="5.47749">
    <ele>54.940000000000005</ele>
   </trkpt>
   <trkpt lat="51.15836" lon="5.4761500000000005">
    <ele>55.09</ele>
   </trkpt>
   <trkpt lat="51.158460000000005" lon="5.4756100000000005">
    <ele>55.190000000000005</ele>
   </trkpt>
   <trkpt lat="51.15878000000001" lon="5.47487">
    <ele>55.11000000000001</ele>
   </trkpt>
   <trkpt lat="51.15903" lon="5.474360000000001">
    <ele>54.67</ele>
   </trkpt>
   <trkpt lat="51.15914" lon="5.474010000000001">
    <ele>54.63</ele>
   </trkpt>
   <trkpt lat="51.15916000000001" lon="5.47315">
    <ele>55.25000000000001</ele>
   </trkpt>
   <trkpt lat="51.15925000000001" lon="5.472510000000001">
    <ele>56.150000000000006</ele>
   </trkpt>
   <trkpt lat="51.15867333476652" lon="5.472096656316973">
    <ele>55.400000000000006</ele>
   </trkpt>
   <trkpt lat="51.15809666807642" lon="5.4716833229670065">
    <ele>56.02</ele>
   </trkpt>
   <trkpt lat="51.157520000000005" lon="5.4712700000000005">
    <ele>56.38</ele>
   </trkpt>
   <trkpt lat="51.15715" lon="5.470840000000001">
    <ele>57.06</ele>
   </trkpt>
   <trkpt lat="51.15663000000001" lon="5.46999">
    <ele>58.260000000000005</ele>
   </trkpt>
   <trkpt lat="51.15659" lon="5.469950000000001">
    <ele>58.300000000000004</ele>
   </trkpt>
   <trkpt lat="51.155872500008385" lon="5.469919998600327">
    <ele>58.080000000000005</ele>
   </trkpt>
   <trkpt lat="51.15515500000913" lon="5.469889998133716">
    <ele>58.43</ele>
   </trkpt>
   <trkpt lat="51.154437500002174" lon="5.469859998600119">
    <ele>58.84</ele>
   </trkpt>
   <trkpt lat="51.15372000000001" lon="5.469830000000001">
    <ele>59.10000000000001</ele>
   </trkpt>
   <trkpt lat="51.153690000000005" lon="5.469830000000001">
    <ele>59.11</ele>
   </trkpt>
   <trkpt lat="51.15314000000001" lon="5.469810000000001">
    <ele>59.47</ele>
   </trkpt>
   <trkpt lat="51.152840000000005" lon="5.46982">
    <ele>59.690000000000005</ele>
   </trkpt>
   <trkpt lat="51.15217666709986" lon="5.470050006618544">
    <ele>59.830000000000005</ele>
   </trkpt>
   <trkpt lat="51.15151333374869" lon="5.470280006624614">
    <ele>59.97</ele>
   </trkpt>
   <trkpt lat="51.150850000000005" lon="5.470510000000001">
    <ele>60.72</ele>
   </trkpt>
   <trkpt lat="51.150680002330915" lon="5.4697699972584015">
    <ele>59.95</ele>
   </trkpt>
   <trkpt lat="51.150510000000004" lon="5.46903">
    <ele>59.760000000000005</ele>
   </trkpt>
   <trkpt lat="51.150270000000006" lon="5.46785">
    <ele>59.68</ele>
   </trkpt>
   <trkpt lat="51.15026" lon="5.46783">
    <ele>59.68</ele>
   </trkpt>
   <trkpt lat="51.15008" lon="5.466920000000001">
    <ele>59.75</ele>
   </trkpt>
   <trkpt lat="51.149890004598426" lon="5.465874995383773">
    <ele>59.56</ele>
   </trkpt>
   <trkpt lat="51.1497" lon="5.46483">
    <ele>60.33</ele>
   </trkpt>
   <trkpt lat="51.14965" lon="5.464720000000001">
    <ele>60.410000000000004</ele>
   </trkpt>
   <trkpt lat="51.149550000000005" lon="5.464580000000001">
    <ele>60.32000000000001</ele>
   </trkpt>
   <trkpt lat="51.14936001403388" lon="5.463532487064651">
    <ele>59.72</ele>
   </trkpt>
   <trkpt lat="51.149170018711985" lon="5.4624849827540025">
    <ele>59.910000000000004</ele>
   </trkpt>
   <trkpt lat="51.148980014034464" lon="5.461437487068351">
    <ele>60.02</ele>
   </trkpt>
   <trkpt lat="51.148790000000005" lon="5.46039">
    <ele>60.34</ele>
   </trkpt>
   <trkpt lat="51.14860667468443" lon="5.459419992268328">
    <ele>60.120000000000005</ele>
   </trkpt>
   <trkpt lat="51.14842334134629" lon="5.458449992242995">
    <ele>60.08</ele>
   </trkpt>
   <trkpt lat="51.14824" lon="5.45748">
    <ele>59.89000000000001</ele>
   </trkpt>
   <trkpt lat="51.148230000000005" lon="5.45746">
    <ele>59.89000000000001</ele>
   </trkpt>
   <trkpt lat="51.148160000000004" lon="5.45704">
    <ele>59.92000000000001</ele>
   </trkpt>
   <trkpt lat="51.14811" lon="5.457000000000001">
    <ele>59.92000000000001</ele>
   </trkpt>
   <trkpt lat="51.147420000000004" lon="5.456860000000001">
    <ele>59.5</ele>
   </trkpt>
   <trkpt lat="51.146890000079225" lon="5.456714998332092">
    <ele>59.980000000000004</ele>
   </trkpt>
   <trkpt lat="51.14636" lon="5.45657">
    <ele>60.39000000000001</ele>
   </trkpt>
   <trkpt lat="51.14620000000001" lon="5.4565600000000005">
    <ele>60.39000000000001</ele>
   </trkpt>
   <trkpt lat="51.14568500012049" lon="5.456595000382688">
    <ele>60.480000000000004</ele>
   </trkpt>
   <trkpt lat="51.14517000000001" lon="5.4566300000000005">
    <ele>60.97</ele>
   </trkpt>
   <trkpt lat="51.144560000000006" lon="5.45678">
    <ele>61.290000000000006</ele>
   </trkpt>
   <trkpt lat="51.143840000000004" lon="5.457260000000001">
    <ele>61.300000000000004</ele>
   </trkpt>
   <trkpt lat="51.143800000000006" lon="5.457260000000001">
    <ele>61.230000000000004</ele>
   </trkpt>
   <trkpt lat="51.14377" lon="5.45722">
    <ele>61.13</ele>
   </trkpt>
   <trkpt lat="51.143530000000005" lon="5.456060000000001">
    <ele>59.72</ele>
   </trkpt>
   <trkpt lat="51.143530000000005" lon="5.456040000000001">
    <ele>59.72</ele>
   </trkpt>
   <trkpt lat="51.143390000000004" lon="5.45532">
    <ele>59.940000000000005</ele>
   </trkpt>
   <trkpt lat="51.14318" lon="5.45446">
    <ele>60.08</ele>
   </trkpt>
   <trkpt lat="51.14309" lon="5.454000000000001">
    <ele>60.370000000000005</ele>
   </trkpt>
   <trkpt lat="51.14293000000001" lon="5.452940000000001">
    <ele>60.86000000000001</ele>
   </trkpt>
   <trkpt lat="51.14287" lon="5.45296">
    <ele>60.89000000000001</ele>
   </trkpt>
   <trkpt lat="51.14266000000001" lon="5.4519400000000005">
    <ele>59.85000000000001</ele>
   </trkpt>
   <trkpt lat="51.142360000000004" lon="5.450780000000001">
    <ele>60.510000000000005</ele>
   </trkpt>
   <trkpt lat="51.142360000000004" lon="5.45077">
    <ele>60.52</ele>
   </trkpt>
   <trkpt lat="51.1422" lon="5.45012">
    <ele>61.4</ele>
   </trkpt>
   <trkpt lat="51.14215" lon="5.450010000000001">
    <ele>61.4</ele>
   </trkpt>
   <trkpt lat="51.14209" lon="5.44995">
    <ele>61.4</ele>
   </trkpt>
   <trkpt lat="51.14199000000001" lon="5.44995">
    <ele>61.4</ele>
   </trkpt>
   <trkpt lat="51.14159" lon="5.450060000000001">
    <ele>61.660000000000004</ele>
   </trkpt>
   <trkpt lat="51.14130000589128" lon="5.448884992639189">
    <ele>61.76</ele>
   </trkpt>
   <trkpt lat="51.14101" lon="5.447710000000001">
    <ele>61.870000000000005</ele>
   </trkpt>
   <trkpt lat="51.14088" lon="5.44693">
    <ele>61.82000000000001</ele>
   </trkpt>
   <trkpt lat="51.14088" lon="5.44692">
    <ele>61.82000000000001</ele>
   </trkpt>
   <trkpt lat="51.14073000406172" lon="5.445944996888992">
    <ele>61.77</ele>
   </trkpt>
   <trkpt lat="51.14058000000001" lon="5.4449700000000005">
    <ele>61.75000000000001</ele>
   </trkpt>
   <trkpt lat="51.140440000000005" lon="5.4448300000000005">
    <ele>61.870000000000005</ele>
   </trkpt>
   <trkpt lat="51.140370000000004" lon="5.4446900000000005">
    <ele>61.870000000000005</ele>
   </trkpt>
   <trkpt lat="51.140330000000006" lon="5.444470000000001">
    <ele>61.870000000000005</ele>
   </trkpt>
   <trkpt lat="51.14028500530199" lon="5.4433549989507535">
    <ele>62.19</ele>
   </trkpt>
   <trkpt lat="51.140240000000006" lon="5.442240000000001">
    <ele>62.34</ele>
   </trkpt>
   <trkpt lat="51.14021" lon="5.441960000000001">
    <ele>62.470000000000006</ele>
   </trkpt>
   <trkpt lat="51.14007" lon="5.44146">
    <ele>62.470000000000006</ele>
   </trkpt>
   <trkpt lat="51.1398" lon="5.44082">
    <ele>62.85</ele>
   </trkpt>
   <trkpt lat="51.13958" lon="5.44014">
    <ele>62.71</ele>
   </trkpt>
   <trkpt lat="51.139395002422404" lon="5.439379996789362">
    <ele>62.800000000000004</ele>
   </trkpt>
   <trkpt lat="51.139210000000006" lon="5.43862">
    <ele>62.76000000000001</ele>
   </trkpt>
   <trkpt lat="51.13917000000001" lon="5.43853">
    <ele>62.76000000000001</ele>
   </trkpt>
   <trkpt lat="51.138980000000004" lon="5.43832">
    <ele>62.81</ele>
   </trkpt>
   <trkpt lat="51.13895" lon="5.43825">
    <ele>62.81</ele>
   </trkpt>
   <trkpt lat="51.13896500639927" lon="5.437025000289981">
    <ele>61.970000000000006</ele>
   </trkpt>
   <trkpt lat="51.138980000000004" lon="5.4358">
    <ele>62.160000000000004</ele>
   </trkpt>
   <trkpt lat="51.138690000000004" lon="5.435840000000001">
    <ele>61.2</ele>
   </trkpt>
   <trkpt lat="51.138360000000006" lon="5.43592">
    <ele>60.82000000000001</ele>
   </trkpt>
   <trkpt lat="51.13803000000001" lon="5.43597">
    <ele>61.34</ele>
   </trkpt>
   <trkpt lat="51.1379" lon="5.43597">
    <ele>61.34</ele>
   </trkpt>
   <trkpt lat="51.137840000000004" lon="5.435910000000001">
    <ele>61.43000000000001</ele>
   </trkpt>
   <trkpt lat="51.138110000000005" lon="5.4350700000000005">
    <ele>61.00000000000001</ele>
   </trkpt>
   <trkpt lat="51.13837" lon="5.43414">
    <ele>61.02</ele>
   </trkpt>
   <trkpt lat="51.13835" lon="5.433890000000001">
    <ele>60.980000000000004</ele>
   </trkpt>
   <trkpt lat="51.13846" lon="5.4337800000000005">
    <ele>60.88</ele>
   </trkpt>
   <trkpt lat="51.13853" lon="5.433700000000001">
    <ele>60.88</ele>
   </trkpt>
   <trkpt lat="51.13870000000001" lon="5.4333100000000005">
    <ele>60.550000000000004</ele>
   </trkpt>
   <trkpt lat="51.13890000000001" lon="5.432950000000001">
    <ele>60.28000000000001</ele>
   </trkpt>
   <trkpt lat="51.13909" lon="5.43259">
    <ele>59.99</ele>
   </trkpt>
   <trkpt lat="51.13956" lon="5.4314800000000005">
    <ele>58.96</ele>
   </trkpt>
   <trkpt lat="51.13975000000001" lon="5.431150000000001">
    <ele>59.010000000000005</ele>
   </trkpt>
   <trkpt lat="51.139920000000004" lon="5.43092">
    <ele>59.22</ele>
   </trkpt>
   <trkpt lat="51.14011000000001" lon="5.4308000000000005">
    <ele>59.22</ele>
   </trkpt>
   <trkpt lat="51.140660000000004" lon="5.43057">
    <ele>59.06</ele>
   </trkpt>
   <trkpt lat="51.14112500035634" lon="5.430320002469883">
    <ele>59.09</ele>
   </trkpt>
   <trkpt lat="51.14159" lon="5.430070000000001">
    <ele>58.49000000000001</ele>
   </trkpt>
   <trkpt lat="51.14202" lon="5.42989">
    <ele>58.29</ele>
   </trkpt>
   <trkpt lat="51.14219000000001" lon="5.42985">
    <ele>58.330000000000005</ele>
   </trkpt>
   <trkpt lat="51.142390000000006" lon="5.42984">
    <ele>58.07</ele>
   </trkpt>
   <trkpt lat="51.14273000000001" lon="5.429900000000001">
    <ele>57.77</ele>
   </trkpt>
   <trkpt lat="51.14331500010859" lon="5.429939999500031">
    <ele>57.720000000000006</ele>
   </trkpt>
   <trkpt lat="51.1439" lon="5.4299800000000005">
    <ele>58.54</ele>
   </trkpt>
   <trkpt lat="51.14435" lon="5.4300500000000005">
    <ele>59.34</ele>
   </trkpt>
   <trkpt lat="51.144670000000005" lon="5.43013">
    <ele>59.440000000000005</ele>
   </trkpt>
   <trkpt lat="51.14481000000001" lon="5.4301900000000005">
    <ele>59.4</ele>
   </trkpt>
   <trkpt lat="51.14495" lon="5.4303300000000005">
    <ele>59.21000000000001</ele>
   </trkpt>
   <trkpt lat="51.14535500139893" lon="5.430889995171994">
    <ele>58.74000000000001</ele>
   </trkpt>
   <trkpt lat="51.14576" lon="5.431450000000001">
    <ele>58.39</ele>
   </trkpt>
   <trkpt lat="51.14622000000001" lon="5.43228">
    <ele>57.89</ele>
   </trkpt>
   <trkpt lat="51.14634" lon="5.432580000000001">
    <ele>57.900000000000006</ele>
   </trkpt>
   <trkpt lat="51.14647" lon="5.4327700000000005">
    <ele>57.900000000000006</ele>
   </trkpt>
   <trkpt lat="51.146570000000004" lon="5.432880000000001">
    <ele>57.900000000000006</ele>
   </trkpt>
   <trkpt lat="51.146910000000005" lon="5.43313">
    <ele>57.81000000000001</ele>
   </trkpt>
   <trkpt lat="51.14743000000001" lon="5.43344">
    <ele>58.120000000000005</ele>
   </trkpt>
   <trkpt lat="51.14795000018309" lon="5.433619997987514">
    <ele>58.78</ele>
   </trkpt>
   <trkpt lat="51.14847" lon="5.433800000000001">
    <ele>58.85000000000001</ele>
   </trkpt>
   <trkpt lat="51.14871" lon="5.4339">
    <ele>58.86</ele>
   </trkpt>
   <trkpt lat="51.14942500047382" lon="5.434249994553793">
    <ele>58.74000000000001</ele>
   </trkpt>
   <trkpt lat="51.15014000000001" lon="5.4346000000000005">
    <ele>58.440000000000005</ele>
   </trkpt>
   <trkpt lat="51.150825000429535" lon="5.43491999524679">
    <ele>57.730000000000004</ele>
   </trkpt>
   <trkpt lat="51.15151" lon="5.43524">
    <ele>57.28</ele>
   </trkpt>
   <trkpt lat="51.15213333415086" lon="5.435546658389518">
    <ele>56.760000000000005</ele>
   </trkpt>
   <trkpt lat="51.15275666749991" lon="5.435853325063773">
    <ele>57.31</ele>
   </trkpt>
   <trkpt lat="51.153380000000006" lon="5.43616">
    <ele>57.790000000000006</ele>
   </trkpt>
   <trkpt lat="51.15389500016895" lon="5.436394997346835">
    <ele>57.940000000000005</ele>
   </trkpt>
   <trkpt lat="51.154410000000006" lon="5.43663">
    <ele>57.760000000000005</ele>
   </trkpt>
   <trkpt lat="51.155263334835816" lon="5.4370466512656845">
    <ele>57.940000000000005</ele>
   </trkpt>
   <trkpt lat="51.156116668191466" lon="5.437463317942897">
    <ele>57.13</ele>
   </trkpt>
   <trkpt lat="51.15697" lon="5.437880000000001">
    <ele>57.0</ele>
   </trkpt>
   <trkpt lat="51.15779600265747" lon="5.438275971632827">
    <ele>56.940000000000005</ele>
   </trkpt>
   <trkpt lat="51.15862200397811" lon="5.438671957444409">
    <ele>56.480000000000004</ele>
   </trkpt>
   <trkpt lat="51.15944800396181" lon="5.439067957435652">
    <ele>56.14</ele>
   </trkpt>
   <trkpt lat="51.16027400260851" lon="5.439463971607456">
    <ele>55.45</ele>
   </trkpt>
   <trkpt lat="51.161100000000005" lon="5.43986">
    <ele>55.190000000000005</ele>
   </trkpt>
   <trkpt lat="51.161615000359426" lon="5.440114997193887">
    <ele>54.62</ele>
   </trkpt>
   <trkpt lat="51.162130000000005" lon="5.440370000000001">
    <ele>53.94</ele>
   </trkpt>
   <trkpt lat="51.16275" lon="5.440550000000001">
    <ele>52.9</ele>
   </trkpt>
   <trkpt lat="51.162760000000006" lon="5.440550000000001">
    <ele>52.9</ele>
   </trkpt>
   <trkpt lat="51.1633400002679" lon="5.440719997904857">
    <ele>51.870000000000005</ele>
   </trkpt>
   <trkpt lat="51.163920000000005" lon="5.4408900000000004">
    <ele>51.800000000000004</ele>
   </trkpt>
   <trkpt lat="51.164030000000004" lon="5.440950000000001">
    <ele>52.08</ele>
   </trkpt>
   <trkpt lat="51.164080000000006" lon="5.441020000000001">
    <ele>52.08</ele>
   </trkpt>
   <trkpt lat="51.16411" lon="5.44113">
    <ele>52.120000000000005</ele>
   </trkpt>
   <trkpt lat="51.164080000000006" lon="5.44219">
    <ele>52.25000000000001</ele>
   </trkpt>
   <trkpt lat="51.164100000000005" lon="5.4423900000000005">
    <ele>52.25000000000001</ele>
   </trkpt>
   <trkpt lat="51.16414" lon="5.44251">
    <ele>52.35000000000001</ele>
   </trkpt>
   <trkpt lat="51.16425" lon="5.44265">
    <ele>52.35000000000001</ele>
   </trkpt>
   <trkpt lat="51.16436" lon="5.442740000000001">
    <ele>52.31</ele>
   </trkpt>
   <trkpt lat="51.16499500026284" lon="5.442929997416861">
    <ele>52.18</ele>
   </trkpt>
   <trkpt lat="51.16563000000001" lon="5.44312">
    <ele>52.06</ele>
   </trkpt>
   <trkpt lat="51.166250000000005" lon="5.443370000000001">
    <ele>51.61</ele>
   </trkpt>
   <trkpt lat="51.1666" lon="5.4434700000000005">
    <ele>51.52</ele>
   </trkpt>
   <trkpt lat="51.16689" lon="5.443460000000001">
    <ele>51.39</ele>
   </trkpt>
   <trkpt lat="51.167500000000004" lon="5.443350000000001">
    <ele>51.17000000000001</ele>
   </trkpt>
   <trkpt lat="51.168240000000004" lon="5.44326">
    <ele>50.830000000000005</ele>
   </trkpt>
   <trkpt lat="51.16825000000001" lon="5.44326">
    <ele>50.82</ele>
   </trkpt>
   <trkpt lat="51.168960000000006" lon="5.443370000000001">
    <ele>50.57</ele>
   </trkpt>
   <trkpt lat="51.169160000000005" lon="5.44338">
    <ele>50.57</ele>
   </trkpt>
   <trkpt lat="51.16933" lon="5.44334">
    <ele>50.59</ele>
   </trkpt>
   <trkpt lat="51.16946" lon="5.44326">
    <ele>50.510000000000005</ele>
   </trkpt>
   <trkpt lat="51.17018" lon="5.442640000000001">
    <ele>50.400000000000006</ele>
   </trkpt>
   <trkpt lat="51.170550000000006" lon="5.4417800000000005">
    <ele>50.300000000000004</ele>
   </trkpt>
   <trkpt lat="51.170680000000004" lon="5.441590000000001">
    <ele>50.06000000000001</ele>
   </trkpt>
   <trkpt lat="51.17096" lon="5.44132">
    <ele>49.760000000000005</ele>
   </trkpt>
   <trkpt lat="51.171400000000006" lon="5.441050000000001">
    <ele>49.550000000000004</ele>
   </trkpt>
   <trkpt lat="51.171620000000004" lon="5.440980000000001">
    <ele>49.730000000000004</ele>
   </trkpt>
   <trkpt lat="51.17186" lon="5.44094">
    <ele>50.330000000000005</ele>
   </trkpt>
   <trkpt lat="51.171890000000005" lon="5.440950000000001">
    <ele>50.330000000000005</ele>
   </trkpt>
   <trkpt lat="51.17215" lon="5.440950000000001">
    <ele>49.800000000000004</ele>
   </trkpt>
   <trkpt lat="51.17246" lon="5.4409">
    <ele>49.49</ele>
   </trkpt>
   <trkpt lat="51.17269" lon="5.4408900000000004">
    <ele>49.470000000000006</ele>
   </trkpt>
   <trkpt lat="51.17332000001205" lon="5.440964998973877">
    <ele>49.61</ele>
   </trkpt>
   <trkpt lat="51.173950000000005" lon="5.44104">
    <ele>50.07</ele>
   </trkpt>
   <trkpt lat="51.174690000000005" lon="5.44115">
    <ele>49.89</ele>
   </trkpt>
   <trkpt lat="51.17502" lon="5.44122">
    <ele>49.78</ele>
   </trkpt>
   <trkpt lat="51.17573" lon="5.441450000000001">
    <ele>49.440000000000005</ele>
   </trkpt>
   <trkpt lat="51.176520000000004" lon="5.44167">
    <ele>49.410000000000004</ele>
   </trkpt>
   <trkpt lat="51.17707000000001" lon="5.44179">
    <ele>49.45</ele>
   </trkpt>
   <trkpt lat="51.17703" lon="5.44179">
    <ele>49.470000000000006</ele>
   </trkpt>
   <trkpt lat="51.17785500013597" lon="5.441979996595915">
    <ele>49.09</ele>
   </trkpt>
   <trkpt lat="51.17868000000001" lon="5.442170000000001">
    <ele>49.260000000000005</ele>
   </trkpt>
   <trkpt lat="51.179010000000005" lon="5.442310000000001">
    <ele>48.730000000000004</ele>
   </trkpt>
   <trkpt lat="51.17948500033793" lon="5.442539997684644">
    <ele>48.64</ele>
   </trkpt>
   <trkpt lat="51.17996" lon="5.44277">
    <ele>49.38000000000001</ele>
   </trkpt>
   <trkpt lat="51.18027000000001" lon="5.441800000000001">
    <ele>48.13</ele>
   </trkpt>
   <trkpt lat="51.18032" lon="5.44165">
    <ele>48.050000000000004</ele>
   </trkpt>
   <trkpt lat="51.1805" lon="5.440840000000001">
    <ele>47.88</ele>
   </trkpt>
   <trkpt lat="51.180580000000006" lon="5.440340000000001">
    <ele>47.96</ele>
   </trkpt>
   <trkpt lat="51.18075" lon="5.43928">
    <ele>47.64</ele>
   </trkpt>
   <trkpt lat="51.1807" lon="5.4392700000000005">
    <ele>47.64</ele>
   </trkpt>
   <trkpt lat="51.18085000000001" lon="5.43862">
    <ele>47.220000000000006</ele>
   </trkpt>
   <trkpt lat="51.18097" lon="5.438160000000001">
    <ele>46.98</ele>
   </trkpt>
   <trkpt lat="51.181160000000006" lon="5.43763">
    <ele>46.86000000000001</ele>
   </trkpt>
   <trkpt lat="51.18164" lon="5.43651">
    <ele>46.78</ele>
   </trkpt>
   <trkpt lat="51.181940000000004" lon="5.435860000000001">
    <ele>46.89</ele>
   </trkpt>
   <trkpt lat="51.18226000000001" lon="5.43527">
    <ele>46.82</ele>
   </trkpt>
   <trkpt lat="51.18254" lon="5.4347900000000005">
    <ele>46.96</ele>
   </trkpt>
   <trkpt lat="51.183020005038614" lon="5.434023349255211">
    <ele>47.02</ele>
   </trkpt>
   <trkpt lat="51.18350000506698" lon="5.433256682543462">
    <ele>47.16</ele>
   </trkpt>
   <trkpt lat="51.183980000000005" lon="5.4324900000000005">
    <ele>47.14</ele>
   </trkpt>
   <trkpt lat="51.18444" lon="5.431900000000001">
    <ele>47.07</ele>
   </trkpt>
   <trkpt lat="51.184670000000004" lon="5.43167">
    <ele>47.07</ele>
   </trkpt>
   <trkpt lat="51.185100000000006" lon="5.4313">
    <ele>47.66</ele>
   </trkpt>
   <trkpt lat="51.18535000000001" lon="5.43114">
    <ele>47.92</ele>
   </trkpt>
   <trkpt lat="51.18533000000001" lon="5.431">
    <ele>48.1</ele>
   </trkpt>
   <trkpt lat="51.185365006813086" lon="5.429735001217357">
    <ele>48.720000000000006</ele>
   </trkpt>
   <trkpt lat="51.1854" lon="5.428470000000001">
    <ele>49.870000000000005</ele>
   </trkpt>
   <trkpt lat="51.18543500776855" lon="5.427120000986056">
    <ele>50.09</ele>
   </trkpt>
   <trkpt lat="51.18547" lon="5.425770000000001">
    <ele>50.61</ele>
   </trkpt>
   <trkpt lat="51.184698753480035" lon="5.425428710032949">
    <ele>50.49000000000001</ele>
   </trkpt>
   <trkpt lat="51.18392750596721" lon="5.425087431487115">
    <ele>50.86</ele>
   </trkpt>
   <trkpt lat="51.18315625746162" lon="5.4247461643618164">
    <ele>50.77</ele>
   </trkpt>
   <trkpt lat="51.18238500796329" lon="5.424404908656372">
    <ele>51.17000000000001</ele>
   </trkpt>
   <trkpt lat="51.18161375747231" lon="5.424063664370099">
    <ele>51.5</ele>
   </trkpt>
   <trkpt lat="51.18084250598875" lon="5.4237224315023145">
    <ele>51.42000000000001</ele>
   </trkpt>
   <trkpt lat="51.18007125351264" lon="5.423381210052338">
    <ele>51.71000000000001</ele>
   </trkpt>
   <trkpt lat="51.179300000000005" lon="5.42304">
    <ele>51.84</ele>
   </trkpt>
   <trkpt lat="51.17934" lon="5.4229400000000005">
    <ele>51.85000000000001</ele>
   </trkpt>
   <trkpt lat="51.17857666766843" lon="5.422596655295905">
    <ele>52.010000000000005</ele>
   </trkpt>
   <trkpt lat="51.17781333433196" lon="5.4222533219613975">
    <ele>52.38</ele>
   </trkpt>
   <trkpt lat="51.17705" lon="5.4219100000000005">
    <ele>52.410000000000004</ele>
   </trkpt>
   <trkpt lat="51.176970000000004" lon="5.42187">
    <ele>52.440000000000005</ele>
   </trkpt>
   <trkpt lat="51.17692" lon="5.42178">
    <ele>52.440000000000005</ele>
   </trkpt>
   <trkpt lat="51.17692" lon="5.42171">
    <ele>52.370000000000005</ele>
   </trkpt>
   <trkpt lat="51.177150000000005" lon="5.420750000000001">
    <ele>52.75000000000001</ele>
   </trkpt>
   <trkpt lat="51.17749500718076" lon="5.419450009812722">
    <ele>52.800000000000004</ele>
   </trkpt>
   <trkpt lat="51.17784" lon="5.418150000000001">
    <ele>53.18000000000001</ele>
   </trkpt>
   <trkpt lat="51.17731000066" lon="5.417719994952936">
    <ele>53.120000000000005</ele>
   </trkpt>
   <trkpt lat="51.17678" lon="5.41729">
    <ele>53.62</ele>
   </trkpt>
   <trkpt lat="51.177065016183356" lon="5.416165020862651">
    <ele>53.08</ele>
   </trkpt>
   <trkpt lat="51.17735002157803" lon="5.415040027816404">
    <ele>52.95</ele>
   </trkpt>
   <trkpt lat="51.177635016183835" lon="5.4139150208614755">
    <ele>52.99</ele>
   </trkpt>
   <trkpt lat="51.17792000000001" lon="5.41279">
    <ele>53.18000000000001</ele>
   </trkpt>
   <trkpt lat="51.178050000000006" lon="5.412260000000001">
    <ele>53.22</ele>
   </trkpt>
   <trkpt lat="51.178110000000004" lon="5.41199">
    <ele>53.25000000000001</ele>
   </trkpt>
   <trkpt lat="51.17815" lon="5.41164">
    <ele>53.24</ele>
   </trkpt>
   <trkpt lat="51.17810000000001" lon="5.41157">
    <ele>53.24</ele>
   </trkpt>
   <trkpt lat="51.17797" lon="5.41058">
    <ele>53.45</ele>
   </trkpt>
   <trkpt lat="51.17795" lon="5.410030000000001">
    <ele>53.77</ele>
   </trkpt>
   <trkpt lat="51.17800252253512" lon="5.408702504495117">
    <ele>54.32000000000001</ele>
   </trkpt>
   <trkpt lat="51.17805503004793" lon="5.407375005965996">
    <ele>54.540000000000006</ele>
   </trkpt>
   <trkpt lat="51.178107522538376" lon="5.406047504413489">
    <ele>54.75000000000001</ele>
   </trkpt>
   <trkpt lat="51.178160000000005" lon="5.40472">
    <ele>55.23</ele>
   </trkpt>
   <trkpt lat="51.178050000000006" lon="5.404730000000001">
    <ele>55.290000000000006</ele>
   </trkpt>
   <trkpt lat="51.17795" lon="5.404780000000001">
    <ele>55.28</ele>
   </trkpt>
   <trkpt lat="51.177350000000004" lon="5.405270000000001">
    <ele>55.18000000000001</ele>
   </trkpt>
   <trkpt lat="51.17701" lon="5.40556">
    <ele>55.27</ele>
   </trkpt>
   <trkpt lat="51.17669" lon="5.405760000000001">
    <ele>55.56</ele>
   </trkpt>
   <trkpt lat="51.17622" lon="5.406020000000001">
    <ele>55.75000000000001</ele>
   </trkpt>
   <trkpt lat="51.17591" lon="5.40627">
    <ele>55.88</ele>
   </trkpt>
   <trkpt lat="51.17575" lon="5.40639">
    <ele>56.010000000000005</ele>
   </trkpt>
   <trkpt lat="51.17559000000001" lon="5.4064700000000006">
    <ele>56.010000000000005</ele>
   </trkpt>
   <trkpt lat="51.17481" lon="5.406770000000001">
    <ele>56.31</ele>
   </trkpt>
   <trkpt lat="51.1747" lon="5.406790000000001">
    <ele>56.31</ele>
   </trkpt>
   <trkpt lat="51.17439" lon="5.406680000000001">
    <ele>56.480000000000004</ele>
   </trkpt>
   <trkpt lat="51.173764999982005" lon="5.406710000407685">
    <ele>56.68</ele>
   </trkpt>
   <trkpt lat="51.173140000000004" lon="5.40674">
    <ele>56.5</ele>
   </trkpt>
   <trkpt lat="51.172990000000006" lon="5.4067300000000005">
    <ele>56.410000000000004</ele>
   </trkpt>
   <trkpt lat="51.17264" lon="5.4065900000000005">
    <ele>56.46</ele>
   </trkpt>
   <trkpt lat="51.171980000044165" lon="5.406499998713179">
    <ele>57.02</ele>
   </trkpt>
   <trkpt lat="51.17132" lon="5.40641">
    <ele>57.150000000000006</ele>
   </trkpt>
   <trkpt lat="51.171020000000006" lon="5.40634">
    <ele>57.230000000000004</ele>
   </trkpt>
   <trkpt lat="51.17054" lon="5.40615">
    <ele>57.550000000000004</ele>
   </trkpt>
   <trkpt lat="51.170010000000005" lon="5.4059800000000005">
    <ele>57.660000000000004</ele>
   </trkpt>
   <trkpt lat="51.16947000026658" lon="5.405729997072763">
    <ele>57.92</ele>
   </trkpt>
   <trkpt lat="51.16893" lon="5.405480000000001">
    <ele>58.79</ele>
   </trkpt>
   <trkpt lat="51.16883000000001" lon="5.405480000000001">
    <ele>58.85000000000001</ele>
   </trkpt>
   <trkpt lat="51.16877" lon="5.4055800000000005">
    <ele>58.85000000000001</ele>
   </trkpt>
   <trkpt lat="51.16877" lon="5.40594">
    <ele>58.45</ele>
   </trkpt>
   <trkpt lat="51.168730000000004" lon="5.406070000000001">
    <ele>58.45</ele>
   </trkpt>
   <trkpt lat="51.16859" lon="5.40634">
    <ele>58.080000000000005</ele>
   </trkpt>
   <trkpt lat="51.16836000000001" lon="5.406680000000001">
    <ele>58.080000000000005</ele>
   </trkpt>
   <trkpt lat="51.168240000000004" lon="5.4069">
    <ele>58.080000000000005</ele>
   </trkpt>
   <trkpt lat="51.168000000000006" lon="5.407640000000001">
    <ele>57.650000000000006</ele>
   </trkpt>
   <trkpt lat="51.1679" lon="5.40779">
    <ele>57.620000000000005</ele>
   </trkpt>
   <trkpt lat="51.16767" lon="5.407970000000001">
    <ele>57.64</ele>
   </trkpt>
   <trkpt lat="51.167590000000004" lon="5.40798">
    <ele>57.800000000000004</ele>
   </trkpt>
   <trkpt lat="51.166880000000006" lon="5.407800000000001">
    <ele>58.0</ele>
   </trkpt>
   <trkpt lat="51.16677000000001" lon="5.40786">
    <ele>58.0</ele>
   </trkpt>
   <trkpt lat="51.166560000000004" lon="5.40812">
    <ele>57.77</ele>
   </trkpt>
   <trkpt lat="51.16644" lon="5.4081600000000005">
    <ele>57.77</ele>
   </trkpt>
   <trkpt lat="51.16633" lon="5.4081600000000005">
    <ele>57.75</ele>
   </trkpt>
   <trkpt lat="51.16572999982485" lon="5.408019998118437">
    <ele>57.82</ele>
   </trkpt>
   <trkpt lat="51.165130000000005" lon="5.4078800000000005">
    <ele>58.080000000000005</ele>
   </trkpt>
   <trkpt lat="51.16467" lon="5.40774">
    <ele>58.14</ele>
   </trkpt>
   <trkpt lat="51.16456" lon="5.40768">
    <ele>58.160000000000004</ele>
   </trkpt>
   <trkpt lat="51.164350000000006" lon="5.40747">
    <ele>58.150000000000006</ele>
   </trkpt>
   <trkpt lat="51.16423" lon="5.40746">
    <ele>58.04</ele>
   </trkpt>
   <trkpt lat="51.16367000023734" lon="5.407755003651824">
    <ele>57.440000000000005</ele>
   </trkpt>
   <trkpt lat="51.16311" lon="5.40805">
    <ele>57.27</ele>
   </trkpt>
   <trkpt lat="51.16302" lon="5.40815">
    <ele>57.34</ele>
   </trkpt>
   <trkpt lat="51.163000000000004" lon="5.40829">
    <ele>57.34</ele>
   </trkpt>
   <trkpt lat="51.16302" lon="5.4084900000000005">
    <ele>57.300000000000004</ele>
   </trkpt>
   <trkpt lat="51.16271000133969" lon="5.409040003607126">
    <ele>56.88</ele>
   </trkpt>
   <trkpt lat="51.162400000000005" lon="5.409590000000001">
    <ele>57.160000000000004</ele>
   </trkpt>
   <trkpt lat="51.16208" lon="5.410100000000001">
    <ele>58.010000000000005</ele>
   </trkpt>
   <trkpt lat="51.162040000000005" lon="5.410220000000001">
    <ele>58.010000000000005</ele>
   </trkpt>
   <trkpt lat="51.161770000000004" lon="5.4106000000000005">
    <ele>58.370000000000005</ele>
   </trkpt>
   <trkpt lat="51.161620000000006" lon="5.410810000000001">
    <ele>58.67000000000001</ele>
   </trkpt>
   <trkpt lat="51.16136" lon="5.4111">
    <ele>59.010000000000005</ele>
   </trkpt>
   <trkpt lat="51.16131000000001" lon="5.41101">
    <ele>59.010000000000005</ele>
   </trkpt>
   <trkpt lat="51.161260000000006" lon="5.410990000000001">
    <ele>59.04</ele>
   </trkpt>
   <trkpt lat="51.1612" lon="5.410920000000001">
    <ele>59.04</ele>
   </trkpt>
   <trkpt lat="51.16084000000001" lon="5.41021">
    <ele>59.10000000000001</ele>
   </trkpt>
   <trkpt lat="51.16045667286367" lon="5.409353318962775">
    <ele>60.550000000000004</ele>
   </trkpt>
   <trkpt lat="51.16007333947042" lon="5.408496652162441">
    <ele>61.96000000000001</ele>
   </trkpt>
   <trkpt lat="51.159690000000005" lon="5.407640000000001">
    <ele>61.21000000000001</ele>
   </trkpt>
   <trkpt lat="51.159560000000006" lon="5.4072000000000005">
    <ele>59.7</ele>
   </trkpt>
   <trkpt lat="51.159510000000004" lon="5.406770000000001">
    <ele>59.10000000000001</ele>
   </trkpt>
   <trkpt lat="51.159510000000004" lon="5.4066">
    <ele>58.730000000000004</ele>
   </trkpt>
   <trkpt lat="51.15957" lon="5.4065">
    <ele>58.61</ele>
   </trkpt>
   <trkpt lat="51.15972000000001" lon="5.4063300000000005">
    <ele>58.59</ele>
   </trkpt>
   <trkpt lat="51.15982" lon="5.40636">
    <ele>58.5</ele>
   </trkpt>
   <trkpt lat="51.160270000000004" lon="5.40688">
    <ele>57.940000000000005</ele>
   </trkpt>
   <trkpt lat="51.16026" lon="5.40688">
    <ele>57.940000000000005</ele>
   </trkpt>
   <trkpt lat="51.16042" lon="5.40706">
    <ele>57.940000000000005</ele>
   </trkpt>
   <trkpt lat="51.16073" lon="5.40749">
    <ele>58.25</ele>
   </trkpt>
   <trkpt lat="51.16078" lon="5.407520000000001">
    <ele>58.25</ele>
   </trkpt>
   <trkpt lat="51.16085" lon="5.407500000000001">
    <ele>58.25</ele>
   </trkpt>
   <trkpt lat="51.16098" lon="5.4073">
    <ele>57.870000000000005</ele>
   </trkpt>
   <trkpt lat="51.16165500348224" lon="5.406385013506234">
    <ele>58.11</ele>
   </trkpt>
   <trkpt lat="51.162330000000004" lon="5.40547">
    <ele>58.440000000000005</ele>
   </trkpt>
   <trkpt lat="51.16239" lon="5.4053">
    <ele>58.440000000000005</ele>
   </trkpt>
   <trkpt lat="51.162510000000005" lon="5.404070000000001">
    <ele>58.74000000000001</ele>
   </trkpt>
   <trkpt lat="51.16263000836664" lon="5.402670003506181">
    <ele>59.09</ele>
   </trkpt>
   <trkpt lat="51.16275" lon="5.40127">
    <ele>59.440000000000005</ele>
   </trkpt>
   <trkpt lat="51.16281000000001" lon="5.40042">
    <ele>59.190000000000005</ele>
   </trkpt>
   <trkpt lat="51.16281000000001" lon="5.400110000000001">
    <ele>59.17000000000001</ele>
   </trkpt>
   <trkpt lat="51.16268000678129" lon="5.398849996582149">
    <ele>59.14</ele>
   </trkpt>
   <trkpt lat="51.16255" lon="5.39759">
    <ele>59.07</ele>
   </trkpt>
   <trkpt lat="51.162560000000006" lon="5.397320000000001">
    <ele>58.60000000000001</ele>
   </trkpt>
   <trkpt lat="51.16277" lon="5.395930000000001">
    <ele>58.64</ele>
   </trkpt>
   <trkpt lat="51.162960000000005" lon="5.3959">
    <ele>58.580000000000005</ele>
   </trkpt>
   <trkpt lat="51.16301000000001" lon="5.3957500000000005">
    <ele>58.46</ele>
   </trkpt>
   <trkpt lat="51.16333" lon="5.3954200000000005">
    <ele>57.980000000000004</ele>
   </trkpt>
   <trkpt lat="51.16384000000001" lon="5.3948100000000005">
    <ele>58.050000000000004</ele>
   </trkpt>
   <trkpt lat="51.16396" lon="5.394690000000001">
    <ele>58.330000000000005</ele>
   </trkpt>
   <trkpt lat="51.164060000000006" lon="5.394520000000001">
    <ele>58.330000000000005</ele>
   </trkpt>
   <trkpt lat="51.16396" lon="5.39437">
    <ele>58.230000000000004</ele>
   </trkpt>
   <trkpt lat="51.16335500148251" lon="5.393764991987152">
    <ele>58.650000000000006</ele>
   </trkpt>
   <trkpt lat="51.16275" lon="5.393160000000001">
    <ele>59.06</ele>
   </trkpt>
   <trkpt lat="51.162310000000005" lon="5.39275">
    <ele>59.34</ele>
   </trkpt>
   <trkpt lat="51.16181500047643" lon="5.392354995610871">
    <ele>59.690000000000005</ele>
   </trkpt>
   <trkpt lat="51.16132" lon="5.39196">
    <ele>59.830000000000005</ele>
   </trkpt>
   <trkpt lat="51.16087" lon="5.39154">
    <ele>60.27</ele>
   </trkpt>
   <trkpt lat="51.160450000000004" lon="5.39099">
    <ele>60.300000000000004</ele>
   </trkpt>
   <trkpt lat="51.160090000000004" lon="5.39043">
    <ele>60.02</ele>
   </trkpt>
   <trkpt lat="51.16010000000001" lon="5.390440000000001">
    <ele>60.02</ele>
   </trkpt>
   <trkpt lat="51.15974000146959" lon="5.389859995531286">
    <ele>60.21000000000001</ele>
   </trkpt>
   <trkpt lat="51.159380000000006" lon="5.38928">
    <ele>60.410000000000004</ele>
   </trkpt>
   <trkpt lat="51.15887000000001" lon="5.38816">
    <ele>60.32000000000001</ele>
   </trkpt>
   <trkpt lat="51.158550000000005" lon="5.38741">
    <ele>60.72</ele>
   </trkpt>
   <trkpt lat="51.15829" lon="5.38691">
    <ele>60.800000000000004</ele>
   </trkpt>
   <trkpt lat="51.15770667611853" lon="5.385856640017007">
    <ele>60.77</ele>
   </trkpt>
   <trkpt lat="51.15712334277733" lon="5.384803306669978">
    <ele>60.47</ele>
   </trkpt>
   <trkpt lat="51.15654000000001" lon="5.38375">
    <ele>60.300000000000004</ele>
   </trkpt>
   <trkpt lat="51.15654000000001" lon="5.38374">
    <ele>60.300000000000004</ele>
   </trkpt>
   <trkpt lat="51.15612" lon="5.382980000000001">
    <ele>60.660000000000004</ele>
   </trkpt>
   <trkpt lat="51.156060000000004" lon="5.38292">
    <ele>60.660000000000004</ele>
   </trkpt>
   <trkpt lat="51.15597" lon="5.38288">
    <ele>60.64000000000001</ele>
   </trkpt>
   <trkpt lat="51.156040000000004" lon="5.38224">
    <ele>60.660000000000004</ele>
   </trkpt>
   <trkpt lat="51.15603" lon="5.38194">
    <ele>60.63</ele>
   </trkpt>
   <trkpt lat="51.15598000000001" lon="5.381670000000001">
    <ele>60.660000000000004</ele>
   </trkpt>
   <trkpt lat="51.15574500182878" lon="5.381029996965453">
    <ele>60.57000000000001</ele>
   </trkpt>
   <trkpt lat="51.15551000000001" lon="5.38039">
    <ele>60.56</ele>
   </trkpt>
   <trkpt lat="51.15556" lon="5.3802900000000005">
    <ele>60.60000000000001</ele>
   </trkpt>
   <trkpt lat="51.155550000000005" lon="5.380170000000001">
    <ele>60.60000000000001</ele>
   </trkpt>
   <trkpt lat="51.15549000000001" lon="5.38009">
    <ele>60.60000000000001</ele>
   </trkpt>
   <trkpt lat="51.15545" lon="5.38008">
    <ele>60.60000000000001</ele>
   </trkpt>
   <trkpt lat="51.15541" lon="5.3801000000000005">
    <ele>60.60000000000001</ele>
   </trkpt>
   <trkpt lat="51.155140002061636" lon="5.379404995939532">
    <ele>60.34</ele>
   </trkpt>
   <trkpt lat="51.15487" lon="5.378710000000001">
    <ele>60.46000000000001</ele>
   </trkpt>
   <trkpt lat="51.154810000000005" lon="5.37861">
    <ele>60.46000000000001</ele>
   </trkpt>
   <trkpt lat="51.154650000000004" lon="5.37844">
    <ele>60.47</ele>
   </trkpt>
   <trkpt lat="51.154270000000004" lon="5.3775900000000005">
    <ele>60.550000000000004</ele>
   </trkpt>
   <trkpt lat="51.15419000000001" lon="5.377330000000001">
    <ele>60.56</ele>
   </trkpt>
   <trkpt lat="51.15419000000001" lon="5.377160000000001">
    <ele>60.56</ele>
   </trkpt>
   <trkpt lat="51.15404" lon="5.376760000000001">
    <ele>60.67</ele>
   </trkpt>
   <trkpt lat="51.15359250909683" lon="5.375917475524009">
    <ele>60.77</ele>
   </trkpt>
   <trkpt lat="51.15314501214155" lon="5.375074967389272">
    <ele>60.82000000000001</ele>
   </trkpt>
   <trkpt lat="51.152697509134384" lon="5.374232475595435">
    <ele>61.32000000000001</ele>
   </trkpt>
   <trkpt lat="51.15225" lon="5.3733900000000006">
    <ele>61.56</ele>
   </trkpt>
   <trkpt lat="51.152" lon="5.3726">
    <ele>61.900000000000006</ele>
   </trkpt>
   <trkpt lat="51.151700000000005" lon="5.37138">
    <ele>62.040000000000006</ele>
   </trkpt>
   <trkpt lat="51.151350005484524" lon="5.370249991561777">
    <ele>62.06</ele>
   </trkpt>
   <trkpt lat="51.151" lon="5.369120000000001">
    <ele>61.410000000000004</ele>
   </trkpt>
   <trkpt lat="51.15086" lon="5.36882">
    <ele>61.24</ele>
   </trkpt>
   <trkpt lat="51.15042500273268" lon="5.368029992684243">
    <ele>61.21000000000001</ele>
   </trkpt>
   <trkpt lat="51.14999" lon="5.367240000000001">
    <ele>61.050000000000004</ele>
   </trkpt>
   <trkpt lat="51.14999" lon="5.36725">
    <ele>61.050000000000004</ele>
   </trkpt>
   <trkpt lat="51.149485003653986" lon="5.3663149896335725">
    <ele>60.93000000000001</ele>
   </trkpt>
   <trkpt lat="51.14898" lon="5.36538">
    <ele>60.980000000000004</ele>
   </trkpt>
   <trkpt lat="51.14896" lon="5.365080000000001">
    <ele>61.06</ele>
   </trkpt>
   <trkpt lat="51.148790000000005" lon="5.36509">
    <ele>60.89000000000001</ele>
   </trkpt>
   <trkpt lat="51.14875000000001" lon="5.364870000000001">
    <ele>60.74</ele>
   </trkpt>
   <trkpt lat="51.14862" lon="5.36458">
    <ele>60.660000000000004</ele>
   </trkpt>
   <trkpt lat="51.148160003801166" lon="5.363629990435541">
    <ele>60.010000000000005</ele>
   </trkpt>
   <trkpt lat="51.14770000000001" lon="5.36268">
    <ele>59.440000000000005</ele>
   </trkpt>
   <trkpt lat="51.147580000000005" lon="5.3626000000000005">
    <ele>59.29</ele>
   </trkpt>
   <trkpt lat="51.14748" lon="5.362570000000001">
    <ele>59.29</ele>
   </trkpt>
   <trkpt lat="51.147360000000006" lon="5.36258">
    <ele>59.24000000000001</ele>
   </trkpt>
   <trkpt lat="51.14732000000001" lon="5.36237">
    <ele>59.0</ele>
   </trkpt>
   <trkpt lat="51.146765005401235" lon="5.361244986483334">
    <ele>58.11</ele>
   </trkpt>
   <trkpt lat="51.14621" lon="5.36012">
    <ele>58.650000000000006</ele>
   </trkpt>
   <trkpt lat="51.14631000000001" lon="5.360040000000001">
    <ele>58.470000000000006</ele>
   </trkpt>
   <trkpt lat="51.14678000000001" lon="5.35989">
    <ele>58.300000000000004</ele>
   </trkpt>
   <trkpt lat="51.146860000000004" lon="5.3598300000000005">
    <ele>58.300000000000004</ele>
   </trkpt>
   <trkpt lat="51.146930000000005" lon="5.35974">
    <ele>58.300000000000004</ele>
   </trkpt>
   <trkpt lat="51.14719" lon="5.35897">
    <ele>58.60000000000001</ele>
   </trkpt>
   <trkpt lat="51.147360000000006" lon="5.35836">
    <ele>58.59</ele>
   </trkpt>
   <trkpt lat="51.14753000213256" lon="5.357660002398978">
    <ele>59.0</ele>
   </trkpt>
   <trkpt lat="51.14770000000001" lon="5.356960000000001">
    <ele>59.150000000000006</ele>
   </trkpt>
   <trkpt lat="51.14800402989" lon="5.355636034897569">
    <ele>58.800000000000004</ele>
   </trkpt>
   <trkpt lat="51.14830804483389" lon="5.354312052352256">
    <ele>58.410000000000004</ele>
   </trkpt>
   <trkpt lat="51.14861204483134" lon="5.352988052364498">
    <ele>58.34</ele>
   </trkpt>
   <trkpt lat="51.148916029881974" lon="5.3516640349347355">
    <ele>57.900000000000006</ele>
   </trkpt>
   <trkpt lat="51.14922000000001" lon="5.35034">
    <ele>57.61</ele>
   </trkpt>
   <trkpt lat="51.14929000000001" lon="5.34987">
    <ele>57.63000000000001</ele>
   </trkpt>
   <trkpt lat="51.14940000775973" lon="5.34891667111954">
    <ele>57.260000000000005</ele>
   </trkpt>
   <trkpt lat="51.149510007770324" lon="5.347963337694365">
    <ele>56.900000000000006</ele>
   </trkpt>
   <trkpt lat="51.149620000000006" lon="5.34701">
    <ele>57.040000000000006</ele>
   </trkpt>
   <trkpt lat="51.149733341526805" lon="5.346030004772122">
    <ele>56.59</ele>
   </trkpt>
   <trkpt lat="51.14984667486494" lon="5.345050004730772">
    <ele>56.510000000000005</ele>
   </trkpt>
   <trkpt lat="51.14996000000001" lon="5.34407">
    <ele>56.2</ele>
   </trkpt>
   <trkpt lat="51.150000000000006" lon="5.343870000000001">
    <ele>56.2</ele>
   </trkpt>
   <trkpt lat="51.150180000000006" lon="5.34346">
    <ele>55.900000000000006</ele>
   </trkpt>
   <trkpt lat="51.15048" lon="5.343050000000001">
    <ele>55.67</ele>
   </trkpt>
   <trkpt lat="51.15072000000001" lon="5.34267">
    <ele>55.080000000000005</ele>
   </trkpt>
   <trkpt lat="51.150830000000006" lon="5.3423300000000005">
    <ele>55.040000000000006</ele>
   </trkpt>
   <trkpt lat="51.15101000000001" lon="5.34285">
    <ele>54.62</ele>
   </trkpt>
   <trkpt lat="51.151340000000005" lon="5.3439700000000006">
    <ele>55.6</ele>
   </trkpt>
   <trkpt lat="51.15142" lon="5.3439700000000006">
    <ele>55.78</ele>
   </trkpt>
   <trkpt lat="51.15205" lon="5.3434800000000005">
    <ele>54.55</ele>
   </trkpt>
   <trkpt lat="51.152330000000006" lon="5.34321">
    <ele>54.62</ele>
   </trkpt>
   <trkpt lat="51.15263" lon="5.342980000000001">
    <ele>55.010000000000005</ele>
   </trkpt>
   <trkpt lat="51.15319666789059" lon="5.342593342864861">
    <ele>55.07000000000001</ele>
   </trkpt>
   <trkpt lat="51.15376333450645" lon="5.34220667623301">
    <ele>54.86000000000001</ele>
   </trkpt>
   <trkpt lat="51.15433" lon="5.34182">
    <ele>54.8</ele>
   </trkpt>
   <trkpt lat="51.15477000028279" lon="5.341510003045522">
    <ele>54.62</ele>
   </trkpt>
   <trkpt lat="51.155210000000004" lon="5.341200000000001">
    <ele>54.92</ele>
   </trkpt>
   <trkpt lat="51.155260000000006" lon="5.34121">
    <ele>54.92</ele>
   </trkpt>
   <trkpt lat="51.155350000000006" lon="5.3413200000000005">
    <ele>54.95</ele>
   </trkpt>
   <trkpt lat="51.155440000000006" lon="5.341620000000001">
    <ele>54.96</ele>
   </trkpt>
   <trkpt lat="51.155530000000006" lon="5.34222">
    <ele>54.89</ele>
   </trkpt>
   <trkpt lat="51.1558533410884" lon="5.343173319990599">
    <ele>54.50000000000001</ele>
   </trkpt>
   <trkpt lat="51.156176674428146" lon="5.344126653342612">
    <ele>54.25000000000001</ele>
   </trkpt>
   <trkpt lat="51.1565" lon="5.34508">
    <ele>54.36000000000001</ele>
   </trkpt>
   <trkpt lat="51.15686500534228" lon="5.346204990936732">
    <ele>54.81</ele>
   </trkpt>
   <trkpt lat="51.157230000000006" lon="5.34733">
    <ele>55.67</ele>
   </trkpt>
   <trkpt lat="51.157300000000006" lon="5.3474">
    <ele>55.67</ele>
   </trkpt>
   <trkpt lat="51.15738" lon="5.347390000000001">
    <ele>55.470000000000006</ele>
   </trkpt>
   <trkpt lat="51.157450000000004" lon="5.347340000000001">
    <ele>55.470000000000006</ele>
   </trkpt>
   <trkpt lat="51.158170000000005" lon="5.346690000000001">
    <ele>55.510000000000005</ele>
   </trkpt>
   <trkpt lat="51.15880750467161" lon="5.346087524948828">
    <ele>56.53</ele>
   </trkpt>
   <trkpt lat="51.159445006248475" lon="5.34548503324712">
    <ele>56.89</ele>
   </trkpt>
   <trkpt lat="51.160082504730454" lon="5.344882524894113">
    <ele>56.49</ele>
   </trkpt>
   <trkpt lat="51.160720000000005" lon="5.34428">
    <ele>56.42</ele>
   </trkpt>
   <trkpt lat="51.16071" lon="5.344290000000001">
    <ele>56.42</ele>
   </trkpt>
   <trkpt lat="51.161410000000004" lon="5.34363">
    <ele>56.540000000000006</ele>
   </trkpt>
   <trkpt lat="51.16151000000001" lon="5.3435500000000005">
    <ele>57.010000000000005</ele>
   </trkpt>
   <trkpt lat="51.16158" lon="5.34353">
    <ele>57.160000000000004</ele>
   </trkpt>
   <trkpt lat="51.16161000368293" lon="5.3426000007277255">
    <ele>56.56</ele>
   </trkpt>
   <trkpt lat="51.161640000000006" lon="5.341670000000001">
    <ele>56.120000000000005</ele>
   </trkpt>
   <trkpt lat="51.1616100032363" lon="5.342540000281779">
    <ele>56.56</ele>
   </trkpt>
   <trkpt lat="51.16158" lon="5.34341">
    <ele>57.120000000000005</ele>
   </trkpt>
   <trkpt lat="51.16165" lon="5.343400000000001">
    <ele>57.150000000000006</ele>
   </trkpt>
   <trkpt lat="51.16168751856814" lon="5.342195002966584">
    <ele>56.64</ele>
   </trkpt>
   <trkpt lat="51.161725024756976" lon="5.340990003973389">
    <ele>55.81</ele>
   </trkpt>
   <trkpt lat="51.16176251856647" lon="5.339785003021061">
    <ele>55.540000000000006</ele>
   </trkpt>
   <trkpt lat="51.16180000000001" lon="5.33858">
    <ele>54.8</ele>
   </trkpt>
   <trkpt lat="51.16189000000001" lon="5.338080000000001">
    <ele>54.78</ele>
   </trkpt>
   <trkpt lat="51.16196000000001" lon="5.33793">
    <ele>54.82000000000001</ele>
   </trkpt>
   <trkpt lat="51.16192" lon="5.337580000000001">
    <ele>54.760000000000005</ele>
   </trkpt>
   <trkpt lat="51.161930000000005" lon="5.337490000000001">
    <ele>54.760000000000005</ele>
   </trkpt>
   <trkpt lat="51.162000000000006" lon="5.33736">
    <ele>54.660000000000004</ele>
   </trkpt>
   <trkpt lat="51.16201" lon="5.3371900000000005">
    <ele>54.660000000000004</ele>
   </trkpt>
   <trkpt lat="51.161970000000004" lon="5.3370500000000005">
    <ele>54.34</ele>
   </trkpt>
   <trkpt lat="51.162000000000006" lon="5.33668">
    <ele>54.17</ele>
   </trkpt>
   <trkpt lat="51.16201" lon="5.336480000000001">
    <ele>54.00000000000001</ele>
   </trkpt>
   <trkpt lat="51.161970000000004" lon="5.336220000000001">
    <ele>53.95</ele>
   </trkpt>
   <trkpt lat="51.16203" lon="5.33584">
    <ele>53.900000000000006</ele>
   </trkpt>
   <trkpt lat="51.162090000000006" lon="5.3352900000000005">
    <ele>53.790000000000006</ele>
   </trkpt>
   <trkpt lat="51.162040000000005" lon="5.33478">
    <ele>53.78</ele>
   </trkpt>
   <trkpt lat="51.16205" lon="5.33448">
    <ele>53.78</ele>
   </trkpt>
   <trkpt lat="51.162090000000006" lon="5.334320000000001">
    <ele>53.78</ele>
   </trkpt>
   <trkpt lat="51.16203" lon="5.3341">
    <ele>53.75000000000001</ele>
   </trkpt>
   <trkpt lat="51.16207000000001" lon="5.33361">
    <ele>53.65</ele>
   </trkpt>
   <trkpt lat="51.162150000000004" lon="5.33337">
    <ele>53.790000000000006</ele>
   </trkpt>
   <trkpt lat="51.16216000000001" lon="5.333290000000001">
    <ele>53.790000000000006</ele>
   </trkpt>
   <trkpt lat="51.16212" lon="5.33319">
    <ele>53.790000000000006</ele>
   </trkpt>
   <trkpt lat="51.162110000000006" lon="5.33309">
    <ele>53.790000000000006</ele>
   </trkpt>
   <trkpt lat="51.16217" lon="5.33295">
    <ele>53.81</ele>
   </trkpt>
   <trkpt lat="51.16219" lon="5.33281">
    <ele>53.81</ele>
   </trkpt>
   <trkpt lat="51.162150000000004" lon="5.33251">
    <ele>53.790000000000006</ele>
   </trkpt>
   <trkpt lat="51.162200000000006" lon="5.33222">
    <ele>53.67</ele>
   </trkpt>
   <trkpt lat="51.162150000000004" lon="5.33194">
    <ele>53.410000000000004</ele>
   </trkpt>
   <trkpt lat="51.162110000000006" lon="5.331460000000001">
    <ele>53.32000000000001</ele>
   </trkpt>
   <trkpt lat="51.162130000000005" lon="5.331200000000001">
    <ele>53.24</ele>
   </trkpt>
   <trkpt lat="51.162180000000006" lon="5.330010000000001">
    <ele>52.56</ele>
   </trkpt>
   <trkpt lat="51.16221" lon="5.32985">
    <ele>52.52</ele>
   </trkpt>
   <trkpt lat="51.16219" lon="5.3296600000000005">
    <ele>52.52</ele>
   </trkpt>
   <trkpt lat="51.16223" lon="5.329330000000001">
    <ele>52.61</ele>
   </trkpt>
   <trkpt lat="51.16221" lon="5.328950000000001">
    <ele>52.730000000000004</ele>
   </trkpt>
   <trkpt lat="51.162220000000005" lon="5.32854">
    <ele>52.95</ele>
   </trkpt>
   <trkpt lat="51.16225000000001" lon="5.32838">
    <ele>52.93000000000001</ele>
   </trkpt>
   <trkpt lat="51.16226" lon="5.32784">
    <ele>53.17</ele>
   </trkpt>
   <trkpt lat="51.16232" lon="5.327170000000001">
    <ele>53.50000000000001</ele>
   </trkpt>
   <trkpt lat="51.162290000000006" lon="5.326960000000001">
    <ele>53.28</ele>
   </trkpt>
   <trkpt lat="51.16225000000001" lon="5.32678">
    <ele>53.08</ele>
   </trkpt>
   <trkpt lat="51.16223" lon="5.32659">
    <ele>53.08</ele>
   </trkpt>
   <trkpt lat="51.16235000352794" lon="5.325680002382863">
    <ele>52.58</ele>
   </trkpt>
   <trkpt lat="51.162470000000006" lon="5.32477">
    <ele>52.50000000000001</ele>
   </trkpt>
   <trkpt lat="51.162530000000004" lon="5.32415">
    <ele>52.230000000000004</ele>
   </trkpt>
   <trkpt lat="51.16257" lon="5.32333">
    <ele>52.25000000000001</ele>
   </trkpt>
   <trkpt lat="51.162580000000005" lon="5.32246">
    <ele>52.15</ele>
   </trkpt>
   <trkpt lat="51.16256001367832" lon="5.321193332209123">
    <ele>52.02</ele>
   </trkpt>
   <trkpt lat="51.1625400136779" lon="5.319926665516247">
    <ele>52.83</ele>
   </trkpt>
   <trkpt lat="51.16252" lon="5.31866">
    <ele>52.7</ele>
   </trkpt>
   <trkpt lat="51.1625" lon="5.318040000000001">
    <ele>52.59</ele>
   </trkpt>
   <trkpt lat="51.162470000000006" lon="5.317640000000001">
    <ele>52.50000000000001</ele>
   </trkpt>
   <trkpt lat="51.16246" lon="5.31761">
    <ele>52.50000000000001</ele>
   </trkpt>
   <trkpt lat="51.16234000000001" lon="5.31667">
    <ele>52.38</ele>
   </trkpt>
   <trkpt lat="51.16225000000001" lon="5.31625">
    <ele>52.34</ele>
   </trkpt>
   <trkpt lat="51.161975004418714" lon="5.315229993858945">
    <ele>51.95</ele>
   </trkpt>
   <trkpt lat="51.1617" lon="5.31421">
    <ele>51.83</ele>
   </trkpt>
   <trkpt lat="51.16136000574879" lon="5.313044991287455">
    <ele>51.83</ele>
   </trkpt>
   <trkpt lat="51.16102000000001" lon="5.31188">
    <ele>52.15</ele>
   </trkpt>
   <trkpt lat="51.16071000995096" lon="5.310799985508146">
    <ele>52.38</ele>
   </trkpt>
   <trkpt lat="51.160400009957485" lon="5.309719985531117">
    <ele>52.14000000000001</ele>
   </trkpt>
   <trkpt lat="51.160090000000004" lon="5.3086400000000005">
    <ele>51.93</ele>
   </trkpt>
   <trkpt lat="51.16004" lon="5.30867">
    <ele>51.79</ele>
   </trkpt>
   <trkpt lat="51.15976000411465" lon="5.307689994124203">
    <ele>51.77</ele>
   </trkpt>
   <trkpt lat="51.15948" lon="5.306710000000001">
    <ele>52.0</ele>
   </trkpt>
   <trkpt lat="51.15954000000001" lon="5.30667">
    <ele>52.14000000000001</ele>
   </trkpt>
   <trkpt lat="51.15934000000001" lon="5.30604">
    <ele>52.51</ele>
   </trkpt>
   <trkpt lat="51.159110000000005" lon="5.305210000000001">
    <ele>52.6</ele>
   </trkpt>
   <trkpt lat="51.15887000000001" lon="5.30407">
    <ele>52.800000000000004</ele>
   </trkpt>
   <trkpt lat="51.158770000000004" lon="5.30334">
    <ele>52.690000000000005</ele>
   </trkpt>
   <trkpt lat="51.15869000548253" lon="5.302204997903735">
    <ele>52.49</ele>
   </trkpt>
   <trkpt lat="51.15861" lon="5.30107">
    <ele>51.910000000000004</ele>
   </trkpt>
   <trkpt lat="51.15861" lon="5.300660000000001">
    <ele>51.61</ele>
   </trkpt>
   <trkpt lat="51.158640000000005" lon="5.300160000000001">
    <ele>51.510000000000005</ele>
   </trkpt>
   <trkpt lat="51.15872" lon="5.2995">
    <ele>51.43</ele>
   </trkpt>
   <trkpt lat="51.15883" lon="5.29905">
    <ele>51.29</ele>
   </trkpt>
   <trkpt lat="51.15898000000001" lon="5.298640000000001">
    <ele>51.11</ele>
   </trkpt>
   <trkpt lat="51.15916000000001" lon="5.298220000000001">
    <ele>50.99000000000001</ele>
   </trkpt>
   <trkpt lat="51.15961500951279" lon="5.297357525520961">
    <ele>50.43</ele>
   </trkpt>
   <trkpt lat="51.16007001268349" lon="5.296495034028903">
    <ele>49.510000000000005</ele>
   </trkpt>
   <trkpt lat="51.160525009511886" lon="5.29563252552345">
    <ele>48.300000000000004</ele>
   </trkpt>
   <trkpt lat="51.16098" lon="5.294770000000001">
    <ele>47.88</ele>
   </trkpt>
   <trkpt lat="51.161300000000004" lon="5.294110000000001">
    <ele>47.59</ele>
   </trkpt>
   <trkpt lat="51.16167" lon="5.29326">
    <ele>47.77</ele>
   </trkpt>
   <trkpt lat="51.16160000000001" lon="5.29316">
    <ele>47.370000000000005</ele>
   </trkpt>
   <trkpt lat="51.16158" lon="5.293010000000001">
    <ele>47.150000000000006</ele>
   </trkpt>
   <trkpt lat="51.16167500223892" lon="5.292285001506123">
    <ele>46.580000000000005</ele>
   </trkpt>
   <trkpt lat="51.161770000000004" lon="5.2915600000000005">
    <ele>46.34</ele>
   </trkpt>
   <trkpt lat="51.161770000000004" lon="5.29157">
    <ele>46.35</ele>
   </trkpt>
   <trkpt lat="51.16194500698739" lon="5.290290004832024">
    <ele>45.85</ele>
   </trkpt>
   <trkpt lat="51.16212" lon="5.28901">
    <ele>45.86000000000001</ele>
   </trkpt>
   <trkpt lat="51.162250003121564" lon="5.288155002374259">
    <ele>45.65</ele>
   </trkpt>
   <trkpt lat="51.162380000000006" lon="5.2873">
    <ele>45.62</ele>
   </trkpt>
   <trkpt lat="51.16227000000001" lon="5.286510000000001">
    <ele>45.53</ele>
   </trkpt>
   <trkpt lat="51.16219" lon="5.286060000000001">
    <ele>45.38</ele>
   </trkpt>
   <trkpt lat="51.161880000000004" lon="5.28472">
    <ele>45.08</ele>
   </trkpt>
   <trkpt lat="51.16125499997472" lon="5.284790000953562">
    <ele>44.39000000000001</ele>
   </trkpt>
   <trkpt lat="51.160630000000005" lon="5.28486">
    <ele>44.51</ele>
   </trkpt>
   <trkpt lat="51.159916666715844" lon="5.284916668417351">
    <ele>44.25000000000001</ele>
   </trkpt>
   <trkpt lat="51.15920333340431" lon="5.284973335082253">
    <ele>44.04</ele>
   </trkpt>
   <trkpt lat="51.15849000000001" lon="5.285030000000001">
    <ele>44.01</ele>
   </trkpt>
   <trkpt lat="51.15807" lon="5.28504">
    <ele>44.06</ele>
   </trkpt>
   <trkpt lat="51.1572" lon="5.284770000000001">
    <ele>44.65</ele>
   </trkpt>
   <trkpt lat="51.15672000000001" lon="5.28474">
    <ele>45.050000000000004</ele>
   </trkpt>
   <trkpt lat="51.15628" lon="5.284750000000001">
    <ele>45.09</ele>
   </trkpt>
   <trkpt lat="51.155560000174965" lon="5.284935002879389">
    <ele>45.59</ele>
   </trkpt>
   <trkpt lat="51.15484000000001" lon="5.28512">
    <ele>45.83</ele>
   </trkpt>
   <trkpt lat="51.154790000000006" lon="5.28511">
    <ele>45.82000000000001</ele>
   </trkpt>
   <trkpt lat="51.154720000000005" lon="5.28507">
    <ele>45.82000000000001</ele>
   </trkpt>
   <trkpt lat="51.15464000000001" lon="5.28495">
    <ele>45.82000000000001</ele>
   </trkpt>
   <trkpt lat="51.15449" lon="5.28465">
    <ele>45.64000000000001</ele>
   </trkpt>
   <trkpt lat="51.154070003662994" lon="5.283734991875981">
    <ele>45.910000000000004</ele>
   </trkpt>
   <trkpt lat="51.153650000000006" lon="5.28282">
    <ele>46.230000000000004</ele>
   </trkpt>
   <trkpt lat="51.153620000000004" lon="5.282660000000001">
    <ele>46.25000000000001</ele>
   </trkpt>
   <trkpt lat="51.15363000000001" lon="5.28249">
    <ele>46.25000000000001</ele>
   </trkpt>
   <trkpt lat="51.15378752391844" lon="5.281122513984636">
    <ele>46.2</ele>
   </trkpt>
   <trkpt lat="51.15394503189284" lon="5.279755018633034">
    <ele>46.07000000000001</ele>
   </trkpt>
   <trkpt lat="51.15410252392298" lon="5.278387513946025">
    <ele>45.92</ele>
   </trkpt>
   <trkpt lat="51.15426" lon="5.27702">
    <ele>45.61000000000001</ele>
   </trkpt>
   <trkpt lat="51.154346679078614" lon="5.275813337898807">
    <ele>45.36000000000001</ele>
   </trkpt>
   <trkpt lat="51.15443334574298" lon="5.2746066712644515">
    <ele>45.13</ele>
   </trkpt>
   <trkpt lat="51.154520000000005" lon="5.2734000000000005">
    <ele>44.75000000000001</ele>
   </trkpt>
   <trkpt lat="51.15462000760054" lon="5.27206500285471">
    <ele>44.21000000000001</ele>
   </trkpt>
   <trkpt lat="51.154720000000005" lon="5.27073">
    <ele>44.17</ele>
   </trkpt>
   <trkpt lat="51.153942500221795" lon="5.270589992917919">
    <ele>44.09</ele>
   </trkpt>
   <trkpt lat="51.15316500027645" lon="5.270449990553949">
    <ele>44.64000000000001</ele>
   </trkpt>
   <trkpt lat="51.152387500164004" lon="5.270309992907804">
    <ele>44.65</ele>
   </trkpt>
   <trkpt lat="51.151610000000005" lon="5.27017">
    <ele>44.660000000000004</ele>
   </trkpt>
   <trkpt lat="51.15162" lon="5.27017">
    <ele>44.67</ele>
   </trkpt>
   <trkpt lat="51.15095" lon="5.270060000000001">
    <ele>45.980000000000004</ele>
   </trkpt>
   <trkpt lat="51.151162021009625" lon="5.268950020400709">
    <ele>45.68000000000001</ele>
   </trkpt>
   <trkpt lat="51.15137403151432" lon="5.267840030602186">
    <ele>45.7</ele>
   </trkpt>
   <trkpt lat="51.151586031513936" lon="5.266730030604769">
    <ele>45.13</ele>
   </trkpt>
   <trkpt lat="51.1517980210083" lon="5.26562002040879">
    <ele>44.82000000000001</ele>
   </trkpt>
   <trkpt lat="51.152010000000004" lon="5.2645100000000005">
    <ele>44.17</ele>
   </trkpt>
   <trkpt lat="51.152265007540024" lon="5.263180007354532">
    <ele>43.800000000000004</ele>
   </trkpt>
   <trkpt lat="51.15252" lon="5.261850000000001">
    <ele>44.61</ele>
   </trkpt>
   <trkpt lat="51.152530000000006" lon="5.26173">
    <ele>44.61</ele>
   </trkpt>
   <trkpt lat="51.15324000010107" lon="5.261660001069158">
    <ele>44.07000000000001</ele>
   </trkpt>
   <trkpt lat="51.15395" lon="5.26159">
    <ele>43.72</ele>
   </trkpt>
   <trkpt lat="51.154" lon="5.26058">
    <ele>42.580000000000005</ele>
   </trkpt>
   <trkpt lat="51.15402" lon="5.25943">
    <ele>42.97</ele>
   </trkpt>
   <trkpt lat="51.15402667524922" lon="5.258426667023579">
    <ele>42.580000000000005</ele>
   </trkpt>
   <trkpt lat="51.154033341915444" lon="5.257423333757047">
    <ele>42.480000000000004</ele>
   </trkpt>
   <trkpt lat="51.15404" lon="5.25642">
    <ele>42.410000000000004</ele>
   </trkpt>
   <trkpt lat="51.15406001296693" lon="5.255186667869364">
    <ele>42.190000000000005</ele>
   </trkpt>
   <trkpt lat="51.154080012964776" lon="5.253953334669234">
    <ele>42.65</ele>
   </trkpt>
   <trkpt lat="51.15410000000001" lon="5.25272">
    <ele>45.92</ele>
   </trkpt>
   <trkpt lat="51.154120000000006" lon="5.252560000000001">
    <ele>46.14</ele>
   </trkpt>
   <trkpt lat="51.15419000000001" lon="5.25227">
    <ele>46.50000000000001</ele>
   </trkpt>
   <trkpt lat="51.15442" lon="5.251600000000001">
    <ele>46.48</ele>
   </trkpt>
   <trkpt lat="51.15458" lon="5.2510200000000005">
    <ele>45.52</ele>
   </trkpt>
   <trkpt lat="51.15467" lon="5.24969">
    <ele>41.39</ele>
   </trkpt>
   <trkpt lat="51.154747524177864" lon="5.248315006952841">
    <ele>40.410000000000004</ele>
   </trkpt>
   <trkpt lat="51.15482503223631" lon="5.246940009285798">
    <ele>40.28</ele>
   </trkpt>
   <trkpt lat="51.15490252417525" lon="5.245565006999802">
    <ele>40.080000000000005</ele>
   </trkpt>
   <trkpt lat="51.15498" lon="5.244190000000001">
    <ele>39.66</ele>
   </trkpt>
   <trkpt lat="51.15498" lon="5.2442">
    <ele>39.66</ele>
   </trkpt>
   <trkpt lat="51.155060007716465" lon="5.242855002254744">
    <ele>39.540000000000006</ele>
   </trkpt>
   <trkpt lat="51.15514" lon="5.241510000000001">
    <ele>39.5</ele>
   </trkpt>
   <trkpt lat="51.1544" lon="5.2414000000000005">
    <ele>39.67</ele>
   </trkpt>
   <trkpt lat="51.154270000000004" lon="5.24136">
    <ele>39.67</ele>
   </trkpt>
   <trkpt lat="51.154180000000004" lon="5.24129">
    <ele>39.67</ele>
   </trkpt>
   <trkpt lat="51.15410000000001" lon="5.241180000000001">
    <ele>39.580000000000005</ele>
   </trkpt>
   <trkpt lat="51.154050000000005" lon="5.24106">
    <ele>39.580000000000005</ele>
   </trkpt>
   <trkpt lat="51.15397" lon="5.24077">
    <ele>39.63</ele>
   </trkpt>
   <trkpt lat="51.153870000000005" lon="5.24017">
    <ele>39.650000000000006</ele>
   </trkpt>
   <trkpt lat="51.15386" lon="5.239870000000001">
    <ele>39.7</ele>
   </trkpt>
   <trkpt lat="51.153870000000005" lon="5.23972">
    <ele>39.650000000000006</ele>
   </trkpt>
   <trkpt lat="51.153980000000004" lon="5.23913">
    <ele>39.580000000000005</ele>
   </trkpt>
   <trkpt lat="51.154140000000005" lon="5.238600000000001">
    <ele>39.31</ele>
   </trkpt>
   <trkpt lat="51.154160000000005" lon="5.23847">
    <ele>39.31</ele>
   </trkpt>
   <trkpt lat="51.15415" lon="5.238250000000001">
    <ele>39.220000000000006</ele>
   </trkpt>
   <trkpt lat="51.15403659795374" lon="5.236883475637636">
    <ele>38.98</ele>
   </trkpt>
   <trkpt lat="51.15392317998609" lon="5.2355169579925676">
    <ele>38.78</ele>
   </trkpt>
   <trkpt lat="51.15380974609716" lon="5.234150447065678">
    <ele>38.510000000000005</ele>
   </trkpt>
   <trkpt lat="51.1536962962871" lon="5.232783942857852">
    <ele>38.290000000000006</ele>
   </trkpt>
   <trkpt lat="51.15358283055608" lon="5.2314174453699716">
    <ele>38.31</ele>
   </trkpt>
   <trkpt lat="51.15346934890422" lon="5.230050954602918">
    <ele>38.34</ele>
   </trkpt>
   <trkpt lat="51.153355851331675" lon="5.228684470557575">
    <ele>38.19</ele>
   </trkpt>
   <trkpt lat="51.153242337838556" lon="5.227317993234825">
    <ele>37.900000000000006</ele>
   </trkpt>
   <trkpt lat="51.153128808425045" lon="5.22595152263555">
    <ele>37.68000000000001</ele>
   </trkpt>
   <trkpt lat="51.15301526309128" lon="5.224585058760635">
    <ele>37.11000000000001</ele>
   </trkpt>
   <trkpt lat="51.15290170183736" lon="5.2232186016109585">
    <ele>36.97</ele>
   </trkpt>
   <trkpt lat="51.15278812466347" lon="5.221852151187407">
    <ele>36.83</ele>
   </trkpt>
   <trkpt lat="51.152674531569744" lon="5.220485707490859">
    <ele>36.910000000000004</ele>
   </trkpt>
   <trkpt lat="51.15256092255633" lon="5.219119270522201">
    <ele>36.74</ele>
   </trkpt>
   <trkpt lat="51.15244729762338" lon="5.217752840282312">
    <ele>36.39000000000001</ele>
   </trkpt>
   <trkpt lat="51.152333656771006" lon="5.2163864167720755">
    <ele>36.25000000000001</ele>
   </trkpt>
   <trkpt lat="51.15222000000001" lon="5.21502">
    <ele>35.94</ele>
   </trkpt>
   <trkpt lat="51.15216" lon="5.2145600000000005">
    <ele>35.67</ele>
   </trkpt>
   <trkpt lat="51.15205" lon="5.213990000000001">
    <ele>35.67</ele>
   </trkpt>
   <trkpt lat="51.151880000000006" lon="5.2134">
    <ele>35.6</ele>
   </trkpt>
   <trkpt lat="51.15187" lon="5.21326">
    <ele>35.6</ele>
   </trkpt>
   <trkpt lat="51.151830000000004" lon="5.2132000000000005">
    <ele>35.6</ele>
   </trkpt>
   <trkpt lat="51.15178" lon="5.213050000000001">
    <ele>35.39</ele>
   </trkpt>
   <trkpt lat="51.15173000000001" lon="5.21279">
    <ele>35.39</ele>
   </trkpt>
   <trkpt lat="51.15171" lon="5.2126">
    <ele>35.300000000000004</ele>
   </trkpt>
   <trkpt lat="51.15169" lon="5.212260000000001">
    <ele>35.27</ele>
   </trkpt>
   <trkpt lat="51.151720000000005" lon="5.2113700000000005">
    <ele>35.190000000000005</ele>
   </trkpt>
   <trkpt lat="51.151680000000006" lon="5.21098">
    <ele>35.190000000000005</ele>
   </trkpt>
   <trkpt lat="51.15157000000001" lon="5.210260000000001">
    <ele>35.13</ele>
   </trkpt>
   <trkpt lat="51.15133500680435" lon="5.208994993463288">
    <ele>34.34</ele>
   </trkpt>
   <trkpt lat="51.15110000000001" lon="5.207730000000001">
    <ele>34.9</ele>
   </trkpt>
   <trkpt lat="51.15109" lon="5.207660000000001">
    <ele>34.9</ele>
   </trkpt>
   <trkpt lat="51.15101000000001" lon="5.20753">
    <ele>34.910000000000004</ele>
   </trkpt>
   <trkpt lat="51.151140000000005" lon="5.2073">
    <ele>34.870000000000005</ele>
   </trkpt>
   <trkpt lat="51.15108000000001" lon="5.207210000000001">
    <ele>34.85000000000001</ele>
   </trkpt>
   <trkpt lat="51.15092500274177" lon="5.206404997187883">
    <ele>33.800000000000004</ele>
   </trkpt>
   <trkpt lat="51.15077" lon="5.2056000000000004">
    <ele>34.07</ele>
   </trkpt>
   <trkpt lat="51.15073" lon="5.20551">
    <ele>34.11</ele>
   </trkpt>
   <trkpt lat="51.150670000000005" lon="5.20546">
    <ele>34.11</ele>
   </trkpt>
   <trkpt lat="51.15041" lon="5.20546">
    <ele>34.04</ele>
   </trkpt>
   <trkpt lat="51.150290000000005" lon="5.205360000000001">
    <ele>33.95</ele>
   </trkpt>
   <trkpt lat="51.15026" lon="5.2052700000000005">
    <ele>33.95</ele>
   </trkpt>
   <trkpt lat="51.15022500241501" lon="5.204519999794975">
    <ele>33.47</ele>
   </trkpt>
   <trkpt lat="51.15019" lon="5.2037700000000005">
    <ele>34.160000000000004</ele>
   </trkpt>
   <trkpt lat="51.15017" lon="5.203410000000001">
    <ele>33.74</ele>
   </trkpt>
   <trkpt lat="51.150180000000006" lon="5.202590000000001">
    <ele>33.080000000000005</ele>
   </trkpt>
   <trkpt lat="51.150220000000004" lon="5.2024300000000006">
    <ele>32.980000000000004</ele>
   </trkpt>
   <trkpt lat="51.1505" lon="5.20169">
    <ele>32.690000000000005</ele>
   </trkpt>
   <trkpt lat="51.15053" lon="5.201390000000001">
    <ele>32.690000000000005</ele>
   </trkpt>
   <trkpt lat="51.150380000000006" lon="5.200480000000001">
    <ele>32.36</ele>
   </trkpt>
   <trkpt lat="51.15021" lon="5.199680000000001">
    <ele>32.910000000000004</ele>
   </trkpt>
   <trkpt lat="51.15017" lon="5.199590000000001">
    <ele>32.910000000000004</ele>
   </trkpt>
   <trkpt lat="51.15005000000001" lon="5.199660000000001">
    <ele>32.720000000000006</ele>
   </trkpt>
   <trkpt lat="51.1495" lon="5.19981">
    <ele>32.800000000000004</ele>
   </trkpt>
   <trkpt lat="51.149440000000006" lon="5.19986">
    <ele>32.92</ele>
   </trkpt>
   <trkpt lat="51.149300000000004" lon="5.200130000000001">
    <ele>32.92</ele>
   </trkpt>
   <trkpt lat="51.14885" lon="5.201280000000001">
    <ele>33.300000000000004</ele>
   </trkpt>
   <trkpt lat="51.14876" lon="5.201460000000001">
    <ele>33.300000000000004</ele>
   </trkpt>
   <trkpt lat="51.148250000633" lon="5.201875004668289">
    <ele>33.45</ele>
   </trkpt>
   <trkpt lat="51.147740000000006" lon="5.2022900000000005">
    <ele>33.64</ele>
   </trkpt>
   <trkpt lat="51.14764" lon="5.20246">
    <ele>33.64</ele>
   </trkpt>
   <trkpt lat="51.147380000000005" lon="5.2033000000000005">
    <ele>33.84</ele>
   </trkpt>
   <trkpt lat="51.147310000000004" lon="5.20357">
    <ele>33.88</ele>
   </trkpt>
   <trkpt lat="51.147220000000004" lon="5.20373">
    <ele>33.88</ele>
   </trkpt>
   <trkpt lat="51.14677500145122" lon="5.204315005650498">
    <ele>34.09</ele>
   </trkpt>
   <trkpt lat="51.146330000000006" lon="5.2049">
    <ele>34.370000000000005</ele>
   </trkpt>
   <trkpt lat="51.14582000143891" lon="5.2054750063203254">
    <ele>34.28</ele>
   </trkpt>
   <trkpt lat="51.14531" lon="5.20605">
    <ele>34.58</ele>
   </trkpt>
   <trkpt lat="51.145140000000005" lon="5.20641">
    <ele>34.59</ele>
   </trkpt>
   <trkpt lat="51.145070000000004" lon="5.20645">
    <ele>34.54</ele>
   </trkpt>
   <trkpt lat="51.1444366666765" lon="5.206476667398284">
    <ele>33.96</ele>
   </trkpt>
   <trkpt lat="51.14380333334693" lon="5.20650333406478">
    <ele>33.97</ele>
   </trkpt>
   <trkpt lat="51.143170000000005" lon="5.206530000000001">
    <ele>34.510000000000005</ele>
   </trkpt>
   <trkpt lat="51.14307" lon="5.206580000000001">
    <ele>34.550000000000004</ele>
   </trkpt>
   <trkpt lat="51.142970000000005" lon="5.20675">
    <ele>34.60000000000001</ele>
   </trkpt>
   <trkpt lat="51.14289" lon="5.20685">
    <ele>34.58</ele>
   </trkpt>
   <trkpt lat="51.142770000000006" lon="5.2069">
    <ele>34.43</ele>
   </trkpt>
   <trkpt lat="51.142450000000004" lon="5.206950000000001">
    <ele>34.38</ele>
   </trkpt>
   <trkpt lat="51.14233" lon="5.20692">
    <ele>34.36</ele>
   </trkpt>
   <trkpt lat="51.14199000000001" lon="5.20666">
    <ele>34.39</ele>
   </trkpt>
   <trkpt lat="51.141740000000006" lon="5.20638">
    <ele>34.34</ele>
   </trkpt>
   <trkpt lat="51.14128500180097" lon="5.205724993503637">
    <ele>34.06</ele>
   </trkpt>
   <trkpt lat="51.14083" lon="5.20507">
    <ele>34.080000000000005</ele>
   </trkpt>
   <trkpt lat="51.14074" lon="5.2049900000000004">
    <ele>34.080000000000005</ele>
   </trkpt>
   <trkpt lat="51.14028500009936" lon="5.20477999788935">
    <ele>33.980000000000004</ele>
   </trkpt>
   <trkpt lat="51.13983" lon="5.20457">
    <ele>33.99</ele>
   </trkpt>
   <trkpt lat="51.13974" lon="5.204560000000001">
    <ele>33.99</ele>
   </trkpt>
   <trkpt lat="51.13962" lon="5.2046">
    <ele>34.03</ele>
   </trkpt>
   <trkpt lat="51.138953334758774" lon="5.205010011845789">
    <ele>34.02</ele>
   </trkpt>
   <trkpt lat="51.1382866680841" lon="5.2054200118505">
    <ele>34.38</ele>
   </trkpt>
   <trkpt lat="51.137620000000005" lon="5.205830000000001">
    <ele>34.74</ele>
   </trkpt>
   <trkpt lat="51.13752" lon="5.20582">
    <ele>34.82</ele>
   </trkpt>
   <trkpt lat="51.13747000000001" lon="5.20579">
    <ele>34.82</ele>
   </trkpt>
   <trkpt lat="51.137420000000006" lon="5.2057400000000005">
    <ele>34.82</ele>
   </trkpt>
   <trkpt lat="51.137040000000006" lon="5.2050600000000005">
    <ele>34.78</ele>
   </trkpt>
   <trkpt lat="51.136490004551504" lon="5.204329982618167">
    <ele>34.800000000000004</ele>
   </trkpt>
   <trkpt lat="51.13594000455876" lon="5.203599982628094">
    <ele>34.9</ele>
   </trkpt>
   <trkpt lat="51.13539" lon="5.202870000000001">
    <ele>34.940000000000005</ele>
   </trkpt>
   <trkpt lat="51.135380000000005" lon="5.202870000000001">
    <ele>34.940000000000005</ele>
   </trkpt>
   <trkpt lat="51.13485000205804" lon="5.20216499182656">
    <ele>35.53000000000001</ele>
   </trkpt>
   <trkpt lat="51.13432" lon="5.201460000000001">
    <ele>35.730000000000004</ele>
   </trkpt>
   <trkpt lat="51.13357500742047" lon="5.200961193671462">
    <ele>35.730000000000004</ele>
   </trkpt>
   <trkpt lat="51.13283001271933" lon="5.200462403437774">
    <ele>35.78000000000001</ele>
   </trkpt>
   <trkpt lat="51.13208501589671" lon="5.199963629298033">
    <ele>35.660000000000004</ele>
   </trkpt>
   <trkpt lat="51.131340016952706" lon="5.199464871251335">
    <ele>35.39</ele>
   </trkpt>
   <trkpt lat="51.13059501588747" lon="5.198966129296782">
    <ele>35.31</ele>
   </trkpt>
   <trkpt lat="51.12985001270113" lon="5.1984674034334715">
    <ele>34.85000000000001</ele>
   </trkpt>
   <trkpt lat="51.12910500739379" lon="5.1979686936605">
    <ele>34.9</ele>
   </trkpt>
   <trkpt lat="51.12836" lon="5.19747">
    <ele>36.1</ele>
   </trkpt>
   <trkpt lat="51.12782334825041" lon="5.19663328471375">
    <ele>35.39</ele>
   </trkpt>
   <trkpt lat="51.12728669053074" lon="5.195796588871597">
    <ele>35.59</ele>
   </trkpt>
   <trkpt lat="51.126750026841236" lon="5.1949599124729335">
    <ele>35.64000000000001</ele>
   </trkpt>
   <trkpt lat="51.12621335718215" lon="5.19412325551715">
    <ele>35.85</ele>
   </trkpt>
   <trkpt lat="51.12567668155374" lon="5.19328661800364">
    <ele>36.160000000000004</ele>
   </trkpt>
   <trkpt lat="51.12514" lon="5.19245">
    <ele>36.550000000000004</ele>
   </trkpt>
   <trkpt lat="51.12514" lon="5.19244">
    <ele>36.56</ele>
   </trkpt>
   <trkpt lat="51.12474000157668" lon="5.1918199945342876">
    <ele>36.63</ele>
   </trkpt>
   <trkpt lat="51.124340000000004" lon="5.1912">
    <ele>37.25000000000001</ele>
   </trkpt>
   <trkpt lat="51.123870000000004" lon="5.192">
    <ele>37.3</ele>
   </trkpt>
   <trkpt lat="51.123780000000004" lon="5.192100000000001">
    <ele>37.78</ele>
   </trkpt>
   <trkpt lat="51.124050000000004" lon="5.193460000000001">
    <ele>37.93000000000001</ele>
   </trkpt>
   <trkpt lat="51.124050000000004" lon="5.19357">
    <ele>37.93000000000001</ele>
   </trkpt>
   <trkpt lat="51.124010000000006" lon="5.1936800000000005">
    <ele>37.910000000000004</ele>
   </trkpt>
   <trkpt lat="51.12359000000001" lon="5.19439">
    <ele>37.68000000000001</ele>
   </trkpt>
   <trkpt lat="51.123430000000006" lon="5.1946">
    <ele>37.43000000000001</ele>
   </trkpt>
   <trkpt lat="51.123360000000005" lon="5.19463">
    <ele>37.43000000000001</ele>
   </trkpt>
   <trkpt lat="51.12330000000001" lon="5.194640000000001">
    <ele>37.43000000000001</ele>
   </trkpt>
   <trkpt lat="51.12301" lon="5.1944300000000005">
    <ele>37.21</ele>
   </trkpt>
   <trkpt lat="51.12288" lon="5.19439">
    <ele>37.12</ele>
   </trkpt>
   <trkpt lat="51.122060000000005" lon="5.1944300000000005">
    <ele>37.55</ele>
   </trkpt>
   <trkpt lat="51.121230000100404" lon="5.194445000267702">
    <ele>38.23</ele>
   </trkpt>
   <trkpt lat="51.120400000000004" lon="5.19446">
    <ele>38.81</ele>
   </trkpt>
   <trkpt lat="51.119690000000006" lon="5.19442">
    <ele>39.68</ele>
   </trkpt>
   <trkpt lat="51.11891000000001" lon="5.194500000000001">
    <ele>39.66</ele>
   </trkpt>
   <trkpt lat="51.118930000000006" lon="5.194500000000001">
    <ele>39.66</ele>
   </trkpt>
   <trkpt lat="51.11862000000001" lon="5.194570000000001">
    <ele>39.760000000000005</ele>
   </trkpt>
   <trkpt lat="51.11842000000001" lon="5.1947">
    <ele>40.31</ele>
   </trkpt>
   <trkpt lat="51.118280000000006" lon="5.19482">
    <ele>40.449999999999996</ele>
   </trkpt>
   <trkpt lat="51.117990000000006" lon="5.195150000000001">
    <ele>41.09</ele>
   </trkpt>
   <trkpt lat="51.117610000000006" lon="5.19451">
    <ele>40.940000000000005</ele>
   </trkpt>
   <trkpt lat="51.11739000000001" lon="5.19423">
    <ele>41.04</ele>
   </trkpt>
   <trkpt lat="51.11721000000001" lon="5.194050000000001">
    <ele>41.14</ele>
   </trkpt>
   <trkpt lat="51.11653000369962" lon="5.193583972564407">
    <ele>41.32</ele>
   </trkpt>
   <trkpt lat="51.11585000554707" lon="5.193117958845755">
    <ele>41.34</ele>
   </trkpt>
   <trkpt lat="51.11517000554242" lon="5.1926519588433395">
    <ele>41.27</ele>
   </trkpt>
   <trkpt lat="51.11449000368579" lon="5.192185972556465">
    <ele>40.940000000000005</ele>
   </trkpt>
   <trkpt lat="51.11381" lon="5.19172">
    <ele>40.53</ele>
   </trkpt>
   <trkpt lat="51.113530000000004" lon="5.1915700000000005">
    <ele>40.269999999999996</ele>
   </trkpt>
   <trkpt lat="51.11321" lon="5.19146">
    <ele>40.13</ele>
   </trkpt>
   <trkpt lat="51.11263" lon="5.19132">
    <ele>40.13</ele>
   </trkpt>
   <trkpt lat="51.11234" lon="5.19129">
    <ele>40.13</ele>
   </trkpt>
   <trkpt lat="51.11149" lon="5.1913100000000005">
    <ele>39.82</ele>
   </trkpt>
   <trkpt lat="51.11122" lon="5.19137">
    <ele>39.74</ele>
   </trkpt>
   <trkpt lat="51.110980000000005" lon="5.19151">
    <ele>39.63</ele>
   </trkpt>
   <trkpt lat="51.11079" lon="5.19167">
    <ele>39.690000000000005</ele>
   </trkpt>
   <trkpt lat="51.110400000000006" lon="5.192100000000001">
    <ele>39.900000000000006</ele>
   </trkpt>
   <trkpt lat="51.110220000000005" lon="5.19223">
    <ele>40.160000000000004</ele>
   </trkpt>
   <trkpt lat="51.11005" lon="5.19247">
    <ele>39.96</ele>
   </trkpt>
   <trkpt lat="51.109320000000004" lon="5.19324">
    <ele>40.269999999999996</ele>
   </trkpt>
   <trkpt lat="51.109140000000004" lon="5.193390000000001">
    <ele>40.300000000000004</ele>
   </trkpt>
   <trkpt lat="51.10913000000001" lon="5.1934000000000005">
    <ele>40.300000000000004</ele>
   </trkpt>
   <trkpt lat="51.108417504425276" lon="5.1939875271628875">
    <ele>40.650000000000006</ele>
   </trkpt>
   <trkpt lat="51.107705005906496" lon="5.194575036211396">
    <ele>40.71</ele>
   </trkpt>
   <trkpt lat="51.10699250444389" lon="5.195162527146469">
    <ele>40.78</ele>
   </trkpt>
   <trkpt lat="51.106280000000005" lon="5.19575">
    <ele>41.050000000000004</ele>
   </trkpt>
   <trkpt lat="51.10577000000001" lon="5.1961200000000005">
    <ele>41.470000000000006</ele>
   </trkpt>
   <trkpt lat="51.10513500058838" lon="5.1964750048483825">
    <ele>40.03</ele>
   </trkpt>
   <trkpt lat="51.1045" lon="5.19683">
    <ele>39.43</ele>
   </trkpt>
   <trkpt lat="51.104000000000006" lon="5.19714">
    <ele>39.21</ele>
   </trkpt>
   <trkpt lat="51.10340000053199" lon="5.197535005214786">
    <ele>38.86000000000001</ele>
   </trkpt>
   <trkpt lat="51.1028" lon="5.19793">
    <ele>38.57</ele>
   </trkpt>
   <trkpt lat="51.1026" lon="5.19812">
    <ele>38.66</ele>
   </trkpt>
   <trkpt lat="51.10219500121863" lon="5.198665004839391">
    <ele>38.1</ele>
   </trkpt>
   <trkpt lat="51.10179" lon="5.199210000000001">
    <ele>38.46</ele>
   </trkpt>
   <trkpt lat="51.10154000000001" lon="5.19943">
    <ele>39.07</ele>
   </trkpt>
   <trkpt lat="51.10156001873166" lon="5.198220001589445">
    <ele>38.28</ele>
   </trkpt>
   <trkpt lat="51.101580024975355" lon="5.1970100021312815">
    <ele>38.27</ele>
   </trkpt>
   <trkpt lat="51.10160001873107" lon="5.195800001626163">
    <ele>38.96</ele>
   </trkpt>
   <trkpt lat="51.101620000000004" lon="5.194590000000001">
    <ele>39.46</ele>
   </trkpt>
   <trkpt lat="51.101240000000004" lon="5.19411">
    <ele>38.150000000000006</ele>
   </trkpt>
   <trkpt lat="51.10107000000001" lon="5.193980000000001">
    <ele>38.12</ele>
   </trkpt>
   <trkpt lat="51.10096000000001" lon="5.193960000000001">
    <ele>38.160000000000004</ele>
   </trkpt>
   <trkpt lat="51.10045500036399" lon="5.194225002860854">
    <ele>37.84</ele>
   </trkpt>
   <trkpt lat="51.09995000000001" lon="5.19449">
    <ele>37.37</ele>
   </trkpt>
   <trkpt lat="51.09987" lon="5.194500000000001">
    <ele>37.37</ele>
   </trkpt>
   <trkpt lat="51.099810000000005" lon="5.194500000000001">
    <ele>37.00000000000001</ele>
   </trkpt>
   <trkpt lat="51.09973" lon="5.194470000000001">
    <ele>37.00000000000001</ele>
   </trkpt>
   <trkpt lat="51.099610000000006" lon="5.19437">
    <ele>36.94</ele>
   </trkpt>
   <trkpt lat="51.0996" lon="5.1943600000000005">
    <ele>36.94</ele>
   </trkpt>
   <trkpt lat="51.09942" lon="5.19421">
    <ele>36.83</ele>
   </trkpt>
   <trkpt lat="51.09929" lon="5.19413">
    <ele>36.83</ele>
   </trkpt>
   <trkpt lat="51.098980000000005" lon="5.19406">
    <ele>36.43000000000001</ele>
   </trkpt>
   <trkpt lat="51.09873" lon="5.194070000000001">
    <ele>36.300000000000004</ele>
   </trkpt>
   <trkpt lat="51.09817" lon="5.1942">
    <ele>35.67</ele>
   </trkpt>
   <trkpt lat="51.097770000000004" lon="5.19423">
    <ele>35.56</ele>
   </trkpt>
   <trkpt lat="51.097710000000006" lon="5.1942200000000005">
    <ele>35.56</ele>
   </trkpt>
   <trkpt lat="51.09761" lon="5.194100000000001">
    <ele>35.56</ele>
   </trkpt>
   <trkpt lat="51.098010002493915" lon="5.19332500683594">
    <ele>35.730000000000004</ele>
   </trkpt>
   <trkpt lat="51.09841" lon="5.192550000000001">
    <ele>36.27</ele>
   </trkpt>
   <trkpt lat="51.09812" lon="5.192060000000001">
    <ele>36.14000000000001</ele>
   </trkpt>
   <trkpt lat="51.097880001840714" lon="5.19141999692808">
    <ele>36.29</ele>
   </trkpt>
   <trkpt lat="51.097640000000006" lon="5.19078">
    <ele>36.74</ele>
   </trkpt>
   <trkpt lat="51.097460000000005" lon="5.19054">
    <ele>36.78</ele>
   </trkpt>
   <trkpt lat="51.09686000000001" lon="5.19024">
    <ele>36.410000000000004</ele>
   </trkpt>
   <trkpt lat="51.09675000000001" lon="5.19017">
    <ele>36.410000000000004</ele>
   </trkpt>
   <trkpt lat="51.096470000000004" lon="5.18987">
    <ele>36.01</ele>
   </trkpt>
   <trkpt lat="51.096320000000006" lon="5.18958">
    <ele>35.69</ele>
   </trkpt>
   <trkpt lat="51.09602000297644" lon="5.188744994590325">
    <ele>35.2</ele>
   </trkpt>
   <trkpt lat="51.09572000000001" lon="5.1879100000000005">
    <ele>35.06</ele>
   </trkpt>
   <trkpt lat="51.09554000209053" lon="5.1872099972778765">
    <ele>34.59</ele>
   </trkpt>
   <trkpt lat="51.09536000000001" lon="5.18651">
    <ele>34.33</ele>
   </trkpt>
   <trkpt lat="51.095270000000006" lon="5.18623">
    <ele>34.33</ele>
   </trkpt>
   <trkpt lat="51.09503" lon="5.1858200000000005">
    <ele>34.07</ele>
   </trkpt>
   <trkpt lat="51.09503" lon="5.18581">
    <ele>34.07</ele>
   </trkpt>
   <trkpt lat="51.09485" lon="5.185490000000001">
    <ele>33.99</ele>
   </trkpt>
   <trkpt lat="51.09467" lon="5.1851">
    <ele>33.97</ele>
   </trkpt>
   <trkpt lat="51.09444500245197" lon="5.1843549966558236">
    <ele>33.78</ele>
   </trkpt>
   <trkpt lat="51.09422000000001" lon="5.183610000000001">
    <ele>34.04</ele>
   </trkpt>
   <trkpt lat="51.09405" lon="5.182910000000001">
    <ele>35.07</ele>
   </trkpt>
   <trkpt lat="51.094515000639426" lon="5.182520003929634">
    <ele>35.300000000000004</ele>
   </trkpt>
   <trkpt lat="51.09498000000001" lon="5.182130000000001">
    <ele>35.45</ele>
   </trkpt>
   <trkpt lat="51.09516000000001" lon="5.18201">
    <ele>36.08</ele>
   </trkpt>
   <trkpt lat="51.09563000000001" lon="5.181760000000001">
    <ele>36.44</ele>
   </trkpt>
   <trkpt lat="51.09631333415953" lon="5.181453342386805">
    <ele>37.160000000000004</ele>
   </trkpt>
   <trkpt lat="51.09699666751691" lon="5.181146675709516">
    <ele>37.93000000000001</ele>
   </trkpt>
   <trkpt lat="51.097680000000004" lon="5.180840000000001">
    <ele>38.64</ele>
   </trkpt>
   <trkpt lat="51.0977" lon="5.180840000000001">
    <ele>38.650000000000006</ele>
   </trkpt>
   <trkpt lat="51.098200000172916" lon="5.180615002452578">
    <ele>39.190000000000005</ele>
   </trkpt>
   <trkpt lat="51.0987" lon="5.18039">
    <ele>39.620000000000005</ele>
   </trkpt>
   <trkpt lat="51.09908" lon="5.1802600000000005">
    <ele>39.88</ele>
   </trkpt>
   <trkpt lat="51.09902" lon="5.180000000000001">
    <ele>40.0</ele>
   </trkpt>
   <trkpt lat="51.098633341343785" lon="5.1790333172642855">
    <ele>39.53</ele>
   </trkpt>
   <trkpt lat="51.09824667471695" lon="5.17806665069745">
    <ele>38.81</ele>
   </trkpt>
   <trkpt lat="51.097860000000004" lon="5.1771">
    <ele>37.230000000000004</ele>
   </trkpt>
   <trkpt lat="51.097750000000005" lon="5.1769300000000005">
    <ele>37.230000000000004</ele>
   </trkpt>
   <trkpt lat="51.09758" lon="5.176810000000001">
    <ele>36.660000000000004</ele>
   </trkpt>
   <trkpt lat="51.097460000000005" lon="5.1767900000000004">
    <ele>36.50000000000001</ele>
   </trkpt>
   <trkpt lat="51.09734" lon="5.176830000000001">
    <ele>36.31</ele>
   </trkpt>
   <trkpt lat="51.09704000000001" lon="5.1756400000000005">
    <ele>36.56</ele>
   </trkpt>
   <trkpt lat="51.096790003415514" lon="5.174739994993237">
    <ele>36.410000000000004</ele>
   </trkpt>
   <trkpt lat="51.096540000000005" lon="5.17384">
    <ele>35.47</ele>
   </trkpt>
   <trkpt lat="51.09629" lon="5.1732000000000005">
    <ele>34.92</ele>
   </trkpt>
   <trkpt lat="51.096140000000005" lon="5.17293">
    <ele>34.92</ele>
   </trkpt>
   <trkpt lat="51.096000000000004" lon="5.172750000000001">
    <ele>34.58</ele>
   </trkpt>
   <trkpt lat="51.09568" lon="5.172440000000001">
    <ele>34.24</ele>
   </trkpt>
   <trkpt lat="51.095560000000006" lon="5.17218">
    <ele>34.190000000000005</ele>
   </trkpt>
   <trkpt lat="51.09548" lon="5.1719100000000005">
    <ele>34.21</ele>
   </trkpt>
   <trkpt lat="51.095420000000004" lon="5.171410000000001">
    <ele>34.46</ele>
   </trkpt>
   <trkpt lat="51.09536000000001" lon="5.17114">
    <ele>34.67</ele>
   </trkpt>
   <trkpt lat="51.0953" lon="5.170990000000001">
    <ele>34.89</ele>
   </trkpt>
   <trkpt lat="51.0953" lon="5.17098">
    <ele>34.9</ele>
   </trkpt>
   <trkpt lat="51.09516000000001" lon="5.170590000000001">
    <ele>35.47</ele>
   </trkpt>
   <trkpt lat="51.09501" lon="5.16992">
    <ele>35.86</ele>
   </trkpt>
   <trkpt lat="51.094680000000004" lon="5.169250000000001">
    <ele>34.980000000000004</ele>
   </trkpt>
   <trkpt lat="51.09472" lon="5.16922">
    <ele>35.03000000000001</ele>
   </trkpt>
   <trkpt lat="51.09488" lon="5.168990000000001">
    <ele>35.02</ele>
   </trkpt>
   <trkpt lat="51.095130000000005" lon="5.16856">
    <ele>35.28000000000001</ele>
   </trkpt>
   <trkpt lat="51.09521" lon="5.168380000000001">
    <ele>35.45</ele>
   </trkpt>
   <trkpt lat="51.095240000000004" lon="5.168220000000001">
    <ele>35.45</ele>
   </trkpt>
   <trkpt lat="51.095490000000005" lon="5.16828">
    <ele>35.61</ele>
   </trkpt>
   <trkpt lat="51.0955" lon="5.16828">
    <ele>35.61</ele>
   </trkpt>
   <trkpt lat="51.09592000000001" lon="5.1683900000000005">
    <ele>35.77</ele>
   </trkpt>
   <trkpt lat="51.09593" lon="5.16823">
    <ele>35.77</ele>
   </trkpt>
   <trkpt lat="51.09591" lon="5.16812">
    <ele>35.77</ele>
   </trkpt>
   <trkpt lat="51.09548" lon="5.16697">
    <ele>36.14000000000001</ele>
   </trkpt>
   <trkpt lat="51.09548" lon="5.16696">
    <ele>36.14000000000001</ele>
   </trkpt>
   <trkpt lat="51.09512" lon="5.16603">
    <ele>36.82000000000001</ele>
   </trkpt>
   <trkpt lat="51.09467000409023" lon="5.165054990589273">
    <ele>36.230000000000004</ele>
   </trkpt>
   <trkpt lat="51.09422000000001" lon="5.16408">
    <ele>34.97</ele>
   </trkpt>
   <trkpt lat="51.093790000000006" lon="5.1629700000000005">
    <ele>35.4</ele>
   </trkpt>
   <trkpt lat="51.09402000000001" lon="5.16258">
    <ele>36.2</ele>
   </trkpt>
   <trkpt lat="51.094480000000004" lon="5.162030000000001">
    <ele>35.82000000000001</ele>
   </trkpt>
   <trkpt lat="51.09489000000001" lon="5.161460000000001">
    <ele>34.42000000000001</ele>
   </trkpt>
   <trkpt lat="51.095040000000004" lon="5.16127">
    <ele>33.84</ele>
   </trkpt>
   <trkpt lat="51.095270000000006" lon="5.16091">
    <ele>33.550000000000004</ele>
   </trkpt>
   <trkpt lat="51.0955" lon="5.1604600000000005">
    <ele>34.02</ele>
   </trkpt>
   <trkpt lat="51.096000000000004" lon="5.15941">
    <ele>33.690000000000005</ele>
   </trkpt>
   <trkpt lat="51.0957450038852" lon="5.158459994895405">
    <ele>32.760000000000005</ele>
   </trkpt>
   <trkpt lat="51.095490000000005" lon="5.15751">
    <ele>32.32</ele>
   </trkpt>
   <trkpt lat="51.0955" lon="5.157520000000001">
    <ele>32.32</ele>
   </trkpt>
   <trkpt lat="51.095255003471735" lon="5.156614995126029">
    <ele>32.14</ele>
   </trkpt>
   <trkpt lat="51.09501" lon="5.15571">
    <ele>33.330000000000005</ele>
   </trkpt>
   <trkpt lat="51.095000000000006" lon="5.155620000000001">
    <ele>33.93</ele>
   </trkpt>
   <trkpt lat="51.09503" lon="5.1555800000000005">
    <ele>33.93</ele>
   </trkpt>
   <trkpt lat="51.095470000000006" lon="5.15568">
    <ele>34.870000000000005</ele>
   </trkpt>
   <trkpt lat="51.09563000000001" lon="5.15566">
    <ele>34.93</ele>
   </trkpt>
   <trkpt lat="51.09633" lon="5.155500000000001">
    <ele>34.17</ele>
   </trkpt>
   <trkpt lat="51.097080000000005" lon="5.155320000000001">
    <ele>33.93</ele>
   </trkpt>
   <trkpt lat="51.09725" lon="5.15526">
    <ele>34.45</ele>
   </trkpt>
   <trkpt lat="51.097350000000006" lon="5.1551800000000005">
    <ele>34.510000000000005</ele>
   </trkpt>
   <trkpt lat="51.09743" lon="5.155080000000001">
    <ele>34.4</ele>
   </trkpt>
   <trkpt lat="51.09700500225479" lon="5.154329992851671">
    <ele>33.370000000000005</ele>
   </trkpt>
   <trkpt lat="51.09658" lon="5.153580000000001">
    <ele>33.25</ele>
   </trkpt>
   <trkpt lat="51.096210000000006" lon="5.1530000000000005">
    <ele>33.61</ele>
   </trkpt>
   <trkpt lat="51.0958750016896" lon="5.152359995253688">
    <ele>33.78</ele>
   </trkpt>
   <trkpt lat="51.09554000000001" lon="5.15172">
    <ele>34.190000000000005</ele>
   </trkpt>
   <trkpt lat="51.0950200034326" lon="5.150819989840824">
    <ele>34.56</ele>
   </trkpt>
   <trkpt lat="51.094500000000004" lon="5.149920000000001">
    <ele>34.82</ele>
   </trkpt>
   <trkpt lat="51.09400000315827" lon="5.149059990707732">
    <ele>34.910000000000004</ele>
   </trkpt>
   <trkpt lat="51.093500000000006" lon="5.1482">
    <ele>35.480000000000004</ele>
   </trkpt>
   <trkpt lat="51.093040002362876" lon="5.14746499278266">
    <ele>35.27</ele>
   </trkpt>
   <trkpt lat="51.092580000000005" lon="5.146730000000001">
    <ele>35.5</ele>
   </trkpt>
   <trkpt lat="51.09257" lon="5.14672">
    <ele>35.5</ele>
   </trkpt>
   <trkpt lat="51.092115002257984" lon="5.146004993087081">
    <ele>35.79</ele>
   </trkpt>
   <trkpt lat="51.091660000000005" lon="5.14529">
    <ele>35.800000000000004</ele>
   </trkpt>
   <trkpt lat="51.09151000000001" lon="5.14536">
    <ele>36.0</ele>
   </trkpt>
   <trkpt lat="51.09129" lon="5.1454">
    <ele>36.31</ele>
   </trkpt>
   <trkpt lat="51.09118" lon="5.145370000000001">
    <ele>36.65</ele>
   </trkpt>
   <trkpt lat="51.090970000000006" lon="5.145230000000001">
    <ele>37.32000000000001</ele>
   </trkpt>
   <trkpt lat="51.090860000000006" lon="5.145110000000001">
    <ele>37.7</ele>
   </trkpt>
   <trkpt lat="51.09069" lon="5.144780000000001">
    <ele>38.690000000000005</ele>
   </trkpt>
   <trkpt lat="51.09035000318326" lon="5.143909993488871">
    <ele>39.03</ele>
   </trkpt>
   <trkpt lat="51.09001000000001" lon="5.14304">
    <ele>37.64</ele>
   </trkpt>
   <trkpt lat="51.08993" lon="5.14276">
    <ele>37.290000000000006</ele>
   </trkpt>
   <trkpt lat="51.08986" lon="5.1421">
    <ele>36.31</ele>
   </trkpt>
   <trkpt lat="51.08982" lon="5.14207">
    <ele>36.31</ele>
   </trkpt>
   <trkpt lat="51.089360000000006" lon="5.1412">
    <ele>36.04</ele>
   </trkpt>
   <trkpt lat="51.08906500154185" lon="5.140599996185971">
    <ele>35.93</ele>
   </trkpt>
   <trkpt lat="51.088770000000004" lon="5.140000000000001">
    <ele>35.74</ele>
   </trkpt>
   <trkpt lat="51.08829000353275" lon="5.139089990557377">
    <ele>34.730000000000004</ele>
   </trkpt>
   <trkpt lat="51.087810000000005" lon="5.13818">
    <ele>34.440000000000005</ele>
   </trkpt>
   <trkpt lat="51.0876" lon="5.1378200000000005">
    <ele>34.09</ele>
   </trkpt>
   <trkpt lat="51.08744" lon="5.1378">
    <ele>28.970000000000002</ele>
   </trkpt>
   <trkpt lat="51.08737000000001" lon="5.1378200000000005">
    <ele>28.51</ele>
   </trkpt>
   <trkpt lat="51.087360000000004" lon="5.13785">
    <ele>28.51</ele>
   </trkpt>
   <trkpt lat="51.087480000000006" lon="5.13762">
    <ele>33.89</ele>
   </trkpt>
   <trkpt lat="51.08696201426137" lon="5.136705959071323">
    <ele>32.75</ele>
   </trkpt>
   <trkpt lat="51.08644402139599" lon="5.135791938615006">
    <ele>32.080000000000005</ele>
   </trkpt>
   <trkpt lat="51.08592602140416" lon="5.134877938630496">
    <ele>31.360000000000007</ele>
   </trkpt>
   <trkpt lat="51.085408014286166" lon="5.133963959117237">
    <ele>30.490000000000002</ele>
   </trkpt>
   <trkpt lat="51.08489" lon="5.133050000000001">
    <ele>30.930000000000003</ele>
   </trkpt>
   <trkpt lat="51.084860000000006" lon="5.132960000000001">
    <ele>30.860000000000003</ele>
   </trkpt>
   <trkpt lat="51.08493000000001" lon="5.13283">
    <ele>30.78</ele>
   </trkpt>
   <trkpt lat="51.08494" lon="5.13276">
    <ele>30.78</ele>
   </trkpt>
   <trkpt lat="51.08464000000001" lon="5.132210000000001">
    <ele>30.27</ele>
   </trkpt>
   <trkpt lat="51.08458" lon="5.1319300000000005">
    <ele>30.27</ele>
   </trkpt>
   <trkpt lat="51.08409" lon="5.1311100000000005">
    <ele>29.85</ele>
   </trkpt>
   <trkpt lat="51.08377" lon="5.1307">
    <ele>29.800000000000004</ele>
   </trkpt>
   <trkpt lat="51.083270000000006" lon="5.12978">
    <ele>29.580000000000002</ele>
   </trkpt>
   <trkpt lat="51.082752259209926" lon="5.128738795668572">
    <ele>29.25</ele>
   </trkpt>
   <trkpt lat="51.082234509171876" lon="5.12769761464318">
    <ele>29.060000000000002</ele>
   </trkpt>
   <trkpt lat="51.081716749886276" lon="5.12665645692329">
    <ele>28.770000000000003</ele>
   </trkpt>
   <trkpt lat="51.08119898135346" lon="5.1256153225083665">
    <ele>28.48</ele>
   </trkpt>
   <trkpt lat="51.08068120357383" lon="5.124574211397869">
    <ele>28.12</ele>
   </trkpt>
   <trkpt lat="51.080163416547784" lon="5.123533123591266">
    <ele>27.22</ele>
   </trkpt>
   <trkpt lat="51.079645620275656" lon="5.12249205908802">
    <ele>26.47</ele>
   </trkpt>
   <trkpt lat="51.07912781475786" lon="5.121451017887591">
    <ele>25.740000000000002</ele>
   </trkpt>
   <trkpt lat="51.078610000000005" lon="5.120410000000001">
    <ele>25.560000000000002</ele>
   </trkpt>
   <trkpt lat="51.07826000000001" lon="5.11972">
    <ele>25.84</ele>
   </trkpt>
   <trkpt lat="51.078230000000005" lon="5.119610000000001">
    <ele>25.84</ele>
   </trkpt>
   <trkpt lat="51.07826000000001" lon="5.11934">
    <ele>25.800000000000004</ele>
   </trkpt>
   <trkpt lat="51.078070000000004" lon="5.11922">
    <ele>25.52</ele>
   </trkpt>
   <trkpt lat="51.07799000000001" lon="5.11913">
    <ele>25.45</ele>
   </trkpt>
   <trkpt lat="51.0778" lon="5.1188">
    <ele>24.59</ele>
   </trkpt>
   <trkpt lat="51.07732835251586" lon="5.117851618333938">
    <ele>24.09</ele>
   </trkpt>
   <trkpt lat="51.07685669735886" lon="5.116903256002547">
    <ele>23.590000000000003</ele>
   </trkpt>
   <trkpt lat="51.07638503452927" lon="5.115954913005417">
    <ele>23.46</ele>
   </trkpt>
   <trkpt lat="51.07591336402736" lon="5.115006589342149">
    <ele>23.4</ele>
   </trkpt>
   <trkpt lat="51.07544168585343" lon="5.11405828501233">
    <ele>23.39</ele>
   </trkpt>
   <trkpt lat="51.07497000000001" lon="5.113110000000001">
    <ele>23.73</ele>
   </trkpt>
   <trkpt lat="51.07461000000001" lon="5.112380000000001">
    <ele>23.470000000000002</ele>
   </trkpt>
   <trkpt lat="51.074060010188056" lon="5.111286640657055">
    <ele>23.1</ele>
   </trkpt>
   <trkpt lat="51.07351001017784" lon="5.110193307303897">
    <ele>23.07</ele>
   </trkpt>
   <trkpt lat="51.07296" lon="5.109100000000001">
    <ele>23.200000000000003</ele>
   </trkpt>
   <trkpt lat="51.07271" lon="5.10862">
    <ele>23.22</ele>
   </trkpt>
   <trkpt lat="51.0724" lon="5.1080700000000006">
    <ele>23.180000000000003</ele>
   </trkpt>
   <trkpt lat="51.07202" lon="5.10749">
    <ele>23.180000000000003</ele>
   </trkpt>
   <trkpt lat="51.07155500182082" lon="5.1068449935832305">
    <ele>23.1</ele>
   </trkpt>
   <trkpt lat="51.071090000000005" lon="5.1062">
    <ele>23.040000000000003</ele>
   </trkpt>
   <trkpt lat="51.07063" lon="5.10568">
    <ele>23.26</ele>
   </trkpt>
   <trkpt lat="51.07029000000001" lon="5.10536">
    <ele>23.31</ele>
   </trkpt>
   <trkpt lat="51.069660000000006" lon="5.104850000000001">
    <ele>24.0</ele>
   </trkpt>
   <trkpt lat="51.06927" lon="5.104570000000001">
    <ele>24.19</ele>
   </trkpt>
   <trkpt lat="51.06931" lon="5.1044">
    <ele>24.12</ele>
   </trkpt>
   <trkpt lat="51.069250000000004" lon="5.103540000000001">
    <ele>23.8</ele>
   </trkpt>
   <trkpt lat="51.069225004972246" lon="5.10245999927166">
    <ele>24.130000000000003</ele>
   </trkpt>
   <trkpt lat="51.0692" lon="5.101380000000001">
    <ele>24.020000000000003</ele>
   </trkpt>
   <trkpt lat="51.069250000000004" lon="5.100700000000001">
    <ele>23.880000000000003</ele>
   </trkpt>
   <trkpt lat="51.06938" lon="5.09999">
    <ele>23.57</ele>
   </trkpt>
   <trkpt lat="51.069570000000006" lon="5.09898">
    <ele>23.46</ele>
   </trkpt>
   <trkpt lat="51.06978" lon="5.0978">
    <ele>23.24</ele>
   </trkpt>
   <trkpt lat="51.06988500253291" lon="5.097030001719377">
    <ele>23.090000000000003</ele>
   </trkpt>
   <trkpt lat="51.069990000000004" lon="5.09626">
    <ele>23.05</ele>
   </trkpt>
   <trkpt lat="51.07007" lon="5.09588">
    <ele>23.06</ele>
   </trkpt>
   <trkpt lat="51.07011000000001" lon="5.09576">
    <ele>23.06</ele>
   </trkpt>
   <trkpt lat="51.07018000000001" lon="5.0956600000000005">
    <ele>23.020000000000003</ele>
   </trkpt>
   <trkpt lat="51.07014" lon="5.09534">
    <ele>22.89</ele>
   </trkpt>
   <trkpt lat="51.070150000000005" lon="5.09499">
    <ele>22.830000000000002</ele>
   </trkpt>
   <trkpt lat="51.070220000000006" lon="5.09417">
    <ele>22.67</ele>
   </trkpt>
   <trkpt lat="51.070190000000004" lon="5.0938300000000005">
    <ele>22.8</ele>
   </trkpt>
   <trkpt lat="51.07009000000001" lon="5.093430000000001">
    <ele>22.820000000000004</ele>
   </trkpt>
   <trkpt lat="51.06978" lon="5.092350000000001">
    <ele>23.000000000000004</ele>
   </trkpt>
   <trkpt lat="51.069750000000006" lon="5.092160000000001">
    <ele>23.000000000000004</ele>
   </trkpt>
   <trkpt lat="51.06965" lon="5.090870000000001">
    <ele>22.98</ele>
   </trkpt>
   <trkpt lat="51.069630000000004" lon="5.09077">
    <ele>22.98</ele>
   </trkpt>
   <trkpt lat="51.069630000000004" lon="5.08987">
    <ele>22.88</ele>
   </trkpt>
   <trkpt lat="51.069720000000004" lon="5.089110000000001">
    <ele>23.06</ele>
   </trkpt>
   <trkpt lat="51.06982000000001" lon="5.08847">
    <ele>23.06</ele>
   </trkpt>
   <trkpt lat="51.06998" lon="5.08732">
    <ele>22.740000000000002</ele>
   </trkpt>
   <trkpt lat="51.070130000000006" lon="5.086830000000001">
    <ele>22.7</ele>
   </trkpt>
   <trkpt lat="51.0703" lon="5.08645">
    <ele>22.73</ele>
   </trkpt>
   <trkpt lat="51.07047000000001" lon="5.08617">
    <ele>22.73</ele>
   </trkpt>
   <trkpt lat="51.070640000000004" lon="5.08595">
    <ele>22.500000000000004</ele>
   </trkpt>
   <trkpt lat="51.07112666932815" lon="5.085393345020585">
    <ele>22.38</ele>
   </trkpt>
   <trkpt lat="51.07161333601267" lon="5.084836678333667">
    <ele>22.39</ele>
   </trkpt>
   <trkpt lat="51.072100000000006" lon="5.084280000000001">
    <ele>22.430000000000003</ele>
   </trkpt>
   <trkpt lat="51.07158430710756" lon="5.083365653152285">
    <ele>21.79</ele>
   </trkpt>
   <trkpt lat="51.071068607082786" lon="5.082451326681942">
    <ele>22.21</ele>
   </trkpt>
   <trkpt lat="51.07055289992597" lon="5.081537020588424">
    <ele>22.990000000000002</ele>
   </trkpt>
   <trkpt lat="51.07003718563738" lon="5.080622734871182">
    <ele>22.950000000000003</ele>
   </trkpt>
   <trkpt lat="51.06952146421734" lon="5.0797084695296695">
    <ele>22.54</ele>
   </trkpt>
   <trkpt lat="51.06900573566611" lon="5.078794224563339">
    <ele>22.820000000000004</ele>
   </trkpt>
   <trkpt lat="51.068490000000004" lon="5.07788">
    <ele>23.12</ele>
   </trkpt>
   <trkpt lat="51.06828" lon="5.077660000000001">
    <ele>23.080000000000002</ele>
   </trkpt>
   <trkpt lat="51.068110000000004" lon="5.0775500000000005">
    <ele>23.080000000000002</ele>
   </trkpt>
   <trkpt lat="51.06796000000001" lon="5.07749">
    <ele>23.13</ele>
   </trkpt>
   <trkpt lat="51.06781" lon="5.07746">
    <ele>23.200000000000003</ele>
   </trkpt>
   <trkpt lat="51.067690000000006" lon="5.077470000000001">
    <ele>23.3</ele>
   </trkpt>
   <trkpt lat="51.06747000000001" lon="5.07753">
    <ele>23.430000000000003</ele>
   </trkpt>
   <trkpt lat="51.0671" lon="5.07772">
    <ele>23.98</ele>
   </trkpt>
   <trkpt lat="51.06702000000001" lon="5.07772">
    <ele>23.98</ele>
   </trkpt>
   <trkpt lat="51.06698" lon="5.0776900000000005">
    <ele>23.94</ele>
   </trkpt>
   <trkpt lat="51.066950000000006" lon="5.07763">
    <ele>23.94</ele>
   </trkpt>
   <trkpt lat="51.066860000000005" lon="5.077120000000001">
    <ele>23.76</ele>
   </trkpt>
   <trkpt lat="51.066700000000004" lon="5.07645">
    <ele>23.89</ele>
   </trkpt>
   <trkpt lat="51.066460000000006" lon="5.0758">
    <ele>24.080000000000002</ele>
   </trkpt>
   <trkpt lat="51.06605500294173" lon="5.074979992973861">
    <ele>24.290000000000003</ele>
   </trkpt>
   <trkpt lat="51.065650000000005" lon="5.07416">
    <ele>25.14</ele>
   </trkpt>
   <trkpt lat="51.06555" lon="5.07425">
    <ele>25.07</ele>
   </trkpt>
   <trkpt lat="51.06508500036875" lon="5.074470002133233">
    <ele>25.61</ele>
   </trkpt>
   <trkpt lat="51.064620000000005" lon="5.07469">
    <ele>26.520000000000003</ele>
   </trkpt>
   <trkpt lat="51.06439" lon="5.07476">
    <ele>27.540000000000003</ele>
   </trkpt>
   <trkpt lat="51.063884999861735" lon="5.074775000167771">
    <ele>28.98</ele>
   </trkpt>
   <trkpt lat="51.06338" lon="5.07479">
    <ele>31.05</ele>
   </trkpt>
   <trkpt lat="51.06266" lon="5.07498">
    <ele>33.830000000000005</ele>
   </trkpt>
   <trkpt lat="51.061995000119445" lon="5.0751700027391315">
    <ele>36.44</ele>
   </trkpt>
   <trkpt lat="51.061330000000005" lon="5.075360000000001">
    <ele>38.8</ele>
   </trkpt>
   <trkpt lat="51.061110000000006" lon="5.075360000000001">
    <ele>39.66</ele>
   </trkpt>
   <trkpt lat="51.06042000000001" lon="5.07512">
    <ele>40.28</ele>
   </trkpt>
   <trkpt lat="51.06035000000001" lon="5.0751100000000005">
    <ele>40.31</ele>
   </trkpt>
   <trkpt lat="51.06027" lon="5.07514">
    <ele>40.31</ele>
   </trkpt>
   <trkpt lat="51.059990000000006" lon="5.07542">
    <ele>40.53</ele>
   </trkpt>
   <trkpt lat="51.0603550035798" lon="5.076334992806751">
    <ele>40.64</ele>
   </trkpt>
   <trkpt lat="51.06072" lon="5.07725">
    <ele>41.07</ele>
   </trkpt>
   <trkpt lat="51.06056" lon="5.07728">
    <ele>40.870000000000005</ele>
   </trkpt>
   <trkpt lat="51.0598200001502" lon="5.077159996168444">
    <ele>38.650000000000006</ele>
   </trkpt>
   <trkpt lat="51.059080000177495" lon="5.077039996172948">
    <ele>38.17</ele>
   </trkpt>
   <trkpt lat="51.05834" lon="5.07692">
    <ele>38.970000000000006</ele>
   </trkpt>
   <trkpt lat="51.058130000000006" lon="5.07685">
    <ele>38.970000000000006</ele>
   </trkpt>
   <trkpt lat="51.057495000147334" lon="5.076724998301593">
    <ele>38.86000000000001</ele>
   </trkpt>
   <trkpt lat="51.05686000000001" lon="5.0766">
    <ele>38.71</ele>
   </trkpt>
   <trkpt lat="51.05669" lon="5.0766100000000005">
    <ele>38.760000000000005</ele>
   </trkpt>
   <trkpt lat="51.05653" lon="5.07666">
    <ele>38.760000000000005</ele>
   </trkpt>
   <trkpt lat="51.056380000000004" lon="5.07674">
    <ele>38.760000000000005</ele>
   </trkpt>
   <trkpt lat="51.05613" lon="5.07695">
    <ele>38.93000000000001</ele>
   </trkpt>
   <trkpt lat="51.055930000000004" lon="5.077240000000001">
    <ele>38.96</ele>
   </trkpt>
   <trkpt lat="51.055640000000004" lon="5.077870000000001">
    <ele>39.27</ele>
   </trkpt>
   <trkpt lat="51.055460000000004" lon="5.07812">
    <ele>39.81</ele>
   </trkpt>
   <trkpt lat="51.05527000000001" lon="5.07831">
    <ele>39.870000000000005</ele>
   </trkpt>
   <trkpt lat="51.05512" lon="5.0784">
    <ele>40.2</ele>
   </trkpt>
   <trkpt lat="51.05491000000001" lon="5.07849">
    <ele>40.49</ele>
   </trkpt>
   <trkpt lat="51.05481" lon="5.0785100000000005">
    <ele>40.550000000000004</ele>
   </trkpt>
   <trkpt lat="51.054570000000005" lon="5.0785">
    <ele>40.43</ele>
   </trkpt>
   <trkpt lat="51.053915000063334" lon="5.0783549979432205">
    <ele>38.96</ele>
   </trkpt>
   <trkpt lat="51.05326" lon="5.07821">
    <ele>38.49</ele>
   </trkpt>
   <trkpt lat="51.053140000000006" lon="5.0782300000000005">
    <ele>38.580000000000005</ele>
   </trkpt>
   <trkpt lat="51.053376673786865" lon="5.079143324007707">
    <ele>38.84</ele>
   </trkpt>
   <trkpt lat="51.0536133404561" lon="5.080056657350885">
    <ele>39.68</ele>
   </trkpt>
   <trkpt lat="51.053850000000004" lon="5.080970000000001">
    <ele>41.510000000000005</ele>
   </trkpt>
   <trkpt lat="51.05371" lon="5.08098">
    <ele>41.31</ele>
   </trkpt>
   <trkpt lat="51.05355001187826" lon="5.08216000817219">
    <ele>39.900000000000006</ele>
   </trkpt>
   <trkpt lat="51.053390011875734" lon="5.083340008190664">
    <ele>38.900000000000006</ele>
   </trkpt>
   <trkpt lat="51.053230000000006" lon="5.08452">
    <ele>36.86000000000001</ele>
   </trkpt>
   <trkpt lat="51.05311000424242" lon="5.0855150024233735">
    <ele>35.02</ele>
   </trkpt>
   <trkpt lat="51.05299" lon="5.0865100000000005">
    <ele>33.1</ele>
   </trkpt>
  </trkseg>
 </trk>
</gpx>
