<?xml version="1.0" encoding="UTF-8"?>
<gpx creator="StravaGPX" version="1.1" xmlns="http://www.topografix.com/GPX/1/1" xmlns:xsi="http://www.w3.org/2001/XMLSchema-instance" xsi:schemaLocation="http://www.topografix.com/GPX/1/1 http://www.topografix.com/GPX/1/1/gpx.xsd">
 <metadata>
  <name>Twan - Huy</name>
  <author>
   <name>Joeri Scapicchio</name>
   <link href="https://www.strava.com/athletes/2447439"/>
  </author>
  <copyright author="OpenStreetMap contributors">
   <year>2020</year>
   <license>https://www.openstreetmap.org/copyright</license>
  </copyright>
  <link href="https://www.strava.com/routes/3235276137155897510"/>
 </metadata>
 <trk>
  <name>Twan - Huy</name>
  <link href="https://www.strava.com/routes/3235276137155897510"/>
  <type>cycling</type>
  <trkseg>
   <trkpt lat="51.06967" lon="5.08948">
    <ele>23.01</ele>
   </trkpt>
   <trkpt lat="51.069720000000004" lon="5.089110000000001">
    <ele>23.06</ele>
   </trkpt>
   <trkpt lat="51.06982000000001" lon="5.08847">
    <ele>23.06</ele>
   </trkpt>
   <trkpt lat="51.06998" lon="5.08732">
    <ele>22.740000000000002</ele>
   </trkpt>
   <trkpt lat="51.070130000000006" lon="5.086830000000001">
    <ele>22.7</ele>
   </trkpt>
   <trkpt lat="51.0703" lon="5.08645">
    <ele>22.73</ele>
   </trkpt>
   <trkpt lat="51.07047000000001" lon="5.08617">
    <ele>22.63</ele>
   </trkpt>
   <trkpt lat="51.07043" lon="5.0861">
    <ele>22.55</ele>
   </trkpt>
   <trkpt lat="51.0703" lon="5.08612">
    <ele>22.62</ele>
   </trkpt>
   <trkpt lat="51.070150000000005" lon="5.08605">
    <ele>22.72</ele>
   </trkpt>
   <trkpt lat="51.070060000000005" lon="5.086080000000001">
    <ele>22.85</ele>
   </trkpt>
   <trkpt lat="51.06998" lon="5.08605">
    <ele>22.85</ele>
   </trkpt>
   <trkpt lat="51.069880000000005" lon="5.086040000000001">
    <ele>22.930000000000003</ele>
   </trkpt>
   <trkpt lat="51.06930000010838" lon="5.08608500055619">
    <ele>23.590000000000003</ele>
   </trkpt>
   <trkpt lat="51.068720000000006" lon="5.086130000000001">
    <ele>24.12</ele>
   </trkpt>
   <trkpt lat="51.06852000000001" lon="5.086110000000001">
    <ele>24.46</ele>
   </trkpt>
   <trkpt lat="51.06851" lon="5.086110000000001">
    <ele>24.46</ele>
   </trkpt>
   <trkpt lat="51.068130000000004" lon="5.086040000000001">
    <ele>25.200000000000003</ele>
   </trkpt>
   <trkpt lat="51.06727000000001" lon="5.085870000000001">
    <ele>26.750000000000004</ele>
   </trkpt>
   <trkpt lat="51.06712" lon="5.08593">
    <ele>26.6</ele>
   </trkpt>
   <trkpt lat="51.06696" lon="5.08605">
    <ele>26.580000000000002</ele>
   </trkpt>
   <trkpt lat="51.066500000000005" lon="5.08624">
    <ele>26.950000000000003</ele>
   </trkpt>
   <trkpt lat="51.06627" lon="5.086270000000001">
    <ele>27.13</ele>
   </trkpt>
   <trkpt lat="51.066030000000005" lon="5.08636">
    <ele>27.46</ele>
   </trkpt>
   <trkpt lat="51.06533" lon="5.0869">
    <ele>26.81</ele>
   </trkpt>
   <trkpt lat="51.065090000000005" lon="5.08701">
    <ele>26.840000000000003</ele>
   </trkpt>
   <trkpt lat="51.064980000000006" lon="5.08701">
    <ele>26.92</ele>
   </trkpt>
   <trkpt lat="51.06465000000001" lon="5.08713">
    <ele>27.090000000000003</ele>
   </trkpt>
   <trkpt lat="51.06456000000001" lon="5.08718">
    <ele>27.51</ele>
   </trkpt>
   <trkpt lat="51.06454" lon="5.0872">
    <ele>27.51</ele>
   </trkpt>
   <trkpt lat="51.06458000000001" lon="5.08731">
    <ele>27.51</ele>
   </trkpt>
   <trkpt lat="51.06468" lon="5.088220000000001">
    <ele>27.14</ele>
   </trkpt>
   <trkpt lat="51.064640000000004" lon="5.088240000000001">
    <ele>27.14</ele>
   </trkpt>
   <trkpt lat="51.06459" lon="5.08832">
    <ele>27.4</ele>
   </trkpt>
   <trkpt lat="51.06459" lon="5.0884">
    <ele>27.4</ele>
   </trkpt>
   <trkpt lat="51.064280000000004" lon="5.088500000000001">
    <ele>27.67</ele>
   </trkpt>
   <trkpt lat="51.0637650000352" lon="5.08863000145558">
    <ele>28.35</ele>
   </trkpt>
   <trkpt lat="51.063250000000004" lon="5.088760000000001">
    <ele>29.740000000000002</ele>
   </trkpt>
   <trkpt lat="51.06269" lon="5.08886">
    <ele>30.980000000000004</ele>
   </trkpt>
   <trkpt lat="51.06215" lon="5.08891">
    <ele>32.93</ele>
   </trkpt>
   <trkpt lat="51.06147333330364" lon="5.088953334603">
    <ele>35.07</ele>
   </trkpt>
   <trkpt lat="51.06079666659124" lon="5.088996667939238">
    <ele>37.22</ele>
   </trkpt>
   <trkpt lat="51.060120000000005" lon="5.089040000000001">
    <ele>38.17</ele>
   </trkpt>
   <trkpt lat="51.059830000000005" lon="5.0890200000000005">
    <ele>38.330000000000005</ele>
   </trkpt>
   <trkpt lat="51.05906" lon="5.089040000000001">
    <ele>38.35</ele>
   </trkpt>
   <trkpt lat="51.05883000000001" lon="5.089090000000001">
    <ele>38.17</ele>
   </trkpt>
   <trkpt lat="51.05807" lon="5.08907">
    <ele>37.78</ele>
   </trkpt>
   <trkpt lat="51.057460000000006" lon="5.088970000000001">
    <ele>37.49</ele>
   </trkpt>
   <trkpt lat="51.05702" lon="5.0889500000000005">
    <ele>37.49</ele>
   </trkpt>
   <trkpt lat="51.05673" lon="5.088900000000001">
    <ele>37.49</ele>
   </trkpt>
   <trkpt lat="51.056360000000005" lon="5.0888100000000005">
    <ele>37.410000000000004</ele>
   </trkpt>
   <trkpt lat="51.055870000093215" lon="5.088659998411839">
    <ele>37.34</ele>
   </trkpt>
   <trkpt lat="51.05538000000001" lon="5.08851">
    <ele>36.94</ele>
   </trkpt>
   <trkpt lat="51.05509000000001" lon="5.08846">
    <ele>36.54</ele>
   </trkpt>
   <trkpt lat="51.05430500068376" lon="5.088232488436561">
    <ele>35.11</ele>
   </trkpt>
   <trkpt lat="51.05352000092588" lon="5.088004984586516">
    <ele>32.879999999999995</ele>
   </trkpt>
   <trkpt lat="51.05273500072637" lon="5.087777488449391">
    <ele>31.290000000000006</ele>
   </trkpt>
   <trkpt lat="51.051950000000005" lon="5.08755">
    <ele>30.240000000000002</ele>
   </trkpt>
   <trkpt lat="51.05191000000001" lon="5.0875200000000005">
    <ele>30.240000000000002</ele>
   </trkpt>
   <trkpt lat="51.051840000000006" lon="5.08751">
    <ele>29.93</ele>
   </trkpt>
   <trkpt lat="51.051730000000006" lon="5.08757">
    <ele>30.060000000000002</ele>
   </trkpt>
   <trkpt lat="51.05167" lon="5.087540000000001">
    <ele>29.910000000000004</ele>
   </trkpt>
   <trkpt lat="51.05163" lon="5.08755">
    <ele>29.910000000000004</ele>
   </trkpt>
   <trkpt lat="51.051520000000004" lon="5.08748">
    <ele>29.5</ele>
   </trkpt>
   <trkpt lat="51.05144000000001" lon="5.087490000000001">
    <ele>29.5</ele>
   </trkpt>
   <trkpt lat="51.05118" lon="5.087420000000001">
    <ele>29.130000000000003</ele>
   </trkpt>
   <trkpt lat="51.05084" lon="5.0873800000000005">
    <ele>28.8</ele>
   </trkpt>
   <trkpt lat="51.050810000000006" lon="5.087540000000001">
    <ele>28.75</ele>
   </trkpt>
   <trkpt lat="51.05078" lon="5.08764">
    <ele>28.610000000000003</ele>
   </trkpt>
   <trkpt lat="51.050700000000006" lon="5.0877300000000005">
    <ele>28.610000000000003</ele>
   </trkpt>
   <trkpt lat="51.05008400797403" lon="5.088414036401089">
    <ele>27.91</ele>
   </trkpt>
   <trkpt lat="51.04946801195565" lon="5.089098054606658">
    <ele>27.26</ele>
   </trkpt>
   <trkpt lat="51.048852011945" lon="5.089782054617474">
    <ele>26.590000000000003</ele>
   </trkpt>
   <trkpt lat="51.048236007942364" lon="5.090466036434303">
    <ele>26.400000000000002</ele>
   </trkpt>
   <trkpt lat="51.04762" lon="5.091150000000001">
    <ele>26.46</ele>
   </trkpt>
   <trkpt lat="51.04692000153768" lon="5.091760009262043">
    <ele>26.2</ele>
   </trkpt>
   <trkpt lat="51.046220000000005" lon="5.092370000000001">
    <ele>25.78</ele>
   </trkpt>
   <trkpt lat="51.04571000000001" lon="5.09274">
    <ele>25.43</ele>
   </trkpt>
   <trkpt lat="51.04515500032869" lon="5.093085004244873">
    <ele>25.210000000000004</ele>
   </trkpt>
   <trkpt lat="51.0446" lon="5.093430000000001">
    <ele>24.900000000000002</ele>
   </trkpt>
   <trkpt lat="51.04383666754638" lon="5.093763344348441">
    <ele>23.970000000000002</ele>
   </trkpt>
   <trkpt lat="51.0430733341446" lon="5.094096677711438">
    <ele>24.43</ele>
   </trkpt>
   <trkpt lat="51.04231000000001" lon="5.09443">
    <ele>25.150000000000002</ele>
   </trkpt>
   <trkpt lat="51.04211" lon="5.09447">
    <ele>25.150000000000002</ele>
   </trkpt>
   <trkpt lat="51.041650000000004" lon="5.0944400000000005">
    <ele>25.400000000000002</ele>
   </trkpt>
   <trkpt lat="51.04144" lon="5.09449">
    <ele>25.400000000000002</ele>
   </trkpt>
   <trkpt lat="51.04122" lon="5.09464">
    <ele>25.640000000000004</ele>
   </trkpt>
   <trkpt lat="51.04059333665023" lon="5.095260016736112">
    <ele>26.230000000000004</ele>
   </trkpt>
   <trkpt lat="51.039966670020135" lon="5.095880016699626">
    <ele>27.500000000000004</ele>
   </trkpt>
   <trkpt lat="51.03934" lon="5.096500000000001">
    <ele>29.53</ele>
   </trkpt>
   <trkpt lat="51.03923" lon="5.096590000000001">
    <ele>29.960000000000004</ele>
   </trkpt>
   <trkpt lat="51.03876000007784" lon="5.096810002291894">
    <ele>30.810000000000002</ele>
   </trkpt>
   <trkpt lat="51.03829" lon="5.09703">
    <ele>33.39</ele>
   </trkpt>
   <trkpt lat="51.038000000000004" lon="5.09726">
    <ele>33.440000000000005</ele>
   </trkpt>
   <trkpt lat="51.03786" lon="5.09745">
    <ele>34.15</ele>
   </trkpt>
   <trkpt lat="51.0377" lon="5.097580000000001">
    <ele>34.72</ele>
   </trkpt>
   <trkpt lat="51.03748" lon="5.097650000000001">
    <ele>35.64000000000001</ele>
   </trkpt>
   <trkpt lat="51.03728" lon="5.097650000000001">
    <ele>35.64000000000001</ele>
   </trkpt>
   <trkpt lat="51.0367799999981" lon="5.097614999621828">
    <ele>37.24</ele>
   </trkpt>
   <trkpt lat="51.036280000000005" lon="5.097580000000001">
    <ele>38.89</ele>
   </trkpt>
   <trkpt lat="51.036150000000006" lon="5.097580000000001">
    <ele>39.089999999999996</ele>
   </trkpt>
   <trkpt lat="51.03604000000001" lon="5.097600000000001">
    <ele>39.27</ele>
   </trkpt>
   <trkpt lat="51.03595000000001" lon="5.09764">
    <ele>39.370000000000005</ele>
   </trkpt>
   <trkpt lat="51.03513" lon="5.09815">
    <ele>39.03</ele>
   </trkpt>
   <trkpt lat="51.034467502100405" lon="5.098557517492834">
    <ele>37.61000000000001</ele>
   </trkpt>
   <trkpt lat="51.03380500278366" lon="5.098965023333748">
    <ele>34.21</ele>
   </trkpt>
   <trkpt lat="51.033142502049806" lon="5.09937251752333">
    <ele>29.490000000000002</ele>
   </trkpt>
   <trkpt lat="51.03248000000001" lon="5.09978">
    <ele>26.230000000000004</ele>
   </trkpt>
   <trkpt lat="51.03238" lon="5.0998600000000005">
    <ele>26.230000000000004</ele>
   </trkpt>
   <trkpt lat="51.032180000000004" lon="5.100090000000001">
    <ele>25.740000000000002</ele>
   </trkpt>
   <trkpt lat="51.031560000000006" lon="5.10088">
    <ele>23.57</ele>
   </trkpt>
   <trkpt lat="51.03134000000001" lon="5.10109">
    <ele>23.810000000000002</ele>
   </trkpt>
   <trkpt lat="51.03123" lon="5.1012200000000005">
    <ele>23.610000000000003</ele>
   </trkpt>
   <trkpt lat="51.031130000000005" lon="5.101360000000001">
    <ele>23.360000000000003</ele>
   </trkpt>
   <trkpt lat="51.03096000000001" lon="5.10163">
    <ele>23.040000000000003</ele>
   </trkpt>
   <trkpt lat="51.0302950264558" lon="5.102460107180688">
    <ele>22.96</ele>
   </trkpt>
   <trkpt lat="51.02963004703117" lon="5.103290190541365">
    <ele>22.98</ele>
   </trkpt>
   <trkpt lat="51.02896506172638" lon="5.10412025008307">
    <ele>22.94</ele>
   </trkpt>
   <trkpt lat="51.028300070541796" lon="5.104950285806838">
    <ele>22.910000000000004</ele>
   </trkpt>
   <trkpt lat="51.02763507347768" lon="5.105780297713713">
    <ele>22.94</ele>
   </trkpt>
   <trkpt lat="51.02697007053437" lon="5.106610285804727">
    <ele>23.06</ele>
   </trkpt>
   <trkpt lat="51.02630506171215" lon="5.107440250080923">
    <ele>22.950000000000003</ele>
   </trkpt>
   <trkpt lat="51.025640047011336" lon="5.108270190543335">
    <ele>23.03</ele>
   </trkpt>
   <trkpt lat="51.02497502643226" lon="5.109100107193004">
    <ele>23.180000000000003</ele>
   </trkpt>
   <trkpt lat="51.02431000000001" lon="5.10993">
    <ele>23.160000000000004</ele>
   </trkpt>
   <trkpt lat="51.02383500144064" lon="5.110525006184371">
    <ele>23.23</ele>
   </trkpt>
   <trkpt lat="51.023360000000004" lon="5.1111200000000006">
    <ele>23.360000000000003</ele>
   </trkpt>
   <trkpt lat="51.02318" lon="5.11139">
    <ele>23.31</ele>
   </trkpt>
   <trkpt lat="51.02252000000001" lon="5.11221">
    <ele>23.860000000000003</ele>
   </trkpt>
   <trkpt lat="51.02241" lon="5.112310000000001">
    <ele>24.180000000000003</ele>
   </trkpt>
   <trkpt lat="51.02223000000001" lon="5.112520000000001">
    <ele>24.37</ele>
   </trkpt>
   <trkpt lat="51.022180000000006" lon="5.112360000000001">
    <ele>23.990000000000002</ele>
   </trkpt>
   <trkpt lat="51.022200000000005" lon="5.111140000000001">
    <ele>24.26</ele>
   </trkpt>
   <trkpt lat="51.022180000000006" lon="5.112360000000001">
    <ele>24.19</ele>
   </trkpt>
   <trkpt lat="51.022200000000005" lon="5.111140000000001">
    <ele>24.26</ele>
   </trkpt>
   <trkpt lat="51.02223000000001" lon="5.11082">
    <ele>24.14</ele>
   </trkpt>
   <trkpt lat="51.02235" lon="5.110410000000001">
    <ele>23.770000000000003</ele>
   </trkpt>
   <trkpt lat="51.02237" lon="5.110270000000001">
    <ele>23.62</ele>
   </trkpt>
   <trkpt lat="51.022360000000006" lon="5.11012">
    <ele>23.62</ele>
   </trkpt>
   <trkpt lat="51.02226" lon="5.10951">
    <ele>23.470000000000002</ele>
   </trkpt>
   <trkpt lat="51.02225000000001" lon="5.10937">
    <ele>23.470000000000002</ele>
   </trkpt>
   <trkpt lat="51.0223" lon="5.1089">
    <ele>23.28</ele>
   </trkpt>
   <trkpt lat="51.02252500726425" lon="5.1075950063510565">
    <ele>23.470000000000002</ele>
   </trkpt>
   <trkpt lat="51.02275" lon="5.10629">
    <ele>23.270000000000003</ele>
   </trkpt>
   <trkpt lat="51.022830000000006" lon="5.105670000000001">
    <ele>23.340000000000003</ele>
   </trkpt>
   <trkpt lat="51.02283000218154" lon="5.104955000636953">
    <ele>23.14</ele>
   </trkpt>
   <trkpt lat="51.022830000000006" lon="5.104240000000001">
    <ele>23.19</ele>
   </trkpt>
   <trkpt lat="51.022960000000005" lon="5.1032">
    <ele>23.35</ele>
   </trkpt>
   <trkpt lat="51.02293" lon="5.102600000000001">
    <ele>23.39</ele>
   </trkpt>
   <trkpt lat="51.022890000000004" lon="5.1024">
    <ele>23.39</ele>
   </trkpt>
   <trkpt lat="51.022800000000004" lon="5.102180000000001">
    <ele>23.46</ele>
   </trkpt>
   <trkpt lat="51.02273" lon="5.102040000000001">
    <ele>23.46</ele>
   </trkpt>
   <trkpt lat="51.02237" lon="5.101450000000001">
    <ele>23.21</ele>
   </trkpt>
   <trkpt lat="51.02228" lon="5.10127">
    <ele>22.88</ele>
   </trkpt>
   <trkpt lat="51.02217" lon="5.10083">
    <ele>22.67</ele>
   </trkpt>
   <trkpt lat="51.02201" lon="5.09973">
    <ele>22.430000000000003</ele>
   </trkpt>
   <trkpt lat="51.021910000000005" lon="5.09935">
    <ele>22.54</ele>
   </trkpt>
   <trkpt lat="51.02169000000001" lon="5.09869">
    <ele>22.69</ele>
   </trkpt>
   <trkpt lat="51.021300000000004" lon="5.097770000000001">
    <ele>23.270000000000003</ele>
   </trkpt>
   <trkpt lat="51.02118" lon="5.0974">
    <ele>23.37</ele>
   </trkpt>
   <trkpt lat="51.02114" lon="5.096970000000001">
    <ele>23.32</ele>
   </trkpt>
   <trkpt lat="51.021040000000006" lon="5.096590000000001">
    <ele>23.21</ele>
   </trkpt>
   <trkpt lat="51.020950000000006" lon="5.0964">
    <ele>23.21</ele>
   </trkpt>
   <trkpt lat="51.02051" lon="5.09578">
    <ele>22.820000000000004</ele>
   </trkpt>
   <trkpt lat="51.02042" lon="5.095610000000001">
    <ele>22.73</ele>
   </trkpt>
   <trkpt lat="51.02028000000001" lon="5.09522">
    <ele>22.680000000000003</ele>
   </trkpt>
   <trkpt lat="51.02000500528351" lon="5.0941049932984255">
    <ele>22.820000000000004</ele>
   </trkpt>
   <trkpt lat="51.01973" lon="5.09299">
    <ele>22.69</ele>
   </trkpt>
   <trkpt lat="51.01953" lon="5.0925">
    <ele>22.56</ele>
   </trkpt>
   <trkpt lat="51.01941000000001" lon="5.09231">
    <ele>22.340000000000003</ele>
   </trkpt>
   <trkpt lat="51.0193" lon="5.09217">
    <ele>22.340000000000003</ele>
   </trkpt>
   <trkpt lat="51.01892" lon="5.09189">
    <ele>22.430000000000003</ele>
   </trkpt>
   <trkpt lat="51.01820000000001" lon="5.09124">
    <ele>22.56</ele>
   </trkpt>
   <trkpt lat="51.01752500027548" lon="5.090914995184454">
    <ele>22.42</ele>
   </trkpt>
   <trkpt lat="51.016850000000005" lon="5.090590000000001">
    <ele>22.36</ele>
   </trkpt>
   <trkpt lat="51.0165" lon="5.09034">
    <ele>22.410000000000004</ele>
   </trkpt>
   <trkpt lat="51.01637" lon="5.090280000000001">
    <ele>22.28</ele>
   </trkpt>
   <trkpt lat="51.01623000000001" lon="5.09025">
    <ele>22.28</ele>
   </trkpt>
   <trkpt lat="51.01606" lon="5.09027">
    <ele>22.26</ele>
   </trkpt>
   <trkpt lat="51.015840000000004" lon="5.09039">
    <ele>22.28</ele>
   </trkpt>
   <trkpt lat="51.01503" lon="5.0908500000000005">
    <ele>23.1</ele>
   </trkpt>
   <trkpt lat="51.01471000751907" lon="5.089524990968261">
    <ele>22.72</ele>
   </trkpt>
   <trkpt lat="51.014390000000006" lon="5.0882000000000005">
    <ele>22.46</ele>
   </trkpt>
   <trkpt lat="51.014340000000004" lon="5.08713">
    <ele>22.12</ele>
   </trkpt>
   <trkpt lat="51.01424" lon="5.086550000000001">
    <ele>22.09</ele>
   </trkpt>
   <trkpt lat="51.01413" lon="5.086250000000001">
    <ele>22.070000000000004</ele>
   </trkpt>
   <trkpt lat="51.01361000515907" lon="5.085144987499736">
    <ele>21.820000000000004</ele>
   </trkpt>
   <trkpt lat="51.013090000000005" lon="5.084040000000001">
    <ele>21.79</ele>
   </trkpt>
   <trkpt lat="51.013040000000004" lon="5.08384">
    <ele>21.79</ele>
   </trkpt>
   <trkpt lat="51.013000000000005" lon="5.08345">
    <ele>21.720000000000002</ele>
   </trkpt>
   <trkpt lat="51.013000000000005" lon="5.0831800000000005">
    <ele>21.640000000000004</ele>
   </trkpt>
   <trkpt lat="51.01311334556188" lon="5.081983339117006">
    <ele>21.800000000000004</ele>
   </trkpt>
   <trkpt lat="51.01322667890145" lon="5.080786672384835">
    <ele>22.0</ele>
   </trkpt>
   <trkpt lat="51.01334000000001" lon="5.0795900000000005">
    <ele>22.080000000000002</ele>
   </trkpt>
   <trkpt lat="51.01271000003394" lon="5.079504998845732">
    <ele>21.03</ele>
   </trkpt>
   <trkpt lat="51.012080000000005" lon="5.079420000000001">
    <ele>20.93</ele>
   </trkpt>
   <trkpt lat="51.012060000000005" lon="5.079420000000001">
    <ele>20.93</ele>
   </trkpt>
   <trkpt lat="51.01154499995992" lon="5.079354999270881">
    <ele>21.080000000000002</ele>
   </trkpt>
   <trkpt lat="51.011030000000005" lon="5.07929">
    <ele>21.53</ele>
   </trkpt>
   <trkpt lat="51.010690000000004" lon="5.07934">
    <ele>22.13</ele>
   </trkpt>
   <trkpt lat="51.01037" lon="5.079440000000001">
    <ele>22.27</ele>
   </trkpt>
   <trkpt lat="51.00957750113473" lon="5.079737515249099">
    <ele>23.15</ele>
   </trkpt>
   <trkpt lat="51.00878500151397" lon="5.080035020331327">
    <ele>23.930000000000003</ele>
   </trkpt>
   <trkpt lat="51.007992501137785" lon="5.080332515247312">
    <ele>26.160000000000004</ele>
   </trkpt>
   <trkpt lat="51.007200000000005" lon="5.08063">
    <ele>27.71</ele>
   </trkpt>
   <trkpt lat="51.006510000000006" lon="5.08096">
    <ele>28.060000000000002</ele>
   </trkpt>
   <trkpt lat="51.00570500100049" lon="5.0814350082208515">
    <ele>26.44</ele>
   </trkpt>
   <trkpt lat="51.004900000000006" lon="5.081910000000001">
    <ele>25.310000000000002</ele>
   </trkpt>
   <trkpt lat="51.004630000000006" lon="5.08202">
    <ele>24.1</ele>
   </trkpt>
   <trkpt lat="51.004380000000005" lon="5.082050000000001">
    <ele>23.73</ele>
   </trkpt>
   <trkpt lat="51.00415" lon="5.082050000000001">
    <ele>23.520000000000003</ele>
   </trkpt>
   <trkpt lat="51.003890000000006" lon="5.08197">
    <ele>23.360000000000003</ele>
   </trkpt>
   <trkpt lat="51.00336500035221" lon="5.081734997392729">
    <ele>23.160000000000004</ele>
   </trkpt>
   <trkpt lat="51.002840000000006" lon="5.0815">
    <ele>23.31</ele>
   </trkpt>
   <trkpt lat="51.00245" lon="5.0813500000000005">
    <ele>23.290000000000003</ele>
   </trkpt>
   <trkpt lat="51.00215000000001" lon="5.081300000000001">
    <ele>23.520000000000003</ele>
   </trkpt>
   <trkpt lat="51.001990000000006" lon="5.081300000000001">
    <ele>23.650000000000002</ele>
   </trkpt>
   <trkpt lat="51.0018" lon="5.081320000000001">
    <ele>23.840000000000003</ele>
   </trkpt>
   <trkpt lat="51.00155" lon="5.0814">
    <ele>24.17</ele>
   </trkpt>
   <trkpt lat="51.00074000000001" lon="5.08173">
    <ele>24.690000000000005</ele>
   </trkpt>
   <trkpt lat="50.999970000000005" lon="5.082280000000001">
    <ele>25.76</ele>
   </trkpt>
   <trkpt lat="50.99987" lon="5.0822">
    <ele>25.740000000000002</ele>
   </trkpt>
   <trkpt lat="50.999840000000006" lon="5.08215">
    <ele>25.740000000000002</ele>
   </trkpt>
   <trkpt lat="50.99957000414994" lon="5.081164994300975">
    <ele>24.950000000000003</ele>
   </trkpt>
   <trkpt lat="50.999300000000005" lon="5.08018">
    <ele>25.23</ele>
   </trkpt>
   <trkpt lat="50.999050000000004" lon="5.08035">
    <ele>25.640000000000004</ele>
   </trkpt>
   <trkpt lat="50.998760000000004" lon="5.08053">
    <ele>26.660000000000004</ele>
   </trkpt>
   <trkpt lat="50.9986" lon="5.080570000000001">
    <ele>27.090000000000003</ele>
   </trkpt>
   <trkpt lat="50.99848" lon="5.08063">
    <ele>27.340000000000003</ele>
   </trkpt>
   <trkpt lat="50.99830000000001" lon="5.0808">
    <ele>28.110000000000003</ele>
   </trkpt>
   <trkpt lat="50.99766" lon="5.081160000000001">
    <ele>30.580000000000002</ele>
   </trkpt>
   <trkpt lat="50.99736169448487" lon="5.0800182966435825">
    <ele>30.53</ele>
   </trkpt>
   <trkpt lat="50.99706337784318" lon="5.078876607966864">
    <ele>30.28</ele>
   </trkpt>
   <trkpt lat="50.99676505007517" lon="5.077734933970046">
    <ele>29.300000000000004</ele>
   </trkpt>
   <trkpt lat="50.996466711181135" lon="5.076593274653331">
    <ele>28.220000000000002</ele>
   </trkpt>
   <trkpt lat="50.99616836116131" lon="5.075451630016922">
    <ele>27.3</ele>
   </trkpt>
   <trkpt lat="50.995870000000004" lon="5.0743100000000005">
    <ele>26.680000000000003</ele>
   </trkpt>
   <trkpt lat="50.99577000000001" lon="5.0738900000000005">
    <ele>26.820000000000004</ele>
   </trkpt>
   <trkpt lat="50.995630000000006" lon="5.073910000000001">
    <ele>26.820000000000004</ele>
   </trkpt>
   <trkpt lat="50.99555" lon="5.073880000000001">
    <ele>26.62</ele>
   </trkpt>
   <trkpt lat="50.994960000869284" lon="5.073449994591361">
    <ele>26.150000000000002</ele>
   </trkpt>
   <trkpt lat="50.99437" lon="5.0730200000000005">
    <ele>26.42</ele>
   </trkpt>
   <trkpt lat="50.994260000000004" lon="5.072920000000001">
    <ele>26.340000000000003</ele>
   </trkpt>
   <trkpt lat="50.994110000000006" lon="5.072710000000001">
    <ele>26.3</ele>
   </trkpt>
   <trkpt lat="50.99329" lon="5.073160000000001">
    <ele>27.720000000000002</ele>
   </trkpt>
   <trkpt lat="50.99277000015838" lon="5.0734150029156355">
    <ele>28.940000000000005</ele>
   </trkpt>
   <trkpt lat="50.992250000000006" lon="5.073670000000001">
    <ele>30.61</ele>
   </trkpt>
   <trkpt lat="50.99213" lon="5.07387">
    <ele>30.520000000000003</ele>
   </trkpt>
   <trkpt lat="50.9921" lon="5.074000000000001">
    <ele>30.400000000000002</ele>
   </trkpt>
   <trkpt lat="50.992015002323576" lon="5.074740001474526">
    <ele>29.460000000000004</ele>
   </trkpt>
   <trkpt lat="50.99193" lon="5.075480000000001">
    <ele>28.44</ele>
   </trkpt>
   <trkpt lat="50.99179" lon="5.076720000000001">
    <ele>27.000000000000004</ele>
   </trkpt>
   <trkpt lat="50.9915550032626" lon="5.077600004615857">
    <ele>26.42</ele>
   </trkpt>
   <trkpt lat="50.99132" lon="5.078480000000001">
    <ele>25.970000000000002</ele>
   </trkpt>
   <trkpt lat="50.991240000000005" lon="5.0786500000000006">
    <ele>25.890000000000004</ele>
   </trkpt>
   <trkpt lat="50.990730000328774" lon="5.078960003455888">
    <ele>24.580000000000002</ele>
   </trkpt>
   <trkpt lat="50.99022" lon="5.07927">
    <ele>23.01</ele>
   </trkpt>
   <trkpt lat="50.98986000000001" lon="5.079470000000001">
    <ele>22.660000000000004</ele>
   </trkpt>
   <trkpt lat="50.98921000000001" lon="5.08016">
    <ele>21.68</ele>
   </trkpt>
   <trkpt lat="50.98873500031947" lon="5.080455003051185">
    <ele>21.07</ele>
   </trkpt>
   <trkpt lat="50.988260000000004" lon="5.08075">
    <ele>21.550000000000004</ele>
   </trkpt>
   <trkpt lat="50.98805" lon="5.08091">
    <ele>21.470000000000002</ele>
   </trkpt>
   <trkpt lat="50.987403334808896" lon="5.081330011722">
    <ele>20.330000000000002</ele>
   </trkpt>
   <trkpt lat="50.98675666811187" lon="5.0817500117415095">
    <ele>20.12</ele>
   </trkpt>
   <trkpt lat="50.986110000000004" lon="5.0821700000000005">
    <ele>20.25</ele>
   </trkpt>
   <trkpt lat="50.986070000000005" lon="5.08223">
    <ele>20.25</ele>
   </trkpt>
   <trkpt lat="50.985980000000005" lon="5.08229">
    <ele>20.270000000000003</ele>
   </trkpt>
   <trkpt lat="50.98579" lon="5.08239">
    <ele>20.150000000000002</ele>
   </trkpt>
   <trkpt lat="50.985110000000006" lon="5.082820000000001">
    <ele>20.21</ele>
   </trkpt>
   <trkpt lat="50.984910000000006" lon="5.08298">
    <ele>20.270000000000003</ele>
   </trkpt>
   <trkpt lat="50.984550000000006" lon="5.083340000000001">
    <ele>20.46</ele>
   </trkpt>
   <trkpt lat="50.984260000000006" lon="5.08373">
    <ele>20.69</ele>
   </trkpt>
   <trkpt lat="50.984120000000004" lon="5.08396">
    <ele>20.69</ele>
   </trkpt>
   <trkpt lat="50.98361501425632" lon="5.085015034421401">
    <ele>21.35</ele>
   </trkpt>
   <trkpt lat="50.983110019010354" lon="5.086070045890337">
    <ele>22.04</ele>
   </trkpt>
   <trkpt lat="50.982605014262475" lon="5.08712503440729">
    <ele>22.44</ele>
   </trkpt>
   <trkpt lat="50.9821" lon="5.08818">
    <ele>23.330000000000002</ele>
   </trkpt>
   <trkpt lat="50.98179500182404" lon="5.088840004412267">
    <ele>23.71</ele>
   </trkpt>
   <trkpt lat="50.98149" lon="5.0895">
    <ele>23.840000000000003</ele>
   </trkpt>
   <trkpt lat="50.98122000000001" lon="5.09016">
    <ele>24.220000000000002</ele>
   </trkpt>
   <trkpt lat="50.98105" lon="5.09083">
    <ele>24.360000000000003</ele>
   </trkpt>
   <trkpt lat="50.980920000000005" lon="5.09145">
    <ele>23.950000000000003</ele>
   </trkpt>
   <trkpt lat="50.98087" lon="5.0917900000000005">
    <ele>23.860000000000003</ele>
   </trkpt>
   <trkpt lat="50.980810000000005" lon="5.09295">
    <ele>23.05</ele>
   </trkpt>
   <trkpt lat="50.98077000000001" lon="5.093170000000001">
    <ele>22.7</ele>
   </trkpt>
   <trkpt lat="50.980810000000005" lon="5.09295">
    <ele>23.05</ele>
   </trkpt>
   <trkpt lat="50.98087" lon="5.0917900000000005">
    <ele>23.860000000000003</ele>
   </trkpt>
   <trkpt lat="50.980920000000005" lon="5.09145">
    <ele>23.950000000000003</ele>
   </trkpt>
   <trkpt lat="50.98105" lon="5.09083">
    <ele>24.360000000000003</ele>
   </trkpt>
   <trkpt lat="50.98122000000001" lon="5.09016">
    <ele>24.220000000000002</ele>
   </trkpt>
   <trkpt lat="50.98149" lon="5.0895">
    <ele>23.840000000000003</ele>
   </trkpt>
   <trkpt lat="50.98179500189471" lon="5.088840004259346">
    <ele>23.650000000000002</ele>
   </trkpt>
   <trkpt lat="50.9821" lon="5.08818">
    <ele>22.990000000000002</ele>
   </trkpt>
   <trkpt lat="50.98257500430484" lon="5.087185010014904">
    <ele>22.44</ele>
   </trkpt>
   <trkpt lat="50.983050000000006" lon="5.08619">
    <ele>22.060000000000002</ele>
   </trkpt>
   <trkpt lat="50.982575004147066" lon="5.087185010345425">
    <ele>22.44</ele>
   </trkpt>
   <trkpt lat="50.9821" lon="5.08818">
    <ele>22.990000000000002</ele>
   </trkpt>
   <trkpt lat="50.98179500182404" lon="5.088840004412267">
    <ele>23.71</ele>
   </trkpt>
   <trkpt lat="50.98149" lon="5.0895">
    <ele>23.840000000000003</ele>
   </trkpt>
   <trkpt lat="50.98122000000001" lon="5.09016">
    <ele>24.220000000000002</ele>
   </trkpt>
   <trkpt lat="50.98105" lon="5.09083">
    <ele>24.360000000000003</ele>
   </trkpt>
   <trkpt lat="50.980920000000005" lon="5.09145">
    <ele>23.950000000000003</ele>
   </trkpt>
   <trkpt lat="50.98087" lon="5.0917900000000005">
    <ele>23.860000000000003</ele>
   </trkpt>
   <trkpt lat="50.980810000000005" lon="5.09295">
    <ele>23.05</ele>
   </trkpt>
   <trkpt lat="50.980760000000004" lon="5.09332">
    <ele>22.410000000000004</ele>
   </trkpt>
   <trkpt lat="50.9806" lon="5.093990000000001">
    <ele>21.800000000000004</ele>
   </trkpt>
   <trkpt lat="50.98039000000001" lon="5.09464">
    <ele>21.44</ele>
   </trkpt>
   <trkpt lat="50.980230000000006" lon="5.09496">
    <ele>21.37</ele>
   </trkpt>
   <trkpt lat="50.980030000000006" lon="5.095330000000001">
    <ele>20.900000000000002</ele>
   </trkpt>
   <trkpt lat="50.979440000000004" lon="5.096170000000001">
    <ele>20.93</ele>
   </trkpt>
   <trkpt lat="50.979310000000005" lon="5.09639">
    <ele>20.810000000000002</ele>
   </trkpt>
   <trkpt lat="50.9791" lon="5.09682">
    <ele>20.6</ele>
   </trkpt>
   <trkpt lat="50.979000000000006" lon="5.09707">
    <ele>20.6</ele>
   </trkpt>
   <trkpt lat="50.9789" lon="5.09741">
    <ele>20.6</ele>
   </trkpt>
   <trkpt lat="50.97871000221078" lon="5.098120002685">
    <ele>20.77</ele>
   </trkpt>
   <trkpt lat="50.97852" lon="5.09883">
    <ele>21.130000000000003</ele>
   </trkpt>
   <trkpt lat="50.97829" lon="5.099640000000001">
    <ele>21.470000000000002</ele>
   </trkpt>
   <trkpt lat="50.978660002384125" lon="5.100384994093483">
    <ele>21.900000000000002</ele>
   </trkpt>
   <trkpt lat="50.97903" lon="5.10113">
    <ele>22.500000000000004</ele>
   </trkpt>
   <trkpt lat="50.97932" lon="5.10177">
    <ele>23.07</ele>
   </trkpt>
   <trkpt lat="50.97941" lon="5.102040000000001">
    <ele>23.07</ele>
   </trkpt>
   <trkpt lat="50.97946" lon="5.102250000000001">
    <ele>23.3</ele>
   </trkpt>
   <trkpt lat="50.97952" lon="5.10259">
    <ele>23.540000000000003</ele>
   </trkpt>
   <trkpt lat="50.979530000000004" lon="5.103210000000001">
    <ele>24.55</ele>
   </trkpt>
   <trkpt lat="50.97945000000001" lon="5.10435">
    <ele>26.09</ele>
   </trkpt>
   <trkpt lat="50.97941" lon="5.10465">
    <ele>26.340000000000003</ele>
   </trkpt>
   <trkpt lat="50.979330000000004" lon="5.10493">
    <ele>26.89</ele>
   </trkpt>
   <trkpt lat="50.9791" lon="5.105320000000001">
    <ele>27.51</ele>
   </trkpt>
   <trkpt lat="50.979020000000006" lon="5.10541">
    <ele>27.78</ele>
   </trkpt>
   <trkpt lat="50.97883" lon="5.10555">
    <ele>28.12</ele>
   </trkpt>
   <trkpt lat="50.978480000000005" lon="5.105700000000001">
    <ele>28.400000000000002</ele>
   </trkpt>
   <trkpt lat="50.97813000000001" lon="5.105810000000001">
    <ele>29.57</ele>
   </trkpt>
   <trkpt lat="50.97786000000001" lon="5.10594">
    <ele>30.130000000000003</ele>
   </trkpt>
   <trkpt lat="50.97766000000001" lon="5.10609">
    <ele>30.61</ele>
   </trkpt>
   <trkpt lat="50.97742" lon="5.1063">
    <ele>30.910000000000004</ele>
   </trkpt>
   <trkpt lat="50.97699" lon="5.106820000000001">
    <ele>31.180000000000003</ele>
   </trkpt>
   <trkpt lat="50.97645000000001" lon="5.107550000000001">
    <ele>29.66</ele>
   </trkpt>
   <trkpt lat="50.97610000187565" lon="5.108210004943978">
    <ele>27.89</ele>
   </trkpt>
   <trkpt lat="50.975750000000005" lon="5.1088700000000005">
    <ele>25.11</ele>
   </trkpt>
   <trkpt lat="50.975170000000006" lon="5.10967">
    <ele>22.96</ele>
   </trkpt>
   <trkpt lat="50.974990000000005" lon="5.1100200000000005">
    <ele>22.750000000000004</ele>
   </trkpt>
   <trkpt lat="50.97496" lon="5.1101">
    <ele>22.750000000000004</ele>
   </trkpt>
   <trkpt lat="50.97482" lon="5.1105100000000006">
    <ele>22.62</ele>
   </trkpt>
   <trkpt lat="50.974540000000005" lon="5.11157">
    <ele>22.340000000000003</ele>
   </trkpt>
   <trkpt lat="50.97448000000001" lon="5.11165">
    <ele>22.340000000000003</ele>
   </trkpt>
   <trkpt lat="50.974340000000005" lon="5.11211">
    <ele>22.230000000000004</ele>
   </trkpt>
   <trkpt lat="50.973833344969535" lon="5.113276692087531">
    <ele>21.96</ele>
   </trkpt>
   <trkpt lat="50.97332667831821" lon="5.114443358718397">
    <ele>21.830000000000002</ele>
   </trkpt>
   <trkpt lat="50.972820000000006" lon="5.11561">
    <ele>21.54</ele>
   </trkpt>
   <trkpt lat="50.9727" lon="5.11582">
    <ele>21.580000000000002</ele>
   </trkpt>
   <trkpt lat="50.97245" lon="5.116180000000001">
    <ele>21.71</ele>
   </trkpt>
   <trkpt lat="50.97229" lon="5.11636">
    <ele>21.71</ele>
   </trkpt>
   <trkpt lat="50.97207" lon="5.11655">
    <ele>21.730000000000004</ele>
   </trkpt>
   <trkpt lat="50.97187" lon="5.116680000000001">
    <ele>21.730000000000004</ele>
   </trkpt>
   <trkpt lat="50.971720000000005" lon="5.116750000000001">
    <ele>21.730000000000004</ele>
   </trkpt>
   <trkpt lat="50.971470000000004" lon="5.116840000000001">
    <ele>21.69</ele>
   </trkpt>
   <trkpt lat="50.97129" lon="5.1168700000000005">
    <ele>21.71</ele>
   </trkpt>
   <trkpt lat="50.971000000000004" lon="5.116860000000001">
    <ele>21.75</ele>
   </trkpt>
   <trkpt lat="50.97079" lon="5.116820000000001">
    <ele>21.740000000000002</ele>
   </trkpt>
   <trkpt lat="50.96991600045556" lon="5.1166579878080265">
    <ele>21.730000000000004</ele>
   </trkpt>
   <trkpt lat="50.96904200068705" lon="5.116495981713146">
    <ele>21.84</ele>
   </trkpt>
   <trkpt lat="50.96816800069445" lon="5.116333981714938">
    <ele>22.060000000000002</ele>
   </trkpt>
   <trkpt lat="50.967294000477786" lon="5.1161719878129865">
    <ele>22.03</ele>
   </trkpt>
   <trkpt lat="50.96642000000001" lon="5.11601">
    <ele>21.990000000000002</ele>
   </trkpt>
   <trkpt lat="50.96631000000001" lon="5.116020000000001">
    <ele>21.990000000000002</ele>
   </trkpt>
   <trkpt lat="50.96618" lon="5.11599">
    <ele>21.990000000000002</ele>
   </trkpt>
   <trkpt lat="50.96616" lon="5.11596">
    <ele>21.990000000000002</ele>
   </trkpt>
   <trkpt lat="50.96589" lon="5.11592">
    <ele>22.09</ele>
   </trkpt>
   <trkpt lat="50.96501666686836" lon="5.1157533270600934">
    <ele>22.09</ele>
   </trkpt>
   <trkpt lat="50.964143333499564" lon="5.1155866603868">
    <ele>21.910000000000004</ele>
   </trkpt>
   <trkpt lat="50.96327" lon="5.11542">
    <ele>21.900000000000002</ele>
   </trkpt>
   <trkpt lat="50.96322000000001" lon="5.11544">
    <ele>21.900000000000002</ele>
   </trkpt>
   <trkpt lat="50.96307" lon="5.115410000000001">
    <ele>21.820000000000004</ele>
   </trkpt>
   <trkpt lat="50.96302000000001" lon="5.11537">
    <ele>21.820000000000004</ele>
   </trkpt>
   <trkpt lat="50.96271" lon="5.11535">
    <ele>21.59</ele>
   </trkpt>
   <trkpt lat="50.96253" lon="5.115360000000001">
    <ele>21.54</ele>
   </trkpt>
   <trkpt lat="50.962230000000005" lon="5.115410000000001">
    <ele>21.52</ele>
   </trkpt>
   <trkpt lat="50.96181000000001" lon="5.11556">
    <ele>21.330000000000002</ele>
   </trkpt>
   <trkpt lat="50.96135500028052" lon="5.115790002224775">
    <ele>21.460000000000004</ele>
   </trkpt>
   <trkpt lat="50.9609" lon="5.116020000000001">
    <ele>21.68</ele>
   </trkpt>
   <trkpt lat="50.960890000000006" lon="5.116160000000001">
    <ele>21.740000000000002</ele>
   </trkpt>
   <trkpt lat="50.96087000000001" lon="5.11622">
    <ele>21.740000000000002</ele>
   </trkpt>
   <trkpt lat="50.960820000000005" lon="5.116250000000001">
    <ele>21.740000000000002</ele>
   </trkpt>
   <trkpt lat="50.960750000000004" lon="5.11624">
    <ele>21.740000000000002</ele>
   </trkpt>
   <trkpt lat="50.960710000000006" lon="5.1162">
    <ele>21.740000000000002</ele>
   </trkpt>
   <trkpt lat="50.96068" lon="5.11613">
    <ele>21.740000000000002</ele>
   </trkpt>
   <trkpt lat="50.96052" lon="5.116210000000001">
    <ele>21.76</ele>
   </trkpt>
   <trkpt lat="50.96001500002253" lon="5.116375001823963">
    <ele>21.66</ele>
   </trkpt>
   <trkpt lat="50.95951" lon="5.1165400000000005">
    <ele>21.820000000000004</ele>
   </trkpt>
   <trkpt lat="50.959300000000006" lon="5.116580000000001">
    <ele>22.080000000000002</ele>
   </trkpt>
   <trkpt lat="50.95895" lon="5.116580000000001">
    <ele>22.45</ele>
   </trkpt>
   <trkpt lat="50.958324999940984" lon="5.1165299993218945">
    <ele>22.490000000000002</ele>
   </trkpt>
   <trkpt lat="50.9577" lon="5.11648">
    <ele>22.35</ele>
   </trkpt>
   <trkpt lat="50.957010000000004" lon="5.11645">
    <ele>22.13</ele>
   </trkpt>
   <trkpt lat="50.95623428573576" lon="5.11647143071735">
    <ele>22.2</ele>
   </trkpt>
   <trkpt lat="50.95545857146762" lon="5.116492860719232">
    <ele>22.230000000000004</ele>
   </trkpt>
   <trkpt lat="50.95468285719555" lon="5.1165142900056875">
    <ele>22.230000000000004</ele>
   </trkpt>
   <trkpt lat="50.953907142919554" lon="5.116535718576759">
    <ele>22.160000000000004</ele>
   </trkpt>
   <trkpt lat="50.95313142863964" lon="5.116557146432494">
    <ele>22.19</ele>
   </trkpt>
   <trkpt lat="50.95235571435579" lon="5.116578573572934">
    <ele>22.04</ele>
   </trkpt>
   <trkpt lat="50.95158000000001" lon="5.1166">
    <ele>22.080000000000002</ele>
   </trkpt>
   <trkpt lat="50.95127" lon="5.11659">
    <ele>22.140000000000004</ele>
   </trkpt>
   <trkpt lat="50.95111000000001" lon="5.11657">
    <ele>22.0</ele>
   </trkpt>
   <trkpt lat="50.95087" lon="5.116490000000001">
    <ele>21.990000000000002</ele>
   </trkpt>
   <trkpt lat="50.95085" lon="5.11648">
    <ele>21.990000000000002</ele>
   </trkpt>
   <trkpt lat="50.95074" lon="5.11645">
    <ele>21.970000000000002</ele>
   </trkpt>
   <trkpt lat="50.95029500026117" lon="5.116244998074965">
    <ele>22.09</ele>
   </trkpt>
   <trkpt lat="50.949850000000005" lon="5.116040000000001">
    <ele>22.580000000000002</ele>
   </trkpt>
   <trkpt lat="50.949670000000005" lon="5.11603">
    <ele>22.680000000000003</ele>
   </trkpt>
   <trkpt lat="50.94959000000001" lon="5.116040000000001">
    <ele>23.080000000000002</ele>
   </trkpt>
   <trkpt lat="50.94950000000001" lon="5.11613">
    <ele>23.080000000000002</ele>
   </trkpt>
   <trkpt lat="50.94934000000001" lon="5.11605">
    <ele>23.180000000000003</ele>
   </trkpt>
   <trkpt lat="50.949180000000005" lon="5.11716">
    <ele>22.770000000000003</ele>
   </trkpt>
   <trkpt lat="50.949070000000006" lon="5.117330000000001">
    <ele>22.54</ele>
   </trkpt>
   <trkpt lat="50.94894000000001" lon="5.11761">
    <ele>22.480000000000004</ele>
   </trkpt>
   <trkpt lat="50.94887000000001" lon="5.11774">
    <ele>22.400000000000002</ele>
   </trkpt>
   <trkpt lat="50.94879" lon="5.1178300000000005">
    <ele>22.38</ele>
   </trkpt>
   <trkpt lat="50.94865" lon="5.11791">
    <ele>22.410000000000004</ele>
   </trkpt>
   <trkpt lat="50.948350000000005" lon="5.11791">
    <ele>22.64</ele>
   </trkpt>
   <trkpt lat="50.9483" lon="5.1191">
    <ele>22.9</ele>
   </trkpt>
   <trkpt lat="50.948330000000006" lon="5.1196">
    <ele>23.090000000000003</ele>
   </trkpt>
   <trkpt lat="50.9485" lon="5.12072">
    <ele>23.28</ele>
   </trkpt>
   <trkpt lat="50.94849000000001" lon="5.120850000000001">
    <ele>23.28</ele>
   </trkpt>
   <trkpt lat="50.9485" lon="5.120970000000001">
    <ele>23.24</ele>
   </trkpt>
   <trkpt lat="50.948550000000004" lon="5.121110000000001">
    <ele>23.24</ele>
   </trkpt>
   <trkpt lat="50.94805" lon="5.12161">
    <ele>22.53</ele>
   </trkpt>
   <trkpt lat="50.947680000000005" lon="5.1219600000000005">
    <ele>22.42</ele>
   </trkpt>
   <trkpt lat="50.947390000000006" lon="5.122280000000001">
    <ele>22.330000000000002</ele>
   </trkpt>
   <trkpt lat="50.947230000000005" lon="5.12253">
    <ele>22.320000000000004</ele>
   </trkpt>
   <trkpt lat="50.94709" lon="5.12269">
    <ele>22.35</ele>
   </trkpt>
   <trkpt lat="50.94648500095757" lon="5.123180006431938">
    <ele>22.45</ele>
   </trkpt>
   <trkpt lat="50.94588" lon="5.123670000000001">
    <ele>22.490000000000002</ele>
   </trkpt>
   <trkpt lat="50.945800000000006" lon="5.123760000000001">
    <ele>22.56</ele>
   </trkpt>
   <trkpt lat="50.94568" lon="5.12394">
    <ele>22.56</ele>
   </trkpt>
   <trkpt lat="50.94563" lon="5.12406">
    <ele>22.770000000000003</ele>
   </trkpt>
   <trkpt lat="50.945530000000005" lon="5.12453">
    <ele>22.9</ele>
   </trkpt>
   <trkpt lat="50.94536" lon="5.12553">
    <ele>23.39</ele>
   </trkpt>
   <trkpt lat="50.94536" lon="5.125520000000001">
    <ele>23.39</ele>
   </trkpt>
   <trkpt lat="50.94521" lon="5.126390000000001">
    <ele>23.6</ele>
   </trkpt>
   <trkpt lat="50.945130000000006" lon="5.1265600000000004">
    <ele>23.6</ele>
   </trkpt>
   <trkpt lat="50.945040000000006" lon="5.126650000000001">
    <ele>23.700000000000003</ele>
   </trkpt>
   <trkpt lat="50.94430000059246" lon="5.126274994026864">
    <ele>23.31</ele>
   </trkpt>
   <trkpt lat="50.943560000000005" lon="5.125900000000001">
    <ele>23.71</ele>
   </trkpt>
   <trkpt lat="50.94339" lon="5.12586">
    <ele>23.990000000000002</ele>
   </trkpt>
   <trkpt lat="50.94324" lon="5.12591">
    <ele>24.130000000000003</ele>
   </trkpt>
   <trkpt lat="50.94306" lon="5.1261">
    <ele>24.26</ele>
   </trkpt>
   <trkpt lat="50.94260000326185" lon="5.126980008792271">
    <ele>24.400000000000002</ele>
   </trkpt>
   <trkpt lat="50.94214" lon="5.12786">
    <ele>24.21</ele>
   </trkpt>
   <trkpt lat="50.941500000000005" lon="5.12858">
    <ele>24.14</ele>
   </trkpt>
   <trkpt lat="50.941100000000006" lon="5.1290000000000004">
    <ele>23.860000000000003</ele>
   </trkpt>
   <trkpt lat="50.94095" lon="5.12922">
    <ele>23.78</ele>
   </trkpt>
   <trkpt lat="50.94061000161922" lon="5.129860004924168">
    <ele>23.37</ele>
   </trkpt>
   <trkpt lat="50.940270000000005" lon="5.1305000000000005">
    <ele>23.39</ele>
   </trkpt>
   <trkpt lat="50.939930000000004" lon="5.131150000000001">
    <ele>23.89</ele>
   </trkpt>
   <trkpt lat="50.939840000000004" lon="5.13126">
    <ele>23.89</ele>
   </trkpt>
   <trkpt lat="50.939730000000004" lon="5.1313">
    <ele>23.89</ele>
   </trkpt>
   <trkpt lat="50.938900000000004" lon="5.13145">
    <ele>24.180000000000003</ele>
   </trkpt>
   <trkpt lat="50.93898000256994" lon="5.132224998718275">
    <ele>23.82</ele>
   </trkpt>
   <trkpt lat="50.939060000000005" lon="5.133">
    <ele>24.310000000000002</ele>
   </trkpt>
   <trkpt lat="50.939060000000005" lon="5.13302">
    <ele>24.32</ele>
   </trkpt>
   <trkpt lat="50.93916" lon="5.133970000000001">
    <ele>24.91</ele>
   </trkpt>
   <trkpt lat="50.93883" lon="5.1340900000000005">
    <ele>24.950000000000003</ele>
   </trkpt>
   <trkpt lat="50.93826500027649" lon="5.134360003297305">
    <ele>24.93</ele>
   </trkpt>
   <trkpt lat="50.93770000000001" lon="5.1346300000000005">
    <ele>24.950000000000003</ele>
   </trkpt>
   <trkpt lat="50.93741000000001" lon="5.13483">
    <ele>24.92</ele>
   </trkpt>
   <trkpt lat="50.93722" lon="5.135000000000001">
    <ele>24.92</ele>
   </trkpt>
   <trkpt lat="50.93701" lon="5.1352400000000005">
    <ele>24.92</ele>
   </trkpt>
   <trkpt lat="50.936870000000006" lon="5.13546">
    <ele>24.98</ele>
   </trkpt>
   <trkpt lat="50.936550000000004" lon="5.13609">
    <ele>25.150000000000002</ele>
   </trkpt>
   <trkpt lat="50.936220000000006" lon="5.1366700000000005">
    <ele>25.17</ele>
   </trkpt>
   <trkpt lat="50.93605" lon="5.136830000000001">
    <ele>25.17</ele>
   </trkpt>
   <trkpt lat="50.935880000000004" lon="5.13694">
    <ele>25.16</ele>
   </trkpt>
   <trkpt lat="50.935660000000006" lon="5.1370000000000005">
    <ele>25.130000000000003</ele>
   </trkpt>
   <trkpt lat="50.93491000002801" lon="5.137076669141776">
    <ele>25.080000000000002</ele>
   </trkpt>
   <trkpt lat="50.934160000005804" lon="5.1371533358106625">
    <ele>25.25</ele>
   </trkpt>
   <trkpt lat="50.93341" lon="5.137230000000001">
    <ele>25.53</ele>
   </trkpt>
   <trkpt lat="50.93320000000001" lon="5.137230000000001">
    <ele>25.57</ele>
   </trkpt>
   <trkpt lat="50.932970000000005" lon="5.13719">
    <ele>25.7</ele>
   </trkpt>
   <trkpt lat="50.93296" lon="5.13734">
    <ele>25.650000000000002</ele>
   </trkpt>
   <trkpt lat="50.932970000000005" lon="5.13743">
    <ele>25.650000000000002</ele>
   </trkpt>
   <trkpt lat="50.93338000790981" lon="5.138393316311852">
    <ele>25.490000000000002</ele>
   </trkpt>
   <trkpt lat="50.93379000789442" lon="5.139356649608748">
    <ele>25.52</ele>
   </trkpt>
   <trkpt lat="50.934200000000004" lon="5.14032">
    <ele>25.640000000000004</ele>
   </trkpt>
   <trkpt lat="50.93366667379171" lon="5.1412333542793105">
    <ele>25.32</ele>
   </trkpt>
   <trkpt lat="50.933133340459285" lon="5.142146687610721">
    <ele>25.36</ele>
   </trkpt>
   <trkpt lat="50.9326" lon="5.14306">
    <ele>25.400000000000002</ele>
   </trkpt>
   <trkpt lat="50.93224500146259" lon="5.1436550046238985">
    <ele>25.43</ele>
   </trkpt>
   <trkpt lat="50.93189" lon="5.14425">
    <ele>25.370000000000005</ele>
   </trkpt>
   <trkpt lat="50.93168000000001" lon="5.14451">
    <ele>25.240000000000002</ele>
   </trkpt>
   <trkpt lat="50.93115" lon="5.145090000000001">
    <ele>25.040000000000003</ele>
   </trkpt>
   <trkpt lat="50.93115" lon="5.14508">
    <ele>25.05</ele>
   </trkpt>
   <trkpt lat="50.93081" lon="5.14547">
    <ele>24.96</ele>
   </trkpt>
   <trkpt lat="50.93021" lon="5.146050000000001">
    <ele>25.01</ele>
   </trkpt>
   <trkpt lat="50.930130000000005" lon="5.146210000000001">
    <ele>25.01</ele>
   </trkpt>
   <trkpt lat="50.930080000000004" lon="5.1464300000000005">
    <ele>25.0</ele>
   </trkpt>
   <trkpt lat="50.93004000508265" lon="5.147520000685476">
    <ele>25.01</ele>
   </trkpt>
   <trkpt lat="50.93000000000001" lon="5.148610000000001">
    <ele>25.01</ele>
   </trkpt>
   <trkpt lat="50.92994000260379" lon="5.14938500049571">
    <ele>24.85</ele>
   </trkpt>
   <trkpt lat="50.929880000000004" lon="5.1501600000000005">
    <ele>24.77</ele>
   </trkpt>
   <trkpt lat="50.92987" lon="5.1513">
    <ele>25.740000000000002</ele>
   </trkpt>
   <trkpt lat="50.92937999991406" lon="5.15143000141142">
    <ele>25.900000000000002</ele>
   </trkpt>
   <trkpt lat="50.92889" lon="5.151560000000001">
    <ele>25.800000000000004</ele>
   </trkpt>
   <trkpt lat="50.928670000000004" lon="5.151590000000001">
    <ele>25.800000000000004</ele>
   </trkpt>
   <trkpt lat="50.92842" lon="5.15155">
    <ele>25.76</ele>
   </trkpt>
   <trkpt lat="50.92768" lon="5.15137">
    <ele>26.740000000000002</ele>
   </trkpt>
   <trkpt lat="50.92795000741139" lon="5.152689992196109">
    <ele>27.080000000000002</ele>
   </trkpt>
   <trkpt lat="50.92822" lon="5.15401">
    <ele>28.21</ele>
   </trkpt>
   <trkpt lat="50.92832000000001" lon="5.15425">
    <ele>28.450000000000003</ele>
   </trkpt>
   <trkpt lat="50.92862" lon="5.154820000000001">
    <ele>29.1</ele>
   </trkpt>
   <trkpt lat="50.927945000384575" lon="5.1551600049886614">
    <ele>29.42</ele>
   </trkpt>
   <trkpt lat="50.92727000000001" lon="5.155500000000001">
    <ele>29.460000000000004</ele>
   </trkpt>
   <trkpt lat="50.926660000000005" lon="5.15587">
    <ele>29.150000000000002</ele>
   </trkpt>
   <trkpt lat="50.9262" lon="5.156280000000001">
    <ele>29.150000000000002</ele>
   </trkpt>
   <trkpt lat="50.92604000000001" lon="5.15646">
    <ele>29.200000000000003</ele>
   </trkpt>
   <trkpt lat="50.92588000000001" lon="5.156680000000001">
    <ele>29.39</ele>
   </trkpt>
   <trkpt lat="50.92605000600395" lon="5.157864995721699">
    <ele>30.8</ele>
   </trkpt>
   <trkpt lat="50.92622" lon="5.159050000000001">
    <ele>33.65</ele>
   </trkpt>
   <trkpt lat="50.92622" lon="5.159070000000001">
    <ele>33.690000000000005</ele>
   </trkpt>
   <trkpt lat="50.92633000000001" lon="5.15986">
    <ele>35.75</ele>
   </trkpt>
   <trkpt lat="50.92629" lon="5.160030000000001">
    <ele>36.69</ele>
   </trkpt>
   <trkpt lat="50.92586500217019" lon="5.159319993542839">
    <ele>35.31</ele>
   </trkpt>
   <trkpt lat="50.92544" lon="5.15861">
    <ele>34.17</ele>
   </trkpt>
   <trkpt lat="50.92531" lon="5.15845">
    <ele>33.43</ele>
   </trkpt>
   <trkpt lat="50.925180000000005" lon="5.15836">
    <ele>33.43</ele>
   </trkpt>
   <trkpt lat="50.92499" lon="5.1583000000000006">
    <ele>32.690000000000005</ele>
   </trkpt>
   <trkpt lat="50.92486" lon="5.1583000000000006">
    <ele>32.690000000000005</ele>
   </trkpt>
   <trkpt lat="50.924710000000005" lon="5.158370000000001">
    <ele>32.330000000000005</ele>
   </trkpt>
   <trkpt lat="50.92397666835687" lon="5.158813347302584">
    <ele>31.490000000000002</ele>
   </trkpt>
   <trkpt lat="50.923243335035075" lon="5.15925668062867">
    <ele>30.400000000000002</ele>
   </trkpt>
   <trkpt lat="50.92251" lon="5.159700000000001">
    <ele>29.85</ele>
   </trkpt>
   <trkpt lat="50.922035000841426" lon="5.160080003699693">
    <ele>29.290000000000003</ele>
   </trkpt>
   <trkpt lat="50.92156000000001" lon="5.1604600000000005">
    <ele>29.0</ele>
   </trkpt>
   <trkpt lat="50.92092000103576" lon="5.160965006988386">
    <ele>29.030000000000005</ele>
   </trkpt>
   <trkpt lat="50.920280000000005" lon="5.1614700000000004">
    <ele>29.370000000000005</ele>
   </trkpt>
   <trkpt lat="50.92011" lon="5.161580000000001">
    <ele>29.43</ele>
   </trkpt>
   <trkpt lat="50.91967" lon="5.161770000000001">
    <ele>29.800000000000004</ele>
   </trkpt>
   <trkpt lat="50.91924" lon="5.16188">
    <ele>29.980000000000004</ele>
   </trkpt>
   <trkpt lat="50.91883000000001" lon="5.1619">
    <ele>30.18</ele>
   </trkpt>
   <trkpt lat="50.91806666666084" lon="5.161878331555795">
    <ele>30.750000000000004</ele>
   </trkpt>
   <trkpt lat="50.91730333331767" lon="5.1618566638224825">
    <ele>31.060000000000002</ele>
   </trkpt>
   <trkpt lat="50.916539999970475" lon="5.16183499680002">
    <ele>31.27</ele>
   </trkpt>
   <trkpt lat="50.915776666619266" lon="5.161813330488364">
    <ele>31.42</ele>
   </trkpt>
   <trkpt lat="50.91501333326405" lon="5.16179166488747">
    <ele>31.240000000000002</ele>
   </trkpt>
   <trkpt lat="50.91425" lon="5.161770000000001">
    <ele>30.650000000000002</ele>
   </trkpt>
   <trkpt lat="50.913830000000004" lon="5.16166">
    <ele>30.470000000000002</ele>
   </trkpt>
   <trkpt lat="50.91357000000001" lon="5.161530000000001">
    <ele>29.52</ele>
   </trkpt>
   <trkpt lat="50.913270000000004" lon="5.16133">
    <ele>29.52</ele>
   </trkpt>
   <trkpt lat="50.91263000251922" lon="5.160786651721978">
    <ele>28.520000000000003</ele>
   </trkpt>
   <trkpt lat="50.91199000251683" lon="5.16024331838689">
    <ele>28.19</ele>
   </trkpt>
   <trkpt lat="50.911350000000006" lon="5.159700000000001">
    <ele>28.310000000000002</ele>
   </trkpt>
   <trkpt lat="50.91093000000001" lon="5.15939">
    <ele>28.48</ele>
   </trkpt>
   <trkpt lat="50.91067" lon="5.15925">
    <ele>28.64</ele>
   </trkpt>
   <trkpt lat="50.910520000000005" lon="5.159190000000001">
    <ele>28.64</ele>
   </trkpt>
   <trkpt lat="50.91011" lon="5.159120000000001">
    <ele>28.82</ele>
   </trkpt>
   <trkpt lat="50.909560000125325" lon="5.159074999477829">
    <ele>28.92</ele>
   </trkpt>
   <trkpt lat="50.90901" lon="5.1590300000000004">
    <ele>28.740000000000002</ele>
   </trkpt>
   <trkpt lat="50.908370000000005" lon="5.15896">
    <ele>28.41</ele>
   </trkpt>
   <trkpt lat="50.90813000000001" lon="5.158880000000001">
    <ele>28.270000000000003</ele>
   </trkpt>
   <trkpt lat="50.907880000000006" lon="5.1587700000000005">
    <ele>28.200000000000003</ele>
   </trkpt>
   <trkpt lat="50.90767" lon="5.15864">
    <ele>28.180000000000003</ele>
   </trkpt>
   <trkpt lat="50.90728000000001" lon="5.158340000000001">
    <ele>28.290000000000003</ele>
   </trkpt>
   <trkpt lat="50.906556669510984" lon="5.157759981952424">
    <ele>27.880000000000003</ele>
   </trkpt>
   <trkpt lat="50.90583333614838" lon="5.15717998192933">
    <ele>27.680000000000003</ele>
   </trkpt>
   <trkpt lat="50.90511000000001" lon="5.1566">
    <ele>27.700000000000003</ele>
   </trkpt>
   <trkpt lat="50.904880000000006" lon="5.1564700000000006">
    <ele>27.610000000000003</ele>
   </trkpt>
   <trkpt lat="50.90462" lon="5.156370000000001">
    <ele>27.6</ele>
   </trkpt>
   <trkpt lat="50.9044" lon="5.15634">
    <ele>27.66</ele>
   </trkpt>
   <trkpt lat="50.904090000000004" lon="5.156370000000001">
    <ele>27.810000000000002</ele>
   </trkpt>
   <trkpt lat="50.903690000000005" lon="5.156440000000001">
    <ele>28.1</ele>
   </trkpt>
   <trkpt lat="50.90361000000001" lon="5.156420000000001">
    <ele>28.090000000000003</ele>
   </trkpt>
   <trkpt lat="50.903560000000006" lon="5.1564700000000006">
    <ele>28.150000000000002</ele>
   </trkpt>
   <trkpt lat="50.903310000000005" lon="5.156540000000001">
    <ele>28.25</ele>
   </trkpt>
   <trkpt lat="50.90276500003423" lon="5.156680001651512">
    <ele>28.490000000000002</ele>
   </trkpt>
   <trkpt lat="50.90222000000001" lon="5.156820000000001">
    <ele>28.770000000000003</ele>
   </trkpt>
   <trkpt lat="50.90158999989048" lon="5.156940001656274">
    <ele>28.860000000000003</ele>
   </trkpt>
   <trkpt lat="50.900960000000005" lon="5.15706">
    <ele>29.26</ele>
   </trkpt>
   <trkpt lat="50.90007500008568" lon="5.157225003141784">
    <ele>28.35</ele>
   </trkpt>
   <trkpt lat="50.899190000000004" lon="5.15739">
    <ele>28.03</ele>
   </trkpt>
   <trkpt lat="50.898920000000004" lon="5.15742">
    <ele>27.85</ele>
   </trkpt>
   <trkpt lat="50.89817000000001" lon="5.157450000000001">
    <ele>27.46</ele>
   </trkpt>
   <trkpt lat="50.89799000000001" lon="5.15749">
    <ele>27.46</ele>
   </trkpt>
   <trkpt lat="50.89782" lon="5.1575500000000005">
    <ele>27.39</ele>
   </trkpt>
   <trkpt lat="50.89762" lon="5.15767">
    <ele>27.39</ele>
   </trkpt>
   <trkpt lat="50.89743000000001" lon="5.157830000000001">
    <ele>27.17</ele>
   </trkpt>
   <trkpt lat="50.89696000000001" lon="5.158340000000001">
    <ele>26.88</ele>
   </trkpt>
   <trkpt lat="50.896800000000006" lon="5.158460000000001">
    <ele>26.85</ele>
   </trkpt>
   <trkpt lat="50.896620000000006" lon="5.15854">
    <ele>26.85</ele>
   </trkpt>
   <trkpt lat="50.89661" lon="5.15854">
    <ele>26.85</ele>
   </trkpt>
   <trkpt lat="50.896390000000004" lon="5.158600000000001">
    <ele>26.820000000000004</ele>
   </trkpt>
   <trkpt lat="50.89620000000001" lon="5.15857">
    <ele>26.81</ele>
   </trkpt>
   <trkpt lat="50.89544" lon="5.15838">
    <ele>27.6</ele>
   </trkpt>
   <trkpt lat="50.89529" lon="5.15843">
    <ele>27.6</ele>
   </trkpt>
   <trkpt lat="50.895230000000005" lon="5.158480000000001">
    <ele>27.6</ele>
   </trkpt>
   <trkpt lat="50.89452401144166" lon="5.159298049589879">
    <ele>27.810000000000002</ele>
   </trkpt>
   <trkpt lat="50.893818017166744" lon="5.160116074378338">
    <ele>28.78</ele>
   </trkpt>
   <trkpt lat="50.89311201717558" lon="5.160934074366551">
    <ele>29.35</ele>
   </trkpt>
   <trkpt lat="50.892406011468495" lon="5.161752049555696">
    <ele>29.78</ele>
   </trkpt>
   <trkpt lat="50.89170000000001" lon="5.1625700000000005">
    <ele>30.070000000000004</ele>
   </trkpt>
   <trkpt lat="50.891102505832286" lon="5.163245025983626">
    <ele>30.240000000000002</ele>
   </trkpt>
   <trkpt lat="50.89050500777204" lon="5.163920034649118">
    <ele>30.6</ele>
   </trkpt>
   <trkpt lat="50.88990750581948" lon="5.164595025997175">
    <ele>31.230000000000004</ele>
   </trkpt>
   <trkpt lat="50.88931" lon="5.1652700000000005">
    <ele>32.0</ele>
   </trkpt>
   <trkpt lat="50.88927" lon="5.16532">
    <ele>32.080000000000005</ele>
   </trkpt>
   <trkpt lat="50.88906" lon="5.16556">
    <ele>32.36</ele>
   </trkpt>
   <trkpt lat="50.888870000000004" lon="5.1657">
    <ele>32.449999999999996</ele>
   </trkpt>
   <trkpt lat="50.88873" lon="5.165730000000001">
    <ele>32.449999999999996</ele>
   </trkpt>
   <trkpt lat="50.888560000000005" lon="5.165730000000001">
    <ele>32.370000000000005</ele>
   </trkpt>
   <trkpt lat="50.88783" lon="5.16563">
    <ele>31.51</ele>
   </trkpt>
   <trkpt lat="50.887550000000005" lon="5.165500000000001">
    <ele>31.240000000000002</ele>
   </trkpt>
   <trkpt lat="50.88721" lon="5.16516">
    <ele>30.740000000000002</ele>
   </trkpt>
   <trkpt lat="50.88702000000001" lon="5.1648700000000005">
    <ele>30.35</ele>
   </trkpt>
   <trkpt lat="50.88678" lon="5.164210000000001">
    <ele>30.18</ele>
   </trkpt>
   <trkpt lat="50.88671" lon="5.1639100000000004">
    <ele>30.21</ele>
   </trkpt>
   <trkpt lat="50.886680000000005" lon="5.16366">
    <ele>30.340000000000003</ele>
   </trkpt>
   <trkpt lat="50.8866" lon="5.16366">
    <ele>30.390000000000004</ele>
   </trkpt>
   <trkpt lat="50.88646000000001" lon="5.1635800000000005">
    <ele>30.390000000000004</ele>
   </trkpt>
   <trkpt lat="50.885670000000005" lon="5.1637200000000005">
    <ele>29.960000000000004</ele>
   </trkpt>
   <trkpt lat="50.885540000000006" lon="5.1637900000000005">
    <ele>29.960000000000004</ele>
   </trkpt>
   <trkpt lat="50.885450000000006" lon="5.16389">
    <ele>29.960000000000004</ele>
   </trkpt>
   <trkpt lat="50.884890000000006" lon="5.16486">
    <ele>30.330000000000002</ele>
   </trkpt>
   <trkpt lat="50.884800000000006" lon="5.16499">
    <ele>30.330000000000002</ele>
   </trkpt>
   <trkpt lat="50.884710000000005" lon="5.165080000000001">
    <ele>30.330000000000002</ele>
   </trkpt>
   <trkpt lat="50.88421" lon="5.16546">
    <ele>30.62</ele>
   </trkpt>
   <trkpt lat="50.88347" lon="5.166">
    <ele>30.94</ele>
   </trkpt>
   <trkpt lat="50.883230000000005" lon="5.166060000000001">
    <ele>31.240000000000002</ele>
   </trkpt>
   <trkpt lat="50.883" lon="5.16608">
    <ele>31.810000000000006</ele>
   </trkpt>
   <trkpt lat="50.882340000000006" lon="5.166040000000001">
    <ele>31.77</ele>
   </trkpt>
   <trkpt lat="50.88212000000001" lon="5.16608">
    <ele>31.59</ele>
   </trkpt>
   <trkpt lat="50.88179" lon="5.1662300000000005">
    <ele>31.26</ele>
   </trkpt>
   <trkpt lat="50.88149000000001" lon="5.166440000000001">
    <ele>30.61</ele>
   </trkpt>
   <trkpt lat="50.88112" lon="5.1668">
    <ele>30.070000000000004</ele>
   </trkpt>
   <trkpt lat="50.88096" lon="5.166980000000001">
    <ele>30.09</ele>
   </trkpt>
   <trkpt lat="50.8808" lon="5.167140000000001">
    <ele>30.130000000000003</ele>
   </trkpt>
   <trkpt lat="50.88024000000001" lon="5.167560000000001">
    <ele>30.580000000000002</ele>
   </trkpt>
   <trkpt lat="50.879850000000005" lon="5.167800000000001">
    <ele>30.640000000000004</ele>
   </trkpt>
   <trkpt lat="50.87953" lon="5.16793">
    <ele>30.78</ele>
   </trkpt>
   <trkpt lat="50.87901" lon="5.1680600000000005">
    <ele>30.720000000000002</ele>
   </trkpt>
   <trkpt lat="50.878710000000005" lon="5.168080000000001">
    <ele>30.61</ele>
   </trkpt>
   <trkpt lat="50.878240000000005" lon="5.168080000000001">
    <ele>30.61</ele>
   </trkpt>
   <trkpt lat="50.87807" lon="5.16811">
    <ele>30.480000000000004</ele>
   </trkpt>
   <trkpt lat="50.87783" lon="5.168240000000001">
    <ele>30.35</ele>
   </trkpt>
   <trkpt lat="50.877700000000004" lon="5.168340000000001">
    <ele>30.35</ele>
   </trkpt>
   <trkpt lat="50.87762000000001" lon="5.168430000000001">
    <ele>30.310000000000002</ele>
   </trkpt>
   <trkpt lat="50.87745" lon="5.16856">
    <ele>30.310000000000002</ele>
   </trkpt>
   <trkpt lat="50.87713" lon="5.16873">
    <ele>30.11</ele>
   </trkpt>
   <trkpt lat="50.87661000000001" lon="5.1688600000000005">
    <ele>30.18</ele>
   </trkpt>
   <trkpt lat="50.876450000000006" lon="5.16894">
    <ele>30.18</ele>
   </trkpt>
   <trkpt lat="50.87633" lon="5.16903">
    <ele>30.230000000000004</ele>
   </trkpt>
   <trkpt lat="50.8757" lon="5.16962">
    <ele>30.67</ele>
   </trkpt>
   <trkpt lat="50.875510000000006" lon="5.16978">
    <ele>30.810000000000002</ele>
   </trkpt>
   <trkpt lat="50.87529000000001" lon="5.16992">
    <ele>30.87</ele>
   </trkpt>
   <trkpt lat="50.87507" lon="5.170030000000001">
    <ele>30.87</ele>
   </trkpt>
   <trkpt lat="50.874470000259215" lon="5.170225002478987">
    <ele>30.840000000000003</ele>
   </trkpt>
   <trkpt lat="50.873870000000004" lon="5.17042">
    <ele>30.61</ele>
   </trkpt>
   <trkpt lat="50.873470000000005" lon="5.17058">
    <ele>29.53</ele>
   </trkpt>
   <trkpt lat="50.873025000210426" lon="5.170790001994636">
    <ele>29.19</ele>
   </trkpt>
   <trkpt lat="50.872580000000006" lon="5.171">
    <ele>29.16</ele>
   </trkpt>
   <trkpt lat="50.87248" lon="5.17107">
    <ele>29.16</ele>
   </trkpt>
   <trkpt lat="50.87220000000001" lon="5.171290000000001">
    <ele>29.07</ele>
   </trkpt>
   <trkpt lat="50.871930000000006" lon="5.171530000000001">
    <ele>29.210000000000004</ele>
   </trkpt>
   <trkpt lat="50.87172" lon="5.1717">
    <ele>29.330000000000002</ele>
   </trkpt>
   <trkpt lat="50.87106000000001" lon="5.1720500000000005">
    <ele>29.6</ele>
   </trkpt>
   <trkpt lat="50.87071" lon="5.17234">
    <ele>29.67</ele>
   </trkpt>
   <trkpt lat="50.870430000000006" lon="5.17269">
    <ele>29.830000000000002</ele>
   </trkpt>
   <trkpt lat="50.86995" lon="5.17344">
    <ele>30.230000000000004</ele>
   </trkpt>
   <trkpt lat="50.86961" lon="5.173970000000001">
    <ele>30.560000000000002</ele>
   </trkpt>
   <trkpt lat="50.86901000544968" lon="5.174766687139591">
    <ele>31.27</ele>
   </trkpt>
   <trkpt lat="50.868410005476434" lon="5.175563353770372">
    <ele>31.68</ele>
   </trkpt>
   <trkpt lat="50.867810000000006" lon="5.176360000000001">
    <ele>32.24</ele>
   </trkpt>
   <trkpt lat="50.86768000000001" lon="5.1766000000000005">
    <ele>32.24</ele>
   </trkpt>
   <trkpt lat="50.86724500551751" lon="5.17773001038221">
    <ele>33.17</ele>
   </trkpt>
   <trkpt lat="50.86681" lon="5.17886">
    <ele>33.29</ele>
   </trkpt>
   <trkpt lat="50.86666" lon="5.17938">
    <ele>33.14</ele>
   </trkpt>
   <trkpt lat="50.86641" lon="5.1805900000000005">
    <ele>33.120000000000005</ele>
   </trkpt>
   <trkpt lat="50.86623" lon="5.181170000000001">
    <ele>33.0</ele>
   </trkpt>
   <trkpt lat="50.86600000000001" lon="5.18165">
    <ele>33.150000000000006</ele>
   </trkpt>
   <trkpt lat="50.86582000000001" lon="5.1819500000000005">
    <ele>33.38</ele>
   </trkpt>
   <trkpt lat="50.865190000000005" lon="5.1827700000000005">
    <ele>33.800000000000004</ele>
   </trkpt>
   <trkpt lat="50.86471000103576" lon="5.183275005255863">
    <ele>34.0</ele>
   </trkpt>
   <trkpt lat="50.864230000000006" lon="5.1837800000000005">
    <ele>35.28000000000001</ele>
   </trkpt>
   <trkpt lat="50.864106022051814" lon="5.182643987901359">
    <ele>34.52</ele>
   </trkpt>
   <trkpt lat="50.86398203307687" lon="5.181507981844687">
    <ele>33.910000000000004</ele>
   </trkpt>
   <trkpt lat="50.86385803307526" lon="5.180371981830464">
    <ele>33.440000000000005</ele>
   </trkpt>
   <trkpt lat="50.8637340220471" lon="5.17923598785917">
    <ele>32.95</ele>
   </trkpt>
   <trkpt lat="50.86361" lon="5.178100000000001">
    <ele>32.6</ele>
   </trkpt>
   <trkpt lat="50.86352000808095" lon="5.1767249974028795">
    <ele>32.080000000000005</ele>
   </trkpt>
   <trkpt lat="50.86343" lon="5.175350000000001">
    <ele>31.700000000000006</ele>
   </trkpt>
   <trkpt lat="50.863330000000005" lon="5.174390000000001">
    <ele>31.22</ele>
   </trkpt>
   <trkpt lat="50.863115005426565" lon="5.173259994638419">
    <ele>30.910000000000004</ele>
   </trkpt>
   <trkpt lat="50.8629" lon="5.17213">
    <ele>30.730000000000004</ele>
   </trkpt>
   <trkpt lat="50.86278500283014" lon="5.171314997935851">
    <ele>30.37</ele>
   </trkpt>
   <trkpt lat="50.86267" lon="5.1705000000000005">
    <ele>29.980000000000004</ele>
   </trkpt>
   <trkpt lat="50.86258" lon="5.17016">
    <ele>29.84</ele>
   </trkpt>
   <trkpt lat="50.86251000000001" lon="5.170000000000001">
    <ele>29.84</ele>
   </trkpt>
   <trkpt lat="50.86221000134576" lon="5.169429996252135">
    <ele>29.330000000000002</ele>
   </trkpt>
   <trkpt lat="50.86191" lon="5.1688600000000005">
    <ele>29.27</ele>
   </trkpt>
   <trkpt lat="50.8618" lon="5.16854">
    <ele>29.34</ele>
   </trkpt>
   <trkpt lat="50.86168000000001" lon="5.16811">
    <ele>29.560000000000002</ele>
   </trkpt>
   <trkpt lat="50.861560000000004" lon="5.16753">
    <ele>29.75</ele>
   </trkpt>
   <trkpt lat="50.86144" lon="5.167050000000001">
    <ele>29.810000000000002</ele>
   </trkpt>
   <trkpt lat="50.861150003154904" lon="5.1661949947758705">
    <ele>29.75</ele>
   </trkpt>
   <trkpt lat="50.86086" lon="5.1653400000000005">
    <ele>30.03</ele>
   </trkpt>
   <trkpt lat="50.86072000000001" lon="5.16483">
    <ele>30.1</ele>
   </trkpt>
   <trkpt lat="50.860670000000006" lon="5.164720000000001">
    <ele>30.1</ele>
   </trkpt>
   <trkpt lat="50.860260000000004" lon="5.1643300000000005">
    <ele>30.1</ele>
   </trkpt>
   <trkpt lat="50.859487506241436" lon="5.1636324653400925">
    <ele>29.7</ele>
   </trkpt>
   <trkpt lat="50.85871500832554" lon="5.162934953791056">
    <ele>29.34</ele>
   </trkpt>
   <trkpt lat="50.857942506252535" lon="5.1622374653516125">
    <ele>28.630000000000003</ele>
   </trkpt>
   <trkpt lat="50.85717" lon="5.1615400000000005">
    <ele>28.55</ele>
   </trkpt>
   <trkpt lat="50.85689000000001" lon="5.16126">
    <ele>28.64</ele>
   </trkpt>
   <trkpt lat="50.856660000000005" lon="5.16096">
    <ele>29.030000000000005</ele>
   </trkpt>
   <trkpt lat="50.85649" lon="5.16065">
    <ele>29.030000000000005</ele>
   </trkpt>
   <trkpt lat="50.856350000000006" lon="5.1603200000000005">
    <ele>29.5</ele>
   </trkpt>
   <trkpt lat="50.856260000000006" lon="5.16002">
    <ele>29.560000000000002</ele>
   </trkpt>
   <trkpt lat="50.856190000000005" lon="5.15972">
    <ele>29.650000000000002</ele>
   </trkpt>
   <trkpt lat="50.85591503685206" lon="5.158406627968231">
    <ele>30.44</ele>
   </trkpt>
   <trkpt lat="50.85564005896468" lon="5.157093271423829">
    <ele>31.290000000000006</ele>
   </trkpt>
   <trkpt lat="50.855365066338166" lon="5.15577993036729">
    <ele>31.66</ele>
   </trkpt>
   <trkpt lat="50.85509005897289" lon="5.154466604799108">
    <ele>31.900000000000006</ele>
   </trkpt>
   <trkpt lat="50.85481503686913" lon="5.153153294719779">
    <ele>32.07</ele>
   </trkpt>
   <trkpt lat="50.85454000000001" lon="5.151840000000001">
    <ele>32.28</ele>
   </trkpt>
   <trkpt lat="50.85454000000001" lon="5.15183">
    <ele>32.28</ele>
   </trkpt>
   <trkpt lat="50.854260000000004" lon="5.150480000000001">
    <ele>32.580000000000005</ele>
   </trkpt>
   <trkpt lat="50.85427000000001" lon="5.1503000000000005">
    <ele>32.580000000000005</ele>
   </trkpt>
   <trkpt lat="50.853530000000006" lon="5.14981">
    <ele>31.64</ele>
   </trkpt>
   <trkpt lat="50.853440000000006" lon="5.149760000000001">
    <ele>31.64</ele>
   </trkpt>
   <trkpt lat="50.85333000000001" lon="5.149730000000001">
    <ele>31.48</ele>
   </trkpt>
   <trkpt lat="50.85271666670924" lon="5.149713332896097">
    <ele>30.820000000000004</ele>
   </trkpt>
   <trkpt lat="50.852103333416096" lon="5.14969666623053">
    <ele>30.650000000000002</ele>
   </trkpt>
   <trkpt lat="50.851490000000005" lon="5.14968">
    <ele>30.730000000000004</ele>
   </trkpt>
   <trkpt lat="50.85132" lon="5.1496900000000005">
    <ele>30.730000000000004</ele>
   </trkpt>
   <trkpt lat="50.85118000000001" lon="5.149730000000001">
    <ele>30.640000000000004</ele>
   </trkpt>
   <trkpt lat="50.850930000000005" lon="5.14986">
    <ele>30.640000000000004</ele>
   </trkpt>
   <trkpt lat="50.85037500060277" lon="5.150220004251574">
    <ele>30.7</ele>
   </trkpt>
   <trkpt lat="50.84982" lon="5.150580000000001">
    <ele>30.740000000000002</ele>
   </trkpt>
   <trkpt lat="50.849560000000004" lon="5.15069">
    <ele>30.79</ele>
   </trkpt>
   <trkpt lat="50.849320000000006" lon="5.15073">
    <ele>30.79</ele>
   </trkpt>
   <trkpt lat="50.84915" lon="5.150740000000001">
    <ele>31.28</ele>
   </trkpt>
   <trkpt lat="50.84901000000001" lon="5.150720000000001">
    <ele>31.28</ele>
   </trkpt>
   <trkpt lat="50.84848000019979" lon="5.150584998497245">
    <ele>31.580000000000002</ele>
   </trkpt>
   <trkpt lat="50.847950000000004" lon="5.15045">
    <ele>31.87</ele>
   </trkpt>
   <trkpt lat="50.847710000000006" lon="5.15042">
    <ele>31.87</ele>
   </trkpt>
   <trkpt lat="50.84732" lon="5.150510000000001">
    <ele>31.8</ele>
   </trkpt>
   <trkpt lat="50.84704000000001" lon="5.150620000000001">
    <ele>31.790000000000006</ele>
   </trkpt>
   <trkpt lat="50.84675000000001" lon="5.150720000000001">
    <ele>31.810000000000006</ele>
   </trkpt>
   <trkpt lat="50.84667" lon="5.1512">
    <ele>31.64</ele>
   </trkpt>
   <trkpt lat="50.84664000343081" lon="5.152095000330434">
    <ele>31.48</ele>
   </trkpt>
   <trkpt lat="50.846610000000005" lon="5.152990000000001">
    <ele>31.6</ele>
   </trkpt>
   <trkpt lat="50.846540000000005" lon="5.15357">
    <ele>31.82</ele>
   </trkpt>
   <trkpt lat="50.846320000000006" lon="5.15444">
    <ele>31.93</ele>
   </trkpt>
   <trkpt lat="50.846140000000005" lon="5.154990000000001">
    <ele>31.87</ele>
   </trkpt>
   <trkpt lat="50.845980000000004" lon="5.155390000000001">
    <ele>31.790000000000006</ele>
   </trkpt>
   <trkpt lat="50.84581000000001" lon="5.15571">
    <ele>31.84</ele>
   </trkpt>
   <trkpt lat="50.84554000000001" lon="5.156090000000001">
    <ele>31.85</ele>
   </trkpt>
   <trkpt lat="50.84493500237958" lon="5.156850009966477">
    <ele>32.25</ele>
   </trkpt>
   <trkpt lat="50.84433000000001" lon="5.15761">
    <ele>32.470000000000006</ele>
   </trkpt>
   <trkpt lat="50.843920000000004" lon="5.158200000000001">
    <ele>32.61</ele>
   </trkpt>
   <trkpt lat="50.84335000384569" lon="5.1591550117529295">
    <ele>32.96</ele>
   </trkpt>
   <trkpt lat="50.842780000000005" lon="5.16011">
    <ele>33.21</ele>
   </trkpt>
   <trkpt lat="50.842560000000006" lon="5.160380000000001">
    <ele>33.330000000000005</ele>
   </trkpt>
   <trkpt lat="50.842310000000005" lon="5.1606000000000005">
    <ele>33.330000000000005</ele>
   </trkpt>
   <trkpt lat="50.84203" lon="5.16075">
    <ele>33.480000000000004</ele>
   </trkpt>
   <trkpt lat="50.84178000000001" lon="5.16082">
    <ele>33.910000000000004</ele>
   </trkpt>
   <trkpt lat="50.84149000000001" lon="5.160830000000001">
    <ele>34.11</ele>
   </trkpt>
   <trkpt lat="50.84109" lon="5.16075">
    <ele>34.85000000000001</ele>
   </trkpt>
   <trkpt lat="50.8403700001714" lon="5.160549996914114">
    <ele>35.36</ele>
   </trkpt>
   <trkpt lat="50.839650000000006" lon="5.16035">
    <ele>35.870000000000005</ele>
   </trkpt>
   <trkpt lat="50.83935" lon="5.160310000000001">
    <ele>36.19</ele>
   </trkpt>
   <trkpt lat="50.83907000000001" lon="5.1603200000000005">
    <ele>36.36</ele>
   </trkpt>
   <trkpt lat="50.83830333349791" lon="5.160446670824121">
    <ele>36.65</ele>
   </trkpt>
   <trkpt lat="50.83753666685869" lon="5.160573337486172">
    <ele>37.08</ele>
   </trkpt>
   <trkpt lat="50.83677" lon="5.1607">
    <ele>37.37</ele>
   </trkpt>
   <trkpt lat="50.836380000000005" lon="5.16079">
    <ele>37.85</ele>
   </trkpt>
   <trkpt lat="50.83621" lon="5.16084">
    <ele>37.85</ele>
   </trkpt>
   <trkpt lat="50.8359" lon="5.16098">
    <ele>37.96</ele>
   </trkpt>
   <trkpt lat="50.835570000000004" lon="5.1612">
    <ele>38.13</ele>
   </trkpt>
   <trkpt lat="50.835240000000006" lon="5.161490000000001">
    <ele>37.82000000000001</ele>
   </trkpt>
   <trkpt lat="50.834970000000006" lon="5.161770000000001">
    <ele>37.900000000000006</ele>
   </trkpt>
   <trkpt lat="50.834590000000006" lon="5.16237">
    <ele>37.92</ele>
   </trkpt>
   <trkpt lat="50.834060004838" lon="5.163435012111369">
    <ele>38.07</ele>
   </trkpt>
   <trkpt lat="50.83353" lon="5.1645">
    <ele>38.46</ele>
   </trkpt>
   <trkpt lat="50.83306" lon="5.165570000000001">
    <ele>38.39</ele>
   </trkpt>
   <trkpt lat="50.83269000000001" lon="5.166110000000001">
    <ele>38.19</ele>
   </trkpt>
   <trkpt lat="50.832440000000005" lon="5.166370000000001">
    <ele>38.220000000000006</ele>
   </trkpt>
   <trkpt lat="50.832040000000006" lon="5.16669">
    <ele>38.25000000000001</ele>
   </trkpt>
   <trkpt lat="50.83174" lon="5.16696">
    <ele>38.49</ele>
   </trkpt>
   <trkpt lat="50.831220001268775" lon="5.167515006233566">
    <ele>38.66</ele>
   </trkpt>
   <trkpt lat="50.83070000000001" lon="5.16807">
    <ele>38.8</ele>
   </trkpt>
   <trkpt lat="50.82996000000001" lon="5.1688">
    <ele>39.290000000000006</ele>
   </trkpt>
   <trkpt lat="50.82976000000001" lon="5.16906">
    <ele>39.32</ele>
   </trkpt>
   <trkpt lat="50.82956" lon="5.1694700000000005">
    <ele>39.330000000000005</ele>
   </trkpt>
   <trkpt lat="50.82934" lon="5.17016">
    <ele>39.300000000000004</ele>
   </trkpt>
   <trkpt lat="50.82905" lon="5.1707600000000005">
    <ele>39.550000000000004</ele>
   </trkpt>
   <trkpt lat="50.82884000000001" lon="5.17107">
    <ele>39.830000000000005</ele>
   </trkpt>
   <trkpt lat="50.82837000000001" lon="5.171740000000001">
    <ele>40.06</ele>
   </trkpt>
   <trkpt lat="50.828120000000006" lon="5.172020000000001">
    <ele>40.39</ele>
   </trkpt>
   <trkpt lat="50.827575000846295" lon="5.1724550050483">
    <ele>40.88</ele>
   </trkpt>
   <trkpt lat="50.82703000000001" lon="5.172890000000001">
    <ele>41.45</ele>
   </trkpt>
   <trkpt lat="50.82694000000001" lon="5.172910000000001">
    <ele>41.63</ele>
   </trkpt>
   <trkpt lat="50.826640000000005" lon="5.17316">
    <ele>41.900000000000006</ele>
   </trkpt>
   <trkpt lat="50.82659" lon="5.173260000000001">
    <ele>41.900000000000006</ele>
   </trkpt>
   <trkpt lat="50.82616500051371" lon="5.173645003613271">
    <ele>42.150000000000006</ele>
   </trkpt>
   <trkpt lat="50.82574" lon="5.17403">
    <ele>42.690000000000005</ele>
   </trkpt>
   <trkpt lat="50.825660000000006" lon="5.1741">
    <ele>42.78</ele>
   </trkpt>
   <trkpt lat="50.824920000000006" lon="5.17478">
    <ele>43.75</ele>
   </trkpt>
   <trkpt lat="50.824270000000006" lon="5.17544">
    <ele>44.08</ele>
   </trkpt>
   <trkpt lat="50.824200000000005" lon="5.17546">
    <ele>44.08</ele>
   </trkpt>
   <trkpt lat="50.824130000000004" lon="5.17553">
    <ele>44.22</ele>
   </trkpt>
   <trkpt lat="50.8241" lon="5.175630000000001">
    <ele>44.22</ele>
   </trkpt>
   <trkpt lat="50.823350000000005" lon="5.17638">
    <ele>44.95</ele>
   </trkpt>
   <trkpt lat="50.823330000000006" lon="5.176340000000001">
    <ele>44.95</ele>
   </trkpt>
   <trkpt lat="50.823280000000004" lon="5.176310000000001">
    <ele>44.980000000000004</ele>
   </trkpt>
   <trkpt lat="50.823240000000006" lon="5.1763200000000005">
    <ele>45.07000000000001</ele>
   </trkpt>
   <trkpt lat="50.82321" lon="5.17637">
    <ele>45.07000000000001</ele>
   </trkpt>
   <trkpt lat="50.82251" lon="5.175610000000001">
    <ele>45.07000000000001</ele>
   </trkpt>
   <trkpt lat="50.82227" lon="5.17541">
    <ele>45.36000000000001</ele>
   </trkpt>
   <trkpt lat="50.821830000000006" lon="5.17513">
    <ele>45.71</ele>
   </trkpt>
   <trkpt lat="50.821810000000006" lon="5.174980000000001">
    <ele>45.6</ele>
   </trkpt>
   <trkpt lat="50.82179000000001" lon="5.174950000000001">
    <ele>45.6</ele>
   </trkpt>
   <trkpt lat="50.821740000000005" lon="5.174930000000001">
    <ele>45.6</ele>
   </trkpt>
   <trkpt lat="50.82168" lon="5.174950000000001">
    <ele>45.81</ele>
   </trkpt>
   <trkpt lat="50.82164" lon="5.17511">
    <ele>45.81</ele>
   </trkpt>
   <trkpt lat="50.821670000000005" lon="5.175190000000001">
    <ele>45.92</ele>
   </trkpt>
   <trkpt lat="50.821600000000004" lon="5.17529">
    <ele>45.92</ele>
   </trkpt>
   <trkpt lat="50.821450000000006" lon="5.1755700000000004">
    <ele>46.160000000000004</ele>
   </trkpt>
   <trkpt lat="50.82106500304098" lon="5.176420007111404">
    <ele>46.410000000000004</ele>
   </trkpt>
   <trkpt lat="50.82068" lon="5.17727">
    <ele>46.62</ele>
   </trkpt>
   <trkpt lat="50.820460000000004" lon="5.17776">
    <ele>46.86000000000001</ele>
   </trkpt>
   <trkpt lat="50.82041" lon="5.177960000000001">
    <ele>46.900000000000006</ele>
   </trkpt>
   <trkpt lat="50.82034" lon="5.178100000000001">
    <ele>46.900000000000006</ele>
   </trkpt>
   <trkpt lat="50.82000500342513" lon="5.178995006415762">
    <ele>47.080000000000005</ele>
   </trkpt>
   <trkpt lat="50.81967" lon="5.17989">
    <ele>47.150000000000006</ele>
   </trkpt>
   <trkpt lat="50.81947" lon="5.1806">
    <ele>47.53</ele>
   </trkpt>
   <trkpt lat="50.81922" lon="5.18144">
    <ele>47.760000000000005</ele>
   </trkpt>
   <trkpt lat="50.81907" lon="5.1818100000000005">
    <ele>48.040000000000006</ele>
   </trkpt>
   <trkpt lat="50.818830000000005" lon="5.181990000000001">
    <ele>48.43</ele>
   </trkpt>
   <trkpt lat="50.81875" lon="5.18186">
    <ele>48.46</ele>
   </trkpt>
   <trkpt lat="50.81864" lon="5.1815500000000005">
    <ele>48.49</ele>
   </trkpt>
   <trkpt lat="50.81829001358577" lon="5.1802899811708185">
    <ele>49.14</ele>
   </trkpt>
   <trkpt lat="50.817940013601664" lon="5.179029981228386">
    <ele>50.07</ele>
   </trkpt>
   <trkpt lat="50.81759" lon="5.177770000000001">
    <ele>51.910000000000004</ele>
   </trkpt>
   <trkpt lat="50.817440000000005" lon="5.177180000000001">
    <ele>52.690000000000005</ele>
   </trkpt>
   <trkpt lat="50.81736" lon="5.177040000000001">
    <ele>52.93000000000001</ele>
   </trkpt>
   <trkpt lat="50.81723" lon="5.17689">
    <ele>52.93000000000001</ele>
   </trkpt>
   <trkpt lat="50.817060000000005" lon="5.176620000000001">
    <ele>53.07000000000001</ele>
   </trkpt>
   <trkpt lat="50.816810000000004" lon="5.17647">
    <ele>53.120000000000005</ele>
   </trkpt>
   <trkpt lat="50.816390000000006" lon="5.176270000000001">
    <ele>53.59</ele>
   </trkpt>
   <trkpt lat="50.81627" lon="5.176240000000001">
    <ele>53.59</ele>
   </trkpt>
   <trkpt lat="50.815655000541746" lon="5.175939996126158">
    <ele>54.470000000000006</ele>
   </trkpt>
   <trkpt lat="50.81504" lon="5.1756400000000005">
    <ele>55.220000000000006</ele>
   </trkpt>
   <trkpt lat="50.81456000000001" lon="5.17546">
    <ele>54.75000000000001</ele>
   </trkpt>
   <trkpt lat="50.81447000000001" lon="5.17544">
    <ele>54.86000000000001</ele>
   </trkpt>
   <trkpt lat="50.81438000000001" lon="5.175490000000001">
    <ele>55.010000000000005</ele>
   </trkpt>
   <trkpt lat="50.814040000000006" lon="5.174390000000001">
    <ele>54.95</ele>
   </trkpt>
   <trkpt lat="50.81403" lon="5.17438">
    <ele>54.95</ele>
   </trkpt>
   <trkpt lat="50.81383" lon="5.17367">
    <ele>55.190000000000005</ele>
   </trkpt>
   <trkpt lat="50.81373000000001" lon="5.1734">
    <ele>55.21</ele>
   </trkpt>
   <trkpt lat="50.813520000000004" lon="5.17297">
    <ele>55.21</ele>
   </trkpt>
   <trkpt lat="50.812945002536395" lon="5.172209990733606">
    <ele>55.300000000000004</ele>
   </trkpt>
   <trkpt lat="50.81237" lon="5.17145">
    <ele>55.45</ele>
   </trkpt>
   <trkpt lat="50.81224" lon="5.17114">
    <ele>55.550000000000004</ele>
   </trkpt>
   <trkpt lat="50.81197" lon="5.170400000000001">
    <ele>55.760000000000005</ele>
   </trkpt>
   <trkpt lat="50.81164500560915" lon="5.169254992054557">
    <ele>56.2</ele>
   </trkpt>
   <trkpt lat="50.81132" lon="5.16811">
    <ele>56.52</ele>
   </trkpt>
   <trkpt lat="50.81116" lon="5.167660000000001">
    <ele>56.910000000000004</ele>
   </trkpt>
   <trkpt lat="50.81091000000001" lon="5.167090000000001">
    <ele>57.150000000000006</ele>
   </trkpt>
   <trkpt lat="50.810430000000004" lon="5.16614">
    <ele>57.160000000000004</ele>
   </trkpt>
   <trkpt lat="50.80997000301386" lon="5.165299991724836">
    <ele>57.46</ele>
   </trkpt>
   <trkpt lat="50.80951" lon="5.16446">
    <ele>57.760000000000005</ele>
   </trkpt>
   <trkpt lat="50.80909000529816" lon="5.1636666522469135">
    <ele>57.93</ele>
   </trkpt>
   <trkpt lat="50.8086700052164" lon="5.162873318759348">
    <ele>58.29</ele>
   </trkpt>
   <trkpt lat="50.80825" lon="5.1620800000000004">
    <ele>58.17</ele>
   </trkpt>
   <trkpt lat="50.808170000000004" lon="5.16185">
    <ele>58.03</ele>
   </trkpt>
   <trkpt lat="50.80805" lon="5.16141">
    <ele>57.21</ele>
   </trkpt>
   <trkpt lat="50.807860006627585" lon="5.160164994954984">
    <ele>54.080000000000005</ele>
   </trkpt>
   <trkpt lat="50.80767" lon="5.15892">
    <ele>51.730000000000004</ele>
   </trkpt>
   <trkpt lat="50.807500000000005" lon="5.15826">
    <ele>50.370000000000005</ele>
   </trkpt>
   <trkpt lat="50.80734" lon="5.15777">
    <ele>49.89</ele>
   </trkpt>
   <trkpt lat="50.807210000000005" lon="5.157450000000001">
    <ele>49.39</ele>
   </trkpt>
   <trkpt lat="50.80688000000001" lon="5.156840000000001">
    <ele>48.910000000000004</ele>
   </trkpt>
   <trkpt lat="50.80657" lon="5.15632">
    <ele>48.68</ele>
   </trkpt>
   <trkpt lat="50.80624" lon="5.15591">
    <ele>48.56</ele>
   </trkpt>
   <trkpt lat="50.805870000000006" lon="5.1555800000000005">
    <ele>48.74</ele>
   </trkpt>
   <trkpt lat="50.805490000000006" lon="5.155360000000001">
    <ele>48.760000000000005</ele>
   </trkpt>
   <trkpt lat="50.80507" lon="5.15517">
    <ele>48.96</ele>
   </trkpt>
   <trkpt lat="50.80472" lon="5.155">
    <ele>49.760000000000005</ele>
   </trkpt>
   <trkpt lat="50.80456" lon="5.15488">
    <ele>50.2</ele>
   </trkpt>
   <trkpt lat="50.80443" lon="5.154730000000001">
    <ele>50.330000000000005</ele>
   </trkpt>
   <trkpt lat="50.8040250023538" lon="5.153984993508308">
    <ele>50.190000000000005</ele>
   </trkpt>
   <trkpt lat="50.80362" lon="5.15324">
    <ele>49.71</ele>
   </trkpt>
   <trkpt lat="50.803380000000004" lon="5.15289">
    <ele>49.46</ele>
   </trkpt>
   <trkpt lat="50.803160000000005" lon="5.15268">
    <ele>49.21</ele>
   </trkpt>
   <trkpt lat="50.802910000000004" lon="5.15251">
    <ele>49.160000000000004</ele>
   </trkpt>
   <trkpt lat="50.802060000000004" lon="5.152100000000001">
    <ele>49.040000000000006</ele>
   </trkpt>
   <trkpt lat="50.80174" lon="5.151870000000001">
    <ele>49.11</ele>
   </trkpt>
   <trkpt lat="50.80158" lon="5.151700000000001">
    <ele>49.17</ele>
   </trkpt>
   <trkpt lat="50.801170000000006" lon="5.151190000000001">
    <ele>49.24</ele>
   </trkpt>
   <trkpt lat="50.80062000480718" lon="5.15043998234298">
    <ele>49.42</ele>
   </trkpt>
   <trkpt lat="50.80007000480577" lon="5.149689982341357">
    <ele>49.440000000000005</ele>
   </trkpt>
   <trkpt lat="50.79952" lon="5.1489400000000005">
    <ele>49.42</ele>
   </trkpt>
   <trkpt lat="50.79912" lon="5.14853">
    <ele>49.61</ele>
   </trkpt>
   <trkpt lat="50.79852" lon="5.14796">
    <ele>49.760000000000005</ele>
   </trkpt>
   <trkpt lat="50.79827" lon="5.14777">
    <ele>49.830000000000005</ele>
   </trkpt>
   <trkpt lat="50.797760000230014" lon="5.14746499657129">
    <ele>49.940000000000005</ele>
   </trkpt>
   <trkpt lat="50.797250000000005" lon="5.14716">
    <ele>50.39</ele>
   </trkpt>
   <trkpt lat="50.796940000000006" lon="5.146940000000001">
    <ele>50.79</ele>
   </trkpt>
   <trkpt lat="50.79643000093318" lon="5.146439994410987">
    <ele>51.03000000000001</ele>
   </trkpt>
   <trkpt lat="50.79592" lon="5.14594">
    <ele>51.32</ele>
   </trkpt>
   <trkpt lat="50.79547" lon="5.1455400000000004">
    <ele>51.36</ele>
   </trkpt>
   <trkpt lat="50.79467" lon="5.144920000000001">
    <ele>51.480000000000004</ele>
   </trkpt>
   <trkpt lat="50.79425000023389" lon="5.144634997362076">
    <ele>51.620000000000005</ele>
   </trkpt>
   <trkpt lat="50.79383000000001" lon="5.14435">
    <ele>51.84</ele>
   </trkpt>
   <trkpt lat="50.79361" lon="5.14418">
    <ele>51.910000000000004</ele>
   </trkpt>
   <trkpt lat="50.79323" lon="5.143820000000001">
    <ele>52.03000000000001</ele>
   </trkpt>
   <trkpt lat="50.79281000077495" lon="5.14338499605617">
    <ele>52.21000000000001</ele>
   </trkpt>
   <trkpt lat="50.792390000000005" lon="5.142950000000001">
    <ele>52.440000000000005</ele>
   </trkpt>
   <trkpt lat="50.79222000000001" lon="5.1428400000000005">
    <ele>52.690000000000005</ele>
   </trkpt>
   <trkpt lat="50.79204000000001" lon="5.14275">
    <ele>53.08</ele>
   </trkpt>
   <trkpt lat="50.791900000000005" lon="5.14271">
    <ele>53.08</ele>
   </trkpt>
   <trkpt lat="50.79173" lon="5.1427000000000005">
    <ele>53.050000000000004</ele>
   </trkpt>
   <trkpt lat="50.79139000000001" lon="5.142720000000001">
    <ele>52.910000000000004</ele>
   </trkpt>
   <trkpt lat="50.7912" lon="5.1427000000000005">
    <ele>53.01</ele>
   </trkpt>
   <trkpt lat="50.79104" lon="5.142650000000001">
    <ele>53.01</ele>
   </trkpt>
   <trkpt lat="50.79086" lon="5.1425600000000005">
    <ele>53.19</ele>
   </trkpt>
   <trkpt lat="50.790580000000006" lon="5.1423700000000006">
    <ele>53.31</ele>
   </trkpt>
   <trkpt lat="50.79005" lon="5.14205">
    <ele>53.78</ele>
   </trkpt>
   <trkpt lat="50.789640000000006" lon="5.14174">
    <ele>53.910000000000004</ele>
   </trkpt>
   <trkpt lat="50.78920500079024" lon="5.141309995998561">
    <ele>54.040000000000006</ele>
   </trkpt>
   <trkpt lat="50.78877000000001" lon="5.14088">
    <ele>53.96</ele>
   </trkpt>
   <trkpt lat="50.788250000000005" lon="5.14043">
    <ele>53.88</ele>
   </trkpt>
   <trkpt lat="50.787805000570785" lon="5.140089996822176">
    <ele>53.78</ele>
   </trkpt>
   <trkpt lat="50.78736000000001" lon="5.13975">
    <ele>54.18000000000001</ele>
   </trkpt>
   <trkpt lat="50.78692500051725" lon="5.1393899966199355">
    <ele>54.760000000000005</ele>
   </trkpt>
   <trkpt lat="50.78649000000001" lon="5.13903">
    <ele>55.260000000000005</ele>
   </trkpt>
   <trkpt lat="50.786120000000004" lon="5.13865">
    <ele>55.650000000000006</ele>
   </trkpt>
   <trkpt lat="50.785460002610726" lon="5.137864988890632">
    <ele>55.690000000000005</ele>
   </trkpt>
   <trkpt lat="50.784800000000004" lon="5.13708">
    <ele>55.330000000000005</ele>
   </trkpt>
   <trkpt lat="50.784510000000004" lon="5.13668">
    <ele>55.220000000000006</ele>
   </trkpt>
   <trkpt lat="50.78388" lon="5.13595">
    <ele>55.2</ele>
   </trkpt>
   <trkpt lat="50.78374" lon="5.13581">
    <ele>55.2</ele>
   </trkpt>
   <trkpt lat="50.78361" lon="5.13571">
    <ele>55.2</ele>
   </trkpt>
   <trkpt lat="50.783370000000005" lon="5.13544">
    <ele>55.1</ele>
   </trkpt>
   <trkpt lat="50.783080000000005" lon="5.135070000000001">
    <ele>54.85</ele>
   </trkpt>
   <trkpt lat="50.78285" lon="5.13482">
    <ele>54.660000000000004</ele>
   </trkpt>
   <trkpt lat="50.78255000000001" lon="5.134550000000001">
    <ele>54.64</ele>
   </trkpt>
   <trkpt lat="50.782120000000006" lon="5.13408">
    <ele>54.730000000000004</ele>
   </trkpt>
   <trkpt lat="50.78213" lon="5.1340900000000005">
    <ele>54.730000000000004</ele>
   </trkpt>
   <trkpt lat="50.78167000119543" lon="5.133574995002707">
    <ele>54.89</ele>
   </trkpt>
   <trkpt lat="50.78121" lon="5.13306">
    <ele>55.05</ele>
   </trkpt>
   <trkpt lat="50.78098000000001" lon="5.132770000000001">
    <ele>55.06</ele>
   </trkpt>
   <trkpt lat="50.780660000000005" lon="5.13243">
    <ele>55.11000000000001</ele>
   </trkpt>
   <trkpt lat="50.780120000000004" lon="5.13208">
    <ele>55.36000000000001</ele>
   </trkpt>
   <trkpt lat="50.779700000340114" lon="5.131824997747455">
    <ele>55.510000000000005</ele>
   </trkpt>
   <trkpt lat="50.77928000000001" lon="5.131570000000001">
    <ele>56.18000000000001</ele>
   </trkpt>
   <trkpt lat="50.778905003937226" lon="5.132535007850487">
    <ele>57.300000000000004</ele>
   </trkpt>
   <trkpt lat="50.77853" lon="5.133500000000001">
    <ele>58.830000000000005</ele>
   </trkpt>
   <trkpt lat="50.77841" lon="5.13388">
    <ele>59.43</ele>
   </trkpt>
   <trkpt lat="50.77839" lon="5.1340900000000005">
    <ele>60.17000000000001</ele>
   </trkpt>
   <trkpt lat="50.77832" lon="5.1352400000000005">
    <ele>63.14</ele>
   </trkpt>
   <trkpt lat="50.77828" lon="5.13548">
    <ele>63.58000000000001</ele>
   </trkpt>
   <trkpt lat="50.77806" lon="5.13668">
    <ele>64.88000000000001</ele>
   </trkpt>
   <trkpt lat="50.77797" lon="5.13773">
    <ele>67.92</ele>
   </trkpt>
   <trkpt lat="50.777820000000006" lon="5.1388300000000005">
    <ele>69.46000000000001</ele>
   </trkpt>
   <trkpt lat="50.77763000733289" lon="5.139756674239751">
    <ele>70.17</ele>
   </trkpt>
   <trkpt lat="50.77744000732392" lon="5.14068334095002">
    <ele>71.68</ele>
   </trkpt>
   <trkpt lat="50.77725" lon="5.14161">
    <ele>73.36000000000001</ele>
   </trkpt>
   <trkpt lat="50.77718" lon="5.1420200000000005">
    <ele>74.00000000000001</ele>
   </trkpt>
   <trkpt lat="50.77707" lon="5.142930000000001">
    <ele>75.36000000000001</ele>
   </trkpt>
   <trkpt lat="50.77700500343647" lon="5.143830001613572">
    <ele>76.06</ele>
   </trkpt>
   <trkpt lat="50.77694" lon="5.14473">
    <ele>77.9</ele>
   </trkpt>
   <trkpt lat="50.77687" lon="5.1452">
    <ele>78.87</ele>
   </trkpt>
   <trkpt lat="50.77666751572849" lon="5.146307514396092">
    <ele>81.29</ele>
   </trkpt>
   <trkpt lat="50.77646502096993" lon="5.147415019201938">
    <ele>83.88000000000001</ele>
   </trkpt>
   <trkpt lat="50.776262515724525" lon="5.148522514417196">
    <ele>86.25</ele>
   </trkpt>
   <trkpt lat="50.77606" lon="5.14963">
    <ele>87.0</ele>
   </trkpt>
   <trkpt lat="50.776050000000005" lon="5.14963">
    <ele>87.0</ele>
   </trkpt>
   <trkpt lat="50.77593" lon="5.15007">
    <ele>86.73</ele>
   </trkpt>
   <trkpt lat="50.775575002954184" lon="5.150905006400083">
    <ele>85.58</ele>
   </trkpt>
   <trkpt lat="50.775220000000004" lon="5.15174">
    <ele>85.18</ele>
   </trkpt>
   <trkpt lat="50.774910000000006" lon="5.151350000000001">
    <ele>83.94</ele>
   </trkpt>
   <trkpt lat="50.774370000000005" lon="5.15075">
    <ele>82.13000000000001</ele>
   </trkpt>
   <trkpt lat="50.77398" lon="5.15038">
    <ele>80.41000000000001</ele>
   </trkpt>
   <trkpt lat="50.773790000000005" lon="5.15026">
    <ele>80.41000000000001</ele>
   </trkpt>
   <trkpt lat="50.773092007012046" lon="5.149619961805121">
    <ele>79.04</ele>
   </trkpt>
   <trkpt lat="50.77239401052168" lon="5.148979942712112">
    <ele>77.91000000000001</ele>
   </trkpt>
   <trkpt lat="50.77169601052908" lon="5.148339942720027">
    <ele>78.19000000000001</ele>
   </trkpt>
   <trkpt lat="50.77099800703446" lon="5.1476999618279144">
    <ele>78.63000000000001</ele>
   </trkpt>
   <trkpt lat="50.770300000000006" lon="5.147060000000001">
    <ele>78.55000000000001</ele>
   </trkpt>
   <trkpt lat="50.77029" lon="5.14716">
    <ele>78.7</ele>
   </trkpt>
   <trkpt lat="50.769920000000006" lon="5.148440000000001">
    <ele>77.91000000000001</ele>
   </trkpt>
   <trkpt lat="50.769600000000004" lon="5.149360000000001">
    <ele>79.45</ele>
   </trkpt>
   <trkpt lat="50.76931000137351" lon="5.149950003890807">
    <ele>81.36</ele>
   </trkpt>
   <trkpt lat="50.769020000000005" lon="5.15054">
    <ele>83.65</ele>
   </trkpt>
   <trkpt lat="50.768750001576784" lon="5.151135003294627">
    <ele>85.84000000000002</ele>
   </trkpt>
   <trkpt lat="50.768480000000004" lon="5.151730000000001">
    <ele>87.93</ele>
   </trkpt>
   <trkpt lat="50.768086676779966" lon="5.152816684893483">
    <ele>90.50000000000001</ele>
   </trkpt>
   <trkpt lat="50.767693343463115" lon="5.153903351514294">
    <ele>91.3</ele>
   </trkpt>
   <trkpt lat="50.767300000000006" lon="5.154990000000001">
    <ele>91.81</ele>
   </trkpt>
   <trkpt lat="50.76703751608682" lon="5.156110018859874">
    <ele>91.54</ele>
   </trkpt>
   <trkpt lat="50.766775021447756" lon="5.157230025151778">
    <ele>91.24</ele>
   </trkpt>
   <trkpt lat="50.76651251608301" lon="5.158350018875456">
    <ele>91.42</ele>
   </trkpt>
   <trkpt lat="50.76625000000001" lon="5.159470000000001">
    <ele>92.64000000000001</ele>
   </trkpt>
   <trkpt lat="50.766130000000004" lon="5.15993">
    <ele>92.92</ele>
   </trkpt>
   <trkpt lat="50.76583" lon="5.160850000000001">
    <ele>93.73</ele>
   </trkpt>
   <trkpt lat="50.765620000000006" lon="5.161370000000001">
    <ele>93.80000000000001</ele>
   </trkpt>
   <trkpt lat="50.76529500217048" lon="5.1620750047983535">
    <ele>93.85</ele>
   </trkpt>
   <trkpt lat="50.764970000000005" lon="5.162780000000001">
    <ele>92.6</ele>
   </trkpt>
   <trkpt lat="50.76465500130145" lon="5.163305003329452">
    <ele>91.44000000000001</ele>
   </trkpt>
   <trkpt lat="50.764340000000004" lon="5.163830000000001">
    <ele>90.11000000000001</ele>
   </trkpt>
   <trkpt lat="50.76402000218736" lon="5.164540004784448">
    <ele>89.33</ele>
   </trkpt>
   <trkpt lat="50.76370000000001" lon="5.16525">
    <ele>89.12</ele>
   </trkpt>
   <trkpt lat="50.763560000000005" lon="5.16549">
    <ele>88.8</ele>
   </trkpt>
   <trkpt lat="50.76346" lon="5.1656200000000005">
    <ele>88.8</ele>
   </trkpt>
   <trkpt lat="50.763110000000005" lon="5.16603">
    <ele>88.8</ele>
   </trkpt>
   <trkpt lat="50.762710000000006" lon="5.1664900000000005">
    <ele>89.64000000000001</ele>
   </trkpt>
   <trkpt lat="50.762510000000006" lon="5.1667700000000005">
    <ele>90.72000000000001</ele>
   </trkpt>
   <trkpt lat="50.761950000000006" lon="5.16765">
    <ele>91.93</ele>
   </trkpt>
   <trkpt lat="50.761750000000006" lon="5.16784">
    <ele>91.69000000000001</ele>
   </trkpt>
   <trkpt lat="50.761310000204624" lon="5.1680500019669555">
    <ele>89.34</ele>
   </trkpt>
   <trkpt lat="50.760870000000004" lon="5.16826">
    <ele>88.52</ele>
   </trkpt>
   <trkpt lat="50.76055" lon="5.168360000000001">
    <ele>87.51</ele>
   </trkpt>
   <trkpt lat="50.75981" lon="5.1685300000000005">
    <ele>85.35000000000001</ele>
   </trkpt>
   <trkpt lat="50.7597" lon="5.16858">
    <ele>84.67</ele>
   </trkpt>
   <trkpt lat="50.759093335012494" lon="5.169020011390806">
    <ele>83.62000000000002</ele>
   </trkpt>
   <trkpt lat="50.75848666836951" lon="5.169460011373454">
    <ele>82.58</ele>
   </trkpt>
   <trkpt lat="50.75788000000001" lon="5.1699">
    <ele>81.99000000000001</ele>
   </trkpt>
   <trkpt lat="50.757200000000005" lon="5.17079">
    <ele>80.28</ele>
   </trkpt>
   <trkpt lat="50.757070000000006" lon="5.17089">
    <ele>80.28</ele>
   </trkpt>
   <trkpt lat="50.756550000000004" lon="5.171220000000001">
    <ele>77.96</ele>
   </trkpt>
   <trkpt lat="50.7565" lon="5.1713000000000005">
    <ele>77.67</ele>
   </trkpt>
   <trkpt lat="50.75647000000001" lon="5.1714">
    <ele>77.67</ele>
   </trkpt>
   <trkpt lat="50.75641" lon="5.17138">
    <ele>77.67</ele>
   </trkpt>
   <trkpt lat="50.756310000000006" lon="5.171410000000001">
    <ele>78.41000000000001</ele>
   </trkpt>
   <trkpt lat="50.75564000000001" lon="5.1720500000000005">
    <ele>79.83000000000001</ele>
   </trkpt>
   <trkpt lat="50.755410000000005" lon="5.172350000000001">
    <ele>80.78</ele>
   </trkpt>
   <trkpt lat="50.755160000000004" lon="5.17307">
    <ele>81.02000000000001</ele>
   </trkpt>
   <trkpt lat="50.75506000000001" lon="5.173290000000001">
    <ele>80.78</ele>
   </trkpt>
   <trkpt lat="50.75493" lon="5.173430000000001">
    <ele>80.53</ele>
   </trkpt>
   <trkpt lat="50.75473" lon="5.17358">
    <ele>80.12</ele>
   </trkpt>
   <trkpt lat="50.754670000000004" lon="5.17372">
    <ele>80.12</ele>
   </trkpt>
   <trkpt lat="50.754450000000006" lon="5.1746300000000005">
    <ele>78.83000000000001</ele>
   </trkpt>
   <trkpt lat="50.75421000000001" lon="5.1757800000000005">
    <ele>78.52000000000001</ele>
   </trkpt>
   <trkpt lat="50.75412000000001" lon="5.17595">
    <ele>78.5</ele>
   </trkpt>
   <trkpt lat="50.75347000000001" lon="5.17689">
    <ele>78.75</ele>
   </trkpt>
   <trkpt lat="50.752930000000006" lon="5.17764">
    <ele>79.22000000000001</ele>
   </trkpt>
   <trkpt lat="50.75282000000001" lon="5.177700000000001">
    <ele>79.30000000000001</ele>
   </trkpt>
   <trkpt lat="50.752750000000006" lon="5.177700000000001">
    <ele>79.30000000000001</ele>
   </trkpt>
   <trkpt lat="50.75265" lon="5.17764">
    <ele>79.46000000000001</ele>
   </trkpt>
   <trkpt lat="50.7526" lon="5.177580000000001">
    <ele>79.46000000000001</ele>
   </trkpt>
   <trkpt lat="50.752410000000005" lon="5.177250000000001">
    <ele>79.83000000000001</ele>
   </trkpt>
   <trkpt lat="50.752340000000004" lon="5.1772">
    <ele>80.26</ele>
   </trkpt>
   <trkpt lat="50.75209" lon="5.177110000000001">
    <ele>80.77000000000001</ele>
   </trkpt>
   <trkpt lat="50.752050000000004" lon="5.1770700000000005">
    <ele>80.77000000000001</ele>
   </trkpt>
   <trkpt lat="50.751990000000006" lon="5.176950000000001">
    <ele>81.17</ele>
   </trkpt>
   <trkpt lat="50.751900000000006" lon="5.17633">
    <ele>82.64</ele>
   </trkpt>
   <trkpt lat="50.75184" lon="5.176130000000001">
    <ele>83.25</ele>
   </trkpt>
   <trkpt lat="50.751540000000006" lon="5.1754500000000005">
    <ele>86.79</ele>
   </trkpt>
   <trkpt lat="50.75146" lon="5.17536">
    <ele>86.79</ele>
   </trkpt>
   <trkpt lat="50.751360000000005" lon="5.17534">
    <ele>87.26</ele>
   </trkpt>
   <trkpt lat="50.751270000000005" lon="5.1753800000000005">
    <ele>87.54</ele>
   </trkpt>
   <trkpt lat="50.75059" lon="5.1758500000000005">
    <ele>85.53</ele>
   </trkpt>
   <trkpt lat="50.75043" lon="5.175940000000001">
    <ele>84.19</ele>
   </trkpt>
   <trkpt lat="50.749590000000005" lon="5.176270000000001">
    <ele>80.63000000000001</ele>
   </trkpt>
   <trkpt lat="50.74913" lon="5.176360000000001">
    <ele>80.73</ele>
   </trkpt>
   <trkpt lat="50.74895" lon="5.176410000000001">
    <ele>81.04</ele>
   </trkpt>
   <trkpt lat="50.74844" lon="5.17663">
    <ele>81.5</ele>
   </trkpt>
   <trkpt lat="50.748250000000006" lon="5.17666">
    <ele>81.5</ele>
   </trkpt>
   <trkpt lat="50.74812000000001" lon="5.17665">
    <ele>81.5</ele>
   </trkpt>
   <trkpt lat="50.747930000000004" lon="5.1766000000000005">
    <ele>82.07000000000001</ele>
   </trkpt>
   <trkpt lat="50.74718000000001" lon="5.17614">
    <ele>82.34</ele>
   </trkpt>
   <trkpt lat="50.74682000000001" lon="5.17597">
    <ele>82.34</ele>
   </trkpt>
   <trkpt lat="50.7464" lon="5.17584">
    <ele>82.51</ele>
   </trkpt>
   <trkpt lat="50.74573" lon="5.1757100000000005">
    <ele>82.67</ele>
   </trkpt>
   <trkpt lat="50.745490000000004" lon="5.175730000000001">
    <ele>82.67</ele>
   </trkpt>
   <trkpt lat="50.74491500002203" lon="5.175840001356572">
    <ele>82.98</ele>
   </trkpt>
   <trkpt lat="50.74434" lon="5.17595">
    <ele>83.17</ele>
   </trkpt>
   <trkpt lat="50.744200000000006" lon="5.176">
    <ele>83.15</ele>
   </trkpt>
   <trkpt lat="50.744150000000005" lon="5.176010000000001">
    <ele>83.2</ele>
   </trkpt>
   <trkpt lat="50.7441" lon="5.1760600000000005">
    <ele>83.2</ele>
   </trkpt>
   <trkpt lat="50.74403" lon="5.176170000000001">
    <ele>83.36</ele>
   </trkpt>
   <trkpt lat="50.743685003485616" lon="5.1770700065736355">
    <ele>83.47</ele>
   </trkpt>
   <trkpt lat="50.74334" lon="5.17797">
    <ele>83.49000000000001</ele>
   </trkpt>
   <trkpt lat="50.743320000000004" lon="5.17802">
    <ele>83.5</ele>
   </trkpt>
   <trkpt lat="50.743120000000005" lon="5.178570000000001">
    <ele>83.63000000000001</ele>
   </trkpt>
   <trkpt lat="50.742990002672286" lon="5.179360002171078">
    <ele>83.51</ele>
   </trkpt>
   <trkpt lat="50.74286000000001" lon="5.18015">
    <ele>83.63000000000001</ele>
   </trkpt>
   <trkpt lat="50.74279000000001" lon="5.180300000000001">
    <ele>83.75</ele>
   </trkpt>
   <trkpt lat="50.74248000000001" lon="5.180700000000001">
    <ele>84.51</ele>
   </trkpt>
   <trkpt lat="50.74208" lon="5.181380000000001">
    <ele>86.06000000000002</ele>
   </trkpt>
   <trkpt lat="50.74188" lon="5.181660000000001">
    <ele>86.59</ele>
   </trkpt>
   <trkpt lat="50.7415" lon="5.182320000000001">
    <ele>87.01</ele>
   </trkpt>
   <trkpt lat="50.741440000000004" lon="5.18238">
    <ele>87.03000000000002</ele>
   </trkpt>
   <trkpt lat="50.74139" lon="5.1824">
    <ele>87.03000000000002</ele>
   </trkpt>
   <trkpt lat="50.74127000000001" lon="5.182390000000001">
    <ele>87.03000000000002</ele>
   </trkpt>
   <trkpt lat="50.741130000000005" lon="5.18233">
    <ele>87.25</ele>
   </trkpt>
   <trkpt lat="50.740930000000006" lon="5.18221">
    <ele>87.28000000000002</ele>
   </trkpt>
   <trkpt lat="50.74033000000001" lon="5.181640000000001">
    <ele>87.88000000000001</ele>
   </trkpt>
   <trkpt lat="50.739760001635815" lon="5.181039992798458">
    <ele>88.77</ele>
   </trkpt>
   <trkpt lat="50.73919" lon="5.180440000000001">
    <ele>90.72000000000001</ele>
   </trkpt>
   <trkpt lat="50.73912000000001" lon="5.18039">
    <ele>91.18</ele>
   </trkpt>
   <trkpt lat="50.73904" lon="5.180370000000001">
    <ele>91.18</ele>
   </trkpt>
   <trkpt lat="50.73897" lon="5.18038">
    <ele>91.23</ele>
   </trkpt>
   <trkpt lat="50.738112313625045" lon="5.180720074717864">
    <ele>94.45</ele>
   </trkpt>
   <trkpt lat="50.73725462626105" lon="5.181060136979734">
    <ele>96.77000000000001</ele>
   </trkpt>
   <trkpt lat="50.7363969379081" lon="5.181400186786433">
    <ele>97.79</ele>
   </trkpt>
   <trkpt lat="50.73553924856624" lon="5.181740224138786">
    <ele>98.76000000000002</ele>
   </trkpt>
   <trkpt lat="50.73468155823556" lon="5.182080249037612">
    <ele>100.95</ele>
   </trkpt>
   <trkpt lat="50.73382386691611" lon="5.182420261483735">
    <ele>102.33</ele>
   </trkpt>
   <trkpt lat="50.732966174607974" lon="5.182760261477976">
    <ele>104.71000000000001</ele>
   </trkpt>
   <trkpt lat="50.7321084813112" lon="5.183100249021157">
    <ele>106.94000000000001</ele>
   </trkpt>
   <trkpt lat="50.73125078702584" lon="5.183440224114101">
    <ele>108.94000000000001</ele>
   </trkpt>
   <trkpt lat="50.73039309175201" lon="5.1837801867576285">
    <ele>110.45</ele>
   </trkpt>
   <trkpt lat="50.72953539548973" lon="5.184120136952562">
    <ele>111.91000000000001</ele>
   </trkpt>
   <trkpt lat="50.728677698239096" lon="5.184460074699724">
    <ele>113.16000000000001</ele>
   </trkpt>
   <trkpt lat="50.72782" lon="5.1848">
    <ele>114.31</ele>
   </trkpt>
   <trkpt lat="50.72701000000001" lon="5.18515">
    <ele>115.31</ele>
   </trkpt>
   <trkpt lat="50.726490000000005" lon="5.18541">
    <ele>115.76000000000002</ele>
   </trkpt>
   <trkpt lat="50.72616000000001" lon="5.1856">
    <ele>116.03</ele>
   </trkpt>
   <trkpt lat="50.725820000000006" lon="5.1858200000000005">
    <ele>116.56</ele>
   </trkpt>
   <trkpt lat="50.72523" lon="5.18623">
    <ele>117.29</ele>
   </trkpt>
   <trkpt lat="50.72482500024976" lon="5.186560003028389">
    <ele>117.24000000000001</ele>
   </trkpt>
   <trkpt lat="50.72442" lon="5.18689">
    <ele>117.03</ele>
   </trkpt>
   <trkpt lat="50.72422" lon="5.18703">
    <ele>116.75</ele>
   </trkpt>
   <trkpt lat="50.72406" lon="5.1871100000000006">
    <ele>116.62000000000002</ele>
   </trkpt>
   <trkpt lat="50.723870000000005" lon="5.187150000000001">
    <ele>116.35000000000001</ele>
   </trkpt>
   <trkpt lat="50.723150000000004" lon="5.18712">
    <ele>115.22</ele>
   </trkpt>
   <trkpt lat="50.72317" lon="5.18712">
    <ele>115.23</ele>
   </trkpt>
   <trkpt lat="50.72272" lon="5.187130000000001">
    <ele>114.98</ele>
   </trkpt>
   <trkpt lat="50.72261" lon="5.18719">
    <ele>114.98</ele>
   </trkpt>
   <trkpt lat="50.722440000000006" lon="5.187320000000001">
    <ele>114.64</ele>
   </trkpt>
   <trkpt lat="50.72202500063723" lon="5.1877350037746774">
    <ele>114.65000000000002</ele>
   </trkpt>
   <trkpt lat="50.721610000000005" lon="5.18815">
    <ele>115.29</ele>
   </trkpt>
   <trkpt lat="50.72088000161815" lon="5.188775009781073">
    <ele>118.08</ele>
   </trkpt>
   <trkpt lat="50.720150000000004" lon="5.1894">
    <ele>120.59000000000002</ele>
   </trkpt>
   <trkpt lat="50.72001" lon="5.18946">
    <ele>120.59000000000002</ele>
   </trkpt>
   <trkpt lat="50.719910000000006" lon="5.18944">
    <ele>121.77</ele>
   </trkpt>
   <trkpt lat="50.71985" lon="5.18939">
    <ele>121.77</ele>
   </trkpt>
   <trkpt lat="50.719730000000006" lon="5.189240000000001">
    <ele>121.77</ele>
   </trkpt>
   <trkpt lat="50.719620000000006" lon="5.188960000000001">
    <ele>122.3</ele>
   </trkpt>
   <trkpt lat="50.71952" lon="5.188630000000001">
    <ele>122.43</ele>
   </trkpt>
   <trkpt lat="50.719240000000006" lon="5.187950000000001">
    <ele>122.28000000000002</ele>
   </trkpt>
   <trkpt lat="50.718990000000005" lon="5.18735">
    <ele>121.44</ele>
   </trkpt>
   <trkpt lat="50.718790000000006" lon="5.186940000000001">
    <ele>121.09</ele>
   </trkpt>
   <trkpt lat="50.71866000000001" lon="5.186730000000001">
    <ele>120.96000000000001</ele>
   </trkpt>
   <trkpt lat="50.71846000000001" lon="5.18648">
    <ele>121.05</ele>
   </trkpt>
   <trkpt lat="50.718250000000005" lon="5.18625">
    <ele>121.52</ele>
   </trkpt>
   <trkpt lat="50.71808000000001" lon="5.186120000000001">
    <ele>121.78000000000002</ele>
   </trkpt>
   <trkpt lat="50.71786" lon="5.185980000000001">
    <ele>122.32000000000001</ele>
   </trkpt>
   <trkpt lat="50.71763000000001" lon="5.1858900000000006">
    <ele>122.88000000000001</ele>
   </trkpt>
   <trkpt lat="50.71743000000001" lon="5.18585">
    <ele>123.05</ele>
   </trkpt>
   <trkpt lat="50.71674333334504" lon="5.18581666569004">
    <ele>124.43</ele>
   </trkpt>
   <trkpt lat="50.71605666668056" lon="5.185783332356832">
    <ele>126.67</ele>
   </trkpt>
   <trkpt lat="50.71537000000001" lon="5.1857500000000005">
    <ele>125.87</ele>
   </trkpt>
   <trkpt lat="50.71448999991148" lon="5.185684998771778">
    <ele>122.94000000000001</ele>
   </trkpt>
   <trkpt lat="50.71361" lon="5.18562">
    <ele>121.50000000000001</ele>
   </trkpt>
   <trkpt lat="50.71338" lon="5.18566">
    <ele>121.27000000000001</ele>
   </trkpt>
   <trkpt lat="50.713100000000004" lon="5.1858">
    <ele>121.14000000000001</ele>
   </trkpt>
   <trkpt lat="50.7124133360166" lon="5.1863600164059385">
    <ele>121.98</ele>
   </trkpt>
   <trkpt lat="50.71172666935067" lon="5.1869200164050255">
    <ele>123.13</ele>
   </trkpt>
   <trkpt lat="50.711040000000004" lon="5.187480000000001">
    <ele>122.02</ele>
   </trkpt>
   <trkpt lat="50.710860000000004" lon="5.187550000000001">
    <ele>122.02</ele>
   </trkpt>
   <trkpt lat="50.710620000000006" lon="5.1875800000000005">
    <ele>121.88000000000001</ele>
   </trkpt>
   <trkpt lat="50.71036" lon="5.18757">
    <ele>121.55</ele>
   </trkpt>
   <trkpt lat="50.709700000000005" lon="5.187480000000001">
    <ele>120.71000000000001</ele>
   </trkpt>
   <trkpt lat="50.709030000000006" lon="5.18738">
    <ele>120.04</ele>
   </trkpt>
   <trkpt lat="50.70870000000001" lon="5.18735">
    <ele>119.9</ele>
   </trkpt>
   <trkpt lat="50.708580000000005" lon="5.18731">
    <ele>119.73</ele>
   </trkpt>
   <trkpt lat="50.70846" lon="5.18721">
    <ele>119.69</ele>
   </trkpt>
   <trkpt lat="50.708330000000004" lon="5.187060000000001">
    <ele>119.67000000000002</ele>
   </trkpt>
   <trkpt lat="50.707980000000006" lon="5.186520000000001">
    <ele>119.92000000000002</ele>
   </trkpt>
   <trkpt lat="50.70752" lon="5.18564">
    <ele>120.78000000000002</ele>
   </trkpt>
   <trkpt lat="50.707280000000004" lon="5.18505">
    <ele>121.00000000000001</ele>
   </trkpt>
   <trkpt lat="50.70709" lon="5.1844600000000005">
    <ele>121.03000000000002</ele>
   </trkpt>
   <trkpt lat="50.706970000000005" lon="5.184030000000001">
    <ele>121.16</ele>
   </trkpt>
   <trkpt lat="50.70672432985325" lon="5.1827185302092715">
    <ele>121.92000000000002</ele>
   </trkpt>
   <trkpt lat="50.706478644994036" lon="5.181407074162731">
    <ele>122.42000000000002</ele>
   </trkpt>
   <trkpt lat="50.70623294542265" lon="5.180095631860938">
    <ele>123.69000000000001</ele>
   </trkpt>
   <trkpt lat="50.70598723113937" lon="5.178784203304452">
    <ele>125.58</ele>
   </trkpt>
   <trkpt lat="50.7057415021445" lon="5.177472788493829">
    <ele>126.78</ele>
   </trkpt>
   <trkpt lat="50.705495758438296" lon="5.176161387429632">
    <ele>127.8</ele>
   </trkpt>
   <trkpt lat="50.70525000000001" lon="5.17485">
    <ele>127.88000000000002</ele>
   </trkpt>
   <trkpt lat="50.705035003078855" lon="5.174004996223161">
    <ele>127.63000000000002</ele>
   </trkpt>
   <trkpt lat="50.704820000000005" lon="5.17316">
    <ele>127.07000000000001</ele>
   </trkpt>
   <trkpt lat="50.70474" lon="5.172840000000001">
    <ele>126.87</ele>
   </trkpt>
   <trkpt lat="50.7047" lon="5.17262">
    <ele>126.87</ele>
   </trkpt>
   <trkpt lat="50.704620000000006" lon="5.1713700000000005">
    <ele>127.26</ele>
   </trkpt>
   <trkpt lat="50.70452" lon="5.17049">
    <ele>127.34</ele>
   </trkpt>
   <trkpt lat="50.704390000000004" lon="5.170100000000001">
    <ele>127.45</ele>
   </trkpt>
   <trkpt lat="50.703950000000006" lon="5.169090000000001">
    <ele>127.62</ele>
   </trkpt>
   <trkpt lat="50.703900000000004" lon="5.16884">
    <ele>127.77000000000002</ele>
   </trkpt>
   <trkpt lat="50.70391000000001" lon="5.16868">
    <ele>128.14000000000001</ele>
   </trkpt>
   <trkpt lat="50.703770000000006" lon="5.1686000000000005">
    <ele>128.10999999999999</ele>
   </trkpt>
   <trkpt lat="50.70371" lon="5.16851">
    <ele>128.10999999999999</ele>
   </trkpt>
   <trkpt lat="50.703630000000004" lon="5.168240000000001">
    <ele>128.21</ele>
   </trkpt>
   <trkpt lat="50.70313500004362" lon="5.168445002220443">
    <ele>126.34</ele>
   </trkpt>
   <trkpt lat="50.70264" lon="5.16865">
    <ele>126.02000000000002</ele>
   </trkpt>
   <trkpt lat="50.70259" lon="5.1682500000000005">
    <ele>126.37</ele>
   </trkpt>
   <trkpt lat="50.70253" lon="5.16816">
    <ele>126.37</ele>
   </trkpt>
   <trkpt lat="50.702490000000004" lon="5.168150000000001">
    <ele>126.4</ele>
   </trkpt>
   <trkpt lat="50.70206" lon="5.1683">
    <ele>126.88000000000002</ele>
   </trkpt>
   <trkpt lat="50.70135000042358" lon="5.1685233400970825">
    <ele>128.87</ele>
   </trkpt>
   <trkpt lat="50.70064000042047" lon="5.168746673431268">
    <ele>130.51000000000002</ele>
   </trkpt>
   <trkpt lat="50.69993" lon="5.168970000000001">
    <ele>133.09</ele>
   </trkpt>
   <trkpt lat="50.69924500013226" lon="5.1692000033910315">
    <ele>133.72</ele>
   </trkpt>
   <trkpt lat="50.69856000000001" lon="5.16943">
    <ele>131.98000000000002</ele>
   </trkpt>
   <trkpt lat="50.6983" lon="5.16957">
    <ele>130.95000000000002</ele>
   </trkpt>
   <trkpt lat="50.698130000000006" lon="5.16971">
    <ele>130.32000000000002</ele>
   </trkpt>
   <trkpt lat="50.69787" lon="5.169980000000001">
    <ele>129.82000000000002</ele>
   </trkpt>
   <trkpt lat="50.69762000000001" lon="5.1703600000000005">
    <ele>129.72</ele>
   </trkpt>
   <trkpt lat="50.697500000000005" lon="5.17048">
    <ele>129.71</ele>
   </trkpt>
   <trkpt lat="50.69733" lon="5.17074">
    <ele>129.85000000000002</ele>
   </trkpt>
   <trkpt lat="50.69726000000001" lon="5.170610000000001">
    <ele>129.85000000000002</ele>
   </trkpt>
   <trkpt lat="50.69691" lon="5.17016">
    <ele>130.34</ele>
   </trkpt>
   <trkpt lat="50.69653" lon="5.1698">
    <ele>131.03</ele>
   </trkpt>
   <trkpt lat="50.69644" lon="5.169630000000001">
    <ele>131.17000000000002</ele>
   </trkpt>
   <trkpt lat="50.69635" lon="5.169650000000001">
    <ele>131.28</ele>
   </trkpt>
   <trkpt lat="50.696180000000005" lon="5.16981">
    <ele>131.28</ele>
   </trkpt>
   <trkpt lat="50.69543" lon="5.17041">
    <ele>133.29000000000002</ele>
   </trkpt>
   <trkpt lat="50.69496000039598" lon="5.1707700037286415">
    <ele>134.23000000000002</ele>
   </trkpt>
   <trkpt lat="50.69449" lon="5.171130000000001">
    <ele>135.47</ele>
   </trkpt>
   <trkpt lat="50.694410000000005" lon="5.171150000000001">
    <ele>135.47</ele>
   </trkpt>
   <trkpt lat="50.69413" lon="5.171010000000001">
    <ele>136.07000000000002</ele>
   </trkpt>
   <trkpt lat="50.693425004627535" lon="5.17054496505831">
    <ele>137.11</ele>
   </trkpt>
   <trkpt lat="50.69272000740508" lon="5.170079944095036">
    <ele>136.4</ele>
   </trkpt>
   <trkpt lat="50.692015008332724" lon="5.169614937109442">
    <ele>135.22</ele>
   </trkpt>
   <trkpt lat="50.69131000741058" lon="5.169149944100793">
    <ele>133.64000000000001</ele>
   </trkpt>
   <trkpt lat="50.69060500463873" lon="5.168684965068357">
    <ele>132.12</ele>
   </trkpt>
   <trkpt lat="50.6899" lon="5.168220000000001">
    <ele>131.23000000000002</ele>
   </trkpt>
   <trkpt lat="50.689440000110885" lon="5.168019998012768">
    <ele>130.37</ele>
   </trkpt>
   <trkpt lat="50.68898" lon="5.167820000000001">
    <ele>129.98000000000002</ele>
   </trkpt>
   <trkpt lat="50.68853500009057" lon="5.1676449983241906">
    <ele>129.5</ele>
   </trkpt>
   <trkpt lat="50.68809" lon="5.167470000000001">
    <ele>129.41</ele>
   </trkpt>
   <trkpt lat="50.68744" lon="5.167260000000001">
    <ele>129.57000000000002</ele>
   </trkpt>
   <trkpt lat="50.68663" lon="5.16692">
    <ele>130.41</ele>
   </trkpt>
   <trkpt lat="50.686110000000006" lon="5.166650000000001">
    <ele>130.66</ele>
   </trkpt>
   <trkpt lat="50.68574" lon="5.166390000000001">
    <ele>132.15</ele>
   </trkpt>
   <trkpt lat="50.685340000000004" lon="5.1659500000000005">
    <ele>132.93</ele>
   </trkpt>
   <trkpt lat="50.68516" lon="5.165730000000001">
    <ele>133.17000000000002</ele>
   </trkpt>
   <trkpt lat="50.68477000000001" lon="5.16446">
    <ele>134.68</ele>
   </trkpt>
   <trkpt lat="50.68413500063972" lon="5.164865005520341">
    <ele>135.21</ele>
   </trkpt>
   <trkpt lat="50.6835" lon="5.1652700000000005">
    <ele>136.61</ele>
   </trkpt>
   <trkpt lat="50.68298000000001" lon="5.16565">
    <ele>137.70000000000002</ele>
   </trkpt>
   <trkpt lat="50.682410000000004" lon="5.166130000000001">
    <ele>138.93</ele>
   </trkpt>
   <trkpt lat="50.68211" lon="5.166550000000001">
    <ele>139.23000000000002</ele>
   </trkpt>
   <trkpt lat="50.681830000000005" lon="5.166720000000001">
    <ele>139.55</ele>
   </trkpt>
   <trkpt lat="50.681360000000005" lon="5.16697">
    <ele>139.89000000000001</ele>
   </trkpt>
   <trkpt lat="50.680890000000005" lon="5.16727">
    <ele>139.88</ele>
   </trkpt>
   <trkpt lat="50.680620000000005" lon="5.16753">
    <ele>139.56</ele>
   </trkpt>
   <trkpt lat="50.68003" lon="5.16835">
    <ele>138.12</ele>
   </trkpt>
   <trkpt lat="50.67974" lon="5.168710000000001">
    <ele>137.42000000000002</ele>
   </trkpt>
   <trkpt lat="50.67951000000001" lon="5.16894">
    <ele>137.42000000000002</ele>
   </trkpt>
   <trkpt lat="50.679190000000006" lon="5.1692">
    <ele>136.77</ele>
   </trkpt>
   <trkpt lat="50.67878" lon="5.169490000000001">
    <ele>136.31</ele>
   </trkpt>
   <trkpt lat="50.678610000000006" lon="5.169580000000001">
    <ele>136.16</ele>
   </trkpt>
   <trkpt lat="50.678580000000004" lon="5.16952">
    <ele>136.16</ele>
   </trkpt>
   <trkpt lat="50.67853" lon="5.16948">
    <ele>136.16</ele>
   </trkpt>
   <trkpt lat="50.67848000000001" lon="5.16948">
    <ele>136.16</ele>
   </trkpt>
   <trkpt lat="50.67844" lon="5.16952">
    <ele>136.1</ele>
   </trkpt>
   <trkpt lat="50.67841000000001" lon="5.16957">
    <ele>136.1</ele>
   </trkpt>
   <trkpt lat="50.67841000000001" lon="5.16971">
    <ele>136.1</ele>
   </trkpt>
   <trkpt lat="50.677690000000005" lon="5.170140000000001">
    <ele>134.39000000000001</ele>
   </trkpt>
   <trkpt lat="50.67713499998699" lon="5.17027000155724">
    <ele>134.20000000000002</ele>
   </trkpt>
   <trkpt lat="50.67658" lon="5.170400000000001">
    <ele>133.55</ele>
   </trkpt>
   <trkpt lat="50.67604000000001" lon="5.17058">
    <ele>132.05</ele>
   </trkpt>
   <trkpt lat="50.675540000000005" lon="5.1709000000000005">
    <ele>130.88000000000002</ele>
   </trkpt>
   <trkpt lat="50.67494500084941" lon="5.171335005485023">
    <ele>129.07999999999998</ele>
   </trkpt>
   <trkpt lat="50.674350000000004" lon="5.17177">
    <ele>127.66000000000003</ele>
   </trkpt>
   <trkpt lat="50.67409000000001" lon="5.171880000000001">
    <ele>127.09</ele>
   </trkpt>
   <trkpt lat="50.67396" lon="5.171900000000001">
    <ele>127.09</ele>
   </trkpt>
   <trkpt lat="50.673429999927436" lon="5.171955000629873">
    <ele>126.46000000000001</ele>
   </trkpt>
   <trkpt lat="50.672900000000006" lon="5.17201">
    <ele>126.18</ele>
   </trkpt>
   <trkpt lat="50.672610000000006" lon="5.172160000000001">
    <ele>126.03</ele>
   </trkpt>
   <trkpt lat="50.67237" lon="5.17234">
    <ele>126.03</ele>
   </trkpt>
   <trkpt lat="50.671960000585976" lon="5.172760003841076">
    <ele>126.48</ele>
   </trkpt>
   <trkpt lat="50.67155" lon="5.17318">
    <ele>127.19</ele>
   </trkpt>
   <trkpt lat="50.67109000000001" lon="5.17361">
    <ele>127.49000000000002</ele>
   </trkpt>
   <trkpt lat="50.67074" lon="5.173850000000001">
    <ele>127.24000000000002</ele>
   </trkpt>
   <trkpt lat="50.67025" lon="5.17405">
    <ele>126.59</ele>
   </trkpt>
   <trkpt lat="50.67024000000001" lon="5.17405">
    <ele>126.58</ele>
   </trkpt>
   <trkpt lat="50.67006000000001" lon="5.174130000000001">
    <ele>126.47</ele>
   </trkpt>
   <trkpt lat="50.67004000000001" lon="5.17408">
    <ele>126.47</ele>
   </trkpt>
   <trkpt lat="50.66998" lon="5.17403">
    <ele>126.80000000000003</ele>
   </trkpt>
   <trkpt lat="50.669920000000005" lon="5.174040000000001">
    <ele>126.80000000000003</ele>
   </trkpt>
   <trkpt lat="50.66989" lon="5.17407">
    <ele>126.80000000000003</ele>
   </trkpt>
   <trkpt lat="50.669590001752596" lon="5.173424995819801">
    <ele>127.51</ele>
   </trkpt>
   <trkpt lat="50.669290000000004" lon="5.17278">
    <ele>128.42000000000002</ele>
   </trkpt>
   <trkpt lat="50.669180000000004" lon="5.17232">
    <ele>128.75</ele>
   </trkpt>
   <trkpt lat="50.66915" lon="5.171970000000001">
    <ele>128.79000000000002</ele>
   </trkpt>
   <trkpt lat="50.669140000000006" lon="5.17114">
    <ele>128.63000000000002</ele>
   </trkpt>
   <trkpt lat="50.66914500240685" lon="5.170390000021562">
    <ele>127.98</ele>
   </trkpt>
   <trkpt lat="50.66915" lon="5.16964">
    <ele>127.75</ele>
   </trkpt>
   <trkpt lat="50.66913" lon="5.1689300000000005">
    <ele>127.61</ele>
   </trkpt>
   <trkpt lat="50.66912000000001" lon="5.16875">
    <ele>127.72</ele>
   </trkpt>
   <trkpt lat="50.66906" lon="5.16849">
    <ele>127.7</ele>
   </trkpt>
   <trkpt lat="50.668940000000006" lon="5.168170000000001">
    <ele>127.22</ele>
   </trkpt>
   <trkpt lat="50.66850000468995" lon="5.167129990401308">
    <ele>125.23</ele>
   </trkpt>
   <trkpt lat="50.668060000000004" lon="5.1660900000000005">
    <ele>123.21000000000001</ele>
   </trkpt>
   <trkpt lat="50.66777000214423" lon="5.165379995584067">
    <ele>122.99000000000001</ele>
   </trkpt>
   <trkpt lat="50.667480000000005" lon="5.16467">
    <ele>123.37</ele>
   </trkpt>
   <trkpt lat="50.66709667234409" lon="5.163856653422234">
    <ele>123.53000000000002</ele>
   </trkpt>
   <trkpt lat="50.66671333902789" lon="5.163043320125456">
    <ele>123.85000000000001</ele>
   </trkpt>
   <trkpt lat="50.66633" lon="5.16223">
    <ele>124.07000000000001</ele>
   </trkpt>
   <trkpt lat="50.666025002145496" lon="5.16153999576352">
    <ele>124.01</ele>
   </trkpt>
   <trkpt lat="50.66572000000001" lon="5.160850000000001">
    <ele>124.03000000000002</ele>
   </trkpt>
   <trkpt lat="50.66565000000001" lon="5.16065">
    <ele>124.03000000000002</ele>
   </trkpt>
   <trkpt lat="50.66546000296853" lon="5.159819996734061">
    <ele>123.92000000000002</ele>
   </trkpt>
   <trkpt lat="50.66527000000001" lon="5.15899">
    <ele>124.52</ele>
   </trkpt>
   <trkpt lat="50.665220000000005" lon="5.15885">
    <ele>124.80000000000001</ele>
   </trkpt>
   <trkpt lat="50.66475500219301" lon="5.158124992733303">
    <ele>125.69000000000003</ele>
   </trkpt>
   <trkpt lat="50.66429" lon="5.1574">
    <ele>126.01</ele>
   </trkpt>
   <trkpt lat="50.66418" lon="5.1572000000000005">
    <ele>126.01</ele>
   </trkpt>
   <trkpt lat="50.66390000189798" lon="5.15653999614539">
    <ele>125.87</ele>
   </trkpt>
   <trkpt lat="50.66362" lon="5.155880000000001">
    <ele>125.98</ele>
   </trkpt>
   <trkpt lat="50.663540000000005" lon="5.1557900000000005">
    <ele>126.18</ele>
   </trkpt>
   <trkpt lat="50.663160000000005" lon="5.1556500000000005">
    <ele>126.71000000000001</ele>
   </trkpt>
   <trkpt lat="50.66301000000001" lon="5.155670000000001">
    <ele>126.71000000000001</ele>
   </trkpt>
   <trkpt lat="50.662870000000005" lon="5.155740000000001">
    <ele>126.71000000000001</ele>
   </trkpt>
   <trkpt lat="50.662440000000004" lon="5.156090000000001">
    <ele>127.56</ele>
   </trkpt>
   <trkpt lat="50.66167" lon="5.15669">
    <ele>130.13000000000002</ele>
   </trkpt>
   <trkpt lat="50.66129" lon="5.15577">
    <ele>131.22</ele>
   </trkpt>
   <trkpt lat="50.660830000000004" lon="5.15509">
    <ele>132.07000000000002</ele>
   </trkpt>
   <trkpt lat="50.66069" lon="5.154940000000001">
    <ele>132.53</ele>
   </trkpt>
   <trkpt lat="50.660470000000004" lon="5.154820000000001">
    <ele>132.71</ele>
   </trkpt>
   <trkpt lat="50.659766666730285" lon="5.154883335227681">
    <ele>133.83</ele>
   </trkpt>
   <trkpt lat="50.65906333342624" lon="5.154946668558344">
    <ele>134.76000000000002</ele>
   </trkpt>
   <trkpt lat="50.65836" lon="5.155010000000001">
    <ele>136.16</ele>
   </trkpt>
   <trkpt lat="50.65807" lon="5.155130000000001">
    <ele>136.12</ele>
   </trkpt>
   <trkpt lat="50.657555000062935" lon="5.155370002717157">
    <ele>134.61</ele>
   </trkpt>
   <trkpt lat="50.65704" lon="5.15561">
    <ele>133.71</ele>
   </trkpt>
   <trkpt lat="50.65675" lon="5.155810000000001">
    <ele>133.71</ele>
   </trkpt>
   <trkpt lat="50.65646" lon="5.156110000000001">
    <ele>133.02</ele>
   </trkpt>
   <trkpt lat="50.655940001574905" lon="5.156725006859928">
    <ele>132.29000000000002</ele>
   </trkpt>
   <trkpt lat="50.65542000000001" lon="5.1573400000000005">
    <ele>132.8</ele>
   </trkpt>
   <trkpt lat="50.655030000945935" lon="5.157800003771497">
    <ele>133.78</ele>
   </trkpt>
   <trkpt lat="50.65464000000001" lon="5.15826">
    <ele>133.78</ele>
   </trkpt>
   <trkpt lat="50.654035001424255" lon="5.158850007662603">
    <ele>135.67000000000002</ele>
   </trkpt>
   <trkpt lat="50.65343000000001" lon="5.15944">
    <ele>136.86</ele>
   </trkpt>
   <trkpt lat="50.65287000000001" lon="5.16">
    <ele>138.05</ele>
   </trkpt>
   <trkpt lat="50.65232" lon="5.16047">
    <ele>139.02</ele>
   </trkpt>
   <trkpt lat="50.65189500063577" lon="5.160800002853684">
    <ele>139.75</ele>
   </trkpt>
   <trkpt lat="50.65147" lon="5.16113">
    <ele>140.20000000000002</ele>
   </trkpt>
   <trkpt lat="50.6512" lon="5.1614">
    <ele>141.64000000000001</ele>
   </trkpt>
   <trkpt lat="50.65069500162052" lon="5.162035006957724">
    <ele>142.49</ele>
   </trkpt>
   <trkpt lat="50.65019" lon="5.16267">
    <ele>142.91</ele>
   </trkpt>
   <trkpt lat="50.64974" lon="5.163130000000001">
    <ele>142.05</ele>
   </trkpt>
   <trkpt lat="50.64916" lon="5.163670000000001">
    <ele>140.3</ele>
   </trkpt>
   <trkpt lat="50.64853666832813" lon="5.164113345111704">
    <ele>139.20000000000002</ele>
   </trkpt>
   <trkpt lat="50.64791333497426" lon="5.164556678459436">
    <ele>138.47</ele>
   </trkpt>
   <trkpt lat="50.647290000000005" lon="5.165">
    <ele>137.42000000000002</ele>
   </trkpt>
   <trkpt lat="50.64694" lon="5.165380000000001">
    <ele>137.44</ele>
   </trkpt>
   <trkpt lat="50.64658000000001" lon="5.16582">
    <ele>137.54000000000002</ele>
   </trkpt>
   <trkpt lat="50.64605333727515" lon="5.166496681806018">
    <ele>138.07</ele>
   </trkpt>
   <trkpt lat="50.64552667063182" lon="5.167173348442462">
    <ele>139.02</ele>
   </trkpt>
   <trkpt lat="50.645" lon="5.1678500000000005">
    <ele>140.64000000000001</ele>
   </trkpt>
   <trkpt lat="50.644630001163875" lon="5.16836000394566">
    <ele>142.33</ele>
   </trkpt>
   <trkpt lat="50.64426" lon="5.16887">
    <ele>143.76</ele>
   </trkpt>
   <trkpt lat="50.643890000000006" lon="5.169440000000001">
    <ele>144.72</ele>
   </trkpt>
   <trkpt lat="50.64340000000001" lon="5.17011">
    <ele>146.51</ele>
   </trkpt>
   <trkpt lat="50.643190000000004" lon="5.170450000000001">
    <ele>147.9</ele>
   </trkpt>
   <trkpt lat="50.64303" lon="5.170640000000001">
    <ele>147.02</ele>
   </trkpt>
   <trkpt lat="50.64229500181882" lon="5.171280009952505">
    <ele>145.55</ele>
   </trkpt>
   <trkpt lat="50.641560000000005" lon="5.17192">
    <ele>145.70000000000002</ele>
   </trkpt>
   <trkpt lat="50.640860001178226" lon="5.172450007912466">
    <ele>144.78000000000003</ele>
   </trkpt>
   <trkpt lat="50.64016" lon="5.172980000000001">
    <ele>144.97</ele>
   </trkpt>
   <trkpt lat="50.639630000000004" lon="5.17349">
    <ele>145.89000000000001</ele>
   </trkpt>
   <trkpt lat="50.639590000000005" lon="5.17354">
    <ele>145.89000000000001</ele>
   </trkpt>
   <trkpt lat="50.639300000000006" lon="5.173970000000001">
    <ele>147.22000000000003</ele>
   </trkpt>
   <trkpt lat="50.639160000000004" lon="5.1742300000000006">
    <ele>148.66000000000003</ele>
   </trkpt>
   <trkpt lat="50.639050000000005" lon="5.17461">
    <ele>149.57</ele>
   </trkpt>
   <trkpt lat="50.638980000000004" lon="5.17457">
    <ele>149.44000000000003</ele>
   </trkpt>
   <trkpt lat="50.63850000000001" lon="5.17375">
    <ele>150.71</ele>
   </trkpt>
   <trkpt lat="50.638360000000006" lon="5.1736200000000006">
    <ele>151.38000000000002</ele>
   </trkpt>
   <trkpt lat="50.638250000000006" lon="5.17354">
    <ele>151.38000000000002</ele>
   </trkpt>
   <trkpt lat="50.6381" lon="5.173500000000001">
    <ele>151.88000000000002</ele>
   </trkpt>
   <trkpt lat="50.63762000020642" lon="5.173409999113062">
    <ele>152.71</ele>
   </trkpt>
   <trkpt lat="50.63714" lon="5.17332">
    <ele>153.67</ele>
   </trkpt>
   <trkpt lat="50.63647500013885" lon="5.1731799980308155">
    <ele>154.87</ele>
   </trkpt>
   <trkpt lat="50.635810000000006" lon="5.17304">
    <ele>156.48000000000002</ele>
   </trkpt>
   <trkpt lat="50.63550000000001" lon="5.1729400000000005">
    <ele>157.12</ele>
   </trkpt>
   <trkpt lat="50.635310000000004" lon="5.17283">
    <ele>157.12</ele>
   </trkpt>
   <trkpt lat="50.635180000000005" lon="5.1727300000000005">
    <ele>157.69000000000003</ele>
   </trkpt>
   <trkpt lat="50.6345300031175" lon="5.171884988395833">
    <ele>158.22</ele>
   </trkpt>
   <trkpt lat="50.633880000000005" lon="5.1710400000000005">
    <ele>158.66000000000003</ele>
   </trkpt>
   <trkpt lat="50.63324" lon="5.170310000000001">
    <ele>159.48000000000002</ele>
   </trkpt>
   <trkpt lat="50.63299000000001" lon="5.17009">
    <ele>160.29000000000002</ele>
   </trkpt>
   <trkpt lat="50.63253" lon="5.16983">
    <ele>161.05</ele>
   </trkpt>
   <trkpt lat="50.6321" lon="5.16974">
    <ele>162.87</ele>
   </trkpt>
   <trkpt lat="50.63135000031537" lon="5.16954999393921">
    <ele>164.32000000000002</ele>
   </trkpt>
   <trkpt lat="50.63060000032177" lon="5.169359993940952">
    <ele>164.47</ele>
   </trkpt>
   <trkpt lat="50.629850000000005" lon="5.16917">
    <ele>162.62</ele>
   </trkpt>
   <trkpt lat="50.62943001129261" lon="5.170107525105112">
    <ele>159.64000000000001</ele>
   </trkpt>
   <trkpt lat="50.629010015062676" lon="5.171045033459904">
    <ele>155.91000000000003</ele>
   </trkpt>
   <trkpt lat="50.62859001131041" lon="5.171982525064622">
    <ele>153.56</ele>
   </trkpt>
   <trkpt lat="50.628170000000004" lon="5.17292">
    <ele>152.45</ele>
   </trkpt>
   <trkpt lat="50.62796000225336" lon="5.172189996645076">
    <ele>150.33</ele>
   </trkpt>
   <trkpt lat="50.627750000000006" lon="5.171460000000001">
    <ele>149.43</ele>
   </trkpt>
   <trkpt lat="50.62744000000001" lon="5.170330000000001">
    <ele>149.06000000000003</ele>
   </trkpt>
   <trkpt lat="50.627083341835146" lon="5.169333318212145">
    <ele>149.46</ele>
   </trkpt>
   <trkpt lat="50.62672667516829" lon="5.168336651545165">
    <ele>148.55</ele>
   </trkpt>
   <trkpt lat="50.62637" lon="5.16734">
    <ele>144.24</ele>
   </trkpt>
   <trkpt lat="50.625826676591174" lon="5.166263308456535">
    <ele>138.81</ele>
   </trkpt>
   <trkpt lat="50.625283343260534" lon="5.16518664179566">
    <ele>133.21</ele>
   </trkpt>
   <trkpt lat="50.62474" lon="5.164110000000001">
    <ele>127.96000000000002</ele>
   </trkpt>
   <trkpt lat="50.6246" lon="5.16359">
    <ele>126.17</ele>
   </trkpt>
   <trkpt lat="50.62453000000001" lon="5.16354">
    <ele>126.17</ele>
   </trkpt>
   <trkpt lat="50.62445" lon="5.16359">
    <ele>125.72</ele>
   </trkpt>
   <trkpt lat="50.6244" lon="5.16354">
    <ele>125.5</ele>
   </trkpt>
   <trkpt lat="50.62436" lon="5.16359">
    <ele>125.22</ele>
   </trkpt>
   <trkpt lat="50.624340000000004" lon="5.163620000000001">
    <ele>125.22</ele>
   </trkpt>
   <trkpt lat="50.62407" lon="5.16432">
    <ele>122.47000000000001</ele>
   </trkpt>
   <trkpt lat="50.62384" lon="5.165030000000001">
    <ele>120.95000000000002</ele>
   </trkpt>
   <trkpt lat="50.62358500426303" lon="5.166025005293512">
    <ele>120.44</ele>
   </trkpt>
   <trkpt lat="50.62333" lon="5.167020000000001">
    <ele>121.3</ele>
   </trkpt>
   <trkpt lat="50.62313" lon="5.16722">
    <ele>121.54</ele>
   </trkpt>
   <trkpt lat="50.622930000000004" lon="5.167280000000001">
    <ele>121.83</ele>
   </trkpt>
   <trkpt lat="50.62274000000001" lon="5.1672400000000005">
    <ele>122.44</ele>
   </trkpt>
   <trkpt lat="50.62263" lon="5.1672400000000005">
    <ele>122.44</ele>
   </trkpt>
   <trkpt lat="50.622550000000004" lon="5.167260000000001">
    <ele>123.33000000000001</ele>
   </trkpt>
   <trkpt lat="50.62205" lon="5.16757">
    <ele>124.92000000000002</ele>
   </trkpt>
   <trkpt lat="50.62189000000001" lon="5.16765">
    <ele>125.27000000000002</ele>
   </trkpt>
   <trkpt lat="50.62109" lon="5.167730000000001">
    <ele>127.29</ele>
   </trkpt>
   <trkpt lat="50.62037" lon="5.16762">
    <ele>129.93</ele>
   </trkpt>
   <trkpt lat="50.620380000000004" lon="5.16762">
    <ele>129.89000000000001</ele>
   </trkpt>
   <trkpt lat="50.62008" lon="5.16758">
    <ele>131.33</ele>
   </trkpt>
   <trkpt lat="50.61988" lon="5.167590000000001">
    <ele>131.51999999999998</ele>
   </trkpt>
   <trkpt lat="50.61966" lon="5.167680000000001">
    <ele>133.18</ele>
   </trkpt>
   <trkpt lat="50.61883000000931" lon="5.167810002304066">
    <ele>138.13</ele>
   </trkpt>
   <trkpt lat="50.618" lon="5.167940000000001">
    <ele>143.20000000000002</ele>
   </trkpt>
   <trkpt lat="50.617920000000005" lon="5.16793">
    <ele>143.77</ele>
   </trkpt>
   <trkpt lat="50.61769" lon="5.16798">
    <ele>144.45000000000002</ele>
   </trkpt>
   <trkpt lat="50.61742" lon="5.16812">
    <ele>145.64000000000001</ele>
   </trkpt>
   <trkpt lat="50.61699000054415" lon="5.168475003241513">
    <ele>146.02</ele>
   </trkpt>
   <trkpt lat="50.61656000000001" lon="5.168830000000001">
    <ele>143.3</ele>
   </trkpt>
   <trkpt lat="50.616200000000006" lon="5.16933">
    <ele>141.41</ele>
   </trkpt>
   <trkpt lat="50.615880000000004" lon="5.17001">
    <ele>139.01000000000002</ele>
   </trkpt>
   <trkpt lat="50.615520000000004" lon="5.1707">
    <ele>136.96</ele>
   </trkpt>
   <trkpt lat="50.61533000000001" lon="5.17096">
    <ele>134.84</ele>
   </trkpt>
   <trkpt lat="50.61471666995137" lon="5.1715766827181415">
    <ele>134.57000000000002</ele>
   </trkpt>
   <trkpt lat="50.614103336647624" lon="5.172193349354775">
    <ele>136.83</ele>
   </trkpt>
   <trkpt lat="50.613490000000006" lon="5.17281">
    <ele>139.04000000000002</ele>
   </trkpt>
   <trkpt lat="50.613290000000006" lon="5.17311">
    <ele>139.5</ele>
   </trkpt>
   <trkpt lat="50.61272" lon="5.174130000000001">
    <ele>139.1</ele>
   </trkpt>
   <trkpt lat="50.61230500175818" lon="5.174775005724797">
    <ele>138.46</ele>
   </trkpt>
   <trkpt lat="50.61189" lon="5.175420000000001">
    <ele>136.8</ele>
   </trkpt>
   <trkpt lat="50.611650000000004" lon="5.1762500000000005">
    <ele>134.10000000000002</ele>
   </trkpt>
   <trkpt lat="50.611250000000005" lon="5.1771400000000005">
    <ele>132.36</ele>
   </trkpt>
   <trkpt lat="50.61066" lon="5.17612">
    <ele>129.25</ele>
   </trkpt>
   <trkpt lat="50.61025" lon="5.175610000000001">
    <ele>127.30000000000003</ele>
   </trkpt>
   <trkpt lat="50.610150000000004" lon="5.175630000000001">
    <ele>127.03</ele>
   </trkpt>
   <trkpt lat="50.60989000000001" lon="5.175470000000001">
    <ele>126.43</ele>
   </trkpt>
   <trkpt lat="50.60983" lon="5.17539">
    <ele>125.10000000000001</ele>
   </trkpt>
   <trkpt lat="50.609365000375824" lon="5.175079996912439">
    <ele>121.87</ele>
   </trkpt>
   <trkpt lat="50.608900000000006" lon="5.1747700000000005">
    <ele>118.48000000000002</ele>
   </trkpt>
   <trkpt lat="50.60873" lon="5.17544">
    <ele>115.53</ele>
   </trkpt>
   <trkpt lat="50.60868000000001" lon="5.17544">
    <ele>115.49000000000001</ele>
   </trkpt>
   <trkpt lat="50.60795" lon="5.1753800000000005">
    <ele>110.84</ele>
   </trkpt>
   <trkpt lat="50.60745000000001" lon="5.17523">
    <ele>111.27000000000001</ele>
   </trkpt>
   <trkpt lat="50.607000000000006" lon="5.175050000000001">
    <ele>111.58000000000001</ele>
   </trkpt>
   <trkpt lat="50.60692" lon="5.1750300000000005">
    <ele>111.58000000000001</ele>
   </trkpt>
   <trkpt lat="50.60687" lon="5.175120000000001">
    <ele>111.58000000000001</ele>
   </trkpt>
   <trkpt lat="50.606210000000004" lon="5.17576">
    <ele>110.61000000000001</ele>
   </trkpt>
   <trkpt lat="50.60611" lon="5.1759">
    <ele>110.64</ele>
   </trkpt>
   <trkpt lat="50.605615000952035" lon="5.1763700049381">
    <ele>110.38000000000001</ele>
   </trkpt>
   <trkpt lat="50.60512000000001" lon="5.17684">
    <ele>110.42</ele>
   </trkpt>
   <trkpt lat="50.60502" lon="5.17694">
    <ele>110.42</ele>
   </trkpt>
   <trkpt lat="50.60495" lon="5.17706">
    <ele>110.51</ele>
   </trkpt>
   <trkpt lat="50.60492000000001" lon="5.177160000000001">
    <ele>110.51</ele>
   </trkpt>
   <trkpt lat="50.604940000000006" lon="5.1775">
    <ele>110.46</ele>
   </trkpt>
   <trkpt lat="50.60521000341628" lon="5.178394994824131">
    <ele>110.49000000000001</ele>
   </trkpt>
   <trkpt lat="50.60548000000001" lon="5.179290000000001">
    <ele>110.86000000000001</ele>
   </trkpt>
   <trkpt lat="50.605825003425316" lon="5.180174993698556">
    <ele>111.13000000000001</ele>
   </trkpt>
   <trkpt lat="50.606170000000006" lon="5.18106">
    <ele>111.16000000000001</ele>
   </trkpt>
   <trkpt lat="50.606370000000005" lon="5.181500000000001">
    <ele>111.29</ele>
   </trkpt>
   <trkpt lat="50.60661" lon="5.181800000000001">
    <ele>111.68</ele>
   </trkpt>
   <trkpt lat="50.60718000000001" lon="5.18228">
    <ele>112.54</ele>
   </trkpt>
   <trkpt lat="50.6073" lon="5.18247">
    <ele>112.92</ele>
   </trkpt>
   <trkpt lat="50.607380000000006" lon="5.1827000000000005">
    <ele>113.08000000000001</ele>
   </trkpt>
   <trkpt lat="50.607610008266704" lon="5.1836833236753845">
    <ele>113.64</ele>
   </trkpt>
   <trkpt lat="50.60784000825643" lon="5.184666656964669">
    <ele>114.16000000000001</ele>
   </trkpt>
   <trkpt lat="50.608070000000005" lon="5.185650000000001">
    <ele>115.02000000000001</ele>
   </trkpt>
   <trkpt lat="50.60810000000001" lon="5.18585">
    <ele>115.12</ele>
   </trkpt>
   <trkpt lat="50.60808" lon="5.186070000000001">
    <ele>115.26000000000002</ele>
   </trkpt>
   <trkpt lat="50.608000000000004" lon="5.18646">
    <ele>115.15000000000002</ele>
   </trkpt>
   <trkpt lat="50.60760251705413" lon="5.187612529212439">
    <ele>112.09</ele>
   </trkpt>
   <trkpt lat="50.607205022738" lon="5.188765038951637">
    <ele>109.75000000000001</ele>
   </trkpt>
   <trkpt lat="50.60680751705197" lon="5.189917529217641">
    <ele>109.37</ele>
   </trkpt>
   <trkpt lat="50.606410000000004" lon="5.191070000000001">
    <ele>110.02000000000001</ele>
   </trkpt>
   <trkpt lat="50.60616" lon="5.191800000000001">
    <ele>110.88000000000001</ele>
   </trkpt>
   <trkpt lat="50.60609" lon="5.1919200000000005">
    <ele>111.31</ele>
   </trkpt>
   <trkpt lat="50.60607" lon="5.19183">
    <ele>111.31</ele>
   </trkpt>
   <trkpt lat="50.605570002254936" lon="5.191109992401283">
    <ele>110.34</ele>
   </trkpt>
   <trkpt lat="50.605070000000005" lon="5.190390000000001">
    <ele>109.51</ele>
   </trkpt>
   <trkpt lat="50.604940000000006" lon="5.190180000000001">
    <ele>109.51</ele>
   </trkpt>
   <trkpt lat="50.60452" lon="5.1892700000000005">
    <ele>108.93</ele>
   </trkpt>
   <trkpt lat="50.60407500458081" lon="5.1882349902026315">
    <ele>109.06</ele>
   </trkpt>
   <trkpt lat="50.60363" lon="5.187200000000001">
    <ele>109.34</ele>
   </trkpt>
   <trkpt lat="50.603460000000005" lon="5.1869700000000005">
    <ele>109.63000000000001</ele>
   </trkpt>
   <trkpt lat="50.60342000000001" lon="5.18689">
    <ele>109.63000000000001</ele>
   </trkpt>
   <trkpt lat="50.60331000000001" lon="5.18655">
    <ele>109.96</ele>
   </trkpt>
   <trkpt lat="50.60323" lon="5.18646">
    <ele>110.11000000000001</ele>
   </trkpt>
   <trkpt lat="50.60316" lon="5.18648">
    <ele>110.19000000000001</ele>
   </trkpt>
   <trkpt lat="50.60296" lon="5.18663">
    <ele>110.19000000000001</ele>
   </trkpt>
   <trkpt lat="50.60249" lon="5.185790000000001">
    <ele>109.03000000000002</ele>
   </trkpt>
   <trkpt lat="50.60229" lon="5.185530000000001">
    <ele>108.95</ele>
   </trkpt>
   <trkpt lat="50.601760001175556" lon="5.18502499439266">
    <ele>108.77000000000001</ele>
   </trkpt>
   <trkpt lat="50.60123" lon="5.18452">
    <ele>108.57000000000001</ele>
   </trkpt>
   <trkpt lat="50.60083" lon="5.184100000000001">
    <ele>107.87</ele>
   </trkpt>
   <trkpt lat="50.600640000000006" lon="5.18388">
    <ele>107.87</ele>
   </trkpt>
   <trkpt lat="50.600260000000006" lon="5.1833100000000005">
    <ele>107.36000000000001</ele>
   </trkpt>
   <trkpt lat="50.599560000000004" lon="5.182580000000001">
    <ele>106.93</ele>
   </trkpt>
   <trkpt lat="50.59915" lon="5.18217">
    <ele>107.27</ele>
   </trkpt>
   <trkpt lat="50.59901000000001" lon="5.18205">
    <ele>107.50000000000001</ele>
   </trkpt>
   <trkpt lat="50.59861" lon="5.181640000000001">
    <ele>107.92</ele>
   </trkpt>
   <trkpt lat="50.598380000000006" lon="5.181500000000001">
    <ele>107.9</ele>
   </trkpt>
   <trkpt lat="50.59827000000001" lon="5.18146">
    <ele>107.9</ele>
   </trkpt>
   <trkpt lat="50.597910000000006" lon="5.1814100000000005">
    <ele>108.25000000000001</ele>
   </trkpt>
   <trkpt lat="50.597350000000006" lon="5.1813">
    <ele>108.72000000000001</ele>
   </trkpt>
   <trkpt lat="50.59709" lon="5.181290000000001">
    <ele>109.41000000000001</ele>
   </trkpt>
   <trkpt lat="50.596990000000005" lon="5.18132">
    <ele>109.41000000000001</ele>
   </trkpt>
   <trkpt lat="50.596920000000004" lon="5.18142">
    <ele>109.41000000000001</ele>
   </trkpt>
   <trkpt lat="50.59651" lon="5.182480000000001">
    <ele>113.68</ele>
   </trkpt>
   <trkpt lat="50.59612500194441" lon="5.183180006003659">
    <ele>116.21000000000001</ele>
   </trkpt>
   <trkpt lat="50.595740000000006" lon="5.18388">
    <ele>117.39</ele>
   </trkpt>
   <trkpt lat="50.59573" lon="5.183890000000001">
    <ele>117.4</ele>
   </trkpt>
   <trkpt lat="50.59536500202585" lon="5.184575005278991">
    <ele>118.33</ele>
   </trkpt>
   <trkpt lat="50.595000000000006" lon="5.18526">
    <ele>118.72</ele>
   </trkpt>
   <trkpt lat="50.59479" lon="5.1856">
    <ele>118.88000000000001</ele>
   </trkpt>
   <trkpt lat="50.594480000000004" lon="5.18592">
    <ele>119.35000000000001</ele>
   </trkpt>
   <trkpt lat="50.593700000000005" lon="5.18632">
    <ele>119.84000000000002</ele>
   </trkpt>
   <trkpt lat="50.59324" lon="5.18649">
    <ele>119.96000000000001</ele>
   </trkpt>
   <trkpt lat="50.592760000000006" lon="5.18641">
    <ele>119.11</ele>
   </trkpt>
   <trkpt lat="50.592076668754785" lon="5.185909985446534">
    <ele>116.07000000000001</ele>
   </trkpt>
   <trkpt lat="50.59139333536926" lon="5.185409985408621">
    <ele>112.5</ele>
   </trkpt>
   <trkpt lat="50.59071" lon="5.18491">
    <ele>113.58000000000001</ele>
   </trkpt>
   <trkpt lat="50.59033" lon="5.184550000000001">
    <ele>116.39</ele>
   </trkpt>
   <trkpt lat="50.589660002187784" lon="5.183839989927809">
    <ele>117.81000000000002</ele>
   </trkpt>
   <trkpt lat="50.58899" lon="5.18313">
    <ele>117.75</ele>
   </trkpt>
   <trkpt lat="50.58883" lon="5.18299">
    <ele>117.26</ele>
   </trkpt>
   <trkpt lat="50.58805" lon="5.18282">
    <ele>112.99000000000001</ele>
   </trkpt>
   <trkpt lat="50.58775000000001" lon="5.18282">
    <ele>109.97000000000001</ele>
   </trkpt>
   <trkpt lat="50.587630000000004" lon="5.18287">
    <ele>109.97000000000001</ele>
   </trkpt>
   <trkpt lat="50.58738" lon="5.183280000000001">
    <ele>107.69000000000001</ele>
   </trkpt>
   <trkpt lat="50.587270000000004" lon="5.18337">
    <ele>107.69000000000001</ele>
   </trkpt>
   <trkpt lat="50.58713" lon="5.18337">
    <ele>105.25000000000001</ele>
   </trkpt>
   <trkpt lat="50.58647000041488" lon="5.183104996331395">
    <ele>103.19</ele>
   </trkpt>
   <trkpt lat="50.58581" lon="5.182840000000001">
    <ele>103.49000000000001</ele>
   </trkpt>
   <trkpt lat="50.585620000000006" lon="5.182860000000001">
    <ele>103.15</ele>
   </trkpt>
   <trkpt lat="50.585190000000004" lon="5.183000000000001">
    <ele>103.17000000000002</ele>
   </trkpt>
   <trkpt lat="50.58496" lon="5.18313">
    <ele>103.70000000000002</ele>
   </trkpt>
   <trkpt lat="50.584880000000005" lon="5.183210000000001">
    <ele>103.92000000000002</ele>
   </trkpt>
   <trkpt lat="50.584720000000004" lon="5.183330000000001">
    <ele>104.3</ele>
   </trkpt>
   <trkpt lat="50.58464000000001" lon="5.18337">
    <ele>104.98</ele>
   </trkpt>
   <trkpt lat="50.58419000000001" lon="5.18377">
    <ele>106.08000000000001</ele>
   </trkpt>
   <trkpt lat="50.58395" lon="5.184030000000001">
    <ele>107.02</ele>
   </trkpt>
   <trkpt lat="50.58341500240511" lon="5.184780008524644">
    <ele>110.42</ele>
   </trkpt>
   <trkpt lat="50.58288" lon="5.185530000000001">
    <ele>114.17</ele>
   </trkpt>
   <trkpt lat="50.58259" lon="5.18592">
    <ele>116.26000000000002</ele>
   </trkpt>
   <trkpt lat="50.58252" lon="5.18609">
    <ele>117.14</ele>
   </trkpt>
   <trkpt lat="50.58249000000001" lon="5.186470000000001">
    <ele>118.43</ele>
   </trkpt>
   <trkpt lat="50.582510000000006" lon="5.187010000000001">
    <ele>121.48</ele>
   </trkpt>
   <trkpt lat="50.582430002383646" lon="5.1877550011936995">
    <ele>125.62</ele>
   </trkpt>
   <trkpt lat="50.582350000000005" lon="5.1885">
    <ele>130.04000000000002</ele>
   </trkpt>
   <trkpt lat="50.58220000000001" lon="5.18918">
    <ele>135.75</ele>
   </trkpt>
   <trkpt lat="50.582" lon="5.189920000000001">
    <ele>144.3</ele>
   </trkpt>
   <trkpt lat="50.58175000000001" lon="5.19038">
    <ele>148.28000000000003</ele>
   </trkpt>
   <trkpt lat="50.58149500200058" lon="5.1910450033204025">
    <ele>153.56</ele>
   </trkpt>
   <trkpt lat="50.58124" lon="5.1917100000000005">
    <ele>160.06</ele>
   </trkpt>
   <trkpt lat="50.580740000000006" lon="5.192690000000001">
    <ele>164.58</ele>
   </trkpt>
   <trkpt lat="50.5808" lon="5.19275">
    <ele>164.58</ele>
   </trkpt>
   <trkpt lat="50.58082" lon="5.19298">
    <ele>165.53</ele>
   </trkpt>
   <trkpt lat="50.58081000000001" lon="5.1932100000000005">
    <ele>165.98000000000002</ele>
   </trkpt>
   <trkpt lat="50.58063000352609" lon="5.19412000357328">
    <ele>167.56</ele>
   </trkpt>
   <trkpt lat="50.580450000000006" lon="5.19503">
    <ele>168.59</ele>
   </trkpt>
   <trkpt lat="50.58021" lon="5.19571">
    <ele>168.91</ele>
   </trkpt>
   <trkpt lat="50.58001" lon="5.196490000000001">
    <ele>169.57000000000002</ele>
   </trkpt>
   <trkpt lat="50.57974000715414" lon="5.197780007249991">
    <ele>170.67000000000002</ele>
   </trkpt>
   <trkpt lat="50.57947" lon="5.199070000000001">
    <ele>171.5</ele>
   </trkpt>
   <trkpt lat="50.5793" lon="5.199990000000001">
    <ele>173.40000000000003</ele>
   </trkpt>
   <trkpt lat="50.579190000000004" lon="5.2007900000000005">
    <ele>174.42000000000002</ele>
   </trkpt>
   <trkpt lat="50.57912" lon="5.20164">
    <ele>175.52</ele>
   </trkpt>
   <trkpt lat="50.57903" lon="5.202100000000001">
    <ele>176.31000000000003</ele>
   </trkpt>
   <trkpt lat="50.57894" lon="5.2028300000000005">
    <ele>177.8</ele>
   </trkpt>
   <trkpt lat="50.578720000000004" lon="5.20331">
    <ele>178.64000000000001</ele>
   </trkpt>
   <trkpt lat="50.57850000210514" lon="5.2040200034869235">
    <ele>179.16</ele>
   </trkpt>
   <trkpt lat="50.57828000000001" lon="5.2047300000000005">
    <ele>179.99</ele>
   </trkpt>
   <trkpt lat="50.578" lon="5.20568">
    <ele>181.1</ele>
   </trkpt>
   <trkpt lat="50.577760000000005" lon="5.20636">
    <ele>184.34</ele>
   </trkpt>
   <trkpt lat="50.57761000000001" lon="5.20657">
    <ele>185.16000000000003</ele>
   </trkpt>
   <trkpt lat="50.57708" lon="5.207680000000001">
    <ele>189.02</ele>
   </trkpt>
   <trkpt lat="50.57703" lon="5.20786">
    <ele>189.37</ele>
   </trkpt>
   <trkpt lat="50.57701" lon="5.20805">
    <ele>189.66000000000003</ele>
   </trkpt>
   <trkpt lat="50.5765600000554" lon="5.207999999527285">
    <ele>188.47000000000003</ele>
   </trkpt>
   <trkpt lat="50.57611000000001" lon="5.20795">
    <ele>185.69000000000003</ele>
   </trkpt>
   <trkpt lat="50.5756" lon="5.208030000000001">
    <ele>181.77</ele>
   </trkpt>
   <trkpt lat="50.575430000000004" lon="5.208">
    <ele>180.51</ele>
   </trkpt>
   <trkpt lat="50.574980000000004" lon="5.207820000000001">
    <ele>176.31000000000003</ele>
   </trkpt>
   <trkpt lat="50.57459" lon="5.20753">
    <ele>173.73000000000002</ele>
   </trkpt>
   <trkpt lat="50.57424" lon="5.20737">
    <ele>172.48000000000002</ele>
   </trkpt>
   <trkpt lat="50.57387000000001" lon="5.20734">
    <ele>170.20000000000002</ele>
   </trkpt>
   <trkpt lat="50.57316" lon="5.207350000000001">
    <ele>167.69</ele>
   </trkpt>
   <trkpt lat="50.57278" lon="5.20725">
    <ele>164.33</ele>
   </trkpt>
   <trkpt lat="50.572340000000004" lon="5.2069600000000005">
    <ele>160.16000000000003</ele>
   </trkpt>
   <trkpt lat="50.57213" lon="5.20675">
    <ele>157.93</ele>
   </trkpt>
   <trkpt lat="50.57186" lon="5.20622">
    <ele>155.74</ele>
   </trkpt>
   <trkpt lat="50.571780000000004" lon="5.206110000000001">
    <ele>155.36</ele>
   </trkpt>
   <trkpt lat="50.57166" lon="5.20608">
    <ele>155.36</ele>
   </trkpt>
   <trkpt lat="50.57144" lon="5.20614">
    <ele>154.78</ele>
   </trkpt>
   <trkpt lat="50.57081" lon="5.20675">
    <ele>156.03</ele>
   </trkpt>
   <trkpt lat="50.57052" lon="5.2071000000000005">
    <ele>159.35999999999999</ele>
   </trkpt>
   <trkpt lat="50.57029000000001" lon="5.207450000000001">
    <ele>162.4</ele>
   </trkpt>
   <trkpt lat="50.56969" lon="5.20798">
    <ele>168.29000000000002</ele>
   </trkpt>
   <trkpt lat="50.569410000000005" lon="5.2084">
    <ele>170.78</ele>
   </trkpt>
   <trkpt lat="50.56898000407699" lon="5.209086679136949">
    <ele>173.12000000000003</ele>
   </trkpt>
   <trkpt lat="50.5685500041167" lon="5.2097733457400395">
    <ele>176.17000000000002</ele>
   </trkpt>
   <trkpt lat="50.56812000000001" lon="5.21046">
    <ele>179.06000000000003</ele>
   </trkpt>
   <trkpt lat="50.56808" lon="5.2106">
    <ele>179.12</ele>
   </trkpt>
   <trkpt lat="50.56801" lon="5.210660000000001">
    <ele>179.01</ele>
   </trkpt>
   <trkpt lat="50.56781" lon="5.21096">
    <ele>178.67000000000002</ele>
   </trkpt>
   <trkpt lat="50.56759" lon="5.2112300000000005">
    <ele>178.38</ele>
   </trkpt>
   <trkpt lat="50.567130000000006" lon="5.211720000000001">
    <ele>178.02</ele>
   </trkpt>
   <trkpt lat="50.56636" lon="5.212400000000001">
    <ele>178.57</ele>
   </trkpt>
   <trkpt lat="50.566120000000005" lon="5.212560000000001">
    <ele>178.96</ele>
   </trkpt>
   <trkpt lat="50.5656" lon="5.21279">
    <ele>181.15</ele>
   </trkpt>
   <trkpt lat="50.565180000000005" lon="5.213010000000001">
    <ele>183.87</ele>
   </trkpt>
   <trkpt lat="50.564960000000006" lon="5.21321">
    <ele>185.88000000000002</ele>
   </trkpt>
   <trkpt lat="50.56492" lon="5.2134100000000005">
    <ele>186.62</ele>
   </trkpt>
   <trkpt lat="50.56488" lon="5.214370000000001">
    <ele>191.71</ele>
   </trkpt>
   <trkpt lat="50.56501" lon="5.215210000000001">
    <ele>193.9</ele>
   </trkpt>
   <trkpt lat="50.565000000000005" lon="5.21541">
    <ele>193.9</ele>
   </trkpt>
   <trkpt lat="50.5649" lon="5.21551">
    <ele>194.16000000000003</ele>
   </trkpt>
   <trkpt lat="50.56419" lon="5.21581">
    <ele>196.11</ele>
   </trkpt>
   <trkpt lat="50.56354" lon="5.21593">
    <ele>194.01000000000002</ele>
   </trkpt>
   <trkpt lat="50.56327" lon="5.216030000000001">
    <ele>190.06</ele>
   </trkpt>
   <trkpt lat="50.56270666753805" lon="5.216356674501043">
    <ele>184.52</ele>
   </trkpt>
   <trkpt lat="50.562143334162336" lon="5.216683341192164">
    <ele>179.31000000000003</ele>
   </trkpt>
   <trkpt lat="50.561580000000006" lon="5.21701">
    <ele>175.75</ele>
   </trkpt>
   <trkpt lat="50.561440000000005" lon="5.21701">
    <ele>174.49</ele>
   </trkpt>
   <trkpt lat="50.56074" lon="5.21682">
    <ele>165.13000000000002</ele>
   </trkpt>
   <trkpt lat="50.560500000000005" lon="5.21675">
    <ele>162.43</ele>
   </trkpt>
   <trkpt lat="50.56026000000001" lon="5.216640000000001">
    <ele>159.41000000000003</ele>
   </trkpt>
   <trkpt lat="50.560120000000005" lon="5.216500000000001">
    <ele>158.49</ele>
   </trkpt>
   <trkpt lat="50.55942" lon="5.2156400000000005">
    <ele>147.82</ele>
   </trkpt>
   <trkpt lat="50.55921000000001" lon="5.2152">
    <ele>142.35</ele>
   </trkpt>
   <trkpt lat="50.55912000000001" lon="5.21515">
    <ele>140.99</ele>
   </trkpt>
   <trkpt lat="50.558730000000004" lon="5.215470000000001">
    <ele>135.15</ele>
   </trkpt>
   <trkpt lat="50.55825" lon="5.215800000000001">
    <ele>127.21000000000001</ele>
   </trkpt>
   <trkpt lat="50.55776000032205" lon="5.216100003157514">
    <ele>122.19</ele>
   </trkpt>
   <trkpt lat="50.55727" lon="5.2164">
    <ele>119.28000000000002</ele>
   </trkpt>
   <trkpt lat="50.557100000000005" lon="5.21649">
    <ele>118.73000000000002</ele>
   </trkpt>
   <trkpt lat="50.55677000000001" lon="5.216550000000001">
    <ele>118.44</ele>
   </trkpt>
   <trkpt lat="50.556179999994015" lon="5.216575000313288">
    <ele>119.52000000000001</ele>
   </trkpt>
   <trkpt lat="50.55559" lon="5.216600000000001">
    <ele>119.47</ele>
   </trkpt>
   <trkpt lat="50.555060000000005" lon="5.21658">
    <ele>117.21000000000001</ele>
   </trkpt>
   <trkpt lat="50.554545000089384" lon="5.216670000973697">
    <ele>113.76</ele>
   </trkpt>
   <trkpt lat="50.554030000000004" lon="5.216760000000001">
    <ele>109.07000000000001</ele>
   </trkpt>
   <trkpt lat="50.55364" lon="5.216740000000001">
    <ele>104.59</ele>
   </trkpt>
   <trkpt lat="50.55331" lon="5.216760000000001">
    <ele>99.5</ele>
   </trkpt>
   <trkpt lat="50.552910000000004" lon="5.216620000000001">
    <ele>97.30000000000001</ele>
   </trkpt>
   <trkpt lat="50.552550000000004" lon="5.2163900000000005">
    <ele>93.77000000000001</ele>
   </trkpt>
   <trkpt lat="50.55243" lon="5.21635">
    <ele>92.53</ele>
   </trkpt>
   <trkpt lat="50.55212" lon="5.216290000000001">
    <ele>90.32000000000001</ele>
   </trkpt>
   <trkpt lat="50.55153000000001" lon="5.216270000000001">
    <ele>89.2</ele>
   </trkpt>
   <trkpt lat="50.55084" lon="5.216290000000001">
    <ele>88.24000000000001</ele>
   </trkpt>
   <trkpt lat="50.550520000000006" lon="5.21638">
    <ele>87.33</ele>
   </trkpt>
   <trkpt lat="50.550450000000005" lon="5.216340000000001">
    <ele>86.9</ele>
   </trkpt>
   <trkpt lat="50.550095000997544" lon="5.216830003731628">
    <ele>86.15</ele>
   </trkpt>
   <trkpt lat="50.54974000000001" lon="5.217320000000001">
    <ele>84.9</ele>
   </trkpt>
   <trkpt lat="50.549640000000004" lon="5.21752">
    <ele>84.86</ele>
   </trkpt>
   <trkpt lat="50.54961" lon="5.21783">
    <ele>84.96000000000001</ele>
   </trkpt>
   <trkpt lat="50.54956000000001" lon="5.21884">
    <ele>86.73</ele>
   </trkpt>
   <trkpt lat="50.549510000000005" lon="5.219110000000001">
    <ele>87.11</ele>
   </trkpt>
   <trkpt lat="50.54946" lon="5.219270000000001">
    <ele>87.16</ele>
   </trkpt>
   <trkpt lat="50.54906334055653" lon="5.220186682027109">
    <ele>86.55</ele>
   </trkpt>
   <trkpt lat="50.54866667391729" lon="5.221103348630199">
    <ele>85.84000000000002</ele>
   </trkpt>
   <trkpt lat="50.54827" lon="5.2220200000000006">
    <ele>85.64</ele>
   </trkpt>
   <trkpt lat="50.54824000000001" lon="5.222230000000001">
    <ele>85.44</ele>
   </trkpt>
   <trkpt lat="50.548260000000006" lon="5.222340000000001">
    <ele>85.23</ele>
   </trkpt>
   <trkpt lat="50.548210000000005" lon="5.2225">
    <ele>84.77000000000001</ele>
   </trkpt>
   <trkpt lat="50.54813000000001" lon="5.22255">
    <ele>84.49000000000001</ele>
   </trkpt>
   <trkpt lat="50.54809" lon="5.22254">
    <ele>84.49000000000001</ele>
   </trkpt>
   <trkpt lat="50.54807" lon="5.22269">
    <ele>84.61</ele>
   </trkpt>
   <trkpt lat="50.548030005127146" lon="5.223785001114907">
    <ele>84.9</ele>
   </trkpt>
   <trkpt lat="50.547990000000006" lon="5.224880000000001">
    <ele>85.92</ele>
   </trkpt>
   <trkpt lat="50.54796" lon="5.2259">
    <ele>85.29</ele>
   </trkpt>
   <trkpt lat="50.547990000000006" lon="5.22653">
    <ele>85.36</ele>
   </trkpt>
   <trkpt lat="50.54807" lon="5.227010000000001">
    <ele>85.82000000000001</ele>
   </trkpt>
   <trkpt lat="50.54829" lon="5.22792">
    <ele>86.63000000000001</ele>
   </trkpt>
   <trkpt lat="50.5484" lon="5.228540000000001">
    <ele>86.82000000000001</ele>
   </trkpt>
   <trkpt lat="50.548480000000005" lon="5.22911">
    <ele>87.14</ele>
   </trkpt>
   <trkpt lat="50.54852" lon="5.229660000000001">
    <ele>87.58</ele>
   </trkpt>
   <trkpt lat="50.54852" lon="5.2296700000000005">
    <ele>87.59</ele>
   </trkpt>
   <trkpt lat="50.54854" lon="5.229920000000001">
    <ele>87.68</ele>
   </trkpt>
   <trkpt lat="50.54854" lon="5.230130000000001">
    <ele>87.65</ele>
   </trkpt>
   <trkpt lat="50.54844000000001" lon="5.230320000000001">
    <ele>87.65</ele>
   </trkpt>
   <trkpt lat="50.548730000000006" lon="5.2308900000000005">
    <ele>87.8</ele>
   </trkpt>
   <trkpt lat="50.548930000000006" lon="5.231400000000001">
    <ele>88.41</ele>
   </trkpt>
   <trkpt lat="50.549145002888864" lon="5.23221499645347">
    <ele>89.34</ele>
   </trkpt>
   <trkpt lat="50.54936000000001" lon="5.23303">
    <ele>90.2</ele>
   </trkpt>
   <trkpt lat="50.549440000000004" lon="5.23322">
    <ele>90.45</ele>
   </trkpt>
   <trkpt lat="50.54883" lon="5.23313">
    <ele>88.94</ele>
   </trkpt>
   <trkpt lat="50.54824000000001" lon="5.233160000000001">
    <ele>88.66</ele>
   </trkpt>
   <trkpt lat="50.54754333341161" lon="5.233243335793603">
    <ele>89.26</ele>
   </trkpt>
   <trkpt lat="50.546846666763756" lon="5.233326669124642">
    <ele>89.88</ele>
   </trkpt>
   <trkpt lat="50.546150000000004" lon="5.23341">
    <ele>91.33000000000001</ele>
   </trkpt>
   <trkpt lat="50.546130000000005" lon="5.233420000000001">
    <ele>91.36000000000001</ele>
   </trkpt>
   <trkpt lat="50.54605" lon="5.233420000000001">
    <ele>91.63</ele>
   </trkpt>
   <trkpt lat="50.546110000000006" lon="5.233910000000001">
    <ele>92.4</ele>
   </trkpt>
   <trkpt lat="50.546330000000005" lon="5.23526">
    <ele>95.09</ele>
   </trkpt>
   <trkpt lat="50.54659" lon="5.235760000000001">
    <ele>96.77000000000001</ele>
   </trkpt>
   <trkpt lat="50.54668" lon="5.23604">
    <ele>97.43</ele>
   </trkpt>
   <trkpt lat="50.546640000000004" lon="5.23611">
    <ele>97.76</ele>
   </trkpt>
   <trkpt lat="50.546640000000004" lon="5.236210000000001">
    <ele>97.76</ele>
   </trkpt>
   <trkpt lat="50.5465" lon="5.2362400000000004">
    <ele>97.9</ele>
   </trkpt>
   <trkpt lat="50.54614" lon="5.236540000000001">
    <ele>98.86</ele>
   </trkpt>
   <trkpt lat="50.54565" lon="5.23658">
    <ele>99.67</ele>
   </trkpt>
   <trkpt lat="50.545100000000005" lon="5.23653">
    <ele>100.19</ele>
   </trkpt>
   <trkpt lat="50.54439000000001" lon="5.2363800000000005">
    <ele>100.92</ele>
   </trkpt>
   <trkpt lat="50.543786668581085" lon="5.235903321111626">
    <ele>101.42</ele>
   </trkpt>
   <trkpt lat="50.543183335216334" lon="5.235426654420342">
    <ele>101.99000000000001</ele>
   </trkpt>
   <trkpt lat="50.54258" lon="5.23495">
    <ele>102.71000000000001</ele>
   </trkpt>
   <trkpt lat="50.54222000000001" lon="5.23461">
    <ele>103.99000000000001</ele>
   </trkpt>
   <trkpt lat="50.54180500128058" lon="5.234054995064861">
    <ele>106.81</ele>
   </trkpt>
   <trkpt lat="50.54139000000001" lon="5.2335">
    <ele>110.85000000000001</ele>
   </trkpt>
   <trkpt lat="50.54098500082887" lon="5.2330849965298825">
    <ele>113.88000000000001</ele>
   </trkpt>
   <trkpt lat="50.540580000000006" lon="5.232670000000001">
    <ele>116.44000000000001</ele>
   </trkpt>
   <trkpt lat="50.5405" lon="5.2327200000000005">
    <ele>115.74000000000001</ele>
   </trkpt>
   <trkpt lat="50.54037" lon="5.232740000000001">
    <ele>114.56</ele>
   </trkpt>
   <trkpt lat="50.54008" lon="5.2327200000000005">
    <ele>111.18</ele>
   </trkpt>
   <trkpt lat="50.539350000000006" lon="5.232430000000001">
    <ele>103.42000000000002</ele>
   </trkpt>
   <trkpt lat="50.538920000000005" lon="5.23219">
    <ele>97.53</ele>
   </trkpt>
   <trkpt lat="50.53839000000001" lon="5.23183">
    <ele>92.66000000000001</ele>
   </trkpt>
   <trkpt lat="50.53799500094143" lon="5.231319995506522">
    <ele>88.26</ele>
   </trkpt>
   <trkpt lat="50.537600000000005" lon="5.230810000000001">
    <ele>84.51</ele>
   </trkpt>
   <trkpt lat="50.537200000000006" lon="5.23012">
    <ele>81.94000000000001</ele>
   </trkpt>
   <trkpt lat="50.53685" lon="5.22996">
    <ele>81.93</ele>
   </trkpt>
   <trkpt lat="50.536550000000005" lon="5.229920000000001">
    <ele>82.60000000000001</ele>
   </trkpt>
   <trkpt lat="50.53636" lon="5.229990000000001">
    <ele>83.26</ele>
   </trkpt>
   <trkpt lat="50.536170000000006" lon="5.23">
    <ele>84.36</ele>
   </trkpt>
   <trkpt lat="50.535940000000004" lon="5.22998">
    <ele>86.52000000000001</ele>
   </trkpt>
   <trkpt lat="50.53535" lon="5.229970000000001">
    <ele>94.48</ele>
   </trkpt>
   <trkpt lat="50.53517" lon="5.22989">
    <ele>96.24000000000001</ele>
   </trkpt>
   <trkpt lat="50.534780000000005" lon="5.22954">
    <ele>99.96000000000001</ele>
   </trkpt>
   <trkpt lat="50.53452000000001" lon="5.22944">
    <ele>103.91</ele>
   </trkpt>
   <trkpt lat="50.534400000000005" lon="5.2293400000000005">
    <ele>105.00000000000001</ele>
   </trkpt>
   <trkpt lat="50.53435" lon="5.229240000000001">
    <ele>105.98</ele>
   </trkpt>
   <trkpt lat="50.53408" lon="5.22804">
    <ele>112.95</ele>
   </trkpt>
   <trkpt lat="50.53380000000001" lon="5.227480000000001">
    <ele>117.84000000000002</ele>
   </trkpt>
   <trkpt lat="50.53380000000001" lon="5.22749">
    <ele>117.84000000000002</ele>
   </trkpt>
   <trkpt lat="50.533730000000006" lon="5.22735">
    <ele>118.96000000000001</ele>
   </trkpt>
   <trkpt lat="50.533500000000004" lon="5.2271600000000005">
    <ele>123.71000000000001</ele>
   </trkpt>
   <trkpt lat="50.53334" lon="5.227180000000001">
    <ele>126.09</ele>
   </trkpt>
   <trkpt lat="50.53325" lon="5.227410000000001">
    <ele>127.2</ele>
   </trkpt>
   <trkpt lat="50.53311" lon="5.227550000000001">
    <ele>130.36</ele>
   </trkpt>
   <trkpt lat="50.532970000000006" lon="5.22764">
    <ele>131.86</ele>
   </trkpt>
   <trkpt lat="50.53276" lon="5.22766">
    <ele>133.78</ele>
   </trkpt>
   <trkpt lat="50.53214499988978" lon="5.227670000132159">
    <ele>138.70000000000002</ele>
   </trkpt>
   <trkpt lat="50.531530000000004" lon="5.22768">
    <ele>141.56</ele>
   </trkpt>
   <trkpt lat="50.530730000000005" lon="5.22768">
    <ele>145.29</ele>
   </trkpt>
   <trkpt lat="50.53009" lon="5.227720000000001">
    <ele>146.64000000000001</ele>
   </trkpt>
   <trkpt lat="50.52973" lon="5.22771">
    <ele>145.98</ele>
   </trkpt>
   <trkpt lat="50.52919999992542" lon="5.227775000741518">
    <ele>142.26000000000002</ele>
   </trkpt>
   <trkpt lat="50.528670000000005" lon="5.2278400000000005">
    <ele>135.35</ele>
   </trkpt>
   <trkpt lat="50.528220000000005" lon="5.227880000000001">
    <ele>129.29000000000002</ele>
   </trkpt>
   <trkpt lat="50.528000000000006" lon="5.228020000000001">
    <ele>124.84</ele>
   </trkpt>
   <trkpt lat="50.52760000000001" lon="5.228160000000001">
    <ele>114.12</ele>
   </trkpt>
   <trkpt lat="50.52745" lon="5.22829">
    <ele>113.33000000000001</ele>
   </trkpt>
   <trkpt lat="50.527190000000004" lon="5.22862">
    <ele>108.14000000000001</ele>
   </trkpt>
   <trkpt lat="50.526610000000005" lon="5.2294">
    <ele>101.37</ele>
   </trkpt>
   <trkpt lat="50.52599000000001" lon="5.22965">
    <ele>98.24000000000001</ele>
   </trkpt>
   <trkpt lat="50.52555" lon="5.229850000000001">
    <ele>96.59</ele>
   </trkpt>
   <trkpt lat="50.52539" lon="5.2298800000000005">
    <ele>96.43</ele>
   </trkpt>
   <trkpt lat="50.525130000000004" lon="5.230370000000001">
    <ele>97.59</ele>
   </trkpt>
   <trkpt lat="50.52471000213427" lon="5.23107500626499">
    <ele>97.25</ele>
   </trkpt>
   <trkpt lat="50.52429" lon="5.2317800000000005">
    <ele>94.89</ele>
   </trkpt>
   <trkpt lat="50.524010000000004" lon="5.2321800000000005">
    <ele>92.6</ele>
   </trkpt>
   <trkpt lat="50.523770000000006" lon="5.2324600000000006">
    <ele>91.87</ele>
   </trkpt>
   <trkpt lat="50.523390000000006" lon="5.2327900000000005">
    <ele>89.18</ele>
   </trkpt>
   <trkpt lat="50.522753335784856" lon="5.233323347710668">
    <ele>86.49000000000001</ele>
   </trkpt>
   <trkpt lat="50.52211666913338" lon="5.233856681031024">
    <ele>82.63000000000001</ele>
   </trkpt>
   <trkpt lat="50.521480000000004" lon="5.23439">
    <ele>78.75</ele>
   </trkpt>
   <trkpt lat="50.521300000000004" lon="5.234570000000001">
    <ele>77.94000000000001</ele>
   </trkpt>
   <trkpt lat="50.521190000000004" lon="5.23474">
    <ele>77.68</ele>
   </trkpt>
   <trkpt lat="50.52112" lon="5.23491">
    <ele>77.25000000000001</ele>
   </trkpt>
   <trkpt lat="50.52064001109145" lon="5.236050023282768">
    <ele>76.64</ele>
   </trkpt>
   <trkpt lat="50.52016001105145" lon="5.237190023377328">
    <ele>77.88000000000001</ele>
   </trkpt>
   <trkpt lat="50.51968" lon="5.23833">
    <ele>77.09</ele>
   </trkpt>
   <trkpt lat="50.51972000000001" lon="5.23845">
    <ele>76.14</ele>
   </trkpt>
   <trkpt lat="50.519690000000004" lon="5.23857">
    <ele>75.78</ele>
   </trkpt>
   <trkpt lat="50.51966" lon="5.238600000000001">
    <ele>75.68</ele>
   </trkpt>
   <trkpt lat="50.51959" lon="5.238600000000001">
    <ele>75.68</ele>
   </trkpt>
   <trkpt lat="50.519510000000004" lon="5.238770000000001">
    <ele>75.35</ele>
   </trkpt>
   <trkpt lat="50.51937" lon="5.2391000000000005">
    <ele>74.28000000000002</ele>
   </trkpt>
   <trkpt lat="50.51919" lon="5.23934">
    <ele>73.44</ele>
   </trkpt>
   <trkpt lat="50.51903" lon="5.239450000000001">
    <ele>73.24</ele>
   </trkpt>
   <trkpt lat="50.51823" lon="5.2397800000000005">
    <ele>73.15</ele>
   </trkpt>
   <trkpt lat="50.517590000000006" lon="5.240150000000001">
    <ele>73.42</ele>
   </trkpt>
   <trkpt lat="50.51742" lon="5.240220000000001">
    <ele>73.42</ele>
   </trkpt>
   <trkpt lat="50.517230000000005" lon="5.240270000000001">
    <ele>73.45</ele>
   </trkpt>
   <trkpt lat="50.517100000000006" lon="5.24028">
    <ele>73.45</ele>
   </trkpt>
   <trkpt lat="50.51670000000001" lon="5.24023">
    <ele>74.06</ele>
   </trkpt>
   <trkpt lat="50.51671" lon="5.24028">
    <ele>74.06</ele>
   </trkpt>
   <trkpt lat="50.516670000000005" lon="5.24038">
    <ele>74.88</ele>
   </trkpt>
   <trkpt lat="50.51664" lon="5.24042">
    <ele>74.84</ele>
   </trkpt>
   <trkpt lat="50.516600000000004" lon="5.24061">
    <ele>74.29</ele>
   </trkpt>
   <trkpt lat="50.51655" lon="5.240710000000001">
    <ele>74.18</ele>
   </trkpt>
   <trkpt lat="50.51653" lon="5.24096">
    <ele>74.05</ele>
   </trkpt>
   <trkpt lat="50.51653" lon="5.2414000000000005">
    <ele>75.11000000000001</ele>
   </trkpt>
   <trkpt lat="50.51657" lon="5.24164">
    <ele>76.31</ele>
   </trkpt>
   <trkpt lat="50.51664" lon="5.241910000000001">
    <ele>77.33000000000001</ele>
   </trkpt>
   <trkpt lat="50.516740000000006" lon="5.24211">
    <ele>78.76</ele>
   </trkpt>
   <trkpt lat="50.517070000000004" lon="5.242660000000001">
    <ele>80.75</ele>
   </trkpt>
   <trkpt lat="50.51758" lon="5.243460000000001">
    <ele>82.03</ele>
   </trkpt>
   <trkpt lat="50.518130000000006" lon="5.24429">
    <ele>87.65</ele>
   </trkpt>
   <trkpt lat="50.51865" lon="5.245010000000001">
    <ele>92.80000000000001</ele>
   </trkpt>
   <trkpt lat="50.51877" lon="5.2452000000000005">
    <ele>93.43</ele>
   </trkpt>
   <trkpt lat="50.5189" lon="5.24573">
    <ele>95.82000000000001</ele>
   </trkpt>
   <trkpt lat="50.519180000000006" lon="5.24669">
    <ele>100.18</ele>
   </trkpt>
   <trkpt lat="50.51879" lon="5.246910000000001">
    <ele>103.54</ele>
   </trkpt>
   <trkpt lat="50.518660000000004" lon="5.2471000000000005">
    <ele>103.74000000000001</ele>
   </trkpt>
   <trkpt lat="50.51793000000001" lon="5.2477">
    <ele>112.48</ele>
   </trkpt>
   <trkpt lat="50.51765" lon="5.24788">
    <ele>116.61</ele>
   </trkpt>
   <trkpt lat="50.51758" lon="5.24791">
    <ele>116.61</ele>
   </trkpt>
   <trkpt lat="50.51751" lon="5.24791">
    <ele>116.61</ele>
   </trkpt>
   <trkpt lat="50.51706" lon="5.24767">
    <ele>123.9</ele>
   </trkpt>
   <trkpt lat="50.516920000000006" lon="5.2475700000000005">
    <ele>126.89</ele>
   </trkpt>
   <trkpt lat="50.51686" lon="5.247450000000001">
    <ele>127.74000000000002</ele>
   </trkpt>
   <trkpt lat="50.516870000000004" lon="5.247210000000001">
    <ele>128.52</ele>
   </trkpt>
   <trkpt lat="50.51684" lon="5.247070000000001">
    <ele>129.79999999999998</ele>
   </trkpt>
   <trkpt lat="50.516560000000005" lon="5.246600000000001">
    <ele>134.8</ele>
   </trkpt>
   <trkpt lat="50.51623000000001" lon="5.24608">
    <ele>142.93</ele>
   </trkpt>
   <trkpt lat="50.516160000000006" lon="5.24603">
    <ele>144.63</ele>
   </trkpt>
   <trkpt lat="50.516110000000005" lon="5.24608">
    <ele>145.52</ele>
   </trkpt>
   <trkpt lat="50.516020000000005" lon="5.24645">
    <ele>151.09</ele>
   </trkpt>
   <trkpt lat="50.51599" lon="5.2464900000000005">
    <ele>151.09</ele>
   </trkpt>
   <trkpt lat="50.515550000000005" lon="5.24662">
    <ele>159.48000000000002</ele>
   </trkpt>
   <trkpt lat="50.51518" lon="5.246770000000001">
    <ele>164.92000000000002</ele>
   </trkpt>
   <trkpt lat="50.5146" lon="5.24725">
    <ele>176.47</ele>
   </trkpt>
   <trkpt lat="50.51449" lon="5.247400000000001">
    <ele>180.52</ele>
   </trkpt>
   <trkpt lat="50.514320000000005" lon="5.24776">
    <ele>183.57</ele>
   </trkpt>
   <trkpt lat="50.51426000000001" lon="5.248060000000001">
    <ele>186.48</ele>
   </trkpt>
   <trkpt lat="50.514250000000004" lon="5.248740000000001">
    <ele>193.61</ele>
   </trkpt>
   <trkpt lat="50.51413500422934" lon="5.249735002516395">
    <ele>200.38</ele>
   </trkpt>
   <trkpt lat="50.51402" lon="5.250730000000001">
    <ele>204.85</ele>
   </trkpt>
   <trkpt lat="50.513850000000005" lon="5.251270000000001">
    <ele>206.15000000000003</ele>
   </trkpt>
   <trkpt lat="50.5135000085147" lon="5.2522666814275825">
    <ele>208.63</ele>
   </trkpt>
   <trkpt lat="50.51315000852077" lon="5.253263348076768">
    <ele>210.50000000000003</ele>
   </trkpt>
   <trkpt lat="50.512800000000006" lon="5.25426">
    <ele>213.28000000000003</ele>
   </trkpt>
   <trkpt lat="50.51240000000001" lon="5.2553600000000005">
    <ele>216.25000000000003</ele>
   </trkpt>
   <trkpt lat="50.51200751259066" lon="5.256350024697293">
    <ele>217.47000000000003</ele>
   </trkpt>
   <trkpt lat="50.51161501678588" lon="5.257340032933399">
    <ele>217.95</ele>
   </trkpt>
   <trkpt lat="50.51122251258591" lon="5.25833002470847">
    <ele>218.52</ele>
   </trkpt>
   <trkpt lat="50.510830000000006" lon="5.259320000000001">
    <ele>219.37</ele>
   </trkpt>
   <trkpt lat="50.510830000000006" lon="5.25931">
    <ele>219.36</ele>
   </trkpt>
   <trkpt lat="50.510600000000004" lon="5.2601700000000005">
    <ele>219.68</ele>
   </trkpt>
   <trkpt lat="50.51031000278715" lon="5.260975004911929">
    <ele>220.46</ele>
   </trkpt>
   <trkpt lat="50.510020000000004" lon="5.261780000000001">
    <ele>222.41000000000003</ele>
   </trkpt>
   <trkpt lat="50.510020000000004" lon="5.26191">
    <ele>222.75000000000003</ele>
   </trkpt>
   <trkpt lat="50.509660000000004" lon="5.26236">
    <ele>223.45000000000002</ele>
   </trkpt>
   <trkpt lat="50.5095" lon="5.262600000000001">
    <ele>223.76000000000002</ele>
   </trkpt>
   <trkpt lat="50.509330000000006" lon="5.2629">
    <ele>224.22000000000003</ele>
   </trkpt>
   <trkpt lat="50.50887334221474" lon="5.263920019798634">
    <ele>226.24</ele>
   </trkpt>
   <trkpt lat="50.50841667551743" lon="5.2649400198667085">
    <ele>228.08</ele>
   </trkpt>
   <trkpt lat="50.507960000000004" lon="5.265960000000001">
    <ele>229.38000000000002</ele>
   </trkpt>
   <trkpt lat="50.50755000388652" lon="5.266920008477717">
    <ele>230.12</ele>
   </trkpt>
   <trkpt lat="50.50714000000001" lon="5.267880000000001">
    <ele>231.73000000000002</ele>
   </trkpt>
   <trkpt lat="50.50694000000001" lon="5.26829">
    <ele>232.43</ele>
   </trkpt>
   <trkpt lat="50.5064000033084" lon="5.269165009958908">
    <ele>233.99000000000004</ele>
   </trkpt>
   <trkpt lat="50.505860000000006" lon="5.270040000000001">
    <ele>236.06</ele>
   </trkpt>
   <trkpt lat="50.50541000215854" lon="5.270750006766748">
    <ele>238.76000000000002</ele>
   </trkpt>
   <trkpt lat="50.504960000000004" lon="5.27146">
    <ele>241.07</ele>
   </trkpt>
   <trkpt lat="50.5048" lon="5.271680000000001">
    <ele>241.32</ele>
   </trkpt>
   <trkpt lat="50.50426500160707" lon="5.272280006724336">
    <ele>243.32</ele>
   </trkpt>
   <trkpt lat="50.503730000000004" lon="5.272880000000001">
    <ele>245.29</ele>
   </trkpt>
   <trkpt lat="50.5033" lon="5.27359">
    <ele>246.95000000000002</ele>
   </trkpt>
   <trkpt lat="50.50291000000001" lon="5.2744100000000005">
    <ele>247.66000000000003</ele>
   </trkpt>
   <trkpt lat="50.50273000000001" lon="5.27482">
    <ele>247.86</ele>
   </trkpt>
   <trkpt lat="50.50263" lon="5.27515">
    <ele>247.98000000000002</ele>
   </trkpt>
   <trkpt lat="50.50254" lon="5.2756300000000005">
    <ele>248.3</ele>
   </trkpt>
   <trkpt lat="50.5024200185037" lon="5.276830009140026">
    <ele>249.8</ele>
   </trkpt>
   <trkpt lat="50.502300024671996" lon="5.278030012182433">
    <ele>251.51000000000002</ele>
   </trkpt>
   <trkpt lat="50.50218001850498" lon="5.279230009126651">
    <ele>252.32999999999998</ele>
   </trkpt>
   <trkpt lat="50.50206000000001" lon="5.280430000000001">
    <ele>253.53000000000003</ele>
   </trkpt>
   <trkpt lat="50.502030000000005" lon="5.280810000000001">
    <ele>253.53000000000003</ele>
   </trkpt>
   <trkpt lat="50.502030000000005" lon="5.281160000000001">
    <ele>253.70000000000005</ele>
   </trkpt>
   <trkpt lat="50.502100000000006" lon="5.28162">
    <ele>253.73000000000002</ele>
   </trkpt>
   <trkpt lat="50.502370000000006" lon="5.28223">
    <ele>253.22</ele>
   </trkpt>
   <trkpt lat="50.50284000264496" lon="5.283029991874562">
    <ele>252.34</ele>
   </trkpt>
   <trkpt lat="50.503310000000006" lon="5.28383">
    <ele>251.84</ele>
   </trkpt>
   <trkpt lat="50.50349500217636" lon="5.28453999728491">
    <ele>251.72</ele>
   </trkpt>
   <trkpt lat="50.50368" lon="5.2852500000000004">
    <ele>251.74</ele>
   </trkpt>
   <trkpt lat="50.50394500494596" lon="5.286324993952903">
    <ele>251.76000000000005</ele>
   </trkpt>
   <trkpt lat="50.50421000000001" lon="5.287400000000001">
    <ele>251.85000000000002</ele>
   </trkpt>
   <trkpt lat="50.5043" lon="5.287800000000001">
    <ele>252.14000000000001</ele>
   </trkpt>
   <trkpt lat="50.50433" lon="5.28802">
    <ele>252.21000000000004</ele>
   </trkpt>
   <trkpt lat="50.50433" lon="5.2881800000000005">
    <ele>252.25000000000003</ele>
   </trkpt>
   <trkpt lat="50.50428" lon="5.288550000000001">
    <ele>252.26000000000005</ele>
   </trkpt>
   <trkpt lat="50.504095005675424" lon="5.289700004436036">
    <ele>251.84</ele>
   </trkpt>
   <trkpt lat="50.503910000000005" lon="5.290850000000001">
    <ele>251.81000000000003</ele>
   </trkpt>
   <trkpt lat="50.503820000000005" lon="5.29136">
    <ele>251.76999999999998</ele>
   </trkpt>
   <trkpt lat="50.50372" lon="5.29176">
    <ele>251.85000000000002</ele>
   </trkpt>
   <trkpt lat="50.50340751619588" lon="5.292882522262753">
    <ele>251.39</ele>
   </trkpt>
   <trkpt lat="50.50309502159813" lon="5.2940050296701635">
    <ele>250.32999999999998</ele>
   </trkpt>
   <trkpt lat="50.502782516206985" lon="5.295127522222083">
    <ele>248.74</ele>
   </trkpt>
   <trkpt lat="50.50247" lon="5.296250000000001">
    <ele>248.08</ele>
   </trkpt>
   <trkpt lat="50.502280000000006" lon="5.297040000000001">
    <ele>247.56000000000003</ele>
   </trkpt>
   <trkpt lat="50.50198602948764" lon="5.2983520326844715">
    <ele>245.36</ele>
   </trkpt>
   <trkpt lat="50.50169204422935" lon="5.299664049035033">
    <ele>243.36</ele>
   </trkpt>
   <trkpt lat="50.50139804422549" lon="5.300976049051238">
    <ele>241.52</ele>
   </trkpt>
   <trkpt lat="50.50110402947636" lon="5.302288032732642">
    <ele>239.1</ele>
   </trkpt>
   <trkpt lat="50.50081" lon="5.3036">
    <ele>236.62000000000003</ele>
   </trkpt>
   <trkpt lat="50.500750000000004" lon="5.30414">
    <ele>236.05</ele>
   </trkpt>
   <trkpt lat="50.50072" lon="5.3043000000000005">
    <ele>236.05</ele>
   </trkpt>
   <trkpt lat="50.50066" lon="5.30438">
    <ele>235.59</ele>
   </trkpt>
   <trkpt lat="50.50065000000001" lon="5.304550000000001">
    <ele>235.59</ele>
   </trkpt>
   <trkpt lat="50.500690000000006" lon="5.3046500000000005">
    <ele>235.01000000000002</ele>
   </trkpt>
   <trkpt lat="50.50074000000001" lon="5.3047">
    <ele>235.01000000000002</ele>
   </trkpt>
   <trkpt lat="50.5009" lon="5.3047200000000005">
    <ele>235.23000000000002</ele>
   </trkpt>
   <trkpt lat="50.50101" lon="5.3048">
    <ele>235.8</ele>
   </trkpt>
   <trkpt lat="50.501050000000006" lon="5.30487">
    <ele>235.95000000000002</ele>
   </trkpt>
   <trkpt lat="50.50112000000001" lon="5.3051">
    <ele>236.01000000000002</ele>
   </trkpt>
   <trkpt lat="50.50112000000001" lon="5.30532">
    <ele>235.92000000000002</ele>
   </trkpt>
   <trkpt lat="50.50095" lon="5.306310000000001">
    <ele>235.04000000000002</ele>
   </trkpt>
   <trkpt lat="50.500930000000004" lon="5.306620000000001">
    <ele>235.16</ele>
   </trkpt>
   <trkpt lat="50.500960000000006" lon="5.306830000000001">
    <ele>235.37</ele>
   </trkpt>
   <trkpt lat="50.501243341976185" lon="5.307833321363772">
    <ele>236.90000000000003</ele>
   </trkpt>
   <trkpt lat="50.50152667532902" lon="5.308836654765952">
    <ele>238.85</ele>
   </trkpt>
   <trkpt lat="50.501810000000006" lon="5.30984">
    <ele>240.33</ele>
   </trkpt>
   <trkpt lat="50.50186" lon="5.31015">
    <ele>240.50000000000003</ele>
   </trkpt>
   <trkpt lat="50.501870000000004" lon="5.310420000000001">
    <ele>240.52</ele>
   </trkpt>
   <trkpt lat="50.501810000000006" lon="5.3105400000000005">
    <ele>240.52</ele>
   </trkpt>
   <trkpt lat="50.5018" lon="5.31071">
    <ele>240.52</ele>
   </trkpt>
   <trkpt lat="50.50184" lon="5.3108900000000006">
    <ele>240.58</ele>
   </trkpt>
   <trkpt lat="50.501900000000006" lon="5.310980000000001">
    <ele>240.58</ele>
   </trkpt>
   <trkpt lat="50.501960000000004" lon="5.311030000000001">
    <ele>240.79000000000002</ele>
   </trkpt>
   <trkpt lat="50.50204" lon="5.31104">
    <ele>240.79000000000002</ele>
   </trkpt>
   <trkpt lat="50.50216" lon="5.31118">
    <ele>241.07</ele>
   </trkpt>
   <trkpt lat="50.50222" lon="5.31132">
    <ele>241.40000000000003</ele>
   </trkpt>
   <trkpt lat="50.50252334310226" lon="5.312386653043747">
    <ele>242.47000000000003</ele>
   </trkpt>
   <trkpt lat="50.502826676458234" lon="5.3134533197898435">
    <ele>243.76000000000002</ele>
   </trkpt>
   <trkpt lat="50.503130000000006" lon="5.314520000000001">
    <ele>244.88</ele>
   </trkpt>
   <trkpt lat="50.50316" lon="5.31479">
    <ele>245.05</ele>
   </trkpt>
   <trkpt lat="50.50321" lon="5.3148100000000005">
    <ele>245.23000000000002</ele>
   </trkpt>
   <trkpt lat="50.50325" lon="5.31491">
    <ele>245.23000000000002</ele>
   </trkpt>
   <trkpt lat="50.50323" lon="5.31501">
    <ele>245.19000000000003</ele>
   </trkpt>
   <trkpt lat="50.50329000000001" lon="5.31508">
    <ele>245.19000000000003</ele>
   </trkpt>
   <trkpt lat="50.50362001781657" lon="5.316257475319843">
    <ele>244.23000000000002</ele>
   </trkpt>
   <trkpt lat="50.50395002375651" lon="5.317434967096404">
    <ele>243.48000000000002</ele>
   </trkpt>
   <trkpt lat="50.504280017819546" lon="5.318612475329515">
    <ele>241.61</ele>
   </trkpt>
   <trkpt lat="50.50461000000001" lon="5.31979">
    <ele>239.88</ele>
   </trkpt>
   <trkpt lat="50.50466" lon="5.31995">
    <ele>239.71</ele>
   </trkpt>
   <trkpt lat="50.50485251477705" lon="5.321022486869658">
    <ele>238.26000000000002</ele>
   </trkpt>
   <trkpt lat="50.505045019701136" lon="5.322094982483603">
    <ele>236.48000000000002</ele>
   </trkpt>
   <trkpt lat="50.50523751477209" lon="5.3231674868415215">
    <ele>234.71000000000004</ele>
   </trkpt>
   <trkpt lat="50.505430000000004" lon="5.3242400000000005">
    <ele>230.78</ele>
   </trkpt>
   <trkpt lat="50.50549" lon="5.324450000000001">
    <ele>230.14000000000001</ele>
   </trkpt>
   <trkpt lat="50.50556" lon="5.324590000000001">
    <ele>229.13000000000002</ele>
   </trkpt>
   <trkpt lat="50.505410000000005" lon="5.32509">
    <ele>225.58</ele>
   </trkpt>
   <trkpt lat="50.505300000000005" lon="5.325620000000001">
    <ele>222.76000000000002</ele>
   </trkpt>
   <trkpt lat="50.505140000000004" lon="5.326510000000001">
    <ele>220.74</ele>
   </trkpt>
   <trkpt lat="50.50502" lon="5.3269">
    <ele>220.42</ele>
   </trkpt>
   <trkpt lat="50.504940000000005" lon="5.327730000000001">
    <ele>219.85000000000002</ele>
   </trkpt>
   <trkpt lat="50.50495" lon="5.328270000000001">
    <ele>219.81</ele>
   </trkpt>
   <trkpt lat="50.505010000000006" lon="5.328720000000001">
    <ele>220.06</ele>
   </trkpt>
   <trkpt lat="50.505370009997534" lon="5.3297999835516014">
    <ele>216.75000000000003</ele>
   </trkpt>
   <trkpt lat="50.505730010003845" lon="5.330879983570216">
    <ele>213.06000000000003</ele>
   </trkpt>
   <trkpt lat="50.50609000000001" lon="5.3319600000000005">
    <ele>210.04</ele>
   </trkpt>
   <trkpt lat="50.50643" lon="5.33227">
    <ele>209.28000000000003</ele>
   </trkpt>
   <trkpt lat="50.506910000000005" lon="5.332610000000001">
    <ele>208.13</ele>
   </trkpt>
   <trkpt lat="50.50714000000001" lon="5.332820000000001">
    <ele>207.29000000000002</ele>
   </trkpt>
   <trkpt lat="50.50735" lon="5.3331100000000005">
    <ele>206.34000000000003</ele>
   </trkpt>
   <trkpt lat="50.50773" lon="5.33424">
    <ele>202.73000000000002</ele>
   </trkpt>
   <trkpt lat="50.50806000000001" lon="5.33549">
    <ele>197.96</ele>
   </trkpt>
   <trkpt lat="50.50853000000001" lon="5.33666">
    <ele>194.76000000000002</ele>
   </trkpt>
   <trkpt lat="50.50881000157005" lon="5.337284996063795">
    <ele>191.66000000000003</ele>
   </trkpt>
   <trkpt lat="50.50909000000001" lon="5.337910000000001">
    <ele>189.29000000000002</ele>
   </trkpt>
   <trkpt lat="50.50934" lon="5.338590000000001">
    <ele>187.7</ele>
   </trkpt>
   <trkpt lat="50.509550000000004" lon="5.33893">
    <ele>186.99</ele>
   </trkpt>
   <trkpt lat="50.509800000000006" lon="5.33914">
    <ele>186.72000000000003</ele>
   </trkpt>
   <trkpt lat="50.51021" lon="5.339200000000001">
    <ele>184.60000000000002</ele>
   </trkpt>
   <trkpt lat="50.51042" lon="5.33915">
    <ele>183.69000000000003</ele>
   </trkpt>
   <trkpt lat="50.510540000000006" lon="5.339130000000001">
    <ele>183.27</ele>
   </trkpt>
   <trkpt lat="50.51090000000001" lon="5.338830000000001">
    <ele>181.36</ele>
   </trkpt>
   <trkpt lat="50.511520000000004" lon="5.3389500000000005">
    <ele>177.4</ele>
   </trkpt>
   <trkpt lat="50.51220000000001" lon="5.33901">
    <ele>173.73000000000002</ele>
   </trkpt>
   <trkpt lat="50.51269500009427" lon="5.339000000102956">
    <ele>172.35</ele>
   </trkpt>
   <trkpt lat="50.51319" lon="5.338990000000001">
    <ele>168.74</ele>
   </trkpt>
   <trkpt lat="50.513270000000006" lon="5.33901">
    <ele>168.65</ele>
   </trkpt>
   <trkpt lat="50.51395" lon="5.339250000000001">
    <ele>165.56</ele>
   </trkpt>
   <trkpt lat="50.51406" lon="5.33924">
    <ele>164.9</ele>
   </trkpt>
   <trkpt lat="50.514250000000004" lon="5.33915">
    <ele>164.9</ele>
   </trkpt>
   <trkpt lat="50.5146" lon="5.33887">
    <ele>163.63000000000002</ele>
   </trkpt>
   <trkpt lat="50.51491000000001" lon="5.338570000000001">
    <ele>162.83</ele>
   </trkpt>
   <trkpt lat="50.515330000000006" lon="5.337840000000001">
    <ele>161.81</ele>
   </trkpt>
   <trkpt lat="50.515660000000004" lon="5.33717">
    <ele>160.3</ele>
   </trkpt>
   <trkpt lat="50.515930000000004" lon="5.336530000000001">
    <ele>159.57999999999998</ele>
   </trkpt>
   <trkpt lat="50.516000000000005" lon="5.336130000000001">
    <ele>158.72</ele>
   </trkpt>
   <trkpt lat="50.516070000000006" lon="5.3359000000000005">
    <ele>158.49</ele>
   </trkpt>
   <trkpt lat="50.51617" lon="5.335730000000001">
    <ele>158.08</ele>
   </trkpt>
   <trkpt lat="50.51626" lon="5.335640000000001">
    <ele>157.59</ele>
   </trkpt>
   <trkpt lat="50.51637" lon="5.335610000000001">
    <ele>157.59</ele>
   </trkpt>
   <trkpt lat="50.51652000000001" lon="5.3356">
    <ele>157.15</ele>
   </trkpt>
   <trkpt lat="50.516690000000004" lon="5.33567">
    <ele>156.25</ele>
   </trkpt>
   <trkpt lat="50.516830000000006" lon="5.335780000000001">
    <ele>156.25</ele>
   </trkpt>
   <trkpt lat="50.51697" lon="5.336010000000001">
    <ele>155.59</ele>
   </trkpt>
   <trkpt lat="50.517160000000004" lon="5.336270000000001">
    <ele>154.97000000000003</ele>
   </trkpt>
   <trkpt lat="50.517630000000004" lon="5.33704">
    <ele>153.72000000000003</ele>
   </trkpt>
   <trkpt lat="50.51822000000001" lon="5.33779">
    <ele>152.78</ele>
   </trkpt>
   <trkpt lat="50.51881500326481" lon="5.338649989299535">
    <ele>150.83</ele>
   </trkpt>
   <trkpt lat="50.51941" lon="5.339510000000001">
    <ele>149.57</ele>
   </trkpt>
   <trkpt lat="50.52000500354635" lon="5.340414988650056">
    <ele>146.86</ele>
   </trkpt>
   <trkpt lat="50.5206" lon="5.3413200000000005">
    <ele>145.25000000000003</ele>
   </trkpt>
   <trkpt lat="50.520830000000004" lon="5.34158">
    <ele>144.79</ele>
   </trkpt>
   <trkpt lat="50.520970000000005" lon="5.34159">
    <ele>144.79</ele>
   </trkpt>
   <trkpt lat="50.52111000000001" lon="5.3415300000000006">
    <ele>144.79</ele>
   </trkpt>
   <trkpt lat="50.52140000000001" lon="5.34121">
    <ele>144.39000000000001</ele>
   </trkpt>
   <trkpt lat="50.521770000000004" lon="5.340870000000001">
    <ele>144.27</ele>
   </trkpt>
   <trkpt lat="50.52206" lon="5.340660000000001">
    <ele>144.24</ele>
   </trkpt>
   <trkpt lat="50.52254000048864" lon="5.340395002591575">
    <ele>143.84000000000003</ele>
   </trkpt>
   <trkpt lat="50.52302" lon="5.34013">
    <ele>142.92000000000002</ele>
   </trkpt>
   <trkpt lat="50.523775000851884" lon="5.339685007117195">
    <ele>141.57</ele>
   </trkpt>
   <trkpt lat="50.524530000000006" lon="5.33924">
    <ele>140.69</ele>
   </trkpt>
   <trkpt lat="50.52507000000001" lon="5.33889">
    <ele>139.81</ele>
   </trkpt>
   <trkpt lat="50.5253" lon="5.3386700000000005">
    <ele>138.91</ele>
   </trkpt>
   <trkpt lat="50.52554000000001" lon="5.33816">
    <ele>137.13</ele>
   </trkpt>
   <trkpt lat="50.52579" lon="5.3375200000000005">
    <ele>135.07000000000002</ele>
   </trkpt>
   <trkpt lat="50.526" lon="5.33704">
    <ele>133.71</ele>
   </trkpt>
   <trkpt lat="50.52606" lon="5.336930000000001">
    <ele>133.71</ele>
   </trkpt>
   <trkpt lat="50.526210000000006" lon="5.33675">
    <ele>132.16</ele>
   </trkpt>
   <trkpt lat="50.526360000000004" lon="5.336600000000001">
    <ele>131.5</ele>
   </trkpt>
   <trkpt lat="50.526500000000006" lon="5.3365100000000005">
    <ele>129.87</ele>
   </trkpt>
   <trkpt lat="50.52682" lon="5.336390000000001">
    <ele>129.34</ele>
   </trkpt>
   <trkpt lat="50.52728500027926" lon="5.336185001976463">
    <ele>128.15</ele>
   </trkpt>
   <trkpt lat="50.527750000000005" lon="5.33598">
    <ele>127.53</ele>
   </trkpt>
   <trkpt lat="50.5279" lon="5.3359700000000005">
    <ele>127.53</ele>
   </trkpt>
   <trkpt lat="50.52805000000001" lon="5.336010000000001">
    <ele>126.93</ele>
   </trkpt>
   <trkpt lat="50.52857" lon="5.33635">
    <ele>126.11</ele>
   </trkpt>
   <trkpt lat="50.52893" lon="5.33652">
    <ele>125.31</ele>
   </trkpt>
   <trkpt lat="50.52910000000001" lon="5.336620000000001">
    <ele>125.31</ele>
   </trkpt>
   <trkpt lat="50.5292" lon="5.3367">
    <ele>125.31</ele>
   </trkpt>
   <trkpt lat="50.52933" lon="5.33685">
    <ele>125.31</ele>
   </trkpt>
   <trkpt lat="50.529630000000004" lon="5.33724">
    <ele>123.99000000000001</ele>
   </trkpt>
   <trkpt lat="50.52982" lon="5.337400000000001">
    <ele>123.99000000000001</ele>
   </trkpt>
   <trkpt lat="50.53" lon="5.3375200000000005">
    <ele>123.84</ele>
   </trkpt>
   <trkpt lat="50.530530000000006" lon="5.33774">
    <ele>122.71000000000001</ele>
   </trkpt>
   <trkpt lat="50.531200000000005" lon="5.33792">
    <ele>121.74000000000001</ele>
   </trkpt>
   <trkpt lat="50.531490000000005" lon="5.33804">
    <ele>121.16</ele>
   </trkpt>
   <trkpt lat="50.531560000000006" lon="5.3382000000000005">
    <ele>121.16</ele>
   </trkpt>
   <trkpt lat="50.531600000000005" lon="5.338380000000001">
    <ele>120.50000000000001</ele>
   </trkpt>
   <trkpt lat="50.531670000000005" lon="5.339040000000001">
    <ele>120.21000000000001</ele>
   </trkpt>
   <trkpt lat="50.53175" lon="5.3393500000000005">
    <ele>119.93</ele>
   </trkpt>
   <trkpt lat="50.53181000000001" lon="5.339440000000001">
    <ele>119.93</ele>
   </trkpt>
   <trkpt lat="50.53220500074689" lon="5.339894996029544">
    <ele>119.26</ele>
   </trkpt>
   <trkpt lat="50.5326" lon="5.340350000000001">
    <ele>117.61</ele>
   </trkpt>
   <trkpt lat="50.532740000000004" lon="5.34058">
    <ele>117.61</ele>
   </trkpt>
   <trkpt lat="50.533190000000005" lon="5.34123">
    <ele>116.74000000000001</ele>
   </trkpt>
   <trkpt lat="50.53357667225103" lon="5.342036653466876">
    <ele>116.85000000000001</ele>
   </trkpt>
   <trkpt lat="50.53396333892924" lon="5.342843320157421">
    <ele>118.24000000000001</ele>
   </trkpt>
   <trkpt lat="50.53435" lon="5.34365">
    <ele>119.47</ele>
   </trkpt>
   <trkpt lat="50.53459" lon="5.34433">
    <ele>121.24000000000001</ele>
   </trkpt>
   <trkpt lat="50.53468" lon="5.34504">
    <ele>121.76</ele>
   </trkpt>
   <trkpt lat="50.534780006479764" lon="5.346269997408579">
    <ele>122.01</ele>
   </trkpt>
   <trkpt lat="50.53488" lon="5.3475">
    <ele>119.87</ele>
   </trkpt>
   <trkpt lat="50.534980000000004" lon="5.34816">
    <ele>117.51</ele>
   </trkpt>
   <trkpt lat="50.535090000000004" lon="5.34858">
    <ele>117.51</ele>
   </trkpt>
   <trkpt lat="50.53529" lon="5.349080000000001">
    <ele>115.85000000000001</ele>
   </trkpt>
   <trkpt lat="50.53562500191944" lon="5.3497649949515775">
    <ele>113.04</ele>
   </trkpt>
   <trkpt lat="50.53596" lon="5.35045">
    <ele>109.39000000000001</ele>
   </trkpt>
   <trkpt lat="50.536150000000006" lon="5.350770000000001">
    <ele>108.31</ele>
   </trkpt>
   <trkpt lat="50.536350000000006" lon="5.35097">
    <ele>106.22000000000001</ele>
   </trkpt>
   <trkpt lat="50.53652" lon="5.351070000000001">
    <ele>105.46000000000001</ele>
   </trkpt>
   <trkpt lat="50.53732" lon="5.35045">
    <ele>103.68</ele>
   </trkpt>
   <trkpt lat="50.537870000000005" lon="5.34968">
    <ele>102.21000000000001</ele>
   </trkpt>
   <trkpt lat="50.538230000000006" lon="5.34916">
    <ele>101.02000000000001</ele>
   </trkpt>
   <trkpt lat="50.538550001737164" lon="5.348515004465235">
    <ele>99.42</ele>
   </trkpt>
   <trkpt lat="50.53887" lon="5.34787">
    <ele>98.39</ele>
   </trkpt>
   <trkpt lat="50.5392" lon="5.347090000000001">
    <ele>97.08000000000001</ele>
   </trkpt>
   <trkpt lat="50.539515003303876" lon="5.346200006192431">
    <ele>94.7</ele>
   </trkpt>
   <trkpt lat="50.53983" lon="5.3453100000000004">
    <ele>93.88000000000001</ele>
   </trkpt>
   <trkpt lat="50.54012" lon="5.34436">
    <ele>93.99000000000001</ele>
   </trkpt>
   <trkpt lat="50.540380000000006" lon="5.34379">
    <ele>93.77000000000001</ele>
   </trkpt>
   <trkpt lat="50.54064" lon="5.343590000000001">
    <ele>93.30000000000001</ele>
   </trkpt>
   <trkpt lat="50.540910000000004" lon="5.34349">
    <ele>92.83000000000001</ele>
   </trkpt>
   <trkpt lat="50.54112000000001" lon="5.343380000000001">
    <ele>92.44000000000001</ele>
   </trkpt>
   <trkpt lat="50.54178" lon="5.34321">
    <ele>90.38</ele>
   </trkpt>
   <trkpt lat="50.541990000000006" lon="5.343070000000001">
    <ele>89.89000000000001</ele>
   </trkpt>
   <trkpt lat="50.5426033360625" lon="5.342510014526444">
    <ele>88.17000000000002</ele>
   </trkpt>
   <trkpt lat="50.54321666943946" lon="5.341950014486866">
    <ele>87.71000000000001</ele>
   </trkpt>
   <trkpt lat="50.54383000000001" lon="5.3413900000000005">
    <ele>86.95000000000002</ele>
   </trkpt>
   <trkpt lat="50.54443000122327" lon="5.340860006725411">
    <ele>85.95000000000002</ele>
   </trkpt>
   <trkpt lat="50.545030000000004" lon="5.340330000000001">
    <ele>86.0</ele>
   </trkpt>
   <trkpt lat="50.54473" lon="5.33926">
    <ele>85.63000000000001</ele>
   </trkpt>
   <trkpt lat="50.54453" lon="5.33858">
    <ele>83.78</ele>
   </trkpt>
   <trkpt lat="50.54426" lon="5.337840000000001">
    <ele>80.33000000000001</ele>
   </trkpt>
   <trkpt lat="50.54410000000001" lon="5.337510000000001">
    <ele>77.95</ele>
   </trkpt>
   <trkpt lat="50.54374500121919" lon="5.336974995962914">
    <ele>74.88</ele>
   </trkpt>
   <trkpt lat="50.54339" lon="5.3364400000000005">
    <ele>72.48</ele>
   </trkpt>
   <trkpt lat="50.543350000000004" lon="5.336040000000001">
    <ele>72.03000000000002</ele>
   </trkpt>
   <trkpt lat="50.543290000000006" lon="5.3357">
    <ele>71.91</ele>
   </trkpt>
   <trkpt lat="50.54325000000001" lon="5.33556">
    <ele>72.04</ele>
   </trkpt>
   <trkpt lat="50.54339" lon="5.335380000000001">
    <ele>72.21000000000001</ele>
   </trkpt>
   <trkpt lat="50.543470000000006" lon="5.335240000000001">
    <ele>72.32000000000001</ele>
   </trkpt>
   <trkpt lat="50.5435" lon="5.33513">
    <ele>72.32000000000001</ele>
   </trkpt>
   <trkpt lat="50.5435" lon="5.3350100000000005">
    <ele>72.32000000000001</ele>
   </trkpt>
   <trkpt lat="50.54343" lon="5.33481">
    <ele>72.32000000000001</ele>
   </trkpt>
   <trkpt lat="50.54309000000001" lon="5.334300000000001">
    <ele>73.69</ele>
   </trkpt>
   <trkpt lat="50.54303" lon="5.3341">
    <ele>74.37</ele>
   </trkpt>
   <trkpt lat="50.54303" lon="5.333810000000001">
    <ele>74.68</ele>
   </trkpt>
   <trkpt lat="50.5431" lon="5.33358">
    <ele>75.79</ele>
   </trkpt>
   <trkpt lat="50.54319" lon="5.33342">
    <ele>75.69000000000001</ele>
   </trkpt>
   <trkpt lat="50.543776672939856" lon="5.332566687844413">
    <ele>77.09</ele>
   </trkpt>
   <trkpt lat="50.54436333964393" lon="5.331713354457061">
    <ele>75.29</ele>
   </trkpt>
   <trkpt lat="50.54495000000001" lon="5.33086">
    <ele>71.8</ele>
   </trkpt>
   <trkpt lat="50.54531" lon="5.3303">
    <ele>70.52</ele>
   </trkpt>
   <trkpt lat="50.545280000000005" lon="5.330240000000001">
    <ele>70.12</ele>
   </trkpt>
   <trkpt lat="50.545260000000006" lon="5.330150000000001">
    <ele>70.12</ele>
   </trkpt>
   <trkpt lat="50.54529" lon="5.330010000000001">
    <ele>69.88000000000001</ele>
   </trkpt>
   <trkpt lat="50.54534" lon="5.329940000000001">
    <ele>69.83</ele>
   </trkpt>
   <trkpt lat="50.54542000000001" lon="5.32992">
    <ele>69.83</ele>
   </trkpt>
   <trkpt lat="50.545480000000005" lon="5.32981">
    <ele>69.65</ele>
   </trkpt>
   <trkpt lat="50.545550000000006" lon="5.329610000000001">
    <ele>69.65</ele>
   </trkpt>
   <trkpt lat="50.545570000000005" lon="5.329420000000001">
    <ele>69.60000000000001</ele>
   </trkpt>
   <trkpt lat="50.545655007799304" lon="5.32807000250233">
    <ele>69.23</ele>
   </trkpt>
   <trkpt lat="50.54574" lon="5.326720000000001">
    <ele>69.18</ele>
   </trkpt>
   <trkpt lat="50.54576" lon="5.3266">
    <ele>69.18</ele>
   </trkpt>
   <trkpt lat="50.54592" lon="5.32606">
    <ele>69.03</ele>
   </trkpt>
   <trkpt lat="50.54603" lon="5.3258600000000005">
    <ele>68.98</ele>
   </trkpt>
   <trkpt lat="50.54618000000001" lon="5.325670000000001">
    <ele>68.8</ele>
   </trkpt>
   <trkpt lat="50.546380000000006" lon="5.3255300000000005">
    <ele>68.8</ele>
   </trkpt>
   <trkpt lat="50.54681999981736" lon="5.325365001651896">
    <ele>69.26</ele>
   </trkpt>
   <trkpt lat="50.54726" lon="5.325200000000001">
    <ele>69.67</ele>
   </trkpt>
   <trkpt lat="50.54806000000001" lon="5.324890000000001">
    <ele>74.76</ele>
   </trkpt>
   <trkpt lat="50.548230000000004" lon="5.32474">
    <ele>75.35</ele>
   </trkpt>
   <trkpt lat="50.548480000000005" lon="5.32441">
    <ele>75.63</ele>
   </trkpt>
   <trkpt lat="50.54900667193149" lon="5.323623350959719">
    <ele>73.24</ele>
   </trkpt>
   <trkpt lat="50.54953333856363" lon="5.322836684344906">
    <ele>70.79</ele>
   </trkpt>
   <trkpt lat="50.55006" lon="5.322050000000001">
    <ele>71.4</ele>
   </trkpt>
   <trkpt lat="50.55056201309626" lon="5.322923962799149">
    <ele>71.38</ele>
   </trkpt>
   <trkpt lat="50.551064019651584" lon="5.323797944210325">
    <ele>71.37</ele>
   </trkpt>
   <trkpt lat="50.55156601966572" lon="5.324671944234014">
    <ele>71.62</ele>
   </trkpt>
   <trkpt lat="50.55206801313842" lon="5.325545962870703">
    <ele>72.51</ele>
   </trkpt>
   <trkpt lat="50.55257" lon="5.326420000000001">
    <ele>74.00000000000001</ele>
   </trkpt>
   <trkpt lat="50.552800000000005" lon="5.32685">
    <ele>74.3</ele>
   </trkpt>
   <trkpt lat="50.5531500040206" lon="5.3278149929277">
    <ele>73.9</ele>
   </trkpt>
   <trkpt lat="50.55350000000001" lon="5.32878">
    <ele>73.27</ele>
   </trkpt>
   <trkpt lat="50.55384" lon="5.32948">
    <ele>73.08</ele>
   </trkpt>
   <trkpt lat="50.5542933390606" lon="5.330296650988361">
    <ele>72.76</ele>
   </trkpt>
   <trkpt lat="50.55474667241018" lon="5.331113317684061">
    <ele>72.60000000000001</ele>
   </trkpt>
   <trkpt lat="50.555200000000006" lon="5.331930000000001">
    <ele>72.75000000000001</ele>
   </trkpt>
   <trkpt lat="50.555400000000006" lon="5.332210000000001">
    <ele>72.79</ele>
   </trkpt>
   <trkpt lat="50.556110000000004" lon="5.333030000000001">
    <ele>72.25000000000001</ele>
   </trkpt>
   <trkpt lat="50.55628" lon="5.3333200000000005">
    <ele>72.05</ele>
   </trkpt>
   <trkpt lat="50.55670334012269" lon="5.3342099840274955">
    <ele>71.33</ele>
   </trkpt>
   <trkpt lat="50.55712667346276" lon="5.335099984041393">
    <ele>70.58</ele>
   </trkpt>
   <trkpt lat="50.557550000000006" lon="5.335990000000001">
    <ele>70.73</ele>
   </trkpt>
   <trkpt lat="50.558080000000004" lon="5.33528">
    <ele>73.06</ele>
   </trkpt>
   <trkpt lat="50.558390001490515" lon="5.334685003961813">
    <ele>79.05000000000001</ele>
   </trkpt>
   <trkpt lat="50.5587" lon="5.334090000000001">
    <ele>82.35000000000001</ele>
   </trkpt>
   <trkpt lat="50.55876000000001" lon="5.333900000000001">
    <ele>82.75</ele>
   </trkpt>
   <trkpt lat="50.558840000000004" lon="5.33356">
    <ele>84.84000000000002</ele>
   </trkpt>
   <trkpt lat="50.55883000000001" lon="5.33293">
    <ele>88.38000000000001</ele>
   </trkpt>
   <trkpt lat="50.55885000000001" lon="5.332750000000001">
    <ele>89.21000000000001</ele>
   </trkpt>
   <trkpt lat="50.558930000000004" lon="5.33262">
    <ele>89.21000000000001</ele>
   </trkpt>
   <trkpt lat="50.55917" lon="5.33251">
    <ele>91.2</ele>
   </trkpt>
   <trkpt lat="50.5596" lon="5.332490000000001">
    <ele>94.31</ele>
   </trkpt>
   <trkpt lat="50.55984" lon="5.33253">
    <ele>96.17</ele>
   </trkpt>
   <trkpt lat="50.55998" lon="5.3326">
    <ele>96.97000000000001</ele>
   </trkpt>
   <trkpt lat="50.56071000000001" lon="5.33319">
    <ele>105.64000000000001</ele>
   </trkpt>
   <trkpt lat="50.56092" lon="5.33344">
    <ele>107.66</ele>
   </trkpt>
   <trkpt lat="50.561350000000004" lon="5.333900000000001">
    <ele>108.63</ele>
   </trkpt>
   <trkpt lat="50.5615" lon="5.33399">
    <ele>109.26</ele>
   </trkpt>
   <trkpt lat="50.56177" lon="5.33399">
    <ele>109.52000000000001</ele>
   </trkpt>
   <trkpt lat="50.562250000000006" lon="5.33377">
    <ele>110.29</ele>
   </trkpt>
   <trkpt lat="50.56251" lon="5.333480000000001">
    <ele>112.33000000000001</ele>
   </trkpt>
   <trkpt lat="50.56264" lon="5.333270000000001">
    <ele>113.21000000000001</ele>
   </trkpt>
   <trkpt lat="50.56284" lon="5.33283">
    <ele>113.75</ele>
   </trkpt>
   <trkpt lat="50.562940000000005" lon="5.332730000000001">
    <ele>113.61</ele>
   </trkpt>
   <trkpt lat="50.56309" lon="5.33267">
    <ele>113.14</ele>
   </trkpt>
   <trkpt lat="50.56398" lon="5.3325000000000005">
    <ele>114.28</ele>
   </trkpt>
   <trkpt lat="50.564640000000004" lon="5.33241">
    <ele>116.97</ele>
   </trkpt>
   <trkpt lat="50.56477" lon="5.332350000000001">
    <ele>117.30000000000001</ele>
   </trkpt>
   <trkpt lat="50.565240000404906" lon="5.332045003037829">
    <ele>117.88000000000001</ele>
   </trkpt>
   <trkpt lat="50.56571" lon="5.331740000000001">
    <ele>117.30000000000001</ele>
   </trkpt>
   <trkpt lat="50.56608000000001" lon="5.331440000000001">
    <ele>117.97</ele>
   </trkpt>
   <trkpt lat="50.56624000000001" lon="5.331340000000001">
    <ele>118.43</ele>
   </trkpt>
   <trkpt lat="50.566660000000006" lon="5.33124">
    <ele>121.91</ele>
   </trkpt>
   <trkpt lat="50.56685" lon="5.33122">
    <ele>121.91</ele>
   </trkpt>
   <trkpt lat="50.56702000000001" lon="5.33131">
    <ele>124.88</ele>
   </trkpt>
   <trkpt lat="50.56767000193892" lon="5.3319749908728475">
    <ele>129.52</ele>
   </trkpt>
   <trkpt lat="50.56832000000001" lon="5.3326400000000005">
    <ele>137.55</ele>
   </trkpt>
   <trkpt lat="50.56859000000001" lon="5.332750000000001">
    <ele>137.55</ele>
   </trkpt>
   <trkpt lat="50.568960000000004" lon="5.33269">
    <ele>140.51000000000002</ele>
   </trkpt>
   <trkpt lat="50.569160000000004" lon="5.33258">
    <ele>143.36</ele>
   </trkpt>
   <trkpt lat="50.56922" lon="5.33234">
    <ele>144.02</ele>
   </trkpt>
   <trkpt lat="50.5692" lon="5.3321000000000005">
    <ele>145.55</ele>
   </trkpt>
   <trkpt lat="50.569100000000006" lon="5.33175">
    <ele>147.27</ele>
   </trkpt>
   <trkpt lat="50.56908000000001" lon="5.331250000000001">
    <ele>149.37</ele>
   </trkpt>
   <trkpt lat="50.56915000000001" lon="5.330710000000001">
    <ele>151.64000000000001</ele>
   </trkpt>
   <trkpt lat="50.569250000000004" lon="5.33023">
    <ele>153.54000000000002</ele>
   </trkpt>
   <trkpt lat="50.56935000000001" lon="5.330030000000001">
    <ele>155.3</ele>
   </trkpt>
   <trkpt lat="50.569500000000005" lon="5.3299">
    <ele>157.02</ele>
   </trkpt>
   <trkpt lat="50.56976" lon="5.32976">
    <ele>159.92000000000002</ele>
   </trkpt>
   <trkpt lat="50.57016" lon="5.32983">
    <ele>163.3</ele>
   </trkpt>
   <trkpt lat="50.570350000000005" lon="5.3298000000000005">
    <ele>163.3</ele>
   </trkpt>
   <trkpt lat="50.570640000000004" lon="5.32971">
    <ele>163.3</ele>
   </trkpt>
   <trkpt lat="50.57094000000001" lon="5.329680000000001">
    <ele>167.56</ele>
   </trkpt>
   <trkpt lat="50.571090000000005" lon="5.3296600000000005">
    <ele>168.99</ele>
   </trkpt>
   <trkpt lat="50.57121" lon="5.3296">
    <ele>168.99</ele>
   </trkpt>
   <trkpt lat="50.571310000000004" lon="5.329440000000001">
    <ele>171.38</ele>
   </trkpt>
   <trkpt lat="50.57135" lon="5.3291">
    <ele>172.77</ele>
   </trkpt>
   <trkpt lat="50.571353343014344" lon="5.328036666823081">
    <ele>176.41</ele>
   </trkpt>
   <trkpt lat="50.57135667634765" lon="5.326973333495473">
    <ele>183.01</ele>
   </trkpt>
   <trkpt lat="50.571360000000006" lon="5.32591">
    <ele>188.16000000000003</ele>
   </trkpt>
   <trkpt lat="50.57148" lon="5.32561">
    <ele>190.45000000000002</ele>
   </trkpt>
   <trkpt lat="50.571720000000006" lon="5.3253200000000005">
    <ele>191.99</ele>
   </trkpt>
   <trkpt lat="50.572210000000005" lon="5.324700000000001">
    <ele>194.21</ele>
   </trkpt>
   <trkpt lat="50.57161000000001" lon="5.32545">
    <ele>191.22000000000003</ele>
   </trkpt>
   <trkpt lat="50.572210000000005" lon="5.32469">
    <ele>194.22</ele>
   </trkpt>
   <trkpt lat="50.57229" lon="5.32441">
    <ele>194.33</ele>
   </trkpt>
   <trkpt lat="50.57199000000001" lon="5.323810000000001">
    <ele>194.93</ele>
   </trkpt>
   <trkpt lat="50.57257500156551" lon="5.323235006992788">
    <ele>192.25</ele>
   </trkpt>
   <trkpt lat="50.57316" lon="5.322660000000001">
    <ele>189.41000000000003</ele>
   </trkpt>
   <trkpt lat="50.57379000359963" lon="5.322010017404293">
    <ele>183.4</ele>
   </trkpt>
   <trkpt lat="50.574420003581906" lon="5.32136001742289">
    <ele>177.54</ele>
   </trkpt>
   <trkpt lat="50.575050000000005" lon="5.32071">
    <ele>174.18</ele>
   </trkpt>
   <trkpt lat="50.575140000000005" lon="5.3208400000000005">
    <ele>173.66</ele>
   </trkpt>
   <trkpt lat="50.57549" lon="5.3217300000000005">
    <ele>173.02</ele>
   </trkpt>
   <trkpt lat="50.57555000000001" lon="5.32181">
    <ele>173.02</ele>
   </trkpt>
   <trkpt lat="50.575700000000005" lon="5.3219">
    <ele>172.01000000000002</ele>
   </trkpt>
   <trkpt lat="50.5763100000071" lon="5.322064997833586">
    <ele>171.27</ele>
   </trkpt>
   <trkpt lat="50.57692" lon="5.32223">
    <ele>170.6</ele>
   </trkpt>
   <trkpt lat="50.57740999994639" lon="5.322319999047499">
    <ele>170.70000000000002</ele>
   </trkpt>
   <trkpt lat="50.57790000000001" lon="5.3224100000000005">
    <ele>171.06</ele>
   </trkpt>
   <trkpt lat="50.577940000000005" lon="5.322450000000001">
    <ele>171.06</ele>
   </trkpt>
   <trkpt lat="50.578" lon="5.32256">
    <ele>171.06</ele>
   </trkpt>
   <trkpt lat="50.57817000000001" lon="5.323340000000001">
    <ele>171.93000000000004</ele>
   </trkpt>
   <trkpt lat="50.57898500180883" lon="5.322962519606984">
    <ele>167.70000000000002</ele>
   </trkpt>
   <trkpt lat="50.57980000239763" lon="5.322585026149757">
    <ele>163.20000000000002</ele>
   </trkpt>
   <trkpt lat="50.58061500176634" lon="5.322207519627508">
    <ele>164.71</ele>
   </trkpt>
   <trkpt lat="50.581430000000005" lon="5.32183">
    <ele>170.89000000000001</ele>
   </trkpt>
   <trkpt lat="50.581934999924236" lon="5.321620002361915">
    <ele>176.45000000000002</ele>
   </trkpt>
   <trkpt lat="50.582440000000005" lon="5.32141">
    <ele>179.47000000000003</ele>
   </trkpt>
   <trkpt lat="50.5830600003543" lon="5.3211300036779905">
    <ele>183.98</ele>
   </trkpt>
   <trkpt lat="50.58368" lon="5.32085">
    <ele>186.42</ele>
   </trkpt>
   <trkpt lat="50.584070000000004" lon="5.32056">
    <ele>187.71</ele>
   </trkpt>
   <trkpt lat="50.58469" lon="5.319800000000001">
    <ele>189.66000000000003</ele>
   </trkpt>
   <trkpt lat="50.584970000000006" lon="5.31948">
    <ele>190.89</ele>
   </trkpt>
   <trkpt lat="50.585685001329814" lon="5.318925008418695">
    <ele>192.65</ele>
   </trkpt>
   <trkpt lat="50.586400000000005" lon="5.318370000000001">
    <ele>194.32000000000002</ele>
   </trkpt>
   <trkpt lat="50.586710000000004" lon="5.317950000000001">
    <ele>194.82000000000002</ele>
   </trkpt>
   <trkpt lat="50.587185002783556" lon="5.31712500854841">
    <ele>195.81</ele>
   </trkpt>
   <trkpt lat="50.58766000000001" lon="5.3163">
    <ele>197.01000000000002</ele>
   </trkpt>
   <trkpt lat="50.58767" lon="5.31629">
    <ele>197.01000000000002</ele>
   </trkpt>
   <trkpt lat="50.58804000000001" lon="5.315650000000001">
    <ele>196.96</ele>
   </trkpt>
   <trkpt lat="50.58849000000001" lon="5.31461">
    <ele>194.93</ele>
   </trkpt>
   <trkpt lat="50.588730000000005" lon="5.314150000000001">
    <ele>194.82000000000002</ele>
   </trkpt>
   <trkpt lat="50.58885" lon="5.31372">
    <ele>194.65</ele>
   </trkpt>
   <trkpt lat="50.5889" lon="5.31334">
    <ele>194.5</ele>
   </trkpt>
   <trkpt lat="50.589560000000006" lon="5.312830000000001">
    <ele>193.53</ele>
   </trkpt>
   <trkpt lat="50.59027500243088" lon="5.312075011475865">
    <ele>193.29000000000002</ele>
   </trkpt>
   <trkpt lat="50.590990000000005" lon="5.31132">
    <ele>192.65</ele>
   </trkpt>
   <trkpt lat="50.59107" lon="5.31127">
    <ele>192.65</ele>
   </trkpt>
   <trkpt lat="50.59113000000001" lon="5.31123">
    <ele>192.5</ele>
   </trkpt>
   <trkpt lat="50.59143" lon="5.311210000000001">
    <ele>192.5</ele>
   </trkpt>
   <trkpt lat="50.59221500022748" lon="5.3114599958184865">
    <ele>190.92000000000002</ele>
   </trkpt>
   <trkpt lat="50.593" lon="5.311710000000001">
    <ele>190.95000000000002</ele>
   </trkpt>
   <trkpt lat="50.593596667264016" lon="5.311973326659416">
    <ele>192.97</ele>
   </trkpt>
   <trkpt lat="50.59419333393442" lon="5.312236659994291">
    <ele>193.59</ele>
   </trkpt>
   <trkpt lat="50.59479" lon="5.3125">
    <ele>192.43</ele>
   </trkpt>
   <trkpt lat="50.595355000288265" lon="5.31273499720084">
    <ele>189.86</ele>
   </trkpt>
   <trkpt lat="50.59592000000001" lon="5.312970000000001">
    <ele>186.17</ele>
   </trkpt>
   <trkpt lat="50.596120000000006" lon="5.3131200000000005">
    <ele>184.93</ele>
   </trkpt>
   <trkpt lat="50.59629" lon="5.313280000000001">
    <ele>184.48</ele>
   </trkpt>
   <trkpt lat="50.596430000000005" lon="5.31346">
    <ele>183.7</ele>
   </trkpt>
   <trkpt lat="50.59657000000001" lon="5.313700000000001">
    <ele>183.01</ele>
   </trkpt>
   <trkpt lat="50.597" lon="5.314640000000001">
    <ele>183.43</ele>
   </trkpt>
   <trkpt lat="50.597210000000004" lon="5.31486">
    <ele>184.00000000000003</ele>
   </trkpt>
   <trkpt lat="50.597390000000004" lon="5.3150200000000005">
    <ele>185.24</ele>
   </trkpt>
   <trkpt lat="50.59807000057402" lon="5.315434993904654">
    <ele>185.74</ele>
   </trkpt>
   <trkpt lat="50.59875" lon="5.31585">
    <ele>183.77</ele>
   </trkpt>
   <trkpt lat="50.59893" lon="5.31601">
    <ele>182.44000000000003</ele>
   </trkpt>
   <trkpt lat="50.59931500224849" lon="5.316754993659655">
    <ele>180.11</ele>
   </trkpt>
   <trkpt lat="50.599700000000006" lon="5.317500000000001">
    <ele>178.46</ele>
   </trkpt>
   <trkpt lat="50.60004000158259" lon="5.318124995320507">
    <ele>177.22</ele>
   </trkpt>
   <trkpt lat="50.60038" lon="5.3187500000000005">
    <ele>176.69</ele>
   </trkpt>
   <trkpt lat="50.600660000000005" lon="5.31916">
    <ele>176.47</ele>
   </trkpt>
   <trkpt lat="50.60085" lon="5.31885">
    <ele>176.22</ele>
   </trkpt>
   <trkpt lat="50.60143000000001" lon="5.31822">
    <ele>175.70000000000002</ele>
   </trkpt>
   <trkpt lat="50.601820000000004" lon="5.3177200000000004">
    <ele>175.29</ele>
   </trkpt>
   <trkpt lat="50.602090000000004" lon="5.317430000000001">
    <ele>174.77</ele>
   </trkpt>
   <trkpt lat="50.60264" lon="5.3173">
    <ele>174.51000000000002</ele>
   </trkpt>
   <trkpt lat="50.602850000000004" lon="5.31728">
    <ele>174.24</ele>
   </trkpt>
   <trkpt lat="50.60304000000001" lon="5.3173">
    <ele>174.24</ele>
   </trkpt>
   <trkpt lat="50.603880000000004" lon="5.317500000000001">
    <ele>173.85</ele>
   </trkpt>
   <trkpt lat="50.60416000000001" lon="5.317480000000001">
    <ele>173.69</ele>
   </trkpt>
   <trkpt lat="50.60427000000001" lon="5.31742">
    <ele>173.62000000000003</ele>
   </trkpt>
   <trkpt lat="50.604560000000006" lon="5.317130000000001">
    <ele>173.51000000000002</ele>
   </trkpt>
   <trkpt lat="50.60473" lon="5.31707">
    <ele>173.35</ele>
   </trkpt>
   <trkpt lat="50.604940000000006" lon="5.31709">
    <ele>173.22</ele>
   </trkpt>
   <trkpt lat="50.605544999890526" lon="5.317189998689073">
    <ele>173.16</ele>
   </trkpt>
   <trkpt lat="50.60615000000001" lon="5.317290000000001">
    <ele>172.21</ele>
   </trkpt>
   <trkpt lat="50.60627" lon="5.3173200000000005">
    <ele>171.49</ele>
   </trkpt>
   <trkpt lat="50.606840000000005" lon="5.31756">
    <ele>171.22</ele>
   </trkpt>
   <trkpt lat="50.607020000000006" lon="5.31765">
    <ele>171.31</ele>
   </trkpt>
   <trkpt lat="50.60681" lon="5.31845">
    <ele>169.33</ele>
   </trkpt>
   <trkpt lat="50.606680000000004" lon="5.319050000000001">
    <ele>169.02</ele>
   </trkpt>
   <trkpt lat="50.60651000000001" lon="5.32043">
    <ele>169.46000000000004</ele>
   </trkpt>
   <trkpt lat="50.607260000000004" lon="5.320220000000001">
    <ele>168.09</ele>
   </trkpt>
   <trkpt lat="50.607440000000004" lon="5.32019">
    <ele>167.82000000000002</ele>
   </trkpt>
   <trkpt lat="50.60815" lon="5.32019">
    <ele>166.63</ele>
   </trkpt>
   <trkpt lat="50.60873499991508" lon="5.3201800001257995">
    <ele>165.51000000000002</ele>
   </trkpt>
   <trkpt lat="50.609320000000004" lon="5.32017">
    <ele>165.76000000000002</ele>
   </trkpt>
   <trkpt lat="50.609410000000004" lon="5.32019">
    <ele>165.76000000000002</ele>
   </trkpt>
   <trkpt lat="50.609880000000004" lon="5.3205800000000005">
    <ele>166.37</ele>
   </trkpt>
   <trkpt lat="50.60976" lon="5.321560000000001">
    <ele>167.83</ele>
   </trkpt>
   <trkpt lat="50.610255000030634" lon="5.321564999947702">
    <ele>167.22</ele>
   </trkpt>
   <trkpt lat="50.61075" lon="5.32157">
    <ele>165.87</ele>
   </trkpt>
   <trkpt lat="50.611070000000005" lon="5.32153">
    <ele>165.9</ele>
   </trkpt>
   <trkpt lat="50.611650000000004" lon="5.321750000000001">
    <ele>166.12</ele>
   </trkpt>
   <trkpt lat="50.61178" lon="5.32176">
    <ele>165.99</ele>
   </trkpt>
   <trkpt lat="50.61177000000001" lon="5.32176">
    <ele>165.99</ele>
   </trkpt>
   <trkpt lat="50.61216" lon="5.32181">
    <ele>166.0</ele>
   </trkpt>
   <trkpt lat="50.612670000494255" lon="5.322114996750873">
    <ele>166.77</ele>
   </trkpt>
   <trkpt lat="50.61318000000001" lon="5.32242">
    <ele>166.54000000000002</ele>
   </trkpt>
   <trkpt lat="50.61392000000001" lon="5.32298">
    <ele>165.53</ele>
   </trkpt>
   <trkpt lat="50.61457500151416" lon="5.323549992170561">
    <ele>168.01000000000002</ele>
   </trkpt>
   <trkpt lat="50.615230000000004" lon="5.324120000000001">
    <ele>168.93000000000004</ele>
   </trkpt>
   <trkpt lat="50.61580000000001" lon="5.324700000000001">
    <ele>169.46000000000004</ele>
   </trkpt>
   <trkpt lat="50.616240000000005" lon="5.3251800000000005">
    <ele>169.25</ele>
   </trkpt>
   <trkpt lat="50.61679" lon="5.32605">
    <ele>169.19</ele>
   </trkpt>
   <trkpt lat="50.6171" lon="5.32627">
    <ele>169.24</ele>
   </trkpt>
   <trkpt lat="50.61770666710262" lon="5.32650666054437">
    <ele>168.96000000000004</ele>
   </trkpt>
   <trkpt lat="50.618313333725844" lon="5.326743327193985">
    <ele>168.24</ele>
   </trkpt>
   <trkpt lat="50.61892" lon="5.326980000000001">
    <ele>167.5</ele>
   </trkpt>
   <trkpt lat="50.619425000137" lon="5.327139998290665">
    <ele>166.34</ele>
   </trkpt>
   <trkpt lat="50.619930000000004" lon="5.3273">
    <ele>164.61</ele>
   </trkpt>
   <trkpt lat="50.62053000020958" lon="5.327446662930498">
    <ele>163.17000000000002</ele>
   </trkpt>
   <trkpt lat="50.621130000235034" lon="5.327593329603329">
    <ele>161.57000000000002</ele>
   </trkpt>
   <trkpt lat="50.62173000000001" lon="5.32774">
    <ele>159.92000000000002</ele>
   </trkpt>
   <trkpt lat="50.62239000106114" lon="5.327380010131366">
    <ele>158.60999999999999</ele>
   </trkpt>
   <trkpt lat="50.62305000101306" lon="5.327020010157774">
    <ele>156.35999999999999</ele>
   </trkpt>
   <trkpt lat="50.62371" lon="5.32666">
    <ele>153.42</ele>
   </trkpt>
   <trkpt lat="50.623920000000005" lon="5.32648">
    <ele>152.92</ele>
   </trkpt>
   <trkpt lat="50.624300000000005" lon="5.32601">
    <ele>153.28</ele>
   </trkpt>
   <trkpt lat="50.62480500198561" lon="5.325330007293891">
    <ele>156.21</ele>
   </trkpt>
   <trkpt lat="50.625310000000006" lon="5.32465">
    <ele>158.22</ele>
   </trkpt>
   <trkpt lat="50.62570601981827" lon="5.325725963751519">
    <ele>155.98000000000002</ele>
   </trkpt>
   <trkpt lat="50.626102029727726" lon="5.326801945627196">
    <ele>152.2</ele>
   </trkpt>
   <trkpt lat="50.626498029728054" lon="5.327877945627138">
    <ele>152.09</ele>
   </trkpt>
   <trkpt lat="50.626894019818934" lon="5.328953963751455">
    <ele>155.33</ele>
   </trkpt>
   <trkpt lat="50.62729" lon="5.330030000000001">
    <ele>157.15</ele>
   </trkpt>
   <trkpt lat="50.627340000000004" lon="5.3301300000000005">
    <ele>157.35000000000002</ele>
   </trkpt>
   <trkpt lat="50.62745" lon="5.33025">
    <ele>157.44000000000003</ele>
   </trkpt>
   <trkpt lat="50.627590000000005" lon="5.330310000000001">
    <ele>157.47000000000003</ele>
   </trkpt>
   <trkpt lat="50.62773000000001" lon="5.33032">
    <ele>157.39</ele>
   </trkpt>
   <trkpt lat="50.62824999999328" lon="5.330175001630674">
    <ele>156.91000000000003</ele>
   </trkpt>
   <trkpt lat="50.62877" lon="5.330030000000001">
    <ele>155.97000000000003</ele>
   </trkpt>
   <trkpt lat="50.628960000000006" lon="5.329940000000001">
    <ele>155.97000000000003</ele>
   </trkpt>
   <trkpt lat="50.62933" lon="5.3297300000000005">
    <ele>155.42</ele>
   </trkpt>
   <trkpt lat="50.6296" lon="5.329490000000001">
    <ele>155.07000000000002</ele>
   </trkpt>
   <trkpt lat="50.63000000093893" lon="5.32901500407301">
    <ele>154.58</ele>
   </trkpt>
   <trkpt lat="50.6304" lon="5.32854">
    <ele>154.24</ele>
   </trkpt>
   <trkpt lat="50.630810003150025" lon="5.327670007776279">
    <ele>152.05</ele>
   </trkpt>
   <trkpt lat="50.631220000000006" lon="5.3268">
    <ele>149.1</ele>
   </trkpt>
   <trkpt lat="50.631400000000006" lon="5.32657">
    <ele>148.25000000000003</ele>
   </trkpt>
   <trkpt lat="50.63167000000001" lon="5.32629">
    <ele>147.82</ele>
   </trkpt>
   <trkpt lat="50.63183" lon="5.32603">
    <ele>147.69000000000003</ele>
   </trkpt>
   <trkpt lat="50.632205002873995" lon="5.325200006784814">
    <ele>147.24</ele>
   </trkpt>
   <trkpt lat="50.632580000000004" lon="5.32437">
    <ele>147.02</ele>
   </trkpt>
   <trkpt lat="50.632780000000004" lon="5.32404">
    <ele>146.97000000000003</ele>
   </trkpt>
   <trkpt lat="50.633300000994396" lon="5.323580005009899">
    <ele>146.65</ele>
   </trkpt>
   <trkpt lat="50.63382000000001" lon="5.32312">
    <ele>146.41</ele>
   </trkpt>
   <trkpt lat="50.63440000000001" lon="5.3226">
    <ele>145.83</ele>
   </trkpt>
   <trkpt lat="50.634840000000004" lon="5.32223">
    <ele>145.75000000000003</ele>
   </trkpt>
   <trkpt lat="50.635529999939905" lon="5.322155001110124">
    <ele>145.12</ele>
   </trkpt>
   <trkpt lat="50.63622" lon="5.322080000000001">
    <ele>144.98000000000002</ele>
   </trkpt>
   <trkpt lat="50.636540000000004" lon="5.321910000000001">
    <ele>144.97</ele>
   </trkpt>
   <trkpt lat="50.63685" lon="5.32162">
    <ele>145.05</ele>
   </trkpt>
   <trkpt lat="50.637080000000005" lon="5.32134">
    <ele>145.04</ele>
   </trkpt>
   <trkpt lat="50.63755000132794" lon="5.320795005383924">
    <ele>145.24</ele>
   </trkpt>
   <trkpt lat="50.638020000000004" lon="5.320250000000001">
    <ele>145.51</ele>
   </trkpt>
   <trkpt lat="50.638380000000005" lon="5.31998">
    <ele>145.64000000000001</ele>
   </trkpt>
   <trkpt lat="50.63846" lon="5.320270000000001">
    <ele>145.58</ele>
   </trkpt>
   <trkpt lat="50.63855500417261" lon="5.321259997776634">
    <ele>145.32</ele>
   </trkpt>
   <trkpt lat="50.638650000000005" lon="5.32225">
    <ele>146.18</ele>
   </trkpt>
   <trkpt lat="50.63882" lon="5.322850000000001">
    <ele>147.14000000000001</ele>
   </trkpt>
   <trkpt lat="50.638920000000006" lon="5.32303">
    <ele>147.4</ele>
   </trkpt>
   <trkpt lat="50.638850000000005" lon="5.32366">
    <ele>147.73</ele>
   </trkpt>
   <trkpt lat="50.638670000000005" lon="5.324280000000001">
    <ele>148.56000000000003</ele>
   </trkpt>
   <trkpt lat="50.63853" lon="5.32493">
    <ele>150.29</ele>
   </trkpt>
   <trkpt lat="50.63852000000001" lon="5.325550000000001">
    <ele>151.88000000000002</ele>
   </trkpt>
   <trkpt lat="50.638600000000004" lon="5.326230000000001">
    <ele>153.81</ele>
   </trkpt>
   <trkpt lat="50.63875000850592" lon="5.327226660336292">
    <ele>156.48000000000002</ele>
   </trkpt>
   <trkpt lat="50.63890000851072" lon="5.32822332703466">
    <ele>159.78</ele>
   </trkpt>
   <trkpt lat="50.639050000000005" lon="5.32922">
    <ele>162.81</ele>
   </trkpt>
   <trkpt lat="50.63915" lon="5.329960000000001">
    <ele>164.10000000000002</ele>
   </trkpt>
   <trkpt lat="50.63918" lon="5.32995">
    <ele>164.10000000000002</ele>
   </trkpt>
   <trkpt lat="50.63922" lon="5.3299900000000004">
    <ele>164.23000000000002</ele>
   </trkpt>
   <trkpt lat="50.639230000000005" lon="5.3300600000000005">
    <ele>164.23000000000002</ele>
   </trkpt>
   <trkpt lat="50.639190000000006" lon="5.33014">
    <ele>164.34</ele>
   </trkpt>
   <trkpt lat="50.63941500336535" lon="5.33101499615781">
    <ele>165.49</ele>
   </trkpt>
   <trkpt lat="50.63964000000001" lon="5.3318900000000005">
    <ele>166.42000000000002</ele>
   </trkpt>
   <trkpt lat="50.63997251973486" lon="5.3331299736683375">
    <ele>167.46</ele>
   </trkpt>
   <trkpt lat="50.6403050263112" lon="5.334369964883154">
    <ele>168.44</ele>
   </trkpt>
   <trkpt lat="50.640637519728664" lon="5.3356099736442095">
    <ele>170.0</ele>
   </trkpt>
   <trkpt lat="50.64097" lon="5.33685">
    <ele>171.22</ele>
   </trkpt>
   <trkpt lat="50.6411" lon="5.33725">
    <ele>171.28</ele>
   </trkpt>
   <trkpt lat="50.64126" lon="5.33765">
    <ele>170.84</ele>
   </trkpt>
   <trkpt lat="50.641645002435524" lon="5.338394994013731">
    <ele>168.46000000000004</ele>
   </trkpt>
   <trkpt lat="50.642030000000005" lon="5.33914">
    <ele>166.49000000000004</ele>
   </trkpt>
   <trkpt lat="50.64249" lon="5.34008">
    <ele>163.87</ele>
   </trkpt>
   <trkpt lat="50.6427500021714" lon="5.340784996220383">
    <ele>163.22</ele>
   </trkpt>
   <trkpt lat="50.643010000000004" lon="5.34149">
    <ele>163.08</ele>
   </trkpt>
   <trkpt lat="50.64336667533787" lon="5.342496651381942">
    <ele>163.41</ele>
   </trkpt>
   <trkpt lat="50.6437233420035" lon="5.343503318045465">
    <ele>164.16</ele>
   </trkpt>
   <trkpt lat="50.64408" lon="5.3445100000000005">
    <ele>164.12</ele>
   </trkpt>
   <trkpt lat="50.64456001388615" lon="5.3455499681329295">
    <ele>163.27</ele>
   </trkpt>
   <trkpt lat="50.64504001851656" lon="5.346589957513493">
    <ele>161.79999999999998</ele>
   </trkpt>
   <trkpt lat="50.645520013890895" lon="5.34762996814208">
    <ele>159.64000000000001</ele>
   </trkpt>
   <trkpt lat="50.646" lon="5.34867">
    <ele>157.96</ele>
   </trkpt>
   <trkpt lat="50.64634" lon="5.3493200000000005">
    <ele>157.67</ele>
   </trkpt>
   <trkpt lat="50.646890000000006" lon="5.3501900000000004">
    <ele>158.38000000000002</ele>
   </trkpt>
   <trkpt lat="50.64719" lon="5.35071">
    <ele>158.95000000000002</ele>
   </trkpt>
   <trkpt lat="50.64769500257711" lon="5.351489991575864">
    <ele>160.5</ele>
   </trkpt>
   <trkpt lat="50.6482" lon="5.352270000000001">
    <ele>161.16000000000003</ele>
   </trkpt>
   <trkpt lat="50.6488" lon="5.35325">
    <ele>162.03</ele>
   </trkpt>
   <trkpt lat="50.64902000000001" lon="5.353560000000001">
    <ele>162.06</ele>
   </trkpt>
   <trkpt lat="50.64947" lon="5.353940000000001">
    <ele>162.04000000000002</ele>
   </trkpt>
   <trkpt lat="50.64983" lon="5.35409">
    <ele>161.60000000000002</ele>
   </trkpt>
   <trkpt lat="50.650470000227585" lon="5.3542299981241985">
    <ele>161.15</ele>
   </trkpt>
   <trkpt lat="50.65111" lon="5.35437">
    <ele>161.22</ele>
   </trkpt>
   <trkpt lat="50.651270000000004" lon="5.353470000000001">
    <ele>159.99</ele>
   </trkpt>
   <trkpt lat="50.65135" lon="5.353140000000001">
    <ele>159.87</ele>
   </trkpt>
   <trkpt lat="50.65146000000001" lon="5.353140000000001">
    <ele>159.72</ele>
   </trkpt>
   <trkpt lat="50.651810000000005" lon="5.35304">
    <ele>159.32000000000002</ele>
   </trkpt>
   <trkpt lat="50.65243" lon="5.35282">
    <ele>158.31</ele>
   </trkpt>
   <trkpt lat="50.65288" lon="5.3527000000000005">
    <ele>158.05</ele>
   </trkpt>
   <trkpt lat="50.653290000000005" lon="5.352650000000001">
    <ele>157.39</ele>
   </trkpt>
   <trkpt lat="50.65408000000001" lon="5.35282">
    <ele>155.95</ele>
   </trkpt>
   <trkpt lat="50.65426" lon="5.3528400000000005">
    <ele>155.32000000000002</ele>
   </trkpt>
   <trkpt lat="50.65448000000001" lon="5.35264">
    <ele>154.56</ele>
   </trkpt>
   <trkpt lat="50.65484000000001" lon="5.35242">
    <ele>152.84</ele>
   </trkpt>
   <trkpt lat="50.6555" lon="5.35228">
    <ele>150.19000000000003</ele>
   </trkpt>
   <trkpt lat="50.655590000000004" lon="5.3522300000000005">
    <ele>150.19000000000003</ele>
   </trkpt>
   <trkpt lat="50.65601" lon="5.352040000000001">
    <ele>149.37</ele>
   </trkpt>
   <trkpt lat="50.656650000000006" lon="5.3516900000000005">
    <ele>149.36</ele>
   </trkpt>
   <trkpt lat="50.656870000000005" lon="5.35172">
    <ele>149.47000000000003</ele>
   </trkpt>
   <trkpt lat="50.65733" lon="5.3516200000000005">
    <ele>149.37</ele>
   </trkpt>
   <trkpt lat="50.65766000000001" lon="5.35142">
    <ele>149.69000000000003</ele>
   </trkpt>
   <trkpt lat="50.658280000000005" lon="5.35088">
    <ele>150.64000000000001</ele>
   </trkpt>
   <trkpt lat="50.65881000050671" lon="5.3505100042306175">
    <ele>152.54</ele>
   </trkpt>
   <trkpt lat="50.65934000000001" lon="5.350140000000001">
    <ele>154.16000000000003</ele>
   </trkpt>
   <trkpt lat="50.65996666827826" lon="5.3497133446834475">
    <ele>150.92</ele>
   </trkpt>
   <trkpt lat="50.66059333499883" lon="5.349286677980273">
    <ele>148.72000000000003</ele>
   </trkpt>
   <trkpt lat="50.66122000000001" lon="5.34886">
    <ele>146.89000000000001</ele>
   </trkpt>
   <trkpt lat="50.6617" lon="5.3486">
    <ele>146.64000000000001</ele>
   </trkpt>
   <trkpt lat="50.66246000018724" lon="5.348400003232646">
    <ele>147.98</ele>
   </trkpt>
   <trkpt lat="50.66322" lon="5.3482">
    <ele>148.15</ele>
   </trkpt>
   <trkpt lat="50.663610000000006" lon="5.34806">
    <ele>148.32</ele>
   </trkpt>
   <trkpt lat="50.663990000000005" lon="5.34783">
    <ele>148.50000000000003</ele>
   </trkpt>
   <trkpt lat="50.66431000000001" lon="5.34752">
    <ele>148.81000000000003</ele>
   </trkpt>
   <trkpt lat="50.66460000000001" lon="5.347110000000001">
    <ele>148.76</ele>
   </trkpt>
   <trkpt lat="50.66505" lon="5.346290000000001">
    <ele>148.04</ele>
   </trkpt>
   <trkpt lat="50.665503339573185" lon="5.345436683127102">
    <ele>147.22000000000003</ele>
   </trkpt>
   <trkpt lat="50.665956672915804" lon="5.3445833497765465">
    <ele>146.58</ele>
   </trkpt>
   <trkpt lat="50.666410000000006" lon="5.343730000000001">
    <ele>145.96</ele>
   </trkpt>
   <trkpt lat="50.66667" lon="5.3433600000000006">
    <ele>145.73</ele>
   </trkpt>
   <trkpt lat="50.66709500100843" lon="5.3428550046694365">
    <ele>144.97</ele>
   </trkpt>
   <trkpt lat="50.66752" lon="5.342350000000001">
    <ele>144.49</ele>
   </trkpt>
   <trkpt lat="50.6678700009168" lon="5.341895003351495">
    <ele>144.02</ele>
   </trkpt>
   <trkpt lat="50.668220000000005" lon="5.34144">
    <ele>143.83</ele>
   </trkpt>
   <trkpt lat="50.66879" lon="5.34088">
    <ele>143.41</ele>
   </trkpt>
   <trkpt lat="50.66931000154877" lon="5.340275006721081">
    <ele>143.22</ele>
   </trkpt>
   <trkpt lat="50.669830000000005" lon="5.339670000000001">
    <ele>142.66</ele>
   </trkpt>
   <trkpt lat="50.670230000000004" lon="5.33929">
    <ele>142.13</ele>
   </trkpt>
   <trkpt lat="50.67071000000001" lon="5.338920000000001">
    <ele>141.78</ele>
   </trkpt>
   <trkpt lat="50.671240000000004" lon="5.3386000000000005">
    <ele>141.46</ele>
   </trkpt>
   <trkpt lat="50.67198500051264" lon="5.33824000573353">
    <ele>140.67000000000002</ele>
   </trkpt>
   <trkpt lat="50.67273" lon="5.33788">
    <ele>140.16</ele>
   </trkpt>
   <trkpt lat="50.673360000376974" lon="5.337555004400533">
    <ele>139.75</ele>
   </trkpt>
   <trkpt lat="50.67399" lon="5.337230000000001">
    <ele>139.13</ele>
   </trkpt>
   <trkpt lat="50.674670000000006" lon="5.33657">
    <ele>137.77</ele>
   </trkpt>
   <trkpt lat="50.675050000637434" lon="5.336175003229084">
    <ele>136.78</ele>
   </trkpt>
   <trkpt lat="50.675430000000006" lon="5.335780000000001">
    <ele>136.18</ele>
   </trkpt>
   <trkpt lat="50.67578" lon="5.3352200000000005">
    <ele>135.55</ele>
   </trkpt>
   <trkpt lat="50.675900000000006" lon="5.334890000000001">
    <ele>135.04000000000002</ele>
   </trkpt>
   <trkpt lat="50.67598" lon="5.33455">
    <ele>134.4</ele>
   </trkpt>
   <trkpt lat="50.67620500750405" lon="5.33322500638957">
    <ele>132.19</ele>
   </trkpt>
   <trkpt lat="50.67643" lon="5.3319">
    <ele>131.54000000000002</ele>
   </trkpt>
   <trkpt lat="50.67643" lon="5.331880000000001">
    <ele>131.56</ele>
   </trkpt>
   <trkpt lat="50.676480000000005" lon="5.33159">
    <ele>131.96</ele>
   </trkpt>
   <trkpt lat="50.67656" lon="5.331370000000001">
    <ele>131.98000000000002</ele>
   </trkpt>
   <trkpt lat="50.67691000000001" lon="5.331530000000001">
    <ele>131.60000000000002</ele>
   </trkpt>
   <trkpt lat="50.677080000000004" lon="5.33154">
    <ele>131.43</ele>
   </trkpt>
   <trkpt lat="50.677550000000004" lon="5.331460000000001">
    <ele>131.37</ele>
   </trkpt>
   <trkpt lat="50.67774000000001" lon="5.3314">
    <ele>131.53</ele>
   </trkpt>
   <trkpt lat="50.67795500176386" lon="5.330740003329233">
    <ele>131.25</ele>
   </trkpt>
   <trkpt lat="50.67817" lon="5.330080000000001">
    <ele>131.23000000000002</ele>
   </trkpt>
   <trkpt lat="50.678470000000004" lon="5.329000000000001">
    <ele>130.76999999999998</ele>
   </trkpt>
   <trkpt lat="50.678540000000005" lon="5.32885">
    <ele>130.63000000000002</ele>
   </trkpt>
   <trkpt lat="50.67866" lon="5.328760000000001">
    <ele>130.42000000000002</ele>
   </trkpt>
   <trkpt lat="50.67942000000001" lon="5.328320000000001">
    <ele>128.76000000000002</ele>
   </trkpt>
   <trkpt lat="50.68003" lon="5.328600000000001">
    <ele>126.76</ele>
   </trkpt>
   <trkpt lat="50.68014" lon="5.3285800000000005">
    <ele>126.76</ele>
   </trkpt>
   <trkpt lat="50.680240000000005" lon="5.3285">
    <ele>126.0</ele>
   </trkpt>
   <trkpt lat="50.68074000000001" lon="5.32791">
    <ele>125.10000000000001</ele>
   </trkpt>
   <trkpt lat="50.68085000000001" lon="5.327940000000001">
    <ele>125.04</ele>
   </trkpt>
   <trkpt lat="50.6811" lon="5.32821">
    <ele>125.03</ele>
   </trkpt>
   <trkpt lat="50.68119" lon="5.328220000000001">
    <ele>124.99</ele>
   </trkpt>
   <trkpt lat="50.68139000000001" lon="5.327730000000001">
    <ele>125.0</ele>
   </trkpt>
   <trkpt lat="50.681580000000004" lon="5.32709">
    <ele>125.37</ele>
   </trkpt>
   <trkpt lat="50.68169500358751" lon="5.326170002520254">
    <ele>126.86</ele>
   </trkpt>
   <trkpt lat="50.681810000000006" lon="5.3252500000000005">
    <ele>129.07999999999998</ele>
   </trkpt>
   <trkpt lat="50.681920000000005" lon="5.32479">
    <ele>129.57000000000002</ele>
   </trkpt>
   <trkpt lat="50.682170000000006" lon="5.3239600000000005">
    <ele>131.73000000000002</ele>
   </trkpt>
   <trkpt lat="50.68225" lon="5.323810000000001">
    <ele>132.77</ele>
   </trkpt>
   <trkpt lat="50.682480000000005" lon="5.323910000000001">
    <ele>133.4</ele>
   </trkpt>
   <trkpt lat="50.68291000000001" lon="5.324260000000001">
    <ele>134.69</ele>
   </trkpt>
   <trkpt lat="50.683110000000006" lon="5.32453">
    <ele>135.07000000000002</ele>
   </trkpt>
   <trkpt lat="50.68328" lon="5.32493">
    <ele>135.38</ele>
   </trkpt>
   <trkpt lat="50.683490000000006" lon="5.3252500000000005">
    <ele>135.34</ele>
   </trkpt>
   <trkpt lat="50.683890000000005" lon="5.325760000000001">
    <ele>134.67000000000002</ele>
   </trkpt>
   <trkpt lat="50.68424" lon="5.32617">
    <ele>133.59</ele>
   </trkpt>
   <trkpt lat="50.68492333572075" lon="5.326689984910354">
    <ele>131.04000000000002</ele>
   </trkpt>
   <trkpt lat="50.68560666912819" lon="5.327209984966467">
    <ele>129.91</ele>
   </trkpt>
   <trkpt lat="50.68629000000001" lon="5.327730000000001">
    <ele>129.04999999999998</ele>
   </trkpt>
   <trkpt lat="50.68689500161179" lon="5.3283149925994895">
    <ele>127.95</ele>
   </trkpt>
   <trkpt lat="50.68750000000001" lon="5.328900000000001">
    <ele>128.9</ele>
   </trkpt>
   <trkpt lat="50.68802000257195" lon="5.329449987791065">
    <ele>131.07000000000002</ele>
   </trkpt>
   <trkpt lat="50.688540002556" lon="5.329999987774012">
    <ele>130.92000000000002</ele>
   </trkpt>
   <trkpt lat="50.689060000000005" lon="5.330550000000001">
    <ele>128.07999999999998</ele>
   </trkpt>
   <trkpt lat="50.68927000000001" lon="5.330900000000001">
    <ele>126.44</ele>
   </trkpt>
   <trkpt lat="50.689620000000005" lon="5.33155">
    <ele>125.19000000000003</ele>
   </trkpt>
   <trkpt lat="50.690000000000005" lon="5.331840000000001">
    <ele>125.73</ele>
   </trkpt>
   <trkpt lat="50.690635001249184" lon="5.332384992604513">
    <ele>128.25</ele>
   </trkpt>
   <trkpt lat="50.69127" lon="5.33293">
    <ele>128.78</ele>
   </trkpt>
   <trkpt lat="50.691925001516715" lon="5.3335149918788245">
    <ele>126.06</ele>
   </trkpt>
   <trkpt lat="50.69258000000001" lon="5.3341">
    <ele>123.59</ele>
   </trkpt>
   <trkpt lat="50.6929" lon="5.33431">
    <ele>122.63000000000001</ele>
   </trkpt>
   <trkpt lat="50.69328" lon="5.33452">
    <ele>122.18</ele>
   </trkpt>
   <trkpt lat="50.693690000000004" lon="5.33464">
    <ele>122.73</ele>
   </trkpt>
   <trkpt lat="50.69420000004259" lon="5.33467999956789">
    <ele>123.98</ele>
   </trkpt>
   <trkpt lat="50.69471" lon="5.334720000000001">
    <ele>125.55000000000003</ele>
   </trkpt>
   <trkpt lat="50.69514999998247" lon="5.334909998143393">
    <ele>126.03</ele>
   </trkpt>
   <trkpt lat="50.69559" lon="5.335100000000001">
    <ele>126.52000000000002</ele>
   </trkpt>
   <trkpt lat="50.69609500014846" lon="5.335284998008862">
    <ele>126.18</ele>
   </trkpt>
   <trkpt lat="50.696600000000004" lon="5.335470000000001">
    <ele>123.98</ele>
   </trkpt>
   <trkpt lat="50.697030000000005" lon="5.3356900000000005">
    <ele>122.72000000000001</ele>
   </trkpt>
   <trkpt lat="50.697210000000005" lon="5.33593">
    <ele>122.47000000000001</ele>
   </trkpt>
   <trkpt lat="50.69735000000001" lon="5.3359700000000005">
    <ele>122.54</ele>
   </trkpt>
   <trkpt lat="50.69771" lon="5.33595">
    <ele>123.35000000000001</ele>
   </trkpt>
   <trkpt lat="50.69820000000001" lon="5.33595">
    <ele>123.88</ele>
   </trkpt>
   <trkpt lat="50.69847000000001" lon="5.33602">
    <ele>125.10000000000001</ele>
   </trkpt>
   <trkpt lat="50.6987" lon="5.3361600000000005">
    <ele>126.07000000000001</ele>
   </trkpt>
   <trkpt lat="50.69885000000001" lon="5.33619">
    <ele>126.42</ele>
   </trkpt>
   <trkpt lat="50.69937" lon="5.33588">
    <ele>126.14</ele>
   </trkpt>
   <trkpt lat="50.699940000000005" lon="5.335640000000001">
    <ele>123.79</ele>
   </trkpt>
   <trkpt lat="50.70045500009151" lon="5.3355900005412495">
    <ele>122.75000000000001</ele>
   </trkpt>
   <trkpt lat="50.700970000000005" lon="5.335540000000001">
    <ele>125.59</ele>
   </trkpt>
   <trkpt lat="50.70112" lon="5.335500000000001">
    <ele>126.16000000000003</ele>
   </trkpt>
   <trkpt lat="50.70138000000001" lon="5.33544">
    <ele>127.49000000000002</ele>
   </trkpt>
   <trkpt lat="50.70200000024205" lon="5.335266671254378">
    <ele>130.68</ele>
   </trkpt>
   <trkpt lat="50.702620000227085" lon="5.335093337925305">
    <ele>130.31</ele>
   </trkpt>
   <trkpt lat="50.70324" lon="5.33492">
    <ele>126.23</ele>
   </trkpt>
   <trkpt lat="50.70396000189769" lon="5.334443348002474">
    <ele>122.15</ele>
   </trkpt>
   <trkpt lat="50.70468000185182" lon="5.333966681366462">
    <ele>119.52000000000001</ele>
   </trkpt>
   <trkpt lat="50.705400000000004" lon="5.33349">
    <ele>117.04</ele>
   </trkpt>
   <trkpt lat="50.70593500050196" lon="5.333130004143045">
    <ele>115.42</ele>
   </trkpt>
   <trkpt lat="50.70647" lon="5.33277">
    <ele>114.04</ele>
   </trkpt>
   <trkpt lat="50.70713666689463" lon="5.332613337784543">
    <ele>113.57000000000001</ele>
   </trkpt>
   <trkpt lat="50.707803333579314" lon="5.332456671113719">
    <ele>113.18</ele>
   </trkpt>
   <trkpt lat="50.708470000000005" lon="5.3323">
    <ele>113.2</ele>
   </trkpt>
   <trkpt lat="50.70903500004113" lon="5.332409998672236">
    <ele>113.68</ele>
   </trkpt>
   <trkpt lat="50.7096" lon="5.332520000000001">
    <ele>114.47000000000001</ele>
   </trkpt>
   <trkpt lat="50.70996" lon="5.332560000000001">
    <ele>114.52000000000001</ele>
   </trkpt>
   <trkpt lat="50.71049000000001" lon="5.332590000000001">
    <ele>114.33000000000001</ele>
   </trkpt>
   <trkpt lat="50.71081" lon="5.33246">
    <ele>114.12</ele>
   </trkpt>
   <trkpt lat="50.71099" lon="5.33234">
    <ele>113.88000000000001</ele>
   </trkpt>
   <trkpt lat="50.711220000000004" lon="5.33206">
    <ele>113.49000000000001</ele>
   </trkpt>
   <trkpt lat="50.711450000000006" lon="5.331650000000001">
    <ele>111.52000000000001</ele>
   </trkpt>
   <trkpt lat="50.71179000000001" lon="5.330970000000001">
    <ele>110.89</ele>
   </trkpt>
   <trkpt lat="50.71219333892473" lon="5.330160013980602">
    <ele>109.36000000000001</ele>
   </trkpt>
   <trkpt lat="50.71259667223743" lon="5.329350014022233">
    <ele>107.60000000000001</ele>
   </trkpt>
   <trkpt lat="50.713" lon="5.32854">
    <ele>106.07000000000001</ele>
   </trkpt>
   <trkpt lat="50.713240000000006" lon="5.328110000000001">
    <ele>105.57000000000001</ele>
   </trkpt>
   <trkpt lat="50.713350000000005" lon="5.32802">
    <ele>105.57000000000001</ele>
   </trkpt>
   <trkpt lat="50.71351000000001" lon="5.3279700000000005">
    <ele>105.57000000000001</ele>
   </trkpt>
   <trkpt lat="50.713930000000005" lon="5.32788">
    <ele>104.76</ele>
   </trkpt>
   <trkpt lat="50.714130000000004" lon="5.32786">
    <ele>104.62</ele>
   </trkpt>
   <trkpt lat="50.71435" lon="5.32791">
    <ele>104.23</ele>
   </trkpt>
   <trkpt lat="50.71489500138486" lon="5.328479993367375">
    <ele>103.89000000000001</ele>
   </trkpt>
   <trkpt lat="50.71544" lon="5.3290500000000005">
    <ele>103.02000000000001</ele>
   </trkpt>
   <trkpt lat="50.71613000000001" lon="5.329840000000001">
    <ele>102.45000000000002</ele>
   </trkpt>
   <trkpt lat="50.71622000000001" lon="5.32993">
    <ele>102.51</ele>
   </trkpt>
   <trkpt lat="50.71636" lon="5.3299900000000004">
    <ele>102.51</ele>
   </trkpt>
   <trkpt lat="50.716530000000006" lon="5.32997">
    <ele>102.57000000000001</ele>
   </trkpt>
   <trkpt lat="50.71701" lon="5.32979">
    <ele>102.66000000000001</ele>
   </trkpt>
   <trkpt lat="50.71777" lon="5.3297300000000005">
    <ele>102.22</ele>
   </trkpt>
   <trkpt lat="50.717940000000006" lon="5.32976">
    <ele>102.22</ele>
   </trkpt>
   <trkpt lat="50.71837000000001" lon="5.33021">
    <ele>103.25</ele>
   </trkpt>
   <trkpt lat="50.71849" lon="5.3304100000000005">
    <ele>103.25</ele>
   </trkpt>
   <trkpt lat="50.71881500243745" lon="5.3311649947633555">
    <ele>104.46000000000001</ele>
   </trkpt>
   <trkpt lat="50.71914" lon="5.33192">
    <ele>104.77</ele>
   </trkpt>
   <trkpt lat="50.71957000907782" lon="5.332949981106985">
    <ele>104.35000000000001</ele>
   </trkpt>
   <trkpt lat="50.72000000908163" lon="5.333979981115749">
    <ele>103.38000000000001</ele>
   </trkpt>
   <trkpt lat="50.72043000000001" lon="5.3350100000000005">
    <ele>102.42000000000002</ele>
   </trkpt>
   <trkpt lat="50.72075" lon="5.33591">
    <ele>102.03</ele>
   </trkpt>
   <trkpt lat="50.72110000000001" lon="5.33711">
    <ele>100.97</ele>
   </trkpt>
   <trkpt lat="50.72126" lon="5.3375200000000005">
    <ele>100.83</ele>
   </trkpt>
   <trkpt lat="50.72148000000001" lon="5.3379">
    <ele>101.0</ele>
   </trkpt>
   <trkpt lat="50.721720000000005" lon="5.3382700000000005">
    <ele>101.34000000000002</ele>
   </trkpt>
   <trkpt lat="50.72182" lon="5.338520000000001">
    <ele>101.72</ele>
   </trkpt>
   <trkpt lat="50.72185" lon="5.338780000000001">
    <ele>101.72</ele>
   </trkpt>
   <trkpt lat="50.72178" lon="5.3395600000000005">
    <ele>101.96000000000001</ele>
   </trkpt>
   <trkpt lat="50.72171" lon="5.340210000000001">
    <ele>101.85000000000001</ele>
   </trkpt>
   <trkpt lat="50.72177000000001" lon="5.34055">
    <ele>101.85000000000001</ele>
   </trkpt>
   <trkpt lat="50.722100000000005" lon="5.34114">
    <ele>101.88000000000001</ele>
   </trkpt>
   <trkpt lat="50.722480000000004" lon="5.342020000000001">
    <ele>102.93</ele>
   </trkpt>
   <trkpt lat="50.72298500431869" lon="5.343029989027267">
    <ele>106.06000000000002</ele>
   </trkpt>
   <trkpt lat="50.723490000000005" lon="5.344040000000001">
    <ele>109.30000000000001</ele>
   </trkpt>
   <trkpt lat="50.723710000000004" lon="5.34459">
    <ele>110.82000000000001</ele>
   </trkpt>
   <trkpt lat="50.72402000463803" lon="5.345629993161432">
    <ele>112.28</ele>
   </trkpt>
   <trkpt lat="50.72433" lon="5.3466700000000005">
    <ele>112.49000000000001</ele>
   </trkpt>
   <trkpt lat="50.72471333984346" lon="5.3475399858471">
    <ele>111.66000000000001</ele>
   </trkpt>
   <trkpt lat="50.72509667321326" lon="5.348409985929674">
    <ele>110.86000000000001</ele>
   </trkpt>
   <trkpt lat="50.725480000000005" lon="5.34928">
    <ele>109.22000000000001</ele>
   </trkpt>
   <trkpt lat="50.725840000000005" lon="5.34999">
    <ele>107.88</ele>
   </trkpt>
   <trkpt lat="50.72632" lon="5.3506800000000005">
    <ele>105.93</ele>
   </trkpt>
   <trkpt lat="50.727000000000004" lon="5.35156">
    <ele>105.91</ele>
   </trkpt>
   <trkpt lat="50.72751000407021" lon="5.352246651767303">
    <ele>107.52</ele>
   </trkpt>
   <trkpt lat="50.728020004107776" lon="5.352933318484302">
    <ele>108.09</ele>
   </trkpt>
   <trkpt lat="50.728530000000006" lon="5.35362">
    <ele>108.50000000000001</ele>
   </trkpt>
   <trkpt lat="50.729110000000006" lon="5.35416">
    <ele>108.33000000000001</ele>
   </trkpt>
   <trkpt lat="50.72974000000001" lon="5.354710000000001">
    <ele>106.76</ele>
   </trkpt>
   <trkpt lat="50.73044" lon="5.355460000000001">
    <ele>104.06000000000002</ele>
   </trkpt>
   <trkpt lat="50.730740000000004" lon="5.356000000000001">
    <ele>103.49000000000001</ele>
   </trkpt>
   <trkpt lat="50.73129" lon="5.35709">
    <ele>106.10000000000001</ele>
   </trkpt>
   <trkpt lat="50.73177500248694" lon="5.357834992460831">
    <ele>108.94000000000001</ele>
   </trkpt>
   <trkpt lat="50.732260000000004" lon="5.358580000000001">
    <ele>110.46</ele>
   </trkpt>
   <trkpt lat="50.73246" lon="5.359030000000001">
    <ele>111.16000000000001</ele>
   </trkpt>
   <trkpt lat="50.7326750022942" lon="5.359759996701558">
    <ele>112.11000000000001</ele>
   </trkpt>
   <trkpt lat="50.732890000000005" lon="5.36049">
    <ele>112.83000000000001</ele>
   </trkpt>
   <trkpt lat="50.73303000000001" lon="5.3609">
    <ele>113.5</ele>
   </trkpt>
   <trkpt lat="50.73322" lon="5.36127">
    <ele>113.81</ele>
   </trkpt>
   <trkpt lat="50.733625000927105" lon="5.361774995429734">
    <ele>114.79</ele>
   </trkpt>
   <trkpt lat="50.734030000000004" lon="5.36228">
    <ele>115.98000000000002</ele>
   </trkpt>
   <trkpt lat="50.734100000000005" lon="5.362410000000001">
    <ele>115.98000000000002</ele>
   </trkpt>
   <trkpt lat="50.73461" lon="5.363320000000001">
    <ele>117.19000000000001</ele>
   </trkpt>
   <trkpt lat="50.735145002709" lon="5.364104991141807">
    <ele>117.69</ele>
   </trkpt>
   <trkpt lat="50.73568" lon="5.364890000000001">
    <ele>118.81000000000002</ele>
   </trkpt>
   <trkpt lat="50.73583000000001" lon="5.3650400000000005">
    <ele>118.81000000000002</ele>
   </trkpt>
   <trkpt lat="50.73606" lon="5.36514">
    <ele>119.07000000000001</ele>
   </trkpt>
   <trkpt lat="50.73650000000001" lon="5.365150000000001">
    <ele>119.42000000000002</ele>
   </trkpt>
   <trkpt lat="50.736630000000005" lon="5.365170000000001">
    <ele>119.42000000000002</ele>
   </trkpt>
   <trkpt lat="50.73673" lon="5.36523">
    <ele>119.38000000000001</ele>
   </trkpt>
   <trkpt lat="50.73739499992637" lon="5.365344998344581">
    <ele>119.05</ele>
   </trkpt>
   <trkpt lat="50.738060000000004" lon="5.365460000000001">
    <ele>120.01</ele>
   </trkpt>
   <trkpt lat="50.738890000042375" lon="5.365499998583518">
    <ele>122.66</ele>
   </trkpt>
   <trkpt lat="50.73972000007106" lon="5.365539998584869">
    <ele>126.76</ele>
   </trkpt>
   <trkpt lat="50.740550000000006" lon="5.3655800000000005">
    <ele>128.23000000000002</ele>
   </trkpt>
   <trkpt lat="50.741040000000005" lon="5.365570000000001">
    <ele>126.84</ele>
   </trkpt>
   <trkpt lat="50.741240000000005" lon="5.36552">
    <ele>125.62</ele>
   </trkpt>
   <trkpt lat="50.741690000000006" lon="5.36535">
    <ele>123.36000000000001</ele>
   </trkpt>
   <trkpt lat="50.74240500045996" lon="5.36504500463068">
    <ele>116.78</ele>
   </trkpt>
   <trkpt lat="50.743120000000005" lon="5.36474">
    <ele>111.96000000000001</ele>
   </trkpt>
   <trkpt lat="50.74338" lon="5.36465">
    <ele>111.19000000000001</ele>
   </trkpt>
   <trkpt lat="50.74374" lon="5.36446">
    <ele>109.86000000000001</ele>
   </trkpt>
   <trkpt lat="50.74396" lon="5.364310000000001">
    <ele>108.78000000000002</ele>
   </trkpt>
   <trkpt lat="50.744640000000004" lon="5.3637500000000005">
    <ele>106.3</ele>
   </trkpt>
   <trkpt lat="50.74488" lon="5.36361">
    <ele>106.3</ele>
   </trkpt>
   <trkpt lat="50.745160000000006" lon="5.3635600000000005">
    <ele>105.22</ele>
   </trkpt>
   <trkpt lat="50.74542" lon="5.3634900000000005">
    <ele>104.74000000000001</ele>
   </trkpt>
   <trkpt lat="50.746230000000004" lon="5.36312">
    <ele>102.54</ele>
   </trkpt>
   <trkpt lat="50.74680000000001" lon="5.36293">
    <ele>100.94</ele>
   </trkpt>
   <trkpt lat="50.74744000032115" lon="5.362763337868337">
    <ele>100.46000000000001</ele>
   </trkpt>
   <trkpt lat="50.74808000040475" lon="5.362596671179974">
    <ele>100.75</ele>
   </trkpt>
   <trkpt lat="50.748720000000006" lon="5.362430000000001">
    <ele>101.79</ele>
   </trkpt>
   <trkpt lat="50.74870000000001" lon="5.36244">
    <ele>101.76</ele>
   </trkpt>
   <trkpt lat="50.74933000000001" lon="5.362360000000001">
    <ele>103.33</ele>
   </trkpt>
   <trkpt lat="50.749680000000005" lon="5.3623400000000006">
    <ele>102.54</ele>
   </trkpt>
   <trkpt lat="50.74998" lon="5.362360000000001">
    <ele>100.39</ele>
   </trkpt>
   <trkpt lat="50.75007" lon="5.362380000000001">
    <ele>100.39</ele>
   </trkpt>
   <trkpt lat="50.749500000000005" lon="5.36347">
    <ele>105.88</ele>
   </trkpt>
   <trkpt lat="50.75015834042885" lon="5.364046626105206">
    <ele>106.21000000000001</ele>
   </trkpt>
   <trkpt lat="50.75081667801432" lon="5.3646232684292405">
    <ele>103.21000000000001</ele>
   </trkpt>
   <trkpt lat="50.75147501275618" lon="5.365199926972874">
    <ele>100.17</ele>
   </trkpt>
   <trkpt lat="50.75213334465436" lon="5.36577660173687">
    <ele>95.28</ele>
   </trkpt>
   <trkpt lat="50.752791673708664" lon="5.366353292721996">
    <ele>91.08000000000001</ele>
   </trkpt>
   <trkpt lat="50.75345" lon="5.366930000000001">
    <ele>88.62</ele>
   </trkpt>
   <trkpt lat="50.75361" lon="5.3670100000000005">
    <ele>88.34</ele>
   </trkpt>
   <trkpt lat="50.753730000000004" lon="5.367000000000001">
    <ele>88.34</ele>
   </trkpt>
   <trkpt lat="50.7539" lon="5.366930000000001">
    <ele>87.31000000000002</ele>
   </trkpt>
   <trkpt lat="50.75460000107101" lon="5.366435007386531">
    <ele>86.09000000000002</ele>
   </trkpt>
   <trkpt lat="50.755300000000005" lon="5.36594">
    <ele>84.81</ele>
   </trkpt>
   <trkpt lat="50.75531" lon="5.3659300000000005">
    <ele>84.79</ele>
   </trkpt>
   <trkpt lat="50.75571000000001" lon="5.365640000000001">
    <ele>83.83</ele>
   </trkpt>
   <trkpt lat="50.7563" lon="5.3650400000000005">
    <ele>82.82000000000001</ele>
   </trkpt>
   <trkpt lat="50.75627" lon="5.3645000000000005">
    <ele>82.08</ele>
   </trkpt>
   <trkpt lat="50.7563" lon="5.3642">
    <ele>81.92</ele>
   </trkpt>
   <trkpt lat="50.75648500186895" lon="5.363540002585589">
    <ele>81.96000000000001</ele>
   </trkpt>
   <trkpt lat="50.75667000000001" lon="5.3628800000000005">
    <ele>81.88000000000001</ele>
   </trkpt>
   <trkpt lat="50.75677" lon="5.36301">
    <ele>81.62</ele>
   </trkpt>
   <trkpt lat="50.757366670191644" lon="5.363649983705103">
    <ele>80.74000000000001</ele>
   </trkpt>
   <trkpt lat="50.75796333688087" lon="5.364289983729019">
    <ele>80.38000000000001</ele>
   </trkpt>
   <trkpt lat="50.75856" lon="5.36493">
    <ele>80.23</ele>
   </trkpt>
   <trkpt lat="50.75903000224653" lon="5.365639993007176">
    <ele>79.89</ele>
   </trkpt>
   <trkpt lat="50.7595" lon="5.366350000000001">
    <ele>79.45</ele>
   </trkpt>
   <trkpt lat="50.759885001416556" lon="5.366899995651098">
    <ele>79.05000000000001</ele>
   </trkpt>
   <trkpt lat="50.760270000000006" lon="5.367450000000001">
    <ele>79.13000000000001</ele>
   </trkpt>
   <trkpt lat="50.76034000000001" lon="5.367500000000001">
    <ele>79.24000000000001</ele>
   </trkpt>
   <trkpt lat="50.760540000000006" lon="5.367520000000001">
    <ele>79.25</ele>
   </trkpt>
   <trkpt lat="50.76091" lon="5.367590000000001">
    <ele>78.67999999999999</ele>
   </trkpt>
   <trkpt lat="50.761570000000006" lon="5.367780000000001">
    <ele>78.79</ele>
   </trkpt>
   <trkpt lat="50.76176" lon="5.367900000000001">
    <ele>79.09</ele>
   </trkpt>
   <trkpt lat="50.76234000099454" lon="5.368369994214839">
    <ele>80.02000000000001</ele>
   </trkpt>
   <trkpt lat="50.76292" lon="5.3688400000000005">
    <ele>81.27000000000001</ele>
   </trkpt>
   <trkpt lat="50.76332500106624" lon="5.369329995806834">
    <ele>82.24000000000001</ele>
   </trkpt>
   <trkpt lat="50.76373" lon="5.369820000000001">
    <ele>83.25</ele>
   </trkpt>
   <trkpt lat="50.76435000000001" lon="5.37056">
    <ele>86.29</ele>
   </trkpt>
   <trkpt lat="50.76451" lon="5.37023">
    <ele>87.02000000000001</ele>
   </trkpt>
   <trkpt lat="50.76489" lon="5.36958">
    <ele>88.45</ele>
   </trkpt>
   <trkpt lat="50.76530000238596" lon="5.368825006710131">
    <ele>91.14000000000001</ele>
   </trkpt>
   <trkpt lat="50.765710000000006" lon="5.36807">
    <ele>90.55</ele>
   </trkpt>
   <trkpt lat="50.76610000296957" lon="5.367235006984529">
    <ele>87.83</ele>
   </trkpt>
   <trkpt lat="50.766490000000005" lon="5.3664000000000005">
    <ele>84.39</ele>
   </trkpt>
   <trkpt lat="50.76679000000001" lon="5.365570000000001">
    <ele>81.19000000000001</ele>
   </trkpt>
   <trkpt lat="50.76710801849374" lon="5.364530028284122">
    <ele>80.03999999999999</ele>
   </trkpt>
   <trkpt lat="50.767426027739724" lon="5.363490042429777">
    <ele>79.34</ele>
   </trkpt>
   <trkpt lat="50.76774402773771" lon="5.362450042437022">
    <ele>79.04</ele>
   </trkpt>
   <trkpt lat="50.768062018487505" lon="5.361410028305919">
    <ele>80.4</ele>
   </trkpt>
   <trkpt lat="50.76838000000001" lon="5.3603700000000005">
    <ele>82.98</ele>
   </trkpt>
   <trkpt lat="50.768530000000005" lon="5.35998">
    <ele>83.24000000000001</ele>
   </trkpt>
   <trkpt lat="50.7687" lon="5.35968">
    <ele>83.24000000000001</ele>
   </trkpt>
   <trkpt lat="50.76933000746054" lon="5.358746691787205">
    <ele>81.21000000000001</ele>
   </trkpt>
   <trkpt lat="50.76996000747304" lon="5.357813358435859">
    <ele>76.4</ele>
   </trkpt>
   <trkpt lat="50.770590000000006" lon="5.35688">
    <ele>72.54</ele>
   </trkpt>
   <trkpt lat="50.77075000000001" lon="5.35674">
    <ele>71.98</ele>
   </trkpt>
   <trkpt lat="50.77127" lon="5.356490000000001">
    <ele>71.82000000000001</ele>
   </trkpt>
   <trkpt lat="50.771550000000005" lon="5.35623">
    <ele>72.42000000000002</ele>
   </trkpt>
   <trkpt lat="50.77168" lon="5.356120000000001">
    <ele>72.65</ele>
   </trkpt>
   <trkpt lat="50.77214000000001" lon="5.355910000000001">
    <ele>74.65</ele>
   </trkpt>
   <trkpt lat="50.77223000000001" lon="5.35585">
    <ele>74.65</ele>
   </trkpt>
   <trkpt lat="50.772420000000004" lon="5.35651">
    <ele>75.78</ele>
   </trkpt>
   <trkpt lat="50.772560000000006" lon="5.35681">
    <ele>76.29</ele>
   </trkpt>
   <trkpt lat="50.77277" lon="5.357150000000001">
    <ele>77.49</ele>
   </trkpt>
   <trkpt lat="50.77318" lon="5.3580000000000005">
    <ele>78.83000000000001</ele>
   </trkpt>
   <trkpt lat="50.773320000000005" lon="5.358350000000001">
    <ele>79.17999999999999</ele>
   </trkpt>
   <trkpt lat="50.773540000000004" lon="5.35937">
    <ele>80.82000000000001</ele>
   </trkpt>
   <trkpt lat="50.77364000000001" lon="5.36">
    <ele>81.48</ele>
   </trkpt>
   <trkpt lat="50.77369" lon="5.360740000000001">
    <ele>83.13000000000001</ele>
   </trkpt>
   <trkpt lat="50.773740000000004" lon="5.360930000000001">
    <ele>83.75</ele>
   </trkpt>
   <trkpt lat="50.77384000000001" lon="5.36115">
    <ele>84.79</ele>
   </trkpt>
   <trkpt lat="50.77441" lon="5.36219">
    <ele>90.95</ele>
   </trkpt>
   <trkpt lat="50.77479" lon="5.363130000000001">
    <ele>95.71000000000001</ele>
   </trkpt>
   <trkpt lat="50.774910000000006" lon="5.363370000000001">
    <ele>95.97000000000001</ele>
   </trkpt>
   <trkpt lat="50.775510000000004" lon="5.36422">
    <ele>95.11000000000001</ele>
   </trkpt>
   <trkpt lat="50.77568" lon="5.364380000000001">
    <ele>95.32</ele>
   </trkpt>
   <trkpt lat="50.77597" lon="5.36456">
    <ele>96.36</ele>
   </trkpt>
   <trkpt lat="50.776140000000005" lon="5.36462">
    <ele>96.5</ele>
   </trkpt>
   <trkpt lat="50.77628000000001" lon="5.3646400000000005">
    <ele>96.36</ele>
   </trkpt>
   <trkpt lat="50.77707" lon="5.3652500000000005">
    <ele>91.9</ele>
   </trkpt>
   <trkpt lat="50.777240000000006" lon="5.3654">
    <ele>89.88</ele>
   </trkpt>
   <trkpt lat="50.777420000000006" lon="5.36568">
    <ele>88.23</ele>
   </trkpt>
   <trkpt lat="50.777660000000004" lon="5.36617">
    <ele>86.89</ele>
   </trkpt>
   <trkpt lat="50.777730000000005" lon="5.366390000000001">
    <ele>86.44</ele>
   </trkpt>
   <trkpt lat="50.77779" lon="5.3667300000000004">
    <ele>86.21000000000001</ele>
   </trkpt>
   <trkpt lat="50.777820000000006" lon="5.36711">
    <ele>85.9</ele>
   </trkpt>
   <trkpt lat="50.77783" lon="5.367590000000001">
    <ele>85.98</ele>
   </trkpt>
   <trkpt lat="50.7779" lon="5.36788">
    <ele>86.19</ele>
   </trkpt>
   <trkpt lat="50.77814000000001" lon="5.3684400000000005">
    <ele>87.47</ele>
   </trkpt>
   <trkpt lat="50.77835" lon="5.368810000000001">
    <ele>88.3</ele>
   </trkpt>
   <trkpt lat="50.778470000000006" lon="5.36896">
    <ele>88.3</ele>
   </trkpt>
   <trkpt lat="50.778830000000006" lon="5.36929">
    <ele>90.73</ele>
   </trkpt>
   <trkpt lat="50.778980000000004" lon="5.369470000000001">
    <ele>91.88</ele>
   </trkpt>
   <trkpt lat="50.77915" lon="5.36976">
    <ele>93.98</ele>
   </trkpt>
   <trkpt lat="50.77964000000001" lon="5.3707400000000005">
    <ele>97.54</ele>
   </trkpt>
   <trkpt lat="50.779810000000005" lon="5.371130000000001">
    <ele>97.93</ele>
   </trkpt>
   <trkpt lat="50.779900000000005" lon="5.37136">
    <ele>97.86</ele>
   </trkpt>
   <trkpt lat="50.780080000000005" lon="5.37202">
    <ele>95.67</ele>
   </trkpt>
   <trkpt lat="50.78023" lon="5.37241">
    <ele>94.36000000000001</ele>
   </trkpt>
   <trkpt lat="50.78071000344905" lon="5.373309990736234">
    <ele>92.36000000000001</ele>
   </trkpt>
   <trkpt lat="50.78119" lon="5.374210000000001">
    <ele>90.18</ele>
   </trkpt>
   <trkpt lat="50.7815" lon="5.37467">
    <ele>89.67000000000002</ele>
   </trkpt>
   <trkpt lat="50.78184000123098" lon="5.3752049961215755">
    <ele>88.92000000000002</ele>
   </trkpt>
   <trkpt lat="50.782180000000004" lon="5.37574">
    <ele>88.3</ele>
   </trkpt>
   <trkpt lat="50.78244" lon="5.376320000000001">
    <ele>87.72</ele>
   </trkpt>
   <trkpt lat="50.782720000000005" lon="5.377260000000001">
    <ele>87.21000000000001</ele>
   </trkpt>
   <trkpt lat="50.782720000000005" lon="5.37725">
    <ele>87.22</ele>
   </trkpt>
   <trkpt lat="50.78284000000001" lon="5.377540000000001">
    <ele>87.09</ele>
   </trkpt>
   <trkpt lat="50.78329" lon="5.378450000000001">
    <ele>86.98</ele>
   </trkpt>
   <trkpt lat="50.78332" lon="5.378620000000001">
    <ele>86.84</ele>
   </trkpt>
   <trkpt lat="50.78342000000001" lon="5.37868">
    <ele>86.66</ele>
   </trkpt>
   <trkpt lat="50.78352" lon="5.37877">
    <ele>86.51</ele>
   </trkpt>
   <trkpt lat="50.7841150024786" lon="5.3795549898050545">
    <ele>84.86</ele>
   </trkpt>
   <trkpt lat="50.784710000000004" lon="5.38034">
    <ele>83.46000000000001</ele>
   </trkpt>
   <trkpt lat="50.78504" lon="5.38067">
    <ele>82.31</ele>
   </trkpt>
   <trkpt lat="50.78519000000001" lon="5.38077">
    <ele>82.31</ele>
   </trkpt>
   <trkpt lat="50.785590000000006" lon="5.38098">
    <ele>81.45</ele>
   </trkpt>
   <trkpt lat="50.78611500024497" lon="5.381229997182086">
    <ele>80.39</ele>
   </trkpt>
   <trkpt lat="50.786640000000006" lon="5.381480000000001">
    <ele>79.48</ele>
   </trkpt>
   <trkpt lat="50.78678500234119" lon="5.380740002292961">
    <ele>79.19000000000001</ele>
   </trkpt>
   <trkpt lat="50.786930000000005" lon="5.380000000000001">
    <ele>79.73</ele>
   </trkpt>
   <trkpt lat="50.787020000000005" lon="5.3796800000000005">
    <ele>79.82000000000001</ele>
   </trkpt>
   <trkpt lat="50.7871" lon="5.37954">
    <ele>79.97000000000001</ele>
   </trkpt>
   <trkpt lat="50.787412513934605" lon="5.378497520913266">
    <ele>80.58000000000001</ele>
   </trkpt>
   <trkpt lat="50.787725018578136" lon="5.377455027889216">
    <ele>81.83</ele>
   </trkpt>
   <trkpt lat="50.78803751393042" lon="5.376412520927923">
    <ele>83.32000000000001</ele>
   </trkpt>
   <trkpt lat="50.78835" lon="5.37537">
    <ele>84.69</ele>
   </trkpt>
   <trkpt lat="50.78868000760844" lon="5.374426679982558">
    <ele>86.28</ele>
   </trkpt>
   <trkpt lat="50.78901000760932" lon="5.373483346646882">
    <ele>87.79</ele>
   </trkpt>
   <trkpt lat="50.78934" lon="5.372540000000001">
    <ele>89.96000000000001</ele>
   </trkpt>
   <trkpt lat="50.78957000441992" lon="5.371525004922481">
    <ele>89.86000000000001</ele>
   </trkpt>
   <trkpt lat="50.78980000000001" lon="5.37051">
    <ele>89.27</ele>
   </trkpt>
   <trkpt lat="50.79001" lon="5.36941">
    <ele>89.19</ele>
   </trkpt>
   <trkpt lat="50.790040000000005" lon="5.369160000000001">
    <ele>89.28000000000002</ele>
   </trkpt>
   <trkpt lat="50.79043" lon="5.36835">
    <ele>88.82000000000001</ele>
   </trkpt>
   <trkpt lat="50.790620000000004" lon="5.368040000000001">
    <ele>88.86000000000001</ele>
   </trkpt>
   <trkpt lat="50.79073" lon="5.36777">
    <ele>88.86000000000001</ele>
   </trkpt>
   <trkpt lat="50.79113" lon="5.36699">
    <ele>89.57000000000001</ele>
   </trkpt>
   <trkpt lat="50.79137000000001" lon="5.366440000000001">
    <ele>89.54</ele>
   </trkpt>
   <trkpt lat="50.79158" lon="5.36587">
    <ele>88.82000000000001</ele>
   </trkpt>
   <trkpt lat="50.79173" lon="5.365270000000001">
    <ele>88.99000000000001</ele>
   </trkpt>
   <trkpt lat="50.79177000000001" lon="5.36519">
    <ele>89.02</ele>
   </trkpt>
   <trkpt lat="50.79234" lon="5.36462">
    <ele>89.55</ele>
   </trkpt>
   <trkpt lat="50.792320000000004" lon="5.36423">
    <ele>90.00000000000001</ele>
   </trkpt>
   <trkpt lat="50.79233000000001" lon="5.363810000000001">
    <ele>90.50000000000001</ele>
   </trkpt>
   <trkpt lat="50.7924" lon="5.36359">
    <ele>90.94000000000001</ele>
   </trkpt>
   <trkpt lat="50.792460000000005" lon="5.36347">
    <ele>91.50000000000001</ele>
   </trkpt>
   <trkpt lat="50.792530000000006" lon="5.363390000000001">
    <ele>91.50000000000001</ele>
   </trkpt>
   <trkpt lat="50.79287" lon="5.363110000000001">
    <ele>93.32000000000001</ele>
   </trkpt>
   <trkpt lat="50.793580000000006" lon="5.36258">
    <ele>97.98</ele>
   </trkpt>
   <trkpt lat="50.793980000000005" lon="5.362360000000001">
    <ele>100.13000000000001</ele>
   </trkpt>
   <trkpt lat="50.794200000000004" lon="5.362220000000001">
    <ele>101.14</ele>
   </trkpt>
   <trkpt lat="50.79431" lon="5.36209">
    <ele>102.75</ele>
   </trkpt>
   <trkpt lat="50.794810000000005" lon="5.36134">
    <ele>105.82000000000001</ele>
   </trkpt>
   <trkpt lat="50.79482" lon="5.36132">
    <ele>105.86000000000001</ele>
   </trkpt>
   <trkpt lat="50.794970000000006" lon="5.361070000000001">
    <ele>105.86000000000001</ele>
   </trkpt>
   <trkpt lat="50.795460000000006" lon="5.35993">
    <ele>111.59</ele>
   </trkpt>
   <trkpt lat="50.79556" lon="5.359730000000001">
    <ele>112.16000000000001</ele>
   </trkpt>
   <trkpt lat="50.795770000000005" lon="5.359540000000001">
    <ele>112.76</ele>
   </trkpt>
   <trkpt lat="50.79596" lon="5.359430000000001">
    <ele>112.80000000000001</ele>
   </trkpt>
   <trkpt lat="50.79616000000001" lon="5.35927">
    <ele>112.39</ele>
   </trkpt>
   <trkpt lat="50.796380000000006" lon="5.35888">
    <ele>112.13000000000001</ele>
   </trkpt>
   <trkpt lat="50.79668500167608" lon="5.358265003893784">
    <ele>112.99000000000001</ele>
   </trkpt>
   <trkpt lat="50.79699" lon="5.3576500000000005">
    <ele>114.66000000000001</ele>
   </trkpt>
   <trkpt lat="50.79749000209344" lon="5.356950007490624">
    <ele>117.20000000000002</ele>
   </trkpt>
   <trkpt lat="50.797990000000006" lon="5.35625">
    <ele>118.62</ele>
   </trkpt>
   <trkpt lat="50.798120000000004" lon="5.35611">
    <ele>118.61</ele>
   </trkpt>
   <trkpt lat="50.79824000000001" lon="5.35611">
    <ele>118.65</ele>
   </trkpt>
   <trkpt lat="50.79842000000001" lon="5.35615">
    <ele>118.59000000000002</ele>
   </trkpt>
   <trkpt lat="50.79849" lon="5.3562">
    <ele>118.31000000000002</ele>
   </trkpt>
   <trkpt lat="50.79918000000001" lon="5.357">
    <ele>118.19</ele>
   </trkpt>
   <trkpt lat="50.7993" lon="5.357060000000001">
    <ele>118.19</ele>
   </trkpt>
   <trkpt lat="50.79952" lon="5.357130000000001">
    <ele>118.75</ele>
   </trkpt>
   <trkpt lat="50.79965000000001" lon="5.35724">
    <ele>118.75</ele>
   </trkpt>
   <trkpt lat="50.799780000000005" lon="5.3569">
    <ele>118.61</ele>
   </trkpt>
   <trkpt lat="50.80055" lon="5.35735">
    <ele>118.73000000000002</ele>
   </trkpt>
   <trkpt lat="50.801278002724956" lon="5.357749975066317">
    <ele>118.26</ele>
   </trkpt>
   <trkpt lat="50.80200600408231" lon="5.358149962595927">
    <ele>117.85000000000001</ele>
   </trkpt>
   <trkpt lat="50.802734004071965" lon="5.3585499625895165">
    <ele>117.31</ele>
   </trkpt>
   <trkpt lat="50.80346200269389" lon="5.358949975047778">
    <ele>117.09000000000002</ele>
   </trkpt>
   <trkpt lat="50.804190000000006" lon="5.35935">
    <ele>116.13000000000001</ele>
   </trkpt>
   <trkpt lat="50.80433000000001" lon="5.359450000000001">
    <ele>115.96000000000001</ele>
   </trkpt>
   <trkpt lat="50.804480000000005" lon="5.35972">
    <ele>115.57000000000001</ele>
   </trkpt>
   <trkpt lat="50.80482333933786" lon="5.360556654420713">
    <ele>114.64</ele>
   </trkpt>
   <trkpt lat="50.80516667269204" lon="5.361393321138007">
    <ele>112.32000000000001</ele>
   </trkpt>
   <trkpt lat="50.805510000000005" lon="5.36223">
    <ele>111.15</ele>
   </trkpt>
   <trkpt lat="50.80576000000001" lon="5.36315">
    <ele>109.53</ele>
   </trkpt>
   <trkpt lat="50.805800000000005" lon="5.36319">
    <ele>109.53</ele>
   </trkpt>
   <trkpt lat="50.80624" lon="5.36324">
    <ele>109.06</ele>
   </trkpt>
   <trkpt lat="50.806430000000006" lon="5.36324">
    <ele>109.12</ele>
   </trkpt>
   <trkpt lat="50.80659000000001" lon="5.3632100000000005">
    <ele>109.39000000000001</ele>
   </trkpt>
   <trkpt lat="50.80722" lon="5.362920000000001">
    <ele>110.64</ele>
   </trkpt>
   <trkpt lat="50.8074" lon="5.36282">
    <ele>111.24000000000001</ele>
   </trkpt>
   <trkpt lat="50.80782000000001" lon="5.36249">
    <ele>111.81</ele>
   </trkpt>
   <trkpt lat="50.80828000102325" lon="5.362025004478583">
    <ele>112.02000000000001</ele>
   </trkpt>
   <trkpt lat="50.80874000000001" lon="5.361560000000001">
    <ele>111.43</ele>
   </trkpt>
   <trkpt lat="50.808930000000004" lon="5.36148">
    <ele>111.43</ele>
   </trkpt>
   <trkpt lat="50.80962" lon="5.361400000000001">
    <ele>110.74000000000001</ele>
   </trkpt>
   <trkpt lat="50.80977000000001" lon="5.36132">
    <ele>110.84</ele>
   </trkpt>
   <trkpt lat="50.80989" lon="5.361190000000001">
    <ele>110.69000000000001</ele>
   </trkpt>
   <trkpt lat="50.81062000000001" lon="5.361910000000001">
    <ele>109.46000000000001</ele>
   </trkpt>
   <trkpt lat="50.810880000000004" lon="5.36221">
    <ele>108.38</ele>
   </trkpt>
   <trkpt lat="50.811110000000006" lon="5.36251">
    <ele>108.38</ele>
   </trkpt>
   <trkpt lat="50.811310000000006" lon="5.3628100000000005">
    <ele>107.84</ele>
   </trkpt>
   <trkpt lat="50.81156000000001" lon="5.363250000000001">
    <ele>107.12</ele>
   </trkpt>
   <trkpt lat="50.81193500232936" lon="5.363994993933993">
    <ele>105.98</ele>
   </trkpt>
   <trkpt lat="50.812310000000004" lon="5.36474">
    <ele>105.62</ele>
   </trkpt>
   <trkpt lat="50.81257" lon="5.365200000000001">
    <ele>105.36000000000001</ele>
   </trkpt>
   <trkpt lat="50.81299500160393" lon="5.365804994551392">
    <ele>104.81000000000002</ele>
   </trkpt>
   <trkpt lat="50.81342" lon="5.36641">
    <ele>104.61</ele>
   </trkpt>
   <trkpt lat="50.813570000000006" lon="5.366580000000001">
    <ele>104.61</ele>
   </trkpt>
   <trkpt lat="50.813880000000005" lon="5.366790000000001">
    <ele>104.07000000000001</ele>
   </trkpt>
   <trkpt lat="50.814170000000004" lon="5.36688">
    <ele>103.9</ele>
   </trkpt>
   <trkpt lat="50.814660000102265" lon="5.366989998857293">
    <ele>103.62</ele>
   </trkpt>
   <trkpt lat="50.81515" lon="5.367100000000001">
    <ele>103.86</ele>
   </trkpt>
   <trkpt lat="50.815560000000005" lon="5.3671500000000005">
    <ele>104.14000000000001</ele>
   </trkpt>
   <trkpt lat="50.815580000000004" lon="5.366960000000001">
    <ele>104.37</ele>
   </trkpt>
   <trkpt lat="50.81559000000001" lon="5.36674">
    <ele>104.37</ele>
   </trkpt>
   <trkpt lat="50.815690000000004" lon="5.36653">
    <ele>104.41</ele>
   </trkpt>
   <trkpt lat="50.8158" lon="5.366390000000001">
    <ele>104.41</ele>
   </trkpt>
   <trkpt lat="50.816570000000006" lon="5.365740000000001">
    <ele>104.09</ele>
   </trkpt>
   <trkpt lat="50.81682000000001" lon="5.3655800000000005">
    <ele>103.41</ele>
   </trkpt>
   <trkpt lat="50.81707" lon="5.365480000000001">
    <ele>101.72</ele>
   </trkpt>
   <trkpt lat="50.817310000000006" lon="5.36542">
    <ele>101.19</ele>
   </trkpt>
   <trkpt lat="50.81768" lon="5.36538">
    <ele>100.18</ele>
   </trkpt>
   <trkpt lat="50.81777" lon="5.36561">
    <ele>100.75</ele>
   </trkpt>
   <trkpt lat="50.818220000000004" lon="5.366420000000001">
    <ele>102.70000000000002</ele>
   </trkpt>
   <trkpt lat="50.81828" lon="5.366560000000001">
    <ele>103.13000000000001</ele>
   </trkpt>
   <trkpt lat="50.81833" lon="5.367000000000001">
    <ele>104.53000000000002</ele>
   </trkpt>
   <trkpt lat="50.8186" lon="5.3675500000000005">
    <ele>104.9</ele>
   </trkpt>
   <trkpt lat="50.818840003261755" lon="5.368424995465668">
    <ele>105.11000000000001</ele>
   </trkpt>
   <trkpt lat="50.81908000000001" lon="5.369300000000001">
    <ele>105.51</ele>
   </trkpt>
   <trkpt lat="50.819210000000005" lon="5.369870000000001">
    <ele>105.66</ele>
   </trkpt>
   <trkpt lat="50.8192" lon="5.36986">
    <ele>105.66</ele>
   </trkpt>
   <trkpt lat="50.819395003986365" lon="5.370829995776921">
    <ele>105.94</ele>
   </trkpt>
   <trkpt lat="50.819590000000005" lon="5.3718">
    <ele>106.02</ele>
   </trkpt>
   <trkpt lat="50.81976" lon="5.37258">
    <ele>105.83</ele>
   </trkpt>
   <trkpt lat="50.819750000000006" lon="5.3725700000000005">
    <ele>105.83</ele>
   </trkpt>
   <trkpt lat="50.81994" lon="5.373410000000001">
    <ele>105.66</ele>
   </trkpt>
   <trkpt lat="50.820080000000004" lon="5.373460000000001">
    <ele>104.70000000000002</ele>
   </trkpt>
   <trkpt lat="50.82058500077445" lon="5.373859995745884">
    <ele>103.0</ele>
   </trkpt>
   <trkpt lat="50.821090000000005" lon="5.3742600000000005">
    <ele>102.64</ele>
   </trkpt>
   <trkpt lat="50.821200000000005" lon="5.374370000000001">
    <ele>102.69</ele>
   </trkpt>
   <trkpt lat="50.821490000000004" lon="5.37474">
    <ele>103.02000000000001</ele>
   </trkpt>
   <trkpt lat="50.82168" lon="5.37507">
    <ele>103.02000000000001</ele>
   </trkpt>
   <trkpt lat="50.822190000000006" lon="5.37621">
    <ele>102.94</ele>
   </trkpt>
   <trkpt lat="50.82273000000001" lon="5.37734">
    <ele>100.62000000000002</ele>
   </trkpt>
   <trkpt lat="50.82283" lon="5.377470000000001">
    <ele>99.95</ele>
   </trkpt>
   <trkpt lat="50.82355667010498" lon="5.378099980429691">
    <ele>98.62</ele>
   </trkpt>
   <trkpt lat="50.82428333681777" lon="5.378729980469283">
    <ele>95.76</ele>
   </trkpt>
   <trkpt lat="50.825010000000006" lon="5.37936">
    <ele>94.86000000000001</ele>
   </trkpt>
   <trkpt lat="50.825390000000006" lon="5.37973">
    <ele>94.05000000000001</ele>
   </trkpt>
   <trkpt lat="50.82580000401998" lon="5.380699991479365">
    <ele>94.12</ele>
   </trkpt>
   <trkpt lat="50.82621" lon="5.381670000000001">
    <ele>94.85000000000001</ele>
   </trkpt>
   <trkpt lat="50.82652000452485" lon="5.382694993309886">
    <ele>95.62</ele>
   </trkpt>
   <trkpt lat="50.82683" lon="5.38372">
    <ele>95.10000000000001</ele>
   </trkpt>
   <trkpt lat="50.82752500186762" lon="5.383065009719038">
    <ele>89.66</ele>
   </trkpt>
   <trkpt lat="50.82822" lon="5.38241">
    <ele>83.14</ele>
   </trkpt>
   <trkpt lat="50.828907505466006" lon="5.381757528821895">
    <ele>78.1</ele>
   </trkpt>
   <trkpt lat="50.82959500729343" lon="5.381105038424786">
    <ele>74.91</ele>
   </trkpt>
   <trkpt lat="50.8302825054821" lon="5.380452528807736">
    <ele>73.46000000000001</ele>
   </trkpt>
   <trkpt lat="50.83097" lon="5.3798">
    <ele>72.61</ele>
   </trkpt>
   <trkpt lat="50.83168750596141" lon="5.379117531483369">
    <ele>71.8</ele>
   </trkpt>
   <trkpt lat="50.832405007942086" lon="5.3784350419848375">
    <ele>70.07000000000001</ele>
   </trkpt>
   <trkpt lat="50.83312250594176" lon="5.377752531503344">
    <ele>69.06</ele>
   </trkpt>
   <trkpt lat="50.83384" lon="5.377070000000001">
    <ele>68.5</ele>
   </trkpt>
   <trkpt lat="50.83397" lon="5.377020000000001">
    <ele>68.34</ele>
   </trkpt>
   <trkpt lat="50.834596666678884" lon="5.376933335667896">
    <ele>68.47</ele>
   </trkpt>
   <trkpt lat="50.83522333329357" lon="5.376846669008456">
    <ele>68.44</ele>
   </trkpt>
   <trkpt lat="50.83585" lon="5.376760000000001">
    <ele>68.53</ele>
   </trkpt>
   <trkpt lat="50.83603" lon="5.37668">
    <ele>68.46000000000001</ele>
   </trkpt>
   <trkpt lat="50.836573335116434" lon="5.376233343669746">
    <ele>68.75</ele>
   </trkpt>
   <trkpt lat="50.83711666852787" lon="5.3757866769390334">
    <ele>68.81</ele>
   </trkpt>
   <trkpt lat="50.83766000000001" lon="5.3753400000000005">
    <ele>69.04</ele>
   </trkpt>
   <trkpt lat="50.83775000000001" lon="5.375240000000001">
    <ele>69.08</ele>
   </trkpt>
   <trkpt lat="50.83784000000001" lon="5.37532">
    <ele>68.85000000000001</ele>
   </trkpt>
   <trkpt lat="50.838350000000005" lon="5.375520000000001">
    <ele>68.06</ele>
   </trkpt>
   <trkpt lat="50.83896000022131" lon="5.375666662841197">
    <ele>67.9</ele>
   </trkpt>
   <trkpt lat="50.839570000258774" lon="5.37581332951681">
    <ele>68.03</ele>
   </trkpt>
   <trkpt lat="50.840180000000004" lon="5.37596">
    <ele>68.13000000000001</ele>
   </trkpt>
   <trkpt lat="50.84084000000001" lon="5.37605">
    <ele>68.13000000000001</ele>
   </trkpt>
   <trkpt lat="50.841150000000006" lon="5.37605">
    <ele>68.05</ele>
   </trkpt>
   <trkpt lat="50.84141" lon="5.376">
    <ele>67.81</ele>
   </trkpt>
   <trkpt lat="50.84183" lon="5.37589">
    <ele>67.66000000000001</ele>
   </trkpt>
   <trkpt lat="50.84235000010611" lon="5.375720001900285">
    <ele>67.29</ele>
   </trkpt>
   <trkpt lat="50.842870000000005" lon="5.3755500000000005">
    <ele>67.28</ele>
   </trkpt>
   <trkpt lat="50.843" lon="5.37553">
    <ele>67.38000000000001</ele>
   </trkpt>
   <trkpt lat="50.84286" lon="5.3755500000000005">
    <ele>67.27000000000001</ele>
   </trkpt>
   <trkpt lat="50.84263000000001" lon="5.3756200000000005">
    <ele>67.24000000000001</ele>
   </trkpt>
   <trkpt lat="50.842870000000005" lon="5.3755500000000005">
    <ele>67.28</ele>
   </trkpt>
   <trkpt lat="50.843" lon="5.375520000000001">
    <ele>67.39</ele>
   </trkpt>
   <trkpt lat="50.84313" lon="5.37558">
    <ele>67.22</ele>
   </trkpt>
   <trkpt lat="50.843920000000004" lon="5.3760900000000005">
    <ele>66.43</ele>
   </trkpt>
   <trkpt lat="50.84438" lon="5.3764400000000006">
    <ele>65.9</ele>
   </trkpt>
   <trkpt lat="50.84474" lon="5.376690000000001">
    <ele>65.83</ele>
   </trkpt>
   <trkpt lat="50.84489000000001" lon="5.37675">
    <ele>65.88000000000001</ele>
   </trkpt>
   <trkpt lat="50.84512" lon="5.37619">
    <ele>65.14</ele>
   </trkpt>
   <trkpt lat="50.84534000180188" lon="5.3755500028674605">
    <ele>64.74000000000001</ele>
   </trkpt>
   <trkpt lat="50.845560000000006" lon="5.374910000000001">
    <ele>64.13000000000001</ele>
   </trkpt>
   <trkpt lat="50.845690000000005" lon="5.374680000000001">
    <ele>64.13000000000001</ele>
   </trkpt>
   <trkpt lat="50.84577" lon="5.37457">
    <ele>63.95</ele>
   </trkpt>
   <trkpt lat="50.84584" lon="5.37452">
    <ele>63.95</ele>
   </trkpt>
   <trkpt lat="50.84595" lon="5.374490000000001">
    <ele>63.95</ele>
   </trkpt>
   <trkpt lat="50.846360000000004" lon="5.3746100000000006">
    <ele>63.480000000000004</ele>
   </trkpt>
   <trkpt lat="50.8472" lon="5.37474">
    <ele>62.410000000000004</ele>
   </trkpt>
   <trkpt lat="50.84745" lon="5.374750000000001">
    <ele>62.410000000000004</ele>
   </trkpt>
   <trkpt lat="50.847710000000006" lon="5.37471">
    <ele>62.09</ele>
   </trkpt>
   <trkpt lat="50.848310000000005" lon="5.37453">
    <ele>61.900000000000006</ele>
   </trkpt>
   <trkpt lat="50.848670000000006" lon="5.374350000000001">
    <ele>62.220000000000006</ele>
   </trkpt>
   <trkpt lat="50.84872000000001" lon="5.37431">
    <ele>62.220000000000006</ele>
   </trkpt>
   <trkpt lat="50.848760000000006" lon="5.37424">
    <ele>62.37</ele>
   </trkpt>
   <trkpt lat="50.84883000000001" lon="5.37405">
    <ele>62.37</ele>
   </trkpt>
   <trkpt lat="50.84895" lon="5.37415">
    <ele>62.480000000000004</ele>
   </trkpt>
   <trkpt lat="50.84901000000001" lon="5.3740000000000006">
    <ele>62.35</ele>
   </trkpt>
   <trkpt lat="50.84917" lon="5.37392">
    <ele>62.39000000000001</ele>
   </trkpt>
   <trkpt lat="50.849320000000006" lon="5.3733900000000006">
    <ele>62.620000000000005</ele>
   </trkpt>
   <trkpt lat="50.84939000000001" lon="5.37333">
    <ele>62.620000000000005</ele>
   </trkpt>
   <trkpt lat="50.84973000264432" lon="5.37254000580991">
    <ele>63.35</ele>
   </trkpt>
   <trkpt lat="50.85007" lon="5.3717500000000005">
    <ele>64.30000000000001</ele>
   </trkpt>
   <trkpt lat="50.850330004312326" lon="5.3707500054213595">
    <ele>65.02000000000001</ele>
   </trkpt>
   <trkpt lat="50.850590000000004" lon="5.369750000000001">
    <ele>65.72</ele>
   </trkpt>
   <trkpt lat="50.85063" lon="5.369610000000001">
    <ele>65.77000000000001</ele>
   </trkpt>
   <trkpt lat="50.85076" lon="5.369260000000001">
    <ele>65.88000000000001</ele>
   </trkpt>
   <trkpt lat="50.85092" lon="5.36897">
    <ele>65.86</ele>
   </trkpt>
   <trkpt lat="50.85123" lon="5.368600000000001">
    <ele>65.69000000000001</ele>
   </trkpt>
   <trkpt lat="50.851600000000005" lon="5.368390000000001">
    <ele>65.64</ele>
   </trkpt>
   <trkpt lat="50.851710000000004" lon="5.368410000000001">
    <ele>65.64</ele>
   </trkpt>
   <trkpt lat="50.85190000000001" lon="5.36836">
    <ele>65.55000000000001</ele>
   </trkpt>
   <trkpt lat="50.85204" lon="5.368270000000001">
    <ele>65.55000000000001</ele>
   </trkpt>
   <trkpt lat="50.852160000000005" lon="5.36814">
    <ele>65.61</ele>
   </trkpt>
   <trkpt lat="50.85229" lon="5.367940000000001">
    <ele>65.77000000000001</ele>
   </trkpt>
   <trkpt lat="50.8524" lon="5.367710000000001">
    <ele>65.81</ele>
   </trkpt>
   <trkpt lat="50.85248000000001" lon="5.367660000000001">
    <ele>65.77000000000001</ele>
   </trkpt>
   <trkpt lat="50.852650000000004" lon="5.36767">
    <ele>65.5</ele>
   </trkpt>
   <trkpt lat="50.85275000000001" lon="5.367640000000001">
    <ele>65.5</ele>
   </trkpt>
   <trkpt lat="50.852810000000005" lon="5.3675500000000005">
    <ele>64.96000000000001</ele>
   </trkpt>
   <trkpt lat="50.85352000024206" lon="5.3673350032594325">
    <ele>64.25</ele>
   </trkpt>
   <trkpt lat="50.85423" lon="5.367120000000001">
    <ele>63.94000000000001</ele>
   </trkpt>
   <trkpt lat="50.85457" lon="5.36688">
    <ele>63.94000000000001</ele>
   </trkpt>
   <trkpt lat="50.8552" lon="5.3662">
    <ele>63.67</ele>
   </trkpt>
   <trkpt lat="50.855500000000006" lon="5.36587">
    <ele>63.29</ele>
   </trkpt>
   <trkpt lat="50.855760000000004" lon="5.3656500000000005">
    <ele>62.97000000000001</ele>
   </trkpt>
   <trkpt lat="50.856200000350626" lon="5.365345002910084">
    <ele>62.800000000000004</ele>
   </trkpt>
   <trkpt lat="50.856640000000006" lon="5.3650400000000005">
    <ele>62.31</ele>
   </trkpt>
   <trkpt lat="50.85736667035265" lon="5.364386686992963">
    <ele>62.160000000000004</ele>
   </trkpt>
   <trkpt lat="50.85809333705806" lon="5.363733353625202">
    <ele>61.69</ele>
   </trkpt>
   <trkpt lat="50.85882" lon="5.36308">
    <ele>61.13</ele>
   </trkpt>
   <trkpt lat="50.859190000000005" lon="5.3626700000000005">
    <ele>60.4</ele>
   </trkpt>
   <trkpt lat="50.859840000000005" lon="5.361770000000001">
    <ele>59.580000000000005</ele>
   </trkpt>
   <trkpt lat="50.86009000000001" lon="5.3615">
    <ele>59.230000000000004</ele>
   </trkpt>
   <trkpt lat="50.86055500036748" lon="5.361215002829604">
    <ele>58.510000000000005</ele>
   </trkpt>
   <trkpt lat="50.86102" lon="5.360930000000001">
    <ele>58.04</ele>
   </trkpt>
   <trkpt lat="50.86094000000001" lon="5.360200000000001">
    <ele>56.410000000000004</ele>
   </trkpt>
   <trkpt lat="50.86094000000001" lon="5.36021">
    <ele>56.410000000000004</ele>
   </trkpt>
   <trkpt lat="50.86086" lon="5.359570000000001">
    <ele>55.74</ele>
   </trkpt>
   <trkpt lat="50.860730000000004" lon="5.359100000000001">
    <ele>55.43000000000001</ele>
   </trkpt>
   <trkpt lat="50.860730000000004" lon="5.35873">
    <ele>55.1</ele>
   </trkpt>
   <trkpt lat="50.86088000269366" lon="5.357935002592249">
    <ele>54.45</ele>
   </trkpt>
   <trkpt lat="50.86103000000001" lon="5.35714">
    <ele>54.31</ele>
   </trkpt>
   <trkpt lat="50.86110000000001" lon="5.35693">
    <ele>54.3</ele>
   </trkpt>
   <trkpt lat="50.861270000000005" lon="5.35658">
    <ele>54.31</ele>
   </trkpt>
   <trkpt lat="50.86142" lon="5.3562">
    <ele>54.24</ele>
   </trkpt>
   <trkpt lat="50.86178" lon="5.355460000000001">
    <ele>54.64</ele>
   </trkpt>
   <trkpt lat="50.861810000000006" lon="5.35533">
    <ele>54.64</ele>
   </trkpt>
   <trkpt lat="50.861830000000005" lon="5.35505">
    <ele>54.510000000000005</ele>
   </trkpt>
   <trkpt lat="50.86182" lon="5.35479">
    <ele>54.470000000000006</ele>
   </trkpt>
   <trkpt lat="50.862210000000005" lon="5.354590000000001">
    <ele>54.67</ele>
   </trkpt>
   <trkpt lat="50.862350000000006" lon="5.354550000000001">
    <ele>54.760000000000005</ele>
   </trkpt>
   <trkpt lat="50.86252" lon="5.35454">
    <ele>55.02</ele>
   </trkpt>
   <trkpt lat="50.86272" lon="5.354570000000001">
    <ele>55.02</ele>
   </trkpt>
   <trkpt lat="50.863490000000006" lon="5.35489">
    <ele>55.92</ele>
   </trkpt>
   <trkpt lat="50.863850000000006" lon="5.355020000000001">
    <ele>56.13</ele>
   </trkpt>
   <trkpt lat="50.86394000000001" lon="5.355020000000001">
    <ele>56.71</ele>
   </trkpt>
   <trkpt lat="50.86413" lon="5.354970000000001">
    <ele>56.81</ele>
   </trkpt>
   <trkpt lat="50.86430000000001" lon="5.3548800000000005">
    <ele>56.85</ele>
   </trkpt>
   <trkpt lat="50.86506750414632" lon="5.354310028164293">
    <ele>55.63</ele>
   </trkpt>
   <trkpt lat="50.86583500551672" lon="5.353740037561863">
    <ele>53.93000000000001</ele>
   </trkpt>
   <trkpt lat="50.86660250411108" lon="5.353170028191647">
    <ele>52.46000000000001</ele>
   </trkpt>
   <trkpt lat="50.86737" lon="5.352600000000001">
    <ele>51.5</ele>
   </trkpt>
   <trkpt lat="50.867450000000005" lon="5.35249">
    <ele>51.31</ele>
   </trkpt>
   <trkpt lat="50.86750000000001" lon="5.3524">
    <ele>51.31</ele>
   </trkpt>
   <trkpt lat="50.867540000000005" lon="5.35221">
    <ele>51.31</ele>
   </trkpt>
   <trkpt lat="50.86753" lon="5.351990000000001">
    <ele>50.72</ele>
   </trkpt>
   <trkpt lat="50.86719" lon="5.350720000000001">
    <ele>50.300000000000004</ele>
   </trkpt>
   <trkpt lat="50.867810000554975" lon="5.350450007211598">
    <ele>49.24</ele>
   </trkpt>
   <trkpt lat="50.86843000048709" lon="5.350180007241281">
    <ele>48.910000000000004</ele>
   </trkpt>
   <trkpt lat="50.86905" lon="5.34991">
    <ele>48.82</ele>
   </trkpt>
   <trkpt lat="50.86970000017781" lon="5.34975000221427">
    <ele>48.46</ele>
   </trkpt>
   <trkpt lat="50.87035" lon="5.34959">
    <ele>48.150000000000006</ele>
   </trkpt>
   <trkpt lat="50.87091" lon="5.34942">
    <ele>48.35</ele>
   </trkpt>
   <trkpt lat="50.871673333991176" lon="5.34914000917556">
    <ele>48.07</ele>
   </trkpt>
   <trkpt lat="50.87243666731252" lon="5.348860009180142">
    <ele>47.78</ele>
   </trkpt>
   <trkpt lat="50.873200000000004" lon="5.34858">
    <ele>47.2</ele>
   </trkpt>
   <trkpt lat="50.87366000009416" lon="5.348400001793886">
    <ele>46.7</ele>
   </trkpt>
   <trkpt lat="50.874120000000005" lon="5.34822">
    <ele>46.42</ele>
   </trkpt>
   <trkpt lat="50.87483" lon="5.347740000000001">
    <ele>46.42</ele>
   </trkpt>
   <trkpt lat="50.87532000048083" lon="5.347400003583816">
    <ele>46.3</ele>
   </trkpt>
   <trkpt lat="50.87581" lon="5.347060000000001">
    <ele>46.21</ele>
   </trkpt>
   <trkpt lat="50.87659500171628" lon="5.34642001080796">
    <ele>46.02</ele>
   </trkpt>
   <trkpt lat="50.87738" lon="5.34578">
    <ele>45.50000000000001</ele>
   </trkpt>
   <trkpt lat="50.87754" lon="5.34569">
    <ele>45.33</ele>
   </trkpt>
   <trkpt lat="50.878080000000004" lon="5.345440000000001">
    <ele>44.74</ele>
   </trkpt>
   <trkpt lat="50.878240000000005" lon="5.345420000000001">
    <ele>44.4</ele>
   </trkpt>
   <trkpt lat="50.879070000000006" lon="5.34541">
    <ele>42.620000000000005</ele>
   </trkpt>
   <trkpt lat="50.87948" lon="5.345420000000001">
    <ele>42.03</ele>
   </trkpt>
   <trkpt lat="50.87946" lon="5.345420000000001">
    <ele>42.050000000000004</ele>
   </trkpt>
   <trkpt lat="50.880065000136554" lon="5.345449999617063">
    <ele>40.980000000000004</ele>
   </trkpt>
   <trkpt lat="50.88067" lon="5.34548">
    <ele>40.99</ele>
   </trkpt>
   <trkpt lat="50.88062667718918" lon="5.344369997836712">
    <ele>40.93</ele>
   </trkpt>
   <trkpt lat="50.88058334385199" lon="5.343259997737768">
    <ele>40.830000000000005</ele>
   </trkpt>
   <trkpt lat="50.88054" lon="5.34215">
    <ele>40.900000000000006</ele>
   </trkpt>
   <trkpt lat="50.880490003883246" lon="5.341194998733281">
    <ele>40.730000000000004</ele>
   </trkpt>
   <trkpt lat="50.88044000000001" lon="5.3402400000000005">
    <ele>41.02</ele>
   </trkpt>
   <trkpt lat="50.88043000237135" lon="5.339494999871941">
    <ele>41.25</ele>
   </trkpt>
   <trkpt lat="50.88042" lon="5.33875">
    <ele>41.45</ele>
   </trkpt>
   <trkpt lat="50.8803500084282" lon="5.3373449978032355">
    <ele>42.07</ele>
   </trkpt>
   <trkpt lat="50.880280000000006" lon="5.335940000000001">
    <ele>42.120000000000005</ele>
   </trkpt>
   <trkpt lat="50.88021001931138" lon="5.33471249450251">
    <ele>41.77</ele>
   </trkpt>
   <trkpt lat="50.880140025749746" lon="5.333484992692443">
    <ele>41.800000000000004</ele>
   </trkpt>
   <trkpt lat="50.88007001931523" lon="5.332257494570461">
    <ele>41.75</ele>
   </trkpt>
   <trkpt lat="50.88" lon="5.33103">
    <ele>41.940000000000005</ele>
   </trkpt>
   <trkpt lat="50.87994000854575" lon="5.330029997462469">
    <ele>41.260000000000005</ele>
   </trkpt>
   <trkpt lat="50.87988000854801" lon="5.329029997500069">
    <ele>41.1</ele>
   </trkpt>
   <trkpt lat="50.87982" lon="5.32803">
    <ele>40.79</ele>
   </trkpt>
   <trkpt lat="50.88056000045591" lon="5.3282466598007465">
    <ele>39.089999999999996</ele>
   </trkpt>
   <trkpt lat="50.88130000051077" lon="5.32846332648334">
    <ele>38.650000000000006</ele>
   </trkpt>
   <trkpt lat="50.88204" lon="5.32868">
    <ele>38.7</ele>
   </trkpt>
   <trkpt lat="50.882380000000005" lon="5.328810000000001">
    <ele>39.0</ele>
   </trkpt>
   <trkpt lat="50.88252000000001" lon="5.328900000000001">
    <ele>39.11000000000001</ele>
   </trkpt>
   <trkpt lat="50.88279334321126" lon="5.327823346066621">
    <ele>38.44</ele>
   </trkpt>
   <trkpt lat="50.88306667651917" lon="5.3267466795003875">
    <ele>37.970000000000006</ele>
   </trkpt>
   <trkpt lat="50.883340000000004" lon="5.325670000000001">
    <ele>37.32000000000001</ele>
   </trkpt>
   <trkpt lat="50.88371" lon="5.32458">
    <ele>36.78</ele>
   </trkpt>
   <trkpt lat="50.883960002114954" lon="5.323895003372639">
    <ele>36.59</ele>
   </trkpt>
   <trkpt lat="50.88421" lon="5.32321">
    <ele>35.910000000000004</ele>
   </trkpt>
   <trkpt lat="50.884350000000005" lon="5.32272">
    <ele>35.910000000000004</ele>
   </trkpt>
   <trkpt lat="50.88460334273744" lon="5.3216700114801885">
    <ele>35.050000000000004</ele>
   </trkpt>
   <trkpt lat="50.88485667605613" lon="5.320620011541121">
    <ele>34.190000000000005</ele>
   </trkpt>
   <trkpt lat="50.885110000000005" lon="5.319570000000001">
    <ele>33.92</ele>
   </trkpt>
   <trkpt lat="50.885160000000006" lon="5.31923">
    <ele>33.910000000000004</ele>
   </trkpt>
   <trkpt lat="50.88502500202955" lon="5.318529997642162">
    <ele>34.07</ele>
   </trkpt>
   <trkpt lat="50.884890000000006" lon="5.317830000000001">
    <ele>34.88</ele>
   </trkpt>
   <trkpt lat="50.884890000000006" lon="5.31751">
    <ele>34.88</ele>
   </trkpt>
   <trkpt lat="50.8849" lon="5.316730000000001">
    <ele>35.440000000000005</ele>
   </trkpt>
   <trkpt lat="50.88497" lon="5.316470000000001">
    <ele>35.54</ele>
   </trkpt>
   <trkpt lat="50.885380000000005" lon="5.31545">
    <ele>35.7</ele>
   </trkpt>
   <trkpt lat="50.88553" lon="5.31524">
    <ele>36.08</ele>
   </trkpt>
   <trkpt lat="50.885070000000006" lon="5.31435">
    <ele>35.32</ele>
   </trkpt>
   <trkpt lat="50.88463" lon="5.313440000000001">
    <ele>36.47</ele>
   </trkpt>
   <trkpt lat="50.885200000000005" lon="5.312460000000001">
    <ele>36.43000000000001</ele>
   </trkpt>
   <trkpt lat="50.885580000000004" lon="5.311640000000001">
    <ele>36.39000000000001</ele>
   </trkpt>
   <trkpt lat="50.885670000000005" lon="5.311400000000001">
    <ele>36.27</ele>
   </trkpt>
   <trkpt lat="50.88597000000001" lon="5.310370000000001">
    <ele>35.61</ele>
   </trkpt>
   <trkpt lat="50.88609" lon="5.3101400000000005">
    <ele>35.46000000000001</ele>
   </trkpt>
   <trkpt lat="50.886700000000005" lon="5.3092500000000005">
    <ele>35.22</ele>
   </trkpt>
   <trkpt lat="50.88684000000001" lon="5.309100000000001">
    <ele>35.22</ele>
   </trkpt>
   <trkpt lat="50.886970000000005" lon="5.309010000000001">
    <ele>35.08</ele>
   </trkpt>
   <trkpt lat="50.88756000000001" lon="5.30876">
    <ele>34.65</ele>
   </trkpt>
   <trkpt lat="50.88824" lon="5.30823">
    <ele>34.11</ele>
   </trkpt>
   <trkpt lat="50.888450000000006" lon="5.30801">
    <ele>33.95</ele>
   </trkpt>
   <trkpt lat="50.88871" lon="5.3077000000000005">
    <ele>33.96</ele>
   </trkpt>
   <trkpt lat="50.88888000000001" lon="5.307460000000001">
    <ele>34.2</ele>
   </trkpt>
   <trkpt lat="50.889250000000004" lon="5.3069500000000005">
    <ele>34.06</ele>
   </trkpt>
   <trkpt lat="50.889500000000005" lon="5.30684">
    <ele>34.06</ele>
   </trkpt>
   <trkpt lat="50.88964000000001" lon="5.306830000000001">
    <ele>33.760000000000005</ele>
   </trkpt>
   <trkpt lat="50.89005" lon="5.30696">
    <ele>33.68</ele>
   </trkpt>
   <trkpt lat="50.89021" lon="5.307">
    <ele>33.68</ele>
   </trkpt>
   <trkpt lat="50.890330000000006" lon="5.30701">
    <ele>33.64</ele>
   </trkpt>
   <trkpt lat="50.89045" lon="5.306970000000001">
    <ele>33.64</ele>
   </trkpt>
   <trkpt lat="50.89061" lon="5.3068800000000005">
    <ele>33.660000000000004</ele>
   </trkpt>
   <trkpt lat="50.890910000000005" lon="5.30656">
    <ele>33.74</ele>
   </trkpt>
   <trkpt lat="50.89099" lon="5.306310000000001">
    <ele>33.89</ele>
   </trkpt>
   <trkpt lat="50.890980000000006" lon="5.30621">
    <ele>33.89</ele>
   </trkpt>
   <trkpt lat="50.891070000000006" lon="5.306190000000001">
    <ele>33.800000000000004</ele>
   </trkpt>
   <trkpt lat="50.89121" lon="5.306100000000001">
    <ele>33.480000000000004</ele>
   </trkpt>
   <trkpt lat="50.89163500166794" lon="5.305500005290918">
    <ele>33.410000000000004</ele>
   </trkpt>
   <trkpt lat="50.89206" lon="5.304900000000001">
    <ele>33.63</ele>
   </trkpt>
   <trkpt lat="50.892360000000004" lon="5.304620000000001">
    <ele>33.79</ele>
   </trkpt>
   <trkpt lat="50.892540000000004" lon="5.30449">
    <ele>33.86</ele>
   </trkpt>
   <trkpt lat="50.89269" lon="5.30442">
    <ele>34.0</ele>
   </trkpt>
   <trkpt lat="50.89287" lon="5.3043700000000005">
    <ele>34.0</ele>
   </trkpt>
   <trkpt lat="50.893130000000006" lon="5.304340000000001">
    <ele>34.15</ele>
   </trkpt>
   <trkpt lat="50.893350000000005" lon="5.304290000000001">
    <ele>34.15</ele>
   </trkpt>
   <trkpt lat="50.89347" lon="5.30414">
    <ele>34.15</ele>
   </trkpt>
   <trkpt lat="50.89363" lon="5.3039000000000005">
    <ele>34.13</ele>
   </trkpt>
   <trkpt lat="50.89414000000001" lon="5.30356">
    <ele>34.06</ele>
   </trkpt>
   <trkpt lat="50.894580000000005" lon="5.30323">
    <ele>33.9</ele>
   </trkpt>
   <trkpt lat="50.89504000058282" lon="5.302875003472091">
    <ele>34.13</ele>
   </trkpt>
   <trkpt lat="50.895500000000006" lon="5.30252">
    <ele>34.34</ele>
   </trkpt>
   <trkpt lat="50.89558" lon="5.302440000000001">
    <ele>34.370000000000005</ele>
   </trkpt>
   <trkpt lat="50.895720000000004" lon="5.30224">
    <ele>33.74</ele>
   </trkpt>
   <trkpt lat="50.89576" lon="5.3021400000000005">
    <ele>33.74</ele>
   </trkpt>
   <trkpt lat="50.89599000638562" lon="5.30091500617747">
    <ele>32.59</ele>
   </trkpt>
   <trkpt lat="50.89622000000001" lon="5.29969">
    <ele>32.53</ele>
   </trkpt>
   <trkpt lat="50.89620000000001" lon="5.29938">
    <ele>32.53</ele>
   </trkpt>
   <trkpt lat="50.89605" lon="5.2987">
    <ele>32.720000000000006</ele>
   </trkpt>
   <trkpt lat="50.896" lon="5.29837">
    <ele>33.38</ele>
   </trkpt>
   <trkpt lat="50.89589" lon="5.29738">
    <ele>34.04</ele>
   </trkpt>
   <trkpt lat="50.89587" lon="5.29696">
    <ele>34.24</ele>
   </trkpt>
   <trkpt lat="50.895895003614754" lon="5.296040000509752">
    <ele>34.36</ele>
   </trkpt>
   <trkpt lat="50.895920000000004" lon="5.295120000000001">
    <ele>34.440000000000005</ele>
   </trkpt>
   <trkpt lat="50.89598" lon="5.29485">
    <ele>34.33</ele>
   </trkpt>
   <trkpt lat="50.89627000241933" lon="5.294100004627118">
    <ele>34.14</ele>
   </trkpt>
   <trkpt lat="50.89656" lon="5.29335">
    <ele>33.510000000000005</ele>
   </trkpt>
   <trkpt lat="50.897130000000004" lon="5.2923100000000005">
    <ele>32.730000000000004</ele>
   </trkpt>
   <trkpt lat="50.89717" lon="5.292190000000001">
    <ele>32.54</ele>
   </trkpt>
   <trkpt lat="50.89740667870693" lon="5.2910033453396395">
    <ele>32.11</ele>
   </trkpt>
   <trkpt lat="50.89764334538477" lon="5.289816678617166">
    <ele>32.019999999999996</ele>
   </trkpt>
   <trkpt lat="50.89788" lon="5.28863">
    <ele>31.810000000000006</ele>
   </trkpt>
   <trkpt lat="50.89802" lon="5.28814">
    <ele>31.810000000000006</ele>
   </trkpt>
   <trkpt lat="50.89838667373513" lon="5.287230014344474">
    <ele>31.85</ele>
   </trkpt>
   <trkpt lat="50.89875334039646" lon="5.2863200143579165">
    <ele>31.700000000000006</ele>
   </trkpt>
   <trkpt lat="50.89912" lon="5.285410000000001">
    <ele>31.580000000000002</ele>
   </trkpt>
   <trkpt lat="50.899260000000005" lon="5.28514">
    <ele>31.580000000000002</ele>
   </trkpt>
   <trkpt lat="50.89962000123651" lon="5.284595004262244">
    <ele>31.700000000000006</ele>
   </trkpt>
   <trkpt lat="50.899980000000006" lon="5.284050000000001">
    <ele>31.68</ele>
   </trkpt>
   <trkpt lat="50.9003" lon="5.283530000000001">
    <ele>31.43</ele>
   </trkpt>
   <trkpt lat="50.90037" lon="5.283460000000001">
    <ele>31.150000000000002</ele>
   </trkpt>
   <trkpt lat="50.90080500034804" lon="5.283145002997732">
    <ele>31.070000000000004</ele>
   </trkpt>
   <trkpt lat="50.90124" lon="5.282830000000001">
    <ele>30.97</ele>
   </trkpt>
   <trkpt lat="50.901340000000005" lon="5.28274">
    <ele>30.97</ele>
   </trkpt>
   <trkpt lat="50.9018233362965" lon="5.282150012262071">
    <ele>31.070000000000004</ele>
   </trkpt>
   <trkpt lat="50.90230666961955" lon="5.281560012274802">
    <ele>31.200000000000003</ele>
   </trkpt>
   <trkpt lat="50.90279" lon="5.280970000000001">
    <ele>31.110000000000003</ele>
   </trkpt>
   <trkpt lat="50.90317000075596" lon="5.280560003305373">
    <ele>31.090000000000003</ele>
   </trkpt>
   <trkpt lat="50.90355" lon="5.280150000000001">
    <ele>31.150000000000002</ele>
   </trkpt>
   <trkpt lat="50.904320000000006" lon="5.27942">
    <ele>30.830000000000002</ele>
   </trkpt>
   <trkpt lat="50.9046" lon="5.27908">
    <ele>30.88</ele>
   </trkpt>
   <trkpt lat="50.90487" lon="5.278670000000001">
    <ele>30.860000000000003</ele>
   </trkpt>
   <trkpt lat="50.905150000000006" lon="5.278180000000001">
    <ele>30.63</ele>
   </trkpt>
   <trkpt lat="50.90542000000001" lon="5.2775300000000005">
    <ele>30.590000000000003</ele>
   </trkpt>
   <trkpt lat="50.90572000265069" lon="5.276750004890633">
    <ele>30.55</ele>
   </trkpt>
   <trkpt lat="50.906020000000005" lon="5.27597">
    <ele>30.310000000000002</ele>
   </trkpt>
   <trkpt lat="50.90605000000001" lon="5.2758400000000005">
    <ele>30.310000000000002</ele>
   </trkpt>
   <trkpt lat="50.906110000000005" lon="5.27533">
    <ele>30.310000000000002</ele>
   </trkpt>
   <trkpt lat="50.90633500192261" lon="5.274655003332426">
    <ele>30.060000000000002</ele>
   </trkpt>
   <trkpt lat="50.906560000000006" lon="5.273980000000001">
    <ele>29.890000000000004</ele>
   </trkpt>
   <trkpt lat="50.906760000000006" lon="5.27306">
    <ele>29.640000000000004</ele>
   </trkpt>
   <trkpt lat="50.906780000000005" lon="5.272740000000001">
    <ele>29.7</ele>
   </trkpt>
   <trkpt lat="50.90672500302076" lon="5.271899999117703">
    <ele>29.86</ele>
   </trkpt>
   <trkpt lat="50.906670000000005" lon="5.27106">
    <ele>30.09</ele>
   </trkpt>
   <trkpt lat="50.90668" lon="5.270670000000001">
    <ele>30.130000000000003</ele>
   </trkpt>
   <trkpt lat="50.906960000000005" lon="5.26933">
    <ele>30.11</ele>
   </trkpt>
   <trkpt lat="50.90738" lon="5.268230000000001">
    <ele>30.26</ele>
   </trkpt>
   <trkpt lat="50.907500000000006" lon="5.268020000000001">
    <ele>30.29</ele>
   </trkpt>
   <trkpt lat="50.907720000000005" lon="5.2677700000000005">
    <ele>30.400000000000002</ele>
   </trkpt>
   <trkpt lat="50.90793000000001" lon="5.267340000000001">
    <ele>30.320000000000004</ele>
   </trkpt>
   <trkpt lat="50.908390000000004" lon="5.26651">
    <ele>30.63</ele>
   </trkpt>
   <trkpt lat="50.90892251299809" lon="5.26550253459047">
    <ele>31.21</ele>
   </trkpt>
   <trkpt lat="50.90945501732628" lon="5.264495046129989">
    <ele>31.95</ele>
   </trkpt>
   <trkpt lat="50.90998751298423" lon="5.2634875346179655">
    <ele>32.21</ele>
   </trkpt>
   <trkpt lat="50.910520000000005" lon="5.26248">
    <ele>31.470000000000006</ele>
   </trkpt>
   <trkpt lat="50.91087000137698" lon="5.261910004303439">
    <ele>31.160000000000004</ele>
   </trkpt>
   <trkpt lat="50.91122000000001" lon="5.261340000000001">
    <ele>30.71</ele>
   </trkpt>
   <trkpt lat="50.91123" lon="5.26133">
    <ele>30.71</ele>
   </trkpt>
   <trkpt lat="50.91156" lon="5.260820000000001">
    <ele>30.62</ele>
   </trkpt>
   <trkpt lat="50.91180000000001" lon="5.260330000000001">
    <ele>30.470000000000002</ele>
   </trkpt>
   <trkpt lat="50.9119" lon="5.260050000000001">
    <ele>30.470000000000002</ele>
   </trkpt>
   <trkpt lat="50.91209500219735" lon="5.259335002944153">
    <ele>30.410000000000004</ele>
   </trkpt>
   <trkpt lat="50.912290000000006" lon="5.2586200000000005">
    <ele>30.7</ele>
   </trkpt>
   <trkpt lat="50.9123" lon="5.25837">
    <ele>30.71</ele>
   </trkpt>
   <trkpt lat="50.91225000000001" lon="5.258100000000001">
    <ele>30.71</ele>
   </trkpt>
   <trkpt lat="50.91189000000001" lon="5.257040000000001">
    <ele>30.980000000000004</ele>
   </trkpt>
   <trkpt lat="50.91187000000001" lon="5.2568600000000005">
    <ele>31.160000000000004</ele>
   </trkpt>
   <trkpt lat="50.911880000000004" lon="5.256500000000001">
    <ele>31.43</ele>
   </trkpt>
   <trkpt lat="50.91194" lon="5.256220000000001">
    <ele>31.48</ele>
   </trkpt>
   <trkpt lat="50.91205" lon="5.255960000000001">
    <ele>31.48</ele>
   </trkpt>
   <trkpt lat="50.91227000000001" lon="5.25555">
    <ele>31.34</ele>
   </trkpt>
   <trkpt lat="50.912560000000006" lon="5.2552900000000005">
    <ele>31.240000000000002</ele>
   </trkpt>
   <trkpt lat="50.91317500050919" lon="5.254910005087787">
    <ele>30.8</ele>
   </trkpt>
   <trkpt lat="50.913790000000006" lon="5.254530000000001">
    <ele>30.480000000000004</ele>
   </trkpt>
   <trkpt lat="50.91427" lon="5.254130000000001">
    <ele>30.19</ele>
   </trkpt>
   <trkpt lat="50.91440000000001" lon="5.2540000000000004">
    <ele>30.140000000000004</ele>
   </trkpt>
   <trkpt lat="50.91465" lon="5.253710000000001">
    <ele>30.140000000000004</ele>
   </trkpt>
   <trkpt lat="50.914820000000006" lon="5.253310000000001">
    <ele>30.28</ele>
   </trkpt>
   <trkpt lat="50.9149" lon="5.253080000000001">
    <ele>30.230000000000004</ele>
   </trkpt>
   <trkpt lat="50.915000000000006" lon="5.2525200000000005">
    <ele>30.410000000000004</ele>
   </trkpt>
   <trkpt lat="50.915020000000005" lon="5.25225">
    <ele>30.900000000000002</ele>
   </trkpt>
   <trkpt lat="50.91501" lon="5.252140000000001">
    <ele>30.900000000000002</ele>
   </trkpt>
   <trkpt lat="50.91496" lon="5.25197">
    <ele>31.150000000000002</ele>
   </trkpt>
   <trkpt lat="50.915110000000006" lon="5.2517700000000005">
    <ele>31.110000000000003</ele>
   </trkpt>
   <trkpt lat="50.91518000000001" lon="5.25161">
    <ele>31.110000000000003</ele>
   </trkpt>
   <trkpt lat="50.91557" lon="5.25044">
    <ele>30.490000000000002</ele>
   </trkpt>
   <trkpt lat="50.915760000000006" lon="5.250120000000001">
    <ele>30.35</ele>
   </trkpt>
   <trkpt lat="50.91621000000001" lon="5.24971">
    <ele>30.17</ele>
   </trkpt>
   <trkpt lat="50.91633" lon="5.249490000000001">
    <ele>30.160000000000004</ele>
   </trkpt>
   <trkpt lat="50.916380000000004" lon="5.24934">
    <ele>30.160000000000004</ele>
   </trkpt>
   <trkpt lat="50.916470000000004" lon="5.24875">
    <ele>30.320000000000004</ele>
   </trkpt>
   <trkpt lat="50.91658" lon="5.248550000000001">
    <ele>30.070000000000004</ele>
   </trkpt>
   <trkpt lat="50.916560000000004" lon="5.248430000000001">
    <ele>30.070000000000004</ele>
   </trkpt>
   <trkpt lat="50.91657000000001" lon="5.2481100000000005">
    <ele>30.070000000000004</ele>
   </trkpt>
   <trkpt lat="50.916810000000005" lon="5.24809">
    <ele>29.67</ele>
   </trkpt>
   <trkpt lat="50.916880000000006" lon="5.248030000000001">
    <ele>29.67</ele>
   </trkpt>
   <trkpt lat="50.91725" lon="5.24737">
    <ele>29.080000000000002</ele>
   </trkpt>
   <trkpt lat="50.91742000000001" lon="5.24718">
    <ele>28.970000000000002</ele>
   </trkpt>
   <trkpt lat="50.9177" lon="5.24673">
    <ele>28.98</ele>
   </trkpt>
   <trkpt lat="50.917750000000005" lon="5.246670000000001">
    <ele>28.98</ele>
   </trkpt>
   <trkpt lat="50.91785" lon="5.24671">
    <ele>28.84</ele>
   </trkpt>
   <trkpt lat="50.91827500063583" lon="5.247089996546457">
    <ele>28.360000000000003</ele>
   </trkpt>
   <trkpt lat="50.9187" lon="5.247470000000001">
    <ele>28.25</ele>
   </trkpt>
   <trkpt lat="50.918780000000005" lon="5.24758">
    <ele>28.25</ele>
   </trkpt>
   <trkpt lat="50.91903000000001" lon="5.24781">
    <ele>28.25</ele>
   </trkpt>
   <trkpt lat="50.91910000000001" lon="5.24784">
    <ele>28.35</ele>
   </trkpt>
   <trkpt lat="50.91928000000001" lon="5.248010000000001">
    <ele>28.62</ele>
   </trkpt>
   <trkpt lat="50.91933" lon="5.24786">
    <ele>28.5</ele>
   </trkpt>
   <trkpt lat="50.91939000000001" lon="5.247870000000001">
    <ele>28.5</ele>
   </trkpt>
   <trkpt lat="50.919520000000006" lon="5.247660000000001">
    <ele>28.39</ele>
   </trkpt>
   <trkpt lat="50.919700000000006" lon="5.2468900000000005">
    <ele>27.82</ele>
   </trkpt>
   <trkpt lat="50.91977000000001" lon="5.24598">
    <ele>27.85</ele>
   </trkpt>
   <trkpt lat="50.919810000000005" lon="5.245690000000001">
    <ele>27.85</ele>
   </trkpt>
   <trkpt lat="50.919920000000005" lon="5.24526">
    <ele>28.060000000000002</ele>
   </trkpt>
   <trkpt lat="50.920030000000004" lon="5.244800000000001">
    <ele>28.080000000000002</ele>
   </trkpt>
   <trkpt lat="50.92006000000001" lon="5.24448">
    <ele>28.32</ele>
   </trkpt>
   <trkpt lat="50.92000000334101" lon="5.243599999363052">
    <ele>28.380000000000003</ele>
   </trkpt>
   <trkpt lat="50.919940000000004" lon="5.24272">
    <ele>28.26</ele>
   </trkpt>
   <trkpt lat="50.91995000000001" lon="5.242500000000001">
    <ele>28.23</ele>
   </trkpt>
   <trkpt lat="50.920120000000004" lon="5.2412">
    <ele>28.19</ele>
   </trkpt>
   <trkpt lat="50.92029000303211" lon="5.240350003372165">
    <ele>27.680000000000003</ele>
   </trkpt>
   <trkpt lat="50.920460000000006" lon="5.2395000000000005">
    <ele>27.31</ele>
   </trkpt>
   <trkpt lat="50.920570000000005" lon="5.23913">
    <ele>27.21</ele>
   </trkpt>
   <trkpt lat="50.92083" lon="5.23859">
    <ele>27.180000000000003</ele>
   </trkpt>
   <trkpt lat="50.920930000000006" lon="5.23843">
    <ele>27.37</ele>
   </trkpt>
   <trkpt lat="50.92141" lon="5.23786">
    <ele>27.900000000000002</ele>
   </trkpt>
   <trkpt lat="50.92159" lon="5.237500000000001">
    <ele>28.110000000000003</ele>
   </trkpt>
   <trkpt lat="50.92174000000001" lon="5.23709">
    <ele>28.23</ele>
   </trkpt>
   <trkpt lat="50.921870000000006" lon="5.23655">
    <ele>28.17</ele>
   </trkpt>
   <trkpt lat="50.921960000000006" lon="5.23629">
    <ele>28.240000000000002</ele>
   </trkpt>
   <trkpt lat="50.922050000000006" lon="5.2361200000000006">
    <ele>28.35</ele>
   </trkpt>
   <trkpt lat="50.92217" lon="5.23596">
    <ele>28.53</ele>
   </trkpt>
   <trkpt lat="50.92242" lon="5.2357000000000005">
    <ele>28.89</ele>
   </trkpt>
   <trkpt lat="50.92257000000001" lon="5.23552">
    <ele>29.030000000000005</ele>
   </trkpt>
   <trkpt lat="50.922700000000006" lon="5.23531">
    <ele>29.32</ele>
   </trkpt>
   <trkpt lat="50.92284" lon="5.23491">
    <ele>29.380000000000003</ele>
   </trkpt>
   <trkpt lat="50.92286000000001" lon="5.23472">
    <ele>29.35</ele>
   </trkpt>
   <trkpt lat="50.922850000000004" lon="5.234030000000001">
    <ele>29.080000000000002</ele>
   </trkpt>
   <trkpt lat="50.922850000000004" lon="5.234050000000001">
    <ele>29.080000000000002</ele>
   </trkpt>
   <trkpt lat="50.92287" lon="5.23345">
    <ele>29.040000000000003</ele>
   </trkpt>
   <trkpt lat="50.922920000000005" lon="5.233180000000001">
    <ele>29.060000000000002</ele>
   </trkpt>
   <trkpt lat="50.923" lon="5.23289">
    <ele>29.060000000000002</ele>
   </trkpt>
   <trkpt lat="50.92334" lon="5.23209">
    <ele>28.87</ele>
   </trkpt>
   <trkpt lat="50.92360000000001" lon="5.23153">
    <ele>28.810000000000002</ele>
   </trkpt>
   <trkpt lat="50.92403000468666" lon="5.230790013662457">
    <ele>28.62</ele>
   </trkpt>
   <trkpt lat="50.92446000469648" lon="5.230050013645747">
    <ele>28.380000000000003</ele>
   </trkpt>
   <trkpt lat="50.924890000000005" lon="5.229310000000001">
    <ele>28.37</ele>
   </trkpt>
   <trkpt lat="50.92519" lon="5.22867">
    <ele>28.400000000000002</ele>
   </trkpt>
   <trkpt lat="50.925290000000004" lon="5.22853">
    <ele>28.51</ele>
   </trkpt>
   <trkpt lat="50.92544" lon="5.22836">
    <ele>28.560000000000002</ele>
   </trkpt>
   <trkpt lat="50.92597000000001" lon="5.2279">
    <ele>28.380000000000003</ele>
   </trkpt>
   <trkpt lat="50.92622" lon="5.22754">
    <ele>28.26</ele>
   </trkpt>
   <trkpt lat="50.92675500489761" lon="5.226470012288716">
    <ele>28.25</ele>
   </trkpt>
   <trkpt lat="50.927290000000006" lon="5.2254000000000005">
    <ele>27.970000000000002</ele>
   </trkpt>
   <trkpt lat="50.92758000151496" lon="5.224805003702848">
    <ele>27.89</ele>
   </trkpt>
   <trkpt lat="50.927870000000006" lon="5.22421">
    <ele>27.57</ele>
   </trkpt>
   <trkpt lat="50.92794000000001" lon="5.22402">
    <ele>27.57</ele>
   </trkpt>
   <trkpt lat="50.928165002132125" lon="5.223315003379666">
    <ele>27.12</ele>
   </trkpt>
   <trkpt lat="50.92839000000001" lon="5.22261">
    <ele>26.560000000000002</ele>
   </trkpt>
   <trkpt lat="50.928560000000004" lon="5.222180000000001">
    <ele>26.13</ele>
   </trkpt>
   <trkpt lat="50.92894000621745" lon="5.221326680612497">
    <ele>26.220000000000002</ele>
   </trkpt>
   <trkpt lat="50.929320006216024" lon="5.220473347282534">
    <ele>25.87</ele>
   </trkpt>
   <trkpt lat="50.929700000000004" lon="5.219620000000001">
    <ele>26.38</ele>
   </trkpt>
   <trkpt lat="50.9299" lon="5.21914">
    <ele>26.44</ele>
   </trkpt>
   <trkpt lat="50.93000000000001" lon="5.21881">
    <ele>26.44</ele>
   </trkpt>
   <trkpt lat="50.93018500254775" lon="5.218030003314122">
    <ele>26.6</ele>
   </trkpt>
   <trkpt lat="50.93037" lon="5.217250000000001">
    <ele>26.820000000000004</ele>
   </trkpt>
   <trkpt lat="50.930460000000004" lon="5.2170000000000005">
    <ele>26.820000000000004</ele>
   </trkpt>
   <trkpt lat="50.93063" lon="5.216690000000001">
    <ele>27.1</ele>
   </trkpt>
   <trkpt lat="50.93132000000001" lon="5.21584">
    <ele>27.3</ele>
   </trkpt>
   <trkpt lat="50.93146" lon="5.2157">
    <ele>27.3</ele>
   </trkpt>
   <trkpt lat="50.931650000000005" lon="5.2155700000000005">
    <ele>27.3</ele>
   </trkpt>
   <trkpt lat="50.931850000000004" lon="5.21553">
    <ele>27.330000000000002</ele>
   </trkpt>
   <trkpt lat="50.93207" lon="5.21555">
    <ele>27.330000000000002</ele>
   </trkpt>
   <trkpt lat="50.932610000000004" lon="5.215750000000001">
    <ele>27.23</ele>
   </trkpt>
   <trkpt lat="50.93271000000001" lon="5.215750000000001">
    <ele>27.23</ele>
   </trkpt>
   <trkpt lat="50.93283" lon="5.21567">
    <ele>27.200000000000003</ele>
   </trkpt>
   <trkpt lat="50.93292" lon="5.21553">
    <ele>27.080000000000002</ele>
   </trkpt>
   <trkpt lat="50.933220000000006" lon="5.21468">
    <ele>26.98</ele>
   </trkpt>
   <trkpt lat="50.93336000000001" lon="5.2143500000000005">
    <ele>26.85</ele>
   </trkpt>
   <trkpt lat="50.933690000000006" lon="5.2138100000000005">
    <ele>26.94</ele>
   </trkpt>
   <trkpt lat="50.933800000000005" lon="5.21361">
    <ele>26.770000000000003</ele>
   </trkpt>
   <trkpt lat="50.933890000000005" lon="5.213360000000001">
    <ele>26.770000000000003</ele>
   </trkpt>
   <trkpt lat="50.93424" lon="5.21206">
    <ele>26.46</ele>
   </trkpt>
   <trkpt lat="50.93431" lon="5.211740000000001">
    <ele>26.09</ele>
   </trkpt>
   <trkpt lat="50.934490000000004" lon="5.21114">
    <ele>25.92</ele>
   </trkpt>
   <trkpt lat="50.9346" lon="5.21096">
    <ele>25.94</ele>
   </trkpt>
   <trkpt lat="50.93469" lon="5.21091">
    <ele>25.94</ele>
   </trkpt>
   <trkpt lat="50.93477000000001" lon="5.21089">
    <ele>25.910000000000004</ele>
   </trkpt>
   <trkpt lat="50.935300000000005" lon="5.21086">
    <ele>26.160000000000004</ele>
   </trkpt>
   <trkpt lat="50.935460000000006" lon="5.210800000000001">
    <ele>26.36</ele>
   </trkpt>
   <trkpt lat="50.93564000000001" lon="5.210660000000001">
    <ele>26.98</ele>
   </trkpt>
   <trkpt lat="50.935900000000004" lon="5.21035">
    <ele>27.35</ele>
   </trkpt>
   <trkpt lat="50.93623" lon="5.209840000000001">
    <ele>28.540000000000003</ele>
   </trkpt>
   <trkpt lat="50.93620000000001" lon="5.20964">
    <ele>28.44</ele>
   </trkpt>
   <trkpt lat="50.93621" lon="5.20852">
    <ele>28.71</ele>
   </trkpt>
   <trkpt lat="50.93618000000001" lon="5.20821">
    <ele>28.73</ele>
   </trkpt>
   <trkpt lat="50.936060000000005" lon="5.2076">
    <ele>28.62</ele>
   </trkpt>
   <trkpt lat="50.93578" lon="5.2064900000000005">
    <ele>27.790000000000003</ele>
   </trkpt>
   <trkpt lat="50.935750000000006" lon="5.2062100000000004">
    <ele>27.790000000000003</ele>
   </trkpt>
   <trkpt lat="50.93580000000001" lon="5.20593">
    <ele>27.790000000000003</ele>
   </trkpt>
   <trkpt lat="50.936060000000005" lon="5.20523">
    <ele>27.91</ele>
   </trkpt>
   <trkpt lat="50.93657" lon="5.204090000000001">
    <ele>28.060000000000002</ele>
   </trkpt>
   <trkpt lat="50.937110003416315" lon="5.203185010644924">
    <ele>28.900000000000002</ele>
   </trkpt>
   <trkpt lat="50.937650000000005" lon="5.20228">
    <ele>29.220000000000002</ele>
   </trkpt>
   <trkpt lat="50.93797500116957" lon="5.201760003610449">
    <ele>29.05</ele>
   </trkpt>
   <trkpt lat="50.938300000000005" lon="5.20124">
    <ele>28.740000000000002</ele>
   </trkpt>
   <trkpt lat="50.938725001527665" lon="5.200655005255525">
    <ele>29.120000000000005</ele>
   </trkpt>
   <trkpt lat="50.939150000000005" lon="5.20007">
    <ele>29.370000000000005</ele>
   </trkpt>
   <trkpt lat="50.939330000000005" lon="5.19986">
    <ele>29.630000000000003</ele>
   </trkpt>
   <trkpt lat="50.939420000000005" lon="5.19979">
    <ele>29.630000000000003</ele>
   </trkpt>
   <trkpt lat="50.939510000000006" lon="5.199750000000001">
    <ele>29.630000000000003</ele>
   </trkpt>
   <trkpt lat="50.93966" lon="5.199750000000001">
    <ele>29.710000000000004</ele>
   </trkpt>
   <trkpt lat="50.94008" lon="5.19983">
    <ele>29.800000000000004</ele>
   </trkpt>
   <trkpt lat="50.94021000000001" lon="5.19984">
    <ele>29.85</ele>
   </trkpt>
   <trkpt lat="50.94042" lon="5.1997800000000005">
    <ele>29.910000000000004</ele>
   </trkpt>
   <trkpt lat="50.94117500045071" lon="5.199445005452502">
    <ele>30.11</ele>
   </trkpt>
   <trkpt lat="50.941930000000006" lon="5.19911">
    <ele>30.26</ele>
   </trkpt>
   <trkpt lat="50.94209000000001" lon="5.199020000000001">
    <ele>30.230000000000004</ele>
   </trkpt>
   <trkpt lat="50.94221" lon="5.1989">
    <ele>30.060000000000002</ele>
   </trkpt>
   <trkpt lat="50.94234" lon="5.198670000000001">
    <ele>30.060000000000002</ele>
   </trkpt>
   <trkpt lat="50.942730000000005" lon="5.197640000000001">
    <ele>29.880000000000003</ele>
   </trkpt>
   <trkpt lat="50.94288" lon="5.197360000000001">
    <ele>29.880000000000003</ele>
   </trkpt>
   <trkpt lat="50.94304" lon="5.1971300000000005">
    <ele>29.800000000000004</ele>
   </trkpt>
   <trkpt lat="50.94305000000001" lon="5.1971300000000005">
    <ele>29.800000000000004</ele>
   </trkpt>
   <trkpt lat="50.943360000000006" lon="5.1967300000000005">
    <ele>29.710000000000004</ele>
   </trkpt>
   <trkpt lat="50.94375" lon="5.1962600000000005">
    <ele>29.87</ele>
   </trkpt>
   <trkpt lat="50.94388000000001" lon="5.196160000000001">
    <ele>30.12</ele>
   </trkpt>
   <trkpt lat="50.94470250157142" lon="5.196507481565925">
    <ele>29.39</ele>
   </trkpt>
   <trkpt lat="50.94552500211171" lon="5.196854975427662">
    <ele>29.550000000000004</ele>
   </trkpt>
   <trkpt lat="50.94634750162082" lon="5.197202481585992">
    <ele>30.7</ele>
   </trkpt>
   <trkpt lat="50.94717000000001" lon="5.197550000000001">
    <ele>30.590000000000003</ele>
   </trkpt>
   <trkpt lat="50.94715000000001" lon="5.19754">
    <ele>30.580000000000002</ele>
   </trkpt>
   <trkpt lat="50.947770000000006" lon="5.197800000000001">
    <ele>30.97</ele>
   </trkpt>
   <trkpt lat="50.94796" lon="5.19786">
    <ele>30.660000000000004</ele>
   </trkpt>
   <trkpt lat="50.94818" lon="5.19787">
    <ele>30.570000000000004</ele>
   </trkpt>
   <trkpt lat="50.94845" lon="5.19784">
    <ele>30.520000000000003</ele>
   </trkpt>
   <trkpt lat="50.94865" lon="5.19779">
    <ele>30.490000000000002</ele>
   </trkpt>
   <trkpt lat="50.94888" lon="5.1976700000000005">
    <ele>30.29</ele>
   </trkpt>
   <trkpt lat="50.9495725026748" lon="5.197215020321596">
    <ele>29.6</ele>
   </trkpt>
   <trkpt lat="50.95026500358187" lon="5.1967600270858">
    <ele>29.150000000000002</ele>
   </trkpt>
   <trkpt lat="50.95095750272114" lon="5.196305020291908">
    <ele>28.540000000000003</ele>
   </trkpt>
   <trkpt lat="50.95165" lon="5.19585">
    <ele>27.96</ele>
   </trkpt>
   <trkpt lat="50.95246" lon="5.1953700000000005">
    <ele>27.6</ele>
   </trkpt>
   <trkpt lat="50.95306000102918" lon="5.1950333419917865">
    <ele>27.4</ele>
   </trkpt>
   <trkpt lat="50.95366000109055" lon="5.194696675290826">
    <ele>27.05</ele>
   </trkpt>
   <trkpt lat="50.954260000000005" lon="5.1943600000000005">
    <ele>26.820000000000004</ele>
   </trkpt>
   <trkpt lat="50.95459" lon="5.1942200000000005">
    <ele>26.7</ele>
   </trkpt>
   <trkpt lat="50.954890000000006" lon="5.19413">
    <ele>26.7</ele>
   </trkpt>
   <trkpt lat="50.95566" lon="5.19402">
    <ele>26.92</ele>
   </trkpt>
   <trkpt lat="50.955960000000005" lon="5.19395">
    <ele>27.090000000000003</ele>
   </trkpt>
   <trkpt lat="50.956210000000006" lon="5.19385">
    <ele>27.31</ele>
   </trkpt>
   <trkpt lat="50.956540000000004" lon="5.193650000000001">
    <ele>27.630000000000003</ele>
   </trkpt>
   <trkpt lat="50.95675000000001" lon="5.19348">
    <ele>27.87</ele>
   </trkpt>
   <trkpt lat="50.957375001043594" lon="5.192985006659812">
    <ele>28.16</ele>
   </trkpt>
   <trkpt lat="50.958000000000006" lon="5.19249">
    <ele>28.32</ele>
   </trkpt>
   <trkpt lat="50.95837" lon="5.19216">
    <ele>27.840000000000003</ele>
   </trkpt>
   <trkpt lat="50.95884" lon="5.1917">
    <ele>27.430000000000003</ele>
   </trkpt>
   <trkpt lat="50.95909" lon="5.191420000000001">
    <ele>27.01</ele>
   </trkpt>
   <trkpt lat="50.95950000113316" lon="5.190925004262723">
    <ele>26.12</ele>
   </trkpt>
   <trkpt lat="50.95991" lon="5.19043">
    <ele>25.890000000000004</ele>
   </trkpt>
   <trkpt lat="50.96045" lon="5.18954">
    <ele>24.91</ele>
   </trkpt>
   <trkpt lat="50.96100000434879" lon="5.188540011692983">
    <ele>24.040000000000003</ele>
   </trkpt>
   <trkpt lat="50.96155" lon="5.18754">
    <ele>23.19</ele>
   </trkpt>
   <trkpt lat="50.9619700010993" lon="5.187040004481908">
    <ele>22.81</ele>
   </trkpt>
   <trkpt lat="50.962390000000006" lon="5.186540000000001">
    <ele>22.94</ele>
   </trkpt>
   <trkpt lat="50.962480000000006" lon="5.18628">
    <ele>22.85</ele>
   </trkpt>
   <trkpt lat="50.96246000000001" lon="5.186190000000001">
    <ele>22.820000000000004</ele>
   </trkpt>
   <trkpt lat="50.96247" lon="5.186100000000001">
    <ele>22.820000000000004</ele>
   </trkpt>
   <trkpt lat="50.96238" lon="5.18571">
    <ele>22.78</ele>
   </trkpt>
   <trkpt lat="50.96237000000001" lon="5.185560000000001">
    <ele>22.79</ele>
   </trkpt>
   <trkpt lat="50.962265002131126" lon="5.184849998253631">
    <ele>22.42</ele>
   </trkpt>
   <trkpt lat="50.962160000000004" lon="5.18414">
    <ele>22.01</ele>
   </trkpt>
   <trkpt lat="50.962070000000004" lon="5.18329">
    <ele>21.85</ele>
   </trkpt>
   <trkpt lat="50.96198500286459" lon="5.182469998441823">
    <ele>21.66</ele>
   </trkpt>
   <trkpt lat="50.96190000000001" lon="5.18165">
    <ele>22.310000000000002</ele>
   </trkpt>
   <trkpt lat="50.962720000000004" lon="5.181360000000001">
    <ele>20.540000000000003</ele>
   </trkpt>
   <trkpt lat="50.96293000000001" lon="5.18109">
    <ele>20.6</ele>
   </trkpt>
   <trkpt lat="50.96302000000001" lon="5.181030000000001">
    <ele>20.48</ele>
   </trkpt>
   <trkpt lat="50.963370000000005" lon="5.18086">
    <ele>20.450000000000003</ele>
   </trkpt>
   <trkpt lat="50.963770000000004" lon="5.18062">
    <ele>20.46</ele>
   </trkpt>
   <trkpt lat="50.963950000000004" lon="5.18046">
    <ele>20.400000000000002</ele>
   </trkpt>
   <trkpt lat="50.9645" lon="5.17975">
    <ele>20.76</ele>
   </trkpt>
   <trkpt lat="50.96464" lon="5.1797">
    <ele>20.76</ele>
   </trkpt>
   <trkpt lat="50.96519000000001" lon="5.1797200000000005">
    <ele>20.98</ele>
   </trkpt>
   <trkpt lat="50.96529" lon="5.179690000000001">
    <ele>20.82</ele>
   </trkpt>
   <trkpt lat="50.965360000000004" lon="5.17964">
    <ele>20.82</ele>
   </trkpt>
   <trkpt lat="50.96542" lon="5.179550000000001">
    <ele>20.82</ele>
   </trkpt>
   <trkpt lat="50.965630000000004" lon="5.178800000000001">
    <ele>20.610000000000003</ele>
   </trkpt>
   <trkpt lat="50.9656" lon="5.17827">
    <ele>20.5</ele>
   </trkpt>
   <trkpt lat="50.965650000000004" lon="5.178000000000001">
    <ele>20.5</ele>
   </trkpt>
   <trkpt lat="50.96594000605416" lon="5.176810007392983">
    <ele>20.48</ele>
   </trkpt>
   <trkpt lat="50.96623" lon="5.17562">
    <ele>20.34</ele>
   </trkpt>
   <trkpt lat="50.96651402385517" lon="5.17443802891471">
    <ele>19.96</ele>
   </trkpt>
   <trkpt lat="50.96679803578202" lon="5.173256043375872">
    <ele>19.700000000000003</ele>
   </trkpt>
   <trkpt lat="50.96708203578033" lon="5.172074043383771">
    <ele>19.62</ele>
   </trkpt>
   <trkpt lat="50.96736602384979" lon="5.170892028938691">
    <ele>19.450000000000003</ele>
   </trkpt>
   <trkpt lat="50.967650000000006" lon="5.16971">
    <ele>20.48</ele>
   </trkpt>
   <trkpt lat="50.96768" lon="5.16943">
    <ele>21.330000000000002</ele>
   </trkpt>
   <trkpt lat="50.96764" lon="5.16919">
    <ele>21.95</ele>
   </trkpt>
   <trkpt lat="50.96752000000001" lon="5.16889">
    <ele>22.2</ele>
   </trkpt>
   <trkpt lat="50.96734000000001" lon="5.1686700000000005">
    <ele>22.54</ele>
   </trkpt>
   <trkpt lat="50.96728" lon="5.168550000000001">
    <ele>22.54</ele>
   </trkpt>
   <trkpt lat="50.96723" lon="5.1683900000000005">
    <ele>22.54</ele>
   </trkpt>
   <trkpt lat="50.967220000000005" lon="5.16816">
    <ele>22.79</ele>
   </trkpt>
   <trkpt lat="50.96728" lon="5.16791">
    <ele>22.79</ele>
   </trkpt>
   <trkpt lat="50.967330000000004" lon="5.167820000000001">
    <ele>22.9</ele>
   </trkpt>
   <trkpt lat="50.96752000000001" lon="5.16765">
    <ele>22.930000000000003</ele>
   </trkpt>
   <trkpt lat="50.967620000000004" lon="5.167520000000001">
    <ele>22.89</ele>
   </trkpt>
   <trkpt lat="50.967670000000005" lon="5.167350000000001">
    <ele>22.89</ele>
   </trkpt>
   <trkpt lat="50.967780000000005" lon="5.1666300000000005">
    <ele>23.000000000000004</ele>
   </trkpt>
   <trkpt lat="50.967760000000006" lon="5.166340000000001">
    <ele>23.000000000000004</ele>
   </trkpt>
   <trkpt lat="50.967690000000005" lon="5.16603">
    <ele>22.98</ele>
   </trkpt>
   <trkpt lat="50.967310000000005" lon="5.165220000000001">
    <ele>22.930000000000003</ele>
   </trkpt>
   <trkpt lat="50.96726" lon="5.1649400000000005">
    <ele>22.97</ele>
   </trkpt>
   <trkpt lat="50.96726" lon="5.1648000000000005">
    <ele>22.97</ele>
   </trkpt>
   <trkpt lat="50.967310000000005" lon="5.16464">
    <ele>22.96</ele>
   </trkpt>
   <trkpt lat="50.96737" lon="5.16453">
    <ele>22.96</ele>
   </trkpt>
   <trkpt lat="50.96754000000001" lon="5.16439">
    <ele>23.000000000000004</ele>
   </trkpt>
   <trkpt lat="50.96801000033072" lon="5.164095003010523">
    <ele>23.07</ele>
   </trkpt>
   <trkpt lat="50.96848000000001" lon="5.1638">
    <ele>23.080000000000002</ele>
   </trkpt>
   <trkpt lat="50.96871" lon="5.1635100000000005">
    <ele>23.080000000000002</ele>
   </trkpt>
   <trkpt lat="50.96918" lon="5.16272">
    <ele>23.13</ele>
   </trkpt>
   <trkpt lat="50.96951000000001" lon="5.1621500000000005">
    <ele>23.06</ele>
   </trkpt>
   <trkpt lat="50.96980000472551" lon="5.16109500668136">
    <ele>23.080000000000002</ele>
   </trkpt>
   <trkpt lat="50.970090000000006" lon="5.16004">
    <ele>22.98</ele>
   </trkpt>
   <trkpt lat="50.970090000000006" lon="5.160030000000001">
    <ele>22.97</ele>
   </trkpt>
   <trkpt lat="50.97034000376622" lon="5.159090005081407">
    <ele>22.830000000000002</ele>
   </trkpt>
   <trkpt lat="50.97059" lon="5.15815">
    <ele>25.25</ele>
   </trkpt>
   <trkpt lat="50.970800000000004" lon="5.158510000000001">
    <ele>25.300000000000004</ele>
   </trkpt>
   <trkpt lat="50.97092000000001" lon="5.15803">
    <ele>24.93</ele>
   </trkpt>
   <trkpt lat="50.97115500229495" lon="5.157305003510615">
    <ele>26.11</ele>
   </trkpt>
   <trkpt lat="50.97139000000001" lon="5.156580000000001">
    <ele>28.3</ele>
   </trkpt>
   <trkpt lat="50.971740000000004" lon="5.155390000000001">
    <ele>30.680000000000003</ele>
   </trkpt>
   <trkpt lat="50.972034030656424" lon="5.154050033948426">
    <ele>32.67</ele>
   </trkpt>
   <trkpt lat="50.97232804598312" lon="5.152710050930726">
    <ele>30.810000000000002</ele>
   </trkpt>
   <trkpt lat="50.972622045979705" lon="5.151370050947397">
    <ele>29.1</ele>
   </trkpt>
   <trkpt lat="50.97291603064585" lon="5.150030033998928">
    <ele>27.750000000000004</ele>
   </trkpt>
   <trkpt lat="50.97321" lon="5.14869">
    <ele>27.19</ele>
   </trkpt>
   <trkpt lat="50.973463343110154" lon="5.147620011664648">
    <ele>26.580000000000002</ele>
   </trkpt>
   <trkpt lat="50.973716676445676" lon="5.146550011655579">
    <ele>26.42</ele>
   </trkpt>
   <trkpt lat="50.97397" lon="5.14548">
    <ele>26.44</ele>
   </trkpt>
   <trkpt lat="50.974270000000004" lon="5.145580000000001">
    <ele>25.07</ele>
   </trkpt>
   <trkpt lat="50.9748" lon="5.1458">
    <ele>24.380000000000003</ele>
   </trkpt>
   <trkpt lat="50.975460000000005" lon="5.145840000000001">
    <ele>23.630000000000003</ele>
   </trkpt>
   <trkpt lat="50.975820000000006" lon="5.1458200000000005">
    <ele>23.31</ele>
   </trkpt>
   <trkpt lat="50.9761" lon="5.14574">
    <ele>22.990000000000002</ele>
   </trkpt>
   <trkpt lat="50.97612" lon="5.14573">
    <ele>22.990000000000002</ele>
   </trkpt>
   <trkpt lat="50.976600000000005" lon="5.1456100000000005">
    <ele>22.96</ele>
   </trkpt>
   <trkpt lat="50.976690000000005" lon="5.14557">
    <ele>23.110000000000003</ele>
   </trkpt>
   <trkpt lat="50.976760000000006" lon="5.145510000000001">
    <ele>23.110000000000003</ele>
   </trkpt>
   <trkpt lat="50.976890000000004" lon="5.1456800000000005">
    <ele>23.020000000000003</ele>
   </trkpt>
   <trkpt lat="50.976980000000005" lon="5.1458900000000005">
    <ele>22.770000000000003</ele>
   </trkpt>
   <trkpt lat="50.977160000000005" lon="5.14646">
    <ele>22.740000000000002</ele>
   </trkpt>
   <trkpt lat="50.97721000000001" lon="5.1465700000000005">
    <ele>22.740000000000002</ele>
   </trkpt>
   <trkpt lat="50.97729" lon="5.14663">
    <ele>22.73</ele>
   </trkpt>
   <trkpt lat="50.97800500058711" lon="5.146989994473664">
    <ele>22.28</ele>
   </trkpt>
   <trkpt lat="50.97872" lon="5.14735">
    <ele>22.47</ele>
   </trkpt>
   <trkpt lat="50.97887000000001" lon="5.14735">
    <ele>22.47</ele>
   </trkpt>
   <trkpt lat="50.97898000000001" lon="5.14728">
    <ele>22.37</ele>
   </trkpt>
   <trkpt lat="50.97943" lon="5.146800000000001">
    <ele>22.45</ele>
   </trkpt>
   <trkpt lat="50.9795" lon="5.14677">
    <ele>22.490000000000002</ele>
   </trkpt>
   <trkpt lat="50.97957" lon="5.146780000000001">
    <ele>22.490000000000002</ele>
   </trkpt>
   <trkpt lat="50.979600000000005" lon="5.14681">
    <ele>22.490000000000002</ele>
   </trkpt>
   <trkpt lat="50.97975" lon="5.1471">
    <ele>22.02</ele>
   </trkpt>
   <trkpt lat="50.98024000569634" lon="5.148264987474255">
    <ele>22.27</ele>
   </trkpt>
   <trkpt lat="50.98073" lon="5.149430000000001">
    <ele>23.330000000000002</ele>
   </trkpt>
   <trkpt lat="50.980740000000004" lon="5.149450000000001">
    <ele>23.360000000000003</ele>
   </trkpt>
   <trkpt lat="50.980900000000005" lon="5.14984">
    <ele>23.91</ele>
   </trkpt>
   <trkpt lat="50.98137750839927" lon="5.149030024996203">
    <ele>23.83</ele>
   </trkpt>
   <trkpt lat="50.98185501119755" lon="5.148220033331288">
    <ele>23.76</ele>
   </trkpt>
   <trkpt lat="50.98233250839464" lon="5.147410025004826">
    <ele>23.73</ele>
   </trkpt>
   <trkpt lat="50.98281" lon="5.1466">
    <ele>23.41</ele>
   </trkpt>
   <trkpt lat="50.98299" lon="5.1463600000000005">
    <ele>23.22</ele>
   </trkpt>
   <trkpt lat="50.98312000000001" lon="5.1462200000000005">
    <ele>23.15</ele>
   </trkpt>
   <trkpt lat="50.983250000000005" lon="5.14611">
    <ele>23.15</ele>
   </trkpt>
   <trkpt lat="50.98350000000001" lon="5.145980000000001">
    <ele>23.160000000000004</ele>
   </trkpt>
   <trkpt lat="50.983560000000004" lon="5.145930000000001">
    <ele>23.14</ele>
   </trkpt>
   <trkpt lat="50.983975001541836" lon="5.145350005036821">
    <ele>22.96</ele>
   </trkpt>
   <trkpt lat="50.984390000000005" lon="5.14477">
    <ele>22.860000000000003</ele>
   </trkpt>
   <trkpt lat="50.98461" lon="5.14451">
    <ele>22.98</ele>
   </trkpt>
   <trkpt lat="50.98476" lon="5.144380000000001">
    <ele>22.94</ele>
   </trkpt>
   <trkpt lat="50.98523000039583" lon="5.144095002855723">
    <ele>22.820000000000004</ele>
   </trkpt>
   <trkpt lat="50.9857" lon="5.14381">
    <ele>22.96</ele>
   </trkpt>
   <trkpt lat="50.98584" lon="5.14374">
    <ele>23.020000000000003</ele>
   </trkpt>
   <trkpt lat="50.986290000000004" lon="5.1436">
    <ele>23.180000000000003</ele>
   </trkpt>
   <trkpt lat="50.986580000000004" lon="5.14364">
    <ele>23.020000000000003</ele>
   </trkpt>
   <trkpt lat="50.986720000000005" lon="5.143610000000001">
    <ele>23.03</ele>
   </trkpt>
   <trkpt lat="50.98682" lon="5.143540000000001">
    <ele>23.03</ele>
   </trkpt>
   <trkpt lat="50.98691" lon="5.14344">
    <ele>23.180000000000003</ele>
   </trkpt>
   <trkpt lat="50.98716" lon="5.14301">
    <ele>23.020000000000003</ele>
   </trkpt>
   <trkpt lat="50.98724000000001" lon="5.1429100000000005">
    <ele>23.020000000000003</ele>
   </trkpt>
   <trkpt lat="50.98736" lon="5.14285">
    <ele>22.990000000000002</ele>
   </trkpt>
   <trkpt lat="50.98772" lon="5.1428">
    <ele>23.080000000000002</ele>
   </trkpt>
   <trkpt lat="50.987840000000006" lon="5.1427700000000005">
    <ele>23.080000000000002</ele>
   </trkpt>
   <trkpt lat="50.98798000000001" lon="5.14269">
    <ele>22.950000000000003</ele>
   </trkpt>
   <trkpt lat="50.98805" lon="5.142510000000001">
    <ele>22.950000000000003</ele>
   </trkpt>
   <trkpt lat="50.988440000000004" lon="5.141850000000001">
    <ele>22.240000000000002</ele>
   </trkpt>
   <trkpt lat="50.988640000000004" lon="5.14147">
    <ele>22.35</ele>
   </trkpt>
   <trkpt lat="50.98884" lon="5.14097">
    <ele>22.73</ele>
   </trkpt>
   <trkpt lat="50.98888" lon="5.14083">
    <ele>22.73</ele>
   </trkpt>
   <trkpt lat="50.988870000000006" lon="5.14057">
    <ele>22.73</ele>
   </trkpt>
   <trkpt lat="50.988620000000004" lon="5.13947">
    <ele>22.62</ele>
   </trkpt>
   <trkpt lat="50.988530000000004" lon="5.13931">
    <ele>22.680000000000003</ele>
   </trkpt>
   <trkpt lat="50.988200000000006" lon="5.1389000000000005">
    <ele>22.72</ele>
   </trkpt>
   <trkpt lat="50.98807000000001" lon="5.13879">
    <ele>22.72</ele>
   </trkpt>
   <trkpt lat="50.98787" lon="5.13869">
    <ele>22.7</ele>
   </trkpt>
   <trkpt lat="50.98772" lon="5.13856">
    <ele>22.71</ele>
   </trkpt>
   <trkpt lat="50.98731667126163" lon="5.137829987396633">
    <ele>22.650000000000002</ele>
   </trkpt>
   <trkpt lat="50.98691333797393" lon="5.137099987479413">
    <ele>22.73</ele>
   </trkpt>
   <trkpt lat="50.98651" lon="5.13637">
    <ele>22.9</ele>
   </trkpt>
   <trkpt lat="50.986430000000006" lon="5.136080000000001">
    <ele>22.930000000000003</ele>
   </trkpt>
   <trkpt lat="50.986350004891506" lon="5.135009998217591">
    <ele>22.92</ele>
   </trkpt>
   <trkpt lat="50.986270000000005" lon="5.133940000000001">
    <ele>22.830000000000002</ele>
   </trkpt>
   <trkpt lat="50.98622" lon="5.13353">
    <ele>22.830000000000002</ele>
   </trkpt>
   <trkpt lat="50.986000000000004" lon="5.132230000000001">
    <ele>22.71</ele>
   </trkpt>
   <trkpt lat="50.985820000000004" lon="5.13138">
    <ele>22.480000000000004</ele>
   </trkpt>
   <trkpt lat="50.985760000000006" lon="5.13088">
    <ele>22.400000000000002</ele>
   </trkpt>
   <trkpt lat="50.98577" lon="5.1303600000000005">
    <ele>22.42</ele>
   </trkpt>
   <trkpt lat="50.98575" lon="5.129910000000001">
    <ele>22.490000000000002</ele>
   </trkpt>
   <trkpt lat="50.985530000000004" lon="5.12936">
    <ele>22.490000000000002</ele>
   </trkpt>
   <trkpt lat="50.98574000000001" lon="5.1299">
    <ele>22.490000000000002</ele>
   </trkpt>
   <trkpt lat="50.985485001901516" lon="5.1292349963833">
    <ele>22.240000000000002</ele>
   </trkpt>
   <trkpt lat="50.98523" lon="5.128570000000001">
    <ele>21.970000000000002</ele>
   </trkpt>
   <trkpt lat="50.98500000000001" lon="5.12805">
    <ele>22.650000000000002</ele>
   </trkpt>
   <trkpt lat="50.985835000308505" lon="5.127800004484431">
    <ele>22.650000000000002</ele>
   </trkpt>
   <trkpt lat="50.986670000000004" lon="5.12755">
    <ele>22.740000000000002</ele>
   </trkpt>
   <trkpt lat="50.98738000101942" lon="5.127203343941607">
    <ele>22.44</ele>
   </trkpt>
   <trkpt lat="50.98809000101292" lon="5.126856677278312">
    <ele>22.46</ele>
   </trkpt>
   <trkpt lat="50.988800000000005" lon="5.126510000000001">
    <ele>22.29</ele>
   </trkpt>
   <trkpt lat="50.98895" lon="5.12645">
    <ele>22.29</ele>
   </trkpt>
   <trkpt lat="50.98969500005461" lon="5.126290002579916">
    <ele>22.92</ele>
   </trkpt>
   <trkpt lat="50.99044000000001" lon="5.126130000000001">
    <ele>23.24</ele>
   </trkpt>
   <trkpt lat="50.990640000000006" lon="5.126130000000001">
    <ele>23.48</ele>
   </trkpt>
   <trkpt lat="50.990860000000005" lon="5.1261600000000005">
    <ele>23.48</ele>
   </trkpt>
   <trkpt lat="50.99116" lon="5.1263000000000005">
    <ele>23.860000000000003</ele>
   </trkpt>
   <trkpt lat="50.9915" lon="5.126580000000001">
    <ele>24.220000000000002</ele>
   </trkpt>
   <trkpt lat="50.99195500093028" lon="5.127064995166573">
    <ele>24.64</ele>
   </trkpt>
   <trkpt lat="50.99241000000001" lon="5.12755">
    <ele>25.16</ele>
   </trkpt>
   <trkpt lat="50.99268000000001" lon="5.127910000000001">
    <ele>25.150000000000002</ele>
   </trkpt>
   <trkpt lat="50.992920000000005" lon="5.12837">
    <ele>25.23</ele>
   </trkpt>
   <trkpt lat="50.99334753325201" lon="5.129424931967244">
    <ele>25.640000000000004</ele>
   </trkpt>
   <trkpt lat="50.993775057003894" lon="5.13047988337146">
    <ele>25.910000000000004</ele>
   </trkpt>
   <trkpt lat="50.9942025712553" lon="5.131534854212869">
    <ele>25.84</ele>
   </trkpt>
   <trkpt lat="50.994630076005926" lon="5.132589844491695">
    <ele>25.69</ele>
   </trkpt>
   <trkpt lat="50.99505757125543" lon="5.133644854208158">
    <ele>25.17</ele>
   </trkpt>
   <trkpt lat="50.995485057003535" lon="5.134699883362484">
    <ele>24.71</ele>
   </trkpt>
   <trkpt lat="50.995912533249886" lon="5.135754931954892">
    <ele>24.57</ele>
   </trkpt>
   <trkpt lat="50.996340000000004" lon="5.1368100000000005">
    <ele>24.810000000000002</ele>
   </trkpt>
   <trkpt lat="50.996460000000006" lon="5.1370700000000005">
    <ele>24.810000000000002</ele>
   </trkpt>
   <trkpt lat="50.99686000238884" lon="5.1378249934085325">
    <ele>25.18</ele>
   </trkpt>
   <trkpt lat="50.997260000000004" lon="5.13858">
    <ele>26.09</ele>
   </trkpt>
   <trkpt lat="50.99751000201652" lon="5.1392699962396255">
    <ele>26.21</ele>
   </trkpt>
   <trkpt lat="50.99776000000001" lon="5.13996">
    <ele>26.900000000000002</ele>
   </trkpt>
   <trkpt lat="50.99807500177192" lon="5.140604995613704">
    <ele>27.76</ele>
   </trkpt>
   <trkpt lat="50.99839000000001" lon="5.14125">
    <ele>28.16</ele>
   </trkpt>
   <trkpt lat="50.998650000000005" lon="5.141870000000001">
    <ele>28.040000000000003</ele>
   </trkpt>
   <trkpt lat="50.998870000000004" lon="5.1416200000000005">
    <ele>29.14</ele>
   </trkpt>
   <trkpt lat="50.99916" lon="5.14137">
    <ele>29.78</ele>
   </trkpt>
   <trkpt lat="50.99945" lon="5.14107">
    <ele>30.26</ele>
   </trkpt>
   <trkpt lat="50.99982000099503" lon="5.140600003681686">
    <ele>30.36</ele>
   </trkpt>
   <trkpt lat="51.00019" lon="5.14013">
    <ele>30.220000000000002</ele>
   </trkpt>
   <trkpt lat="51.00076000000001" lon="5.139460000000001">
    <ele>29.78</ele>
   </trkpt>
   <trkpt lat="51.001155001178496" lon="5.138955004184327">
    <ele>29.560000000000002</ele>
   </trkpt>
   <trkpt lat="51.00155" lon="5.138450000000001">
    <ele>29.32</ele>
   </trkpt>
   <trkpt lat="51.002204025764904" lon="5.137631103908069">
    <ele>29.200000000000003</ele>
   </trkpt>
   <trkpt lat="51.0028580458056" lon="5.136812184727398">
    <ele>28.73</ele>
   </trkpt>
   <trkpt lat="51.00351206012183" lon="5.135993242457003">
    <ele>28.71</ele>
   </trkpt>
   <trkpt lat="51.00416606871325" lon="5.135174277095893">
    <ele>28.51</ele>
   </trkpt>
   <trkpt lat="51.004820071579594" lon="5.134355288643083">
    <ele>29.060000000000002</ele>
   </trkpt>
   <trkpt lat="51.00547406872058" lon="5.133536277097583">
    <ele>30.060000000000002</ele>
   </trkpt>
   <trkpt lat="51.00612806013587" lon="5.1327172424584075">
    <ele>31.6</ele>
   </trkpt>
   <trkpt lat="51.00678204582522" lon="5.131898184724565">
    <ele>34.010000000000005</ele>
   </trkpt>
   <trkpt lat="51.007436025788294" lon="5.13107910389507">
    <ele>36.50000000000001</ele>
   </trkpt>
   <trkpt lat="51.00809" lon="5.130260000000001">
    <ele>39.43</ele>
   </trkpt>
   <trkpt lat="51.00808000000001" lon="5.130260000000001">
    <ele>39.43</ele>
   </trkpt>
   <trkpt lat="51.008684009763016" lon="5.1295040393707625">
    <ele>42.620000000000005</ele>
   </trkpt>
   <trkpt lat="51.00928801464814" lon="5.128748059052701">
    <ele>45.02</ele>
   </trkpt>
   <trkpt lat="51.00989201465511" lon="5.127992059045036">
    <ele>43.60000000000001</ele>
   </trkpt>
   <trkpt lat="51.01049600978372" lon="5.127236039346991">
    <ele>40.81</ele>
   </trkpt>
   <trkpt lat="51.011100000000006" lon="5.126480000000001">
    <ele>37.2</ele>
   </trkpt>
   <trkpt lat="51.011520000000004" lon="5.125970000000001">
    <ele>35.45</ele>
   </trkpt>
  </trkseg>
 </trk>
</gpx>
