<?xml version="1.0" encoding="UTF-8"?>
<gpx creator="StravaGPX" version="1.1" xmlns="http://www.topografix.com/GPX/1/1" xmlns:xsi="http://www.w3.org/2001/XMLSchema-instance" xsi:schemaLocation="http://www.topografix.com/GPX/1/1 http://www.topografix.com/GPX/1/1/gpx.xsd">
 <metadata>
  <name>Twan - Lilse bergen </name>
  <author>
   <name>Joeri Scapicchio</name>
   <link href="https://www.strava.com/athletes/2447439"/>
  </author>
  <copyright author="OpenStreetMap contributors">
   <year>2020</year>
   <license>https://www.openstreetmap.org/copyright</license>
  </copyright>
  <link href="https://www.strava.com/routes/3254104551846786626"/>
 </metadata>
 <trk>
  <name>Twan - Lilse bergen </name>
  <link href="https://www.strava.com/routes/3254104551846786626"/>
  <type>cycling</type>
  <trkseg>
   <trkpt lat="51.072480000000006" lon="5.083830000000001">
    <ele>22.240000000000002</ele>
   </trkpt>
   <trkpt lat="51.073200005970016" lon="5.082993359370715">
    <ele>22.150000000000002</ele>
   </trkpt>
   <trkpt lat="51.07392000596818" lon="5.082156692706706">
    <ele>21.970000000000002</ele>
   </trkpt>
   <trkpt lat="51.07464" lon="5.081320000000001">
    <ele>22.340000000000003</ele>
   </trkpt>
   <trkpt lat="51.074740000000006" lon="5.081300000000001">
    <ele>22.430000000000003</ele>
   </trkpt>
   <trkpt lat="51.074920000000006" lon="5.081110000000001">
    <ele>22.55</ele>
   </trkpt>
   <trkpt lat="51.07558000752837" lon="5.080342532852798">
    <ele>23.64</ele>
   </trkpt>
   <trkpt lat="51.076240010031704" lon="5.079575043811698">
    <ele>26.400000000000002</ele>
   </trkpt>
   <trkpt lat="51.076900007509764" lon="5.078807532875727">
    <ele>29.26</ele>
   </trkpt>
   <trkpt lat="51.077560000000005" lon="5.0780400000000006">
    <ele>28.91</ele>
   </trkpt>
   <trkpt lat="51.077950000889274" lon="5.077605003575047">
    <ele>26.830000000000002</ele>
   </trkpt>
   <trkpt lat="51.078340000000004" lon="5.077170000000001">
    <ele>24.78</ele>
   </trkpt>
   <trkpt lat="51.07869" lon="5.07673">
    <ele>23.73</ele>
   </trkpt>
   <trkpt lat="51.07876" lon="5.07669">
    <ele>23.73</ele>
   </trkpt>
   <trkpt lat="51.079125000693075" lon="5.0762500036311975">
    <ele>22.520000000000003</ele>
   </trkpt>
   <trkpt lat="51.07949000000001" lon="5.075810000000001">
    <ele>21.94</ele>
   </trkpt>
   <trkpt lat="51.079570000000004" lon="5.07575">
    <ele>21.53</ele>
   </trkpt>
   <trkpt lat="51.080278011473155" lon="5.074930050194125">
    <ele>20.69</ele>
   </trkpt>
   <trkpt lat="51.08098601721071" lon="5.074110075291633">
    <ele>20.71</ele>
   </trkpt>
   <trkpt lat="51.08169401721232" lon="5.073290075291326">
    <ele>21.060000000000002</ele>
   </trkpt>
   <trkpt lat="51.0824020114777" lon="5.072470050192005">
    <ele>21.220000000000002</ele>
   </trkpt>
   <trkpt lat="51.083110000000005" lon="5.07165">
    <ele>21.5</ele>
   </trkpt>
   <trkpt lat="51.08315" lon="5.071490000000001">
    <ele>21.580000000000002</ele>
   </trkpt>
   <trkpt lat="51.08326" lon="5.07136">
    <ele>21.5</ele>
   </trkpt>
   <trkpt lat="51.08355" lon="5.0711">
    <ele>21.37</ele>
   </trkpt>
   <trkpt lat="51.084170000620446" lon="5.070680005718692">
    <ele>21.26</ele>
   </trkpt>
   <trkpt lat="51.084790000000005" lon="5.07026">
    <ele>21.080000000000002</ele>
   </trkpt>
   <trkpt lat="51.08478" lon="5.07026">
    <ele>21.080000000000002</ele>
   </trkpt>
   <trkpt lat="51.08532000067018" lon="5.06987500446748">
    <ele>21.0</ele>
   </trkpt>
   <trkpt lat="51.085860000000004" lon="5.06949">
    <ele>21.060000000000002</ele>
   </trkpt>
   <trkpt lat="51.08664000061009" lon="5.069135005953494">
    <ele>20.86</ele>
   </trkpt>
   <trkpt lat="51.08742" lon="5.06878">
    <ele>20.92</ele>
   </trkpt>
   <trkpt lat="51.08753" lon="5.06869">
    <ele>20.92</ele>
   </trkpt>
   <trkpt lat="51.08807667130031" lon="5.067953350741336">
    <ele>20.69</ele>
   </trkpt>
   <trkpt lat="51.088623337971505" lon="5.067216684068854">
    <ele>20.560000000000002</ele>
   </trkpt>
   <trkpt lat="51.08917" lon="5.06648">
    <ele>20.630000000000003</ele>
   </trkpt>
   <trkpt lat="51.08975168020719" lon="5.065683383423706">
    <ele>20.48</ele>
   </trkpt>
   <trkpt lat="51.09033335500098" lon="5.0648867468088445">
    <ele>20.650000000000002</ele>
   </trkpt>
   <trkpt lat="51.090915024381125" lon="5.0640900901546795">
    <ele>20.52</ele>
   </trkpt>
   <trkpt lat="51.09149668834738" lon="5.063293413460478">
    <ele>20.450000000000003</ele>
   </trkpt>
   <trkpt lat="51.0920783468995" lon="5.062496716725508">
    <ele>20.42</ele>
   </trkpt>
   <trkpt lat="51.09266" lon="5.0617">
    <ele>20.240000000000002</ele>
   </trkpt>
   <trkpt lat="51.09330333808939" lon="5.060953354108106">
    <ele>20.19</ele>
   </trkpt>
   <trkpt lat="51.09394667142335" lon="5.060206687441114">
    <ele>20.05</ele>
   </trkpt>
   <trkpt lat="51.094590000000004" lon="5.0594600000000005">
    <ele>19.85</ele>
   </trkpt>
   <trkpt lat="51.09510000293131" lon="5.058873346279709">
    <ele>19.650000000000002</ele>
   </trkpt>
   <trkpt lat="51.09561000292686" lon="5.058286679618337">
    <ele>19.44</ele>
   </trkpt>
   <trkpt lat="51.096120000000006" lon="5.0577000000000005">
    <ele>19.39</ele>
   </trkpt>
   <trkpt lat="51.096540000000005" lon="5.05719">
    <ele>19.39</ele>
   </trkpt>
   <trkpt lat="51.096740000000004" lon="5.05687">
    <ele>19.39</ele>
   </trkpt>
   <trkpt lat="51.09691" lon="5.05653">
    <ele>19.39</ele>
   </trkpt>
   <trkpt lat="51.097270004268665" lon="5.055530007775515">
    <ele>19.33</ele>
   </trkpt>
   <trkpt lat="51.09763" lon="5.054530000000001">
    <ele>19.46</ele>
   </trkpt>
   <trkpt lat="51.09780000000001" lon="5.054130000000001">
    <ele>19.57</ele>
   </trkpt>
   <trkpt lat="51.098000000000006" lon="5.053800000000001">
    <ele>19.19</ele>
   </trkpt>
   <trkpt lat="51.09821" lon="5.05348">
    <ele>19.12</ele>
   </trkpt>
   <trkpt lat="51.09846" lon="5.0532">
    <ele>19.64</ele>
   </trkpt>
   <trkpt lat="51.09881000000001" lon="5.052910000000001">
    <ele>20.130000000000003</ele>
   </trkpt>
   <trkpt lat="51.09893" lon="5.05283">
    <ele>20.59</ele>
   </trkpt>
   <trkpt lat="51.09930000000001" lon="5.05267">
    <ele>21.51</ele>
   </trkpt>
   <trkpt lat="51.099560000000004" lon="5.05262">
    <ele>22.830000000000002</ele>
   </trkpt>
   <trkpt lat="51.10040500015696" lon="5.052536674281621">
    <ele>25.1</ele>
   </trkpt>
   <trkpt lat="51.1012500002547" lon="5.05245334551718">
    <ele>25.17</ele>
   </trkpt>
   <trkpt lat="51.102095000293204" lon="5.052370013706474">
    <ele>21.900000000000002</ele>
   </trkpt>
   <trkpt lat="51.10294000027249" lon="5.052286678849302">
    <ele>19.91</ele>
   </trkpt>
   <trkpt lat="51.103785000192524" lon="5.052203340945459">
    <ele>19.46</ele>
   </trkpt>
   <trkpt lat="51.10463000000001" lon="5.05212">
    <ele>19.880000000000003</ele>
   </trkpt>
   <trkpt lat="51.105030000000006" lon="5.052090000000001">
    <ele>20.69</ele>
   </trkpt>
   <trkpt lat="51.10524" lon="5.052110000000001">
    <ele>20.990000000000002</ele>
   </trkpt>
   <trkpt lat="51.105450000000005" lon="5.0521400000000005">
    <ele>21.41</ele>
   </trkpt>
   <trkpt lat="51.10544" lon="5.05224">
    <ele>21.41</ele>
   </trkpt>
   <trkpt lat="51.105610000000006" lon="5.05227">
    <ele>21.87</ele>
   </trkpt>
   <trkpt lat="51.105990000000006" lon="5.052420000000001">
    <ele>22.39</ele>
   </trkpt>
   <trkpt lat="51.10669333421469" lon="5.052729990592748">
    <ele>26.1</ele>
   </trkpt>
   <trkpt lat="51.107396667609756" lon="5.053039990619779">
    <ele>28.650000000000002</ele>
   </trkpt>
   <trkpt lat="51.10810000000001" lon="5.05335">
    <ele>29.240000000000002</ele>
   </trkpt>
   <trkpt lat="51.10882" lon="5.05365">
    <ele>25.6</ele>
   </trkpt>
   <trkpt lat="51.10905" lon="5.0536900000000005">
    <ele>24.75</ele>
   </trkpt>
   <trkpt lat="51.10929" lon="5.0537">
    <ele>23.770000000000003</ele>
   </trkpt>
   <trkpt lat="51.109570000000005" lon="5.053640000000001">
    <ele>23.110000000000003</ele>
   </trkpt>
   <trkpt lat="51.10976" lon="5.053570000000001">
    <ele>23.160000000000004</ele>
   </trkpt>
   <trkpt lat="51.109950000000005" lon="5.053470000000001">
    <ele>23.14</ele>
   </trkpt>
   <trkpt lat="51.110170000000004" lon="5.0533">
    <ele>23.44</ele>
   </trkpt>
   <trkpt lat="51.1103" lon="5.053170000000001">
    <ele>23.82</ele>
   </trkpt>
   <trkpt lat="51.11055" lon="5.05287">
    <ele>24.64</ele>
   </trkpt>
   <trkpt lat="51.111160002685615" lon="5.052080010396374">
    <ele>26.64</ele>
   </trkpt>
   <trkpt lat="51.11177000000001" lon="5.051290000000001">
    <ele>28.51</ele>
   </trkpt>
   <trkpt lat="51.111990000000006" lon="5.051030000000001">
    <ele>29.820000000000004</ele>
   </trkpt>
   <trkpt lat="51.112320000000004" lon="5.05072">
    <ele>30.12</ele>
   </trkpt>
   <trkpt lat="51.112640000000006" lon="5.050490000000001">
    <ele>31.560000000000006</ele>
   </trkpt>
   <trkpt lat="51.11280000000001" lon="5.05041">
    <ele>31.560000000000006</ele>
   </trkpt>
   <trkpt lat="51.113200000000006" lon="5.05027">
    <ele>33.57</ele>
   </trkpt>
   <trkpt lat="51.11341" lon="5.05023">
    <ele>33.57</ele>
   </trkpt>
   <trkpt lat="51.113800000000005" lon="5.0502">
    <ele>34.60000000000001</ele>
   </trkpt>
   <trkpt lat="51.113850000000006" lon="5.04914">
    <ele>34.260000000000005</ele>
   </trkpt>
   <trkpt lat="51.11356000000001" lon="5.04887">
    <ele>33.620000000000005</ele>
   </trkpt>
   <trkpt lat="51.11341" lon="5.04868">
    <ele>33.230000000000004</ele>
   </trkpt>
   <trkpt lat="51.113290000000006" lon="5.04846">
    <ele>33.04</ele>
   </trkpt>
   <trkpt lat="51.11319" lon="5.0481300000000005">
    <ele>33.04</ele>
   </trkpt>
   <trkpt lat="51.11307000000001" lon="5.047610000000001">
    <ele>31.990000000000006</ele>
   </trkpt>
   <trkpt lat="51.112975003005545" lon="5.046769998243108">
    <ele>31.720000000000006</ele>
   </trkpt>
   <trkpt lat="51.112880000000004" lon="5.04593">
    <ele>31.05</ele>
   </trkpt>
   <trkpt lat="51.112820000000006" lon="5.0450800000000005">
    <ele>30.45</ele>
   </trkpt>
   <trkpt lat="51.11283" lon="5.044630000000001">
    <ele>29.86</ele>
   </trkpt>
   <trkpt lat="51.112860000000005" lon="5.044250000000001">
    <ele>29.300000000000004</ele>
   </trkpt>
   <trkpt lat="51.11306000257489" lon="5.04346500360521">
    <ele>28.560000000000002</ele>
   </trkpt>
   <trkpt lat="51.113260000000004" lon="5.042680000000001">
    <ele>27.42</ele>
   </trkpt>
   <trkpt lat="51.113330000000005" lon="5.04225">
    <ele>27.21</ele>
   </trkpt>
   <trkpt lat="51.11338000000001" lon="5.041720000000001">
    <ele>26.96</ele>
   </trkpt>
   <trkpt lat="51.11347000000001" lon="5.040870000000001">
    <ele>26.17</ele>
   </trkpt>
   <trkpt lat="51.113620000000004" lon="5.03988">
    <ele>24.91</ele>
   </trkpt>
   <trkpt lat="51.113670000000006" lon="5.03915">
    <ele>23.880000000000003</ele>
   </trkpt>
   <trkpt lat="51.11375" lon="5.03842">
    <ele>22.950000000000003</ele>
   </trkpt>
   <trkpt lat="51.11377" lon="5.038">
    <ele>22.840000000000003</ele>
   </trkpt>
   <trkpt lat="51.113820000000004" lon="5.03791">
    <ele>22.840000000000003</ele>
   </trkpt>
   <trkpt lat="51.113870000000006" lon="5.03789">
    <ele>22.62</ele>
   </trkpt>
   <trkpt lat="51.11406" lon="5.03791">
    <ele>22.500000000000004</ele>
   </trkpt>
   <trkpt lat="51.114250000000006" lon="5.038">
    <ele>22.150000000000002</ele>
   </trkpt>
   <trkpt lat="51.114360000000005" lon="5.0379700000000005">
    <ele>21.96</ele>
   </trkpt>
   <trkpt lat="51.115140000000004" lon="5.0375000000000005">
    <ele>21.2</ele>
   </trkpt>
   <trkpt lat="51.115660000196634" lon="5.037220003225246">
    <ele>20.240000000000002</ele>
   </trkpt>
   <trkpt lat="51.11618000000001" lon="5.03694">
    <ele>20.44</ele>
   </trkpt>
   <trkpt lat="51.116240000000005" lon="5.03692">
    <ele>20.44</ele>
   </trkpt>
   <trkpt lat="51.1163" lon="5.03694">
    <ele>20.53</ele>
   </trkpt>
   <trkpt lat="51.116330000000005" lon="5.0368">
    <ele>20.46</ele>
   </trkpt>
   <trkpt lat="51.11675500137635" lon="5.037369994744764">
    <ele>19.58</ele>
   </trkpt>
   <trkpt lat="51.117180000000005" lon="5.037940000000001">
    <ele>20.39</ele>
   </trkpt>
   <trkpt lat="51.11753" lon="5.03758">
    <ele>20.040000000000003</ele>
   </trkpt>
   <trkpt lat="51.11759000000001" lon="5.03755">
    <ele>20.040000000000003</ele>
   </trkpt>
   <trkpt lat="51.117900000000006" lon="5.03756">
    <ele>19.73</ele>
   </trkpt>
   <trkpt lat="51.1184" lon="5.037610000000001">
    <ele>20.0</ele>
   </trkpt>
   <trkpt lat="51.118500000000004" lon="5.03765">
    <ele>20.0</ele>
   </trkpt>
   <trkpt lat="51.11889000000001" lon="5.038">
    <ele>20.080000000000002</ele>
   </trkpt>
   <trkpt lat="51.11929000000001" lon="5.0385">
    <ele>20.51</ele>
   </trkpt>
   <trkpt lat="51.11937" lon="5.0385100000000005">
    <ele>20.470000000000002</ele>
   </trkpt>
   <trkpt lat="51.11945000000001" lon="5.03847">
    <ele>20.470000000000002</ele>
   </trkpt>
   <trkpt lat="51.119600000000005" lon="5.03835">
    <ele>20.19</ele>
   </trkpt>
   <trkpt lat="51.12003000000001" lon="5.03798">
    <ele>20.03</ele>
   </trkpt>
   <trkpt lat="51.120180000000005" lon="5.037920000000001">
    <ele>20.130000000000003</ele>
   </trkpt>
   <trkpt lat="51.12039000000001" lon="5.037310000000001">
    <ele>20.18</ele>
   </trkpt>
   <trkpt lat="51.12050000000001" lon="5.03704">
    <ele>20.32</ele>
   </trkpt>
   <trkpt lat="51.120810001254775" lon="5.03648500382929">
    <ele>20.46</ele>
   </trkpt>
   <trkpt lat="51.121120000000005" lon="5.0359300000000005">
    <ele>20.450000000000003</ele>
   </trkpt>
   <trkpt lat="51.121210000000005" lon="5.035830000000001">
    <ele>20.48</ele>
   </trkpt>
   <trkpt lat="51.12145" lon="5.035640000000001">
    <ele>20.290000000000003</ele>
   </trkpt>
   <trkpt lat="51.12180000000001" lon="5.035380000000001">
    <ele>20.48</ele>
   </trkpt>
   <trkpt lat="51.12189000000001" lon="5.03528">
    <ele>20.48</ele>
   </trkpt>
   <trkpt lat="51.12174001810461" lon="5.034089988324489">
    <ele>19.6</ele>
   </trkpt>
   <trkpt lat="51.121590024132324" lon="5.032899984376351">
    <ele>19.12</ele>
   </trkpt>
   <trkpt lat="51.12144001808331" lon="5.031709988156117">
    <ele>19.080000000000002</ele>
   </trkpt>
   <trkpt lat="51.12129" lon="5.03052">
    <ele>19.23</ele>
   </trkpt>
   <trkpt lat="51.121133346301434" lon="5.029286658267973">
    <ele>19.250000000000004</ele>
   </trkpt>
   <trkpt lat="51.12097667963043" lon="5.028053324900775">
    <ele>19.73</ele>
   </trkpt>
   <trkpt lat="51.12082" lon="5.026820000000001">
    <ele>20.23</ele>
   </trkpt>
   <trkpt lat="51.121640000544666" lon="5.026612511051256">
    <ele>20.05</ele>
   </trkpt>
   <trkpt lat="51.12246000072216" lon="5.026405014736354">
    <ele>21.26</ele>
   </trkpt>
   <trkpt lat="51.12328000053248" lon="5.0261975110548205">
    <ele>21.2</ele>
   </trkpt>
   <trkpt lat="51.124100000000006" lon="5.02599">
    <ele>21.11</ele>
   </trkpt>
   <trkpt lat="51.12407432981099" lon="5.024677138480339">
    <ele>20.1</ele>
   </trkpt>
   <trkpt lat="51.12404864492305" lon="5.02336427842028">
    <ele>20.05</ele>
   </trkpt>
   <trkpt lat="51.12402294533625" lon="5.022051419820652">
    <ele>20.360000000000003</ele>
   </trkpt>
   <trkpt lat="51.1239972310506" lon="5.0207385626822925">
    <ele>20.060000000000002</ele>
   </trkpt>
   <trkpt lat="51.12397150206612" lon="5.01942570700603">
    <ele>20.68</ele>
   </trkpt>
   <trkpt lat="51.12394575838287" lon="5.018112852792699">
    <ele>21.05</ele>
   </trkpt>
   <trkpt lat="51.123920000000005" lon="5.016800000000001">
    <ele>20.98</ele>
   </trkpt>
   <trkpt lat="51.123920000000005" lon="5.01681">
    <ele>20.98</ele>
   </trkpt>
   <trkpt lat="51.12389505612432" lon="5.0154387448114415">
    <ele>20.46</ele>
   </trkpt>
   <trkpt lat="51.12387009621309" lon="5.014067491104311">
    <ele>20.310000000000002</ele>
   </trkpt>
   <trkpt lat="51.12384512026631" lon="5.012696238879559">
    <ele>20.68</ele>
   </trkpt>
   <trkpt lat="51.12382012828402" lon="5.011324988138133">
    <ele>20.34</ele>
   </trkpt>
   <trkpt lat="51.123795120266266" lon="5.009953738880983">
    <ele>20.380000000000003</ele>
   </trkpt>
   <trkpt lat="51.12377009621307" lon="5.00858249110906">
    <ele>19.58</ele>
   </trkpt>
   <trkpt lat="51.123745056124456" lon="5.00721124482331">
    <ele>18.500000000000004</ele>
   </trkpt>
   <trkpt lat="51.123720000000006" lon="5.00584">
    <ele>18.250000000000004</ele>
   </trkpt>
   <trkpt lat="51.12369000421906" lon="5.0048449992733905">
    <ele>17.7</ele>
   </trkpt>
   <trkpt lat="51.12366" lon="5.003850000000001">
    <ele>18.28</ele>
   </trkpt>
   <trkpt lat="51.12435500085973" lon="5.003597511381372">
    <ele>18.76</ele>
   </trkpt>
   <trkpt lat="51.125050001175794" lon="5.003345015164733">
    <ele>19.630000000000003</ele>
   </trkpt>
   <trkpt lat="51.12574500094814" lon="5.003092511349672">
    <ele>19.450000000000003</ele>
   </trkpt>
   <trkpt lat="51.12644" lon="5.002840000000001">
    <ele>19.35</ele>
   </trkpt>
   <trkpt lat="51.126560000000005" lon="5.002770000000001">
    <ele>19.35</ele>
   </trkpt>
   <trkpt lat="51.126360000000005" lon="5.00211">
    <ele>18.45</ele>
   </trkpt>
   <trkpt lat="51.126180000000005" lon="5.00105">
    <ele>18.1</ele>
   </trkpt>
   <trkpt lat="51.126090005212696" lon="4.999944997924449">
    <ele>17.88</ele>
   </trkpt>
   <trkpt lat="51.126000000000005" lon="4.99884">
    <ele>17.87</ele>
   </trkpt>
   <trkpt lat="51.12585001554506" lon="4.997489991258212">
    <ele>16.84</ele>
   </trkpt>
   <trkpt lat="51.12570001554793" lon="4.9961399912842825">
    <ele>16.78</ele>
   </trkpt>
   <trkpt lat="51.125550000000004" lon="4.99479">
    <ele>16.75</ele>
   </trkpt>
   <trkpt lat="51.125550000000004" lon="4.9939100000000005">
    <ele>16.650000000000002</ele>
   </trkpt>
   <trkpt lat="51.125510000000006" lon="4.99347">
    <ele>16.57</ele>
   </trkpt>
   <trkpt lat="51.12521001297475" lon="4.992236650657372">
    <ele>16.55</ele>
   </trkpt>
   <trkpt lat="51.12491001297738" lon="4.991003317335197">
    <ele>16.880000000000003</ele>
   </trkpt>
   <trkpt lat="51.124610000000004" lon="4.98977">
    <ele>17.820000000000004</ele>
   </trkpt>
   <trkpt lat="51.12454" lon="4.98941">
    <ele>18.37</ele>
   </trkpt>
   <trkpt lat="51.12451" lon="4.98908">
    <ele>18.61</ele>
   </trkpt>
   <trkpt lat="51.124500000000005" lon="4.98876">
    <ele>18.98</ele>
   </trkpt>
   <trkpt lat="51.12453000000001" lon="4.988460000000001">
    <ele>19.12</ele>
   </trkpt>
   <trkpt lat="51.12484001201955" lon="4.98727334922051">
    <ele>19.19</ele>
   </trkpt>
   <trkpt lat="51.12515001203037" lon="4.986086682512705">
    <ele>19.28</ele>
   </trkpt>
   <trkpt lat="51.125460000000004" lon="4.9849000000000006">
    <ele>19.450000000000003</ele>
   </trkpt>
   <trkpt lat="51.125600000000006" lon="4.984330000000001">
    <ele>19.49</ele>
   </trkpt>
   <trkpt lat="51.12561" lon="4.983910000000001">
    <ele>19.669999999999998</ele>
   </trkpt>
   <trkpt lat="51.12565000000001" lon="4.98374">
    <ele>19.680000000000003</ele>
   </trkpt>
   <trkpt lat="51.125780000000006" lon="4.983790000000001">
    <ele>19.48</ele>
   </trkpt>
   <trkpt lat="51.12583000000001" lon="4.983750000000001">
    <ele>19.48</ele>
   </trkpt>
   <trkpt lat="51.12599" lon="4.98353">
    <ele>19.71</ele>
   </trkpt>
   <trkpt lat="51.126050000000006" lon="4.9835">
    <ele>19.71</ele>
   </trkpt>
   <trkpt lat="51.12653" lon="4.98362">
    <ele>21.820000000000004</ele>
   </trkpt>
   <trkpt lat="51.12693" lon="4.98367">
    <ele>24.67</ele>
   </trkpt>
   <trkpt lat="51.126960000000004" lon="4.9836">
    <ele>24.67</ele>
   </trkpt>
   <trkpt lat="51.12718" lon="4.9836100000000005">
    <ele>24.39</ele>
   </trkpt>
   <trkpt lat="51.12758" lon="4.98355">
    <ele>23.3</ele>
   </trkpt>
   <trkpt lat="51.12783" lon="4.98348">
    <ele>22.46</ele>
   </trkpt>
   <trkpt lat="51.128060000000005" lon="4.98338">
    <ele>22.230000000000004</ele>
   </trkpt>
   <trkpt lat="51.12838000000001" lon="4.98317">
    <ele>21.86</ele>
   </trkpt>
   <trkpt lat="51.129122503113024" lon="4.982677523747139">
    <ele>20.009999999999998</ele>
   </trkpt>
   <trkpt lat="51.12986500415771" lon="4.982185031658832">
    <ele>18.31</ele>
   </trkpt>
   <trkpt lat="51.13060750313397" lon="4.981692523734196">
    <ele>17.87</ele>
   </trkpt>
   <trkpt lat="51.131350000000005" lon="4.9812">
    <ele>18.02</ele>
   </trkpt>
   <trkpt lat="51.131280000000004" lon="4.980650000000001">
    <ele>17.990000000000002</ele>
   </trkpt>
   <trkpt lat="51.131080000000004" lon="4.9804900000000005">
    <ele>17.96</ele>
   </trkpt>
   <trkpt lat="51.13121" lon="4.98003">
    <ele>16.93</ele>
   </trkpt>
   <trkpt lat="51.131280000000004" lon="4.97984">
    <ele>16.76</ele>
   </trkpt>
   <trkpt lat="51.131460000000004" lon="4.97961">
    <ele>16.560000000000002</ele>
   </trkpt>
   <trkpt lat="51.13195" lon="4.97918">
    <ele>16.830000000000002</ele>
   </trkpt>
   <trkpt lat="51.132160000000006" lon="4.97893">
    <ele>17.19</ele>
   </trkpt>
   <trkpt lat="51.132650000000005" lon="4.978230000000001">
    <ele>18.27</ele>
   </trkpt>
   <trkpt lat="51.13289" lon="4.977790000000001">
    <ele>18.27</ele>
   </trkpt>
   <trkpt lat="51.13318000161785" lon="4.977185003680112">
    <ele>18.8</ele>
   </trkpt>
   <trkpt lat="51.13347" lon="4.97658">
    <ele>19.39</ele>
   </trkpt>
   <trkpt lat="51.133660000000006" lon="4.97623">
    <ele>19.680000000000003</ele>
   </trkpt>
   <trkpt lat="51.133700000000005" lon="4.97618">
    <ele>19.680000000000003</ele>
   </trkpt>
   <trkpt lat="51.13389" lon="4.97566">
    <ele>19.770000000000003</ele>
   </trkpt>
   <trkpt lat="51.13420000218844" lon="4.974940004884496">
    <ele>19.78</ele>
   </trkpt>
   <trkpt lat="51.134510000000006" lon="4.974220000000001">
    <ele>19.55</ele>
   </trkpt>
   <trkpt lat="51.13477" lon="4.97376">
    <ele>19.51</ele>
   </trkpt>
   <trkpt lat="51.13494000000001" lon="4.97353">
    <ele>19.49</ele>
   </trkpt>
   <trkpt lat="51.13537" lon="4.97306">
    <ele>19.180000000000003</ele>
   </trkpt>
   <trkpt lat="51.135470000000005" lon="4.972860000000001">
    <ele>19.040000000000003</ele>
   </trkpt>
   <trkpt lat="51.135830000000006" lon="4.97191">
    <ele>19.090000000000003</ele>
   </trkpt>
   <trkpt lat="51.136070000000004" lon="4.97144">
    <ele>19.990000000000002</ele>
   </trkpt>
   <trkpt lat="51.13629" lon="4.97126">
    <ele>20.1</ele>
   </trkpt>
   <trkpt lat="51.13642" lon="4.9712000000000005">
    <ele>19.930000000000003</ele>
   </trkpt>
   <trkpt lat="51.13667" lon="4.9711300000000005">
    <ele>19.340000000000003</ele>
   </trkpt>
   <trkpt lat="51.13689" lon="4.971100000000001">
    <ele>19.080000000000002</ele>
   </trkpt>
   <trkpt lat="51.13705" lon="4.97112">
    <ele>18.98</ele>
   </trkpt>
   <trkpt lat="51.13745" lon="4.97126">
    <ele>19.12</ele>
   </trkpt>
   <trkpt lat="51.13783" lon="4.97132">
    <ele>19.270000000000003</ele>
   </trkpt>
   <trkpt lat="51.138200000000005" lon="4.97107">
    <ele>19.28</ele>
   </trkpt>
   <trkpt lat="51.138833334542866" lon="4.970706676587056">
    <ele>19.430000000000003</ele>
   </trkpt>
   <trkpt lat="51.13946666796009" lon="4.970343343205766">
    <ele>19.919999999999998</ele>
   </trkpt>
   <trkpt lat="51.140100000000004" lon="4.9699800000000005">
    <ele>19.84</ele>
   </trkpt>
   <trkpt lat="51.140190000000004" lon="4.96996">
    <ele>19.84</ele>
   </trkpt>
   <trkpt lat="51.140440000000005" lon="4.970000000000001">
    <ele>19.860000000000003</ele>
   </trkpt>
   <trkpt lat="51.140530000000005" lon="4.96989">
    <ele>19.900000000000002</ele>
   </trkpt>
   <trkpt lat="51.14092" lon="4.96954">
    <ele>19.87</ele>
   </trkpt>
   <trkpt lat="51.141310000819054" lon="4.969115003537122">
    <ele>20.0</ele>
   </trkpt>
   <trkpt lat="51.14170000000001" lon="4.9686900000000005">
    <ele>20.610000000000003</ele>
   </trkpt>
   <trkpt lat="51.142445001741336" lon="4.968060010125895">
    <ele>20.76</ele>
   </trkpt>
   <trkpt lat="51.143190000000004" lon="4.96743">
    <ele>20.6</ele>
   </trkpt>
   <trkpt lat="51.143370000000004" lon="4.967300000000001">
    <ele>20.6</ele>
   </trkpt>
   <trkpt lat="51.143530000000005" lon="4.967210000000001">
    <ele>20.6</ele>
   </trkpt>
   <trkpt lat="51.14378000000001" lon="4.9671400000000006">
    <ele>20.48</ele>
   </trkpt>
   <trkpt lat="51.1443" lon="4.967040000000001">
    <ele>20.34</ele>
   </trkpt>
   <trkpt lat="51.14486000005099" lon="4.96701500030115">
    <ele>20.0</ele>
   </trkpt>
   <trkpt lat="51.14542" lon="4.96699">
    <ele>20.110000000000003</ele>
   </trkpt>
   <trkpt lat="51.14555000000001" lon="4.96692">
    <ele>20.12</ele>
   </trkpt>
   <trkpt lat="51.14589" lon="4.96642">
    <ele>20.150000000000002</ele>
   </trkpt>
   <trkpt lat="51.145990000000005" lon="4.96631">
    <ele>20.14</ele>
   </trkpt>
   <trkpt lat="51.14622000000001" lon="4.96612">
    <ele>19.87</ele>
   </trkpt>
   <trkpt lat="51.14647" lon="4.965960000000001">
    <ele>19.770000000000003</ele>
   </trkpt>
   <trkpt lat="51.147090000997125" lon="4.9656266755954475">
    <ele>19.85</ele>
   </trkpt>
   <trkpt lat="51.147710001046875" lon="4.965293342235514">
    <ele>20.060000000000002</ele>
   </trkpt>
   <trkpt lat="51.14833" lon="4.9649600000000005">
    <ele>20.21</ele>
   </trkpt>
   <trkpt lat="51.148765000515596" lon="4.964705002263761">
    <ele>20.55</ele>
   </trkpt>
   <trkpt lat="51.14920000000001" lon="4.96445">
    <ele>20.57</ele>
   </trkpt>
   <trkpt lat="51.149350000000005" lon="4.96438">
    <ele>20.48</ele>
   </trkpt>
   <trkpt lat="51.149440000000006" lon="4.96436">
    <ele>20.48</ele>
   </trkpt>
   <trkpt lat="51.14965" lon="4.96438">
    <ele>20.43</ele>
   </trkpt>
   <trkpt lat="51.1499" lon="4.964320000000001">
    <ele>20.17</ele>
   </trkpt>
   <trkpt lat="51.15075500073021" lon="4.963900007792179">
    <ele>20.21</ele>
   </trkpt>
   <trkpt lat="51.151610000000005" lon="4.963480000000001">
    <ele>20.360000000000003</ele>
   </trkpt>
   <trkpt lat="51.152060000000006" lon="4.9634100000000005">
    <ele>20.34</ele>
   </trkpt>
   <trkpt lat="51.15254" lon="4.96337">
    <ele>20.380000000000003</ele>
   </trkpt>
   <trkpt lat="51.152770000000004" lon="4.96328">
    <ele>20.220000000000002</ele>
   </trkpt>
   <trkpt lat="51.153500002486254" lon="4.962743350291181">
    <ele>19.990000000000002</ele>
   </trkpt>
   <trkpt lat="51.15423000251697" lon="4.9622066836022745">
    <ele>19.85</ele>
   </trkpt>
   <trkpt lat="51.15496" lon="4.961670000000001">
    <ele>20.62</ele>
   </trkpt>
   <trkpt lat="51.155010000000004" lon="4.96166">
    <ele>20.62</ele>
   </trkpt>
   <trkpt lat="51.15511000000001" lon="4.96168">
    <ele>20.75</ele>
   </trkpt>
   <trkpt lat="51.1552" lon="4.961270000000001">
    <ele>20.630000000000003</ele>
   </trkpt>
   <trkpt lat="51.155240000000006" lon="4.96096">
    <ele>20.67</ele>
   </trkpt>
   <trkpt lat="51.155240000000006" lon="4.960710000000001">
    <ele>20.84</ele>
   </trkpt>
   <trkpt lat="51.15513000000001" lon="4.95978">
    <ele>21.05</ele>
   </trkpt>
   <trkpt lat="51.155095003643616" lon="4.958854999194776">
    <ele>21.18</ele>
   </trkpt>
   <trkpt lat="51.155060000000006" lon="4.95793">
    <ele>21.330000000000002</ele>
   </trkpt>
   <trkpt lat="51.15496334225683" lon="4.956906662325451">
    <ele>21.25</ele>
   </trkpt>
   <trkpt lat="51.1548666755851" lon="4.95588332893852">
    <ele>21.26</ele>
   </trkpt>
   <trkpt lat="51.154770000000006" lon="4.95486">
    <ele>21.48</ele>
   </trkpt>
   <trkpt lat="51.1548" lon="4.95481">
    <ele>21.51</ele>
   </trkpt>
   <trkpt lat="51.15491" lon="4.95406">
    <ele>21.290000000000003</ele>
   </trkpt>
   <trkpt lat="51.15523" lon="4.953200000000001">
    <ele>21.32</ele>
   </trkpt>
   <trkpt lat="51.1555" lon="4.9522200000000005">
    <ele>21.28</ele>
   </trkpt>
   <trkpt lat="51.155590000000004" lon="4.9518">
    <ele>21.310000000000002</ele>
   </trkpt>
   <trkpt lat="51.15572000334454" lon="4.950910002727736">
    <ele>21.37</ele>
   </trkpt>
   <trkpt lat="51.15585" lon="4.95002">
    <ele>21.37</ele>
   </trkpt>
   <trkpt lat="51.15607000000001" lon="4.94892">
    <ele>21.45</ele>
   </trkpt>
   <trkpt lat="51.156215002584204" lon="4.9481450023085705">
    <ele>21.42</ele>
   </trkpt>
   <trkpt lat="51.15636000000001" lon="4.94737">
    <ele>21.52</ele>
   </trkpt>
   <trkpt lat="51.156400000000005" lon="4.946770000000001">
    <ele>21.53</ele>
   </trkpt>
   <trkpt lat="51.156380000000006" lon="4.94618">
    <ele>21.650000000000002</ele>
   </trkpt>
   <trkpt lat="51.156310000000005" lon="4.94502">
    <ele>21.48</ele>
   </trkpt>
   <trkpt lat="51.15614500202696" lon="4.944334997661043">
    <ele>21.52</ele>
   </trkpt>
   <trkpt lat="51.15598000000001" lon="4.943650000000001">
    <ele>21.490000000000002</ele>
   </trkpt>
   <trkpt lat="51.15599" lon="4.94343">
    <ele>21.490000000000002</ele>
   </trkpt>
   <trkpt lat="51.15603" lon="4.94322">
    <ele>21.76</ele>
   </trkpt>
   <trkpt lat="51.15632" lon="4.94261">
    <ele>21.92</ele>
   </trkpt>
   <trkpt lat="51.15639" lon="4.9424">
    <ele>21.970000000000002</ele>
   </trkpt>
   <trkpt lat="51.15655500209918" lon="4.941690002753265">
    <ele>21.92</ele>
   </trkpt>
   <trkpt lat="51.15672000000001" lon="4.940980000000001">
    <ele>22.04</ele>
   </trkpt>
   <trkpt lat="51.15686" lon="4.94024">
    <ele>22.140000000000004</ele>
   </trkpt>
   <trkpt lat="51.156960000000005" lon="4.940270000000001">
    <ele>22.140000000000004</ele>
   </trkpt>
   <trkpt lat="51.157120000000006" lon="4.940230000000001">
    <ele>21.96</ele>
   </trkpt>
   <trkpt lat="51.15753" lon="4.93996">
    <ele>21.68</ele>
   </trkpt>
   <trkpt lat="51.157680000000006" lon="4.939900000000001">
    <ele>21.68</ele>
   </trkpt>
   <trkpt lat="51.157900000000005" lon="4.93991">
    <ele>21.34</ele>
   </trkpt>
   <trkpt lat="51.15798" lon="4.93994">
    <ele>21.34</ele>
   </trkpt>
   <trkpt lat="51.15851000000001" lon="4.9403500000000005">
    <ele>21.060000000000002</ele>
   </trkpt>
   <trkpt lat="51.159310000000005" lon="4.940840000000001">
    <ele>20.25</ele>
   </trkpt>
   <trkpt lat="51.15968" lon="4.94115">
    <ele>19.990000000000002</ele>
   </trkpt>
   <trkpt lat="51.15990000000001" lon="4.9413800000000005">
    <ele>19.860000000000003</ele>
   </trkpt>
   <trkpt lat="51.160140000000006" lon="4.94167">
    <ele>19.610000000000003</ele>
   </trkpt>
   <trkpt lat="51.160500001207254" lon="4.9421649963609715">
    <ele>19.470000000000002</ele>
   </trkpt>
   <trkpt lat="51.16086000000001" lon="4.94266">
    <ele>19.3</ele>
   </trkpt>
   <trkpt lat="51.16136000478026" lon="4.943714988640309">
    <ele>19.080000000000002</ele>
   </trkpt>
   <trkpt lat="51.161860000000004" lon="4.94477">
    <ele>19.57</ele>
   </trkpt>
   <trkpt lat="51.16199" lon="4.94491">
    <ele>19.57</ele>
   </trkpt>
   <trkpt lat="51.162470000000006" lon="4.94482">
    <ele>19.340000000000003</ele>
   </trkpt>
   <trkpt lat="51.16283000000001" lon="4.94486">
    <ele>19.040000000000003</ele>
   </trkpt>
   <trkpt lat="51.16301000000001" lon="4.94482">
    <ele>19.040000000000003</ele>
   </trkpt>
   <trkpt lat="51.163120000000006" lon="4.9447600000000005">
    <ele>18.92</ele>
   </trkpt>
   <trkpt lat="51.16348000000001" lon="4.944450000000001">
    <ele>18.79</ele>
   </trkpt>
   <trkpt lat="51.163720000000005" lon="4.94427">
    <ele>18.770000000000003</ele>
   </trkpt>
   <trkpt lat="51.16398" lon="4.9441500000000005">
    <ele>18.770000000000003</ele>
   </trkpt>
   <trkpt lat="51.16414" lon="4.94411">
    <ele>18.770000000000003</ele>
   </trkpt>
   <trkpt lat="51.164640000000006" lon="4.94404">
    <ele>18.69</ele>
   </trkpt>
   <trkpt lat="51.164970000000004" lon="4.94397">
    <ele>18.69</ele>
   </trkpt>
   <trkpt lat="51.16516000000001" lon="4.94397">
    <ele>18.65</ele>
   </trkpt>
   <trkpt lat="51.16563000007795" lon="4.944079998885272">
    <ele>18.740000000000002</ele>
   </trkpt>
   <trkpt lat="51.16610000000001" lon="4.944190000000001">
    <ele>18.930000000000003</ele>
   </trkpt>
   <trkpt lat="51.16639000000001" lon="4.944240000000001">
    <ele>18.910000000000004</ele>
   </trkpt>
   <trkpt lat="51.1666" lon="4.94435">
    <ele>18.97</ele>
   </trkpt>
   <trkpt lat="51.166760000000004" lon="4.9443600000000005">
    <ele>18.930000000000003</ele>
   </trkpt>
   <trkpt lat="51.16689" lon="4.9442">
    <ele>18.830000000000002</ele>
   </trkpt>
   <trkpt lat="51.167080000000006" lon="4.943890000000001">
    <ele>18.81</ele>
   </trkpt>
   <trkpt lat="51.16715000000001" lon="4.943840000000001">
    <ele>18.81</ele>
   </trkpt>
   <trkpt lat="51.16729" lon="4.943580000000001">
    <ele>18.76</ele>
   </trkpt>
   <trkpt lat="51.167370000000005" lon="4.943580000000001">
    <ele>18.76</ele>
   </trkpt>
   <trkpt lat="51.167840000000005" lon="4.942950000000001">
    <ele>18.320000000000004</ele>
   </trkpt>
   <trkpt lat="51.16787000000001" lon="4.94294">
    <ele>18.320000000000004</ele>
   </trkpt>
   <trkpt lat="51.16798000000001" lon="4.942780000000001">
    <ele>18.320000000000004</ele>
   </trkpt>
   <trkpt lat="51.16841" lon="4.9422500000000005">
    <ele>17.86</ele>
   </trkpt>
   <trkpt lat="51.1691533383576" lon="4.941483358034042">
    <ele>17.650000000000002</ele>
   </trkpt>
   <trkpt lat="51.1698966717045" lon="4.940716691353911">
    <ele>17.810000000000002</ele>
   </trkpt>
   <trkpt lat="51.170640000000006" lon="4.9399500000000005">
    <ele>18.94</ele>
   </trkpt>
   <trkpt lat="51.17138333840346" lon="4.939180024807729">
    <ele>18.79</ele>
   </trkpt>
   <trkpt lat="51.172126671752636" lon="4.9384100247918505">
    <ele>18.680000000000003</ele>
   </trkpt>
   <trkpt lat="51.17287" lon="4.93764">
    <ele>18.63</ele>
   </trkpt>
   <trkpt lat="51.17327" lon="4.93731">
    <ele>18.61</ele>
   </trkpt>
   <trkpt lat="51.17349" lon="4.937180000000001">
    <ele>18.61</ele>
   </trkpt>
   <trkpt lat="51.173840000000006" lon="4.93702">
    <ele>18.520000000000003</ele>
   </trkpt>
   <trkpt lat="51.174040000000005" lon="4.93695">
    <ele>18.45</ele>
   </trkpt>
   <trkpt lat="51.17437" lon="4.93689">
    <ele>18.38</ele>
   </trkpt>
   <trkpt lat="51.17510000000001" lon="4.9369000000000005">
    <ele>18.13</ele>
   </trkpt>
   <trkpt lat="51.175900000000006" lon="4.93698">
    <ele>17.96</ele>
   </trkpt>
   <trkpt lat="51.17670750000376" lon="4.937042496712481">
    <ele>17.92</ele>
   </trkpt>
   <trkpt lat="51.17751499997422" lon="4.937104995614165">
    <ele>17.810000000000002</ele>
   </trkpt>
   <trkpt lat="51.17832249991138" lon="4.93716749670519">
    <ele>17.35</ele>
   </trkpt>
   <trkpt lat="51.17913" lon="4.9372300000000005">
    <ele>17.03</ele>
   </trkpt>
   <trkpt lat="51.17945" lon="4.93724">
    <ele>16.76</ele>
   </trkpt>
   <trkpt lat="51.17956" lon="4.93721">
    <ele>16.78</ele>
   </trkpt>
   <trkpt lat="51.180110000636816" lon="4.936800004950954">
    <ele>16.700000000000003</ele>
   </trkpt>
   <trkpt lat="51.18066" lon="4.93639">
    <ele>16.91</ele>
   </trkpt>
   <trkpt lat="51.18117" lon="4.93604">
    <ele>17.07</ele>
   </trkpt>
   <trkpt lat="51.18178333382215" lon="4.935800006387404">
    <ele>17.300000000000004</ele>
   </trkpt>
   <trkpt lat="51.182396667153334" lon="4.935560006388355">
    <ele>17.18</ele>
   </trkpt>
   <trkpt lat="51.18301" lon="4.935320000000001">
    <ele>17.11</ele>
   </trkpt>
   <trkpt lat="51.18345500096343" lon="4.934860004377268">
    <ele>17.62</ele>
   </trkpt>
   <trkpt lat="51.1839" lon="4.9344">
    <ele>18.62</ele>
   </trkpt>
   <trkpt lat="51.18430000000001" lon="4.93414">
    <ele>19.39</ele>
   </trkpt>
   <trkpt lat="51.184470000000005" lon="4.93407">
    <ele>19.39</ele>
   </trkpt>
   <trkpt lat="51.18507666694675" lon="4.933880005010309">
    <ele>20.77</ele>
   </trkpt>
   <trkpt lat="51.18568333358577" lon="4.933690005019046">
    <ele>21.57</ele>
   </trkpt>
   <trkpt lat="51.18629000000001" lon="4.9335">
    <ele>21.51</ele>
   </trkpt>
   <trkpt lat="51.1867" lon="4.93343">
    <ele>19.98</ele>
   </trkpt>
   <trkpt lat="51.187090000000005" lon="4.933470000000001">
    <ele>19.33</ele>
   </trkpt>
   <trkpt lat="51.18744" lon="4.933590000000001">
    <ele>18.19</ele>
   </trkpt>
   <trkpt lat="51.187720000000006" lon="4.9337">
    <ele>17.71</ele>
   </trkpt>
   <trkpt lat="51.18831" lon="4.93405">
    <ele>16.16</ele>
   </trkpt>
   <trkpt lat="51.18862000000001" lon="4.934200000000001">
    <ele>15.0</ele>
   </trkpt>
   <trkpt lat="51.188970000000005" lon="4.9341800000000005">
    <ele>14.8</ele>
   </trkpt>
   <trkpt lat="51.189280000000004" lon="4.93412">
    <ele>14.57</ele>
   </trkpt>
   <trkpt lat="51.18957" lon="4.93386">
    <ele>14.360000000000001</ele>
   </trkpt>
   <trkpt lat="51.18966" lon="4.93367">
    <ele>14.360000000000001</ele>
   </trkpt>
   <trkpt lat="51.18986" lon="4.932370000000001">
    <ele>14.530000000000001</ele>
   </trkpt>
   <trkpt lat="51.18994000000001" lon="4.93208">
    <ele>14.530000000000001</ele>
   </trkpt>
   <trkpt lat="51.190070000000006" lon="4.93196">
    <ele>14.520000000000001</ele>
   </trkpt>
   <trkpt lat="51.190760000000004" lon="4.931990000000001">
    <ele>14.370000000000001</ele>
   </trkpt>
   <trkpt lat="51.190870000000004" lon="4.93198">
    <ele>14.31</ele>
   </trkpt>
   <trkpt lat="51.190920000000006" lon="4.93196">
    <ele>14.31</ele>
   </trkpt>
   <trkpt lat="51.191030000000005" lon="4.93179">
    <ele>14.31</ele>
   </trkpt>
   <trkpt lat="51.191230000000004" lon="4.9309400000000005">
    <ele>14.39</ele>
   </trkpt>
   <trkpt lat="51.191465005411274" lon="4.929810005910019">
    <ele>14.260000000000002</ele>
   </trkpt>
   <trkpt lat="51.191700000000004" lon="4.928680000000001">
    <ele>14.020000000000001</ele>
   </trkpt>
   <trkpt lat="51.19192" lon="4.928000000000001">
    <ele>13.680000000000001</ele>
   </trkpt>
   <trkpt lat="51.19229000000001" lon="4.926970000000001">
    <ele>13.450000000000001</ele>
   </trkpt>
   <trkpt lat="51.19236" lon="4.926690000000001">
    <ele>13.55</ele>
   </trkpt>
   <trkpt lat="51.192370000000004" lon="4.926360000000001">
    <ele>13.73</ele>
   </trkpt>
   <trkpt lat="51.192840000000004" lon="4.92602">
    <ele>13.27</ele>
   </trkpt>
   <trkpt lat="51.19312000000001" lon="4.92584">
    <ele>13.49</ele>
   </trkpt>
   <trkpt lat="51.19357" lon="4.925610000000001">
    <ele>13.750000000000002</ele>
   </trkpt>
   <trkpt lat="51.19398" lon="4.9253800000000005">
    <ele>13.680000000000001</ele>
   </trkpt>
   <trkpt lat="51.19455000000001" lon="4.924950000000001">
    <ele>13.55</ele>
   </trkpt>
   <trkpt lat="51.19494" lon="4.9245">
    <ele>13.38</ele>
   </trkpt>
   <trkpt lat="51.195350001392754" lon="4.923925005139506">
    <ele>13.260000000000002</ele>
   </trkpt>
   <trkpt lat="51.19576000000001" lon="4.92335">
    <ele>12.97</ele>
   </trkpt>
   <trkpt lat="51.195870000000006" lon="4.923150000000001">
    <ele>12.97</ele>
   </trkpt>
   <trkpt lat="51.19595" lon="4.922700000000001">
    <ele>13.01</ele>
   </trkpt>
   <trkpt lat="51.195980000000006" lon="4.9226">
    <ele>12.98</ele>
   </trkpt>
   <trkpt lat="51.19603000000001" lon="4.922540000000001">
    <ele>12.89</ele>
   </trkpt>
   <trkpt lat="51.19689" lon="4.92229">
    <ele>13.030000000000001</ele>
   </trkpt>
   <trkpt lat="51.197072518250685" lon="4.92348498575711">
    <ele>12.24</ele>
   </trkpt>
   <trkpt lat="51.19725502433012" lon="4.924679980982061">
    <ele>12.0</ele>
   </trkpt>
   <trkpt lat="51.197437518238154" lon="4.925874985674359">
    <ele>12.040000000000001</ele>
   </trkpt>
   <trkpt lat="51.19762000000001" lon="4.9270700000000005">
    <ele>12.190000000000001</ele>
   </trkpt>
   <trkpt lat="51.197790000000005" lon="4.92766">
    <ele>12.180000000000001</ele>
   </trkpt>
   <trkpt lat="51.19815251477556" lon="4.928734974627788">
    <ele>12.13</ele>
   </trkpt>
   <trkpt lat="51.198515019701794" lon="4.929809966172948">
    <ele>12.190000000000001</ele>
   </trkpt>
   <trkpt lat="51.198877514778445" lon="4.930884974635509">
    <ele>12.38</ele>
   </trkpt>
   <trkpt lat="51.19924" lon="4.93196">
    <ele>13.160000000000002</ele>
   </trkpt>
   <trkpt lat="51.19996126137512" lon="4.9313425676758875">
    <ele>11.8</ele>
   </trkpt>
   <trkpt lat="51.200682519500965" lon="4.930725116017519">
    <ele>11.780000000000001</ele>
   </trkpt>
   <trkpt lat="51.20140377437734" lon="4.930107645023881">
    <ele>11.950000000000001</ele>
   </trkpt>
   <trkpt lat="51.20212502600402" lon="4.929490154693954">
    <ele>12.17</ele>
   </trkpt>
   <trkpt lat="51.20284627438088" lon="4.928872645026724">
    <ele>12.560000000000002</ele>
   </trkpt>
   <trkpt lat="51.2035675195077" lon="4.928255116021171">
    <ele>12.620000000000001</ele>
   </trkpt>
   <trkpt lat="51.204288761384284" lon="4.927637567676281">
    <ele>13.030000000000001</ele>
   </trkpt>
   <trkpt lat="51.20501" lon="4.927020000000001">
    <ele>13.74</ele>
   </trkpt>
   <trkpt lat="51.205130000000004" lon="4.926880000000001">
    <ele>13.74</ele>
   </trkpt>
   <trkpt lat="51.20572600915047" lon="4.926148037868368">
    <ele>13.0</ele>
   </trkpt>
   <trkpt lat="51.20632201373461" lon="4.925416056792613">
    <ele>13.23</ele>
   </trkpt>
   <trkpt lat="51.20691801375222" lon="4.924684056771984">
    <ele>12.75</ele>
   </trkpt>
   <trkpt lat="51.2075140092031" lon="4.923952037805732">
    <ele>12.860000000000001</ele>
   </trkpt>
   <trkpt lat="51.208110000000005" lon="4.923220000000001">
    <ele>14.5</ele>
   </trkpt>
   <trkpt lat="51.20837" lon="4.923690000000001">
    <ele>14.030000000000001</ele>
   </trkpt>
   <trkpt lat="51.208560000000006" lon="4.924">
    <ele>13.940000000000001</ele>
   </trkpt>
   <trkpt lat="51.209250000000004" lon="4.92475">
    <ele>14.08</ele>
   </trkpt>
   <trkpt lat="51.20977500037662" lon="4.925069996315456">
    <ele>14.24</ele>
   </trkpt>
   <trkpt lat="51.210300000000004" lon="4.92539">
    <ele>14.74</ele>
   </trkpt>
   <trkpt lat="51.210390000000004" lon="4.92522">
    <ele>14.640000000000002</ele>
   </trkpt>
   <trkpt lat="51.21088333938603" lon="4.924380017931242">
    <ele>14.41</ele>
   </trkpt>
   <trkpt lat="51.211376672758796" lon="4.923540017864372">
    <ele>14.83</ele>
   </trkpt>
   <trkpt lat="51.211870000000005" lon="4.922700000000001">
    <ele>15.080000000000002</ele>
   </trkpt>
   <trkpt lat="51.21204" lon="4.922470000000001">
    <ele>14.96</ele>
   </trkpt>
   <trkpt lat="51.21266500131103" lon="4.921935007183516">
    <ele>14.870000000000001</ele>
   </trkpt>
   <trkpt lat="51.21329" lon="4.9214">
    <ele>15.67</ele>
   </trkpt>
   <trkpt lat="51.213330000000006" lon="4.921320000000001">
    <ele>15.73</ele>
   </trkpt>
   <trkpt lat="51.21338" lon="4.92142">
    <ele>15.73</ele>
   </trkpt>
   <trkpt lat="51.213440000000006" lon="4.921460000000001">
    <ele>15.73</ele>
   </trkpt>
   <trkpt lat="51.213950000000004" lon="4.921600000000001">
    <ele>15.97</ele>
   </trkpt>
   <trkpt lat="51.214200000000005" lon="4.92166">
    <ele>15.89</ele>
   </trkpt>
   <trkpt lat="51.21497" lon="4.9215800000000005">
    <ele>16.59</ele>
   </trkpt>
   <trkpt lat="51.21504" lon="4.921600000000001">
    <ele>16.59</ele>
   </trkpt>
   <trkpt lat="51.215140000000005" lon="4.92147">
    <ele>16.75</ele>
   </trkpt>
   <trkpt lat="51.21549" lon="4.92117">
    <ele>17.45</ele>
   </trkpt>
   <trkpt lat="51.215540000000004" lon="4.92116">
    <ele>17.45</ele>
   </trkpt>
   <trkpt lat="51.2156" lon="4.92121">
    <ele>17.820000000000004</ele>
   </trkpt>
   <trkpt lat="51.21593000000001" lon="4.92156">
    <ele>18.14</ele>
   </trkpt>
   <trkpt lat="51.216350000000006" lon="4.9219100000000005">
    <ele>19.1</ele>
   </trkpt>
   <trkpt lat="51.21692500032758" lon="4.9222199960841335">
    <ele>21.42</ele>
   </trkpt>
   <trkpt lat="51.2175" lon="4.92253">
    <ele>25.060000000000002</ele>
   </trkpt>
   <trkpt lat="51.21766" lon="4.922560000000001">
    <ele>25.060000000000002</ele>
   </trkpt>
   <trkpt lat="51.21777" lon="4.92255">
    <ele>25.060000000000002</ele>
   </trkpt>
   <trkpt lat="51.21810000000001" lon="4.922440000000001">
    <ele>26.94</ele>
   </trkpt>
   <trkpt lat="51.21874333390472" lon="4.922176674034616">
    <ele>25.76</ele>
   </trkpt>
   <trkpt lat="51.219386667218494" lon="4.9219133407094136">
    <ele>25.040000000000003</ele>
   </trkpt>
   <trkpt lat="51.22003" lon="4.9216500000000005">
    <ele>22.54</ele>
   </trkpt>
   <trkpt lat="51.22034000000001" lon="4.921480000000001">
    <ele>21.830000000000002</ele>
   </trkpt>
   <trkpt lat="51.2207" lon="4.921220000000001">
    <ele>21.42</ele>
   </trkpt>
   <trkpt lat="51.22124" lon="4.92089">
    <ele>20.5</ele>
   </trkpt>
   <trkpt lat="51.221810000000005" lon="4.92046">
    <ele>19.990000000000002</ele>
   </trkpt>
   <trkpt lat="51.221880000000006" lon="4.92039">
    <ele>19.58</ele>
   </trkpt>
   <trkpt lat="51.2224150004171" lon="4.920020004415396">
    <ele>19.290000000000003</ele>
   </trkpt>
   <trkpt lat="51.222950000000004" lon="4.919650000000001">
    <ele>18.78</ele>
   </trkpt>
   <trkpt lat="51.22352000000001" lon="4.91933">
    <ele>19.090000000000003</ele>
   </trkpt>
   <trkpt lat="51.22352000000001" lon="4.91931">
    <ele>19.080000000000002</ele>
   </trkpt>
   <trkpt lat="51.223420000000004" lon="4.91905">
    <ele>18.87</ele>
   </trkpt>
   <trkpt lat="51.223180000000006" lon="4.91818">
    <ele>18.61</ele>
   </trkpt>
   <trkpt lat="51.2231" lon="4.91786">
    <ele>18.61</ele>
   </trkpt>
   <trkpt lat="51.22289000000001" lon="4.91683">
    <ele>18.240000000000002</ele>
   </trkpt>
   <trkpt lat="51.22274" lon="4.91624">
    <ele>18.35</ele>
   </trkpt>
   <trkpt lat="51.22236" lon="4.91502">
    <ele>18.38</ele>
   </trkpt>
   <trkpt lat="51.22223" lon="4.91453">
    <ele>18.590000000000003</ele>
   </trkpt>
   <trkpt lat="51.22198500599725" lon="4.91334499376102">
    <ele>18.770000000000003</ele>
   </trkpt>
   <trkpt lat="51.221740000000004" lon="4.91216">
    <ele>18.82</ele>
   </trkpt>
   <trkpt lat="51.22175000000001" lon="4.91201">
    <ele>18.82</ele>
   </trkpt>
   <trkpt lat="51.2218" lon="4.9117500000000005">
    <ele>18.660000000000004</ele>
   </trkpt>
   <trkpt lat="51.222585000766856" lon="4.912159993034232">
    <ele>17.51</ele>
   </trkpt>
   <trkpt lat="51.22337" lon="4.9125700000000005">
    <ele>17.0</ele>
   </trkpt>
   <trkpt lat="51.22355" lon="4.912680000000001">
    <ele>17.060000000000002</ele>
   </trkpt>
   <trkpt lat="51.22390000000001" lon="4.91296">
    <ele>17.39</ele>
   </trkpt>
   <trkpt lat="51.223960000000005" lon="4.91288">
    <ele>17.39</ele>
   </trkpt>
   <trkpt lat="51.224000000000004" lon="4.912870000000001">
    <ele>17.310000000000002</ele>
   </trkpt>
   <trkpt lat="51.224050000000005" lon="4.9129000000000005">
    <ele>17.310000000000002</ele>
   </trkpt>
   <trkpt lat="51.22408" lon="4.91282">
    <ele>17.36</ele>
   </trkpt>
   <trkpt lat="51.224120000000006" lon="4.912610000000001">
    <ele>17.330000000000002</ele>
   </trkpt>
   <trkpt lat="51.224140000000006" lon="4.912190000000001">
    <ele>17.2</ele>
   </trkpt>
   <trkpt lat="51.224140002899986" lon="4.9113650003666915">
    <ele>16.52</ele>
   </trkpt>
   <trkpt lat="51.224140000000006" lon="4.91054">
    <ele>16.43</ele>
   </trkpt>
   <trkpt lat="51.224035006545" lon="4.9092999970965305">
    <ele>16.46</ele>
   </trkpt>
   <trkpt lat="51.22393" lon="4.908060000000001">
    <ele>17.17</ele>
   </trkpt>
   <trkpt lat="51.22393" lon="4.90775">
    <ele>17.35</ele>
   </trkpt>
   <trkpt lat="51.22404" lon="4.90699">
    <ele>17.560000000000002</ele>
   </trkpt>
   <trkpt lat="51.22424000531964" lon="4.90587500471909">
    <ele>17.05</ele>
   </trkpt>
   <trkpt lat="51.22444" lon="4.9047600000000005">
    <ele>17.01</ele>
   </trkpt>
   <trkpt lat="51.22466500745016" lon="4.903435006654407">
    <ele>17.0</ele>
   </trkpt>
   <trkpt lat="51.22489" lon="4.90211">
    <ele>17.03</ele>
   </trkpt>
   <trkpt lat="51.22507502513951" lon="4.900707516934442">
    <ele>16.84</ele>
   </trkpt>
   <trkpt lat="51.22526003351759" lon="4.8993050225932775">
    <ele>16.470000000000002</ele>
   </trkpt>
   <trkpt lat="51.225445025133986" lon="4.897902516977365">
    <ele>16.360000000000003</ele>
   </trkpt>
   <trkpt lat="51.22563" lon="4.8965000000000005">
    <ele>15.96</ele>
   </trkpt>
   <trkpt lat="51.22575000367438" lon="4.895570002507798">
    <ele>15.690000000000003</ele>
   </trkpt>
   <trkpt lat="51.22587000000001" lon="4.894640000000001">
    <ele>15.75</ele>
   </trkpt>
   <trkpt lat="51.22592" lon="4.893940000000001">
    <ele>15.74</ele>
   </trkpt>
   <trkpt lat="51.22598334242749" lon="4.892906669588461">
    <ele>15.73</ele>
   </trkpt>
   <trkpt lat="51.22604667575607" lon="4.891873336332808">
    <ele>15.680000000000003</ele>
   </trkpt>
   <trkpt lat="51.226110000000006" lon="4.890840000000001">
    <ele>15.74</ele>
   </trkpt>
   <trkpt lat="51.226110000000006" lon="4.890090000000001">
    <ele>15.72</ele>
   </trkpt>
   <trkpt lat="51.226060000000004" lon="4.8897200000000005">
    <ele>15.580000000000002</ele>
   </trkpt>
   <trkpt lat="51.22583336850947" lon="4.888434968352014">
    <ele>15.47</ele>
   </trkpt>
   <trkpt lat="51.22560672294766" lon="4.887149949359739">
    <ele>15.500000000000002</ele>
   </trkpt>
   <trkpt lat="51.22538006331484" lon="4.885864943023736">
    <ele>15.250000000000002</ele>
   </trkpt>
   <trkpt lat="51.22515338961124" lon="4.8845799493445625">
    <ele>14.860000000000001</ele>
   </trkpt>
   <trkpt lat="51.22492670183714" lon="4.883294968322778">
    <ele>14.470000000000002</ele>
   </trkpt>
   <trkpt lat="51.224700000000006" lon="4.88201">
    <ele>14.33</ele>
   </trkpt>
   <trkpt lat="51.22453432349764" lon="4.880794259450905">
    <ele>14.15</ele>
   </trkpt>
   <trkpt lat="51.22436863440042" lon="4.879578527654425">
    <ele>14.16</ele>
   </trkpt>
   <trkpt lat="51.22420293270851" lon="4.878362804611108">
    <ele>14.23</ele>
   </trkpt>
   <trkpt lat="51.22403721842208" lon="4.8771470903215075">
    <ele>13.97</ele>
   </trkpt>
   <trkpt lat="51.22387149154131" lon="4.8759313847861705">
    <ele>14.07</ele>
   </trkpt>
   <trkpt lat="51.223705752066344" lon="4.874715688005651">
    <ele>14.13</ele>
   </trkpt>
   <trkpt lat="51.22354000000001" lon="4.873500000000001">
    <ele>13.83</ele>
   </trkpt>
   <trkpt lat="51.22340000818785" lon="4.872519994064736">
    <ele>13.590000000000002</ele>
   </trkpt>
   <trkpt lat="51.223260008191566" lon="4.871539994090842">
    <ele>13.430000000000001</ele>
   </trkpt>
   <trkpt lat="51.22312" lon="4.87056">
    <ele>13.39</ele>
   </trkpt>
   <trkpt lat="51.222970000000004" lon="4.869960000000001">
    <ele>13.18</ele>
   </trkpt>
   <trkpt lat="51.222840000000005" lon="4.8696">
    <ele>12.97</ele>
   </trkpt>
   <trkpt lat="51.22260000000001" lon="4.8691">
    <ele>12.97</ele>
   </trkpt>
   <trkpt lat="51.22208000642328" lon="4.868229980298759">
    <ele>12.74</ele>
   </trkpt>
   <trkpt lat="51.22156000639636" lon="4.867359980254089">
    <ele>12.68</ele>
   </trkpt>
   <trkpt lat="51.22104" lon="4.866490000000001">
    <ele>12.990000000000002</ele>
   </trkpt>
   <trkpt lat="51.220800000000004" lon="4.86601">
    <ele>12.860000000000001</ele>
   </trkpt>
   <trkpt lat="51.220890000000004" lon="4.865900000000001">
    <ele>12.74</ele>
   </trkpt>
   <trkpt lat="51.22106" lon="4.86552">
    <ele>11.81</ele>
   </trkpt>
   <trkpt lat="51.221610000000005" lon="4.86448">
    <ele>11.370000000000001</ele>
   </trkpt>
   <trkpt lat="51.22171" lon="4.864260000000001">
    <ele>11.370000000000001</ele>
   </trkpt>
   <trkpt lat="51.222130006251824" lon="4.863040011393091">
    <ele>11.770000000000001</ele>
   </trkpt>
   <trkpt lat="51.222550000000005" lon="4.861820000000001">
    <ele>12.06</ele>
   </trkpt>
   <trkpt lat="51.22263" lon="4.861420000000001">
    <ele>12.15</ele>
   </trkpt>
   <trkpt lat="51.22265" lon="4.86057">
    <ele>12.110000000000001</ele>
   </trkpt>
   <trkpt lat="51.222770000000004" lon="4.860180000000001">
    <ele>12.07</ele>
   </trkpt>
   <trkpt lat="51.222910000000006" lon="4.85988">
    <ele>12.07</ele>
   </trkpt>
   <trkpt lat="51.2234550040513" lon="4.858905011542899">
    <ele>12.16</ele>
   </trkpt>
   <trkpt lat="51.224000000000004" lon="4.8579300000000005">
    <ele>12.120000000000001</ele>
   </trkpt>
   <trkpt lat="51.22428000000001" lon="4.8575800000000005">
    <ele>11.99</ele>
   </trkpt>
   <trkpt lat="51.22446000000001" lon="4.85745">
    <ele>11.83</ele>
   </trkpt>
   <trkpt lat="51.22466000000001" lon="4.85735">
    <ele>11.83</ele>
   </trkpt>
   <trkpt lat="51.225383334126995" lon="4.857043342975809">
    <ele>11.690000000000001</ele>
   </trkpt>
   <trkpt lat="51.2261066674526" lon="4.856736676312603">
    <ele>11.79</ele>
   </trkpt>
   <trkpt lat="51.22683000000001" lon="4.8564300000000005">
    <ele>11.770000000000001</ele>
   </trkpt>
   <trkpt lat="51.227661430475536" lon="4.856157172434209">
    <ele>11.79</ele>
   </trkpt>
   <trkpt lat="51.22849286031675" lon="4.855884335010359">
    <ele>11.8</ele>
   </trkpt>
   <trkpt lat="51.229324289523625" lon="4.855611487727806">
    <ele>12.05</ele>
   </trkpt>
   <trkpt lat="51.23015571809611" lon="4.855338630585912">
    <ele>12.15</ele>
   </trkpt>
   <trkpt lat="51.230987146034174" lon="4.855065763584033">
    <ele>12.17</ele>
   </trkpt>
   <trkpt lat="51.231818573337776" lon="4.854792886721526">
    <ele>12.14</ele>
   </trkpt>
   <trkpt lat="51.23265000000001" lon="4.854520000000001">
    <ele>13.370000000000001</ele>
   </trkpt>
   <trkpt lat="51.23254000000001" lon="4.85397">
    <ele>13.46</ele>
   </trkpt>
   <trkpt lat="51.23303500024526" lon="4.854199997534911">
    <ele>13.23</ele>
   </trkpt>
   <trkpt lat="51.23353" lon="4.854430000000001">
    <ele>13.64</ele>
   </trkpt>
   <trkpt lat="51.23425500131983" lon="4.854749984877826">
    <ele>13.670000000000002</ele>
   </trkpt>
   <trkpt lat="51.23498000176717" lon="4.855069979839975">
    <ele>13.72</ele>
   </trkpt>
   <trkpt lat="51.23570500134198" lon="4.8553899848870135">
    <ele>13.790000000000001</ele>
   </trkpt>
   <trkpt lat="51.236430000000006" lon="4.85571">
    <ele>14.090000000000002</ele>
   </trkpt>
   <trkpt lat="51.237100000544196" lon="4.85595999272266">
    <ele>14.58</ele>
   </trkpt>
   <trkpt lat="51.23777000055588" lon="4.856209992726885">
    <ele>14.05</ele>
   </trkpt>
   <trkpt lat="51.238440000000004" lon="4.85646">
    <ele>14.770000000000001</ele>
   </trkpt>
   <trkpt lat="51.23813501661648" lon="4.855319977349905">
    <ele>14.41</ele>
   </trkpt>
   <trkpt lat="51.23783002215934" lon="4.85417996981546">
    <ele>14.59</ele>
   </trkpt>
   <trkpt lat="51.23752501662884" lon="4.85303997739685">
    <ele>14.450000000000001</ele>
   </trkpt>
   <trkpt lat="51.23722" lon="4.8519000000000005">
    <ele>14.34</ele>
   </trkpt>
   <trkpt lat="51.23793999991522" lon="4.851984998656054">
    <ele>13.500000000000002</ele>
   </trkpt>
   <trkpt lat="51.23866" lon="4.85207">
    <ele>13.790000000000001</ele>
   </trkpt>
   <trkpt lat="51.23883000000001" lon="4.85207">
    <ele>13.790000000000001</ele>
   </trkpt>
   <trkpt lat="51.23897" lon="4.85202">
    <ele>13.850000000000001</ele>
   </trkpt>
   <trkpt lat="51.23972000091086" lon="4.851595006848997">
    <ele>14.260000000000002</ele>
   </trkpt>
   <trkpt lat="51.24047" lon="4.851170000000001">
    <ele>14.810000000000002</ele>
   </trkpt>
   <trkpt lat="51.24060000000001" lon="4.85116">
    <ele>14.810000000000002</ele>
   </trkpt>
   <trkpt lat="51.24072" lon="4.851240000000001">
    <ele>14.940000000000001</ele>
   </trkpt>
   <trkpt lat="51.24138333859003" lon="4.852026643959102">
    <ele>14.76</ele>
   </trkpt>
   <trkpt lat="51.24204667190743" lon="4.852813310606435">
    <ele>14.75</ele>
   </trkpt>
   <trkpt lat="51.24271" lon="4.8536">
    <ele>14.72</ele>
   </trkpt>
   <trkpt lat="51.243313338329294" lon="4.854366646538362">
    <ele>14.950000000000001</ele>
   </trkpt>
   <trkpt lat="51.243916671650716" lon="4.855133313189525">
    <ele>15.1</ele>
   </trkpt>
   <trkpt lat="51.24452" lon="4.8559">
    <ele>15.23</ele>
   </trkpt>
   <trkpt lat="51.24474000000001" lon="4.856140000000001">
    <ele>15.540000000000001</ele>
   </trkpt>
   <trkpt lat="51.24552000104185" lon="4.856489988127519">
    <ele>15.66</ele>
   </trkpt>
   <trkpt lat="51.246300001040034" lon="4.856839988126451">
    <ele>15.98</ele>
   </trkpt>
   <trkpt lat="51.247080000000004" lon="4.85719">
    <ele>16.09</ele>
   </trkpt>
   <trkpt lat="51.247610000283366" lon="4.857459996874513">
    <ele>15.75</ele>
   </trkpt>
   <trkpt lat="51.24814000000001" lon="4.85773">
    <ele>15.64</ele>
   </trkpt>
   <trkpt lat="51.24850000000001" lon="4.85796">
    <ele>15.8</ele>
   </trkpt>
   <trkpt lat="51.249243336291094" lon="4.858553314118365">
    <ele>16.03</ele>
   </trkpt>
   <trkpt lat="51.249986669582896" lon="4.859146647418151">
    <ele>16.34</ele>
   </trkpt>
   <trkpt lat="51.250730000000004" lon="4.85974">
    <ele>16.450000000000003</ele>
   </trkpt>
   <trkpt lat="51.251490000000004" lon="4.86033">
    <ele>16.400000000000002</ele>
   </trkpt>
   <trkpt lat="51.251830000000005" lon="4.860550000000001">
    <ele>16.310000000000002</ele>
   </trkpt>
   <trkpt lat="51.25243000046911" lon="4.860909995252603">
    <ele>16.26</ele>
   </trkpt>
   <trkpt lat="51.25303" lon="4.86127">
    <ele>16.19</ele>
   </trkpt>
   <trkpt lat="51.25369500193481" lon="4.861659983072689">
    <ele>15.91</ele>
   </trkpt>
   <trkpt lat="51.25436000257386" lon="4.862049977426397">
    <ele>16.060000000000002</ele>
   </trkpt>
   <trkpt lat="51.25502500191711" lon="4.862439983061695">
    <ele>15.93</ele>
   </trkpt>
   <trkpt lat="51.25569" lon="4.862830000000001">
    <ele>15.940000000000003</ele>
   </trkpt>
   <trkpt lat="51.255750000000006" lon="4.863">
    <ele>15.940000000000003</ele>
   </trkpt>
   <trkpt lat="51.25591000000001" lon="4.86327">
    <ele>16.0</ele>
   </trkpt>
   <trkpt lat="51.255990000000004" lon="4.86336">
    <ele>16.0</ele>
   </trkpt>
   <trkpt lat="51.25621" lon="4.86348">
    <ele>16.03</ele>
   </trkpt>
   <trkpt lat="51.25627" lon="4.86338">
    <ele>16.03</ele>
   </trkpt>
   <trkpt lat="51.256710000000005" lon="4.863060000000001">
    <ele>15.770000000000003</ele>
   </trkpt>
   <trkpt lat="51.25750000000001" lon="4.862380000000001">
    <ele>16.19</ele>
   </trkpt>
   <trkpt lat="51.25815000000001" lon="4.86172">
    <ele>16.25</ele>
   </trkpt>
   <trkpt lat="51.258693335213664" lon="4.861253344343102">
    <ele>16.240000000000002</ele>
   </trkpt>
   <trkpt lat="51.25923666857207" lon="4.86078667765507">
    <ele>16.07</ele>
   </trkpt>
   <trkpt lat="51.259780000000006" lon="4.860320000000001">
    <ele>16.110000000000003</ele>
   </trkpt>
   <trkpt lat="51.260110000000005" lon="4.860060000000001">
    <ele>16.439999999999998</ele>
   </trkpt>
   <trkpt lat="51.26079000000001" lon="4.85965">
    <ele>15.81</ele>
   </trkpt>
   <trkpt lat="51.26102" lon="4.85954">
    <ele>15.8</ele>
   </trkpt>
   <trkpt lat="51.261540000000004" lon="4.85934">
    <ele>16.75</ele>
   </trkpt>
   <trkpt lat="51.26187500193574" lon="4.858665004929563">
    <ele>15.88</ele>
   </trkpt>
   <trkpt lat="51.26221" lon="4.85799">
    <ele>16.37</ele>
   </trkpt>
   <trkpt lat="51.262260000000005" lon="4.8577200000000005">
    <ele>16.17</ele>
   </trkpt>
   <trkpt lat="51.26225" lon="4.857570000000001">
    <ele>16.17</ele>
   </trkpt>
   <trkpt lat="51.26218" lon="4.85723">
    <ele>16.0</ele>
   </trkpt>
   <trkpt lat="51.26197000300646" lon="4.856384995998869">
    <ele>16.09</ele>
   </trkpt>
   <trkpt lat="51.26176" lon="4.85554">
    <ele>16.09</ele>
   </trkpt>
   <trkpt lat="51.261610000000005" lon="4.85503">
    <ele>15.940000000000003</ele>
   </trkpt>
   <trkpt lat="51.26136500211913" lon="4.854329996360312">
    <ele>15.940000000000003</ele>
   </trkpt>
   <trkpt lat="51.261120000000005" lon="4.853630000000001">
    <ele>16.200000000000003</ele>
   </trkpt>
   <trkpt lat="51.26111" lon="4.85344">
    <ele>16.200000000000003</ele>
   </trkpt>
   <trkpt lat="51.26118" lon="4.853190000000001">
    <ele>16.26</ele>
   </trkpt>
   <trkpt lat="51.261230000000005" lon="4.8531200000000005">
    <ele>16.26</ele>
   </trkpt>
   <trkpt lat="51.26137000000001" lon="4.85303">
    <ele>16.28</ele>
   </trkpt>
   <trkpt lat="51.261610000000005" lon="4.8529">
    <ele>16.240000000000002</ele>
   </trkpt>
   <trkpt lat="51.26219500024502" lon="4.852685002718654">
    <ele>16.27</ele>
   </trkpt>
   <trkpt lat="51.26278000000001" lon="4.85247">
    <ele>16.6</ele>
   </trkpt>
   <trkpt lat="51.26288" lon="4.85238">
    <ele>16.630000000000003</ele>
   </trkpt>
   <trkpt lat="51.262950000000004" lon="4.85229">
    <ele>16.61</ele>
   </trkpt>
   <trkpt lat="51.263090000000005" lon="4.85195">
    <ele>16.540000000000003</ele>
   </trkpt>
   <trkpt lat="51.263160000000006" lon="4.8517">
    <ele>16.540000000000003</ele>
   </trkpt>
   <trkpt lat="51.26344500518327" lon="4.850600006707543">
    <ele>16.6</ele>
   </trkpt>
   <trkpt lat="51.26373" lon="4.849500000000001">
    <ele>16.68</ele>
   </trkpt>
   <trkpt lat="51.26384" lon="4.848870000000001">
    <ele>16.91</ele>
   </trkpt>
   <trkpt lat="51.263920000000006" lon="4.8487800000000005">
    <ele>16.880000000000003</ele>
   </trkpt>
   <trkpt lat="51.264010000000006" lon="4.848750000000001">
    <ele>16.880000000000003</ele>
   </trkpt>
   <trkpt lat="51.26409" lon="4.8487800000000005">
    <ele>16.560000000000002</ele>
   </trkpt>
   <trkpt lat="51.26484000187533" lon="4.849439989247374">
    <ele>16.59</ele>
   </trkpt>
   <trkpt lat="51.26559" lon="4.8501">
    <ele>17.26</ele>
   </trkpt>
   <trkpt lat="51.265710000000006" lon="4.8501">
    <ele>17.26</ele>
   </trkpt>
   <trkpt lat="51.26579" lon="4.85003">
    <ele>16.990000000000002</ele>
   </trkpt>
   <trkpt lat="51.26606000173334" lon="4.849390003786715">
    <ele>16.89</ele>
   </trkpt>
   <trkpt lat="51.26633" lon="4.848750000000001">
    <ele>16.93</ele>
   </trkpt>
   <trkpt lat="51.266540000000006" lon="4.84849">
    <ele>16.880000000000003</ele>
   </trkpt>
   <trkpt lat="51.267220003578934" lon="4.8478400192549636">
    <ele>17.210000000000004</ele>
   </trkpt>
   <trkpt lat="51.26790000355883" lon="4.847190019274549">
    <ele>17.18</ele>
   </trkpt>
   <trkpt lat="51.26858000000001" lon="4.84654">
    <ele>17.46</ele>
   </trkpt>
   <trkpt lat="51.269000000000005" lon="4.84628">
    <ele>17.32</ele>
   </trkpt>
   <trkpt lat="51.26976500019172" lon="4.846165001894132">
    <ele>17.5</ele>
   </trkpt>
   <trkpt lat="51.27053" lon="4.84605">
    <ele>17.63</ele>
   </trkpt>
   <trkpt lat="51.27121000001304" lon="4.846079999556444">
    <ele>17.580000000000002</ele>
   </trkpt>
   <trkpt lat="51.271890000000006" lon="4.84611">
    <ele>17.68</ele>
   </trkpt>
   <trkpt lat="51.272410000233485" lon="4.846119999891311">
    <ele>17.640000000000004</ele>
   </trkpt>
   <trkpt lat="51.27293" lon="4.8461300000000005">
    <ele>17.66</ele>
   </trkpt>
   <trkpt lat="51.27355000000001" lon="4.84602">
    <ele>17.57</ele>
   </trkpt>
   <trkpt lat="51.27399500034781" lon="4.845815001907746">
    <ele>17.6</ele>
   </trkpt>
   <trkpt lat="51.274440000000006" lon="4.845610000000001">
    <ele>17.78</ele>
   </trkpt>
   <trkpt lat="51.2752333347448" lon="4.845203347376349">
    <ele>18.13</ele>
   </trkpt>
   <trkpt lat="51.276026668080924" lon="4.844796680708548">
    <ele>18.18</ele>
   </trkpt>
   <trkpt lat="51.27682" lon="4.844390000000001">
    <ele>18.490000000000002</ele>
   </trkpt>
   <trkpt lat="51.276970000000006" lon="4.84443">
    <ele>18.63</ele>
   </trkpt>
   <trkpt lat="51.27758000043556" lon="4.8446633271259625">
    <ele>20.03</ele>
   </trkpt>
   <trkpt lat="51.27819000040739" lon="4.844896660448415">
    <ele>22.09</ele>
   </trkpt>
   <trkpt lat="51.278800000000004" lon="4.84513">
    <ele>24.240000000000002</ele>
   </trkpt>
   <trkpt lat="51.27886" lon="4.84489">
    <ele>24.830000000000002</ele>
   </trkpt>
   <trkpt lat="51.27893" lon="4.844720000000001">
    <ele>25.78</ele>
   </trkpt>
   <trkpt lat="51.27952334017288" lon="4.8438233565103">
    <ele>26.64</ele>
   </trkpt>
   <trkpt lat="51.2801166734975" lon="4.84292668985724">
    <ele>23.96</ele>
   </trkpt>
   <trkpt lat="51.280710000000006" lon="4.84203">
    <ele>21.650000000000002</ele>
   </trkpt>
   <trkpt lat="51.280710000000006" lon="4.842020000000001">
    <ele>21.630000000000003</ele>
   </trkpt>
   <trkpt lat="51.281060000000004" lon="4.842700000000001">
    <ele>20.59</ele>
   </trkpt>
   <trkpt lat="51.281090000000006" lon="4.84292">
    <ele>20.41</ele>
   </trkpt>
   <trkpt lat="51.28105000000001" lon="4.84316">
    <ele>20.34</ele>
   </trkpt>
   <trkpt lat="51.28086000198511" lon="4.843850003008562">
    <ele>19.73</ele>
   </trkpt>
   <trkpt lat="51.28067000000001" lon="4.84454">
    <ele>19.82</ele>
   </trkpt>
   <trkpt lat="51.280640000000005" lon="4.84471">
    <ele>19.82</ele>
   </trkpt>
   <trkpt lat="51.28069000000001" lon="4.844880000000001">
    <ele>19.78</ele>
   </trkpt>
   <trkpt lat="51.28079" lon="4.8450500000000005">
    <ele>19.78</ele>
   </trkpt>
   <trkpt lat="51.28134000285608" lon="4.845884989829779">
    <ele>19.84</ele>
   </trkpt>
   <trkpt lat="51.281890000000004" lon="4.84672">
    <ele>19.69</ele>
   </trkpt>
   <trkpt lat="51.28201000000001" lon="4.846850000000001">
    <ele>19.58</ele>
   </trkpt>
   <trkpt lat="51.282120000000006" lon="4.84687">
    <ele>19.58</ele>
   </trkpt>
   <trkpt lat="51.28219000000001" lon="4.846970000000001">
    <ele>19.58</ele>
   </trkpt>
   <trkpt lat="51.28271801255414" lon="4.847827960569189">
    <ele>19.430000000000003</ele>
   </trkpt>
   <trkpt lat="51.283246018838355" lon="4.848685940864355">
    <ele>19.51</ele>
   </trkpt>
   <trkpt lat="51.283774018852355" lon="4.849543940886089">
    <ele>19.5</ele>
   </trkpt>
   <trkpt lat="51.28430201259589" lon="4.850401960634981">
    <ele>19.12</ele>
   </trkpt>
   <trkpt lat="51.28483000000001" lon="4.851260000000001">
    <ele>19.26</ele>
   </trkpt>
   <trkpt lat="51.285340000000005" lon="4.851990000000001">
    <ele>19.57</ele>
   </trkpt>
   <trkpt lat="51.285410000000006" lon="4.85202">
    <ele>19.630000000000003</ele>
   </trkpt>
   <trkpt lat="51.285500000000006" lon="4.85202">
    <ele>19.630000000000003</ele>
   </trkpt>
   <trkpt lat="51.285680000000006" lon="4.85191">
    <ele>19.770000000000003</ele>
   </trkpt>
   <trkpt lat="51.28577000000001" lon="4.85188">
    <ele>19.770000000000003</ele>
   </trkpt>
   <trkpt lat="51.28585" lon="4.85191">
    <ele>19.76</ele>
   </trkpt>
   <trkpt lat="51.285940000000004" lon="4.85198">
    <ele>19.76</ele>
   </trkpt>
   <trkpt lat="51.28633500101673" lon="4.852444996113435">
    <ele>19.520000000000003</ele>
   </trkpt>
   <trkpt lat="51.286730000000006" lon="4.8529100000000005">
    <ele>19.53</ele>
   </trkpt>
   <trkpt lat="51.28687000000001" lon="4.8531">
    <ele>19.53</ele>
   </trkpt>
   <trkpt lat="51.28694" lon="4.85322">
    <ele>19.42</ele>
   </trkpt>
   <trkpt lat="51.28708" lon="4.85364">
    <ele>19.4</ele>
   </trkpt>
   <trkpt lat="51.28759" lon="4.85433">
    <ele>19.669999999999998</ele>
   </trkpt>
   <trkpt lat="51.287690000000005" lon="4.8544">
    <ele>19.669999999999998</ele>
   </trkpt>
   <trkpt lat="51.28774000000001" lon="4.854410000000001">
    <ele>20.0</ele>
   </trkpt>
   <trkpt lat="51.287850000000006" lon="4.85439">
    <ele>20.0</ele>
   </trkpt>
   <trkpt lat="51.28831" lon="4.85395">
    <ele>20.94</ele>
   </trkpt>
   <trkpt lat="51.28842" lon="4.853940000000001">
    <ele>21.67</ele>
   </trkpt>
   <trkpt lat="51.28851" lon="4.85397">
    <ele>21.67</ele>
   </trkpt>
   <trkpt lat="51.2886" lon="4.85405">
    <ele>22.2</ele>
   </trkpt>
   <trkpt lat="51.28866000000001" lon="4.854170000000001">
    <ele>22.2</ele>
   </trkpt>
   <trkpt lat="51.28868000000001" lon="4.85439">
    <ele>22.76</ele>
   </trkpt>
   <trkpt lat="51.288650000000004" lon="4.854520000000001">
    <ele>22.92</ele>
   </trkpt>
   <trkpt lat="51.28857000000001" lon="4.85466">
    <ele>23.07</ele>
   </trkpt>
   <trkpt lat="51.288500000000006" lon="4.854710000000001">
    <ele>23.07</ele>
   </trkpt>
   <trkpt lat="51.2884" lon="4.85484">
    <ele>23.13</ele>
   </trkpt>
   <trkpt lat="51.28831" lon="4.855130000000001">
    <ele>23.17</ele>
   </trkpt>
   <trkpt lat="51.288320000000006" lon="4.8553500000000005">
    <ele>22.96</ele>
   </trkpt>
   <trkpt lat="51.28835" lon="4.8555">
    <ele>22.96</ele>
   </trkpt>
   <trkpt lat="51.288410000000006" lon="4.85562">
    <ele>22.96</ele>
   </trkpt>
   <trkpt lat="51.28849" lon="4.85571">
    <ele>22.96</ele>
   </trkpt>
   <trkpt lat="51.288610000000006" lon="4.85578">
    <ele>22.87</ele>
   </trkpt>
   <trkpt lat="51.28873" lon="4.85578">
    <ele>22.87</ele>
   </trkpt>
   <trkpt lat="51.288790000000006" lon="4.85594">
    <ele>22.76</ele>
   </trkpt>
   <trkpt lat="51.289030000000004" lon="4.857060000000001">
    <ele>20.720000000000002</ele>
   </trkpt>
   <trkpt lat="51.289170000000006" lon="4.857430000000001">
    <ele>20.490000000000002</ele>
   </trkpt>
   <trkpt lat="51.28938" lon="4.85775">
    <ele>20.380000000000003</ele>
   </trkpt>
   <trkpt lat="51.28947" lon="4.857830000000001">
    <ele>20.380000000000003</ele>
   </trkpt>
   <trkpt lat="51.28996333841684" lon="4.858603316700786">
    <ele>20.91</ele>
   </trkpt>
   <trkpt lat="51.290456671740166" lon="4.859376650018158">
    <ele>20.96</ele>
   </trkpt>
   <trkpt lat="51.29095" lon="4.86015">
    <ele>21.18</ele>
   </trkpt>
   <trkpt lat="51.29161334118916" lon="4.861109972272018">
    <ele>21.26</ele>
   </trkpt>
   <trkpt lat="51.29227667452923" lon="4.862069972281199">
    <ele>21.400000000000002</ele>
   </trkpt>
   <trkpt lat="51.29294" lon="4.86303">
    <ele>21.490000000000002</ele>
   </trkpt>
   <trkpt lat="51.293200000000006" lon="4.86333">
    <ele>21.560000000000002</ele>
   </trkpt>
   <trkpt lat="51.29355" lon="4.86359">
    <ele>21.560000000000002</ele>
   </trkpt>
   <trkpt lat="51.29392000000001" lon="4.86373">
    <ele>21.54</ele>
   </trkpt>
   <trkpt lat="51.29401000000001" lon="4.8637500000000005">
    <ele>21.54</ele>
   </trkpt>
   <trkpt lat="51.29487" lon="4.86373">
    <ele>21.66</ele>
   </trkpt>
   <trkpt lat="51.295370000000005" lon="4.863840000000001">
    <ele>22.27</ele>
   </trkpt>
   <trkpt lat="51.29554" lon="4.86394">
    <ele>22.27</ele>
   </trkpt>
   <trkpt lat="51.295860000000005" lon="4.8642">
    <ele>22.22</ele>
   </trkpt>
   <trkpt lat="51.29612" lon="4.864520000000001">
    <ele>22.11</ele>
   </trkpt>
   <trkpt lat="51.29637" lon="4.86498">
    <ele>22.21</ele>
   </trkpt>
   <trkpt lat="51.29680334423704" lon="4.866113311845002">
    <ele>22.39</ele>
   </trkpt>
   <trkpt lat="51.29723667753507" lon="4.867246645085598">
    <ele>22.45</ele>
   </trkpt>
   <trkpt lat="51.297670000000004" lon="4.86838">
    <ele>22.76</ele>
   </trkpt>
   <trkpt lat="51.298115006181916" lon="4.869584988315618">
    <ele>23.06</ele>
   </trkpt>
   <trkpt lat="51.29856" lon="4.87079">
    <ele>23.28</ele>
   </trkpt>
   <trkpt lat="51.29872" lon="4.87138">
    <ele>23.26</ele>
   </trkpt>
   <trkpt lat="51.29892500655054" lon="4.872619994480649">
    <ele>22.37</ele>
   </trkpt>
   <trkpt lat="51.299130000000005" lon="4.8738600000000005">
    <ele>21.77</ele>
   </trkpt>
   <trkpt lat="51.29847" lon="4.87427">
    <ele>21.470000000000002</ele>
   </trkpt>
   <trkpt lat="51.29822000000001" lon="4.8745400000000005">
    <ele>21.85</ele>
   </trkpt>
   <trkpt lat="51.298010000000005" lon="4.87474">
    <ele>21.76</ele>
   </trkpt>
   <trkpt lat="51.29827" lon="4.8760200000000005">
    <ele>21.67</ele>
   </trkpt>
   <trkpt lat="51.298410000000004" lon="4.87661">
    <ele>21.66</ele>
   </trkpt>
   <trkpt lat="51.298350000000006" lon="4.876670000000001">
    <ele>21.66</ele>
   </trkpt>
   <trkpt lat="51.298320000000004" lon="4.8767700000000005">
    <ele>21.550000000000004</ele>
   </trkpt>
   <trkpt lat="51.29831" lon="4.87758">
    <ele>21.27</ele>
   </trkpt>
   <trkpt lat="51.298550000000006" lon="4.87861">
    <ele>21.53</ele>
   </trkpt>
   <trkpt lat="51.29858" lon="4.87887">
    <ele>21.630000000000003</ele>
   </trkpt>
   <trkpt lat="51.29856" lon="4.88006">
    <ele>21.66</ele>
   </trkpt>
   <trkpt lat="51.29846500568537" lon="4.88121500233297">
    <ele>21.730000000000004</ele>
   </trkpt>
   <trkpt lat="51.298370000000006" lon="4.882370000000001">
    <ele>21.7</ele>
   </trkpt>
   <trkpt lat="51.29831" lon="4.88264">
    <ele>21.7</ele>
   </trkpt>
   <trkpt lat="51.29822000000001" lon="4.88293">
    <ele>21.62</ele>
   </trkpt>
   <trkpt lat="51.29816" lon="4.8834">
    <ele>21.550000000000004</ele>
   </trkpt>
   <trkpt lat="51.29815000000001" lon="4.88372">
    <ele>21.550000000000004</ele>
   </trkpt>
   <trkpt lat="51.298300000000005" lon="4.88459">
    <ele>21.25</ele>
   </trkpt>
   <trkpt lat="51.29833000000001" lon="4.8853800000000005">
    <ele>20.740000000000002</ele>
   </trkpt>
   <trkpt lat="51.29834" lon="4.8866700000000005">
    <ele>20.67</ele>
   </trkpt>
   <trkpt lat="51.29829" lon="4.88806">
    <ele>20.880000000000003</ele>
   </trkpt>
   <trkpt lat="51.298230000000004" lon="4.88818">
    <ele>20.880000000000003</ele>
   </trkpt>
   <trkpt lat="51.29795000000001" lon="4.88823">
    <ele>20.790000000000003</ele>
   </trkpt>
   <trkpt lat="51.297212500885806" lon="4.888492512649165">
    <ele>21.84</ele>
   </trkpt>
   <trkpt lat="51.29647500118473" lon="4.8887550168639216">
    <ele>24.020000000000003</ele>
   </trkpt>
   <trkpt lat="51.295737500896784" lon="4.889017512644758">
    <ele>26.660000000000004</ele>
   </trkpt>
   <trkpt lat="51.295" lon="4.88928">
    <ele>26.1</ele>
   </trkpt>
   <trkpt lat="51.2952700101355" lon="4.890369987246806">
    <ele>22.72</ele>
   </trkpt>
   <trkpt lat="51.2955400101523" lon="4.891459987314418">
    <ele>20.220000000000002</ele>
   </trkpt>
   <trkpt lat="51.29581" lon="4.892550000000001">
    <ele>18.830000000000002</ele>
   </trkpt>
   <trkpt lat="51.29589000000001" lon="4.89323">
    <ele>18.7</ele>
   </trkpt>
   <trkpt lat="51.2959866769698" lon="4.894329995343397">
    <ele>18.73</ele>
   </trkpt>
   <trkpt lat="51.29608334363436" lon="4.8954299953193665">
    <ele>19.020000000000003</ele>
   </trkpt>
   <trkpt lat="51.29618000000001" lon="4.89653">
    <ele>19.51</ele>
   </trkpt>
   <trkpt lat="51.29626001253798" lon="4.897743329102139">
    <ele>19.540000000000003</ele>
   </trkpt>
   <trkpt lat="51.29634001253784" lon="4.898956662433282">
    <ele>19.55</ele>
   </trkpt>
   <trkpt lat="51.296420000000005" lon="4.90017">
    <ele>19.48</ele>
   </trkpt>
   <trkpt lat="51.29649002566978" lon="4.901587493531754">
    <ele>19.75</ele>
   </trkpt>
   <trkpt lat="51.29656003422697" lon="4.903004991387296">
    <ele>19.970000000000002</ele>
   </trkpt>
   <trkpt lat="51.29663002567148" lon="4.904422493565593">
    <ele>19.57</ele>
   </trkpt>
   <trkpt lat="51.2967" lon="4.90584">
    <ele>19.84</ele>
   </trkpt>
   <trkpt lat="51.29593500043157" lon="4.90617000551277">
    <ele>19.040000000000003</ele>
   </trkpt>
   <trkpt lat="51.295170000000006" lon="4.9065">
    <ele>19.12</ele>
   </trkpt>
   <trkpt lat="51.29447500043124" lon="4.90687000568176">
    <ele>19.1</ele>
   </trkpt>
   <trkpt lat="51.293780000000005" lon="4.907240000000001">
    <ele>19.01</ele>
   </trkpt>
   <trkpt lat="51.29323" lon="4.90747">
    <ele>19.19</ele>
   </trkpt>
   <trkpt lat="51.293020000000006" lon="4.907520000000001">
    <ele>19.12</ele>
   </trkpt>
   <trkpt lat="51.29229" lon="4.907500000000001">
    <ele>18.8</ele>
   </trkpt>
   <trkpt lat="51.29211" lon="4.90754">
    <ele>18.81</ele>
   </trkpt>
   <trkpt lat="51.29146" lon="4.90775">
    <ele>18.950000000000003</ele>
   </trkpt>
   <trkpt lat="51.29130000000001" lon="4.907830000000001">
    <ele>18.99</ele>
   </trkpt>
   <trkpt lat="51.29104" lon="4.90805">
    <ele>19.23</ele>
   </trkpt>
   <trkpt lat="51.29097" lon="4.908200000000001">
    <ele>19.31</ele>
   </trkpt>
   <trkpt lat="51.290670000000006" lon="4.90927">
    <ele>18.500000000000004</ele>
   </trkpt>
   <trkpt lat="51.290600000000005" lon="4.90976">
    <ele>18.46</ele>
   </trkpt>
   <trkpt lat="51.29061" lon="4.91">
    <ele>18.250000000000004</ele>
   </trkpt>
   <trkpt lat="51.29065000000001" lon="4.91021">
    <ele>18.22</ele>
   </trkpt>
   <trkpt lat="51.29072000000001" lon="4.91047">
    <ele>18.22</ele>
   </trkpt>
   <trkpt lat="51.29101000000001" lon="4.9110700000000005">
    <ele>18.09</ele>
   </trkpt>
   <trkpt lat="51.29117" lon="4.91148">
    <ele>18.09</ele>
   </trkpt>
   <trkpt lat="51.291270000000004" lon="4.91213">
    <ele>18.1</ele>
   </trkpt>
   <trkpt lat="51.29126" lon="4.912680000000001">
    <ele>18.150000000000002</ele>
   </trkpt>
   <trkpt lat="51.291135008527014" lon="4.914095003846739">
    <ele>18.150000000000002</ele>
   </trkpt>
   <trkpt lat="51.29101000000001" lon="4.91551">
    <ele>18.1</ele>
   </trkpt>
   <trkpt lat="51.2909000172554" lon="4.91693334014241">
    <ele>17.830000000000002</ele>
   </trkpt>
   <trkpt lat="51.29079001725614" lon="4.918356673465863">
    <ele>18.19</ele>
   </trkpt>
   <trkpt lat="51.29068" lon="4.91978">
    <ele>18.070000000000004</ele>
   </trkpt>
   <trkpt lat="51.290690000000005" lon="4.92025">
    <ele>18.12</ele>
   </trkpt>
   <trkpt lat="51.29075" lon="4.92084">
    <ele>18.46</ele>
   </trkpt>
   <trkpt lat="51.290950015035044" lon="4.921924985796994">
    <ele>19.73</ele>
   </trkpt>
   <trkpt lat="51.291150020043744" lon="4.9230099810461265">
    <ele>19.64</ele>
   </trkpt>
   <trkpt lat="51.29135001502594" lon="4.9240949857470735">
    <ele>19.680000000000003</ele>
   </trkpt>
   <trkpt lat="51.29155" lon="4.92518">
    <ele>19.84</ele>
   </trkpt>
   <trkpt lat="51.291650000000004" lon="4.9255700000000004">
    <ele>19.64</ele>
   </trkpt>
   <trkpt lat="51.29213500577102" lon="4.926734987673297">
    <ele>19.450000000000003</ele>
   </trkpt>
   <trkpt lat="51.29262000000001" lon="4.9279">
    <ele>19.270000000000003</ele>
   </trkpt>
   <trkpt lat="51.292930000000005" lon="4.92919">
    <ele>19.470000000000002</ele>
   </trkpt>
   <trkpt lat="51.29309000000001" lon="4.9295800000000005">
    <ele>19.55</ele>
   </trkpt>
   <trkpt lat="51.29341" lon="4.93018">
    <ele>19.6</ele>
   </trkpt>
   <trkpt lat="51.29380000268067" lon="4.930969993335963">
    <ele>19.75</ele>
   </trkpt>
   <trkpt lat="51.29419000000001" lon="4.931760000000001">
    <ele>19.75</ele>
   </trkpt>
   <trkpt lat="51.294320000000006" lon="4.93198">
    <ele>19.66</ele>
   </trkpt>
   <trkpt lat="51.294650000000004" lon="4.932440000000001">
    <ele>19.66</ele>
   </trkpt>
   <trkpt lat="51.29471" lon="4.932580000000001">
    <ele>19.64</ele>
   </trkpt>
   <trkpt lat="51.294740000000004" lon="4.932810000000001">
    <ele>19.58</ele>
   </trkpt>
   <trkpt lat="51.294700000000006" lon="4.9333800000000005">
    <ele>19.58</ele>
   </trkpt>
   <trkpt lat="51.2946" lon="4.933350000000001">
    <ele>19.58</ele>
   </trkpt>
   <trkpt lat="51.294470000000004" lon="4.933350000000001">
    <ele>19.4</ele>
   </trkpt>
   <trkpt lat="51.294320000000006" lon="4.93337">
    <ele>19.180000000000003</ele>
   </trkpt>
   <trkpt lat="51.29413" lon="4.93343">
    <ele>19.020000000000003</ele>
   </trkpt>
   <trkpt lat="51.29339000164797" lon="4.933870014183713">
    <ele>19.12</ele>
   </trkpt>
   <trkpt lat="51.292650001647" lon="4.934310014183998">
    <ele>19.44</ele>
   </trkpt>
   <trkpt lat="51.29191" lon="4.93475">
    <ele>19.450000000000003</ele>
   </trkpt>
   <trkpt lat="51.29193" lon="4.93482">
    <ele>19.250000000000004</ele>
   </trkpt>
   <trkpt lat="51.291280000696034" lon="4.935205005411671">
    <ele>18.63</ele>
   </trkpt>
   <trkpt lat="51.29063000000001" lon="4.93559">
    <ele>19.42</ele>
   </trkpt>
   <trkpt lat="51.29064" lon="4.9356100000000005">
    <ele>19.42</ele>
   </trkpt>
   <trkpt lat="51.290580000000006" lon="4.93574">
    <ele>19.39</ele>
   </trkpt>
   <trkpt lat="51.29057" lon="4.93585">
    <ele>19.290000000000003</ele>
   </trkpt>
   <trkpt lat="51.2903" lon="4.93609">
    <ele>19.22</ele>
   </trkpt>
   <trkpt lat="51.2899" lon="4.93635">
    <ele>19.270000000000003</ele>
   </trkpt>
   <trkpt lat="51.289280000000005" lon="4.93663">
    <ele>18.590000000000003</ele>
   </trkpt>
   <trkpt lat="51.28916" lon="4.936730000000001">
    <ele>18.590000000000003</ele>
   </trkpt>
   <trkpt lat="51.28865500325047" lon="4.937595009402758">
    <ele>18.400000000000002</ele>
   </trkpt>
   <trkpt lat="51.28815" lon="4.93846">
    <ele>19.05</ele>
   </trkpt>
   <trkpt lat="51.28799000000001" lon="4.938680000000001">
    <ele>19.040000000000003</ele>
   </trkpt>
   <trkpt lat="51.288000000000004" lon="4.938680000000001">
    <ele>19.05</ele>
   </trkpt>
   <trkpt lat="51.28801000000001" lon="4.93885">
    <ele>19.05</ele>
   </trkpt>
   <trkpt lat="51.28849333831303" lon="4.939613317291537">
    <ele>19.1</ele>
   </trkpt>
   <trkpt lat="51.28897667166339" lon="4.940376650651482">
    <ele>19.15</ele>
   </trkpt>
   <trkpt lat="51.289460000000005" lon="4.941140000000001">
    <ele>19.250000000000004</ele>
   </trkpt>
   <trkpt lat="51.289730000000006" lon="4.941490000000001">
    <ele>19.35</ele>
   </trkpt>
   <trkpt lat="51.29031500174737" lon="4.942099992398336">
    <ele>19.3</ele>
   </trkpt>
   <trkpt lat="51.29090000000001" lon="4.942710000000001">
    <ele>19.4</ele>
   </trkpt>
   <trkpt lat="51.29162000574787" lon="4.943526641131367">
    <ele>19.49</ele>
   </trkpt>
   <trkpt lat="51.29234000581552" lon="4.944343307874238">
    <ele>19.58</ele>
   </trkpt>
   <trkpt lat="51.293060000000004" lon="4.9451600000000004">
    <ele>19.540000000000003</ele>
   </trkpt>
   <trkpt lat="51.293290000000006" lon="4.945410000000001">
    <ele>19.540000000000003</ele>
   </trkpt>
   <trkpt lat="51.293850000000006" lon="4.94582">
    <ele>19.470000000000002</ele>
   </trkpt>
   <trkpt lat="51.293960000000006" lon="4.945880000000001">
    <ele>19.470000000000002</ele>
   </trkpt>
   <trkpt lat="51.294180000000004" lon="4.94594">
    <ele>19.5</ele>
   </trkpt>
   <trkpt lat="51.29433" lon="4.946020000000001">
    <ele>19.5</ele>
   </trkpt>
   <trkpt lat="51.29491" lon="4.94655">
    <ele>19.290000000000003</ele>
   </trkpt>
   <trkpt lat="51.29549" lon="4.946890000000001">
    <ele>19.650000000000002</ele>
   </trkpt>
   <trkpt lat="51.29519000492615" lon="4.9479700072043205">
    <ele>19.610000000000003</ele>
   </trkpt>
   <trkpt lat="51.29489" lon="4.949050000000001">
    <ele>19.82</ele>
   </trkpt>
   <trkpt lat="51.29452000706712" lon="4.950340010463405">
    <ele>20.020000000000003</ele>
   </trkpt>
   <trkpt lat="51.29415" lon="4.951630000000001">
    <ele>20.060000000000002</ele>
   </trkpt>
   <trkpt lat="51.294180000000004" lon="4.95169">
    <ele>20.130000000000003</ele>
   </trkpt>
   <trkpt lat="51.29419000000001" lon="4.95178">
    <ele>20.130000000000003</ele>
   </trkpt>
   <trkpt lat="51.29415" lon="4.95188">
    <ele>20.18</ele>
   </trkpt>
   <trkpt lat="51.29408" lon="4.951890000000001">
    <ele>20.18</ele>
   </trkpt>
   <trkpt lat="51.29401000000001" lon="4.952240000000001">
    <ele>20.05</ele>
   </trkpt>
   <trkpt lat="51.29393" lon="4.953010000000001">
    <ele>20.540000000000003</ele>
   </trkpt>
   <trkpt lat="51.293940000000006" lon="4.9533000000000005">
    <ele>20.880000000000003</ele>
   </trkpt>
   <trkpt lat="51.29413" lon="4.954630000000001">
    <ele>20.62</ele>
   </trkpt>
   <trkpt lat="51.294360000000005" lon="4.95467">
    <ele>20.42</ele>
   </trkpt>
   <trkpt lat="51.29500999996926" lon="4.954674999928973">
    <ele>20.040000000000003</ele>
   </trkpt>
   <trkpt lat="51.295660000000005" lon="4.954680000000001">
    <ele>20.009999999999998</ele>
   </trkpt>
   <trkpt lat="51.2959" lon="4.9546600000000005">
    <ele>20.009999999999998</ele>
   </trkpt>
   <trkpt lat="51.296150000000004" lon="4.95458">
    <ele>20.12</ele>
   </trkpt>
   <trkpt lat="51.29673666734356" lon="4.954286674191775">
    <ele>20.12</ele>
   </trkpt>
   <trkpt lat="51.29732333395433" lon="4.953993340886513">
    <ele>20.310000000000002</ele>
   </trkpt>
   <trkpt lat="51.29791" lon="4.9537">
    <ele>20.42</ele>
   </trkpt>
   <trkpt lat="51.29794500296141" lon="4.954534999182434">
    <ele>19.94</ele>
   </trkpt>
   <trkpt lat="51.29798" lon="4.95537">
    <ele>20.23</ele>
   </trkpt>
   <trkpt lat="51.29795000000001" lon="4.955500000000001">
    <ele>20.23</ele>
   </trkpt>
   <trkpt lat="51.297940000000004" lon="4.955520000000001">
    <ele>20.23</ele>
   </trkpt>
   <trkpt lat="51.29791" lon="4.95558">
    <ele>20.23</ele>
   </trkpt>
   <trkpt lat="51.29773" lon="4.955710000000001">
    <ele>20.23</ele>
   </trkpt>
   <trkpt lat="51.297610000000006" lon="4.955760000000001">
    <ele>20.17</ele>
   </trkpt>
   <trkpt lat="51.297430000000006" lon="4.955780000000001">
    <ele>20.17</ele>
   </trkpt>
   <trkpt lat="51.29693" lon="4.955760000000001">
    <ele>19.98</ele>
   </trkpt>
   <trkpt lat="51.29618000000001" lon="4.955760000000001">
    <ele>20.3</ele>
   </trkpt>
   <trkpt lat="51.29605" lon="4.9558">
    <ele>20.37</ele>
   </trkpt>
   <trkpt lat="51.29558" lon="4.95601">
    <ele>20.25</ele>
   </trkpt>
   <trkpt lat="51.29509" lon="4.9562800000000005">
    <ele>20.220000000000002</ele>
   </trkpt>
   <trkpt lat="51.2945266680942" lon="4.956690010064374">
    <ele>20.080000000000002</ele>
   </trkpt>
   <trkpt lat="51.29396333475667" lon="4.957100010067264">
    <ele>19.51</ele>
   </trkpt>
   <trkpt lat="51.293400000000005" lon="4.95751">
    <ele>19.48</ele>
   </trkpt>
   <trkpt lat="51.29298000000001" lon="4.9579200000000005">
    <ele>19.85</ele>
   </trkpt>
   <trkpt lat="51.29245" lon="4.9586500000000004">
    <ele>19.560000000000002</ele>
   </trkpt>
   <trkpt lat="51.292190000000005" lon="4.95891">
    <ele>19.66</ele>
   </trkpt>
   <trkpt lat="51.291990000000006" lon="4.959040000000001">
    <ele>19.69</ele>
   </trkpt>
   <trkpt lat="51.2914" lon="4.95934">
    <ele>19.700000000000003</ele>
   </trkpt>
   <trkpt lat="51.29128000000001" lon="4.95943">
    <ele>19.75</ele>
   </trkpt>
   <trkpt lat="51.290870000000005" lon="4.95997">
    <ele>19.78</ele>
   </trkpt>
   <trkpt lat="51.29075" lon="4.960050000000001">
    <ele>19.78</ele>
   </trkpt>
   <trkpt lat="51.29066" lon="4.960050000000001">
    <ele>19.76</ele>
   </trkpt>
   <trkpt lat="51.29018000000001" lon="4.9598700000000004">
    <ele>19.82</ele>
   </trkpt>
   <trkpt lat="51.289640000000006" lon="4.9598700000000004">
    <ele>19.82</ele>
   </trkpt>
   <trkpt lat="51.28885499995956" lon="4.959905000600347">
    <ele>19.810000000000002</ele>
   </trkpt>
   <trkpt lat="51.288070000000005" lon="4.9599400000000005">
    <ele>19.75</ele>
   </trkpt>
   <trkpt lat="51.28799000000001" lon="4.960170000000001">
    <ele>19.78</ele>
   </trkpt>
   <trkpt lat="51.287940000000006" lon="4.960240000000001">
    <ele>19.78</ele>
   </trkpt>
   <trkpt lat="51.2872083462286" lon="4.961018395340518">
    <ele>19.46</ele>
   </trkpt>
   <trkpt lat="51.28647668729671" lon="4.961796765878579">
    <ele>19.73</ele>
   </trkpt>
   <trkpt lat="51.28574502320464" lon="4.962575111615447">
    <ele>19.790000000000003</ele>
   </trkpt>
   <trkpt lat="51.2850133539527" lon="4.963353432552386">
    <ele>19.900000000000002</ele>
   </trkpt>
   <trkpt lat="51.28428167954117" lon="4.964131728690662">
    <ele>19.950000000000003</ele>
   </trkpt>
   <trkpt lat="51.283550000000005" lon="4.964910000000001">
    <ele>19.73</ele>
   </trkpt>
   <trkpt lat="51.28286834416047" lon="4.965623386275169">
    <ele>19.720000000000002</ele>
   </trkpt>
   <trkpt lat="51.28218668398628" lon="4.966336751375908">
    <ele>19.83</ele>
   </trkpt>
   <trkpt lat="51.28150501947766" lon="4.9670500953032315">
    <ele>19.85</ele>
   </trkpt>
   <trkpt lat="51.28082335063489" lon="4.967763418058145">
    <ele>19.73</ele>
   </trkpt>
   <trkpt lat="51.28014167745812" lon="4.968476719641661">
    <ele>19.630000000000003</ele>
   </trkpt>
   <trkpt lat="51.27946000000001" lon="4.96919">
    <ele>19.62</ele>
   </trkpt>
   <trkpt lat="51.279010006578" lon="4.970070017276696">
    <ele>19.49</ele>
   </trkpt>
   <trkpt lat="51.27856000655963" lon="4.970950017312361">
    <ele>19.51</ele>
   </trkpt>
   <trkpt lat="51.278110000000005" lon="4.971830000000001">
    <ele>19.380000000000003</ele>
   </trkpt>
   <trkpt lat="51.277540005013634" lon="4.972915013462587">
    <ele>19.340000000000003</ele>
   </trkpt>
   <trkpt lat="51.276970000000006" lon="4.974">
    <ele>19.290000000000003</ele>
   </trkpt>
   <trkpt lat="51.27676" lon="4.9743200000000005">
    <ele>19.26</ele>
   </trkpt>
   <trkpt lat="51.27658" lon="4.97456">
    <ele>19.28</ele>
   </trkpt>
   <trkpt lat="51.27586" lon="4.9754000000000005">
    <ele>19.380000000000003</ele>
   </trkpt>
   <trkpt lat="51.27561000000001" lon="4.97566">
    <ele>19.42</ele>
   </trkpt>
   <trkpt lat="51.275450000000006" lon="4.975750000000001">
    <ele>19.42</ele>
   </trkpt>
   <trkpt lat="51.275010000175484" lon="4.9759100015081525">
    <ele>19.24</ele>
   </trkpt>
   <trkpt lat="51.274570000000004" lon="4.97607">
    <ele>19.46</ele>
   </trkpt>
   <trkpt lat="51.27451000000001" lon="4.97607">
    <ele>19.46</ele>
   </trkpt>
   <trkpt lat="51.273860000000006" lon="4.97581">
    <ele>19.21</ele>
   </trkpt>
   <trkpt lat="51.273280000795005" lon="4.975506659014367">
    <ele>19.590000000000003</ele>
   </trkpt>
   <trkpt lat="51.272700000806196" lon="4.975203325687013">
    <ele>19.520000000000003</ele>
   </trkpt>
   <trkpt lat="51.27212" lon="4.974900000000001">
    <ele>19.470000000000002</ele>
   </trkpt>
   <trkpt lat="51.271460000000005" lon="4.97451">
    <ele>19.57</ele>
   </trkpt>
   <trkpt lat="51.27075000497241" lon="4.9750500333713115">
    <ele>18.910000000000004</ele>
   </trkpt>
   <trkpt lat="51.27004000746061" lon="4.975590050054458">
    <ele>18.860000000000003</ele>
   </trkpt>
   <trkpt lat="51.26933000746475" lon="4.976130050050319">
    <ele>18.88</ele>
   </trkpt>
   <trkpt lat="51.268620004984975" lon="4.976670033359778">
    <ele>18.99</ele>
   </trkpt>
   <trkpt lat="51.26791000000001" lon="4.97721">
    <ele>19.000000000000004</ele>
   </trkpt>
   <trkpt lat="51.2676" lon="4.977410000000001">
    <ele>18.96</ele>
   </trkpt>
   <trkpt lat="51.26749" lon="4.97742">
    <ele>18.96</ele>
   </trkpt>
   <trkpt lat="51.26663857170093" lon="4.977349983141784">
    <ele>18.830000000000002</ele>
   </trkpt>
   <trkpt lat="51.26578714336008" lon="4.977279968877853">
    <ele>18.81</ele>
   </trkpt>
   <trkpt lat="51.26493571497747" lon="4.97720995720803">
    <ele>18.930000000000003</ele>
   </trkpt>
   <trkpt lat="51.264084286553114" lon="4.977139948132141">
    <ele>18.97</ele>
   </trkpt>
   <trkpt lat="51.263232858086994" lon="4.977069941650011">
    <ele>19.090000000000003</ele>
   </trkpt>
   <trkpt lat="51.262381429579136" lon="4.976999937761464">
    <ele>19.14</ele>
   </trkpt>
   <trkpt lat="51.261530001029534" lon="4.976929936466327">
    <ele>19.44</ele>
   </trkpt>
   <trkpt lat="51.26067857243819" lon="4.976859937764422">
    <ele>19.64</ele>
   </trkpt>
   <trkpt lat="51.259827143805104" lon="4.9767899416555785">
    <ele>19.71</ele>
   </trkpt>
   <trkpt lat="51.258975715130276" lon="4.976719948139618">
    <ele>19.560000000000002</ele>
   </trkpt>
   <trkpt lat="51.258124286413704" lon="4.976649957216367">
    <ele>19.360000000000003</ele>
   </trkpt>
   <trkpt lat="51.25727285765541" lon="4.976579968885649">
    <ele>19.55</ele>
   </trkpt>
   <trkpt lat="51.2564214288554" lon="4.976509983147292">
    <ele>19.6</ele>
   </trkpt>
   <trkpt lat="51.255570000000006" lon="4.97644">
    <ele>19.880000000000003</ele>
   </trkpt>
   <trkpt lat="51.255410000000005" lon="4.97646">
    <ele>19.990000000000002</ele>
   </trkpt>
   <trkpt lat="51.254710000333944" lon="4.97676000458869">
    <ele>19.71</ele>
   </trkpt>
   <trkpt lat="51.25401" lon="4.977060000000001">
    <ele>19.6</ele>
   </trkpt>
   <trkpt lat="51.25316000161867" lon="4.977415019684562">
    <ele>19.53</ele>
   </trkpt>
   <trkpt lat="51.252310002163576" lon="4.97777002624325">
    <ele>19.51</ele>
   </trkpt>
   <trkpt lat="51.25146000163479" lon="4.978125019676931">
    <ele>19.610000000000003</ele>
   </trkpt>
   <trkpt lat="51.25061" lon="4.97848">
    <ele>19.250000000000004</ele>
   </trkpt>
   <trkpt lat="51.25011000000001" lon="4.978680000000001">
    <ele>19.06</ele>
   </trkpt>
   <trkpt lat="51.249930000000006" lon="4.978800000000001">
    <ele>19.06</ele>
   </trkpt>
   <trkpt lat="51.249430000690936" lon="4.979205004409865">
    <ele>18.94</ele>
   </trkpt>
   <trkpt lat="51.24893" lon="4.97961">
    <ele>18.98</ele>
   </trkpt>
   <trkpt lat="51.24893" lon="4.9796000000000005">
    <ele>18.97</ele>
   </trkpt>
   <trkpt lat="51.249325003503564" lon="4.980509992128032">
    <ele>19.020000000000003</ele>
   </trkpt>
   <trkpt lat="51.24972" lon="4.981420000000001">
    <ele>19.28</ele>
   </trkpt>
   <trkpt lat="51.24973000000001" lon="4.98153">
    <ele>19.33</ele>
   </trkpt>
   <trkpt lat="51.24980000000001" lon="4.9816">
    <ele>19.33</ele>
   </trkpt>
   <trkpt lat="51.249880000000005" lon="4.98176">
    <ele>19.4</ele>
   </trkpt>
   <trkpt lat="51.25022000265096" lon="4.982554994025116">
    <ele>19.49</ele>
   </trkpt>
   <trkpt lat="51.25056000000001" lon="4.983350000000001">
    <ele>19.470000000000002</ele>
   </trkpt>
   <trkpt lat="51.25089500588026" lon="4.984524991436241">
    <ele>19.1</ele>
   </trkpt>
   <trkpt lat="51.25123000000001" lon="4.9857000000000005">
    <ele>18.96</ele>
   </trkpt>
   <trkpt lat="51.25128500297893" lon="4.986534999135552">
    <ele>18.950000000000003</ele>
   </trkpt>
   <trkpt lat="51.251340000000006" lon="4.98737">
    <ele>18.930000000000003</ele>
   </trkpt>
   <trkpt lat="51.25133" lon="4.98847">
    <ele>18.82</ele>
   </trkpt>
   <trkpt lat="51.251270000000005" lon="4.988700000000001">
    <ele>18.8</ele>
   </trkpt>
   <trkpt lat="51.25086" lon="4.989680000000001">
    <ele>18.76</ele>
   </trkpt>
   <trkpt lat="51.2507200021752" lon="4.990395002189975">
    <ele>18.590000000000003</ele>
   </trkpt>
   <trkpt lat="51.25058000000001" lon="4.991110000000001">
    <ele>18.81</ele>
   </trkpt>
   <trkpt lat="51.249995000194104" lon="4.990994998564095">
    <ele>18.950000000000003</ele>
   </trkpt>
   <trkpt lat="51.249410000000005" lon="4.990880000000001">
    <ele>18.99</ele>
   </trkpt>
   <trkpt lat="51.249280000000006" lon="4.990900000000001">
    <ele>18.99</ele>
   </trkpt>
   <trkpt lat="51.249190000000006" lon="4.99096">
    <ele>18.99</ele>
   </trkpt>
   <trkpt lat="51.24913" lon="4.991070000000001">
    <ele>18.99</ele>
   </trkpt>
   <trkpt lat="51.2486033430152" lon="4.992136691122729">
    <ele>18.770000000000003</ele>
   </trkpt>
   <trkpt lat="51.24807667633646" lon="4.993203357813388">
    <ele>18.54</ele>
   </trkpt>
   <trkpt lat="51.247550000000004" lon="4.99427">
    <ele>18.94</ele>
   </trkpt>
   <trkpt lat="51.246950000000005" lon="4.9950600000000005">
    <ele>19.03</ele>
   </trkpt>
   <trkpt lat="51.246860000000005" lon="4.99516">
    <ele>19.020000000000003</ele>
   </trkpt>
   <trkpt lat="51.24645" lon="4.995450000000001">
    <ele>18.750000000000004</ele>
   </trkpt>
   <trkpt lat="51.24609" lon="4.996">
    <ele>18.73</ele>
   </trkpt>
   <trkpt lat="51.24573" lon="4.99542">
    <ele>18.580000000000002</ele>
   </trkpt>
   <trkpt lat="51.24564" lon="4.9953">
    <ele>18.590000000000003</ele>
   </trkpt>
   <trkpt lat="51.24555" lon="4.99526">
    <ele>18.590000000000003</ele>
   </trkpt>
   <trkpt lat="51.245470000000005" lon="4.9952700000000005">
    <ele>18.590000000000003</ele>
   </trkpt>
   <trkpt lat="51.24522" lon="4.99544">
    <ele>18.53</ele>
   </trkpt>
   <trkpt lat="51.245020000000004" lon="4.995690000000001">
    <ele>18.62</ele>
   </trkpt>
   <trkpt lat="51.244960000000006" lon="4.99573">
    <ele>18.62</ele>
   </trkpt>
   <trkpt lat="51.24475" lon="4.995710000000001">
    <ele>18.76</ele>
   </trkpt>
   <trkpt lat="51.244620000000005" lon="4.99666">
    <ele>18.580000000000002</ele>
   </trkpt>
   <trkpt lat="51.24459" lon="4.99708">
    <ele>18.56</ele>
   </trkpt>
   <trkpt lat="51.244580000000006" lon="4.997750000000001">
    <ele>18.51</ele>
   </trkpt>
   <trkpt lat="51.244620000000005" lon="4.99826">
    <ele>18.47</ele>
   </trkpt>
   <trkpt lat="51.244850006820286" lon="4.999524993691726">
    <ele>18.520000000000003</ele>
   </trkpt>
   <trkpt lat="51.24508" lon="5.00079">
    <ele>18.67</ele>
   </trkpt>
   <trkpt lat="51.24541001159584" lon="5.001956649921419">
    <ele>18.65</ele>
   </trkpt>
   <trkpt lat="51.24574001159504" lon="5.003123316584954">
    <ele>18.520000000000003</ele>
   </trkpt>
   <trkpt lat="51.24607" lon="5.00429">
    <ele>17.990000000000002</ele>
   </trkpt>
   <trkpt lat="51.24629" lon="5.00516">
    <ele>17.980000000000004</ele>
   </trkpt>
   <trkpt lat="51.246390000000005" lon="5.00584">
    <ele>17.910000000000004</ele>
   </trkpt>
   <trkpt lat="51.246430000000004" lon="5.0063200000000005">
    <ele>17.910000000000004</ele>
   </trkpt>
   <trkpt lat="51.24644000000001" lon="5.0071200000000005">
    <ele>17.85</ele>
   </trkpt>
   <trkpt lat="51.246430000000004" lon="5.0083">
    <ele>17.96</ele>
   </trkpt>
   <trkpt lat="51.24653000000001" lon="5.0092300000000005">
    <ele>17.78</ele>
   </trkpt>
   <trkpt lat="51.24662000000001" lon="5.0096300000000005">
    <ele>17.720000000000002</ele>
   </trkpt>
   <trkpt lat="51.24672" lon="5.009950000000001">
    <ele>17.84</ele>
   </trkpt>
   <trkpt lat="51.246880000000004" lon="5.01037">
    <ele>17.86</ele>
   </trkpt>
   <trkpt lat="51.24757" lon="5.009620000000001">
    <ele>16.55</ele>
   </trkpt>
   <trkpt lat="51.24774000000001" lon="5.009510000000001">
    <ele>16.580000000000002</ele>
   </trkpt>
   <trkpt lat="51.247800000000005" lon="5.0095">
    <ele>16.580000000000002</ele>
   </trkpt>
   <trkpt lat="51.247890000000005" lon="5.00952">
    <ele>16.580000000000002</ele>
   </trkpt>
   <trkpt lat="51.24804" lon="5.00964">
    <ele>16.89</ele>
   </trkpt>
   <trkpt lat="51.248768017884224" lon="5.010322902686675">
    <ele>17.11</ele>
   </trkpt>
   <trkpt lat="51.24949603179504" lon="5.011005826995749">
    <ele>17.1</ele>
   </trkpt>
   <trkpt lat="51.25022404173219" lon="5.011688772928348">
    <ele>17.51</ele>
   </trkpt>
   <trkpt lat="51.25095204769547" lon="5.012371740485603">
    <ele>17.54</ele>
   </trkpt>
   <trkpt lat="51.25168004968463" lon="5.013054729668644">
    <ele>17.61</ele>
   </trkpt>
   <trkpt lat="51.252408047699454" lon="5.013737740478599">
    <ele>17.740000000000002</ele>
   </trkpt>
   <trkpt lat="51.25313604173974" lon="5.0144207729165995">
    <ele>17.94</ele>
   </trkpt>
   <trkpt lat="51.2538640318052" lon="5.015103826983775">
    <ele>18.17</ele>
   </trkpt>
   <trkpt lat="51.25459201789565" lon="5.0157869026812545">
    <ele>18.330000000000002</ele>
   </trkpt>
   <trkpt lat="51.255320000000005" lon="5.01647">
    <ele>18.54</ele>
   </trkpt>
   <trkpt lat="51.256002503683746" lon="5.017004976193964">
    <ele>18.400000000000002</ele>
   </trkpt>
   <trkpt lat="51.25668500492917" lon="5.01753996827174">
    <ele>18.680000000000003</ele>
   </trkpt>
   <trkpt lat="51.25736750373613" lon="5.018074976234131">
    <ele>18.830000000000002</ele>
   </trkpt>
   <trkpt lat="51.258050000000004" lon="5.018610000000001">
    <ele>19.03</ele>
   </trkpt>
   <trkpt lat="51.258250000000004" lon="5.0188500000000005">
    <ele>19.21</ele>
   </trkpt>
   <trkpt lat="51.25883000094207" lon="5.019319994070974">
    <ele>19.380000000000003</ele>
   </trkpt>
   <trkpt lat="51.25941" lon="5.01979">
    <ele>19.340000000000003</ele>
   </trkpt>
   <trkpt lat="51.26011000213056" lon="5.020494989277824">
    <ele>19.560000000000002</ele>
   </trkpt>
   <trkpt lat="51.260810000000006" lon="5.0212">
    <ele>19.58</ele>
   </trkpt>
   <trkpt lat="51.26082" lon="5.02134">
    <ele>19.560000000000002</ele>
   </trkpt>
   <trkpt lat="51.26086" lon="5.0215000000000005">
    <ele>19.560000000000002</ele>
   </trkpt>
   <trkpt lat="51.26109500256161" lon="5.0222749960485835">
    <ele>19.58</ele>
   </trkpt>
   <trkpt lat="51.26133" lon="5.0230500000000005">
    <ele>19.990000000000002</ele>
   </trkpt>
   <trkpt lat="51.26144000000001" lon="5.02339">
    <ele>19.990000000000002</ele>
   </trkpt>
   <trkpt lat="51.261520000000004" lon="5.023540000000001">
    <ele>19.990000000000002</ele>
   </trkpt>
   <trkpt lat="51.261570000000006" lon="5.02369">
    <ele>19.990000000000002</ele>
   </trkpt>
   <trkpt lat="51.26173334546691" lon="5.024883324868087">
    <ele>20.16</ele>
   </trkpt>
   <trkpt lat="51.26189667880243" lon="5.026076658217226">
    <ele>20.310000000000002</ele>
   </trkpt>
   <trkpt lat="51.262060000000005" lon="5.027270000000001">
    <ele>20.39</ele>
   </trkpt>
   <trkpt lat="51.26221751925246" lon="5.0284974873698856">
    <ele>20.78</ele>
   </trkpt>
   <trkpt lat="51.26237502566908" lon="5.02972498315257">
    <ele>21.080000000000002</ele>
   </trkpt>
   <trkpt lat="51.26253251924968" lon="5.030952487347475">
    <ele>21.75</ele>
   </trkpt>
   <trkpt lat="51.262690000000006" lon="5.03218">
    <ele>21.730000000000004</ele>
   </trkpt>
   <trkpt lat="51.262700002396016" lon="5.032929999840973">
    <ele>21.62</ele>
   </trkpt>
   <trkpt lat="51.262710000000006" lon="5.03368">
    <ele>21.48</ele>
   </trkpt>
   <trkpt lat="51.262710009571904" lon="5.034740000021805">
    <ele>21.0</ele>
   </trkpt>
   <trkpt lat="51.26271000957189" lon="5.035800000043829">
    <ele>20.990000000000002</ele>
   </trkpt>
   <trkpt lat="51.262710000000006" lon="5.036860000000001">
    <ele>20.66</ele>
   </trkpt>
   <trkpt lat="51.262710000000006" lon="5.037820000000001">
    <ele>20.060000000000002</ele>
   </trkpt>
   <trkpt lat="51.26268" lon="5.038060000000001">
    <ele>20.060000000000002</ele>
   </trkpt>
   <trkpt lat="51.26267000000001" lon="5.03809">
    <ele>20.05</ele>
   </trkpt>
   <trkpt lat="51.26256000000001" lon="5.0388">
    <ele>20.020000000000003</ele>
   </trkpt>
   <trkpt lat="51.26236" lon="5.03955">
    <ele>20.020000000000003</ele>
   </trkpt>
   <trkpt lat="51.26231000000001" lon="5.0398000000000005">
    <ele>20.07</ele>
   </trkpt>
   <trkpt lat="51.26216" lon="5.040990000000001">
    <ele>19.96</ele>
   </trkpt>
   <trkpt lat="51.26200000000001" lon="5.041460000000001">
    <ele>19.990000000000002</ele>
   </trkpt>
   <trkpt lat="51.26196" lon="5.04164">
    <ele>19.990000000000002</ele>
   </trkpt>
   <trkpt lat="51.26193000000001" lon="5.04197">
    <ele>19.919999999999998</ele>
   </trkpt>
   <trkpt lat="51.26189" lon="5.04304">
    <ele>19.85</ele>
   </trkpt>
   <trkpt lat="51.26183" lon="5.04351">
    <ele>19.970000000000002</ele>
   </trkpt>
   <trkpt lat="51.26171" lon="5.044020000000001">
    <ele>20.360000000000003</ele>
   </trkpt>
   <trkpt lat="51.26164000000001" lon="5.04419">
    <ele>20.86</ele>
   </trkpt>
   <trkpt lat="51.26155000000001" lon="5.04427">
    <ele>20.86</ele>
   </trkpt>
   <trkpt lat="51.2616" lon="5.04455">
    <ele>20.92</ele>
   </trkpt>
   <trkpt lat="51.26155000000001" lon="5.044580000000001">
    <ele>20.78</ele>
   </trkpt>
   <trkpt lat="51.261500000000005" lon="5.04464">
    <ele>20.78</ele>
   </trkpt>
   <trkpt lat="51.261146673498935" lon="5.045536680495171">
    <ele>20.080000000000002</ele>
   </trkpt>
   <trkpt lat="51.26079334014833" lon="5.0464333472054195">
    <ele>20.62</ele>
   </trkpt>
   <trkpt lat="51.26044" lon="5.0473300000000005">
    <ele>20.67</ele>
   </trkpt>
   <trkpt lat="51.26021000175892" lon="5.047970003162677">
    <ele>20.450000000000003</ele>
   </trkpt>
   <trkpt lat="51.259980000000006" lon="5.04861">
    <ele>20.25</ele>
   </trkpt>
   <trkpt lat="51.25988" lon="5.04907">
    <ele>20.25</ele>
   </trkpt>
   <trkpt lat="51.2597500171961" lon="5.050230009832605">
    <ele>20.12</ele>
   </trkpt>
   <trkpt lat="51.25962002292868" lon="5.051390013104765">
    <ele>20.17</ele>
   </trkpt>
   <trkpt lat="51.2594900171979" lon="5.052550009815969">
    <ele>20.16</ele>
   </trkpt>
   <trkpt lat="51.25936" lon="5.053710000000001">
    <ele>20.43</ele>
   </trkpt>
   <trkpt lat="51.259370000000004" lon="5.0538300000000005">
    <ele>20.48</ele>
   </trkpt>
   <trkpt lat="51.258935000631695" lon="5.054195003400009">
    <ele>20.290000000000003</ele>
   </trkpt>
   <trkpt lat="51.258500000000005" lon="5.05456">
    <ele>20.37</ele>
   </trkpt>
   <trkpt lat="51.25806000000001" lon="5.054860000000001">
    <ele>20.310000000000002</ele>
   </trkpt>
   <trkpt lat="51.257410000559" lon="5.0551950046947995">
    <ele>20.46</ele>
   </trkpt>
   <trkpt lat="51.25676000000001" lon="5.05553">
    <ele>20.68</ele>
   </trkpt>
   <trkpt lat="51.25667000000001" lon="5.055560000000001">
    <ele>20.740000000000002</ele>
   </trkpt>
   <trkpt lat="51.25659" lon="5.055580000000001">
    <ele>20.740000000000002</ele>
   </trkpt>
   <trkpt lat="51.25638000000001" lon="5.055580000000001">
    <ele>20.810000000000002</ele>
   </trkpt>
   <trkpt lat="51.25614" lon="5.05555">
    <ele>20.790000000000003</ele>
   </trkpt>
   <trkpt lat="51.25551500008443" lon="5.055509999461202">
    <ele>20.91</ele>
   </trkpt>
   <trkpt lat="51.25489" lon="5.055470000000001">
    <ele>21.05</ele>
   </trkpt>
   <trkpt lat="51.25471" lon="5.055440000000001">
    <ele>21.05</ele>
   </trkpt>
   <trkpt lat="51.25448" lon="5.055370000000001">
    <ele>21.27</ele>
   </trkpt>
   <trkpt lat="51.25401" lon="5.055160000000001">
    <ele>21.37</ele>
   </trkpt>
   <trkpt lat="51.253710000000005" lon="5.05508">
    <ele>21.48</ele>
   </trkpt>
   <trkpt lat="51.25318000000001" lon="5.055020000000001">
    <ele>21.400000000000002</ele>
   </trkpt>
   <trkpt lat="51.25254" lon="5.05501">
    <ele>21.52</ele>
   </trkpt>
   <trkpt lat="51.251900000000006" lon="5.0550500000000005">
    <ele>21.44</ele>
   </trkpt>
   <trkpt lat="51.25114500011359" lon="5.055180002127331">
    <ele>21.2</ele>
   </trkpt>
   <trkpt lat="51.25039" lon="5.05531">
    <ele>21.07</ele>
   </trkpt>
   <trkpt lat="51.24963333333892" lon="5.055360001646485">
    <ele>20.87</ele>
   </trkpt>
   <trkpt lat="51.248876666656535" lon="5.055410001647491">
    <ele>20.77</ele>
   </trkpt>
   <trkpt lat="51.24812000000001" lon="5.05546">
    <ele>20.400000000000002</ele>
   </trkpt>
   <trkpt lat="51.24746999996938" lon="5.05555500135281">
    <ele>20.21</ele>
   </trkpt>
   <trkpt lat="51.24682000000001" lon="5.05565">
    <ele>20.200000000000003</ele>
   </trkpt>
   <trkpt lat="51.24669" lon="5.05569">
    <ele>20.1</ele>
   </trkpt>
   <trkpt lat="51.2462700090645" lon="5.054659981250263">
    <ele>19.51</ele>
   </trkpt>
   <trkpt lat="51.24585000908993" lon="5.0536299813129295">
    <ele>19.5</ele>
   </trkpt>
   <trkpt lat="51.245430000000006" lon="5.0526">
    <ele>19.290000000000003</ele>
   </trkpt>
   <trkpt lat="51.24514500193636" lon="5.051944996190979">
    <ele>18.92</ele>
   </trkpt>
   <trkpt lat="51.24486" lon="5.051290000000001">
    <ele>18.9</ele>
   </trkpt>
   <trkpt lat="51.24481" lon="5.051220000000001">
    <ele>18.9</ele>
   </trkpt>
   <trkpt lat="51.24472" lon="5.05116">
    <ele>18.9</ele>
   </trkpt>
   <trkpt lat="51.24465000000001" lon="5.05116">
    <ele>18.860000000000003</ele>
   </trkpt>
   <trkpt lat="51.24457" lon="5.051200000000001">
    <ele>18.860000000000003</ele>
   </trkpt>
   <trkpt lat="51.244440000000004" lon="5.0513900000000005">
    <ele>18.92</ele>
   </trkpt>
   <trkpt lat="51.24429000000001" lon="5.0516700000000005">
    <ele>18.94</ele>
   </trkpt>
   <trkpt lat="51.243930000000006" lon="5.0527500000000005">
    <ele>19.14</ele>
   </trkpt>
   <trkpt lat="51.24378" lon="5.053260000000001">
    <ele>19.03</ele>
   </trkpt>
   <trkpt lat="51.243640000000006" lon="5.05358">
    <ele>18.98</ele>
   </trkpt>
   <trkpt lat="51.24347" lon="5.05379">
    <ele>18.98</ele>
   </trkpt>
   <trkpt lat="51.24334" lon="5.05388">
    <ele>18.92</ele>
   </trkpt>
   <trkpt lat="51.24322" lon="5.05393">
    <ele>18.910000000000004</ele>
   </trkpt>
   <trkpt lat="51.24276000008972" lon="5.053985000540856">
    <ele>19.000000000000004</ele>
   </trkpt>
   <trkpt lat="51.24230000000001" lon="5.0540400000000005">
    <ele>19.17</ele>
   </trkpt>
   <trkpt lat="51.241870000000006" lon="5.054060000000001">
    <ele>19.35</ele>
   </trkpt>
   <trkpt lat="51.24177" lon="5.05416">
    <ele>19.360000000000003</ele>
   </trkpt>
   <trkpt lat="51.24168" lon="5.05428">
    <ele>19.44</ele>
   </trkpt>
   <trkpt lat="51.24138500454387" lon="5.05531000652092">
    <ele>19.26</ele>
   </trkpt>
   <trkpt lat="51.24109000000001" lon="5.0563400000000005">
    <ele>19.39</ele>
   </trkpt>
   <trkpt lat="51.240970000000004" lon="5.05661">
    <ele>19.46</ele>
   </trkpt>
   <trkpt lat="51.240880000000004" lon="5.05677">
    <ele>19.46</ele>
   </trkpt>
   <trkpt lat="51.24052500107293" lon="5.05723000332778">
    <ele>19.48</ele>
   </trkpt>
   <trkpt lat="51.240170000000006" lon="5.05769">
    <ele>19.540000000000003</ele>
   </trkpt>
   <trkpt lat="51.240030000000004" lon="5.057910000000001">
    <ele>19.540000000000003</ele>
   </trkpt>
   <trkpt lat="51.23993" lon="5.058190000000001">
    <ele>19.700000000000003</ele>
   </trkpt>
   <trkpt lat="51.2397075196621" lon="5.059430017934821">
    <ele>19.650000000000002</ele>
   </trkpt>
   <trkpt lat="51.23948502622286" lon="5.06067002387501">
    <ele>19.650000000000002</ele>
   </trkpt>
   <trkpt lat="51.23926251968255" lon="5.061910017820074">
    <ele>19.84</ele>
   </trkpt>
   <trkpt lat="51.23904" lon="5.06315">
    <ele>19.810000000000002</ele>
   </trkpt>
   <trkpt lat="51.23885000822421" lon="5.064133341531939">
    <ele>19.91</ele>
   </trkpt>
   <trkpt lat="51.238660008209486" lon="5.065116674941371">
    <ele>19.860000000000003</ele>
   </trkpt>
   <trkpt lat="51.23847000000001" lon="5.0661000000000005">
    <ele>19.810000000000002</ele>
   </trkpt>
   <trkpt lat="51.23847000000001" lon="5.06634">
    <ele>19.810000000000002</ele>
   </trkpt>
   <trkpt lat="51.23863500670434" lon="5.067594995455435">
    <ele>20.080000000000002</ele>
   </trkpt>
   <trkpt lat="51.238800000000005" lon="5.06885">
    <ele>20.130000000000003</ele>
   </trkpt>
   <trkpt lat="51.23877" lon="5.069190000000001">
    <ele>20.12</ele>
   </trkpt>
   <trkpt lat="51.238960000000006" lon="5.06991">
    <ele>20.0</ele>
   </trkpt>
   <trkpt lat="51.239020000000004" lon="5.0709100000000005">
    <ele>19.87</ele>
   </trkpt>
   <trkpt lat="51.23910000000001" lon="5.07115">
    <ele>19.900000000000002</ele>
   </trkpt>
   <trkpt lat="51.23957000000001" lon="5.071680000000001">
    <ele>19.900000000000002</ele>
   </trkpt>
   <trkpt lat="51.24018333634261" lon="5.072273317520771">
    <ele>20.19</ele>
   </trkpt>
   <trkpt lat="51.24079666968572" lon="5.072866650863293">
    <ele>20.1</ele>
   </trkpt>
   <trkpt lat="51.24141" lon="5.073460000000001">
    <ele>20.37</ele>
   </trkpt>
   <trkpt lat="51.241490000000006" lon="5.0734900000000005">
    <ele>20.450000000000003</ele>
   </trkpt>
   <trkpt lat="51.24159" lon="5.0734900000000005">
    <ele>20.450000000000003</ele>
   </trkpt>
   <trkpt lat="51.241640000000004" lon="5.07401">
    <ele>20.12</ele>
   </trkpt>
   <trkpt lat="51.241640000000004" lon="5.074350000000001">
    <ele>19.98</ele>
   </trkpt>
   <trkpt lat="51.24148" lon="5.075710000000001">
    <ele>20.17</ele>
   </trkpt>
   <trkpt lat="51.24146500333767" lon="5.076595000229726">
    <ele>20.630000000000003</ele>
   </trkpt>
   <trkpt lat="51.24145000000001" lon="5.07748">
    <ele>20.73</ele>
   </trkpt>
   <trkpt lat="51.241460000000004" lon="5.07824">
    <ele>20.68</ele>
   </trkpt>
   <trkpt lat="51.24152000426579" lon="5.079239998789176">
    <ele>20.790000000000003</ele>
   </trkpt>
   <trkpt lat="51.241580000000006" lon="5.080240000000001">
    <ele>21.07</ele>
   </trkpt>
   <trkpt lat="51.24159" lon="5.080640000000001">
    <ele>21.11</ele>
   </trkpt>
   <trkpt lat="51.241530000000004" lon="5.08124">
    <ele>21.35</ele>
   </trkpt>
   <trkpt lat="51.241350000000004" lon="5.0818900000000005">
    <ele>21.19</ele>
   </trkpt>
   <trkpt lat="51.24103" lon="5.082590000000001">
    <ele>21.14</ele>
   </trkpt>
   <trkpt lat="51.240860000000005" lon="5.083010000000001">
    <ele>21.26</ele>
   </trkpt>
   <trkpt lat="51.240750000000006" lon="5.083480000000001">
    <ele>21.550000000000004</ele>
   </trkpt>
   <trkpt lat="51.240680000000005" lon="5.084020000000001">
    <ele>21.990000000000002</ele>
   </trkpt>
   <trkpt lat="51.24056" lon="5.084040000000001">
    <ele>21.990000000000002</ele>
   </trkpt>
   <trkpt lat="51.24022" lon="5.084440000000001">
    <ele>22.070000000000004</ele>
   </trkpt>
   <trkpt lat="51.23957000000001" lon="5.08516">
    <ele>22.2</ele>
   </trkpt>
   <trkpt lat="51.23942" lon="5.0852900000000005">
    <ele>22.2</ele>
   </trkpt>
   <trkpt lat="51.23892000000001" lon="5.08565">
    <ele>22.64</ele>
   </trkpt>
   <trkpt lat="51.23841" lon="5.08614">
    <ele>22.770000000000003</ele>
   </trkpt>
   <trkpt lat="51.23777500241702" lon="5.086890010327849">
    <ele>22.820000000000004</ele>
   </trkpt>
   <trkpt lat="51.237140000000004" lon="5.08764">
    <ele>22.97</ele>
   </trkpt>
   <trkpt lat="51.23642750860563" lon="5.088460038083884">
    <ele>23.05</ele>
   </trkpt>
   <trkpt lat="51.23571501148161" lon="5.089280050768901">
    <ele>22.830000000000002</ele>
   </trkpt>
   <trkpt lat="51.23500250862822" lon="5.09010003805628">
    <ele>22.770000000000003</ele>
   </trkpt>
   <trkpt lat="51.23429" lon="5.090920000000001">
    <ele>22.61</ele>
   </trkpt>
   <trkpt lat="51.23425" lon="5.09095">
    <ele>22.580000000000002</ele>
   </trkpt>
   <trkpt lat="51.234120000000004" lon="5.09051">
    <ele>22.3</ele>
   </trkpt>
   <trkpt lat="51.23398" lon="5.09018">
    <ele>22.18</ele>
   </trkpt>
   <trkpt lat="51.233830000000005" lon="5.08994">
    <ele>22.080000000000002</ele>
   </trkpt>
   <trkpt lat="51.233610000000006" lon="5.08969">
    <ele>22.1</ele>
   </trkpt>
   <trkpt lat="51.2334" lon="5.08952">
    <ele>21.96</ele>
   </trkpt>
   <trkpt lat="51.233180000000004" lon="5.0894200000000005">
    <ele>21.94</ele>
   </trkpt>
   <trkpt lat="51.232940000000006" lon="5.08938">
    <ele>21.95</ele>
   </trkpt>
   <trkpt lat="51.232600000000005" lon="5.08948">
    <ele>22.11</ele>
   </trkpt>
   <trkpt lat="51.23254000000001" lon="5.089460000000001">
    <ele>22.11</ele>
   </trkpt>
   <trkpt lat="51.23248" lon="5.08941">
    <ele>22.11</ele>
   </trkpt>
   <trkpt lat="51.23239" lon="5.089270000000001">
    <ele>22.11</ele>
   </trkpt>
   <trkpt lat="51.232310000000005" lon="5.089230000000001">
    <ele>22.11</ele>
   </trkpt>
   <trkpt lat="51.23225000000001" lon="5.08926">
    <ele>22.09</ele>
   </trkpt>
   <trkpt lat="51.232220000000005" lon="5.08934">
    <ele>22.09</ele>
   </trkpt>
   <trkpt lat="51.23219" lon="5.089510000000001">
    <ele>22.09</ele>
   </trkpt>
   <trkpt lat="51.23212" lon="5.08968">
    <ele>22.2</ele>
   </trkpt>
   <trkpt lat="51.23199" lon="5.089770000000001">
    <ele>22.2</ele>
   </trkpt>
   <trkpt lat="51.23137333406927" lon="5.090063341194123">
    <ele>22.35</ele>
   </trkpt>
   <trkpt lat="51.2307566674053" lon="5.090356674526037">
    <ele>22.62</ele>
   </trkpt>
   <trkpt lat="51.230140000000006" lon="5.09065">
    <ele>23.07</ele>
   </trkpt>
   <trkpt lat="51.229670000000006" lon="5.09086">
    <ele>23.14</ele>
   </trkpt>
   <trkpt lat="51.22908" lon="5.091150000000001">
    <ele>23.360000000000003</ele>
   </trkpt>
   <trkpt lat="51.22827800253264" lon="5.091536026910259">
    <ele>23.610000000000003</ele>
   </trkpt>
   <trkpt lat="51.2274760037955" lon="5.091922040366176">
    <ele>23.700000000000003</ele>
   </trkpt>
   <trkpt lat="51.22667400378868" lon="5.092308040368582">
    <ele>23.76</ele>
   </trkpt>
   <trkpt lat="51.22587200251226" lon="5.092694026918314">
    <ele>23.82</ele>
   </trkpt>
   <trkpt lat="51.22507" lon="5.0930800000000005">
    <ele>24.3</ele>
   </trkpt>
   <trkpt lat="51.2244566683076" lon="5.093523345173173">
    <ele>26.72</ele>
   </trkpt>
   <trkpt lat="51.22384333494031" lon="5.093966678530848">
    <ele>30.220000000000002</ele>
   </trkpt>
   <trkpt lat="51.22323" lon="5.094410000000001">
    <ele>30.85</ele>
   </trkpt>
   <trkpt lat="51.22288" lon="5.09466">
    <ele>29.05</ele>
   </trkpt>
   <trkpt lat="51.222730000000006" lon="5.09468">
    <ele>29.05</ele>
   </trkpt>
   <trkpt lat="51.222570000000005" lon="5.094650000000001">
    <ele>28.25</ele>
   </trkpt>
   <trkpt lat="51.222530000000006" lon="5.094620000000001">
    <ele>28.25</ele>
   </trkpt>
   <trkpt lat="51.222480000000004" lon="5.094410000000001">
    <ele>27.73</ele>
   </trkpt>
   <trkpt lat="51.22252" lon="5.09421">
    <ele>27.73</ele>
   </trkpt>
   <trkpt lat="51.22279" lon="5.09407">
    <ele>26.67</ele>
   </trkpt>
   <trkpt lat="51.222840000000005" lon="5.094">
    <ele>26.67</ele>
   </trkpt>
   <trkpt lat="51.22289000000001" lon="5.0938300000000005">
    <ele>26.11</ele>
   </trkpt>
   <trkpt lat="51.222860000000004" lon="5.093590000000001">
    <ele>26.11</ele>
   </trkpt>
   <trkpt lat="51.222507180290165" lon="5.092379944356758">
    <ele>25.800000000000004</ele>
   </trkpt>
   <trkpt lat="51.2221543481029" lon="5.091169907263865">
    <ele>25.980000000000004</ele>
   </trkpt>
   <trkpt lat="51.221801503438556" lon="5.089959888721458">
    <ele>26.050000000000004</ele>
   </trkpt>
   <trkpt lat="51.22144864629748" lon="5.088749888729675">
    <ele>26.03</ele>
   </trkpt>
   <trkpt lat="51.221095776680016" lon="5.087539907288653">
    <ele>26.03</ele>
   </trkpt>
   <trkpt lat="51.22074289458653" lon="5.08632994439853">
    <ele>25.87</ele>
   </trkpt>
   <trkpt lat="51.22039" lon="5.085120000000001">
    <ele>25.79</ele>
   </trkpt>
   <trkpt lat="51.22037" lon="5.08499">
    <ele>25.79</ele>
   </trkpt>
   <trkpt lat="51.22034000000001" lon="5.0844000000000005">
    <ele>25.79</ele>
   </trkpt>
   <trkpt lat="51.22016000000001" lon="5.083710000000001">
    <ele>25.96</ele>
   </trkpt>
   <trkpt lat="51.219780007014386" lon="5.082424989320675">
    <ele>26.09</ele>
   </trkpt>
   <trkpt lat="51.21940000000001" lon="5.08114">
    <ele>26.0</ele>
   </trkpt>
   <trkpt lat="51.21900000694826" lon="5.079864988990505">
    <ele>26.02</ele>
   </trkpt>
   <trkpt lat="51.2186" lon="5.07859">
    <ele>25.95</ele>
   </trkpt>
   <trkpt lat="51.21847" lon="5.078340000000001">
    <ele>25.95</ele>
   </trkpt>
   <trkpt lat="51.218250000000005" lon="5.078010000000001">
    <ele>25.890000000000004</ele>
   </trkpt>
   <trkpt lat="51.218120000000006" lon="5.07777">
    <ele>25.890000000000004</ele>
   </trkpt>
   <trkpt lat="51.21802" lon="5.07742">
    <ele>26.12</ele>
   </trkpt>
   <trkpt lat="51.21799000000001" lon="5.077100000000001">
    <ele>26.150000000000002</ele>
   </trkpt>
   <trkpt lat="51.21810000000001" lon="5.07666">
    <ele>26.03</ele>
   </trkpt>
   <trkpt lat="51.21811" lon="5.07645">
    <ele>26.11</ele>
   </trkpt>
   <trkpt lat="51.218050000000005" lon="5.0761400000000005">
    <ele>26.6</ele>
   </trkpt>
   <trkpt lat="51.21799000000001" lon="5.075970000000001">
    <ele>26.69</ele>
   </trkpt>
   <trkpt lat="51.21788" lon="5.075780000000001">
    <ele>26.910000000000004</ele>
   </trkpt>
   <trkpt lat="51.21748" lon="5.075150000000001">
    <ele>26.430000000000003</ele>
   </trkpt>
   <trkpt lat="51.217360000000006" lon="5.07488">
    <ele>25.5</ele>
   </trkpt>
   <trkpt lat="51.21732" lon="5.07469">
    <ele>25.16</ele>
   </trkpt>
   <trkpt lat="51.217330000000004" lon="5.07439">
    <ele>24.41</ele>
   </trkpt>
   <trkpt lat="51.2175" lon="5.07341">
    <ele>24.16</ele>
   </trkpt>
   <trkpt lat="51.217253217654424" lon="5.0720467957071875">
    <ele>24.16</ele>
   </trkpt>
   <trkpt lat="51.217006419472476" lon="5.070683606029232">
    <ele>24.17</ele>
   </trkpt>
   <trkpt lat="51.21675960545446" lon="5.069320430966789">
    <ele>24.200000000000003</ele>
   </trkpt>
   <trkpt lat="51.21651277560066" lon="5.067957270520507">
    <ele>24.240000000000002</ele>
   </trkpt>
   <trkpt lat="51.216265929911444" lon="5.066594124691042">
    <ele>24.080000000000002</ele>
   </trkpt>
   <trkpt lat="51.21601906838707" lon="5.065230993479044">
    <ele>24.180000000000003</ele>
   </trkpt>
   <trkpt lat="51.21577219102786" lon="5.063867876885164">
    <ele>24.130000000000003</ele>
   </trkpt>
   <trkpt lat="51.215525297834134" lon="5.062504774910056">
    <ele>24.040000000000003</ele>
   </trkpt>
   <trkpt lat="51.215278388806205" lon="5.061141687554369">
    <ele>23.970000000000002</ele>
   </trkpt>
   <trkpt lat="51.21503146394436" lon="5.059778614818758">
    <ele>23.930000000000003</ele>
   </trkpt>
   <trkpt lat="51.21478452324892" lon="5.0584155567038716">
    <ele>23.970000000000002</ele>
   </trkpt>
   <trkpt lat="51.2145375667202" lon="5.0570525132103645">
    <ele>23.89</ele>
   </trkpt>
   <trkpt lat="51.214290594358516" lon="5.055689484338885">
    <ele>23.91</ele>
   </trkpt>
   <trkpt lat="51.21404360616416" lon="5.0543264700900865">
    <ele>24.080000000000002</ele>
   </trkpt>
   <trkpt lat="51.21379660213746" lon="5.052963470464619">
    <ele>24.020000000000003</ele>
   </trkpt>
   <trkpt lat="51.2135495822787" lon="5.051600485463137">
    <ele>24.03</ele>
   </trkpt>
   <trkpt lat="51.213302546588224" lon="5.050237515086288">
    <ele>23.930000000000003</ele>
   </trkpt>
   <trkpt lat="51.2130554950663" lon="5.048874559334726">
    <ele>23.85</ele>
   </trkpt>
   <trkpt lat="51.21280842771327" lon="5.047511618209099">
    <ele>23.8</ele>
   </trkpt>
   <trkpt lat="51.21256134452944" lon="5.046148691710061">
    <ele>23.700000000000003</ele>
   </trkpt>
   <trkpt lat="51.212314245515095" lon="5.0447857798382625">
    <ele>23.630000000000003</ele>
   </trkpt>
   <trkpt lat="51.2120671306706" lon="5.043422882594353">
    <ele>23.55</ele>
   </trkpt>
   <trkpt lat="51.21182" lon="5.04206">
    <ele>23.1</ele>
   </trkpt>
   <trkpt lat="51.211740000000006" lon="5.0417700000000005">
    <ele>23.1</ele>
   </trkpt>
   <trkpt lat="51.21127500544739" lon="5.040639988604521">
    <ele>22.46</ele>
   </trkpt>
   <trkpt lat="51.21081" lon="5.039510000000001">
    <ele>22.500000000000004</ele>
   </trkpt>
   <trkpt lat="51.21041" lon="5.039510000000001">
    <ele>22.140000000000004</ele>
   </trkpt>
   <trkpt lat="51.21013000000001" lon="5.03946">
    <ele>22.060000000000002</ele>
   </trkpt>
   <trkpt lat="51.209920000000004" lon="5.03938">
    <ele>22.060000000000002</ele>
   </trkpt>
   <trkpt lat="51.20935000000001" lon="5.03899">
    <ele>22.09</ele>
   </trkpt>
   <trkpt lat="51.20890500045462" lon="5.038629996442355">
    <ele>21.7</ele>
   </trkpt>
   <trkpt lat="51.20846" lon="5.038270000000001">
    <ele>22.09</ele>
   </trkpt>
   <trkpt lat="51.20835" lon="5.038250000000001">
    <ele>22.09</ele>
   </trkpt>
   <trkpt lat="51.208360000000006" lon="5.038250000000001">
    <ele>22.09</ele>
   </trkpt>
   <trkpt lat="51.2083" lon="5.038290000000001">
    <ele>22.09</ele>
   </trkpt>
   <trkpt lat="51.20803" lon="5.03861">
    <ele>22.150000000000002</ele>
   </trkpt>
   <trkpt lat="51.207950000000004" lon="5.03875">
    <ele>22.11</ele>
   </trkpt>
   <trkpt lat="51.207553368152205" lon="5.040028388381935">
    <ele>22.04</ele>
   </trkpt>
   <trkpt lat="51.2071567223764" lon="5.041306754744157">
    <ele>22.51</ele>
   </trkpt>
   <trkpt lat="51.20676006267302" lon="5.0425850990865815">
    <ele>22.97</ele>
   </trkpt>
   <trkpt lat="51.206363389042494" lon="5.043863421409127">
    <ele>23.090000000000003</ele>
   </trkpt>
   <trkpt lat="51.20596670148527" lon="5.045141721711714">
    <ele>23.48</ele>
   </trkpt>
   <trkpt lat="51.20557" lon="5.04642">
    <ele>23.78</ele>
   </trkpt>
   <trkpt lat="51.20506421033784" lon="5.047586087219499">
    <ele>24.080000000000002</ele>
   </trkpt>
   <trkpt lat="51.204558409087056" lon="5.048752148828386">
    <ele>24.020000000000003</ele>
   </trkpt>
   <trkpt lat="51.2040525962481" lon="5.0499181848271">
    <ele>23.94</ele>
   </trkpt>
   <trkpt lat="51.20354677182146" lon="5.051084195216078">
    <ele>23.87</ele>
   </trkpt>
   <trkpt lat="51.20304093580758" lon="5.052250179995761">
    <ele>23.82</ele>
   </trkpt>
   <trkpt lat="51.20253508820693" lon="5.053416139166587">
    <ele>23.919999999999998</ele>
   </trkpt>
   <trkpt lat="51.202029229019985" lon="5.054582072728994">
    <ele>24.07</ele>
   </trkpt>
   <trkpt lat="51.20152335824718" lon="5.055747980683422">
    <ele>24.23</ele>
   </trkpt>
   <trkpt lat="51.201017475889024" lon="5.056913863030309">
    <ele>24.41</ele>
   </trkpt>
   <trkpt lat="51.20051158194595" lon="5.058079719770095">
    <ele>24.270000000000003</ele>
   </trkpt>
   <trkpt lat="51.20000567641841" lon="5.059245550903219">
    <ele>24.040000000000003</ele>
   </trkpt>
   <trkpt lat="51.19949975930689" lon="5.06041135643012">
    <ele>24.360000000000003</ele>
   </trkpt>
   <trkpt lat="51.19899383061187" lon="5.061577136351237">
    <ele>24.43</ele>
   </trkpt>
   <trkpt lat="51.19848789033377" lon="5.062742890667007">
    <ele>24.73</ele>
   </trkpt>
   <trkpt lat="51.197981938473085" lon="5.063908619377873">
    <ele>24.690000000000005</ele>
   </trkpt>
   <trkpt lat="51.19747597503029" lon="5.065074322484271">
    <ele>25.09</ele>
   </trkpt>
   <trkpt lat="51.19697000000001" lon="5.0662400000000005">
    <ele>25.23</ele>
   </trkpt>
   <trkpt lat="51.19693000372378" lon="5.067175000855061">
    <ele>25.060000000000002</ele>
   </trkpt>
   <trkpt lat="51.19689" lon="5.068110000000001">
    <ele>25.18</ele>
   </trkpt>
   <trkpt lat="51.196830000000006" lon="5.069260000000001">
    <ele>25.210000000000004</ele>
   </trkpt>
   <trkpt lat="51.196740000000005" lon="5.069590000000001">
    <ele>25.210000000000004</ele>
   </trkpt>
   <trkpt lat="51.196630000000006" lon="5.069730000000001">
    <ele>25.210000000000004</ele>
   </trkpt>
   <trkpt lat="51.19618500034906" lon="5.069935001901697">
    <ele>24.950000000000003</ele>
   </trkpt>
   <trkpt lat="51.19574" lon="5.07014">
    <ele>24.950000000000003</ele>
   </trkpt>
   <trkpt lat="51.19539" lon="5.070270000000001">
    <ele>25.16</ele>
   </trkpt>
   <trkpt lat="51.195310000000006" lon="5.07026">
    <ele>25.18</ele>
   </trkpt>
   <trkpt lat="51.195190000000004" lon="5.07036">
    <ele>25.14</ele>
   </trkpt>
   <trkpt lat="51.19511000000001" lon="5.070460000000001">
    <ele>25.14</ele>
   </trkpt>
   <trkpt lat="51.19489" lon="5.070290000000001">
    <ele>24.8</ele>
   </trkpt>
   <trkpt lat="51.19478" lon="5.0702300000000005">
    <ele>24.8</ele>
   </trkpt>
   <trkpt lat="51.194610000000004" lon="5.07017">
    <ele>24.8</ele>
   </trkpt>
   <trkpt lat="51.19374500000235" lon="5.0700749982126165">
    <ele>24.650000000000002</ele>
   </trkpt>
   <trkpt lat="51.19288" lon="5.06998">
    <ele>24.82</ele>
   </trkpt>
   <trkpt lat="51.19254" lon="5.069990000000001">
    <ele>24.89</ele>
   </trkpt>
   <trkpt lat="51.192350000000005" lon="5.07003">
    <ele>24.89</ele>
   </trkpt>
   <trkpt lat="51.19185" lon="5.07019">
    <ele>25.200000000000003</ele>
   </trkpt>
   <trkpt lat="51.19155000000001" lon="5.07038">
    <ele>25.28</ele>
   </trkpt>
   <trkpt lat="51.19142" lon="5.0705100000000005">
    <ele>25.28</ele>
   </trkpt>
   <trkpt lat="51.191250000000004" lon="5.07075">
    <ele>25.370000000000005</ele>
   </trkpt>
   <trkpt lat="51.19111" lon="5.07104">
    <ele>25.370000000000005</ele>
   </trkpt>
   <trkpt lat="51.190702516325544" lon="5.0721700299784">
    <ele>25.62</ele>
   </trkpt>
   <trkpt lat="51.190295021766815" lon="5.073300039972084">
    <ele>25.93</ele>
   </trkpt>
   <trkpt lat="51.189887516324156" lon="5.074430029981161">
    <ele>26.19</ele>
   </trkpt>
   <trkpt lat="51.18948" lon="5.07556">
    <ele>26.230000000000004</ele>
   </trkpt>
   <trkpt lat="51.189220000000006" lon="5.076160000000001">
    <ele>26.35</ele>
   </trkpt>
   <trkpt lat="51.18876000238329" lon="5.076910007508982">
    <ele>26.67</ele>
   </trkpt>
   <trkpt lat="51.188300000000005" lon="5.077660000000001">
    <ele>26.81</ele>
   </trkpt>
   <trkpt lat="51.1882" lon="5.077990000000001">
    <ele>26.78</ele>
   </trkpt>
   <trkpt lat="51.18818" lon="5.078250000000001">
    <ele>26.750000000000004</ele>
   </trkpt>
   <trkpt lat="51.18818" lon="5.07856">
    <ele>26.79</ele>
   </trkpt>
   <trkpt lat="51.18822" lon="5.078900000000001">
    <ele>26.770000000000003</ele>
   </trkpt>
   <trkpt lat="51.18822" lon="5.0794500000000005">
    <ele>26.69</ele>
   </trkpt>
   <trkpt lat="51.188165003505304" lon="5.0803550008383755">
    <ele>26.55</ele>
   </trkpt>
   <trkpt lat="51.18811" lon="5.08126">
    <ele>26.61</ele>
   </trkpt>
   <trkpt lat="51.18810334526881" lon="5.0824433337269355">
    <ele>26.69</ele>
   </trkpt>
   <trkpt lat="51.188096678601845" lon="5.083626667111825">
    <ele>26.88</ele>
   </trkpt>
   <trkpt lat="51.18809" lon="5.08481">
    <ele>26.88</ele>
   </trkpt>
   <trkpt lat="51.18811" lon="5.085330000000001">
    <ele>26.64</ele>
   </trkpt>
   <trkpt lat="51.18816" lon="5.08588">
    <ele>26.37</ele>
   </trkpt>
   <trkpt lat="51.188255002183546" lon="5.086589998798808">
    <ele>26.320000000000004</ele>
   </trkpt>
   <trkpt lat="51.18835000000001" lon="5.087300000000001">
    <ele>26.18</ele>
   </trkpt>
   <trkpt lat="51.18824000000001" lon="5.08731">
    <ele>26.12</ele>
   </trkpt>
   <trkpt lat="51.188100000000006" lon="5.08715">
    <ele>26.050000000000004</ele>
   </trkpt>
   <trkpt lat="51.18774000297616" lon="5.086309993366056">
    <ele>25.890000000000004</ele>
   </trkpt>
   <trkpt lat="51.187380000000005" lon="5.085470000000001">
    <ele>26.150000000000002</ele>
   </trkpt>
   <trkpt lat="51.18726" lon="5.0855500000000005">
    <ele>26.13</ele>
   </trkpt>
   <trkpt lat="51.18668" lon="5.085260000000001">
    <ele>26.29</ele>
   </trkpt>
   <trkpt lat="51.18659" lon="5.085240000000001">
    <ele>26.29</ele>
   </trkpt>
   <trkpt lat="51.186150000000005" lon="5.08525">
    <ele>26.46</ele>
   </trkpt>
   <trkpt lat="51.18603" lon="5.08527">
    <ele>26.46</ele>
   </trkpt>
   <trkpt lat="51.18585" lon="5.08537">
    <ele>26.46</ele>
   </trkpt>
   <trkpt lat="51.185610000000004" lon="5.08563">
    <ele>26.590000000000003</ele>
   </trkpt>
   <trkpt lat="51.185520000000004" lon="5.085710000000001">
    <ele>26.480000000000004</ele>
   </trkpt>
   <trkpt lat="51.18502500013226" lon="5.0859300023955845">
    <ele>26.240000000000002</ele>
   </trkpt>
   <trkpt lat="51.18453" lon="5.086150000000001">
    <ele>26.18</ele>
   </trkpt>
   <trkpt lat="51.184340000000006" lon="5.08621">
    <ele>26.18</ele>
   </trkpt>
   <trkpt lat="51.18399" lon="5.08628">
    <ele>26.26</ele>
   </trkpt>
   <trkpt lat="51.18338000000001" lon="5.0863000000000005">
    <ele>26.740000000000002</ele>
   </trkpt>
   <trkpt lat="51.18318000000001" lon="5.08633">
    <ele>26.830000000000002</ele>
   </trkpt>
   <trkpt lat="51.18296" lon="5.086390000000001">
    <ele>26.87</ele>
   </trkpt>
   <trkpt lat="51.18236000024977" lon="5.086625003053198">
    <ele>27.06</ele>
   </trkpt>
   <trkpt lat="51.181760000000004" lon="5.086860000000001">
    <ele>26.98</ele>
   </trkpt>
   <trkpt lat="51.18126500039933" lon="5.087135002910181">
    <ele>26.78</ele>
   </trkpt>
   <trkpt lat="51.18077" lon="5.08741">
    <ele>26.740000000000002</ele>
   </trkpt>
   <trkpt lat="51.180530000000005" lon="5.0875200000000005">
    <ele>26.840000000000003</ele>
   </trkpt>
   <trkpt lat="51.18027000000001" lon="5.0875900000000005">
    <ele>26.8</ele>
   </trkpt>
   <trkpt lat="51.17961000008828" lon="5.08770500164084">
    <ele>26.85</ele>
   </trkpt>
   <trkpt lat="51.17895000000001" lon="5.087820000000001">
    <ele>27.040000000000003</ele>
   </trkpt>
   <trkpt lat="51.178560000000004" lon="5.08795">
    <ele>26.660000000000004</ele>
   </trkpt>
   <trkpt lat="51.177870000000006" lon="5.0882000000000005">
    <ele>26.730000000000004</ele>
   </trkpt>
   <trkpt lat="51.17766" lon="5.08825">
    <ele>26.750000000000004</ele>
   </trkpt>
   <trkpt lat="51.177440000000004" lon="5.08844">
    <ele>26.560000000000002</ele>
   </trkpt>
   <trkpt lat="51.177090002815916" lon="5.0876349940127525">
    <ele>25.94</ele>
   </trkpt>
   <trkpt lat="51.17674" lon="5.086830000000001">
    <ele>25.0</ele>
   </trkpt>
   <trkpt lat="51.176570000000005" lon="5.0863700000000005">
    <ele>24.89</ele>
   </trkpt>
   <trkpt lat="51.175960000295674" lon="5.086610003155514">
    <ele>23.41</ele>
   </trkpt>
   <trkpt lat="51.17535" lon="5.08685">
    <ele>23.720000000000002</ele>
   </trkpt>
   <trkpt lat="51.174845000402584" lon="5.08709500261216">
    <ele>23.46</ele>
   </trkpt>
   <trkpt lat="51.17434" lon="5.08734">
    <ele>23.48</ele>
   </trkpt>
   <trkpt lat="51.17375500033261" lon="5.087625003622423">
    <ele>23.180000000000003</ele>
   </trkpt>
   <trkpt lat="51.173170000000006" lon="5.087910000000001">
    <ele>23.37</ele>
   </trkpt>
   <trkpt lat="51.172465000723115" lon="5.088325006351298">
    <ele>23.01</ele>
   </trkpt>
   <trkpt lat="51.171760000000006" lon="5.0887400000000005">
    <ele>23.500000000000004</ele>
   </trkpt>
   <trkpt lat="51.171670000000006" lon="5.08875">
    <ele>23.53</ele>
   </trkpt>
   <trkpt lat="51.17128" lon="5.0886700000000005">
    <ele>24.110000000000003</ele>
   </trkpt>
   <trkpt lat="51.171240000000004" lon="5.088620000000001">
    <ele>24.110000000000003</ele>
   </trkpt>
   <trkpt lat="51.171060000000004" lon="5.088520000000001">
    <ele>24.53</ele>
   </trkpt>
   <trkpt lat="51.17100000000001" lon="5.08851">
    <ele>24.560000000000002</ele>
   </trkpt>
   <trkpt lat="51.17092" lon="5.088520000000001">
    <ele>24.71</ele>
   </trkpt>
   <trkpt lat="51.170790000000004" lon="5.088520000000001">
    <ele>24.700000000000003</ele>
   </trkpt>
   <trkpt lat="51.17065" lon="5.088500000000001">
    <ele>24.650000000000002</ele>
   </trkpt>
   <trkpt lat="51.17052" lon="5.08846">
    <ele>24.48</ele>
   </trkpt>
   <trkpt lat="51.16985000205909" lon="5.087749989589847">
    <ele>24.12</ele>
   </trkpt>
   <trkpt lat="51.169180000000004" lon="5.08704">
    <ele>24.470000000000002</ele>
   </trkpt>
   <trkpt lat="51.16850250405898" lon="5.086474975080734">
    <ele>24.490000000000002</ele>
   </trkpt>
   <trkpt lat="51.16782500539638" lon="5.085909966761929">
    <ele>24.17</ele>
   </trkpt>
   <trkpt lat="51.16714750401233" lon="5.08534497504276">
    <ele>24.23</ele>
   </trkpt>
   <trkpt lat="51.166470000000004" lon="5.08478">
    <ele>24.560000000000002</ele>
   </trkpt>
   <trkpt lat="51.165810003964715" lon="5.084222476059187">
    <ele>24.51</ele>
   </trkpt>
   <trkpt lat="51.16515000527955" lon="5.0836649680738235">
    <ele>24.85</ele>
   </trkpt>
   <trkpt lat="51.16449000394467" lon="5.083107476043141">
    <ele>25.09</ele>
   </trkpt>
   <trkpt lat="51.163830000000004" lon="5.08255">
    <ele>25.57</ele>
   </trkpt>
   <trkpt lat="51.163610000000006" lon="5.082400000000001">
    <ele>25.77</ele>
   </trkpt>
   <trkpt lat="51.163470000000004" lon="5.082330000000001">
    <ele>25.85</ele>
   </trkpt>
   <trkpt lat="51.16349" lon="5.08263">
    <ele>25.980000000000004</ele>
   </trkpt>
   <trkpt lat="51.1636600072219" lon="5.083549993251022">
    <ele>25.84</ele>
   </trkpt>
   <trkpt lat="51.16383000722791" lon="5.084469993283465">
    <ele>25.910000000000004</ele>
   </trkpt>
   <trkpt lat="51.164" lon="5.08539">
    <ele>26.1</ele>
   </trkpt>
   <trkpt lat="51.16424005635721" lon="5.0866755020434935">
    <ele>26.13</ele>
   </trkpt>
   <trkpt lat="51.1644800986259" lon="5.087961017467127">
    <ele>25.94</ele>
   </trkpt>
   <trkpt lat="51.16472012680581" lon="5.0892465462703695">
    <ele>25.900000000000002</ele>
   </trkpt>
   <trkpt lat="51.16496014089668" lon="5.09053208845269">
    <ele>25.78</ele>
   </trkpt>
   <trkpt lat="51.165200140898236" lon="5.091817644013559">
    <ele>25.580000000000002</ele>
   </trkpt>
   <trkpt lat="51.165440126810196" lon="5.093103212952442">
    <ele>25.75</ele>
   </trkpt>
   <trkpt lat="51.16568009863232" lon="5.0943887952688085">
    <ele>25.470000000000002</ele>
   </trkpt>
   <trkpt lat="51.16592005636433" lon="5.095674390962127">
    <ele>25.27</ele>
   </trkpt>
   <trkpt lat="51.166160000000005" lon="5.09696">
    <ele>25.540000000000003</ele>
   </trkpt>
   <trkpt lat="51.16628000000001" lon="5.09768">
    <ele>25.580000000000002</ele>
   </trkpt>
   <trkpt lat="51.166450000000005" lon="5.098990000000001">
    <ele>25.540000000000003</ele>
   </trkpt>
   <trkpt lat="51.166410032848404" lon="5.100378004822774">
    <ele>25.35</ele>
   </trkpt>
   <trkpt lat="51.166370049272444" lon="5.1017660072395135">
    <ele>25.240000000000002</ele>
   </trkpt>
   <trkpt lat="51.16633004927214" lon="5.1031540072492385">
    <ele>25.060000000000002</ele>
   </trkpt>
   <trkpt lat="51.166290032847556" lon="5.104542004850964">
    <ele>24.87</ele>
   </trkpt>
   <trkpt lat="51.166250000000005" lon="5.105930000000001">
    <ele>26.04</ele>
   </trkpt>
   <trkpt lat="51.16682" lon="5.10585">
    <ele>25.880000000000003</ele>
   </trkpt>
   <trkpt lat="51.1674300002595" lon="5.105640002752872">
    <ele>26.160000000000004</ele>
   </trkpt>
   <trkpt lat="51.168040000000005" lon="5.10543">
    <ele>26.17</ele>
   </trkpt>
   <trkpt lat="51.16821" lon="5.1054">
    <ele>26.17</ele>
   </trkpt>
   <trkpt lat="51.168580000000006" lon="5.10541">
    <ele>26.11</ele>
   </trkpt>
   <trkpt lat="51.169090000000004" lon="5.10554">
    <ele>26.320000000000004</ele>
   </trkpt>
   <trkpt lat="51.16908" lon="5.10564">
    <ele>26.21</ele>
   </trkpt>
   <trkpt lat="51.16949500584803" lon="5.106809989508219">
    <ele>25.300000000000004</ele>
   </trkpt>
   <trkpt lat="51.16991" lon="5.10798">
    <ele>25.41</ele>
   </trkpt>
   <trkpt lat="51.170365006289124" lon="5.109194988003459">
    <ele>25.560000000000002</ele>
   </trkpt>
   <trkpt lat="51.170820000000006" lon="5.110410000000001">
    <ele>26.11</ele>
   </trkpt>
   <trkpt lat="51.17119" lon="5.11094">
    <ele>25.890000000000004</ele>
   </trkpt>
   <trkpt lat="51.17132" lon="5.111160000000001">
    <ele>25.900000000000002</ele>
   </trkpt>
   <trkpt lat="51.1717400028676" lon="5.111984992420065">
    <ele>26.03</ele>
   </trkpt>
   <trkpt lat="51.172160000000005" lon="5.1128100000000005">
    <ele>26.28</ele>
   </trkpt>
   <trkpt lat="51.17228" lon="5.11308">
    <ele>26.27</ele>
   </trkpt>
   <trkpt lat="51.17230000000001" lon="5.11319">
    <ele>26.27</ele>
   </trkpt>
   <trkpt lat="51.17228" lon="5.1135">
    <ele>26.27</ele>
   </trkpt>
   <trkpt lat="51.17222" lon="5.11354">
    <ele>26.27</ele>
   </trkpt>
   <trkpt lat="51.17203000000001" lon="5.1138">
    <ele>26.240000000000002</ele>
   </trkpt>
   <trkpt lat="51.171450003535206" lon="5.114443349508717">
    <ele>26.28</ele>
   </trkpt>
   <trkpt lat="51.17087000354203" lon="5.115086682834201">
    <ele>26.560000000000002</ele>
   </trkpt>
   <trkpt lat="51.17029" lon="5.11573">
    <ele>26.81</ele>
   </trkpt>
   <trkpt lat="51.16976000093093" lon="5.11619000526142">
    <ele>26.92</ele>
   </trkpt>
   <trkpt lat="51.169230000000006" lon="5.116650000000001">
    <ele>27.15</ele>
   </trkpt>
   <trkpt lat="51.16863000000001" lon="5.117100000000001">
    <ele>27.44</ele>
   </trkpt>
   <trkpt lat="51.168200000000006" lon="5.117330000000001">
    <ele>27.900000000000002</ele>
   </trkpt>
   <trkpt lat="51.16771500025493" lon="5.117515001903867">
    <ele>28.200000000000003</ele>
   </trkpt>
   <trkpt lat="51.16723" lon="5.1177">
    <ele>28.32</ele>
   </trkpt>
   <trkpt lat="51.16702" lon="5.11788">
    <ele>28.16</ele>
   </trkpt>
   <trkpt lat="51.16662" lon="5.11852">
    <ele>27.990000000000002</ele>
   </trkpt>
   <trkpt lat="51.16648000000001" lon="5.118620000000001">
    <ele>27.94</ele>
   </trkpt>
   <trkpt lat="51.165685000054154" lon="5.1186700008590815">
    <ele>28.26</ele>
   </trkpt>
   <trkpt lat="51.16489000000001" lon="5.118720000000001">
    <ele>28.01</ele>
   </trkpt>
   <trkpt lat="51.16481" lon="5.11871">
    <ele>27.94</ele>
   </trkpt>
   <trkpt lat="51.164750000000005" lon="5.11866">
    <ele>27.94</ele>
   </trkpt>
   <trkpt lat="51.16461" lon="5.1184">
    <ele>27.700000000000003</ele>
   </trkpt>
   <trkpt lat="51.16456" lon="5.11836">
    <ele>27.700000000000003</ele>
   </trkpt>
   <trkpt lat="51.164460000000005" lon="5.11836">
    <ele>27.62</ele>
   </trkpt>
   <trkpt lat="51.16383500001732" lon="5.118505001981479">
    <ele>27.13</ele>
   </trkpt>
   <trkpt lat="51.16321000000001" lon="5.118650000000001">
    <ele>27.090000000000003</ele>
   </trkpt>
   <trkpt lat="51.162760000000006" lon="5.11873">
    <ele>27.110000000000003</ele>
   </trkpt>
   <trkpt lat="51.161970000008125" lon="5.118850002063169">
    <ele>26.570000000000004</ele>
   </trkpt>
   <trkpt lat="51.16118" lon="5.11897">
    <ele>26.520000000000003</ele>
   </trkpt>
   <trkpt lat="51.16058" lon="5.119090000000001">
    <ele>26.71</ele>
   </trkpt>
   <trkpt lat="51.16044" lon="5.11922">
    <ele>26.79</ele>
   </trkpt>
   <trkpt lat="51.15986" lon="5.12007">
    <ele>27.930000000000003</ele>
   </trkpt>
   <trkpt lat="51.159710000000004" lon="5.12019">
    <ele>27.950000000000003</ele>
   </trkpt>
   <trkpt lat="51.159230000232945" lon="5.120415002332971">
    <ele>27.92</ele>
   </trkpt>
   <trkpt lat="51.158750000000005" lon="5.120640000000001">
    <ele>27.900000000000002</ele>
   </trkpt>
   <trkpt lat="51.158680000000004" lon="5.120710000000001">
    <ele>28.03</ele>
   </trkpt>
   <trkpt lat="51.15847" lon="5.12101">
    <ele>28.430000000000003</ele>
   </trkpt>
   <trkpt lat="51.158530000000006" lon="5.12119">
    <ele>28.39</ele>
   </trkpt>
   <trkpt lat="51.15845" lon="5.12129">
    <ele>28.380000000000003</ele>
   </trkpt>
   <trkpt lat="51.157936672654095" lon="5.1221300187389085">
    <ele>27.37</ele>
   </trkpt>
   <trkpt lat="51.15742333929223" lon="5.122970018785271">
    <ele>27.860000000000003</ele>
   </trkpt>
   <trkpt lat="51.15691" lon="5.123810000000001">
    <ele>28.180000000000003</ele>
   </trkpt>
   <trkpt lat="51.15686" lon="5.12396">
    <ele>28.180000000000003</ele>
   </trkpt>
   <trkpt lat="51.15682" lon="5.124160000000001">
    <ele>28.110000000000003</ele>
   </trkpt>
   <trkpt lat="51.156780000000005" lon="5.124250000000001">
    <ele>28.110000000000003</ele>
   </trkpt>
   <trkpt lat="51.156740000000006" lon="5.12429">
    <ele>27.73</ele>
   </trkpt>
   <trkpt lat="51.155925000500794" lon="5.12461000562718">
    <ele>27.450000000000003</ele>
   </trkpt>
   <trkpt lat="51.15511000000001" lon="5.12493">
    <ele>27.17</ele>
   </trkpt>
   <trkpt lat="51.154560000000004" lon="5.125310000000001">
    <ele>26.85</ele>
   </trkpt>
   <trkpt lat="51.154140000000005" lon="5.125520000000001">
    <ele>26.830000000000002</ele>
   </trkpt>
   <trkpt lat="51.153490000566464" lon="5.125780007328902">
    <ele>26.94</ele>
   </trkpt>
   <trkpt lat="51.15284000055652" lon="5.126040007332746">
    <ele>26.930000000000003</ele>
   </trkpt>
   <trkpt lat="51.152190000000004" lon="5.1263000000000005">
    <ele>27.37</ele>
   </trkpt>
   <trkpt lat="51.151920000000004" lon="5.12638">
    <ele>27.48</ele>
   </trkpt>
   <trkpt lat="51.15139999991903" lon="5.12650000138505">
    <ele>27.4</ele>
   </trkpt>
   <trkpt lat="51.15088" lon="5.126620000000001">
    <ele>28.32</ele>
   </trkpt>
   <trkpt lat="51.15056500488388" lon="5.125554992894509">
    <ele>28.630000000000003</ele>
   </trkpt>
   <trkpt lat="51.15025000000001" lon="5.124490000000001">
    <ele>29.07</ele>
   </trkpt>
   <trkpt lat="51.14983000684874" lon="5.123224988567853">
    <ele>28.970000000000002</ele>
   </trkpt>
   <trkpt lat="51.14941" lon="5.1219600000000005">
    <ele>28.75</ele>
   </trkpt>
   <trkpt lat="51.14927" lon="5.121440000000001">
    <ele>28.59</ele>
   </trkpt>
   <trkpt lat="51.149130003280554" lon="5.120559997199359">
    <ele>28.3</ele>
   </trkpt>
   <trkpt lat="51.148990000000005" lon="5.119680000000001">
    <ele>28.130000000000003</ele>
   </trkpt>
   <trkpt lat="51.14879667770371" lon="5.118543323932392">
    <ele>27.840000000000003</ele>
   </trkpt>
   <trkpt lat="51.14860334439111" lon="5.117406657387805">
    <ele>27.83</ele>
   </trkpt>
   <trkpt lat="51.148410000000005" lon="5.11627">
    <ele>27.990000000000002</ele>
   </trkpt>
   <trkpt lat="51.14822" lon="5.11547">
    <ele>28.080000000000002</ele>
   </trkpt>
   <trkpt lat="51.14809" lon="5.115130000000001">
    <ele>28.05</ele>
   </trkpt>
   <trkpt lat="51.14766" lon="5.114210000000001">
    <ele>27.900000000000002</ele>
   </trkpt>
   <trkpt lat="51.14757" lon="5.11404">
    <ele>27.840000000000003</ele>
   </trkpt>
   <trkpt lat="51.147490000000005" lon="5.11395">
    <ele>27.840000000000003</ele>
   </trkpt>
   <trkpt lat="51.14752000000001" lon="5.113810000000001">
    <ele>27.840000000000003</ele>
   </trkpt>
   <trkpt lat="51.147490000000005" lon="5.11359">
    <ele>27.970000000000002</ele>
   </trkpt>
   <trkpt lat="51.147470000000006" lon="5.11348">
    <ele>27.990000000000002</ele>
   </trkpt>
   <trkpt lat="51.147330000000004" lon="5.113090000000001">
    <ele>27.990000000000002</ele>
   </trkpt>
   <trkpt lat="51.146930000000005" lon="5.112220000000001">
    <ele>27.540000000000003</ele>
   </trkpt>
   <trkpt lat="51.146820000000005" lon="5.11204">
    <ele>27.540000000000003</ele>
   </trkpt>
   <trkpt lat="51.14659" lon="5.111770000000001">
    <ele>27.330000000000002</ele>
   </trkpt>
   <trkpt lat="51.146530000000006" lon="5.11172">
    <ele>27.330000000000002</ele>
   </trkpt>
   <trkpt lat="51.14612" lon="5.11171">
    <ele>27.15</ele>
   </trkpt>
   <trkpt lat="51.14605" lon="5.1116600000000005">
    <ele>27.15</ele>
   </trkpt>
   <trkpt lat="51.14596" lon="5.1115200000000005">
    <ele>27.06</ele>
   </trkpt>
   <trkpt lat="51.14566000149774" lon="5.110939996353106">
    <ele>26.840000000000003</ele>
   </trkpt>
   <trkpt lat="51.145360000000004" lon="5.11036">
    <ele>26.680000000000003</ele>
   </trkpt>
   <trkpt lat="51.145210000000006" lon="5.110200000000001">
    <ele>26.54</ele>
   </trkpt>
   <trkpt lat="51.14477" lon="5.10991">
    <ele>26.340000000000003</ele>
   </trkpt>
   <trkpt lat="51.144600000000004" lon="5.109730000000001">
    <ele>26.250000000000004</ele>
   </trkpt>
   <trkpt lat="51.14401" lon="5.10874">
    <ele>26.220000000000002</ele>
   </trkpt>
   <trkpt lat="51.143890000000006" lon="5.10841">
    <ele>26.2</ele>
   </trkpt>
   <trkpt lat="51.14377000579099" lon="5.1072449970164335">
    <ele>26.21</ele>
   </trkpt>
   <trkpt lat="51.14365" lon="5.10608">
    <ele>26.400000000000002</ele>
   </trkpt>
   <trkpt lat="51.14364000438971" lon="5.105064999524504">
    <ele>26.53</ele>
   </trkpt>
   <trkpt lat="51.14363" lon="5.10405">
    <ele>26.71</ele>
   </trkpt>
   <trkpt lat="51.14361" lon="5.10372">
    <ele>26.92</ele>
   </trkpt>
   <trkpt lat="51.143460000000005" lon="5.1028">
    <ele>26.900000000000002</ele>
   </trkpt>
   <trkpt lat="51.143390000000004" lon="5.10249">
    <ele>26.900000000000002</ele>
   </trkpt>
   <trkpt lat="51.14310334172522" lon="5.101496654254264">
    <ele>26.92</ele>
   </trkpt>
   <trkpt lat="51.142816675036855" lon="5.10050332084599">
    <ele>26.88</ele>
   </trkpt>
   <trkpt lat="51.14253" lon="5.09951">
    <ele>26.89</ele>
   </trkpt>
   <trkpt lat="51.142430000000004" lon="5.098990000000001">
    <ele>26.92</ele>
   </trkpt>
   <trkpt lat="51.142390000000006" lon="5.09869">
    <ele>26.92</ele>
   </trkpt>
   <trkpt lat="51.142320007849186" lon="5.097729996963055">
    <ele>26.950000000000003</ele>
   </trkpt>
   <trkpt lat="51.14225000784002" lon="5.096769996837435">
    <ele>26.860000000000003</ele>
   </trkpt>
   <trkpt lat="51.14218" lon="5.09581">
    <ele>26.63</ele>
   </trkpt>
   <trkpt lat="51.14215" lon="5.09548">
    <ele>26.51</ele>
   </trkpt>
   <trkpt lat="51.14204" lon="5.095070000000001">
    <ele>26.390000000000004</ele>
   </trkpt>
   <trkpt lat="51.141920000000006" lon="5.094790000000001">
    <ele>26.28</ele>
   </trkpt>
   <trkpt lat="51.14147000709043" lon="5.093879982317944">
    <ele>25.77</ele>
   </trkpt>
   <trkpt lat="51.14102000711961" lon="5.09296998237723">
    <ele>25.32</ele>
   </trkpt>
   <trkpt lat="51.140570000000004" lon="5.09206">
    <ele>25.130000000000003</ele>
   </trkpt>
   <trkpt lat="51.140440000000005" lon="5.091690000000001">
    <ele>24.75</ele>
   </trkpt>
   <trkpt lat="51.14036" lon="5.091360000000001">
    <ele>24.68</ele>
   </trkpt>
   <trkpt lat="51.1402650027914" lon="5.090549998283125">
    <ele>24.740000000000002</ele>
   </trkpt>
   <trkpt lat="51.140170000000005" lon="5.089740000000001">
    <ele>24.700000000000003</ele>
   </trkpt>
   <trkpt lat="51.140080000000005" lon="5.08975">
    <ele>24.73</ele>
   </trkpt>
   <trkpt lat="51.13993000000001" lon="5.089740000000001">
    <ele>24.62</ele>
   </trkpt>
   <trkpt lat="51.139790000000005" lon="5.089700000000001">
    <ele>24.6</ele>
   </trkpt>
   <trkpt lat="51.13969" lon="5.08964">
    <ele>24.68</ele>
   </trkpt>
   <trkpt lat="51.139590000000005" lon="5.08955">
    <ele>24.92</ele>
   </trkpt>
   <trkpt lat="51.139500000000005" lon="5.08943">
    <ele>24.92</ele>
   </trkpt>
   <trkpt lat="51.138980000000004" lon="5.08861">
    <ele>25.44</ele>
   </trkpt>
   <trkpt lat="51.13862000296507" lon="5.087779993592374">
    <ele>25.69</ele>
   </trkpt>
   <trkpt lat="51.13826" lon="5.086950000000001">
    <ele>25.890000000000004</ele>
   </trkpt>
   <trkpt lat="51.13803000306957" lon="5.086104995883383">
    <ele>25.35</ele>
   </trkpt>
   <trkpt lat="51.137800000000006" lon="5.085260000000001">
    <ele>24.3</ele>
   </trkpt>
   <trkpt lat="51.13774" lon="5.08492">
    <ele>24.3</ele>
   </trkpt>
   <trkpt lat="51.137620000000005" lon="5.08387">
    <ele>23.650000000000002</ele>
   </trkpt>
   <trkpt lat="51.13756000000001" lon="5.08361">
    <ele>23.590000000000003</ele>
   </trkpt>
   <trkpt lat="51.13740000000001" lon="5.083220000000001">
    <ele>23.67</ele>
   </trkpt>
   <trkpt lat="51.13740000000001" lon="5.08305">
    <ele>23.770000000000003</ele>
   </trkpt>
   <trkpt lat="51.13745" lon="5.082750000000001">
    <ele>23.78</ele>
   </trkpt>
   <trkpt lat="51.13731000000001" lon="5.082660000000001">
    <ele>23.78</ele>
   </trkpt>
   <trkpt lat="51.13707" lon="5.082450000000001">
    <ele>23.950000000000003</ele>
   </trkpt>
   <trkpt lat="51.13646500040838" lon="5.082104995422862">
    <ele>24.130000000000003</ele>
   </trkpt>
   <trkpt lat="51.13586" lon="5.08176">
    <ele>24.73</ele>
   </trkpt>
   <trkpt lat="51.135650000000005" lon="5.08162">
    <ele>24.860000000000003</ele>
   </trkpt>
   <trkpt lat="51.13546" lon="5.08145">
    <ele>25.0</ele>
   </trkpt>
   <trkpt lat="51.13479500272646" lon="5.08065498858841">
    <ele>26.13</ele>
   </trkpt>
   <trkpt lat="51.134130000000006" lon="5.07986">
    <ele>27.090000000000003</ele>
   </trkpt>
   <trkpt lat="51.13393000000001" lon="5.0796600000000005">
    <ele>27.090000000000003</ele>
   </trkpt>
   <trkpt lat="51.133230000000005" lon="5.0791200000000005">
    <ele>28.32</ele>
   </trkpt>
   <trkpt lat="51.133160000000004" lon="5.0790500000000005">
    <ele>28.32</ele>
   </trkpt>
   <trkpt lat="51.133070000000004" lon="5.078950000000001">
    <ele>28.42</ele>
   </trkpt>
   <trkpt lat="51.13290000000001" lon="5.078670000000001">
    <ele>28.46</ele>
   </trkpt>
   <trkpt lat="51.132740000000005" lon="5.07836">
    <ele>28.55</ele>
   </trkpt>
   <trkpt lat="51.13241000000001" lon="5.07756">
    <ele>28.580000000000002</ele>
   </trkpt>
   <trkpt lat="51.13228" lon="5.0772900000000005">
    <ele>28.790000000000003</ele>
   </trkpt>
   <trkpt lat="51.132110000000004" lon="5.07707">
    <ele>29.0</ele>
   </trkpt>
   <trkpt lat="51.131800000000005" lon="5.076930000000001">
    <ele>29.43</ele>
   </trkpt>
   <trkpt lat="51.13152" lon="5.076840000000001">
    <ele>29.52</ele>
   </trkpt>
   <trkpt lat="51.131190000000004" lon="5.07683">
    <ele>29.7</ele>
   </trkpt>
   <trkpt lat="51.13071000000001" lon="5.07678">
    <ele>29.790000000000003</ele>
   </trkpt>
   <trkpt lat="51.130630000000004" lon="5.07674">
    <ele>29.790000000000003</ele>
   </trkpt>
   <trkpt lat="51.13051" lon="5.0766">
    <ele>29.76</ele>
   </trkpt>
   <trkpt lat="51.13056" lon="5.07667">
    <ele>29.76</ele>
   </trkpt>
   <trkpt lat="51.13051" lon="5.0766100000000005">
    <ele>29.740000000000002</ele>
   </trkpt>
   <trkpt lat="51.130410000000005" lon="5.07671">
    <ele>29.790000000000003</ele>
   </trkpt>
   <trkpt lat="51.129940000158356" lon="5.076890001824131">
    <ele>29.830000000000002</ele>
   </trkpt>
   <trkpt lat="51.129470000000005" lon="5.07707">
    <ele>29.970000000000002</ele>
   </trkpt>
   <trkpt lat="51.12888333386386" lon="5.0773133395047125">
    <ele>30.140000000000004</ele>
   </trkpt>
   <trkpt lat="51.12829666722278" lon="5.07755667282734">
    <ele>30.140000000000004</ele>
   </trkpt>
   <trkpt lat="51.12771000000001" lon="5.077800000000001">
    <ele>30.310000000000002</ele>
   </trkpt>
   <trkpt lat="51.12695500056428" lon="5.078195006509689">
    <ele>29.75</ele>
   </trkpt>
   <trkpt lat="51.126200000000004" lon="5.07859">
    <ele>29.35</ele>
   </trkpt>
   <trkpt lat="51.12545500202791" lon="5.07898751923024">
    <ele>28.3</ele>
   </trkpt>
   <trkpt lat="51.12471000270825" lon="5.079385025637467">
    <ele>26.88</ele>
   </trkpt>
   <trkpt lat="51.12396500204111" lon="5.079782519222414">
    <ele>25.830000000000002</ele>
   </trkpt>
   <trkpt lat="51.12322" lon="5.08018">
    <ele>24.51</ele>
   </trkpt>
   <trkpt lat="51.12254" lon="5.08053">
    <ele>23.290000000000003</ele>
   </trkpt>
   <trkpt lat="51.12229000000001" lon="5.080590000000001">
    <ele>23.090000000000003</ele>
   </trkpt>
   <trkpt lat="51.12185" lon="5.08058">
    <ele>22.320000000000004</ele>
   </trkpt>
   <trkpt lat="51.12165" lon="5.080590000000001">
    <ele>22.320000000000004</ele>
   </trkpt>
   <trkpt lat="51.12162000000001" lon="5.08049">
    <ele>22.320000000000004</ele>
   </trkpt>
   <trkpt lat="51.121570000000006" lon="5.08046">
    <ele>22.22</ele>
   </trkpt>
   <trkpt lat="51.121500000000005" lon="5.08051">
    <ele>22.22</ele>
   </trkpt>
   <trkpt lat="51.121480000000005" lon="5.08058">
    <ele>22.22</ele>
   </trkpt>
   <trkpt lat="51.1212" lon="5.080590000000001">
    <ele>21.560000000000002</ele>
   </trkpt>
   <trkpt lat="51.12043333390946" lon="5.080755013691767">
    <ele>21.17</ele>
   </trkpt>
   <trkpt lat="51.119666667586706" lon="5.080920021906762">
    <ele>21.210000000000004</ele>
   </trkpt>
   <trkpt lat="51.11890000103176" lon="5.081085024645315">
    <ele>21.400000000000002</ele>
   </trkpt>
   <trkpt lat="51.118133334244625" lon="5.081250021907757">
    <ele>21.810000000000002</ele>
   </trkpt>
   <trkpt lat="51.11736666722531" lon="5.081415013694418">
    <ele>22.0</ele>
   </trkpt>
   <trkpt lat="51.116600000000005" lon="5.081580000000001">
    <ele>21.92</ele>
   </trkpt>
   <trkpt lat="51.1165" lon="5.08162">
    <ele>21.92</ele>
   </trkpt>
   <trkpt lat="51.1163" lon="5.081740000000001">
    <ele>21.93</ele>
   </trkpt>
   <trkpt lat="51.11581" lon="5.082190000000001">
    <ele>21.890000000000004</ele>
   </trkpt>
   <trkpt lat="51.115570000000005" lon="5.0823">
    <ele>21.85</ele>
   </trkpt>
   <trkpt lat="51.11543" lon="5.08232">
    <ele>21.85</ele>
   </trkpt>
   <trkpt lat="51.11497000000001" lon="5.08232">
    <ele>21.730000000000004</ele>
   </trkpt>
   <trkpt lat="51.11430000000001" lon="5.08213">
    <ele>21.86</ele>
   </trkpt>
   <trkpt lat="51.113600000113074" lon="5.081904996558557">
    <ele>21.76</ele>
   </trkpt>
   <trkpt lat="51.1129" lon="5.08168">
    <ele>21.87</ele>
   </trkpt>
   <trkpt lat="51.112550000000006" lon="5.0815">
    <ele>21.910000000000004</ele>
   </trkpt>
   <trkpt lat="51.112320000000004" lon="5.081340000000001">
    <ele>21.970000000000002</ele>
   </trkpt>
   <trkpt lat="51.112080000000006" lon="5.081110000000001">
    <ele>21.970000000000002</ele>
   </trkpt>
   <trkpt lat="51.11198" lon="5.080990000000001">
    <ele>21.970000000000002</ele>
   </trkpt>
   <trkpt lat="51.111760000000004" lon="5.080620000000001">
    <ele>21.84</ele>
   </trkpt>
   <trkpt lat="51.111630000000005" lon="5.080310000000001">
    <ele>21.84</ele>
   </trkpt>
   <trkpt lat="51.11133" lon="5.0792600000000006">
    <ele>21.490000000000002</ele>
   </trkpt>
   <trkpt lat="51.111180000000004" lon="5.078930000000001">
    <ele>21.400000000000002</ele>
   </trkpt>
   <trkpt lat="51.11084000140616" lon="5.078354995763287">
    <ele>21.14</ele>
   </trkpt>
   <trkpt lat="51.1105" lon="5.077780000000001">
    <ele>21.080000000000002</ele>
   </trkpt>
   <trkpt lat="51.11016000000001" lon="5.07744">
    <ele>20.880000000000003</ele>
   </trkpt>
   <trkpt lat="51.10941000059362" lon="5.077064993911446">
    <ele>20.55</ele>
   </trkpt>
   <trkpt lat="51.10866000000001" lon="5.07669">
    <ele>20.580000000000002</ele>
   </trkpt>
   <trkpt lat="51.10830000000001" lon="5.0764700000000005">
    <ele>20.68</ele>
   </trkpt>
   <trkpt lat="51.107616668892156" lon="5.075959984925029">
    <ele>20.94</ele>
   </trkpt>
   <trkpt lat="51.10693333556582" lon="5.075449984930539">
    <ele>21.550000000000004</ele>
   </trkpt>
   <trkpt lat="51.10625" lon="5.074940000000001">
    <ele>22.570000000000004</ele>
   </trkpt>
   <trkpt lat="51.10602" lon="5.07481">
    <ele>22.92</ele>
   </trkpt>
   <trkpt lat="51.10519000000001" lon="5.07446">
    <ele>25.220000000000002</ele>
   </trkpt>
   <trkpt lat="51.10445000000001" lon="5.07411">
    <ele>28.46</ele>
   </trkpt>
   <trkpt lat="51.103595000681445" lon="5.073739993198679">
    <ele>28.600000000000005</ele>
   </trkpt>
   <trkpt lat="51.102740000000004" lon="5.073370000000001">
    <ele>26.21</ele>
   </trkpt>
   <trkpt lat="51.10210000000001" lon="5.073060000000001">
    <ele>23.75</ele>
   </trkpt>
   <trkpt lat="51.101850000000006" lon="5.07289">
    <ele>23.03</ele>
   </trkpt>
   <trkpt lat="51.10132333550405" lon="5.072383321770869">
    <ele>21.88</ele>
   </trkpt>
   <trkpt lat="51.10079666881841" lon="5.071876655086136">
    <ele>20.720000000000002</ele>
   </trkpt>
   <trkpt lat="51.10027" lon="5.071370000000001">
    <ele>20.470000000000002</ele>
   </trkpt>
   <trkpt lat="51.1" lon="5.071140000000001">
    <ele>20.470000000000002</ele>
   </trkpt>
   <trkpt lat="51.09946000150557" lon="5.070713323329101">
    <ele>20.64</ele>
   </trkpt>
   <trkpt lat="51.098920001458346" lon="5.070286656625266">
    <ele>20.62</ele>
   </trkpt>
   <trkpt lat="51.098380000000006" lon="5.06986">
    <ele>20.87</ele>
   </trkpt>
   <trkpt lat="51.098380000000006" lon="5.06984">
    <ele>20.86</ele>
   </trkpt>
   <trkpt lat="51.09816003036147" lon="5.071174025370992">
    <ele>19.470000000000002</ele>
   </trkpt>
   <trkpt lat="51.09794004554347" lon="5.072508038047945">
    <ele>19.85</ele>
   </trkpt>
   <trkpt lat="51.09772004554623" lon="5.0738420380302065">
    <ele>20.21</ele>
   </trkpt>
   <trkpt lat="51.09750003037005" lon="5.075176025317118">
    <ele>20.400000000000002</ele>
   </trkpt>
   <trkpt lat="51.097280000000005" lon="5.076510000000001">
    <ele>20.700000000000003</ele>
   </trkpt>
   <trkpt lat="51.09727" lon="5.07673">
    <ele>20.700000000000003</ele>
   </trkpt>
   <trkpt lat="51.09749000000001" lon="5.0776900000000005">
    <ele>20.990000000000002</ele>
   </trkpt>
   <trkpt lat="51.09745" lon="5.07793">
    <ele>20.990000000000002</ele>
   </trkpt>
   <trkpt lat="51.097010000000004" lon="5.078950000000001">
    <ele>20.64</ele>
   </trkpt>
   <trkpt lat="51.09685" lon="5.07941">
    <ele>20.85</ele>
   </trkpt>
   <trkpt lat="51.09664752212279" lon="5.080725017291346">
    <ele>20.810000000000002</ele>
   </trkpt>
   <trkpt lat="51.096445029495435" lon="5.082040023065157">
    <ele>20.810000000000002</ele>
   </trkpt>
   <trkpt lat="51.096242522118125" lon="5.083355017320779">
    <ele>20.75</ele>
   </trkpt>
   <trkpt lat="51.09604" lon="5.08467">
    <ele>20.650000000000002</ele>
   </trkpt>
   <trkpt lat="51.095960000000005" lon="5.08591">
    <ele>22.18</ele>
   </trkpt>
   <trkpt lat="51.095910003350475" lon="5.08679500077837">
    <ele>23.770000000000003</ele>
   </trkpt>
   <trkpt lat="51.09586" lon="5.087680000000001">
    <ele>26.080000000000002</ele>
   </trkpt>
   <trkpt lat="51.09582" lon="5.08793">
    <ele>26.51</ele>
   </trkpt>
   <trkpt lat="51.095040000000004" lon="5.08762">
    <ele>27.46</ele>
   </trkpt>
   <trkpt lat="51.0949" lon="5.08753">
    <ele>27.01</ele>
   </trkpt>
   <trkpt lat="51.094820000000006" lon="5.087420000000001">
    <ele>26.69</ele>
   </trkpt>
   <trkpt lat="51.094395002531726" lon="5.086644992822457">
    <ele>24.6</ele>
   </trkpt>
   <trkpt lat="51.093970000000006" lon="5.085870000000001">
    <ele>21.69</ele>
   </trkpt>
   <trkpt lat="51.093770000000006" lon="5.08546">
    <ele>21.45</ele>
   </trkpt>
   <trkpt lat="51.093720000000005" lon="5.08558">
    <ele>21.32</ele>
   </trkpt>
   <trkpt lat="51.093650000000004" lon="5.08565">
    <ele>21.32</ele>
   </trkpt>
   <trkpt lat="51.09292666895532" lon="5.086170016280289">
    <ele>21.23</ele>
   </trkpt>
   <trkpt lat="51.09220333560406" lon="5.0866900162928514">
    <ele>21.36</ele>
   </trkpt>
   <trkpt lat="51.091480000000004" lon="5.087210000000001">
    <ele>21.25</ele>
   </trkpt>
   <trkpt lat="51.09131000000001" lon="5.08731">
    <ele>21.25</ele>
   </trkpt>
   <trkpt lat="51.09051" lon="5.08774">
    <ele>21.18</ele>
   </trkpt>
   <trkpt lat="51.089805000572845" lon="5.088100005477467">
    <ele>21.130000000000003</ele>
   </trkpt>
   <trkpt lat="51.0891" lon="5.08846">
    <ele>21.14</ele>
   </trkpt>
   <trkpt lat="51.0889" lon="5.08851">
    <ele>21.080000000000002</ele>
   </trkpt>
   <trkpt lat="51.088770000000004" lon="5.088480000000001">
    <ele>20.990000000000002</ele>
   </trkpt>
   <trkpt lat="51.088660000000004" lon="5.0884">
    <ele>20.990000000000002</ele>
   </trkpt>
   <trkpt lat="51.0882100008393" lon="5.087954995665134">
    <ele>20.96</ele>
   </trkpt>
   <trkpt lat="51.08776" lon="5.08751">
    <ele>21.07</ele>
   </trkpt>
   <trkpt lat="51.08764000000001" lon="5.087350000000001">
    <ele>21.07</ele>
   </trkpt>
   <trkpt lat="51.087520000000005" lon="5.08713">
    <ele>21.07</ele>
   </trkpt>
   <trkpt lat="51.08707000918151" lon="5.086093313194176">
    <ele>21.0</ele>
   </trkpt>
   <trkpt lat="51.08662000919542" lon="5.085056646559912">
    <ele>20.990000000000002</ele>
   </trkpt>
   <trkpt lat="51.08617" lon="5.084020000000001">
    <ele>20.950000000000003</ele>
   </trkpt>
   <trkpt lat="51.085930000000005" lon="5.08351">
    <ele>20.880000000000003</ele>
   </trkpt>
   <trkpt lat="51.085820000000005" lon="5.0833200000000005">
    <ele>20.880000000000003</ele>
   </trkpt>
   <trkpt lat="51.08523" lon="5.08258">
    <ele>20.270000000000003</ele>
   </trkpt>
   <trkpt lat="51.08509" lon="5.0823">
    <ele>20.220000000000002</ele>
   </trkpt>
   <trkpt lat="51.08469" lon="5.08119">
    <ele>21.0</ele>
   </trkpt>
  </trkseg>
 </trk>
</gpx>
