<?xml version="1.0" encoding="UTF-8"?>
<gpx creator="StravaGPX" version="1.1" xmlns="http://www.topografix.com/GPX/1/1" xmlns:xsi="http://www.w3.org/2001/XMLSchema-instance" xsi:schemaLocation="http://www.topografix.com/GPX/1/1 http://www.topografix.com/GPX/1/1/gpx.xsd">
 <metadata>
  <name>Helecine</name>
  <author>
   <name>Joeri Scapicchio</name>
   <link href="https://www.strava.com/athletes/2447439"/>
  </author>
  <copyright author="OpenStreetMap contributors">
   <year>2020</year>
   <license>https://www.openstreetmap.org/copyright</license>
  </copyright>
  <link href="https://www.strava.com/routes/25361890"/>
 </metadata>
 <trk>
  <name>Helecine</name>
  <link href="https://www.strava.com/routes/25361890"/>
  <type>cycling</type>
  <trkseg>
   <trkpt lat="51.06998" lon="5.08961">
    <ele>23.41</ele>
   </trkpt>
   <trkpt lat="51.06967" lon="5.08948">
    <ele>23.01</ele>
   </trkpt>
   <trkpt lat="51.069720000000004" lon="5.089110000000001">
    <ele>23.06</ele>
   </trkpt>
   <trkpt lat="51.06982000000001" lon="5.08847">
    <ele>23.06</ele>
   </trkpt>
   <trkpt lat="51.069770000000005" lon="5.088430000000001">
    <ele>23.250000000000004</ele>
   </trkpt>
   <trkpt lat="51.069" lon="5.08807">
    <ele>23.67</ele>
   </trkpt>
   <trkpt lat="51.068690000000004" lon="5.087910000000001">
    <ele>23.990000000000002</ele>
   </trkpt>
   <trkpt lat="51.06839" lon="5.087700000000001">
    <ele>24.41</ele>
   </trkpt>
   <trkpt lat="51.06781" lon="5.087540000000001">
    <ele>25.62</ele>
   </trkpt>
   <trkpt lat="51.067550000000004" lon="5.0875900000000005">
    <ele>25.92</ele>
   </trkpt>
   <trkpt lat="51.06747000000001" lon="5.08764">
    <ele>25.92</ele>
   </trkpt>
   <trkpt lat="51.06741" lon="5.087610000000001">
    <ele>25.92</ele>
   </trkpt>
   <trkpt lat="51.06736" lon="5.087560000000001">
    <ele>26.13</ele>
   </trkpt>
   <trkpt lat="51.067310000000006" lon="5.087540000000001">
    <ele>26.13</ele>
   </trkpt>
   <trkpt lat="51.06725" lon="5.087540000000001">
    <ele>26.13</ele>
   </trkpt>
   <trkpt lat="51.06718000000001" lon="5.08746">
    <ele>26.21</ele>
   </trkpt>
   <trkpt lat="51.067260002652425" lon="5.08666500180834">
    <ele>26.250000000000004</ele>
   </trkpt>
   <trkpt lat="51.06734" lon="5.085870000000001">
    <ele>26.79</ele>
   </trkpt>
   <trkpt lat="51.06727000000001" lon="5.085870000000001">
    <ele>26.750000000000004</ele>
   </trkpt>
   <trkpt lat="51.06712" lon="5.08593">
    <ele>26.6</ele>
   </trkpt>
   <trkpt lat="51.06696" lon="5.08605">
    <ele>26.580000000000002</ele>
   </trkpt>
   <trkpt lat="51.066500000000005" lon="5.08624">
    <ele>26.950000000000003</ele>
   </trkpt>
   <trkpt lat="51.06627" lon="5.086270000000001">
    <ele>27.13</ele>
   </trkpt>
   <trkpt lat="51.066030000000005" lon="5.08636">
    <ele>27.46</ele>
   </trkpt>
   <trkpt lat="51.06597000000001" lon="5.08629">
    <ele>27.46</ele>
   </trkpt>
   <trkpt lat="51.065565002453724" lon="5.085549993740539">
    <ele>27.680000000000003</ele>
   </trkpt>
   <trkpt lat="51.065160000000006" lon="5.08481">
    <ele>29.05</ele>
   </trkpt>
   <trkpt lat="51.06488" lon="5.084250000000001">
    <ele>29.84</ele>
   </trkpt>
   <trkpt lat="51.06456500128694" lon="5.083694996175586">
    <ele>30.650000000000002</ele>
   </trkpt>
   <trkpt lat="51.06425" lon="5.08314">
    <ele>31.98</ele>
   </trkpt>
   <trkpt lat="51.063970000000005" lon="5.082800000000001">
    <ele>33.300000000000004</ele>
   </trkpt>
   <trkpt lat="51.06380000000001" lon="5.08263">
    <ele>33.830000000000005</ele>
   </trkpt>
   <trkpt lat="51.06338" lon="5.0823">
    <ele>35.47</ele>
   </trkpt>
   <trkpt lat="51.063" lon="5.0819600000000005">
    <ele>37.67</ele>
   </trkpt>
   <trkpt lat="51.06246" lon="5.081270000000001">
    <ele>39.1</ele>
   </trkpt>
   <trkpt lat="51.06223000000001" lon="5.08091">
    <ele>39.720000000000006</ele>
   </trkpt>
   <trkpt lat="51.06204" lon="5.080500000000001">
    <ele>40.470000000000006</ele>
   </trkpt>
   <trkpt lat="51.06160001000547" lon="5.079416646054928">
    <ele>41.14</ele>
   </trkpt>
   <trkpt lat="51.061160009997465" lon="5.07833331270226">
    <ele>41.53</ele>
   </trkpt>
   <trkpt lat="51.06072" lon="5.07725">
    <ele>41.07</ele>
   </trkpt>
   <trkpt lat="51.06056" lon="5.07728">
    <ele>40.870000000000005</ele>
   </trkpt>
   <trkpt lat="51.0598200001502" lon="5.077159996168444">
    <ele>38.650000000000006</ele>
   </trkpt>
   <trkpt lat="51.059080000177495" lon="5.077039996172948">
    <ele>38.17</ele>
   </trkpt>
   <trkpt lat="51.05834" lon="5.07692">
    <ele>38.970000000000006</ele>
   </trkpt>
   <trkpt lat="51.058130000000006" lon="5.07685">
    <ele>38.82</ele>
   </trkpt>
   <trkpt lat="51.057495000147334" lon="5.076724998301593">
    <ele>38.830000000000005</ele>
   </trkpt>
   <trkpt lat="51.05686000000001" lon="5.0766">
    <ele>38.71</ele>
   </trkpt>
   <trkpt lat="51.05669" lon="5.0766100000000005">
    <ele>38.760000000000005</ele>
   </trkpt>
   <trkpt lat="51.05653" lon="5.07666">
    <ele>38.760000000000005</ele>
   </trkpt>
   <trkpt lat="51.056380000000004" lon="5.07674">
    <ele>38.970000000000006</ele>
   </trkpt>
   <trkpt lat="51.05613" lon="5.07695">
    <ele>38.93000000000001</ele>
   </trkpt>
   <trkpt lat="51.055930000000004" lon="5.077240000000001">
    <ele>38.96</ele>
   </trkpt>
   <trkpt lat="51.055640000000004" lon="5.077870000000001">
    <ele>39.81</ele>
   </trkpt>
   <trkpt lat="51.055460000000004" lon="5.07812">
    <ele>39.81</ele>
   </trkpt>
   <trkpt lat="51.05527000000001" lon="5.07831">
    <ele>40.2</ele>
   </trkpt>
   <trkpt lat="51.05512" lon="5.0784">
    <ele>40.2</ele>
   </trkpt>
   <trkpt lat="51.05491000000001" lon="5.07849">
    <ele>40.49</ele>
   </trkpt>
   <trkpt lat="51.05481" lon="5.0785100000000005">
    <ele>40.550000000000004</ele>
   </trkpt>
   <trkpt lat="51.054570000000005" lon="5.0785">
    <ele>40.43</ele>
   </trkpt>
   <trkpt lat="51.053915000063334" lon="5.0783549979432205">
    <ele>38.96</ele>
   </trkpt>
   <trkpt lat="51.05326" lon="5.07821">
    <ele>38.580000000000005</ele>
   </trkpt>
   <trkpt lat="51.053140000000006" lon="5.0782300000000005">
    <ele>38.580000000000005</ele>
   </trkpt>
   <trkpt lat="51.05306" lon="5.0779700000000005">
    <ele>38.510000000000005</ele>
   </trkpt>
   <trkpt lat="51.053000000000004" lon="5.07784">
    <ele>38.510000000000005</ele>
   </trkpt>
   <trkpt lat="51.05284" lon="5.07763">
    <ele>38.57</ele>
   </trkpt>
   <trkpt lat="51.05237000127048" lon="5.077099994702369">
    <ele>38.78</ele>
   </trkpt>
   <trkpt lat="51.0519" lon="5.07657">
    <ele>38.57</ele>
   </trkpt>
   <trkpt lat="51.051213339694456" lon="5.075706641067395">
    <ele>38.17</ele>
   </trkpt>
   <trkpt lat="51.05052667302894" lon="5.0748433077360255">
    <ele>36.050000000000004</ele>
   </trkpt>
   <trkpt lat="51.04984" lon="5.073980000000001">
    <ele>34.68</ele>
   </trkpt>
   <trkpt lat="51.04917000864395" lon="5.073157464287304">
    <ele>33.84</ele>
   </trkpt>
   <trkpt lat="51.048500011515046" lon="5.072334952371481">
    <ele>34.1</ele>
   </trkpt>
   <trkpt lat="51.04783000861359" lon="5.0715124642514775">
    <ele>35.33</ele>
   </trkpt>
   <trkpt lat="51.047160000000005" lon="5.070690000000001">
    <ele>37.46</ele>
   </trkpt>
   <trkpt lat="51.046940000000006" lon="5.07045">
    <ele>38.690000000000005</ele>
   </trkpt>
   <trkpt lat="51.046201675235864" lon="5.069816616202524">
    <ele>40.040000000000006</ele>
   </trkpt>
   <trkpt lat="51.04546334704859" lon="5.06918325259628">
    <ele>38.790000000000006</ele>
   </trkpt>
   <trkpt lat="51.044725015438395" lon="5.068549909180184">
    <ele>37.31</ele>
   </trkpt>
   <trkpt lat="51.043986680405474" lon="5.067916585953155">
    <ele>36.97</ele>
   </trkpt>
   <trkpt lat="51.04324834195003" lon="5.067283282914111">
    <ele>34.300000000000004</ele>
   </trkpt>
   <trkpt lat="51.04251000000001" lon="5.06665">
    <ele>32.34</ele>
   </trkpt>
   <trkpt lat="51.04238" lon="5.06644">
    <ele>31.810000000000006</ele>
   </trkpt>
   <trkpt lat="51.04194333957285" lon="5.0655833171392874">
    <ele>30.890000000000004</ele>
   </trkpt>
   <trkpt lat="51.04150667288321" lon="5.064726650427783">
    <ele>30.46</ele>
   </trkpt>
   <trkpt lat="51.041070000000005" lon="5.0638700000000005">
    <ele>29.990000000000002</ele>
   </trkpt>
   <trkpt lat="51.041070000000005" lon="5.06386">
    <ele>29.990000000000002</ele>
   </trkpt>
   <trkpt lat="51.04088" lon="5.06348">
    <ele>29.810000000000002</ele>
   </trkpt>
   <trkpt lat="51.04079" lon="5.063230000000001">
    <ele>29.66</ele>
   </trkpt>
   <trkpt lat="51.040600000000005" lon="5.06217">
    <ele>29.370000000000005</ele>
   </trkpt>
   <trkpt lat="51.04052" lon="5.0618300000000005">
    <ele>29.310000000000002</ele>
   </trkpt>
   <trkpt lat="51.040380000000006" lon="5.06156">
    <ele>29.310000000000002</ele>
   </trkpt>
   <trkpt lat="51.0398566721105" lon="5.0607633153782885">
    <ele>28.76</ele>
   </trkpt>
   <trkpt lat="51.0393333388049" lon="5.059966648754136">
    <ele>28.220000000000002</ele>
   </trkpt>
   <trkpt lat="51.038810000000005" lon="5.059170000000001">
    <ele>27.840000000000003</ele>
   </trkpt>
   <trkpt lat="51.03851" lon="5.0587800000000005">
    <ele>27.96</ele>
   </trkpt>
   <trkpt lat="51.038140000000006" lon="5.058350000000001">
    <ele>27.17</ele>
   </trkpt>
   <trkpt lat="51.03755500292574" lon="5.057524989614585">
    <ele>26.310000000000002</ele>
   </trkpt>
   <trkpt lat="51.036970000000004" lon="5.0567">
    <ele>25.79</ele>
   </trkpt>
   <trkpt lat="51.036402508678094" lon="5.055877469806776">
    <ele>24.73</ele>
   </trkpt>
   <trkpt lat="51.03583501158285" lon="5.055054959760553">
    <ele>24.01</ele>
   </trkpt>
   <trkpt lat="51.03526750871451" lon="5.054232469860631">
    <ele>23.28</ele>
   </trkpt>
   <trkpt lat="51.0347" lon="5.05341">
    <ele>23.330000000000002</ele>
   </trkpt>
   <trkpt lat="51.03454000000001" lon="5.053100000000001">
    <ele>23.87</ele>
   </trkpt>
   <trkpt lat="51.03448" lon="5.052770000000001">
    <ele>24.110000000000003</ele>
   </trkpt>
   <trkpt lat="51.03380000003584" lon="5.05281750209051">
    <ele>23.66</ele>
   </trkpt>
   <trkpt lat="51.03312000005241" lon="5.052865002786973">
    <ele>23.39</ele>
   </trkpt>
   <trkpt lat="51.03244000004973" lon="5.052912502089465">
    <ele>23.21</ele>
   </trkpt>
   <trkpt lat="51.031760000000006" lon="5.052960000000001">
    <ele>23.14</ele>
   </trkpt>
   <trkpt lat="51.031600000000005" lon="5.05302">
    <ele>23.14</ele>
   </trkpt>
   <trkpt lat="51.031290000000006" lon="5.05321">
    <ele>23.03</ele>
   </trkpt>
   <trkpt lat="51.031090000000006" lon="5.05341">
    <ele>23.01</ele>
   </trkpt>
   <trkpt lat="51.03098000000001" lon="5.05356">
    <ele>22.92</ele>
   </trkpt>
   <trkpt lat="51.03053500239576" lon="5.0543000070068045">
    <ele>22.990000000000002</ele>
   </trkpt>
   <trkpt lat="51.03009" lon="5.05504">
    <ele>22.910000000000004</ele>
   </trkpt>
   <trkpt lat="51.030010000000004" lon="5.05506">
    <ele>22.910000000000004</ele>
   </trkpt>
   <trkpt lat="51.029860000000006" lon="5.0552600000000005">
    <ele>22.71</ele>
   </trkpt>
   <trkpt lat="51.029790000000006" lon="5.05527">
    <ele>22.71</ele>
   </trkpt>
   <trkpt lat="51.029740000000004" lon="5.055230000000001">
    <ele>22.71</ele>
   </trkpt>
   <trkpt lat="51.02966000000001" lon="5.05524">
    <ele>22.770000000000003</ele>
   </trkpt>
   <trkpt lat="51.029610000000005" lon="5.0552600000000005">
    <ele>22.770000000000003</ele>
   </trkpt>
   <trkpt lat="51.02958" lon="5.05541">
    <ele>22.73</ele>
   </trkpt>
   <trkpt lat="51.029540000000004" lon="5.05545">
    <ele>22.73</ele>
   </trkpt>
   <trkpt lat="51.02949" lon="5.055560000000001">
    <ele>22.79</ele>
   </trkpt>
   <trkpt lat="51.02948000000001" lon="5.05571">
    <ele>22.830000000000002</ele>
   </trkpt>
   <trkpt lat="51.02951" lon="5.055840000000001">
    <ele>22.830000000000002</ele>
   </trkpt>
   <trkpt lat="51.02951" lon="5.05602">
    <ele>23.06</ele>
   </trkpt>
   <trkpt lat="51.029360000000004" lon="5.05653">
    <ele>22.42</ele>
   </trkpt>
   <trkpt lat="51.029340000000005" lon="5.05667">
    <ele>22.42</ele>
   </trkpt>
   <trkpt lat="51.02891254454919" lon="5.057891328849792">
    <ele>22.230000000000004</ele>
   </trkpt>
   <trkpt lat="51.028485076368746" lon="5.059112635172123">
    <ele>22.160000000000004</ele>
   </trkpt>
   <trkpt lat="51.028057595459096" lon="5.060333918967082">
    <ele>22.27</ele>
   </trkpt>
   <trkpt lat="51.02763010182069" lon="5.061555180234757">
    <ele>22.490000000000002</ele>
   </trkpt>
   <trkpt lat="51.02720259545394" lon="5.062776418975237">
    <ele>22.500000000000004</ele>
   </trkpt>
   <trkpt lat="51.026775076359286" lon="5.063997635188612">
    <ele>22.330000000000002</ele>
   </trkpt>
   <trkpt lat="51.026347544537145" lon="5.065218828874966">
    <ele>22.28</ele>
   </trkpt>
   <trkpt lat="51.025920000000006" lon="5.06644">
    <ele>22.320000000000004</ele>
   </trkpt>
   <trkpt lat="51.025760000000005" lon="5.06686">
    <ele>22.3</ele>
   </trkpt>
   <trkpt lat="51.02559" lon="5.067150000000001">
    <ele>22.2</ele>
   </trkpt>
   <trkpt lat="51.02492667673019" lon="5.067836715792293">
    <ele>21.87</ele>
   </trkpt>
   <trkpt lat="51.02426334943587" lon="5.0685234119319">
    <ele>21.640000000000004</ele>
   </trkpt>
   <trkpt lat="51.023600018117264" lon="5.069210088419731">
    <ele>21.490000000000002</ele>
   </trkpt>
   <trkpt lat="51.02293668277456" lon="5.069896745256694">
    <ele>21.380000000000003</ele>
   </trkpt>
   <trkpt lat="51.02227334340798" lon="5.070583382443698">
    <ele>21.210000000000004</ele>
   </trkpt>
   <trkpt lat="51.02161" lon="5.07127">
    <ele>21.150000000000002</ele>
   </trkpt>
   <trkpt lat="51.021530000000006" lon="5.071350000000001">
    <ele>21.150000000000002</ele>
   </trkpt>
   <trkpt lat="51.02141" lon="5.0715900000000005">
    <ele>21.120000000000005</ele>
   </trkpt>
   <trkpt lat="51.02131000000001" lon="5.07158">
    <ele>21.09</ele>
   </trkpt>
   <trkpt lat="51.02123" lon="5.071610000000001">
    <ele>20.950000000000003</ele>
   </trkpt>
   <trkpt lat="51.020770000000006" lon="5.07202">
    <ele>20.92</ele>
   </trkpt>
   <trkpt lat="51.02067" lon="5.072170000000001">
    <ele>20.85</ele>
   </trkpt>
   <trkpt lat="51.02046000000001" lon="5.07232">
    <ele>20.78</ele>
   </trkpt>
   <trkpt lat="51.01987666889163" lon="5.072830012828681">
    <ele>20.48</ele>
   </trkpt>
   <trkpt lat="51.01929333556332" lon="5.073340012824075">
    <ele>20.71</ele>
   </trkpt>
   <trkpt lat="51.018710000000006" lon="5.07385">
    <ele>20.69</ele>
   </trkpt>
   <trkpt lat="51.01856" lon="5.0739600000000005">
    <ele>20.66</ele>
   </trkpt>
   <trkpt lat="51.01841" lon="5.07404">
    <ele>20.650000000000002</ele>
   </trkpt>
   <trkpt lat="51.018130000000006" lon="5.074120000000001">
    <ele>20.67</ele>
   </trkpt>
   <trkpt lat="51.017493333380116" lon="5.074243336736307">
    <ele>20.84</ele>
   </trkpt>
   <trkpt lat="51.016856666630396" lon="5.074366670085672">
    <ele>20.98</ele>
   </trkpt>
   <trkpt lat="51.016220000000004" lon="5.074490000000001">
    <ele>20.950000000000003</ele>
   </trkpt>
   <trkpt lat="51.016000000000005" lon="5.0745000000000005">
    <ele>20.92</ele>
   </trkpt>
   <trkpt lat="51.01578000000001" lon="5.07448">
    <ele>20.900000000000002</ele>
   </trkpt>
   <trkpt lat="51.015530000000005" lon="5.07441">
    <ele>20.8</ele>
   </trkpt>
   <trkpt lat="51.01491333399646" lon="5.074139992836959">
    <ele>20.790000000000003</ele>
   </trkpt>
   <trkpt lat="51.014296667370694" lon="5.073869992854987">
    <ele>20.87</ele>
   </trkpt>
   <trkpt lat="51.01368" lon="5.073600000000001">
    <ele>20.94</ele>
   </trkpt>
   <trkpt lat="51.013510000000004" lon="5.07348">
    <ele>20.98</ele>
   </trkpt>
   <trkpt lat="51.01305000000001" lon="5.0732800000000005">
    <ele>21.060000000000002</ele>
   </trkpt>
   <trkpt lat="51.01303000000001" lon="5.0734200000000005">
    <ele>21.09</ele>
   </trkpt>
   <trkpt lat="51.013090000000005" lon="5.0734900000000005">
    <ele>21.09</ele>
   </trkpt>
   <trkpt lat="51.01312" lon="5.07355">
    <ele>21.01</ele>
   </trkpt>
   <trkpt lat="51.01315" lon="5.07399">
    <ele>21.0</ele>
   </trkpt>
   <trkpt lat="51.01321" lon="5.07415">
    <ele>21.0</ele>
   </trkpt>
   <trkpt lat="51.0132625175995" lon="5.075322495995329">
    <ele>20.8</ele>
   </trkpt>
   <trkpt lat="51.01331502346538" lon="5.076494994645947">
    <ele>21.02</ele>
   </trkpt>
   <trkpt lat="51.01336751759756" lon="5.077667495951273">
    <ele>21.290000000000003</ele>
   </trkpt>
   <trkpt lat="51.01342" lon="5.0788400000000005">
    <ele>21.96</ele>
   </trkpt>
   <trkpt lat="51.01334000000001" lon="5.0795900000000005">
    <ele>22.080000000000002</ele>
   </trkpt>
   <trkpt lat="51.01262000007109" lon="5.0794933303306475">
    <ele>20.89</ele>
   </trkpt>
   <trkpt lat="51.01190000006242" lon="5.079396663662873">
    <ele>20.98</ele>
   </trkpt>
   <trkpt lat="51.01118" lon="5.079300000000001">
    <ele>21.36</ele>
   </trkpt>
   <trkpt lat="51.011030000000005" lon="5.07929">
    <ele>21.66</ele>
   </trkpt>
   <trkpt lat="51.010690000000004" lon="5.07934">
    <ele>22.13</ele>
   </trkpt>
   <trkpt lat="51.01037" lon="5.079440000000001">
    <ele>22.27</ele>
   </trkpt>
   <trkpt lat="51.00957750113473" lon="5.079737515249099">
    <ele>23.15</ele>
   </trkpt>
   <trkpt lat="51.00878500151397" lon="5.080035020331327">
    <ele>23.930000000000003</ele>
   </trkpt>
   <trkpt lat="51.007992501137785" lon="5.080332515247312">
    <ele>26.160000000000004</ele>
   </trkpt>
   <trkpt lat="51.007200000000005" lon="5.08063">
    <ele>27.71</ele>
   </trkpt>
   <trkpt lat="51.006910000000005" lon="5.080760000000001">
    <ele>28.040000000000003</ele>
   </trkpt>
   <trkpt lat="51.006510000000006" lon="5.08096">
    <ele>28.060000000000002</ele>
   </trkpt>
   <trkpt lat="51.00570500100049" lon="5.0814350082208515">
    <ele>26.44</ele>
   </trkpt>
   <trkpt lat="51.004900000000006" lon="5.081910000000001">
    <ele>24.1</ele>
   </trkpt>
   <trkpt lat="51.004630000000006" lon="5.08202">
    <ele>24.1</ele>
   </trkpt>
   <trkpt lat="51.004380000000005" lon="5.082050000000001">
    <ele>23.73</ele>
   </trkpt>
   <trkpt lat="51.00415" lon="5.082050000000001">
    <ele>23.520000000000003</ele>
   </trkpt>
   <trkpt lat="51.003890000000006" lon="5.08197">
    <ele>23.360000000000003</ele>
   </trkpt>
   <trkpt lat="51.00336500035221" lon="5.081734997392729">
    <ele>23.160000000000004</ele>
   </trkpt>
   <trkpt lat="51.002840000000006" lon="5.0815">
    <ele>23.31</ele>
   </trkpt>
   <trkpt lat="51.00245" lon="5.0813500000000005">
    <ele>23.290000000000003</ele>
   </trkpt>
   <trkpt lat="51.00215000000001" lon="5.081300000000001">
    <ele>23.520000000000003</ele>
   </trkpt>
   <trkpt lat="51.001990000000006" lon="5.081300000000001">
    <ele>23.650000000000002</ele>
   </trkpt>
   <trkpt lat="51.00179000000001" lon="5.08133">
    <ele>23.650000000000002</ele>
   </trkpt>
   <trkpt lat="51.00155" lon="5.0814">
    <ele>24.17</ele>
   </trkpt>
   <trkpt lat="51.00074000000001" lon="5.08173">
    <ele>24.880000000000003</ele>
   </trkpt>
   <trkpt lat="51.00054000517328" lon="5.080629995307954">
    <ele>24.150000000000002</ele>
   </trkpt>
   <trkpt lat="51.00034" lon="5.07953">
    <ele>23.78</ele>
   </trkpt>
   <trkpt lat="50.999550001073864" lon="5.0800300085089605">
    <ele>25.02</ele>
   </trkpt>
   <trkpt lat="50.998760000000004" lon="5.08053">
    <ele>26.660000000000004</ele>
   </trkpt>
   <trkpt lat="50.9986" lon="5.080570000000001">
    <ele>27.090000000000003</ele>
   </trkpt>
   <trkpt lat="50.99848" lon="5.08063">
    <ele>27.340000000000003</ele>
   </trkpt>
   <trkpt lat="50.99830000000001" lon="5.0808">
    <ele>28.110000000000003</ele>
   </trkpt>
   <trkpt lat="50.99766" lon="5.081160000000001">
    <ele>30.580000000000002</ele>
   </trkpt>
   <trkpt lat="50.99736169448487" lon="5.0800182966435825">
    <ele>30.53</ele>
   </trkpt>
   <trkpt lat="50.99706337784318" lon="5.078876607966864">
    <ele>30.28</ele>
   </trkpt>
   <trkpt lat="50.99676505007517" lon="5.077734933970046">
    <ele>29.300000000000004</ele>
   </trkpt>
   <trkpt lat="50.996466711181135" lon="5.076593274653331">
    <ele>28.220000000000002</ele>
   </trkpt>
   <trkpt lat="50.99616836116131" lon="5.075451630016922">
    <ele>27.3</ele>
   </trkpt>
   <trkpt lat="50.995870000000004" lon="5.0743100000000005">
    <ele>26.680000000000003</ele>
   </trkpt>
   <trkpt lat="50.99577000000001" lon="5.0738900000000005">
    <ele>26.820000000000004</ele>
   </trkpt>
   <trkpt lat="50.995630000000006" lon="5.073910000000001">
    <ele>26.820000000000004</ele>
   </trkpt>
   <trkpt lat="50.99555" lon="5.073880000000001">
    <ele>26.62</ele>
   </trkpt>
   <trkpt lat="50.994960000869284" lon="5.073449994591361">
    <ele>26.150000000000002</ele>
   </trkpt>
   <trkpt lat="50.99437" lon="5.0730200000000005">
    <ele>26.42</ele>
   </trkpt>
   <trkpt lat="50.994260000000004" lon="5.072920000000001">
    <ele>26.340000000000003</ele>
   </trkpt>
   <trkpt lat="50.994110000000006" lon="5.072710000000001">
    <ele>26.3</ele>
   </trkpt>
   <trkpt lat="50.99345" lon="5.07307">
    <ele>27.330000000000002</ele>
   </trkpt>
   <trkpt lat="50.9928500004438" lon="5.073370003848733">
    <ele>28.940000000000005</ele>
   </trkpt>
   <trkpt lat="50.992250000000006" lon="5.073670000000001">
    <ele>30.61</ele>
   </trkpt>
   <trkpt lat="50.99213" lon="5.07387">
    <ele>30.520000000000003</ele>
   </trkpt>
   <trkpt lat="50.9921" lon="5.074000000000001">
    <ele>30.400000000000002</ele>
   </trkpt>
   <trkpt lat="50.99194500789599" lon="5.07536000452903">
    <ele>28.470000000000002</ele>
   </trkpt>
   <trkpt lat="50.99179" lon="5.076720000000001">
    <ele>27.000000000000004</ele>
   </trkpt>
   <trkpt lat="50.9915550032626" lon="5.077600004615857">
    <ele>26.42</ele>
   </trkpt>
   <trkpt lat="50.99132" lon="5.078480000000001">
    <ele>25.970000000000002</ele>
   </trkpt>
   <trkpt lat="50.991240000000005" lon="5.0786500000000006">
    <ele>25.890000000000004</ele>
   </trkpt>
   <trkpt lat="50.990730000328774" lon="5.078960003455888">
    <ele>24.580000000000002</ele>
   </trkpt>
   <trkpt lat="50.99022" lon="5.07927">
    <ele>23.01</ele>
   </trkpt>
   <trkpt lat="50.98986000000001" lon="5.079470000000001">
    <ele>22.660000000000004</ele>
   </trkpt>
   <trkpt lat="50.98921000000001" lon="5.08016">
    <ele>21.68</ele>
   </trkpt>
   <trkpt lat="50.98873500031947" lon="5.080455003051185">
    <ele>21.07</ele>
   </trkpt>
   <trkpt lat="50.988260000000004" lon="5.08075">
    <ele>21.550000000000004</ele>
   </trkpt>
   <trkpt lat="50.98805" lon="5.08091">
    <ele>21.470000000000002</ele>
   </trkpt>
   <trkpt lat="50.987250001146975" lon="5.081430008966658">
    <ele>20.110000000000003</ele>
   </trkpt>
   <trkpt lat="50.986450000000005" lon="5.081950000000001">
    <ele>20.21</ele>
   </trkpt>
   <trkpt lat="50.986450000000005" lon="5.0819600000000005">
    <ele>20.21</ele>
   </trkpt>
   <trkpt lat="50.986200000000004" lon="5.08211">
    <ele>20.310000000000002</ele>
   </trkpt>
   <trkpt lat="50.986180000000004" lon="5.082210000000001">
    <ele>20.310000000000002</ele>
   </trkpt>
   <trkpt lat="50.98599" lon="5.08234">
    <ele>20.32</ele>
   </trkpt>
   <trkpt lat="50.985550000236444" lon="5.082615002660542">
    <ele>19.990000000000002</ele>
   </trkpt>
   <trkpt lat="50.985110000000006" lon="5.082890000000001">
    <ele>20.1</ele>
   </trkpt>
   <trkpt lat="50.98474" lon="5.083220000000001">
    <ele>20.48</ele>
   </trkpt>
   <trkpt lat="50.98453000000001" lon="5.08345">
    <ele>20.610000000000003</ele>
   </trkpt>
   <trkpt lat="50.984320000000004" lon="5.08373">
    <ele>20.67</ele>
   </trkpt>
   <trkpt lat="50.98418" lon="5.083970000000001">
    <ele>21.01</ele>
   </trkpt>
   <trkpt lat="50.98366801939495" lon="5.085036047041601">
    <ele>21.66</ele>
   </trkpt>
   <trkpt lat="50.98315602908821" lon="5.086102070569866">
    <ele>22.160000000000004</ele>
   </trkpt>
   <trkpt lat="50.98264402908016" lon="5.087168070585297">
    <ele>22.71</ele>
   </trkpt>
   <trkpt lat="50.98213201937121" lon="5.088234047088397">
    <ele>23.49</ele>
   </trkpt>
   <trkpt lat="50.98162000000001" lon="5.089300000000001">
    <ele>23.85</ele>
   </trkpt>
   <trkpt lat="50.981350000000006" lon="5.0899">
    <ele>24.32</ele>
   </trkpt>
   <trkpt lat="50.981190000000005" lon="5.0904300000000005">
    <ele>24.46</ele>
   </trkpt>
   <trkpt lat="50.98093" lon="5.0917">
    <ele>24.09</ele>
   </trkpt>
   <trkpt lat="50.980850000000004" lon="5.09302">
    <ele>23.15</ele>
   </trkpt>
   <trkpt lat="50.9808" lon="5.093450000000001">
    <ele>22.42</ele>
   </trkpt>
   <trkpt lat="50.98077000000001" lon="5.09395">
    <ele>22.150000000000002</ele>
   </trkpt>
   <trkpt lat="50.98078" lon="5.0942300000000005">
    <ele>21.93</ele>
   </trkpt>
   <trkpt lat="50.980740000000004" lon="5.09438">
    <ele>21.79</ele>
   </trkpt>
   <trkpt lat="50.98069" lon="5.095370000000001">
    <ele>21.66</ele>
   </trkpt>
   <trkpt lat="50.980145000809486" lon="5.095780004743456">
    <ele>21.150000000000002</ele>
   </trkpt>
   <trkpt lat="50.979600000000005" lon="5.09619">
    <ele>21.19</ele>
   </trkpt>
   <trkpt lat="50.97955" lon="5.09625">
    <ele>21.19</ele>
   </trkpt>
   <trkpt lat="50.97939" lon="5.09639">
    <ele>21.19</ele>
   </trkpt>
   <trkpt lat="50.979290000000006" lon="5.0965300000000004">
    <ele>20.880000000000003</ele>
   </trkpt>
   <trkpt lat="50.979000000000006" lon="5.097200000000001">
    <ele>20.66</ele>
   </trkpt>
   <trkpt lat="50.97871000490888" lon="5.0982750068033065">
    <ele>20.76</ele>
   </trkpt>
   <trkpt lat="50.97842000000001" lon="5.09935">
    <ele>21.44</ele>
   </trkpt>
   <trkpt lat="50.97838" lon="5.09933">
    <ele>21.41</ele>
   </trkpt>
   <trkpt lat="50.97829" lon="5.099640000000001">
    <ele>21.53</ele>
   </trkpt>
   <trkpt lat="50.978080000000006" lon="5.099570000000001">
    <ele>21.11</ele>
   </trkpt>
   <trkpt lat="50.977700000000006" lon="5.09933">
    <ele>20.94</ele>
   </trkpt>
   <trkpt lat="50.97731" lon="5.099010000000001">
    <ele>21.2</ele>
   </trkpt>
   <trkpt lat="50.97680500159258" lon="5.098404993456555">
    <ele>21.61</ele>
   </trkpt>
   <trkpt lat="50.9763" lon="5.0978">
    <ele>22.64</ele>
   </trkpt>
   <trkpt lat="50.97614" lon="5.09768">
    <ele>22.860000000000003</ele>
   </trkpt>
   <trkpt lat="50.975950000000005" lon="5.09762">
    <ele>23.160000000000004</ele>
   </trkpt>
   <trkpt lat="50.975770000000004" lon="5.097530000000001">
    <ele>23.37</ele>
   </trkpt>
   <trkpt lat="50.975620000000006" lon="5.0974200000000005">
    <ele>23.37</ele>
   </trkpt>
   <trkpt lat="50.975440000000006" lon="5.09722">
    <ele>23.64</ele>
   </trkpt>
   <trkpt lat="50.97486500261729" lon="5.096439990369497">
    <ele>25.290000000000003</ele>
   </trkpt>
   <trkpt lat="50.97429" lon="5.0956600000000005">
    <ele>26.230000000000004</ele>
   </trkpt>
   <trkpt lat="50.97406" lon="5.095440000000001">
    <ele>27.040000000000003</ele>
   </trkpt>
   <trkpt lat="50.97406" lon="5.095490000000001">
    <ele>27.57</ele>
   </trkpt>
   <trkpt lat="50.973650000000006" lon="5.0951">
    <ele>28.34</ele>
   </trkpt>
   <trkpt lat="50.972930000000005" lon="5.094250000000001">
    <ele>30.51</ele>
   </trkpt>
   <trkpt lat="50.97283" lon="5.0941">
    <ele>30.69</ele>
   </trkpt>
   <trkpt lat="50.97278000000001" lon="5.0940900000000005">
    <ele>30.69</ele>
   </trkpt>
   <trkpt lat="50.97274" lon="5.09402">
    <ele>30.69</ele>
   </trkpt>
   <trkpt lat="50.972480000000004" lon="5.09346">
    <ele>31.22</ele>
   </trkpt>
   <trkpt lat="50.972370000000005" lon="5.09314">
    <ele>31.42</ele>
   </trkpt>
   <trkpt lat="50.97216500240503" lon="5.0923849965631165">
    <ele>31.73</ele>
   </trkpt>
   <trkpt lat="50.97196" lon="5.09163">
    <ele>31.59</ele>
   </trkpt>
   <trkpt lat="50.971830000000004" lon="5.09126">
    <ele>31.200000000000003</ele>
   </trkpt>
   <trkpt lat="50.97166000000001" lon="5.09093">
    <ele>30.500000000000004</ele>
   </trkpt>
   <trkpt lat="50.971430000000005" lon="5.0906">
    <ele>29.59</ele>
   </trkpt>
   <trkpt lat="50.971180000000004" lon="5.090350000000001">
    <ele>28.360000000000003</ele>
   </trkpt>
   <trkpt lat="50.970890000000004" lon="5.09015">
    <ele>27.46</ele>
   </trkpt>
   <trkpt lat="50.9702700002433" lon="5.0898699962211005">
    <ele>27.160000000000004</ele>
   </trkpt>
   <trkpt lat="50.96965" lon="5.08959">
    <ele>25.880000000000003</ele>
   </trkpt>
   <trkpt lat="50.9689500005733" lon="5.089249994914824">
    <ele>23.42</ele>
   </trkpt>
   <trkpt lat="50.968250000000005" lon="5.08891">
    <ele>22.910000000000004</ele>
   </trkpt>
   <trkpt lat="50.968210000000006" lon="5.08893">
    <ele>22.910000000000004</ele>
   </trkpt>
   <trkpt lat="50.96779" lon="5.08861">
    <ele>23.07</ele>
   </trkpt>
   <trkpt lat="50.9673" lon="5.088360000000001">
    <ele>23.55</ele>
   </trkpt>
   <trkpt lat="50.967000000000006" lon="5.0882000000000005">
    <ele>23.62</ele>
   </trkpt>
   <trkpt lat="50.966620000000006" lon="5.088030000000001">
    <ele>23.590000000000003</ele>
   </trkpt>
   <trkpt lat="50.966440000000006" lon="5.0879900000000005">
    <ele>23.3</ele>
   </trkpt>
   <trkpt lat="50.966210000000004" lon="5.087980000000001">
    <ele>23.270000000000003</ele>
   </trkpt>
   <trkpt lat="50.965920000000004" lon="5.088050000000001">
    <ele>23.32</ele>
   </trkpt>
   <trkpt lat="50.965650000000004" lon="5.08818">
    <ele>23.51</ele>
   </trkpt>
   <trkpt lat="50.964856668804124" lon="5.088680017075413">
    <ele>23.080000000000002</ele>
   </trkpt>
   <trkpt lat="50.964063335473625" lon="5.0891800170732555">
    <ele>22.740000000000002</ele>
   </trkpt>
   <trkpt lat="50.96327" lon="5.08968">
    <ele>22.47</ele>
   </trkpt>
   <trkpt lat="50.96294" lon="5.08987">
    <ele>22.340000000000003</ele>
   </trkpt>
   <trkpt lat="50.962650000000004" lon="5.089980000000001">
    <ele>22.340000000000003</ele>
   </trkpt>
   <trkpt lat="50.9624" lon="5.08997">
    <ele>22.35</ele>
   </trkpt>
   <trkpt lat="50.96231" lon="5.08994">
    <ele>22.3</ele>
   </trkpt>
   <trkpt lat="50.96228000000001" lon="5.08994">
    <ele>22.29</ele>
   </trkpt>
   <trkpt lat="50.962050000000005" lon="5.08985">
    <ele>22.070000000000004</ele>
   </trkpt>
   <trkpt lat="50.96150000032105" lon="5.089549996414172">
    <ele>22.03</ele>
   </trkpt>
   <trkpt lat="50.960950000000004" lon="5.089250000000001">
    <ele>22.79</ele>
   </trkpt>
   <trkpt lat="50.96096000000001" lon="5.089180000000001">
    <ele>22.79</ele>
   </trkpt>
   <trkpt lat="50.960770000000004" lon="5.08903">
    <ele>23.03</ele>
   </trkpt>
   <trkpt lat="50.96056" lon="5.08877">
    <ele>23.4</ele>
   </trkpt>
   <trkpt lat="50.96059" lon="5.088690000000001">
    <ele>23.4</ele>
   </trkpt>
   <trkpt lat="50.960370000000005" lon="5.08826">
    <ele>23.22</ele>
   </trkpt>
   <trkpt lat="50.960280000000004" lon="5.088050000000001">
    <ele>23.380000000000003</ele>
   </trkpt>
   <trkpt lat="50.960080000000005" lon="5.08769">
    <ele>24.110000000000003</ele>
   </trkpt>
   <trkpt lat="50.95991" lon="5.08729">
    <ele>25.39</ele>
   </trkpt>
   <trkpt lat="50.95991" lon="5.08715">
    <ele>25.39</ele>
   </trkpt>
   <trkpt lat="50.95998" lon="5.08701">
    <ele>25.710000000000004</ele>
   </trkpt>
   <trkpt lat="50.959900000000005" lon="5.0869100000000005">
    <ele>25.710000000000004</ele>
   </trkpt>
   <trkpt lat="50.95998" lon="5.08675">
    <ele>25.880000000000003</ele>
   </trkpt>
   <trkpt lat="50.95991" lon="5.086650000000001">
    <ele>25.980000000000004</ele>
   </trkpt>
   <trkpt lat="50.95982000000001" lon="5.086810000000001">
    <ele>26.19</ele>
   </trkpt>
   <trkpt lat="50.959500000000006" lon="5.08626">
    <ele>26.160000000000004</ele>
   </trkpt>
   <trkpt lat="50.95913" lon="5.085540000000001">
    <ele>27.330000000000002</ele>
   </trkpt>
   <trkpt lat="50.95904" lon="5.08542">
    <ele>28.3</ele>
   </trkpt>
   <trkpt lat="50.95899000000001" lon="5.085400000000001">
    <ele>28.3</ele>
   </trkpt>
   <trkpt lat="50.95890000000001" lon="5.085470000000001">
    <ele>28.470000000000002</ele>
   </trkpt>
   <trkpt lat="50.95849500205972" lon="5.086165006061869">
    <ele>29.01</ele>
   </trkpt>
   <trkpt lat="50.958090000000006" lon="5.086860000000001">
    <ele>29.01</ele>
   </trkpt>
   <trkpt lat="50.95759" lon="5.08758">
    <ele>28.380000000000003</ele>
   </trkpt>
   <trkpt lat="50.95689000328181" lon="5.088455013164549">
    <ele>27.560000000000002</ele>
   </trkpt>
   <trkpt lat="50.95619000000001" lon="5.08933">
    <ele>26.500000000000004</ele>
   </trkpt>
   <trkpt lat="50.955770001176276" lon="5.089865004893591">
    <ele>25.880000000000003</ele>
   </trkpt>
   <trkpt lat="50.95535" lon="5.090400000000001">
    <ele>25.650000000000002</ele>
   </trkpt>
   <trkpt lat="50.95519" lon="5.09058">
    <ele>25.94</ele>
   </trkpt>
   <trkpt lat="50.95487000000001" lon="5.09079">
    <ele>26.76</ele>
   </trkpt>
   <trkpt lat="50.9546150025146" lon="5.090024995850463">
    <ele>26.320000000000004</ele>
   </trkpt>
   <trkpt lat="50.95436" lon="5.08926">
    <ele>27.810000000000002</ele>
   </trkpt>
   <trkpt lat="50.95398" lon="5.08997">
    <ele>25.800000000000004</ele>
   </trkpt>
   <trkpt lat="50.95349500587772" lon="5.091140012129706">
    <ele>26.070000000000004</ele>
   </trkpt>
   <trkpt lat="50.953010000000006" lon="5.09231">
    <ele>26.51</ele>
   </trkpt>
   <trkpt lat="50.952870000000004" lon="5.0922">
    <ele>26.53</ele>
   </trkpt>
   <trkpt lat="50.952740000000006" lon="5.0922">
    <ele>26.53</ele>
   </trkpt>
   <trkpt lat="50.952540000000006" lon="5.092250000000001">
    <ele>26.680000000000003</ele>
   </trkpt>
   <trkpt lat="50.951765000614195" lon="5.092645006613055">
    <ele>27.180000000000003</ele>
   </trkpt>
   <trkpt lat="50.950990000000004" lon="5.09304">
    <ele>27.8</ele>
   </trkpt>
   <trkpt lat="50.95028000000001" lon="5.093100000000001">
    <ele>28.89</ele>
   </trkpt>
   <trkpt lat="50.94984" lon="5.0930800000000005">
    <ele>29.07</ele>
   </trkpt>
   <trkpt lat="50.94895" lon="5.093000000000001">
    <ele>29.630000000000003</ele>
   </trkpt>
   <trkpt lat="50.948780000000006" lon="5.093000000000001">
    <ele>29.720000000000002</ele>
   </trkpt>
   <trkpt lat="50.94856000000001" lon="5.093030000000001">
    <ele>30.0</ele>
   </trkpt>
   <trkpt lat="50.94836" lon="5.0930800000000005">
    <ele>30.0</ele>
   </trkpt>
   <trkpt lat="50.94760750214645" lon="5.093490019915217">
    <ele>30.310000000000002</ele>
   </trkpt>
   <trkpt lat="50.94685500285736" lon="5.093900026555576">
    <ele>30.140000000000004</ele>
   </trkpt>
   <trkpt lat="50.94610250213282" lon="5.094310019921836">
    <ele>29.380000000000003</ele>
   </trkpt>
   <trkpt lat="50.945350000000005" lon="5.094720000000001">
    <ele>28.630000000000003</ele>
   </trkpt>
   <trkpt lat="50.94507" lon="5.094950000000001">
    <ele>28.35</ele>
   </trkpt>
   <trkpt lat="50.94458000081765" lon="5.095405004857305">
    <ele>27.85</ele>
   </trkpt>
   <trkpt lat="50.94409" lon="5.09586">
    <ele>27.26</ele>
   </trkpt>
   <trkpt lat="50.94365000076842" lon="5.0962550036466165">
    <ele>26.96</ele>
   </trkpt>
   <trkpt lat="50.94321000000001" lon="5.09665">
    <ele>26.72</ele>
   </trkpt>
   <trkpt lat="50.942730000000005" lon="5.0970200000000006">
    <ele>26.950000000000003</ele>
   </trkpt>
   <trkpt lat="50.942620000000005" lon="5.0971">
    <ele>26.950000000000003</ele>
   </trkpt>
   <trkpt lat="50.9421" lon="5.09734">
    <ele>27.42</ele>
   </trkpt>
   <trkpt lat="50.941375000283934" lon="5.09757500364882">
    <ele>28.17</ele>
   </trkpt>
   <trkpt lat="50.940650000000005" lon="5.097810000000001">
    <ele>28.720000000000002</ele>
   </trkpt>
   <trkpt lat="50.94008" lon="5.097980000000001">
    <ele>29.290000000000003</ele>
   </trkpt>
   <trkpt lat="50.93948" lon="5.0982400000000005">
    <ele>29.48</ele>
   </trkpt>
   <trkpt lat="50.938920000420865" lon="5.098590004279081">
    <ele>29.030000000000005</ele>
   </trkpt>
   <trkpt lat="50.93836" lon="5.098940000000001">
    <ele>28.3</ele>
   </trkpt>
   <trkpt lat="50.937820000547816" lon="5.099275003847732">
    <ele>27.290000000000003</ele>
   </trkpt>
   <trkpt lat="50.93728" lon="5.09961">
    <ele>26.6</ele>
   </trkpt>
   <trkpt lat="50.93695" lon="5.09977">
    <ele>26.87</ele>
   </trkpt>
   <trkpt lat="50.936780000000006" lon="5.09928">
    <ele>26.94</ele>
   </trkpt>
   <trkpt lat="50.93668" lon="5.09935">
    <ele>26.17</ele>
   </trkpt>
   <trkpt lat="50.936240000000005" lon="5.09945">
    <ele>25.080000000000002</ele>
   </trkpt>
   <trkpt lat="50.93547" lon="5.099480000000001">
    <ele>23.970000000000002</ele>
   </trkpt>
   <trkpt lat="50.93518" lon="5.09951">
    <ele>23.85</ele>
   </trkpt>
   <trkpt lat="50.934670000000004" lon="5.09959">
    <ele>23.770000000000003</ele>
   </trkpt>
   <trkpt lat="50.93421000000001" lon="5.099710000000001">
    <ele>23.62</ele>
   </trkpt>
   <trkpt lat="50.93359500033181" lon="5.0999800035614005">
    <ele>24.01</ele>
   </trkpt>
   <trkpt lat="50.93298000000001" lon="5.100250000000001">
    <ele>24.55</ele>
   </trkpt>
   <trkpt lat="50.932410000000004" lon="5.100420000000001">
    <ele>25.01</ele>
   </trkpt>
   <trkpt lat="50.93185499994345" lon="5.100535001395704">
    <ele>25.370000000000005</ele>
   </trkpt>
   <trkpt lat="50.93130000000001" lon="5.100650000000001">
    <ele>25.66</ele>
   </trkpt>
   <trkpt lat="50.931110000000004" lon="5.10071">
    <ele>25.740000000000002</ele>
   </trkpt>
   <trkpt lat="50.930620000000005" lon="5.1009400000000005">
    <ele>25.810000000000002</ele>
   </trkpt>
   <trkpt lat="50.930020000000006" lon="5.10135">
    <ele>26.19</ele>
   </trkpt>
   <trkpt lat="50.929540007042085" lon="5.100443314661308">
    <ele>25.210000000000004</ele>
   </trkpt>
   <trkpt lat="50.92906000706346" lon="5.099536648035319">
    <ele>25.42</ele>
   </trkpt>
   <trkpt lat="50.928580000000004" lon="5.09863">
    <ele>25.78</ele>
   </trkpt>
   <trkpt lat="50.928580000000004" lon="5.09862">
    <ele>25.78</ele>
   </trkpt>
   <trkpt lat="50.92841000000001" lon="5.09829">
    <ele>25.880000000000003</ele>
   </trkpt>
   <trkpt lat="50.928270000000005" lon="5.098000000000001">
    <ele>26.060000000000002</ele>
   </trkpt>
   <trkpt lat="50.928090000000005" lon="5.09743">
    <ele>25.880000000000003</ele>
   </trkpt>
   <trkpt lat="50.92783251281803" lon="5.096429983421234">
    <ele>25.61</ele>
   </trkpt>
   <trkpt lat="50.92757501709541" lon="5.095429977913486">
    <ele>25.380000000000003</ele>
   </trkpt>
   <trkpt lat="50.92731751283225" lon="5.0944299834769">
    <ele>25.11</ele>
   </trkpt>
   <trkpt lat="50.927060000000004" lon="5.093430000000001">
    <ele>24.790000000000003</ele>
   </trkpt>
   <trkpt lat="50.92699" lon="5.092930000000001">
    <ele>24.630000000000003</ele>
   </trkpt>
   <trkpt lat="50.92701" lon="5.09161">
    <ele>24.6</ele>
   </trkpt>
   <trkpt lat="50.926950000000005" lon="5.09137">
    <ele>24.6</ele>
   </trkpt>
   <trkpt lat="50.92660000000001" lon="5.09079">
    <ele>24.94</ele>
   </trkpt>
   <trkpt lat="50.92654" lon="5.090660000000001">
    <ele>24.94</ele>
   </trkpt>
   <trkpt lat="50.92649" lon="5.09048">
    <ele>24.990000000000002</ele>
   </trkpt>
   <trkpt lat="50.926395002911036" lon="5.0896549983547565">
    <ele>24.96</ele>
   </trkpt>
   <trkpt lat="50.926300000000005" lon="5.088830000000001">
    <ele>25.150000000000002</ele>
   </trkpt>
   <trkpt lat="50.92609" lon="5.08785">
    <ele>25.35</ele>
   </trkpt>
   <trkpt lat="50.926" lon="5.087160000000001">
    <ele>25.35</ele>
   </trkpt>
   <trkpt lat="50.925940000000004" lon="5.0869100000000005">
    <ele>25.560000000000002</ele>
   </trkpt>
   <trkpt lat="50.92586000000001" lon="5.08663">
    <ele>25.560000000000002</ele>
   </trkpt>
   <trkpt lat="50.92568000000001" lon="5.086150000000001">
    <ele>25.61</ele>
   </trkpt>
   <trkpt lat="50.92530000000001" lon="5.0852200000000005">
    <ele>25.290000000000003</ele>
   </trkpt>
   <trkpt lat="50.925160000000005" lon="5.08481">
    <ele>25.240000000000002</ele>
   </trkpt>
   <trkpt lat="50.92494000000001" lon="5.0840000000000005">
    <ele>24.860000000000003</ele>
   </trkpt>
   <trkpt lat="50.92465000000001" lon="5.0833200000000005">
    <ele>24.900000000000002</ele>
   </trkpt>
   <trkpt lat="50.92448" lon="5.08312">
    <ele>24.87</ele>
   </trkpt>
   <trkpt lat="50.924290000000006" lon="5.08295">
    <ele>24.85</ele>
   </trkpt>
   <trkpt lat="50.92412" lon="5.08276">
    <ele>24.85</ele>
   </trkpt>
   <trkpt lat="50.92391000000001" lon="5.082450000000001">
    <ele>24.93</ele>
   </trkpt>
   <trkpt lat="50.92349500236061" lon="5.081709993438599">
    <ele>24.84</ele>
   </trkpt>
   <trkpt lat="50.923080000000006" lon="5.080970000000001">
    <ele>25.27</ele>
   </trkpt>
   <trkpt lat="50.9226" lon="5.08037">
    <ele>25.36</ele>
   </trkpt>
   <trkpt lat="50.92211" lon="5.0796">
    <ele>25.730000000000004</ele>
   </trkpt>
   <trkpt lat="50.92193" lon="5.07925">
    <ele>25.640000000000004</ele>
   </trkpt>
   <trkpt lat="50.92184" lon="5.0789800000000005">
    <ele>25.640000000000004</ele>
   </trkpt>
   <trkpt lat="50.921710000000004" lon="5.07866">
    <ele>25.740000000000002</ele>
   </trkpt>
   <trkpt lat="50.92154000000001" lon="5.078390000000001">
    <ele>25.76</ele>
   </trkpt>
   <trkpt lat="50.9213" lon="5.07812">
    <ele>25.890000000000004</ele>
   </trkpt>
   <trkpt lat="50.92097500130791" lon="5.077614996812605">
    <ele>25.92</ele>
   </trkpt>
   <trkpt lat="50.92065" lon="5.07711">
    <ele>25.970000000000002</ele>
   </trkpt>
   <trkpt lat="50.92051000000001" lon="5.076960000000001">
    <ele>26.04</ele>
   </trkpt>
   <trkpt lat="50.9204" lon="5.076890000000001">
    <ele>26.04</ele>
   </trkpt>
   <trkpt lat="50.920120000000004" lon="5.0768">
    <ele>26.2</ele>
   </trkpt>
   <trkpt lat="50.92" lon="5.07673">
    <ele>26.2</ele>
   </trkpt>
   <trkpt lat="50.919990000000006" lon="5.07673">
    <ele>26.2</ele>
   </trkpt>
   <trkpt lat="50.919940000000004" lon="5.0766800000000005">
    <ele>26.2</ele>
   </trkpt>
   <trkpt lat="50.919790000000006" lon="5.0764700000000005">
    <ele>26.3</ele>
   </trkpt>
   <trkpt lat="50.919470000000004" lon="5.07591">
    <ele>26.78</ele>
   </trkpt>
   <trkpt lat="50.9194" lon="5.07584">
    <ele>27.930000000000003</ele>
   </trkpt>
   <trkpt lat="50.919250000000005" lon="5.075740000000001">
    <ele>27.930000000000003</ele>
   </trkpt>
   <trkpt lat="50.91917" lon="5.0758600000000005">
    <ele>28.020000000000003</ele>
   </trkpt>
   <trkpt lat="50.91852" lon="5.076230000000001">
    <ele>29.900000000000002</ele>
   </trkpt>
   <trkpt lat="50.91789000062222" lon="5.076555004311783">
    <ele>32.38</ele>
   </trkpt>
   <trkpt lat="50.917260000000006" lon="5.07688">
    <ele>34.77</ele>
   </trkpt>
   <trkpt lat="50.916810000000005" lon="5.07718">
    <ele>37.43000000000001</ele>
   </trkpt>
   <trkpt lat="50.91648000000001" lon="5.07746">
    <ele>39.41</ele>
   </trkpt>
   <trkpt lat="50.915760004763094" lon="5.078206689769589">
    <ele>42.93</ele>
   </trkpt>
   <trkpt lat="50.9150400047642" lon="5.078953356434627">
    <ele>45.17</ele>
   </trkpt>
   <trkpt lat="50.914320000000004" lon="5.079700000000001">
    <ele>46.46</ele>
   </trkpt>
   <trkpt lat="50.913665010108105" lon="5.080388381780062">
    <ele>47.64</ele>
   </trkpt>
   <trkpt lat="50.91301001616885" lon="5.081076744184318">
    <ele>49.57</ele>
   </trkpt>
   <trkpt lat="50.912355018182396" lon="5.081765087213651">
    <ele>50.660000000000004</ele>
   </trkpt>
   <trkpt lat="50.91170001614898" lon="5.082453410868936">
    <ele>50.93</ele>
   </trkpt>
   <trkpt lat="50.9110450100688" lon="5.0831417151510525">
    <ele>51.56</ele>
   </trkpt>
   <trkpt lat="50.91039000000001" lon="5.083830000000001">
    <ele>52.0</ele>
   </trkpt>
   <trkpt lat="50.90995000072853" lon="5.084275004325076">
    <ele>51.54</ele>
   </trkpt>
   <trkpt lat="50.909510000000004" lon="5.084720000000001">
    <ele>50.06000000000001</ele>
   </trkpt>
   <trkpt lat="50.90877000146636" lon="5.085300009197255">
    <ele>47.42</ele>
   </trkpt>
   <trkpt lat="50.908030000000004" lon="5.08588">
    <ele>45.77</ele>
   </trkpt>
   <trkpt lat="50.90802000000001" lon="5.08589">
    <ele>45.77</ele>
   </trkpt>
   <trkpt lat="50.907250000000005" lon="5.0865100000000005">
    <ele>45.32000000000001</ele>
   </trkpt>
   <trkpt lat="50.90715" lon="5.0865100000000005">
    <ele>45.53</ele>
   </trkpt>
   <trkpt lat="50.907090000000004" lon="5.08647">
    <ele>45.53</ele>
   </trkpt>
   <trkpt lat="50.907030000000006" lon="5.08701">
    <ele>45.050000000000004</ele>
   </trkpt>
   <trkpt lat="50.907040002308285" lon="5.087744999918141">
    <ele>45.13</ele>
   </trkpt>
   <trkpt lat="50.907050000000005" lon="5.088480000000001">
    <ele>45.38</ele>
   </trkpt>
   <trkpt lat="50.907090000000004" lon="5.08914">
    <ele>45.470000000000006</ele>
   </trkpt>
   <trkpt lat="50.90715" lon="5.089740000000001">
    <ele>45.230000000000004</ele>
   </trkpt>
   <trkpt lat="50.90715" lon="5.089910000000001">
    <ele>44.800000000000004</ele>
   </trkpt>
   <trkpt lat="50.906865003211166" lon="5.090775005248489">
    <ele>44.13</ele>
   </trkpt>
   <trkpt lat="50.906580000000005" lon="5.091640000000001">
    <ele>43.940000000000005</ele>
   </trkpt>
   <trkpt lat="50.906455002627716" lon="5.092420001911664">
    <ele>44.56</ele>
   </trkpt>
   <trkpt lat="50.906330000000004" lon="5.0932">
    <ele>45.660000000000004</ele>
   </trkpt>
   <trkpt lat="50.90621" lon="5.093500000000001">
    <ele>47.02</ele>
   </trkpt>
   <trkpt lat="50.90612" lon="5.0936">
    <ele>47.02</ele>
   </trkpt>
   <trkpt lat="50.905550000000005" lon="5.09395">
    <ele>49.230000000000004</ele>
   </trkpt>
   <trkpt lat="50.90511500038307" lon="5.094200002269231">
    <ele>50.29</ele>
   </trkpt>
   <trkpt lat="50.904680000000006" lon="5.09445">
    <ele>50.68</ele>
   </trkpt>
   <trkpt lat="50.904230000000005" lon="5.094760000000001">
    <ele>50.7</ele>
   </trkpt>
   <trkpt lat="50.903780000000005" lon="5.09513">
    <ele>50.86</ele>
   </trkpt>
   <trkpt lat="50.90372000000001" lon="5.09524">
    <ele>50.910000000000004</ele>
   </trkpt>
   <trkpt lat="50.903710000000004" lon="5.095350000000001">
    <ele>50.910000000000004</ele>
   </trkpt>
   <trkpt lat="50.903760000000005" lon="5.09553">
    <ele>50.86</ele>
   </trkpt>
   <trkpt lat="50.90384" lon="5.09569">
    <ele>50.89</ele>
   </trkpt>
   <trkpt lat="50.903470000000006" lon="5.096150000000001">
    <ele>50.52</ele>
   </trkpt>
   <trkpt lat="50.90321" lon="5.0965300000000004">
    <ele>50.31000000000001</ele>
   </trkpt>
   <trkpt lat="50.902890000000006" lon="5.096900000000001">
    <ele>49.93</ele>
   </trkpt>
   <trkpt lat="50.90258000000001" lon="5.0971">
    <ele>49.78</ele>
   </trkpt>
   <trkpt lat="50.90205" lon="5.0974900000000005">
    <ele>49.940000000000005</ele>
   </trkpt>
   <trkpt lat="50.90162" lon="5.09785">
    <ele>49.480000000000004</ele>
   </trkpt>
   <trkpt lat="50.90158" lon="5.09794">
    <ele>49.160000000000004</ele>
   </trkpt>
   <trkpt lat="50.90157000000001" lon="5.09804">
    <ele>49.160000000000004</ele>
   </trkpt>
   <trkpt lat="50.90158" lon="5.098190000000001">
    <ele>49.160000000000004</ele>
   </trkpt>
   <trkpt lat="50.90166000000001" lon="5.0986">
    <ele>47.720000000000006</ele>
   </trkpt>
   <trkpt lat="50.902" lon="5.0997200000000005">
    <ele>45.82000000000001</ele>
   </trkpt>
   <trkpt lat="50.902" lon="5.0997900000000005">
    <ele>45.82000000000001</ele>
   </trkpt>
   <trkpt lat="50.90194" lon="5.09994">
    <ele>45.08</ele>
   </trkpt>
   <trkpt lat="50.9014850017124" lon="5.100580006306313">
    <ele>41.010000000000005</ele>
   </trkpt>
   <trkpt lat="50.901030000000006" lon="5.1012200000000005">
    <ele>38.330000000000005</ele>
   </trkpt>
   <trkpt lat="50.900450000000006" lon="5.101990000000001">
    <ele>35.82000000000001</ele>
   </trkpt>
   <trkpt lat="50.899840000000005" lon="5.1028400000000005">
    <ele>34.59</ele>
   </trkpt>
   <trkpt lat="50.89969000000001" lon="5.103090000000001">
    <ele>34.59</ele>
   </trkpt>
   <trkpt lat="50.89954" lon="5.103280000000001">
    <ele>34.080000000000005</ele>
   </trkpt>
   <trkpt lat="50.89934" lon="5.10336">
    <ele>33.65</ele>
   </trkpt>
   <trkpt lat="50.899150000000006" lon="5.10346">
    <ele>33.300000000000004</ele>
   </trkpt>
   <trkpt lat="50.89878" lon="5.10371">
    <ele>33.190000000000005</ele>
   </trkpt>
   <trkpt lat="50.89869" lon="5.1034500000000005">
    <ele>32.449999999999996</ele>
   </trkpt>
   <trkpt lat="50.89853" lon="5.10315">
    <ele>32.53</ele>
   </trkpt>
   <trkpt lat="50.89829" lon="5.103070000000001">
    <ele>32.79</ele>
   </trkpt>
   <trkpt lat="50.897735000138624" lon="5.102949998586471">
    <ele>34.260000000000005</ele>
   </trkpt>
   <trkpt lat="50.897180000000006" lon="5.10283">
    <ele>36.21000000000001</ele>
   </trkpt>
   <trkpt lat="50.89707000000001" lon="5.102790000000001">
    <ele>36.32000000000001</ele>
   </trkpt>
   <trkpt lat="50.89717" lon="5.1025100000000005">
    <ele>36.92</ele>
   </trkpt>
   <trkpt lat="50.89707000000001" lon="5.102790000000001">
    <ele>36.32000000000001</ele>
   </trkpt>
   <trkpt lat="50.896390000000004" lon="5.10233">
    <ele>35.190000000000005</ele>
   </trkpt>
   <trkpt lat="50.895790000000005" lon="5.10184">
    <ele>36.08</ele>
   </trkpt>
   <trkpt lat="50.89509" lon="5.10132">
    <ele>37.07000000000001</ele>
   </trkpt>
   <trkpt lat="50.89477" lon="5.101050000000001">
    <ele>37.27</ele>
   </trkpt>
   <trkpt lat="50.8945" lon="5.10078">
    <ele>37.3</ele>
   </trkpt>
   <trkpt lat="50.894110000851455" lon="5.10033499628">
    <ele>37.18000000000001</ele>
   </trkpt>
   <trkpt lat="50.89372" lon="5.09989">
    <ele>37.36000000000001</ele>
   </trkpt>
   <trkpt lat="50.89334" lon="5.099710000000001">
    <ele>37.480000000000004</ele>
   </trkpt>
   <trkpt lat="50.892795000452935" lon="5.099374996063739">
    <ele>37.64</ele>
   </trkpt>
   <trkpt lat="50.892250000000004" lon="5.0990400000000005">
    <ele>37.970000000000006</ele>
   </trkpt>
   <trkpt lat="50.89169666851196" lon="5.098576655667375">
    <ele>38.35</ele>
   </trkpt>
   <trkpt lat="50.89114333518993" lon="5.09811332234368">
    <ele>38.75</ele>
   </trkpt>
   <trkpt lat="50.89059" lon="5.097650000000001">
    <ele>38.73</ele>
   </trkpt>
   <trkpt lat="50.89017500035415" lon="5.097284996559011">
    <ele>38.45</ele>
   </trkpt>
   <trkpt lat="50.88976" lon="5.096920000000001">
    <ele>38.3</ele>
   </trkpt>
   <trkpt lat="50.88975000000001" lon="5.09691">
    <ele>38.3</ele>
   </trkpt>
   <trkpt lat="50.88956" lon="5.09675">
    <ele>38.2</ele>
   </trkpt>
   <trkpt lat="50.88922" lon="5.096290000000001">
    <ele>38.64</ele>
   </trkpt>
   <trkpt lat="50.889100000000006" lon="5.096100000000001">
    <ele>38.71</ele>
   </trkpt>
   <trkpt lat="50.88859" lon="5.0950500000000005">
    <ele>37.98</ele>
   </trkpt>
   <trkpt lat="50.888360000000006" lon="5.09445">
    <ele>37.790000000000006</ele>
   </trkpt>
   <trkpt lat="50.88801" lon="5.09456">
    <ele>37.06</ele>
   </trkpt>
   <trkpt lat="50.887570000000004" lon="5.09473">
    <ele>35.69</ele>
   </trkpt>
   <trkpt lat="50.88738000000001" lon="5.09487">
    <ele>35.69</ele>
   </trkpt>
   <trkpt lat="50.88674000154317" lon="5.095500008804961">
    <ele>34.63</ele>
   </trkpt>
   <trkpt lat="50.886100000000006" lon="5.0961300000000005">
    <ele>34.42000000000001</ele>
   </trkpt>
   <trkpt lat="50.88546" lon="5.0967400000000005">
    <ele>34.59</ele>
   </trkpt>
   <trkpt lat="50.885220000000004" lon="5.097040000000001">
    <ele>35.10000000000001</ele>
   </trkpt>
   <trkpt lat="50.885160000000006" lon="5.09679">
    <ele>34.980000000000004</ele>
   </trkpt>
   <trkpt lat="50.8850400027526" lon="5.095984997822599">
    <ele>34.96</ele>
   </trkpt>
   <trkpt lat="50.88492" lon="5.09518">
    <ele>35.46000000000001</ele>
   </trkpt>
   <trkpt lat="50.88468" lon="5.0941600000000005">
    <ele>35.79</ele>
   </trkpt>
   <trkpt lat="50.88448" lon="5.094150000000001">
    <ele>35.72</ele>
   </trkpt>
   <trkpt lat="50.884150000000005" lon="5.094060000000001">
    <ele>35.78000000000001</ele>
   </trkpt>
   <trkpt lat="50.883810000000004" lon="5.09393">
    <ele>36.34</ele>
   </trkpt>
   <trkpt lat="50.88304" lon="5.093590000000001">
    <ele>37.49</ele>
   </trkpt>
   <trkpt lat="50.88282" lon="5.093540000000001">
    <ele>37.720000000000006</ele>
   </trkpt>
   <trkpt lat="50.88208" lon="5.093540000000001">
    <ele>37.32000000000001</ele>
   </trkpt>
   <trkpt lat="50.88153000015186" lon="5.093459999073779">
    <ele>36.49</ele>
   </trkpt>
   <trkpt lat="50.88098" lon="5.093380000000001">
    <ele>35.72</ele>
   </trkpt>
   <trkpt lat="50.880210000000005" lon="5.09332">
    <ele>34.96</ele>
   </trkpt>
   <trkpt lat="50.8802" lon="5.09332">
    <ele>34.96</ele>
   </trkpt>
   <trkpt lat="50.88008000000001" lon="5.0932900000000005">
    <ele>34.96</ele>
   </trkpt>
   <trkpt lat="50.879920000000006" lon="5.09321">
    <ele>34.81</ele>
   </trkpt>
   <trkpt lat="50.879380000000005" lon="5.0929">
    <ele>34.4</ele>
   </trkpt>
   <trkpt lat="50.8791" lon="5.092820000000001">
    <ele>34.230000000000004</ele>
   </trkpt>
   <trkpt lat="50.878870000000006" lon="5.09283">
    <ele>34.2</ele>
   </trkpt>
   <trkpt lat="50.87827000000001" lon="5.09316">
    <ele>33.010000000000005</ele>
   </trkpt>
   <trkpt lat="50.878150000000005" lon="5.093170000000001">
    <ele>32.92</ele>
   </trkpt>
   <trkpt lat="50.877700000000004" lon="5.0931500000000005">
    <ele>33.09</ele>
   </trkpt>
   <trkpt lat="50.8776" lon="5.0922600000000005">
    <ele>33.32</ele>
   </trkpt>
   <trkpt lat="50.877520000000004" lon="5.09194">
    <ele>33.440000000000005</ele>
   </trkpt>
   <trkpt lat="50.877370000000006" lon="5.091600000000001">
    <ele>33.440000000000005</ele>
   </trkpt>
   <trkpt lat="50.87685500182894" lon="5.090939992665387">
    <ele>33.68</ele>
   </trkpt>
   <trkpt lat="50.876340000000006" lon="5.090280000000001">
    <ele>34.010000000000005</ele>
   </trkpt>
   <trkpt lat="50.876050000000006" lon="5.09001">
    <ele>34.010000000000005</ele>
   </trkpt>
   <trkpt lat="50.8757" lon="5.0898200000000005">
    <ele>33.96</ele>
   </trkpt>
   <trkpt lat="50.875550000000004" lon="5.089770000000001">
    <ele>33.96</ele>
   </trkpt>
   <trkpt lat="50.87525" lon="5.089740000000001">
    <ele>33.830000000000005</ele>
   </trkpt>
   <trkpt lat="50.87501" lon="5.08976">
    <ele>33.81</ele>
   </trkpt>
   <trkpt lat="50.87480000000001" lon="5.0898200000000005">
    <ele>33.67</ele>
   </trkpt>
   <trkpt lat="50.87458" lon="5.089930000000001">
    <ele>33.56</ele>
   </trkpt>
   <trkpt lat="50.873960000000004" lon="5.090310000000001">
    <ele>32.86</ele>
   </trkpt>
   <trkpt lat="50.873205004787586" lon="5.09078337166945">
    <ele>32.36</ele>
   </trkpt>
   <trkpt lat="50.872450007660724" lon="5.091256728002836">
    <ele>31.650000000000002</ele>
   </trkpt>
   <trkpt lat="50.871695008619504" lon="5.091730069001028">
    <ele>31.01</ele>
   </trkpt>
   <trkpt lat="50.87094000766407" lon="5.092203394664895">
    <ele>30.310000000000002</ele>
   </trkpt>
   <trkpt lat="50.87018500479451" lon="5.092676704995312">
    <ele>29.52</ele>
   </trkpt>
   <trkpt lat="50.86943" lon="5.0931500000000005">
    <ele>29.07</ele>
   </trkpt>
   <trkpt lat="50.86889000000001" lon="5.09349">
    <ele>29.09</ele>
   </trkpt>
   <trkpt lat="50.86856" lon="5.09372">
    <ele>29.02</ele>
   </trkpt>
   <trkpt lat="50.868390000000005" lon="5.09386">
    <ele>29.040000000000003</ele>
   </trkpt>
   <trkpt lat="50.86773" lon="5.09475">
    <ele>29.07</ele>
   </trkpt>
   <trkpt lat="50.86715000628121" lon="5.0956066879674795">
    <ele>29.060000000000002</ele>
   </trkpt>
   <trkpt lat="50.8665700062918" lon="5.096463354618105">
    <ele>28.900000000000002</ele>
   </trkpt>
   <trkpt lat="50.865990000000004" lon="5.097320000000001">
    <ele>28.57</ele>
   </trkpt>
   <trkpt lat="50.86538" lon="5.09822">
    <ele>28.720000000000002</ele>
   </trkpt>
   <trkpt lat="50.86497500143403" lon="5.09880000504299">
    <ele>28.580000000000002</ele>
   </trkpt>
   <trkpt lat="50.86457000000001" lon="5.09938">
    <ele>28.98</ele>
   </trkpt>
   <trkpt lat="50.864450000000005" lon="5.099410000000001">
    <ele>28.98</ele>
   </trkpt>
   <trkpt lat="50.864430000000006" lon="5.09961">
    <ele>28.87</ele>
   </trkpt>
   <trkpt lat="50.8640700012884" lon="5.100185004638126">
    <ele>28.430000000000003</ele>
   </trkpt>
   <trkpt lat="50.863710000000005" lon="5.10076">
    <ele>28.16</ele>
   </trkpt>
   <trkpt lat="50.86339000107922" lon="5.101260003414308">
    <ele>27.57</ele>
   </trkpt>
   <trkpt lat="50.86307000000001" lon="5.1017600000000005">
    <ele>27.250000000000004</ele>
   </trkpt>
   <trkpt lat="50.86301" lon="5.101940000000001">
    <ele>27.250000000000004</ele>
   </trkpt>
   <trkpt lat="50.86298000000001" lon="5.102080000000001">
    <ele>27.250000000000004</ele>
   </trkpt>
   <trkpt lat="50.86296" lon="5.102410000000001">
    <ele>27.250000000000004</ele>
   </trkpt>
   <trkpt lat="50.863020000000006" lon="5.1027700000000005">
    <ele>26.740000000000002</ele>
   </trkpt>
   <trkpt lat="50.86309000000001" lon="5.10296">
    <ele>26.740000000000002</ele>
   </trkpt>
   <trkpt lat="50.8633" lon="5.103370000000001">
    <ele>26.680000000000003</ele>
   </trkpt>
   <trkpt lat="50.86366" lon="5.10407">
    <ele>26.64</ele>
   </trkpt>
   <trkpt lat="50.86377" lon="5.104220000000001">
    <ele>26.64</ele>
   </trkpt>
   <trkpt lat="50.86381" lon="5.1043">
    <ele>26.64</ele>
   </trkpt>
   <trkpt lat="50.86383000000001" lon="5.10435">
    <ele>26.69</ele>
   </trkpt>
   <trkpt lat="50.86383000000001" lon="5.10446">
    <ele>26.69</ele>
   </trkpt>
   <trkpt lat="50.863800000000005" lon="5.10458">
    <ele>26.69</ele>
   </trkpt>
   <trkpt lat="50.86357" lon="5.10489">
    <ele>26.62</ele>
   </trkpt>
   <trkpt lat="50.86343" lon="5.10515">
    <ele>26.6</ele>
   </trkpt>
   <trkpt lat="50.86338000000001" lon="5.105300000000001">
    <ele>26.6</ele>
   </trkpt>
   <trkpt lat="50.86337" lon="5.105390000000001">
    <ele>26.8</ele>
   </trkpt>
   <trkpt lat="50.86339" lon="5.10568">
    <ele>26.8</ele>
   </trkpt>
   <trkpt lat="50.8633" lon="5.106000000000001">
    <ele>26.64</ele>
   </trkpt>
   <trkpt lat="50.863260000000004" lon="5.106450000000001">
    <ele>26.67</ele>
   </trkpt>
   <trkpt lat="50.863170000000004" lon="5.1068500000000006">
    <ele>26.860000000000003</ele>
   </trkpt>
   <trkpt lat="50.86309000000001" lon="5.107130000000001">
    <ele>26.85</ele>
   </trkpt>
   <trkpt lat="50.862580002836715" lon="5.107940008806524">
    <ele>25.910000000000004</ele>
   </trkpt>
   <trkpt lat="50.86207" lon="5.108750000000001">
    <ele>25.650000000000002</ele>
   </trkpt>
   <trkpt lat="50.861850000000004" lon="5.10927">
    <ele>25.52</ele>
   </trkpt>
   <trkpt lat="50.86148000000001" lon="5.1105">
    <ele>25.66</ele>
   </trkpt>
   <trkpt lat="50.86133" lon="5.110880000000001">
    <ele>25.79</ele>
   </trkpt>
   <trkpt lat="50.86119000000001" lon="5.11117">
    <ele>25.85</ele>
   </trkpt>
   <trkpt lat="50.861140000000006" lon="5.111350000000001">
    <ele>25.85</ele>
   </trkpt>
   <trkpt lat="50.860600000000005" lon="5.112100000000001">
    <ele>25.740000000000002</ele>
   </trkpt>
   <trkpt lat="50.8605" lon="5.1122000000000005">
    <ele>25.810000000000002</ele>
   </trkpt>
   <trkpt lat="50.86041" lon="5.11225">
    <ele>25.93</ele>
   </trkpt>
   <trkpt lat="50.860260000000004" lon="5.1122700000000005">
    <ele>25.93</ele>
   </trkpt>
   <trkpt lat="50.86018000000001" lon="5.11226">
    <ele>25.93</ele>
   </trkpt>
   <trkpt lat="50.86000000000001" lon="5.11214">
    <ele>25.95</ele>
   </trkpt>
   <trkpt lat="50.85969000000001" lon="5.1117300000000006">
    <ele>26.17</ele>
   </trkpt>
   <trkpt lat="50.85934" lon="5.1112">
    <ele>26.12</ele>
   </trkpt>
   <trkpt lat="50.85905" lon="5.11082">
    <ele>26.26</ele>
   </trkpt>
   <trkpt lat="50.85844" lon="5.1101600000000005">
    <ele>26.55</ele>
   </trkpt>
   <trkpt lat="50.85821000000001" lon="5.10995">
    <ele>26.55</ele>
   </trkpt>
   <trkpt lat="50.857800000000005" lon="5.10975">
    <ele>26.480000000000004</ele>
   </trkpt>
   <trkpt lat="50.85748" lon="5.10963">
    <ele>26.54</ele>
   </trkpt>
   <trkpt lat="50.85741" lon="5.10956">
    <ele>26.54</ele>
   </trkpt>
   <trkpt lat="50.85717" lon="5.10953">
    <ele>26.45</ele>
   </trkpt>
   <trkpt lat="50.856930000000006" lon="5.10956">
    <ele>26.320000000000004</ele>
   </trkpt>
   <trkpt lat="50.856090000451154" lon="5.109845005098052">
    <ele>26.38</ele>
   </trkpt>
   <trkpt lat="50.855250000000005" lon="5.110130000000001">
    <ele>26.46</ele>
   </trkpt>
   <trkpt lat="50.85513" lon="5.11029">
    <ele>26.51</ele>
   </trkpt>
   <trkpt lat="50.855070000000005" lon="5.11033">
    <ele>26.51</ele>
   </trkpt>
   <trkpt lat="50.85506" lon="5.11022">
    <ele>26.35</ele>
   </trkpt>
   <trkpt lat="50.855140000000006" lon="5.1090100000000005">
    <ele>26.88</ele>
   </trkpt>
   <trkpt lat="50.855140000000006" lon="5.10895">
    <ele>26.910000000000004</ele>
   </trkpt>
   <trkpt lat="50.855180000000004" lon="5.10843">
    <ele>26.88</ele>
   </trkpt>
   <trkpt lat="50.85517" lon="5.108160000000001">
    <ele>26.85</ele>
   </trkpt>
   <trkpt lat="50.85511" lon="5.10794">
    <ele>26.76</ele>
   </trkpt>
   <trkpt lat="50.854655011870385" lon="5.106977471821462">
    <ele>26.71</ele>
   </trkpt>
   <trkpt lat="50.85420001582427" lon="5.106014962423106">
    <ele>26.910000000000004</ele>
   </trkpt>
   <trkpt lat="50.85374501186196" lon="5.105052471804587">
    <ele>27.070000000000004</ele>
   </trkpt>
   <trkpt lat="50.85329" lon="5.10409">
    <ele>27.080000000000002</ele>
   </trkpt>
   <trkpt lat="50.85284000354785" lon="5.103174991112513">
    <ele>26.580000000000002</ele>
   </trkpt>
   <trkpt lat="50.85239000000001" lon="5.10226">
    <ele>26.840000000000003</ele>
   </trkpt>
   <trkpt lat="50.85209000225573" lon="5.101524995144097">
    <ele>26.910000000000004</ele>
   </trkpt>
   <trkpt lat="50.85179" lon="5.100790000000001">
    <ele>26.89</ele>
   </trkpt>
   <trkpt lat="50.85131000933347" lon="5.099937473713404">
    <ele>26.740000000000002</ele>
   </trkpt>
   <trkpt lat="50.850830012456385" lon="5.0990849649726355">
    <ele>26.85</ele>
   </trkpt>
   <trkpt lat="50.850350009368945" lon="5.098232473777261">
    <ele>26.840000000000003</ele>
   </trkpt>
   <trkpt lat="50.84987" lon="5.09738">
    <ele>26.930000000000003</ele>
   </trkpt>
   <trkpt lat="50.84948000000001" lon="5.09673">
    <ele>26.89</ele>
   </trkpt>
   <trkpt lat="50.848930020176205" lon="5.0957582760620745">
    <ele>26.560000000000002</ele>
   </trkpt>
   <trkpt lat="50.84838003228363" lon="5.094786575037355">
    <ele>26.27</ele>
   </trkpt>
   <trkpt lat="50.84783003632263" lon="5.093814896925184">
    <ele>26.27</ele>
   </trkpt>
   <trkpt lat="50.84728003229355" lon="5.092843241724913">
    <ele>26.28</ele>
   </trkpt>
   <trkpt lat="50.84673002019673" lon="5.091871609435886">
    <ele>26.61</ele>
   </trkpt>
   <trkpt lat="50.846180000000004" lon="5.0909">
    <ele>27.05</ele>
   </trkpt>
   <trkpt lat="50.84579" lon="5.09027">
    <ele>27.39</ele>
   </trkpt>
   <trkpt lat="50.845510000000004" lon="5.08987">
    <ele>27.39</ele>
   </trkpt>
   <trkpt lat="50.84541" lon="5.08969">
    <ele>27.39</ele>
   </trkpt>
   <trkpt lat="50.84509500185379" lon="5.089014995243188">
    <ele>27.42</ele>
   </trkpt>
   <trkpt lat="50.84478000000001" lon="5.0883400000000005">
    <ele>27.35</ele>
   </trkpt>
   <trkpt lat="50.84447500231855" lon="5.087594995000298">
    <ele>27.44</ele>
   </trkpt>
   <trkpt lat="50.844170000000005" lon="5.08685">
    <ele>27.650000000000002</ele>
   </trkpt>
   <trkpt lat="50.844170000000005" lon="5.0868400000000005">
    <ele>27.650000000000002</ele>
   </trkpt>
   <trkpt lat="50.84407" lon="5.0865800000000005">
    <ele>27.810000000000002</ele>
   </trkpt>
   <trkpt lat="50.84373" lon="5.086">
    <ele>28.73</ele>
   </trkpt>
   <trkpt lat="50.84423500312571" lon="5.085145009250841">
    <ele>27.94</ele>
   </trkpt>
   <trkpt lat="50.84474" lon="5.08429">
    <ele>28.020000000000003</ele>
   </trkpt>
   <trkpt lat="50.84476" lon="5.0842">
    <ele>28.020000000000003</ele>
   </trkpt>
   <trkpt lat="50.84476" lon="5.084040000000001">
    <ele>28.17</ele>
   </trkpt>
   <trkpt lat="50.84460000000001" lon="5.0837900000000005">
    <ele>28.060000000000002</ele>
   </trkpt>
   <trkpt lat="50.843933336600884" lon="5.08317331572683">
    <ele>27.680000000000003</ele>
   </trkpt>
   <trkpt lat="50.84326666995193" lon="5.082556649076872">
    <ele>27.55</ele>
   </trkpt>
   <trkpt lat="50.842600000000004" lon="5.08194">
    <ele>27.32</ele>
   </trkpt>
   <trkpt lat="50.8425" lon="5.08187">
    <ele>27.32</ele>
   </trkpt>
   <trkpt lat="50.84176000037388" lon="5.081584995490374">
    <ele>27.42</ele>
   </trkpt>
   <trkpt lat="50.84102000000001" lon="5.081300000000001">
    <ele>27.57</ele>
   </trkpt>
   <trkpt lat="50.840900000000005" lon="5.0812800000000005">
    <ele>27.590000000000003</ele>
   </trkpt>
   <trkpt lat="50.84075000000001" lon="5.08129">
    <ele>27.590000000000003</ele>
   </trkpt>
   <trkpt lat="50.84004" lon="5.08143">
    <ele>27.630000000000003</ele>
   </trkpt>
   <trkpt lat="50.83928000007635" lon="5.081590002612825">
    <ele>27.930000000000003</ele>
   </trkpt>
   <trkpt lat="50.83852" lon="5.08175">
    <ele>28.14</ele>
   </trkpt>
   <trkpt lat="50.838530000000006" lon="5.08175">
    <ele>28.14</ele>
   </trkpt>
   <trkpt lat="50.83775000000001" lon="5.081910000000001">
    <ele>29.94</ele>
   </trkpt>
   <trkpt lat="50.837740000000004" lon="5.0818200000000004">
    <ele>29.93</ele>
   </trkpt>
   <trkpt lat="50.8370999999799" lon="5.081784999518623">
    <ele>28.67</ele>
   </trkpt>
   <trkpt lat="50.83646" lon="5.08175">
    <ele>29.060000000000002</ele>
   </trkpt>
   <trkpt lat="50.83643000000001" lon="5.08175">
    <ele>29.07</ele>
   </trkpt>
   <trkpt lat="50.83614000000001" lon="5.081740000000001">
    <ele>29.330000000000002</ele>
   </trkpt>
   <trkpt lat="50.836020000000005" lon="5.0817000000000005">
    <ele>29.48</ele>
   </trkpt>
   <trkpt lat="50.835910000000005" lon="5.08164">
    <ele>29.48</ele>
   </trkpt>
   <trkpt lat="50.83552" lon="5.081180000000001">
    <ele>29.910000000000004</ele>
   </trkpt>
   <trkpt lat="50.83541" lon="5.0811">
    <ele>29.910000000000004</ele>
   </trkpt>
   <trkpt lat="50.83529000000001" lon="5.08107">
    <ele>29.77</ele>
   </trkpt>
   <trkpt lat="50.835150000000006" lon="5.08107">
    <ele>29.67</ele>
   </trkpt>
   <trkpt lat="50.83456500003807" lon="5.081260002419262">
    <ele>29.470000000000002</ele>
   </trkpt>
   <trkpt lat="50.833980000000004" lon="5.08145">
    <ele>29.57</ele>
   </trkpt>
   <trkpt lat="50.83312000156461" lon="5.081720024871974">
    <ele>29.48</ele>
   </trkpt>
   <trkpt lat="50.83226000250608" lon="5.081990039793401">
    <ele>29.580000000000002</ele>
   </trkpt>
   <trkpt lat="50.83140000282449" lon="5.082260044764945">
    <ele>29.990000000000002</ele>
   </trkpt>
   <trkpt lat="50.83054000251986" lon="5.0825300397872715">
    <ele>30.330000000000002</ele>
   </trkpt>
   <trkpt lat="50.829680001592216" lon="5.0828000248610445">
    <ele>30.140000000000004</ele>
   </trkpt>
   <trkpt lat="50.82882000000001" lon="5.08307">
    <ele>29.92</ele>
   </trkpt>
   <trkpt lat="50.82833" lon="5.08267">
    <ele>29.490000000000002</ele>
   </trkpt>
   <trkpt lat="50.828140000000005" lon="5.08258">
    <ele>29.540000000000003</ele>
   </trkpt>
   <trkpt lat="50.82786" lon="5.082490000000001">
    <ele>29.67</ele>
   </trkpt>
   <trkpt lat="50.827780000000004" lon="5.0824300000000004">
    <ele>29.67</ele>
   </trkpt>
   <trkpt lat="50.82766" lon="5.0823">
    <ele>29.67</ele>
   </trkpt>
   <trkpt lat="50.82721" lon="5.08169">
    <ele>30.1</ele>
   </trkpt>
   <trkpt lat="50.826820000000005" lon="5.08122">
    <ele>30.650000000000002</ele>
   </trkpt>
   <trkpt lat="50.826425000609554" lon="5.080879997222756">
    <ele>30.930000000000003</ele>
   </trkpt>
   <trkpt lat="50.82603" lon="5.08054">
    <ele>31.44</ele>
   </trkpt>
   <trkpt lat="50.8258" lon="5.08032">
    <ele>31.92</ele>
   </trkpt>
   <trkpt lat="50.825590000000005" lon="5.08007">
    <ele>32.080000000000005</ele>
   </trkpt>
   <trkpt lat="50.825590000000005" lon="5.0800600000000005">
    <ele>32.1</ele>
   </trkpt>
   <trkpt lat="50.825140000000005" lon="5.07939">
    <ele>32.35</ele>
   </trkpt>
   <trkpt lat="50.824800001379984" lon="5.078814995756952">
    <ele>33.47</ele>
   </trkpt>
   <trkpt lat="50.82446" lon="5.07824">
    <ele>33.81</ele>
   </trkpt>
   <trkpt lat="50.82407500119087" lon="5.077699995469623">
    <ele>33.410000000000004</ele>
   </trkpt>
   <trkpt lat="50.823690000000006" lon="5.07716">
    <ele>33.230000000000004</ele>
   </trkpt>
   <trkpt lat="50.823173338967216" lon="5.076349982114597">
    <ele>33.410000000000004</ele>
   </trkpt>
   <trkpt lat="50.8226566723266" lon="5.0755399821557665">
    <ele>33.480000000000004</ele>
   </trkpt>
   <trkpt lat="50.822140000000005" lon="5.074730000000001">
    <ele>33.97</ele>
   </trkpt>
   <trkpt lat="50.821920000000006" lon="5.07443">
    <ele>34.0</ele>
   </trkpt>
   <trkpt lat="50.8215000009165" lon="5.073914995101636">
    <ele>33.96</ele>
   </trkpt>
   <trkpt lat="50.82108" lon="5.0734">
    <ele>34.17</ele>
   </trkpt>
   <trkpt lat="50.82057500180298" lon="5.0727299926009115">
    <ele>34.27</ele>
   </trkpt>
   <trkpt lat="50.82007" lon="5.0720600000000005">
    <ele>34.7</ele>
   </trkpt>
   <trkpt lat="50.81994" lon="5.071840000000001">
    <ele>34.7</ele>
   </trkpt>
   <trkpt lat="50.819520000000004" lon="5.07099">
    <ele>34.99</ele>
   </trkpt>
   <trkpt lat="50.819410000000005" lon="5.07071">
    <ele>34.99</ele>
   </trkpt>
   <trkpt lat="50.81926000000001" lon="5.07012">
    <ele>35.26</ele>
   </trkpt>
   <trkpt lat="50.81911" lon="5.06939">
    <ele>35.57</ele>
   </trkpt>
   <trkpt lat="50.81895500472151" lon="5.0683399965814075">
    <ele>35.77</ele>
   </trkpt>
   <trkpt lat="50.8188" lon="5.067290000000001">
    <ele>36.230000000000004</ele>
   </trkpt>
   <trkpt lat="50.818645002496496" lon="5.066529997614904">
    <ele>36.45</ele>
   </trkpt>
   <trkpt lat="50.818490000000004" lon="5.0657700000000006">
    <ele>36.65</ele>
   </trkpt>
   <trkpt lat="50.818210005240566" lon="5.064664993462696">
    <ele>37.00000000000001</ele>
   </trkpt>
   <trkpt lat="50.817930000000004" lon="5.063560000000001">
    <ele>37.39</ele>
   </trkpt>
   <trkpt lat="50.817710000000005" lon="5.062860000000001">
    <ele>37.78</ele>
   </trkpt>
   <trkpt lat="50.8177" lon="5.062860000000001">
    <ele>37.790000000000006</ele>
   </trkpt>
   <trkpt lat="50.81748" lon="5.06219">
    <ele>38.18000000000001</ele>
   </trkpt>
   <trkpt lat="50.81736" lon="5.06175">
    <ele>38.45</ele>
   </trkpt>
   <trkpt lat="50.817190000000004" lon="5.06095">
    <ele>39.57</ele>
   </trkpt>
   <trkpt lat="50.816311430713505" lon="5.061238603997736">
    <ele>39.86000000000001</ele>
   </trkpt>
   <trkpt lat="50.815432860715106" lon="5.061527197137127">
    <ele>40.06</ele>
   </trkpt>
   <trkpt lat="50.81455429000485" lon="5.061815779418916">
    <ele>40.39</ele>
   </trkpt>
   <trkpt lat="50.81367571858278" lon="5.062104350843841">
    <ele>40.67</ele>
   </trkpt>
   <trkpt lat="50.81279714644894" lon="5.062392911412641">
    <ele>40.830000000000005</ele>
   </trkpt>
   <trkpt lat="50.81191857360339" lon="5.062681461126058">
    <ele>40.970000000000006</ele>
   </trkpt>
   <trkpt lat="50.811040000000006" lon="5.06297">
    <ele>41.29</ele>
   </trkpt>
   <trkpt lat="50.81049" lon="5.063160000000001">
    <ele>41.36</ele>
   </trkpt>
   <trkpt lat="50.80984" lon="5.06343">
    <ele>41.53</ele>
   </trkpt>
   <trkpt lat="50.80931" lon="5.06379">
    <ele>41.38</ele>
   </trkpt>
   <trkpt lat="50.80885000000001" lon="5.064170000000001">
    <ele>40.79</ele>
   </trkpt>
   <trkpt lat="50.808510000000005" lon="5.06454">
    <ele>40.480000000000004</ele>
   </trkpt>
   <trkpt lat="50.80796" lon="5.06524">
    <ele>39.800000000000004</ele>
   </trkpt>
   <trkpt lat="50.80756000100337" lon="5.065710003954647">
    <ele>39.49</ele>
   </trkpt>
   <trkpt lat="50.80716" lon="5.06618">
    <ele>39.05</ele>
   </trkpt>
   <trkpt lat="50.807030000000005" lon="5.0662400000000005">
    <ele>39.05</ele>
   </trkpt>
   <trkpt lat="50.80687" lon="5.0662">
    <ele>39.02</ele>
   </trkpt>
   <trkpt lat="50.80679000000001" lon="5.06658">
    <ele>38.92</ele>
   </trkpt>
   <trkpt lat="50.806700000000006" lon="5.066520000000001">
    <ele>38.92</ele>
   </trkpt>
   <trkpt lat="50.80664" lon="5.066520000000001">
    <ele>37.76</ele>
   </trkpt>
   <trkpt lat="50.80659000000001" lon="5.06655">
    <ele>37.76</ele>
   </trkpt>
   <trkpt lat="50.805910000000004" lon="5.067170000000001">
    <ele>35.54</ele>
   </trkpt>
   <trkpt lat="50.80584" lon="5.06719">
    <ele>35.25</ele>
   </trkpt>
   <trkpt lat="50.805780000000006" lon="5.067170000000001">
    <ele>35.25</ele>
   </trkpt>
   <trkpt lat="50.805640000000004" lon="5.06704">
    <ele>35.11</ele>
   </trkpt>
   <trkpt lat="50.805580000000006" lon="5.067030000000001">
    <ele>35.11</ele>
   </trkpt>
   <trkpt lat="50.805530000000005" lon="5.06705">
    <ele>34.72</ele>
   </trkpt>
   <trkpt lat="50.80516" lon="5.06738">
    <ele>33.92</ele>
   </trkpt>
   <trkpt lat="50.80501" lon="5.06756">
    <ele>33.760000000000005</ele>
   </trkpt>
   <trkpt lat="50.80481" lon="5.0680700000000005">
    <ele>33.57</ele>
   </trkpt>
   <trkpt lat="50.804840000000006" lon="5.0682">
    <ele>33.18</ele>
   </trkpt>
   <trkpt lat="50.8049" lon="5.068980000000001">
    <ele>32.690000000000005</ele>
   </trkpt>
   <trkpt lat="50.80494" lon="5.069310000000001">
    <ele>32.61</ele>
   </trkpt>
   <trkpt lat="50.805060000000005" lon="5.06996">
    <ele>32.550000000000004</ele>
   </trkpt>
   <trkpt lat="50.805060000000005" lon="5.0701600000000004">
    <ele>32.550000000000004</ele>
   </trkpt>
   <trkpt lat="50.80498000000001" lon="5.07087">
    <ele>32.480000000000004</ele>
   </trkpt>
   <trkpt lat="50.80498000000001" lon="5.071160000000001">
    <ele>32.42</ele>
   </trkpt>
   <trkpt lat="50.805060000000005" lon="5.07176">
    <ele>32.67</ele>
   </trkpt>
   <trkpt lat="50.805040000000005" lon="5.071960000000001">
    <ele>32.68</ele>
   </trkpt>
   <trkpt lat="50.804950000000005" lon="5.072240000000001">
    <ele>32.78</ele>
   </trkpt>
   <trkpt lat="50.80485" lon="5.07246">
    <ele>32.940000000000005</ele>
   </trkpt>
   <trkpt lat="50.80471000000001" lon="5.072690000000001">
    <ele>33.400000000000006</ele>
   </trkpt>
   <trkpt lat="50.80449" lon="5.0728800000000005">
    <ele>34.04</ele>
   </trkpt>
   <trkpt lat="50.804320000000004" lon="5.0729500000000005">
    <ele>33.300000000000004</ele>
   </trkpt>
   <trkpt lat="50.804190000000006" lon="5.07303">
    <ele>32.97</ele>
   </trkpt>
   <trkpt lat="50.80407" lon="5.07314">
    <ele>32.879999999999995</ele>
   </trkpt>
   <trkpt lat="50.80371" lon="5.073530000000001">
    <ele>33.440000000000005</ele>
   </trkpt>
   <trkpt lat="50.803540000000005" lon="5.0736300000000005">
    <ele>33.54</ele>
   </trkpt>
   <trkpt lat="50.80319" lon="5.07375">
    <ele>33.81</ele>
   </trkpt>
   <trkpt lat="50.80266" lon="5.07382">
    <ele>34.480000000000004</ele>
   </trkpt>
   <trkpt lat="50.80248" lon="5.073910000000001">
    <ele>34.85000000000001</ele>
   </trkpt>
   <trkpt lat="50.80218500334083" lon="5.073029994536431">
    <ele>34.24</ele>
   </trkpt>
   <trkpt lat="50.80189000000001" lon="5.072150000000001">
    <ele>34.89</ele>
   </trkpt>
   <trkpt lat="50.80163000182891" lon="5.071499996440901">
    <ele>35.230000000000004</ele>
   </trkpt>
   <trkpt lat="50.801370000000006" lon="5.07085">
    <ele>35.32</ele>
   </trkpt>
   <trkpt lat="50.8012" lon="5.0705">
    <ele>35.59</ele>
   </trkpt>
   <trkpt lat="50.801" lon="5.070150000000001">
    <ele>35.88</ele>
   </trkpt>
   <trkpt lat="50.800555001975965" lon="5.069464993431092">
    <ele>36.37</ele>
   </trkpt>
   <trkpt lat="50.800110000000004" lon="5.06878">
    <ele>36.77</ele>
   </trkpt>
   <trkpt lat="50.80010000000001" lon="5.068770000000001">
    <ele>36.78</ele>
   </trkpt>
   <trkpt lat="50.799492526370685" lon="5.067831164578926">
    <ele>37.11000000000001</ele>
   </trkpt>
   <trkpt lat="50.79888504520688" lon="5.066892353566672">
    <ele>37.81</ele>
   </trkpt>
   <trkpt lat="50.79827755650892" lon="5.065953566962382">
    <ele>38.91</ele>
   </trkpt>
   <trkpt lat="50.79767006027719" lon="5.065014804765195">
    <ele>39.49</ele>
   </trkpt>
   <trkpt lat="50.79706255651203" lon="5.064076066974249">
    <ele>39.38</ele>
   </trkpt>
   <trkpt lat="50.796455045213804" lon="5.0631373535886866">
    <ele>39.06</ele>
   </trkpt>
   <trkpt lat="50.795847526382865" lon="5.062198664607644">
    <ele>38.760000000000005</ele>
   </trkpt>
   <trkpt lat="50.79524000000001" lon="5.061260000000001">
    <ele>39.339999999999996</ele>
   </trkpt>
   <trkpt lat="50.795170000000006" lon="5.061190000000001">
    <ele>39.75</ele>
   </trkpt>
   <trkpt lat="50.795" lon="5.061100000000001">
    <ele>40.080000000000005</ele>
   </trkpt>
   <trkpt lat="50.794450000000005" lon="5.06102">
    <ele>41.18</ele>
   </trkpt>
   <trkpt lat="50.79448000000001" lon="5.060650000000001">
    <ele>41.120000000000005</ele>
   </trkpt>
   <trkpt lat="50.794450000000005" lon="5.0604700000000005">
    <ele>41.080000000000005</ele>
   </trkpt>
   <trkpt lat="50.794500000000006" lon="5.06031">
    <ele>41.03</ele>
   </trkpt>
   <trkpt lat="50.79452000381862" lon="5.0593650003330035">
    <ele>39.78</ele>
   </trkpt>
   <trkpt lat="50.794540000000005" lon="5.058420000000001">
    <ele>39.470000000000006</ele>
   </trkpt>
   <trkpt lat="50.79457000000001" lon="5.057600000000001">
    <ele>38.330000000000005</ele>
   </trkpt>
   <trkpt lat="50.79457000000001" lon="5.05761">
    <ele>38.34</ele>
   </trkpt>
   <trkpt lat="50.79458" lon="5.057370000000001">
    <ele>38.24</ele>
   </trkpt>
   <trkpt lat="50.794610000000006" lon="5.05712">
    <ele>38.11000000000001</ele>
   </trkpt>
   <trkpt lat="50.794850000000004" lon="5.0558000000000005">
    <ele>38.31</ele>
   </trkpt>
   <trkpt lat="50.794880000000006" lon="5.055490000000001">
    <ele>38.290000000000006</ele>
   </trkpt>
   <trkpt lat="50.794880000000006" lon="5.055000000000001">
    <ele>38.67</ele>
   </trkpt>
   <trkpt lat="50.79484" lon="5.054760000000001">
    <ele>39.03</ele>
   </trkpt>
   <trkpt lat="50.79477000000001" lon="5.05435">
    <ele>38.970000000000006</ele>
   </trkpt>
   <trkpt lat="50.79464" lon="5.053870000000001">
    <ele>39.010000000000005</ele>
   </trkpt>
   <trkpt lat="50.794326673523535" lon="5.052973321263885">
    <ele>38.99</ele>
   </trkpt>
   <trkpt lat="50.79401334017367" lon="5.052076654550103">
    <ele>38.36000000000001</ele>
   </trkpt>
   <trkpt lat="50.7937" lon="5.0511800000000004">
    <ele>38.2</ele>
   </trkpt>
   <trkpt lat="50.79359" lon="5.050940000000001">
    <ele>38.31</ele>
   </trkpt>
   <trkpt lat="50.793200002015375" lon="5.050264994485266">
    <ele>38.62</ele>
   </trkpt>
   <trkpt lat="50.79281" lon="5.04959">
    <ele>38.86000000000001</ele>
   </trkpt>
   <trkpt lat="50.792495001320326" lon="5.0490099958747665">
    <ele>39.67</ele>
   </trkpt>
   <trkpt lat="50.79218" lon="5.048430000000001">
    <ele>39.67</ele>
   </trkpt>
   <trkpt lat="50.79202" lon="5.048190000000001">
    <ele>40.24</ele>
   </trkpt>
   <trkpt lat="50.791450000000005" lon="5.04755">
    <ele>40.89</ele>
   </trkpt>
   <trkpt lat="50.79110000000001" lon="5.047000000000001">
    <ele>41.21</ele>
   </trkpt>
   <trkpt lat="50.790980000000005" lon="5.04678">
    <ele>41.260000000000005</ele>
   </trkpt>
   <trkpt lat="50.79092000000001" lon="5.04654">
    <ele>41.2</ele>
   </trkpt>
   <trkpt lat="50.79092000000001" lon="5.04643">
    <ele>41.120000000000005</ele>
   </trkpt>
   <trkpt lat="50.79074000000001" lon="5.04633">
    <ele>41.330000000000005</ele>
   </trkpt>
   <trkpt lat="50.79041000163492" lon="5.045734996018858">
    <ele>41.86</ele>
   </trkpt>
   <trkpt lat="50.79008" lon="5.045140000000001">
    <ele>42.410000000000004</ele>
   </trkpt>
   <trkpt lat="50.790020000000005" lon="5.045120000000001">
    <ele>42.410000000000004</ele>
   </trkpt>
   <trkpt lat="50.78989000000001" lon="5.04513">
    <ele>42.620000000000005</ele>
   </trkpt>
   <trkpt lat="50.789770000000004" lon="5.04459">
    <ele>42.68</ele>
   </trkpt>
   <trkpt lat="50.78956" lon="5.04399">
    <ele>42.77</ele>
   </trkpt>
   <trkpt lat="50.789460000000005" lon="5.04358">
    <ele>42.9</ele>
   </trkpt>
   <trkpt lat="50.789285005656566" lon="5.042429995717915">
    <ele>43.28000000000001</ele>
   </trkpt>
   <trkpt lat="50.78911" lon="5.04128">
    <ele>43.620000000000005</ele>
   </trkpt>
   <trkpt lat="50.789030000000004" lon="5.04094">
    <ele>43.68</ele>
   </trkpt>
   <trkpt lat="50.78874500353019" lon="5.040034994575456">
    <ele>43.5</ele>
   </trkpt>
   <trkpt lat="50.78846" lon="5.03913">
    <ele>43.35000000000001</ele>
   </trkpt>
   <trkpt lat="50.788360000000004" lon="5.03863">
    <ele>43.370000000000005</ele>
   </trkpt>
   <trkpt lat="50.78824000376174" lon="5.037689997467563">
    <ele>43.550000000000004</ele>
   </trkpt>
   <trkpt lat="50.788120000000006" lon="5.0367500000000005">
    <ele>43.85000000000001</ele>
   </trkpt>
   <trkpt lat="50.788070000000005" lon="5.03648">
    <ele>43.85000000000001</ele>
   </trkpt>
   <trkpt lat="50.787960000000005" lon="5.03605">
    <ele>43.72</ele>
   </trkpt>
   <trkpt lat="50.78781000000001" lon="5.03559">
    <ele>43.63</ele>
   </trkpt>
   <trkpt lat="50.78739500378636" lon="5.034654991811344">
    <ele>43.43</ele>
   </trkpt>
   <trkpt lat="50.78698000000001" lon="5.033720000000001">
    <ele>43.28000000000001</ele>
   </trkpt>
   <trkpt lat="50.78667" lon="5.03317">
    <ele>43.65</ele>
   </trkpt>
   <trkpt lat="50.78631000000001" lon="5.0324">
    <ele>44.06</ele>
   </trkpt>
   <trkpt lat="50.786015001794595" lon="5.031749995873426">
    <ele>44.190000000000005</ele>
   </trkpt>
   <trkpt lat="50.785720000000005" lon="5.0311">
    <ele>44.28000000000001</ele>
   </trkpt>
   <trkpt lat="50.785700000000006" lon="5.03103">
    <ele>44.28000000000001</ele>
   </trkpt>
   <trkpt lat="50.78571" lon="5.030880000000001">
    <ele>44.27</ele>
   </trkpt>
   <trkpt lat="50.78564" lon="5.03085">
    <ele>44.27</ele>
   </trkpt>
   <trkpt lat="50.785500000000006" lon="5.0307">
    <ele>45.1</ele>
   </trkpt>
   <trkpt lat="50.78539000000001" lon="5.0306500000000005">
    <ele>45.1</ele>
   </trkpt>
   <trkpt lat="50.785320000000006" lon="5.0306500000000005">
    <ele>45.26</ele>
   </trkpt>
   <trkpt lat="50.785270000000004" lon="5.03052">
    <ele>45.46</ele>
   </trkpt>
   <trkpt lat="50.7852" lon="5.03047">
    <ele>45.46</ele>
   </trkpt>
   <trkpt lat="50.78443000000001" lon="5.030200000000001">
    <ele>45.85</ele>
   </trkpt>
   <trkpt lat="50.78374500038967" lon="5.029924995997791">
    <ele>46.71</ele>
   </trkpt>
   <trkpt lat="50.783060000000006" lon="5.02965">
    <ele>47.89</ele>
   </trkpt>
   <trkpt lat="50.782900000000005" lon="5.0296">
    <ele>48.34</ele>
   </trkpt>
   <trkpt lat="50.78275000000001" lon="5.02958">
    <ele>48.34</ele>
   </trkpt>
   <trkpt lat="50.78249" lon="5.02958">
    <ele>48.95</ele>
   </trkpt>
   <trkpt lat="50.78162333338913" lon="5.0296466691365405">
    <ele>51.5</ele>
   </trkpt>
   <trkpt lat="50.780756666740274" lon="5.029713335801782">
    <ele>54.18000000000001</ele>
   </trkpt>
   <trkpt lat="50.77989" lon="5.029780000000001">
    <ele>56.59</ele>
   </trkpt>
   <trkpt lat="50.77957000000001" lon="5.029780000000001">
    <ele>57.040000000000006</ele>
   </trkpt>
   <trkpt lat="50.779300000000006" lon="5.0297">
    <ele>58.79</ele>
   </trkpt>
   <trkpt lat="50.77886" lon="5.0295000000000005">
    <ele>60.38</ele>
   </trkpt>
   <trkpt lat="50.77806000183072" lon="5.029171977552852">
    <ele>63.80000000000001</ele>
   </trkpt>
   <trkpt lat="50.777260002741514" lon="5.028843966328124">
    <ele>66.06</ele>
   </trkpt>
   <trkpt lat="50.77646000273247" lon="5.028515966325129">
    <ele>65.42</ele>
   </trkpt>
   <trkpt lat="50.77566000180363" lon="5.0281879775431735">
    <ele>60.89000000000001</ele>
   </trkpt>
   <trkpt lat="50.774860000000004" lon="5.02786">
    <ele>58.28</ele>
   </trkpt>
   <trkpt lat="50.77411000000001" lon="5.027270000000001">
    <ele>56.14</ele>
   </trkpt>
   <trkpt lat="50.77359500001534" lon="5.027049997495847">
    <ele>54.99</ele>
   </trkpt>
   <trkpt lat="50.77308000000001" lon="5.02683">
    <ele>54.25000000000001</ele>
   </trkpt>
   <trkpt lat="50.772980000000004" lon="5.02676">
    <ele>54.220000000000006</ele>
   </trkpt>
   <trkpt lat="50.77295" lon="5.0267100000000005">
    <ele>54.220000000000006</ele>
   </trkpt>
   <trkpt lat="50.77279000000001" lon="5.02679">
    <ele>53.970000000000006</ele>
   </trkpt>
   <trkpt lat="50.77253" lon="5.027170000000001">
    <ele>54.00000000000001</ele>
   </trkpt>
   <trkpt lat="50.77243000000001" lon="5.02723">
    <ele>54.14000000000001</ele>
   </trkpt>
   <trkpt lat="50.77172" lon="5.027310000000001">
    <ele>55.330000000000005</ele>
   </trkpt>
   <trkpt lat="50.7717" lon="5.027310000000001">
    <ele>55.36000000000001</ele>
   </trkpt>
   <trkpt lat="50.771660000000004" lon="5.0273200000000005">
    <ele>55.36000000000001</ele>
   </trkpt>
   <trkpt lat="50.77145" lon="5.02728">
    <ele>55.900000000000006</ele>
   </trkpt>
   <trkpt lat="50.77067" lon="5.02693">
    <ele>58.120000000000005</ele>
   </trkpt>
   <trkpt lat="50.770540000000004" lon="5.02683">
    <ele>58.21</ele>
   </trkpt>
   <trkpt lat="50.77018" lon="5.02618">
    <ele>58.18</ele>
   </trkpt>
   <trkpt lat="50.76971" lon="5.025480000000001">
    <ele>58.95</ele>
   </trkpt>
   <trkpt lat="50.76926" lon="5.02489">
    <ele>59.99</ele>
   </trkpt>
   <trkpt lat="50.76874" lon="5.02423">
    <ele>61.52</ele>
   </trkpt>
   <trkpt lat="50.76869000000001" lon="5.0246200000000005">
    <ele>61.660000000000004</ele>
   </trkpt>
   <trkpt lat="50.768060000000006" lon="5.02435">
    <ele>61.96000000000001</ele>
   </trkpt>
   <trkpt lat="50.767490000057265" lon="5.024059996312905">
    <ele>62.28</ele>
   </trkpt>
   <trkpt lat="50.766920000000006" lon="5.023770000000001">
    <ele>63.24</ele>
   </trkpt>
   <trkpt lat="50.766450000000006" lon="5.02346">
    <ele>63.24</ele>
   </trkpt>
   <trkpt lat="50.766290000000005" lon="5.023300000000001">
    <ele>63.39</ele>
   </trkpt>
   <trkpt lat="50.766290000000005" lon="5.02331">
    <ele>63.39</ele>
   </trkpt>
   <trkpt lat="50.76572000165782" lon="5.022694992551477">
    <ele>63.95</ele>
   </trkpt>
   <trkpt lat="50.765150000000006" lon="5.022080000000001">
    <ele>64.46000000000001</ele>
   </trkpt>
   <trkpt lat="50.76505" lon="5.02179">
    <ele>64.91000000000001</ele>
   </trkpt>
   <trkpt lat="50.76483" lon="5.02087">
    <ele>68.12</ele>
   </trkpt>
   <trkpt lat="50.7646" lon="5.02041">
    <ele>70.48</ele>
   </trkpt>
   <trkpt lat="50.76438" lon="5.02015">
    <ele>71.34</ele>
   </trkpt>
   <trkpt lat="50.764190000000006" lon="5.01996">
    <ele>72.08</ele>
   </trkpt>
   <trkpt lat="50.763470000000005" lon="5.01933">
    <ele>70.68</ele>
   </trkpt>
   <trkpt lat="50.76326" lon="5.01918">
    <ele>68.98</ele>
   </trkpt>
   <trkpt lat="50.763020000000004" lon="5.01916">
    <ele>68.08</ele>
   </trkpt>
   <trkpt lat="50.76283" lon="5.01919">
    <ele>67.16000000000001</ele>
   </trkpt>
   <trkpt lat="50.762550000000005" lon="5.01933">
    <ele>66.84</ele>
   </trkpt>
   <trkpt lat="50.76238000000001" lon="5.019380000000001">
    <ele>66.95</ele>
   </trkpt>
   <trkpt lat="50.762080000000005" lon="5.019360000000001">
    <ele>67.45</ele>
   </trkpt>
   <trkpt lat="50.761280000000006" lon="5.0187800000000005">
    <ele>67.16000000000001</ele>
   </trkpt>
   <trkpt lat="50.761300000000006" lon="5.01879">
    <ele>67.14</ele>
   </trkpt>
   <trkpt lat="50.76163754583123" lon="5.0175525624768325">
    <ele>66.0</ele>
   </trkpt>
   <trkpt lat="50.761975078568916" lon="5.016315107101212">
    <ele>65.18</ele>
   </trkpt>
   <trkpt lat="50.762312598212716" lon="5.015077633873361">
    <ele>64.37</ele>
   </trkpt>
   <trkpt lat="50.762650104762294" lon="5.013840142793498">
    <ele>63.63</ele>
   </trkpt>
   <trkpt lat="50.762987598217286" lon="5.012602633861844">
    <ele>63.27</ele>
   </trkpt>
   <trkpt lat="50.76332507857736" lon="5.01136510707862">
    <ele>62.59</ele>
   </trkpt>
   <trkpt lat="50.76366254584216" lon="5.010127562444047">
    <ele>62.54</ele>
   </trkpt>
   <trkpt lat="50.764" lon="5.00889">
    <ele>61.58</ele>
   </trkpt>
   <trkpt lat="50.7642400033884" lon="5.008005004392468">
    <ele>59.35000000000001</ele>
   </trkpt>
   <trkpt lat="50.764480000000006" lon="5.0071200000000005">
    <ele>58.04</ele>
   </trkpt>
   <trkpt lat="50.764540000000004" lon="5.0068600000000005">
    <ele>56.830000000000005</ele>
   </trkpt>
   <trkpt lat="50.764660000000006" lon="5.005800000000001">
    <ele>54.52</ele>
   </trkpt>
   <trkpt lat="50.76471" lon="5.00509">
    <ele>52.0</ele>
   </trkpt>
   <trkpt lat="50.76491000000001" lon="5.004300000000001">
    <ele>51.440000000000005</ele>
   </trkpt>
   <trkpt lat="50.76493000000001" lon="5.00405">
    <ele>51.080000000000005</ele>
   </trkpt>
   <trkpt lat="50.764920000000004" lon="5.003480000000001">
    <ele>50.120000000000005</ele>
   </trkpt>
   <trkpt lat="50.76498" lon="5.00279">
    <ele>49.2</ele>
   </trkpt>
   <trkpt lat="50.76514" lon="5.00199">
    <ele>48.290000000000006</ele>
   </trkpt>
   <trkpt lat="50.76442" lon="5.00121">
    <ele>48.56</ele>
   </trkpt>
   <trkpt lat="50.76422" lon="5.001040000000001">
    <ele>48.43</ele>
   </trkpt>
   <trkpt lat="50.76399000000001" lon="5.000870000000001">
    <ele>48.410000000000004</ele>
   </trkpt>
   <trkpt lat="50.76381000000001" lon="5.0007">
    <ele>48.080000000000005</ele>
   </trkpt>
   <trkpt lat="50.76332000000001" lon="4.999790000000001">
    <ele>48.900000000000006</ele>
   </trkpt>
   <trkpt lat="50.76288000384092" lon="4.999116653948558">
    <ele>50.31000000000001</ele>
   </trkpt>
   <trkpt lat="50.76244000380507" lon="4.998443320560547">
    <ele>52.300000000000004</ele>
   </trkpt>
   <trkpt lat="50.76200000000001" lon="4.99777">
    <ele>52.870000000000005</ele>
   </trkpt>
   <trkpt lat="50.76149500213101" lon="4.997054992206206">
    <ele>52.52</ele>
   </trkpt>
   <trkpt lat="50.76099000000001" lon="4.99634">
    <ele>51.63</ele>
   </trkpt>
   <trkpt lat="50.760470000000005" lon="4.995710000000001">
    <ele>50.22</ele>
   </trkpt>
   <trkpt lat="50.76012000000001" lon="4.99539">
    <ele>49.77</ele>
   </trkpt>
   <trkpt lat="50.75965" lon="4.99512">
    <ele>49.510000000000005</ele>
   </trkpt>
   <trkpt lat="50.75932" lon="4.99486">
    <ele>49.330000000000005</ele>
   </trkpt>
   <trkpt lat="50.75896" lon="4.99436">
    <ele>49.36</ele>
   </trkpt>
   <trkpt lat="50.75893000000001" lon="4.99434">
    <ele>49.36</ele>
   </trkpt>
   <trkpt lat="50.758680000000005" lon="4.994000000000001">
    <ele>49.440000000000005</ele>
   </trkpt>
   <trkpt lat="50.758590000000005" lon="4.9939">
    <ele>49.440000000000005</ele>
   </trkpt>
   <trkpt lat="50.75808000000001" lon="4.993600000000001">
    <ele>49.550000000000004</ele>
   </trkpt>
   <trkpt lat="50.757870000000004" lon="4.99357">
    <ele>49.7</ele>
   </trkpt>
   <trkpt lat="50.75771" lon="4.993600000000001">
    <ele>50.09</ele>
   </trkpt>
   <trkpt lat="50.75728" lon="4.99368">
    <ele>50.74000000000001</ele>
   </trkpt>
   <trkpt lat="50.757200000000005" lon="4.993670000000001">
    <ele>50.74000000000001</ele>
   </trkpt>
   <trkpt lat="50.757070000000006" lon="4.993620000000001">
    <ele>50.81</ele>
   </trkpt>
   <trkpt lat="50.756910000000005" lon="4.99347">
    <ele>50.870000000000005</ele>
   </trkpt>
   <trkpt lat="50.75663" lon="4.99303">
    <ele>50.93</ele>
   </trkpt>
   <trkpt lat="50.75611000000001" lon="4.99227">
    <ele>50.120000000000005</ele>
   </trkpt>
   <trkpt lat="50.75600000000001" lon="4.99214">
    <ele>50.04</ele>
   </trkpt>
   <trkpt lat="50.75574" lon="4.991910000000001">
    <ele>50.04</ele>
   </trkpt>
   <trkpt lat="50.75498" lon="4.9913300000000005">
    <ele>49.92</ele>
   </trkpt>
   <trkpt lat="50.7542100013465" lon="4.990764990691676">
    <ele>49.79</ele>
   </trkpt>
   <trkpt lat="50.753440000000005" lon="4.990200000000001">
    <ele>49.510000000000005</ele>
   </trkpt>
   <trkpt lat="50.7533" lon="4.9901100000000005">
    <ele>49.54</ele>
   </trkpt>
   <trkpt lat="50.752520000000004" lon="4.98979">
    <ele>49.88</ele>
   </trkpt>
   <trkpt lat="50.752030000000005" lon="4.9893">
    <ele>49.78</ele>
   </trkpt>
   <trkpt lat="50.752030000000005" lon="4.989310000000001">
    <ele>49.78</ele>
   </trkpt>
   <trkpt lat="50.75133" lon="4.9885600000000005">
    <ele>49.7</ele>
   </trkpt>
   <trkpt lat="50.750795000501675" lon="4.988194995782109">
    <ele>49.56</ele>
   </trkpt>
   <trkpt lat="50.750260000000004" lon="4.987830000000001">
    <ele>50.14</ele>
   </trkpt>
   <trkpt lat="50.75047000000001" lon="4.987430000000001">
    <ele>50.32</ele>
   </trkpt>
   <trkpt lat="50.7507" lon="4.9869200000000005">
    <ele>50.06000000000001</ele>
   </trkpt>
   <trkpt lat="50.75092500411344" lon="4.985935004887499">
    <ele>50.22</ele>
   </trkpt>
   <trkpt lat="50.75115" lon="4.98495">
    <ele>51.84</ele>
   </trkpt>
   <trkpt lat="50.751400000000004" lon="4.9839">
    <ele>54.26</ele>
   </trkpt>
   <trkpt lat="50.75148" lon="4.98369">
    <ele>54.26</ele>
   </trkpt>
   <trkpt lat="50.75153" lon="4.9836100000000005">
    <ele>54.480000000000004</ele>
   </trkpt>
   <trkpt lat="50.75162" lon="4.98355">
    <ele>54.660000000000004</ele>
   </trkpt>
   <trkpt lat="50.75169" lon="4.98317">
    <ele>54.900000000000006</ele>
   </trkpt>
   <trkpt lat="50.75177000000001" lon="4.98252">
    <ele>55.190000000000005</ele>
   </trkpt>
   <trkpt lat="50.751920000000005" lon="4.9823200000000005">
    <ele>55.24</ele>
   </trkpt>
   <trkpt lat="50.751760000000004" lon="4.98202">
    <ele>55.36000000000001</ele>
   </trkpt>
   <trkpt lat="50.75170000000001" lon="4.981940000000001">
    <ele>55.36000000000001</ele>
   </trkpt>
   <trkpt lat="50.751630000000006" lon="4.9819">
    <ele>55.46</ele>
   </trkpt>
   <trkpt lat="50.750980000000006" lon="4.98165">
    <ele>56.27</ele>
   </trkpt>
   <trkpt lat="50.7507" lon="4.9815000000000005">
    <ele>56.910000000000004</ele>
   </trkpt>
   <trkpt lat="50.750280000000004" lon="4.9812">
    <ele>58.28</ele>
   </trkpt>
   <trkpt lat="50.74964000000001" lon="4.98038">
    <ele>59.2</ele>
   </trkpt>
   <trkpt lat="50.74909000250558" lon="4.979604990806703">
    <ele>61.01</ele>
   </trkpt>
   <trkpt lat="50.748540000000006" lon="4.97883">
    <ele>62.21000000000001</ele>
   </trkpt>
   <trkpt lat="50.748200000000004" lon="4.978330000000001">
    <ele>62.730000000000004</ele>
   </trkpt>
   <trkpt lat="50.747730000000004" lon="4.9774400000000005">
    <ele>62.44</ele>
   </trkpt>
   <trkpt lat="50.747220000000006" lon="4.97668">
    <ele>61.17</ele>
   </trkpt>
   <trkpt lat="50.74721" lon="4.97667">
    <ele>61.15</ele>
   </trkpt>
   <trkpt lat="50.746840000000006" lon="4.97616">
    <ele>60.32000000000001</ele>
   </trkpt>
   <trkpt lat="50.746300000000005" lon="4.97512">
    <ele>59.92000000000001</ele>
   </trkpt>
   <trkpt lat="50.74606000000001" lon="4.97456">
    <ele>59.13</ele>
   </trkpt>
   <trkpt lat="50.74583000161794" lon="4.973939996884946">
    <ele>58.800000000000004</ele>
   </trkpt>
   <trkpt lat="50.7456" lon="4.97332">
    <ele>59.10000000000001</ele>
   </trkpt>
   <trkpt lat="50.74550000000001" lon="4.97308">
    <ele>59.24000000000001</ele>
   </trkpt>
   <trkpt lat="50.74503251023018" lon="4.97218747328886">
    <ele>59.95</ele>
   </trkpt>
   <trkpt lat="50.74456501364813" lon="4.9712949644007836">
    <ele>61.28000000000001</ele>
   </trkpt>
   <trkpt lat="50.7440975102541" lon="4.97040247333538">
    <ele>62.99</ele>
   </trkpt>
   <trkpt lat="50.74363" lon="4.9695100000000005">
    <ele>64.89999999999999</ele>
   </trkpt>
   <trkpt lat="50.743295001778044" lon="4.968874995559013">
    <ele>66.49000000000001</ele>
   </trkpt>
   <trkpt lat="50.742960000000004" lon="4.968240000000001">
    <ele>67.61</ele>
   </trkpt>
   <trkpt lat="50.74239000000001" lon="4.967280000000001">
    <ele>70.7</ele>
   </trkpt>
   <trkpt lat="50.742360000000005" lon="4.967160000000001">
    <ele>70.7</ele>
   </trkpt>
   <trkpt lat="50.742360000000005" lon="4.96701">
    <ele>71.46000000000001</ele>
   </trkpt>
   <trkpt lat="50.7424" lon="4.96685">
    <ele>71.73</ele>
   </trkpt>
   <trkpt lat="50.74242" lon="4.9667900000000005">
    <ele>71.73</ele>
   </trkpt>
   <trkpt lat="50.74255" lon="4.96663">
    <ele>72.32000000000001</ele>
   </trkpt>
   <trkpt lat="50.74221000000001" lon="4.96579">
    <ele>72.61</ele>
   </trkpt>
   <trkpt lat="50.741820004542014" lon="4.964749991117167">
    <ele>73.56</ele>
   </trkpt>
   <trkpt lat="50.74143" lon="4.963710000000001">
    <ele>74.68</ele>
   </trkpt>
   <trkpt lat="50.74134" lon="4.963450000000001">
    <ele>74.89000000000001</ele>
   </trkpt>
   <trkpt lat="50.74136000000001" lon="4.96326">
    <ele>74.89000000000001</ele>
   </trkpt>
   <trkpt lat="50.741310000000006" lon="4.963170000000001">
    <ele>75.03</ele>
   </trkpt>
   <trkpt lat="50.74127000000001" lon="4.96314">
    <ele>75.03</ele>
   </trkpt>
   <trkpt lat="50.74123" lon="4.96314">
    <ele>75.03</ele>
   </trkpt>
   <trkpt lat="50.741150000000005" lon="4.96297">
    <ele>75.03</ele>
   </trkpt>
   <trkpt lat="50.74089000258454" lon="4.962204995994119">
    <ele>74.68</ele>
   </trkpt>
   <trkpt lat="50.74063" lon="4.9614400000000005">
    <ele>73.74</ele>
   </trkpt>
   <trkpt lat="50.74025" lon="4.96016">
    <ele>71.57000000000001</ele>
   </trkpt>
   <trkpt lat="50.73996" lon="4.95892">
    <ele>69.68</ele>
   </trkpt>
   <trkpt lat="50.73975000810474" lon="4.95794665794959">
    <ele>67.75</ele>
   </trkpt>
   <trkpt lat="50.73954000810737" lon="4.95697332462855">
    <ele>68.07000000000001</ele>
   </trkpt>
   <trkpt lat="50.73933" lon="4.956">
    <ele>68.81</ele>
   </trkpt>
   <trkpt lat="50.73933" lon="4.955990000000001">
    <ele>68.82000000000001</ele>
   </trkpt>
   <trkpt lat="50.739290000000004" lon="4.955850000000001">
    <ele>68.82000000000001</ele>
   </trkpt>
   <trkpt lat="50.73928" lon="4.95561">
    <ele>69.04</ele>
   </trkpt>
   <trkpt lat="50.73933" lon="4.95554">
    <ele>69.01</ele>
   </trkpt>
   <trkpt lat="50.73944" lon="4.955450000000001">
    <ele>69.04</ele>
   </trkpt>
   <trkpt lat="50.739520000000006" lon="4.95546">
    <ele>69.09000000000002</ele>
   </trkpt>
   <trkpt lat="50.739630000000005" lon="4.95553">
    <ele>69.09000000000002</ele>
   </trkpt>
   <trkpt lat="50.739900000000006" lon="4.9554800000000006">
    <ele>69.3</ele>
   </trkpt>
   <trkpt lat="50.74063" lon="4.95528">
    <ele>69.97</ele>
   </trkpt>
   <trkpt lat="50.7409" lon="4.95519">
    <ele>70.57000000000001</ele>
   </trkpt>
   <trkpt lat="50.74137500023005" lon="4.954980002111852">
    <ele>72.41</ele>
   </trkpt>
   <trkpt lat="50.74185000000001" lon="4.954770000000001">
    <ele>74.03000000000002</ele>
   </trkpt>
   <trkpt lat="50.742070000000005" lon="4.954630000000001">
    <ele>75.16</ele>
   </trkpt>
   <trkpt lat="50.742430000000006" lon="4.95436">
    <ele>78.80000000000001</ele>
   </trkpt>
   <trkpt lat="50.742740000000005" lon="4.954160000000001">
    <ele>79.91000000000001</ele>
   </trkpt>
   <trkpt lat="50.74353000000001" lon="4.9537700000000005">
    <ele>83.82000000000001</ele>
   </trkpt>
   <trkpt lat="50.744020000000006" lon="4.95349">
    <ele>84.18</ele>
   </trkpt>
   <trkpt lat="50.744800000000005" lon="4.9530400000000006">
    <ele>81.19000000000001</ele>
   </trkpt>
   <trkpt lat="50.745050000000006" lon="4.952940000000001">
    <ele>80.11</ele>
   </trkpt>
   <trkpt lat="50.745380000000004" lon="4.95286">
    <ele>79.51</ele>
   </trkpt>
   <trkpt lat="50.7456" lon="4.952850000000001">
    <ele>77.23</ele>
   </trkpt>
   <trkpt lat="50.74607" lon="4.95289">
    <ele>75.94000000000001</ele>
   </trkpt>
   <trkpt lat="50.74631" lon="4.95288">
    <ele>74.73</ele>
   </trkpt>
   <trkpt lat="50.74673000000001" lon="4.9527600000000005">
    <ele>73.08</ele>
   </trkpt>
   <trkpt lat="50.747600000000006" lon="4.952520000000001">
    <ele>71.48</ele>
   </trkpt>
   <trkpt lat="50.74757" lon="4.951250000000001">
    <ele>70.74000000000001</ele>
   </trkpt>
   <trkpt lat="50.747520004056774" lon="4.950274998804374">
    <ele>72.04</ele>
   </trkpt>
   <trkpt lat="50.74747000000001" lon="4.9493">
    <ele>74.17</ele>
   </trkpt>
   <trkpt lat="50.747375007725694" lon="4.947954997138386">
    <ele>76.59</ele>
   </trkpt>
   <trkpt lat="50.74728" lon="4.946610000000001">
    <ele>78.28</ele>
   </trkpt>
   <trkpt lat="50.747160002868355" lon="4.945794998102876">
    <ele>78.87</ele>
   </trkpt>
   <trkpt lat="50.747040000000005" lon="4.94498">
    <ele>79.03</ele>
   </trkpt>
   <trkpt lat="50.74719" lon="4.94489">
    <ele>78.16000000000001</ele>
   </trkpt>
   <trkpt lat="50.74783500286869" lon="4.944075011192342">
    <ele>74.18</ele>
   </trkpt>
   <trkpt lat="50.74848" lon="4.94326">
    <ele>72.03000000000002</ele>
   </trkpt>
   <trkpt lat="50.74906000000001" lon="4.942760000000001">
    <ele>72.41</ele>
   </trkpt>
   <trkpt lat="50.74917000000001" lon="4.94261">
    <ele>72.52</ele>
   </trkpt>
   <trkpt lat="50.749688350468496" lon="4.941715049531092">
    <ele>72.74</ele>
   </trkpt>
   <trkpt lat="50.75020669408764" lon="4.9408200792429575">
    <ele>73.09</ele>
   </trkpt>
   <trkpt lat="50.75072503085716" lon="4.939925089135054">
    <ele>73.65</ele>
   </trkpt>
   <trkpt lat="50.7512433607768" lon="4.939030079206837">
    <ele>74.54</ele>
   </trkpt>
   <trkpt lat="50.75176168384626" lon="4.938135049457765">
    <ele>75.41</ele>
   </trkpt>
   <trkpt lat="50.752280000000006" lon="4.93724">
    <ele>76.28</ele>
   </trkpt>
   <trkpt lat="50.75273333848465" lon="4.936463348389135">
    <ele>78.0</ele>
   </trkpt>
   <trkpt lat="50.75318667181116" lon="4.935686681734387">
    <ele>79.76</ele>
   </trkpt>
   <trkpt lat="50.753640000000004" lon="4.93491">
    <ele>82.07000000000001</ele>
   </trkpt>
   <trkpt lat="50.75395" lon="4.934270000000001">
    <ele>83.27000000000001</ele>
   </trkpt>
   <trkpt lat="50.754110000000004" lon="4.934">
    <ele>83.55000000000001</ele>
   </trkpt>
   <trkpt lat="50.75450000000001" lon="4.933420000000001">
    <ele>84.08</ele>
   </trkpt>
   <trkpt lat="50.75487000074366" lon="4.932970003705911">
    <ele>84.39</ele>
   </trkpt>
   <trkpt lat="50.75524000000001" lon="4.93252">
    <ele>85.24000000000001</ele>
   </trkpt>
   <trkpt lat="50.755610000000004" lon="4.931970000000001">
    <ele>86.74000000000001</ele>
   </trkpt>
   <trkpt lat="50.756060000000005" lon="4.931360000000001">
    <ele>88.85000000000001</ele>
   </trkpt>
   <trkpt lat="50.75620000000001" lon="4.9311300000000005">
    <ele>89.45</ele>
   </trkpt>
   <trkpt lat="50.756640000000004" lon="4.930070000000001">
    <ele>93.52000000000001</ele>
   </trkpt>
   <trkpt lat="50.75732000000001" lon="4.9292300000000004">
    <ele>93.61000000000001</ele>
   </trkpt>
   <trkpt lat="50.757650000000005" lon="4.92891">
    <ele>92.71</ele>
   </trkpt>
   <trkpt lat="50.75788000000001" lon="4.928520000000001">
    <ele>91.41</ele>
   </trkpt>
   <trkpt lat="50.75811" lon="4.92799">
    <ele>89.29</ele>
   </trkpt>
   <trkpt lat="50.75847" lon="4.9275400000000005">
    <ele>87.67000000000002</ele>
   </trkpt>
   <trkpt lat="50.758770000000005" lon="4.9270700000000005">
    <ele>86.61</ele>
   </trkpt>
   <trkpt lat="50.758970000000005" lon="4.92687">
    <ele>85.38000000000001</ele>
   </trkpt>
   <trkpt lat="50.75916" lon="4.92675">
    <ele>85.38000000000001</ele>
   </trkpt>
   <trkpt lat="50.75949000000001" lon="4.92661">
    <ele>83.81</ele>
   </trkpt>
   <trkpt lat="50.75974" lon="4.926550000000001">
    <ele>83.81</ele>
   </trkpt>
   <trkpt lat="50.76006" lon="4.926500000000001">
    <ele>82.39</ele>
   </trkpt>
   <trkpt lat="50.76033" lon="4.92642">
    <ele>81.31</ele>
   </trkpt>
   <trkpt lat="50.760450000000006" lon="4.926360000000001">
    <ele>81.31</ele>
   </trkpt>
   <trkpt lat="50.760690000000004" lon="4.9261800000000004">
    <ele>79.06</ele>
   </trkpt>
   <trkpt lat="50.76088000000001" lon="4.92611">
    <ele>78.67</ele>
   </trkpt>
   <trkpt lat="50.760960000000004" lon="4.926100000000001">
    <ele>78.14</ele>
   </trkpt>
   <trkpt lat="50.761050000000004" lon="4.92612">
    <ele>77.83000000000001</ele>
   </trkpt>
   <trkpt lat="50.76118" lon="4.9261800000000004">
    <ele>77.56</ele>
   </trkpt>
   <trkpt lat="50.761590000000005" lon="4.9264600000000005">
    <ele>76.55000000000001</ele>
   </trkpt>
   <trkpt lat="50.76167" lon="4.92647">
    <ele>76.32000000000001</ele>
   </trkpt>
   <trkpt lat="50.76192" lon="4.92637">
    <ele>75.58000000000001</ele>
   </trkpt>
   <trkpt lat="50.762240000000006" lon="4.92619">
    <ele>73.47000000000001</ele>
   </trkpt>
   <trkpt lat="50.762370000000004" lon="4.92614">
    <ele>72.93</ele>
   </trkpt>
   <trkpt lat="50.762820000000005" lon="4.92605">
    <ele>70.37</ele>
   </trkpt>
   <trkpt lat="50.76305000000001" lon="4.92597">
    <ele>69.68</ele>
   </trkpt>
   <trkpt lat="50.763200000000005" lon="4.92588">
    <ele>69.44</ele>
   </trkpt>
   <trkpt lat="50.76326" lon="4.92577">
    <ele>69.0</ele>
   </trkpt>
   <trkpt lat="50.763540000000006" lon="4.92452">
    <ele>66.59</ele>
   </trkpt>
   <trkpt lat="50.76361000000001" lon="4.92408">
    <ele>65.9</ele>
   </trkpt>
   <trkpt lat="50.76364" lon="4.92396">
    <ele>65.67</ele>
   </trkpt>
   <trkpt lat="50.763760000000005" lon="4.9231300000000005">
    <ele>64.59</ele>
   </trkpt>
   <trkpt lat="50.76393" lon="4.92229">
    <ele>63.22</ele>
   </trkpt>
   <trkpt lat="50.76401000490247" lon="4.9212200017268435">
    <ele>61.93000000000001</ele>
   </trkpt>
   <trkpt lat="50.76409" lon="4.9201500000000005">
    <ele>60.86000000000001</ele>
   </trkpt>
   <trkpt lat="50.764450000000004" lon="4.92035">
    <ele>60.64000000000001</ele>
   </trkpt>
   <trkpt lat="50.76460000192019" lon="4.919675002288859">
    <ele>60.21000000000001</ele>
   </trkpt>
   <trkpt lat="50.76475000000001" lon="4.9190000000000005">
    <ele>60.59</ele>
   </trkpt>
   <trkpt lat="50.76494" lon="4.9183900000000005">
    <ele>60.36</ele>
   </trkpt>
   <trkpt lat="50.765010000000004" lon="4.918220000000001">
    <ele>59.93</ele>
   </trkpt>
   <trkpt lat="50.76507" lon="4.91816">
    <ele>59.93</ele>
   </trkpt>
   <trkpt lat="50.76511000000001" lon="4.91814">
    <ele>59.93</ele>
   </trkpt>
   <trkpt lat="50.76545000298279" lon="4.917300006187887">
    <ele>59.39</ele>
   </trkpt>
   <trkpt lat="50.76579" lon="4.916460000000001">
    <ele>59.10000000000001</ele>
   </trkpt>
   <trkpt lat="50.76586" lon="4.916340000000001">
    <ele>58.67000000000001</ele>
   </trkpt>
   <trkpt lat="50.76643000000001" lon="4.915640000000001">
    <ele>58.17</ele>
   </trkpt>
   <trkpt lat="50.766510000000004" lon="4.915520000000001">
    <ele>58.050000000000004</ele>
   </trkpt>
   <trkpt lat="50.76657" lon="4.915290000000001">
    <ele>58.050000000000004</ele>
   </trkpt>
   <trkpt lat="50.766700004439436" lon="4.914270002900901">
    <ele>57.35</ele>
   </trkpt>
   <trkpt lat="50.766830000000006" lon="4.913250000000001">
    <ele>56.81</ele>
   </trkpt>
   <trkpt lat="50.76697000000001" lon="4.91256">
    <ele>56.620000000000005</ele>
   </trkpt>
   <trkpt lat="50.767160000000004" lon="4.911860000000001">
    <ele>56.46</ele>
   </trkpt>
   <trkpt lat="50.76755000000001" lon="4.910900000000001">
    <ele>55.68000000000001</ele>
   </trkpt>
   <trkpt lat="50.768" lon="4.91014">
    <ele>55.36000000000001</ele>
   </trkpt>
   <trkpt lat="50.768190000000004" lon="4.90988">
    <ele>55.040000000000006</ele>
   </trkpt>
   <trkpt lat="50.768600000000006" lon="4.9093800000000005">
    <ele>54.830000000000005</ele>
   </trkpt>
   <trkpt lat="50.76892" lon="4.90899">
    <ele>54.61000000000001</ele>
   </trkpt>
   <trkpt lat="50.769130000000004" lon="4.908860000000001">
    <ele>54.6</ele>
   </trkpt>
   <trkpt lat="50.76921" lon="4.908880000000001">
    <ele>54.6</ele>
   </trkpt>
   <trkpt lat="50.7693" lon="4.9088400000000005">
    <ele>54.50000000000001</ele>
   </trkpt>
   <trkpt lat="50.76937" lon="4.908670000000001">
    <ele>54.49</ele>
   </trkpt>
   <trkpt lat="50.769360000000006" lon="4.908530000000001">
    <ele>54.49</ele>
   </trkpt>
   <trkpt lat="50.769400000000005" lon="4.90845">
    <ele>54.49</ele>
   </trkpt>
   <trkpt lat="50.76955" lon="4.908250000000001">
    <ele>54.410000000000004</ele>
   </trkpt>
   <trkpt lat="50.769980000000004" lon="4.907870000000001">
    <ele>54.55</ele>
   </trkpt>
   <trkpt lat="50.770210000000006" lon="4.9076">
    <ele>54.7</ele>
   </trkpt>
   <trkpt lat="50.77053" lon="4.90713">
    <ele>54.760000000000005</ele>
   </trkpt>
   <trkpt lat="50.77105835168954" lon="4.906203385663312">
    <ele>54.92</ele>
   </trkpt>
   <trkpt lat="50.771586696037616" lon="4.905276750394327">
    <ele>54.830000000000005</ele>
   </trkpt>
   <trkpt lat="50.77211503304392" lon="4.904350094192467">
    <ele>54.62</ele>
   </trkpt>
   <trkpt lat="50.772643362708166" lon="4.903423417057159">
    <ele>54.46</ele>
   </trkpt>
   <trkpt lat="50.77317168503002" lon="4.902496718987825">
    <ele>54.52</ele>
   </trkpt>
   <trkpt lat="50.773700000000005" lon="4.90157">
    <ele>54.18000000000001</ele>
   </trkpt>
   <trkpt lat="50.77387" lon="4.90122">
    <ele>53.88</ele>
   </trkpt>
   <trkpt lat="50.773950000000006" lon="4.900720000000001">
    <ele>52.75000000000001</ele>
   </trkpt>
   <trkpt lat="50.77398" lon="4.899760000000001">
    <ele>50.59</ele>
   </trkpt>
   <trkpt lat="50.77384000000001" lon="4.89909">
    <ele>49.730000000000004</ele>
   </trkpt>
   <trkpt lat="50.773810000000005" lon="4.89848">
    <ele>49.38000000000001</ele>
   </trkpt>
   <trkpt lat="50.77384000000001" lon="4.897390000000001">
    <ele>49.160000000000004</ele>
   </trkpt>
   <trkpt lat="50.77382" lon="4.8965000000000005">
    <ele>49.800000000000004</ele>
   </trkpt>
   <trkpt lat="50.773990000000005" lon="4.895110000000001">
    <ele>51.61</ele>
   </trkpt>
   <trkpt lat="50.774155005336745" lon="4.893990004126351">
    <ele>52.51</ele>
   </trkpt>
   <trkpt lat="50.77432" lon="4.89287">
    <ele>53.7</ele>
   </trkpt>
   <trkpt lat="50.77436" lon="4.89276">
    <ele>53.71000000000001</ele>
   </trkpt>
   <trkpt lat="50.774280000000005" lon="4.89259">
    <ele>53.93000000000001</ele>
   </trkpt>
   <trkpt lat="50.77434" lon="4.89146">
    <ele>54.99</ele>
   </trkpt>
   <trkpt lat="50.77438" lon="4.89099">
    <ele>55.620000000000005</ele>
   </trkpt>
   <trkpt lat="50.77440000000001" lon="4.890680000000001">
    <ele>55.900000000000006</ele>
   </trkpt>
   <trkpt lat="50.774480000000004" lon="4.89024">
    <ele>56.45</ele>
   </trkpt>
   <trkpt lat="50.77469000000001" lon="4.88957">
    <ele>57.38000000000001</ele>
   </trkpt>
   <trkpt lat="50.77481" lon="4.88909">
    <ele>58.400000000000006</ele>
   </trkpt>
   <trkpt lat="50.77481" lon="4.88895">
    <ele>58.400000000000006</ele>
   </trkpt>
   <trkpt lat="50.77454500174546" lon="4.8883049962651395">
    <ele>59.27</ele>
   </trkpt>
   <trkpt lat="50.774280000000005" lon="4.88766">
    <ele>58.96</ele>
   </trkpt>
   <trkpt lat="50.77414" lon="4.88736">
    <ele>58.64</ele>
   </trkpt>
   <trkpt lat="50.77425" lon="4.887300000000001">
    <ele>56.830000000000005</ele>
   </trkpt>
   <trkpt lat="50.774530000000006" lon="4.88698">
    <ele>55.36000000000001</ele>
   </trkpt>
   <trkpt lat="50.77459" lon="4.88694">
    <ele>55.36000000000001</ele>
   </trkpt>
   <trkpt lat="50.774640000000005" lon="4.88686">
    <ele>54.88</ele>
   </trkpt>
   <trkpt lat="50.775090000000006" lon="4.88628">
    <ele>53.790000000000006</ele>
   </trkpt>
   <trkpt lat="50.775180000000006" lon="4.88614">
    <ele>53.790000000000006</ele>
   </trkpt>
   <trkpt lat="50.7753" lon="4.885870000000001">
    <ele>53.6</ele>
   </trkpt>
   <trkpt lat="50.77534000000001" lon="4.88574">
    <ele>53.56</ele>
   </trkpt>
   <trkpt lat="50.77552000000001" lon="4.88534">
    <ele>53.45</ele>
   </trkpt>
   <trkpt lat="50.775650000000006" lon="4.88522">
    <ele>53.45</ele>
   </trkpt>
   <trkpt lat="50.775890000000004" lon="4.88506">
    <ele>53.44</ele>
   </trkpt>
   <trkpt lat="50.77613" lon="4.88499">
    <ele>53.53</ele>
   </trkpt>
   <trkpt lat="50.77624" lon="4.88497">
    <ele>53.78</ele>
   </trkpt>
   <trkpt lat="50.77638" lon="4.884930000000001">
    <ele>53.87</ele>
   </trkpt>
   <trkpt lat="50.776790000000005" lon="4.88475">
    <ele>54.46</ele>
   </trkpt>
   <trkpt lat="50.77713000000001" lon="4.88459">
    <ele>55.74</ele>
   </trkpt>
   <trkpt lat="50.777210000000004" lon="4.88449">
    <ele>55.74</ele>
   </trkpt>
   <trkpt lat="50.77727" lon="4.884320000000001">
    <ele>56.34</ele>
   </trkpt>
   <trkpt lat="50.77744252285764" lon="4.88298501476281">
    <ele>61.14000000000001</ele>
   </trkpt>
   <trkpt lat="50.77761503047786" lon="4.881650019676506">
    <ele>64.28</ele>
   </trkpt>
   <trkpt lat="50.777787522860464" lon="4.880315014741824">
    <ele>69.4</ele>
   </trkpt>
   <trkpt lat="50.77796000000001" lon="4.87898">
    <ele>74.29</ele>
   </trkpt>
   <trkpt lat="50.77809500354485" lon="4.878070002594374">
    <ele>77.27000000000001</ele>
   </trkpt>
   <trkpt lat="50.77823" lon="4.877160000000001">
    <ele>79.34</ele>
   </trkpt>
   <trkpt lat="50.77835" lon="4.87601">
    <ele>81.54</ele>
   </trkpt>
   <trkpt lat="50.77846" lon="4.87462">
    <ele>85.83</ele>
   </trkpt>
   <trkpt lat="50.77857" lon="4.87389">
    <ele>88.74000000000001</ele>
   </trkpt>
   <trkpt lat="50.778650000000006" lon="4.8735100000000005">
    <ele>89.78000000000002</ele>
   </trkpt>
   <trkpt lat="50.779003343902524" lon="4.872400016663096">
    <ele>94.75</ele>
   </trkpt>
   <trkpt lat="50.77935667727112" lon="4.871290016552575">
    <ele>98.51</ele>
   </trkpt>
   <trkpt lat="50.77971" lon="4.87018">
    <ele>101.06</ele>
   </trkpt>
   <trkpt lat="50.77993000000001" lon="4.869630000000001">
    <ele>100.88000000000001</ele>
   </trkpt>
   <trkpt lat="50.78038" lon="4.86878">
    <ele>99.37000000000002</ele>
   </trkpt>
   <trkpt lat="50.780770000000004" lon="4.86803">
    <ele>97.67</ele>
   </trkpt>
   <trkpt lat="50.78085" lon="4.86808">
    <ele>98.26</ele>
   </trkpt>
   <trkpt lat="50.780930000000005" lon="4.8681">
    <ele>98.26</ele>
   </trkpt>
   <trkpt lat="50.7813" lon="4.868010000000001">
    <ele>100.86</ele>
   </trkpt>
   <trkpt lat="50.78145000000001" lon="4.86805">
    <ele>101.75</ele>
   </trkpt>
   <trkpt lat="50.78152000000001" lon="4.868130000000001">
    <ele>102.46000000000001</ele>
   </trkpt>
   <trkpt lat="50.78202" lon="4.86887">
    <ele>104.13000000000001</ele>
   </trkpt>
   <trkpt lat="50.782180000000004" lon="4.86903">
    <ele>104.50000000000001</ele>
   </trkpt>
   <trkpt lat="50.78276" lon="4.869420000000001">
    <ele>105.53000000000002</ele>
   </trkpt>
   <trkpt lat="50.782900000000005" lon="4.869470000000001">
    <ele>105.74000000000001</ele>
   </trkpt>
   <trkpt lat="50.78305" lon="4.869490000000001">
    <ele>105.74000000000001</ele>
   </trkpt>
   <trkpt lat="50.7832" lon="4.86948">
    <ele>106.19</ele>
   </trkpt>
   <trkpt lat="50.78352" lon="4.869420000000001">
    <ele>106.32000000000001</ele>
   </trkpt>
   <trkpt lat="50.784330000000004" lon="4.86908">
    <ele>106.15</ele>
   </trkpt>
   <trkpt lat="50.784560000000006" lon="4.86911">
    <ele>105.92000000000002</ele>
   </trkpt>
   <trkpt lat="50.78490000000001" lon="4.86906">
    <ele>105.42000000000002</ele>
   </trkpt>
   <trkpt lat="50.7856" lon="4.86906">
    <ele>103.22</ele>
   </trkpt>
   <trkpt lat="50.78564" lon="4.86908">
    <ele>103.22</ele>
   </trkpt>
   <trkpt lat="50.78569" lon="4.869160000000001">
    <ele>102.9</ele>
   </trkpt>
   <trkpt lat="50.78604501295605" lon="4.870164977116923">
    <ele>100.94</ele>
   </trkpt>
   <trkpt lat="50.78640001727738" lon="4.871169969496258">
    <ele>98.66000000000001</ele>
   </trkpt>
   <trkpt lat="50.78675501296377" lon="4.872174977138058">
    <ele>96.97000000000001</ele>
   </trkpt>
   <trkpt lat="50.787110000000006" lon="4.8731800000000005">
    <ele>96.38000000000001</ele>
   </trkpt>
   <trkpt lat="50.78745000000001" lon="4.87392">
    <ele>97.19000000000001</ele>
   </trkpt>
   <trkpt lat="50.788030000000006" lon="4.8733200000000005">
    <ele>94.21</ele>
   </trkpt>
   <trkpt lat="50.78822" lon="4.8731800000000005">
    <ele>93.38000000000001</ele>
   </trkpt>
   <trkpt lat="50.788410000000006" lon="4.8731">
    <ele>93.38000000000001</ele>
   </trkpt>
   <trkpt lat="50.788560000000004" lon="4.87307">
    <ele>92.46000000000001</ele>
   </trkpt>
   <trkpt lat="50.78873" lon="4.873060000000001">
    <ele>91.89000000000001</ele>
   </trkpt>
   <trkpt lat="50.78936999990782" lon="4.873099999446183">
    <ele>89.37</ele>
   </trkpt>
   <trkpt lat="50.79001" lon="4.87314">
    <ele>87.88000000000001</ele>
   </trkpt>
   <trkpt lat="50.790620000000004" lon="4.87314">
    <ele>84.60000000000001</ele>
   </trkpt>
   <trkpt lat="50.790960000000005" lon="4.87307">
    <ele>83.21000000000001</ele>
   </trkpt>
   <trkpt lat="50.791140000000006" lon="4.873">
    <ele>82.82000000000001</ele>
   </trkpt>
   <trkpt lat="50.791790000000006" lon="4.87262">
    <ele>82.55000000000001</ele>
   </trkpt>
   <trkpt lat="50.791495006779535" lon="4.871359992019888">
    <ele>82.92</ele>
   </trkpt>
   <trkpt lat="50.7912" lon="4.870100000000001">
    <ele>83.78</ele>
   </trkpt>
   <trkpt lat="50.79101000000001" lon="4.86915">
    <ele>84.25</ele>
   </trkpt>
   <trkpt lat="50.79133" lon="4.86922">
    <ele>83.11</ele>
   </trkpt>
   <trkpt lat="50.791920000374304" lon="4.869419997544468">
    <ele>82.05000000000001</ele>
   </trkpt>
   <trkpt lat="50.79251000000001" lon="4.86962">
    <ele>80.03999999999999</ele>
   </trkpt>
   <trkpt lat="50.79317500021716" lon="4.869884996196647">
    <ele>78.4</ele>
   </trkpt>
   <trkpt lat="50.79384" lon="4.870150000000001">
    <ele>76.09</ele>
   </trkpt>
   <trkpt lat="50.79453" lon="4.87051">
    <ele>73.15</ele>
   </trkpt>
   <trkpt lat="50.794740000000004" lon="4.87059">
    <ele>73.15</ele>
   </trkpt>
   <trkpt lat="50.79527" lon="4.87068">
    <ele>70.86</ele>
   </trkpt>
   <trkpt lat="50.79543" lon="4.87068">
    <ele>69.58</ele>
   </trkpt>
   <trkpt lat="50.795440000000006" lon="4.87068">
    <ele>69.58</ele>
   </trkpt>
   <trkpt lat="50.795730000000006" lon="4.8707">
    <ele>67.2</ele>
   </trkpt>
   <trkpt lat="50.79622999997615" lon="4.870675000268789">
    <ele>64.7</ele>
   </trkpt>
   <trkpt lat="50.796730000000004" lon="4.87065">
    <ele>63.82</ele>
   </trkpt>
   <trkpt lat="50.79702" lon="4.87073">
    <ele>63.83000000000001</ele>
   </trkpt>
   <trkpt lat="50.79739000000001" lon="4.870900000000001">
    <ele>64.01</ele>
   </trkpt>
   <trkpt lat="50.79771" lon="4.87101">
    <ele>64.41000000000001</ele>
   </trkpt>
   <trkpt lat="50.79796" lon="4.87103">
    <ele>64.60000000000001</ele>
   </trkpt>
   <trkpt lat="50.79825" lon="4.871020000000001">
    <ele>65.16000000000001</ele>
   </trkpt>
   <trkpt lat="50.79869000000001" lon="4.870920000000001">
    <ele>64.66000000000001</ele>
   </trkpt>
   <trkpt lat="50.79922000097244" lon="4.871374994914746">
    <ele>62.09</ele>
   </trkpt>
   <trkpt lat="50.79975" lon="4.87183">
    <ele>59.65</ele>
   </trkpt>
   <trkpt lat="50.799890000000005" lon="4.872070000000001">
    <ele>58.63</ele>
   </trkpt>
   <trkpt lat="50.80004" lon="4.87244">
    <ele>57.14</ele>
   </trkpt>
   <trkpt lat="50.800580000000004" lon="4.873360000000001">
    <ele>53.67</ele>
   </trkpt>
   <trkpt lat="50.800740000000005" lon="4.87356">
    <ele>53.67</ele>
   </trkpt>
   <trkpt lat="50.801190000000005" lon="4.87403">
    <ele>52.13</ele>
   </trkpt>
   <trkpt lat="50.801550000000006" lon="4.8742600000000005">
    <ele>51.29</ele>
   </trkpt>
   <trkpt lat="50.80162000000001" lon="4.87429">
    <ele>51.190000000000005</ele>
   </trkpt>
   <trkpt lat="50.80169" lon="4.87429">
    <ele>51.17000000000001</ele>
   </trkpt>
   <trkpt lat="50.80200000000001" lon="4.874210000000001">
    <ele>51.53000000000001</ele>
   </trkpt>
   <trkpt lat="50.802170000000004" lon="4.87403">
    <ele>51.49</ele>
   </trkpt>
   <trkpt lat="50.80223" lon="4.8739300000000005">
    <ele>51.49</ele>
   </trkpt>
   <trkpt lat="50.802780000000006" lon="4.87466">
    <ele>51.58</ele>
   </trkpt>
   <trkpt lat="50.80339000000001" lon="4.87544">
    <ele>53.4</ele>
   </trkpt>
   <trkpt lat="50.804006672374946" lon="4.8762566451186045">
    <ele>56.52</ele>
   </trkpt>
   <trkpt lat="50.804623339048874" lon="4.877073311794506">
    <ele>60.47</ele>
   </trkpt>
   <trkpt lat="50.805240000000005" lon="4.877890000000001">
    <ele>65.53</ele>
   </trkpt>
   <trkpt lat="50.80554000000001" lon="4.878150000000001">
    <ele>67.06</ele>
   </trkpt>
   <trkpt lat="50.805670000000006" lon="4.87823">
    <ele>67.06</ele>
   </trkpt>
   <trkpt lat="50.80597" lon="4.87837">
    <ele>68.64</ele>
   </trkpt>
   <trkpt lat="50.80626" lon="4.878410000000001">
    <ele>69.91</ele>
   </trkpt>
   <trkpt lat="50.807056666659165" lon="4.87842666609803">
    <ele>73.74</ele>
   </trkpt>
   <trkpt lat="50.80785333331595" lon="4.878443332764478">
    <ele>76.71</ele>
   </trkpt>
   <trkpt lat="50.80865000000001" lon="4.8784600000000005">
    <ele>79.42</ele>
   </trkpt>
   <trkpt lat="50.80881" lon="4.878480000000001">
    <ele>80.09</ele>
   </trkpt>
   <trkpt lat="50.80912000000001" lon="4.87858">
    <ele>81.62</ele>
   </trkpt>
   <trkpt lat="50.80928" lon="4.87866">
    <ele>82.72</ele>
   </trkpt>
   <trkpt lat="50.80957" lon="4.87889">
    <ele>83.49000000000001</ele>
   </trkpt>
   <trkpt lat="50.809850000000004" lon="4.879180000000001">
    <ele>84.57000000000001</ele>
   </trkpt>
   <trkpt lat="50.810050000000004" lon="4.8795">
    <ele>85.25</ele>
   </trkpt>
   <trkpt lat="50.810611692914634" lon="4.88060826669556">
    <ele>84.71000000000001</ele>
   </trkpt>
   <trkpt lat="50.81117337533017" lon="4.88171656004432">
    <ele>81.26</ele>
   </trkpt>
   <trkpt lat="50.81173504724619" lon="4.882824880046957">
    <ele>77.98</ele>
   </trkpt>
   <trkpt lat="50.81229670866219" lon="4.883933226704147">
    <ele>74.8</ele>
   </trkpt>
   <trkpt lat="50.81285835957773" lon="4.885041600016567">
    <ele>72.21000000000001</ele>
   </trkpt>
   <trkpt lat="50.81342" lon="4.886150000000001">
    <ele>71.23</ele>
   </trkpt>
   <trkpt lat="50.81384667269447" lon="4.88531001535356">
    <ele>71.62</ele>
   </trkpt>
   <trkpt lat="50.81427333935791" lon="4.884470015360165">
    <ele>71.57000000000001</ele>
   </trkpt>
   <trkpt lat="50.8147" lon="4.88363">
    <ele>71.5</ele>
   </trkpt>
   <trkpt lat="50.814640000000004" lon="4.883330000000001">
    <ele>71.61</ele>
   </trkpt>
   <trkpt lat="50.81463" lon="4.883170000000001">
    <ele>71.61</ele>
   </trkpt>
   <trkpt lat="50.81466" lon="4.8829400000000005">
    <ele>71.56000000000002</ele>
   </trkpt>
   <trkpt lat="50.8147" lon="4.88285">
    <ele>71.47</ele>
   </trkpt>
   <trkpt lat="50.81524000263979" lon="4.88207000896126">
    <ele>70.25</ele>
   </trkpt>
   <trkpt lat="50.815780000000004" lon="4.881290000000001">
    <ele>71.64000000000001</ele>
   </trkpt>
   <trkpt lat="50.815380000000005" lon="4.88055">
    <ele>72.86000000000001</ele>
   </trkpt>
   <trkpt lat="50.81514000000001" lon="4.8800300000000005">
    <ele>73.61000000000001</ele>
   </trkpt>
   <trkpt lat="50.814980000000006" lon="4.8795">
    <ele>73.85000000000001</ele>
   </trkpt>
   <trkpt lat="50.81486" lon="4.878500000000001">
    <ele>75.11000000000001</ele>
   </trkpt>
   <trkpt lat="50.81485000000001" lon="4.8778500000000005">
    <ele>75.94000000000001</ele>
   </trkpt>
   <trkpt lat="50.81490334726526" lon="4.87657333623554">
    <ele>77.48</ele>
   </trkpt>
   <trkpt lat="50.81495668059919" lon="4.875296669554969">
    <ele>79.78999999999999</ele>
   </trkpt>
   <trkpt lat="50.81501" lon="4.874020000000001">
    <ele>82.55000000000001</ele>
   </trkpt>
   <trkpt lat="50.81499" lon="4.87377">
    <ele>83.53</ele>
   </trkpt>
   <trkpt lat="50.81495" lon="4.87354">
    <ele>83.53</ele>
   </trkpt>
   <trkpt lat="50.814696673979455" lon="4.872613323181584">
    <ele>86.75</ele>
   </trkpt>
   <trkpt lat="50.814443340618986" lon="4.871686656415811">
    <ele>90.19</ele>
   </trkpt>
   <trkpt lat="50.81419" lon="4.870760000000001">
    <ele>93.75000000000001</ele>
   </trkpt>
   <trkpt lat="50.81411000000001" lon="4.870220000000001">
    <ele>95.01</ele>
   </trkpt>
   <trkpt lat="50.81408669961197" lon="4.86897833023818">
    <ele>95.01</ele>
   </trkpt>
   <trkpt lat="50.81406338604581" lon="4.867736661715584">
    <ele>93.73</ele>
   </trkpt>
   <trkpt lat="50.814040059301576" lon="4.866494994432913">
    <ele>91.05</ele>
   </trkpt>
   <trkpt lat="50.814016719379275" lon="4.8652533283908665">
    <ele>89.54</ele>
   </trkpt>
   <trkpt lat="50.81399336627895" lon="4.864011663590139">
    <ele>85.24000000000001</ele>
   </trkpt>
   <trkpt lat="50.813970000000005" lon="4.86277">
    <ele>83.03</ele>
   </trkpt>
   <trkpt lat="50.81394" lon="4.86193">
    <ele>82.44000000000001</ele>
   </trkpt>
   <trkpt lat="50.81385" lon="4.86094">
    <ele>82.74000000000001</ele>
   </trkpt>
   <trkpt lat="50.81371000000001" lon="4.860040000000001">
    <ele>83.61</ele>
   </trkpt>
   <trkpt lat="50.81356000206169" lon="4.859349997907991">
    <ele>85.23</ele>
   </trkpt>
   <trkpt lat="50.813410000000005" lon="4.85866">
    <ele>86.09000000000002</ele>
   </trkpt>
   <trkpt lat="50.813185003119614" lon="4.857799995699321">
    <ele>87.02000000000001</ele>
   </trkpt>
   <trkpt lat="50.812960000000004" lon="4.856940000000001">
    <ele>85.77000000000001</ele>
   </trkpt>
   <trkpt lat="50.81289" lon="4.856540000000001">
    <ele>84.52000000000001</ele>
   </trkpt>
   <trkpt lat="50.81288000000001" lon="4.85623">
    <ele>83.44</ele>
   </trkpt>
   <trkpt lat="50.812940000000005" lon="4.85573">
    <ele>81.58</ele>
   </trkpt>
   <trkpt lat="50.81328000561025" lon="4.854585008310706">
    <ele>79.63000000000001</ele>
   </trkpt>
   <trkpt lat="50.81362000000001" lon="4.85344">
    <ele>80.06</ele>
   </trkpt>
   <trkpt lat="50.81371000000001" lon="4.85296">
    <ele>80.27000000000001</ele>
   </trkpt>
   <trkpt lat="50.813750000000006" lon="4.85252">
    <ele>80.58000000000001</ele>
   </trkpt>
   <trkpt lat="50.813750000000006" lon="4.85215">
    <ele>80.85000000000001</ele>
   </trkpt>
   <trkpt lat="50.81372667732682" lon="4.851033332303949">
    <ele>81.37</ele>
   </trkpt>
   <trkpt lat="50.813703343995286" lon="4.8499166657233586">
    <ele>81.76</ele>
   </trkpt>
   <trkpt lat="50.813680000000005" lon="4.848800000000001">
    <ele>81.2</ele>
   </trkpt>
   <trkpt lat="50.813610000000004" lon="4.8481700000000005">
    <ele>80.78</ele>
   </trkpt>
   <trkpt lat="50.813520000000004" lon="4.84771">
    <ele>80.58000000000001</ele>
   </trkpt>
   <trkpt lat="50.8133400023056" lon="4.8469749971543505">
    <ele>79.56</ele>
   </trkpt>
   <trkpt lat="50.81316" lon="4.846240000000001">
    <ele>78.63000000000001</ele>
   </trkpt>
   <trkpt lat="50.81316" lon="4.84623">
    <ele>78.62</ele>
   </trkpt>
   <trkpt lat="50.81298" lon="4.845490000000001">
    <ele>77.73</ele>
   </trkpt>
   <trkpt lat="50.812810000000006" lon="4.84497">
    <ele>77.39</ele>
   </trkpt>
   <trkpt lat="50.81319500066467" lon="4.844545003621634">
    <ele>78.58000000000001</ele>
   </trkpt>
   <trkpt lat="50.81358" lon="4.84412">
    <ele>80.15</ele>
   </trkpt>
   <trkpt lat="50.813770000000005" lon="4.84395">
    <ele>80.92</ele>
   </trkpt>
   <trkpt lat="50.81396" lon="4.84382">
    <ele>81.35000000000001</ele>
   </trkpt>
   <trkpt lat="50.81418000000001" lon="4.843730000000001">
    <ele>81.62</ele>
   </trkpt>
   <trkpt lat="50.81436" lon="4.8437">
    <ele>81.84</ele>
   </trkpt>
   <trkpt lat="50.814510000000006" lon="4.843710000000001">
    <ele>81.84</ele>
   </trkpt>
   <trkpt lat="50.81497" lon="4.84379">
    <ele>82.01</ele>
   </trkpt>
   <trkpt lat="50.815180000000005" lon="4.843800000000001">
    <ele>82.01</ele>
   </trkpt>
   <trkpt lat="50.815380000000005" lon="4.84375">
    <ele>81.93</ele>
   </trkpt>
   <trkpt lat="50.81624000135441" lon="4.843350014737802">
    <ele>81.21000000000001</ele>
   </trkpt>
   <trkpt lat="50.817100001341295" lon="4.842950014744244">
    <ele>80.28999999999999</ele>
   </trkpt>
   <trkpt lat="50.81796000000001" lon="4.84255">
    <ele>80.42</ele>
   </trkpt>
   <trkpt lat="50.818450000145745" lon="4.842310002567462">
    <ele>81.52000000000001</ele>
   </trkpt>
   <trkpt lat="50.818940000000005" lon="4.8420700000000005">
    <ele>83.2</ele>
   </trkpt>
   <trkpt lat="50.81970714619986" lon="4.841708607058284">
    <ele>86.11</ele>
   </trkpt>
   <trkpt lat="50.82047429128339" lon="4.841347202242205">
    <ele>85.82000000000001</ele>
   </trkpt>
   <trkpt lat="50.821241435250485" lon="4.840985785551063">
    <ele>82.63000000000001</ele>
   </trkpt>
   <trkpt lat="50.82200857810112" lon="4.840624356984161">
    <ele>78.91000000000001</ele>
   </trkpt>
   <trkpt lat="50.82277571983521" lon="4.840262916540803">
    <ele>76.01</ele>
   </trkpt>
   <trkpt lat="50.82354286045268" lon="4.83990146422029">
    <ele>74.86000000000001</ele>
   </trkpt>
   <trkpt lat="50.824310000000004" lon="4.83954">
    <ele>74.17</ele>
   </trkpt>
   <trkpt lat="50.82498500132803" lon="4.839215014108982">
    <ele>73.35000000000001</ele>
   </trkpt>
   <trkpt lat="50.82566000175334" lon="4.838890018820675">
    <ele>72.43</ele>
   </trkpt>
   <trkpt lat="50.82633500127589" lon="4.838565014134595">
    <ele>71.5</ele>
   </trkpt>
   <trkpt lat="50.82701" lon="4.838240000000001">
    <ele>70.65</ele>
   </trkpt>
   <trkpt lat="50.827310000000004" lon="4.83802">
    <ele>70.17</ele>
   </trkpt>
   <trkpt lat="50.827560000000005" lon="4.83778">
    <ele>69.83</ele>
   </trkpt>
   <trkpt lat="50.82781000000001" lon="4.83748">
    <ele>69.60000000000001</ele>
   </trkpt>
   <trkpt lat="50.828030000000005" lon="4.83711">
    <ele>69.25</ele>
   </trkpt>
   <trkpt lat="50.82842" lon="4.836320000000001">
    <ele>68.41000000000001</ele>
   </trkpt>
   <trkpt lat="50.828590000000005" lon="4.836080000000001">
    <ele>68.41000000000001</ele>
   </trkpt>
   <trkpt lat="50.82883" lon="4.835780000000001">
    <ele>67.72</ele>
   </trkpt>
   <trkpt lat="50.82884000000001" lon="4.83577">
    <ele>67.72</ele>
   </trkpt>
   <trkpt lat="50.82949000000001" lon="4.83499">
    <ele>65.33</ele>
   </trkpt>
   <trkpt lat="50.82974" lon="4.8346100000000005">
    <ele>64.93</ele>
   </trkpt>
   <trkpt lat="50.829930000000004" lon="4.8341400000000005">
    <ele>63.67</ele>
   </trkpt>
   <trkpt lat="50.83005000000001" lon="4.8339300000000005">
    <ele>62.89</ele>
   </trkpt>
   <trkpt lat="50.83024" lon="4.8337">
    <ele>62.230000000000004</ele>
   </trkpt>
   <trkpt lat="50.83035" lon="4.83352">
    <ele>62.230000000000004</ele>
   </trkpt>
   <trkpt lat="50.830420000000004" lon="4.833270000000001">
    <ele>61.480000000000004</ele>
   </trkpt>
   <trkpt lat="50.830510000000004" lon="4.83331">
    <ele>61.480000000000004</ele>
   </trkpt>
   <trkpt lat="50.83059" lon="4.83331">
    <ele>61.190000000000005</ele>
   </trkpt>
   <trkpt lat="50.830780000000004" lon="4.83321">
    <ele>60.32000000000001</ele>
   </trkpt>
   <trkpt lat="50.830960000000005" lon="4.83317">
    <ele>59.77</ele>
   </trkpt>
   <trkpt lat="50.831070000000004" lon="4.8331800000000005">
    <ele>59.42000000000001</ele>
   </trkpt>
   <trkpt lat="50.83127" lon="4.83324">
    <ele>59.2</ele>
   </trkpt>
   <trkpt lat="50.83149" lon="4.8334">
    <ele>58.910000000000004</ele>
   </trkpt>
   <trkpt lat="50.83198" lon="4.83382">
    <ele>58.82</ele>
   </trkpt>
   <trkpt lat="50.83220000000001" lon="4.833950000000001">
    <ele>59.10000000000001</ele>
   </trkpt>
   <trkpt lat="50.832350000000005" lon="4.8340000000000005">
    <ele>59.10000000000001</ele>
   </trkpt>
   <trkpt lat="50.832530000000006" lon="4.83403">
    <ele>59.04</ele>
   </trkpt>
   <trkpt lat="50.832710000000006" lon="4.83403">
    <ele>59.04</ele>
   </trkpt>
   <trkpt lat="50.833090000000006" lon="4.8339300000000005">
    <ele>59.080000000000005</ele>
   </trkpt>
   <trkpt lat="50.833270000000006" lon="4.83387">
    <ele>59.22</ele>
   </trkpt>
   <trkpt lat="50.83339" lon="4.833690000000001">
    <ele>59.150000000000006</ele>
   </trkpt>
   <trkpt lat="50.833510000000004" lon="4.83377">
    <ele>59.10000000000001</ele>
   </trkpt>
   <trkpt lat="50.833830000000006" lon="4.8337">
    <ele>58.95</ele>
   </trkpt>
   <trkpt lat="50.83404" lon="4.83368">
    <ele>58.95</ele>
   </trkpt>
   <trkpt lat="50.83418" lon="4.83375">
    <ele>58.95</ele>
   </trkpt>
   <trkpt lat="50.834320000000005" lon="4.83387">
    <ele>58.72</ele>
   </trkpt>
   <trkpt lat="50.834705002029985" lon="4.834564994205377">
    <ele>58.52</ele>
   </trkpt>
   <trkpt lat="50.83509" lon="4.835260000000001">
    <ele>59.02</ele>
   </trkpt>
   <trkpt lat="50.83525" lon="4.8356200000000005">
    <ele>58.96</ele>
   </trkpt>
   <trkpt lat="50.8355" lon="4.836250000000001">
    <ele>58.230000000000004</ele>
   </trkpt>
   <trkpt lat="50.8357" lon="4.836690000000001">
    <ele>57.74</ele>
   </trkpt>
   <trkpt lat="50.83596000000001" lon="4.83717">
    <ele>57.5</ele>
   </trkpt>
   <trkpt lat="50.83626" lon="4.83769">
    <ele>57.81000000000001</ele>
   </trkpt>
   <trkpt lat="50.83666" lon="4.838290000000001">
    <ele>58.550000000000004</ele>
   </trkpt>
   <trkpt lat="50.83679000000001" lon="4.838550000000001">
    <ele>58.53</ele>
   </trkpt>
   <trkpt lat="50.837240005286986" lon="4.839664989185441">
    <ele>57.82</ele>
   </trkpt>
   <trkpt lat="50.83769" lon="4.8407800000000005">
    <ele>56.64</ele>
   </trkpt>
   <trkpt lat="50.83769" lon="4.84077">
    <ele>56.650000000000006</ele>
   </trkpt>
   <trkpt lat="50.837790000000005" lon="4.840940000000001">
    <ele>56.38</ele>
   </trkpt>
   <trkpt lat="50.838100000000004" lon="4.8413">
    <ele>56.18000000000001</ele>
   </trkpt>
   <trkpt lat="50.83847" lon="4.8416500000000005">
    <ele>55.93000000000001</ele>
   </trkpt>
   <trkpt lat="50.83879" lon="4.840660000000001">
    <ele>55.77</ele>
   </trkpt>
   <trkpt lat="50.838890000000006" lon="4.840680000000001">
    <ele>55.66</ele>
   </trkpt>
   <trkpt lat="50.839110000000005" lon="4.84062">
    <ele>55.24</ele>
   </trkpt>
   <trkpt lat="50.83934000000001" lon="4.840540000000001">
    <ele>55.120000000000005</ele>
   </trkpt>
   <trkpt lat="50.83948" lon="4.84046">
    <ele>55.18000000000001</ele>
   </trkpt>
   <trkpt lat="50.840030000000006" lon="4.83994">
    <ele>56.050000000000004</ele>
   </trkpt>
   <trkpt lat="50.84051" lon="4.83919">
    <ele>58.25</ele>
   </trkpt>
   <trkpt lat="50.84085500105036" lon="4.838700003588234">
    <ele>59.2</ele>
   </trkpt>
   <trkpt lat="50.8412" lon="4.83821">
    <ele>60.10000000000001</ele>
   </trkpt>
   <trkpt lat="50.8415" lon="4.83779">
    <ele>60.58</ele>
   </trkpt>
   <trkpt lat="50.84189000085011" lon="4.837330003908607">
    <ele>61.160000000000004</ele>
   </trkpt>
   <trkpt lat="50.84228" lon="4.83687">
    <ele>62.400000000000006</ele>
   </trkpt>
   <trkpt lat="50.842850000000006" lon="4.837960000000001">
    <ele>61.410000000000004</ele>
   </trkpt>
   <trkpt lat="50.843210000000006" lon="4.838710000000001">
    <ele>60.92</ele>
   </trkpt>
   <trkpt lat="50.84370334379809" lon="4.839816643260681">
    <ele>59.32</ele>
   </trkpt>
   <trkpt lat="50.84419667713036" lon="4.84092330992452">
    <ele>58.910000000000004</ele>
   </trkpt>
   <trkpt lat="50.84469000000001" lon="4.84203">
    <ele>58.29</ele>
   </trkpt>
   <trkpt lat="50.845240000000004" lon="4.84299">
    <ele>57.7</ele>
   </trkpt>
   <trkpt lat="50.84559" lon="4.84351">
    <ele>57.800000000000004</ele>
   </trkpt>
   <trkpt lat="50.845760000000006" lon="4.843870000000001">
    <ele>57.870000000000005</ele>
   </trkpt>
   <trkpt lat="50.845870000000005" lon="4.8442300000000005">
    <ele>58.06000000000001</ele>
   </trkpt>
   <trkpt lat="50.84593" lon="4.844480000000001">
    <ele>58.06000000000001</ele>
   </trkpt>
   <trkpt lat="50.84597" lon="4.84476">
    <ele>58.190000000000005</ele>
   </trkpt>
   <trkpt lat="50.845980000000004" lon="4.84539">
    <ele>58.830000000000005</ele>
   </trkpt>
   <trkpt lat="50.84588" lon="4.84598">
    <ele>59.57</ele>
   </trkpt>
   <trkpt lat="50.845800000000004" lon="4.84625">
    <ele>59.57</ele>
   </trkpt>
   <trkpt lat="50.84563000000001" lon="4.846620000000001">
    <ele>59.78000000000001</ele>
   </trkpt>
   <trkpt lat="50.84552000000001" lon="4.84682">
    <ele>59.78000000000001</ele>
   </trkpt>
   <trkpt lat="50.8451550010169" lon="4.847285003519448">
    <ele>60.42</ele>
   </trkpt>
   <trkpt lat="50.84479" lon="4.8477500000000004">
    <ele>60.72</ele>
   </trkpt>
   <trkpt lat="50.84456" lon="4.84815">
    <ele>61.370000000000005</ele>
   </trkpt>
   <trkpt lat="50.84443" lon="4.848680000000001">
    <ele>61.85</ele>
   </trkpt>
   <trkpt lat="50.84442000000001" lon="4.84914">
    <ele>62.470000000000006</ele>
   </trkpt>
   <trkpt lat="50.84447" lon="4.849480000000001">
    <ele>62.470000000000006</ele>
   </trkpt>
   <trkpt lat="50.84478000000001" lon="4.85081">
    <ele>63.34</ele>
   </trkpt>
   <trkpt lat="50.8449" lon="4.85118">
    <ele>63.32</ele>
   </trkpt>
   <trkpt lat="50.84531500398386" lon="4.852139991567034">
    <ele>63.21</ele>
   </trkpt>
   <trkpt lat="50.84573" lon="4.8531">
    <ele>63.88</ele>
   </trkpt>
   <trkpt lat="50.845800000000004" lon="4.853300000000001">
    <ele>64.03</ele>
   </trkpt>
   <trkpt lat="50.84597500216501" lon="4.854019997093433">
    <ele>64.84</ele>
   </trkpt>
   <trkpt lat="50.84615" lon="4.8547400000000005">
    <ele>65.01</ele>
   </trkpt>
   <trkpt lat="50.84637000000001" lon="4.855460000000001">
    <ele>63.86</ele>
   </trkpt>
   <trkpt lat="50.846660003402384" lon="4.8563349949561">
    <ele>61.58</ele>
   </trkpt>
   <trkpt lat="50.84695000000001" lon="4.85721">
    <ele>60.33</ele>
   </trkpt>
   <trkpt lat="50.847307516234515" lon="4.858334974172371">
    <ele>59.42000000000001</ele>
   </trkpt>
   <trkpt lat="50.84766502165396" lon="4.859459965587554">
    <ele>59.56</ele>
   </trkpt>
   <trkpt lat="50.84802251625805" lon="4.860584974245509">
    <ele>59.830000000000005</ele>
   </trkpt>
   <trkpt lat="50.848380000000006" lon="4.86171">
    <ele>59.54</ele>
   </trkpt>
   <trkpt lat="50.848705004174086" lon="4.862689993385105">
    <ele>58.900000000000006</ele>
   </trkpt>
   <trkpt lat="50.849030000000006" lon="4.863670000000001">
    <ele>58.21</ele>
   </trkpt>
   <trkpt lat="50.84915" lon="4.8639">
    <ele>58.06000000000001</ele>
   </trkpt>
   <trkpt lat="50.84948000133068" lon="4.864454996098219">
    <ele>57.6</ele>
   </trkpt>
   <trkpt lat="50.849810000000005" lon="4.865010000000001">
    <ele>57.09</ele>
   </trkpt>
   <trkpt lat="50.850435013203374" lon="4.866024959196895">
    <ele>56.38</ele>
   </trkpt>
   <trkpt lat="50.851060017603636" lon="4.867039945593352">
    <ele>55.56</ele>
   </trkpt>
   <trkpt lat="50.851685013200346" lon="4.868054959190325">
    <ele>54.93000000000001</ele>
   </trkpt>
   <trkpt lat="50.85231" lon="4.869070000000001">
    <ele>54.470000000000006</ele>
   </trkpt>
   <trkpt lat="50.85276" lon="4.869870000000001">
    <ele>54.25000000000001</ele>
   </trkpt>
   <trkpt lat="50.853050001637115" lon="4.870484996220935">
    <ele>55.50000000000001</ele>
   </trkpt>
   <trkpt lat="50.85334" lon="4.8711">
    <ele>57.67</ele>
   </trkpt>
   <trkpt lat="50.85365000242348" lon="4.871849995063819">
    <ele>60.35000000000001</ele>
   </trkpt>
   <trkpt lat="50.85396" lon="4.8726">
    <ele>63.13</ele>
   </trkpt>
   <trkpt lat="50.85396" lon="4.87258">
    <ele>63.08000000000001</ele>
   </trkpt>
   <trkpt lat="50.85439" lon="4.873600000000001">
    <ele>66.18</ele>
   </trkpt>
   <trkpt lat="50.85461" lon="4.873970000000001">
    <ele>66.49000000000001</ele>
   </trkpt>
   <trkpt lat="50.854710000000004" lon="4.874110000000001">
    <ele>66.80000000000001</ele>
   </trkpt>
   <trkpt lat="50.85517" lon="4.8746">
    <ele>67.89</ele>
   </trkpt>
   <trkpt lat="50.85528000000001" lon="4.87483">
    <ele>67.91000000000001</ele>
   </trkpt>
   <trkpt lat="50.855635003803435" lon="4.875769992919523">
    <ele>67.26</ele>
   </trkpt>
   <trkpt lat="50.855990000000006" lon="4.87671">
    <ele>66.51</ele>
   </trkpt>
   <trkpt lat="50.856100000000005" lon="4.876950000000001">
    <ele>66.51</ele>
   </trkpt>
   <trkpt lat="50.856230000000004" lon="4.877160000000001">
    <ele>66.36</ele>
   </trkpt>
   <trkpt lat="50.85645" lon="4.87743">
    <ele>65.86</ele>
   </trkpt>
   <trkpt lat="50.85713000429383" lon="4.87813664608577">
    <ele>64.62</ele>
   </trkpt>
   <trkpt lat="50.85781000432065" lon="4.87884331277991">
    <ele>63.04</ele>
   </trkpt>
   <trkpt lat="50.85849" lon="4.87955">
    <ele>61.77</ele>
   </trkpt>
   <trkpt lat="50.85857000000001" lon="4.87966">
    <ele>61.77</ele>
   </trkpt>
   <trkpt lat="50.85869" lon="4.8799">
    <ele>61.57000000000001</ele>
   </trkpt>
   <trkpt lat="50.85895000000001" lon="4.880680000000001">
    <ele>60.92</ele>
   </trkpt>
   <trkpt lat="50.85933000000001" lon="4.88196">
    <ele>60.82000000000001</ele>
   </trkpt>
   <trkpt lat="50.85962000000001" lon="4.88283">
    <ele>60.86000000000001</ele>
   </trkpt>
   <trkpt lat="50.859785005708964" lon="4.883989995614637">
    <ele>61.230000000000004</ele>
   </trkpt>
   <trkpt lat="50.859950000000005" lon="4.88515">
    <ele>61.4</ele>
   </trkpt>
   <trkpt lat="50.86023" lon="4.88609">
    <ele>61.730000000000004</ele>
   </trkpt>
   <trkpt lat="50.860440000000004" lon="4.88665">
    <ele>61.86000000000001</ele>
   </trkpt>
   <trkpt lat="50.86055" lon="4.886880000000001">
    <ele>62.63</ele>
   </trkpt>
   <trkpt lat="50.860975002377245" lon="4.887629993118172">
    <ele>63.83000000000001</ele>
   </trkpt>
   <trkpt lat="50.8614" lon="4.888380000000001">
    <ele>65.34</ele>
   </trkpt>
   <trkpt lat="50.861760000000004" lon="4.8889000000000005">
    <ele>65.58</ele>
   </trkpt>
   <trkpt lat="50.8622" lon="4.88931">
    <ele>65.50999999999999</ele>
   </trkpt>
   <trkpt lat="50.862460000000006" lon="4.8895">
    <ele>65.48</ele>
   </trkpt>
   <trkpt lat="50.86283" lon="4.88968">
    <ele>65.25999999999999</ele>
   </trkpt>
   <trkpt lat="50.86281" lon="4.889670000000001">
    <ele>65.25999999999999</ele>
   </trkpt>
   <trkpt lat="50.863040000000005" lon="4.88975">
    <ele>65.2</ele>
   </trkpt>
   <trkpt lat="50.86372000027186" lon="4.88991332857944">
    <ele>64.80000000000001</ele>
   </trkpt>
   <trkpt lat="50.86440000031581" lon="4.89007666192324">
    <ele>64.21000000000001</ele>
   </trkpt>
   <trkpt lat="50.865080000000006" lon="4.89024">
    <ele>64.80000000000001</ele>
   </trkpt>
   <trkpt lat="50.86518" lon="4.890280000000001">
    <ele>64.88000000000001</ele>
   </trkpt>
   <trkpt lat="50.865230000000004" lon="4.8903300000000005">
    <ele>64.77000000000001</ele>
   </trkpt>
   <trkpt lat="50.86525" lon="4.89039">
    <ele>64.77000000000001</ele>
   </trkpt>
   <trkpt lat="50.865385002501334" lon="4.891144998183257">
    <ele>62.85</ele>
   </trkpt>
   <trkpt lat="50.865520000000004" lon="4.891900000000001">
    <ele>61.370000000000005</ele>
   </trkpt>
   <trkpt lat="50.86567" lon="4.89233">
    <ele>60.58</ele>
   </trkpt>
   <trkpt lat="50.86583" lon="4.8926300000000005">
    <ele>60.04</ele>
   </trkpt>
   <trkpt lat="50.86596" lon="4.892810000000001">
    <ele>59.74</ele>
   </trkpt>
   <trkpt lat="50.86661" lon="4.89351">
    <ele>58.800000000000004</ele>
   </trkpt>
   <trkpt lat="50.866870000000006" lon="4.8938500000000005">
    <ele>58.440000000000005</ele>
   </trkpt>
   <trkpt lat="50.86706" lon="4.89419">
    <ele>58.440000000000005</ele>
   </trkpt>
   <trkpt lat="50.86721000000001" lon="4.89458">
    <ele>58.24000000000001</ele>
   </trkpt>
   <trkpt lat="50.867415002464405" lon="4.895329996926212">
    <ele>57.85</ele>
   </trkpt>
   <trkpt lat="50.86762" lon="4.89608">
    <ele>57.45000000000001</ele>
   </trkpt>
   <trkpt lat="50.867760000000004" lon="4.89644">
    <ele>57.45000000000001</ele>
   </trkpt>
   <trkpt lat="50.867920000000005" lon="4.89672">
    <ele>57.45000000000001</ele>
   </trkpt>
   <trkpt lat="50.86815000000001" lon="4.897">
    <ele>57.31</ele>
   </trkpt>
   <trkpt lat="50.868280000000006" lon="4.8971">
    <ele>57.300000000000004</ele>
   </trkpt>
   <trkpt lat="50.86849" lon="4.897220000000001">
    <ele>57.45000000000001</ele>
   </trkpt>
   <trkpt lat="50.86880000000001" lon="4.8973">
    <ele>57.59</ele>
   </trkpt>
   <trkpt lat="50.86889000000001" lon="4.897360000000001">
    <ele>57.7</ele>
   </trkpt>
   <trkpt lat="50.868950000000005" lon="4.8974400000000005">
    <ele>57.7</ele>
   </trkpt>
   <trkpt lat="50.869020000000006" lon="4.897390000000001">
    <ele>57.7</ele>
   </trkpt>
   <trkpt lat="50.86909000000001" lon="4.89738">
    <ele>57.800000000000004</ele>
   </trkpt>
   <trkpt lat="50.869620000000005" lon="4.89749">
    <ele>58.370000000000005</ele>
   </trkpt>
   <trkpt lat="50.87029333329911" lon="4.897536665314765">
    <ele>60.38</ele>
   </trkpt>
   <trkpt lat="50.870966666579605" lon="4.897583331977746">
    <ele>65.7</ele>
   </trkpt>
   <trkpt lat="50.871640000000006" lon="4.89763">
    <ele>72.54</ele>
   </trkpt>
   <trkpt lat="50.871610000000004" lon="4.89763">
    <ele>72.36</ele>
   </trkpt>
   <trkpt lat="50.872040000000005" lon="4.89766">
    <ele>75.45</ele>
   </trkpt>
   <trkpt lat="50.872170000000004" lon="4.8977">
    <ele>76.05000000000001</ele>
   </trkpt>
   <trkpt lat="50.87229000000001" lon="4.89785">
    <ele>76.42</ele>
   </trkpt>
   <trkpt lat="50.8726150018676" lon="4.898499995592959">
    <ele>76.95</ele>
   </trkpt>
   <trkpt lat="50.87294000000001" lon="4.899150000000001">
    <ele>75.78</ele>
   </trkpt>
   <trkpt lat="50.87304" lon="4.899260000000001">
    <ele>75.13</ele>
   </trkpt>
   <trkpt lat="50.873180000000005" lon="4.899310000000001">
    <ele>73.66</ele>
   </trkpt>
   <trkpt lat="50.87391" lon="4.899290000000001">
    <ele>70.94</ele>
   </trkpt>
   <trkpt lat="50.87433000000001" lon="4.89946">
    <ele>69.81000000000002</ele>
   </trkpt>
   <trkpt lat="50.87438" lon="4.89953">
    <ele>69.81000000000002</ele>
   </trkpt>
   <trkpt lat="50.874430000000004" lon="4.899660000000001">
    <ele>69.81000000000002</ele>
   </trkpt>
   <trkpt lat="50.874460000000006" lon="4.90057">
    <ele>68.11</ele>
   </trkpt>
   <trkpt lat="50.874430000000004" lon="4.901140000000001">
    <ele>67.5</ele>
   </trkpt>
   <trkpt lat="50.87456" lon="4.90132">
    <ele>67.26</ele>
   </trkpt>
   <trkpt lat="50.87463" lon="4.90136">
    <ele>67.24000000000001</ele>
   </trkpt>
   <trkpt lat="50.874700000000004" lon="4.90137">
    <ele>67.29</ele>
   </trkpt>
   <trkpt lat="50.87476" lon="4.901350000000001">
    <ele>67.41000000000001</ele>
   </trkpt>
   <trkpt lat="50.87482000000001" lon="4.9013">
    <ele>67.41000000000001</ele>
   </trkpt>
   <trkpt lat="50.87543" lon="4.9004900000000005">
    <ele>69.47</ele>
   </trkpt>
   <trkpt lat="50.875550000000004" lon="4.90038">
    <ele>70.38000000000001</ele>
   </trkpt>
   <trkpt lat="50.87592" lon="4.90021">
    <ele>71.18</ele>
   </trkpt>
   <trkpt lat="50.8761" lon="4.900180000000001">
    <ele>71.55</ele>
   </trkpt>
   <trkpt lat="50.876450000000006" lon="4.900200000000001">
    <ele>72.01</ele>
   </trkpt>
   <trkpt lat="50.87651" lon="4.90031">
    <ele>72.17000000000002</ele>
   </trkpt>
   <trkpt lat="50.87733500116646" lon="4.900844990492089">
    <ele>75.53</ele>
   </trkpt>
   <trkpt lat="50.87816" lon="4.9013800000000005">
    <ele>77.91000000000001</ele>
   </trkpt>
   <trkpt lat="50.87834" lon="4.90153">
    <ele>78.95</ele>
   </trkpt>
   <trkpt lat="50.87867000000001" lon="4.901730000000001">
    <ele>79.48</ele>
   </trkpt>
   <trkpt lat="50.879160000228175" lon="4.901994997174537">
    <ele>81.21000000000001</ele>
   </trkpt>
   <trkpt lat="50.879650000000005" lon="4.90226">
    <ele>82.45</ele>
   </trkpt>
   <trkpt lat="50.87966" lon="4.90226">
    <ele>82.45</ele>
   </trkpt>
   <trkpt lat="50.87975" lon="4.9023">
    <ele>82.45</ele>
   </trkpt>
   <trkpt lat="50.87986" lon="4.902310000000001">
    <ele>83.81</ele>
   </trkpt>
   <trkpt lat="50.880674999942286" lon="4.9022700007028135">
    <ele>86.65</ele>
   </trkpt>
   <trkpt lat="50.88149000000001" lon="4.90223">
    <ele>90.78000000000002</ele>
   </trkpt>
   <trkpt lat="50.88178668156305" lon="4.903549983237228">
    <ele>90.00000000000001</ele>
   </trkpt>
   <trkpt lat="50.882083348240315" lon="4.904869983284066">
    <ele>88.89000000000001</ele>
   </trkpt>
   <trkpt lat="50.882380000000005" lon="4.9061900000000005">
    <ele>87.70000000000002</ele>
   </trkpt>
   <trkpt lat="50.882560000000005" lon="4.90674">
    <ele>87.53000000000002</ele>
   </trkpt>
   <trkpt lat="50.882780000000004" lon="4.90714">
    <ele>87.97</ele>
   </trkpt>
   <trkpt lat="50.88317000000001" lon="4.907590000000001">
    <ele>89.50000000000001</ele>
   </trkpt>
   <trkpt lat="50.883410000000005" lon="4.907780000000001">
    <ele>90.52</ele>
   </trkpt>
   <trkpt lat="50.88389" lon="4.907970000000001">
    <ele>93.17</ele>
   </trkpt>
   <trkpt lat="50.88414" lon="4.90805">
    <ele>93.43</ele>
   </trkpt>
   <trkpt lat="50.884510000000006" lon="4.90822">
    <ele>94.49000000000001</ele>
   </trkpt>
   <trkpt lat="50.88467000000001" lon="4.90831">
    <ele>94.66000000000001</ele>
   </trkpt>
   <trkpt lat="50.884840000000004" lon="4.908440000000001">
    <ele>94.78</ele>
   </trkpt>
   <trkpt lat="50.88514000000001" lon="4.908740000000001">
    <ele>94.34</ele>
   </trkpt>
   <trkpt lat="50.88539" lon="4.909090000000001">
    <ele>94.04</ele>
   </trkpt>
   <trkpt lat="50.88561000000001" lon="4.90953">
    <ele>92.68</ele>
   </trkpt>
   <trkpt lat="50.88601001111218" lon="4.910669980450757">
    <ele>89.08</ele>
   </trkpt>
   <trkpt lat="50.88641001112193" lon="4.91180998047821">
    <ele>86.48</ele>
   </trkpt>
   <trkpt lat="50.886810000000004" lon="4.91295">
    <ele>82.78</ele>
   </trkpt>
   <trkpt lat="50.88700000000001" lon="4.913390000000001">
    <ele>81.21000000000001</ele>
   </trkpt>
   <trkpt lat="50.88721" lon="4.91377">
    <ele>80.45</ele>
   </trkpt>
   <trkpt lat="50.887510000000006" lon="4.9141900000000005">
    <ele>79.29</ele>
   </trkpt>
   <trkpt lat="50.88767000000001" lon="4.914370000000001">
    <ele>78.45</ele>
   </trkpt>
   <trkpt lat="50.8884200025346" lon="4.915129987831867">
    <ele>76.68</ele>
   </trkpt>
   <trkpt lat="50.88917000000001" lon="4.91589">
    <ele>74.42</ele>
   </trkpt>
   <trkpt lat="50.889520000000005" lon="4.91629">
    <ele>73.4</ele>
   </trkpt>
   <trkpt lat="50.88984000000001" lon="4.91678">
    <ele>72.79</ele>
   </trkpt>
   <trkpt lat="50.8903600049743" lon="4.917859987926671">
    <ele>72.28000000000002</ele>
   </trkpt>
   <trkpt lat="50.89088" lon="4.91894">
    <ele>71.52</ele>
   </trkpt>
   <trkpt lat="50.89119" lon="4.919580000000001">
    <ele>71.16</ele>
   </trkpt>
   <trkpt lat="50.89141000000001" lon="4.91988">
    <ele>71.21000000000001</ele>
   </trkpt>
   <trkpt lat="50.89155" lon="4.920000000000001">
    <ele>71.24000000000001</ele>
   </trkpt>
   <trkpt lat="50.89171" lon="4.920100000000001">
    <ele>71.35000000000001</ele>
   </trkpt>
   <trkpt lat="50.89229000058014" lon="4.920424996025115">
    <ele>71.34</ele>
   </trkpt>
   <trkpt lat="50.89287" lon="4.920750000000001">
    <ele>71.21000000000001</ele>
   </trkpt>
   <trkpt lat="50.893480000645496" lon="4.921124995116013">
    <ele>71.0</ele>
   </trkpt>
   <trkpt lat="50.894090000000006" lon="4.9215">
    <ele>70.98</ele>
   </trkpt>
   <trkpt lat="50.89419" lon="4.9215800000000005">
    <ele>71.01</ele>
   </trkpt>
   <trkpt lat="50.89463000086673" lon="4.9220349956831395">
    <ele>71.45</ele>
   </trkpt>
   <trkpt lat="50.895070000000004" lon="4.922490000000001">
    <ele>71.99000000000001</ele>
   </trkpt>
   <trkpt lat="50.89533" lon="4.92281">
    <ele>72.44</ele>
   </trkpt>
   <trkpt lat="50.895500000000006" lon="4.9231300000000005">
    <ele>72.44</ele>
   </trkpt>
   <trkpt lat="50.8958333404265" lon="4.924039987025261">
    <ele>73.11000000000001</ele>
   </trkpt>
   <trkpt lat="50.89616667377905" lon="4.92494998707757">
    <ele>72.57000000000001</ele>
   </trkpt>
   <trkpt lat="50.8965" lon="4.92586">
    <ele>71.31000000000002</ele>
   </trkpt>
   <trkpt lat="50.896865002487914" lon="4.926649993423298">
    <ele>69.92</ele>
   </trkpt>
   <trkpt lat="50.89723000000001" lon="4.927440000000001">
    <ele>68.8</ele>
   </trkpt>
   <trkpt lat="50.897575002062915" lon="4.928139994753099">
    <ele>68.04</ele>
   </trkpt>
   <trkpt lat="50.897920000000006" lon="4.92884">
    <ele>67.26</ele>
   </trkpt>
   <trkpt lat="50.898360000000004" lon="4.92966">
    <ele>67.06</ele>
   </trkpt>
   <trkpt lat="50.89855000000001" lon="4.930160000000001">
    <ele>67.22</ele>
   </trkpt>
   <trkpt lat="50.898970000000006" lon="4.93116">
    <ele>68.19</ele>
   </trkpt>
   <trkpt lat="50.89920000000001" lon="4.93165">
    <ele>68.53</ele>
   </trkpt>
   <trkpt lat="50.89968201549159" lon="4.93260196059732">
    <ele>68.09</ele>
   </trkpt>
   <trkpt lat="50.900164023241786" lon="4.933553940903655">
    <ele>66.5</ele>
   </trkpt>
   <trkpt lat="50.90064602325027" lon="4.934505940919437">
    <ele>65.14999999999999</ele>
   </trkpt>
   <trkpt lat="50.90112801551679" lon="4.935457960645095">
    <ele>63.230000000000004</ele>
   </trkpt>
   <trkpt lat="50.901610000000005" lon="4.93641">
    <ele>61.25000000000001</ele>
   </trkpt>
   <trkpt lat="50.902076673095806" lon="4.9372799824921705">
    <ele>59.74</ele>
   </trkpt>
   <trkpt lat="50.90254333972623" lon="4.938149982424308">
    <ele>58.81000000000001</ele>
   </trkpt>
   <trkpt lat="50.90301" lon="4.93902">
    <ele>57.96</ele>
   </trkpt>
   <trkpt lat="50.90346667285675" lon="4.939873316537046">
    <ele>57.25</ele>
   </trkpt>
   <trkpt lat="50.90392333949352" lon="4.940726649814237">
    <ele>56.480000000000004</ele>
   </trkpt>
   <trkpt lat="50.90438" lon="4.94158">
    <ele>56.290000000000006</ele>
   </trkpt>
   <trkpt lat="50.904610000000005" lon="4.941960000000001">
    <ele>56.150000000000006</ele>
   </trkpt>
   <trkpt lat="50.90504000000001" lon="4.9426000000000005">
    <ele>56.03</ele>
   </trkpt>
   <trkpt lat="50.90548500128692" lon="4.94317999426059">
    <ele>55.96</ele>
   </trkpt>
   <trkpt lat="50.905930000000005" lon="4.94376">
    <ele>56.230000000000004</ele>
   </trkpt>
   <trkpt lat="50.906200000000005" lon="4.94414">
    <ele>56.31</ele>
   </trkpt>
   <trkpt lat="50.90646" lon="4.944570000000001">
    <ele>56.49</ele>
   </trkpt>
   <trkpt lat="50.906690000000005" lon="4.9450400000000005">
    <ele>56.550000000000004</ele>
   </trkpt>
   <trkpt lat="50.90713500493787" lon="4.9461149897292325">
    <ele>56.2</ele>
   </trkpt>
   <trkpt lat="50.90758" lon="4.94719">
    <ele>56.18000000000001</ele>
   </trkpt>
   <trkpt lat="50.90806334557272" lon="4.948386641834982">
    <ele>56.760000000000005</ele>
   </trkpt>
   <trkpt lat="50.908546678913844" lon="4.94958330852044">
    <ele>58.5</ele>
   </trkpt>
   <trkpt lat="50.90903" lon="4.950780000000001">
    <ele>60.63</ele>
   </trkpt>
   <trkpt lat="50.909220000000005" lon="4.9511">
    <ele>61.00000000000001</ele>
   </trkpt>
   <trkpt lat="50.90946" lon="4.95136">
    <ele>61.27</ele>
   </trkpt>
   <trkpt lat="50.909650000000006" lon="4.951510000000001">
    <ele>61.36000000000001</ele>
   </trkpt>
   <trkpt lat="50.90986" lon="4.95162">
    <ele>61.730000000000004</ele>
   </trkpt>
   <trkpt lat="50.90999000000001" lon="4.95166">
    <ele>61.95</ele>
   </trkpt>
   <trkpt lat="50.91008" lon="4.95169">
    <ele>62.050000000000004</ele>
   </trkpt>
   <trkpt lat="50.91031" lon="4.95171">
    <ele>62.26</ele>
   </trkpt>
   <trkpt lat="50.91057000000001" lon="4.951700000000001">
    <ele>62.67</ele>
   </trkpt>
   <trkpt lat="50.910700000000006" lon="4.951650000000001">
    <ele>62.82</ele>
   </trkpt>
   <trkpt lat="50.911100000000005" lon="4.95148">
    <ele>63.36</ele>
   </trkpt>
   <trkpt lat="50.911410000000004" lon="4.95136">
    <ele>63.36</ele>
   </trkpt>
   <trkpt lat="50.912050000207834" lon="4.951165002667547">
    <ele>64.43</ele>
   </trkpt>
   <trkpt lat="50.912690000000005" lon="4.950970000000001">
    <ele>65.31</ele>
   </trkpt>
   <trkpt lat="50.91311" lon="4.95089">
    <ele>65.69000000000001</ele>
   </trkpt>
   <trkpt lat="50.913810000000005" lon="4.95091">
    <ele>65.56</ele>
   </trkpt>
   <trkpt lat="50.91413000000001" lon="4.95094">
    <ele>65.46000000000001</ele>
   </trkpt>
   <trkpt lat="50.914370000000005" lon="4.95099">
    <ele>65.56</ele>
   </trkpt>
   <trkpt lat="50.91472" lon="4.951110000000001">
    <ele>66.29</ele>
   </trkpt>
   <trkpt lat="50.914840000000005" lon="4.951180000000001">
    <ele>66.29</ele>
   </trkpt>
   <trkpt lat="50.915610004206684" lon="4.951752471587775">
    <ele>67.16000000000001</ele>
   </trkpt>
   <trkpt lat="50.9163800056141" lon="4.95232496212009">
    <ele>67.52000000000001</ele>
   </trkpt>
   <trkpt lat="50.9171500042221" lon="4.952897471598025">
    <ele>64.96000000000001</ele>
   </trkpt>
   <trkpt lat="50.91792" lon="4.95347">
    <ele>62.910000000000004</ele>
   </trkpt>
   <trkpt lat="50.91856000000001" lon="4.953930000000001">
    <ele>60.800000000000004</ele>
   </trkpt>
   <trkpt lat="50.918710000000004" lon="4.954020000000001">
    <ele>59.88</ele>
   </trkpt>
   <trkpt lat="50.919000000000004" lon="4.954140000000001">
    <ele>59.36</ele>
   </trkpt>
   <trkpt lat="50.91921000000001" lon="4.9541900000000005">
    <ele>58.99000000000001</ele>
   </trkpt>
   <trkpt lat="50.91978" lon="4.9542600000000006">
    <ele>56.080000000000005</ele>
   </trkpt>
   <trkpt lat="50.919790000000006" lon="4.9542600000000006">
    <ele>56.080000000000005</ele>
   </trkpt>
   <trkpt lat="50.920240000128445" lon="4.954334999292054">
    <ele>54.1</ele>
   </trkpt>
   <trkpt lat="50.92069000000001" lon="4.95441">
    <ele>52.99</ele>
   </trkpt>
   <trkpt lat="50.92062000000001" lon="4.95504">
    <ele>52.03000000000001</ele>
   </trkpt>
   <trkpt lat="50.920590000000004" lon="4.95547">
    <ele>51.68</ele>
   </trkpt>
   <trkpt lat="50.920715018214295" lon="4.956662490348951">
    <ele>51.25</ele>
   </trkpt>
   <trkpt lat="50.92084002428303" lon="4.957854987105835">
    <ele>51.04</ele>
   </trkpt>
   <trkpt lat="50.92096501820609" lon="4.959047490270092">
    <ele>51.2</ele>
   </trkpt>
   <trkpt lat="50.92109000000001" lon="4.960240000000001">
    <ele>51.4</ele>
   </trkpt>
   <trkpt lat="50.921110000000006" lon="4.96065">
    <ele>51.79</ele>
   </trkpt>
   <trkpt lat="50.92108" lon="4.96194">
    <ele>53.51</ele>
   </trkpt>
   <trkpt lat="50.921110000000006" lon="4.9625">
    <ele>54.93000000000001</ele>
   </trkpt>
   <trkpt lat="50.921260000000004" lon="4.9634">
    <ele>55.89</ele>
   </trkpt>
   <trkpt lat="50.92139500208249" lon="4.964099997916865">
    <ele>56.02</ele>
   </trkpt>
   <trkpt lat="50.921530000000004" lon="4.9648">
    <ele>55.96</ele>
   </trkpt>
   <trkpt lat="50.92174000000001" lon="4.966">
    <ele>55.93000000000001</ele>
   </trkpt>
   <trkpt lat="50.92179" lon="4.96684">
    <ele>55.77</ele>
   </trkpt>
   <trkpt lat="50.921870000000006" lon="4.96684">
    <ele>55.77</ele>
   </trkpt>
   <trkpt lat="50.922450000000005" lon="4.967250000000001">
    <ele>52.29</ele>
   </trkpt>
   <trkpt lat="50.92257000000001" lon="4.96731">
    <ele>51.11</ele>
   </trkpt>
   <trkpt lat="50.92269" lon="4.96731">
    <ele>51.11</ele>
   </trkpt>
   <trkpt lat="50.92345" lon="4.9671400000000006">
    <ele>50.010000000000005</ele>
   </trkpt>
   <trkpt lat="50.92349" lon="4.96717">
    <ele>50.010000000000005</ele>
   </trkpt>
   <trkpt lat="50.92352" lon="4.9671400000000006">
    <ele>50.010000000000005</ele>
   </trkpt>
   <trkpt lat="50.92383" lon="4.96706">
    <ele>49.010000000000005</ele>
   </trkpt>
   <trkpt lat="50.923880000000004" lon="4.9670700000000005">
    <ele>49.010000000000005</ele>
   </trkpt>
   <trkpt lat="50.924020000000006" lon="4.966880000000001">
    <ele>49.010000000000005</ele>
   </trkpt>
   <trkpt lat="50.92456000000001" lon="4.96649">
    <ele>48.190000000000005</ele>
   </trkpt>
   <trkpt lat="50.92484" lon="4.96644">
    <ele>47.96</ele>
   </trkpt>
   <trkpt lat="50.925050000000006" lon="4.96637">
    <ele>47.85</ele>
   </trkpt>
   <trkpt lat="50.92522" lon="4.96623">
    <ele>47.839999999999996</ele>
   </trkpt>
   <trkpt lat="50.92530000000001" lon="4.96612">
    <ele>47.78</ele>
   </trkpt>
   <trkpt lat="50.92535" lon="4.966010000000001">
    <ele>47.78</ele>
   </trkpt>
   <trkpt lat="50.92546" lon="4.965450000000001">
    <ele>48.230000000000004</ele>
   </trkpt>
   <trkpt lat="50.92553" lon="4.96537">
    <ele>48.35</ele>
   </trkpt>
   <trkpt lat="50.925740000000005" lon="4.965260000000001">
    <ele>48.760000000000005</ele>
   </trkpt>
   <trkpt lat="50.92582" lon="4.96525">
    <ele>49.09</ele>
   </trkpt>
   <trkpt lat="50.926050000000004" lon="4.96544">
    <ele>50.04</ele>
   </trkpt>
   <trkpt lat="50.926190000000005" lon="4.96551">
    <ele>50.9</ele>
   </trkpt>
   <trkpt lat="50.92667" lon="4.96562">
    <ele>57.49</ele>
   </trkpt>
   <trkpt lat="50.927040000000005" lon="4.966">
    <ele>62.040000000000006</ele>
   </trkpt>
   <trkpt lat="50.927640000000004" lon="4.96691">
    <ele>72.92000000000002</ele>
   </trkpt>
   <trkpt lat="50.927710000000005" lon="4.96698">
    <ele>73.75000000000001</ele>
   </trkpt>
   <trkpt lat="50.927780000000006" lon="4.966970000000001">
    <ele>74.24</ele>
   </trkpt>
   <trkpt lat="50.92850000000001" lon="4.96659">
    <ele>76.48</ele>
   </trkpt>
   <trkpt lat="50.92897500016623" lon="4.96637500220964">
    <ele>76.78</ele>
   </trkpt>
   <trkpt lat="50.92945" lon="4.96616">
    <ele>77.34</ele>
   </trkpt>
   <trkpt lat="50.93006333404739" lon="4.965873340887752">
    <ele>78.03</ele>
   </trkpt>
   <trkpt lat="50.930676667392966" lon="4.965586674215487">
    <ele>78.86</ele>
   </trkpt>
   <trkpt lat="50.931290000000004" lon="4.9653">
    <ele>78.61000000000001</ele>
   </trkpt>
   <trkpt lat="50.931850000000004" lon="4.96502">
    <ele>78.15</ele>
   </trkpt>
   <trkpt lat="50.931960000000004" lon="4.96499">
    <ele>78.15</ele>
   </trkpt>
   <trkpt lat="50.932" lon="4.965000000000001">
    <ele>78.15</ele>
   </trkpt>
   <trkpt lat="50.932050000000004" lon="4.965050000000001">
    <ele>78.15</ele>
   </trkpt>
   <trkpt lat="50.93224000000001" lon="4.96553">
    <ele>76.87</ele>
   </trkpt>
   <trkpt lat="50.93244000000001" lon="4.96623">
    <ele>75.92</ele>
   </trkpt>
   <trkpt lat="50.93272" lon="4.96746">
    <ele>75.45</ele>
   </trkpt>
   <trkpt lat="50.9333" lon="4.96738">
    <ele>73.44</ele>
   </trkpt>
   <trkpt lat="50.933420000000005" lon="4.96731">
    <ele>73.38</ele>
   </trkpt>
   <trkpt lat="50.933490000000006" lon="4.9672">
    <ele>73.36000000000001</ele>
   </trkpt>
   <trkpt lat="50.933690000000006" lon="4.9666500000000005">
    <ele>73.54</ele>
   </trkpt>
   <trkpt lat="50.9337" lon="4.966640000000001">
    <ele>73.55</ele>
   </trkpt>
   <trkpt lat="50.93381" lon="4.966360000000001">
    <ele>74.23</ele>
   </trkpt>
   <trkpt lat="50.93386" lon="4.96628">
    <ele>74.23</ele>
   </trkpt>
   <trkpt lat="50.933910000000004" lon="4.96624">
    <ele>74.43</ele>
   </trkpt>
   <trkpt lat="50.93399" lon="4.96624">
    <ele>74.51</ele>
   </trkpt>
   <trkpt lat="50.93424" lon="4.96631">
    <ele>74.81</ele>
   </trkpt>
   <trkpt lat="50.93471" lon="4.96652">
    <ele>74.24</ele>
   </trkpt>
   <trkpt lat="50.935120000000005" lon="4.966740000000001">
    <ele>70.3</ele>
   </trkpt>
   <trkpt lat="50.935750000000006" lon="4.96689">
    <ele>62.38</ele>
   </trkpt>
   <trkpt lat="50.93629000000001" lon="4.966950000000001">
    <ele>56.300000000000004</ele>
   </trkpt>
   <trkpt lat="50.93652" lon="4.966880000000001">
    <ele>55.38</ele>
   </trkpt>
   <trkpt lat="50.93708" lon="4.966810000000001">
    <ele>54.45</ele>
   </trkpt>
   <trkpt lat="50.93721000000001" lon="4.96677">
    <ele>54.45</ele>
   </trkpt>
   <trkpt lat="50.93744" lon="4.967210000000001">
    <ele>53.81</ele>
   </trkpt>
   <trkpt lat="50.93762" lon="4.9674700000000005">
    <ele>52.79</ele>
   </trkpt>
   <trkpt lat="50.93784" lon="4.967720000000001">
    <ele>52.50000000000001</ele>
   </trkpt>
   <trkpt lat="50.93822" lon="4.96795">
    <ele>51.38</ele>
   </trkpt>
   <trkpt lat="50.93856" lon="4.968030000000001">
    <ele>50.370000000000005</ele>
   </trkpt>
   <trkpt lat="50.93925666674568" lon="4.968149996396551">
    <ele>48.43</ele>
   </trkpt>
   <trkpt lat="50.93995333336837" lon="4.968269996388912">
    <ele>44.800000000000004</ele>
   </trkpt>
   <trkpt lat="50.940650000000005" lon="4.96839">
    <ele>43.32</ele>
   </trkpt>
   <trkpt lat="50.941100000000006" lon="4.96844">
    <ele>42.57</ele>
   </trkpt>
   <trkpt lat="50.94124000000001" lon="4.96842">
    <ele>42.57</ele>
   </trkpt>
   <trkpt lat="50.941500000000005" lon="4.96832">
    <ele>42.1</ele>
   </trkpt>
   <trkpt lat="50.94169" lon="4.96818">
    <ele>42.010000000000005</ele>
   </trkpt>
   <trkpt lat="50.941840000000006" lon="4.968030000000001">
    <ele>41.79</ele>
   </trkpt>
   <trkpt lat="50.94226500066674" lon="4.967625003734212">
    <ele>41.6</ele>
   </trkpt>
   <trkpt lat="50.942690000000006" lon="4.96722">
    <ele>41.31</ele>
   </trkpt>
   <trkpt lat="50.943220000000004" lon="4.9668">
    <ele>39.2</ele>
   </trkpt>
   <trkpt lat="50.94359000000001" lon="4.96647">
    <ele>38.55</ele>
   </trkpt>
   <trkpt lat="50.94433" lon="4.96567">
    <ele>38.57</ele>
   </trkpt>
   <trkpt lat="50.94451" lon="4.9655000000000005">
    <ele>38.45</ele>
   </trkpt>
   <trkpt lat="50.94507" lon="4.965050000000001">
    <ele>37.8</ele>
   </trkpt>
   <trkpt lat="50.945280000000004" lon="4.9649">
    <ele>37.88</ele>
   </trkpt>
   <trkpt lat="50.94598000088878" lon="4.964475006328298">
    <ele>38.86000000000001</ele>
   </trkpt>
   <trkpt lat="50.94668" lon="4.96405">
    <ele>41.39</ele>
   </trkpt>
   <trkpt lat="50.947030000000005" lon="4.9638800000000005">
    <ele>43.14</ele>
   </trkpt>
   <trkpt lat="50.947340000000004" lon="4.9638">
    <ele>44.800000000000004</ele>
   </trkpt>
   <trkpt lat="50.94784000000001" lon="4.96379">
    <ele>48.34</ele>
   </trkpt>
   <trkpt lat="50.94844500025225" lon="4.96381999962185">
    <ele>51.65</ele>
   </trkpt>
   <trkpt lat="50.94905000000001" lon="4.963850000000001">
    <ele>50.56</ele>
   </trkpt>
   <trkpt lat="50.94952000000001" lon="4.96372">
    <ele>48.7</ele>
   </trkpt>
   <trkpt lat="50.949850000000005" lon="4.96351">
    <ele>48.38</ele>
   </trkpt>
   <trkpt lat="50.95002" lon="4.963360000000001">
    <ele>48.300000000000004</ele>
   </trkpt>
   <trkpt lat="50.95044500082204" lon="4.96289500436256">
    <ele>48.14</ele>
   </trkpt>
   <trkpt lat="50.95087" lon="4.96243">
    <ele>48.27</ele>
   </trkpt>
   <trkpt lat="50.951100000000004" lon="4.9622">
    <ele>48.2</ele>
   </trkpt>
   <trkpt lat="50.95127" lon="4.96208">
    <ele>48.2</ele>
   </trkpt>
   <trkpt lat="50.95156" lon="4.961950000000001">
    <ele>47.78</ele>
   </trkpt>
   <trkpt lat="50.95215" lon="4.961760000000001">
    <ele>47.17</ele>
   </trkpt>
   <trkpt lat="50.95217" lon="4.961760000000001">
    <ele>47.16</ele>
   </trkpt>
   <trkpt lat="50.95285500002014" lon="4.961555003069168">
    <ele>46.6</ele>
   </trkpt>
   <trkpt lat="50.953540000000004" lon="4.96135">
    <ele>46.470000000000006</ele>
   </trkpt>
   <trkpt lat="50.953610000000005" lon="4.96129">
    <ele>46.68000000000001</ele>
   </trkpt>
   <trkpt lat="50.95364000000001" lon="4.96122">
    <ele>46.68000000000001</ele>
   </trkpt>
   <trkpt lat="50.95367" lon="4.960990000000001">
    <ele>46.81</ele>
   </trkpt>
   <trkpt lat="50.95447666739611" lon="4.961173317424417">
    <ele>47.05</ele>
   </trkpt>
   <trkpt lat="50.95528333450527" lon="4.961356641212953">
    <ele>47.43000000000001</ele>
   </trkpt>
   <trkpt lat="50.95609000132744" lon="4.9615399713660135">
    <ele>47.690000000000005</ele>
   </trkpt>
   <trkpt lat="50.95689666786264" lon="4.9617233078839975">
    <ele>48.32</ele>
   </trkpt>
   <trkpt lat="50.9577033341108" lon="4.96190665076731">
    <ele>48.63</ele>
   </trkpt>
   <trkpt lat="50.958510000000004" lon="4.962090000000001">
    <ele>49.32</ele>
   </trkpt>
   <trkpt lat="50.958780000000004" lon="4.96217">
    <ele>49.5</ele>
   </trkpt>
   <trkpt lat="50.9592" lon="4.96236">
    <ele>49.59</ele>
   </trkpt>
   <trkpt lat="50.96003666840188" lon="4.962803317397281">
    <ele>50.63</ele>
   </trkpt>
   <trkpt lat="50.96087333512562" lon="4.963246650760499">
    <ele>51.730000000000004</ele>
   </trkpt>
   <trkpt lat="50.961710000000004" lon="4.963690000000001">
    <ele>53.92</ele>
   </trkpt>
   <trkpt lat="50.962195000218394" lon="4.963994996703655">
    <ele>54.75000000000001</ele>
   </trkpt>
   <trkpt lat="50.962680000000006" lon="4.964300000000001">
    <ele>55.53</ele>
   </trkpt>
   <trkpt lat="50.962880000000006" lon="4.9644">
    <ele>55.970000000000006</ele>
   </trkpt>
   <trkpt lat="50.96307" lon="4.964460000000001">
    <ele>56.11000000000001</ele>
   </trkpt>
   <trkpt lat="50.96325" lon="4.96448">
    <ele>56.35</ele>
   </trkpt>
   <trkpt lat="50.96351000000001" lon="4.96445">
    <ele>57.09</ele>
   </trkpt>
   <trkpt lat="50.96423000000001" lon="4.96426">
    <ele>59.440000000000005</ele>
   </trkpt>
   <trkpt lat="50.96454000000001" lon="4.96417">
    <ele>61.59</ele>
   </trkpt>
   <trkpt lat="50.964650000000006" lon="4.9641">
    <ele>61.59</ele>
   </trkpt>
   <trkpt lat="50.964670000000005" lon="4.9641">
    <ele>61.64000000000001</ele>
   </trkpt>
   <trkpt lat="50.96484" lon="4.963990000000001">
    <ele>62.550000000000004</ele>
   </trkpt>
   <trkpt lat="50.964940000000006" lon="4.96389">
    <ele>62.550000000000004</ele>
   </trkpt>
   <trkpt lat="50.9652" lon="4.96353">
    <ele>64.60000000000001</ele>
   </trkpt>
   <trkpt lat="50.965340000000005" lon="4.963430000000001">
    <ele>65.23</ele>
   </trkpt>
   <trkpt lat="50.96551" lon="4.9634100000000005">
    <ele>65.91000000000001</ele>
   </trkpt>
   <trkpt lat="50.96614000075795" lon="4.963769995234635">
    <ele>67.51</ele>
   </trkpt>
   <trkpt lat="50.966770000000004" lon="4.964130000000001">
    <ele>69.8</ele>
   </trkpt>
   <trkpt lat="50.96683" lon="4.96414">
    <ele>70.03</ele>
   </trkpt>
   <trkpt lat="50.96700500683029" lon="4.96540499522639">
    <ele>69.45000000000002</ele>
   </trkpt>
   <trkpt lat="50.967180000000006" lon="4.966670000000001">
    <ele>68.99000000000001</ele>
   </trkpt>
   <trkpt lat="50.967370013625434" lon="4.967933322989798">
    <ele>68.8</ele>
   </trkpt>
   <trkpt lat="50.96756001362421" lon="4.969196656314771">
    <ele>67.44</ele>
   </trkpt>
   <trkpt lat="50.96775" lon="4.97046">
    <ele>66.86</ele>
   </trkpt>
   <trkpt lat="50.9673" lon="4.970350000000001">
    <ele>65.53</ele>
   </trkpt>
   <trkpt lat="50.967090000000006" lon="4.97032">
    <ele>65.19000000000001</ele>
   </trkpt>
   <trkpt lat="50.96737" lon="4.9711300000000005">
    <ele>63.76000000000001</ele>
   </trkpt>
   <trkpt lat="50.967560000000006" lon="4.97158">
    <ele>62.61</ele>
   </trkpt>
   <trkpt lat="50.968050000000005" lon="4.972580000000001">
    <ele>60.190000000000005</ele>
   </trkpt>
   <trkpt lat="50.968160000000005" lon="4.972930000000001">
    <ele>59.4</ele>
   </trkpt>
   <trkpt lat="50.96829" lon="4.97376">
    <ele>58.400000000000006</ele>
   </trkpt>
   <trkpt lat="50.968430000000005" lon="4.97505">
    <ele>57.410000000000004</ele>
   </trkpt>
   <trkpt lat="50.968500000000006" lon="4.975230000000001">
    <ele>57.370000000000005</ele>
   </trkpt>
   <trkpt lat="50.96871" lon="4.97562">
    <ele>56.57</ele>
   </trkpt>
   <trkpt lat="50.968810000000005" lon="4.975840000000001">
    <ele>56.410000000000004</ele>
   </trkpt>
   <trkpt lat="50.968920000000004" lon="4.97623">
    <ele>55.970000000000006</ele>
   </trkpt>
   <trkpt lat="50.969170000000005" lon="4.977550000000001">
    <ele>53.96</ele>
   </trkpt>
   <trkpt lat="50.96923" lon="4.9778">
    <ele>53.660000000000004</ele>
   </trkpt>
   <trkpt lat="50.96933000000001" lon="4.9780500000000005">
    <ele>52.68000000000001</ele>
   </trkpt>
   <trkpt lat="50.96949000000001" lon="4.97829">
    <ele>52.300000000000004</ele>
   </trkpt>
   <trkpt lat="50.969800000000006" lon="4.978680000000001">
    <ele>51.300000000000004</ele>
   </trkpt>
   <trkpt lat="50.96997" lon="4.97895">
    <ele>50.39</ele>
   </trkpt>
   <trkpt lat="50.970310000000005" lon="4.97982">
    <ele>48.2</ele>
   </trkpt>
   <trkpt lat="50.970580000000005" lon="4.98073">
    <ele>45.34</ele>
   </trkpt>
   <trkpt lat="50.97066" lon="4.98109">
    <ele>44.51</ele>
   </trkpt>
   <trkpt lat="50.97073" lon="4.981450000000001">
    <ele>43.870000000000005</ele>
   </trkpt>
   <trkpt lat="50.97073" lon="4.982740000000001">
    <ele>42.5</ele>
   </trkpt>
   <trkpt lat="50.97077" lon="4.9830000000000005">
    <ele>42.74</ele>
   </trkpt>
   <trkpt lat="50.97073" lon="4.983040000000001">
    <ele>42.74</ele>
   </trkpt>
   <trkpt lat="50.9707" lon="4.98312">
    <ele>42.730000000000004</ele>
   </trkpt>
   <trkpt lat="50.97078751686605" lon="4.9842674935509725">
    <ele>42.82</ele>
   </trkpt>
   <trkpt lat="50.97087502248996" lon="4.98541499142609">
    <ele>43.14</ele>
   </trkpt>
   <trkpt lat="50.97096251687171" lon="4.986562493624828">
    <ele>43.27</ele>
   </trkpt>
   <trkpt lat="50.971050000000005" lon="4.987710000000001">
    <ele>43.17000000000001</ele>
   </trkpt>
   <trkpt lat="50.97104" lon="4.98845">
    <ele>43.54</ele>
   </trkpt>
   <trkpt lat="50.97104" lon="4.98847">
    <ele>43.54</ele>
   </trkpt>
   <trkpt lat="50.97099667868838" lon="4.989656668908404">
    <ele>44.18</ele>
   </trkpt>
   <trkpt lat="50.97095334535404" lon="4.990843335602797">
    <ele>44.76</ele>
   </trkpt>
   <trkpt lat="50.97091" lon="4.992030000000001">
    <ele>45.58</ele>
   </trkpt>
   <trkpt lat="50.97092000000001" lon="4.992240000000001">
    <ele>46.48</ele>
   </trkpt>
   <trkpt lat="50.971000000000004" lon="4.9927">
    <ele>46.73</ele>
   </trkpt>
   <trkpt lat="50.971375006237544" lon="4.993909990189885">
    <ele>49.260000000000005</ele>
   </trkpt>
   <trkpt lat="50.97175000000001" lon="4.99512">
    <ele>51.9</ele>
   </trkpt>
   <trkpt lat="50.97191000253632" lon="4.995899997016195">
    <ele>51.5</ele>
   </trkpt>
   <trkpt lat="50.97207" lon="4.9966800000000005">
    <ele>51.28000000000001</ele>
   </trkpt>
   <trkpt lat="50.97218" lon="4.99711">
    <ele>51.21000000000001</ele>
   </trkpt>
   <trkpt lat="50.972370000000005" lon="4.99758">
    <ele>51.52</ele>
   </trkpt>
   <trkpt lat="50.972710000000006" lon="4.99849">
    <ele>53.11000000000001</ele>
   </trkpt>
   <trkpt lat="50.97300001511401" lon="4.999819983444077">
    <ele>57.040000000000006</ele>
   </trkpt>
   <trkpt lat="50.973290015125954" lon="5.001149983498472">
    <ele>57.650000000000006</ele>
   </trkpt>
   <trkpt lat="50.973580000000005" lon="5.00248">
    <ele>55.17</ele>
   </trkpt>
   <trkpt lat="50.973800000000004" lon="5.0034">
    <ele>54.970000000000006</ele>
   </trkpt>
   <trkpt lat="50.97395500216196" lon="5.0041099976763554">
    <ele>55.040000000000006</ele>
   </trkpt>
   <trkpt lat="50.97411" lon="5.0048200000000005">
    <ele>55.27</ele>
   </trkpt>
   <trkpt lat="50.974230000000006" lon="5.005310000000001">
    <ele>55.42</ele>
   </trkpt>
   <trkpt lat="50.97433" lon="5.00563">
    <ele>55.50000000000001</ele>
   </trkpt>
   <trkpt lat="50.97465000632925" lon="5.006493321343183">
    <ele>55.120000000000005</ele>
   </trkpt>
   <trkpt lat="50.97497000629516" lon="5.007356654584395">
    <ele>54.67</ele>
   </trkpt>
   <trkpt lat="50.97529" lon="5.008220000000001">
    <ele>54.03</ele>
   </trkpt>
   <trkpt lat="50.97550500334409" lon="5.009099996082736">
    <ele>53.94</ele>
   </trkpt>
   <trkpt lat="50.97572" lon="5.0099800000000005">
    <ele>53.4</ele>
   </trkpt>
   <trkpt lat="50.97597000612289" lon="5.011174993695731">
    <ele>53.11000000000001</ele>
   </trkpt>
   <trkpt lat="50.976220000000005" lon="5.012370000000001">
    <ele>53.06</ele>
   </trkpt>
   <trkpt lat="50.976220000000005" lon="5.01236">
    <ele>53.06</ele>
   </trkpt>
   <trkpt lat="50.976290000000006" lon="5.01269">
    <ele>53.02</ele>
   </trkpt>
   <trkpt lat="50.97661334054391" lon="5.01360998714404">
    <ele>52.56</ele>
   </trkpt>
   <trkpt lat="50.97693667386185" lon="5.0145299871000475">
    <ele>51.71000000000001</ele>
   </trkpt>
   <trkpt lat="50.97726" lon="5.01545">
    <ele>51.81</ele>
   </trkpt>
   <trkpt lat="50.97811000045081" lon="5.015233341253109">
    <ele>49.67</ele>
   </trkpt>
   <trkpt lat="50.978960000500855" lon="5.015016674573862">
    <ele>48.68</ele>
   </trkpt>
   <trkpt lat="50.97981000000001" lon="5.0148">
    <ele>47.96</ele>
   </trkpt>
   <trkpt lat="50.980270000000004" lon="5.014760000000001">
    <ele>48.010000000000005</ele>
   </trkpt>
   <trkpt lat="50.980610000000006" lon="5.01471">
    <ele>48.56</ele>
   </trkpt>
   <trkpt lat="50.981220000361475" lon="5.014460003245827">
    <ele>50.46</ele>
   </trkpt>
   <trkpt lat="50.98183" lon="5.01421">
    <ele>53.290000000000006</ele>
   </trkpt>
   <trkpt lat="50.98214" lon="5.01396">
    <ele>55.13</ele>
   </trkpt>
   <trkpt lat="50.98234" lon="5.01369">
    <ele>56.81</ele>
   </trkpt>
   <trkpt lat="50.98234" lon="5.013680000000001">
    <ele>56.830000000000005</ele>
   </trkpt>
   <trkpt lat="50.982850000000006" lon="5.01295">
    <ele>60.85000000000001</ele>
   </trkpt>
   <trkpt lat="50.983070000000005" lon="5.0126800000000005">
    <ele>61.82000000000001</ele>
   </trkpt>
   <trkpt lat="50.98375000000001" lon="5.012060000000001">
    <ele>62.730000000000004</ele>
   </trkpt>
   <trkpt lat="50.98404000000001" lon="5.011830000000001">
    <ele>62.32000000000001</ele>
   </trkpt>
   <trkpt lat="50.984230000000004" lon="5.011550000000001">
    <ele>61.65</ele>
   </trkpt>
   <trkpt lat="50.984300000000005" lon="5.01137">
    <ele>61.50000000000001</ele>
   </trkpt>
   <trkpt lat="50.98451000000001" lon="5.01051">
    <ele>60.910000000000004</ele>
   </trkpt>
   <trkpt lat="50.98465" lon="5.0103800000000005">
    <ele>60.29</ele>
   </trkpt>
   <trkpt lat="50.984750000000005" lon="5.010230000000001">
    <ele>59.65</ele>
   </trkpt>
   <trkpt lat="50.98494" lon="5.00973">
    <ele>57.61</ele>
   </trkpt>
   <trkpt lat="50.984950000000005" lon="5.0096300000000005">
    <ele>57.57</ele>
   </trkpt>
   <trkpt lat="50.984730000000006" lon="5.00896">
    <ele>55.470000000000006</ele>
   </trkpt>
   <trkpt lat="50.98472" lon="5.00886">
    <ele>55.470000000000006</ele>
   </trkpt>
   <trkpt lat="50.98472" lon="5.00867">
    <ele>54.910000000000004</ele>
   </trkpt>
   <trkpt lat="50.98478" lon="5.00827">
    <ele>53.82000000000001</ele>
   </trkpt>
   <trkpt lat="50.98483" lon="5.007700000000001">
    <ele>53.22</ele>
   </trkpt>
   <trkpt lat="50.98501" lon="5.007020000000001">
    <ele>52.63</ele>
   </trkpt>
   <trkpt lat="50.985110000000006" lon="5.00645">
    <ele>52.7</ele>
   </trkpt>
   <trkpt lat="50.985130000000005" lon="5.006130000000001">
    <ele>52.89000000000001</ele>
   </trkpt>
   <trkpt lat="50.98512" lon="5.00537">
    <ele>53.06</ele>
   </trkpt>
   <trkpt lat="50.985170000000004" lon="5.0049600000000005">
    <ele>53.14000000000001</ele>
   </trkpt>
   <trkpt lat="50.985170000000004" lon="5.00387">
    <ele>53.99</ele>
   </trkpt>
   <trkpt lat="50.98512" lon="5.0033">
    <ele>55.28</ele>
   </trkpt>
   <trkpt lat="50.985240000000005" lon="5.002470000000001">
    <ele>56.63</ele>
   </trkpt>
   <trkpt lat="50.98543" lon="5.00145">
    <ele>56.050000000000004</ele>
   </trkpt>
   <trkpt lat="50.985440000000004" lon="5.00114">
    <ele>55.45</ele>
   </trkpt>
   <trkpt lat="50.98543" lon="5.000990000000001">
    <ele>55.45</ele>
   </trkpt>
   <trkpt lat="50.985310000000005" lon="5.00032">
    <ele>53.15</ele>
   </trkpt>
   <trkpt lat="50.985310000000005" lon="5.0000800000000005">
    <ele>53.15</ele>
   </trkpt>
   <trkpt lat="50.985435003400134" lon="4.99918500254604">
    <ele>51.0</ele>
   </trkpt>
   <trkpt lat="50.98556000000001" lon="4.998290000000001">
    <ele>50.47</ele>
   </trkpt>
   <trkpt lat="50.98561" lon="4.998080000000001">
    <ele>50.59</ele>
   </trkpt>
   <trkpt lat="50.98616000042737" lon="4.99836999660005">
    <ele>48.940000000000005</ele>
   </trkpt>
   <trkpt lat="50.98671" lon="4.99866">
    <ele>46.95</ele>
   </trkpt>
   <trkpt lat="50.987230000000004" lon="4.99896">
    <ele>45.28</ele>
   </trkpt>
   <trkpt lat="50.98794" lon="4.999440000000001">
    <ele>44.27</ele>
   </trkpt>
   <trkpt lat="50.98853000059487" lon="4.999819995155959">
    <ele>43.75</ele>
   </trkpt>
   <trkpt lat="50.98912000000001" lon="5.0002">
    <ele>43.32</ele>
   </trkpt>
   <trkpt lat="50.989720000000005" lon="5.00063">
    <ele>42.120000000000005</ele>
   </trkpt>
   <trkpt lat="50.99051000000001" lon="5.0011">
    <ele>36.77</ele>
   </trkpt>
   <trkpt lat="50.990660000000005" lon="5.0012300000000005">
    <ele>35.86</ele>
   </trkpt>
   <trkpt lat="50.990860000000005" lon="5.001460000000001">
    <ele>32.940000000000005</ele>
   </trkpt>
   <trkpt lat="50.990860000000005" lon="5.00145">
    <ele>33.02</ele>
   </trkpt>
   <trkpt lat="50.991580000000006" lon="5.002280000000001">
    <ele>25.07</ele>
   </trkpt>
   <trkpt lat="50.992000000000004" lon="5.0028500000000005">
    <ele>22.2</ele>
   </trkpt>
   <trkpt lat="50.992700000000006" lon="5.00199">
    <ele>20.16</ele>
   </trkpt>
   <trkpt lat="50.99289" lon="5.0017000000000005">
    <ele>20.32</ele>
   </trkpt>
   <trkpt lat="50.993080000000006" lon="5.0013700000000005">
    <ele>20.53</ele>
   </trkpt>
   <trkpt lat="50.99351500314591" lon="5.000525007729524">
    <ele>20.91</ele>
   </trkpt>
   <trkpt lat="50.993950000000005" lon="4.999680000000001">
    <ele>20.66</ele>
   </trkpt>
   <trkpt lat="50.99442000802056" lon="4.9987100196713055">
    <ele>20.34</ele>
   </trkpt>
   <trkpt lat="50.9948900080095" lon="4.997740019694509">
    <ele>20.84</ele>
   </trkpt>
   <trkpt lat="50.995360000000005" lon="4.996770000000001">
    <ele>21.35</ele>
   </trkpt>
   <trkpt lat="50.99569500290596" lon="4.995940006077007">
    <ele>21.26</ele>
   </trkpt>
   <trkpt lat="50.996030000000005" lon="4.99511">
    <ele>20.57</ele>
   </trkpt>
   <trkpt lat="50.99647" lon="4.99429">
    <ele>19.540000000000003</ele>
   </trkpt>
   <trkpt lat="50.99667" lon="4.99382">
    <ele>19.380000000000003</ele>
   </trkpt>
   <trkpt lat="50.99674" lon="4.99356">
    <ele>19.610000000000003</ele>
   </trkpt>
   <trkpt lat="50.99687" lon="4.99279">
    <ele>20.900000000000002</ele>
   </trkpt>
   <trkpt lat="50.996930000000006" lon="4.9925500000000005">
    <ele>20.900000000000002</ele>
   </trkpt>
   <trkpt lat="50.99720000000001" lon="4.9919400000000005">
    <ele>21.61</ele>
   </trkpt>
   <trkpt lat="50.9973" lon="4.991790000000001">
    <ele>21.66</ele>
   </trkpt>
   <trkpt lat="50.99756000000001" lon="4.991490000000001">
    <ele>21.86</ele>
   </trkpt>
   <trkpt lat="50.997930000000004" lon="4.99122">
    <ele>21.970000000000002</ele>
   </trkpt>
   <trkpt lat="50.99808" lon="4.991090000000001">
    <ele>21.17</ele>
   </trkpt>
   <trkpt lat="50.99866" lon="4.990290000000001">
    <ele>20.26</ele>
   </trkpt>
   <trkpt lat="50.99871" lon="4.9901800000000005">
    <ele>20.26</ele>
   </trkpt>
   <trkpt lat="50.998810000000006" lon="4.98983">
    <ele>20.060000000000002</ele>
   </trkpt>
   <trkpt lat="50.99886000000001" lon="4.98927">
    <ele>19.770000000000003</ele>
   </trkpt>
   <trkpt lat="50.99891" lon="4.98913">
    <ele>19.790000000000003</ele>
   </trkpt>
   <trkpt lat="50.999" lon="4.9890300000000005">
    <ele>19.87</ele>
   </trkpt>
   <trkpt lat="50.99969000061467" lon="4.988675005239845">
    <ele>20.1</ele>
   </trkpt>
   <trkpt lat="51.00038000000001" lon="4.988320000000001">
    <ele>20.26</ele>
   </trkpt>
   <trkpt lat="51.00086000014846" lon="4.988175001482398">
    <ele>20.270000000000003</ele>
   </trkpt>
   <trkpt lat="51.001340000000006" lon="4.98803">
    <ele>20.200000000000003</ele>
   </trkpt>
   <trkpt lat="51.00144" lon="4.98794">
    <ele>20.200000000000003</ele>
   </trkpt>
   <trkpt lat="51.001670000000004" lon="4.98787">
    <ele>20.020000000000003</ele>
   </trkpt>
   <trkpt lat="51.00184" lon="4.987780000000001">
    <ele>19.73</ele>
   </trkpt>
   <trkpt lat="51.00188000000001" lon="4.987830000000001">
    <ele>19.73</ele>
   </trkpt>
   <trkpt lat="51.00195" lon="4.98786">
    <ele>19.73</ele>
   </trkpt>
   <trkpt lat="51.002480000000006" lon="4.9877400000000005">
    <ele>18.99</ele>
   </trkpt>
   <trkpt lat="51.00291000000001" lon="4.98763">
    <ele>18.47</ele>
   </trkpt>
   <trkpt lat="51.00307" lon="4.987620000000001">
    <ele>18.36</ele>
   </trkpt>
   <trkpt lat="51.00320000000001" lon="4.98766">
    <ele>18.29</ele>
   </trkpt>
   <trkpt lat="51.003330000000005" lon="4.98775">
    <ele>18.240000000000002</ele>
   </trkpt>
   <trkpt lat="51.003600000000006" lon="4.98801">
    <ele>18.27</ele>
   </trkpt>
   <trkpt lat="51.003840000000004" lon="4.9882">
    <ele>18.11</ele>
   </trkpt>
   <trkpt lat="51.003930000000004" lon="4.988230000000001">
    <ele>18.11</ele>
   </trkpt>
   <trkpt lat="51.004430000000006" lon="4.9885">
    <ele>18.400000000000002</ele>
   </trkpt>
   <trkpt lat="51.00519000048591" lon="4.988869993890286">
    <ele>18.14</ele>
   </trkpt>
   <trkpt lat="51.005950000000006" lon="4.989240000000001">
    <ele>18.330000000000002</ele>
   </trkpt>
   <trkpt lat="51.00665500062821" lon="4.989639993889599">
    <ele>18.18</ele>
   </trkpt>
   <trkpt lat="51.007360000000006" lon="4.9900400000000005">
    <ele>18.31</ele>
   </trkpt>
   <trkpt lat="51.007340000000006" lon="4.99003">
    <ele>18.3</ele>
   </trkpt>
   <trkpt lat="51.00803666772856" lon="4.9903866559404175">
    <ele>18.400000000000002</ele>
   </trkpt>
   <trkpt lat="51.00873333437132" lon="4.990743322594649">
    <ele>18.36</ele>
   </trkpt>
   <trkpt lat="51.00943" lon="4.9911">
    <ele>18.03</ele>
   </trkpt>
   <trkpt lat="51.00940000000001" lon="4.99129">
    <ele>17.88</ele>
   </trkpt>
   <trkpt lat="51.00939" lon="4.99178">
    <ele>17.17</ele>
   </trkpt>
   <trkpt lat="51.00941" lon="4.9922">
    <ele>17.02</ele>
   </trkpt>
   <trkpt lat="51.00947000000001" lon="4.9927">
    <ele>17.05</ele>
   </trkpt>
   <trkpt lat="51.009600000000006" lon="4.99322">
    <ele>17.240000000000002</ele>
   </trkpt>
   <trkpt lat="51.00994000000001" lon="4.99406">
    <ele>17.560000000000002</ele>
   </trkpt>
   <trkpt lat="51.01045667819575" lon="4.995223307364828">
    <ele>18.2</ele>
   </trkpt>
   <trkpt lat="51.010973344840565" lon="4.996386640648452">
    <ele>17.84</ele>
   </trkpt>
   <trkpt lat="51.01149" lon="4.99755">
    <ele>17.900000000000002</ele>
   </trkpt>
   <trkpt lat="51.011590000000005" lon="4.99774">
    <ele>17.87</ele>
   </trkpt>
   <trkpt lat="51.011790000000005" lon="4.998010000000001">
    <ele>17.980000000000004</ele>
   </trkpt>
   <trkpt lat="51.01242666936981" lon="4.998576651074573">
    <ele>18.09</ele>
   </trkpt>
   <trkpt lat="51.01306333599895" lon="4.9991433177075635">
    <ele>18.27</ele>
   </trkpt>
   <trkpt lat="51.01370000000001" lon="4.99971">
    <ele>17.990000000000002</ele>
   </trkpt>
   <trkpt lat="51.01388000000001" lon="4.9999400000000005">
    <ele>17.820000000000004</ele>
   </trkpt>
   <trkpt lat="51.01408000000001" lon="5.00028">
    <ele>17.820000000000004</ele>
   </trkpt>
   <trkpt lat="51.01445667236414" lon="5.0010966534109444">
    <ele>17.78</ele>
   </trkpt>
   <trkpt lat="51.014833339035974" lon="5.001913320088621">
    <ele>17.76</ele>
   </trkpt>
   <trkpt lat="51.01521" lon="5.002730000000001">
    <ele>17.990000000000002</ele>
   </trkpt>
   <trkpt lat="51.01521" lon="5.00272">
    <ele>17.97</ele>
   </trkpt>
   <trkpt lat="51.0155" lon="5.00335">
    <ele>19.01</ele>
   </trkpt>
   <trkpt lat="51.015460000000004" lon="5.003430000000001">
    <ele>19.01</ele>
   </trkpt>
   <trkpt lat="51.01547000000001" lon="5.00352">
    <ele>19.020000000000003</ele>
   </trkpt>
   <trkpt lat="51.01552" lon="5.00358">
    <ele>19.020000000000003</ele>
   </trkpt>
   <trkpt lat="51.015550000000005" lon="5.00359">
    <ele>19.020000000000003</ele>
   </trkpt>
   <trkpt lat="51.015600000000006" lon="5.003550000000001">
    <ele>19.05</ele>
   </trkpt>
   <trkpt lat="51.01610717359694" lon="5.0046456423829095">
    <ele>18.89</ele>
   </trkpt>
   <trkpt lat="51.016614336948024" lon="5.005741308732817">
    <ele>19.540000000000003</ele>
   </trkpt>
   <trkpt lat="51.0171214900529" lon="5.006836999050194">
    <ele>20.09</ele>
   </trkpt>
   <trkpt lat="51.01762863291111" lon="5.007932713335517">
    <ele>20.66</ele>
   </trkpt>
   <trkpt lat="51.018135765522274" lon="5.009028451589259">
    <ele>20.450000000000003</ele>
   </trkpt>
   <trkpt lat="51.01864288788598" lon="5.010124213811894">
    <ele>20.450000000000003</ele>
   </trkpt>
   <trkpt lat="51.01915" lon="5.011220000000001">
    <ele>20.67</ele>
   </trkpt>
   <trkpt lat="51.01953" lon="5.01222">
    <ele>20.86</ele>
   </trkpt>
   <trkpt lat="51.01975000192104" lon="5.012894996725702">
    <ele>21.07</ele>
   </trkpt>
   <trkpt lat="51.01997" lon="5.0135700000000005">
    <ele>21.32</ele>
   </trkpt>
   <trkpt lat="51.01997" lon="5.01356">
    <ele>21.310000000000002</ele>
   </trkpt>
   <trkpt lat="51.02033001557098" lon="5.014662474349299">
    <ele>21.62</ele>
   </trkpt>
   <trkpt lat="51.02069002076834" lon="5.015764965820031">
    <ele>21.6</ele>
   </trkpt>
   <trkpt lat="51.02105001559182" lon="5.016867474412191">
    <ele>20.8</ele>
   </trkpt>
   <trkpt lat="51.02141" lon="5.01797">
    <ele>20.82</ele>
   </trkpt>
   <trkpt lat="51.02154" lon="5.01822">
    <ele>21.080000000000002</ele>
   </trkpt>
   <trkpt lat="51.02198835678807" lon="5.01926828265818">
    <ele>20.43</ele>
   </trkpt>
   <trkpt lat="51.022436704197354" lon="5.020316585592288">
    <ele>21.52</ele>
   </trkpt>
   <trkpt lat="51.022885042227536" lon="5.021364908802619">
    <ele>21.75</ele>
   </trkpt>
   <trkpt lat="51.02333337087828" lon="5.022413252289465">
    <ele>21.88</ele>
   </trkpt>
   <trkpt lat="51.02378169014925" lon="5.023461616053117">
    <ele>22.04</ele>
   </trkpt>
   <trkpt lat="51.02423" lon="5.02451">
    <ele>22.29</ele>
   </trkpt>
   <trkpt lat="51.0247" lon="5.02566">
    <ele>21.93</ele>
   </trkpt>
   <trkpt lat="51.02510226806846" lon="5.02681880844394">
    <ele>21.830000000000002</ele>
   </trkpt>
   <trkpt lat="51.02550452467647" lon="5.027977636999729">
    <ele>21.61</ele>
   </trkpt>
   <trkpt lat="51.02590676982367" lon="5.0291364856674345">
    <ele>21.490000000000002</ele>
   </trkpt>
   <trkpt lat="51.02630900350971" lon="5.03029535444712">
    <ele>21.42</ele>
   </trkpt>
   <trkpt lat="51.02671122573421" lon="5.03145424333885">
    <ele>21.580000000000002</ele>
   </trkpt>
   <trkpt lat="51.0271134364968" lon="5.032613152342689">
    <ele>21.35</ele>
   </trkpt>
   <trkpt lat="51.02751563579713" lon="5.033772081458702">
    <ele>21.5</ele>
   </trkpt>
   <trkpt lat="51.02791782363483" lon="5.034931030686954">
    <ele>21.6</ele>
   </trkpt>
   <trkpt lat="51.02832" lon="5.036090000000001">
    <ele>21.85</ele>
   </trkpt>
   <trkpt lat="51.028380000000006" lon="5.03629">
    <ele>21.85</ele>
   </trkpt>
   <trkpt lat="51.028380000000006" lon="5.0362800000000005">
    <ele>21.85</ele>
   </trkpt>
   <trkpt lat="51.02861000000001" lon="5.03716">
    <ele>21.96</ele>
   </trkpt>
   <trkpt lat="51.02872000000001" lon="5.0377">
    <ele>22.0</ele>
   </trkpt>
   <trkpt lat="51.02894752437959" lon="5.0390799796862105">
    <ele>21.79</ele>
   </trkpt>
   <trkpt lat="51.029175032507126" lon="5.040459972920387">
    <ele>21.650000000000002</ele>
   </trkpt>
   <trkpt lat="51.02940252438233" lon="5.041839979701804">
    <ele>21.84</ele>
   </trkpt>
   <trkpt lat="51.029630000000004" lon="5.043220000000001">
    <ele>22.19</ele>
   </trkpt>
   <trkpt lat="51.029700000000005" lon="5.043690000000001">
    <ele>22.35</ele>
   </trkpt>
   <trkpt lat="51.029740000000004" lon="5.0441400000000005">
    <ele>22.44</ele>
   </trkpt>
   <trkpt lat="51.02975000000001" lon="5.044770000000001">
    <ele>22.860000000000003</ele>
   </trkpt>
   <trkpt lat="51.02987" lon="5.04474">
    <ele>22.97</ele>
   </trkpt>
   <trkpt lat="51.029970000000006" lon="5.0447500000000005">
    <ele>22.97</ele>
   </trkpt>
   <trkpt lat="51.030120000000004" lon="5.04488">
    <ele>23.1</ele>
   </trkpt>
   <trkpt lat="51.030260000000006" lon="5.04481">
    <ele>23.12</ele>
   </trkpt>
   <trkpt lat="51.03105000000001" lon="5.04469">
    <ele>24.060000000000002</ele>
   </trkpt>
   <trkpt lat="51.031220000000005" lon="5.04471">
    <ele>24.110000000000003</ele>
   </trkpt>
   <trkpt lat="51.03145000000001" lon="5.044650000000001">
    <ele>24.240000000000002</ele>
   </trkpt>
   <trkpt lat="51.03155" lon="5.0446">
    <ele>24.41</ele>
   </trkpt>
   <trkpt lat="51.032070000000004" lon="5.044160000000001">
    <ele>24.970000000000002</ele>
   </trkpt>
   <trkpt lat="51.032810000000005" lon="5.043500000000001">
    <ele>25.87</ele>
   </trkpt>
   <trkpt lat="51.03295000000001" lon="5.043430000000001">
    <ele>26.03</ele>
   </trkpt>
   <trkpt lat="51.033816668955446" lon="5.043103363875575">
    <ele>27.66</ele>
   </trkpt>
   <trkpt lat="51.03468333700035" lon="5.042776715533499">
    <ele>29.42</ele>
   </trkpt>
   <trkpt lat="51.035550004134684" lon="5.042450054972951">
    <ele>31.44</ele>
   </trkpt>
   <trkpt lat="51.036416670358385" lon="5.042123382193108">
    <ele>34.22</ele>
   </trkpt>
   <trkpt lat="51.037283335671376" lon="5.041796697193151">
    <ele>38.48</ele>
   </trkpt>
   <trkpt lat="51.03815" lon="5.04147">
    <ele>42.150000000000006</ele>
   </trkpt>
   <trkpt lat="51.038320000000006" lon="5.0414200000000005">
    <ele>42.61</ele>
   </trkpt>
   <trkpt lat="51.03849" lon="5.0414200000000005">
    <ele>43.74</ele>
   </trkpt>
   <trkpt lat="51.03867" lon="5.041460000000001">
    <ele>43.74</ele>
   </trkpt>
   <trkpt lat="51.03891" lon="5.041600000000001">
    <ele>44.38</ele>
   </trkpt>
   <trkpt lat="51.03953500058435" lon="5.041994994620164">
    <ele>45.58</ele>
   </trkpt>
   <trkpt lat="51.04016000000001" lon="5.04239">
    <ele>40.78</ele>
   </trkpt>
   <trkpt lat="51.04054000000001" lon="5.0426">
    <ele>38.81</ele>
   </trkpt>
   <trkpt lat="51.04068" lon="5.042630000000001">
    <ele>38.81</ele>
   </trkpt>
   <trkpt lat="51.040940000000006" lon="5.0426400000000005">
    <ele>37.69</ele>
   </trkpt>
   <trkpt lat="51.04168333386811" lon="5.042386674800516">
    <ele>33.5</ele>
   </trkpt>
   <trkpt lat="51.04242666718858" lon="5.042133341471727">
    <ele>30.840000000000003</ele>
   </trkpt>
   <trkpt lat="51.04317" lon="5.041880000000001">
    <ele>27.73</ele>
   </trkpt>
   <trkpt lat="51.04368000022408" lon="5.041695002008392">
    <ele>26.580000000000002</ele>
   </trkpt>
   <trkpt lat="51.04419000000001" lon="5.041510000000001">
    <ele>26.340000000000003</ele>
   </trkpt>
   <trkpt lat="51.04435001584364" lon="5.042622488486741">
    <ele>26.38</ele>
   </trkpt>
   <trkpt lat="51.04451002112633" lon="5.043734984658967">
    <ele>27.13</ele>
   </trkpt>
   <trkpt lat="51.04467001584795" lon="5.04484748851627">
    <ele>27.240000000000002</ele>
   </trkpt>
   <trkpt lat="51.044830000000005" lon="5.04596">
    <ele>27.430000000000003</ele>
   </trkpt>
   <trkpt lat="51.04497000577824" lon="5.047124996375639">
    <ele>27.4</ele>
   </trkpt>
   <trkpt lat="51.04511" lon="5.048290000000001">
    <ele>28.080000000000002</ele>
   </trkpt>
   <trkpt lat="51.045233341365424" lon="5.049259994860828">
    <ele>28.860000000000003</ele>
   </trkpt>
   <trkpt lat="51.045356674702084" lon="5.05022999488706">
    <ele>29.61</ele>
   </trkpt>
   <trkpt lat="51.045480000000005" lon="5.051200000000001">
    <ele>30.21</ele>
   </trkpt>
   <trkpt lat="51.04625714341855" lon="5.051051443528299">
    <ele>27.950000000000003</ele>
   </trkpt>
   <trkpt lat="51.047034286648774" lon="5.050902882071712">
    <ele>25.41</ele>
   </trkpt>
   <trkpt lat="51.04781142969067" lon="5.050754315629935">
    <ele>23.900000000000002</ele>
   </trkpt>
   <trkpt lat="51.04858857254422" lon="5.050605744202665">
    <ele>23.770000000000003</ele>
   </trkpt>
   <trkpt lat="51.049365715209404" lon="5.050457167789596">
    <ele>23.82</ele>
   </trkpt>
   <trkpt lat="51.05014285768625" lon="5.050308586390424">
    <ele>23.990000000000002</ele>
   </trkpt>
   <trkpt lat="51.050920000000005" lon="5.05016">
    <ele>24.23</ele>
   </trkpt>
   <trkpt lat="51.05153000000001" lon="5.0500300000000005">
    <ele>24.25</ele>
   </trkpt>
   <trkpt lat="51.05181" lon="5.04989">
    <ele>24.380000000000003</ele>
   </trkpt>
   <trkpt lat="51.05262401208547" lon="5.049329088748358">
    <ele>24.490000000000002</ele>
   </trkpt>
   <trkpt lat="51.05343802148629" lon="5.048768157777673">
    <ele>25.01</ele>
   </trkpt>
   <trkpt lat="51.054252028202306" lon="5.048207207086743">
    <ele>26.35</ele>
   </trkpt>
   <trkpt lat="51.05506603223337" lon="5.047646236674368">
    <ele>27.96</ele>
   </trkpt>
   <trkpt lat="51.05588003357925" lon="5.047085246539347">
    <ele>30.720000000000002</ele>
   </trkpt>
   <trkpt lat="51.05669403223982" lon="5.046524236680478">
    <ele>32.92</ele>
   </trkpt>
   <trkpt lat="51.0575080282149" lon="5.045963207096559">
    <ele>31.900000000000006</ele>
   </trkpt>
   <trkpt lat="51.058322021504296" lon="5.045402157786388">
    <ele>28.75</ele>
   </trkpt>
   <trkpt lat="51.059136012107864" lon="5.044841088748764">
    <ele>26.02</ele>
   </trkpt>
   <trkpt lat="51.05995000000001" lon="5.0442800000000005">
    <ele>24.380000000000003</ele>
   </trkpt>
   <trkpt lat="51.060320000000004" lon="5.045240000000001">
    <ele>23.73</ele>
   </trkpt>
   <trkpt lat="51.060550000000006" lon="5.04589">
    <ele>23.69</ele>
   </trkpt>
   <trkpt lat="51.06074" lon="5.04654">
    <ele>23.75</ele>
   </trkpt>
   <trkpt lat="51.06089000000001" lon="5.047160000000001">
    <ele>23.720000000000002</ele>
   </trkpt>
   <trkpt lat="51.06089000000001" lon="5.04715">
    <ele>23.720000000000002</ele>
   </trkpt>
   <trkpt lat="51.06101" lon="5.047680000000001">
    <ele>24.01</ele>
   </trkpt>
   <trkpt lat="51.06125" lon="5.048830000000001">
    <ele>23.98</ele>
   </trkpt>
   <trkpt lat="51.06141000765624" lon="5.0497766601825615">
    <ele>24.28</ele>
   </trkpt>
   <trkpt lat="51.06157000766631" lon="5.050723326908712">
    <ele>24.360000000000003</ele>
   </trkpt>
   <trkpt lat="51.061730000000004" lon="5.0516700000000005">
    <ele>24.32</ele>
   </trkpt>
   <trkpt lat="51.06197" lon="5.052930000000001">
    <ele>24.26</ele>
   </trkpt>
   <trkpt lat="51.062670000000004" lon="5.0526">
    <ele>22.770000000000003</ele>
   </trkpt>
   <trkpt lat="51.0634" lon="5.0521400000000005">
    <ele>22.21</ele>
   </trkpt>
   <trkpt lat="51.06416" lon="5.051740000000001">
    <ele>21.730000000000004</ele>
   </trkpt>
   <trkpt lat="51.064280000000004" lon="5.05166">
    <ele>21.730000000000004</ele>
   </trkpt>
   <trkpt lat="51.06441" lon="5.0515300000000005">
    <ele>21.740000000000002</ele>
   </trkpt>
   <trkpt lat="51.06448" lon="5.05142">
    <ele>21.740000000000002</ele>
   </trkpt>
   <trkpt lat="51.064550000000004" lon="5.051240000000001">
    <ele>21.66</ele>
   </trkpt>
   <trkpt lat="51.06467000000001" lon="5.050750000000001">
    <ele>21.640000000000004</ele>
   </trkpt>
   <trkpt lat="51.06479" lon="5.05058">
    <ele>21.640000000000004</ele>
   </trkpt>
   <trkpt lat="51.06501" lon="5.0504500000000005">
    <ele>21.470000000000002</ele>
   </trkpt>
   <trkpt lat="51.06548000047804" lon="5.050240002002726">
    <ele>21.43</ele>
   </trkpt>
   <trkpt lat="51.06595" lon="5.0500300000000005">
    <ele>21.54</ele>
   </trkpt>
   <trkpt lat="51.06636" lon="5.04982">
    <ele>21.630000000000003</ele>
   </trkpt>
   <trkpt lat="51.06697500037195" lon="5.049570003278895">
    <ele>20.810000000000002</ele>
   </trkpt>
   <trkpt lat="51.06759" lon="5.049320000000001">
    <ele>20.46</ele>
   </trkpt>
   <trkpt lat="51.067820000000005" lon="5.04926">
    <ele>20.62</ele>
   </trkpt>
   <trkpt lat="51.068290000000005" lon="5.04919">
    <ele>21.61</ele>
   </trkpt>
   <trkpt lat="51.06833" lon="5.0493500000000004">
    <ele>21.580000000000002</ele>
   </trkpt>
   <trkpt lat="51.068470000000005" lon="5.049250000000001">
    <ele>21.01</ele>
   </trkpt>
   <trkpt lat="51.069140000000004" lon="5.04926">
    <ele>19.58</ele>
   </trkpt>
   <trkpt lat="51.069739999988386" lon="5.04925000025949">
    <ele>19.430000000000003</ele>
   </trkpt>
   <trkpt lat="51.07033999997593" lon="5.049240000259702">
    <ele>19.560000000000002</ele>
   </trkpt>
   <trkpt lat="51.07094000000001" lon="5.0492300000000006">
    <ele>20.400000000000002</ele>
   </trkpt>
   <trkpt lat="51.07106" lon="5.04926">
    <ele>20.25</ele>
   </trkpt>
   <trkpt lat="51.07157999993577" lon="5.049245000170425">
    <ele>20.270000000000003</ele>
   </trkpt>
   <trkpt lat="51.072100000000006" lon="5.0492300000000006">
    <ele>20.540000000000003</ele>
   </trkpt>
   <trkpt lat="51.07224" lon="5.049270000000001">
    <ele>20.67</ele>
   </trkpt>
   <trkpt lat="51.072340000000004" lon="5.0493500000000004">
    <ele>20.91</ele>
   </trkpt>
   <trkpt lat="51.07245" lon="5.04957">
    <ele>20.91</ele>
   </trkpt>
   <trkpt lat="51.072480000000006" lon="5.04971">
    <ele>20.91</ele>
   </trkpt>
   <trkpt lat="51.072520000000004" lon="5.05018">
    <ele>21.51</ele>
   </trkpt>
   <trkpt lat="51.07256" lon="5.050330000000001">
    <ele>21.71</ele>
   </trkpt>
   <trkpt lat="51.072980003536635" lon="5.051234991878898">
    <ele>23.71</ele>
   </trkpt>
   <trkpt lat="51.07340000000001" lon="5.0521400000000005">
    <ele>24.470000000000002</ele>
   </trkpt>
  </trkseg>
 </trk>
</gpx>
