<?xml version="1.0" encoding="UTF-8"?>
<gpx creator="StravaGPX" version="1.1" xmlns="http://www.topografix.com/GPX/1/1" xmlns:xsi="http://www.w3.org/2001/XMLSchema-instance" xsi:schemaLocation="http://www.topografix.com/GPX/1/1 http://www.topografix.com/GPX/1/1/gpx.xsd">
 <metadata>
  <name>Kasterlee</name>
  <author>
   <name>Joeri Scapicchio</name>
   <link href="https://www.strava.com/athletes/2447439"/>
  </author>
  <copyright author="OpenStreetMap contributors">
   <year>2020</year>
   <license>https://www.openstreetmap.org/copyright</license>
  </copyright>
  <link href="https://www.strava.com/routes/3051441923024576378"/>
 </metadata>
 <trk>
  <name>Kasterlee</name>
  <link href="https://www.strava.com/routes/3051441923024576378"/>
  <type>cycling</type>
  <trkseg>
   <trkpt lat="51.069660000000006" lon="5.0896300000000005">
    <ele>22.96</ele>
   </trkpt>
   <trkpt lat="51.069720000000004" lon="5.089110000000001">
    <ele>23.03</ele>
   </trkpt>
   <trkpt lat="51.06976" lon="5.089">
    <ele>23.03</ele>
   </trkpt>
   <trkpt lat="51.06985" lon="5.08849">
    <ele>22.97</ele>
   </trkpt>
   <trkpt lat="51.07065000000001" lon="5.08886">
    <ele>23.39</ele>
   </trkpt>
   <trkpt lat="51.07077" lon="5.08889">
    <ele>23.39</ele>
   </trkpt>
   <trkpt lat="51.07159000000001" lon="5.089200000000001">
    <ele>23.290000000000003</ele>
   </trkpt>
   <trkpt lat="51.07166" lon="5.0892100000000005">
    <ele>23.250000000000004</ele>
   </trkpt>
   <trkpt lat="51.071670000000005" lon="5.0892100000000005">
    <ele>23.250000000000004</ele>
   </trkpt>
   <trkpt lat="51.07217000000001" lon="5.08929">
    <ele>23.05</ele>
   </trkpt>
   <trkpt lat="51.072830000098946" lon="5.089426662755861">
    <ele>23.01</ele>
   </trkpt>
   <trkpt lat="51.073490000038554" lon="5.089563329409954">
    <ele>23.000000000000004</ele>
   </trkpt>
   <trkpt lat="51.07415" lon="5.089700000000001">
    <ele>22.930000000000003</ele>
   </trkpt>
   <trkpt lat="51.074360000000006" lon="5.0898200000000005">
    <ele>22.98</ele>
   </trkpt>
   <trkpt lat="51.074690000000004" lon="5.0898900000000005">
    <ele>22.830000000000002</ele>
   </trkpt>
   <trkpt lat="51.07497000000001" lon="5.08987">
    <ele>22.67</ele>
   </trkpt>
   <trkpt lat="51.07573000000001" lon="5.09002">
    <ele>22.47</ele>
   </trkpt>
   <trkpt lat="51.0758" lon="5.090050000000001">
    <ele>22.47</ele>
   </trkpt>
   <trkpt lat="51.07623" lon="5.090140000000001">
    <ele>22.53</ele>
   </trkpt>
   <trkpt lat="51.07667000000001" lon="5.090210000000001">
    <ele>22.39</ele>
   </trkpt>
   <trkpt lat="51.077365000009934" lon="5.090354997805351">
    <ele>22.520000000000003</ele>
   </trkpt>
   <trkpt lat="51.07806" lon="5.0905000000000005">
    <ele>22.63</ele>
   </trkpt>
   <trkpt lat="51.078230000000005" lon="5.09062">
    <ele>22.63</ele>
   </trkpt>
   <trkpt lat="51.07842" lon="5.090660000000001">
    <ele>22.63</ele>
   </trkpt>
   <trkpt lat="51.07862" lon="5.09069">
    <ele>22.69</ele>
   </trkpt>
   <trkpt lat="51.07884000000001" lon="5.09065">
    <ele>22.69</ele>
   </trkpt>
   <trkpt lat="51.07883" lon="5.090660000000001">
    <ele>22.69</ele>
   </trkpt>
   <trkpt lat="51.07970333356868" lon="5.090839993195934">
    <ele>22.44</ele>
   </trkpt>
   <trkpt lat="51.08057666686097" lon="5.091019993187317">
    <ele>22.310000000000002</ele>
   </trkpt>
   <trkpt lat="51.081450000000004" lon="5.091200000000001">
    <ele>22.56</ele>
   </trkpt>
   <trkpt lat="51.08153" lon="5.09123">
    <ele>22.56</ele>
   </trkpt>
   <trkpt lat="51.081680000000006" lon="5.09124">
    <ele>22.55</ele>
   </trkpt>
   <trkpt lat="51.08182000574117" lon="5.092399996503558">
    <ele>22.330000000000002</ele>
   </trkpt>
   <trkpt lat="51.08196" lon="5.09356">
    <ele>22.47</ele>
   </trkpt>
   <trkpt lat="51.082" lon="5.09405">
    <ele>22.28</ele>
   </trkpt>
   <trkpt lat="51.08205" lon="5.09412">
    <ele>22.28</ele>
   </trkpt>
   <trkpt lat="51.08209" lon="5.095400000000001">
    <ele>22.18</ele>
   </trkpt>
   <trkpt lat="51.082170000000005" lon="5.096640000000001">
    <ele>22.1</ele>
   </trkpt>
   <trkpt lat="51.08229000000001" lon="5.09769">
    <ele>22.2</ele>
   </trkpt>
   <trkpt lat="51.08249000000001" lon="5.098960000000001">
    <ele>22.71</ele>
   </trkpt>
   <trkpt lat="51.082620000000006" lon="5.09954">
    <ele>22.79</ele>
   </trkpt>
   <trkpt lat="51.08261" lon="5.099530000000001">
    <ele>22.78</ele>
   </trkpt>
   <trkpt lat="51.082860000000004" lon="5.1006100000000005">
    <ele>23.13</ele>
   </trkpt>
   <trkpt lat="51.08303" lon="5.10123">
    <ele>23.21</ele>
   </trkpt>
   <trkpt lat="51.08336500450065" lon="5.102259992465844">
    <ele>23.73</ele>
   </trkpt>
   <trkpt lat="51.08370000000001" lon="5.10329">
    <ele>23.76</ele>
   </trkpt>
   <trkpt lat="51.08373" lon="5.1034500000000005">
    <ele>23.76</ele>
   </trkpt>
   <trkpt lat="51.084050000000005" lon="5.10449">
    <ele>24.130000000000003</ele>
   </trkpt>
   <trkpt lat="51.084120000000006" lon="5.10484">
    <ele>24.05</ele>
   </trkpt>
   <trkpt lat="51.084160000000004" lon="5.10519">
    <ele>24.0</ele>
   </trkpt>
   <trkpt lat="51.084140000000005" lon="5.105740000000001">
    <ele>24.240000000000002</ele>
   </trkpt>
   <trkpt lat="51.08422" lon="5.1058">
    <ele>24.23</ele>
   </trkpt>
   <trkpt lat="51.084250000000004" lon="5.1058">
    <ele>24.23</ele>
   </trkpt>
   <trkpt lat="51.08428000000001" lon="5.105770000000001">
    <ele>24.080000000000002</ele>
   </trkpt>
   <trkpt lat="51.084360000000004" lon="5.10578">
    <ele>24.080000000000002</ele>
   </trkpt>
   <trkpt lat="51.08447" lon="5.10585">
    <ele>23.590000000000003</ele>
   </trkpt>
   <trkpt lat="51.084830000000004" lon="5.106140000000001">
    <ele>23.330000000000002</ele>
   </trkpt>
   <trkpt lat="51.08494" lon="5.106260000000001">
    <ele>23.330000000000002</ele>
   </trkpt>
   <trkpt lat="51.08513000000001" lon="5.1063600000000005">
    <ele>23.42</ele>
   </trkpt>
   <trkpt lat="51.08522000000001" lon="5.10639">
    <ele>23.380000000000003</ele>
   </trkpt>
   <trkpt lat="51.08532" lon="5.10637">
    <ele>23.380000000000003</ele>
   </trkpt>
   <trkpt lat="51.0855" lon="5.10641">
    <ele>23.26</ele>
   </trkpt>
   <trkpt lat="51.08627666673492" lon="5.106473331209222">
    <ele>23.040000000000003</ele>
   </trkpt>
   <trkpt lat="51.087053333435605" lon="5.106536664545286">
    <ele>22.8</ele>
   </trkpt>
   <trkpt lat="51.087830000000004" lon="5.1066">
    <ele>22.860000000000003</ele>
   </trkpt>
   <trkpt lat="51.088460000000005" lon="5.106590000000001">
    <ele>22.96</ele>
   </trkpt>
   <trkpt lat="51.08881" lon="5.106540000000001">
    <ele>22.96</ele>
   </trkpt>
   <trkpt lat="51.089240000000004" lon="5.1064300000000005">
    <ele>23.05</ele>
   </trkpt>
   <trkpt lat="51.08984500029156" lon="5.106230002576306">
    <ele>23.040000000000003</ele>
   </trkpt>
   <trkpt lat="51.090450000000004" lon="5.1060300000000005">
    <ele>23.180000000000003</ele>
   </trkpt>
   <trkpt lat="51.090790000000005" lon="5.105790000000001">
    <ele>24.07</ele>
   </trkpt>
   <trkpt lat="51.091260000000005" lon="5.10529">
    <ele>27.01</ele>
   </trkpt>
   <trkpt lat="51.091530000000006" lon="5.105110000000001">
    <ele>28.37</ele>
   </trkpt>
   <trkpt lat="51.09181" lon="5.105">
    <ele>29.370000000000005</ele>
   </trkpt>
   <trkpt lat="51.09212" lon="5.10498">
    <ele>30.37</ele>
   </trkpt>
   <trkpt lat="51.092360000000006" lon="5.105040000000001">
    <ele>30.730000000000004</ele>
   </trkpt>
   <trkpt lat="51.092915000298305" lon="5.105264997333026">
    <ele>30.990000000000002</ele>
   </trkpt>
   <trkpt lat="51.09347" lon="5.1054900000000005">
    <ele>28.71</ele>
   </trkpt>
   <trkpt lat="51.093900000000005" lon="5.10561">
    <ele>25.66</ele>
   </trkpt>
   <trkpt lat="51.094390000000004" lon="5.105650000000001">
    <ele>22.94</ele>
   </trkpt>
   <trkpt lat="51.09508" lon="5.10569">
    <ele>22.930000000000003</ele>
   </trkpt>
   <trkpt lat="51.095150000000004" lon="5.105670000000001">
    <ele>22.930000000000003</ele>
   </trkpt>
   <trkpt lat="51.095220000000005" lon="5.10562">
    <ele>23.6</ele>
   </trkpt>
   <trkpt lat="51.09566" lon="5.10569">
    <ele>23.950000000000003</ele>
   </trkpt>
   <trkpt lat="51.09588" lon="5.10576">
    <ele>24.84</ele>
   </trkpt>
   <trkpt lat="51.096615001129486" lon="5.106057485811368">
    <ele>27.080000000000002</ele>
   </trkpt>
   <trkpt lat="51.09735000150409" lon="5.106354981080685">
    <ele>28.880000000000003</ele>
   </trkpt>
   <trkpt lat="51.09808500112377" lon="5.106652485808492">
    <ele>29.380000000000003</ele>
   </trkpt>
   <trkpt lat="51.09882" lon="5.10695">
    <ele>29.39</ele>
   </trkpt>
   <trkpt lat="51.09929" lon="5.107130000000001">
    <ele>29.380000000000003</ele>
   </trkpt>
   <trkpt lat="51.099470000000004" lon="5.1071800000000005">
    <ele>29.240000000000002</ele>
   </trkpt>
   <trkpt lat="51.09984000000001" lon="5.107220000000001">
    <ele>28.85</ele>
   </trkpt>
   <trkpt lat="51.1002" lon="5.107150000000001">
    <ele>27.85</ele>
   </trkpt>
   <trkpt lat="51.10034" lon="5.10709">
    <ele>27.85</ele>
   </trkpt>
   <trkpt lat="51.100620000000006" lon="5.10695">
    <ele>27.250000000000004</ele>
   </trkpt>
   <trkpt lat="51.101350001894104" lon="5.10647334841587">
    <ele>25.28</ele>
   </trkpt>
   <trkpt lat="51.10208000185027" lon="5.105996681778124">
    <ele>23.950000000000003</ele>
   </trkpt>
   <trkpt lat="51.102810000000005" lon="5.10552">
    <ele>23.040000000000003</ele>
   </trkpt>
   <trkpt lat="51.10343" lon="5.10527">
    <ele>22.88</ele>
   </trkpt>
   <trkpt lat="51.103860000000005" lon="5.10522">
    <ele>22.76</ele>
   </trkpt>
   <trkpt lat="51.1047" lon="5.105300000000001">
    <ele>22.63</ele>
   </trkpt>
   <trkpt lat="51.1049" lon="5.1052800000000005">
    <ele>22.79</ele>
   </trkpt>
   <trkpt lat="51.105070000000005" lon="5.105230000000001">
    <ele>22.930000000000003</ele>
   </trkpt>
   <trkpt lat="51.10530000000001" lon="5.106000000000001">
    <ele>22.61</ele>
   </trkpt>
   <trkpt lat="51.105650000000004" lon="5.10681">
    <ele>22.79</ele>
   </trkpt>
   <trkpt lat="51.105830000000005" lon="5.107010000000001">
    <ele>22.79</ele>
   </trkpt>
   <trkpt lat="51.106" lon="5.107100000000001">
    <ele>22.820000000000004</ele>
   </trkpt>
   <trkpt lat="51.106100000000005" lon="5.10712">
    <ele>22.87</ele>
   </trkpt>
   <trkpt lat="51.106280000000005" lon="5.10709">
    <ele>22.94</ele>
   </trkpt>
   <trkpt lat="51.10704000003991" lon="5.106895003237756">
    <ele>23.03</ele>
   </trkpt>
   <trkpt lat="51.107800000000005" lon="5.1067">
    <ele>22.94</ele>
   </trkpt>
   <trkpt lat="51.10822" lon="5.10653">
    <ele>22.910000000000004</ele>
   </trkpt>
   <trkpt lat="51.108230000000006" lon="5.10653">
    <ele>22.910000000000004</ele>
   </trkpt>
   <trkpt lat="51.10874000020729" lon="5.10630500248662">
    <ele>22.94</ele>
   </trkpt>
   <trkpt lat="51.10925" lon="5.10608">
    <ele>22.8</ele>
   </trkpt>
   <trkpt lat="51.109440000000006" lon="5.10595">
    <ele>22.860000000000003</ele>
   </trkpt>
   <trkpt lat="51.10976" lon="5.105670000000001">
    <ele>22.81</ele>
   </trkpt>
   <trkpt lat="51.10989000000001" lon="5.105580000000001">
    <ele>22.81</ele>
   </trkpt>
   <trkpt lat="51.11003" lon="5.105510000000001">
    <ele>22.680000000000003</ele>
   </trkpt>
   <trkpt lat="51.11018000000001" lon="5.10545">
    <ele>22.660000000000004</ele>
   </trkpt>
   <trkpt lat="51.11075" lon="5.10541">
    <ele>22.62</ele>
   </trkpt>
   <trkpt lat="51.11093" lon="5.10538">
    <ele>22.6</ele>
   </trkpt>
   <trkpt lat="51.11108" lon="5.10533">
    <ele>22.6</ele>
   </trkpt>
   <trkpt lat="51.11137" lon="5.105200000000001">
    <ele>22.660000000000004</ele>
   </trkpt>
   <trkpt lat="51.11150000000001" lon="5.105110000000001">
    <ele>22.7</ele>
   </trkpt>
   <trkpt lat="51.111610000000006" lon="5.10498">
    <ele>22.78</ele>
   </trkpt>
   <trkpt lat="51.111720000000005" lon="5.1048100000000005">
    <ele>22.9</ele>
   </trkpt>
   <trkpt lat="51.112120000000004" lon="5.104080000000001">
    <ele>23.87</ele>
   </trkpt>
   <trkpt lat="51.1122" lon="5.10404">
    <ele>23.87</ele>
   </trkpt>
   <trkpt lat="51.112210000000005" lon="5.10386">
    <ele>23.87</ele>
   </trkpt>
   <trkpt lat="51.11229" lon="5.10385">
    <ele>23.73</ele>
   </trkpt>
   <trkpt lat="51.11238" lon="5.10376">
    <ele>23.73</ele>
   </trkpt>
   <trkpt lat="51.11271000000001" lon="5.103330000000001">
    <ele>23.470000000000002</ele>
   </trkpt>
   <trkpt lat="51.112840000000006" lon="5.103190000000001">
    <ele>23.500000000000004</ele>
   </trkpt>
   <trkpt lat="51.11301" lon="5.10308">
    <ele>23.500000000000004</ele>
   </trkpt>
   <trkpt lat="51.113150000000005" lon="5.10303">
    <ele>23.560000000000002</ele>
   </trkpt>
   <trkpt lat="51.11346" lon="5.103020000000001">
    <ele>23.46</ele>
   </trkpt>
   <trkpt lat="51.11402499999073" lon="5.103020000000001">
    <ele>23.380000000000003</ele>
   </trkpt>
   <trkpt lat="51.11459000000001" lon="5.103020000000001">
    <ele>23.35</ele>
   </trkpt>
   <trkpt lat="51.11497000000001" lon="5.1028400000000005">
    <ele>23.470000000000002</ele>
   </trkpt>
   <trkpt lat="51.11569000107111" lon="5.102480011236472">
    <ele>23.42</ele>
   </trkpt>
   <trkpt lat="51.116410001036904" lon="5.10212001125378">
    <ele>23.430000000000003</ele>
   </trkpt>
   <trkpt lat="51.11713" lon="5.1017600000000005">
    <ele>23.55</ele>
   </trkpt>
   <trkpt lat="51.11730000000001" lon="5.10175">
    <ele>23.55</ele>
   </trkpt>
   <trkpt lat="51.11810000002344" lon="5.1017450000864315">
    <ele>23.48</ele>
   </trkpt>
   <trkpt lat="51.118900000000004" lon="5.10174">
    <ele>23.430000000000003</ele>
   </trkpt>
   <trkpt lat="51.11921" lon="5.10177">
    <ele>23.430000000000003</ele>
   </trkpt>
   <trkpt lat="51.119930000038025" lon="5.101929997490628">
    <ele>23.360000000000003</ele>
   </trkpt>
   <trkpt lat="51.120650000000005" lon="5.1020900000000005">
    <ele>23.41</ele>
   </trkpt>
   <trkpt lat="51.1208" lon="5.10214">
    <ele>23.46</ele>
   </trkpt>
   <trkpt lat="51.12091" lon="5.10222">
    <ele>23.46</ele>
   </trkpt>
   <trkpt lat="51.12137500158473" lon="5.102824993941449">
    <ele>23.520000000000003</ele>
   </trkpt>
   <trkpt lat="51.121840000000006" lon="5.10343">
    <ele>23.540000000000003</ele>
   </trkpt>
   <trkpt lat="51.121950000000005" lon="5.1035">
    <ele>23.57</ele>
   </trkpt>
   <trkpt lat="51.122060000000005" lon="5.1035200000000005">
    <ele>23.57</ele>
   </trkpt>
   <trkpt lat="51.12219" lon="5.1035">
    <ele>23.57</ele>
   </trkpt>
   <trkpt lat="51.122330000000005" lon="5.103420000000001">
    <ele>23.540000000000003</ele>
   </trkpt>
   <trkpt lat="51.122890000000005" lon="5.10285">
    <ele>23.66</ele>
   </trkpt>
   <trkpt lat="51.123020000000004" lon="5.102790000000001">
    <ele>23.66</ele>
   </trkpt>
   <trkpt lat="51.12317" lon="5.1027700000000005">
    <ele>23.680000000000003</ele>
   </trkpt>
   <trkpt lat="51.123380000000004" lon="5.10283">
    <ele>23.720000000000002</ele>
   </trkpt>
   <trkpt lat="51.123380000000004" lon="5.10282">
    <ele>23.720000000000002</ele>
   </trkpt>
   <trkpt lat="51.12357" lon="5.102880000000001">
    <ele>23.98</ele>
   </trkpt>
   <trkpt lat="51.123720000000006" lon="5.102880000000001">
    <ele>23.98</ele>
   </trkpt>
   <trkpt lat="51.123870000000004" lon="5.10282">
    <ele>24.07</ele>
   </trkpt>
   <trkpt lat="51.124080000000006" lon="5.10261">
    <ele>24.060000000000002</ele>
   </trkpt>
   <trkpt lat="51.12415000000001" lon="5.1025">
    <ele>24.060000000000002</ele>
   </trkpt>
   <trkpt lat="51.124210000000005" lon="5.10235">
    <ele>23.98</ele>
   </trkpt>
   <trkpt lat="51.124550000000006" lon="5.10113">
    <ele>24.67</ele>
   </trkpt>
   <trkpt lat="51.12472" lon="5.100720000000001">
    <ele>25.060000000000002</ele>
   </trkpt>
   <trkpt lat="51.124880000000005" lon="5.10046">
    <ele>25.57</ele>
   </trkpt>
   <trkpt lat="51.125240000000005" lon="5.10005">
    <ele>25.95</ele>
   </trkpt>
   <trkpt lat="51.12562500066466" lon="5.099675003062346">
    <ele>26.87</ele>
   </trkpt>
   <trkpt lat="51.12601" lon="5.0993">
    <ele>27.98</ele>
   </trkpt>
   <trkpt lat="51.12622" lon="5.099060000000001">
    <ele>28.19</ele>
   </trkpt>
   <trkpt lat="51.126540000000006" lon="5.09863">
    <ele>28.630000000000003</ele>
   </trkpt>
   <trkpt lat="51.126720000000006" lon="5.09837">
    <ele>28.68</ele>
   </trkpt>
   <trkpt lat="51.12712000231471" lon="5.097650006047759">
    <ele>28.59</ele>
   </trkpt>
   <trkpt lat="51.127520000000004" lon="5.09693">
    <ele>28.450000000000003</ele>
   </trkpt>
   <trkpt lat="51.128015002729825" lon="5.096125008681797">
    <ele>28.430000000000003</ele>
   </trkpt>
   <trkpt lat="51.128510000000006" lon="5.09532">
    <ele>28.360000000000003</ele>
   </trkpt>
   <trkpt lat="51.129020000000004" lon="5.094670000000001">
    <ele>28.940000000000005</ele>
   </trkpt>
   <trkpt lat="51.12912000000001" lon="5.09461">
    <ele>29.07</ele>
   </trkpt>
   <trkpt lat="51.12913" lon="5.094740000000001">
    <ele>29.07</ele>
   </trkpt>
   <trkpt lat="51.129220000000004" lon="5.094720000000001">
    <ele>28.970000000000002</ele>
   </trkpt>
   <trkpt lat="51.129290000000005" lon="5.09473">
    <ele>28.970000000000002</ele>
   </trkpt>
   <trkpt lat="51.12984000012721" lon="5.094959997219743">
    <ele>27.85</ele>
   </trkpt>
   <trkpt lat="51.130390000000006" lon="5.0951900000000006">
    <ele>27.700000000000003</ele>
   </trkpt>
   <trkpt lat="51.130500000000005" lon="5.095210000000001">
    <ele>27.770000000000003</ele>
   </trkpt>
   <trkpt lat="51.13062000000001" lon="5.09522">
    <ele>27.680000000000003</ele>
   </trkpt>
   <trkpt lat="51.130750000000006" lon="5.0951900000000006">
    <ele>27.680000000000003</ele>
   </trkpt>
   <trkpt lat="51.13137500039691" lon="5.094915003689075">
    <ele>27.13</ele>
   </trkpt>
   <trkpt lat="51.132000000000005" lon="5.09464">
    <ele>27.020000000000003</ele>
   </trkpt>
   <trkpt lat="51.13251499979994" lon="5.094605000404288">
    <ele>26.37</ele>
   </trkpt>
   <trkpt lat="51.133030000000005" lon="5.09457">
    <ele>26.09</ele>
   </trkpt>
   <trkpt lat="51.132870002428064" lon="5.093814997372821">
    <ele>26.340000000000003</ele>
   </trkpt>
   <trkpt lat="51.13271" lon="5.09306">
    <ele>26.910000000000004</ele>
   </trkpt>
   <trkpt lat="51.13262000354696" lon="5.09214999838979">
    <ele>27.19</ele>
   </trkpt>
   <trkpt lat="51.13253" lon="5.09124">
    <ele>27.03</ele>
   </trkpt>
   <trkpt lat="51.13252500239818" lon="5.090489999893236">
    <ele>26.820000000000004</ele>
   </trkpt>
   <trkpt lat="51.13252000000001" lon="5.089740000000001">
    <ele>26.69</ele>
   </trkpt>
   <trkpt lat="51.132540000000006" lon="5.08915">
    <ele>26.660000000000004</ele>
   </trkpt>
   <trkpt lat="51.13302500017064" lon="5.08915">
    <ele>25.330000000000002</ele>
   </trkpt>
   <trkpt lat="51.13351" lon="5.08915">
    <ele>24.46</ele>
   </trkpt>
   <trkpt lat="51.13389" lon="5.089160000000001">
    <ele>24.14</ele>
   </trkpt>
   <trkpt lat="51.133950000000006" lon="5.089130000000001">
    <ele>24.14</ele>
   </trkpt>
   <trkpt lat="51.13401" lon="5.089060000000001">
    <ele>24.14</ele>
   </trkpt>
   <trkpt lat="51.13423668228255" lon="5.087706679965345">
    <ele>23.89</ele>
   </trkpt>
   <trkpt lat="51.13446334894731" lon="5.086353346643751">
    <ele>23.8</ele>
   </trkpt>
   <trkpt lat="51.134690000000006" lon="5.085000000000001">
    <ele>23.91</ele>
   </trkpt>
   <trkpt lat="51.135040000000004" lon="5.08427">
    <ele>24.23</ele>
   </trkpt>
   <trkpt lat="51.135375004264205" lon="5.083270007253624">
    <ele>25.210000000000004</ele>
   </trkpt>
   <trkpt lat="51.13571" lon="5.08227">
    <ele>25.040000000000003</ele>
   </trkpt>
   <trkpt lat="51.13586" lon="5.08176">
    <ele>24.73</ele>
   </trkpt>
   <trkpt lat="51.135650000000005" lon="5.08162">
    <ele>24.860000000000003</ele>
   </trkpt>
   <trkpt lat="51.13546" lon="5.08145">
    <ele>25.0</ele>
   </trkpt>
   <trkpt lat="51.13479500272646" lon="5.08065498858841">
    <ele>25.79</ele>
   </trkpt>
   <trkpt lat="51.134130000000006" lon="5.07986">
    <ele>27.090000000000003</ele>
   </trkpt>
   <trkpt lat="51.13393000000001" lon="5.0796600000000005">
    <ele>27.090000000000003</ele>
   </trkpt>
   <trkpt lat="51.13409500249611" lon="5.078895002729432">
    <ele>25.92</ele>
   </trkpt>
   <trkpt lat="51.134260000000005" lon="5.078130000000001">
    <ele>25.95</ele>
   </trkpt>
   <trkpt lat="51.134260000000005" lon="5.0780400000000006">
    <ele>25.95</ele>
   </trkpt>
   <trkpt lat="51.13494000000001" lon="5.07767">
    <ele>25.14</ele>
   </trkpt>
   <trkpt lat="51.13514000000001" lon="5.0775500000000005">
    <ele>25.040000000000003</ele>
   </trkpt>
   <trkpt lat="51.13537" lon="5.0773">
    <ele>25.040000000000003</ele>
   </trkpt>
   <trkpt lat="51.13579000000001" lon="5.07655">
    <ele>24.740000000000002</ele>
   </trkpt>
   <trkpt lat="51.13589" lon="5.076280000000001">
    <ele>24.700000000000003</ele>
   </trkpt>
   <trkpt lat="51.13613" lon="5.07491">
    <ele>24.71</ele>
   </trkpt>
   <trkpt lat="51.13665000376253" lon="5.073970010595273">
    <ele>24.64</ele>
   </trkpt>
   <trkpt lat="51.137170000000005" lon="5.07303">
    <ele>24.68</ele>
   </trkpt>
   <trkpt lat="51.13768" lon="5.07195">
    <ele>25.290000000000003</ele>
   </trkpt>
   <trkpt lat="51.138015001293546" lon="5.071385004213424">
    <ele>25.400000000000002</ele>
   </trkpt>
   <trkpt lat="51.13835" lon="5.07082">
    <ele>25.36</ele>
   </trkpt>
   <trkpt lat="51.13862" lon="5.07031">
    <ele>25.44</ele>
   </trkpt>
   <trkpt lat="51.138690000000004" lon="5.070180000000001">
    <ele>25.44</ele>
   </trkpt>
   <trkpt lat="51.13898000723007" lon="5.069260011517257">
    <ele>25.44</ele>
   </trkpt>
   <trkpt lat="51.13927000724296" lon="5.068340011476538">
    <ele>25.48</ele>
   </trkpt>
   <trkpt lat="51.13956" lon="5.06742">
    <ele>25.25</ele>
   </trkpt>
   <trkpt lat="51.139660000000006" lon="5.067150000000001">
    <ele>24.950000000000003</ele>
   </trkpt>
   <trkpt lat="51.140080000000005" lon="5.06623">
    <ele>24.34</ele>
   </trkpt>
   <trkpt lat="51.14011000000001" lon="5.066070000000001">
    <ele>24.34</ele>
   </trkpt>
   <trkpt lat="51.140150000000006" lon="5.065530000000001">
    <ele>24.23</ele>
   </trkpt>
   <trkpt lat="51.14018000236314" lon="5.064785000563694">
    <ele>24.78</ele>
   </trkpt>
   <trkpt lat="51.14021" lon="5.06404">
    <ele>25.120000000000005</ele>
   </trkpt>
   <trkpt lat="51.14025" lon="5.06338">
    <ele>25.93</ele>
   </trkpt>
   <trkpt lat="51.14034500217971" lon="5.062665001470451">
    <ele>25.96</ele>
   </trkpt>
   <trkpt lat="51.140440000000005" lon="5.06195">
    <ele>25.28</ele>
   </trkpt>
   <trkpt lat="51.14074667859234" lon="5.060766682443653">
    <ele>24.900000000000002</ele>
   </trkpt>
   <trkpt lat="51.14105334524476" lon="5.059583349165592">
    <ele>25.030000000000005</ele>
   </trkpt>
   <trkpt lat="51.141360000000006" lon="5.058400000000001">
    <ele>24.92</ele>
   </trkpt>
   <trkpt lat="51.141580003503385" lon="5.057490004449157">
    <ele>24.84</ele>
   </trkpt>
   <trkpt lat="51.1418" lon="5.05658">
    <ele>25.02</ele>
   </trkpt>
   <trkpt lat="51.141920000000006" lon="5.056">
    <ele>24.900000000000002</ele>
   </trkpt>
   <trkpt lat="51.142120000000006" lon="5.0549800000000005">
    <ele>24.77</ele>
   </trkpt>
   <trkpt lat="51.14259000244172" lon="5.054230007566744">
    <ele>24.5</ele>
   </trkpt>
   <trkpt lat="51.143060000000006" lon="5.05348">
    <ele>23.85</ele>
   </trkpt>
   <trkpt lat="51.143190000000004" lon="5.05332">
    <ele>23.64</ele>
   </trkpt>
   <trkpt lat="51.143820000000005" lon="5.05231">
    <ele>21.6</ele>
   </trkpt>
   <trkpt lat="51.14437" lon="5.051550000000001">
    <ele>20.900000000000002</ele>
   </trkpt>
   <trkpt lat="51.14475" lon="5.05114">
    <ele>20.66</ele>
   </trkpt>
   <trkpt lat="51.14509" lon="5.050820000000001">
    <ele>20.560000000000002</ele>
   </trkpt>
   <trkpt lat="51.145690003122915" lon="5.050325019312997">
    <ele>20.6</ele>
   </trkpt>
   <trkpt lat="51.14629000415671" lon="5.049830025757019">
    <ele>20.400000000000002</ele>
   </trkpt>
   <trkpt lat="51.14689000310129" lon="5.049335019331498">
    <ele>20.740000000000002</ele>
   </trkpt>
   <trkpt lat="51.147490000000005" lon="5.04884">
    <ele>20.740000000000002</ele>
   </trkpt>
   <trkpt lat="51.14759" lon="5.0487">
    <ele>21.19</ele>
   </trkpt>
   <trkpt lat="51.14773" lon="5.048590000000001">
    <ele>21.39</ele>
   </trkpt>
   <trkpt lat="51.147830000000006" lon="5.04854">
    <ele>21.36</ele>
   </trkpt>
   <trkpt lat="51.148300000000006" lon="5.04816">
    <ele>21.35</ele>
   </trkpt>
   <trkpt lat="51.14903000463273" lon="5.0475575285987935">
    <ele>21.02</ele>
   </trkpt>
   <trkpt lat="51.14976000617048" lon="5.046955038137838">
    <ele>21.1</ele>
   </trkpt>
   <trkpt lat="51.15049000461315" lon="5.046352528616114">
    <ele>21.05</ele>
   </trkpt>
   <trkpt lat="51.15122" lon="5.045750000000001">
    <ele>21.19</ele>
   </trkpt>
   <trkpt lat="51.15128000000001" lon="5.04565">
    <ele>21.470000000000002</ele>
   </trkpt>
   <trkpt lat="51.151650000000004" lon="5.04534">
    <ele>21.380000000000003</ele>
   </trkpt>
   <trkpt lat="51.151810000000005" lon="5.0452900000000005">
    <ele>21.380000000000003</ele>
   </trkpt>
   <trkpt lat="51.1525" lon="5.04471">
    <ele>21.45</ele>
   </trkpt>
   <trkpt lat="51.15254" lon="5.04466">
    <ele>21.45</ele>
   </trkpt>
   <trkpt lat="51.1530700009096" lon="5.044220004983755">
    <ele>21.86</ele>
   </trkpt>
   <trkpt lat="51.153600000000004" lon="5.043780000000001">
    <ele>22.2</ele>
   </trkpt>
   <trkpt lat="51.153980000000004" lon="5.043500000000001">
    <ele>22.18</ele>
   </trkpt>
   <trkpt lat="51.15466400535593" lon="5.042940033198909">
    <ele>21.5</ele>
   </trkpt>
   <trkpt lat="51.15534800803833" lon="5.042380049795682">
    <ele>21.37</ele>
   </trkpt>
   <trkpt lat="51.15603200804705" lon="5.041820049789487">
    <ele>20.98</ele>
   </trkpt>
   <trkpt lat="51.156716005381966" lon="5.04126003317949">
    <ele>20.78</ele>
   </trkpt>
   <trkpt lat="51.1574" lon="5.0407">
    <ele>20.96</ele>
   </trkpt>
   <trkpt lat="51.15744" lon="5.04065">
    <ele>20.96</ele>
   </trkpt>
   <trkpt lat="51.15776" lon="5.04037">
    <ele>21.1</ele>
   </trkpt>
   <trkpt lat="51.15802000000001" lon="5.04016">
    <ele>21.28</ele>
   </trkpt>
   <trkpt lat="51.158080000000005" lon="5.04009">
    <ele>21.6</ele>
   </trkpt>
   <trkpt lat="51.15838" lon="5.039840000000001">
    <ele>21.980000000000004</ele>
   </trkpt>
   <trkpt lat="51.15867667381423" lon="5.040756654826791">
    <ele>21.490000000000002</ele>
   </trkpt>
   <trkpt lat="51.15897334046452" lon="5.041673321442703">
    <ele>21.57</ele>
   </trkpt>
   <trkpt lat="51.15927000000001" lon="5.042590000000001">
    <ele>22.42</ele>
   </trkpt>
   <trkpt lat="51.15955500293148" lon="5.04340999512169">
    <ele>22.88</ele>
   </trkpt>
   <trkpt lat="51.15984" lon="5.044230000000001">
    <ele>22.89</ele>
   </trkpt>
   <trkpt lat="51.16014500164519" lon="5.044839996085031">
    <ele>22.6</ele>
   </trkpt>
   <trkpt lat="51.160450000000004" lon="5.045450000000001">
    <ele>22.61</ele>
   </trkpt>
   <trkpt lat="51.16105" lon="5.0465">
    <ele>22.94</ele>
   </trkpt>
   <trkpt lat="51.16136500135776" lon="5.047069996058529">
    <ele>23.01</ele>
   </trkpt>
   <trkpt lat="51.161680000000004" lon="5.04764">
    <ele>23.180000000000003</ele>
   </trkpt>
   <trkpt lat="51.162020000000005" lon="5.04828">
    <ele>23.19</ele>
   </trkpt>
   <trkpt lat="51.16216000000001" lon="5.0486200000000006">
    <ele>23.15</ele>
   </trkpt>
   <trkpt lat="51.16251500511076" lon="5.049714991571822">
    <ele>23.020000000000003</ele>
   </trkpt>
   <trkpt lat="51.162870000000005" lon="5.05081">
    <ele>23.06</ele>
   </trkpt>
   <trkpt lat="51.16290000000001" lon="5.0509">
    <ele>23.06</ele>
   </trkpt>
   <trkpt lat="51.16317" lon="5.051760000000001">
    <ele>23.07</ele>
   </trkpt>
   <trkpt lat="51.16328000000001" lon="5.0520700000000005">
    <ele>23.090000000000003</ele>
   </trkpt>
   <trkpt lat="51.16310000000001" lon="5.053140000000001">
    <ele>23.24</ele>
   </trkpt>
   <trkpt lat="51.16299" lon="5.0536">
    <ele>23.42</ele>
   </trkpt>
   <trkpt lat="51.16293" lon="5.05377">
    <ele>23.42</ele>
   </trkpt>
   <trkpt lat="51.162850000000006" lon="5.054250000000001">
    <ele>23.650000000000002</ele>
   </trkpt>
   <trkpt lat="51.16280000292648" lon="5.055080001067892">
    <ele>23.73</ele>
   </trkpt>
   <trkpt lat="51.16275" lon="5.055910000000001">
    <ele>23.919999999999998</ele>
   </trkpt>
   <trkpt lat="51.16271000351151" lon="5.056815000327489">
    <ele>23.840000000000003</ele>
   </trkpt>
   <trkpt lat="51.162670000000006" lon="5.057720000000001">
    <ele>23.680000000000003</ele>
   </trkpt>
   <trkpt lat="51.16283000000001" lon="5.05846">
    <ele>23.360000000000003</ele>
   </trkpt>
   <trkpt lat="51.16292000000001" lon="5.059030000000001">
    <ele>23.340000000000003</ele>
   </trkpt>
   <trkpt lat="51.16290000000001" lon="5.05959">
    <ele>23.340000000000003</ele>
   </trkpt>
   <trkpt lat="51.16301500627794" lon="5.060804996814079">
    <ele>23.48</ele>
   </trkpt>
   <trkpt lat="51.16313" lon="5.06202">
    <ele>23.520000000000003</ele>
   </trkpt>
   <trkpt lat="51.16308" lon="5.0628">
    <ele>23.66</ele>
   </trkpt>
   <trkpt lat="51.16310000000001" lon="5.06266">
    <ele>23.630000000000003</ele>
   </trkpt>
   <trkpt lat="51.163000000000004" lon="5.0635">
    <ele>23.75</ele>
   </trkpt>
   <trkpt lat="51.163000000000004" lon="5.063700000000001">
    <ele>23.720000000000002</ele>
   </trkpt>
   <trkpt lat="51.1632" lon="5.0637300000000005">
    <ele>23.49</ele>
   </trkpt>
   <trkpt lat="51.16358" lon="5.06371">
    <ele>23.14</ele>
   </trkpt>
   <trkpt lat="51.16371" lon="5.06374">
    <ele>23.000000000000004</ele>
   </trkpt>
   <trkpt lat="51.16387" lon="5.06393">
    <ele>22.94</ele>
   </trkpt>
   <trkpt lat="51.1642" lon="5.06453">
    <ele>22.580000000000002</ele>
   </trkpt>
   <trkpt lat="51.164320000000004" lon="5.0647">
    <ele>22.580000000000002</ele>
   </trkpt>
   <trkpt lat="51.16467" lon="5.0650200000000005">
    <ele>22.6</ele>
   </trkpt>
   <trkpt lat="51.16479" lon="5.0651">
    <ele>22.6</ele>
   </trkpt>
   <trkpt lat="51.16501" lon="5.065040000000001">
    <ele>22.490000000000002</ele>
   </trkpt>
   <trkpt lat="51.1651" lon="5.064990000000001">
    <ele>22.490000000000002</ele>
   </trkpt>
   <trkpt lat="51.165330000000004" lon="5.06475">
    <ele>22.44</ele>
   </trkpt>
   <trkpt lat="51.16601000305426" lon="5.06389501268319">
    <ele>22.500000000000004</ele>
   </trkpt>
   <trkpt lat="51.16669" lon="5.06304">
    <ele>22.27</ele>
   </trkpt>
   <trkpt lat="51.16677000000001" lon="5.06297">
    <ele>22.27</ele>
   </trkpt>
   <trkpt lat="51.166880000000006" lon="5.06292">
    <ele>22.1</ele>
   </trkpt>
   <trkpt lat="51.16777000006132" lon="5.063074997001738">
    <ele>22.2</ele>
   </trkpt>
   <trkpt lat="51.16866" lon="5.063230000000001">
    <ele>22.19</ele>
   </trkpt>
   <trkpt lat="51.168870000000005" lon="5.063230000000001">
    <ele>22.21</ele>
   </trkpt>
   <trkpt lat="51.168960000000006" lon="5.063210000000001">
    <ele>22.21</ele>
   </trkpt>
   <trkpt lat="51.16951000012407" lon="5.062995002592643">
    <ele>22.26</ele>
   </trkpt>
   <trkpt lat="51.17006000000001" lon="5.06278">
    <ele>22.12</ele>
   </trkpt>
   <trkpt lat="51.17011" lon="5.062760000000001">
    <ele>22.12</ele>
   </trkpt>
   <trkpt lat="51.170230000000004" lon="5.062760000000001">
    <ele>22.12</ele>
   </trkpt>
   <trkpt lat="51.17058" lon="5.062810000000001">
    <ele>22.240000000000002</ele>
   </trkpt>
   <trkpt lat="51.17067" lon="5.06289">
    <ele>22.250000000000004</ele>
   </trkpt>
   <trkpt lat="51.17078000000001" lon="5.062950000000001">
    <ele>22.28</ele>
   </trkpt>
   <trkpt lat="51.17087" lon="5.063140000000001">
    <ele>22.61</ele>
   </trkpt>
   <trkpt lat="51.17118000000001" lon="5.06317">
    <ele>22.63</ele>
   </trkpt>
   <trkpt lat="51.171170000000004" lon="5.063560000000001">
    <ele>22.26</ele>
   </trkpt>
   <trkpt lat="51.171510000000005" lon="5.063350000000001">
    <ele>22.240000000000002</ele>
   </trkpt>
   <trkpt lat="51.17176667625554" lon="5.064409988242619">
    <ele>21.830000000000002</ele>
   </trkpt>
   <trkpt lat="51.17202334293257" lon="5.065469988285266">
    <ele>21.86</ele>
   </trkpt>
   <trkpt lat="51.17228" lon="5.06653">
    <ele>22.240000000000002</ele>
   </trkpt>
   <trkpt lat="51.17233" lon="5.06651">
    <ele>22.240000000000002</ele>
   </trkpt>
   <trkpt lat="51.172650000000004" lon="5.066560000000001">
    <ele>21.53</ele>
   </trkpt>
   <trkpt lat="51.173240000156845" lon="5.0667199979657145">
    <ele>21.51</ele>
   </trkpt>
   <trkpt lat="51.17383" lon="5.06688">
    <ele>21.900000000000002</ele>
   </trkpt>
   <trkpt lat="51.174040000000005" lon="5.066870000000001">
    <ele>22.490000000000002</ele>
   </trkpt>
   <trkpt lat="51.17409000000001" lon="5.066630000000001">
    <ele>22.55</ele>
   </trkpt>
   <trkpt lat="51.17482000025846" lon="5.066874996121979">
    <ele>23.330000000000002</ele>
   </trkpt>
   <trkpt lat="51.17555" lon="5.06712">
    <ele>24.35</ele>
   </trkpt>
   <trkpt lat="51.175760000000004" lon="5.06716">
    <ele>24.35</ele>
   </trkpt>
   <trkpt lat="51.17633000000001" lon="5.067130000000001">
    <ele>24.830000000000002</ele>
   </trkpt>
   <trkpt lat="51.17633500709373" lon="5.065839999928334">
    <ele>24.34</ele>
   </trkpt>
   <trkpt lat="51.17634" lon="5.0645500000000006">
    <ele>24.310000000000002</ele>
   </trkpt>
   <trkpt lat="51.176350000000006" lon="5.06423">
    <ele>24.220000000000002</ele>
   </trkpt>
   <trkpt lat="51.17650500492924" lon="5.063155003588961">
    <ele>23.67</ele>
   </trkpt>
   <trkpt lat="51.176660000000005" lon="5.062080000000001">
    <ele>23.14</ele>
   </trkpt>
   <trkpt lat="51.17676" lon="5.06074">
    <ele>23.090000000000003</ele>
   </trkpt>
   <trkpt lat="51.176770000000005" lon="5.059410000000001">
    <ele>23.01</ele>
   </trkpt>
   <trkpt lat="51.176640000000006" lon="5.058260000000001">
    <ele>22.81</ele>
   </trkpt>
   <trkpt lat="51.17649000452522" lon="5.057229996671907">
    <ele>22.6</ele>
   </trkpt>
   <trkpt lat="51.17634" lon="5.0562000000000005">
    <ele>22.490000000000002</ele>
   </trkpt>
   <trkpt lat="51.17634" lon="5.056190000000001">
    <ele>22.490000000000002</ele>
   </trkpt>
   <trkpt lat="51.176170000000006" lon="5.05501">
    <ele>22.42</ele>
   </trkpt>
   <trkpt lat="51.17625" lon="5.05492">
    <ele>22.310000000000002</ele>
   </trkpt>
   <trkpt lat="51.17629" lon="5.05482">
    <ele>22.310000000000002</ele>
   </trkpt>
   <trkpt lat="51.176460002400596" lon="5.054070002751924">
    <ele>21.94</ele>
   </trkpt>
   <trkpt lat="51.17663" lon="5.05332">
    <ele>22.2</ele>
   </trkpt>
   <trkpt lat="51.176680000000005" lon="5.05321">
    <ele>22.2</ele>
   </trkpt>
   <trkpt lat="51.176730000000006" lon="5.05316">
    <ele>22.2</ele>
   </trkpt>
   <trkpt lat="51.17680000000001" lon="5.05316">
    <ele>22.17</ele>
   </trkpt>
   <trkpt lat="51.177080000000004" lon="5.053310000000001">
    <ele>21.630000000000003</ele>
   </trkpt>
   <trkpt lat="51.177220000000005" lon="5.05332">
    <ele>21.48</ele>
   </trkpt>
   <trkpt lat="51.17784000266786" lon="5.052760015066711">
    <ele>21.470000000000002</ele>
   </trkpt>
   <trkpt lat="51.17846000266248" lon="5.052200015071823">
    <ele>21.5</ele>
   </trkpt>
   <trkpt lat="51.179080000000006" lon="5.051640000000001">
    <ele>21.66</ele>
   </trkpt>
   <trkpt lat="51.17981" lon="5.050820000000001">
    <ele>21.34</ele>
   </trkpt>
   <trkpt lat="51.18009000000001" lon="5.0506400000000005">
    <ele>21.26</ele>
   </trkpt>
   <trkpt lat="51.18055000025465" lon="5.0503850025569985">
    <ele>21.380000000000003</ele>
   </trkpt>
   <trkpt lat="51.18101000000001" lon="5.05013">
    <ele>21.640000000000004</ele>
   </trkpt>
   <trkpt lat="51.18164" lon="5.0498400000000006">
    <ele>22.060000000000002</ele>
   </trkpt>
   <trkpt lat="51.18213000003166" lon="5.049680001726074">
    <ele>21.95</ele>
   </trkpt>
   <trkpt lat="51.18262000000001" lon="5.04952">
    <ele>22.240000000000002</ele>
   </trkpt>
   <trkpt lat="51.18340333529437" lon="5.049036683113087">
    <ele>22.03</ele>
   </trkpt>
   <trkpt lat="51.184186668597455" lon="5.048553349798765">
    <ele>22.250000000000004</ele>
   </trkpt>
   <trkpt lat="51.18497000000001" lon="5.04807">
    <ele>22.26</ele>
   </trkpt>
   <trkpt lat="51.18515000000001" lon="5.04793">
    <ele>22.26</ele>
   </trkpt>
   <trkpt lat="51.18568500117451" lon="5.047420005856992">
    <ele>22.150000000000002</ele>
   </trkpt>
   <trkpt lat="51.186220000000006" lon="5.0469100000000005">
    <ele>22.63</ele>
   </trkpt>
   <trkpt lat="51.186600000000006" lon="5.04654">
    <ele>23.76</ele>
   </trkpt>
   <trkpt lat="51.186640000000004" lon="5.04708">
    <ele>23.330000000000002</ele>
   </trkpt>
   <trkpt lat="51.18665000000001" lon="5.04846">
    <ele>23.05</ele>
   </trkpt>
   <trkpt lat="51.18667000000001" lon="5.04872">
    <ele>23.07</ele>
   </trkpt>
   <trkpt lat="51.186876675820336" lon="5.049756657335487">
    <ele>23.44</ele>
   </trkpt>
   <trkpt lat="51.18708334248027" lon="5.050793323968205">
    <ele>23.650000000000002</ele>
   </trkpt>
   <trkpt lat="51.187290000000004" lon="5.051830000000001">
    <ele>23.66</ele>
   </trkpt>
   <trkpt lat="51.18746" lon="5.0527500000000005">
    <ele>23.66</ele>
   </trkpt>
   <trkpt lat="51.187716673833116" lon="5.053666656471001">
    <ele>23.720000000000002</ele>
   </trkpt>
   <trkpt lat="51.1879733405039" lon="5.054583323152198">
    <ele>23.78</ele>
   </trkpt>
   <trkpt lat="51.188230000000004" lon="5.0555">
    <ele>23.880000000000003</ele>
   </trkpt>
   <trkpt lat="51.18864000000001" lon="5.0564800000000005">
    <ele>23.950000000000003</ele>
   </trkpt>
   <trkpt lat="51.18871000000001" lon="5.0567">
    <ele>23.950000000000003</ele>
   </trkpt>
   <trkpt lat="51.18896500535137" lon="5.057819993825759">
    <ele>24.05</ele>
   </trkpt>
   <trkpt lat="51.189220000000006" lon="5.058940000000001">
    <ele>24.17</ele>
   </trkpt>
   <trkpt lat="51.18947000445385" lon="5.059964994341998">
    <ele>24.09</ele>
   </trkpt>
   <trkpt lat="51.18972" lon="5.06099">
    <ele>24.110000000000003</ele>
   </trkpt>
   <trkpt lat="51.18983000000001" lon="5.061260000000001">
    <ele>24.16</ele>
   </trkpt>
   <trkpt lat="51.1902150029102" lon="5.062094992891117">
    <ele>24.220000000000002</ele>
   </trkpt>
   <trkpt lat="51.1906" lon="5.062930000000001">
    <ele>24.14</ele>
   </trkpt>
   <trkpt lat="51.19108500387361" lon="5.063884989922674">
    <ele>24.12</ele>
   </trkpt>
   <trkpt lat="51.191570000000006" lon="5.06484">
    <ele>24.34</ele>
   </trkpt>
   <trkpt lat="51.191570000000006" lon="5.064830000000001">
    <ele>24.34</ele>
   </trkpt>
   <trkpt lat="51.19183" lon="5.06533">
    <ele>24.690000000000005</ele>
   </trkpt>
   <trkpt lat="51.19187" lon="5.065460000000001">
    <ele>24.690000000000005</ele>
   </trkpt>
   <trkpt lat="51.191970000000005" lon="5.06526">
    <ele>24.59</ele>
   </trkpt>
   <trkpt lat="51.19215000223424" lon="5.064530003001065">
    <ele>24.05</ele>
   </trkpt>
   <trkpt lat="51.192330000000005" lon="5.0638000000000005">
    <ele>24.03</ele>
   </trkpt>
   <trkpt lat="51.192640002123035" lon="5.063095004731933">
    <ele>24.34</ele>
   </trkpt>
   <trkpt lat="51.19295" lon="5.062390000000001">
    <ele>24.59</ele>
   </trkpt>
   <trkpt lat="51.193230006640945" lon="5.061506677432827">
    <ele>24.59</ele>
   </trkpt>
   <trkpt lat="51.193510006631264" lon="5.060623344130203">
    <ele>24.560000000000002</ele>
   </trkpt>
   <trkpt lat="51.19379000000001" lon="5.059740000000001">
    <ele>24.540000000000003</ele>
   </trkpt>
   <trkpt lat="51.19404001698313" lon="5.0585875187539475">
    <ele>24.6</ele>
   </trkpt>
   <trkpt lat="51.19429002264518" lon="5.057435025001171">
    <ele>24.67</ele>
   </trkpt>
   <trkpt lat="51.19454001698589" lon="5.056282518741989">
    <ele>24.66</ele>
   </trkpt>
   <trkpt lat="51.194790000000005" lon="5.05513">
    <ele>24.810000000000002</ele>
   </trkpt>
   <trkpt lat="51.19489" lon="5.054930000000001">
    <ele>24.900000000000002</ele>
   </trkpt>
   <trkpt lat="51.19541500302607" lon="5.0540800097712">
    <ele>25.040000000000003</ele>
   </trkpt>
   <trkpt lat="51.19594000000001" lon="5.05323">
    <ele>25.200000000000003</ele>
   </trkpt>
   <trkpt lat="51.19594000000001" lon="5.0532200000000005">
    <ele>25.200000000000003</ele>
   </trkpt>
   <trkpt lat="51.196265001189566" lon="5.052705003538911">
    <ele>25.240000000000002</ele>
   </trkpt>
   <trkpt lat="51.19659000000001" lon="5.05219">
    <ele>25.02</ele>
   </trkpt>
   <trkpt lat="51.197160000000004" lon="5.05309">
    <ele>24.85</ele>
   </trkpt>
   <trkpt lat="51.19753000000001" lon="5.052510000000001">
    <ele>25.120000000000005</ele>
   </trkpt>
   <trkpt lat="51.1976" lon="5.0525">
    <ele>25.16</ele>
   </trkpt>
   <trkpt lat="51.197680000000005" lon="5.0525400000000005">
    <ele>25.14</ele>
   </trkpt>
   <trkpt lat="51.19812000195235" lon="5.053224993384148">
    <ele>24.77</ele>
   </trkpt>
   <trkpt lat="51.19856000000001" lon="5.05391">
    <ele>25.130000000000003</ele>
   </trkpt>
   <trkpt lat="51.198620000000005" lon="5.05412">
    <ele>25.1</ele>
   </trkpt>
   <trkpt lat="51.1989800013425" lon="5.054679995633353">
    <ele>25.14</ele>
   </trkpt>
   <trkpt lat="51.19934000000001" lon="5.05524">
    <ele>24.98</ele>
   </trkpt>
   <trkpt lat="51.19952000000001" lon="5.055400000000001">
    <ele>24.93</ele>
   </trkpt>
   <trkpt lat="51.199875001416835" lon="5.055949995959486">
    <ele>24.66</ele>
   </trkpt>
   <trkpt lat="51.200230000000005" lon="5.056500000000001">
    <ele>24.43</ele>
   </trkpt>
   <trkpt lat="51.20026000000001" lon="5.0566">
    <ele>24.43</ele>
   </trkpt>
   <trkpt lat="51.200250000000004" lon="5.056730000000001">
    <ele>24.66</ele>
   </trkpt>
   <trkpt lat="51.200190000000006" lon="5.0569500000000005">
    <ele>24.66</ele>
   </trkpt>
   <trkpt lat="51.200720000000004" lon="5.05757">
    <ele>24.67</ele>
   </trkpt>
   <trkpt lat="51.2008" lon="5.0574">
    <ele>24.73</ele>
   </trkpt>
   <trkpt lat="51.200860000000006" lon="5.05748">
    <ele>24.690000000000005</ele>
   </trkpt>
   <trkpt lat="51.20089" lon="5.0574200000000005">
    <ele>24.450000000000003</ele>
   </trkpt>
   <trkpt lat="51.200970000000005" lon="5.05733">
    <ele>24.450000000000003</ele>
   </trkpt>
   <trkpt lat="51.201040000000006" lon="5.057200000000001">
    <ele>24.23</ele>
   </trkpt>
   <trkpt lat="51.20147000839516" lon="5.05620668524525">
    <ele>24.1</ele>
   </trkpt>
   <trkpt lat="51.20190000838075" lon="5.0552133519455085">
    <ele>23.970000000000002</ele>
   </trkpt>
   <trkpt lat="51.20233" lon="5.054220000000001">
    <ele>24.03</ele>
   </trkpt>
   <trkpt lat="51.20274751183449" lon="5.053257526192295">
    <ele>23.83</ele>
   </trkpt>
   <trkpt lat="51.20316501577361" lon="5.052295034936804">
    <ele>23.919999999999998</ele>
   </trkpt>
   <trkpt lat="51.20358251181708" lon="5.051332526233278">
    <ele>23.970000000000002</ele>
   </trkpt>
   <trkpt lat="51.20400000000001" lon="5.05037">
    <ele>23.98</ele>
   </trkpt>
   <trkpt lat="51.204060000000005" lon="5.0501700000000005">
    <ele>23.98</ele>
   </trkpt>
   <trkpt lat="51.204240000000006" lon="5.04976">
    <ele>24.240000000000002</ele>
   </trkpt>
   <trkpt lat="51.20429000000001" lon="5.04971">
    <ele>24.470000000000002</ele>
   </trkpt>
   <trkpt lat="51.20474000914092" lon="5.048673353632013">
    <ele>24.8</ele>
   </trkpt>
   <trkpt lat="51.205190009122795" lon="5.047636687007476">
    <ele>23.860000000000003</ele>
   </trkpt>
   <trkpt lat="51.20564" lon="5.046600000000001">
    <ele>23.700000000000003</ele>
   </trkpt>
   <trkpt lat="51.205940000000005" lon="5.04567">
    <ele>23.28</ele>
   </trkpt>
   <trkpt lat="51.20630602381368" lon="5.044488037573991">
    <ele>22.820000000000004</ele>
   </trkpt>
   <trkpt lat="51.206672035720715" lon="5.0433060563614145">
    <ele>22.840000000000003</ele>
   </trkpt>
   <trkpt lat="51.20703803572076" lon="5.0421240563623355">
    <ele>22.54</ele>
   </trkpt>
   <trkpt lat="51.20740402381346" lon="5.040942037576824">
    <ele>22.0</ele>
   </trkpt>
   <trkpt lat="51.207770000000004" lon="5.03976">
    <ele>21.990000000000002</ele>
   </trkpt>
   <trkpt lat="51.20806" lon="5.03884">
    <ele>22.44</ele>
   </trkpt>
   <trkpt lat="51.208270000000006" lon="5.03861">
    <ele>22.45</ele>
   </trkpt>
   <trkpt lat="51.2083" lon="5.038430000000001">
    <ele>22.310000000000002</ele>
   </trkpt>
   <trkpt lat="51.20832000000001" lon="5.03838">
    <ele>22.310000000000002</ele>
   </trkpt>
   <trkpt lat="51.20846" lon="5.038270000000001">
    <ele>22.09</ele>
   </trkpt>
   <trkpt lat="51.20890500064991" lon="5.038629996600344">
    <ele>21.740000000000002</ele>
   </trkpt>
   <trkpt lat="51.20935000000001" lon="5.03899">
    <ele>22.09</ele>
   </trkpt>
   <trkpt lat="51.209920000000004" lon="5.03938">
    <ele>22.060000000000002</ele>
   </trkpt>
   <trkpt lat="51.21013000000001" lon="5.03946">
    <ele>22.070000000000004</ele>
   </trkpt>
   <trkpt lat="51.21041" lon="5.039510000000001">
    <ele>22.140000000000004</ele>
   </trkpt>
   <trkpt lat="51.21081" lon="5.039510000000001">
    <ele>22.55</ele>
   </trkpt>
   <trkpt lat="51.21114000000001" lon="5.040310000000001">
    <ele>22.22</ele>
   </trkpt>
   <trkpt lat="51.211130000000004" lon="5.040310000000001">
    <ele>22.22</ele>
   </trkpt>
   <trkpt lat="51.21143500237163" lon="5.041039995406239">
    <ele>22.680000000000003</ele>
   </trkpt>
   <trkpt lat="51.211740000000006" lon="5.0417700000000005">
    <ele>23.1</ele>
   </trkpt>
   <trkpt lat="51.21182" lon="5.04206">
    <ele>23.1</ele>
   </trkpt>
   <trkpt lat="51.212067130674406" lon="5.04342288261537">
    <ele>23.55</ele>
   </trkpt>
   <trkpt lat="51.212314245518925" lon="5.044785779859279">
    <ele>23.630000000000003</ele>
   </trkpt>
   <trkpt lat="51.21256134453325" lon="5.046148691731078">
    <ele>23.700000000000003</ele>
   </trkpt>
   <trkpt lat="51.21280842771708" lon="5.047511618230116">
    <ele>23.8</ele>
   </trkpt>
   <trkpt lat="51.21305549507011" lon="5.048874559355743">
    <ele>23.85</ele>
   </trkpt>
   <trkpt lat="51.21330254659203" lon="5.050237515107305">
    <ele>23.930000000000003</ele>
   </trkpt>
   <trkpt lat="51.21354958228252" lon="5.051600485484155">
    <ele>24.03</ele>
   </trkpt>
   <trkpt lat="51.21379660214127" lon="5.052963470485638">
    <ele>24.020000000000003</ele>
   </trkpt>
   <trkpt lat="51.21404360616798" lon="5.054326470111104">
    <ele>24.080000000000002</ele>
   </trkpt>
   <trkpt lat="51.21429059436234" lon="5.055689484359903">
    <ele>23.91</ele>
   </trkpt>
   <trkpt lat="51.21453756672402" lon="5.0570525132313815">
    <ele>23.89</ele>
   </trkpt>
   <trkpt lat="51.214784523252725" lon="5.05841555672489">
    <ele>23.970000000000002</ele>
   </trkpt>
   <trkpt lat="51.215031463948165" lon="5.059778614839776">
    <ele>23.930000000000003</ele>
   </trkpt>
   <trkpt lat="51.21527838881" lon="5.061141687575388">
    <ele>23.970000000000002</ele>
   </trkpt>
   <trkpt lat="51.21552529783794" lon="5.062504774931074">
    <ele>24.040000000000003</ele>
   </trkpt>
   <trkpt lat="51.215772191031675" lon="5.0638678769061825">
    <ele>24.130000000000003</ele>
   </trkpt>
   <trkpt lat="51.21601906839088" lon="5.065230993500063">
    <ele>24.180000000000003</ele>
   </trkpt>
   <trkpt lat="51.21626592991524" lon="5.066594124712061">
    <ele>24.080000000000002</ele>
   </trkpt>
   <trkpt lat="51.21651277560448" lon="5.067957270541528">
    <ele>24.240000000000002</ele>
   </trkpt>
   <trkpt lat="51.21675960545826" lon="5.0693204309878075">
    <ele>24.200000000000003</ele>
   </trkpt>
   <trkpt lat="51.217006419476284" lon="5.0706836060502525">
    <ele>24.17</ele>
   </trkpt>
   <trkpt lat="51.21725321765824" lon="5.072046795728207">
    <ele>24.16</ele>
   </trkpt>
   <trkpt lat="51.2175" lon="5.07341">
    <ele>24.16</ele>
   </trkpt>
   <trkpt lat="51.2175" lon="5.0734200000000005">
    <ele>24.150000000000002</ele>
   </trkpt>
   <trkpt lat="51.217330000000004" lon="5.07439">
    <ele>24.740000000000002</ele>
   </trkpt>
   <trkpt lat="51.21732" lon="5.07469">
    <ele>25.16</ele>
   </trkpt>
   <trkpt lat="51.217360000000006" lon="5.07488">
    <ele>25.5</ele>
   </trkpt>
   <trkpt lat="51.21748" lon="5.075150000000001">
    <ele>26.430000000000003</ele>
   </trkpt>
   <trkpt lat="51.21788" lon="5.075780000000001">
    <ele>26.910000000000004</ele>
   </trkpt>
   <trkpt lat="51.21799000000001" lon="5.075970000000001">
    <ele>26.69</ele>
   </trkpt>
   <trkpt lat="51.218050000000005" lon="5.0761400000000005">
    <ele>26.6</ele>
   </trkpt>
   <trkpt lat="51.21811" lon="5.07645">
    <ele>26.03</ele>
   </trkpt>
   <trkpt lat="51.21810000000001" lon="5.07666">
    <ele>26.03</ele>
   </trkpt>
   <trkpt lat="51.21799000000001" lon="5.077100000000001">
    <ele>26.150000000000002</ele>
   </trkpt>
   <trkpt lat="51.21802" lon="5.07742">
    <ele>26.12</ele>
   </trkpt>
   <trkpt lat="51.218120000000006" lon="5.07777">
    <ele>25.890000000000004</ele>
   </trkpt>
   <trkpt lat="51.218250000000005" lon="5.078010000000001">
    <ele>25.890000000000004</ele>
   </trkpt>
   <trkpt lat="51.21847" lon="5.078340000000001">
    <ele>25.95</ele>
   </trkpt>
   <trkpt lat="51.2186" lon="5.07859">
    <ele>25.95</ele>
   </trkpt>
   <trkpt lat="51.21900000690505" lon="5.079864988852783">
    <ele>26.02</ele>
   </trkpt>
   <trkpt lat="51.21940000000001" lon="5.08114">
    <ele>26.0</ele>
   </trkpt>
   <trkpt lat="51.219780007057004" lon="5.08242498946477">
    <ele>26.09</ele>
   </trkpt>
   <trkpt lat="51.22016000000001" lon="5.083710000000001">
    <ele>25.96</ele>
   </trkpt>
   <trkpt lat="51.22034000000001" lon="5.0844000000000005">
    <ele>25.79</ele>
   </trkpt>
   <trkpt lat="51.22037" lon="5.08499">
    <ele>25.79</ele>
   </trkpt>
   <trkpt lat="51.22039" lon="5.085120000000001">
    <ele>25.79</ele>
   </trkpt>
   <trkpt lat="51.220742894569185" lon="5.086329944339086">
    <ele>25.87</ele>
   </trkpt>
   <trkpt lat="51.221095776662686" lon="5.087539907229208">
    <ele>26.03</ele>
   </trkpt>
   <trkpt lat="51.221448646280145" lon="5.088749888670229">
    <ele>26.03</ele>
   </trkpt>
   <trkpt lat="51.221801503421226" lon="5.08995988866201">
    <ele>26.050000000000004</ele>
   </trkpt>
   <trkpt lat="51.22215434808556" lon="5.091169907204416">
    <ele>25.980000000000004</ele>
   </trkpt>
   <trkpt lat="51.222507180272835" lon="5.092379944297308">
    <ele>25.800000000000004</ele>
   </trkpt>
   <trkpt lat="51.222860000000004" lon="5.093590000000001">
    <ele>26.11</ele>
   </trkpt>
   <trkpt lat="51.22289000000001" lon="5.0938300000000005">
    <ele>26.67</ele>
   </trkpt>
   <trkpt lat="51.222840000000005" lon="5.094">
    <ele>26.67</ele>
   </trkpt>
   <trkpt lat="51.22279" lon="5.09407">
    <ele>26.67</ele>
   </trkpt>
   <trkpt lat="51.22252" lon="5.09421">
    <ele>27.73</ele>
   </trkpt>
   <trkpt lat="51.222480000000004" lon="5.094410000000001">
    <ele>27.73</ele>
   </trkpt>
   <trkpt lat="51.222530000000006" lon="5.094620000000001">
    <ele>28.25</ele>
   </trkpt>
   <trkpt lat="51.222570000000005" lon="5.094650000000001">
    <ele>28.25</ele>
   </trkpt>
   <trkpt lat="51.222730000000006" lon="5.09468">
    <ele>29.05</ele>
   </trkpt>
   <trkpt lat="51.22288" lon="5.09466">
    <ele>29.05</ele>
   </trkpt>
   <trkpt lat="51.223040000000005" lon="5.094550000000001">
    <ele>30.38</ele>
   </trkpt>
   <trkpt lat="51.22371666869928" lon="5.094060014416925">
    <ele>30.220000000000002</ele>
   </trkpt>
   <trkpt lat="51.224393335352616" lon="5.093570014426854">
    <ele>26.72</ele>
   </trkpt>
   <trkpt lat="51.22507" lon="5.0930800000000005">
    <ele>24.3</ele>
   </trkpt>
   <trkpt lat="51.22587200254592" lon="5.0926940269021115">
    <ele>23.82</ele>
   </trkpt>
   <trkpt lat="51.22667400382235" lon="5.092308040352381">
    <ele>23.76</ele>
   </trkpt>
   <trkpt lat="51.22747600382916" lon="5.091922040349973">
    <ele>23.700000000000003</ele>
   </trkpt>
   <trkpt lat="51.22827800256629" lon="5.091536026894056">
    <ele>23.610000000000003</ele>
   </trkpt>
   <trkpt lat="51.22908" lon="5.091150000000001">
    <ele>23.360000000000003</ele>
   </trkpt>
   <trkpt lat="51.229670000000006" lon="5.09086">
    <ele>23.14</ele>
   </trkpt>
   <trkpt lat="51.230140000000006" lon="5.09065">
    <ele>23.07</ele>
   </trkpt>
   <trkpt lat="51.23086500038688" lon="5.090305005492803">
    <ele>22.62</ele>
   </trkpt>
   <trkpt lat="51.231590000000004" lon="5.0899600000000005">
    <ele>22.310000000000002</ele>
   </trkpt>
   <trkpt lat="51.23199" lon="5.089770000000001">
    <ele>22.2</ele>
   </trkpt>
   <trkpt lat="51.232220000000005" lon="5.08961">
    <ele>22.160000000000004</ele>
   </trkpt>
   <trkpt lat="51.23236000000001" lon="5.08959">
    <ele>22.22</ele>
   </trkpt>
   <trkpt lat="51.23241" lon="5.089530000000001">
    <ele>22.19</ele>
   </trkpt>
   <trkpt lat="51.23254000000001" lon="5.089460000000001">
    <ele>22.080000000000002</ele>
   </trkpt>
   <trkpt lat="51.232600000000005" lon="5.08948">
    <ele>22.080000000000002</ele>
   </trkpt>
   <trkpt lat="51.232940000000006" lon="5.08938">
    <ele>21.95</ele>
   </trkpt>
   <trkpt lat="51.233180000000004" lon="5.0894200000000005">
    <ele>21.94</ele>
   </trkpt>
   <trkpt lat="51.2334" lon="5.08952">
    <ele>21.96</ele>
   </trkpt>
   <trkpt lat="51.233610000000006" lon="5.08969">
    <ele>22.1</ele>
   </trkpt>
   <trkpt lat="51.233830000000005" lon="5.08994">
    <ele>22.080000000000002</ele>
   </trkpt>
   <trkpt lat="51.23398" lon="5.09018">
    <ele>22.18</ele>
   </trkpt>
   <trkpt lat="51.234120000000004" lon="5.09051">
    <ele>22.3</ele>
   </trkpt>
   <trkpt lat="51.23425" lon="5.090960000000001">
    <ele>22.62</ele>
   </trkpt>
   <trkpt lat="51.234820000000006" lon="5.09032">
    <ele>22.78</ele>
   </trkpt>
   <trkpt lat="51.23540000572373" lon="5.089650025354583">
    <ele>22.89</ele>
   </trkpt>
   <trkpt lat="51.235980007622686" lon="5.088980033817037">
    <ele>22.98</ele>
   </trkpt>
   <trkpt lat="51.236560005696674" lon="5.088310025386697">
    <ele>23.06</ele>
   </trkpt>
   <trkpt lat="51.237140000000004" lon="5.08764">
    <ele>22.97</ele>
   </trkpt>
   <trkpt lat="51.23777500237582" lon="5.086890010376501">
    <ele>22.860000000000003</ele>
   </trkpt>
   <trkpt lat="51.23841" lon="5.08614">
    <ele>22.770000000000003</ele>
   </trkpt>
   <trkpt lat="51.23892000000001" lon="5.08565">
    <ele>22.38</ele>
   </trkpt>
   <trkpt lat="51.23942" lon="5.0852900000000005">
    <ele>22.2</ele>
   </trkpt>
   <trkpt lat="51.23957000000001" lon="5.08516">
    <ele>22.2</ele>
   </trkpt>
   <trkpt lat="51.23995000073322" lon="5.084735003551364">
    <ele>22.070000000000004</ele>
   </trkpt>
   <trkpt lat="51.24033000000001" lon="5.08431">
    <ele>22.02</ele>
   </trkpt>
   <trkpt lat="51.24056" lon="5.084040000000001">
    <ele>21.990000000000002</ele>
   </trkpt>
   <trkpt lat="51.240680000000005" lon="5.084020000000001">
    <ele>21.990000000000002</ele>
   </trkpt>
   <trkpt lat="51.240750000000006" lon="5.083480000000001">
    <ele>21.550000000000004</ele>
   </trkpt>
   <trkpt lat="51.240860000000005" lon="5.083010000000001">
    <ele>21.17</ele>
   </trkpt>
   <trkpt lat="51.24103" lon="5.082590000000001">
    <ele>21.14</ele>
   </trkpt>
   <trkpt lat="51.241350000000004" lon="5.0818900000000005">
    <ele>21.19</ele>
   </trkpt>
   <trkpt lat="51.241530000000004" lon="5.08124">
    <ele>21.35</ele>
   </trkpt>
   <trkpt lat="51.24159" lon="5.080640000000001">
    <ele>21.11</ele>
   </trkpt>
   <trkpt lat="51.241580000000006" lon="5.080240000000001">
    <ele>21.07</ele>
   </trkpt>
   <trkpt lat="51.24152000425456" lon="5.079239998602054">
    <ele>20.76</ele>
   </trkpt>
   <trkpt lat="51.241460000000004" lon="5.07824">
    <ele>20.68</ele>
   </trkpt>
   <trkpt lat="51.24145000000001" lon="5.07748">
    <ele>20.73</ele>
   </trkpt>
   <trkpt lat="51.24146500333568" lon="5.076595000347465">
    <ele>20.630000000000003</ele>
   </trkpt>
   <trkpt lat="51.24148" lon="5.075710000000001">
    <ele>20.17</ele>
   </trkpt>
   <trkpt lat="51.241620000000005" lon="5.07446">
    <ele>19.98</ele>
   </trkpt>
   <trkpt lat="51.241640000000004" lon="5.07401">
    <ele>20.12</ele>
   </trkpt>
   <trkpt lat="51.24159" lon="5.0734900000000005">
    <ele>20.450000000000003</ele>
   </trkpt>
   <trkpt lat="51.241490000000006" lon="5.0734900000000005">
    <ele>20.37</ele>
   </trkpt>
   <trkpt lat="51.24141" lon="5.073460000000001">
    <ele>20.37</ele>
   </trkpt>
   <trkpt lat="51.24079666965652" lon="5.072866650835035">
    <ele>20.1</ele>
   </trkpt>
   <trkpt lat="51.24018333631339" lon="5.072273317492513">
    <ele>20.19</ele>
   </trkpt>
   <trkpt lat="51.23957000000001" lon="5.071680000000001">
    <ele>19.900000000000002</ele>
   </trkpt>
   <trkpt lat="51.23910000000001" lon="5.07115">
    <ele>19.900000000000002</ele>
   </trkpt>
   <trkpt lat="51.239020000000004" lon="5.0709100000000005">
    <ele>19.87</ele>
   </trkpt>
   <trkpt lat="51.238960000000006" lon="5.06991">
    <ele>20.009999999999998</ele>
   </trkpt>
   <trkpt lat="51.23877" lon="5.069190000000001">
    <ele>20.12</ele>
   </trkpt>
   <trkpt lat="51.238800000000005" lon="5.06885">
    <ele>20.130000000000003</ele>
   </trkpt>
   <trkpt lat="51.238635006715725" lon="5.067594995541973">
    <ele>20.080000000000002</ele>
   </trkpt>
   <trkpt lat="51.23847000000001" lon="5.06634">
    <ele>19.810000000000002</ele>
   </trkpt>
   <trkpt lat="51.23847000000001" lon="5.0661000000000005">
    <ele>19.73</ele>
   </trkpt>
   <trkpt lat="51.23866000825355" lon="5.065116674713304">
    <ele>19.860000000000003</ele>
   </trkpt>
   <trkpt lat="51.23885000826827" lon="5.064133341303869">
    <ele>19.91</ele>
   </trkpt>
   <trkpt lat="51.23904" lon="5.06315">
    <ele>19.810000000000002</ele>
   </trkpt>
   <trkpt lat="51.23923001483649" lon="5.062072513362147">
    <ele>19.84</ele>
   </trkpt>
   <trkpt lat="51.2394200197808" lon="5.060995017823289">
    <ele>19.650000000000002</ele>
   </trkpt>
   <trkpt lat="51.23961001483278" lon="5.059917513383755">
    <ele>19.69</ele>
   </trkpt>
   <trkpt lat="51.2398" lon="5.05884">
    <ele>19.669999999999998</ele>
   </trkpt>
   <trkpt lat="51.23993" lon="5.058190000000001">
    <ele>19.700000000000003</ele>
   </trkpt>
   <trkpt lat="51.240030000000004" lon="5.057910000000001">
    <ele>19.540000000000003</ele>
   </trkpt>
   <trkpt lat="51.240170000000006" lon="5.05769">
    <ele>19.540000000000003</ele>
   </trkpt>
   <trkpt lat="51.24052500072999" lon="5.057230003772173">
    <ele>19.48</ele>
   </trkpt>
   <trkpt lat="51.240880000000004" lon="5.05677">
    <ele>19.46</ele>
   </trkpt>
   <trkpt lat="51.240970000000004" lon="5.05661">
    <ele>19.46</ele>
   </trkpt>
   <trkpt lat="51.24109000000001" lon="5.0563400000000005">
    <ele>19.39</ele>
   </trkpt>
   <trkpt lat="51.24138500449536" lon="5.055310006690267">
    <ele>19.26</ele>
   </trkpt>
   <trkpt lat="51.24168" lon="5.05428">
    <ele>19.44</ele>
   </trkpt>
   <trkpt lat="51.24177" lon="5.05416">
    <ele>19.360000000000003</ele>
   </trkpt>
   <trkpt lat="51.241870000000006" lon="5.054060000000001">
    <ele>19.35</ele>
   </trkpt>
   <trkpt lat="51.24230000000001" lon="5.0540400000000005">
    <ele>19.17</ele>
   </trkpt>
   <trkpt lat="51.24298" lon="5.05395">
    <ele>18.97</ele>
   </trkpt>
   <trkpt lat="51.242990000000006" lon="5.05395">
    <ele>18.97</ele>
   </trkpt>
   <trkpt lat="51.24322" lon="5.05393">
    <ele>18.910000000000004</ele>
   </trkpt>
   <trkpt lat="51.24334" lon="5.05388">
    <ele>18.92</ele>
   </trkpt>
   <trkpt lat="51.24347" lon="5.05379">
    <ele>18.98</ele>
   </trkpt>
   <trkpt lat="51.243640000000006" lon="5.05358">
    <ele>18.98</ele>
   </trkpt>
   <trkpt lat="51.24378" lon="5.053260000000001">
    <ele>19.03</ele>
   </trkpt>
   <trkpt lat="51.243930000000006" lon="5.0527500000000005">
    <ele>19.14</ele>
   </trkpt>
   <trkpt lat="51.24429000000001" lon="5.0516700000000005">
    <ele>18.94</ele>
   </trkpt>
   <trkpt lat="51.244440000000004" lon="5.0513900000000005">
    <ele>18.92</ele>
   </trkpt>
   <trkpt lat="51.24457" lon="5.051200000000001">
    <ele>18.860000000000003</ele>
   </trkpt>
   <trkpt lat="51.24465000000001" lon="5.05116">
    <ele>18.860000000000003</ele>
   </trkpt>
   <trkpt lat="51.24472" lon="5.05116">
    <ele>18.9</ele>
   </trkpt>
   <trkpt lat="51.24481" lon="5.051220000000001">
    <ele>18.9</ele>
   </trkpt>
   <trkpt lat="51.24486" lon="5.051290000000001">
    <ele>18.9</ele>
   </trkpt>
   <trkpt lat="51.245145001718996" lon="5.0519449956914295">
    <ele>18.92</ele>
   </trkpt>
   <trkpt lat="51.245430000000006" lon="5.0526">
    <ele>19.290000000000003</ele>
   </trkpt>
   <trkpt lat="51.24585000901335" lon="5.05362998112515">
    <ele>19.5</ele>
   </trkpt>
   <trkpt lat="51.24627000898792" lon="5.054659981062481">
    <ele>19.51</ele>
   </trkpt>
   <trkpt lat="51.24669" lon="5.05569">
    <ele>20.1</ele>
   </trkpt>
   <trkpt lat="51.24682000000001" lon="5.05565">
    <ele>20.200000000000003</ele>
   </trkpt>
   <trkpt lat="51.24747000010752" lon="5.055555001332621">
    <ele>20.21</ele>
   </trkpt>
   <trkpt lat="51.24812000000001" lon="5.05546">
    <ele>20.400000000000002</ele>
   </trkpt>
   <trkpt lat="51.24887666670369" lon="5.0554100016443755">
    <ele>20.77</ele>
   </trkpt>
   <trkpt lat="51.24963333338607" lon="5.055360001643369">
    <ele>20.87</ele>
   </trkpt>
   <trkpt lat="51.25039" lon="5.05531">
    <ele>21.07</ele>
   </trkpt>
   <trkpt lat="51.2511450000304" lon="5.055180002141654">
    <ele>21.2</ele>
   </trkpt>
   <trkpt lat="51.251900000000006" lon="5.0550500000000005">
    <ele>21.44</ele>
   </trkpt>
   <trkpt lat="51.25254" lon="5.05501">
    <ele>21.52</ele>
   </trkpt>
   <trkpt lat="51.25318000000001" lon="5.055020000000001">
    <ele>21.400000000000002</ele>
   </trkpt>
   <trkpt lat="51.253710000000005" lon="5.05508">
    <ele>21.48</ele>
   </trkpt>
   <trkpt lat="51.25401" lon="5.055160000000001">
    <ele>21.37</ele>
   </trkpt>
   <trkpt lat="51.25448" lon="5.055370000000001">
    <ele>21.27</ele>
   </trkpt>
   <trkpt lat="51.25471" lon="5.055440000000001">
    <ele>21.05</ele>
   </trkpt>
   <trkpt lat="51.25489" lon="5.055470000000001">
    <ele>21.05</ele>
   </trkpt>
   <trkpt lat="51.255514999929225" lon="5.055509999451267">
    <ele>20.91</ele>
   </trkpt>
   <trkpt lat="51.25614" lon="5.05555">
    <ele>20.810000000000002</ele>
   </trkpt>
   <trkpt lat="51.25638000000001" lon="5.055580000000001">
    <ele>20.810000000000002</ele>
   </trkpt>
   <trkpt lat="51.25659" lon="5.055580000000001">
    <ele>20.740000000000002</ele>
   </trkpt>
   <trkpt lat="51.25667000000001" lon="5.055560000000001">
    <ele>20.740000000000002</ele>
   </trkpt>
   <trkpt lat="51.25676000000001" lon="5.05553">
    <ele>20.68</ele>
   </trkpt>
   <trkpt lat="51.25741000039709" lon="5.055195004778248">
    <ele>20.46</ele>
   </trkpt>
   <trkpt lat="51.25806000000001" lon="5.054860000000001">
    <ele>20.310000000000002</ele>
   </trkpt>
   <trkpt lat="51.258500000000005" lon="5.05456">
    <ele>20.37</ele>
   </trkpt>
   <trkpt lat="51.258935000503286" lon="5.054195003507751">
    <ele>20.290000000000003</ele>
   </trkpt>
   <trkpt lat="51.259370000000004" lon="5.0538300000000005">
    <ele>20.48</ele>
   </trkpt>
   <trkpt lat="51.25936" lon="5.053710000000001">
    <ele>20.43</ele>
   </trkpt>
   <trkpt lat="51.25949001719404" lon="5.052550009850264">
    <ele>20.16</ele>
   </trkpt>
   <trkpt lat="51.25962002292483" lon="5.051390013139061">
    <ele>20.17</ele>
   </trkpt>
   <trkpt lat="51.259750017192246" lon="5.050230009866901">
    <ele>20.12</ele>
   </trkpt>
   <trkpt lat="51.25988" lon="5.04907">
    <ele>20.25</ele>
   </trkpt>
   <trkpt lat="51.259980000000006" lon="5.04861">
    <ele>20.25</ele>
   </trkpt>
   <trkpt lat="51.2602100017305" lon="5.047970003241788">
    <ele>20.450000000000003</ele>
   </trkpt>
   <trkpt lat="51.26044" lon="5.0473300000000005">
    <ele>20.67</ele>
   </trkpt>
   <trkpt lat="51.260793340199925" lon="5.046433347074553">
    <ele>20.62</ele>
   </trkpt>
   <trkpt lat="51.2611466735505" lon="5.045536680364302">
    <ele>20.080000000000002</ele>
   </trkpt>
   <trkpt lat="51.261500000000005" lon="5.04464">
    <ele>20.78</ele>
   </trkpt>
   <trkpt lat="51.26155000000001" lon="5.044580000000001">
    <ele>20.78</ele>
   </trkpt>
   <trkpt lat="51.2616" lon="5.04455">
    <ele>20.92</ele>
   </trkpt>
   <trkpt lat="51.26155000000001" lon="5.04427">
    <ele>20.86</ele>
   </trkpt>
   <trkpt lat="51.26164000000001" lon="5.04419">
    <ele>20.86</ele>
   </trkpt>
   <trkpt lat="51.26171" lon="5.044020000000001">
    <ele>20.360000000000003</ele>
   </trkpt>
   <trkpt lat="51.26183" lon="5.04351">
    <ele>19.970000000000002</ele>
   </trkpt>
   <trkpt lat="51.26189" lon="5.04304">
    <ele>19.85</ele>
   </trkpt>
   <trkpt lat="51.26193000000001" lon="5.04197">
    <ele>19.919999999999998</ele>
   </trkpt>
   <trkpt lat="51.26196" lon="5.04164">
    <ele>19.990000000000002</ele>
   </trkpt>
   <trkpt lat="51.26200000000001" lon="5.041460000000001">
    <ele>19.990000000000002</ele>
   </trkpt>
   <trkpt lat="51.26216" lon="5.040990000000001">
    <ele>19.96</ele>
   </trkpt>
   <trkpt lat="51.26231000000001" lon="5.0398000000000005">
    <ele>20.07</ele>
   </trkpt>
   <trkpt lat="51.26236" lon="5.03955">
    <ele>20.020000000000003</ele>
   </trkpt>
   <trkpt lat="51.26256000000001" lon="5.0388">
    <ele>20.020000000000003</ele>
   </trkpt>
   <trkpt lat="51.262710000000006" lon="5.037820000000001">
    <ele>20.220000000000002</ele>
   </trkpt>
   <trkpt lat="51.26271001622349" lon="5.036440000013684">
    <ele>20.87</ele>
   </trkpt>
   <trkpt lat="51.26271001622349" lon="5.035060000026881">
    <ele>21.0</ele>
   </trkpt>
   <trkpt lat="51.262710000000006" lon="5.03368">
    <ele>21.48</ele>
   </trkpt>
   <trkpt lat="51.26270000239591" lon="5.0329299998326835">
    <ele>21.62</ele>
   </trkpt>
   <trkpt lat="51.262690000000006" lon="5.03218">
    <ele>21.69</ele>
   </trkpt>
   <trkpt lat="51.2625320251112" lon="5.030965983312715">
    <ele>21.740000000000002</ele>
   </trkpt>
   <trkpt lat="51.262374037666916" lon="5.029751974970683">
    <ele>20.96</ele>
   </trkpt>
   <trkpt lat="51.262216037667336" lon="5.028537974974463">
    <ele>20.67</ele>
   </trkpt>
   <trkpt lat="51.26205802511257" lon="5.027323983324611">
    <ele>20.39</ele>
   </trkpt>
   <trkpt lat="51.261900000000004" lon="5.02611">
    <ele>20.28</ele>
   </trkpt>
   <trkpt lat="51.261900000000004" lon="5.026090000000001">
    <ele>20.270000000000003</ele>
   </trkpt>
   <trkpt lat="51.26173500613431" lon="5.024889995696814">
    <ele>20.16</ele>
   </trkpt>
   <trkpt lat="51.261570000000006" lon="5.02369">
    <ele>19.990000000000002</ele>
   </trkpt>
   <trkpt lat="51.261520000000004" lon="5.023540000000001">
    <ele>19.990000000000002</ele>
   </trkpt>
   <trkpt lat="51.26144000000001" lon="5.02339">
    <ele>19.990000000000002</ele>
   </trkpt>
   <trkpt lat="51.26133" lon="5.0230500000000005">
    <ele>19.73</ele>
   </trkpt>
   <trkpt lat="51.26109500255512" lon="5.022274996027166">
    <ele>19.58</ele>
   </trkpt>
   <trkpt lat="51.26086" lon="5.0215000000000005">
    <ele>19.560000000000002</ele>
   </trkpt>
   <trkpt lat="51.26082" lon="5.02134">
    <ele>19.58</ele>
   </trkpt>
   <trkpt lat="51.260810000000006" lon="5.0212">
    <ele>19.58</ele>
   </trkpt>
   <trkpt lat="51.26011000210369" lon="5.020494989250768">
    <ele>19.560000000000002</ele>
   </trkpt>
   <trkpt lat="51.25941" lon="5.01979">
    <ele>19.340000000000003</ele>
   </trkpt>
   <trkpt lat="51.25883000093984" lon="5.01931999406917">
    <ele>19.380000000000003</ele>
   </trkpt>
   <trkpt lat="51.258250000000004" lon="5.0188500000000005">
    <ele>19.03</ele>
   </trkpt>
   <trkpt lat="51.258050000000004" lon="5.018610000000001">
    <ele>19.03</ele>
   </trkpt>
   <trkpt lat="51.25736750363161" lon="5.018074976152195">
    <ele>18.830000000000002</ele>
   </trkpt>
   <trkpt lat="51.25668500482464" lon="5.017539968189808">
    <ele>18.61</ele>
   </trkpt>
   <trkpt lat="51.25600250357921" lon="5.017004976112034">
    <ele>18.400000000000002</ele>
   </trkpt>
   <trkpt lat="51.255320000000005" lon="5.01647">
    <ele>18.54</ele>
   </trkpt>
   <trkpt lat="51.25547" lon="5.01588">
    <ele>17.67</ele>
   </trkpt>
   <trkpt lat="51.2557033437112" lon="5.014776677833679">
    <ele>17.39</ele>
   </trkpt>
   <trkpt lat="51.255936677051416" lon="5.013673344467925">
    <ele>17.59</ele>
   </trkpt>
   <trkpt lat="51.256170000000004" lon="5.01257">
    <ele>18.05</ele>
   </trkpt>
   <trkpt lat="51.256370000000004" lon="5.01161">
    <ele>18.54</ele>
   </trkpt>
   <trkpt lat="51.25571000000001" lon="5.010770000000001">
    <ele>18.0</ele>
   </trkpt>
   <trkpt lat="51.255310002336834" lon="5.010039993770794">
    <ele>18.28</ele>
   </trkpt>
   <trkpt lat="51.25491" lon="5.00931">
    <ele>18.410000000000004</ele>
   </trkpt>
   <trkpt lat="51.254850000000005" lon="5.00917">
    <ele>18.410000000000004</ele>
   </trkpt>
   <trkpt lat="51.25482" lon="5.008970000000001">
    <ele>18.500000000000004</ele>
   </trkpt>
   <trkpt lat="51.25498" lon="5.007980000000001">
    <ele>18.500000000000004</ele>
   </trkpt>
   <trkpt lat="51.25498" lon="5.007630000000001">
    <ele>18.48</ele>
   </trkpt>
   <trkpt lat="51.25495" lon="5.00734">
    <ele>18.48</ele>
   </trkpt>
   <trkpt lat="51.254870000000004" lon="5.00691">
    <ele>18.500000000000004</ele>
   </trkpt>
   <trkpt lat="51.25452000000001" lon="5.00563">
    <ele>18.44</ele>
   </trkpt>
   <trkpt lat="51.25432000000001" lon="5.00429">
    <ele>18.430000000000003</ele>
   </trkpt>
   <trkpt lat="51.25411000354963" lon="5.003379995939507">
    <ele>18.51</ele>
   </trkpt>
   <trkpt lat="51.2539" lon="5.002470000000001">
    <ele>18.63</ele>
   </trkpt>
   <trkpt lat="51.253750000000004" lon="5.00255">
    <ele>18.63</ele>
   </trkpt>
   <trkpt lat="51.253510000000006" lon="5.00255">
    <ele>18.53</ele>
   </trkpt>
   <trkpt lat="51.252990000000004" lon="5.00234">
    <ele>18.48</ele>
   </trkpt>
   <trkpt lat="51.25267" lon="5.002160000000001">
    <ele>18.400000000000002</ele>
   </trkpt>
   <trkpt lat="51.25233000000001" lon="5.0019">
    <ele>18.340000000000003</ele>
   </trkpt>
   <trkpt lat="51.25204" lon="5.00161">
    <ele>18.340000000000003</ele>
   </trkpt>
   <trkpt lat="51.251605000894486" lon="5.001169995908091">
    <ele>18.340000000000003</ele>
   </trkpt>
   <trkpt lat="51.25117" lon="5.000730000000001">
    <ele>18.430000000000003</ele>
   </trkpt>
   <trkpt lat="51.250690000000006" lon="4.99981">
    <ele>18.570000000000004</ele>
   </trkpt>
   <trkpt lat="51.25032" lon="4.99924">
    <ele>18.56</ele>
   </trkpt>
   <trkpt lat="51.250170000000004" lon="4.99906">
    <ele>18.61</ele>
   </trkpt>
   <trkpt lat="51.24992" lon="4.99884">
    <ele>18.61</ele>
   </trkpt>
   <trkpt lat="51.24962000000001" lon="4.99863">
    <ele>18.48</ele>
   </trkpt>
   <trkpt lat="51.24954" lon="4.99859">
    <ele>18.46</ele>
   </trkpt>
   <trkpt lat="51.249430000000004" lon="4.9985800000000005">
    <ele>18.46</ele>
   </trkpt>
   <trkpt lat="51.24868000003528" lon="4.998670002939657">
    <ele>18.400000000000002</ele>
   </trkpt>
   <trkpt lat="51.24793000000154" lon="4.998760002943647">
    <ele>18.330000000000002</ele>
   </trkpt>
   <trkpt lat="51.24718000000001" lon="4.99885">
    <ele>18.330000000000002</ele>
   </trkpt>
   <trkpt lat="51.24703" lon="4.99884">
    <ele>18.39</ele>
   </trkpt>
   <trkpt lat="51.24691000000001" lon="4.998810000000001">
    <ele>18.39</ele>
   </trkpt>
   <trkpt lat="51.24683" lon="4.998740000000001">
    <ele>18.39</ele>
   </trkpt>
   <trkpt lat="51.24671000000001" lon="4.998600000000001">
    <ele>18.39</ele>
   </trkpt>
   <trkpt lat="51.246460000000006" lon="4.998220000000001">
    <ele>18.54</ele>
   </trkpt>
   <trkpt lat="51.24629" lon="4.997800000000001">
    <ele>18.54</ele>
   </trkpt>
   <trkpt lat="51.246190000000006" lon="4.9973">
    <ele>18.38</ele>
   </trkpt>
   <trkpt lat="51.24616" lon="4.997050000000001">
    <ele>18.400000000000002</ele>
   </trkpt>
   <trkpt lat="51.24616" lon="4.99669">
    <ele>18.45</ele>
   </trkpt>
   <trkpt lat="51.24616" lon="4.9966800000000005">
    <ele>18.46</ele>
   </trkpt>
   <trkpt lat="51.24618" lon="4.996250000000001">
    <ele>18.73</ele>
   </trkpt>
   <trkpt lat="51.24616" lon="4.996160000000001">
    <ele>18.73</ele>
   </trkpt>
   <trkpt lat="51.24609" lon="4.996">
    <ele>18.73</ele>
   </trkpt>
   <trkpt lat="51.24573" lon="4.99542">
    <ele>18.580000000000002</ele>
   </trkpt>
   <trkpt lat="51.24564" lon="4.9953">
    <ele>18.590000000000003</ele>
   </trkpt>
   <trkpt lat="51.24555" lon="4.99526">
    <ele>18.590000000000003</ele>
   </trkpt>
   <trkpt lat="51.245470000000005" lon="4.9952700000000005">
    <ele>18.590000000000003</ele>
   </trkpt>
   <trkpt lat="51.24522" lon="4.99544">
    <ele>18.53</ele>
   </trkpt>
   <trkpt lat="51.245020000000004" lon="4.995690000000001">
    <ele>18.62</ele>
   </trkpt>
   <trkpt lat="51.244960000000006" lon="4.99573">
    <ele>18.62</ele>
   </trkpt>
   <trkpt lat="51.24475" lon="4.995710000000001">
    <ele>18.76</ele>
   </trkpt>
   <trkpt lat="51.244620000000005" lon="4.99666">
    <ele>18.580000000000002</ele>
   </trkpt>
   <trkpt lat="51.24459" lon="4.99708">
    <ele>18.56</ele>
   </trkpt>
   <trkpt lat="51.24428" lon="4.9970300000000005">
    <ele>18.410000000000004</ele>
   </trkpt>
   <trkpt lat="51.24427000000001" lon="4.99695">
    <ele>18.410000000000004</ele>
   </trkpt>
   <trkpt lat="51.243660004142946" lon="4.9959549866822615">
    <ele>18.250000000000004</ele>
   </trkpt>
   <trkpt lat="51.243050000000004" lon="4.994960000000001">
    <ele>18.48</ele>
   </trkpt>
   <trkpt lat="51.243" lon="4.994800000000001">
    <ele>18.48</ele>
   </trkpt>
   <trkpt lat="51.242920000000005" lon="4.994190000000001">
    <ele>18.51</ele>
   </trkpt>
   <trkpt lat="51.24291" lon="4.99411">
    <ele>18.51</ele>
   </trkpt>
   <trkpt lat="51.24288000000001" lon="4.9940500000000005">
    <ele>18.520000000000003</ele>
   </trkpt>
   <trkpt lat="51.242830000000005" lon="4.99401">
    <ele>18.520000000000003</ele>
   </trkpt>
   <trkpt lat="51.242270000000005" lon="4.9939100000000005">
    <ele>18.54</ele>
   </trkpt>
   <trkpt lat="51.24215" lon="4.993880000000001">
    <ele>18.54</ele>
   </trkpt>
   <trkpt lat="51.242050000000006" lon="4.993810000000001">
    <ele>18.54</ele>
   </trkpt>
   <trkpt lat="51.241980000000005" lon="4.99373">
    <ele>18.62</ele>
   </trkpt>
   <trkpt lat="51.24161" lon="4.9931">
    <ele>18.78</ele>
   </trkpt>
   <trkpt lat="51.24154000000001" lon="4.99303">
    <ele>18.78</ele>
   </trkpt>
   <trkpt lat="51.24083" lon="4.992780000000001">
    <ele>18.89</ele>
   </trkpt>
   <trkpt lat="51.24082000000001" lon="4.992780000000001">
    <ele>18.89</ele>
   </trkpt>
   <trkpt lat="51.24060000000001" lon="4.9927">
    <ele>18.97</ele>
   </trkpt>
   <trkpt lat="51.24051000000001" lon="4.99265">
    <ele>19.12</ele>
   </trkpt>
   <trkpt lat="51.24047" lon="4.9926">
    <ele>19.12</ele>
   </trkpt>
   <trkpt lat="51.240410000000004" lon="4.992380000000001">
    <ele>19.12</ele>
   </trkpt>
   <trkpt lat="51.2404" lon="4.99216">
    <ele>19.06</ele>
   </trkpt>
   <trkpt lat="51.24042000000001" lon="4.991700000000001">
    <ele>19.03</ele>
   </trkpt>
   <trkpt lat="51.24045" lon="4.99146">
    <ele>19.03</ele>
   </trkpt>
   <trkpt lat="51.24067" lon="4.99096">
    <ele>19.020000000000003</ele>
   </trkpt>
   <trkpt lat="51.24074" lon="4.9907">
    <ele>19.020000000000003</ele>
   </trkpt>
   <trkpt lat="51.24076" lon="4.99056">
    <ele>18.92</ele>
   </trkpt>
   <trkpt lat="51.24076" lon="4.99033">
    <ele>18.910000000000004</ele>
   </trkpt>
   <trkpt lat="51.24072" lon="4.990060000000001">
    <ele>18.950000000000003</ele>
   </trkpt>
   <trkpt lat="51.24060000000001" lon="4.98965">
    <ele>19.090000000000003</ele>
   </trkpt>
   <trkpt lat="51.24035000000001" lon="4.98913">
    <ele>18.770000000000003</ele>
   </trkpt>
   <trkpt lat="51.239776670691505" lon="4.988439982762376">
    <ele>18.45</ele>
   </trkpt>
   <trkpt lat="51.23920333732633" lon="4.987749982724333">
    <ele>18.330000000000002</ele>
   </trkpt>
   <trkpt lat="51.23863000000001" lon="4.9870600000000005">
    <ele>18.54</ele>
   </trkpt>
   <trkpt lat="51.238170000000004" lon="4.98662">
    <ele>18.44</ele>
   </trkpt>
   <trkpt lat="51.23772000058551" lon="4.986219996001927">
    <ele>18.13</ele>
   </trkpt>
   <trkpt lat="51.23727" lon="4.98582">
    <ele>18.03</ele>
   </trkpt>
   <trkpt lat="51.237120000000004" lon="4.98557">
    <ele>18.03</ele>
   </trkpt>
   <trkpt lat="51.23707" lon="4.98528">
    <ele>18.03</ele>
   </trkpt>
   <trkpt lat="51.23703000254188" lon="4.984509999637283">
    <ele>17.94</ele>
   </trkpt>
   <trkpt lat="51.236990000000006" lon="4.98374">
    <ele>18.19</ele>
   </trkpt>
   <trkpt lat="51.237" lon="4.98359">
    <ele>18.19</ele>
   </trkpt>
   <trkpt lat="51.23704000000001" lon="4.98341">
    <ele>18.26</ele>
   </trkpt>
   <trkpt lat="51.237120000000004" lon="4.983250000000001">
    <ele>18.26</ele>
   </trkpt>
   <trkpt lat="51.237260000000006" lon="4.983090000000001">
    <ele>18.400000000000002</ele>
   </trkpt>
   <trkpt lat="51.237300000000005" lon="4.983020000000001">
    <ele>18.45</ele>
   </trkpt>
   <trkpt lat="51.237350000000006" lon="4.98287">
    <ele>18.45</ele>
   </trkpt>
   <trkpt lat="51.237350000000006" lon="4.98261">
    <ele>18.54</ele>
   </trkpt>
   <trkpt lat="51.237350000000006" lon="4.982600000000001">
    <ele>18.54</ele>
   </trkpt>
   <trkpt lat="51.237350000000006" lon="4.981350000000001">
    <ele>19.000000000000004</ele>
   </trkpt>
   <trkpt lat="51.23738" lon="4.9811700000000005">
    <ele>19.000000000000004</ele>
   </trkpt>
   <trkpt lat="51.237320000000004" lon="4.98116">
    <ele>19.000000000000004</ele>
   </trkpt>
   <trkpt lat="51.23664000422248" lon="4.980584974501086">
    <ele>18.13</ele>
   </trkpt>
   <trkpt lat="51.235960005627646" lon="4.980009966000131">
    <ele>18.18</ele>
   </trkpt>
   <trkpt lat="51.23528000421567" lon="4.979434974496289">
    <ele>18.21</ele>
   </trkpt>
   <trkpt lat="51.23460000000001" lon="4.97886">
    <ele>18.47</ele>
   </trkpt>
   <trkpt lat="51.23397666844301" lon="4.9784066544019945">
    <ele>18.070000000000004</ele>
   </trkpt>
   <trkpt lat="51.233353335134844" lon="4.97795332108717">
    <ele>18.060000000000002</ele>
   </trkpt>
   <trkpt lat="51.232730000000004" lon="4.9775">
    <ele>17.900000000000002</ele>
   </trkpt>
   <trkpt lat="51.23246" lon="4.977320000000001">
    <ele>17.820000000000004</ele>
   </trkpt>
   <trkpt lat="51.23239" lon="4.9773000000000005">
    <ele>17.820000000000004</ele>
   </trkpt>
   <trkpt lat="51.231520000140996" lon="4.977163328162632">
    <ele>17.560000000000002</ele>
   </trkpt>
   <trkpt lat="51.23065000012281" lon="4.9770266614932295">
    <ele>17.34</ele>
   </trkpt>
   <trkpt lat="51.229780000000005" lon="4.97689">
    <ele>17.11</ele>
   </trkpt>
   <trkpt lat="51.22948" lon="4.976870000000001">
    <ele>16.8</ele>
   </trkpt>
   <trkpt lat="51.229380000000006" lon="4.976870000000001">
    <ele>16.8</ele>
   </trkpt>
   <trkpt lat="51.22937" lon="4.976870000000001">
    <ele>16.8</ele>
   </trkpt>
   <trkpt lat="51.229130000000005" lon="4.9769000000000005">
    <ele>16.5</ele>
   </trkpt>
   <trkpt lat="51.228950000000005" lon="4.97693">
    <ele>16.5</ele>
   </trkpt>
   <trkpt lat="51.22831000369597" lon="4.976269981626584">
    <ele>16.34</ele>
   </trkpt>
   <trkpt lat="51.22767000368" lon="4.9756099816104475">
    <ele>16.310000000000002</ele>
   </trkpt>
   <trkpt lat="51.227030000000006" lon="4.974950000000001">
    <ele>16.040000000000003</ele>
   </trkpt>
   <trkpt lat="51.226820000000004" lon="4.9747">
    <ele>16.040000000000003</ele>
   </trkpt>
   <trkpt lat="51.22663000000001" lon="4.97444">
    <ele>16.020000000000003</ele>
   </trkpt>
   <trkpt lat="51.22614500209314" lon="4.973739992631206">
    <ele>16.27</ele>
   </trkpt>
   <trkpt lat="51.225660000000005" lon="4.97304">
    <ele>15.82</ele>
   </trkpt>
   <trkpt lat="51.225280000000005" lon="4.972440000000001">
    <ele>15.71</ele>
   </trkpt>
   <trkpt lat="51.22516" lon="4.972180000000001">
    <ele>15.74</ele>
   </trkpt>
   <trkpt lat="51.224742889869596" lon="4.9710485099043025">
    <ele>15.690000000000003</ele>
   </trkpt>
   <trkpt lat="51.224325768829644" lon="4.969917040316802">
    <ele>15.74</ele>
   </trkpt>
   <trkpt lat="51.22390863688047" lon="4.968785591237358">
    <ele>15.490000000000002</ele>
   </trkpt>
   <trkpt lat="51.223491494022475" lon="4.96765416266583">
    <ele>15.35</ele>
   </trkpt>
   <trkpt lat="51.22307434025599" lon="4.966522754602075">
    <ele>14.72</ele>
   </trkpt>
   <trkpt lat="51.22265717558138" lon="4.965391367045953">
    <ele>13.3</ele>
   </trkpt>
   <trkpt lat="51.222240000000006" lon="4.96426">
    <ele>13.61</ele>
   </trkpt>
   <trkpt lat="51.221990001746995" lon="4.9636099963313844">
    <ele>14.59</ele>
   </trkpt>
   <trkpt lat="51.221740000000004" lon="4.962960000000001">
    <ele>14.790000000000001</ele>
   </trkpt>
   <trkpt lat="51.221250000000005" lon="4.9618400000000005">
    <ele>14.8</ele>
   </trkpt>
   <trkpt lat="51.22089500423248" lon="4.960839992208174">
    <ele>14.610000000000001</ele>
   </trkpt>
   <trkpt lat="51.22054000000001" lon="4.959840000000001">
    <ele>14.640000000000002</ele>
   </trkpt>
   <trkpt lat="51.22054000000001" lon="4.95983">
    <ele>14.640000000000002</ele>
   </trkpt>
   <trkpt lat="51.220330000000004" lon="4.9592600000000004">
    <ele>14.900000000000002</ele>
   </trkpt>
   <trkpt lat="51.22070000321715" lon="4.958390007011379">
    <ele>14.610000000000001</ele>
   </trkpt>
   <trkpt lat="51.221070000000005" lon="4.957520000000001">
    <ele>14.75</ele>
   </trkpt>
   <trkpt lat="51.221230003492416" lon="4.9566100033676594">
    <ele>14.790000000000001</ele>
   </trkpt>
   <trkpt lat="51.22139000000001" lon="4.9557">
    <ele>14.97</ele>
   </trkpt>
   <trkpt lat="51.221410000000006" lon="4.95537">
    <ele>14.980000000000002</ele>
   </trkpt>
   <trkpt lat="51.221360000000004" lon="4.95512">
    <ele>14.88</ele>
   </trkpt>
   <trkpt lat="51.221320000000006" lon="4.955">
    <ele>14.88</ele>
   </trkpt>
   <trkpt lat="51.22087000573949" lon="4.953839988675885">
    <ele>14.860000000000001</ele>
   </trkpt>
   <trkpt lat="51.220420000000004" lon="4.95268">
    <ele>14.96</ele>
   </trkpt>
   <trkpt lat="51.22035" lon="4.95244">
    <ele>15.0</ele>
   </trkpt>
   <trkpt lat="51.22019251690607" lon="4.951289988203436">
    <ele>14.690000000000001</ele>
   </trkpt>
   <trkpt lat="51.22003502254196" lon="4.950139984275589">
    <ele>14.620000000000001</ele>
   </trkpt>
   <trkpt lat="51.21987751690785" lon="4.948989988216924">
    <ele>14.690000000000001</ele>
   </trkpt>
   <trkpt lat="51.21972" lon="4.94784">
    <ele>14.690000000000001</ele>
   </trkpt>
   <trkpt lat="51.219440000000006" lon="4.94658">
    <ele>14.860000000000001</ele>
   </trkpt>
   <trkpt lat="51.21918" lon="4.94556">
    <ele>14.74</ele>
   </trkpt>
   <trkpt lat="51.219100000000005" lon="4.94495">
    <ele>14.71</ele>
   </trkpt>
   <trkpt lat="51.219100000000005" lon="4.9446">
    <ele>14.66</ele>
   </trkpt>
   <trkpt lat="51.218920000000004" lon="4.943560000000001">
    <ele>14.58</ele>
   </trkpt>
   <trkpt lat="51.21882" lon="4.943180000000001">
    <ele>14.58</ele>
   </trkpt>
   <trkpt lat="51.21839001092638" lon="4.942254974056899">
    <ele>14.520000000000001</ele>
   </trkpt>
   <trkpt lat="51.21796001456094" lon="4.941329965393514">
    <ele>14.450000000000001</ele>
   </trkpt>
   <trkpt lat="51.21753001090398" lon="4.940404974009549">
    <ele>14.46</ele>
   </trkpt>
   <trkpt lat="51.2171" lon="4.9394800000000005">
    <ele>14.620000000000001</ele>
   </trkpt>
   <trkpt lat="51.21697" lon="4.9394100000000005">
    <ele>14.610000000000001</ele>
   </trkpt>
   <trkpt lat="51.21688" lon="4.939310000000001">
    <ele>14.560000000000002</ele>
   </trkpt>
   <trkpt lat="51.21683" lon="4.9392000000000005">
    <ele>14.560000000000002</ele>
   </trkpt>
   <trkpt lat="51.21651202137517" lon="4.938079969038862">
    <ele>14.270000000000001</ele>
   </trkpt>
   <trkpt lat="51.21619403205991" lon="4.936959953549092">
    <ele>14.430000000000001</ele>
   </trkpt>
   <trkpt lat="51.21587603205449" lon="4.93583995353082">
    <ele>14.370000000000001</ele>
   </trkpt>
   <trkpt lat="51.21555802135918" lon="4.934719968984179">
    <ele>14.41</ele>
   </trkpt>
   <trkpt lat="51.21524" lon="4.9336">
    <ele>14.520000000000001</ele>
   </trkpt>
   <trkpt lat="51.21473" lon="4.93254">
    <ele>14.350000000000001</ele>
   </trkpt>
   <trkpt lat="51.21473" lon="4.932530000000001">
    <ele>14.350000000000001</ele>
   </trkpt>
   <trkpt lat="51.214380000000006" lon="4.931830000000001">
    <ele>14.51</ele>
   </trkpt>
   <trkpt lat="51.21388001165856" lon="4.932785031111684">
    <ele>13.14</ele>
   </trkpt>
   <trkpt lat="51.21338001554435" lon="4.933740041482273">
    <ele>13.36</ele>
   </trkpt>
   <trkpt lat="51.21288001165768" lon="4.934695031112266">
    <ele>13.53</ele>
   </trkpt>
   <trkpt lat="51.21238" lon="4.935650000000001">
    <ele>13.72</ele>
   </trkpt>
   <trkpt lat="51.211940000000006" lon="4.936400000000001">
    <ele>13.680000000000001</ele>
   </trkpt>
   <trkpt lat="51.211465001320995" lon="4.936960005794607">
    <ele>13.4</ele>
   </trkpt>
   <trkpt lat="51.21099" lon="4.93752">
    <ele>13.48</ele>
   </trkpt>
   <trkpt lat="51.210440002418956" lon="4.938046679194529">
    <ele>13.61</ele>
   </trkpt>
   <trkpt lat="51.20989000247394" lon="4.938573345808354">
    <ele>13.99</ele>
   </trkpt>
   <trkpt lat="51.209340000000005" lon="4.939100000000001">
    <ele>13.88</ele>
   </trkpt>
   <trkpt lat="51.209250000000004" lon="4.939220000000001">
    <ele>13.88</ele>
   </trkpt>
   <trkpt lat="51.20917000000001" lon="4.939380000000001">
    <ele>13.88</ele>
   </trkpt>
   <trkpt lat="51.209070000000004" lon="4.939850000000001">
    <ele>13.620000000000001</ele>
   </trkpt>
   <trkpt lat="51.208960000000005" lon="4.940110000000001">
    <ele>13.540000000000001</ele>
   </trkpt>
   <trkpt lat="51.20845666925403" lon="4.940653345132869">
    <ele>13.39</ele>
   </trkpt>
   <trkpt lat="51.207953335992045" lon="4.941196678389004">
    <ele>13.32</ele>
   </trkpt>
   <trkpt lat="51.20745" lon="4.94174">
    <ele>13.09</ele>
   </trkpt>
   <trkpt lat="51.20672200958294" lon="4.94249004742551">
    <ele>12.88</ele>
   </trkpt>
   <trkpt lat="51.205994014371456" lon="4.943240071139824">
    <ele>12.730000000000002</ele>
   </trkpt>
   <trkpt lat="51.2052660143658" lon="4.943990071144152">
    <ele>12.66</ele>
   </trkpt>
   <trkpt lat="51.20453800956627" lon="4.944740047439705">
    <ele>12.8</ele>
   </trkpt>
   <trkpt lat="51.203810000000004" lon="4.94549">
    <ele>13.760000000000002</ele>
   </trkpt>
   <trkpt lat="51.203076672077096" lon="4.9462866920322">
    <ele>13.14</ele>
   </trkpt>
   <trkpt lat="51.20234333874471" lon="4.947083358697272">
    <ele>13.450000000000001</ele>
   </trkpt>
   <trkpt lat="51.20161" lon="4.9478800000000005">
    <ele>13.590000000000002</ele>
   </trkpt>
   <trkpt lat="51.20093250662482" lon="4.948600031770579">
    <ele>13.930000000000001</ele>
   </trkpt>
   <trkpt lat="51.20025500883105" lon="4.949320042362111">
    <ele>13.940000000000001</ele>
   </trkpt>
   <trkpt lat="51.19957750661893" lon="4.950040031775596">
    <ele>14.07</ele>
   </trkpt>
   <trkpt lat="51.1989" lon="4.950760000000001">
    <ele>14.17</ele>
   </trkpt>
   <trkpt lat="51.19839000151228" lon="4.951325006086411">
    <ele>14.07</ele>
   </trkpt>
   <trkpt lat="51.197880000000005" lon="4.951890000000001">
    <ele>14.040000000000001</ele>
   </trkpt>
   <trkpt lat="51.197590000000005" lon="4.952260000000001">
    <ele>14.07</ele>
   </trkpt>
   <trkpt lat="51.19715333713248" lon="4.952930012741851">
    <ele>13.96</ele>
   </trkpt>
   <trkpt lat="51.19671667043878" lon="4.953600012783135">
    <ele>13.860000000000001</ele>
   </trkpt>
   <trkpt lat="51.19628" lon="4.95427">
    <ele>13.860000000000001</ele>
   </trkpt>
   <trkpt lat="51.195806670746606" lon="4.954960014145197">
    <ele>13.840000000000002</ele>
   </trkpt>
   <trkpt lat="51.19533333743515" lon="4.955650014113084">
    <ele>13.97</ele>
   </trkpt>
   <trkpt lat="51.194860000000006" lon="4.95634">
    <ele>13.88</ele>
   </trkpt>
   <trkpt lat="51.19451" lon="4.95695">
    <ele>14.120000000000001</ele>
   </trkpt>
   <trkpt lat="51.19424000000001" lon="4.95786">
    <ele>15.23</ele>
   </trkpt>
   <trkpt lat="51.194140000000004" lon="4.9578500000000005">
    <ele>15.23</ele>
   </trkpt>
   <trkpt lat="51.19377" lon="4.9577">
    <ele>14.76</ele>
   </trkpt>
   <trkpt lat="51.19370000000001" lon="4.9577">
    <ele>14.76</ele>
   </trkpt>
   <trkpt lat="51.19344" lon="4.95776">
    <ele>14.640000000000002</ele>
   </trkpt>
   <trkpt lat="51.193380000000005" lon="4.95776">
    <ele>14.610000000000001</ele>
   </trkpt>
   <trkpt lat="51.193310000000004" lon="4.957730000000001">
    <ele>14.610000000000001</ele>
   </trkpt>
   <trkpt lat="51.192980000000006" lon="4.95751">
    <ele>14.620000000000001</ele>
   </trkpt>
   <trkpt lat="51.192890000000006" lon="4.95739">
    <ele>14.72</ele>
   </trkpt>
   <trkpt lat="51.19274000000001" lon="4.9569">
    <ele>15.320000000000002</ele>
   </trkpt>
   <trkpt lat="51.19261" lon="4.95668">
    <ele>16.110000000000003</ele>
   </trkpt>
   <trkpt lat="51.192510000000006" lon="4.956790000000001">
    <ele>16.41</ele>
   </trkpt>
   <trkpt lat="51.19229000000001" lon="4.9572400000000005">
    <ele>17.730000000000004</ele>
   </trkpt>
   <trkpt lat="51.19221" lon="4.957260000000001">
    <ele>17.97</ele>
   </trkpt>
   <trkpt lat="51.19207" lon="4.957190000000001">
    <ele>18.18</ele>
   </trkpt>
   <trkpt lat="51.191430002246975" lon="4.9564699900425895">
    <ele>18.410000000000004</ele>
   </trkpt>
   <trkpt lat="51.19079000000001" lon="4.95575">
    <ele>18.250000000000004</ele>
   </trkpt>
   <trkpt lat="51.190340000000006" lon="4.95526">
    <ele>18.17</ele>
   </trkpt>
   <trkpt lat="51.19017" lon="4.955030000000001">
    <ele>17.67</ele>
   </trkpt>
   <trkpt lat="51.189910000000005" lon="4.955450000000001">
    <ele>17.310000000000002</ele>
   </trkpt>
   <trkpt lat="51.189620000000005" lon="4.955900000000001">
    <ele>16.61</ele>
   </trkpt>
   <trkpt lat="51.189510000000006" lon="4.95577">
    <ele>16.51</ele>
   </trkpt>
   <trkpt lat="51.189260000000004" lon="4.95539">
    <ele>16.080000000000002</ele>
   </trkpt>
   <trkpt lat="51.18880000000001" lon="4.9545200000000005">
    <ele>16.37</ele>
   </trkpt>
   <trkpt lat="51.18852000170514" lon="4.95387999601895">
    <ele>16.810000000000002</ele>
   </trkpt>
   <trkpt lat="51.18824000000001" lon="4.95324">
    <ele>17.09</ele>
   </trkpt>
   <trkpt lat="51.188210000000005" lon="4.9530400000000006">
    <ele>17.12</ele>
   </trkpt>
   <trkpt lat="51.188230000000004" lon="4.95282">
    <ele>17.12</ele>
   </trkpt>
   <trkpt lat="51.18831" lon="4.952520000000001">
    <ele>17.040000000000003</ele>
   </trkpt>
   <trkpt lat="51.18835000000001" lon="4.952260000000001">
    <ele>17.040000000000003</ele>
   </trkpt>
   <trkpt lat="51.18814500181191" lon="4.951614997253164">
    <ele>16.84</ele>
   </trkpt>
   <trkpt lat="51.187940000000005" lon="4.950970000000001">
    <ele>16.5</ele>
   </trkpt>
   <trkpt lat="51.18788000000001" lon="4.95085">
    <ele>16.439999999999998</ele>
   </trkpt>
   <trkpt lat="51.187810000000006" lon="4.950810000000001">
    <ele>16.42</ele>
   </trkpt>
   <trkpt lat="51.187720000000006" lon="4.95084">
    <ele>15.98</ele>
   </trkpt>
   <trkpt lat="51.1869" lon="4.95134">
    <ele>15.700000000000001</ele>
   </trkpt>
   <trkpt lat="51.186780000000006" lon="4.95143">
    <ele>15.700000000000001</ele>
   </trkpt>
   <trkpt lat="51.18636500184153" lon="4.952070005614935">
    <ele>16.25</ele>
   </trkpt>
   <trkpt lat="51.185950000000005" lon="4.952710000000001">
    <ele>17.0</ele>
   </trkpt>
   <trkpt lat="51.18544000000001" lon="4.953340000000001">
    <ele>17.310000000000002</ele>
   </trkpt>
   <trkpt lat="51.18479000000001" lon="4.9541200000000005">
    <ele>17.51</ele>
   </trkpt>
   <trkpt lat="51.18428000183991" lon="4.954785007416481">
    <ele>17.48</ele>
   </trkpt>
   <trkpt lat="51.18377" lon="4.955450000000001">
    <ele>17.57</ele>
   </trkpt>
   <trkpt lat="51.18329000167533" lon="4.956085006669714">
    <ele>17.85</ele>
   </trkpt>
   <trkpt lat="51.18281" lon="4.956720000000001">
    <ele>17.87</ele>
   </trkpt>
   <trkpt lat="51.18262000000001" lon="4.95694">
    <ele>17.87</ele>
   </trkpt>
   <trkpt lat="51.182430000000004" lon="4.95711">
    <ele>18.11</ele>
   </trkpt>
   <trkpt lat="51.182210000000005" lon="4.957260000000001">
    <ele>18.11</ele>
   </trkpt>
   <trkpt lat="51.18204" lon="4.95732">
    <ele>18.11</ele>
   </trkpt>
   <trkpt lat="51.181830000000005" lon="4.95732">
    <ele>18.19</ele>
   </trkpt>
   <trkpt lat="51.181720000000006" lon="4.95729">
    <ele>18.19</ele>
   </trkpt>
   <trkpt lat="51.18126" lon="4.957050000000001">
    <ele>17.84</ele>
   </trkpt>
   <trkpt lat="51.18083500091959" lon="4.9565699955042035">
    <ele>17.69</ele>
   </trkpt>
   <trkpt lat="51.18041" lon="4.9560900000000006">
    <ele>17.400000000000002</ele>
   </trkpt>
   <trkpt lat="51.179970000000004" lon="4.95563">
    <ele>17.27</ele>
   </trkpt>
   <trkpt lat="51.17955000050843" lon="4.955369997767649">
    <ele>17.240000000000002</ele>
   </trkpt>
   <trkpt lat="51.17913" lon="4.95511">
    <ele>17.26</ele>
   </trkpt>
   <trkpt lat="51.178520000000006" lon="4.9545900000000005">
    <ele>17.330000000000002</ele>
   </trkpt>
   <trkpt lat="51.17837" lon="4.95453">
    <ele>17.35</ele>
   </trkpt>
   <trkpt lat="51.178160000000005" lon="4.95451">
    <ele>17.35</ele>
   </trkpt>
   <trkpt lat="51.177960000000006" lon="4.954610000000001">
    <ele>17.32</ele>
   </trkpt>
   <trkpt lat="51.177530000000004" lon="4.95514">
    <ele>17.19</ele>
   </trkpt>
   <trkpt lat="51.177400000000006" lon="4.95525">
    <ele>17.210000000000004</ele>
   </trkpt>
   <trkpt lat="51.177240000000005" lon="4.955310000000001">
    <ele>17.210000000000004</ele>
   </trkpt>
   <trkpt lat="51.177130000000005" lon="4.955290000000001">
    <ele>17.44</ele>
   </trkpt>
   <trkpt lat="51.17701" lon="4.955150000000001">
    <ele>17.44</ele>
   </trkpt>
   <trkpt lat="51.176520000000004" lon="4.954140000000001">
    <ele>18.060000000000002</ele>
   </trkpt>
   <trkpt lat="51.17634" lon="4.953880000000001">
    <ele>18.17</ele>
   </trkpt>
   <trkpt lat="51.17582" lon="4.954230000000001">
    <ele>18.53</ele>
   </trkpt>
   <trkpt lat="51.175580000000004" lon="4.954370000000001">
    <ele>18.61</ele>
   </trkpt>
   <trkpt lat="51.17535" lon="4.9544500000000005">
    <ele>18.860000000000003</ele>
   </trkpt>
   <trkpt lat="51.175000000000004" lon="4.954400000000001">
    <ele>18.94</ele>
   </trkpt>
   <trkpt lat="51.174350000000004" lon="4.95401">
    <ele>19.17</ele>
   </trkpt>
   <trkpt lat="51.174240000000005" lon="4.9539800000000005">
    <ele>19.17</ele>
   </trkpt>
   <trkpt lat="51.17367" lon="4.95401">
    <ele>19.040000000000003</ele>
   </trkpt>
   <trkpt lat="51.173260000000006" lon="4.95401">
    <ele>18.740000000000002</ele>
   </trkpt>
   <trkpt lat="51.17324000000001" lon="4.95401">
    <ele>18.750000000000004</ele>
   </trkpt>
   <trkpt lat="51.172880000000006" lon="4.95401">
    <ele>19.35</ele>
   </trkpt>
   <trkpt lat="51.172740000000005" lon="4.9539800000000005">
    <ele>19.49</ele>
   </trkpt>
   <trkpt lat="51.172916675642824" lon="4.952953341254873">
    <ele>19.3</ele>
   </trkpt>
   <trkpt lat="51.17309334230015" lon="4.951926674642672">
    <ele>19.180000000000003</ele>
   </trkpt>
   <trkpt lat="51.17327" lon="4.950900000000001">
    <ele>19.03</ele>
   </trkpt>
   <trkpt lat="51.17329" lon="4.95038">
    <ele>18.97</ele>
   </trkpt>
   <trkpt lat="51.17314500405135" lon="4.949409997223058">
    <ele>18.860000000000003</ele>
   </trkpt>
   <trkpt lat="51.173" lon="4.948440000000001">
    <ele>18.35</ele>
   </trkpt>
   <trkpt lat="51.173030000000004" lon="4.947380000000001">
    <ele>18.430000000000003</ele>
   </trkpt>
   <trkpt lat="51.17305" lon="4.947080000000001">
    <ele>18.38</ele>
   </trkpt>
   <trkpt lat="51.172830000000005" lon="4.946960000000001">
    <ele>18.12</ele>
   </trkpt>
   <trkpt lat="51.17275000000001" lon="4.94695">
    <ele>18.12</ele>
   </trkpt>
   <trkpt lat="51.17209999996753" lon="4.946983334275204">
    <ele>17.52</ele>
   </trkpt>
   <trkpt lat="51.17144999992555" lon="4.947016667610674">
    <ele>17.57</ele>
   </trkpt>
   <trkpt lat="51.17080000000001" lon="4.947050000000001">
    <ele>17.640000000000004</ele>
   </trkpt>
   <trkpt lat="51.17058" lon="4.947030000000001">
    <ele>17.820000000000004</ele>
   </trkpt>
   <trkpt lat="51.170410000000004" lon="4.946980000000001">
    <ele>18.02</ele>
   </trkpt>
   <trkpt lat="51.170080000000006" lon="4.946820000000001">
    <ele>18.9</ele>
   </trkpt>
   <trkpt lat="51.16936000110363" lon="4.946453321862685">
    <ele>18.45</ele>
   </trkpt>
   <trkpt lat="51.16864000106108" lon="4.946086655174566">
    <ele>18.14</ele>
   </trkpt>
   <trkpt lat="51.16792" lon="4.945720000000001">
    <ele>18.060000000000002</ele>
   </trkpt>
   <trkpt lat="51.167910000000006" lon="4.945720000000001">
    <ele>18.060000000000002</ele>
   </trkpt>
   <trkpt lat="51.167570000000005" lon="4.945550000000001">
    <ele>18.150000000000002</ele>
   </trkpt>
   <trkpt lat="51.16743" lon="4.94552">
    <ele>18.150000000000002</ele>
   </trkpt>
   <trkpt lat="51.16727" lon="4.945530000000001">
    <ele>18.42</ele>
   </trkpt>
   <trkpt lat="51.16705" lon="4.945620000000001">
    <ele>18.47</ele>
   </trkpt>
   <trkpt lat="51.16648000000001" lon="4.946160000000001">
    <ele>19.020000000000003</ele>
   </trkpt>
   <trkpt lat="51.166360000000005" lon="4.9460500000000005">
    <ele>19.020000000000003</ele>
   </trkpt>
   <trkpt lat="51.16653000192322" lon="4.945375002563146">
    <ele>18.82</ele>
   </trkpt>
   <trkpt lat="51.166700000000006" lon="4.9447">
    <ele>19.000000000000004</ele>
   </trkpt>
   <trkpt lat="51.16675000000001" lon="4.944570000000001">
    <ele>19.000000000000004</ele>
   </trkpt>
   <trkpt lat="51.1668" lon="4.944520000000001">
    <ele>19.000000000000004</ele>
   </trkpt>
   <trkpt lat="51.166810000000005" lon="4.94444">
    <ele>18.930000000000003</ele>
   </trkpt>
   <trkpt lat="51.166790000000006" lon="4.94439">
    <ele>18.930000000000003</ele>
   </trkpt>
   <trkpt lat="51.166760000000004" lon="4.9443600000000005">
    <ele>18.930000000000003</ele>
   </trkpt>
   <trkpt lat="51.1666" lon="4.94435">
    <ele>18.97</ele>
   </trkpt>
   <trkpt lat="51.16639000000001" lon="4.944240000000001">
    <ele>18.9</ele>
   </trkpt>
   <trkpt lat="51.16610000000001" lon="4.944190000000001">
    <ele>18.930000000000003</ele>
   </trkpt>
   <trkpt lat="51.1656300000252" lon="4.944079998872927">
    <ele>18.740000000000002</ele>
   </trkpt>
   <trkpt lat="51.16516000000001" lon="4.94397">
    <ele>18.65</ele>
   </trkpt>
   <trkpt lat="51.164970000000004" lon="4.94397">
    <ele>18.69</ele>
   </trkpt>
   <trkpt lat="51.164640000000006" lon="4.94404">
    <ele>18.69</ele>
   </trkpt>
   <trkpt lat="51.16414" lon="4.94411">
    <ele>18.770000000000003</ele>
   </trkpt>
   <trkpt lat="51.16398" lon="4.9441500000000005">
    <ele>18.770000000000003</ele>
   </trkpt>
   <trkpt lat="51.163720000000005" lon="4.94427">
    <ele>18.770000000000003</ele>
   </trkpt>
   <trkpt lat="51.16348000000001" lon="4.944450000000001">
    <ele>18.79</ele>
   </trkpt>
   <trkpt lat="51.163120000000006" lon="4.9447600000000005">
    <ele>18.92</ele>
   </trkpt>
   <trkpt lat="51.16301000000001" lon="4.94482">
    <ele>19.040000000000003</ele>
   </trkpt>
   <trkpt lat="51.16283000000001" lon="4.94486">
    <ele>19.040000000000003</ele>
   </trkpt>
   <trkpt lat="51.16254000000001" lon="4.94482">
    <ele>19.270000000000003</ele>
   </trkpt>
   <trkpt lat="51.162470000000006" lon="4.94482">
    <ele>19.340000000000003</ele>
   </trkpt>
   <trkpt lat="51.16199" lon="4.94491">
    <ele>19.57</ele>
   </trkpt>
   <trkpt lat="51.161860000000004" lon="4.94477">
    <ele>19.31</ele>
   </trkpt>
   <trkpt lat="51.16136000470895" lon="4.943714988489859">
    <ele>19.080000000000002</ele>
   </trkpt>
   <trkpt lat="51.16086000000001" lon="4.94266">
    <ele>19.3</ele>
   </trkpt>
   <trkpt lat="51.16050000088174" lon="4.94216499591338">
    <ele>19.470000000000002</ele>
   </trkpt>
   <trkpt lat="51.160140000000006" lon="4.94167">
    <ele>19.610000000000003</ele>
   </trkpt>
   <trkpt lat="51.15990000000001" lon="4.9413800000000005">
    <ele>19.860000000000003</ele>
   </trkpt>
   <trkpt lat="51.15968" lon="4.94115">
    <ele>19.990000000000002</ele>
   </trkpt>
   <trkpt lat="51.159310000000005" lon="4.940840000000001">
    <ele>20.25</ele>
   </trkpt>
   <trkpt lat="51.15851000000001" lon="4.9403500000000005">
    <ele>21.060000000000002</ele>
   </trkpt>
   <trkpt lat="51.15798" lon="4.93994">
    <ele>21.34</ele>
   </trkpt>
   <trkpt lat="51.157900000000005" lon="4.93991">
    <ele>21.34</ele>
   </trkpt>
   <trkpt lat="51.157680000000006" lon="4.939900000000001">
    <ele>21.68</ele>
   </trkpt>
   <trkpt lat="51.15753" lon="4.93996">
    <ele>21.68</ele>
   </trkpt>
   <trkpt lat="51.157120000000006" lon="4.940230000000001">
    <ele>21.96</ele>
   </trkpt>
   <trkpt lat="51.156960000000005" lon="4.940270000000001">
    <ele>22.140000000000004</ele>
   </trkpt>
   <trkpt lat="51.15686" lon="4.94024">
    <ele>22.140000000000004</ele>
   </trkpt>
   <trkpt lat="51.15672000000001" lon="4.940980000000001">
    <ele>22.04</ele>
   </trkpt>
   <trkpt lat="51.15641" lon="4.9423">
    <ele>21.970000000000002</ele>
   </trkpt>
   <trkpt lat="51.15632" lon="4.94261">
    <ele>21.92</ele>
   </trkpt>
   <trkpt lat="51.15603" lon="4.94322">
    <ele>21.76</ele>
   </trkpt>
   <trkpt lat="51.15599" lon="4.94343">
    <ele>21.490000000000002</ele>
   </trkpt>
   <trkpt lat="51.15598000000001" lon="4.943650000000001">
    <ele>21.490000000000002</ele>
   </trkpt>
   <trkpt lat="51.15614500197364" lon="4.9443349974396575">
    <ele>21.52</ele>
   </trkpt>
   <trkpt lat="51.156310000000005" lon="4.94502">
    <ele>21.48</ele>
   </trkpt>
   <trkpt lat="51.156380000000006" lon="4.94618">
    <ele>21.650000000000002</ele>
   </trkpt>
   <trkpt lat="51.156400000000005" lon="4.946770000000001">
    <ele>21.53</ele>
   </trkpt>
   <trkpt lat="51.15636000000001" lon="4.94737">
    <ele>21.52</ele>
   </trkpt>
   <trkpt lat="51.15621500253668" lon="4.948145002562566">
    <ele>21.42</ele>
   </trkpt>
   <trkpt lat="51.15607000000001" lon="4.94892">
    <ele>21.45</ele>
   </trkpt>
   <trkpt lat="51.15585" lon="4.95002">
    <ele>21.37</ele>
   </trkpt>
   <trkpt lat="51.15572000340887" lon="4.950910002287442">
    <ele>21.37</ele>
   </trkpt>
   <trkpt lat="51.155590000000004" lon="4.9518">
    <ele>21.310000000000002</ele>
   </trkpt>
   <trkpt lat="51.1555" lon="4.9522200000000005">
    <ele>21.28</ele>
   </trkpt>
   <trkpt lat="51.15523" lon="4.953200000000001">
    <ele>21.32</ele>
   </trkpt>
   <trkpt lat="51.15491" lon="4.95406">
    <ele>21.290000000000003</ele>
   </trkpt>
   <trkpt lat="51.1548" lon="4.95481">
    <ele>21.48</ele>
   </trkpt>
   <trkpt lat="51.154770000000006" lon="4.95486">
    <ele>21.48</ele>
   </trkpt>
   <trkpt lat="51.154855003695864" lon="4.9557899983827465">
    <ele>21.26</ele>
   </trkpt>
   <trkpt lat="51.15494" lon="4.956720000000001">
    <ele>21.240000000000002</ele>
   </trkpt>
   <trkpt lat="51.155060000000006" lon="4.95793">
    <ele>21.330000000000002</ele>
   </trkpt>
   <trkpt lat="51.15509500365146" lon="4.9588549994019155">
    <ele>21.18</ele>
   </trkpt>
   <trkpt lat="51.15513000000001" lon="4.95978">
    <ele>21.05</ele>
   </trkpt>
   <trkpt lat="51.155240000000006" lon="4.960710000000001">
    <ele>20.84</ele>
   </trkpt>
   <trkpt lat="51.155240000000006" lon="4.96096">
    <ele>20.67</ele>
   </trkpt>
   <trkpt lat="51.1552" lon="4.961270000000001">
    <ele>20.62</ele>
   </trkpt>
   <trkpt lat="51.15511000000001" lon="4.96168">
    <ele>20.75</ele>
   </trkpt>
   <trkpt lat="51.155010000000004" lon="4.96166">
    <ele>20.62</ele>
   </trkpt>
   <trkpt lat="51.15496" lon="4.961670000000001">
    <ele>20.62</ele>
   </trkpt>
   <trkpt lat="51.15423000242496" lon="4.962206683669915">
    <ele>19.85</ele>
   </trkpt>
   <trkpt lat="51.153500002394246" lon="4.962743350358818">
    <ele>19.990000000000002</ele>
   </trkpt>
   <trkpt lat="51.152770000000004" lon="4.96328">
    <ele>20.28</ele>
   </trkpt>
   <trkpt lat="51.15254" lon="4.96337">
    <ele>20.380000000000003</ele>
   </trkpt>
   <trkpt lat="51.152060000000006" lon="4.9634100000000005">
    <ele>20.34</ele>
   </trkpt>
   <trkpt lat="51.151610000000005" lon="4.963480000000001">
    <ele>20.360000000000003</ele>
   </trkpt>
   <trkpt lat="51.15093500053213" lon="4.963810004793694">
    <ele>20.21</ele>
   </trkpt>
   <trkpt lat="51.15026" lon="4.96414">
    <ele>20.12</ele>
   </trkpt>
   <trkpt lat="51.1499" lon="4.964320000000001">
    <ele>20.25</ele>
   </trkpt>
   <trkpt lat="51.149730000000005" lon="4.964370000000001">
    <ele>20.43</ele>
   </trkpt>
   <trkpt lat="51.14965" lon="4.96438">
    <ele>20.43</ele>
   </trkpt>
   <trkpt lat="51.149440000000006" lon="4.96436">
    <ele>20.48</ele>
   </trkpt>
   <trkpt lat="51.149350000000005" lon="4.96438">
    <ele>20.48</ele>
   </trkpt>
   <trkpt lat="51.14920000000001" lon="4.96445">
    <ele>20.57</ele>
   </trkpt>
   <trkpt lat="51.148765000038836" lon="4.964705002543244">
    <ele>20.55</ele>
   </trkpt>
   <trkpt lat="51.14833" lon="4.9649600000000005">
    <ele>20.21</ele>
   </trkpt>
   <trkpt lat="51.14771000089766" lon="4.965293342315739">
    <ele>20.060000000000002</ele>
   </trkpt>
   <trkpt lat="51.14709000084789" lon="4.96562667567567">
    <ele>19.85</ele>
   </trkpt>
   <trkpt lat="51.14647" lon="4.965960000000001">
    <ele>19.770000000000003</ele>
   </trkpt>
   <trkpt lat="51.14622000000001" lon="4.96612">
    <ele>19.87</ele>
   </trkpt>
   <trkpt lat="51.145990000000005" lon="4.96631">
    <ele>20.14</ele>
   </trkpt>
   <trkpt lat="51.14589" lon="4.96642">
    <ele>20.150000000000002</ele>
   </trkpt>
   <trkpt lat="51.14555000000001" lon="4.96692">
    <ele>20.110000000000003</ele>
   </trkpt>
   <trkpt lat="51.14542" lon="4.96699">
    <ele>20.080000000000002</ele>
   </trkpt>
   <trkpt lat="51.14485999995432" lon="4.967015000305465">
    <ele>20.07</ele>
   </trkpt>
   <trkpt lat="51.1443" lon="4.967040000000001">
    <ele>20.41</ele>
   </trkpt>
   <trkpt lat="51.14378000000001" lon="4.9671400000000006">
    <ele>20.6</ele>
   </trkpt>
   <trkpt lat="51.143530000000005" lon="4.967210000000001">
    <ele>20.6</ele>
   </trkpt>
   <trkpt lat="51.143370000000004" lon="4.967300000000001">
    <ele>20.6</ele>
   </trkpt>
   <trkpt lat="51.143190000000004" lon="4.96743">
    <ele>20.6</ele>
   </trkpt>
   <trkpt lat="51.14244500164297" lon="4.968060010209089">
    <ele>20.76</ele>
   </trkpt>
   <trkpt lat="51.14170000000001" lon="4.9686900000000005">
    <ele>20.610000000000003</ele>
   </trkpt>
   <trkpt lat="51.14131000072112" lon="4.9691150036438465">
    <ele>20.0</ele>
   </trkpt>
   <trkpt lat="51.14092" lon="4.96954">
    <ele>19.84</ele>
   </trkpt>
   <trkpt lat="51.140530000000005" lon="4.96989">
    <ele>19.900000000000002</ele>
   </trkpt>
   <trkpt lat="51.140440000000005" lon="4.970000000000001">
    <ele>19.860000000000003</ele>
   </trkpt>
   <trkpt lat="51.140190000000004" lon="4.96996">
    <ele>19.84</ele>
   </trkpt>
   <trkpt lat="51.140100000000004" lon="4.9699800000000005">
    <ele>19.84</ele>
   </trkpt>
   <trkpt lat="51.139466667708476" lon="4.970343343350114">
    <ele>19.919999999999998</ele>
   </trkpt>
   <trkpt lat="51.138833334291256" lon="4.9707066767314005">
    <ele>19.430000000000003</ele>
   </trkpt>
   <trkpt lat="51.138200000000005" lon="4.97107">
    <ele>19.4</ele>
   </trkpt>
   <trkpt lat="51.13783" lon="4.97132">
    <ele>19.270000000000003</ele>
   </trkpt>
   <trkpt lat="51.13745" lon="4.97126">
    <ele>19.12</ele>
   </trkpt>
   <trkpt lat="51.13705" lon="4.97112">
    <ele>18.98</ele>
   </trkpt>
   <trkpt lat="51.13689" lon="4.971100000000001">
    <ele>19.080000000000002</ele>
   </trkpt>
   <trkpt lat="51.13667" lon="4.9711300000000005">
    <ele>19.340000000000003</ele>
   </trkpt>
   <trkpt lat="51.13642" lon="4.9712000000000005">
    <ele>19.930000000000003</ele>
   </trkpt>
   <trkpt lat="51.13629" lon="4.97126">
    <ele>20.16</ele>
   </trkpt>
   <trkpt lat="51.136070000000004" lon="4.97144">
    <ele>19.990000000000002</ele>
   </trkpt>
   <trkpt lat="51.135830000000006" lon="4.97191">
    <ele>19.090000000000003</ele>
   </trkpt>
   <trkpt lat="51.135470000000005" lon="4.972860000000001">
    <ele>19.180000000000003</ele>
   </trkpt>
   <trkpt lat="51.13537" lon="4.97306">
    <ele>19.180000000000003</ele>
   </trkpt>
   <trkpt lat="51.13494000000001" lon="4.97353">
    <ele>19.49</ele>
   </trkpt>
   <trkpt lat="51.13477" lon="4.97376">
    <ele>19.51</ele>
   </trkpt>
   <trkpt lat="51.134510000000006" lon="4.974220000000001">
    <ele>19.55</ele>
   </trkpt>
   <trkpt lat="51.13424000154042" lon="4.974830003670956">
    <ele>19.930000000000003</ele>
   </trkpt>
   <trkpt lat="51.133970000000005" lon="4.975440000000001">
    <ele>19.73</ele>
   </trkpt>
   <trkpt lat="51.13389" lon="4.97566">
    <ele>19.770000000000003</ele>
   </trkpt>
   <trkpt lat="51.133700000000005" lon="4.97618">
    <ele>19.680000000000003</ele>
   </trkpt>
   <trkpt lat="51.133660000000006" lon="4.97623">
    <ele>19.680000000000003</ele>
   </trkpt>
   <trkpt lat="51.13347" lon="4.97658">
    <ele>19.39</ele>
   </trkpt>
   <trkpt lat="51.1331800015034" lon="4.977185003918892">
    <ele>18.8</ele>
   </trkpt>
   <trkpt lat="51.13289" lon="4.977790000000001">
    <ele>18.27</ele>
   </trkpt>
   <trkpt lat="51.132650000000005" lon="4.978230000000001">
    <ele>17.63</ele>
   </trkpt>
   <trkpt lat="51.132160000000006" lon="4.97893">
    <ele>17.19</ele>
   </trkpt>
   <trkpt lat="51.13195" lon="4.97918">
    <ele>16.830000000000002</ele>
   </trkpt>
   <trkpt lat="51.131460000000004" lon="4.97961">
    <ele>16.560000000000002</ele>
   </trkpt>
   <trkpt lat="51.131280000000004" lon="4.97984">
    <ele>16.76</ele>
   </trkpt>
   <trkpt lat="51.13121" lon="4.98003">
    <ele>17.040000000000003</ele>
   </trkpt>
   <trkpt lat="51.131080000000004" lon="4.9804900000000005">
    <ele>17.96</ele>
   </trkpt>
   <trkpt lat="51.131280000000004" lon="4.980650000000001">
    <ele>17.990000000000002</ele>
   </trkpt>
   <trkpt lat="51.13134" lon="4.981070000000001">
    <ele>18.02</ele>
   </trkpt>
   <trkpt lat="51.13059500305519" lon="4.981560023724505">
    <ele>17.810000000000002</ele>
   </trkpt>
   <trkpt lat="51.12985000406278" lon="4.982050031639136">
    <ele>17.94</ele>
   </trkpt>
   <trkpt lat="51.129105003022886" lon="4.982540023744783">
    <ele>19.180000000000003</ele>
   </trkpt>
   <trkpt lat="51.12836" lon="4.98303">
    <ele>20.970000000000002</ele>
   </trkpt>
   <trkpt lat="51.127990000000004" lon="4.983230000000001">
    <ele>21.330000000000002</ele>
   </trkpt>
   <trkpt lat="51.127750000000006" lon="4.9833300000000005">
    <ele>22.05</ele>
   </trkpt>
   <trkpt lat="51.12753000000001" lon="4.98339">
    <ele>22.310000000000002</ele>
   </trkpt>
   <trkpt lat="51.12726000000001" lon="4.98343">
    <ele>23.020000000000003</ele>
   </trkpt>
   <trkpt lat="51.12704" lon="4.983420000000001">
    <ele>23.340000000000003</ele>
   </trkpt>
   <trkpt lat="51.12682" lon="4.98338">
    <ele>23.650000000000002</ele>
   </trkpt>
   <trkpt lat="51.12635" lon="4.983230000000001">
    <ele>25.25</ele>
   </trkpt>
   <trkpt lat="51.125647502742076" lon="4.982769979034712">
    <ele>27.98</ele>
   </trkpt>
   <trkpt lat="51.12494500367953" lon="4.9823099720621595">
    <ele>28.700000000000003</ele>
   </trkpt>
   <trkpt lat="51.12424250281246" lon="4.981849979081601">
    <ele>26.53</ele>
   </trkpt>
   <trkpt lat="51.123540000000006" lon="4.98139">
    <ele>23.41</ele>
   </trkpt>
   <trkpt lat="51.123110000000004" lon="4.98108">
    <ele>22.38</ele>
   </trkpt>
   <trkpt lat="51.1229" lon="4.98097">
    <ele>21.92</ele>
   </trkpt>
   <trkpt lat="51.122730000000004" lon="4.980840000000001">
    <ele>21.52</ele>
   </trkpt>
   <trkpt lat="51.122710000000005" lon="4.9809">
    <ele>21.35</ele>
   </trkpt>
   <trkpt lat="51.12193500107632" lon="4.980379991224782">
    <ele>19.560000000000002</ele>
   </trkpt>
   <trkpt lat="51.12116" lon="4.97986">
    <ele>18.18</ele>
   </trkpt>
   <trkpt lat="51.12044" lon="4.9794">
    <ele>16.98</ele>
   </trkpt>
   <trkpt lat="51.12024" lon="4.9793">
    <ele>16.740000000000002</ele>
   </trkpt>
   <trkpt lat="51.11941500019163" lon="4.9790849961592665">
    <ele>16.740000000000002</ele>
   </trkpt>
   <trkpt lat="51.118590000000005" lon="4.978870000000001">
    <ele>19.17</ele>
   </trkpt>
   <trkpt lat="51.11781000024201" lon="4.978674996727933">
    <ele>20.69</ele>
   </trkpt>
   <trkpt lat="51.11703000000001" lon="4.97848">
    <ele>21.400000000000002</ele>
   </trkpt>
   <trkpt lat="51.11681" lon="4.978470000000001">
    <ele>20.98</ele>
   </trkpt>
   <trkpt lat="51.116710000000005" lon="4.978490000000001">
    <ele>19.6</ele>
   </trkpt>
   <trkpt lat="51.116550000000004" lon="4.978560000000001">
    <ele>19.6</ele>
   </trkpt>
   <trkpt lat="51.11638000000001" lon="4.97871">
    <ele>19.17</ele>
   </trkpt>
   <trkpt lat="51.115995000880616" lon="4.979170003858812">
    <ele>17.720000000000002</ele>
   </trkpt>
   <trkpt lat="51.115610000000004" lon="4.97963">
    <ele>16.810000000000002</ele>
   </trkpt>
   <trkpt lat="51.11534" lon="4.97984">
    <ele>16.23</ele>
   </trkpt>
   <trkpt lat="51.11518" lon="4.97993">
    <ele>16.240000000000002</ele>
   </trkpt>
   <trkpt lat="51.115080000000006" lon="4.979970000000001">
    <ele>16.19</ele>
   </trkpt>
   <trkpt lat="51.11477000000001" lon="4.98003">
    <ele>16.310000000000002</ele>
   </trkpt>
   <trkpt lat="51.1146" lon="4.980020000000001">
    <ele>16.310000000000002</ele>
   </trkpt>
   <trkpt lat="51.11389250045464" lon="4.979829991270919">
    <ele>16.48</ele>
   </trkpt>
   <trkpt lat="51.11318500060139" lon="4.979639988360153">
    <ele>16.560000000000002</ele>
   </trkpt>
   <trkpt lat="51.11247750044025" lon="4.979449991267379">
    <ele>16.490000000000002</ele>
   </trkpt>
   <trkpt lat="51.11177000000001" lon="4.97926">
    <ele>16.32</ele>
   </trkpt>
   <trkpt lat="51.11155" lon="4.97918">
    <ele>16.310000000000002</ele>
   </trkpt>
   <trkpt lat="51.11141000000001" lon="4.97911">
    <ele>16.28</ele>
   </trkpt>
   <trkpt lat="51.111290000000004" lon="4.979010000000001">
    <ele>16.27</ele>
   </trkpt>
   <trkpt lat="51.110980000000005" lon="4.97857">
    <ele>16.28</ele>
   </trkpt>
   <trkpt lat="51.11061" lon="4.9781200000000005">
    <ele>16.380000000000003</ele>
   </trkpt>
   <trkpt lat="51.11034" lon="4.97789">
    <ele>16.470000000000002</ele>
   </trkpt>
   <trkpt lat="51.10960000000001" lon="4.977410000000001">
    <ele>16.75</ele>
   </trkpt>
   <trkpt lat="51.10943" lon="4.977250000000001">
    <ele>16.77</ele>
   </trkpt>
   <trkpt lat="51.10896500155771" lon="4.9766599941568055">
    <ele>16.8</ele>
   </trkpt>
   <trkpt lat="51.10850000000001" lon="4.97607">
    <ele>17.2</ele>
   </trkpt>
   <trkpt lat="51.10810000096921" lon="4.9765650043776954">
    <ele>17.14</ele>
   </trkpt>
   <trkpt lat="51.1077" lon="4.977060000000001">
    <ele>17.580000000000002</ele>
   </trkpt>
   <trkpt lat="51.107530000000004" lon="4.97733">
    <ele>17.51</ele>
   </trkpt>
   <trkpt lat="51.10698000000001" lon="4.97844">
    <ele>17.25</ele>
   </trkpt>
   <trkpt lat="51.106840000000005" lon="4.97864">
    <ele>17.150000000000002</ele>
   </trkpt>
   <trkpt lat="51.10647" lon="4.979100000000001">
    <ele>16.84</ele>
   </trkpt>
   <trkpt lat="51.106410000000004" lon="4.979310000000001">
    <ele>16.630000000000003</ele>
   </trkpt>
   <trkpt lat="51.10642000000001" lon="4.979430000000001">
    <ele>16.630000000000003</ele>
   </trkpt>
   <trkpt lat="51.10645" lon="4.97951">
    <ele>16.630000000000003</ele>
   </trkpt>
   <trkpt lat="51.10703" lon="4.980460000000001">
    <ele>16.51</ele>
   </trkpt>
   <trkpt lat="51.106440000000006" lon="4.98153">
    <ele>16.450000000000003</ele>
   </trkpt>
   <trkpt lat="51.10636" lon="4.981730000000001">
    <ele>16.51</ele>
   </trkpt>
   <trkpt lat="51.106270002188054" lon="4.982455001842745">
    <ele>16.580000000000002</ele>
   </trkpt>
   <trkpt lat="51.10618" lon="4.983180000000001">
    <ele>16.67</ele>
   </trkpt>
   <trkpt lat="51.10613000000001" lon="4.98348">
    <ele>16.68</ele>
   </trkpt>
   <trkpt lat="51.10602" lon="4.983890000000001">
    <ele>16.490000000000002</ele>
   </trkpt>
   <trkpt lat="51.10569" lon="4.984730000000001">
    <ele>16.39</ele>
   </trkpt>
   <trkpt lat="51.10559000000001" lon="4.98512">
    <ele>16.360000000000003</ele>
   </trkpt>
   <trkpt lat="51.10557000000001" lon="4.98528">
    <ele>16.360000000000003</ele>
   </trkpt>
   <trkpt lat="51.105560000000004" lon="4.98601">
    <ele>16.09</ele>
   </trkpt>
   <trkpt lat="51.105520000000006" lon="4.98662">
    <ele>16.080000000000002</ele>
   </trkpt>
   <trkpt lat="51.105410000000006" lon="4.9872000000000005">
    <ele>15.99</ele>
   </trkpt>
   <trkpt lat="51.10512000000001" lon="4.98834">
    <ele>15.940000000000003</ele>
   </trkpt>
   <trkpt lat="51.10495" lon="4.989050000000001">
    <ele>15.98</ele>
   </trkpt>
   <trkpt lat="51.10512000000001" lon="4.99019">
    <ele>16.009999999999998</ele>
   </trkpt>
   <trkpt lat="51.10515500372107" lon="4.991124999100532">
    <ele>16.080000000000002</ele>
   </trkpt>
   <trkpt lat="51.10519000000001" lon="4.99206">
    <ele>16.310000000000002</ele>
   </trkpt>
   <trkpt lat="51.10519751880892" lon="4.993272499402842">
    <ele>16.810000000000002</ele>
   </trkpt>
   <trkpt lat="51.105205025078526" lon="4.994484999199812">
    <ele>17.36</ele>
   </trkpt>
   <trkpt lat="51.105212518808834" lon="4.9956974993902525">
    <ele>17.7</ele>
   </trkpt>
   <trkpt lat="51.10522" lon="4.996910000000001">
    <ele>18.11</ele>
   </trkpt>
   <trkpt lat="51.10521500376837" lon="4.997850000074426">
    <ele>18.39</ele>
   </trkpt>
   <trkpt lat="51.10521000000001" lon="4.9987900000000005">
    <ele>18.410000000000004</ele>
   </trkpt>
   <trkpt lat="51.10521000000001" lon="4.99878">
    <ele>18.410000000000004</ele>
   </trkpt>
   <trkpt lat="51.10521000000001" lon="4.999440000000001">
    <ele>18.520000000000003</ele>
   </trkpt>
   <trkpt lat="51.105230000000006" lon="4.9996">
    <ele>18.73</ele>
   </trkpt>
   <trkpt lat="51.105560005958466" lon="5.000779991648634">
    <ele>19.01</ele>
   </trkpt>
   <trkpt lat="51.10589" lon="5.00196">
    <ele>19.41</ele>
   </trkpt>
   <trkpt lat="51.105970000000006" lon="5.0023100000000005">
    <ele>19.41</ele>
   </trkpt>
   <trkpt lat="51.105990000000006" lon="5.0026">
    <ele>19.470000000000002</ele>
   </trkpt>
   <trkpt lat="51.106" lon="5.00335">
    <ele>19.64</ele>
   </trkpt>
   <trkpt lat="51.10605" lon="5.00352">
    <ele>19.78</ele>
   </trkpt>
   <trkpt lat="51.10607" lon="5.00384">
    <ele>19.770000000000003</ele>
   </trkpt>
   <trkpt lat="51.10604000000001" lon="5.004090000000001">
    <ele>19.84</ele>
   </trkpt>
   <trkpt lat="51.10598" lon="5.00436">
    <ele>20.05</ele>
   </trkpt>
   <trkpt lat="51.105900000000005" lon="5.004530000000001">
    <ele>20.290000000000003</ele>
   </trkpt>
   <trkpt lat="51.10550500224961" lon="5.005280006692542">
    <ele>20.39</ele>
   </trkpt>
   <trkpt lat="51.10511" lon="5.00603">
    <ele>21.980000000000004</ele>
   </trkpt>
   <trkpt lat="51.10484" lon="5.006360000000001">
    <ele>22.51</ele>
   </trkpt>
   <trkpt lat="51.10445000000001" lon="5.006810000000001">
    <ele>23.73</ele>
   </trkpt>
   <trkpt lat="51.10392" lon="5.00757">
    <ele>26.97</ele>
   </trkpt>
   <trkpt lat="51.10372" lon="5.00783">
    <ele>28.64</ele>
   </trkpt>
   <trkpt lat="51.10349" lon="5.00807">
    <ele>30.680000000000003</ele>
   </trkpt>
   <trkpt lat="51.1032" lon="5.00825">
    <ele>32.07</ele>
   </trkpt>
   <trkpt lat="51.10298" lon="5.0083400000000005">
    <ele>32.53</ele>
   </trkpt>
   <trkpt lat="51.102540000000005" lon="5.00842">
    <ele>33.45</ele>
   </trkpt>
   <trkpt lat="51.10213" lon="5.0084800000000005">
    <ele>33.46</ele>
   </trkpt>
   <trkpt lat="51.10174000000001" lon="5.00851">
    <ele>31.630000000000006</ele>
   </trkpt>
   <trkpt lat="51.10128999993269" lon="5.008510000000001">
    <ele>30.51</ele>
   </trkpt>
   <trkpt lat="51.100840000000005" lon="5.00851">
    <ele>28.220000000000002</ele>
   </trkpt>
   <trkpt lat="51.10054" lon="5.0085500000000005">
    <ele>26.35</ele>
   </trkpt>
   <trkpt lat="51.100440000000006" lon="5.00858">
    <ele>25.640000000000004</ele>
   </trkpt>
   <trkpt lat="51.100460000000005" lon="5.008640000000001">
    <ele>25.640000000000004</ele>
   </trkpt>
   <trkpt lat="51.100640000000006" lon="5.0086">
    <ele>26.45</ele>
   </trkpt>
   <trkpt lat="51.10094" lon="5.008570000000001">
    <ele>28.76</ele>
   </trkpt>
   <trkpt lat="51.101690000000005" lon="5.008570000000001">
    <ele>31.5</ele>
   </trkpt>
   <trkpt lat="51.101670000000006" lon="5.008570000000001">
    <ele>31.46</ele>
   </trkpt>
   <trkpt lat="51.10188" lon="5.00858">
    <ele>32.28</ele>
   </trkpt>
   <trkpt lat="51.10213" lon="5.0085500000000005">
    <ele>33.27</ele>
   </trkpt>
   <trkpt lat="51.102540000000005" lon="5.0084800000000005">
    <ele>33.910000000000004</ele>
   </trkpt>
   <trkpt lat="51.102540000000005" lon="5.00842">
    <ele>33.45</ele>
   </trkpt>
   <trkpt lat="51.10213" lon="5.0084800000000005">
    <ele>33.46</ele>
   </trkpt>
   <trkpt lat="51.10174000000001" lon="5.00851">
    <ele>31.630000000000006</ele>
   </trkpt>
   <trkpt lat="51.10128999993269" lon="5.008510000000001">
    <ele>30.51</ele>
   </trkpt>
   <trkpt lat="51.100840000000005" lon="5.00851">
    <ele>28.220000000000002</ele>
   </trkpt>
   <trkpt lat="51.10054" lon="5.0085500000000005">
    <ele>26.35</ele>
   </trkpt>
   <trkpt lat="51.10018" lon="5.00868">
    <ele>25.16</ele>
   </trkpt>
   <trkpt lat="51.099720000000005" lon="5.00893">
    <ele>23.040000000000003</ele>
   </trkpt>
   <trkpt lat="51.099590000000006" lon="5.009040000000001">
    <ele>22.42</ele>
   </trkpt>
   <trkpt lat="51.099430000000005" lon="5.00907">
    <ele>22.150000000000002</ele>
   </trkpt>
   <trkpt lat="51.09902" lon="5.009270000000001">
    <ele>21.5</ele>
   </trkpt>
   <trkpt lat="51.09901000000001" lon="5.0092300000000005">
    <ele>21.5</ele>
   </trkpt>
   <trkpt lat="51.09819" lon="5.00966">
    <ele>19.380000000000003</ele>
   </trkpt>
   <trkpt lat="51.09808" lon="5.009670000000001">
    <ele>19.380000000000003</ele>
   </trkpt>
   <trkpt lat="51.09739000062215" lon="5.010055005751084">
    <ele>18.3</ele>
   </trkpt>
   <trkpt lat="51.096700000000006" lon="5.01044">
    <ele>17.12</ele>
   </trkpt>
   <trkpt lat="51.096320000000006" lon="5.010770000000001">
    <ele>16.59</ele>
   </trkpt>
   <trkpt lat="51.09572250615353" lon="5.0114625268248645">
    <ele>16.470000000000002</ele>
   </trkpt>
   <trkpt lat="51.09512500821633" lon="5.012155035752402">
    <ele>16.61</ele>
   </trkpt>
   <trkpt lat="51.09452750618856" lon="5.012847526783335">
    <ele>16.740000000000002</ele>
   </trkpt>
   <trkpt lat="51.09393000000001" lon="5.013540000000001">
    <ele>16.8</ele>
   </trkpt>
   <trkpt lat="51.093880000000006" lon="5.01365">
    <ele>16.8</ele>
   </trkpt>
   <trkpt lat="51.0934950008309" lon="5.014110003915336">
    <ele>16.86</ele>
   </trkpt>
   <trkpt lat="51.09311" lon="5.01457">
    <ele>17.080000000000002</ele>
   </trkpt>
   <trkpt lat="51.09245000000001" lon="5.015440000000001">
    <ele>17.01</ele>
   </trkpt>
   <trkpt lat="51.092400000000005" lon="5.015490000000001">
    <ele>16.78</ele>
   </trkpt>
   <trkpt lat="51.092290000000006" lon="5.0155400000000006">
    <ele>16.78</ele>
   </trkpt>
   <trkpt lat="51.09149500356198" lon="5.016067527203046">
    <ele>16.71</ele>
   </trkpt>
   <trkpt lat="51.09070000475022" lon="5.016595036269325">
    <ele>16.540000000000003</ele>
   </trkpt>
   <trkpt lat="51.0899050035649" lon="5.01712252719992">
    <ele>16.5</ele>
   </trkpt>
   <trkpt lat="51.089110000000005" lon="5.017650000000001">
    <ele>16.8</ele>
   </trkpt>
   <trkpt lat="51.088530000621006" lon="5.018025004688906">
    <ele>16.85</ele>
   </trkpt>
   <trkpt lat="51.087950000000006" lon="5.018400000000001">
    <ele>16.970000000000002</ele>
   </trkpt>
   <trkpt lat="51.08753" lon="5.01864">
    <ele>16.8</ele>
   </trkpt>
   <trkpt lat="51.08749" lon="5.01869">
    <ele>16.8</ele>
   </trkpt>
   <trkpt lat="51.08726000000001" lon="5.01874">
    <ele>16.790000000000003</ele>
   </trkpt>
   <trkpt lat="51.08652000010905" lon="5.018646663684657">
    <ele>16.740000000000002</ele>
   </trkpt>
   <trkpt lat="51.085780000143764" lon="5.01855333035576">
    <ele>16.77</ele>
   </trkpt>
   <trkpt lat="51.085040000000006" lon="5.01846">
    <ele>16.8</ele>
   </trkpt>
   <trkpt lat="51.084990000000005" lon="5.0185">
    <ele>16.810000000000002</ele>
   </trkpt>
   <trkpt lat="51.084950000000006" lon="5.01851">
    <ele>16.810000000000002</ele>
   </trkpt>
   <trkpt lat="51.08493000000001" lon="5.01857">
    <ele>16.810000000000002</ele>
   </trkpt>
   <trkpt lat="51.08438499990766" lon="5.01850499922102">
    <ele>16.84</ele>
   </trkpt>
   <trkpt lat="51.08384" lon="5.01844">
    <ele>17.060000000000002</ele>
   </trkpt>
   <trkpt lat="51.08309000016915" lon="5.018399999360146">
    <ele>16.86</ele>
   </trkpt>
   <trkpt lat="51.08234" lon="5.01836">
    <ele>16.46</ele>
   </trkpt>
   <trkpt lat="51.08232" lon="5.01836">
    <ele>16.450000000000003</ele>
   </trkpt>
   <trkpt lat="51.08156" lon="5.01832">
    <ele>17.640000000000004</ele>
   </trkpt>
   <trkpt lat="51.08147" lon="5.018280000000001">
    <ele>17.820000000000004</ele>
   </trkpt>
   <trkpt lat="51.081210000000006" lon="5.018960000000001">
    <ele>17.910000000000004</ele>
   </trkpt>
   <trkpt lat="51.08106" lon="5.01945">
    <ele>18.0</ele>
   </trkpt>
   <trkpt lat="51.080980000000004" lon="5.019640000000001">
    <ele>18.13</ele>
   </trkpt>
   <trkpt lat="51.080870000000004" lon="5.01977">
    <ele>18.13</ele>
   </trkpt>
   <trkpt lat="51.08066" lon="5.019880000000001">
    <ele>18.21</ele>
   </trkpt>
   <trkpt lat="51.08018500031619" lon="5.020040001573007">
    <ele>18.3</ele>
   </trkpt>
   <trkpt lat="51.079710000000006" lon="5.0202">
    <ele>18.38</ele>
   </trkpt>
   <trkpt lat="51.07965" lon="5.02031">
    <ele>18.340000000000003</ele>
   </trkpt>
   <trkpt lat="51.07961" lon="5.020440000000001">
    <ele>18.340000000000003</ele>
   </trkpt>
   <trkpt lat="51.079730000000005" lon="5.021750000000001">
    <ele>18.27</ele>
   </trkpt>
   <trkpt lat="51.07974000483665" lon="5.022814999629257">
    <ele>18.240000000000002</ele>
   </trkpt>
   <trkpt lat="51.079750000000004" lon="5.02388">
    <ele>18.21</ele>
   </trkpt>
   <trkpt lat="51.07979" lon="5.024760000000001">
    <ele>18.03</ele>
   </trkpt>
   <trkpt lat="51.079820000000005" lon="5.0250900000000005">
    <ele>18.03</ele>
   </trkpt>
   <trkpt lat="51.07995500360312" lon="5.026009997266809">
    <ele>17.910000000000004</ele>
   </trkpt>
   <trkpt lat="51.080090000000006" lon="5.02693">
    <ele>17.890000000000004</ele>
   </trkpt>
   <trkpt lat="51.0801" lon="5.027380000000001">
    <ele>17.990000000000002</ele>
   </trkpt>
   <trkpt lat="51.080070000000006" lon="5.028720000000001">
    <ele>18.250000000000004</ele>
   </trkpt>
   <trkpt lat="51.08008" lon="5.0293600000000005">
    <ele>18.26</ele>
   </trkpt>
   <trkpt lat="51.08013000375978" lon="5.030299998812038">
    <ele>18.51</ele>
   </trkpt>
   <trkpt lat="51.080180000000006" lon="5.03124">
    <ele>18.570000000000004</ele>
   </trkpt>
   <trkpt lat="51.080180000000006" lon="5.03125">
    <ele>18.570000000000004</ele>
   </trkpt>
   <trkpt lat="51.08021" lon="5.03211">
    <ele>18.76</ele>
   </trkpt>
   <trkpt lat="51.080180000000006" lon="5.032570000000001">
    <ele>18.9</ele>
   </trkpt>
   <trkpt lat="51.080130000000004" lon="5.032640000000001">
    <ele>18.97</ele>
   </trkpt>
   <trkpt lat="51.08012" lon="5.03272">
    <ele>18.97</ele>
   </trkpt>
   <trkpt lat="51.079820000000005" lon="5.03296">
    <ele>19.12</ele>
   </trkpt>
   <trkpt lat="51.07900500061787" lon="5.033370007272161">
    <ele>19.23</ele>
   </trkpt>
   <trkpt lat="51.078190000000006" lon="5.03378">
    <ele>19.55</ele>
   </trkpt>
   <trkpt lat="51.07824" lon="5.03401">
    <ele>18.92</ele>
   </trkpt>
   <trkpt lat="51.07831" lon="5.03465">
    <ele>18.430000000000003</ele>
   </trkpt>
   <trkpt lat="51.07836" lon="5.03551">
    <ele>18.410000000000004</ele>
   </trkpt>
   <trkpt lat="51.078300015859845" lon="5.0368733367889975">
    <ele>19.1</ele>
   </trkpt>
   <trkpt lat="51.07824001586335" lon="5.038236670042514">
    <ele>19.31</ele>
   </trkpt>
   <trkpt lat="51.07818" lon="5.0396">
    <ele>19.5</ele>
   </trkpt>
   <trkpt lat="51.078190000000006" lon="5.040990000000001">
    <ele>19.85</ele>
   </trkpt>
   <trkpt lat="51.07815" lon="5.0422400000000005">
    <ele>20.0</ele>
   </trkpt>
   <trkpt lat="51.078160000000004" lon="5.04305">
    <ele>20.080000000000002</ele>
   </trkpt>
   <trkpt lat="51.078190000000006" lon="5.04358">
    <ele>20.240000000000002</ele>
   </trkpt>
   <trkpt lat="51.078300000000006" lon="5.04438">
    <ele>20.21</ele>
   </trkpt>
   <trkpt lat="51.07846000000001" lon="5.0448900000000005">
    <ele>20.28</ele>
   </trkpt>
   <trkpt lat="51.07889" lon="5.04609">
    <ele>19.950000000000003</ele>
   </trkpt>
   <trkpt lat="51.07902000000001" lon="5.04656">
    <ele>19.91</ele>
   </trkpt>
   <trkpt lat="51.07907" lon="5.046880000000001">
    <ele>20.020000000000003</ele>
   </trkpt>
   <trkpt lat="51.07920000829954" lon="5.048274996068089">
    <ele>19.930000000000003</ele>
   </trkpt>
   <trkpt lat="51.079330000000006" lon="5.049670000000001">
    <ele>20.1</ele>
   </trkpt>
   <trkpt lat="51.07947000000001" lon="5.05097">
    <ele>20.490000000000002</ele>
   </trkpt>
   <trkpt lat="51.07965" lon="5.0520700000000005">
    <ele>20.87</ele>
   </trkpt>
   <trkpt lat="51.079730000000005" lon="5.0528900000000005">
    <ele>20.85</ele>
   </trkpt>
   <trkpt lat="51.079750000000004" lon="5.053610000000001">
    <ele>20.610000000000003</ele>
   </trkpt>
   <trkpt lat="51.079730000000005" lon="5.05428">
    <ele>20.69</ele>
   </trkpt>
   <trkpt lat="51.07974" lon="5.05473">
    <ele>20.8</ele>
   </trkpt>
   <trkpt lat="51.07977" lon="5.054930000000001">
    <ele>20.82</ele>
   </trkpt>
   <trkpt lat="51.079890000000006" lon="5.05534">
    <ele>20.650000000000002</ele>
   </trkpt>
   <trkpt lat="51.079950000000004" lon="5.05599">
    <ele>20.540000000000003</ele>
   </trkpt>
   <trkpt lat="51.079930000000004" lon="5.056190000000001">
    <ele>20.34</ele>
   </trkpt>
   <trkpt lat="51.0799" lon="5.056290000000001">
    <ele>20.34</ele>
   </trkpt>
   <trkpt lat="51.07947000000001" lon="5.05728">
    <ele>20.009999999999998</ele>
   </trkpt>
   <trkpt lat="51.07922000000001" lon="5.05801">
    <ele>20.1</ele>
   </trkpt>
   <trkpt lat="51.07948000236847" lon="5.058749995934531">
    <ele>19.919999999999998</ele>
   </trkpt>
   <trkpt lat="51.07974" lon="5.05949">
    <ele>19.73</ele>
   </trkpt>
   <trkpt lat="51.08003" lon="5.06005">
    <ele>19.69</ele>
   </trkpt>
   <trkpt lat="51.08019" lon="5.06031">
    <ele>19.700000000000003</ele>
   </trkpt>
   <trkpt lat="51.08043000000001" lon="5.0606">
    <ele>19.78</ele>
   </trkpt>
   <trkpt lat="51.08059" lon="5.060860000000001">
    <ele>19.89</ele>
   </trkpt>
   <trkpt lat="51.080830000000006" lon="5.06134">
    <ele>20.17</ele>
   </trkpt>
   <trkpt lat="51.080920000000006" lon="5.06144">
    <ele>20.17</ele>
   </trkpt>
   <trkpt lat="51.080980000000004" lon="5.061470000000001">
    <ele>20.17</ele>
   </trkpt>
   <trkpt lat="51.08111" lon="5.06146">
    <ele>20.21</ele>
   </trkpt>
   <trkpt lat="51.081320000000005" lon="5.06137">
    <ele>20.23</ele>
   </trkpt>
   <trkpt lat="51.08155000000001" lon="5.0612200000000005">
    <ele>20.290000000000003</ele>
   </trkpt>
   <trkpt lat="51.08162" lon="5.06121">
    <ele>20.39</ele>
   </trkpt>
   <trkpt lat="51.081720000000004" lon="5.06123">
    <ele>20.41</ele>
   </trkpt>
   <trkpt lat="51.082170000000005" lon="5.06153">
    <ele>20.34</ele>
   </trkpt>
   <trkpt lat="51.08229000000001" lon="5.06155">
    <ele>20.34</ele>
   </trkpt>
   <trkpt lat="51.082744999837566" lon="5.061530000203928">
    <ele>20.25</ele>
   </trkpt>
   <trkpt lat="51.083200000000005" lon="5.06151">
    <ele>19.82</ele>
   </trkpt>
   <trkpt lat="51.08389000014789" lon="5.061380001924821">
    <ele>19.380000000000003</ele>
   </trkpt>
   <trkpt lat="51.08458" lon="5.06125">
    <ele>20.41</ele>
   </trkpt>
   <trkpt lat="51.084630000000004" lon="5.061570000000001">
    <ele>20.330000000000002</ele>
   </trkpt>
   <trkpt lat="51.084835005022974" lon="5.06265499520097">
    <ele>20.43</ele>
   </trkpt>
   <trkpt lat="51.085040000000006" lon="5.06374">
    <ele>20.51</ele>
   </trkpt>
   <trkpt lat="51.08514500599769" lon="5.064924997403889">
    <ele>20.560000000000002</ele>
   </trkpt>
   <trkpt lat="51.08525" lon="5.06611">
    <ele>20.73</ele>
   </trkpt>
   <trkpt lat="51.0854650043593" lon="5.067114995568451">
    <ele>20.700000000000003</ele>
   </trkpt>
   <trkpt lat="51.08568" lon="5.06812">
    <ele>20.77</ele>
   </trkpt>
   <trkpt lat="51.08568" lon="5.068110000000001">
    <ele>20.77</ele>
   </trkpt>
   <trkpt lat="51.085860000000004" lon="5.06902">
    <ele>20.96</ele>
   </trkpt>
   <trkpt lat="51.085860000000004" lon="5.06949">
    <ele>21.060000000000002</ele>
   </trkpt>
   <trkpt lat="51.08532500082317" lon="5.069875004315522">
    <ele>21.0</ele>
   </trkpt>
   <trkpt lat="51.084790000000005" lon="5.07026">
    <ele>21.080000000000002</ele>
   </trkpt>
   <trkpt lat="51.08417000088438" lon="5.070680005539901">
    <ele>21.26</ele>
   </trkpt>
   <trkpt lat="51.08355" lon="5.0711">
    <ele>21.37</ele>
   </trkpt>
   <trkpt lat="51.08326" lon="5.07136">
    <ele>21.580000000000002</ele>
   </trkpt>
   <trkpt lat="51.08315" lon="5.071490000000001">
    <ele>21.580000000000002</ele>
   </trkpt>
   <trkpt lat="51.083040000000004" lon="5.071490000000001">
    <ele>21.52</ele>
   </trkpt>
   <trkpt lat="51.08235401076645" lon="5.072284047084436">
    <ele>21.43</ele>
   </trkpt>
   <trkpt lat="51.08166801615437" lon="5.073078070619802">
    <ele>21.42</ele>
   </trkpt>
   <trkpt lat="51.080982016164015" lon="5.073872070607192">
    <ele>21.330000000000002</ele>
   </trkpt>
   <trkpt lat="51.080296010795706" lon="5.074666047047695">
    <ele>21.16</ele>
   </trkpt>
   <trkpt lat="51.07961" lon="5.0754600000000005">
    <ele>21.490000000000002</ele>
   </trkpt>
   <trkpt lat="51.079530000000005" lon="5.0756000000000006">
    <ele>21.93</ele>
   </trkpt>
   <trkpt lat="51.07893000000001" lon="5.07624">
    <ele>22.490000000000002</ele>
   </trkpt>
   <trkpt lat="51.078480000000006" lon="5.076770000000001">
    <ele>23.19</ele>
   </trkpt>
   <trkpt lat="51.07803000111013" lon="5.077285005033103">
    <ele>24.41</ele>
   </trkpt>
   <trkpt lat="51.077580000000005" lon="5.077800000000001">
    <ele>27.17</ele>
   </trkpt>
   <trkpt lat="51.077490000000004" lon="5.077940000000001">
    <ele>27.17</ele>
   </trkpt>
   <trkpt lat="51.077070000000006" lon="5.078410000000001">
    <ele>29.34</ele>
   </trkpt>
   <trkpt lat="51.077110000000005" lon="5.07857">
    <ele>29.59</ele>
   </trkpt>
   <trkpt lat="51.077380000000005" lon="5.07824">
    <ele>29.330000000000002</ele>
   </trkpt>
  </trkseg>
 </trk>
</gpx>
