<?xml version="1.0" encoding="UTF-8"?>
<gpx creator="StravaGPX" version="1.1" xmlns="http://www.topografix.com/GPX/1/1" xmlns:xsi="http://www.w3.org/2001/XMLSchema-instance" xsi:schemaLocation="http://www.topografix.com/GPX/1/1 http://www.topografix.com/GPX/1/1/gpx.xsd">
 <metadata>
  <name>Twan - Pelt</name>
  <author>
   <name>Joeri Scapicchio</name>
   <link href="https://www.strava.com/athletes/2447439"/>
  </author>
  <copyright author="OpenStreetMap contributors">
   <year>2020</year>
   <license>https://www.openstreetmap.org/copyright</license>
  </copyright>
  <link href="https://www.strava.com/routes/3206224211491926052"/>
 </metadata>
 <trk>
  <name>Twan - Pelt</name>
  <link href="https://www.strava.com/routes/3206224211491926052"/>
  <type>cycling</type>
  <trkseg>
   <trkpt lat="51.06967" lon="5.08948">
    <ele>23.01</ele>
   </trkpt>
   <trkpt lat="51.069720000000004" lon="5.089110000000001">
    <ele>23.06</ele>
   </trkpt>
   <trkpt lat="51.06982000000001" lon="5.08847">
    <ele>23.06</ele>
   </trkpt>
   <trkpt lat="51.07065000000001" lon="5.08886">
    <ele>23.39</ele>
   </trkpt>
   <trkpt lat="51.07077" lon="5.08889">
    <ele>23.39</ele>
   </trkpt>
   <trkpt lat="51.07159000000001" lon="5.089200000000001">
    <ele>23.290000000000003</ele>
   </trkpt>
   <trkpt lat="51.07217000000001" lon="5.08929">
    <ele>23.05</ele>
   </trkpt>
   <trkpt lat="51.072830000098946" lon="5.089426662755861">
    <ele>23.01</ele>
   </trkpt>
   <trkpt lat="51.073490000038554" lon="5.089563329409954">
    <ele>23.000000000000004</ele>
   </trkpt>
   <trkpt lat="51.07415" lon="5.089700000000001">
    <ele>22.930000000000003</ele>
   </trkpt>
   <trkpt lat="51.074360000000006" lon="5.0898200000000005">
    <ele>22.98</ele>
   </trkpt>
   <trkpt lat="51.074690000000004" lon="5.0898900000000005">
    <ele>22.830000000000002</ele>
   </trkpt>
   <trkpt lat="51.07497000000001" lon="5.08987">
    <ele>22.67</ele>
   </trkpt>
   <trkpt lat="51.07573000000001" lon="5.09002">
    <ele>22.47</ele>
   </trkpt>
   <trkpt lat="51.0758" lon="5.090050000000001">
    <ele>22.47</ele>
   </trkpt>
   <trkpt lat="51.07623" lon="5.090140000000001">
    <ele>22.53</ele>
   </trkpt>
   <trkpt lat="51.07667000000001" lon="5.090210000000001">
    <ele>22.39</ele>
   </trkpt>
   <trkpt lat="51.077365000009934" lon="5.090354997805351">
    <ele>22.520000000000003</ele>
   </trkpt>
   <trkpt lat="51.07806" lon="5.0905000000000005">
    <ele>22.63</ele>
   </trkpt>
   <trkpt lat="51.078230000000005" lon="5.09062">
    <ele>22.63</ele>
   </trkpt>
   <trkpt lat="51.07842" lon="5.090660000000001">
    <ele>22.7</ele>
   </trkpt>
   <trkpt lat="51.07862" lon="5.09069">
    <ele>22.7</ele>
   </trkpt>
   <trkpt lat="51.07884000000001" lon="5.09065">
    <ele>22.7</ele>
   </trkpt>
   <trkpt lat="51.079100000000004" lon="5.0907">
    <ele>22.680000000000003</ele>
   </trkpt>
   <trkpt lat="51.07988333357015" lon="5.090866661022807">
    <ele>22.27</ele>
   </trkpt>
   <trkpt lat="51.08066666690333" lon="5.091033327689323">
    <ele>22.400000000000002</ele>
   </trkpt>
   <trkpt lat="51.081450000000004" lon="5.091200000000001">
    <ele>22.56</ele>
   </trkpt>
   <trkpt lat="51.08153" lon="5.09123">
    <ele>22.56</ele>
   </trkpt>
   <trkpt lat="51.081680000000006" lon="5.09124">
    <ele>22.55</ele>
   </trkpt>
   <trkpt lat="51.08182000574117" lon="5.092399996503558">
    <ele>22.330000000000002</ele>
   </trkpt>
   <trkpt lat="51.08196" lon="5.09356">
    <ele>22.47</ele>
   </trkpt>
   <trkpt lat="51.082" lon="5.09405">
    <ele>22.28</ele>
   </trkpt>
   <trkpt lat="51.08205" lon="5.09412">
    <ele>22.28</ele>
   </trkpt>
   <trkpt lat="51.08209" lon="5.095400000000001">
    <ele>22.18</ele>
   </trkpt>
   <trkpt lat="51.082170000000005" lon="5.096640000000001">
    <ele>22.1</ele>
   </trkpt>
   <trkpt lat="51.08229000000001" lon="5.09769">
    <ele>22.2</ele>
   </trkpt>
   <trkpt lat="51.08249000000001" lon="5.098960000000001">
    <ele>22.71</ele>
   </trkpt>
   <trkpt lat="51.08267500291935" lon="5.099784996773236">
    <ele>22.98</ele>
   </trkpt>
   <trkpt lat="51.082860000000004" lon="5.1006100000000005">
    <ele>23.13</ele>
   </trkpt>
   <trkpt lat="51.08303" lon="5.10123">
    <ele>23.21</ele>
   </trkpt>
   <trkpt lat="51.08336500450065" lon="5.102259992465844">
    <ele>23.73</ele>
   </trkpt>
   <trkpt lat="51.08370000000001" lon="5.10329">
    <ele>23.76</ele>
   </trkpt>
   <trkpt lat="51.08373" lon="5.1034500000000005">
    <ele>23.76</ele>
   </trkpt>
   <trkpt lat="51.084050000000005" lon="5.10449">
    <ele>24.130000000000003</ele>
   </trkpt>
   <trkpt lat="51.084140000000005" lon="5.10494">
    <ele>24.07</ele>
   </trkpt>
   <trkpt lat="51.084160000000004" lon="5.10519">
    <ele>24.0</ele>
   </trkpt>
   <trkpt lat="51.08415" lon="5.10557">
    <ele>24.180000000000003</ele>
   </trkpt>
   <trkpt lat="51.084210000000006" lon="5.10564">
    <ele>23.98</ele>
   </trkpt>
   <trkpt lat="51.08449" lon="5.1058">
    <ele>23.4</ele>
   </trkpt>
   <trkpt lat="51.08473000000001" lon="5.106000000000001">
    <ele>23.13</ele>
   </trkpt>
   <trkpt lat="51.084990000000005" lon="5.10618">
    <ele>22.950000000000003</ele>
   </trkpt>
   <trkpt lat="51.085210000000004" lon="5.10627">
    <ele>22.94</ele>
   </trkpt>
   <trkpt lat="51.085510000000006" lon="5.106350000000001">
    <ele>22.96</ele>
   </trkpt>
   <trkpt lat="51.086283333359276" lon="5.106413331214896">
    <ele>22.860000000000003</ele>
   </trkpt>
   <trkpt lat="51.087056666684326" lon="5.1064766645475075">
    <ele>22.55</ele>
   </trkpt>
   <trkpt lat="51.087830000000004" lon="5.106540000000001">
    <ele>22.67</ele>
   </trkpt>
   <trkpt lat="51.08854" lon="5.106520000000001">
    <ele>22.7</ele>
   </trkpt>
   <trkpt lat="51.08883" lon="5.10648">
    <ele>22.61</ele>
   </trkpt>
   <trkpt lat="51.089130000000004" lon="5.106400000000001">
    <ele>22.61</ele>
   </trkpt>
   <trkpt lat="51.089775000282735" lon="5.106180003042162">
    <ele>22.47</ele>
   </trkpt>
   <trkpt lat="51.09042" lon="5.1059600000000005">
    <ele>23.110000000000003</ele>
   </trkpt>
   <trkpt lat="51.09078" lon="5.10571">
    <ele>24.360000000000003</ele>
   </trkpt>
   <trkpt lat="51.09120000000001" lon="5.105250000000001">
    <ele>26.81</ele>
   </trkpt>
   <trkpt lat="51.091530000000006" lon="5.10501">
    <ele>28.55</ele>
   </trkpt>
   <trkpt lat="51.091750000000005" lon="5.10493">
    <ele>29.26</ele>
   </trkpt>
   <trkpt lat="51.09197" lon="5.104900000000001">
    <ele>29.67</ele>
   </trkpt>
   <trkpt lat="51.09217" lon="5.104920000000001">
    <ele>29.75</ele>
   </trkpt>
   <trkpt lat="51.09237" lon="5.104970000000001">
    <ele>29.7</ele>
   </trkpt>
   <trkpt lat="51.093000000401524" lon="5.105219996647664">
    <ele>27.200000000000003</ele>
   </trkpt>
   <trkpt lat="51.093630000000005" lon="5.10547">
    <ele>24.200000000000003</ele>
   </trkpt>
   <trkpt lat="51.09382" lon="5.10552">
    <ele>24.200000000000003</ele>
   </trkpt>
   <trkpt lat="51.094390000000004" lon="5.105580000000001">
    <ele>22.7</ele>
   </trkpt>
   <trkpt lat="51.095220000000005" lon="5.10562">
    <ele>23.270000000000003</ele>
   </trkpt>
   <trkpt lat="51.09566" lon="5.10569">
    <ele>23.950000000000003</ele>
   </trkpt>
   <trkpt lat="51.09588" lon="5.10576">
    <ele>24.84</ele>
   </trkpt>
   <trkpt lat="51.09673250151529" lon="5.1061024810611">
    <ele>28.03</ele>
   </trkpt>
   <trkpt lat="51.09758500203005" lon="5.106444974751445">
    <ele>29.240000000000002</ele>
   </trkpt>
   <trkpt lat="51.09843750154424" lon="5.106787481071869">
    <ele>29.39</ele>
   </trkpt>
   <trkpt lat="51.09929" lon="5.107130000000001">
    <ele>29.380000000000003</ele>
   </trkpt>
   <trkpt lat="51.099470000000004" lon="5.1071800000000005">
    <ele>29.240000000000002</ele>
   </trkpt>
   <trkpt lat="51.09984000000001" lon="5.107220000000001">
    <ele>28.85</ele>
   </trkpt>
   <trkpt lat="51.1002" lon="5.107150000000001">
    <ele>28.05</ele>
   </trkpt>
   <trkpt lat="51.10040000000001" lon="5.10707">
    <ele>27.250000000000004</ele>
   </trkpt>
   <trkpt lat="51.100620000000006" lon="5.10695">
    <ele>27.250000000000004</ele>
   </trkpt>
   <trkpt lat="51.101350001894104" lon="5.10647334841587">
    <ele>25.28</ele>
   </trkpt>
   <trkpt lat="51.10208000185027" lon="5.105996681778124">
    <ele>23.950000000000003</ele>
   </trkpt>
   <trkpt lat="51.102810000000005" lon="5.10552">
    <ele>22.98</ele>
   </trkpt>
   <trkpt lat="51.10324000000001" lon="5.10533">
    <ele>22.930000000000003</ele>
   </trkpt>
   <trkpt lat="51.10343" lon="5.10527">
    <ele>22.88</ele>
   </trkpt>
   <trkpt lat="51.103860000000005" lon="5.10522">
    <ele>22.76</ele>
   </trkpt>
   <trkpt lat="51.1047" lon="5.105300000000001">
    <ele>22.7</ele>
   </trkpt>
   <trkpt lat="51.1049" lon="5.1052800000000005">
    <ele>22.79</ele>
   </trkpt>
   <trkpt lat="51.105070000000005" lon="5.105230000000001">
    <ele>22.950000000000003</ele>
   </trkpt>
   <trkpt lat="51.10530000000001" lon="5.106000000000001">
    <ele>22.590000000000003</ele>
   </trkpt>
   <trkpt lat="51.105650000000004" lon="5.10681">
    <ele>22.79</ele>
   </trkpt>
   <trkpt lat="51.105830000000005" lon="5.107010000000001">
    <ele>22.820000000000004</ele>
   </trkpt>
   <trkpt lat="51.106" lon="5.107100000000001">
    <ele>22.87</ele>
   </trkpt>
   <trkpt lat="51.106100000000005" lon="5.10712">
    <ele>22.87</ele>
   </trkpt>
   <trkpt lat="51.106280000000005" lon="5.10709">
    <ele>22.9</ele>
   </trkpt>
   <trkpt lat="51.10704000003991" lon="5.106895003237756">
    <ele>23.03</ele>
   </trkpt>
   <trkpt lat="51.107800000000005" lon="5.1067">
    <ele>22.94</ele>
   </trkpt>
   <trkpt lat="51.10819000000001" lon="5.10655">
    <ele>22.910000000000004</ele>
   </trkpt>
   <trkpt lat="51.10872000016381" lon="5.106315002726661">
    <ele>22.94</ele>
   </trkpt>
   <trkpt lat="51.10925" lon="5.10608">
    <ele>22.8</ele>
   </trkpt>
   <trkpt lat="51.109440000000006" lon="5.10595">
    <ele>22.860000000000003</ele>
   </trkpt>
   <trkpt lat="51.10976" lon="5.105670000000001">
    <ele>22.81</ele>
   </trkpt>
   <trkpt lat="51.10989000000001" lon="5.105580000000001">
    <ele>22.680000000000003</ele>
   </trkpt>
   <trkpt lat="51.11003" lon="5.105510000000001">
    <ele>22.680000000000003</ele>
   </trkpt>
   <trkpt lat="51.11018000000001" lon="5.10545">
    <ele>22.660000000000004</ele>
   </trkpt>
   <trkpt lat="51.11075" lon="5.10541">
    <ele>22.62</ele>
   </trkpt>
   <trkpt lat="51.11093" lon="5.10538">
    <ele>22.6</ele>
   </trkpt>
   <trkpt lat="51.11108" lon="5.10533">
    <ele>22.650000000000002</ele>
   </trkpt>
   <trkpt lat="51.11137" lon="5.105200000000001">
    <ele>22.660000000000004</ele>
   </trkpt>
   <trkpt lat="51.11150000000001" lon="5.105110000000001">
    <ele>22.7</ele>
   </trkpt>
   <trkpt lat="51.111610000000006" lon="5.10498">
    <ele>22.78</ele>
   </trkpt>
   <trkpt lat="51.111720000000005" lon="5.1048100000000005">
    <ele>23.000000000000004</ele>
   </trkpt>
   <trkpt lat="51.112120000000004" lon="5.104080000000001">
    <ele>23.87</ele>
   </trkpt>
   <trkpt lat="51.1122" lon="5.10404">
    <ele>23.87</ele>
   </trkpt>
   <trkpt lat="51.112210002899275" lon="5.104864999559113">
    <ele>23.55</ele>
   </trkpt>
   <trkpt lat="51.11222" lon="5.10569">
    <ele>23.720000000000002</ele>
   </trkpt>
   <trkpt lat="51.112190000000005" lon="5.10608">
    <ele>23.720000000000002</ele>
   </trkpt>
   <trkpt lat="51.112025003006046" lon="5.106915002815367">
    <ele>24.01</ele>
   </trkpt>
   <trkpt lat="51.11186000000001" lon="5.10775">
    <ele>24.130000000000003</ele>
   </trkpt>
   <trkpt lat="51.11160000314912" lon="5.1086000045596744">
    <ele>24.19</ele>
   </trkpt>
   <trkpt lat="51.111340000000006" lon="5.109450000000001">
    <ele>24.21</ele>
   </trkpt>
   <trkpt lat="51.11117" lon="5.110060000000001">
    <ele>24.380000000000003</ele>
   </trkpt>
   <trkpt lat="51.11099" lon="5.11097">
    <ele>24.400000000000002</ele>
   </trkpt>
   <trkpt lat="51.11093" lon="5.1113800000000005">
    <ele>24.35</ele>
   </trkpt>
   <trkpt lat="51.110910000000004" lon="5.11165">
    <ele>24.35</ele>
   </trkpt>
   <trkpt lat="51.11092000000001" lon="5.11186">
    <ele>24.19</ele>
   </trkpt>
   <trkpt lat="51.11102" lon="5.1124">
    <ele>24.19</ele>
   </trkpt>
   <trkpt lat="51.11130000000001" lon="5.11336">
    <ele>24.290000000000003</ele>
   </trkpt>
   <trkpt lat="51.11148000316414" lon="5.114224996502967">
    <ele>24.46</ele>
   </trkpt>
   <trkpt lat="51.11166000000001" lon="5.11509">
    <ele>24.610000000000003</ele>
   </trkpt>
   <trkpt lat="51.11233999995341" lon="5.115169998814111">
    <ele>23.950000000000003</ele>
   </trkpt>
   <trkpt lat="51.113020000000006" lon="5.1152500000000005">
    <ele>24.85</ele>
   </trkpt>
   <trkpt lat="51.113253341851994" lon="5.116249989858204">
    <ele>24.450000000000003</ele>
   </trkpt>
   <trkpt lat="51.113486675175366" lon="5.117249989815368">
    <ele>24.520000000000003</ele>
   </trkpt>
   <trkpt lat="51.11372" lon="5.118250000000001">
    <ele>24.91</ele>
   </trkpt>
   <trkpt lat="51.114252533142626" lon="5.119303664992154">
    <ele>25.51</ele>
   </trkpt>
   <trkpt lat="51.11478505681643" lon="5.1203573542705305">
    <ele>25.900000000000002</ele>
   </trkpt>
   <trkpt lat="51.115317571021045" lon="5.1214110678357185">
    <ele>26.320000000000004</ele>
   </trkpt>
   <trkpt lat="51.11585007575607" lon="5.122464805688311">
    <ele>26.35</ele>
   </trkpt>
   <trkpt lat="51.11638257102108" lon="5.123518567828895">
    <ele>26.17</ele>
   </trkpt>
   <trkpt lat="51.116915056815714" lon="5.124572354258062">
    <ele>26.320000000000004</ele>
   </trkpt>
   <trkpt lat="51.11744753313954" lon="5.1256261649764">
    <ele>26.46</ele>
   </trkpt>
   <trkpt lat="51.11798" lon="5.12668">
    <ele>26.71</ele>
   </trkpt>
   <trkpt lat="51.118030000000005" lon="5.12675">
    <ele>26.71</ele>
   </trkpt>
   <trkpt lat="51.11867500135366" lon="5.127284992641435">
    <ele>26.64</ele>
   </trkpt>
   <trkpt lat="51.11932" lon="5.127820000000001">
    <ele>26.29</ele>
   </trkpt>
   <trkpt lat="51.119833335699816" lon="5.128346654963673">
    <ele>26.340000000000003</ele>
   </trkpt>
   <trkpt lat="51.12034666903413" lon="5.128873321631167">
    <ele>26.42</ele>
   </trkpt>
   <trkpt lat="51.12086000000001" lon="5.1294">
    <ele>26.71</ele>
   </trkpt>
   <trkpt lat="51.12135000000001" lon="5.12987">
    <ele>26.69</ele>
   </trkpt>
   <trkpt lat="51.12158" lon="5.130120000000001">
    <ele>26.79</ele>
   </trkpt>
   <trkpt lat="51.121970000000005" lon="5.13037">
    <ele>26.92</ele>
   </trkpt>
   <trkpt lat="51.12273000070113" lon="5.1307599936106065">
    <ele>26.85</ele>
   </trkpt>
   <trkpt lat="51.123490000000004" lon="5.131150000000001">
    <ele>26.240000000000002</ele>
   </trkpt>
   <trkpt lat="51.12377000000001" lon="5.13137">
    <ele>26.21</ele>
   </trkpt>
   <trkpt lat="51.12407" lon="5.13168">
    <ele>26.310000000000002</ele>
   </trkpt>
   <trkpt lat="51.12427" lon="5.131830000000001">
    <ele>26.330000000000002</ele>
   </trkpt>
   <trkpt lat="51.124520000000004" lon="5.13194">
    <ele>26.29</ele>
   </trkpt>
   <trkpt lat="51.12536000000001" lon="5.1321">
    <ele>26.53</ele>
   </trkpt>
   <trkpt lat="51.12552" lon="5.132160000000001">
    <ele>26.6</ele>
   </trkpt>
   <trkpt lat="51.125910000000005" lon="5.13236">
    <ele>26.660000000000004</ele>
   </trkpt>
   <trkpt lat="51.12654000079828" lon="5.13280499389769">
    <ele>26.590000000000003</ele>
   </trkpt>
   <trkpt lat="51.12717000000001" lon="5.13325">
    <ele>26.560000000000002</ele>
   </trkpt>
   <trkpt lat="51.12733000000001" lon="5.133400000000001">
    <ele>26.69</ele>
   </trkpt>
   <trkpt lat="51.12754" lon="5.133660000000001">
    <ele>26.660000000000004</ele>
   </trkpt>
   <trkpt lat="51.127950000000006" lon="5.134480000000001">
    <ele>26.97</ele>
   </trkpt>
   <trkpt lat="51.128310000000006" lon="5.13527">
    <ele>27.37</ele>
   </trkpt>
   <trkpt lat="51.12865000000001" lon="5.1363">
    <ele>27.48</ele>
   </trkpt>
   <trkpt lat="51.128730000000004" lon="5.13659">
    <ele>27.500000000000004</ele>
   </trkpt>
   <trkpt lat="51.12876000000001" lon="5.1368100000000005">
    <ele>27.610000000000003</ele>
   </trkpt>
   <trkpt lat="51.12876000000001" lon="5.13703">
    <ele>27.610000000000003</ele>
   </trkpt>
   <trkpt lat="51.128750000000004" lon="5.1372100000000005">
    <ele>27.610000000000003</ele>
   </trkpt>
   <trkpt lat="51.12865202439521" lon="5.138406010166265">
    <ele>29.17</ele>
   </trkpt>
   <trkpt lat="51.12855403659207" lon="5.139602015257811">
    <ele>31.27</ele>
   </trkpt>
   <trkpt lat="51.12845603659069" lon="5.140798015274045">
    <ele>34.68</ele>
   </trkpt>
   <trkpt lat="51.12835802439117" lon="5.141994010214376">
    <ele>34.72</ele>
   </trkpt>
   <trkpt lat="51.128260000000004" lon="5.143190000000001">
    <ele>32.07</ele>
   </trkpt>
   <trkpt lat="51.128280000000004" lon="5.143820000000001">
    <ele>30.680000000000003</ele>
   </trkpt>
   <trkpt lat="51.128310000000006" lon="5.1441300000000005">
    <ele>30.21</ele>
   </trkpt>
   <trkpt lat="51.128420000000006" lon="5.14461">
    <ele>29.43</ele>
   </trkpt>
   <trkpt lat="51.128640000000004" lon="5.1453500000000005">
    <ele>28.950000000000003</ele>
   </trkpt>
   <trkpt lat="51.12872" lon="5.145670000000001">
    <ele>28.93</ele>
   </trkpt>
   <trkpt lat="51.12877" lon="5.146050000000001">
    <ele>28.950000000000003</ele>
   </trkpt>
   <trkpt lat="51.128795007095015" lon="5.147339999277501">
    <ele>29.53</ele>
   </trkpt>
   <trkpt lat="51.128820000000005" lon="5.148630000000001">
    <ele>30.050000000000004</ele>
   </trkpt>
   <trkpt lat="51.128820000000005" lon="5.148890000000001">
    <ele>30.050000000000004</ele>
   </trkpt>
   <trkpt lat="51.128780000000006" lon="5.149380000000001">
    <ele>29.990000000000002</ele>
   </trkpt>
   <trkpt lat="51.128690000000006" lon="5.14972">
    <ele>29.800000000000004</ele>
   </trkpt>
   <trkpt lat="51.12861" lon="5.149920000000001">
    <ele>29.800000000000004</ele>
   </trkpt>
   <trkpt lat="51.128028018023635" lon="5.1509480518174025">
    <ele>29.290000000000003</ele>
   </trkpt>
   <trkpt lat="51.12744602703459" lon="5.151976077726098">
    <ele>28.89</ele>
   </trkpt>
   <trkpt lat="51.12686402703328" lon="5.153004077726874">
    <ele>29.120000000000005</ele>
   </trkpt>
   <trkpt lat="51.126282018020156" lon="5.154032051820522">
    <ele>29.18</ele>
   </trkpt>
   <trkpt lat="51.1257" lon="5.155060000000001">
    <ele>29.53</ele>
   </trkpt>
   <trkpt lat="51.12523667228461" lon="5.155873349691445">
    <ele>29.910000000000004</ele>
   </trkpt>
   <trkpt lat="51.124773338927795" lon="5.156686683065754">
    <ele>30.220000000000002</ele>
   </trkpt>
   <trkpt lat="51.12431" lon="5.157500000000001">
    <ele>30.78</ele>
   </trkpt>
   <trkpt lat="51.12422" lon="5.1576">
    <ele>30.78</ele>
   </trkpt>
   <trkpt lat="51.12407" lon="5.15803">
    <ele>31.230000000000004</ele>
   </trkpt>
   <trkpt lat="51.12402" lon="5.158320000000001">
    <ele>31.230000000000004</ele>
   </trkpt>
   <trkpt lat="51.124" lon="5.15864">
    <ele>31.290000000000006</ele>
   </trkpt>
   <trkpt lat="51.124115005195506" lon="5.1597449971437">
    <ele>32.71</ele>
   </trkpt>
   <trkpt lat="51.124230000000004" lon="5.160850000000001">
    <ele>32.690000000000005</ele>
   </trkpt>
   <trkpt lat="51.12425" lon="5.161300000000001">
    <ele>33.04</ele>
   </trkpt>
   <trkpt lat="51.12427" lon="5.16267">
    <ele>34.18</ele>
   </trkpt>
   <trkpt lat="51.124230000000004" lon="5.16316">
    <ele>34.25</ele>
   </trkpt>
   <trkpt lat="51.124010000000006" lon="5.16448">
    <ele>34.1</ele>
   </trkpt>
   <trkpt lat="51.123990000000006" lon="5.164680000000001">
    <ele>34.1</ele>
   </trkpt>
   <trkpt lat="51.124" lon="5.1650100000000005">
    <ele>33.89</ele>
   </trkpt>
   <trkpt lat="51.12407" lon="5.165290000000001">
    <ele>33.89</ele>
   </trkpt>
   <trkpt lat="51.12454667327647" lon="5.16616998184846">
    <ele>33.660000000000004</ele>
   </trkpt>
   <trkpt lat="51.125023339948996" lon="5.167049981858989">
    <ele>33.59</ele>
   </trkpt>
   <trkpt lat="51.1255" lon="5.16793">
    <ele>33.47</ele>
   </trkpt>
   <trkpt lat="51.125640000000004" lon="5.168130000000001">
    <ele>33.35</ele>
   </trkpt>
   <trkpt lat="51.12631500320194" lon="5.168999987253008">
    <ele>33.54</ele>
   </trkpt>
   <trkpt lat="51.126990000000006" lon="5.16987">
    <ele>33.67</ele>
   </trkpt>
   <trkpt lat="51.12709" lon="5.170030000000001">
    <ele>33.74</ele>
   </trkpt>
   <trkpt lat="51.127520000000004" lon="5.170940000000001">
    <ele>33.77</ele>
   </trkpt>
   <trkpt lat="51.12762000000001" lon="5.17128">
    <ele>33.77</ele>
   </trkpt>
   <trkpt lat="51.12765" lon="5.17152">
    <ele>33.72</ele>
   </trkpt>
   <trkpt lat="51.12767500421355" lon="5.1725149991503265">
    <ele>33.86</ele>
   </trkpt>
   <trkpt lat="51.127700000000004" lon="5.17351">
    <ele>33.95</ele>
   </trkpt>
   <trkpt lat="51.127720000000004" lon="5.173690000000001">
    <ele>33.95</ele>
   </trkpt>
   <trkpt lat="51.127770000000005" lon="5.173920000000001">
    <ele>34.02</ele>
   </trkpt>
   <trkpt lat="51.12785" lon="5.1741600000000005">
    <ele>34.02</ele>
   </trkpt>
   <trkpt lat="51.12829000910034" lon="5.1751933136318815">
    <ele>34.06</ele>
   </trkpt>
   <trkpt lat="51.12873000909513" lon="5.176226646952635">
    <ele>34.02</ele>
   </trkpt>
   <trkpt lat="51.12917" lon="5.17726">
    <ele>34.15</ele>
   </trkpt>
   <trkpt lat="51.12926" lon="5.177530000000001">
    <ele>34.14</ele>
   </trkpt>
   <trkpt lat="51.12941000000001" lon="5.1782">
    <ele>34.06</ele>
   </trkpt>
   <trkpt lat="51.129470000000005" lon="5.178590000000001">
    <ele>33.96</ele>
   </trkpt>
   <trkpt lat="51.12959000000001" lon="5.1791100000000005">
    <ele>33.67</ele>
   </trkpt>
   <trkpt lat="51.1298" lon="5.17957">
    <ele>33.580000000000005</ele>
   </trkpt>
   <trkpt lat="51.12988000000001" lon="5.17971">
    <ele>33.580000000000005</ele>
   </trkpt>
   <trkpt lat="51.130160000000004" lon="5.18001">
    <ele>33.21</ele>
   </trkpt>
   <trkpt lat="51.13073500098658" lon="5.180524993458519">
    <ele>33.14</ele>
   </trkpt>
   <trkpt lat="51.131310000000006" lon="5.18104">
    <ele>32.75</ele>
   </trkpt>
   <trkpt lat="51.1317" lon="5.18149">
    <ele>32.31</ele>
   </trkpt>
   <trkpt lat="51.131910000000005" lon="5.18179">
    <ele>32.17</ele>
   </trkpt>
   <trkpt lat="51.13215" lon="5.18219">
    <ele>32.06</ele>
   </trkpt>
   <trkpt lat="51.13251" lon="5.182880000000001">
    <ele>32.440000000000005</ele>
   </trkpt>
   <trkpt lat="51.13246" lon="5.182980000000001">
    <ele>32.010000000000005</ele>
   </trkpt>
   <trkpt lat="51.13242" lon="5.18311">
    <ele>32.010000000000005</ele>
   </trkpt>
   <trkpt lat="51.13241000000001" lon="5.183330000000001">
    <ele>31.740000000000002</ele>
   </trkpt>
   <trkpt lat="51.132490009224014" lon="5.184369996405709">
    <ele>31.73</ele>
   </trkpt>
   <trkpt lat="51.132570009224736" lon="5.185409996415047">
    <ele>31.71</ele>
   </trkpt>
   <trkpt lat="51.132650000000005" lon="5.186450000000001">
    <ele>31.93</ele>
   </trkpt>
   <trkpt lat="51.1329271826427" lon="5.187697097930234">
    <ele>32.28</ele>
   </trkpt>
   <trkpt lat="51.133204352022915" lon="5.18894421083172">
    <ele>32.690000000000005</ele>
   </trkpt>
   <trkpt lat="51.13348150814034" lon="5.1901913387040715">
    <ele>33.160000000000004</ele>
   </trkpt>
   <trkpt lat="51.133758650994714" lon="5.191438481546898">
    <ele>33.57</ele>
   </trkpt>
   <trkpt lat="51.134035780585734" lon="5.192685639359812">
    <ele>33.980000000000004</ele>
   </trkpt>
   <trkpt lat="51.134312896913094" lon="5.1939328121424255">
    <ele>34.46</ele>
   </trkpt>
   <trkpt lat="51.13459" lon="5.195180000000001">
    <ele>34.370000000000005</ele>
   </trkpt>
   <trkpt lat="51.13463500583116" lon="5.1963499987199295">
    <ele>34.43</ele>
   </trkpt>
   <trkpt lat="51.13468" lon="5.197520000000001">
    <ele>34.60000000000001</ele>
   </trkpt>
   <trkpt lat="51.134690000000006" lon="5.19793">
    <ele>34.550000000000004</ele>
   </trkpt>
   <trkpt lat="51.134660000000004" lon="5.19838">
    <ele>34.550000000000004</ele>
   </trkpt>
   <trkpt lat="51.13452500701753" lon="5.199665003973296">
    <ele>34.86</ele>
   </trkpt>
   <trkpt lat="51.13439" lon="5.200950000000001">
    <ele>35.480000000000004</ele>
   </trkpt>
   <trkpt lat="51.13432" lon="5.201460000000001">
    <ele>35.72</ele>
   </trkpt>
   <trkpt lat="51.13500001036592" lon="5.2023599602443324">
    <ele>35.190000000000005</ele>
   </trkpt>
   <trkpt lat="51.135680013825144" lon="5.203259946996518">
    <ele>34.870000000000005</ele>
   </trkpt>
   <trkpt lat="51.136360010377274" lon="5.2041599602577095">
    <ele>34.800000000000004</ele>
   </trkpt>
   <trkpt lat="51.137040000000006" lon="5.2050600000000005">
    <ele>34.78</ele>
   </trkpt>
   <trkpt lat="51.137420000000006" lon="5.2057400000000005">
    <ele>34.82</ele>
   </trkpt>
   <trkpt lat="51.13747000000001" lon="5.20579">
    <ele>34.82</ele>
   </trkpt>
   <trkpt lat="51.13752" lon="5.20582">
    <ele>34.82</ele>
   </trkpt>
   <trkpt lat="51.137620000000005" lon="5.205830000000001">
    <ele>34.74</ele>
   </trkpt>
   <trkpt lat="51.13828666810804" lon="5.205420011835769">
    <ele>34.38</ele>
   </trkpt>
   <trkpt lat="51.13895333478271" lon="5.205010011831059">
    <ele>34.02</ele>
   </trkpt>
   <trkpt lat="51.13962" lon="5.2046">
    <ele>34.03</ele>
   </trkpt>
   <trkpt lat="51.13974" lon="5.204560000000001">
    <ele>33.99</ele>
   </trkpt>
   <trkpt lat="51.13983" lon="5.20457">
    <ele>33.99</ele>
   </trkpt>
   <trkpt lat="51.14047000000001" lon="5.20486">
    <ele>33.980000000000004</ele>
   </trkpt>
   <trkpt lat="51.14074" lon="5.2049900000000004">
    <ele>34.080000000000005</ele>
   </trkpt>
   <trkpt lat="51.14083" lon="5.20507">
    <ele>34.080000000000005</ele>
   </trkpt>
   <trkpt lat="51.14128500185729" lon="5.205724993584714">
    <ele>34.06</ele>
   </trkpt>
   <trkpt lat="51.141740000000006" lon="5.20638">
    <ele>34.34</ele>
   </trkpt>
   <trkpt lat="51.14199000000001" lon="5.20666">
    <ele>34.39</ele>
   </trkpt>
   <trkpt lat="51.14233" lon="5.20692">
    <ele>34.36</ele>
   </trkpt>
   <trkpt lat="51.142450000000004" lon="5.206950000000001">
    <ele>34.38</ele>
   </trkpt>
   <trkpt lat="51.14251" lon="5.20694">
    <ele>34.38</ele>
   </trkpt>
   <trkpt lat="51.142770000000006" lon="5.2069">
    <ele>34.58</ele>
   </trkpt>
   <trkpt lat="51.14289" lon="5.20685">
    <ele>34.58</ele>
   </trkpt>
   <trkpt lat="51.142970000000005" lon="5.20675">
    <ele>34.60000000000001</ele>
   </trkpt>
   <trkpt lat="51.14307" lon="5.206580000000001">
    <ele>34.550000000000004</ele>
   </trkpt>
   <trkpt lat="51.143170000000005" lon="5.206530000000001">
    <ele>34.510000000000005</ele>
   </trkpt>
   <trkpt lat="51.14380333333563" lon="5.206503334065256">
    <ele>33.97</ele>
   </trkpt>
   <trkpt lat="51.144436666665186" lon="5.206476667398759">
    <ele>33.96</ele>
   </trkpt>
   <trkpt lat="51.145070000000004" lon="5.20645">
    <ele>34.54</ele>
   </trkpt>
   <trkpt lat="51.145140000000005" lon="5.20641">
    <ele>34.59</ele>
   </trkpt>
   <trkpt lat="51.14531" lon="5.20605">
    <ele>34.58</ele>
   </trkpt>
   <trkpt lat="51.14582000138021" lon="5.205475006386511">
    <ele>34.28</ele>
   </trkpt>
   <trkpt lat="51.146330000000006" lon="5.2049">
    <ele>34.370000000000005</ele>
   </trkpt>
   <trkpt lat="51.14677500146678" lon="5.204315005630047">
    <ele>34.09</ele>
   </trkpt>
   <trkpt lat="51.147220000000004" lon="5.20373">
    <ele>33.88</ele>
   </trkpt>
   <trkpt lat="51.147310000000004" lon="5.20357">
    <ele>33.88</ele>
   </trkpt>
   <trkpt lat="51.14764" lon="5.20246">
    <ele>33.64</ele>
   </trkpt>
   <trkpt lat="51.147740000000006" lon="5.2022900000000005">
    <ele>33.64</ele>
   </trkpt>
   <trkpt lat="51.148250000835475" lon="5.20187500450353">
    <ele>33.45</ele>
   </trkpt>
   <trkpt lat="51.14876" lon="5.201460000000001">
    <ele>33.300000000000004</ele>
   </trkpt>
   <trkpt lat="51.14885" lon="5.201280000000001">
    <ele>33.300000000000004</ele>
   </trkpt>
   <trkpt lat="51.149300000000004" lon="5.200130000000001">
    <ele>32.92</ele>
   </trkpt>
   <trkpt lat="51.149440000000006" lon="5.19986">
    <ele>32.92</ele>
   </trkpt>
   <trkpt lat="51.1495" lon="5.19981">
    <ele>32.800000000000004</ele>
   </trkpt>
   <trkpt lat="51.15005000000001" lon="5.199660000000001">
    <ele>32.910000000000004</ele>
   </trkpt>
   <trkpt lat="51.15017" lon="5.199590000000001">
    <ele>32.910000000000004</ele>
   </trkpt>
   <trkpt lat="51.15060000035469" lon="5.199260003158945">
    <ele>32.68</ele>
   </trkpt>
   <trkpt lat="51.151030000000006" lon="5.198930000000001">
    <ele>32.36</ele>
   </trkpt>
   <trkpt lat="51.15167000099477" lon="5.198465006395985">
    <ele>32.14</ele>
   </trkpt>
   <trkpt lat="51.15231000000001" lon="5.198">
    <ele>31.970000000000006</ele>
   </trkpt>
   <trkpt lat="51.15279" lon="5.1977400000000005">
    <ele>31.85</ele>
   </trkpt>
   <trkpt lat="51.15297" lon="5.197550000000001">
    <ele>31.8</ele>
   </trkpt>
   <trkpt lat="51.15312" lon="5.19726">
    <ele>31.93</ele>
   </trkpt>
   <trkpt lat="51.15325000000001" lon="5.19688">
    <ele>32.29</ele>
   </trkpt>
   <trkpt lat="51.1533" lon="5.19678">
    <ele>32.830000000000005</ele>
   </trkpt>
   <trkpt lat="51.15335" lon="5.19674">
    <ele>32.830000000000005</ele>
   </trkpt>
   <trkpt lat="51.153400000000005" lon="5.196750000000001">
    <ele>32.830000000000005</ele>
   </trkpt>
   <trkpt lat="51.15345000000001" lon="5.19679">
    <ele>32.830000000000005</ele>
   </trkpt>
   <trkpt lat="51.153600000000004" lon="5.19695">
    <ele>32.77</ele>
   </trkpt>
   <trkpt lat="51.153850000000006" lon="5.196940000000001">
    <ele>32.0</ele>
   </trkpt>
   <trkpt lat="51.15395" lon="5.19695">
    <ele>31.82</ele>
   </trkpt>
   <trkpt lat="51.15447" lon="5.1972000000000005">
    <ele>31.41</ele>
   </trkpt>
   <trkpt lat="51.154740000000004" lon="5.197310000000001">
    <ele>31.1</ele>
   </trkpt>
   <trkpt lat="51.15489" lon="5.197310000000001">
    <ele>31.1</ele>
   </trkpt>
   <trkpt lat="51.15523" lon="5.19725">
    <ele>30.830000000000002</ele>
   </trkpt>
   <trkpt lat="51.155460000000005" lon="5.19726">
    <ele>30.770000000000003</ele>
   </trkpt>
   <trkpt lat="51.155910000000006" lon="5.19732">
    <ele>31.14</ele>
   </trkpt>
   <trkpt lat="51.15626" lon="5.1972700000000005">
    <ele>31.700000000000006</ele>
   </trkpt>
   <trkpt lat="51.15632" lon="5.19728">
    <ele>32.620000000000005</ele>
   </trkpt>
   <trkpt lat="51.15644" lon="5.1974">
    <ele>32.650000000000006</ele>
   </trkpt>
   <trkpt lat="51.15686667209856" lon="5.196603348029196">
    <ele>31.560000000000006</ele>
   </trkpt>
   <trkpt lat="51.15729333878603" lon="5.195806681323909">
    <ele>31.61</ele>
   </trkpt>
   <trkpt lat="51.157720000000005" lon="5.195010000000001">
    <ele>32.49</ele>
   </trkpt>
   <trkpt lat="51.157810000000005" lon="5.19512">
    <ele>32.18</ele>
   </trkpt>
   <trkpt lat="51.15782" lon="5.19514">
    <ele>32.13</ele>
   </trkpt>
   <trkpt lat="51.15785" lon="5.195250000000001">
    <ele>31.73</ele>
   </trkpt>
   <trkpt lat="51.1578" lon="5.19603">
    <ele>30.85</ele>
   </trkpt>
   <trkpt lat="51.157790000000006" lon="5.196440000000001">
    <ele>30.85</ele>
   </trkpt>
   <trkpt lat="51.15784000000001" lon="5.19779">
    <ele>31.42</ele>
   </trkpt>
   <trkpt lat="51.157810000000005" lon="5.19833">
    <ele>31.650000000000002</ele>
   </trkpt>
   <trkpt lat="51.15769336368748" lon="5.199523348410102">
    <ele>32.46</ele>
   </trkpt>
   <trkpt lat="51.15757671523355" lon="5.200716690786192">
    <ele>32.830000000000005</ele>
   </trkpt>
   <trkpt lat="51.15746005463831" lon="5.201910027127698">
    <ele>33.300000000000004</ele>
   </trkpt>
   <trkpt lat="51.15734338190192" lon="5.203103357434046">
    <ele>33.660000000000004</ele>
   </trkpt>
   <trkpt lat="51.15722669702443" lon="5.204296681704667">
    <ele>34.22</ele>
   </trkpt>
   <trkpt lat="51.15711" lon="5.20549">
    <ele>34.57</ele>
   </trkpt>
   <trkpt lat="51.15704116698651" lon="5.206770015290164">
    <ele>35.13</ele>
   </trkpt>
   <trkpt lat="51.15697232000394" lon="5.208050026760631">
    <ele>35.01</ele>
   </trkpt>
   <trkpt lat="51.15690345905234" lon="5.209330034410647">
    <ele>35.21000000000001</ele>
   </trkpt>
   <trkpt lat="51.15683458413183" lon="5.21061003823946">
    <ele>35.93</ele>
   </trkpt>
   <trkpt lat="51.15676569524245" lon="5.211890038246311">
    <ele>35.78000000000001</ele>
   </trkpt>
   <trkpt lat="51.15669679238429" lon="5.21317003443045">
    <ele>35.980000000000004</ele>
   </trkpt>
   <trkpt lat="51.15662787555744" lon="5.2144500267911225">
    <ele>36.15</ele>
   </trkpt>
   <trkpt lat="51.15655894476194" lon="5.215730015327572">
    <ele>36.37</ele>
   </trkpt>
   <trkpt lat="51.156490000000005" lon="5.21701">
    <ele>36.37</ele>
   </trkpt>
   <trkpt lat="51.156413424916074" lon="5.2184075255320606">
    <ele>36.410000000000004</ele>
   </trkpt>
   <trkpt lat="51.15633683318041" lon="5.219805046424768">
    <ele>36.42</ele>
   </trkpt>
   <trkpt lat="51.156260224793144" lon="5.22120256267714">
    <ele>36.89000000000001</ele>
   </trkpt>
   <trkpt lat="51.156183599754364" lon="5.222600074288199">
    <ele>37.15</ele>
   </trkpt>
   <trkpt lat="51.15610695806414" lon="5.2239975812569615">
    <ele>37.51</ele>
   </trkpt>
   <trkpt lat="51.15603029972263" lon="5.225395083582448">
    <ele>37.36000000000001</ele>
   </trkpt>
   <trkpt lat="51.155953624729904" lon="5.226792581263679">
    <ele>37.7</ele>
   </trkpt>
   <trkpt lat="51.15587693308604" lon="5.228190074299673">
    <ele>37.78</ele>
   </trkpt>
   <trkpt lat="51.1558002247912" lon="5.229587562689449">
    <ele>37.78</ele>
   </trkpt>
   <trkpt lat="51.15572349984543" lon="5.230985046432026">
    <ele>37.84</ele>
   </trkpt>
   <trkpt lat="51.15564675824884" lon="5.232382525526426">
    <ele>38.17</ele>
   </trkpt>
   <trkpt lat="51.155570000000004" lon="5.23378">
    <ele>38.3</ele>
   </trkpt>
   <trkpt lat="51.155490094002076" lon="5.235195860324916">
    <ele>38.25000000000001</ele>
   </trkpt>
   <trkpt lat="51.15541017091251" lon="5.2366117157453305">
    <ele>38.66</ele>
   </trkpt>
   <trkpt lat="51.15533023073143" lon="5.238027566260224">
    <ele>38.86000000000001</ele>
   </trkpt>
   <trkpt lat="51.15525027345894" lon="5.2394434118685815">
    <ele>38.89</ele>
   </trkpt>
   <trkpt lat="51.15517029909515" lon="5.240859252569383">
    <ele>39.23</ele>
   </trkpt>
   <trkpt lat="51.15509030764016" lon="5.24227508836161">
    <ele>39.589999999999996</ele>
   </trkpt>
   <trkpt lat="51.15501029909408" lon="5.243690919244247">
    <ele>39.63</ele>
   </trkpt>
   <trkpt lat="51.15493027345703" lon="5.245106745216275">
    <ele>40.080000000000005</ele>
   </trkpt>
   <trkpt lat="51.154850230729124" lon="5.246522566276676">
    <ele>40.370000000000005</ele>
   </trkpt>
   <trkpt lat="51.154770170910446" lon="5.247938382424432">
    <ele>40.300000000000004</ele>
   </trkpt>
   <trkpt lat="51.15469009400112" lon="5.249354193658527">
    <ele>40.970000000000006</ele>
   </trkpt>
   <trkpt lat="51.154610000000005" lon="5.25077">
    <ele>44.660000000000004</ele>
   </trkpt>
   <trkpt lat="51.15458" lon="5.2510200000000005">
    <ele>45.52</ele>
   </trkpt>
   <trkpt lat="51.15455000000001" lon="5.251180000000001">
    <ele>45.92</ele>
   </trkpt>
   <trkpt lat="51.15442" lon="5.251600000000001">
    <ele>46.48</ele>
   </trkpt>
   <trkpt lat="51.15419000000001" lon="5.25227">
    <ele>46.50000000000001</ele>
   </trkpt>
   <trkpt lat="51.154120000000006" lon="5.252560000000001">
    <ele>46.14</ele>
   </trkpt>
   <trkpt lat="51.15410000000001" lon="5.25272">
    <ele>45.92</ele>
   </trkpt>
   <trkpt lat="51.154080012971264" lon="5.253953334268932">
    <ele>42.49000000000001</ele>
   </trkpt>
   <trkpt lat="51.154060012973424" lon="5.255186667469062">
    <ele>42.190000000000005</ele>
   </trkpt>
   <trkpt lat="51.15404" lon="5.25642">
    <ele>42.410000000000004</ele>
   </trkpt>
   <trkpt lat="51.154033341916794" lon="5.257423333556266">
    <ele>42.480000000000004</ele>
   </trkpt>
   <trkpt lat="51.15402667525057" lon="5.258426666822798">
    <ele>42.580000000000005</ele>
   </trkpt>
   <trkpt lat="51.15402" lon="5.25943">
    <ele>42.97</ele>
   </trkpt>
   <trkpt lat="51.154" lon="5.26058">
    <ele>42.580000000000005</ele>
   </trkpt>
   <trkpt lat="51.15395" lon="5.26159">
    <ele>43.72</ele>
   </trkpt>
   <trkpt lat="51.15442499986839" lon="5.261545000476532">
    <ele>42.71</ele>
   </trkpt>
   <trkpt lat="51.154900000000005" lon="5.261500000000001">
    <ele>42.440000000000005</ele>
   </trkpt>
   <trkpt lat="51.155570000000004" lon="5.26147">
    <ele>42.56</ele>
   </trkpt>
   <trkpt lat="51.15545500697369" lon="5.262750003310471">
    <ele>42.260000000000005</ele>
   </trkpt>
   <trkpt lat="51.15534" lon="5.26403">
    <ele>42.86</ele>
   </trkpt>
   <trkpt lat="51.15521501958481" lon="5.265267510061261">
    <ele>43.04</ele>
   </trkpt>
   <trkpt lat="51.155090026112724" lon="5.266505013418164">
    <ele>43.440000000000005</ele>
   </trkpt>
   <trkpt lat="51.15496501958386" lon="5.2677425100700725">
    <ele>43.60000000000001</ele>
   </trkpt>
   <trkpt lat="51.15484000000001" lon="5.26898">
    <ele>43.9</ele>
   </trkpt>
   <trkpt lat="51.15474337160819" lon="5.270320014017425">
    <ele>44.01</ele>
   </trkpt>
   <trkpt lat="51.15464672790677" lon="5.271660022421974">
    <ele>44.07000000000001</ele>
   </trkpt>
   <trkpt lat="51.15455006889588" lon="5.273000025212802">
    <ele>44.54</ele>
   </trkpt>
   <trkpt lat="51.154453394575654" lon="5.274340022389063">
    <ele>45.13</ele>
   </trkpt>
   <trkpt lat="51.15435670494618" lon="5.275680013949907">
    <ele>45.36000000000001</ele>
   </trkpt>
   <trkpt lat="51.15426" lon="5.27702">
    <ele>45.61000000000001</ele>
   </trkpt>
   <trkpt lat="51.1541025239143" lon="5.27838751402159">
    <ele>45.92</ele>
   </trkpt>
   <trkpt lat="51.153945031884135" lon="5.2797550187086">
    <ele>46.07000000000001</ele>
   </trkpt>
   <trkpt lat="51.15378752390974" lon="5.281122514060201">
    <ele>46.2</ele>
   </trkpt>
   <trkpt lat="51.15363000000001" lon="5.28249">
    <ele>46.25000000000001</ele>
   </trkpt>
   <trkpt lat="51.153620000000004" lon="5.282660000000001">
    <ele>46.25000000000001</ele>
   </trkpt>
   <trkpt lat="51.153650000000006" lon="5.28282">
    <ele>46.230000000000004</ele>
   </trkpt>
   <trkpt lat="51.154070003475255" lon="5.283734991466981">
    <ele>45.8</ele>
   </trkpt>
   <trkpt lat="51.15449" lon="5.28465">
    <ele>45.64000000000001</ele>
   </trkpt>
   <trkpt lat="51.15464000000001" lon="5.28495">
    <ele>45.82000000000001</ele>
   </trkpt>
   <trkpt lat="51.154720000000005" lon="5.28507">
    <ele>45.82000000000001</ele>
   </trkpt>
   <trkpt lat="51.154790000000006" lon="5.28511">
    <ele>45.83</ele>
   </trkpt>
   <trkpt lat="51.15484000000001" lon="5.28512">
    <ele>45.81</ele>
   </trkpt>
   <trkpt lat="51.15556000011686" lon="5.284935002894319">
    <ele>45.300000000000004</ele>
   </trkpt>
   <trkpt lat="51.15628" lon="5.284750000000001">
    <ele>45.09</ele>
   </trkpt>
   <trkpt lat="51.15672000000001" lon="5.28474">
    <ele>44.84</ele>
   </trkpt>
   <trkpt lat="51.1572" lon="5.284770000000001">
    <ele>44.65</ele>
   </trkpt>
   <trkpt lat="51.15807" lon="5.28504">
    <ele>44.06</ele>
   </trkpt>
   <trkpt lat="51.15849000000001" lon="5.285030000000001">
    <ele>44.01</ele>
   </trkpt>
   <trkpt lat="51.159203333338915" lon="5.284973335087447">
    <ele>44.04</ele>
   </trkpt>
   <trkpt lat="51.15991666665047" lon="5.284916668422544">
    <ele>44.25000000000001</ele>
   </trkpt>
   <trkpt lat="51.160630000000005" lon="5.28486">
    <ele>44.44</ele>
   </trkpt>
   <trkpt lat="51.161255000067065" lon="5.284790000943219">
    <ele>44.39000000000001</ele>
   </trkpt>
   <trkpt lat="51.161880000000004" lon="5.28472">
    <ele>45.08</ele>
   </trkpt>
   <trkpt lat="51.16219" lon="5.286060000000001">
    <ele>45.470000000000006</ele>
   </trkpt>
   <trkpt lat="51.16227000000001" lon="5.286510000000001">
    <ele>45.53</ele>
   </trkpt>
   <trkpt lat="51.162380000000006" lon="5.2873">
    <ele>45.62</ele>
   </trkpt>
   <trkpt lat="51.16225000311082" lon="5.288155002444817">
    <ele>45.65</ele>
   </trkpt>
   <trkpt lat="51.16212" lon="5.28901">
    <ele>45.86000000000001</ele>
   </trkpt>
   <trkpt lat="51.16194001515918" lon="5.2903433437193295">
    <ele>45.83</ele>
   </trkpt>
   <trkpt lat="51.16176001516172" lon="5.291676677033609">
    <ele>46.49</ele>
   </trkpt>
   <trkpt lat="51.16158" lon="5.293010000000001">
    <ele>47.370000000000005</ele>
   </trkpt>
   <trkpt lat="51.16160000000001" lon="5.29316">
    <ele>47.510000000000005</ele>
   </trkpt>
   <trkpt lat="51.16163" lon="5.29321">
    <ele>47.45</ele>
   </trkpt>
   <trkpt lat="51.16134500183097" lon="5.293855003854662">
    <ele>47.34</ele>
   </trkpt>
   <trkpt lat="51.161060000000006" lon="5.2945">
    <ele>47.23</ele>
   </trkpt>
   <trkpt lat="51.16058251056859" lon="5.295410028298651">
    <ele>47.52</ele>
   </trkpt>
   <trkpt lat="51.16010501407682" lon="5.296320037758822">
    <ele>48.42</ele>
   </trkpt>
   <trkpt lat="51.15962751052492" lon="5.29723002838095">
    <ele>49.1</ele>
   </trkpt>
   <trkpt lat="51.159150000000004" lon="5.29814">
    <ele>49.900000000000006</ele>
   </trkpt>
   <trkpt lat="51.15894" lon="5.2986">
    <ele>50.24000000000001</ele>
   </trkpt>
   <trkpt lat="51.15872" lon="5.299300000000001">
    <ele>50.440000000000005</ele>
   </trkpt>
   <trkpt lat="51.15863" lon="5.29982">
    <ele>50.59</ele>
   </trkpt>
   <trkpt lat="51.15856" lon="5.300660000000001">
    <ele>50.67000000000001</ele>
   </trkpt>
   <trkpt lat="51.15858000000001" lon="5.30126">
    <ele>50.89</ele>
   </trkpt>
   <trkpt lat="51.15867500603885" lon="5.302449997576756">
    <ele>51.63</ele>
   </trkpt>
   <trkpt lat="51.158770000000004" lon="5.303640000000001">
    <ele>52.08</ele>
   </trkpt>
   <trkpt lat="51.158950000000004" lon="5.304760000000001">
    <ele>52.160000000000004</ele>
   </trkpt>
   <trkpt lat="51.159215004116646" lon="5.305734994635924">
    <ele>52.22</ele>
   </trkpt>
   <trkpt lat="51.15948" lon="5.306710000000001">
    <ele>51.95</ele>
   </trkpt>
   <trkpt lat="51.15981379076055" lon="5.307878690814766">
    <ele>51.730000000000004</ele>
   </trkpt>
   <trkpt lat="51.16014756987622" lon="5.309047398541183">
    <ele>51.74</ele>
   </trkpt>
   <trkpt lat="51.16048133734669" lon="5.310216123179107">
    <ele>52.04</ele>
   </trkpt>
   <trkpt lat="51.16081509317165" lon="5.311384864728395">
    <ele>52.08</ele>
   </trkpt>
   <trkpt lat="51.161148837350815" lon="5.312553623188903">
    <ele>51.910000000000004</ele>
   </trkpt>
   <trkpt lat="51.16148256988386" lon="5.313722398560487">
    <ele>51.79</ele>
   </trkpt>
   <trkpt lat="51.16181629077048" lon="5.314891190843004">
    <ele>51.72</ele>
   </trkpt>
   <trkpt lat="51.162150000000004" lon="5.31606">
    <ele>52.09</ele>
   </trkpt>
   <trkpt lat="51.1623" lon="5.31676">
    <ele>52.09</ele>
   </trkpt>
   <trkpt lat="51.16239" lon="5.3174600000000005">
    <ele>52.29</ele>
   </trkpt>
   <trkpt lat="51.16246" lon="5.31836">
    <ele>52.29</ele>
   </trkpt>
   <trkpt lat="51.16247501966335" lon="5.319599998797429">
    <ele>52.34</ele>
   </trkpt>
   <trkpt lat="51.162490026217846" lon="5.3208399984020005">
    <ele>52.15</ele>
   </trkpt>
   <trkpt lat="51.162505019663534" lon="5.3220799988130105">
    <ele>52.010000000000005</ele>
   </trkpt>
   <trkpt lat="51.16252" lon="5.323320000000001">
    <ele>51.980000000000004</ele>
   </trkpt>
   <trkpt lat="51.162490000000005" lon="5.3240300000000005">
    <ele>52.02</ele>
   </trkpt>
   <trkpt lat="51.16241" lon="5.324730000000001">
    <ele>52.22</ele>
   </trkpt>
   <trkpt lat="51.16229500365153" lon="5.325655002272229">
    <ele>52.26</ele>
   </trkpt>
   <trkpt lat="51.162180000000006" lon="5.326580000000001">
    <ele>52.7</ele>
   </trkpt>
   <trkpt lat="51.16214" lon="5.327400000000001">
    <ele>52.54</ele>
   </trkpt>
   <trkpt lat="51.16209291567486" lon="5.328779468429049">
    <ele>52.18</ele>
   </trkpt>
   <trkpt lat="51.1620458151262" lon="5.330158934041568">
    <ele>52.25000000000001</ele>
   </trkpt>
   <trkpt lat="51.16199869835409" lon="5.331538396836598">
    <ele>52.620000000000005</ele>
   </trkpt>
   <trkpt lat="51.16195156535859" lon="5.332917856813178">
    <ele>53.02</ele>
   </trkpt>
   <trkpt lat="51.161904416139755" lon="5.334297313970349">
    <ele>53.24</ele>
   </trkpt>
   <trkpt lat="51.16185725069767" lon="5.33567676830715">
    <ele>53.46000000000001</ele>
   </trkpt>
   <trkpt lat="51.161810069032356" lon="5.337056219822624">
    <ele>53.84</ele>
   </trkpt>
   <trkpt lat="51.1617628711439" lon="5.338435668515808">
    <ele>54.470000000000006</ele>
   </trkpt>
   <trkpt lat="51.16171565703237" lon="5.339815114385744">
    <ele>55.28</ele>
   </trkpt>
   <trkpt lat="51.1616684266978" lon="5.341194557431472">
    <ele>55.92</ele>
   </trkpt>
   <trkpt lat="51.161621180140266" lon="5.342573997652034">
    <ele>56.56</ele>
   </trkpt>
   <trkpt lat="51.16157391735984" lon="5.343953435046468">
    <ele>57.07</ele>
   </trkpt>
   <trkpt lat="51.16152663835658" lon="5.345332869613816">
    <ele>57.160000000000004</ele>
   </trkpt>
   <trkpt lat="51.16147934313051" lon="5.346712301353116">
    <ele>57.21</ele>
   </trkpt>
   <trkpt lat="51.16143203168172" lon="5.348091730263411">
    <ele>57.20000000000001</ele>
   </trkpt>
   <trkpt lat="51.16138470401027" lon="5.349471156343739">
    <ele>57.120000000000005</ele>
   </trkpt>
   <trkpt lat="51.16133736011623" lon="5.350850579593142">
    <ele>57.150000000000006</ele>
   </trkpt>
   <trkpt lat="51.16129" lon="5.3522300000000005">
    <ele>56.96</ele>
   </trkpt>
   <trkpt lat="51.161315002561096" lon="5.353004999603128">
    <ele>57.080000000000005</ele>
   </trkpt>
   <trkpt lat="51.16134" lon="5.35378">
    <ele>57.14</ele>
   </trkpt>
   <trkpt lat="51.16146000793798" lon="5.355144996397308">
    <ele>57.14</ele>
   </trkpt>
   <trkpt lat="51.16158" lon="5.35651">
    <ele>57.35</ele>
   </trkpt>
   <trkpt lat="51.16160000000001" lon="5.357030000000001">
    <ele>57.71</ele>
   </trkpt>
   <trkpt lat="51.161640000000006" lon="5.35791">
    <ele>58.17</ele>
   </trkpt>
   <trkpt lat="51.16167000655898" lon="5.359149999380648">
    <ele>58.190000000000005</ele>
   </trkpt>
   <trkpt lat="51.1617" lon="5.360390000000001">
    <ele>58.35</ele>
   </trkpt>
   <trkpt lat="51.161730000000006" lon="5.361140000000001">
    <ele>58.410000000000004</ele>
   </trkpt>
   <trkpt lat="51.16171500322453" lon="5.36201000039699">
    <ele>58.59</ele>
   </trkpt>
   <trkpt lat="51.1617" lon="5.3628800000000005">
    <ele>58.60000000000001</ele>
   </trkpt>
   <trkpt lat="51.161620000000006" lon="5.36383">
    <ele>58.980000000000004</ele>
   </trkpt>
   <trkpt lat="51.161550000000005" lon="5.36427">
    <ele>59.510000000000005</ele>
   </trkpt>
   <trkpt lat="51.16151000000001" lon="5.364820000000001">
    <ele>59.39</ele>
   </trkpt>
   <trkpt lat="51.16138" lon="5.3653">
    <ele>59.32</ele>
   </trkpt>
   <trkpt lat="51.160910040847774" lon="5.366470083443215">
    <ele>59.300000000000004</ele>
   </trkpt>
   <trkpt lat="51.1604400700234" lon="5.3676401430461445">
    <ele>59.260000000000005</ele>
   </trkpt>
   <trkpt lat="51.15997008752729" lon="5.368810178809085">
    <ele>59.35000000000001</ele>
   </trkpt>
   <trkpt lat="51.15950009335993" lon="5.369980190732329">
    <ele>59.38</ele>
   </trkpt>
   <trkpt lat="51.15903008752168" lon="5.371150178816171">
    <ele>59.57</ele>
   </trkpt>
   <trkpt lat="51.158560070013046" lon="5.372320143060906">
    <ele>59.74</ele>
   </trkpt>
   <trkpt lat="51.15809004083441" lon="5.373490083466827">
    <ele>59.72</ele>
   </trkpt>
   <trkpt lat="51.15762" lon="5.37466">
    <ele>60.04</ele>
   </trkpt>
   <trkpt lat="51.15738" lon="5.3753400000000005">
    <ele>60.0</ele>
   </trkpt>
   <trkpt lat="51.157160000000005" lon="5.37622">
    <ele>60.28000000000001</ele>
   </trkpt>
   <trkpt lat="51.15692000000001" lon="5.3774500000000005">
    <ele>60.09</ele>
   </trkpt>
   <trkpt lat="51.15677" lon="5.378030000000001">
    <ele>60.10000000000001</ele>
   </trkpt>
   <trkpt lat="51.156620000000004" lon="5.3784600000000005">
    <ele>60.2</ele>
   </trkpt>
   <trkpt lat="51.156240000000004" lon="5.37926">
    <ele>60.34</ele>
   </trkpt>
   <trkpt lat="51.15614000000001" lon="5.3794200000000005">
    <ele>60.29</ele>
   </trkpt>
   <trkpt lat="51.155730000000005" lon="5.379910000000001">
    <ele>60.620000000000005</ele>
   </trkpt>
   <trkpt lat="51.155570000000004" lon="5.380140000000001">
    <ele>60.56</ele>
   </trkpt>
   <trkpt lat="51.155590000000004" lon="5.38025">
    <ele>60.56</ele>
   </trkpt>
   <trkpt lat="51.155530000000006" lon="5.38044">
    <ele>60.57000000000001</ele>
   </trkpt>
   <trkpt lat="51.155820000000006" lon="5.38126">
    <ele>60.660000000000004</ele>
   </trkpt>
   <trkpt lat="51.15597" lon="5.38196">
    <ele>60.75000000000001</ele>
   </trkpt>
   <trkpt lat="51.156000000000006" lon="5.3825">
    <ele>60.64000000000001</ele>
   </trkpt>
   <trkpt lat="51.155890005109185" lon="5.383595002632647">
    <ele>60.61</ele>
   </trkpt>
   <trkpt lat="51.15578000000001" lon="5.384690000000001">
    <ele>60.58</ele>
   </trkpt>
   <trkpt lat="51.155750000000005" lon="5.38529">
    <ele>60.58</ele>
   </trkpt>
   <trkpt lat="51.15576" lon="5.38571">
    <ele>60.61</ele>
   </trkpt>
   <trkpt lat="51.15581" lon="5.38623">
    <ele>60.53000000000001</ele>
   </trkpt>
   <trkpt lat="51.15598667577736" lon="5.387263325460487">
    <ele>60.4</ele>
   </trkpt>
   <trkpt lat="51.156163342450995" lon="5.388296658834348">
    <ele>60.43000000000001</ele>
   </trkpt>
   <trkpt lat="51.15634000000001" lon="5.38933">
    <ele>60.42</ele>
   </trkpt>
   <trkpt lat="51.15641" lon="5.3897900000000005">
    <ele>60.42</ele>
   </trkpt>
   <trkpt lat="51.15639" lon="5.390160000000001">
    <ele>60.34</ele>
   </trkpt>
   <trkpt lat="51.156330000000004" lon="5.39057">
    <ele>60.32000000000001</ele>
   </trkpt>
   <trkpt lat="51.15604000424197" lon="5.391565006180016">
    <ele>60.54</ele>
   </trkpt>
   <trkpt lat="51.155750000000005" lon="5.3925600000000005">
    <ele>60.79</ele>
   </trkpt>
   <trkpt lat="51.155460000000005" lon="5.393470000000001">
    <ele>60.690000000000005</ele>
   </trkpt>
   <trkpt lat="51.15527" lon="5.393980000000001">
    <ele>60.68000000000001</ele>
   </trkpt>
   <trkpt lat="51.15482" lon="5.394920000000001">
    <ele>60.7</ele>
   </trkpt>
   <trkpt lat="51.154650000000004" lon="5.395370000000001">
    <ele>60.71000000000001</ele>
   </trkpt>
   <trkpt lat="51.15457000000001" lon="5.395700000000001">
    <ele>60.870000000000005</ele>
   </trkpt>
   <trkpt lat="51.154500000000006" lon="5.395910000000001">
    <ele>61.15</ele>
   </trkpt>
   <trkpt lat="51.15447" lon="5.396380000000001">
    <ele>61.15</ele>
   </trkpt>
   <trkpt lat="51.15447" lon="5.39637">
    <ele>61.15</ele>
   </trkpt>
   <trkpt lat="51.15451" lon="5.39674">
    <ele>61.25000000000001</ele>
   </trkpt>
   <trkpt lat="51.154590000000006" lon="5.397060000000001">
    <ele>61.08</ele>
   </trkpt>
   <trkpt lat="51.15478" lon="5.3975100000000005">
    <ele>60.79</ele>
   </trkpt>
   <trkpt lat="51.15507500354601" lon="5.398429993924076">
    <ele>60.61</ele>
   </trkpt>
   <trkpt lat="51.155370000000005" lon="5.39935">
    <ele>60.230000000000004</ele>
   </trkpt>
   <trkpt lat="51.15568000631174" lon="5.400564991909745">
    <ele>59.96000000000001</ele>
   </trkpt>
   <trkpt lat="51.15599" lon="5.4017800000000005">
    <ele>59.800000000000004</ele>
   </trkpt>
   <trkpt lat="51.156180000000006" lon="5.40226">
    <ele>59.72</ele>
   </trkpt>
   <trkpt lat="51.156330000000004" lon="5.402500000000001">
    <ele>59.660000000000004</ele>
   </trkpt>
   <trkpt lat="51.15661000000001" lon="5.402830000000001">
    <ele>59.64000000000001</ele>
   </trkpt>
   <trkpt lat="51.15708000000001" lon="5.403250000000001">
    <ele>59.35000000000001</ele>
   </trkpt>
   <trkpt lat="51.15773000471174" lon="5.403993312389215">
    <ele>59.09</ele>
   </trkpt>
   <trkpt lat="51.1583800047127" lon="5.404736645723247">
    <ele>58.940000000000005</ele>
   </trkpt>
   <trkpt lat="51.15903" lon="5.405480000000001">
    <ele>58.980000000000004</ele>
   </trkpt>
   <trkpt lat="51.15908" lon="5.4055100000000005">
    <ele>58.980000000000004</ele>
   </trkpt>
   <trkpt lat="51.15925000000001" lon="5.40582">
    <ele>59.0</ele>
   </trkpt>
   <trkpt lat="51.159380000000006" lon="5.40622">
    <ele>58.96</ele>
   </trkpt>
   <trkpt lat="51.15957" lon="5.40742">
    <ele>59.86</ele>
   </trkpt>
   <trkpt lat="51.15966" lon="5.40768">
    <ele>60.53000000000001</ele>
   </trkpt>
   <trkpt lat="51.16012000888733" lon="5.408699979696895">
    <ele>62.14000000000001</ele>
   </trkpt>
   <trkpt lat="51.160580008904724" lon="5.409719979735111">
    <ele>61.21000000000001</ele>
   </trkpt>
   <trkpt lat="51.16104000000001" lon="5.4107400000000005">
    <ele>59.68</ele>
   </trkpt>
   <trkpt lat="51.161350000000006" lon="5.41131">
    <ele>59.120000000000005</ele>
   </trkpt>
   <trkpt lat="51.16163" lon="5.411720000000001">
    <ele>59.18</ele>
   </trkpt>
   <trkpt lat="51.16205" lon="5.412260000000001">
    <ele>58.61</ele>
   </trkpt>
   <trkpt lat="51.16226" lon="5.412590000000001">
    <ele>58.46</ele>
   </trkpt>
   <trkpt lat="51.16241" lon="5.412870000000001">
    <ele>58.46</ele>
   </trkpt>
   <trkpt lat="51.162660001964376" lon="5.4135349966067965">
    <ele>58.04</ele>
   </trkpt>
   <trkpt lat="51.162910000000004" lon="5.4142">
    <ele>57.78</ele>
   </trkpt>
   <trkpt lat="51.16332000313955" lon="5.415039992803714">
    <ele>57.89</ele>
   </trkpt>
   <trkpt lat="51.16373" lon="5.4158800000000005">
    <ele>58.24000000000001</ele>
   </trkpt>
   <trkpt lat="51.16405" lon="5.4164200000000005">
    <ele>57.96</ele>
   </trkpt>
   <trkpt lat="51.164505001644365" lon="5.417034993976799">
    <ele>57.56</ele>
   </trkpt>
   <trkpt lat="51.16496" lon="5.41765">
    <ele>57.02</ele>
   </trkpt>
   <trkpt lat="51.165130000000005" lon="5.41795">
    <ele>56.81</ele>
   </trkpt>
   <trkpt lat="51.165240000000004" lon="5.41828">
    <ele>56.75</ele>
   </trkpt>
   <trkpt lat="51.16552" lon="5.41936">
    <ele>56.300000000000004</ele>
   </trkpt>
   <trkpt lat="51.16564" lon="5.419700000000001">
    <ele>56.290000000000006</ele>
   </trkpt>
   <trkpt lat="51.16592000000001" lon="5.420120000000001">
    <ele>56.190000000000005</ele>
   </trkpt>
   <trkpt lat="51.16649" lon="5.42084">
    <ele>55.900000000000006</ele>
   </trkpt>
   <trkpt lat="51.16659000000001" lon="5.42102">
    <ele>55.900000000000006</ele>
   </trkpt>
   <trkpt lat="51.16667" lon="5.421250000000001">
    <ele>55.870000000000005</ele>
   </trkpt>
   <trkpt lat="51.16690500577524" lon="5.422414994013963">
    <ele>55.510000000000005</ele>
   </trkpt>
   <trkpt lat="51.16714" lon="5.42358">
    <ele>55.38</ele>
   </trkpt>
   <trkpt lat="51.16725" lon="5.42389">
    <ele>55.28</ele>
   </trkpt>
   <trkpt lat="51.16778628902991" lon="5.425033656903541">
    <ele>54.790000000000006</ele>
   </trkpt>
   <trkpt lat="51.16832256690907" lon="5.426177340404252">
    <ele>54.2</ele>
   </trkpt>
   <trkpt lat="51.16885883363696" lon="5.427321050502709">
    <ele>53.43000000000001</ele>
   </trkpt>
   <trkpt lat="51.16939508921315" lon="5.428464787199483">
    <ele>52.440000000000005</ele>
   </trkpt>
   <trkpt lat="51.16993133363713" lon="5.429608550495153">
    <ele>51.99</ele>
   </trkpt>
   <trkpt lat="51.170467566908464" lon="5.430752340390292">
    <ele>51.22</ele>
   </trkpt>
   <trkpt lat="51.17100378902665" lon="5.4318961568854744">
    <ele>50.010000000000005</ele>
   </trkpt>
   <trkpt lat="51.17154000000001" lon="5.43304">
    <ele>49.940000000000005</ele>
   </trkpt>
   <trkpt lat="51.17194500354749" lon="5.433949992047618">
    <ele>49.75</ele>
   </trkpt>
   <trkpt lat="51.17235" lon="5.4348600000000005">
    <ele>49.800000000000004</ele>
   </trkpt>
   <trkpt lat="51.172430000000006" lon="5.435090000000001">
    <ele>49.940000000000005</ele>
   </trkpt>
   <trkpt lat="51.17250000000001" lon="5.43545">
    <ele>49.940000000000005</ele>
   </trkpt>
   <trkpt lat="51.17251" lon="5.43581">
    <ele>50.14</ele>
   </trkpt>
   <trkpt lat="51.17236751720689" lon="5.436970010752273">
    <ele>49.88</ele>
   </trkpt>
   <trkpt lat="51.172225022942555" lon="5.438130014335659">
    <ele>49.46</ele>
   </trkpt>
   <trkpt lat="51.172082517207144" lon="5.439290010749658">
    <ele>49.11</ele>
   </trkpt>
   <trkpt lat="51.171940000000006" lon="5.44045">
    <ele>49.67</ele>
   </trkpt>
   <trkpt lat="51.171890000000005" lon="5.440950000000001">
    <ele>50.330000000000005</ele>
   </trkpt>
   <trkpt lat="51.171910000000004" lon="5.441520000000001">
    <ele>50.61</ele>
   </trkpt>
   <trkpt lat="51.172000000000004" lon="5.442920000000001">
    <ele>51.730000000000004</ele>
   </trkpt>
   <trkpt lat="51.17199" lon="5.443600000000001">
    <ele>52.06</ele>
   </trkpt>
   <trkpt lat="51.17179" lon="5.44451">
    <ele>52.45</ele>
   </trkpt>
   <trkpt lat="51.17156667445969" lon="5.445466675972027">
    <ele>52.49</ele>
   </trkpt>
   <trkpt lat="51.17134334111723" lon="5.446423342677726">
    <ele>52.79</ele>
   </trkpt>
   <trkpt lat="51.17112" lon="5.447380000000001">
    <ele>52.65</ele>
   </trkpt>
   <trkpt lat="51.17107000000001" lon="5.4476700000000005">
    <ele>52.65</ele>
   </trkpt>
   <trkpt lat="51.171020000000006" lon="5.44826">
    <ele>52.480000000000004</ele>
   </trkpt>
   <trkpt lat="51.17101" lon="5.44892">
    <ele>51.97</ele>
   </trkpt>
   <trkpt lat="51.171040000000005" lon="5.4496400000000005">
    <ele>52.13</ele>
   </trkpt>
   <trkpt lat="51.17099" lon="5.45021">
    <ele>51.92</ele>
   </trkpt>
   <trkpt lat="51.170950000000005" lon="5.450270000000001">
    <ele>51.97</ele>
   </trkpt>
   <trkpt lat="51.170910000000006" lon="5.45049">
    <ele>51.940000000000005</ele>
   </trkpt>
   <trkpt lat="51.170930000000006" lon="5.45056">
    <ele>51.940000000000005</ele>
   </trkpt>
   <trkpt lat="51.17092" lon="5.450550000000001">
    <ele>51.940000000000005</ele>
   </trkpt>
   <trkpt lat="51.17099" lon="5.450670000000001">
    <ele>51.88</ele>
   </trkpt>
   <trkpt lat="51.17103" lon="5.4507">
    <ele>51.88</ele>
   </trkpt>
   <trkpt lat="51.17112" lon="5.4507">
    <ele>51.60000000000001</ele>
   </trkpt>
   <trkpt lat="51.17116000000001" lon="5.45068">
    <ele>51.60000000000001</ele>
   </trkpt>
   <trkpt lat="51.171200000000006" lon="5.450620000000001">
    <ele>51.60000000000001</ele>
   </trkpt>
   <trkpt lat="51.171240000000004" lon="5.4504600000000005">
    <ele>51.510000000000005</ele>
   </trkpt>
   <trkpt lat="51.17134" lon="5.450430000000001">
    <ele>51.9</ele>
   </trkpt>
   <trkpt lat="51.171820000096275" lon="5.450335000977426">
    <ele>51.9</ele>
   </trkpt>
   <trkpt lat="51.17230000000001" lon="5.450240000000001">
    <ele>51.81</ele>
   </trkpt>
   <trkpt lat="51.17277000000001" lon="5.450270000000001">
    <ele>52.17</ele>
   </trkpt>
   <trkpt lat="51.17287" lon="5.45028">
    <ele>52.17</ele>
   </trkpt>
   <trkpt lat="51.17329" lon="5.45042">
    <ele>52.0</ele>
   </trkpt>
   <trkpt lat="51.173840000000006" lon="5.45075">
    <ele>52.160000000000004</ele>
   </trkpt>
   <trkpt lat="51.17398000000001" lon="5.4508">
    <ele>52.21000000000001</ele>
   </trkpt>
   <trkpt lat="51.174750001737756" lon="5.451253318183871">
    <ele>52.50000000000001</ele>
   </trkpt>
   <trkpt lat="51.175520001723655" lon="5.451706651508577">
    <ele>52.56</ele>
   </trkpt>
   <trkpt lat="51.17629" lon="5.45216">
    <ele>52.77</ele>
   </trkpt>
   <trkpt lat="51.17644000000001" lon="5.451790000000001">
    <ele>52.7</ele>
   </trkpt>
   <trkpt lat="51.17671334176748" lon="5.450796678361451">
    <ele>51.84</ele>
   </trkpt>
   <trkpt lat="51.17698667512377" lon="5.449803344944929">
    <ele>51.63</ele>
   </trkpt>
   <trkpt lat="51.177260000000004" lon="5.448810000000001">
    <ele>51.050000000000004</ele>
   </trkpt>
   <trkpt lat="51.177600000000005" lon="5.447850000000001">
    <ele>50.71</ele>
   </trkpt>
   <trkpt lat="51.17799" lon="5.4469">
    <ele>50.53</ele>
   </trkpt>
   <trkpt lat="51.178415009736106" lon="5.446027524125149">
    <ele>50.160000000000004</ele>
   </trkpt>
   <trkpt lat="51.17884001298317" lon="5.445155032163926">
    <ele>50.120000000000005</ele>
   </trkpt>
   <trkpt lat="51.17926500974093" lon="5.4442825241160335">
    <ele>49.67</ele>
   </trkpt>
   <trkpt lat="51.17969" lon="5.44341">
    <ele>49.43</ele>
   </trkpt>
   <trkpt lat="51.17996" lon="5.44277">
    <ele>49.38000000000001</ele>
   </trkpt>
   <trkpt lat="51.18032" lon="5.44165">
    <ele>48.050000000000004</ele>
   </trkpt>
   <trkpt lat="51.1805" lon="5.440840000000001">
    <ele>47.88</ele>
   </trkpt>
   <trkpt lat="51.1806550038013" lon="5.439900002946843">
    <ele>47.260000000000005</ele>
   </trkpt>
   <trkpt lat="51.18081" lon="5.438960000000001">
    <ele>47.41</ele>
   </trkpt>
   <trkpt lat="51.180960000000006" lon="5.43838">
    <ele>47.27</ele>
   </trkpt>
   <trkpt lat="51.18121000000001" lon="5.43763">
    <ele>46.88</ele>
   </trkpt>
   <trkpt lat="51.18149500191801" lon="5.436975003843983">
    <ele>46.6</ele>
   </trkpt>
   <trkpt lat="51.18178" lon="5.43632">
    <ele>46.75000000000001</ele>
   </trkpt>
   <trkpt lat="51.18211500163127" lon="5.435710004350552">
    <ele>46.86000000000001</ele>
   </trkpt>
   <trkpt lat="51.18245" lon="5.4351">
    <ele>46.910000000000004</ele>
   </trkpt>
   <trkpt lat="51.182990006351496" lon="5.434236686897579">
    <ele>47.120000000000005</ele>
   </trkpt>
   <trkpt lat="51.18353000634969" lon="5.433373353567486">
    <ele>47.1</ele>
   </trkpt>
   <trkpt lat="51.184070000000006" lon="5.432510000000001">
    <ele>47.190000000000005</ele>
   </trkpt>
   <trkpt lat="51.184560000000005" lon="5.431900000000001">
    <ele>47.18000000000001</ele>
   </trkpt>
   <trkpt lat="51.18473" lon="5.43172">
    <ele>47.18000000000001</ele>
   </trkpt>
   <trkpt lat="51.184960000000004" lon="5.43151">
    <ele>47.5</ele>
   </trkpt>
   <trkpt lat="51.185370000000006" lon="5.4312000000000005">
    <ele>47.92</ele>
   </trkpt>
   <trkpt lat="51.18533000000001" lon="5.431">
    <ele>48.1</ele>
   </trkpt>
   <trkpt lat="51.18536670407864" lon="5.429675005287881">
    <ele>49.14</ele>
   </trkpt>
   <trkpt lat="51.18540339319236" lon="5.428350008465903">
    <ele>49.980000000000004</ele>
   </trkpt>
   <trkpt lat="51.18544006734113" lon="5.427025009534922">
    <ele>50.14</ele>
   </trkpt>
   <trkpt lat="51.185476726524925" lon="5.42570000849579">
    <ele>50.61</ele>
   </trkpt>
   <trkpt lat="51.18551337074367" lon="5.424375005349363">
    <ele>49.77</ele>
   </trkpt>
   <trkpt lat="51.185550000000006" lon="5.423050000000001">
    <ele>50.46</ele>
   </trkpt>
   <trkpt lat="51.18563" lon="5.422750000000001">
    <ele>50.39</ele>
   </trkpt>
   <trkpt lat="51.186080000000004" lon="5.42163">
    <ele>49.96</ele>
   </trkpt>
   <trkpt lat="51.18650500950558" lon="5.420767523871997">
    <ele>49.81000000000001</ele>
   </trkpt>
   <trkpt lat="51.18693001267037" lon="5.419905031837398">
    <ele>49.92</ele>
   </trkpt>
   <trkpt lat="51.187355009494155" lon="5.419042523895909">
    <ele>49.870000000000005</ele>
   </trkpt>
   <trkpt lat="51.187780000000004" lon="5.41818">
    <ele>50.29</ele>
   </trkpt>
   <trkpt lat="51.1884850027578" lon="5.417370012435155">
    <ele>49.870000000000005</ele>
   </trkpt>
   <trkpt lat="51.18919" lon="5.4165600000000005">
    <ele>49.730000000000004</ele>
   </trkpt>
   <trkpt lat="51.18936" lon="5.416320000000001">
    <ele>49.63000000000001</ele>
   </trkpt>
   <trkpt lat="51.189460000000004" lon="5.41612">
    <ele>49.6</ele>
   </trkpt>
   <trkpt lat="51.18956000000001" lon="5.41584">
    <ele>49.63000000000001</ele>
   </trkpt>
   <trkpt lat="51.18979000275584" lon="5.415030004184824">
    <ele>49.830000000000005</ele>
   </trkpt>
   <trkpt lat="51.190020000000004" lon="5.41422">
    <ele>50.0</ele>
   </trkpt>
   <trkpt lat="51.1901" lon="5.414040000000001">
    <ele>49.980000000000004</ele>
   </trkpt>
   <trkpt lat="51.19039500127207" lon="5.41348000370719">
    <ele>50.0</ele>
   </trkpt>
   <trkpt lat="51.190690000000004" lon="5.412920000000001">
    <ele>50.11</ele>
   </trkpt>
   <trkpt lat="51.19102000289445" lon="5.41209000604824">
    <ele>50.28</ele>
   </trkpt>
   <trkpt lat="51.19135000000001" lon="5.41126">
    <ele>50.14</ele>
   </trkpt>
   <trkpt lat="51.191520000000004" lon="5.41087">
    <ele>50.080000000000005</ele>
   </trkpt>
   <trkpt lat="51.19165" lon="5.41066">
    <ele>50.080000000000005</ele>
   </trkpt>
   <trkpt lat="51.19211500062625" lon="5.410275003889617">
    <ele>49.910000000000004</ele>
   </trkpt>
   <trkpt lat="51.19258000000001" lon="5.409890000000001">
    <ele>49.730000000000004</ele>
   </trkpt>
   <trkpt lat="51.192730000000005" lon="5.409730000000001">
    <ele>49.68</ele>
   </trkpt>
   <trkpt lat="51.192890000000006" lon="5.4095200000000006">
    <ele>49.690000000000005</ele>
   </trkpt>
   <trkpt lat="51.19335500163814" lon="5.408895006343024">
    <ele>49.39</ele>
   </trkpt>
   <trkpt lat="51.19382" lon="5.408270000000001">
    <ele>49.370000000000005</ele>
   </trkpt>
   <trkpt lat="51.193960000000004" lon="5.40805">
    <ele>49.11</ele>
   </trkpt>
   <trkpt lat="51.19404" lon="5.407900000000001">
    <ele>49.11</ele>
   </trkpt>
   <trkpt lat="51.19409" lon="5.40772">
    <ele>49.11</ele>
   </trkpt>
   <trkpt lat="51.19413" lon="5.40735">
    <ele>49.11</ele>
   </trkpt>
   <trkpt lat="51.194590008912066" lon="5.406326687130194">
    <ele>48.900000000000006</ele>
   </trkpt>
   <trkpt lat="51.19505000889849" lon="5.405303353827441">
    <ele>48.6</ele>
   </trkpt>
   <trkpt lat="51.195510000000006" lon="5.404280000000001">
    <ele>48.03</ele>
   </trkpt>
   <trkpt lat="51.19572" lon="5.403980000000001">
    <ele>48.24</ele>
   </trkpt>
   <trkpt lat="51.195730000000005" lon="5.40387">
    <ele>48.21</ele>
   </trkpt>
   <trkpt lat="51.195730000000005" lon="5.40352">
    <ele>48.2</ele>
   </trkpt>
   <trkpt lat="51.196220000000004" lon="5.40348">
    <ele>48.27</ele>
   </trkpt>
   <trkpt lat="51.196310000000004" lon="5.4035">
    <ele>48.27</ele>
   </trkpt>
   <trkpt lat="51.19697000000001" lon="5.403460000000001">
    <ele>48.440000000000005</ele>
   </trkpt>
   <trkpt lat="51.19673" lon="5.4024">
    <ele>47.39</ele>
   </trkpt>
   <trkpt lat="51.19642501810007" lon="5.401209976348038">
    <ele>46.39</ele>
   </trkpt>
   <trkpt lat="51.196120024129975" lon="5.400019968451137">
    <ele>46.75000000000001</ele>
   </trkpt>
   <trkpt lat="51.195815018089974" lon="5.398829976309538">
    <ele>47.690000000000005</ele>
   </trkpt>
   <trkpt lat="51.195510000000006" lon="5.397640000000001">
    <ele>48.13</ele>
   </trkpt>
   <trkpt lat="51.195220000000006" lon="5.396420000000001">
    <ele>48.77</ele>
   </trkpt>
   <trkpt lat="51.19581000827822" lon="5.3954333586352385">
    <ele>48.220000000000006</ele>
   </trkpt>
   <trkpt lat="51.196400008259076" lon="5.39444669200107">
    <ele>47.77</ele>
   </trkpt>
   <trkpt lat="51.19699000000001" lon="5.39346">
    <ele>47.36000000000001</ele>
   </trkpt>
   <trkpt lat="51.197050000000004" lon="5.39344">
    <ele>47.370000000000005</ele>
   </trkpt>
   <trkpt lat="51.197140000000005" lon="5.39346">
    <ele>47.13</ele>
   </trkpt>
   <trkpt lat="51.19783250056022" lon="5.393664990762486">
    <ele>46.910000000000004</ele>
   </trkpt>
   <trkpt lat="51.19852500076226" lon="5.393869987687618">
    <ele>46.98</ele>
   </trkpt>
   <trkpt lat="51.199217500606125" lon="5.394074990775734">
    <ele>46.8</ele>
   </trkpt>
   <trkpt lat="51.19991" lon="5.39428">
    <ele>46.71</ele>
   </trkpt>
   <trkpt lat="51.20008000000001" lon="5.394340000000001">
    <ele>46.71</ele>
   </trkpt>
   <trkpt lat="51.200410000000005" lon="5.39442">
    <ele>46.040000000000006</ele>
   </trkpt>
   <trkpt lat="51.20118250066194" lon="5.394652488294238">
    <ele>45.36000000000001</ele>
   </trkpt>
   <trkpt lat="51.2019550008632" lon="5.3948849843861595">
    <ele>44.79</ele>
   </trkpt>
   <trkpt lat="51.202727500603736" lon="5.3951174882762345">
    <ele>44.6</ele>
   </trkpt>
   <trkpt lat="51.203500000000005" lon="5.3953500000000005">
    <ele>43.77</ele>
   </trkpt>
   <trkpt lat="51.204270000165614" lon="5.395569996310571">
    <ele>43.65</ele>
   </trkpt>
   <trkpt lat="51.205040000000004" lon="5.395790000000001">
    <ele>43.60000000000001</ele>
   </trkpt>
   <trkpt lat="51.20515" lon="5.3958">
    <ele>43.78000000000001</ele>
   </trkpt>
   <trkpt lat="51.205120003115425" lon="5.394944999450053">
    <ele>43.78000000000001</ele>
   </trkpt>
   <trkpt lat="51.205090000000006" lon="5.39409">
    <ele>44.24</ele>
   </trkpt>
   <trkpt lat="51.205980000000004" lon="5.3939200000000005">
    <ele>43.120000000000005</ele>
   </trkpt>
   <trkpt lat="51.206250000000004" lon="5.3939">
    <ele>43.03000000000001</ele>
   </trkpt>
   <trkpt lat="51.20638" lon="5.39393">
    <ele>42.92000000000001</ele>
   </trkpt>
   <trkpt lat="51.20708500048792" lon="5.394249995124951">
    <ele>42.64</ele>
   </trkpt>
   <trkpt lat="51.20779" lon="5.394570000000001">
    <ele>42.760000000000005</ele>
   </trkpt>
   <trkpt lat="51.2084400004437" lon="5.394924994938509">
    <ele>42.85000000000001</ele>
   </trkpt>
   <trkpt lat="51.20909" lon="5.3952800000000005">
    <ele>43.410000000000004</ele>
   </trkpt>
   <trkpt lat="51.209746667552636" lon="5.395619990252084">
    <ele>42.68</ele>
   </trkpt>
   <trkpt lat="51.210403334120095" lon="5.395959990200542">
    <ele>42.440000000000005</ele>
   </trkpt>
   <trkpt lat="51.21106" lon="5.3963">
    <ele>44.11</ele>
   </trkpt>
   <trkpt lat="51.210930000000005" lon="5.396920000000001">
    <ele>43.980000000000004</ele>
   </trkpt>
   <trkpt lat="51.211516672587486" lon="5.397753312103064">
    <ele>42.81</ele>
   </trkpt>
   <trkpt lat="51.21210333925684" lon="5.398586645439833">
    <ele>42.38</ele>
   </trkpt>
   <trkpt lat="51.21269" lon="5.39942">
    <ele>42.74</ele>
   </trkpt>
   <trkpt lat="51.212700000000005" lon="5.399570000000001">
    <ele>42.760000000000005</ele>
   </trkpt>
   <trkpt lat="51.21267" lon="5.399660000000001">
    <ele>42.760000000000005</ele>
   </trkpt>
   <trkpt lat="51.21244" lon="5.4000900000000005">
    <ele>42.830000000000005</ele>
   </trkpt>
   <trkpt lat="51.212410000000006" lon="5.400180000000001">
    <ele>42.86</ele>
   </trkpt>
   <trkpt lat="51.21242" lon="5.40029">
    <ele>42.86</ele>
   </trkpt>
   <trkpt lat="51.212450000000004" lon="5.40035">
    <ele>42.82</ele>
   </trkpt>
   <trkpt lat="51.21311667304824" lon="5.401213308372138">
    <ele>42.42000000000001</ele>
   </trkpt>
   <trkpt lat="51.21378333974467" lon="5.402076641743518">
    <ele>42.18</ele>
   </trkpt>
   <trkpt lat="51.21445000000001" lon="5.40294">
    <ele>41.940000000000005</ele>
   </trkpt>
   <trkpt lat="51.21468" lon="5.40319">
    <ele>41.99000000000001</ele>
   </trkpt>
   <trkpt lat="51.21528000000001" lon="5.403600000000001">
    <ele>41.57</ele>
   </trkpt>
   <trkpt lat="51.21572500032459" lon="5.403749998627305">
    <ele>41.56</ele>
   </trkpt>
   <trkpt lat="51.216170000000005" lon="5.4039">
    <ele>41.92</ele>
   </trkpt>
   <trkpt lat="51.216260000000005" lon="5.40397">
    <ele>41.980000000000004</ele>
   </trkpt>
   <trkpt lat="51.216280000000005" lon="5.40401">
    <ele>41.980000000000004</ele>
   </trkpt>
   <trkpt lat="51.21631000000001" lon="5.4041500000000005">
    <ele>41.88</ele>
   </trkpt>
   <trkpt lat="51.216240000000006" lon="5.404660000000001">
    <ele>41.370000000000005</ele>
   </trkpt>
   <trkpt lat="51.21626000534666" lon="5.405779999606487">
    <ele>41.120000000000005</ele>
   </trkpt>
   <trkpt lat="51.216280000000005" lon="5.4069">
    <ele>41.52</ele>
   </trkpt>
   <trkpt lat="51.216240000000006" lon="5.40713">
    <ele>41.52</ele>
   </trkpt>
   <trkpt lat="51.21605" lon="5.40775">
    <ele>41.59</ele>
   </trkpt>
   <trkpt lat="51.216210000000004" lon="5.40908">
    <ele>41.39</ele>
   </trkpt>
   <trkpt lat="51.21629" lon="5.40936">
    <ele>41.52</ele>
   </trkpt>
   <trkpt lat="51.21658000000001" lon="5.4098500000000005">
    <ele>42.07</ele>
   </trkpt>
   <trkpt lat="51.21667000000001" lon="5.40972">
    <ele>42.010000000000005</ele>
   </trkpt>
   <trkpt lat="51.21689000000001" lon="5.40913">
    <ele>41.72</ele>
   </trkpt>
   <trkpt lat="51.217310000000005" lon="5.40822">
    <ele>41.480000000000004</ele>
   </trkpt>
   <trkpt lat="51.21737" lon="5.408060000000001">
    <ele>41.480000000000004</ele>
   </trkpt>
   <trkpt lat="51.217560000000006" lon="5.407520000000001">
    <ele>41.43</ele>
   </trkpt>
   <trkpt lat="51.21772500192458" lon="5.406840002625463">
    <ele>41.57</ele>
   </trkpt>
   <trkpt lat="51.217890000000004" lon="5.406160000000001">
    <ele>41.92</ele>
   </trkpt>
   <trkpt lat="51.217940000000006" lon="5.406070000000001">
    <ele>41.92</ele>
   </trkpt>
   <trkpt lat="51.21801000000001" lon="5.40599">
    <ele>41.92</ele>
   </trkpt>
   <trkpt lat="51.218120000000006" lon="5.405950000000001">
    <ele>42.080000000000005</ele>
   </trkpt>
   <trkpt lat="51.218250000000005" lon="5.406000000000001">
    <ele>42.080000000000005</ele>
   </trkpt>
   <trkpt lat="51.21878500195395" lon="5.406674992171461">
    <ele>42.02</ele>
   </trkpt>
   <trkpt lat="51.21932" lon="5.40735">
    <ele>41.900000000000006</ele>
   </trkpt>
   <trkpt lat="51.219570000000004" lon="5.40758">
    <ele>41.900000000000006</ele>
   </trkpt>
   <trkpt lat="51.220150000000004" lon="5.40796">
    <ele>41.910000000000004</ele>
   </trkpt>
   <trkpt lat="51.220290000000006" lon="5.408010000000001">
    <ele>41.910000000000004</ele>
   </trkpt>
   <trkpt lat="51.220850000000006" lon="5.408130000000001">
    <ele>41.92</ele>
   </trkpt>
   <trkpt lat="51.220960000000005" lon="5.408180000000001">
    <ele>41.92</ele>
   </trkpt>
   <trkpt lat="51.221090000000004" lon="5.408270000000001">
    <ele>42.14</ele>
   </trkpt>
   <trkpt lat="51.2212" lon="5.40838">
    <ele>42.14</ele>
   </trkpt>
   <trkpt lat="51.22156500123506" lon="5.408889996133237">
    <ele>42.17</ele>
   </trkpt>
   <trkpt lat="51.22193000000001" lon="5.409400000000001">
    <ele>42.190000000000005</ele>
   </trkpt>
   <trkpt lat="51.22237333792613" lon="5.41013331922398">
    <ele>42.02</ele>
   </trkpt>
   <trkpt lat="51.22281667126962" lon="5.410866652573898">
    <ele>41.81000000000001</ele>
   </trkpt>
   <trkpt lat="51.22326" lon="5.411600000000001">
    <ele>41.63</ele>
   </trkpt>
   <trkpt lat="51.22334000000001" lon="5.41169">
    <ele>41.67</ele>
   </trkpt>
   <trkpt lat="51.22339" lon="5.411790000000001">
    <ele>41.730000000000004</ele>
   </trkpt>
   <trkpt lat="51.22339" lon="5.4116100000000005">
    <ele>41.760000000000005</ele>
   </trkpt>
   <trkpt lat="51.22343000000001" lon="5.41148">
    <ele>41.760000000000005</ele>
   </trkpt>
   <trkpt lat="51.22406751215701" lon="5.410505040503589">
    <ele>42.0</ele>
   </trkpt>
   <trkpt lat="51.22470501621371" lon="5.4095300539992">
    <ele>42.4</ele>
   </trkpt>
   <trkpt lat="51.2253425121697" lon="5.408555040485811">
    <ele>42.510000000000005</ele>
   </trkpt>
   <trkpt lat="51.22598000000001" lon="5.40758">
    <ele>42.800000000000004</ele>
   </trkpt>
   <trkpt lat="51.226670003582186" lon="5.406665013698152">
    <ele>43.17000000000001</ele>
   </trkpt>
   <trkpt lat="51.227360000000004" lon="5.40575">
    <ele>43.730000000000004</ele>
   </trkpt>
   <trkpt lat="51.227430000000005" lon="5.405740000000001">
    <ele>43.730000000000004</ele>
   </trkpt>
   <trkpt lat="51.227470000000004" lon="5.405480000000001">
    <ele>43.910000000000004</ele>
   </trkpt>
   <trkpt lat="51.227540000000005" lon="5.405270000000001">
    <ele>43.910000000000004</ele>
   </trkpt>
   <trkpt lat="51.227630000000005" lon="5.405150000000001">
    <ele>43.910000000000004</ele>
   </trkpt>
   <trkpt lat="51.227610000000006" lon="5.40505">
    <ele>43.89000000000001</ele>
   </trkpt>
   <trkpt lat="51.227610000000006" lon="5.404960000000001">
    <ele>43.9</ele>
   </trkpt>
   <trkpt lat="51.227880000000006" lon="5.4036800000000005">
    <ele>43.97</ele>
   </trkpt>
   <trkpt lat="51.22727000048542" lon="5.403359995784326">
    <ele>43.440000000000005</ele>
   </trkpt>
   <trkpt lat="51.22666" lon="5.403040000000001">
    <ele>43.58</ele>
   </trkpt>
   <trkpt lat="51.22666" lon="5.402900000000001">
    <ele>43.4</ele>
   </trkpt>
   <trkpt lat="51.22663000000001" lon="5.402760000000001">
    <ele>43.4</ele>
   </trkpt>
   <trkpt lat="51.22626000696794" lon="5.401479989665555">
    <ele>42.78</ele>
   </trkpt>
   <trkpt lat="51.22589000000001" lon="5.400200000000001">
    <ele>43.59</ele>
   </trkpt>
   <trkpt lat="51.22553188226372" lon="5.3989735409263755">
    <ele>43.68</ele>
   </trkpt>
   <trkpt lat="51.22517375170971" lon="5.3977471009389655">
    <ele>43.82000000000001</ele>
   </trkpt>
   <trkpt lat="51.22481560833837" lon="5.396520680037912">
    <ele>43.88</ele>
   </trkpt>
   <trkpt lat="51.22445745215004" lon="5.395294278223354">
    <ele>43.95</ele>
   </trkpt>
   <trkpt lat="51.224099283145115" lon="5.394067895495437">
    <ele>44.21000000000001</ele>
   </trkpt>
   <trkpt lat="51.223741101323924" lon="5.392841531854298">
    <ele>44.31</ele>
   </trkpt>
   <trkpt lat="51.223382906686844" lon="5.391615187300082">
    <ele>44.49</ele>
   </trkpt>
   <trkpt lat="51.22302469923424" lon="5.390388861832931">
    <ele>44.54</ele>
   </trkpt>
   <trkpt lat="51.22266647896648" lon="5.389162555452984">
    <ele>44.83</ele>
   </trkpt>
   <trkpt lat="51.22230824588392" lon="5.387936268160382">
    <ele>44.870000000000005</ele>
   </trkpt>
   <trkpt lat="51.22195000000001" lon="5.386710000000001">
    <ele>45.08</ele>
   </trkpt>
   <trkpt lat="51.22202000000001" lon="5.386640000000001">
    <ele>45.09</ele>
   </trkpt>
   <trkpt lat="51.222080000000005" lon="5.3865300000000005">
    <ele>45.09</ele>
   </trkpt>
   <trkpt lat="51.222120000000004" lon="5.3864">
    <ele>45.06</ele>
   </trkpt>
   <trkpt lat="51.22214" lon="5.386240000000001">
    <ele>45.06</ele>
   </trkpt>
   <trkpt lat="51.222120000000004" lon="5.386080000000001">
    <ele>45.06</ele>
   </trkpt>
   <trkpt lat="51.22207" lon="5.385940000000001">
    <ele>45.17</ele>
   </trkpt>
   <trkpt lat="51.222" lon="5.385820000000001">
    <ele>45.17</ele>
   </trkpt>
   <trkpt lat="51.221900000000005" lon="5.38576">
    <ele>45.230000000000004</ele>
   </trkpt>
   <trkpt lat="51.22213001531302" lon="5.384420013323354">
    <ele>46.21</ele>
   </trkpt>
   <trkpt lat="51.22236001532478" lon="5.383080013255228">
    <ele>45.7</ele>
   </trkpt>
   <trkpt lat="51.222590000000004" lon="5.381740000000001">
    <ele>45.56</ele>
   </trkpt>
   <trkpt lat="51.22269000000001" lon="5.381760000000001">
    <ele>45.44</ele>
   </trkpt>
   <trkpt lat="51.22279" lon="5.381740000000001">
    <ele>45.38</ele>
   </trkpt>
   <trkpt lat="51.22288" lon="5.38166">
    <ele>45.410000000000004</ele>
   </trkpt>
   <trkpt lat="51.222950000000004" lon="5.381550000000001">
    <ele>45.410000000000004</ele>
   </trkpt>
   <trkpt lat="51.223000000000006" lon="5.381410000000001">
    <ele>45.52</ele>
   </trkpt>
   <trkpt lat="51.223020000000005" lon="5.38124">
    <ele>45.57000000000001</ele>
   </trkpt>
   <trkpt lat="51.223000000000006" lon="5.381060000000001">
    <ele>45.57000000000001</ele>
   </trkpt>
   <trkpt lat="51.222950000000004" lon="5.3809000000000005">
    <ele>45.64000000000001</ele>
   </trkpt>
   <trkpt lat="51.22287000000001" lon="5.380780000000001">
    <ele>45.64000000000001</ele>
   </trkpt>
   <trkpt lat="51.222770000000004" lon="5.3807100000000005">
    <ele>45.69</ele>
   </trkpt>
   <trkpt lat="51.22299802915458" lon="5.379402025937471">
    <ele>45.50000000000001</ele>
   </trkpt>
   <trkpt lat="51.22322604373035" lon="5.3780940389158385">
    <ele>45.33</ele>
   </trkpt>
   <trkpt lat="51.22345404372705" lon="5.376786038935697">
    <ele>45.09</ele>
   </trkpt>
   <trkpt lat="51.22368202914442" lon="5.375478025997642">
    <ele>44.65</ele>
   </trkpt>
   <trkpt lat="51.223910000000004" lon="5.37417">
    <ele>44.74</ele>
   </trkpt>
   <trkpt lat="51.2240980210761" lon="5.373058018157284">
    <ele>44.92</ele>
   </trkpt>
   <trkpt lat="51.22428603161527" lon="5.37194602722992">
    <ele>44.77</ele>
   </trkpt>
   <trkpt lat="51.224474031617326" lon="5.370834027218282">
    <ele>44.64000000000001</ele>
   </trkpt>
   <trkpt lat="51.22466202108213" lon="5.3697220181227445">
    <ele>44.35</ele>
   </trkpt>
   <trkpt lat="51.22485" lon="5.36861">
    <ele>45.36000000000001</ele>
   </trkpt>
   <trkpt lat="51.22476" lon="5.368550000000001">
    <ele>45.37</ele>
   </trkpt>
   <trkpt lat="51.22493500486246" lon="5.3674800041640145">
    <ele>43.85000000000001</ele>
   </trkpt>
   <trkpt lat="51.22511" lon="5.36641">
    <ele>44.07000000000001</ele>
   </trkpt>
   <trkpt lat="51.22511" lon="5.366180000000001">
    <ele>44.09</ele>
   </trkpt>
   <trkpt lat="51.225030000000004" lon="5.36573">
    <ele>44.1</ele>
   </trkpt>
   <trkpt lat="51.224769323849706" lon="5.364380677510618">
    <ele>44.050000000000004</ele>
   </trkpt>
   <trkpt lat="51.22450863218483" lon="5.363031370305768">
    <ele>43.980000000000004</ele>
   </trkpt>
   <trkpt lat="51.22424792500568" lon="5.361682078386046">
    <ele>44.35</ele>
   </trkpt>
   <trkpt lat="51.2239872023126" lon="5.360332801752046">
    <ele>44.870000000000005</ele>
   </trkpt>
   <trkpt lat="51.22372646410589" lon="5.3589835404043615">
    <ele>44.83</ele>
   </trkpt>
   <trkpt lat="51.22346571038588" lon="5.357634294343586">
    <ele>44.74</ele>
   </trkpt>
   <trkpt lat="51.22320494115289" lon="5.356285063570313">
    <ele>44.45</ele>
   </trkpt>
   <trkpt lat="51.22294415640724" lon="5.354935848085138">
    <ele>44.43000000000001</ele>
   </trkpt>
   <trkpt lat="51.22268335614925" lon="5.353586647888653">
    <ele>45.230000000000004</ele>
   </trkpt>
   <trkpt lat="51.22242254037924" lon="5.352237462981451">
    <ele>45.33</ele>
   </trkpt>
   <trkpt lat="51.22216170909753" lon="5.350888293364128">
    <ele>45.76</ele>
   </trkpt>
   <trkpt lat="51.22190086230444" lon="5.349539139037275">
    <ele>46.400000000000006</ele>
   </trkpt>
   <trkpt lat="51.22164" lon="5.348190000000001">
    <ele>46.34</ele>
   </trkpt>
   <trkpt lat="51.221590000000006" lon="5.347880000000001">
    <ele>46.34</ele>
   </trkpt>
   <trkpt lat="51.22155000000001" lon="5.347790000000001">
    <ele>46.43000000000001</ele>
   </trkpt>
   <trkpt lat="51.221430000000005" lon="5.347650000000001">
    <ele>46.43000000000001</ele>
   </trkpt>
   <trkpt lat="51.22169906107276" lon="5.34638806637401">
    <ele>46.290000000000006</ele>
   </trkpt>
   <trkpt lat="51.22196810857484" lon="5.345126117995849">
    <ele>46.28</ele>
   </trkpt>
   <trkpt lat="51.22223714250594" lon="5.343864154865945">
    <ele>46.05</ele>
   </trkpt>
   <trkpt lat="51.22250616286577" lon="5.342602176984728">
    <ele>45.93000000000001</ele>
   </trkpt>
   <trkpt lat="51.222775169654035" lon="5.341340184352629">
    <ele>45.89000000000001</ele>
   </trkpt>
   <trkpt lat="51.223044162870465" lon="5.340078176970076">
    <ele>45.85</ele>
   </trkpt>
   <trkpt lat="51.22331314251477" lon="5.3388161548375015">
    <ele>45.900000000000006</ele>
   </trkpt>
   <trkpt lat="51.22358210858664" lon="5.337554117955334">
    <ele>45.94</ele>
   </trkpt>
   <trkpt lat="51.2238510610858" lon="5.336292066324003">
    <ele>46.34</ele>
   </trkpt>
   <trkpt lat="51.224120000000006" lon="5.335030000000001">
    <ele>46.73</ele>
   </trkpt>
   <trkpt lat="51.22402" lon="5.33492">
    <ele>46.07000000000001</ele>
   </trkpt>
   <trkpt lat="51.223965002654516" lon="5.334129998989623">
    <ele>45.77</ele>
   </trkpt>
   <trkpt lat="51.223910000000004" lon="5.333340000000001">
    <ele>46.00000000000001</ele>
   </trkpt>
   <trkpt lat="51.22389000360411" lon="5.332419999499498">
    <ele>46.160000000000004</ele>
   </trkpt>
   <trkpt lat="51.223870000000005" lon="5.3315">
    <ele>46.650000000000006</ele>
   </trkpt>
   <trkpt lat="51.223960000000005" lon="5.3304100000000005">
    <ele>46.98</ele>
   </trkpt>
   <trkpt lat="51.224115002399856" lon="5.3296650023403895">
    <ele>47.23</ele>
   </trkpt>
   <trkpt lat="51.224270000000004" lon="5.32892">
    <ele>47.64</ele>
   </trkpt>
   <trkpt lat="51.224320000000006" lon="5.32857">
    <ele>47.64</ele>
   </trkpt>
   <trkpt lat="51.22433" lon="5.328200000000001">
    <ele>47.690000000000005</ele>
   </trkpt>
   <trkpt lat="51.22429500396212" lon="5.327234999112112">
    <ele>47.77</ele>
   </trkpt>
   <trkpt lat="51.22426" lon="5.32627">
    <ele>47.96</ele>
   </trkpt>
   <trkpt lat="51.22421000000001" lon="5.325620000000001">
    <ele>48.080000000000005</ele>
   </trkpt>
   <trkpt lat="51.22417" lon="5.325270000000001">
    <ele>48.080000000000005</ele>
   </trkpt>
   <trkpt lat="51.22408" lon="5.32486">
    <ele>48.040000000000006</ele>
   </trkpt>
   <trkpt lat="51.223940000000006" lon="5.324490000000001">
    <ele>48.03</ele>
   </trkpt>
   <trkpt lat="51.22364500175028" lon="5.323854995999567">
    <ele>48.080000000000005</ele>
   </trkpt>
   <trkpt lat="51.22335" lon="5.32322">
    <ele>48.150000000000006</ele>
   </trkpt>
   <trkpt lat="51.22328" lon="5.32312">
    <ele>48.510000000000005</ele>
   </trkpt>
   <trkpt lat="51.223040000000005" lon="5.323110000000001">
    <ele>48.510000000000005</ele>
   </trkpt>
   <trkpt lat="51.222350000000006" lon="5.32369">
    <ele>48.870000000000005</ele>
   </trkpt>
   <trkpt lat="51.222260000000006" lon="5.323670000000001">
    <ele>48.940000000000005</ele>
   </trkpt>
   <trkpt lat="51.222210000000004" lon="5.32362">
    <ele>48.940000000000005</ele>
   </trkpt>
   <trkpt lat="51.22218" lon="5.32354">
    <ele>48.940000000000005</ele>
   </trkpt>
   <trkpt lat="51.22216" lon="5.32322">
    <ele>48.940000000000005</ele>
   </trkpt>
   <trkpt lat="51.222150000000006" lon="5.3224100000000005">
    <ele>48.82</ele>
   </trkpt>
   <trkpt lat="51.22217334255157" lon="5.321370000998817">
    <ele>48.330000000000005</ele>
   </trkpt>
   <trkpt lat="51.22219667588616" lon="5.320330000943053">
    <ele>48.300000000000004</ele>
   </trkpt>
   <trkpt lat="51.22222000000001" lon="5.3192900000000005">
    <ele>48.300000000000004</ele>
   </trkpt>
   <trkpt lat="51.22223751810088" lon="5.318100001378419">
    <ele>48.49</ele>
   </trkpt>
   <trkpt lat="51.2222550241343" lon="5.316910001851377">
    <ele>48.81</ele>
   </trkpt>
   <trkpt lat="51.222272518100276" lon="5.315720001419498">
    <ele>48.99</ele>
   </trkpt>
   <trkpt lat="51.22229" lon="5.31453">
    <ele>49.900000000000006</ele>
   </trkpt>
   <trkpt lat="51.22232" lon="5.314450000000001">
    <ele>49.900000000000006</ele>
   </trkpt>
   <trkpt lat="51.22234" lon="5.31416">
    <ele>50.330000000000005</ele>
   </trkpt>
   <trkpt lat="51.22225" lon="5.314100000000001">
    <ele>50.09</ele>
   </trkpt>
   <trkpt lat="51.222280000000005" lon="5.313630000000001">
    <ele>49.96</ele>
   </trkpt>
   <trkpt lat="51.22233000000001" lon="5.31338">
    <ele>49.96</ele>
   </trkpt>
   <trkpt lat="51.22234" lon="5.31275">
    <ele>49.730000000000004</ele>
   </trkpt>
   <trkpt lat="51.22232" lon="5.312600000000001">
    <ele>49.7</ele>
   </trkpt>
   <trkpt lat="51.22233500422033" lon="5.311605000190163">
    <ele>49.59</ele>
   </trkpt>
   <trkpt lat="51.222350000000006" lon="5.3106100000000005">
    <ele>49.650000000000006</ele>
   </trkpt>
   <trkpt lat="51.22236500255484" lon="5.30983500047494">
    <ele>49.45</ele>
   </trkpt>
   <trkpt lat="51.22238" lon="5.309060000000001">
    <ele>49.440000000000005</ele>
   </trkpt>
   <trkpt lat="51.22241" lon="5.30836">
    <ele>49.400000000000006</ele>
   </trkpt>
   <trkpt lat="51.222480000000004" lon="5.307510000000001">
    <ele>49.290000000000006</ele>
   </trkpt>
   <trkpt lat="51.22260000000001" lon="5.30651">
    <ele>49.0</ele>
   </trkpt>
   <trkpt lat="51.222680000000004" lon="5.30597">
    <ele>48.970000000000006</ele>
   </trkpt>
   <trkpt lat="51.222845002769546" lon="5.305160003030971">
    <ele>48.540000000000006</ele>
   </trkpt>
   <trkpt lat="51.22301" lon="5.30435">
    <ele>48.56</ele>
   </trkpt>
   <trkpt lat="51.223000000000006" lon="5.3041100000000005">
    <ele>48.620000000000005</ele>
   </trkpt>
   <trkpt lat="51.223090000000006" lon="5.303940000000001">
    <ele>48.580000000000005</ele>
   </trkpt>
   <trkpt lat="51.22328" lon="5.303050000000001">
    <ele>48.39</ele>
   </trkpt>
   <trkpt lat="51.223310000000005" lon="5.303030000000001">
    <ele>48.39</ele>
   </trkpt>
   <trkpt lat="51.223330000000004" lon="5.3029">
    <ele>48.39</ele>
   </trkpt>
   <trkpt lat="51.22339" lon="5.3028">
    <ele>48.42</ele>
   </trkpt>
   <trkpt lat="51.223310000000005" lon="5.30264">
    <ele>48.24</ele>
   </trkpt>
   <trkpt lat="51.223400000000005" lon="5.30224">
    <ele>48.550000000000004</ele>
   </trkpt>
   <trkpt lat="51.22337" lon="5.30215">
    <ele>48.550000000000004</ele>
   </trkpt>
   <trkpt lat="51.22308" lon="5.30177">
    <ele>48.27</ele>
   </trkpt>
   <trkpt lat="51.223000000000006" lon="5.3017900000000004">
    <ele>48.27</ele>
   </trkpt>
   <trkpt lat="51.22288" lon="5.301740000000001">
    <ele>48.32</ele>
   </trkpt>
   <trkpt lat="51.222620000000006" lon="5.30133">
    <ele>48.34</ele>
   </trkpt>
   <trkpt lat="51.22233000000001" lon="5.300800000000001">
    <ele>48.39</ele>
   </trkpt>
   <trkpt lat="51.222010000000004" lon="5.300140000000001">
    <ele>48.45</ele>
   </trkpt>
   <trkpt lat="51.221810000000005" lon="5.299600000000001">
    <ele>48.440000000000005</ele>
   </trkpt>
   <trkpt lat="51.22140667934351" lon="5.29837997859987">
    <ele>48.49</ele>
   </trkpt>
   <trkpt lat="51.221003346003165" lon="5.297159978579034">
    <ele>48.85</ele>
   </trkpt>
   <trkpt lat="51.220600000000005" lon="5.295940000000001">
    <ele>49.580000000000005</ele>
   </trkpt>
   <trkpt lat="51.2201533439976" lon="5.2948199782014305">
    <ele>49.290000000000006</ele>
   </trkpt>
   <trkpt lat="51.2197066773053" lon="5.293699978137558">
    <ele>49.25</ele>
   </trkpt>
   <trkpt lat="51.219260000000006" lon="5.29258">
    <ele>49.510000000000005</ele>
   </trkpt>
   <trkpt lat="51.21913000000001" lon="5.292140000000001">
    <ele>49.6</ele>
   </trkpt>
   <trkpt lat="51.21881002143832" lon="5.290844972999852">
    <ele>49.53</ele>
   </trkpt>
   <trkpt lat="51.218490028584895" lon="5.289549964002442">
    <ele>48.900000000000006</ele>
   </trkpt>
   <trkpt lat="51.218170021440066" lon="5.288254973008114">
    <ele>48.71</ele>
   </trkpt>
   <trkpt lat="51.217850000000006" lon="5.2869600000000005">
    <ele>48.88</ele>
   </trkpt>
   <trkpt lat="51.21777" lon="5.28645">
    <ele>49.0</ele>
   </trkpt>
   <trkpt lat="51.217760000000006" lon="5.28608">
    <ele>49.150000000000006</ele>
   </trkpt>
   <trkpt lat="51.21786202889354" lon="5.28477801152724">
    <ele>49.160000000000004</ele>
   </trkpt>
   <trkpt lat="51.21796404334093" lon="5.2834760172839195">
    <ele>49.21</ele>
   </trkpt>
   <trkpt lat="51.218066043342006" lon="5.282174017270809">
    <ele>48.410000000000004</ele>
   </trkpt>
   <trkpt lat="51.21816802889668" lon="5.280872011488681">
    <ele>48.160000000000004</ele>
   </trkpt>
   <trkpt lat="51.218270000000004" lon="5.2795700000000005">
    <ele>47.86000000000001</ele>
   </trkpt>
   <trkpt lat="51.21826" lon="5.2789600000000005">
    <ele>47.839999999999996</ele>
   </trkpt>
   <trkpt lat="51.218230000000005" lon="5.27871">
    <ele>47.75</ele>
   </trkpt>
   <trkpt lat="51.21804" lon="5.277950000000001">
    <ele>47.42</ele>
   </trkpt>
   <trkpt lat="51.2177" lon="5.27674">
    <ele>47.42</ele>
   </trkpt>
   <trkpt lat="51.21733674256687" lon="5.275467389540878">
    <ele>47.24</ele>
   </trkpt>
   <trkpt lat="51.21697347133235" lon="5.2741947991645475">
    <ele>47.080000000000005</ele>
   </trkpt>
   <trkpt lat="51.21661018629686" lon="5.272922228871194">
    <ele>46.86000000000001</ele>
   </trkpt>
   <trkpt lat="51.21624688746079" lon="5.271649678661005">
    <ele>46.81</ele>
   </trkpt>
   <trkpt lat="51.21588357482453" lon="5.270377148534164">
    <ele>46.59</ele>
   </trkpt>
   <trkpt lat="51.215520248388465" lon="5.269104638490855">
    <ele>46.830000000000005</ele>
   </trkpt>
   <trkpt lat="51.215156908153006" lon="5.267832148531266">
    <ele>46.940000000000005</ele>
   </trkpt>
   <trkpt lat="51.21479355411856" lon="5.266559678655579">
    <ele>47.24</ele>
   </trkpt>
   <trkpt lat="51.21443018628551" lon="5.26528722886398">
    <ele>47.5</ele>
   </trkpt>
   <trkpt lat="51.214066804654266" lon="5.264014799156654">
    <ele>47.11000000000001</ele>
   </trkpt>
   <trkpt lat="51.213703409225204" lon="5.262742389533785">
    <ele>46.77</ele>
   </trkpt>
   <trkpt lat="51.21334" lon="5.26147">
    <ele>46.6</ele>
   </trkpt>
   <trkpt lat="51.21318" lon="5.2607800000000005">
    <ele>46.400000000000006</ele>
   </trkpt>
   <trkpt lat="51.213240000000006" lon="5.26058">
    <ele>46.36000000000001</ele>
   </trkpt>
   <trkpt lat="51.21320000000001" lon="5.26043">
    <ele>46.21</ele>
   </trkpt>
   <trkpt lat="51.21313000000001" lon="5.260350000000001">
    <ele>46.2</ele>
   </trkpt>
   <trkpt lat="51.21305" lon="5.26034">
    <ele>46.2</ele>
   </trkpt>
   <trkpt lat="51.212790000000005" lon="5.259600000000001">
    <ele>45.88</ele>
   </trkpt>
   <trkpt lat="51.21244669726109" lon="5.258401621988342">
    <ele>45.61000000000001</ele>
   </trkpt>
   <trkpt lat="51.21210338228346" lon="5.257203261846042">
    <ele>45.13</ele>
   </trkpt>
   <trkpt lat="51.211760055067444" lon="5.256004919573254">
    <ele>44.45</ele>
   </trkpt>
   <trkpt lat="51.211416715613375" lon="5.254806595170125">
    <ele>43.89000000000001</ele>
   </trkpt>
   <trkpt lat="51.21107336392158" lon="5.25360828863681">
    <ele>43.63</ele>
   </trkpt>
   <trkpt lat="51.210730000000005" lon="5.25241">
    <ele>43.52</ele>
   </trkpt>
   <trkpt lat="51.210660000000004" lon="5.252210000000001">
    <ele>43.510000000000005</ele>
   </trkpt>
   <trkpt lat="51.21041" lon="5.251670000000001">
    <ele>43.53000000000001</ele>
   </trkpt>
   <trkpt lat="51.20993000000001" lon="5.25072">
    <ele>43.74</ele>
   </trkpt>
   <trkpt lat="51.20987" lon="5.2505500000000005">
    <ele>44.02</ele>
   </trkpt>
   <trkpt lat="51.20971" lon="5.2502200000000006">
    <ele>43.83</ele>
   </trkpt>
   <trkpt lat="51.20964000000001" lon="5.250030000000001">
    <ele>43.85000000000001</ele>
   </trkpt>
   <trkpt lat="51.20966000000001" lon="5.249960000000001">
    <ele>43.92</ele>
   </trkpt>
   <trkpt lat="51.20965" lon="5.24981">
    <ele>43.92</ele>
   </trkpt>
   <trkpt lat="51.209590000000006" lon="5.24969">
    <ele>43.97</ele>
   </trkpt>
   <trkpt lat="51.20955000000001" lon="5.24966">
    <ele>43.97</ele>
   </trkpt>
   <trkpt lat="51.209500000000006" lon="5.249650000000001">
    <ele>43.980000000000004</ele>
   </trkpt>
   <trkpt lat="51.20944" lon="5.24967">
    <ele>43.980000000000004</ele>
   </trkpt>
   <trkpt lat="51.20910000000001" lon="5.249110000000001">
    <ele>43.61</ele>
   </trkpt>
   <trkpt lat="51.20854878407581" lon="5.248041160458046">
    <ele>43.300000000000004</ele>
   </trkpt>
   <trkpt lat="51.20799755841554" lon="5.246972346502289">
    <ele>43.050000000000004</ele>
   </trkpt>
   <trkpt lat="51.207446323019695" lon="5.245903558132064">
    <ele>43.07</ele>
   </trkpt>
   <trkpt lat="51.20689507788863" lon="5.244834795346709">
    <ele>43.08</ele>
   </trkpt>
   <trkpt lat="51.206343823022806" lon="5.24376605814556">
    <ele>43.14</ele>
   </trkpt>
   <trkpt lat="51.205792558422644" lon="5.242697346527949">
    <ele>43.08</ele>
   </trkpt>
   <trkpt lat="51.205241284088565" lon="5.241628660493213">
    <ele>42.82</ele>
   </trkpt>
   <trkpt lat="51.20469000000001" lon="5.24056">
    <ele>42.59</ele>
   </trkpt>
   <trkpt lat="51.204550000000005" lon="5.240220000000001">
    <ele>42.43</ele>
   </trkpt>
   <trkpt lat="51.2045" lon="5.240060000000001">
    <ele>42.34</ele>
   </trkpt>
   <trkpt lat="51.20445" lon="5.2397800000000005">
    <ele>42.34</ele>
   </trkpt>
   <trkpt lat="51.20433751712335" lon="5.2386224914669315">
    <ele>42.31</ele>
   </trkpt>
   <trkpt lat="51.204225022827714" lon="5.237464988587645">
    <ele>42.04</ele>
   </trkpt>
   <trkpt lat="51.20411251711316" lon="5.2363074913626635">
    <ele>41.89</ele>
   </trkpt>
   <trkpt lat="51.20400000000001" lon="5.235150000000001">
    <ele>41.92</ele>
   </trkpt>
   <trkpt lat="51.203990000000005" lon="5.23496">
    <ele>41.900000000000006</ele>
   </trkpt>
   <trkpt lat="51.20400000000001" lon="5.23481">
    <ele>41.900000000000006</ele>
   </trkpt>
   <trkpt lat="51.204060000000005" lon="5.234540000000001">
    <ele>41.81000000000001</ele>
   </trkpt>
   <trkpt lat="51.20393000000001" lon="5.234330000000001">
    <ele>41.81000000000001</ele>
   </trkpt>
   <trkpt lat="51.20379000782554" lon="5.232974995895893">
    <ele>41.54</ele>
   </trkpt>
   <trkpt lat="51.20365" lon="5.23162">
    <ele>41.61</ele>
   </trkpt>
   <trkpt lat="51.2036" lon="5.230860000000001">
    <ele>41.57</ele>
   </trkpt>
   <trkpt lat="51.20365" lon="5.230460000000001">
    <ele>41.59</ele>
   </trkpt>
   <trkpt lat="51.20365" lon="5.230300000000001">
    <ele>41.59</ele>
   </trkpt>
   <trkpt lat="51.203630000000004" lon="5.230160000000001">
    <ele>41.59</ele>
   </trkpt>
   <trkpt lat="51.203590000000005" lon="5.230060000000001">
    <ele>41.59</ele>
   </trkpt>
   <trkpt lat="51.203590000000005" lon="5.23005">
    <ele>41.59</ele>
   </trkpt>
   <trkpt lat="51.20353" lon="5.230020000000001">
    <ele>41.59</ele>
   </trkpt>
   <trkpt lat="51.20331" lon="5.230060000000001">
    <ele>41.64</ele>
   </trkpt>
   <trkpt lat="51.20326000000001" lon="5.230060000000001">
    <ele>41.64</ele>
   </trkpt>
   <trkpt lat="51.203160000000004" lon="5.22998">
    <ele>41.510000000000005</ele>
   </trkpt>
   <trkpt lat="51.202940000000005" lon="5.22951">
    <ele>41.410000000000004</ele>
   </trkpt>
   <trkpt lat="51.202870000000004" lon="5.229410000000001">
    <ele>41.42</ele>
   </trkpt>
   <trkpt lat="51.20277" lon="5.22933">
    <ele>41.42</ele>
   </trkpt>
   <trkpt lat="51.202175000358835" lon="5.229064996603532">
    <ele>41.660000000000004</ele>
   </trkpt>
   <trkpt lat="51.20158000000001" lon="5.228800000000001">
    <ele>41.57</ele>
   </trkpt>
   <trkpt lat="51.200810000000004" lon="5.22865">
    <ele>41.71</ele>
   </trkpt>
   <trkpt lat="51.200120002018174" lon="5.229340010345738">
    <ele>41.440000000000005</ele>
   </trkpt>
   <trkpt lat="51.19943000000001" lon="5.23003">
    <ele>41.730000000000004</ele>
   </trkpt>
   <trkpt lat="51.19934000000001" lon="5.23003">
    <ele>41.730000000000004</ele>
   </trkpt>
   <trkpt lat="51.199250000000006" lon="5.22993">
    <ele>41.6</ele>
   </trkpt>
   <trkpt lat="51.19897" lon="5.229220000000001">
    <ele>41.54</ele>
   </trkpt>
   <trkpt lat="51.19888" lon="5.22907">
    <ele>41.52</ele>
   </trkpt>
   <trkpt lat="51.19876000000001" lon="5.22904">
    <ele>41.38</ele>
   </trkpt>
   <trkpt lat="51.198640000000005" lon="5.22907">
    <ele>41.38</ele>
   </trkpt>
   <trkpt lat="51.19798500052758" lon="5.229425005052319">
    <ele>41.330000000000005</ele>
   </trkpt>
   <trkpt lat="51.19733" lon="5.229780000000001">
    <ele>41.59</ele>
   </trkpt>
   <trkpt lat="51.19689" lon="5.2301">
    <ele>42.14</ele>
   </trkpt>
   <trkpt lat="51.19671" lon="5.22951">
    <ele>41.59</ele>
   </trkpt>
   <trkpt lat="51.19657000573052" lon="5.2283499964423985">
    <ele>40.75</ele>
   </trkpt>
   <trkpt lat="51.19643000000001" lon="5.22719">
    <ele>40.690000000000005</ele>
   </trkpt>
   <trkpt lat="51.19651" lon="5.2271">
    <ele>40.61</ele>
   </trkpt>
   <trkpt lat="51.19653" lon="5.226940000000001">
    <ele>40.59</ele>
   </trkpt>
   <trkpt lat="51.19648" lon="5.226800000000001">
    <ele>40.63</ele>
   </trkpt>
   <trkpt lat="51.19643000000001" lon="5.22677">
    <ele>40.63</ele>
   </trkpt>
   <trkpt lat="51.196380000000005" lon="5.22677">
    <ele>40.63</ele>
   </trkpt>
   <trkpt lat="51.19621462618885" lon="5.225393586947176">
    <ele>40.28</ele>
   </trkpt>
   <trkpt lat="51.19604923623027" lon="5.224017183775708">
    <ele>40.190000000000005</ele>
   </trkpt>
   <trkpt lat="51.19588383012447" lon="5.222640790486433">
    <ele>39.93</ele>
   </trkpt>
   <trkpt lat="51.19571840787168" lon="5.221264407080184">
    <ele>39.720000000000006</ele>
   </trkpt>
   <trkpt lat="51.19555296947209" lon="5.219888033557798">
    <ele>39.49</ele>
   </trkpt>
   <trkpt lat="51.19538751492591" lon="5.218511669920111">
    <ele>39.06</ele>
   </trkpt>
   <trkpt lat="51.195222044233375" lon="5.217135316167957">
    <ele>38.64</ele>
   </trkpt>
   <trkpt lat="51.195056557394686" lon="5.2157589723021704">
    <ele>38.53</ele>
   </trkpt>
   <trkpt lat="51.19489105441005" lon="5.214382638323587">
    <ele>38.23</ele>
   </trkpt>
   <trkpt lat="51.194725535279666" lon="5.213006314233043">
    <ele>37.93000000000001</ele>
   </trkpt>
   <trkpt lat="51.19456" lon="5.21163">
    <ele>37.58</ele>
   </trkpt>
   <trkpt lat="51.19389" lon="5.211860000000001">
    <ele>37.07000000000001</ele>
   </trkpt>
   <trkpt lat="51.19370000000001" lon="5.21194">
    <ele>37.21</ele>
   </trkpt>
   <trkpt lat="51.19293500088902" lon="5.212380007268135">
    <ele>37.32000000000001</ele>
   </trkpt>
   <trkpt lat="51.192170000000004" lon="5.212820000000001">
    <ele>37.50000000000001</ele>
   </trkpt>
   <trkpt lat="51.191406668248376" lon="5.213253347700304">
    <ele>37.08</ele>
   </trkpt>
   <trkpt lat="51.190643334896144" lon="5.213686681044066">
    <ele>36.78</ele>
   </trkpt>
   <trkpt lat="51.18988" lon="5.21412">
    <ele>36.21000000000001</ele>
   </trkpt>
   <trkpt lat="51.18961" lon="5.214230000000001">
    <ele>36.13</ele>
   </trkpt>
   <trkpt lat="51.18903500012125" lon="5.214365001674157">
    <ele>35.59</ele>
   </trkpt>
   <trkpt lat="51.188460000000006" lon="5.2145">
    <ele>35.53000000000001</ele>
   </trkpt>
   <trkpt lat="51.18811" lon="5.2145600000000005">
    <ele>35.31</ele>
   </trkpt>
   <trkpt lat="51.187360000000005" lon="5.214580000000001">
    <ele>35.10000000000001</ele>
   </trkpt>
   <trkpt lat="51.18666000014574" lon="5.214703337076866">
    <ele>34.61</ele>
   </trkpt>
   <trkpt lat="51.185960000161806" lon="5.214826670407299">
    <ele>34.84</ele>
   </trkpt>
   <trkpt lat="51.18526000000001" lon="5.214950000000001">
    <ele>35.04</ele>
   </trkpt>
   <trkpt lat="51.185080000000006" lon="5.214950000000001">
    <ele>35.13</ele>
   </trkpt>
   <trkpt lat="51.184760000000004" lon="5.214880000000001">
    <ele>35.08</ele>
   </trkpt>
   <trkpt lat="51.184275000243815" lon="5.214734998520378">
    <ele>35.18</ele>
   </trkpt>
   <trkpt lat="51.18379" lon="5.21459">
    <ele>35.72</ele>
   </trkpt>
   <trkpt lat="51.18356000000001" lon="5.2144200000000005">
    <ele>35.88</ele>
   </trkpt>
   <trkpt lat="51.18354" lon="5.2142100000000005">
    <ele>35.89000000000001</ele>
   </trkpt>
   <trkpt lat="51.18347000000001" lon="5.21396">
    <ele>35.88</ele>
   </trkpt>
   <trkpt lat="51.183310000000006" lon="5.21361">
    <ele>35.81</ele>
   </trkpt>
   <trkpt lat="51.18283" lon="5.21286">
    <ele>35.97</ele>
   </trkpt>
   <trkpt lat="51.18267" lon="5.21258">
    <ele>36.04</ele>
   </trkpt>
   <trkpt lat="51.18251000000001" lon="5.21225">
    <ele>35.96000000000001</ele>
   </trkpt>
   <trkpt lat="51.18238" lon="5.211860000000001">
    <ele>35.72</ele>
   </trkpt>
   <trkpt lat="51.18216500439821" lon="5.210844995300156">
    <ele>35.67</ele>
   </trkpt>
   <trkpt lat="51.18195000000001" lon="5.20983">
    <ele>35.5</ele>
   </trkpt>
   <trkpt lat="51.18186000000001" lon="5.209250000000001">
    <ele>35.5</ele>
   </trkpt>
   <trkpt lat="51.18178500264998" lon="5.208459998609135">
    <ele>35.4</ele>
   </trkpt>
   <trkpt lat="51.18171" lon="5.20767">
    <ele>35.25</ele>
   </trkpt>
   <trkpt lat="51.18162501611045" lon="5.2065474937836065">
    <ele>34.99</ele>
   </trkpt>
   <trkpt lat="51.18154002148019" lon="5.205424991706324">
    <ele>34.730000000000004</ele>
   </trkpt>
   <trkpt lat="51.18145501610928" lon="5.204302493768647">
    <ele>34.660000000000004</ele>
   </trkpt>
   <trkpt lat="51.18137" lon="5.203180000000001">
    <ele>34.620000000000005</ele>
   </trkpt>
   <trkpt lat="51.181180000000005" lon="5.20199">
    <ele>34.56</ele>
   </trkpt>
   <trkpt lat="51.18112000000001" lon="5.2014700000000005">
    <ele>34.5</ele>
   </trkpt>
   <trkpt lat="51.181067515469856" lon="5.20036999620439">
    <ele>34.34</ele>
   </trkpt>
   <trkpt lat="51.18101502062525" lon="5.199269994913817">
    <ele>34.18</ele>
   </trkpt>
   <trkpt lat="51.180962515466234" lon="5.198169996128761">
    <ele>34.04</ele>
   </trkpt>
   <trkpt lat="51.180910000000004" lon="5.19707">
    <ele>33.980000000000004</ele>
   </trkpt>
   <trkpt lat="51.18083000000001" lon="5.196000000000001">
    <ele>33.79</ele>
   </trkpt>
   <trkpt lat="51.18072" lon="5.19484">
    <ele>33.690000000000005</ele>
   </trkpt>
   <trkpt lat="51.18056000000001" lon="5.193790000000001">
    <ele>33.6</ele>
   </trkpt>
   <trkpt lat="51.18026334870152" lon="5.192446649311619">
    <ele>33.46</ele>
   </trkpt>
   <trkpt lat="51.179966682020265" lon="5.191103315912558">
    <ele>33.22</ele>
   </trkpt>
   <trkpt lat="51.17967" lon="5.189760000000001">
    <ele>32.870000000000005</ele>
   </trkpt>
   <trkpt lat="51.179505005172565" lon="5.18865999616493">
    <ele>32.77</ele>
   </trkpt>
   <trkpt lat="51.17934" lon="5.18756">
    <ele>32.79</ele>
   </trkpt>
   <trkpt lat="51.17922000339321" lon="5.186669997810221">
    <ele>32.71</ele>
   </trkpt>
   <trkpt lat="51.179100000000005" lon="5.18578">
    <ele>32.71</ele>
   </trkpt>
   <trkpt lat="51.17899000792738" lon="5.184816662214976">
    <ele>32.74</ele>
   </trkpt>
   <trkpt lat="51.17888000794397" lon="5.183853329026889">
    <ele>32.85</ele>
   </trkpt>
   <trkpt lat="51.17877000000001" lon="5.18289">
    <ele>32.86</ele>
   </trkpt>
   <trkpt lat="51.17862000480746" lon="5.181829996681205">
    <ele>32.96</ele>
   </trkpt>
   <trkpt lat="51.178470000000004" lon="5.180770000000001">
    <ele>32.980000000000004</ele>
   </trkpt>
   <trkpt lat="51.17830000402897" lon="5.179799996529464">
    <ele>33.04</ele>
   </trkpt>
   <trkpt lat="51.17813" lon="5.1788300000000005">
    <ele>33.010000000000005</ele>
   </trkpt>
   <trkpt lat="51.17794000000001" lon="5.17799">
    <ele>33.03</ele>
   </trkpt>
   <trkpt lat="51.17768500420356" lon="5.176999994625688">
    <ele>33.14</ele>
   </trkpt>
   <trkpt lat="51.17743" lon="5.176010000000001">
    <ele>33.0</ele>
   </trkpt>
   <trkpt lat="51.177220000000005" lon="5.17489">
    <ele>32.730000000000004</ele>
   </trkpt>
   <trkpt lat="51.17723" lon="5.174790000000001">
    <ele>32.64</ele>
   </trkpt>
   <trkpt lat="51.17728" lon="5.17461">
    <ele>32.56</ele>
   </trkpt>
   <trkpt lat="51.17734" lon="5.17454">
    <ele>32.370000000000005</ele>
   </trkpt>
   <trkpt lat="51.17734" lon="5.174390000000001">
    <ele>32.34</ele>
   </trkpt>
   <trkpt lat="51.1773" lon="5.174320000000001">
    <ele>32.34</ele>
   </trkpt>
   <trkpt lat="51.17723" lon="5.174300000000001">
    <ele>32.34</ele>
   </trkpt>
   <trkpt lat="51.177020000000006" lon="5.17389">
    <ele>32.38</ele>
   </trkpt>
   <trkpt lat="51.176820000000006" lon="5.173290000000001">
    <ele>32.57</ele>
   </trkpt>
   <trkpt lat="51.17669" lon="5.17302">
    <ele>32.57</ele>
   </trkpt>
   <trkpt lat="51.17654" lon="5.172770000000001">
    <ele>32.620000000000005</ele>
   </trkpt>
   <trkpt lat="51.17633000000001" lon="5.17255">
    <ele>32.71</ele>
   </trkpt>
   <trkpt lat="51.17560500382274" lon="5.172002474165339">
    <ele>32.71</ele>
   </trkpt>
   <trkpt lat="51.174880005089996" lon="5.171454965549198">
    <ele>33.050000000000004</ele>
   </trkpt>
   <trkpt lat="51.1741550038019" lon="5.17090747415065">
    <ele>32.910000000000004</ele>
   </trkpt>
   <trkpt lat="51.17343" lon="5.1703600000000005">
    <ele>33.06</ele>
   </trkpt>
   <trkpt lat="51.172670000000004" lon="5.16966">
    <ele>33.29</ele>
   </trkpt>
   <trkpt lat="51.17209000136779" lon="5.169104993071797">
    <ele>33.52</ele>
   </trkpt>
   <trkpt lat="51.171510000000005" lon="5.168550000000001">
    <ele>34.27</ele>
   </trkpt>
   <trkpt lat="51.17108" lon="5.168170000000001">
    <ele>34.88</ele>
   </trkpt>
   <trkpt lat="51.17038" lon="5.167730000000001">
    <ele>34.59</ele>
   </trkpt>
   <trkpt lat="51.17025" lon="5.167520000000001">
    <ele>34.32</ele>
   </trkpt>
   <trkpt lat="51.16995000000001" lon="5.1668">
    <ele>34.260000000000005</ele>
   </trkpt>
   <trkpt lat="51.16986000000001" lon="5.1668">
    <ele>34.260000000000005</ele>
   </trkpt>
   <trkpt lat="51.169540000000005" lon="5.16692">
    <ele>34.300000000000004</ele>
   </trkpt>
   <trkpt lat="51.169520000000006" lon="5.16696">
    <ele>34.300000000000004</ele>
   </trkpt>
   <trkpt lat="51.16948000000001" lon="5.16689">
    <ele>34.300000000000004</ele>
   </trkpt>
   <trkpt lat="51.16875" lon="5.166180000000001">
    <ele>33.79</ele>
   </trkpt>
   <trkpt lat="51.1687" lon="5.1660900000000005">
    <ele>33.79</ele>
   </trkpt>
   <trkpt lat="51.169250000000005" lon="5.164980000000001">
    <ele>33.68</ele>
   </trkpt>
   <trkpt lat="51.16928000000001" lon="5.16478">
    <ele>33.68</ele>
   </trkpt>
   <trkpt lat="51.16910000000001" lon="5.164750000000001">
    <ele>33.550000000000004</ele>
   </trkpt>
   <trkpt lat="51.168910000000004" lon="5.16474">
    <ele>33.550000000000004</ele>
   </trkpt>
   <trkpt lat="51.16886" lon="5.16478">
    <ele>33.190000000000005</ele>
   </trkpt>
   <trkpt lat="51.16874000000001" lon="5.16493">
    <ele>33.190000000000005</ele>
   </trkpt>
   <trkpt lat="51.16868" lon="5.16499">
    <ele>33.1</ele>
   </trkpt>
   <trkpt lat="51.168115000265466" lon="5.165245003129235">
    <ele>32.64</ele>
   </trkpt>
   <trkpt lat="51.167550000000006" lon="5.165500000000001">
    <ele>32.269999999999996</ele>
   </trkpt>
   <trkpt lat="51.167350000000006" lon="5.165640000000001">
    <ele>32.269999999999996</ele>
   </trkpt>
   <trkpt lat="51.166720000000005" lon="5.1661600000000005">
    <ele>31.790000000000006</ele>
   </trkpt>
   <trkpt lat="51.166610000000006" lon="5.1662300000000005">
    <ele>31.790000000000006</ele>
   </trkpt>
   <trkpt lat="51.16617" lon="5.166410000000001">
    <ele>31.560000000000006</ele>
   </trkpt>
   <trkpt lat="51.16552499983058" lon="5.166420000142475">
    <ele>31.6</ele>
   </trkpt>
   <trkpt lat="51.164880000000004" lon="5.16643">
    <ele>31.64</ele>
   </trkpt>
   <trkpt lat="51.16411666678791" lon="5.166573338087439">
    <ele>31.77</ele>
   </trkpt>
   <trkpt lat="51.16335333340068" lon="5.166716671430796">
    <ele>31.94</ele>
   </trkpt>
   <trkpt lat="51.16259" lon="5.166860000000001">
    <ele>31.92</ele>
   </trkpt>
   <trkpt lat="51.162220000000005" lon="5.166910000000001">
    <ele>32.040000000000006</ele>
   </trkpt>
   <trkpt lat="51.16207000000001" lon="5.1669">
    <ele>32.040000000000006</ele>
   </trkpt>
   <trkpt lat="51.16176" lon="5.16685">
    <ele>31.970000000000006</ele>
   </trkpt>
   <trkpt lat="51.161460000000005" lon="5.166740000000001">
    <ele>31.98</ele>
   </trkpt>
   <trkpt lat="51.16065500111405" lon="5.166249991504608">
    <ele>32.07</ele>
   </trkpt>
   <trkpt lat="51.159850000000006" lon="5.165760000000001">
    <ele>32.07</ele>
   </trkpt>
   <trkpt lat="51.159470000000006" lon="5.16556">
    <ele>32.14</ele>
   </trkpt>
   <trkpt lat="51.15901" lon="5.16542">
    <ele>32.220000000000006</ele>
   </trkpt>
   <trkpt lat="51.15887000000001" lon="5.165360000000001">
    <ele>32.28</ele>
   </trkpt>
   <trkpt lat="51.15858000000001" lon="5.16516">
    <ele>32.330000000000005</ele>
   </trkpt>
   <trkpt lat="51.15800000299315" lon="5.164573318642244">
    <ele>32.52</ele>
   </trkpt>
   <trkpt lat="51.157420003051826" lon="5.163986652035168">
    <ele>32.830000000000005</ele>
   </trkpt>
   <trkpt lat="51.15684" lon="5.1634">
    <ele>32.89</ele>
   </trkpt>
   <trkpt lat="51.156650000000006" lon="5.163150000000001">
    <ele>32.77</ele>
   </trkpt>
   <trkpt lat="51.15648" lon="5.162870000000001">
    <ele>32.77</ele>
   </trkpt>
   <trkpt lat="51.1560350106424" lon="5.161957473584551">
    <ele>32.67</ele>
   </trkpt>
   <trkpt lat="51.15559001418534" lon="5.161044964770705">
    <ele>32.56</ele>
   </trkpt>
   <trkpt lat="51.1551450106291" lon="5.160132473558122">
    <ele>32.11</ele>
   </trkpt>
   <trkpt lat="51.154700000000005" lon="5.15922">
    <ele>31.450000000000006</ele>
   </trkpt>
   <trkpt lat="51.15449" lon="5.1587000000000005">
    <ele>30.97</ele>
   </trkpt>
   <trkpt lat="51.15435" lon="5.15826">
    <ele>30.97</ele>
   </trkpt>
   <trkpt lat="51.15404251772133" lon="5.157082476417176">
    <ele>30.500000000000004</ele>
   </trkpt>
   <trkpt lat="51.15373502362088" lon="5.155904968527935">
    <ele>30.28</ele>
   </trkpt>
   <trkpt lat="51.15342751769899" lon="5.154727476332497">
    <ele>29.990000000000002</ele>
   </trkpt>
   <trkpt lat="51.15312" lon="5.15355">
    <ele>29.94</ele>
   </trkpt>
   <trkpt lat="51.152950000000004" lon="5.152810000000001">
    <ele>29.710000000000004</ele>
   </trkpt>
   <trkpt lat="51.15288" lon="5.15225">
    <ele>29.69</ele>
   </trkpt>
   <trkpt lat="51.15285" lon="5.151730000000001">
    <ele>29.66</ele>
   </trkpt>
   <trkpt lat="51.15284500345337" lon="5.150829999953567">
    <ele>29.650000000000002</ele>
   </trkpt>
   <trkpt lat="51.152840000000005" lon="5.14993">
    <ele>29.970000000000002</ele>
   </trkpt>
   <trkpt lat="51.152950000000004" lon="5.14986">
    <ele>29.970000000000002</ele>
   </trkpt>
   <trkpt lat="51.15328" lon="5.149590000000001">
    <ele>30.150000000000002</ele>
   </trkpt>
   <trkpt lat="51.153270000000006" lon="5.149520000000001">
    <ele>30.150000000000002</ele>
   </trkpt>
   <trkpt lat="51.15345000000001" lon="5.14935">
    <ele>30.62</ele>
   </trkpt>
   <trkpt lat="51.153830000000006" lon="5.14886">
    <ele>32.78</ele>
   </trkpt>
   <trkpt lat="51.15401000000001" lon="5.148560000000001">
    <ele>34.29</ele>
   </trkpt>
   <trkpt lat="51.154230000000005" lon="5.148090000000001">
    <ele>35.440000000000005</ele>
   </trkpt>
   <trkpt lat="51.15458500258463" lon="5.147300006246979">
    <ele>36.01</ele>
   </trkpt>
   <trkpt lat="51.15494" lon="5.14651">
    <ele>35.88</ele>
   </trkpt>
   <trkpt lat="51.15513000000001" lon="5.146210000000001">
    <ele>35.57</ele>
   </trkpt>
   <trkpt lat="51.15531000000001" lon="5.146000000000001">
    <ele>35.31</ele>
   </trkpt>
   <trkpt lat="51.15523" lon="5.14574">
    <ele>34.940000000000005</ele>
   </trkpt>
   <trkpt lat="51.155170000000005" lon="5.14534">
    <ele>34.24</ele>
   </trkpt>
   <trkpt lat="51.15513000000001" lon="5.14522">
    <ele>34.24</ele>
   </trkpt>
   <trkpt lat="51.15501000492341" lon="5.14414499717702">
    <ele>30.88</ele>
   </trkpt>
   <trkpt lat="51.15489" lon="5.143070000000001">
    <ele>30.060000000000002</ele>
   </trkpt>
   <trkpt lat="51.15476" lon="5.14236">
    <ele>29.910000000000004</ele>
   </trkpt>
   <trkpt lat="51.15447005310105" lon="5.141112159491659">
    <ele>29.540000000000003</ele>
   </trkpt>
   <trkpt lat="51.154180092926296" lon="5.139864334665929">
    <ele>29.41</ele>
   </trkpt>
   <trkpt lat="51.153890119476074" lon="5.138616525523167">
    <ele>29.26</ele>
   </trkpt>
   <trkpt lat="51.153600132750675" lon="5.137368732063732">
    <ele>29.26</ele>
   </trkpt>
   <trkpt lat="51.15331013275041" lon="5.136120954287981">
    <ele>29.34</ele>
   </trkpt>
   <trkpt lat="51.15302011947559" lon="5.134873192196275">
    <ele>29.23</ele>
   </trkpt>
   <trkpt lat="51.15273009292649" lon="5.133625445788969">
    <ele>29.07</ele>
   </trkpt>
   <trkpt lat="51.152440053103454" lon="5.132377715066424">
    <ele>28.96</ele>
   </trkpt>
   <trkpt lat="51.152150000000006" lon="5.131130000000001">
    <ele>29.0</ele>
   </trkpt>
   <trkpt lat="51.15198" lon="5.1304300000000005">
    <ele>28.700000000000003</ele>
   </trkpt>
   <trkpt lat="51.151685004301925" lon="5.129429993738905">
    <ele>28.64</ele>
   </trkpt>
   <trkpt lat="51.151390000000006" lon="5.128430000000001">
    <ele>28.14</ele>
   </trkpt>
   <trkpt lat="51.15128000000001" lon="5.128240000000001">
    <ele>28.14</ele>
   </trkpt>
   <trkpt lat="51.151140000000005" lon="5.12812">
    <ele>28.14</ele>
   </trkpt>
   <trkpt lat="51.150480000917746" lon="5.127659993432161">
    <ele>27.83</ele>
   </trkpt>
   <trkpt lat="51.149820000000005" lon="5.1272">
    <ele>27.500000000000004</ele>
   </trkpt>
   <trkpt lat="51.14963" lon="5.1271">
    <ele>27.430000000000003</ele>
   </trkpt>
   <trkpt lat="51.149" lon="5.12689">
    <ele>27.15</ele>
   </trkpt>
   <trkpt lat="51.14889" lon="5.12682">
    <ele>27.180000000000003</ele>
   </trkpt>
   <trkpt lat="51.14876" lon="5.126650000000001">
    <ele>27.17</ele>
   </trkpt>
   <trkpt lat="51.14871" lon="5.126550000000001">
    <ele>26.950000000000003</ele>
   </trkpt>
   <trkpt lat="51.14841500743889" lon="5.125229991610322">
    <ele>26.650000000000002</ele>
   </trkpt>
   <trkpt lat="51.148120000000006" lon="5.12391">
    <ele>26.51</ele>
   </trkpt>
   <trkpt lat="51.14788802116574" lon="5.122795977615004">
    <ele>26.71</ele>
   </trkpt>
   <trkpt lat="51.14765603174985" lon="5.121681966429066">
    <ele>26.590000000000003</ele>
   </trkpt>
   <trkpt lat="51.14742403175251" lon="5.12056796644249">
    <ele>26.27</ele>
   </trkpt>
   <trkpt lat="51.14719202117393" lon="5.1194539776555805">
    <ele>26.150000000000002</ele>
   </trkpt>
   <trkpt lat="51.14696000000001" lon="5.118340000000001">
    <ele>26.17</ele>
   </trkpt>
   <trkpt lat="51.1466250059754" lon="5.1171549913594685">
    <ele>26.19</ele>
   </trkpt>
   <trkpt lat="51.14629000000001" lon="5.115970000000001">
    <ele>26.410000000000004</ele>
   </trkpt>
   <trkpt lat="51.14627" lon="5.1157200000000005">
    <ele>26.410000000000004</ele>
   </trkpt>
   <trkpt lat="51.14632" lon="5.11544">
    <ele>26.520000000000003</ele>
   </trkpt>
   <trkpt lat="51.14640000000001" lon="5.11526">
    <ele>26.520000000000003</ele>
   </trkpt>
   <trkpt lat="51.146480000000004" lon="5.11514">
    <ele>26.930000000000003</ele>
   </trkpt>
   <trkpt lat="51.14681" lon="5.11458">
    <ele>27.090000000000003</ele>
   </trkpt>
   <trkpt lat="51.147130000000004" lon="5.114260000000001">
    <ele>27.330000000000002</ele>
   </trkpt>
   <trkpt lat="51.147490000000005" lon="5.11395">
    <ele>27.840000000000003</ele>
   </trkpt>
   <trkpt lat="51.14752000000001" lon="5.113810000000001">
    <ele>27.970000000000002</ele>
   </trkpt>
   <trkpt lat="51.147470000000006" lon="5.11348">
    <ele>27.990000000000002</ele>
   </trkpt>
   <trkpt lat="51.147330000000004" lon="5.113090000000001">
    <ele>27.990000000000002</ele>
   </trkpt>
   <trkpt lat="51.14712" lon="5.11261">
    <ele>27.810000000000002</ele>
   </trkpt>
   <trkpt lat="51.146930000000005" lon="5.112220000000001">
    <ele>27.540000000000003</ele>
   </trkpt>
   <trkpt lat="51.146820000000005" lon="5.11204">
    <ele>27.540000000000003</ele>
   </trkpt>
   <trkpt lat="51.14659" lon="5.111770000000001">
    <ele>27.330000000000002</ele>
   </trkpt>
   <trkpt lat="51.146530000000006" lon="5.11172">
    <ele>27.270000000000003</ele>
   </trkpt>
   <trkpt lat="51.14612" lon="5.11171">
    <ele>27.15</ele>
   </trkpt>
   <trkpt lat="51.14605" lon="5.1116600000000005">
    <ele>27.06</ele>
   </trkpt>
   <trkpt lat="51.14596" lon="5.1115200000000005">
    <ele>27.06</ele>
   </trkpt>
   <trkpt lat="51.14566000149774" lon="5.110939996353106">
    <ele>26.840000000000003</ele>
   </trkpt>
   <trkpt lat="51.145360000000004" lon="5.11036">
    <ele>26.680000000000003</ele>
   </trkpt>
   <trkpt lat="51.145210000000006" lon="5.110200000000001">
    <ele>26.54</ele>
   </trkpt>
   <trkpt lat="51.14477" lon="5.10991">
    <ele>26.340000000000003</ele>
   </trkpt>
   <trkpt lat="51.144600000000004" lon="5.109730000000001">
    <ele>26.250000000000004</ele>
   </trkpt>
   <trkpt lat="51.14401" lon="5.10874">
    <ele>26.220000000000002</ele>
   </trkpt>
   <trkpt lat="51.143890000000006" lon="5.10841">
    <ele>26.2</ele>
   </trkpt>
   <trkpt lat="51.14377000579099" lon="5.1072449970164335">
    <ele>26.21</ele>
   </trkpt>
   <trkpt lat="51.14365" lon="5.10608">
    <ele>26.400000000000002</ele>
   </trkpt>
   <trkpt lat="51.14364000438971" lon="5.105064999524504">
    <ele>26.53</ele>
   </trkpt>
   <trkpt lat="51.14363" lon="5.10405">
    <ele>26.78</ele>
   </trkpt>
   <trkpt lat="51.14361" lon="5.10372">
    <ele>26.92</ele>
   </trkpt>
   <trkpt lat="51.143460000000005" lon="5.1028">
    <ele>26.900000000000002</ele>
   </trkpt>
   <trkpt lat="51.143390000000004" lon="5.10249">
    <ele>26.900000000000002</ele>
   </trkpt>
   <trkpt lat="51.14310334172522" lon="5.101496654254264">
    <ele>26.910000000000004</ele>
   </trkpt>
   <trkpt lat="51.142816675036855" lon="5.10050332084599">
    <ele>26.88</ele>
   </trkpt>
   <trkpt lat="51.14253" lon="5.09951">
    <ele>26.89</ele>
   </trkpt>
   <trkpt lat="51.142430000000004" lon="5.098990000000001">
    <ele>26.92</ele>
   </trkpt>
   <trkpt lat="51.142390000000006" lon="5.09869">
    <ele>26.92</ele>
   </trkpt>
   <trkpt lat="51.142320007849186" lon="5.097729996963055">
    <ele>26.92</ele>
   </trkpt>
   <trkpt lat="51.14225000784002" lon="5.096769996837435">
    <ele>26.860000000000003</ele>
   </trkpt>
   <trkpt lat="51.14218" lon="5.09581">
    <ele>26.560000000000002</ele>
   </trkpt>
   <trkpt lat="51.14215" lon="5.09548">
    <ele>26.45</ele>
   </trkpt>
   <trkpt lat="51.14204" lon="5.095070000000001">
    <ele>26.390000000000004</ele>
   </trkpt>
   <trkpt lat="51.141920000000006" lon="5.094790000000001">
    <ele>26.28</ele>
   </trkpt>
   <trkpt lat="51.14147000709043" lon="5.093879982317944">
    <ele>25.77</ele>
   </trkpt>
   <trkpt lat="51.14102000711961" lon="5.09296998237723">
    <ele>25.32</ele>
   </trkpt>
   <trkpt lat="51.140570000000004" lon="5.09206">
    <ele>25.130000000000003</ele>
   </trkpt>
   <trkpt lat="51.140440000000005" lon="5.091690000000001">
    <ele>24.75</ele>
   </trkpt>
   <trkpt lat="51.14036" lon="5.091360000000001">
    <ele>24.68</ele>
   </trkpt>
   <trkpt lat="51.1402650027914" lon="5.090549998283125">
    <ele>24.740000000000002</ele>
   </trkpt>
   <trkpt lat="51.140170000000005" lon="5.089740000000001">
    <ele>24.73</ele>
   </trkpt>
   <trkpt lat="51.140080000000005" lon="5.08975">
    <ele>24.73</ele>
   </trkpt>
   <trkpt lat="51.13993000000001" lon="5.089740000000001">
    <ele>24.62</ele>
   </trkpt>
   <trkpt lat="51.139790000000005" lon="5.089700000000001">
    <ele>24.610000000000003</ele>
   </trkpt>
   <trkpt lat="51.13969" lon="5.08964">
    <ele>24.68</ele>
   </trkpt>
   <trkpt lat="51.139590000000005" lon="5.08955">
    <ele>24.92</ele>
   </trkpt>
   <trkpt lat="51.139500000000005" lon="5.08943">
    <ele>24.92</ele>
   </trkpt>
   <trkpt lat="51.138980000000004" lon="5.08861">
    <ele>25.44</ele>
   </trkpt>
   <trkpt lat="51.13862000296507" lon="5.087779993592374">
    <ele>25.69</ele>
   </trkpt>
   <trkpt lat="51.13826" lon="5.086950000000001">
    <ele>25.890000000000004</ele>
   </trkpt>
   <trkpt lat="51.13803000306957" lon="5.086104995883383">
    <ele>25.35</ele>
   </trkpt>
   <trkpt lat="51.137800000000006" lon="5.085260000000001">
    <ele>24.3</ele>
   </trkpt>
   <trkpt lat="51.13774" lon="5.08492">
    <ele>24.03</ele>
   </trkpt>
   <trkpt lat="51.137620000000005" lon="5.08387">
    <ele>23.650000000000002</ele>
   </trkpt>
   <trkpt lat="51.13756000000001" lon="5.08361">
    <ele>23.590000000000003</ele>
   </trkpt>
   <trkpt lat="51.13740000000001" lon="5.083220000000001">
    <ele>23.67</ele>
   </trkpt>
   <trkpt lat="51.13740000000001" lon="5.08305">
    <ele>23.770000000000003</ele>
   </trkpt>
   <trkpt lat="51.13745" lon="5.082750000000001">
    <ele>23.78</ele>
   </trkpt>
   <trkpt lat="51.13745" lon="5.08274">
    <ele>23.78</ele>
   </trkpt>
   <trkpt lat="51.13731000000001" lon="5.082660000000001">
    <ele>23.78</ele>
   </trkpt>
   <trkpt lat="51.13707" lon="5.082450000000001">
    <ele>23.950000000000003</ele>
   </trkpt>
   <trkpt lat="51.13646500040838" lon="5.082104995422862">
    <ele>24.09</ele>
   </trkpt>
   <trkpt lat="51.13586" lon="5.08176">
    <ele>24.73</ele>
   </trkpt>
   <trkpt lat="51.135650000000005" lon="5.08162">
    <ele>24.860000000000003</ele>
   </trkpt>
   <trkpt lat="51.13546" lon="5.08145">
    <ele>25.0</ele>
   </trkpt>
   <trkpt lat="51.13479500272646" lon="5.08065498858841">
    <ele>25.79</ele>
   </trkpt>
   <trkpt lat="51.134130000000006" lon="5.07986">
    <ele>27.090000000000003</ele>
   </trkpt>
   <trkpt lat="51.13393000000001" lon="5.0796600000000005">
    <ele>27.090000000000003</ele>
   </trkpt>
   <trkpt lat="51.133230000000005" lon="5.0791200000000005">
    <ele>28.200000000000003</ele>
   </trkpt>
   <trkpt lat="51.133160000000004" lon="5.0790500000000005">
    <ele>28.32</ele>
   </trkpt>
   <trkpt lat="51.133070000000004" lon="5.078950000000001">
    <ele>28.42</ele>
   </trkpt>
   <trkpt lat="51.13290000000001" lon="5.078670000000001">
    <ele>28.46</ele>
   </trkpt>
   <trkpt lat="51.132740000000005" lon="5.07836">
    <ele>28.55</ele>
   </trkpt>
   <trkpt lat="51.13241000000001" lon="5.07756">
    <ele>28.580000000000002</ele>
   </trkpt>
   <trkpt lat="51.13228" lon="5.0772900000000005">
    <ele>28.790000000000003</ele>
   </trkpt>
   <trkpt lat="51.132110000000004" lon="5.07707">
    <ele>29.0</ele>
   </trkpt>
   <trkpt lat="51.131800000000005" lon="5.076930000000001">
    <ele>29.43</ele>
   </trkpt>
   <trkpt lat="51.13152" lon="5.076840000000001">
    <ele>29.52</ele>
   </trkpt>
   <trkpt lat="51.131190000000004" lon="5.07683">
    <ele>29.7</ele>
   </trkpt>
   <trkpt lat="51.13071000000001" lon="5.07678">
    <ele>29.790000000000003</ele>
   </trkpt>
   <trkpt lat="51.130630000000004" lon="5.07674">
    <ele>29.790000000000003</ele>
   </trkpt>
   <trkpt lat="51.13051" lon="5.0766">
    <ele>29.740000000000002</ele>
   </trkpt>
   <trkpt lat="51.130410000000005" lon="5.07671">
    <ele>29.790000000000003</ele>
   </trkpt>
   <trkpt lat="51.129940000158356" lon="5.076890001824131">
    <ele>29.830000000000002</ele>
   </trkpt>
   <trkpt lat="51.129470000000005" lon="5.07707">
    <ele>29.970000000000002</ele>
   </trkpt>
   <trkpt lat="51.12888333386386" lon="5.0773133395047125">
    <ele>30.140000000000004</ele>
   </trkpt>
   <trkpt lat="51.12829666722278" lon="5.07755667282734">
    <ele>30.140000000000004</ele>
   </trkpt>
   <trkpt lat="51.12771000000001" lon="5.077800000000001">
    <ele>30.310000000000002</ele>
   </trkpt>
   <trkpt lat="51.12695500056428" lon="5.078195006509689">
    <ele>29.75</ele>
   </trkpt>
   <trkpt lat="51.126200000000004" lon="5.07859">
    <ele>29.35</ele>
   </trkpt>
   <trkpt lat="51.12545500202791" lon="5.07898751923024">
    <ele>28.3</ele>
   </trkpt>
   <trkpt lat="51.12471000270825" lon="5.079385025637467">
    <ele>26.88</ele>
   </trkpt>
   <trkpt lat="51.12396500204111" lon="5.079782519222414">
    <ele>25.830000000000002</ele>
   </trkpt>
   <trkpt lat="51.12322" lon="5.08018">
    <ele>24.51</ele>
   </trkpt>
   <trkpt lat="51.12254" lon="5.08053">
    <ele>23.290000000000003</ele>
   </trkpt>
   <trkpt lat="51.12229000000001" lon="5.080590000000001">
    <ele>23.090000000000003</ele>
   </trkpt>
   <trkpt lat="51.12185" lon="5.08058">
    <ele>22.320000000000004</ele>
   </trkpt>
   <trkpt lat="51.12165" lon="5.080590000000001">
    <ele>22.320000000000004</ele>
   </trkpt>
   <trkpt lat="51.12162000000001" lon="5.08049">
    <ele>22.320000000000004</ele>
   </trkpt>
   <trkpt lat="51.121570000000006" lon="5.08046">
    <ele>22.22</ele>
   </trkpt>
   <trkpt lat="51.121500000000005" lon="5.08051">
    <ele>22.22</ele>
   </trkpt>
   <trkpt lat="51.121480000000005" lon="5.08058">
    <ele>22.22</ele>
   </trkpt>
   <trkpt lat="51.1212" lon="5.080590000000001">
    <ele>21.560000000000002</ele>
   </trkpt>
   <trkpt lat="51.12043333390946" lon="5.080755013691767">
    <ele>21.17</ele>
   </trkpt>
   <trkpt lat="51.119666667586706" lon="5.080920021906762">
    <ele>21.210000000000004</ele>
   </trkpt>
   <trkpt lat="51.11890000103176" lon="5.081085024645315">
    <ele>21.400000000000002</ele>
   </trkpt>
   <trkpt lat="51.118133334244625" lon="5.081250021907757">
    <ele>21.810000000000002</ele>
   </trkpt>
   <trkpt lat="51.11736666722531" lon="5.081415013694418">
    <ele>22.0</ele>
   </trkpt>
   <trkpt lat="51.116600000000005" lon="5.081580000000001">
    <ele>21.92</ele>
   </trkpt>
   <trkpt lat="51.1165" lon="5.08162">
    <ele>21.92</ele>
   </trkpt>
   <trkpt lat="51.1163" lon="5.081740000000001">
    <ele>21.93</ele>
   </trkpt>
   <trkpt lat="51.11581" lon="5.082190000000001">
    <ele>21.890000000000004</ele>
   </trkpt>
   <trkpt lat="51.115570000000005" lon="5.0823">
    <ele>21.85</ele>
   </trkpt>
   <trkpt lat="51.11543" lon="5.08232">
    <ele>21.85</ele>
   </trkpt>
   <trkpt lat="51.11497000000001" lon="5.08232">
    <ele>21.730000000000004</ele>
   </trkpt>
   <trkpt lat="51.114180000000005" lon="5.08209">
    <ele>21.86</ele>
   </trkpt>
   <trkpt lat="51.11354000012709" lon="5.081884997144065">
    <ele>21.76</ele>
   </trkpt>
   <trkpt lat="51.1129" lon="5.08168">
    <ele>21.87</ele>
   </trkpt>
   <trkpt lat="51.11276" lon="5.08162">
    <ele>21.87</ele>
   </trkpt>
   <trkpt lat="51.112550000000006" lon="5.0815">
    <ele>21.910000000000004</ele>
   </trkpt>
   <trkpt lat="51.112320000000004" lon="5.081340000000001">
    <ele>21.970000000000002</ele>
   </trkpt>
   <trkpt lat="51.112080000000006" lon="5.081110000000001">
    <ele>21.970000000000002</ele>
   </trkpt>
   <trkpt lat="51.11198" lon="5.080990000000001">
    <ele>21.970000000000002</ele>
   </trkpt>
   <trkpt lat="51.111760000000004" lon="5.080620000000001">
    <ele>21.84</ele>
   </trkpt>
   <trkpt lat="51.111630000000005" lon="5.080310000000001">
    <ele>21.84</ele>
   </trkpt>
   <trkpt lat="51.11133" lon="5.0792600000000006">
    <ele>21.490000000000002</ele>
   </trkpt>
   <trkpt lat="51.111180000000004" lon="5.078930000000001">
    <ele>21.400000000000002</ele>
   </trkpt>
   <trkpt lat="51.11084000140616" lon="5.078354995763287">
    <ele>21.14</ele>
   </trkpt>
   <trkpt lat="51.1105" lon="5.077780000000001">
    <ele>21.080000000000002</ele>
   </trkpt>
   <trkpt lat="51.11016000000001" lon="5.07744">
    <ele>20.880000000000003</ele>
   </trkpt>
   <trkpt lat="51.10941000059362" lon="5.077064993911446">
    <ele>20.450000000000003</ele>
   </trkpt>
   <trkpt lat="51.10866000000001" lon="5.07669">
    <ele>20.580000000000002</ele>
   </trkpt>
   <trkpt lat="51.10830000000001" lon="5.0764700000000005">
    <ele>20.68</ele>
   </trkpt>
   <trkpt lat="51.107616668892156" lon="5.075959984925029">
    <ele>20.94</ele>
   </trkpt>
   <trkpt lat="51.10693333556582" lon="5.075449984930539">
    <ele>21.550000000000004</ele>
   </trkpt>
   <trkpt lat="51.10625" lon="5.074940000000001">
    <ele>22.92</ele>
   </trkpt>
   <trkpt lat="51.10602" lon="5.07481">
    <ele>22.92</ele>
   </trkpt>
   <trkpt lat="51.10519000000001" lon="5.07446">
    <ele>25.970000000000002</ele>
   </trkpt>
   <trkpt lat="51.10445000000001" lon="5.07411">
    <ele>28.46</ele>
   </trkpt>
   <trkpt lat="51.103595000681445" lon="5.073739993198679">
    <ele>28.600000000000005</ele>
   </trkpt>
   <trkpt lat="51.102740000000004" lon="5.073370000000001">
    <ele>26.21</ele>
   </trkpt>
   <trkpt lat="51.10210000000001" lon="5.073060000000001">
    <ele>23.75</ele>
   </trkpt>
   <trkpt lat="51.101850000000006" lon="5.07289">
    <ele>23.03</ele>
   </trkpt>
   <trkpt lat="51.10132333550405" lon="5.072383321770869">
    <ele>21.88</ele>
   </trkpt>
   <trkpt lat="51.10079666881841" lon="5.071876655086136">
    <ele>20.720000000000002</ele>
   </trkpt>
   <trkpt lat="51.10027" lon="5.071370000000001">
    <ele>21.84</ele>
   </trkpt>
   <trkpt lat="51.1" lon="5.071140000000001">
    <ele>21.84</ele>
   </trkpt>
   <trkpt lat="51.09936250322718" lon="5.0706374792106">
    <ele>20.720000000000002</ele>
   </trkpt>
   <trkpt lat="51.09872500430042" lon="5.070134972279355">
    <ele>20.52</ele>
   </trkpt>
   <trkpt lat="51.0980875032199" lon="5.069632479205617">
    <ele>20.64</ele>
   </trkpt>
   <trkpt lat="51.09745" lon="5.06913">
    <ele>20.69</ele>
   </trkpt>
   <trkpt lat="51.0972" lon="5.068890000000001">
    <ele>20.82</ele>
   </trkpt>
   <trkpt lat="51.096650009282115" lon="5.068151964873206">
    <ele>21.1</ele>
   </trkpt>
   <trkpt lat="51.09610001391821" lon="5.067413947304033">
    <ele>21.120000000000005</ele>
   </trkpt>
   <trkpt lat="51.095550013908486" lon="5.066675947291867">
    <ele>20.790000000000003</ele>
   </trkpt>
   <trkpt lat="51.09500000925314" lon="5.065937964836093">
    <ele>20.73</ele>
   </trkpt>
   <trkpt lat="51.09445" lon="5.065200000000001">
    <ele>20.87</ele>
   </trkpt>
   <trkpt lat="51.094390000000004" lon="5.0650900000000005">
    <ele>20.87</ele>
   </trkpt>
   <trkpt lat="51.094300000000004" lon="5.06489">
    <ele>20.790000000000003</ele>
   </trkpt>
   <trkpt lat="51.09389667963636" lon="5.063656645135437">
    <ele>20.57</ele>
   </trkpt>
   <trkpt lat="51.09349334629749" lon="5.062423311785573">
    <ele>20.44</ele>
   </trkpt>
   <trkpt lat="51.093090000000004" lon="5.061190000000001">
    <ele>19.860000000000003</ele>
   </trkpt>
   <trkpt lat="51.09266" lon="5.0617">
    <ele>19.450000000000003</ele>
   </trkpt>
   <trkpt lat="51.09207834686229" lon="5.062496716776474">
    <ele>19.669999999999998</ele>
   </trkpt>
   <trkpt lat="51.09149668831018" lon="5.063293413511443">
    <ele>20.240000000000002</ele>
   </trkpt>
   <trkpt lat="51.090915024343914" lon="5.064090090205642">
    <ele>20.42</ele>
   </trkpt>
   <trkpt lat="51.090333354963775" lon="5.0648867468598056">
    <ele>20.450000000000003</ele>
   </trkpt>
   <trkpt lat="51.08975168016997" lon="5.065683383474666">
    <ele>20.52</ele>
   </trkpt>
   <trkpt lat="51.08917" lon="5.06648">
    <ele>20.650000000000002</ele>
   </trkpt>
   <trkpt lat="51.08862333795812" lon="5.067216684086903">
    <ele>20.48</ele>
   </trkpt>
   <trkpt lat="51.08807667128691" lon="5.067953350759384">
    <ele>20.580000000000002</ele>
   </trkpt>
   <trkpt lat="51.08753" lon="5.06869">
    <ele>20.560000000000002</ele>
   </trkpt>
   <trkpt lat="51.08742" lon="5.06878">
    <ele>20.560000000000002</ele>
   </trkpt>
   <trkpt lat="51.08664000046496" lon="5.069135006019543">
    <ele>20.700000000000003</ele>
   </trkpt>
   <trkpt lat="51.085860000000004" lon="5.06949">
    <ele>20.880000000000003</ele>
   </trkpt>
   <trkpt lat="51.08532500082317" lon="5.069875004315522">
    <ele>20.86</ele>
   </trkpt>
   <trkpt lat="51.084790000000005" lon="5.07026">
    <ele>21.02</ele>
   </trkpt>
   <trkpt lat="51.08417000088438" lon="5.070680005539901">
    <ele>21.01</ele>
   </trkpt>
   <trkpt lat="51.08355" lon="5.0711">
    <ele>21.080000000000002</ele>
   </trkpt>
   <trkpt lat="51.08326" lon="5.07136">
    <ele>21.080000000000002</ele>
   </trkpt>
   <trkpt lat="51.08315" lon="5.071490000000001">
    <ele>21.080000000000002</ele>
   </trkpt>
   <trkpt lat="51.083040000000004" lon="5.071490000000001">
    <ele>21.26</ele>
   </trkpt>
   <trkpt lat="51.08235401076645" lon="5.072284047084436">
    <ele>21.37</ele>
   </trkpt>
   <trkpt lat="51.08166801615437" lon="5.073078070619802">
    <ele>21.52</ele>
   </trkpt>
   <trkpt lat="51.080982016164015" lon="5.073872070607192">
    <ele>21.460000000000004</ele>
   </trkpt>
   <trkpt lat="51.080296010795706" lon="5.074666047047695">
    <ele>21.42</ele>
   </trkpt>
   <trkpt lat="51.07961" lon="5.0754600000000005">
    <ele>21.330000000000002</ele>
   </trkpt>
   <trkpt lat="51.079530000000005" lon="5.0756000000000006">
    <ele>21.120000000000005</ele>
   </trkpt>
   <trkpt lat="51.079330000000006" lon="5.0758">
    <ele>21.09</ele>
   </trkpt>
   <trkpt lat="51.079416674528126" lon="5.076759996396637">
    <ele>21.18</ele>
   </trkpt>
   <trkpt lat="51.0795033411942" lon="5.0777199963900355">
    <ele>21.490000000000002</ele>
   </trkpt>
   <trkpt lat="51.07959" lon="5.07868">
    <ele>21.820000000000004</ele>
   </trkpt>
  </trkseg>
 </trk>
</gpx>
