<?xml version="1.0" encoding="UTF-8"?>
<gpx creator="StravaGPX" version="1.1" xmlns="http://www.topografix.com/GPX/1/1" xmlns:xsi="http://www.w3.org/2001/XMLSchema-instance" xsi:schemaLocation="http://www.topografix.com/GPX/1/1 http://www.topografix.com/GPX/1/1/gpx.xsd">
 <metadata>
  <name>Twan - Zepperen</name>
  <author>
   <name>Joeri Scapicchio</name>
   <link href="https://www.strava.com/athletes/2447439"/>
  </author>
  <copyright author="OpenStreetMap contributors">
   <year>2020</year>
   <license>https://www.openstreetmap.org/copyright</license>
  </copyright>
  <link href="https://www.strava.com/routes/2870230656499889760"/>
 </metadata>
 <trk>
  <name>Twan - Zepperen</name>
  <link href="https://www.strava.com/routes/2870230656499889760"/>
  <type>cycling</type>
  <trkseg>
   <trkpt lat="51.06994" lon="5.092910000000001">
    <ele>22.94</ele>
   </trkpt>
   <trkpt lat="51.070190000000004" lon="5.0938300000000005">
    <ele>22.8</ele>
   </trkpt>
   <trkpt lat="51.070220000000006" lon="5.09417">
    <ele>22.67</ele>
   </trkpt>
   <trkpt lat="51.070150000000005" lon="5.09499">
    <ele>22.830000000000002</ele>
   </trkpt>
   <trkpt lat="51.07009000000001" lon="5.09534">
    <ele>22.840000000000003</ele>
   </trkpt>
   <trkpt lat="51.07005" lon="5.09546">
    <ele>22.92</ele>
   </trkpt>
   <trkpt lat="51.069990000000004" lon="5.09555">
    <ele>22.92</ele>
   </trkpt>
   <trkpt lat="51.069990000000004" lon="5.095630000000001">
    <ele>23.000000000000004</ele>
   </trkpt>
   <trkpt lat="51.07002000000001" lon="5.0957300000000005">
    <ele>23.03</ele>
   </trkpt>
   <trkpt lat="51.069990000000004" lon="5.096050000000001">
    <ele>23.090000000000003</ele>
   </trkpt>
   <trkpt lat="51.069990000000004" lon="5.09626">
    <ele>23.05</ele>
   </trkpt>
   <trkpt lat="51.0698850025254" lon="5.097030001774454">
    <ele>23.090000000000003</ele>
   </trkpt>
   <trkpt lat="51.06978" lon="5.0978">
    <ele>23.24</ele>
   </trkpt>
   <trkpt lat="51.069570000000006" lon="5.09898">
    <ele>23.46</ele>
   </trkpt>
   <trkpt lat="51.06941000314903" lon="5.099840003004911">
    <ele>23.48</ele>
   </trkpt>
   <trkpt lat="51.069250000000004" lon="5.100700000000001">
    <ele>23.880000000000003</ele>
   </trkpt>
   <trkpt lat="51.0692" lon="5.101380000000001">
    <ele>24.020000000000003</ele>
   </trkpt>
   <trkpt lat="51.069160000000004" lon="5.101380000000001">
    <ele>24.020000000000003</ele>
   </trkpt>
   <trkpt lat="51.06907" lon="5.101430000000001">
    <ele>24.020000000000003</ele>
   </trkpt>
   <trkpt lat="51.068540000000006" lon="5.10247">
    <ele>23.720000000000002</ele>
   </trkpt>
   <trkpt lat="51.06844" lon="5.10268">
    <ele>23.650000000000002</ele>
   </trkpt>
   <trkpt lat="51.068400000000004" lon="5.1028">
    <ele>23.650000000000002</ele>
   </trkpt>
   <trkpt lat="51.06805000000001" lon="5.10388">
    <ele>24.6</ele>
   </trkpt>
   <trkpt lat="51.06746500049181" lon="5.103564996055642">
    <ele>24.560000000000002</ele>
   </trkpt>
   <trkpt lat="51.066880000000005" lon="5.10325">
    <ele>24.44</ele>
   </trkpt>
   <trkpt lat="51.06662000000001" lon="5.10306">
    <ele>24.540000000000003</ele>
   </trkpt>
   <trkpt lat="51.06618" lon="5.102650000000001">
    <ele>25.32</ele>
   </trkpt>
   <trkpt lat="51.06611" lon="5.10263">
    <ele>25.41</ele>
   </trkpt>
   <trkpt lat="51.06606000000001" lon="5.10263">
    <ele>25.43</ele>
   </trkpt>
   <trkpt lat="51.066030000000005" lon="5.103020000000001">
    <ele>25.69</ele>
   </trkpt>
   <trkpt lat="51.066050000000004" lon="5.103350000000001">
    <ele>25.66</ele>
   </trkpt>
   <trkpt lat="51.06626000000001" lon="5.10421">
    <ele>25.370000000000005</ele>
   </trkpt>
   <trkpt lat="51.06654602424722" lon="5.1054019705501235">
    <ele>24.900000000000002</ele>
   </trkpt>
   <trkpt lat="51.066832036372475" lon="5.106593955831226">
    <ele>24.8</ele>
   </trkpt>
   <trkpt lat="51.06711803637549" lon="5.107785955843017">
    <ele>25.150000000000002</ele>
   </trkpt>
   <trkpt lat="51.06740402425604" lon="5.108977970585203">
    <ele>25.17</ele>
   </trkpt>
   <trkpt lat="51.067690000000006" lon="5.11017">
    <ele>25.44</ele>
   </trkpt>
   <trkpt lat="51.06768" lon="5.1101600000000005">
    <ele>25.44</ele>
   </trkpt>
   <trkpt lat="51.06795500613391" lon="5.111354993083435">
    <ele>25.810000000000002</ele>
   </trkpt>
   <trkpt lat="51.06823000000001" lon="5.112550000000001">
    <ele>25.53</ele>
   </trkpt>
   <trkpt lat="51.068290000000005" lon="5.11254">
    <ele>25.640000000000004</ele>
   </trkpt>
   <trkpt lat="51.06835" lon="5.11256">
    <ele>25.640000000000004</ele>
   </trkpt>
   <trkpt lat="51.06841000000001" lon="5.1126700000000005">
    <ele>25.68</ele>
   </trkpt>
   <trkpt lat="51.068400000000004" lon="5.112850000000001">
    <ele>25.69</ele>
   </trkpt>
   <trkpt lat="51.06833" lon="5.1129500000000005">
    <ele>25.67</ele>
   </trkpt>
   <trkpt lat="51.06857334367772" lon="5.114049988529478">
    <ele>25.41</ele>
   </trkpt>
   <trkpt lat="51.068816677032345" lon="5.115149988625471">
    <ele>24.93</ele>
   </trkpt>
   <trkpt lat="51.06906000000001" lon="5.116250000000001">
    <ele>24.540000000000003</ele>
   </trkpt>
   <trkpt lat="51.06923667492655" lon="5.117233325884025">
    <ele>24.16</ele>
   </trkpt>
   <trkpt lat="51.06941334160363" lon="5.118216659275204">
    <ele>24.1</ele>
   </trkpt>
   <trkpt lat="51.069590000000005" lon="5.1192">
    <ele>24.09</ele>
   </trkpt>
   <trkpt lat="51.0696" lon="5.11946">
    <ele>24.060000000000002</ele>
   </trkpt>
   <trkpt lat="51.069660000000006" lon="5.119800000000001">
    <ele>24.060000000000002</ele>
   </trkpt>
   <trkpt lat="51.06973000000001" lon="5.12">
    <ele>24.1</ele>
   </trkpt>
   <trkpt lat="51.0698" lon="5.12044">
    <ele>24.1</ele>
   </trkpt>
   <trkpt lat="51.06983" lon="5.12079">
    <ele>24.3</ele>
   </trkpt>
   <trkpt lat="51.0698" lon="5.121510000000001">
    <ele>24.520000000000003</ele>
   </trkpt>
   <trkpt lat="51.06974" lon="5.12206">
    <ele>24.51</ele>
   </trkpt>
   <trkpt lat="51.069680000000005" lon="5.122260000000001">
    <ele>24.59</ele>
   </trkpt>
   <trkpt lat="51.069190000000006" lon="5.123010000000001">
    <ele>24.94</ele>
   </trkpt>
   <trkpt lat="51.069050000000004" lon="5.1234">
    <ele>25.14</ele>
   </trkpt>
   <trkpt lat="51.06902" lon="5.1237200000000005">
    <ele>25.14</ele>
   </trkpt>
   <trkpt lat="51.069025002833236" lon="5.1245349998792475">
    <ele>25.36</ele>
   </trkpt>
   <trkpt lat="51.069030000000005" lon="5.12535">
    <ele>25.910000000000004</ele>
   </trkpt>
   <trkpt lat="51.06884" lon="5.125360000000001">
    <ele>25.830000000000002</ele>
   </trkpt>
   <trkpt lat="51.068430000000006" lon="5.125520000000001">
    <ele>25.030000000000005</ele>
   </trkpt>
   <trkpt lat="51.06835" lon="5.12553">
    <ele>25.030000000000005</ele>
   </trkpt>
   <trkpt lat="51.067530000000005" lon="5.12551">
    <ele>25.02</ele>
   </trkpt>
   <trkpt lat="51.06748" lon="5.12549">
    <ele>25.02</ele>
   </trkpt>
   <trkpt lat="51.067400000000006" lon="5.12542">
    <ele>25.27</ele>
   </trkpt>
   <trkpt lat="51.06732" lon="5.125400000000001">
    <ele>25.27</ele>
   </trkpt>
   <trkpt lat="51.06723" lon="5.12551">
    <ele>25.25</ele>
   </trkpt>
   <trkpt lat="51.06705" lon="5.12565">
    <ele>25.220000000000002</ele>
   </trkpt>
   <trkpt lat="51.066990000000004" lon="5.12574">
    <ele>25.220000000000002</ele>
   </trkpt>
   <trkpt lat="51.066930000000006" lon="5.12598">
    <ele>24.85</ele>
   </trkpt>
   <trkpt lat="51.06692" lon="5.1261">
    <ele>24.85</ele>
   </trkpt>
   <trkpt lat="51.066930000000006" lon="5.12624">
    <ele>24.85</ele>
   </trkpt>
   <trkpt lat="51.06713500393546" lon="5.127204995551921">
    <ele>24.71</ele>
   </trkpt>
   <trkpt lat="51.06734" lon="5.128170000000001">
    <ele>24.89</ele>
   </trkpt>
   <trkpt lat="51.06670500108728" lon="5.128670006843013">
    <ele>23.71</ele>
   </trkpt>
   <trkpt lat="51.06607" lon="5.12917">
    <ele>23.48</ele>
   </trkpt>
   <trkpt lat="51.06545500114879" lon="5.1296600064109645">
    <ele>23.680000000000003</ele>
   </trkpt>
   <trkpt lat="51.064840000000004" lon="5.13015">
    <ele>24.360000000000003</ele>
   </trkpt>
   <trkpt lat="51.06521500379203" lon="5.131094992300182">
    <ele>23.46</ele>
   </trkpt>
   <trkpt lat="51.06559000000001" lon="5.132040000000001">
    <ele>24.040000000000003</ele>
   </trkpt>
   <trkpt lat="51.06571" lon="5.132490000000001">
    <ele>24.66</ele>
   </trkpt>
   <trkpt lat="51.06524" lon="5.132770000000001">
    <ele>24.05</ele>
   </trkpt>
   <trkpt lat="51.06504" lon="5.132910000000001">
    <ele>24.040000000000003</ele>
   </trkpt>
   <trkpt lat="51.06436000124976" lon="5.13345000792786">
    <ele>23.950000000000003</ele>
   </trkpt>
   <trkpt lat="51.063680000000005" lon="5.133990000000001">
    <ele>24.53</ele>
   </trkpt>
   <trkpt lat="51.06364000000001" lon="5.134040000000001">
    <ele>24.53</ele>
   </trkpt>
   <trkpt lat="51.063610000000004" lon="5.13412">
    <ele>24.520000000000003</ele>
   </trkpt>
   <trkpt lat="51.063610000000004" lon="5.1342300000000005">
    <ele>24.520000000000003</ele>
   </trkpt>
   <trkpt lat="51.06367" lon="5.13476">
    <ele>24.43</ele>
   </trkpt>
   <trkpt lat="51.06365" lon="5.1348400000000005">
    <ele>24.43</ele>
   </trkpt>
   <trkpt lat="51.063610000000004" lon="5.134880000000001">
    <ele>24.180000000000003</ele>
   </trkpt>
   <trkpt lat="51.0628" lon="5.13527">
    <ele>23.41</ele>
   </trkpt>
   <trkpt lat="51.06251" lon="5.1355200000000005">
    <ele>23.42</ele>
   </trkpt>
   <trkpt lat="51.06201" lon="5.136">
    <ele>23.990000000000002</ele>
   </trkpt>
   <trkpt lat="51.06192" lon="5.13605">
    <ele>24.540000000000003</ele>
   </trkpt>
   <trkpt lat="51.06206667889249" lon="5.137246659148968">
    <ele>24.470000000000002</ele>
   </trkpt>
   <trkpt lat="51.062213345567145" lon="5.138443325880597">
    <ele>24.68</ele>
   </trkpt>
   <trkpt lat="51.062360000000005" lon="5.13964">
    <ele>25.240000000000002</ele>
   </trkpt>
   <trkpt lat="51.062270000000005" lon="5.1397">
    <ele>25.240000000000002</ele>
   </trkpt>
   <trkpt lat="51.06154000230428" lon="5.140430011479962">
    <ele>24.16</ele>
   </trkpt>
   <trkpt lat="51.060810000000004" lon="5.14116">
    <ele>24.93</ele>
   </trkpt>
   <trkpt lat="51.06083" lon="5.1414100000000005">
    <ele>24.950000000000003</ele>
   </trkpt>
   <trkpt lat="51.06080000000001" lon="5.14142">
    <ele>24.950000000000003</ele>
   </trkpt>
   <trkpt lat="51.06080000000001" lon="5.14189">
    <ele>24.91</ele>
   </trkpt>
   <trkpt lat="51.06091000000001" lon="5.142790000000001">
    <ele>24.92</ele>
   </trkpt>
   <trkpt lat="51.06092" lon="5.14332">
    <ele>24.880000000000003</ele>
   </trkpt>
   <trkpt lat="51.060880000000004" lon="5.143400000000001">
    <ele>24.880000000000003</ele>
   </trkpt>
   <trkpt lat="51.060860000000005" lon="5.1435">
    <ele>24.830000000000002</ele>
   </trkpt>
   <trkpt lat="51.0606" lon="5.143770000000001">
    <ele>24.720000000000002</ele>
   </trkpt>
   <trkpt lat="51.060120000000005" lon="5.14402">
    <ele>24.450000000000003</ele>
   </trkpt>
   <trkpt lat="51.059920000000005" lon="5.14412">
    <ele>24.310000000000002</ele>
   </trkpt>
   <trkpt lat="51.05955" lon="5.14423">
    <ele>24.17</ele>
   </trkpt>
   <trkpt lat="51.05887500020594" lon="5.144350005244522">
    <ele>24.07</ele>
   </trkpt>
   <trkpt lat="51.058200000289006" lon="5.144470006990008">
    <ele>24.05</ele>
   </trkpt>
   <trkpt lat="51.05752500024921" lon="5.144590005236644">
    <ele>23.919999999999998</ele>
   </trkpt>
   <trkpt lat="51.056850000000004" lon="5.144710000000001">
    <ele>23.57</ele>
   </trkpt>
   <trkpt lat="51.05609000018863" lon="5.144875002692431">
    <ele>23.360000000000003</ele>
   </trkpt>
   <trkpt lat="51.055330000000005" lon="5.145040000000001">
    <ele>23.470000000000002</ele>
   </trkpt>
   <trkpt lat="51.055310000000006" lon="5.145040000000001">
    <ele>23.470000000000002</ele>
   </trkpt>
   <trkpt lat="51.05462000000001" lon="5.14519">
    <ele>23.73</ele>
   </trkpt>
   <trkpt lat="51.054230000000004" lon="5.14531">
    <ele>23.94</ele>
   </trkpt>
   <trkpt lat="51.05373" lon="5.1455400000000004">
    <ele>23.930000000000003</ele>
   </trkpt>
   <trkpt lat="51.053470000000004" lon="5.145700000000001">
    <ele>23.87</ele>
   </trkpt>
   <trkpt lat="51.053090000000005" lon="5.145980000000001">
    <ele>23.900000000000002</ele>
   </trkpt>
   <trkpt lat="51.0523150019455" lon="5.146645011078179">
    <ele>24.01</ele>
   </trkpt>
   <trkpt lat="51.05154" lon="5.14731">
    <ele>24.25</ele>
   </trkpt>
   <trkpt lat="51.051100000000005" lon="5.147740000000001">
    <ele>24.34</ele>
   </trkpt>
   <trkpt lat="51.05073" lon="5.148210000000001">
    <ele>24.490000000000002</ele>
   </trkpt>
   <trkpt lat="51.0504" lon="5.148700000000001">
    <ele>24.650000000000002</ele>
   </trkpt>
   <trkpt lat="51.05006" lon="5.1493400000000005">
    <ele>24.09</ele>
   </trkpt>
   <trkpt lat="51.04972000282958" lon="5.150135005524916">
    <ele>24.6</ele>
   </trkpt>
   <trkpt lat="51.049380000000006" lon="5.150930000000001">
    <ele>24.68</ele>
   </trkpt>
   <trkpt lat="51.048840000000006" lon="5.1519900000000005">
    <ele>24.89</ele>
   </trkpt>
   <trkpt lat="51.048410001921056" lon="5.152660006211052">
    <ele>25.23</ele>
   </trkpt>
   <trkpt lat="51.04798" lon="5.15333">
    <ele>25.400000000000002</ele>
   </trkpt>
   <trkpt lat="51.047650001202605" lon="5.153855003697996">
    <ele>25.68</ele>
   </trkpt>
   <trkpt lat="51.047320000000006" lon="5.154380000000001">
    <ele>26.19</ele>
   </trkpt>
   <trkpt lat="51.04719000000001" lon="5.15462">
    <ele>26.62</ele>
   </trkpt>
   <trkpt lat="51.04672000000001" lon="5.154000000000001">
    <ele>25.14</ele>
   </trkpt>
   <trkpt lat="51.04648" lon="5.153720000000001">
    <ele>25.16</ele>
   </trkpt>
   <trkpt lat="51.046220000000005" lon="5.153490000000001">
    <ele>25.200000000000003</ele>
   </trkpt>
   <trkpt lat="51.04598000000001" lon="5.15333">
    <ele>25.27</ele>
   </trkpt>
   <trkpt lat="51.045730000000006" lon="5.1532100000000005">
    <ele>25.78</ele>
   </trkpt>
   <trkpt lat="51.04495000000001" lon="5.152950000000001">
    <ele>26.660000000000004</ele>
   </trkpt>
   <trkpt lat="51.04484" lon="5.15289">
    <ele>26.860000000000003</ele>
   </trkpt>
   <trkpt lat="51.044720000000005" lon="5.15277">
    <ele>26.770000000000003</ele>
   </trkpt>
   <trkpt lat="51.04462" lon="5.15258">
    <ele>26.680000000000003</ele>
   </trkpt>
   <trkpt lat="51.04451" lon="5.1523">
    <ele>26.55</ele>
   </trkpt>
   <trkpt lat="51.044320000000006" lon="5.151610000000001">
    <ele>26.430000000000003</ele>
   </trkpt>
   <trkpt lat="51.044180000000004" lon="5.1508">
    <ele>26.2</ele>
   </trkpt>
   <trkpt lat="51.04412000000001" lon="5.15059">
    <ele>26.19</ele>
   </trkpt>
   <trkpt lat="51.044000000000004" lon="5.1503000000000005">
    <ele>26.19</ele>
   </trkpt>
   <trkpt lat="51.04384" lon="5.15003">
    <ele>25.87</ele>
   </trkpt>
   <trkpt lat="51.04335500236682" lon="5.149304992595344">
    <ele>25.57</ele>
   </trkpt>
   <trkpt lat="51.04287" lon="5.148580000000001">
    <ele>25.28</ele>
   </trkpt>
   <trkpt lat="51.042530000000006" lon="5.1482">
    <ele>24.82</ele>
   </trkpt>
   <trkpt lat="51.04234" lon="5.14803">
    <ele>24.82</ele>
   </trkpt>
   <trkpt lat="51.04233000000001" lon="5.14803">
    <ele>24.82</ele>
   </trkpt>
   <trkpt lat="51.04177000000001" lon="5.14756">
    <ele>24.94</ele>
   </trkpt>
   <trkpt lat="51.04120000466838" lon="5.148615013129036">
    <ele>25.220000000000002</ele>
   </trkpt>
   <trkpt lat="51.04063000000001" lon="5.14967">
    <ele>25.68</ele>
   </trkpt>
   <trkpt lat="51.0405" lon="5.14984">
    <ele>25.68</ele>
   </trkpt>
   <trkpt lat="51.039970000000004" lon="5.150180000000001">
    <ele>26.26</ele>
   </trkpt>
   <trkpt lat="51.039770000000004" lon="5.15029">
    <ele>26.28</ele>
   </trkpt>
   <trkpt lat="51.03947" lon="5.150510000000001">
    <ele>26.54</ele>
   </trkpt>
   <trkpt lat="51.039080000000006" lon="5.15089">
    <ele>27.000000000000004</ele>
   </trkpt>
   <trkpt lat="51.038920000000005" lon="5.1514500000000005">
    <ele>27.1</ele>
   </trkpt>
   <trkpt lat="51.03875000000001" lon="5.151820000000001">
    <ele>27.48</ele>
   </trkpt>
   <trkpt lat="51.0386" lon="5.1520600000000005">
    <ele>27.470000000000002</ele>
   </trkpt>
   <trkpt lat="51.038410000000006" lon="5.152290000000001">
    <ele>27.67</ele>
   </trkpt>
   <trkpt lat="51.03792500078449" lon="5.152730004643357">
    <ele>28.020000000000003</ele>
   </trkpt>
   <trkpt lat="51.037440000000004" lon="5.15317">
    <ele>28.490000000000002</ele>
   </trkpt>
   <trkpt lat="51.037110000000006" lon="5.15347">
    <ele>28.73</ele>
   </trkpt>
   <trkpt lat="51.03699" lon="5.1536100000000005">
    <ele>28.900000000000002</ele>
   </trkpt>
   <trkpt lat="51.036840000000005" lon="5.153860000000001">
    <ele>28.900000000000002</ele>
   </trkpt>
   <trkpt lat="51.03672" lon="5.154120000000001">
    <ele>28.900000000000002</ele>
   </trkpt>
   <trkpt lat="51.03663" lon="5.15442">
    <ele>29.210000000000004</ele>
   </trkpt>
   <trkpt lat="51.036570000000005" lon="5.154750000000001">
    <ele>29.210000000000004</ele>
   </trkpt>
   <trkpt lat="51.036550000000005" lon="5.1550400000000005">
    <ele>29.540000000000003</ele>
   </trkpt>
   <trkpt lat="51.036606675722176" lon="5.156069997520648">
    <ele>29.69</ele>
   </trkpt>
   <trkpt lat="51.03666334239106" lon="5.1570999975607394">
    <ele>30.28</ele>
   </trkpt>
   <trkpt lat="51.03672" lon="5.158130000000001">
    <ele>30.92</ele>
   </trkpt>
   <trkpt lat="51.0367" lon="5.1588">
    <ele>31.090000000000003</ele>
   </trkpt>
   <trkpt lat="51.03663" lon="5.15976">
    <ele>31.64</ele>
   </trkpt>
   <trkpt lat="51.036620000000006" lon="5.1601300000000005">
    <ele>32.220000000000006</ele>
   </trkpt>
   <trkpt lat="51.036500000000004" lon="5.160170000000001">
    <ele>32.24</ele>
   </trkpt>
   <trkpt lat="51.03632" lon="5.1603200000000005">
    <ele>32.190000000000005</ele>
   </trkpt>
   <trkpt lat="51.03613000000001" lon="5.16052">
    <ele>32.410000000000004</ele>
   </trkpt>
   <trkpt lat="51.035970000000006" lon="5.16075">
    <ele>32.84</ele>
   </trkpt>
   <trkpt lat="51.035590000000006" lon="5.16145">
    <ele>34.54</ele>
   </trkpt>
   <trkpt lat="51.03525000187193" lon="5.162120005001599">
    <ele>35.61</ele>
   </trkpt>
   <trkpt lat="51.03491" lon="5.16279">
    <ele>36.4</ele>
   </trkpt>
   <trkpt lat="51.03491" lon="5.162800000000001">
    <ele>36.410000000000004</ele>
   </trkpt>
   <trkpt lat="51.0347" lon="5.16321">
    <ele>36.95</ele>
   </trkpt>
   <trkpt lat="51.034130000000005" lon="5.1639100000000004">
    <ele>37.28</ele>
   </trkpt>
   <trkpt lat="51.03408" lon="5.164000000000001">
    <ele>37.38</ele>
   </trkpt>
   <trkpt lat="51.033350000000006" lon="5.164650000000001">
    <ele>37.57000000000001</ele>
   </trkpt>
   <trkpt lat="51.033060000000006" lon="5.16499">
    <ele>37.58</ele>
   </trkpt>
   <trkpt lat="51.03289" lon="5.16532">
    <ele>37.46</ele>
   </trkpt>
   <trkpt lat="51.03253" lon="5.16614">
    <ele>36.9</ele>
   </trkpt>
   <trkpt lat="51.032500000000006" lon="5.166270000000001">
    <ele>36.81</ele>
   </trkpt>
   <trkpt lat="51.032430000000005" lon="5.16628">
    <ele>36.800000000000004</ele>
   </trkpt>
   <trkpt lat="51.03233" lon="5.16631">
    <ele>36.800000000000004</ele>
   </trkpt>
   <trkpt lat="51.03181000000001" lon="5.166910000000001">
    <ele>36.79</ele>
   </trkpt>
   <trkpt lat="51.03173" lon="5.166980000000001">
    <ele>36.89000000000001</ele>
   </trkpt>
   <trkpt lat="51.031580000000005" lon="5.16704">
    <ele>37.08</ele>
   </trkpt>
   <trkpt lat="51.03143000000001" lon="5.167050000000001">
    <ele>37.3</ele>
   </trkpt>
   <trkpt lat="51.0313" lon="5.167020000000001">
    <ele>37.3</ele>
   </trkpt>
   <trkpt lat="51.03101" lon="5.16687">
    <ele>37.93000000000001</ele>
   </trkpt>
   <trkpt lat="51.030770000000004" lon="5.166810000000001">
    <ele>38.790000000000006</ele>
   </trkpt>
   <trkpt lat="51.03054" lon="5.16689">
    <ele>39.5</ele>
   </trkpt>
   <trkpt lat="51.0298" lon="5.16722">
    <ele>41.760000000000005</ele>
   </trkpt>
   <trkpt lat="51.02953" lon="5.1673">
    <ele>42.35</ele>
   </trkpt>
   <trkpt lat="51.02910000000001" lon="5.167400000000001">
    <ele>43.29</ele>
   </trkpt>
   <trkpt lat="51.028960000000005" lon="5.167470000000001">
    <ele>43.660000000000004</ele>
   </trkpt>
   <trkpt lat="51.02888" lon="5.16753">
    <ele>43.660000000000004</ele>
   </trkpt>
   <trkpt lat="51.0285" lon="5.16809">
    <ele>44.81</ele>
   </trkpt>
   <trkpt lat="51.02788" lon="5.168810000000001">
    <ele>45.35</ele>
   </trkpt>
   <trkpt lat="51.027440000000006" lon="5.16943">
    <ele>45.06</ele>
   </trkpt>
   <trkpt lat="51.02720000000001" lon="5.16987">
    <ele>44.51</ele>
   </trkpt>
   <trkpt lat="51.02703" lon="5.17025">
    <ele>43.690000000000005</ele>
   </trkpt>
   <trkpt lat="51.026740000000004" lon="5.1709700000000005">
    <ele>40.540000000000006</ele>
   </trkpt>
   <trkpt lat="51.02642" lon="5.1717900000000006">
    <ele>35.35</ele>
   </trkpt>
   <trkpt lat="51.026320000000005" lon="5.17199">
    <ele>34.74</ele>
   </trkpt>
   <trkpt lat="51.026140000000005" lon="5.17229">
    <ele>33.18</ele>
   </trkpt>
   <trkpt lat="51.02588" lon="5.172610000000001">
    <ele>31.82</ele>
   </trkpt>
   <trkpt lat="51.025740000000006" lon="5.17272">
    <ele>31.240000000000002</ele>
   </trkpt>
   <trkpt lat="51.025330000000004" lon="5.17293">
    <ele>30.55</ele>
   </trkpt>
   <trkpt lat="51.024640000354225" lon="5.173250004801472">
    <ele>29.740000000000002</ele>
   </trkpt>
   <trkpt lat="51.023950000000006" lon="5.173570000000001">
    <ele>28.700000000000003</ele>
   </trkpt>
   <trkpt lat="51.02366000000001" lon="5.173590000000001">
    <ele>28.540000000000003</ele>
   </trkpt>
   <trkpt lat="51.023520000000005" lon="5.17356">
    <ele>28.220000000000002</ele>
   </trkpt>
   <trkpt lat="51.023340000000005" lon="5.173500000000001">
    <ele>28.110000000000003</ele>
   </trkpt>
   <trkpt lat="51.02264" lon="5.17306">
    <ele>27.64</ele>
   </trkpt>
   <trkpt lat="51.02185333544433" lon="5.17255998301738">
    <ele>27.14</ele>
   </trkpt>
   <trkpt lat="51.02106666875492" lon="5.172059983003297">
    <ele>26.820000000000004</ele>
   </trkpt>
   <trkpt lat="51.02028000000001" lon="5.17156">
    <ele>26.53</ele>
   </trkpt>
   <trkpt lat="51.019580000000005" lon="5.171130000000001">
    <ele>26.3</ele>
   </trkpt>
   <trkpt lat="51.01928" lon="5.1709000000000005">
    <ele>26.230000000000004</ele>
   </trkpt>
   <trkpt lat="51.0191" lon="5.17072">
    <ele>26.240000000000002</ele>
   </trkpt>
   <trkpt lat="51.018800000000006" lon="5.1703">
    <ele>26.28</ele>
   </trkpt>
   <trkpt lat="51.01872" lon="5.170210000000001">
    <ele>26.320000000000004</ele>
   </trkpt>
   <trkpt lat="51.01798" lon="5.16974">
    <ele>26.21</ele>
   </trkpt>
   <trkpt lat="51.017860000000006" lon="5.16964">
    <ele>25.970000000000002</ele>
   </trkpt>
   <trkpt lat="51.01769" lon="5.169440000000001">
    <ele>25.95</ele>
   </trkpt>
   <trkpt lat="51.017570000000006" lon="5.16926">
    <ele>25.95</ele>
   </trkpt>
   <trkpt lat="51.01726000107763" lon="5.168714996022496">
    <ele>25.93</ele>
   </trkpt>
   <trkpt lat="51.01695" lon="5.168170000000001">
    <ele>25.93</ele>
   </trkpt>
   <trkpt lat="51.016830000000006" lon="5.16802">
    <ele>25.86</ele>
   </trkpt>
   <trkpt lat="51.01659" lon="5.167800000000001">
    <ele>25.890000000000004</ele>
   </trkpt>
   <trkpt lat="51.016510000000004" lon="5.167700000000001">
    <ele>25.890000000000004</ele>
   </trkpt>
   <trkpt lat="51.016400000000004" lon="5.167490000000001">
    <ele>25.880000000000003</ele>
   </trkpt>
   <trkpt lat="51.016130003418674" lon="5.166584994474097">
    <ele>25.87</ele>
   </trkpt>
   <trkpt lat="51.01586" lon="5.16568">
    <ele>25.810000000000002</ele>
   </trkpt>
   <trkpt lat="51.01558000000001" lon="5.165150000000001">
    <ele>25.68</ele>
   </trkpt>
   <trkpt lat="51.01523500140218" lon="5.164589995937415">
    <ele>25.7</ele>
   </trkpt>
   <trkpt lat="51.01489" lon="5.16403">
    <ele>25.980000000000004</ele>
   </trkpt>
   <trkpt lat="51.014450000000004" lon="5.165030000000001">
    <ele>25.220000000000002</ele>
   </trkpt>
   <trkpt lat="51.01436" lon="5.16518">
    <ele>25.210000000000004</ele>
   </trkpt>
   <trkpt lat="51.01375" lon="5.1658800000000005">
    <ele>25.470000000000002</ele>
   </trkpt>
   <trkpt lat="51.013290000000005" lon="5.16666">
    <ele>25.36</ele>
   </trkpt>
   <trkpt lat="51.013290000000005" lon="5.166650000000001">
    <ele>25.36</ele>
   </trkpt>
   <trkpt lat="51.012840000000004" lon="5.167420000000001">
    <ele>25.380000000000003</ele>
   </trkpt>
   <trkpt lat="51.01274" lon="5.167560000000001">
    <ele>25.380000000000003</ele>
   </trkpt>
   <trkpt lat="51.0123" lon="5.168">
    <ele>25.27</ele>
   </trkpt>
   <trkpt lat="51.011690001431006" lon="5.1685850077226725">
    <ele>25.1</ele>
   </trkpt>
   <trkpt lat="51.01108000000001" lon="5.16917">
    <ele>24.970000000000002</ele>
   </trkpt>
   <trkpt lat="51.01095" lon="5.169250000000001">
    <ele>24.880000000000003</ele>
   </trkpt>
   <trkpt lat="51.010870000000004" lon="5.16927">
    <ele>24.880000000000003</ele>
   </trkpt>
   <trkpt lat="51.010670000000005" lon="5.16931">
    <ele>24.87</ele>
   </trkpt>
   <trkpt lat="51.01050000000001" lon="5.1692800000000005">
    <ele>24.810000000000002</ele>
   </trkpt>
   <trkpt lat="51.01000000028149" lon="5.169054997603868">
    <ele>24.66</ele>
   </trkpt>
   <trkpt lat="51.0095" lon="5.168830000000001">
    <ele>24.580000000000002</ele>
   </trkpt>
   <trkpt lat="51.00905" lon="5.168550000000001">
    <ele>24.46</ele>
   </trkpt>
   <trkpt lat="51.00864000000001" lon="5.16811">
    <ele>24.35</ele>
   </trkpt>
   <trkpt lat="51.008370000000006" lon="5.167730000000001">
    <ele>24.32</ele>
   </trkpt>
   <trkpt lat="51.007850000000005" lon="5.166810000000001">
    <ele>24.39</ele>
   </trkpt>
   <trkpt lat="51.00739" lon="5.1657">
    <ele>24.39</ele>
   </trkpt>
   <trkpt lat="51.007110000000004" lon="5.16507">
    <ele>24.23</ele>
   </trkpt>
   <trkpt lat="51.00665000000001" lon="5.164210000000001">
    <ele>24.25</ele>
   </trkpt>
   <trkpt lat="51.00631500138435" lon="5.163614995478209">
    <ele>24.23</ele>
   </trkpt>
   <trkpt lat="51.00598" lon="5.16302">
    <ele>24.39</ele>
   </trkpt>
   <trkpt lat="51.00553000000001" lon="5.16228">
    <ele>24.19</ele>
   </trkpt>
   <trkpt lat="51.00489001273507" lon="5.161282458707499">
    <ele>23.880000000000003</ele>
   </trkpt>
   <trkpt lat="51.00425001697664" lon="5.160284944939091">
    <ele>23.880000000000003</ele>
   </trkpt>
   <trkpt lat="51.00361001272516" lon="5.159287458693758">
    <ele>23.840000000000003</ele>
   </trkpt>
   <trkpt lat="51.002970000000005" lon="5.15829">
    <ele>23.810000000000002</ele>
   </trkpt>
   <trkpt lat="51.00271000000001" lon="5.15772">
    <ele>23.810000000000002</ele>
   </trkpt>
   <trkpt lat="51.00238" lon="5.15686">
    <ele>23.930000000000003</ele>
   </trkpt>
   <trkpt lat="51.00204" lon="5.15606">
    <ele>23.98</ele>
   </trkpt>
   <trkpt lat="51.001490000000004" lon="5.15524">
    <ele>24.080000000000002</ele>
   </trkpt>
   <trkpt lat="51.00137" lon="5.1550400000000005">
    <ele>24.080000000000002</ele>
   </trkpt>
   <trkpt lat="51.001270000000005" lon="5.15479">
    <ele>23.94</ele>
   </trkpt>
   <trkpt lat="51.00108" lon="5.15416">
    <ele>23.950000000000003</ele>
   </trkpt>
   <trkpt lat="51.00106" lon="5.153930000000001">
    <ele>23.950000000000003</ele>
   </trkpt>
   <trkpt lat="51.0011" lon="5.15369">
    <ele>23.900000000000002</ele>
   </trkpt>
   <trkpt lat="51.00126" lon="5.1532800000000005">
    <ele>23.900000000000002</ele>
   </trkpt>
   <trkpt lat="51.00128" lon="5.153020000000001">
    <ele>23.94</ele>
   </trkpt>
   <trkpt lat="51.00126" lon="5.152760000000001">
    <ele>23.94</ele>
   </trkpt>
   <trkpt lat="51.00117" lon="5.15237">
    <ele>23.880000000000003</ele>
   </trkpt>
   <trkpt lat="51.00113" lon="5.1519200000000005">
    <ele>23.87</ele>
   </trkpt>
   <trkpt lat="51.00121000000001" lon="5.15089">
    <ele>24.240000000000002</ele>
   </trkpt>
   <trkpt lat="51.001250000000006" lon="5.15066">
    <ele>24.43</ele>
   </trkpt>
   <trkpt lat="51.00132000000001" lon="5.15045">
    <ele>24.43</ele>
   </trkpt>
   <trkpt lat="51.001430000000006" lon="5.150270000000001">
    <ele>24.810000000000002</ele>
   </trkpt>
   <trkpt lat="51.001580000000004" lon="5.150130000000001">
    <ele>24.93</ele>
   </trkpt>
   <trkpt lat="51.00204500024921" lon="5.149905002239119">
    <ele>25.61</ele>
   </trkpt>
   <trkpt lat="51.00251" lon="5.14968">
    <ele>26.35</ele>
   </trkpt>
   <trkpt lat="51.002590000000005" lon="5.149570000000001">
    <ele>26.42</ele>
   </trkpt>
   <trkpt lat="51.00262000000001" lon="5.14949">
    <ele>26.42</ele>
   </trkpt>
   <trkpt lat="51.0026" lon="5.149260000000001">
    <ele>26.2</ele>
   </trkpt>
   <trkpt lat="51.00238" lon="5.14838">
    <ele>25.580000000000002</ele>
   </trkpt>
   <trkpt lat="51.00226000000001" lon="5.148090000000001">
    <ele>25.490000000000002</ele>
   </trkpt>
   <trkpt lat="51.00197000000001" lon="5.14771">
    <ele>25.43</ele>
   </trkpt>
   <trkpt lat="51.00186" lon="5.147500000000001">
    <ele>25.470000000000002</ele>
   </trkpt>
   <trkpt lat="51.001720000000006" lon="5.14717">
    <ele>25.560000000000002</ele>
   </trkpt>
   <trkpt lat="51.001400000000004" lon="5.146400000000001">
    <ele>25.800000000000004</ele>
   </trkpt>
   <trkpt lat="51.00108500352876" lon="5.145494993950923">
    <ele>26.38</ele>
   </trkpt>
   <trkpt lat="51.00077" lon="5.14459">
    <ele>26.930000000000003</ele>
   </trkpt>
   <trkpt lat="51.00067000000001" lon="5.144360000000001">
    <ele>26.930000000000003</ele>
   </trkpt>
   <trkpt lat="51.000530000000005" lon="5.14414">
    <ele>27.14</ele>
   </trkpt>
   <trkpt lat="50.99996" lon="5.14351">
    <ele>27.57</ele>
   </trkpt>
   <trkpt lat="50.999430000000004" lon="5.1429800000000006">
    <ele>27.590000000000003</ele>
   </trkpt>
   <trkpt lat="50.999410000000005" lon="5.14297">
    <ele>27.590000000000003</ele>
   </trkpt>
   <trkpt lat="50.999230000000004" lon="5.14278">
    <ele>27.590000000000003</ele>
   </trkpt>
   <trkpt lat="50.9986" lon="5.141970000000001">
    <ele>27.66</ele>
   </trkpt>
   <trkpt lat="50.998450000000005" lon="5.14224">
    <ele>26.63</ele>
   </trkpt>
   <trkpt lat="50.99813" lon="5.14275">
    <ele>25.120000000000005</ele>
   </trkpt>
   <trkpt lat="50.997590005531016" lon="5.143553351997972">
    <ele>24.34</ele>
   </trkpt>
   <trkpt lat="50.99705000555317" lon="5.14435668529803">
    <ele>24.040000000000003</ele>
   </trkpt>
   <trkpt lat="50.99651" lon="5.145160000000001">
    <ele>23.930000000000003</ele>
   </trkpt>
   <trkpt lat="50.99638" lon="5.14543">
    <ele>23.930000000000003</ele>
   </trkpt>
   <trkpt lat="50.99626000000001" lon="5.1458">
    <ele>23.98</ele>
   </trkpt>
   <trkpt lat="50.995922521133984" lon="5.147085028071738">
    <ele>23.98</ele>
   </trkpt>
   <trkpt lat="50.995585028172364" lon="5.148370037452154">
    <ele>23.96</ele>
   </trkpt>
   <trkpt lat="50.9952475211155" lon="5.149655028140962">
    <ele>23.96</ele>
   </trkpt>
   <trkpt lat="50.994910000000004" lon="5.15094">
    <ele>24.23</ele>
   </trkpt>
   <trkpt lat="50.99484" lon="5.1513800000000005">
    <ele>24.17</ele>
   </trkpt>
   <trkpt lat="50.994730003321216" lon="5.152260001958208">
    <ele>24.51</ele>
   </trkpt>
   <trkpt lat="50.994620000000005" lon="5.1531400000000005">
    <ele>24.73</ele>
   </trkpt>
   <trkpt lat="50.99452" lon="5.153060000000001">
    <ele>24.68</ele>
   </trkpt>
   <trkpt lat="50.994250002136845" lon="5.152349995830374">
    <ele>22.85</ele>
   </trkpt>
   <trkpt lat="50.99398000000001" lon="5.15164">
    <ele>22.7</ele>
   </trkpt>
   <trkpt lat="50.99394" lon="5.1515200000000005">
    <ele>22.69</ele>
   </trkpt>
   <trkpt lat="50.99352000334305" lon="5.150639992114999">
    <ele>22.830000000000002</ele>
   </trkpt>
   <trkpt lat="50.993100000000005" lon="5.149760000000001">
    <ele>22.85</ele>
   </trkpt>
   <trkpt lat="50.99291" lon="5.14921">
    <ele>23.07</ele>
   </trkpt>
   <trkpt lat="50.99287" lon="5.14892">
    <ele>23.07</ele>
   </trkpt>
   <trkpt lat="50.992830000000005" lon="5.148090000000001">
    <ele>22.930000000000003</ele>
   </trkpt>
   <trkpt lat="50.992740000000005" lon="5.14773">
    <ele>23.1</ele>
   </trkpt>
   <trkpt lat="50.9923300024131" lon="5.146964993083574">
    <ele>23.160000000000004</ele>
   </trkpt>
   <trkpt lat="50.99192000000001" lon="5.1462">
    <ele>23.37</ele>
   </trkpt>
   <trkpt lat="50.99139" lon="5.1452800000000005">
    <ele>23.12</ele>
   </trkpt>
   <trkpt lat="50.99105500109237" lon="5.144744995931866">
    <ele>23.01</ele>
   </trkpt>
   <trkpt lat="50.99072" lon="5.14421">
    <ele>22.97</ele>
   </trkpt>
   <trkpt lat="50.990610000000004" lon="5.144080000000001">
    <ele>22.97</ele>
   </trkpt>
   <trkpt lat="50.99015500064755" lon="5.143624995303447">
    <ele>22.750000000000004</ele>
   </trkpt>
   <trkpt lat="50.989700000000006" lon="5.1431700000000005">
    <ele>22.820000000000004</ele>
   </trkpt>
   <trkpt lat="50.989540000000005" lon="5.143050000000001">
    <ele>22.8</ele>
   </trkpt>
   <trkpt lat="50.98942" lon="5.143000000000001">
    <ele>22.8</ele>
   </trkpt>
   <trkpt lat="50.98891500005175" lon="5.142879998692095">
    <ele>22.570000000000004</ele>
   </trkpt>
   <trkpt lat="50.98841" lon="5.14276">
    <ele>22.950000000000003</ele>
   </trkpt>
   <trkpt lat="50.98798000000001" lon="5.14269">
    <ele>22.950000000000003</ele>
   </trkpt>
   <trkpt lat="50.987840000000006" lon="5.1427700000000005">
    <ele>23.080000000000002</ele>
   </trkpt>
   <trkpt lat="50.98772" lon="5.1428">
    <ele>23.080000000000002</ele>
   </trkpt>
   <trkpt lat="50.98736" lon="5.14285">
    <ele>22.990000000000002</ele>
   </trkpt>
   <trkpt lat="50.987260000000006" lon="5.1429">
    <ele>23.03</ele>
   </trkpt>
   <trkpt lat="50.98716" lon="5.14301">
    <ele>23.03</ele>
   </trkpt>
   <trkpt lat="50.98691" lon="5.14344">
    <ele>23.180000000000003</ele>
   </trkpt>
   <trkpt lat="50.98682" lon="5.143540000000001">
    <ele>23.03</ele>
   </trkpt>
   <trkpt lat="50.986720000000005" lon="5.143610000000001">
    <ele>23.03</ele>
   </trkpt>
   <trkpt lat="50.986580000000004" lon="5.14364">
    <ele>23.020000000000003</ele>
   </trkpt>
   <trkpt lat="50.986290000000004" lon="5.1436">
    <ele>23.180000000000003</ele>
   </trkpt>
   <trkpt lat="50.98584" lon="5.14374">
    <ele>23.020000000000003</ele>
   </trkpt>
   <trkpt lat="50.9857" lon="5.14381">
    <ele>22.96</ele>
   </trkpt>
   <trkpt lat="50.98523000029759" lon="5.14409500291529">
    <ele>22.820000000000004</ele>
   </trkpt>
   <trkpt lat="50.98476" lon="5.144380000000001">
    <ele>22.94</ele>
   </trkpt>
   <trkpt lat="50.98461" lon="5.14451">
    <ele>22.98</ele>
   </trkpt>
   <trkpt lat="50.984390000000005" lon="5.14477">
    <ele>22.860000000000003</ele>
   </trkpt>
   <trkpt lat="50.98397500133001" lon="5.145350005332872">
    <ele>22.96</ele>
   </trkpt>
   <trkpt lat="50.983560000000004" lon="5.145930000000001">
    <ele>23.14</ele>
   </trkpt>
   <trkpt lat="50.98350000000001" lon="5.145980000000001">
    <ele>23.160000000000004</ele>
   </trkpt>
   <trkpt lat="50.983250000000005" lon="5.14611">
    <ele>23.15</ele>
   </trkpt>
   <trkpt lat="50.98312000000001" lon="5.1462200000000005">
    <ele>23.15</ele>
   </trkpt>
   <trkpt lat="50.98299" lon="5.1463600000000005">
    <ele>23.22</ele>
   </trkpt>
   <trkpt lat="50.98281" lon="5.1466">
    <ele>23.41</ele>
   </trkpt>
   <trkpt lat="50.98230250958116" lon="5.147465028367173">
    <ele>23.73</ele>
   </trkpt>
   <trkpt lat="50.98179501277438" lon="5.148330037823102">
    <ele>23.82</ele>
   </trkpt>
   <trkpt lat="50.98128750957992" lon="5.149195028368306">
    <ele>23.950000000000003</ele>
   </trkpt>
   <trkpt lat="50.98078" lon="5.150060000000001">
    <ele>23.860000000000003</ele>
   </trkpt>
   <trkpt lat="50.98067" lon="5.15038">
    <ele>23.860000000000003</ele>
   </trkpt>
   <trkpt lat="50.98053" lon="5.15106">
    <ele>23.83</ele>
   </trkpt>
   <trkpt lat="50.98030000000001" lon="5.151870000000001">
    <ele>23.860000000000003</ele>
   </trkpt>
   <trkpt lat="50.980000000000004" lon="5.15259">
    <ele>23.67</ele>
   </trkpt>
   <trkpt lat="50.9799" lon="5.152900000000001">
    <ele>23.500000000000004</ele>
   </trkpt>
   <trkpt lat="50.979820000000004" lon="5.15343">
    <ele>23.51</ele>
   </trkpt>
   <trkpt lat="50.979780000000005" lon="5.15404">
    <ele>23.51</ele>
   </trkpt>
   <trkpt lat="50.979540004928516" lon="5.155115005576374">
    <ele>23.790000000000003</ele>
   </trkpt>
   <trkpt lat="50.9793" lon="5.1561900000000005">
    <ele>23.62</ele>
   </trkpt>
   <trkpt lat="50.97910251431744" lon="5.157247513513303">
    <ele>23.650000000000002</ele>
   </trkpt>
   <trkpt lat="50.97890501908744" lon="5.158305018030704">
    <ele>23.73</ele>
   </trkpt>
   <trkpt lat="50.97870751431014" lon="5.159362513551915">
    <ele>23.78</ele>
   </trkpt>
   <trkpt lat="50.97851000000001" lon="5.16042">
    <ele>23.560000000000002</ele>
   </trkpt>
   <trkpt lat="50.97842000319479" lon="5.161285001668353">
    <ele>23.32</ele>
   </trkpt>
   <trkpt lat="50.97833000000001" lon="5.1621500000000005">
    <ele>23.57</ele>
   </trkpt>
   <trkpt lat="50.97833000000001" lon="5.1623600000000005">
    <ele>23.57</ele>
   </trkpt>
   <trkpt lat="50.97840000000001" lon="5.16303">
    <ele>23.590000000000003</ele>
   </trkpt>
   <trkpt lat="50.97836" lon="5.163830000000001">
    <ele>23.76</ele>
   </trkpt>
   <trkpt lat="50.978390000000005" lon="5.16427">
    <ele>23.990000000000002</ele>
   </trkpt>
   <trkpt lat="50.97843" lon="5.1645900000000005">
    <ele>24.25</ele>
   </trkpt>
   <trkpt lat="50.97851000000001" lon="5.164820000000001">
    <ele>24.41</ele>
   </trkpt>
   <trkpt lat="50.97876" lon="5.165780000000001">
    <ele>24.91</ele>
   </trkpt>
   <trkpt lat="50.978790000000004" lon="5.165970000000001">
    <ele>24.91</ele>
   </trkpt>
   <trkpt lat="50.978840000000005" lon="5.16668">
    <ele>24.84</ele>
   </trkpt>
   <trkpt lat="50.97898000000001" lon="5.167520000000001">
    <ele>24.96</ele>
   </trkpt>
   <trkpt lat="50.97905" lon="5.16783">
    <ele>24.93</ele>
   </trkpt>
   <trkpt lat="50.979130000000005" lon="5.16805">
    <ele>24.970000000000002</ele>
   </trkpt>
   <trkpt lat="50.979455002149464" lon="5.16875999502512">
    <ele>25.39</ele>
   </trkpt>
   <trkpt lat="50.979780000000005" lon="5.1694700000000005">
    <ele>25.59</ele>
   </trkpt>
   <trkpt lat="50.98015" lon="5.170610000000001">
    <ele>25.75</ele>
   </trkpt>
   <trkpt lat="50.98024" lon="5.171010000000001">
    <ele>25.810000000000002</ele>
   </trkpt>
   <trkpt lat="50.980270000000004" lon="5.17131">
    <ele>25.810000000000002</ele>
   </trkpt>
   <trkpt lat="50.980270000000004" lon="5.1715">
    <ele>25.810000000000002</ele>
   </trkpt>
   <trkpt lat="50.9802" lon="5.17213">
    <ele>25.900000000000002</ele>
   </trkpt>
   <trkpt lat="50.9802" lon="5.172300000000001">
    <ele>25.900000000000002</ele>
   </trkpt>
   <trkpt lat="50.98026" lon="5.172580000000001">
    <ele>26.01</ele>
   </trkpt>
   <trkpt lat="50.98059000000001" lon="5.1737">
    <ele>26.64</ele>
   </trkpt>
   <trkpt lat="50.98059000000001" lon="5.174650000000001">
    <ele>26.590000000000003</ele>
   </trkpt>
   <trkpt lat="50.980560000000004" lon="5.1748400000000006">
    <ele>26.050000000000004</ele>
   </trkpt>
   <trkpt lat="50.980470000000004" lon="5.17516">
    <ele>26.050000000000004</ele>
   </trkpt>
   <trkpt lat="50.980520000000006" lon="5.175680000000001">
    <ele>26.02</ele>
   </trkpt>
   <trkpt lat="50.980630000000005" lon="5.176290000000001">
    <ele>26.19</ele>
   </trkpt>
   <trkpt lat="50.98086000000001" lon="5.177370000000001">
    <ele>26.240000000000002</ele>
   </trkpt>
   <trkpt lat="50.98091" lon="5.17785">
    <ele>26.770000000000003</ele>
   </trkpt>
   <trkpt lat="50.98116" lon="5.17797">
    <ele>27.15</ele>
   </trkpt>
   <trkpt lat="50.981590000000004" lon="5.1782900000000005">
    <ele>28.520000000000003</ele>
   </trkpt>
   <trkpt lat="50.981680000000004" lon="5.178380000000001">
    <ele>28.580000000000002</ele>
   </trkpt>
   <trkpt lat="50.98165" lon="5.17844">
    <ele>28.46</ele>
   </trkpt>
   <trkpt lat="50.981660000000005" lon="5.178570000000001">
    <ele>28.37</ele>
   </trkpt>
   <trkpt lat="50.98188751759901" lon="5.179742482735098">
    <ele>27.48</ele>
   </trkpt>
   <trkpt lat="50.982115023461816" lon="5.180914976961513">
    <ele>27.13</ele>
   </trkpt>
   <trkpt lat="50.982342517588236" lon="5.182087482678859">
    <ele>27.110000000000003</ele>
   </trkpt>
   <trkpt lat="50.98257" lon="5.183260000000001">
    <ele>27.89</ele>
   </trkpt>
   <trkpt lat="50.9819" lon="5.183540000000001">
    <ele>26.37</ele>
   </trkpt>
   <trkpt lat="50.98171000000001" lon="5.1836400000000005">
    <ele>26.150000000000002</ele>
   </trkpt>
   <trkpt lat="50.98105500107992" lon="5.184125006786077">
    <ele>25.23</ele>
   </trkpt>
   <trkpt lat="50.9804" lon="5.18461">
    <ele>25.0</ele>
   </trkpt>
   <trkpt lat="50.9802" lon="5.1848">
    <ele>24.92</ele>
   </trkpt>
   <trkpt lat="50.979910002354075" lon="5.185540004579609">
    <ele>24.240000000000002</ele>
   </trkpt>
   <trkpt lat="50.979620000000004" lon="5.18628">
    <ele>23.91</ele>
   </trkpt>
   <trkpt lat="50.979510000000005" lon="5.1865000000000006">
    <ele>23.880000000000003</ele>
   </trkpt>
   <trkpt lat="50.979380000000006" lon="5.186640000000001">
    <ele>23.87</ele>
   </trkpt>
   <trkpt lat="50.979290000000006" lon="5.186710000000001">
    <ele>23.87</ele>
   </trkpt>
   <trkpt lat="50.97874" lon="5.187">
    <ele>22.9</ele>
   </trkpt>
   <trkpt lat="50.978550000000006" lon="5.187080000000001">
    <ele>22.9</ele>
   </trkpt>
   <trkpt lat="50.97833000000001" lon="5.18714">
    <ele>22.55</ele>
   </trkpt>
   <trkpt lat="50.97786000000001" lon="5.187200000000001">
    <ele>22.500000000000004</ele>
   </trkpt>
   <trkpt lat="50.977200000042004" lon="5.187253334847997">
    <ele>22.22</ele>
   </trkpt>
   <trkpt lat="50.97654000005971" lon="5.187306668179874">
    <ele>21.95</ele>
   </trkpt>
   <trkpt lat="50.975880000000004" lon="5.187360000000001">
    <ele>22.21</ele>
   </trkpt>
   <trkpt lat="50.97578000000001" lon="5.1874">
    <ele>22.21</ele>
   </trkpt>
   <trkpt lat="50.9757" lon="5.1875100000000005">
    <ele>22.45</ele>
   </trkpt>
   <trkpt lat="50.974892502236855" lon="5.1870949783675755">
    <ele>22.240000000000002</ele>
   </trkpt>
   <trkpt lat="50.97408500300324" lon="5.186679971168062">
    <ele>22.680000000000003</ele>
   </trkpt>
   <trkpt lat="50.973277502299254" lon="5.18626497840057">
    <ele>21.92</ele>
   </trkpt>
   <trkpt lat="50.97247" lon="5.18585">
    <ele>21.830000000000002</ele>
   </trkpt>
   <trkpt lat="50.97213000000001" lon="5.18562">
    <ele>21.94</ele>
   </trkpt>
   <trkpt lat="50.971700000000006" lon="5.185250000000001">
    <ele>22.09</ele>
   </trkpt>
   <trkpt lat="50.97139000000001" lon="5.18505">
    <ele>22.520000000000003</ele>
   </trkpt>
   <trkpt lat="50.971210000000006" lon="5.18498">
    <ele>22.770000000000003</ele>
   </trkpt>
   <trkpt lat="50.970890000000004" lon="5.1849300000000005">
    <ele>23.110000000000003</ele>
   </trkpt>
   <trkpt lat="50.97073" lon="5.184920000000001">
    <ele>23.360000000000003</ele>
   </trkpt>
   <trkpt lat="50.97005000000001" lon="5.18498">
    <ele>22.46</ele>
   </trkpt>
   <trkpt lat="50.96958000000001" lon="5.1851">
    <ele>22.12</ele>
   </trkpt>
   <trkpt lat="50.96936" lon="5.18512">
    <ele>21.900000000000002</ele>
   </trkpt>
   <trkpt lat="50.969120000000004" lon="5.18512">
    <ele>21.890000000000004</ele>
   </trkpt>
   <trkpt lat="50.96885" lon="5.18508">
    <ele>21.910000000000004</ele>
   </trkpt>
   <trkpt lat="50.96855000000001" lon="5.184970000000001">
    <ele>22.02</ele>
   </trkpt>
   <trkpt lat="50.968180000000004" lon="5.184740000000001">
    <ele>22.250000000000004</ele>
   </trkpt>
   <trkpt lat="50.967620000000004" lon="5.184430000000001">
    <ele>22.3</ele>
   </trkpt>
   <trkpt lat="50.967510000000004" lon="5.1843900000000005">
    <ele>22.3</ele>
   </trkpt>
   <trkpt lat="50.966880000115815" lon="5.184274998451162">
    <ele>22.0</ele>
   </trkpt>
   <trkpt lat="50.96625" lon="5.18416">
    <ele>22.22</ele>
   </trkpt>
   <trkpt lat="50.966240000000006" lon="5.18416">
    <ele>22.22</ele>
   </trkpt>
   <trkpt lat="50.96603" lon="5.18414">
    <ele>22.250000000000004</ele>
   </trkpt>
   <trkpt lat="50.96553499986053" lon="5.184129999890617">
    <ele>22.36</ele>
   </trkpt>
   <trkpt lat="50.96504" lon="5.18412">
    <ele>22.520000000000003</ele>
   </trkpt>
   <trkpt lat="50.96497" lon="5.18414">
    <ele>22.520000000000003</ele>
   </trkpt>
   <trkpt lat="50.96486" lon="5.18423">
    <ele>22.76</ele>
   </trkpt>
   <trkpt lat="50.964850000000006" lon="5.1843">
    <ele>22.76</ele>
   </trkpt>
   <trkpt lat="50.964360000000006" lon="5.18461">
    <ele>23.05</ele>
   </trkpt>
   <trkpt lat="50.963805000656045" lon="5.185020004943563">
    <ele>22.72</ele>
   </trkpt>
   <trkpt lat="50.96325" lon="5.18543">
    <ele>22.54</ele>
   </trkpt>
   <trkpt lat="50.96307" lon="5.18559">
    <ele>22.54</ele>
   </trkpt>
   <trkpt lat="50.96276" lon="5.18594">
    <ele>22.78</ele>
   </trkpt>
   <trkpt lat="50.9626" lon="5.186050000000001">
    <ele>22.78</ele>
   </trkpt>
   <trkpt lat="50.96255000000001" lon="5.18602">
    <ele>22.78</ele>
   </trkpt>
   <trkpt lat="50.962520000000005" lon="5.186030000000001">
    <ele>22.78</ele>
   </trkpt>
   <trkpt lat="50.96247" lon="5.186100000000001">
    <ele>22.85</ele>
   </trkpt>
   <trkpt lat="50.96246000000001" lon="5.186190000000001">
    <ele>22.85</ele>
   </trkpt>
   <trkpt lat="50.962480000000006" lon="5.18628">
    <ele>22.85</ele>
   </trkpt>
   <trkpt lat="50.962390000000006" lon="5.186540000000001">
    <ele>22.94</ele>
   </trkpt>
   <trkpt lat="50.96197000103532" lon="5.187040004558087">
    <ele>22.81</ele>
   </trkpt>
   <trkpt lat="50.96155" lon="5.18754">
    <ele>23.19</ele>
   </trkpt>
   <trkpt lat="50.961000004189614" lon="5.188540011982373">
    <ele>24.040000000000003</ele>
   </trkpt>
   <trkpt lat="50.96045" lon="5.18954">
    <ele>24.91</ele>
   </trkpt>
   <trkpt lat="50.95991" lon="5.19043">
    <ele>25.890000000000004</ele>
   </trkpt>
   <trkpt lat="50.959500000958975" lon="5.190925004473017">
    <ele>26.12</ele>
   </trkpt>
   <trkpt lat="50.95909" lon="5.191420000000001">
    <ele>27.01</ele>
   </trkpt>
   <trkpt lat="50.95884" lon="5.1917">
    <ele>27.430000000000003</ele>
   </trkpt>
   <trkpt lat="50.95837" lon="5.19216">
    <ele>28.130000000000003</ele>
   </trkpt>
   <trkpt lat="50.958000000000006" lon="5.19249">
    <ele>28.32</ele>
   </trkpt>
   <trkpt lat="50.95727000152012" lon="5.19307000904497">
    <ele>28.16</ele>
   </trkpt>
   <trkpt lat="50.956540000000004" lon="5.193650000000001">
    <ele>27.630000000000003</ele>
   </trkpt>
   <trkpt lat="50.956210000000006" lon="5.19385">
    <ele>27.31</ele>
   </trkpt>
   <trkpt lat="50.955960000000005" lon="5.19395">
    <ele>27.090000000000003</ele>
   </trkpt>
   <trkpt lat="50.95566" lon="5.19402">
    <ele>26.92</ele>
   </trkpt>
   <trkpt lat="50.954890000000006" lon="5.19413">
    <ele>26.7</ele>
   </trkpt>
   <trkpt lat="50.95459" lon="5.1942200000000005">
    <ele>26.7</ele>
   </trkpt>
   <trkpt lat="50.954260000000005" lon="5.1943600000000005">
    <ele>26.820000000000004</ele>
   </trkpt>
   <trkpt lat="50.95366000090649" lon="5.194696675394102">
    <ele>27.05</ele>
   </trkpt>
   <trkpt lat="50.95306000084512" lon="5.195033342095061">
    <ele>27.4</ele>
   </trkpt>
   <trkpt lat="50.95246" lon="5.1953700000000005">
    <ele>27.6</ele>
   </trkpt>
   <trkpt lat="50.95165" lon="5.19585">
    <ele>27.96</ele>
   </trkpt>
   <trkpt lat="50.950957502628626" lon="5.196305020352689">
    <ele>28.540000000000003</ele>
   </trkpt>
   <trkpt lat="50.950265003489356" lon="5.196760027146579">
    <ele>29.150000000000002</ele>
   </trkpt>
   <trkpt lat="50.94957250258229" lon="5.197215020382373">
    <ele>29.6</ele>
   </trkpt>
   <trkpt lat="50.94888" lon="5.1976700000000005">
    <ele>30.29</ele>
   </trkpt>
   <trkpt lat="50.94865" lon="5.19779">
    <ele>30.490000000000002</ele>
   </trkpt>
   <trkpt lat="50.94845" lon="5.19784">
    <ele>30.520000000000003</ele>
   </trkpt>
   <trkpt lat="50.94818" lon="5.19787">
    <ele>30.570000000000004</ele>
   </trkpt>
   <trkpt lat="50.94796" lon="5.19786">
    <ele>30.660000000000004</ele>
   </trkpt>
   <trkpt lat="50.947770000000006" lon="5.197800000000001">
    <ele>30.97</ele>
   </trkpt>
   <trkpt lat="50.94697000000001" lon="5.19747">
    <ele>30.410000000000004</ele>
   </trkpt>
   <trkpt lat="50.94698" lon="5.19747">
    <ele>30.410000000000004</ele>
   </trkpt>
   <trkpt lat="50.94620500137779" lon="5.1971424836219695">
    <ele>30.69</ele>
   </trkpt>
   <trkpt lat="50.94543000183963" lon="5.196814978164165">
    <ele>29.470000000000002</ele>
   </trkpt>
   <trkpt lat="50.94465500138556" lon="5.19648748362593">
    <ele>29.39</ele>
   </trkpt>
   <trkpt lat="50.94388000000001" lon="5.196160000000001">
    <ele>30.12</ele>
   </trkpt>
   <trkpt lat="50.94375" lon="5.1962600000000005">
    <ele>29.87</ele>
   </trkpt>
   <trkpt lat="50.943360000000006" lon="5.1967300000000005">
    <ele>29.710000000000004</ele>
   </trkpt>
   <trkpt lat="50.94288" lon="5.197360000000001">
    <ele>29.880000000000003</ele>
   </trkpt>
   <trkpt lat="50.942730000000005" lon="5.197640000000001">
    <ele>29.880000000000003</ele>
   </trkpt>
   <trkpt lat="50.94234" lon="5.198670000000001">
    <ele>30.060000000000002</ele>
   </trkpt>
   <trkpt lat="50.94221" lon="5.1989">
    <ele>30.230000000000004</ele>
   </trkpt>
   <trkpt lat="50.94209000000001" lon="5.199020000000001">
    <ele>30.230000000000004</ele>
   </trkpt>
   <trkpt lat="50.941930000000006" lon="5.19911">
    <ele>30.26</ele>
   </trkpt>
   <trkpt lat="50.94117500050765" lon="5.199445005427236">
    <ele>30.11</ele>
   </trkpt>
   <trkpt lat="50.94042" lon="5.1997800000000005">
    <ele>29.910000000000004</ele>
   </trkpt>
   <trkpt lat="50.94021000000001" lon="5.19984">
    <ele>29.85</ele>
   </trkpt>
   <trkpt lat="50.94008" lon="5.19983">
    <ele>29.800000000000004</ele>
   </trkpt>
   <trkpt lat="50.93966" lon="5.199750000000001">
    <ele>29.710000000000004</ele>
   </trkpt>
   <trkpt lat="50.939510000000006" lon="5.199750000000001">
    <ele>29.630000000000003</ele>
   </trkpt>
   <trkpt lat="50.939420000000005" lon="5.19979">
    <ele>29.630000000000003</ele>
   </trkpt>
   <trkpt lat="50.939330000000005" lon="5.19986">
    <ele>29.630000000000003</ele>
   </trkpt>
   <trkpt lat="50.939150000000005" lon="5.20007">
    <ele>29.370000000000005</ele>
   </trkpt>
   <trkpt lat="50.93872500139487" lon="5.200655005438313">
    <ele>29.09</ele>
   </trkpt>
   <trkpt lat="50.938300000000005" lon="5.20124">
    <ele>28.740000000000002</ele>
   </trkpt>
   <trkpt lat="50.93797500113961" lon="5.201760003658369">
    <ele>29.05</ele>
   </trkpt>
   <trkpt lat="50.937650000000005" lon="5.20228">
    <ele>29.220000000000002</ele>
   </trkpt>
   <trkpt lat="50.93723000220896" lon="5.2029850062220495">
    <ele>28.900000000000002</ele>
   </trkpt>
   <trkpt lat="50.93681" lon="5.203690000000001">
    <ele>28.21</ele>
   </trkpt>
   <trkpt lat="50.93648" lon="5.2042600000000006">
    <ele>28.060000000000002</ele>
   </trkpt>
   <trkpt lat="50.936060000000005" lon="5.20523">
    <ele>27.91</ele>
   </trkpt>
   <trkpt lat="50.93580000000001" lon="5.20593">
    <ele>27.790000000000003</ele>
   </trkpt>
   <trkpt lat="50.935750000000006" lon="5.2062100000000004">
    <ele>27.790000000000003</ele>
   </trkpt>
   <trkpt lat="50.93578" lon="5.2064900000000005">
    <ele>27.790000000000003</ele>
   </trkpt>
   <trkpt lat="50.936060000000005" lon="5.2076">
    <ele>28.62</ele>
   </trkpt>
   <trkpt lat="50.93618000000001" lon="5.20821">
    <ele>28.73</ele>
   </trkpt>
   <trkpt lat="50.93621" lon="5.20852">
    <ele>28.71</ele>
   </trkpt>
   <trkpt lat="50.93620000000001" lon="5.20964">
    <ele>28.44</ele>
   </trkpt>
   <trkpt lat="50.93623" lon="5.209840000000001">
    <ele>28.540000000000003</ele>
   </trkpt>
   <trkpt lat="50.935900000000004" lon="5.21035">
    <ele>27.35</ele>
   </trkpt>
   <trkpt lat="50.93564000000001" lon="5.210660000000001">
    <ele>26.98</ele>
   </trkpt>
   <trkpt lat="50.935460000000006" lon="5.210800000000001">
    <ele>26.36</ele>
   </trkpt>
   <trkpt lat="50.935300000000005" lon="5.21086">
    <ele>26.160000000000004</ele>
   </trkpt>
   <trkpt lat="50.93477000000001" lon="5.21089">
    <ele>25.94</ele>
   </trkpt>
   <trkpt lat="50.93469" lon="5.21091">
    <ele>25.94</ele>
   </trkpt>
   <trkpt lat="50.9346" lon="5.21096">
    <ele>25.94</ele>
   </trkpt>
   <trkpt lat="50.934490000000004" lon="5.21114">
    <ele>25.92</ele>
   </trkpt>
   <trkpt lat="50.93431" lon="5.211740000000001">
    <ele>26.09</ele>
   </trkpt>
   <trkpt lat="50.93424" lon="5.21206">
    <ele>26.46</ele>
   </trkpt>
   <trkpt lat="50.933890000000005" lon="5.213360000000001">
    <ele>26.770000000000003</ele>
   </trkpt>
   <trkpt lat="50.933800000000005" lon="5.21361">
    <ele>26.770000000000003</ele>
   </trkpt>
   <trkpt lat="50.933690000000006" lon="5.2138100000000005">
    <ele>26.94</ele>
   </trkpt>
   <trkpt lat="50.93336000000001" lon="5.2143500000000005">
    <ele>26.85</ele>
   </trkpt>
   <trkpt lat="50.933150000000005" lon="5.21487">
    <ele>27.01</ele>
   </trkpt>
   <trkpt lat="50.93292" lon="5.21553">
    <ele>27.080000000000002</ele>
   </trkpt>
   <trkpt lat="50.93283" lon="5.21567">
    <ele>27.200000000000003</ele>
   </trkpt>
   <trkpt lat="50.93271000000001" lon="5.215750000000001">
    <ele>27.23</ele>
   </trkpt>
   <trkpt lat="50.932610000000004" lon="5.215750000000001">
    <ele>27.23</ele>
   </trkpt>
   <trkpt lat="50.93207" lon="5.21555">
    <ele>27.330000000000002</ele>
   </trkpt>
   <trkpt lat="50.931850000000004" lon="5.21553">
    <ele>27.330000000000002</ele>
   </trkpt>
   <trkpt lat="50.931650000000005" lon="5.2155700000000005">
    <ele>27.3</ele>
   </trkpt>
   <trkpt lat="50.93146" lon="5.2157">
    <ele>27.3</ele>
   </trkpt>
   <trkpt lat="50.93132000000001" lon="5.21584">
    <ele>27.3</ele>
   </trkpt>
   <trkpt lat="50.93063" lon="5.216690000000001">
    <ele>26.820000000000004</ele>
   </trkpt>
   <trkpt lat="50.930460000000004" lon="5.2170000000000005">
    <ele>26.820000000000004</ele>
   </trkpt>
   <trkpt lat="50.93037" lon="5.217250000000001">
    <ele>26.820000000000004</ele>
   </trkpt>
   <trkpt lat="50.93018500264821" lon="5.2180300028906075">
    <ele>26.6</ele>
   </trkpt>
   <trkpt lat="50.93000000000001" lon="5.21881">
    <ele>26.44</ele>
   </trkpt>
   <trkpt lat="50.9299" lon="5.21914">
    <ele>26.44</ele>
   </trkpt>
   <trkpt lat="50.929520000000004" lon="5.220020000000001">
    <ele>26.01</ele>
   </trkpt>
   <trkpt lat="50.929030000000004" lon="5.22112">
    <ele>26.590000000000003</ele>
   </trkpt>
   <trkpt lat="50.92838500206968" lon="5.220719983372995">
    <ele>25.810000000000002</ele>
   </trkpt>
   <trkpt lat="50.9277400027728" lon="5.220319977839254">
    <ele>25.93</ele>
   </trkpt>
   <trkpt lat="50.92709500210945" lon="5.219919983398237">
    <ele>26.140000000000004</ele>
   </trkpt>
   <trkpt lat="50.92645" lon="5.21952">
    <ele>26.480000000000004</ele>
   </trkpt>
   <trkpt lat="50.925960000423544" lon="5.219204996681954">
    <ele>26.44</ele>
   </trkpt>
   <trkpt lat="50.925470000000004" lon="5.21889">
    <ele>26.580000000000002</ele>
   </trkpt>
   <trkpt lat="50.92500500052973" lon="5.218604997263399">
    <ele>26.660000000000004</ele>
   </trkpt>
   <trkpt lat="50.92454000000001" lon="5.21832">
    <ele>26.930000000000003</ele>
   </trkpt>
   <trkpt lat="50.924530000000004" lon="5.21832">
    <ele>26.930000000000003</ele>
   </trkpt>
   <trkpt lat="50.92399" lon="5.21799">
    <ele>27.87</ele>
   </trkpt>
   <trkpt lat="50.923730000000006" lon="5.21774">
    <ele>28.23</ele>
   </trkpt>
   <trkpt lat="50.92372" lon="5.217840000000001">
    <ele>28.28</ele>
   </trkpt>
   <trkpt lat="50.923660000000005" lon="5.217840000000001">
    <ele>28.290000000000003</ele>
   </trkpt>
   <trkpt lat="50.92352" lon="5.2186200000000005">
    <ele>28.1</ele>
   </trkpt>
   <trkpt lat="50.9234" lon="5.2191">
    <ele>28.14</ele>
   </trkpt>
   <trkpt lat="50.923112512991324" lon="5.2201075187224415">
    <ele>28.360000000000003</ele>
   </trkpt>
   <trkpt lat="50.922825017313066" lon="5.221115024993372">
    <ele>28.42</ele>
   </trkpt>
   <trkpt lat="50.922537512965405" lon="5.222122518812696">
    <ele>28.5</ele>
   </trkpt>
   <trkpt lat="50.922250000000005" lon="5.22313">
    <ele>28.71</ele>
   </trkpt>
   <trkpt lat="50.92217" lon="5.223490000000001">
    <ele>28.720000000000002</ele>
   </trkpt>
   <trkpt lat="50.92208" lon="5.22348">
    <ele>28.8</ele>
   </trkpt>
   <trkpt lat="50.9219" lon="5.22353">
    <ele>28.92</ele>
   </trkpt>
   <trkpt lat="50.92165000000001" lon="5.223520000000001">
    <ele>29.05</ele>
   </trkpt>
   <trkpt lat="50.921380000000006" lon="5.22346">
    <ele>29.51</ele>
   </trkpt>
   <trkpt lat="50.92108" lon="5.22334">
    <ele>29.51</ele>
   </trkpt>
   <trkpt lat="50.92040500074571" lon="5.222929994069028">
    <ele>30.490000000000002</ele>
   </trkpt>
   <trkpt lat="50.91973" lon="5.22252">
    <ele>30.900000000000002</ele>
   </trkpt>
   <trkpt lat="50.919540000000005" lon="5.22243">
    <ele>30.900000000000002</ele>
   </trkpt>
   <trkpt lat="50.919200000000004" lon="5.222320000000001">
    <ele>31.46</ele>
   </trkpt>
   <trkpt lat="50.91853000009989" lon="5.22220499835161">
    <ele>31.93</ele>
   </trkpt>
   <trkpt lat="50.917860000000005" lon="5.222090000000001">
    <ele>32.25</ele>
   </trkpt>
   <trkpt lat="50.91765" lon="5.22208">
    <ele>32.25</ele>
   </trkpt>
   <trkpt lat="50.91723" lon="5.2221">
    <ele>32.910000000000004</ele>
   </trkpt>
   <trkpt lat="50.916650000000004" lon="5.222180000000001">
    <ele>33.5</ele>
   </trkpt>
   <trkpt lat="50.915800000000004" lon="5.22233">
    <ele>34.57</ele>
   </trkpt>
   <trkpt lat="50.91517" lon="5.222510000000001">
    <ele>34.800000000000004</ele>
   </trkpt>
   <trkpt lat="50.914620000210014" lon="5.222705002287645">
    <ele>35.03000000000001</ele>
   </trkpt>
   <trkpt lat="50.91407" lon="5.2229">
    <ele>35.07</ele>
   </trkpt>
   <trkpt lat="50.91367" lon="5.22301">
    <ele>35.2</ele>
   </trkpt>
   <trkpt lat="50.913540000000005" lon="5.22302">
    <ele>35.2</ele>
   </trkpt>
   <trkpt lat="50.91333" lon="5.22292">
    <ele>35.43</ele>
   </trkpt>
   <trkpt lat="50.91311" lon="5.222720000000001">
    <ele>35.57</ele>
   </trkpt>
   <trkpt lat="50.91257" lon="5.221760000000001">
    <ele>36.480000000000004</ele>
   </trkpt>
   <trkpt lat="50.91228" lon="5.221310000000001">
    <ele>37.11000000000001</ele>
   </trkpt>
   <trkpt lat="50.91214" lon="5.22118">
    <ele>37.11000000000001</ele>
   </trkpt>
   <trkpt lat="50.91214" lon="5.221170000000001">
    <ele>37.12</ele>
   </trkpt>
   <trkpt lat="50.91194" lon="5.220980000000001">
    <ele>37.12</ele>
   </trkpt>
   <trkpt lat="50.911680000000004" lon="5.220750000000001">
    <ele>37.12</ele>
   </trkpt>
   <trkpt lat="50.911440000000006" lon="5.220610000000001">
    <ele>38.45</ele>
   </trkpt>
   <trkpt lat="50.91127" lon="5.22053">
    <ele>38.45</ele>
   </trkpt>
   <trkpt lat="50.91076500021939" lon="5.220434999003303">
    <ele>38.78</ele>
   </trkpt>
   <trkpt lat="50.91026" lon="5.22034">
    <ele>39.43</ele>
   </trkpt>
   <trkpt lat="50.90993" lon="5.220330000000001">
    <ele>39.970000000000006</ele>
   </trkpt>
   <trkpt lat="50.90908" lon="5.220370000000001">
    <ele>40.300000000000004</ele>
   </trkpt>
   <trkpt lat="50.90842000000001" lon="5.220420000000001">
    <ele>40.38</ele>
   </trkpt>
   <trkpt lat="50.90787" lon="5.22048">
    <ele>40.21</ele>
   </trkpt>
   <trkpt lat="50.90738" lon="5.2205">
    <ele>40.120000000000005</ele>
   </trkpt>
   <trkpt lat="50.90688" lon="5.22046">
    <ele>39.95</ele>
   </trkpt>
   <trkpt lat="50.906580000000005" lon="5.2205200000000005">
    <ele>40.010000000000005</ele>
   </trkpt>
   <trkpt lat="50.90637" lon="5.220610000000001">
    <ele>40.120000000000005</ele>
   </trkpt>
   <trkpt lat="50.906220000000005" lon="5.220700000000001">
    <ele>40.120000000000005</ele>
   </trkpt>
   <trkpt lat="50.90550500183076" lon="5.221370010371253">
    <ele>40.84</ele>
   </trkpt>
   <trkpt lat="50.904790000000006" lon="5.222040000000001">
    <ele>41.17</ele>
   </trkpt>
   <trkpt lat="50.90438" lon="5.22241">
    <ele>41.400000000000006</ele>
   </trkpt>
   <trkpt lat="50.90419000000001" lon="5.22254">
    <ele>41.57</ele>
   </trkpt>
   <trkpt lat="50.90390000000001" lon="5.22266">
    <ele>41.57</ele>
   </trkpt>
   <trkpt lat="50.903510000000004" lon="5.22276">
    <ele>41.75</ele>
   </trkpt>
   <trkpt lat="50.90283" lon="5.2228200000000005">
    <ele>41.97</ele>
   </trkpt>
   <trkpt lat="50.90256" lon="5.222860000000001">
    <ele>41.97</ele>
   </trkpt>
   <trkpt lat="50.90238" lon="5.22292">
    <ele>41.93</ele>
   </trkpt>
   <trkpt lat="50.902100000000004" lon="5.223050000000001">
    <ele>41.78</ele>
   </trkpt>
   <trkpt lat="50.90182" lon="5.22323">
    <ele>40.79</ele>
   </trkpt>
   <trkpt lat="50.901430000000005" lon="5.22355">
    <ele>40.31</ele>
   </trkpt>
   <trkpt lat="50.90077" lon="5.22412">
    <ele>39.25</ele>
   </trkpt>
   <trkpt lat="50.90068" lon="5.2243">
    <ele>39.05</ele>
   </trkpt>
   <trkpt lat="50.900600000000004" lon="5.22424">
    <ele>38.82</ele>
   </trkpt>
   <trkpt lat="50.900220000000004" lon="5.2243">
    <ele>38.3</ele>
   </trkpt>
   <trkpt lat="50.899350000000005" lon="5.22433">
    <ele>38.34</ele>
   </trkpt>
   <trkpt lat="50.899" lon="5.22428">
    <ele>38.52</ele>
   </trkpt>
   <trkpt lat="50.89869" lon="5.224170000000001">
    <ele>38.78</ele>
   </trkpt>
   <trkpt lat="50.89835" lon="5.223960000000001">
    <ele>39.45</ele>
   </trkpt>
   <trkpt lat="50.898050000000005" lon="5.22369">
    <ele>40.019999999999996</ele>
   </trkpt>
   <trkpt lat="50.897980000000004" lon="5.223610000000001">
    <ele>40.120000000000005</ele>
   </trkpt>
   <trkpt lat="50.897465002233545" lon="5.222889992064369">
    <ele>40.71</ele>
   </trkpt>
   <trkpt lat="50.896950000000004" lon="5.22217">
    <ele>41.77</ele>
   </trkpt>
   <trkpt lat="50.89642000227392" lon="5.2216533215667384">
    <ele>42.45</ele>
   </trkpt>
   <trkpt lat="50.89589000226743" lon="5.221136654893922">
    <ele>43.11</ele>
   </trkpt>
   <trkpt lat="50.895360000000004" lon="5.22062">
    <ele>43.99</ele>
   </trkpt>
   <trkpt lat="50.894940000000005" lon="5.220230000000001">
    <ele>44.31</ele>
   </trkpt>
   <trkpt lat="50.89463000000001" lon="5.22004">
    <ele>44.83</ele>
   </trkpt>
   <trkpt lat="50.894310000000004" lon="5.21992">
    <ele>45.34</ele>
   </trkpt>
   <trkpt lat="50.8941" lon="5.219860000000001">
    <ele>45.34</ele>
   </trkpt>
   <trkpt lat="50.89406" lon="5.21982">
    <ele>45.34</ele>
   </trkpt>
   <trkpt lat="50.89385000000001" lon="5.21978">
    <ele>45.37</ele>
   </trkpt>
   <trkpt lat="50.89369000000001" lon="5.2198">
    <ele>45.64000000000001</ele>
   </trkpt>
   <trkpt lat="50.89361" lon="5.21985">
    <ele>45.64000000000001</ele>
   </trkpt>
   <trkpt lat="50.89343" lon="5.219880000000001">
    <ele>45.64000000000001</ele>
   </trkpt>
   <trkpt lat="50.89264000000001" lon="5.22013">
    <ele>45.790000000000006</ele>
   </trkpt>
   <trkpt lat="50.892300000000006" lon="5.220160000000001">
    <ele>45.74</ele>
   </trkpt>
   <trkpt lat="50.892120000000006" lon="5.22015">
    <ele>45.74</ele>
   </trkpt>
   <trkpt lat="50.89144666682796" lon="5.2200266631065375">
    <ele>45.49</ele>
   </trkpt>
   <trkpt lat="50.89077333352598" lon="5.219903329779008">
    <ele>45.09</ele>
   </trkpt>
   <trkpt lat="50.890100000000004" lon="5.21978">
    <ele>44.65</ele>
   </trkpt>
   <trkpt lat="50.88935000000001" lon="5.219690000000001">
    <ele>44.96000000000001</ele>
   </trkpt>
   <trkpt lat="50.88888999990235" lon="5.2196950000504385">
    <ele>44.94</ele>
   </trkpt>
   <trkpt lat="50.88843000000001" lon="5.2197000000000005">
    <ele>45.300000000000004</ele>
   </trkpt>
   <trkpt lat="50.887980000000006" lon="5.219760000000001">
    <ele>45.85</ele>
   </trkpt>
   <trkpt lat="50.887330000190936" lon="5.21990333732986">
    <ele>47.040000000000006</ele>
   </trkpt>
   <trkpt lat="50.886680000206354" lon="5.220046670659726">
    <ele>47.89</ele>
   </trkpt>
   <trkpt lat="50.886030000000005" lon="5.2201900000000006">
    <ele>48.43</ele>
   </trkpt>
   <trkpt lat="50.88546" lon="5.220280000000001">
    <ele>48.760000000000005</ele>
   </trkpt>
   <trkpt lat="50.88487000000001" lon="5.220300000000001">
    <ele>49.440000000000005</ele>
   </trkpt>
   <trkpt lat="50.88481" lon="5.220300000000001">
    <ele>49.550000000000004</ele>
   </trkpt>
   <trkpt lat="50.884510000000006" lon="5.22032">
    <ele>50.38</ele>
   </trkpt>
   <trkpt lat="50.884420000000006" lon="5.220350000000001">
    <ele>50.38</ele>
   </trkpt>
   <trkpt lat="50.88434" lon="5.220400000000001">
    <ele>50.53</ele>
   </trkpt>
   <trkpt lat="50.88425" lon="5.2205">
    <ele>50.650000000000006</ele>
   </trkpt>
   <trkpt lat="50.884170000000005" lon="5.22064">
    <ele>50.77</ele>
   </trkpt>
   <trkpt lat="50.88412" lon="5.22085">
    <ele>50.830000000000005</ele>
   </trkpt>
   <trkpt lat="50.88407500699732" lon="5.222130001272666">
    <ele>50.870000000000005</ele>
   </trkpt>
   <trkpt lat="50.88403" lon="5.22341">
    <ele>50.620000000000005</ele>
   </trkpt>
   <trkpt lat="50.88394" lon="5.224080000000001">
    <ele>50.43</ele>
   </trkpt>
   <trkpt lat="50.883840000000006" lon="5.224500000000001">
    <ele>50.49000000000001</ele>
   </trkpt>
   <trkpt lat="50.88371" lon="5.224880000000001">
    <ele>50.63</ele>
   </trkpt>
   <trkpt lat="50.883430000000004" lon="5.225420000000001">
    <ele>51.07</ele>
   </trkpt>
   <trkpt lat="50.88304000143125" lon="5.225980004555974">
    <ele>53.03000000000001</ele>
   </trkpt>
   <trkpt lat="50.882650000000005" lon="5.226540000000001">
    <ele>53.77</ele>
   </trkpt>
   <trkpt lat="50.88250000000001" lon="5.226780000000001">
    <ele>54.45</ele>
   </trkpt>
   <trkpt lat="50.882400000000004" lon="5.227040000000001">
    <ele>55.620000000000005</ele>
   </trkpt>
   <trkpt lat="50.88232000000001" lon="5.227320000000001">
    <ele>55.620000000000005</ele>
   </trkpt>
   <trkpt lat="50.88215500322262" lon="5.228190003136773">
    <ele>56.790000000000006</ele>
   </trkpt>
   <trkpt lat="50.88199" lon="5.2290600000000005">
    <ele>58.02</ele>
   </trkpt>
   <trkpt lat="50.88185000000001" lon="5.2295300000000005">
    <ele>58.29</ele>
   </trkpt>
   <trkpt lat="50.88177" lon="5.229710000000001">
    <ele>58.45</ele>
   </trkpt>
   <trkpt lat="50.881310000000006" lon="5.23068">
    <ele>59.31</ele>
   </trkpt>
   <trkpt lat="50.88114" lon="5.2311700000000005">
    <ele>60.08</ele>
   </trkpt>
   <trkpt lat="50.88083500669117" lon="5.232420008114116">
    <ele>62.160000000000004</ele>
   </trkpt>
   <trkpt lat="50.88053000000001" lon="5.23367">
    <ele>63.87000000000001</ele>
   </trkpt>
   <trkpt lat="50.88029" lon="5.23435">
    <ele>63.89</ele>
   </trkpt>
   <trkpt lat="50.88001000175544" lon="5.234985003741001">
    <ele>63.75</ele>
   </trkpt>
   <trkpt lat="50.87973" lon="5.235620000000001">
    <ele>63.47</ele>
   </trkpt>
   <trkpt lat="50.87950000000001" lon="5.23604">
    <ele>63.49</ele>
   </trkpt>
   <trkpt lat="50.87897500320044" lon="5.236895009506436">
    <ele>62.77</ele>
   </trkpt>
   <trkpt lat="50.87845" lon="5.23775">
    <ele>61.160000000000004</ele>
   </trkpt>
   <trkpt lat="50.878130000000006" lon="5.23824">
    <ele>59.45</ele>
   </trkpt>
   <trkpt lat="50.87747000236293" lon="5.238980010454042">
    <ele>57.42</ele>
   </trkpt>
   <trkpt lat="50.876810000000006" lon="5.23972">
    <ele>56.480000000000004</ele>
   </trkpt>
   <trkpt lat="50.876430000000006" lon="5.240150000000001">
    <ele>56.07</ele>
   </trkpt>
   <trkpt lat="50.876290000000004" lon="5.24037">
    <ele>56.07</ele>
   </trkpt>
   <trkpt lat="50.876110000000004" lon="5.240760000000001">
    <ele>56.02</ele>
   </trkpt>
   <trkpt lat="50.87606" lon="5.24084">
    <ele>56.260000000000005</ele>
   </trkpt>
   <trkpt lat="50.875980000000006" lon="5.24094">
    <ele>56.260000000000005</ele>
   </trkpt>
   <trkpt lat="50.875710000000005" lon="5.24113">
    <ele>56.93</ele>
   </trkpt>
   <trkpt lat="50.875600000000006" lon="5.24115">
    <ele>57.43</ele>
   </trkpt>
   <trkpt lat="50.875510000000006" lon="5.241090000000001">
    <ele>57.64</ele>
   </trkpt>
   <trkpt lat="50.87543" lon="5.24096">
    <ele>57.910000000000004</ele>
   </trkpt>
   <trkpt lat="50.87503" lon="5.240060000000001">
    <ele>59.38</ele>
   </trkpt>
   <trkpt lat="50.87491000000001" lon="5.23993">
    <ele>60.09</ele>
   </trkpt>
   <trkpt lat="50.874790000000004" lon="5.23991">
    <ele>60.57000000000001</ele>
   </trkpt>
   <trkpt lat="50.87415333393454" lon="5.240180007385897">
    <ele>61.57000000000001</ele>
   </trkpt>
   <trkpt lat="50.87351666724622" lon="5.240450007394956">
    <ele>63.27</ele>
   </trkpt>
   <trkpt lat="50.87288" lon="5.2407200000000005">
    <ele>64.88000000000001</ele>
   </trkpt>
   <trkpt lat="50.87261" lon="5.24077">
    <ele>65.67</ele>
   </trkpt>
   <trkpt lat="50.87225" lon="5.2407">
    <ele>66.28</ele>
   </trkpt>
   <trkpt lat="50.87149750106641" lon="5.240409985949999">
    <ele>68.21000000000001</ele>
   </trkpt>
   <trkpt lat="50.870745001414235" lon="5.240119981264087">
    <ele>71.53000000000002</ele>
   </trkpt>
   <trkpt lat="50.86999250104349" lon="5.239829985941722">
    <ele>72.94</ele>
   </trkpt>
   <trkpt lat="50.869240000000005" lon="5.239540000000001">
    <ele>75.73</ele>
   </trkpt>
   <trkpt lat="50.86883" lon="5.2393">
    <ele>75.67</ele>
   </trkpt>
   <trkpt lat="50.86844000000001" lon="5.23894">
    <ele>74.16</ele>
   </trkpt>
   <trkpt lat="50.86831" lon="5.23878">
    <ele>74.16</ele>
   </trkpt>
   <trkpt lat="50.867675003435785" lon="5.237879987705525">
    <ele>71.97</ele>
   </trkpt>
   <trkpt lat="50.86704" lon="5.236980000000001">
    <ele>69.75</ele>
   </trkpt>
   <trkpt lat="50.866730000000004" lon="5.2365900000000005">
    <ele>68.59000000000002</ele>
   </trkpt>
   <trkpt lat="50.86639" lon="5.236280000000001">
    <ele>66.54</ele>
   </trkpt>
   <trkpt lat="50.86605" lon="5.236070000000001">
    <ele>66.10000000000001</ele>
   </trkpt>
   <trkpt lat="50.86587" lon="5.2359800000000005">
    <ele>66.23</ele>
   </trkpt>
   <trkpt lat="50.86535000000001" lon="5.235880000000001">
    <ele>64.03999999999999</ele>
   </trkpt>
   <trkpt lat="50.86489" lon="5.2359100000000005">
    <ele>62.800000000000004</ele>
   </trkpt>
   <trkpt lat="50.8644" lon="5.236090000000001">
    <ele>61.45</ele>
   </trkpt>
   <trkpt lat="50.86355500251644" lon="5.236535024206581">
    <ele>59.57</ele>
   </trkpt>
   <trkpt lat="50.86271000334075" lon="5.23698003228235">
    <ele>58.06000000000001</ele>
   </trkpt>
   <trkpt lat="50.861865002473024" lon="5.237425024228351">
    <ele>56.910000000000004</ele>
   </trkpt>
   <trkpt lat="50.86102" lon="5.23787">
    <ele>55.830000000000005</ele>
   </trkpt>
   <trkpt lat="50.860710000000005" lon="5.238">
    <ele>55.64</ele>
   </trkpt>
   <trkpt lat="50.85995333386252" lon="5.238256675008033">
    <ele>53.800000000000004</ele>
   </trkpt>
   <trkpt lat="50.859196667162124" lon="5.238513341685975">
    <ele>52.870000000000005</ele>
   </trkpt>
   <trkpt lat="50.85844" lon="5.238770000000001">
    <ele>52.78000000000001</ele>
   </trkpt>
   <trkpt lat="50.85774000000001" lon="5.23894">
    <ele>52.54</ele>
   </trkpt>
   <trkpt lat="50.857730000000004" lon="5.23894">
    <ele>52.53000000000001</ele>
   </trkpt>
   <trkpt lat="50.857290000000006" lon="5.23904">
    <ele>52.34</ele>
   </trkpt>
   <trkpt lat="50.85727000000001" lon="5.23969">
    <ele>52.120000000000005</ele>
   </trkpt>
   <trkpt lat="50.85728" lon="5.239850000000001">
    <ele>52.21000000000001</ele>
   </trkpt>
   <trkpt lat="50.85703" lon="5.24005">
    <ele>51.60000000000001</ele>
   </trkpt>
   <trkpt lat="50.85630250242432" lon="5.240485020358069">
    <ele>51.0</ele>
   </trkpt>
   <trkpt lat="50.855575003231635" lon="5.240920027144036">
    <ele>50.620000000000005</ele>
   </trkpt>
   <trkpt lat="50.854847502422004" lon="5.2413550203586485">
    <ele>51.06</ele>
   </trkpt>
   <trkpt lat="50.85412" lon="5.241790000000001">
    <ele>52.160000000000004</ele>
   </trkpt>
   <trkpt lat="50.854040000000005" lon="5.24185">
    <ele>52.160000000000004</ele>
   </trkpt>
   <trkpt lat="50.85398000000001" lon="5.241930000000001">
    <ele>52.25000000000001</ele>
   </trkpt>
   <trkpt lat="50.8539" lon="5.24214">
    <ele>52.25000000000001</ele>
   </trkpt>
   <trkpt lat="50.85381" lon="5.24258">
    <ele>52.54</ele>
   </trkpt>
   <trkpt lat="50.85365000831269" lon="5.243975004801318">
    <ele>53.01</ele>
   </trkpt>
   <trkpt lat="50.85349" lon="5.24537">
    <ele>52.67</ele>
   </trkpt>
   <trkpt lat="50.853390000000005" lon="5.245950000000001">
    <ele>52.51</ele>
   </trkpt>
   <trkpt lat="50.85323" lon="5.24654">
    <ele>51.870000000000005</ele>
   </trkpt>
   <trkpt lat="50.853100000000005" lon="5.2468900000000005">
    <ele>51.47</ele>
   </trkpt>
   <trkpt lat="50.85293" lon="5.24725">
    <ele>51.34</ele>
   </trkpt>
   <trkpt lat="50.85275000000001" lon="5.24756">
    <ele>51.31</ele>
   </trkpt>
   <trkpt lat="50.85262" lon="5.247750000000001">
    <ele>51.43</ele>
   </trkpt>
   <trkpt lat="50.852320000000006" lon="5.2481100000000005">
    <ele>52.28000000000001</ele>
   </trkpt>
   <trkpt lat="50.852120000000006" lon="5.248290000000001">
    <ele>52.29</ele>
   </trkpt>
   <trkpt lat="50.851820000000004" lon="5.2485100000000005">
    <ele>52.18</ele>
   </trkpt>
   <trkpt lat="50.85117250169985" lon="5.248875015204782">
    <ele>52.18</ele>
   </trkpt>
   <trkpt lat="50.85052500226119" lon="5.24924002027566">
    <ele>52.370000000000005</ele>
   </trkpt>
   <trkpt lat="50.8498775016841" lon="5.249605015213132">
    <ele>52.42</ele>
   </trkpt>
   <trkpt lat="50.849230000000006" lon="5.24997">
    <ele>52.42</ele>
   </trkpt>
   <trkpt lat="50.84895" lon="5.25016">
    <ele>52.42</ele>
   </trkpt>
   <trkpt lat="50.848620000000004" lon="5.250500000000001">
    <ele>52.24</ele>
   </trkpt>
   <trkpt lat="50.848380000000006" lon="5.25089">
    <ele>51.84</ele>
   </trkpt>
   <trkpt lat="50.84785334189425" lon="5.251890022550351">
    <ele>50.92000000000001</ele>
   </trkpt>
   <trkpt lat="50.84732667524283" lon="5.2528900225209805">
    <ele>50.080000000000005</ele>
   </trkpt>
   <trkpt lat="50.8468" lon="5.25389">
    <ele>50.32</ele>
   </trkpt>
   <trkpt lat="50.846360000000004" lon="5.254770000000001">
    <ele>51.080000000000005</ele>
   </trkpt>
   <trkpt lat="50.84592000000001" lon="5.255820000000001">
    <ele>52.36</ele>
   </trkpt>
   <trkpt lat="50.845850000000006" lon="5.255920000000001">
    <ele>52.4</ele>
   </trkpt>
   <trkpt lat="50.845800000000004" lon="5.2559700000000005">
    <ele>52.4</ele>
   </trkpt>
   <trkpt lat="50.84566" lon="5.2560400000000005">
    <ele>52.13</ele>
   </trkpt>
   <trkpt lat="50.84514500012921" lon="5.256195001703007">
    <ele>51.370000000000005</ele>
   </trkpt>
   <trkpt lat="50.84463" lon="5.25635">
    <ele>50.830000000000005</ele>
   </trkpt>
   <trkpt lat="50.844260000000006" lon="5.25649">
    <ele>50.64</ele>
   </trkpt>
   <trkpt lat="50.843603334488435" lon="5.256860010423394">
    <ele>49.67</ele>
   </trkpt>
   <trkpt lat="50.842946667806906" lon="5.257230010431576">
    <ele>47.910000000000004</ele>
   </trkpt>
   <trkpt lat="50.842290000000006" lon="5.2576">
    <ele>46.18000000000001</ele>
   </trkpt>
   <trkpt lat="50.842000000000006" lon="5.257820000000001">
    <ele>45.99</ele>
   </trkpt>
   <trkpt lat="50.84174" lon="5.2580800000000005">
    <ele>45.4</ele>
   </trkpt>
   <trkpt lat="50.84130500125206" lon="5.258595004660558">
    <ele>44.370000000000005</ele>
   </trkpt>
   <trkpt lat="50.84087" lon="5.259110000000001">
    <ele>44.050000000000004</ele>
   </trkpt>
   <trkpt lat="50.84067" lon="5.2593000000000005">
    <ele>44.1</ele>
   </trkpt>
   <trkpt lat="50.84047" lon="5.25943">
    <ele>44.31</ele>
   </trkpt>
   <trkpt lat="50.839920000000006" lon="5.259720000000001">
    <ele>45.03</ele>
   </trkpt>
   <trkpt lat="50.839760000000005" lon="5.2597700000000005">
    <ele>45.26</ele>
   </trkpt>
   <trkpt lat="50.83955" lon="5.259790000000001">
    <ele>45.44</ele>
   </trkpt>
   <trkpt lat="50.83945000000001" lon="5.2597700000000005">
    <ele>45.44</ele>
   </trkpt>
   <trkpt lat="50.83870400127077" lon="5.259497982609326">
    <ele>46.26</ele>
   </trkpt>
   <trkpt lat="50.83795800190922" lon="5.259225973915617">
    <ele>46.720000000000006</ele>
   </trkpt>
   <trkpt lat="50.83721200191535" lon="5.2589539739183735">
    <ele>47.010000000000005</ele>
   </trkpt>
   <trkpt lat="50.836466001289246" lon="5.258681982617093">
    <ele>47.82</ele>
   </trkpt>
   <trkpt lat="50.83572" lon="5.2584100000000005">
    <ele>48.53</ele>
   </trkpt>
   <trkpt lat="50.83509666710428" lon="5.258189994131868">
    <ele>48.92</ele>
   </trkpt>
   <trkpt lat="50.834473333794925" lon="5.257969994140424">
    <ele>48.81</ele>
   </trkpt>
   <trkpt lat="50.833850000000005" lon="5.257750000000001">
    <ele>48.52</ele>
   </trkpt>
   <trkpt lat="50.83361000000001" lon="5.25769">
    <ele>48.07</ele>
   </trkpt>
   <trkpt lat="50.83304500016153" lon="5.2576149991103645">
    <ele>47.620000000000005</ele>
   </trkpt>
   <trkpt lat="50.832480000000004" lon="5.2575400000000005">
    <ele>46.63</ele>
   </trkpt>
   <trkpt lat="50.83223" lon="5.2575400000000005">
    <ele>46.63</ele>
   </trkpt>
   <trkpt lat="50.832010000000004" lon="5.25757">
    <ele>46.50000000000001</ele>
   </trkpt>
   <trkpt lat="50.83173000000001" lon="5.257650000000001">
    <ele>45.970000000000006</ele>
   </trkpt>
   <trkpt lat="50.83102" lon="5.257980000000001">
    <ele>45.89000000000001</ele>
   </trkpt>
   <trkpt lat="50.830760000000005" lon="5.25807">
    <ele>45.78</ele>
   </trkpt>
   <trkpt lat="50.83016000000001" lon="5.25821">
    <ele>45.8</ele>
   </trkpt>
   <trkpt lat="50.82955666721341" lon="5.258463339882642">
    <ele>46.040000000000006</ele>
   </trkpt>
   <trkpt lat="50.828953333878324" lon="5.25871667321661">
    <ele>46.24</ele>
   </trkpt>
   <trkpt lat="50.82835000000001" lon="5.258970000000001">
    <ele>46.59</ele>
   </trkpt>
   <trkpt lat="50.82775" lon="5.25928">
    <ele>47.330000000000005</ele>
   </trkpt>
   <trkpt lat="50.827320000074344" lon="5.259495002041944">
    <ele>47.59</ele>
   </trkpt>
   <trkpt lat="50.826890000000006" lon="5.25971">
    <ele>47.96</ele>
   </trkpt>
   <trkpt lat="50.82677" lon="5.25975">
    <ele>48.03</ele>
   </trkpt>
   <trkpt lat="50.82686" lon="5.2599">
    <ele>48.02</ele>
   </trkpt>
   <trkpt lat="50.826980000000006" lon="5.2599800000000005">
    <ele>47.96</ele>
   </trkpt>
   <trkpt lat="50.827420000000004" lon="5.26062">
    <ele>47.16</ele>
   </trkpt>
   <trkpt lat="50.8278" lon="5.260910000000001">
    <ele>47.18000000000001</ele>
   </trkpt>
   <trkpt lat="50.828265001225446" lon="5.261419995044874">
    <ele>47.300000000000004</ele>
   </trkpt>
   <trkpt lat="50.82873000000001" lon="5.26193">
    <ele>46.88</ele>
   </trkpt>
   <trkpt lat="50.82884000000001" lon="5.2620700000000005">
    <ele>46.88</ele>
   </trkpt>
   <trkpt lat="50.829260000000005" lon="5.2628">
    <ele>46.63</ele>
   </trkpt>
   <trkpt lat="50.829440000000005" lon="5.26306">
    <ele>46.660000000000004</ele>
   </trkpt>
   <trkpt lat="50.82974" lon="5.26342">
    <ele>46.910000000000004</ele>
   </trkpt>
   <trkpt lat="50.83030000291974" lon="5.264003319348989">
    <ele>47.99</ele>
   </trkpt>
   <trkpt lat="50.830860002931345" lon="5.264586652694191">
    <ele>48.870000000000005</ele>
   </trkpt>
   <trkpt lat="50.83142" lon="5.26517">
    <ele>49.96</ele>
   </trkpt>
   <trkpt lat="50.83158" lon="5.26541">
    <ele>50.86</ele>
   </trkpt>
   <trkpt lat="50.831700000000005" lon="5.26576">
    <ele>50.86</ele>
   </trkpt>
   <trkpt lat="50.831950000000006" lon="5.2668800000000005">
    <ele>52.4</ele>
   </trkpt>
   <trkpt lat="50.83218" lon="5.2675600000000005">
    <ele>53.040000000000006</ele>
   </trkpt>
   <trkpt lat="50.83238000000001" lon="5.2679800000000006">
    <ele>53.84</ele>
   </trkpt>
   <trkpt lat="50.832806671584336" lon="5.268739986071909">
    <ele>54.6</ele>
   </trkpt>
   <trkpt lat="50.833233338232375" lon="5.2694999860385225">
    <ele>54.53</ele>
   </trkpt>
   <trkpt lat="50.83366" lon="5.27026">
    <ele>54.330000000000005</ele>
   </trkpt>
   <trkpt lat="50.833760000000005" lon="5.27041">
    <ele>54.24</ele>
   </trkpt>
   <trkpt lat="50.83438" lon="5.27118">
    <ele>53.87</ele>
   </trkpt>
   <trkpt lat="50.83475500107095" lon="5.271644996446048">
    <ele>53.6</ele>
   </trkpt>
   <trkpt lat="50.83513000000001" lon="5.2721100000000005">
    <ele>53.43000000000001</ele>
   </trkpt>
   <trkpt lat="50.835530000000006" lon="5.27256">
    <ele>53.4</ele>
   </trkpt>
   <trkpt lat="50.83612000161597" lon="5.273169992315099">
    <ele>53.44</ele>
   </trkpt>
   <trkpt lat="50.836710000000004" lon="5.27378">
    <ele>53.49</ele>
   </trkpt>
   <trkpt lat="50.83693" lon="5.27409">
    <ele>53.43000000000001</ele>
   </trkpt>
   <trkpt lat="50.83735500266083" lon="5.274884992685352">
    <ele>53.4</ele>
   </trkpt>
   <trkpt lat="50.83778" lon="5.27568">
    <ele>52.14000000000001</ele>
   </trkpt>
   <trkpt lat="50.838080000000005" lon="5.27629">
    <ele>51.86</ele>
   </trkpt>
   <trkpt lat="50.8386050055591" lon="5.277429987187351">
    <ele>51.65</ele>
   </trkpt>
   <trkpt lat="50.839130000000004" lon="5.27857">
    <ele>52.730000000000004</ele>
   </trkpt>
   <trkpt lat="50.839150000000004" lon="5.27869">
    <ele>52.81</ele>
   </trkpt>
   <trkpt lat="50.83912" lon="5.278770000000001">
    <ele>52.910000000000004</ele>
   </trkpt>
   <trkpt lat="50.838640000000005" lon="5.279540000000001">
    <ele>53.09</ele>
   </trkpt>
   <trkpt lat="50.83820333753742" lon="5.280246679994661">
    <ele>54.43000000000001</ele>
   </trkpt>
   <trkpt lat="50.83776667080705" lon="5.280953346764228">
    <ele>55.410000000000004</ele>
   </trkpt>
   <trkpt lat="50.83733" lon="5.2816600000000005">
    <ele>56.18000000000001</ele>
   </trkpt>
   <trkpt lat="50.837210000000006" lon="5.281820000000001">
    <ele>56.18000000000001</ele>
   </trkpt>
   <trkpt lat="50.836960000000005" lon="5.28209">
    <ele>56.620000000000005</ele>
   </trkpt>
   <trkpt lat="50.836600000000004" lon="5.28237">
    <ele>57.440000000000005</ele>
   </trkpt>
   <trkpt lat="50.83589000077962" lon="5.282795006461009">
    <ele>58.13000000000001</ele>
   </trkpt>
   <trkpt lat="50.83518" lon="5.28322">
    <ele>58.78</ele>
   </trkpt>
   <trkpt lat="50.83509" lon="5.28335">
    <ele>58.85000000000001</ele>
   </trkpt>
   <trkpt lat="50.83498" lon="5.28335">
    <ele>58.59</ele>
   </trkpt>
   <trkpt lat="50.83434000058794" lon="5.2837400053857335">
    <ele>58.42000000000001</ele>
   </trkpt>
   <trkpt lat="50.83370000000001" lon="5.28413">
    <ele>58.89</ele>
   </trkpt>
   <trkpt lat="50.83306500062175" lon="5.284510005167055">
    <ele>59.07</ele>
   </trkpt>
   <trkpt lat="50.83243" lon="5.284890000000001">
    <ele>59.190000000000005</ele>
   </trkpt>
   <trkpt lat="50.831880000000005" lon="5.28526">
    <ele>59.300000000000004</ele>
   </trkpt>
   <trkpt lat="50.83171" lon="5.2854">
    <ele>59.45</ele>
   </trkpt>
   <trkpt lat="50.831570000000006" lon="5.285550000000001">
    <ele>59.45</ele>
   </trkpt>
   <trkpt lat="50.83135000000001" lon="5.285810000000001">
    <ele>59.690000000000005</ele>
   </trkpt>
   <trkpt lat="50.83088000000001" lon="5.28657">
    <ele>60.120000000000005</ele>
   </trkpt>
   <trkpt lat="50.830780000000004" lon="5.2866100000000005">
    <ele>60.22</ele>
   </trkpt>
   <trkpt lat="50.83070000000001" lon="5.28659">
    <ele>60.46000000000001</ele>
   </trkpt>
   <trkpt lat="50.83003666855944" lon="5.286113319750793">
    <ele>60.79</ele>
   </trkpt>
   <trkpt lat="50.82937333517694" lon="5.285636653049045">
    <ele>61.040000000000006</ele>
   </trkpt>
   <trkpt lat="50.82871" lon="5.28516">
    <ele>61.32000000000001</ele>
   </trkpt>
   <trkpt lat="50.828430000000004" lon="5.28497">
    <ele>61.7</ele>
   </trkpt>
   <trkpt lat="50.82829" lon="5.28493">
    <ele>61.84</ele>
   </trkpt>
   <trkpt lat="50.82817000000001" lon="5.284940000000001">
    <ele>61.96000000000001</ele>
   </trkpt>
   <trkpt lat="50.828070000000004" lon="5.284960000000001">
    <ele>61.96000000000001</ele>
   </trkpt>
   <trkpt lat="50.82795" lon="5.285030000000001">
    <ele>62.00000000000001</ele>
   </trkpt>
   <trkpt lat="50.82729666879811" lon="5.285533347447501">
    <ele>62.28</ele>
   </trkpt>
   <trkpt lat="50.82664333543089" lon="5.286036680806686">
    <ele>62.43000000000001</ele>
   </trkpt>
   <trkpt lat="50.825990000000004" lon="5.2865400000000005">
    <ele>63.04</ele>
   </trkpt>
   <trkpt lat="50.8256" lon="5.28688">
    <ele>63.75</ele>
   </trkpt>
   <trkpt lat="50.82521500054554" lon="5.2872650032627275">
    <ele>64.01</ele>
   </trkpt>
   <trkpt lat="50.824830000000006" lon="5.28765">
    <ele>64.52000000000001</ele>
   </trkpt>
   <trkpt lat="50.824690000000004" lon="5.287120000000001">
    <ele>63.85</ele>
   </trkpt>
   <trkpt lat="50.824490000000004" lon="5.28659">
    <ele>63.74</ele>
   </trkpt>
   <trkpt lat="50.824490000000004" lon="5.286580000000001">
    <ele>63.74</ele>
   </trkpt>
   <trkpt lat="50.824215002396" lon="5.285844995904342">
    <ele>64.14</ele>
   </trkpt>
   <trkpt lat="50.82394000000001" lon="5.28511">
    <ele>64.75</ele>
   </trkpt>
   <trkpt lat="50.82376000000001" lon="5.28434">
    <ele>65.31</ele>
   </trkpt>
   <trkpt lat="50.82352" lon="5.2834200000000004">
    <ele>65.23</ele>
   </trkpt>
   <trkpt lat="50.82338500207533" lon="5.2827149977072265">
    <ele>64.94000000000001</ele>
   </trkpt>
   <trkpt lat="50.82325" lon="5.2820100000000005">
    <ele>64.83</ele>
   </trkpt>
   <trkpt lat="50.82314" lon="5.281510000000001">
    <ele>64.83</ele>
   </trkpt>
   <trkpt lat="50.82291000000001" lon="5.2807">
    <ele>65.2</ele>
   </trkpt>
   <trkpt lat="50.82276" lon="5.280060000000001">
    <ele>65.13000000000001</ele>
   </trkpt>
   <trkpt lat="50.822570000000006" lon="5.27901">
    <ele>64.71000000000001</ele>
   </trkpt>
   <trkpt lat="50.82255000000001" lon="5.27885">
    <ele>64.71000000000001</ele>
   </trkpt>
   <trkpt lat="50.82255000000001" lon="5.278490000000001">
    <ele>64.71000000000001</ele>
   </trkpt>
   <trkpt lat="50.822630000000004" lon="5.277900000000001">
    <ele>64.37</ele>
   </trkpt>
   <trkpt lat="50.82264000000001" lon="5.277550000000001">
    <ele>64.28</ele>
   </trkpt>
   <trkpt lat="50.82262000000001" lon="5.27705">
    <ele>63.80000000000001</ele>
   </trkpt>
   <trkpt lat="50.82249" lon="5.276140000000001">
    <ele>63.55000000000001</ele>
   </trkpt>
   <trkpt lat="50.82244000000001" lon="5.2751600000000005">
    <ele>62.82</ele>
   </trkpt>
   <trkpt lat="50.822390000000006" lon="5.27481">
    <ele>62.620000000000005</ele>
   </trkpt>
   <trkpt lat="50.822280000000006" lon="5.27451">
    <ele>62.54</ele>
   </trkpt>
   <trkpt lat="50.821960000000004" lon="5.273890000000001">
    <ele>62.86</ele>
   </trkpt>
   <trkpt lat="50.82173" lon="5.27348">
    <ele>63.45</ele>
   </trkpt>
   <trkpt lat="50.821355002489845" lon="5.2727249940449">
    <ele>64.17</ele>
   </trkpt>
   <trkpt lat="50.820980000000006" lon="5.2719700000000005">
    <ele>64.46000000000001</ele>
   </trkpt>
   <trkpt lat="50.820600000000006" lon="5.27097">
    <ele>64.39</ele>
   </trkpt>
   <trkpt lat="50.820370000000004" lon="5.27005">
    <ele>64.06</ele>
   </trkpt>
   <trkpt lat="50.82020000000001" lon="5.26959">
    <ele>63.83000000000001</ele>
   </trkpt>
   <trkpt lat="50.81974" lon="5.268730000000001">
    <ele>63.910000000000004</ele>
   </trkpt>
   <trkpt lat="50.819310003201096" lon="5.267854991798522">
    <ele>64.32000000000001</ele>
   </trkpt>
   <trkpt lat="50.81888000000001" lon="5.26698">
    <ele>64.26</ele>
   </trkpt>
   <trkpt lat="50.818380000000005" lon="5.2659">
    <ele>62.49</ele>
   </trkpt>
   <trkpt lat="50.818160000000006" lon="5.265560000000001">
    <ele>62.040000000000006</ele>
   </trkpt>
   <trkpt lat="50.81803000000001" lon="5.265250000000001">
    <ele>61.720000000000006</ele>
   </trkpt>
   <trkpt lat="50.817870000000006" lon="5.264640000000001">
    <ele>62.82</ele>
   </trkpt>
   <trkpt lat="50.81772" lon="5.2641800000000005">
    <ele>63.33000000000001</ele>
   </trkpt>
   <trkpt lat="50.817335002934755" lon="5.2633449930187135">
    <ele>64.44000000000001</ele>
   </trkpt>
   <trkpt lat="50.816950000000006" lon="5.262510000000001">
    <ele>64.89999999999999</ele>
   </trkpt>
   <trkpt lat="50.816690001448706" lon="5.261914996540341">
    <ele>65.45</ele>
   </trkpt>
   <trkpt lat="50.816430000000004" lon="5.26132">
    <ele>65.04</ele>
   </trkpt>
   <trkpt lat="50.81624000000001" lon="5.26057">
    <ele>63.94000000000001</ele>
   </trkpt>
   <trkpt lat="50.815870000000004" lon="5.25936">
    <ele>64.13000000000001</ele>
   </trkpt>
   <trkpt lat="50.815400000000004" lon="5.25835">
    <ele>64.31</ele>
   </trkpt>
   <trkpt lat="50.815160001869366" lon="5.257689996629651">
    <ele>64.68</ele>
   </trkpt>
   <trkpt lat="50.81492" lon="5.25703">
    <ele>65.01</ele>
   </trkpt>
   <trkpt lat="50.814685002417804" lon="5.256264995879624">
    <ele>64.63000000000001</ele>
   </trkpt>
   <trkpt lat="50.81445" lon="5.2555000000000005">
    <ele>64.61</ele>
   </trkpt>
   <trkpt lat="50.81468" lon="5.2544">
    <ele>60.03000000000001</ele>
   </trkpt>
   <trkpt lat="50.814870000000006" lon="5.253480000000001">
    <ele>57.7</ele>
   </trkpt>
   <trkpt lat="50.81512000476528" lon="5.252425005611398">
    <ele>56.39</ele>
   </trkpt>
   <trkpt lat="50.81537" lon="5.2513700000000005">
    <ele>54.830000000000005</ele>
   </trkpt>
   <trkpt lat="50.81576000085248" lon="5.250930003645964">
    <ele>52.83</ele>
   </trkpt>
   <trkpt lat="50.81615000000001" lon="5.25049">
    <ele>52.410000000000004</ele>
   </trkpt>
   <trkpt lat="50.81624000000001" lon="5.250360000000001">
    <ele>51.7</ele>
   </trkpt>
   <trkpt lat="50.81663" lon="5.24978">
    <ele>51.18</ele>
   </trkpt>
   <trkpt lat="50.81676" lon="5.249650000000001">
    <ele>51.18</ele>
   </trkpt>
   <trkpt lat="50.817396667648204" lon="5.249306676042065">
    <ele>50.440000000000005</ele>
   </trkpt>
   <trkpt lat="50.81803333428887" lon="5.248963342722907">
    <ele>49.830000000000005</ele>
   </trkpt>
   <trkpt lat="50.818670000000004" lon="5.248620000000001">
    <ele>49.61</ele>
   </trkpt>
   <trkpt lat="50.818760000000005" lon="5.248600000000001">
    <ele>49.61</ele>
   </trkpt>
   <trkpt lat="50.81919500018954" lon="5.248355002319981">
    <ele>49.09</ele>
   </trkpt>
   <trkpt lat="50.819630000000004" lon="5.2481100000000005">
    <ele>48.95</ele>
   </trkpt>
   <trkpt lat="50.819900000000004" lon="5.247890000000001">
    <ele>48.650000000000006</ele>
   </trkpt>
   <trkpt lat="50.820170000000005" lon="5.24762">
    <ele>48.300000000000004</ele>
   </trkpt>
   <trkpt lat="50.820170000000005" lon="5.247610000000001">
    <ele>48.300000000000004</ele>
   </trkpt>
   <trkpt lat="50.820710000000005" lon="5.24708">
    <ele>48.06</ele>
   </trkpt>
   <trkpt lat="50.821070000000006" lon="5.247520000000001">
    <ele>47.78</ele>
   </trkpt>
   <trkpt lat="50.82114000000001" lon="5.2476400000000005">
    <ele>47.78</ele>
   </trkpt>
   <trkpt lat="50.821720000000006" lon="5.246790000000001">
    <ele>47.35</ele>
   </trkpt>
   <trkpt lat="50.821740000000005" lon="5.246630000000001">
    <ele>47.31</ele>
   </trkpt>
   <trkpt lat="50.82171" lon="5.24638">
    <ele>47.31</ele>
   </trkpt>
   <trkpt lat="50.82152000000001" lon="5.245480000000001">
    <ele>46.98</ele>
   </trkpt>
   <trkpt lat="50.82142" lon="5.24486">
    <ele>46.86000000000001</ele>
   </trkpt>
   <trkpt lat="50.821315006944914" lon="5.24358499710515">
    <ele>46.81</ele>
   </trkpt>
   <trkpt lat="50.82121" lon="5.242310000000001">
    <ele>46.48</ele>
   </trkpt>
   <trkpt lat="50.82121" lon="5.24152">
    <ele>46.290000000000006</ele>
   </trkpt>
   <trkpt lat="50.821290000000005" lon="5.240970000000001">
    <ele>46.2</ele>
   </trkpt>
   <trkpt lat="50.82150000000001" lon="5.240270000000001">
    <ele>46.18000000000001</ele>
   </trkpt>
   <trkpt lat="50.821810000000006" lon="5.23951">
    <ele>46.39</ele>
   </trkpt>
   <trkpt lat="50.822050000000004" lon="5.238980000000001">
    <ele>47.1</ele>
   </trkpt>
   <trkpt lat="50.82237000000001" lon="5.23854">
    <ele>47.300000000000004</ele>
   </trkpt>
   <trkpt lat="50.82265" lon="5.23803">
    <ele>47.38</ele>
   </trkpt>
   <trkpt lat="50.82287" lon="5.23737">
    <ele>47.28</ele>
   </trkpt>
   <trkpt lat="50.822970000000005" lon="5.23686">
    <ele>47.25000000000001</ele>
   </trkpt>
   <trkpt lat="50.82300000000001" lon="5.236470000000001">
    <ele>47.2</ele>
   </trkpt>
   <trkpt lat="50.822990000000004" lon="5.235950000000001">
    <ele>47.150000000000006</ele>
   </trkpt>
   <trkpt lat="50.82291000000001" lon="5.23543">
    <ele>47.24</ele>
   </trkpt>
   <trkpt lat="50.82283" lon="5.235180000000001">
    <ele>47.24</ele>
   </trkpt>
   <trkpt lat="50.82283" lon="5.23517">
    <ele>47.24</ele>
   </trkpt>
   <trkpt lat="50.82265" lon="5.234640000000001">
    <ele>47.580000000000005</ele>
   </trkpt>
   <trkpt lat="50.82229000287498" lon="5.233804993319431">
    <ele>47.650000000000006</ele>
   </trkpt>
   <trkpt lat="50.82193" lon="5.232970000000001">
    <ele>47.05</ele>
   </trkpt>
   <trkpt lat="50.821830000000006" lon="5.23268">
    <ele>47.120000000000005</ele>
   </trkpt>
   <trkpt lat="50.82164" lon="5.23195">
    <ele>47.300000000000004</ele>
   </trkpt>
   <trkpt lat="50.82146500254227" lon="5.231189997472429">
    <ele>47.85</ele>
   </trkpt>
   <trkpt lat="50.821290000000005" lon="5.23043">
    <ele>48.730000000000004</ele>
   </trkpt>
   <trkpt lat="50.82107000226595" lon="5.229704996648887">
    <ele>49.79</ele>
   </trkpt>
   <trkpt lat="50.82085000000001" lon="5.228980000000001">
    <ele>50.2</ele>
   </trkpt>
   <trkpt lat="50.82079" lon="5.228770000000001">
    <ele>50.25</ele>
   </trkpt>
   <trkpt lat="50.820730000000005" lon="5.228420000000001">
    <ele>50.43</ele>
   </trkpt>
   <trkpt lat="50.820640000000004" lon="5.227620000000001">
    <ele>50.57</ele>
   </trkpt>
   <trkpt lat="50.82054254844057" lon="5.2263474814038515">
    <ele>50.24000000000001</ele>
   </trkpt>
   <trkpt lat="50.82044508304074" lon="5.2250749681194995">
    <ele>49.88</ele>
   </trkpt>
   <trkpt lat="50.82034760380066" lon="5.22380246014766">
    <ele>49.7</ele>
   </trkpt>
   <trkpt lat="50.82025011072043" lon="5.222529957489044">
    <ele>49.67</ele>
   </trkpt>
   <trkpt lat="50.820152603800175" lon="5.221257460144369">
    <ele>49.71</ele>
   </trkpt>
   <trkpt lat="50.82005508303994" lon="5.219984968114345">
    <ele>49.54</ele>
   </trkpt>
   <trkpt lat="50.819957548439895" lon="5.218712481399689">
    <ele>49.18</ele>
   </trkpt>
   <trkpt lat="50.819860000000006" lon="5.217440000000001">
    <ele>48.980000000000004</ele>
   </trkpt>
   <trkpt lat="50.819860000000006" lon="5.21743">
    <ele>48.980000000000004</ele>
   </trkpt>
   <trkpt lat="50.81978334199742" lon="5.216423330061067">
    <ele>49.010000000000005</ele>
   </trkpt>
   <trkpt lat="50.819706675333244" lon="5.215416663427467">
    <ele>49.02</ele>
   </trkpt>
   <trkpt lat="50.819630000000004" lon="5.21441">
    <ele>48.92</ele>
   </trkpt>
   <trkpt lat="50.8203" lon="5.21464">
    <ele>48.35</ele>
   </trkpt>
   <trkpt lat="50.82036" lon="5.214650000000001">
    <ele>48.35</ele>
   </trkpt>
   <trkpt lat="50.82040000000001" lon="5.21461">
    <ele>48.35</ele>
   </trkpt>
   <trkpt lat="50.82074" lon="5.21412">
    <ele>47.970000000000006</ele>
   </trkpt>
   <trkpt lat="50.821075003030046" lon="5.213270006244373">
    <ele>47.53</ele>
   </trkpt>
   <trkpt lat="50.82141000000001" lon="5.212420000000001">
    <ele>47.190000000000005</ele>
   </trkpt>
   <trkpt lat="50.82161000000001" lon="5.212020000000001">
    <ele>46.86000000000001</ele>
   </trkpt>
   <trkpt lat="50.822005001395084" lon="5.211420005293543">
    <ele>46.510000000000005</ele>
   </trkpt>
   <trkpt lat="50.8224" lon="5.21082">
    <ele>46.25000000000001</ele>
   </trkpt>
   <trkpt lat="50.822610000000005" lon="5.21056">
    <ele>46.00000000000001</ele>
   </trkpt>
   <trkpt lat="50.82296" lon="5.210170000000001">
    <ele>45.65</ele>
   </trkpt>
   <trkpt lat="50.82300000000001" lon="5.21009">
    <ele>45.61000000000001</ele>
   </trkpt>
   <trkpt lat="50.82300000000001" lon="5.210000000000001">
    <ele>45.61000000000001</ele>
   </trkpt>
   <trkpt lat="50.823130000000006" lon="5.209960000000001">
    <ele>45.42</ele>
   </trkpt>
   <trkpt lat="50.823800000000006" lon="5.209160000000001">
    <ele>45.11000000000001</ele>
   </trkpt>
   <trkpt lat="50.82429000114557" lon="5.208635005544486">
    <ele>45.08</ele>
   </trkpt>
   <trkpt lat="50.824780000000004" lon="5.2081100000000005">
    <ele>44.93000000000001</ele>
   </trkpt>
   <trkpt lat="50.82545500255505" lon="5.2073200115528895">
    <ele>44.50000000000001</ele>
   </trkpt>
   <trkpt lat="50.826130000000006" lon="5.206530000000001">
    <ele>43.7</ele>
   </trkpt>
   <trkpt lat="50.82629000000001" lon="5.20676">
    <ele>43.53000000000001</ele>
   </trkpt>
   <trkpt lat="50.826260000000005" lon="5.2068900000000005">
    <ele>43.660000000000004</ele>
   </trkpt>
   <trkpt lat="50.82629000000001" lon="5.20701">
    <ele>43.660000000000004</ele>
   </trkpt>
   <trkpt lat="50.826350000000005" lon="5.20709">
    <ele>43.71000000000001</ele>
   </trkpt>
   <trkpt lat="50.82639" lon="5.2071000000000005">
    <ele>43.71000000000001</ele>
   </trkpt>
   <trkpt lat="50.82645" lon="5.20709">
    <ele>43.56</ele>
   </trkpt>
   <trkpt lat="50.826510000000006" lon="5.207020000000001">
    <ele>43.56</ele>
   </trkpt>
   <trkpt lat="50.82654" lon="5.2069">
    <ele>43.56</ele>
   </trkpt>
   <trkpt lat="50.82649000000001" lon="5.206720000000001">
    <ele>43.17000000000001</ele>
   </trkpt>
   <trkpt lat="50.82645" lon="5.20669">
    <ele>43.17000000000001</ele>
   </trkpt>
   <trkpt lat="50.82654" lon="5.206370000000001">
    <ele>43.17000000000001</ele>
   </trkpt>
   <trkpt lat="50.8267" lon="5.20589">
    <ele>42.660000000000004</ele>
   </trkpt>
   <trkpt lat="50.82678000000001" lon="5.2057">
    <ele>42.660000000000004</ele>
   </trkpt>
   <trkpt lat="50.82688" lon="5.205520000000001">
    <ele>41.940000000000005</ele>
   </trkpt>
   <trkpt lat="50.82705000000001" lon="5.20525">
    <ele>41.940000000000005</ele>
   </trkpt>
   <trkpt lat="50.82728" lon="5.205010000000001">
    <ele>41.7</ele>
   </trkpt>
   <trkpt lat="50.82781000079554" lon="5.204590004735265">
    <ele>41.07</ele>
   </trkpt>
   <trkpt lat="50.828340000000004" lon="5.20417">
    <ele>40.78</ele>
   </trkpt>
   <trkpt lat="50.82864000000001" lon="5.2039100000000005">
    <ele>40.61</ele>
   </trkpt>
   <trkpt lat="50.82884000000001" lon="5.2036500000000006">
    <ele>40.449999999999996</ele>
   </trkpt>
   <trkpt lat="50.828950000000006" lon="5.203460000000001">
    <ele>40.449999999999996</ele>
   </trkpt>
   <trkpt lat="50.829060000000005" lon="5.20317">
    <ele>40.260000000000005</ele>
   </trkpt>
   <trkpt lat="50.82916" lon="5.20281">
    <ele>40.190000000000005</ele>
   </trkpt>
   <trkpt lat="50.82918" lon="5.2028300000000005">
    <ele>40.190000000000005</ele>
   </trkpt>
   <trkpt lat="50.82925" lon="5.2028300000000005">
    <ele>40.18</ele>
   </trkpt>
   <trkpt lat="50.82929000000001" lon="5.202780000000001">
    <ele>40.18</ele>
   </trkpt>
   <trkpt lat="50.82931000000001" lon="5.20265">
    <ele>40.03</ele>
   </trkpt>
   <trkpt lat="50.82929000000001" lon="5.202570000000001">
    <ele>40.03</ele>
   </trkpt>
   <trkpt lat="50.82967500075443" lon="5.202195002943363">
    <ele>39.81</ele>
   </trkpt>
   <trkpt lat="50.83006" lon="5.2018200000000006">
    <ele>39.46</ele>
   </trkpt>
   <trkpt lat="50.83067500077901" lon="5.201390005673153">
    <ele>39.370000000000005</ele>
   </trkpt>
   <trkpt lat="50.83129" lon="5.20096">
    <ele>39.730000000000004</ele>
   </trkpt>
   <trkpt lat="50.832010000000004" lon="5.2004600000000005">
    <ele>40.31</ele>
   </trkpt>
   <trkpt lat="50.83257500083445" lon="5.200045004951216">
    <ele>40.540000000000006</ele>
   </trkpt>
   <trkpt lat="50.83314000000001" lon="5.199630000000001">
    <ele>40.760000000000005</ele>
   </trkpt>
   <trkpt lat="50.83368" lon="5.199020000000001">
    <ele>41.07</ele>
   </trkpt>
   <trkpt lat="50.83406000075109" lon="5.198560003930598">
    <ele>41.120000000000005</ele>
   </trkpt>
   <trkpt lat="50.83444" lon="5.1981">
    <ele>40.830000000000005</ele>
   </trkpt>
   <trkpt lat="50.834900000000005" lon="5.19758">
    <ele>41.09</ele>
   </trkpt>
   <trkpt lat="50.83552" lon="5.196770000000001">
    <ele>41.440000000000005</ele>
   </trkpt>
   <trkpt lat="50.83588" lon="5.196210000000001">
    <ele>42.080000000000005</ele>
   </trkpt>
   <trkpt lat="50.83623000167969" lon="5.195595004500714">
    <ele>43.02</ele>
   </trkpt>
   <trkpt lat="50.836580000000005" lon="5.19498">
    <ele>43.71000000000001</ele>
   </trkpt>
   <trkpt lat="50.83686500202947" lon="5.194300004024851">
    <ele>44.09</ele>
   </trkpt>
   <trkpt lat="50.83715" lon="5.19362">
    <ele>43.980000000000004</ele>
   </trkpt>
   <trkpt lat="50.83747" lon="5.1930000000000005">
    <ele>43.410000000000004</ele>
   </trkpt>
   <trkpt lat="50.83804334022189" lon="5.192103355338803">
    <ele>41.77</ele>
   </trkpt>
   <trkpt lat="50.83861667357281" lon="5.19120668864504">
    <ele>39.88</ele>
   </trkpt>
   <trkpt lat="50.83919" lon="5.19031">
    <ele>38.98</ele>
   </trkpt>
   <trkpt lat="50.839510000000004" lon="5.1898100000000005">
    <ele>38.8</ele>
   </trkpt>
   <trkpt lat="50.839560000000006" lon="5.18982">
    <ele>38.8</ele>
   </trkpt>
   <trkpt lat="50.83984" lon="5.1894800000000005">
    <ele>38.56</ele>
   </trkpt>
   <trkpt lat="50.83990000000001" lon="5.1894800000000005">
    <ele>38.32</ele>
   </trkpt>
   <trkpt lat="50.83999000000001" lon="5.18956">
    <ele>38.040000000000006</ele>
   </trkpt>
   <trkpt lat="50.84006" lon="5.18954">
    <ele>37.790000000000006</ele>
   </trkpt>
   <trkpt lat="50.84010000000001" lon="5.18951">
    <ele>37.790000000000006</ele>
   </trkpt>
   <trkpt lat="50.840250000000005" lon="5.18904">
    <ele>37.92</ele>
   </trkpt>
   <trkpt lat="50.8402" lon="5.18874">
    <ele>37.8</ele>
   </trkpt>
   <trkpt lat="50.84033" lon="5.18874">
    <ele>37.55</ele>
   </trkpt>
   <trkpt lat="50.840500000000006" lon="5.18869">
    <ele>37.33</ele>
   </trkpt>
   <trkpt lat="50.841264999987665" lon="5.188681667349951">
    <ele>36.480000000000004</ele>
   </trkpt>
   <trkpt lat="50.842029999974706" lon="5.188673334426671">
    <ele>36.32000000000001</ele>
   </trkpt>
   <trkpt lat="50.842794999961164" lon="5.1886650012301425">
    <ele>36.53</ele>
   </trkpt>
   <trkpt lat="50.84355999994703" lon="5.18865666776035">
    <ele>36.17</ele>
   </trkpt>
   <trkpt lat="50.8443249999323" lon="5.188648334017275">
    <ele>35.72</ele>
   </trkpt>
   <trkpt lat="50.845090000000006" lon="5.18864">
    <ele>36.83</ele>
   </trkpt>
   <trkpt lat="50.845045006262296" lon="5.187429999006604">
    <ele>34.86</ele>
   </trkpt>
   <trkpt lat="50.845000000000006" lon="5.1862200000000005">
    <ele>34.57</ele>
   </trkpt>
   <trkpt lat="50.845000000000006" lon="5.18623">
    <ele>34.57</ele>
   </trkpt>
   <trkpt lat="50.84497" lon="5.185390000000001">
    <ele>34.410000000000004</ele>
   </trkpt>
   <trkpt lat="50.845000000000006" lon="5.184970000000001">
    <ele>34.410000000000004</ele>
   </trkpt>
   <trkpt lat="50.84530500653677" lon="5.183735007993817">
    <ele>34.24</ele>
   </trkpt>
   <trkpt lat="50.84561" lon="5.1825">
    <ele>34.56</ele>
   </trkpt>
   <trkpt lat="50.845560000000006" lon="5.18236">
    <ele>34.4</ele>
   </trkpt>
   <trkpt lat="50.84499667498098" lon="5.181373309497412">
    <ele>34.42000000000001</ele>
   </trkpt>
   <trkpt lat="50.844433341642464" lon="5.1803866428221435">
    <ele>34.39</ele>
   </trkpt>
   <trkpt lat="50.84387" lon="5.1794">
    <ele>34.60000000000001</ele>
   </trkpt>
   <trkpt lat="50.84375000000001" lon="5.17924">
    <ele>34.67</ele>
   </trkpt>
   <trkpt lat="50.843650000000004" lon="5.179130000000001">
    <ele>34.67</ele>
   </trkpt>
   <trkpt lat="50.843500000000006" lon="5.179060000000001">
    <ele>34.53</ele>
   </trkpt>
   <trkpt lat="50.843020000099415" lon="5.178939998774949">
    <ele>34.410000000000004</ele>
   </trkpt>
   <trkpt lat="50.84254000000001" lon="5.178820000000001">
    <ele>35.050000000000004</ele>
   </trkpt>
   <trkpt lat="50.84248" lon="5.17874">
    <ele>34.9</ele>
   </trkpt>
   <trkpt lat="50.84246500531272" lon="5.177624999681451">
    <ele>34.32</ele>
   </trkpt>
   <trkpt lat="50.84245000000001" lon="5.17651">
    <ele>34.7</ele>
   </trkpt>
   <trkpt lat="50.84246" lon="5.1761800000000004">
    <ele>35.07</ele>
   </trkpt>
   <trkpt lat="50.842440011900216" lon="5.174999999049872">
    <ele>34.47</ele>
   </trkpt>
   <trkpt lat="50.842420011901254" lon="5.173819999111043">
    <ele>34.050000000000004</ele>
   </trkpt>
   <trkpt lat="50.842400000000005" lon="5.17264">
    <ele>33.93</ele>
   </trkpt>
   <trkpt lat="50.8425" lon="5.1714400000000005">
    <ele>34.2</ele>
   </trkpt>
   <trkpt lat="50.842510000000004" lon="5.1709000000000005">
    <ele>34.480000000000004</ele>
   </trkpt>
   <trkpt lat="50.8425" lon="5.1699600000000006">
    <ele>35.15</ele>
   </trkpt>
   <trkpt lat="50.84244667608862" lon="5.168909997603319">
    <ele>35.97</ele>
   </trkpt>
   <trkpt lat="50.84239334275545" lon="5.16785999760684">
    <ele>36.03</ele>
   </trkpt>
   <trkpt lat="50.84234000000001" lon="5.166810000000001">
    <ele>35.9</ele>
   </trkpt>
   <trkpt lat="50.84225000000001" lon="5.16624">
    <ele>35.61</ele>
   </trkpt>
   <trkpt lat="50.842110000000005" lon="5.1658100000000005">
    <ele>35.6</ele>
   </trkpt>
   <trkpt lat="50.84184500163415" lon="5.165174996180777">
    <ele>35.32</ele>
   </trkpt>
   <trkpt lat="50.84158000000001" lon="5.164540000000001">
    <ele>35.03000000000001</ele>
   </trkpt>
   <trkpt lat="50.84151000000001" lon="5.1643300000000005">
    <ele>35.03000000000001</ele>
   </trkpt>
   <trkpt lat="50.84143" lon="5.16377">
    <ele>34.99</ele>
   </trkpt>
   <trkpt lat="50.841370000000005" lon="5.1631">
    <ele>35.160000000000004</ele>
   </trkpt>
   <trkpt lat="50.84124000496434" lon="5.162024997223511">
    <ele>35.120000000000005</ele>
   </trkpt>
   <trkpt lat="50.84111000000001" lon="5.160950000000001">
    <ele>34.85000000000001</ele>
   </trkpt>
   <trkpt lat="50.84109" lon="5.16075">
    <ele>34.85000000000001</ele>
   </trkpt>
   <trkpt lat="50.84149000000001" lon="5.160830000000001">
    <ele>34.11</ele>
   </trkpt>
   <trkpt lat="50.84178000000001" lon="5.16082">
    <ele>33.910000000000004</ele>
   </trkpt>
   <trkpt lat="50.84203" lon="5.16075">
    <ele>33.480000000000004</ele>
   </trkpt>
   <trkpt lat="50.842310000000005" lon="5.1606000000000005">
    <ele>33.330000000000005</ele>
   </trkpt>
   <trkpt lat="50.842560000000006" lon="5.160380000000001">
    <ele>33.330000000000005</ele>
   </trkpt>
   <trkpt lat="50.842780000000005" lon="5.16011">
    <ele>33.21</ele>
   </trkpt>
   <trkpt lat="50.84335000394824" lon="5.159155011581114">
    <ele>32.96</ele>
   </trkpt>
   <trkpt lat="50.843920000000004" lon="5.158200000000001">
    <ele>32.61</ele>
   </trkpt>
   <trkpt lat="50.84433000000001" lon="5.15761">
    <ele>32.470000000000006</ele>
   </trkpt>
   <trkpt lat="50.84493500255639" lon="5.156850009744369">
    <ele>32.0</ele>
   </trkpt>
   <trkpt lat="50.84554000000001" lon="5.156090000000001">
    <ele>31.85</ele>
   </trkpt>
   <trkpt lat="50.84581000000001" lon="5.15571">
    <ele>31.84</ele>
   </trkpt>
   <trkpt lat="50.845980000000004" lon="5.155390000000001">
    <ele>31.790000000000006</ele>
   </trkpt>
   <trkpt lat="50.846140000000005" lon="5.154990000000001">
    <ele>31.87</ele>
   </trkpt>
   <trkpt lat="50.846320000000006" lon="5.15444">
    <ele>31.93</ele>
   </trkpt>
   <trkpt lat="50.846540000000005" lon="5.15357">
    <ele>31.82</ele>
   </trkpt>
   <trkpt lat="50.846610000000005" lon="5.152990000000001">
    <ele>31.6</ele>
   </trkpt>
   <trkpt lat="50.84666000000001" lon="5.15164">
    <ele>31.48</ele>
   </trkpt>
   <trkpt lat="50.84666000000001" lon="5.15162">
    <ele>31.470000000000006</ele>
   </trkpt>
   <trkpt lat="50.84667" lon="5.1512">
    <ele>31.64</ele>
   </trkpt>
   <trkpt lat="50.84675000000001" lon="5.150720000000001">
    <ele>31.810000000000006</ele>
   </trkpt>
   <trkpt lat="50.84704000000001" lon="5.150620000000001">
    <ele>31.790000000000006</ele>
   </trkpt>
   <trkpt lat="50.84732" lon="5.150510000000001">
    <ele>31.8</ele>
   </trkpt>
   <trkpt lat="50.847710000000006" lon="5.15042">
    <ele>31.87</ele>
   </trkpt>
   <trkpt lat="50.847950000000004" lon="5.15045">
    <ele>31.87</ele>
   </trkpt>
   <trkpt lat="50.84847999995597" lon="5.150584998435141">
    <ele>31.580000000000002</ele>
   </trkpt>
   <trkpt lat="50.84901000000001" lon="5.150720000000001">
    <ele>31.28</ele>
   </trkpt>
   <trkpt lat="50.84915" lon="5.150740000000001">
    <ele>31.28</ele>
   </trkpt>
   <trkpt lat="50.849320000000006" lon="5.15073">
    <ele>30.79</ele>
   </trkpt>
   <trkpt lat="50.849560000000004" lon="5.15069">
    <ele>30.79</ele>
   </trkpt>
   <trkpt lat="50.84982" lon="5.150580000000001">
    <ele>30.740000000000002</ele>
   </trkpt>
   <trkpt lat="50.85037500050471" lon="5.150220004315173">
    <ele>30.7</ele>
   </trkpt>
   <trkpt lat="50.850930000000005" lon="5.14986">
    <ele>30.640000000000004</ele>
   </trkpt>
   <trkpt lat="50.85118000000001" lon="5.149730000000001">
    <ele>30.730000000000004</ele>
   </trkpt>
   <trkpt lat="50.85132" lon="5.1496900000000005">
    <ele>30.730000000000004</ele>
   </trkpt>
   <trkpt lat="50.851490000000005" lon="5.14968">
    <ele>30.730000000000004</ele>
   </trkpt>
   <trkpt lat="50.85210333329552" lon="5.149696666227252">
    <ele>30.650000000000002</ele>
   </trkpt>
   <trkpt lat="50.85271666658865" lon="5.149713332892819">
    <ele>30.820000000000004</ele>
   </trkpt>
   <trkpt lat="50.85333000000001" lon="5.149730000000001">
    <ele>31.48</ele>
   </trkpt>
   <trkpt lat="50.853440000000006" lon="5.149760000000001">
    <ele>31.67</ele>
   </trkpt>
   <trkpt lat="50.85360000000001" lon="5.14986">
    <ele>31.67</ele>
   </trkpt>
   <trkpt lat="50.85360000000001" lon="5.149850000000001">
    <ele>31.66</ele>
   </trkpt>
   <trkpt lat="50.85427000000001" lon="5.1503000000000005">
    <ele>32.580000000000005</ele>
   </trkpt>
   <trkpt lat="50.854260000000004" lon="5.150480000000001">
    <ele>32.580000000000005</ele>
   </trkpt>
   <trkpt lat="50.85453575895202" lon="5.15179995317977">
    <ele>32.29</ele>
   </trkpt>
   <trkpt lat="50.85481150301601" lon="5.153119921968137">
    <ele>32.07</ele>
   </trkpt>
   <trkpt lat="50.85508723219165" lon="5.154439906364597">
    <ele>31.900000000000006</ele>
   </trkpt>
   <trkpt lat="50.85536294647866" lon="5.155759906368643">
    <ele>31.66</ele>
   </trkpt>
   <trkpt lat="50.85563864587667" lon="5.157079921979776">
    <ele>31.290000000000006</ele>
   </trkpt>
   <trkpt lat="50.85591433038537" lon="5.158399953197485">
    <ele>30.44</ele>
   </trkpt>
   <trkpt lat="50.856190000000005" lon="5.15972">
    <ele>29.650000000000002</ele>
   </trkpt>
   <trkpt lat="50.856260000000006" lon="5.16002">
    <ele>29.560000000000002</ele>
   </trkpt>
   <trkpt lat="50.856350000000006" lon="5.1603200000000005">
    <ele>29.5</ele>
   </trkpt>
   <trkpt lat="50.85649" lon="5.16065">
    <ele>29.030000000000005</ele>
   </trkpt>
   <trkpt lat="50.856660000000005" lon="5.16096">
    <ele>29.030000000000005</ele>
   </trkpt>
   <trkpt lat="50.85689000000001" lon="5.16126">
    <ele>28.64</ele>
   </trkpt>
   <trkpt lat="50.85717" lon="5.1615400000000005">
    <ele>28.55</ele>
   </trkpt>
   <trkpt lat="50.85787750525966" lon="5.162179970879067">
    <ele>28.630000000000003</ele>
   </trkpt>
   <trkpt lat="50.85858500701957" lon="5.162819961177365">
    <ele>29.34</ele>
   </trkpt>
   <trkpt lat="50.85929250527953" lon="5.163459970895878">
    <ele>29.7</ele>
   </trkpt>
   <trkpt lat="50.86000000000001" lon="5.1641">
    <ele>30.02</ele>
   </trkpt>
   <trkpt lat="50.85999" lon="5.164090000000001">
    <ele>30.02</ele>
   </trkpt>
   <trkpt lat="50.860670000000006" lon="5.164720000000001">
    <ele>30.1</ele>
   </trkpt>
   <trkpt lat="50.86072000000001" lon="5.16483">
    <ele>30.1</ele>
   </trkpt>
   <trkpt lat="50.86103000000001" lon="5.16471">
    <ele>29.93</ele>
   </trkpt>
   <trkpt lat="50.861560000000004" lon="5.164300000000001">
    <ele>29.51</ele>
   </trkpt>
   <trkpt lat="50.86169" lon="5.164140000000001">
    <ele>29.51</ele>
   </trkpt>
   <trkpt lat="50.86204000000001" lon="5.16314">
    <ele>29.26</ele>
   </trkpt>
   <trkpt lat="50.86229000344779" lon="5.162235005038273">
    <ele>29.43</ele>
   </trkpt>
   <trkpt lat="50.86254" lon="5.16133">
    <ele>29.36</ele>
   </trkpt>
   <trkpt lat="50.862680000000005" lon="5.160950000000001">
    <ele>29.330000000000002</ele>
   </trkpt>
   <trkpt lat="50.86292" lon="5.16042">
    <ele>29.34</ele>
   </trkpt>
   <trkpt lat="50.86299" lon="5.16021">
    <ele>29.44</ele>
   </trkpt>
   <trkpt lat="50.86307000000001" lon="5.1598500000000005">
    <ele>29.5</ele>
   </trkpt>
   <trkpt lat="50.86319" lon="5.1588400000000005">
    <ele>29.450000000000003</ele>
   </trkpt>
   <trkpt lat="50.86328500398883" lon="5.157875001860647">
    <ele>29.16</ele>
   </trkpt>
   <trkpt lat="50.86338000000001" lon="5.156910000000001">
    <ele>29.27</ele>
   </trkpt>
   <trkpt lat="50.86346" lon="5.156370000000001">
    <ele>29.400000000000002</ele>
   </trkpt>
   <trkpt lat="50.86375000331712" lon="5.155475005891171">
    <ele>29.710000000000004</ele>
   </trkpt>
   <trkpt lat="50.86404" lon="5.15458">
    <ele>30.19</ele>
   </trkpt>
   <trkpt lat="50.864090000000004" lon="5.154470000000001">
    <ele>30.240000000000002</ele>
   </trkpt>
   <trkpt lat="50.864200000000004" lon="5.154400000000001">
    <ele>30.17</ele>
   </trkpt>
   <trkpt lat="50.86426" lon="5.154400000000001">
    <ele>30.17</ele>
   </trkpt>
   <trkpt lat="50.865" lon="5.15458">
    <ele>29.880000000000003</ele>
   </trkpt>
   <trkpt lat="50.86582000000001" lon="5.1546">
    <ele>29.630000000000003</ele>
   </trkpt>
   <trkpt lat="50.86580000000001" lon="5.1546">
    <ele>29.620000000000005</ele>
   </trkpt>
   <trkpt lat="50.866130000000005" lon="5.154590000000001">
    <ele>29.400000000000002</ele>
   </trkpt>
   <trkpt lat="50.86647000000001" lon="5.15465">
    <ele>29.300000000000004</ele>
   </trkpt>
   <trkpt lat="50.86712000000001" lon="5.154890000000001">
    <ele>28.96</ele>
   </trkpt>
   <trkpt lat="50.867610000000006" lon="5.154940000000001">
    <ele>28.650000000000002</ele>
   </trkpt>
   <trkpt lat="50.86784" lon="5.15505">
    <ele>28.450000000000003</ele>
   </trkpt>
   <trkpt lat="50.86807" lon="5.15535">
    <ele>28.110000000000003</ele>
   </trkpt>
   <trkpt lat="50.86815000000001" lon="5.15557">
    <ele>28.01</ele>
   </trkpt>
   <trkpt lat="50.86822" lon="5.15615">
    <ele>27.990000000000002</ele>
   </trkpt>
   <trkpt lat="50.868280000000006" lon="5.15648">
    <ele>28.14</ele>
   </trkpt>
   <trkpt lat="50.868370000000006" lon="5.1566600000000005">
    <ele>28.14</ele>
   </trkpt>
   <trkpt lat="50.868520000000004" lon="5.156820000000001">
    <ele>28.290000000000003</ele>
   </trkpt>
   <trkpt lat="50.86869" lon="5.15692">
    <ele>28.330000000000002</ele>
   </trkpt>
   <trkpt lat="50.86923000010217" lon="5.157114997719265">
    <ele>28.130000000000003</ele>
   </trkpt>
   <trkpt lat="50.86977" lon="5.157310000000001">
    <ele>28.1</ele>
   </trkpt>
   <trkpt lat="50.870490000000004" lon="5.15763">
    <ele>28.080000000000002</ele>
   </trkpt>
   <trkpt lat="50.87096000008294" lon="5.157869997496683">
    <ele>27.880000000000003</ele>
   </trkpt>
   <trkpt lat="50.871430000000004" lon="5.158110000000001">
    <ele>27.8</ele>
   </trkpt>
   <trkpt lat="50.871660000000006" lon="5.15829">
    <ele>27.770000000000003</ele>
   </trkpt>
   <trkpt lat="50.872040000000005" lon="5.15866">
    <ele>27.900000000000002</ele>
   </trkpt>
   <trkpt lat="50.872170000000004" lon="5.158740000000001">
    <ele>27.91</ele>
   </trkpt>
   <trkpt lat="50.87241" lon="5.158810000000001">
    <ele>27.89</ele>
   </trkpt>
   <trkpt lat="50.87257" lon="5.158810000000001">
    <ele>27.89</ele>
   </trkpt>
   <trkpt lat="50.87274000000001" lon="5.1587700000000005">
    <ele>27.8</ele>
   </trkpt>
   <trkpt lat="50.872910000000005" lon="5.15868">
    <ele>27.8</ele>
   </trkpt>
   <trkpt lat="50.87321000000001" lon="5.158460000000001">
    <ele>27.8</ele>
   </trkpt>
   <trkpt lat="50.87353" lon="5.15812">
    <ele>27.57</ele>
   </trkpt>
   <trkpt lat="50.874" lon="5.157500000000001">
    <ele>27.35</ele>
   </trkpt>
   <trkpt lat="50.87409" lon="5.15742">
    <ele>27.35</ele>
   </trkpt>
   <trkpt lat="50.874230000000004" lon="5.157380000000001">
    <ele>27.35</ele>
   </trkpt>
   <trkpt lat="50.874320000000004" lon="5.15739">
    <ele>27.19</ele>
   </trkpt>
   <trkpt lat="50.874966666885605" lon="5.157536662604453">
    <ele>27.12</ele>
   </trkpt>
   <trkpt lat="50.875613333587445" lon="5.157683329279026">
    <ele>26.89</ele>
   </trkpt>
   <trkpt lat="50.87626" lon="5.157830000000001">
    <ele>26.770000000000003</ele>
   </trkpt>
   <trkpt lat="50.876360000000005" lon="5.157900000000001">
    <ele>26.71</ele>
   </trkpt>
   <trkpt lat="50.87693" lon="5.158510000000001">
    <ele>26.6</ele>
   </trkpt>
   <trkpt lat="50.877050000000004" lon="5.15859">
    <ele>26.6</ele>
   </trkpt>
   <trkpt lat="50.87731" lon="5.15869">
    <ele>26.62</ele>
   </trkpt>
   <trkpt lat="50.87783" lon="5.15883">
    <ele>26.660000000000004</ele>
   </trkpt>
   <trkpt lat="50.87818000000001" lon="5.1589">
    <ele>26.570000000000004</ele>
   </trkpt>
   <trkpt lat="50.87847000000001" lon="5.15899">
    <ele>26.64</ele>
   </trkpt>
   <trkpt lat="50.879110000000004" lon="5.15925">
    <ele>27.110000000000003</ele>
   </trkpt>
   <trkpt lat="50.879490000000004" lon="5.159350000000001">
    <ele>28.07</ele>
   </trkpt>
   <trkpt lat="50.87995000029886" lon="5.159564997924908">
    <ele>29.95</ele>
   </trkpt>
   <trkpt lat="50.880410000000005" lon="5.1597800000000005">
    <ele>30.7</ele>
   </trkpt>
   <trkpt lat="50.880680000000005" lon="5.15988">
    <ele>31.060000000000002</ele>
   </trkpt>
   <trkpt lat="50.88141" lon="5.16009">
    <ele>30.860000000000003</ele>
   </trkpt>
   <trkpt lat="50.882160000000006" lon="5.1602500000000004">
    <ele>30.46</ele>
   </trkpt>
   <trkpt lat="50.88241000000001" lon="5.16028">
    <ele>30.580000000000002</ele>
   </trkpt>
   <trkpt lat="50.88255" lon="5.16035">
    <ele>30.62</ele>
   </trkpt>
   <trkpt lat="50.882930000885715" lon="5.160779996601425">
    <ele>30.430000000000003</ele>
   </trkpt>
   <trkpt lat="50.88331" lon="5.1612100000000005">
    <ele>30.390000000000004</ele>
   </trkpt>
   <trkpt lat="50.88371" lon="5.161580000000001">
    <ele>30.2</ele>
   </trkpt>
   <trkpt lat="50.88383" lon="5.161630000000001">
    <ele>30.2</ele>
   </trkpt>
   <trkpt lat="50.88394" lon="5.161630000000001">
    <ele>30.2</ele>
   </trkpt>
   <trkpt lat="50.88405" lon="5.16157">
    <ele>29.95</ele>
   </trkpt>
   <trkpt lat="50.88432" lon="5.16134">
    <ele>29.95</ele>
   </trkpt>
   <trkpt lat="50.88508" lon="5.16089">
    <ele>29.84</ele>
   </trkpt>
   <trkpt lat="50.88521" lon="5.160830000000001">
    <ele>29.87</ele>
   </trkpt>
   <trkpt lat="50.885310000000004" lon="5.16082">
    <ele>29.87</ele>
   </trkpt>
   <trkpt lat="50.88572000090287" lon="5.161244996395787">
    <ele>29.790000000000003</ele>
   </trkpt>
   <trkpt lat="50.88613" lon="5.16167">
    <ele>29.910000000000004</ele>
   </trkpt>
   <trkpt lat="50.886120000000005" lon="5.16166">
    <ele>29.910000000000004</ele>
   </trkpt>
   <trkpt lat="50.88629" lon="5.16183">
    <ele>30.02</ele>
   </trkpt>
   <trkpt lat="50.88676" lon="5.162240000000001">
    <ele>30.060000000000002</ele>
   </trkpt>
   <trkpt lat="50.886680000000005" lon="5.162750000000001">
    <ele>29.94</ele>
   </trkpt>
   <trkpt lat="50.88665" lon="5.163150000000001">
    <ele>30.050000000000004</ele>
   </trkpt>
   <trkpt lat="50.886660000000006" lon="5.16347">
    <ele>30.29</ele>
   </trkpt>
   <trkpt lat="50.88671" lon="5.1639100000000004">
    <ele>30.21</ele>
   </trkpt>
   <trkpt lat="50.88678" lon="5.164210000000001">
    <ele>30.18</ele>
   </trkpt>
   <trkpt lat="50.88702000000001" lon="5.1648700000000005">
    <ele>30.35</ele>
   </trkpt>
   <trkpt lat="50.88721" lon="5.16516">
    <ele>30.740000000000002</ele>
   </trkpt>
   <trkpt lat="50.887550000000005" lon="5.165500000000001">
    <ele>31.240000000000002</ele>
   </trkpt>
   <trkpt lat="50.88783" lon="5.16563">
    <ele>31.51</ele>
   </trkpt>
   <trkpt lat="50.888560000000005" lon="5.165730000000001">
    <ele>32.370000000000005</ele>
   </trkpt>
   <trkpt lat="50.88873" lon="5.165730000000001">
    <ele>32.449999999999996</ele>
   </trkpt>
   <trkpt lat="50.888870000000004" lon="5.1657">
    <ele>32.449999999999996</ele>
   </trkpt>
   <trkpt lat="50.88906" lon="5.16556">
    <ele>32.36</ele>
   </trkpt>
   <trkpt lat="50.88972000713166" lon="5.164812531806578">
    <ele>31.450000000000006</ele>
   </trkpt>
   <trkpt lat="50.89038000949022" lon="5.1640650424307335">
    <ele>30.6</ele>
   </trkpt>
   <trkpt lat="50.89104000707542" lon="5.163317531871522">
    <ele>30.240000000000002</ele>
   </trkpt>
   <trkpt lat="50.89170000000001" lon="5.1625700000000005">
    <ele>30.070000000000004</ele>
   </trkpt>
   <trkpt lat="50.89240601142271" lon="5.161752049608751">
    <ele>29.78</ele>
   </trkpt>
   <trkpt lat="50.893112017129795" lon="5.160934074419607">
    <ele>29.35</ele>
   </trkpt>
   <trkpt lat="50.89381801712096" lon="5.160116074431394">
    <ele>28.78</ele>
   </trkpt>
   <trkpt lat="50.89452401139586" lon="5.1592980496429375">
    <ele>27.810000000000002</ele>
   </trkpt>
   <trkpt lat="50.895230000000005" lon="5.158480000000001">
    <ele>27.6</ele>
   </trkpt>
   <trkpt lat="50.89529" lon="5.15843">
    <ele>27.6</ele>
   </trkpt>
   <trkpt lat="50.89544" lon="5.15838">
    <ele>27.6</ele>
   </trkpt>
   <trkpt lat="50.89620000000001" lon="5.15857">
    <ele>26.81</ele>
   </trkpt>
   <trkpt lat="50.896390000000004" lon="5.158600000000001">
    <ele>26.820000000000004</ele>
   </trkpt>
   <trkpt lat="50.8965" lon="5.158580000000001">
    <ele>26.860000000000003</ele>
   </trkpt>
   <trkpt lat="50.89667000000001" lon="5.158530000000001">
    <ele>26.85</ele>
   </trkpt>
   <trkpt lat="50.896800000000006" lon="5.158460000000001">
    <ele>26.88</ele>
   </trkpt>
   <trkpt lat="50.89696000000001" lon="5.158340000000001">
    <ele>26.88</ele>
   </trkpt>
   <trkpt lat="50.89743000000001" lon="5.157830000000001">
    <ele>27.17</ele>
   </trkpt>
   <trkpt lat="50.89762" lon="5.15767">
    <ele>27.39</ele>
   </trkpt>
   <trkpt lat="50.89782" lon="5.1575500000000005">
    <ele>27.46</ele>
   </trkpt>
   <trkpt lat="50.89799000000001" lon="5.15749">
    <ele>27.46</ele>
   </trkpt>
   <trkpt lat="50.89817000000001" lon="5.157450000000001">
    <ele>27.66</ele>
   </trkpt>
   <trkpt lat="50.898920000000004" lon="5.15742">
    <ele>27.85</ele>
   </trkpt>
   <trkpt lat="50.899190000000004" lon="5.15739">
    <ele>28.03</ele>
   </trkpt>
   <trkpt lat="50.90007500014687" lon="5.157225003130378">
    <ele>28.35</ele>
   </trkpt>
   <trkpt lat="50.900960000000005" lon="5.15706">
    <ele>29.25</ele>
   </trkpt>
   <trkpt lat="50.90159000023251" lon="5.156940001591124">
    <ele>28.860000000000003</ele>
   </trkpt>
   <trkpt lat="50.90222000000001" lon="5.156820000000001">
    <ele>28.55</ele>
   </trkpt>
   <trkpt lat="50.90245" lon="5.15676">
    <ele>28.55</ele>
   </trkpt>
   <trkpt lat="50.90243" lon="5.15676">
    <ele>28.55</ele>
   </trkpt>
   <trkpt lat="50.903310000000005" lon="5.156540000000001">
    <ele>28.25</ele>
   </trkpt>
   <trkpt lat="50.903560000000006" lon="5.1564700000000006">
    <ele>28.090000000000003</ele>
   </trkpt>
   <trkpt lat="50.90361000000001" lon="5.156420000000001">
    <ele>28.090000000000003</ele>
   </trkpt>
   <trkpt lat="50.903670000000005" lon="5.1562600000000005">
    <ele>27.880000000000003</ele>
   </trkpt>
   <trkpt lat="50.90384" lon="5.1551100000000005">
    <ele>27.270000000000003</ele>
   </trkpt>
   <trkpt lat="50.90390000000001" lon="5.154820000000001">
    <ele>27.23</ele>
   </trkpt>
   <trkpt lat="50.90402" lon="5.154310000000001">
    <ele>27.31</ele>
   </trkpt>
   <trkpt lat="50.90424000197197" lon="5.153610003692269">
    <ele>27.180000000000003</ele>
   </trkpt>
   <trkpt lat="50.90446000000001" lon="5.15291">
    <ele>27.05</ele>
   </trkpt>
   <trkpt lat="50.904590000000006" lon="5.15254">
    <ele>27.040000000000003</ele>
   </trkpt>
   <trkpt lat="50.904720000000005" lon="5.152240000000001">
    <ele>27.13</ele>
   </trkpt>
   <trkpt lat="50.90495000000001" lon="5.151820000000001">
    <ele>27.13</ele>
   </trkpt>
   <trkpt lat="50.90516" lon="5.1515200000000005">
    <ele>27.160000000000004</ele>
   </trkpt>
   <trkpt lat="50.905480000000004" lon="5.1511700000000005">
    <ele>27.15</ele>
   </trkpt>
   <trkpt lat="50.906060000000004" lon="5.150650000000001">
    <ele>27.000000000000004</ele>
   </trkpt>
   <trkpt lat="50.906690000000005" lon="5.15014">
    <ele>26.79</ele>
   </trkpt>
   <trkpt lat="50.90744500174941" lon="5.149495010484592">
    <ele>26.76</ele>
   </trkpt>
   <trkpt lat="50.9082" lon="5.14885">
    <ele>26.97</ele>
   </trkpt>
   <trkpt lat="50.908680000000004" lon="5.1483300000000005">
    <ele>26.94</ele>
   </trkpt>
   <trkpt lat="50.90885" lon="5.14806">
    <ele>26.820000000000004</ele>
   </trkpt>
   <trkpt lat="50.909090000000006" lon="5.147600000000001">
    <ele>26.67</ele>
   </trkpt>
   <trkpt lat="50.90932" lon="5.14702">
    <ele>26.38</ele>
   </trkpt>
   <trkpt lat="50.909440000000004" lon="5.14662">
    <ele>26.3</ele>
   </trkpt>
   <trkpt lat="50.909560000000006" lon="5.14595">
    <ele>26.050000000000004</ele>
   </trkpt>
   <trkpt lat="50.909670000000006" lon="5.14548">
    <ele>25.720000000000002</ele>
   </trkpt>
   <trkpt lat="50.90981000000001" lon="5.145020000000001">
    <ele>25.26</ele>
   </trkpt>
   <trkpt lat="50.90997" lon="5.1446000000000005">
    <ele>25.26</ele>
   </trkpt>
   <trkpt lat="50.91029" lon="5.1439200000000005">
    <ele>24.830000000000002</ele>
   </trkpt>
   <trkpt lat="50.91071333722561" lon="5.14324667888336">
    <ele>24.630000000000003</ele>
   </trkpt>
   <trkpt lat="50.91113667057873" lon="5.142573345518712">
    <ele>24.290000000000003</ele>
   </trkpt>
   <trkpt lat="50.91156" lon="5.141900000000001">
    <ele>24.180000000000003</ele>
   </trkpt>
   <trkpt lat="50.91172" lon="5.1416900000000005">
    <ele>24.32</ele>
   </trkpt>
   <trkpt lat="50.91198000000001" lon="5.14142">
    <ele>24.220000000000002</ele>
   </trkpt>
   <trkpt lat="50.91221" lon="5.1412700000000005">
    <ele>24.220000000000002</ele>
   </trkpt>
   <trkpt lat="50.91246" lon="5.14116">
    <ele>24.0</ele>
   </trkpt>
   <trkpt lat="50.91295" lon="5.14106">
    <ele>23.950000000000003</ele>
   </trkpt>
   <trkpt lat="50.913230000000006" lon="5.140960000000001">
    <ele>24.020000000000003</ele>
   </trkpt>
   <trkpt lat="50.9136" lon="5.14076">
    <ele>24.03</ele>
   </trkpt>
   <trkpt lat="50.91418000047701" lon="5.140410004389734">
    <ele>24.080000000000002</ele>
   </trkpt>
   <trkpt lat="50.91476" lon="5.14006">
    <ele>24.1</ele>
   </trkpt>
   <trkpt lat="50.91523" lon="5.1398">
    <ele>24.21</ele>
   </trkpt>
   <trkpt lat="50.915560000000006" lon="5.1397">
    <ele>24.3</ele>
   </trkpt>
   <trkpt lat="50.91627000016193" lon="5.139546671353895">
    <ele>24.380000000000003</ele>
   </trkpt>
   <trkpt lat="50.91698000012306" lon="5.1393933380290475">
    <ele>24.830000000000002</ele>
   </trkpt>
   <trkpt lat="50.91769000000001" lon="5.13924">
    <ele>25.120000000000005</ele>
   </trkpt>
   <trkpt lat="50.918210000118734" lon="5.139120001327781">
    <ele>25.25</ele>
   </trkpt>
   <trkpt lat="50.918730000000004" lon="5.139">
    <ele>25.370000000000005</ele>
   </trkpt>
   <trkpt lat="50.91926" lon="5.138870000000001">
    <ele>25.26</ele>
   </trkpt>
   <trkpt lat="50.919850000000004" lon="5.13867">
    <ele>25.18</ele>
   </trkpt>
   <trkpt lat="50.92007" lon="5.13856">
    <ele>25.290000000000003</ele>
   </trkpt>
   <trkpt lat="50.92029" lon="5.13842">
    <ele>25.310000000000002</ele>
   </trkpt>
   <trkpt lat="50.92076" lon="5.13799">
    <ele>25.300000000000004</ele>
   </trkpt>
   <trkpt lat="50.921110000000006" lon="5.13759">
    <ele>25.240000000000002</ele>
   </trkpt>
   <trkpt lat="50.9215" lon="5.137230000000001">
    <ele>25.220000000000002</ele>
   </trkpt>
   <trkpt lat="50.92186" lon="5.136970000000001">
    <ele>25.18</ele>
   </trkpt>
   <trkpt lat="50.922200000000004" lon="5.13677">
    <ele>25.11</ele>
   </trkpt>
   <trkpt lat="50.92296000052466" lon="5.136405005983656">
    <ele>25.130000000000003</ele>
   </trkpt>
   <trkpt lat="50.92372" lon="5.13604">
    <ele>25.07</ele>
   </trkpt>
   <trkpt lat="50.92418000000001" lon="5.135890000000001">
    <ele>25.0</ele>
   </trkpt>
   <trkpt lat="50.92456000000001" lon="5.135820000000001">
    <ele>25.0</ele>
   </trkpt>
   <trkpt lat="50.92519" lon="5.135800000000001">
    <ele>24.96</ele>
   </trkpt>
   <trkpt lat="50.92565499991629" lon="5.135725000767047">
    <ele>24.71</ele>
   </trkpt>
   <trkpt lat="50.926120000000004" lon="5.13565">
    <ele>24.77</ele>
   </trkpt>
   <trkpt lat="50.926410000000004" lon="5.13558">
    <ele>24.93</ele>
   </trkpt>
   <trkpt lat="50.92681" lon="5.13539">
    <ele>24.92</ele>
   </trkpt>
   <trkpt lat="50.92709000000001" lon="5.1352">
    <ele>25.07</ele>
   </trkpt>
   <trkpt lat="50.927420000000005" lon="5.13489">
    <ele>25.1</ele>
   </trkpt>
   <trkpt lat="50.92795500137745" lon="5.134325006483126">
    <ele>25.28</ele>
   </trkpt>
   <trkpt lat="50.928490000000004" lon="5.1337600000000005">
    <ele>25.48</ele>
   </trkpt>
   <trkpt lat="50.928490000000004" lon="5.13377">
    <ele>25.48</ele>
   </trkpt>
   <trkpt lat="50.928790000000006" lon="5.13347">
    <ele>25.44</ele>
   </trkpt>
   <trkpt lat="50.928900000000006" lon="5.133400000000001">
    <ele>25.44</ele>
   </trkpt>
   <trkpt lat="50.92906000000001" lon="5.133330000000001">
    <ele>25.34</ele>
   </trkpt>
   <trkpt lat="50.9292" lon="5.1333">
    <ele>25.34</ele>
   </trkpt>
   <trkpt lat="50.92935000000001" lon="5.133310000000001">
    <ele>25.240000000000002</ele>
   </trkpt>
   <trkpt lat="50.929520000000004" lon="5.133380000000001">
    <ele>25.240000000000002</ele>
   </trkpt>
   <trkpt lat="50.92965" lon="5.13347">
    <ele>25.19</ele>
   </trkpt>
   <trkpt lat="50.929770000000005" lon="5.13358">
    <ele>25.19</ele>
   </trkpt>
   <trkpt lat="50.92985" lon="5.1335500000000005">
    <ele>25.200000000000003</ele>
   </trkpt>
   <trkpt lat="50.92998000000001" lon="5.13356">
    <ele>25.18</ele>
   </trkpt>
   <trkpt lat="50.9306466668012" lon="5.133679996562109">
    <ele>24.950000000000003</ele>
   </trkpt>
   <trkpt lat="50.93131333347942" lon="5.13379999656413">
    <ele>25.17</ele>
   </trkpt>
   <trkpt lat="50.93198" lon="5.133920000000001">
    <ele>25.34</ele>
   </trkpt>
   <trkpt lat="50.931940000000004" lon="5.1336200000000005">
    <ele>25.310000000000002</ele>
   </trkpt>
   <trkpt lat="50.931720000000006" lon="5.13236">
    <ele>25.1</ele>
   </trkpt>
   <trkpt lat="50.932423333297244" lon="5.132369999697024">
    <ele>24.1</ele>
   </trkpt>
   <trkpt lat="50.93312666659362" lon="5.132379999696494">
    <ele>24.240000000000002</ele>
   </trkpt>
   <trkpt lat="50.93383000000001" lon="5.13239">
    <ele>24.35</ele>
   </trkpt>
   <trkpt lat="50.934513333348605" lon="5.13238666676455">
    <ele>23.840000000000003</ele>
   </trkpt>
   <trkpt lat="50.9351966666971" lon="5.132383333431144">
    <ele>23.340000000000003</ele>
   </trkpt>
   <trkpt lat="50.935880000000004" lon="5.13238">
    <ele>24.5</ele>
   </trkpt>
   <trkpt lat="50.93607" lon="5.13232">
    <ele>24.740000000000002</ele>
   </trkpt>
   <trkpt lat="50.936930000000004" lon="5.131950000000001">
    <ele>24.48</ele>
   </trkpt>
   <trkpt lat="50.93758666692496" lon="5.1317833380352225">
    <ele>24.39</ele>
   </trkpt>
   <trkpt lat="50.9382433336127" lon="5.131616671363288">
    <ele>24.32</ele>
   </trkpt>
   <trkpt lat="50.938900000000004" lon="5.13145">
    <ele>24.180000000000003</ele>
   </trkpt>
   <trkpt lat="50.939730000000004" lon="5.1313">
    <ele>23.89</ele>
   </trkpt>
   <trkpt lat="50.939840000000004" lon="5.13126">
    <ele>23.89</ele>
   </trkpt>
   <trkpt lat="50.939930000000004" lon="5.131150000000001">
    <ele>23.89</ele>
   </trkpt>
   <trkpt lat="50.94044000399718" lon="5.130185010545096">
    <ele>23.290000000000003</ele>
   </trkpt>
   <trkpt lat="50.94095" lon="5.12922">
    <ele>23.78</ele>
   </trkpt>
   <trkpt lat="50.941100000000006" lon="5.1290000000000004">
    <ele>23.860000000000003</ele>
   </trkpt>
   <trkpt lat="50.941500000000005" lon="5.12858">
    <ele>24.14</ele>
   </trkpt>
   <trkpt lat="50.94214" lon="5.12786">
    <ele>24.21</ele>
   </trkpt>
   <trkpt lat="50.942600003351195" lon="5.1269800086213575">
    <ele>24.400000000000002</ele>
   </trkpt>
   <trkpt lat="50.94306" lon="5.1261">
    <ele>24.130000000000003</ele>
   </trkpt>
   <trkpt lat="50.94324" lon="5.12591">
    <ele>24.130000000000003</ele>
   </trkpt>
   <trkpt lat="50.94339" lon="5.12586">
    <ele>23.990000000000002</ele>
   </trkpt>
   <trkpt lat="50.943560000000005" lon="5.125900000000001">
    <ele>23.71</ele>
   </trkpt>
   <trkpt lat="50.94430000060842" lon="5.126274994034958">
    <ele>23.31</ele>
   </trkpt>
   <trkpt lat="50.945040000000006" lon="5.126650000000001">
    <ele>23.700000000000003</ele>
   </trkpt>
   <trkpt lat="50.945130000000006" lon="5.1265600000000004">
    <ele>23.6</ele>
   </trkpt>
   <trkpt lat="50.94521" lon="5.126390000000001">
    <ele>23.6</ele>
   </trkpt>
   <trkpt lat="50.94537000362645" lon="5.125460003586866">
    <ele>23.39</ele>
   </trkpt>
   <trkpt lat="50.945530000000005" lon="5.12453">
    <ele>22.9</ele>
   </trkpt>
   <trkpt lat="50.94563" lon="5.12406">
    <ele>22.770000000000003</ele>
   </trkpt>
   <trkpt lat="50.94568" lon="5.12394">
    <ele>22.56</ele>
   </trkpt>
   <trkpt lat="50.945800000000006" lon="5.123760000000001">
    <ele>22.56</ele>
   </trkpt>
   <trkpt lat="50.94588" lon="5.123670000000001">
    <ele>22.490000000000002</ele>
   </trkpt>
   <trkpt lat="50.94639000073274" lon="5.123255004555093">
    <ele>22.410000000000004</ele>
   </trkpt>
   <trkpt lat="50.94690000000001" lon="5.12284">
    <ele>22.38</ele>
   </trkpt>
   <trkpt lat="50.94709" lon="5.12269">
    <ele>22.38</ele>
   </trkpt>
   <trkpt lat="50.947230000000005" lon="5.12253">
    <ele>22.320000000000004</ele>
   </trkpt>
   <trkpt lat="50.947390000000006" lon="5.122280000000001">
    <ele>22.330000000000002</ele>
   </trkpt>
   <trkpt lat="50.947680000000005" lon="5.1219600000000005">
    <ele>22.42</ele>
   </trkpt>
   <trkpt lat="50.94805" lon="5.12161">
    <ele>22.53</ele>
   </trkpt>
   <trkpt lat="50.948550000000004" lon="5.121110000000001">
    <ele>23.24</ele>
   </trkpt>
   <trkpt lat="50.948620000000005" lon="5.121320000000001">
    <ele>23.44</ele>
   </trkpt>
   <trkpt lat="50.94881" lon="5.121390000000001">
    <ele>23.51</ele>
   </trkpt>
   <trkpt lat="50.94895" lon="5.120520000000001">
    <ele>23.57</ele>
   </trkpt>
   <trkpt lat="50.9491" lon="5.119490000000001">
    <ele>23.44</ele>
   </trkpt>
   <trkpt lat="50.94924000737196" lon="5.118175004064957">
    <ele>23.17</ele>
   </trkpt>
   <trkpt lat="50.949380000000005" lon="5.116860000000001">
    <ele>22.770000000000003</ele>
   </trkpt>
   <trkpt lat="50.94950000000001" lon="5.11613">
    <ele>23.080000000000002</ele>
   </trkpt>
   <trkpt lat="50.94959000000001" lon="5.116040000000001">
    <ele>23.080000000000002</ele>
   </trkpt>
   <trkpt lat="50.949670000000005" lon="5.11603">
    <ele>22.680000000000003</ele>
   </trkpt>
   <trkpt lat="50.949850000000005" lon="5.116040000000001">
    <ele>22.580000000000002</ele>
   </trkpt>
   <trkpt lat="50.9502950000977" lon="5.1162449979996545">
    <ele>22.09</ele>
   </trkpt>
   <trkpt lat="50.95074" lon="5.11645">
    <ele>21.970000000000002</ele>
   </trkpt>
   <trkpt lat="50.95111000000001" lon="5.11657">
    <ele>22.140000000000004</ele>
   </trkpt>
   <trkpt lat="50.95127" lon="5.11659">
    <ele>22.140000000000004</ele>
   </trkpt>
   <trkpt lat="50.95158000000001" lon="5.1166">
    <ele>22.080000000000002</ele>
   </trkpt>
   <trkpt lat="50.95235571428777" lon="5.116578573574812">
    <ele>22.04</ele>
   </trkpt>
   <trkpt lat="50.953131428571595" lon="5.116557146434373">
    <ele>22.19</ele>
   </trkpt>
   <trkpt lat="50.95390714285152" lon="5.11653571857864">
    <ele>22.160000000000004</ele>
   </trkpt>
   <trkpt lat="50.9546828571275" lon="5.116514290007567">
    <ele>22.230000000000004</ele>
   </trkpt>
   <trkpt lat="50.95545857139958" lon="5.116492860721112">
    <ele>22.230000000000004</ele>
   </trkpt>
   <trkpt lat="50.95623428566775" lon="5.116471430719231">
    <ele>22.2</ele>
   </trkpt>
   <trkpt lat="50.957010000000004" lon="5.11645">
    <ele>22.18</ele>
   </trkpt>
   <trkpt lat="50.9577" lon="5.11648">
    <ele>22.35</ele>
   </trkpt>
   <trkpt lat="50.95832500008036" lon="5.116529999333045">
    <ele>22.490000000000002</ele>
   </trkpt>
   <trkpt lat="50.95895" lon="5.116580000000001">
    <ele>22.47</ele>
   </trkpt>
   <trkpt lat="50.959300000000006" lon="5.116580000000001">
    <ele>22.080000000000002</ele>
   </trkpt>
   <trkpt lat="50.95951" lon="5.1165400000000005">
    <ele>21.820000000000004</ele>
   </trkpt>
   <trkpt lat="50.960060000000006" lon="5.11636">
    <ele>21.61</ele>
   </trkpt>
   <trkpt lat="50.96052" lon="5.116210000000001">
    <ele>21.76</ele>
   </trkpt>
   <trkpt lat="50.96068" lon="5.11613">
    <ele>21.740000000000002</ele>
   </trkpt>
   <trkpt lat="50.960710000000006" lon="5.1162">
    <ele>21.740000000000002</ele>
   </trkpt>
   <trkpt lat="50.960750000000004" lon="5.11624">
    <ele>21.740000000000002</ele>
   </trkpt>
   <trkpt lat="50.960820000000005" lon="5.116250000000001">
    <ele>21.740000000000002</ele>
   </trkpt>
   <trkpt lat="50.96087000000001" lon="5.11622">
    <ele>21.740000000000002</ele>
   </trkpt>
   <trkpt lat="50.960890000000006" lon="5.116160000000001">
    <ele>21.740000000000002</ele>
   </trkpt>
   <trkpt lat="50.9609" lon="5.116020000000001">
    <ele>21.68</ele>
   </trkpt>
   <trkpt lat="50.96135500017116" lon="5.1157900022800575">
    <ele>21.460000000000004</ele>
   </trkpt>
   <trkpt lat="50.96181000000001" lon="5.11556">
    <ele>21.330000000000002</ele>
   </trkpt>
   <trkpt lat="50.962230000000005" lon="5.115410000000001">
    <ele>21.52</ele>
   </trkpt>
   <trkpt lat="50.96253" lon="5.115360000000001">
    <ele>21.54</ele>
   </trkpt>
   <trkpt lat="50.96271" lon="5.11535">
    <ele>21.59</ele>
   </trkpt>
   <trkpt lat="50.96302000000001" lon="5.11537">
    <ele>21.820000000000004</ele>
   </trkpt>
   <trkpt lat="50.96307" lon="5.115410000000001">
    <ele>21.820000000000004</ele>
   </trkpt>
   <trkpt lat="50.96322000000001" lon="5.11544">
    <ele>21.900000000000002</ele>
   </trkpt>
   <trkpt lat="50.96327" lon="5.11542">
    <ele>21.900000000000002</ele>
   </trkpt>
   <trkpt lat="50.96414333360597" lon="5.115586660407108">
    <ele>21.910000000000004</ele>
   </trkpt>
   <trkpt lat="50.96501666697478" lon="5.115753327080402">
    <ele>22.09</ele>
   </trkpt>
   <trkpt lat="50.96589" lon="5.11592">
    <ele>22.09</ele>
   </trkpt>
   <trkpt lat="50.96616" lon="5.11596">
    <ele>21.990000000000002</ele>
   </trkpt>
   <trkpt lat="50.96618" lon="5.11599">
    <ele>21.990000000000002</ele>
   </trkpt>
   <trkpt lat="50.96631000000001" lon="5.116020000000001">
    <ele>21.990000000000002</ele>
   </trkpt>
   <trkpt lat="50.96642000000001" lon="5.11601">
    <ele>21.990000000000002</ele>
   </trkpt>
   <trkpt lat="50.96718333376144" lon="5.116151655026488">
    <ele>22.03</ele>
   </trkpt>
   <trkpt lat="50.967946667351534" lon="5.116293314708655">
    <ele>22.160000000000004</ele>
   </trkpt>
   <trkpt lat="50.968710000770294" lon="5.116434979046781">
    <ele>22.060000000000002</ele>
   </trkpt>
   <trkpt lat="50.9694733340177" lon="5.116576648041147">
    <ele>21.810000000000002</ele>
   </trkpt>
   <trkpt lat="50.97023666709375" lon="5.116718321692029">
    <ele>21.76</ele>
   </trkpt>
   <trkpt lat="50.971000000000004" lon="5.116860000000001">
    <ele>21.75</ele>
   </trkpt>
   <trkpt lat="50.97129" lon="5.1168700000000005">
    <ele>21.71</ele>
   </trkpt>
   <trkpt lat="50.971470000000004" lon="5.116840000000001">
    <ele>21.69</ele>
   </trkpt>
   <trkpt lat="50.971720000000005" lon="5.116750000000001">
    <ele>21.730000000000004</ele>
   </trkpt>
   <trkpt lat="50.97187" lon="5.116680000000001">
    <ele>21.730000000000004</ele>
   </trkpt>
   <trkpt lat="50.97207" lon="5.11655">
    <ele>21.730000000000004</ele>
   </trkpt>
   <trkpt lat="50.97229" lon="5.11636">
    <ele>21.71</ele>
   </trkpt>
   <trkpt lat="50.97245" lon="5.116180000000001">
    <ele>21.71</ele>
   </trkpt>
   <trkpt lat="50.9727" lon="5.11582">
    <ele>21.54</ele>
   </trkpt>
   <trkpt lat="50.972820000000006" lon="5.11561">
    <ele>21.54</ele>
   </trkpt>
   <trkpt lat="50.973326678271754" lon="5.114443358825369">
    <ele>21.830000000000002</ele>
   </trkpt>
   <trkpt lat="50.9738333449231" lon="5.113276692194505">
    <ele>21.96</ele>
   </trkpt>
   <trkpt lat="50.974340000000005" lon="5.11211">
    <ele>22.230000000000004</ele>
   </trkpt>
   <trkpt lat="50.974410000000006" lon="5.111980000000001">
    <ele>22.250000000000004</ele>
   </trkpt>
   <trkpt lat="50.97451" lon="5.11188">
    <ele>22.310000000000002</ele>
   </trkpt>
   <trkpt lat="50.97449" lon="5.111770000000001">
    <ele>22.310000000000002</ele>
   </trkpt>
   <trkpt lat="50.97467" lon="5.111090000000001">
    <ele>22.47</ele>
   </trkpt>
   <trkpt lat="50.974005001887676" lon="5.1104149902762055">
    <ele>21.32</ele>
   </trkpt>
   <trkpt lat="50.97334000000001" lon="5.10974">
    <ele>21.69</ele>
   </trkpt>
   <trkpt lat="50.97325000000001" lon="5.1096200000000005">
    <ele>21.69</ele>
   </trkpt>
   <trkpt lat="50.97319" lon="5.108650000000001">
    <ele>22.330000000000002</ele>
   </trkpt>
   <trkpt lat="50.973180000000006" lon="5.108180000000001">
    <ele>22.520000000000003</ele>
   </trkpt>
   <trkpt lat="50.973180000000006" lon="5.10815">
    <ele>22.54</ele>
   </trkpt>
   <trkpt lat="50.97317" lon="5.107640000000001">
    <ele>23.17</ele>
   </trkpt>
   <trkpt lat="50.973200000000006" lon="5.10693">
    <ele>24.51</ele>
   </trkpt>
   <trkpt lat="50.97319" lon="5.10656">
    <ele>24.51</ele>
   </trkpt>
   <trkpt lat="50.973130000000005" lon="5.10615">
    <ele>25.61</ele>
   </trkpt>
   <trkpt lat="50.97299" lon="5.105650000000001">
    <ele>26.900000000000002</ele>
   </trkpt>
   <trkpt lat="50.972750000000005" lon="5.10489">
    <ele>30.97</ele>
   </trkpt>
   <trkpt lat="50.97239000367939" lon="5.103964992898947">
    <ele>34.120000000000005</ele>
   </trkpt>
   <trkpt lat="50.972030000000004" lon="5.10304">
    <ele>35.18</ele>
   </trkpt>
   <trkpt lat="50.971900000000005" lon="5.102600000000001">
    <ele>34.88</ele>
   </trkpt>
   <trkpt lat="50.971900000000005" lon="5.1023700000000005">
    <ele>34.77</ele>
   </trkpt>
   <trkpt lat="50.97193000000001" lon="5.102270000000001">
    <ele>34.65</ele>
   </trkpt>
   <trkpt lat="50.97229" lon="5.10151">
    <ele>33.46</ele>
   </trkpt>
   <trkpt lat="50.972650004402276" lon="5.100500007695371">
    <ele>31.310000000000002</ele>
   </trkpt>
   <trkpt lat="50.97301" lon="5.09949">
    <ele>29.470000000000002</ele>
   </trkpt>
   <trkpt lat="50.973040000000005" lon="5.099290000000001">
    <ele>29.25</ele>
   </trkpt>
   <trkpt lat="50.973040000000005" lon="5.09855">
    <ele>28.82</ele>
   </trkpt>
   <trkpt lat="50.973110000000005" lon="5.09829">
    <ele>28.790000000000003</ele>
   </trkpt>
   <trkpt lat="50.97319" lon="5.09811">
    <ele>28.64</ele>
   </trkpt>
   <trkpt lat="50.973180000000006" lon="5.097910000000001">
    <ele>28.64</ele>
   </trkpt>
   <trkpt lat="50.973000000000006" lon="5.0971">
    <ele>28.84</ele>
   </trkpt>
   <trkpt lat="50.972660000000005" lon="5.0961300000000005">
    <ele>29.030000000000005</ele>
   </trkpt>
   <trkpt lat="50.97235000164374" lon="5.095509995867197">
    <ele>29.080000000000002</ele>
   </trkpt>
   <trkpt lat="50.97204000000001" lon="5.09489">
    <ele>29.17</ele>
   </trkpt>
   <trkpt lat="50.971900000000005" lon="5.09454">
    <ele>29.51</ele>
   </trkpt>
   <trkpt lat="50.97186000000001" lon="5.094340000000001">
    <ele>29.93</ele>
   </trkpt>
   <trkpt lat="50.97189" lon="5.09426">
    <ele>29.93</ele>
   </trkpt>
   <trkpt lat="50.971970000000006" lon="5.09419">
    <ele>29.93</ele>
   </trkpt>
   <trkpt lat="50.972120000000004" lon="5.09419">
    <ele>29.540000000000003</ele>
   </trkpt>
   <trkpt lat="50.972300000000004" lon="5.09421">
    <ele>29.380000000000003</ele>
   </trkpt>
   <trkpt lat="50.97231000000001" lon="5.09421">
    <ele>29.380000000000003</ele>
   </trkpt>
   <trkpt lat="50.972820000000006" lon="5.09428">
    <ele>29.95</ele>
   </trkpt>
   <trkpt lat="50.97296000000001" lon="5.09424">
    <ele>30.230000000000004</ele>
   </trkpt>
   <trkpt lat="50.97364" lon="5.09503">
    <ele>28.19</ele>
   </trkpt>
   <trkpt lat="50.97429" lon="5.0956600000000005">
    <ele>26.230000000000004</ele>
   </trkpt>
   <trkpt lat="50.97486500257695" lon="5.096439990314776">
    <ele>25.290000000000003</ele>
   </trkpt>
   <trkpt lat="50.975440000000006" lon="5.09722">
    <ele>23.64</ele>
   </trkpt>
   <trkpt lat="50.975620000000006" lon="5.0974200000000005">
    <ele>23.37</ele>
   </trkpt>
   <trkpt lat="50.975770000000004" lon="5.097530000000001">
    <ele>23.37</ele>
   </trkpt>
   <trkpt lat="50.975950000000005" lon="5.09762">
    <ele>23.160000000000004</ele>
   </trkpt>
   <trkpt lat="50.97614" lon="5.09768">
    <ele>22.860000000000003</ele>
   </trkpt>
   <trkpt lat="50.9763" lon="5.0978">
    <ele>22.64</ele>
   </trkpt>
   <trkpt lat="50.97680500153233" lon="5.098404993384368">
    <ele>21.61</ele>
   </trkpt>
   <trkpt lat="50.97731" lon="5.099010000000001">
    <ele>21.2</ele>
   </trkpt>
   <trkpt lat="50.977700000000006" lon="5.09933">
    <ele>20.94</ele>
   </trkpt>
   <trkpt lat="50.978080000000006" lon="5.099570000000001">
    <ele>21.11</ele>
   </trkpt>
   <trkpt lat="50.97829" lon="5.099640000000001">
    <ele>21.53</ele>
   </trkpt>
   <trkpt lat="50.97838" lon="5.09933">
    <ele>21.41</ele>
   </trkpt>
   <trkpt lat="50.97842000000001" lon="5.09935">
    <ele>21.44</ele>
   </trkpt>
   <trkpt lat="50.97871000495704" lon="5.0982750066247995">
    <ele>20.69</ele>
   </trkpt>
   <trkpt lat="50.979000000000006" lon="5.097200000000001">
    <ele>20.66</ele>
   </trkpt>
   <trkpt lat="50.979290000000006" lon="5.0965300000000004">
    <ele>20.880000000000003</ele>
   </trkpt>
   <trkpt lat="50.97939" lon="5.09639">
    <ele>21.19</ele>
   </trkpt>
   <trkpt lat="50.97955" lon="5.09625">
    <ele>21.19</ele>
   </trkpt>
   <trkpt lat="50.979600000000005" lon="5.09619">
    <ele>21.19</ele>
   </trkpt>
   <trkpt lat="50.98014500062562" lon="5.09578000488177">
    <ele>21.150000000000002</ele>
   </trkpt>
   <trkpt lat="50.98069" lon="5.095370000000001">
    <ele>21.66</ele>
   </trkpt>
   <trkpt lat="50.980740000000004" lon="5.09438">
    <ele>21.79</ele>
   </trkpt>
   <trkpt lat="50.98078" lon="5.0942300000000005">
    <ele>21.93</ele>
   </trkpt>
   <trkpt lat="50.98077000000001" lon="5.09395">
    <ele>22.150000000000002</ele>
   </trkpt>
   <trkpt lat="50.9808" lon="5.093450000000001">
    <ele>22.42</ele>
   </trkpt>
   <trkpt lat="50.980850000000004" lon="5.09302">
    <ele>23.15</ele>
   </trkpt>
   <trkpt lat="50.98093" lon="5.0917">
    <ele>24.09</ele>
   </trkpt>
   <trkpt lat="50.981190000000005" lon="5.0904300000000005">
    <ele>24.46</ele>
   </trkpt>
   <trkpt lat="50.981350000000006" lon="5.0899">
    <ele>24.32</ele>
   </trkpt>
   <trkpt lat="50.98162000000001" lon="5.089300000000001">
    <ele>23.85</ele>
   </trkpt>
   <trkpt lat="50.98213201940946" lon="5.088234047008727">
    <ele>23.49</ele>
   </trkpt>
   <trkpt lat="50.98264402911843" lon="5.087168070505626">
    <ele>22.71</ele>
   </trkpt>
   <trkpt lat="50.98315602912646" lon="5.086102070490193">
    <ele>22.160000000000004</ele>
   </trkpt>
   <trkpt lat="50.98366801943322" lon="5.085036046961927">
    <ele>21.66</ele>
   </trkpt>
   <trkpt lat="50.98418" lon="5.083970000000001">
    <ele>21.01</ele>
   </trkpt>
   <trkpt lat="50.984320000000004" lon="5.08373">
    <ele>20.67</ele>
   </trkpt>
   <trkpt lat="50.98453000000001" lon="5.08345">
    <ele>20.610000000000003</ele>
   </trkpt>
   <trkpt lat="50.98474" lon="5.083220000000001">
    <ele>20.48</ele>
   </trkpt>
   <trkpt lat="50.985110000000006" lon="5.082890000000001">
    <ele>20.1</ele>
   </trkpt>
   <trkpt lat="50.985550000409155" lon="5.082615002552601">
    <ele>19.990000000000002</ele>
   </trkpt>
   <trkpt lat="50.98599" lon="5.08234">
    <ele>20.32</ele>
   </trkpt>
   <trkpt lat="50.986180000000004" lon="5.082210000000001">
    <ele>20.310000000000002</ele>
   </trkpt>
   <trkpt lat="50.986200000000004" lon="5.08211">
    <ele>20.310000000000002</ele>
   </trkpt>
   <trkpt lat="50.986935000997725" lon="5.0816350074987815">
    <ele>20.110000000000003</ele>
   </trkpt>
   <trkpt lat="50.98767" lon="5.081160000000001">
    <ele>20.790000000000003</ele>
   </trkpt>
   <trkpt lat="50.98805" lon="5.08091">
    <ele>21.470000000000002</ele>
   </trkpt>
   <trkpt lat="50.988260000000004" lon="5.08075">
    <ele>21.550000000000004</ele>
   </trkpt>
   <trkpt lat="50.98873500042344" lon="5.080455002986622">
    <ele>21.07</ele>
   </trkpt>
   <trkpt lat="50.98921000000001" lon="5.08016">
    <ele>21.68</ele>
   </trkpt>
   <trkpt lat="50.98986000000001" lon="5.079470000000001">
    <ele>22.660000000000004</ele>
   </trkpt>
   <trkpt lat="50.99022" lon="5.07927">
    <ele>23.01</ele>
   </trkpt>
   <trkpt lat="50.99073000049158" lon="5.078960003356925">
    <ele>24.580000000000002</ele>
   </trkpt>
   <trkpt lat="50.991240000000005" lon="5.0786500000000006">
    <ele>25.890000000000004</ele>
   </trkpt>
   <trkpt lat="50.99132" lon="5.078480000000001">
    <ele>25.970000000000002</ele>
   </trkpt>
   <trkpt lat="50.99155500334805" lon="5.077600004295789">
    <ele>26.42</ele>
   </trkpt>
   <trkpt lat="50.99179" lon="5.076720000000001">
    <ele>27.000000000000004</ele>
   </trkpt>
   <trkpt lat="50.99194500789303" lon="5.075360004555113">
    <ele>28.470000000000002</ele>
   </trkpt>
   <trkpt lat="50.9921" lon="5.074000000000001">
    <ele>30.400000000000002</ele>
   </trkpt>
   <trkpt lat="50.99213" lon="5.07387">
    <ele>30.520000000000003</ele>
   </trkpt>
   <trkpt lat="50.99219" lon="5.073740000000001">
    <ele>30.61</ele>
   </trkpt>
   <trkpt lat="50.992250000000006" lon="5.073670000000001">
    <ele>30.61</ele>
   </trkpt>
   <trkpt lat="50.99277000039672" lon="5.073415002798753">
    <ele>28.940000000000005</ele>
   </trkpt>
   <trkpt lat="50.99329" lon="5.073160000000001">
    <ele>27.720000000000002</ele>
   </trkpt>
   <trkpt lat="50.994110000000006" lon="5.072710000000001">
    <ele>26.3</ele>
   </trkpt>
   <trkpt lat="50.99477" lon="5.07232">
    <ele>25.39</ele>
   </trkpt>
   <trkpt lat="50.995430000000006" lon="5.0718000000000005">
    <ele>25.44</ele>
   </trkpt>
   <trkpt lat="50.995540000000005" lon="5.071680000000001">
    <ele>25.470000000000002</ele>
   </trkpt>
   <trkpt lat="50.99571" lon="5.07103">
    <ele>25.66</ele>
   </trkpt>
   <trkpt lat="50.99577000000001" lon="5.07096">
    <ele>25.69</ele>
   </trkpt>
   <trkpt lat="50.99584" lon="5.07092">
    <ele>25.69</ele>
   </trkpt>
   <trkpt lat="50.996100000000006" lon="5.07183">
    <ele>25.68</ele>
   </trkpt>
   <trkpt lat="50.996140000000004" lon="5.07181">
    <ele>25.68</ele>
   </trkpt>
   <trkpt lat="50.99622" lon="5.07181">
    <ele>25.310000000000002</ele>
   </trkpt>
   <trkpt lat="50.99674" lon="5.0720600000000005">
    <ele>23.950000000000003</ele>
   </trkpt>
   <trkpt lat="50.99680000000001" lon="5.072100000000001">
    <ele>23.810000000000002</ele>
   </trkpt>
   <trkpt lat="50.996880000000004" lon="5.072240000000001">
    <ele>23.67</ele>
   </trkpt>
   <trkpt lat="50.99692" lon="5.07235">
    <ele>23.67</ele>
   </trkpt>
   <trkpt lat="50.99720500624191" lon="5.073554992787386">
    <ele>23.44</ele>
   </trkpt>
   <trkpt lat="50.997490000000006" lon="5.07476">
    <ele>23.83</ele>
   </trkpt>
   <trkpt lat="50.99774000000001" lon="5.07549">
    <ele>24.330000000000002</ele>
   </trkpt>
   <trkpt lat="50.99804" lon="5.07619">
    <ele>24.46</ele>
   </trkpt>
   <trkpt lat="50.998290000000004" lon="5.076770000000001">
    <ele>24.68</ele>
   </trkpt>
   <trkpt lat="50.99839000000001" lon="5.07704">
    <ele>24.68</ele>
   </trkpt>
   <trkpt lat="50.998670003422106" lon="5.0779299947608765">
    <ele>24.55</ele>
   </trkpt>
   <trkpt lat="50.99895" lon="5.07882">
    <ele>24.41</ele>
   </trkpt>
   <trkpt lat="50.999125002058335" lon="5.079499997764819">
    <ele>24.540000000000003</ele>
   </trkpt>
   <trkpt lat="50.999300000000005" lon="5.08018">
    <ele>25.23</ele>
   </trkpt>
   <trkpt lat="50.999956668068876" lon="5.079770011626008">
    <ele>24.110000000000003</ele>
   </trkpt>
   <trkpt lat="51.00061333470289" lon="5.079360011646601">
    <ele>23.470000000000002</ele>
   </trkpt>
   <trkpt lat="51.001270000000005" lon="5.078950000000001">
    <ele>23.23</ele>
   </trkpt>
   <trkpt lat="51.00186" lon="5.07856">
    <ele>22.990000000000002</ele>
   </trkpt>
   <trkpt lat="51.002340000000004" lon="5.078130000000001">
    <ele>22.81</ele>
   </trkpt>
   <trkpt lat="51.0030025047524" lon="5.077520026144159">
    <ele>22.61</ele>
   </trkpt>
   <trkpt lat="51.00366500632879" lon="5.076910034866633">
    <ele>22.36</ele>
   </trkpt>
   <trkpt lat="51.004327504729076" lon="5.0763000261666">
    <ele>22.27</ele>
   </trkpt>
   <trkpt lat="51.00499000000001" lon="5.075690000000001">
    <ele>22.18</ele>
   </trkpt>
   <trkpt lat="51.005210000000005" lon="5.0754600000000005">
    <ele>22.11</ele>
   </trkpt>
   <trkpt lat="51.00546000000001" lon="5.07516">
    <ele>22.0</ele>
   </trkpt>
   <trkpt lat="51.00596" lon="5.074400000000001">
    <ele>21.26</ele>
   </trkpt>
   <trkpt lat="51.006530000000005" lon="5.073460000000001">
    <ele>20.85</ele>
   </trkpt>
   <trkpt lat="51.006860001338524" lon="5.072920003687791">
    <ele>20.970000000000002</ele>
   </trkpt>
   <trkpt lat="51.00719" lon="5.072380000000001">
    <ele>21.35</ele>
   </trkpt>
   <trkpt lat="51.00742" lon="5.07197">
    <ele>21.44</ele>
   </trkpt>
   <trkpt lat="51.00748" lon="5.071630000000001">
    <ele>21.57</ele>
   </trkpt>
   <trkpt lat="51.00741000000001" lon="5.070690000000001">
    <ele>21.54</ele>
   </trkpt>
   <trkpt lat="51.00737000946879" lon="5.069636664812014">
    <ele>21.39</ele>
   </trkpt>
   <trkpt lat="51.00733000946733" lon="5.068583331440495">
    <ele>21.59</ele>
   </trkpt>
   <trkpt lat="51.007290000000005" lon="5.0675300000000005">
    <ele>21.92</ele>
   </trkpt>
   <trkpt lat="51.007240004275126" lon="5.066529999069864">
    <ele>21.980000000000004</ele>
   </trkpt>
   <trkpt lat="51.00719" lon="5.065530000000001">
    <ele>22.12</ele>
   </trkpt>
   <trkpt lat="51.00715" lon="5.065180000000001">
    <ele>22.12</ele>
   </trkpt>
   <trkpt lat="51.00699" lon="5.06444">
    <ele>22.13</ele>
   </trkpt>
   <trkpt lat="51.006840000000004" lon="5.063960000000001">
    <ele>22.22</ele>
   </trkpt>
   <trkpt lat="51.0067" lon="5.063630000000001">
    <ele>22.42</ele>
   </trkpt>
   <trkpt lat="51.006237513053385" lon="5.062619969773373">
    <ele>23.000000000000004</ele>
   </trkpt>
   <trkpt lat="51.00577501739931" lon="5.061609959687162">
    <ele>23.66</ele>
   </trkpt>
   <trkpt lat="51.00531251303807" lon="5.060599969741012">
    <ele>24.55</ele>
   </trkpt>
   <trkpt lat="51.004850000000005" lon="5.05959">
    <ele>25.43</ele>
   </trkpt>
   <trkpt lat="51.004830000000005" lon="5.059410000000001">
    <ele>25.66</ele>
   </trkpt>
   <trkpt lat="51.004720000000006" lon="5.05935">
    <ele>25.87</ele>
   </trkpt>
   <trkpt lat="51.00420836155486" lon="5.058199936579991">
    <ele>28.14</ele>
   </trkpt>
   <trkpt lat="51.003696711820275" lon="5.057049898528104">
    <ele>30.650000000000002</ele>
   </trkpt>
   <trkpt lat="51.003185050796695" lon="5.055899885843878">
    <ele>37.37</ele>
   </trkpt>
   <trkpt lat="51.002673378484616" lon="5.054749898526849">
    <ele>44.28000000000001</ele>
   </trkpt>
   <trkpt lat="51.00216169488446" lon="5.053599936576554">
    <ele>45.03</ele>
   </trkpt>
   <trkpt lat="51.001650000000005" lon="5.05245">
    <ele>44.54</ele>
   </trkpt>
   <trkpt lat="51.00195" lon="5.0520700000000005">
    <ele>42.440000000000005</ele>
   </trkpt>
   <trkpt lat="51.00208000000001" lon="5.05187">
    <ele>42.010000000000005</ele>
   </trkpt>
   <trkpt lat="51.002250000000004" lon="5.051410000000001">
    <ele>40.75</ele>
   </trkpt>
   <trkpt lat="51.002320000000005" lon="5.0509">
    <ele>39.470000000000006</ele>
   </trkpt>
   <trkpt lat="51.002390000000005" lon="5.04959">
    <ele>37.85</ele>
   </trkpt>
   <trkpt lat="51.002390000000005" lon="5.048900000000001">
    <ele>36.58</ele>
   </trkpt>
   <trkpt lat="51.00226000000001" lon="5.0478700000000005">
    <ele>34.45</ele>
   </trkpt>
   <trkpt lat="51.00227" lon="5.04757">
    <ele>34.13</ele>
   </trkpt>
   <trkpt lat="51.002300000000005" lon="5.04741">
    <ele>34.13</ele>
   </trkpt>
   <trkpt lat="51.00244000000001" lon="5.047020000000001">
    <ele>32.97</ele>
   </trkpt>
   <trkpt lat="51.00249" lon="5.04675">
    <ele>32.300000000000004</ele>
   </trkpt>
   <trkpt lat="51.002460000000006" lon="5.046320000000001">
    <ele>31.17</ele>
   </trkpt>
   <trkpt lat="51.002300000000005" lon="5.045520000000001">
    <ele>30.03</ele>
   </trkpt>
   <trkpt lat="51.00218" lon="5.04467">
    <ele>29.84</ele>
   </trkpt>
   <trkpt lat="51.00217000000001" lon="5.044420000000001">
    <ele>30.42</ele>
   </trkpt>
   <trkpt lat="51.002210000000005" lon="5.044180000000001">
    <ele>30.36</ele>
   </trkpt>
   <trkpt lat="51.002100000000006" lon="5.04281">
    <ele>30.860000000000003</ele>
   </trkpt>
   <trkpt lat="51.001920000000005" lon="5.04154">
    <ele>30.150000000000002</ele>
   </trkpt>
   <trkpt lat="51.00195" lon="5.04128">
    <ele>29.990000000000002</ele>
   </trkpt>
   <trkpt lat="51.002010000000006" lon="5.04103">
    <ele>29.550000000000004</ele>
   </trkpt>
   <trkpt lat="51.00222" lon="5.04033">
    <ele>29.07</ele>
   </trkpt>
   <trkpt lat="51.00242" lon="5.039820000000001">
    <ele>27.680000000000003</ele>
   </trkpt>
   <trkpt lat="51.00269" lon="5.039280000000001">
    <ele>27.1</ele>
   </trkpt>
   <trkpt lat="51.00301" lon="5.038760000000001">
    <ele>26.560000000000002</ele>
   </trkpt>
   <trkpt lat="51.003130000000006" lon="5.03864">
    <ele>26.410000000000004</ele>
   </trkpt>
   <trkpt lat="51.00329000000001" lon="5.038550000000001">
    <ele>26.04</ele>
   </trkpt>
   <trkpt lat="51.00368" lon="5.0383700000000005">
    <ele>25.78</ele>
   </trkpt>
   <trkpt lat="51.004400000000004" lon="5.03791">
    <ele>24.6</ele>
   </trkpt>
   <trkpt lat="51.00509666919127" lon="5.037366682982544">
    <ele>23.37</ele>
   </trkpt>
   <trkpt lat="51.00579333586279" lon="5.036823349645739">
    <ele>22.71</ele>
   </trkpt>
   <trkpt lat="51.00649000000001" lon="5.0362800000000005">
    <ele>21.94</ele>
   </trkpt>
   <trkpt lat="51.006820000000005" lon="5.03596">
    <ele>21.92</ele>
   </trkpt>
   <trkpt lat="51.00695" lon="5.03575">
    <ele>21.6</ele>
   </trkpt>
   <trkpt lat="51.00705000000001" lon="5.03537">
    <ele>21.42</ele>
   </trkpt>
   <trkpt lat="51.007110000000004" lon="5.0353">
    <ele>21.42</ele>
   </trkpt>
   <trkpt lat="51.00719" lon="5.035290000000001">
    <ele>21.400000000000002</ele>
   </trkpt>
   <trkpt lat="51.00717" lon="5.035">
    <ele>21.17</ele>
   </trkpt>
   <trkpt lat="51.00724" lon="5.034490000000001">
    <ele>21.11</ele>
   </trkpt>
   <trkpt lat="51.007220000000004" lon="5.03429">
    <ele>21.11</ele>
   </trkpt>
   <trkpt lat="51.00728" lon="5.03425">
    <ele>21.11</ele>
   </trkpt>
   <trkpt lat="51.00732000000001" lon="5.03418">
    <ele>20.66</ele>
   </trkpt>
   <trkpt lat="51.007470000000005" lon="5.03335">
    <ele>20.490000000000002</ele>
   </trkpt>
   <trkpt lat="51.00752000000001" lon="5.03319">
    <ele>20.610000000000003</ele>
   </trkpt>
   <trkpt lat="51.00773" lon="5.03294">
    <ele>20.64</ele>
   </trkpt>
   <trkpt lat="51.007920000000006" lon="5.03282">
    <ele>20.6</ele>
   </trkpt>
   <trkpt lat="51.00833" lon="5.0327">
    <ele>20.75</ele>
   </trkpt>
   <trkpt lat="51.00864000000001" lon="5.03253">
    <ele>20.98</ele>
   </trkpt>
   <trkpt lat="51.008840000000006" lon="5.03246">
    <ele>20.91</ele>
   </trkpt>
   <trkpt lat="51.00900000000001" lon="5.032430000000001">
    <ele>20.94</ele>
   </trkpt>
   <trkpt lat="51.009170000000005" lon="5.03242">
    <ele>20.990000000000002</ele>
   </trkpt>
   <trkpt lat="51.01006" lon="5.0325500000000005">
    <ele>21.730000000000004</ele>
   </trkpt>
   <trkpt lat="51.01034000000001" lon="5.03277">
    <ele>21.830000000000002</ele>
   </trkpt>
   <trkpt lat="51.010600000000004" lon="5.0330200000000005">
    <ele>21.910000000000004</ele>
   </trkpt>
   <trkpt lat="51.0108" lon="5.03326">
    <ele>22.38</ele>
   </trkpt>
   <trkpt lat="51.011280000000006" lon="5.033950000000001">
    <ele>23.23</ele>
   </trkpt>
   <trkpt lat="51.01142" lon="5.034090000000001">
    <ele>23.6</ele>
   </trkpt>
   <trkpt lat="51.01158" lon="5.03418">
    <ele>24.180000000000003</ele>
   </trkpt>
   <trkpt lat="51.011970000000005" lon="5.03436">
    <ele>24.64</ele>
   </trkpt>
   <trkpt lat="51.01220000000001" lon="5.034490000000001">
    <ele>25.470000000000002</ele>
   </trkpt>
   <trkpt lat="51.01236" lon="5.034630000000001">
    <ele>25.640000000000004</ele>
   </trkpt>
   <trkpt lat="51.01276000000001" lon="5.0351300000000005">
    <ele>27.26</ele>
   </trkpt>
   <trkpt lat="51.013110000000005" lon="5.03545">
    <ele>28.23</ele>
   </trkpt>
   <trkpt lat="51.013200000000005" lon="5.03552">
    <ele>28.650000000000002</ele>
   </trkpt>
   <trkpt lat="51.01346" lon="5.03561">
    <ele>28.790000000000003</ele>
   </trkpt>
   <trkpt lat="51.013560000000005" lon="5.035480000000001">
    <ele>28.73</ele>
   </trkpt>
   <trkpt lat="51.0138" lon="5.035240000000001">
    <ele>28.26</ele>
   </trkpt>
   <trkpt lat="51.01426000000001" lon="5.034890000000001">
    <ele>26.400000000000002</ele>
   </trkpt>
   <trkpt lat="51.0144" lon="5.0347100000000005">
    <ele>26.0</ele>
   </trkpt>
   <trkpt lat="51.01489500222237" lon="5.033990007670898">
    <ele>23.919999999999998</ele>
   </trkpt>
   <trkpt lat="51.015390000000004" lon="5.033270000000001">
    <ele>23.200000000000003</ele>
   </trkpt>
   <trkpt lat="51.01581" lon="5.0326200000000005">
    <ele>22.830000000000002</ele>
   </trkpt>
   <trkpt lat="51.01643000334607" lon="5.0317300119489845">
    <ele>22.56</ele>
   </trkpt>
   <trkpt lat="51.017050000000005" lon="5.03084">
    <ele>21.630000000000003</ele>
   </trkpt>
   <trkpt lat="51.017480001555036" lon="5.030220005872689">
    <ele>21.86</ele>
   </trkpt>
   <trkpt lat="51.01791000000001" lon="5.0296">
    <ele>22.29</ele>
   </trkpt>
   <trkpt lat="51.01818" lon="5.02927">
    <ele>22.2</ele>
   </trkpt>
   <trkpt lat="51.01891000019768" lon="5.029020003959725">
    <ele>21.910000000000004</ele>
   </trkpt>
   <trkpt lat="51.01964" lon="5.028770000000001">
    <ele>21.95</ele>
   </trkpt>
   <trkpt lat="51.02020500008633" lon="5.028550002727781">
    <ele>21.68</ele>
   </trkpt>
   <trkpt lat="51.020770000000006" lon="5.02833">
    <ele>21.890000000000004</ele>
   </trkpt>
   <trkpt lat="51.02085" lon="5.02827">
    <ele>21.890000000000004</ele>
   </trkpt>
   <trkpt lat="51.02151000105473" lon="5.027745007570469">
    <ele>21.77</ele>
   </trkpt>
   <trkpt lat="51.02217" lon="5.027220000000001">
    <ele>22.310000000000002</ele>
   </trkpt>
   <trkpt lat="51.02221" lon="5.027380000000001">
    <ele>22.080000000000002</ele>
   </trkpt>
   <trkpt lat="51.022382517516746" lon="5.028549986888384">
    <ele>21.32</ele>
   </trkpt>
   <trkpt lat="51.022555023350755" lon="5.029719982484122">
    <ele>21.75</ele>
   </trkpt>
   <trkpt lat="51.02272751750185" lon="5.030889986786741">
    <ele>21.87</ele>
   </trkpt>
   <trkpt lat="51.02290000000001" lon="5.03206">
    <ele>22.230000000000004</ele>
   </trkpt>
   <trkpt lat="51.02288" lon="5.032260000000001">
    <ele>22.04</ele>
   </trkpt>
   <trkpt lat="51.02275" lon="5.032710000000001">
    <ele>22.01</ele>
   </trkpt>
   <trkpt lat="51.02273" lon="5.03282">
    <ele>22.01</ele>
   </trkpt>
   <trkpt lat="51.02281000319841" lon="5.033684998567311">
    <ele>21.720000000000002</ele>
   </trkpt>
   <trkpt lat="51.022890000000004" lon="5.03455">
    <ele>21.650000000000002</ele>
   </trkpt>
   <trkpt lat="51.022940000000006" lon="5.03484">
    <ele>21.640000000000004</ele>
   </trkpt>
   <trkpt lat="51.023320000000005" lon="5.03606">
    <ele>21.5</ele>
   </trkpt>
   <trkpt lat="51.02382000216873" lon="5.036784992072768">
    <ele>21.19</ele>
   </trkpt>
   <trkpt lat="51.02432" lon="5.03751">
    <ele>21.01</ele>
   </trkpt>
   <trkpt lat="51.024710000000006" lon="5.038200000000001">
    <ele>21.150000000000002</ele>
   </trkpt>
   <trkpt lat="51.02505000000001" lon="5.03821">
    <ele>21.130000000000003</ele>
   </trkpt>
   <trkpt lat="51.02552000000001" lon="5.03826">
    <ele>21.290000000000003</ele>
   </trkpt>
   <trkpt lat="51.02615" lon="5.038480000000001">
    <ele>21.54</ele>
   </trkpt>
   <trkpt lat="51.026160000000004" lon="5.038480000000001">
    <ele>21.54</ele>
   </trkpt>
   <trkpt lat="51.02648000000001" lon="5.038600000000001">
    <ele>21.69</ele>
   </trkpt>
   <trkpt lat="51.026590000000006" lon="5.038620000000001">
    <ele>21.69</ele>
   </trkpt>
   <trkpt lat="51.02685" lon="5.03859">
    <ele>21.76</ele>
   </trkpt>
   <trkpt lat="51.02703" lon="5.0385100000000005">
    <ele>21.820000000000004</ele>
   </trkpt>
   <trkpt lat="51.02713000000001" lon="5.03849">
    <ele>21.820000000000004</ele>
   </trkpt>
   <trkpt lat="51.027350000000006" lon="5.038550000000001">
    <ele>21.810000000000002</ele>
   </trkpt>
   <trkpt lat="51.0275" lon="5.03864">
    <ele>21.66</ele>
   </trkpt>
   <trkpt lat="51.027680000000004" lon="5.0388">
    <ele>21.560000000000002</ele>
   </trkpt>
   <trkpt lat="51.02825000000001" lon="5.039490000000001">
    <ele>21.330000000000002</ele>
   </trkpt>
   <trkpt lat="51.028675001225636" lon="5.039974995806077">
    <ele>21.330000000000002</ele>
   </trkpt>
   <trkpt lat="51.02910000000001" lon="5.04046">
    <ele>21.650000000000002</ele>
   </trkpt>
   <trkpt lat="51.02913" lon="5.04047">
    <ele>21.650000000000002</ele>
   </trkpt>
   <trkpt lat="51.02917000000001" lon="5.040450000000001">
    <ele>21.650000000000002</ele>
   </trkpt>
   <trkpt lat="51.029346676628485" lon="5.041529991813673">
    <ele>21.62</ele>
   </trkpt>
   <trkpt lat="51.02952334330289" lon="5.042609991860798">
    <ele>21.92</ele>
   </trkpt>
   <trkpt lat="51.029700000000005" lon="5.043690000000001">
    <ele>22.35</ele>
   </trkpt>
   <trkpt lat="51.029740000000004" lon="5.0441400000000005">
    <ele>22.44</ele>
   </trkpt>
   <trkpt lat="51.02975000000001" lon="5.044770000000001">
    <ele>22.860000000000003</ele>
   </trkpt>
   <trkpt lat="51.02987" lon="5.04474">
    <ele>22.97</ele>
   </trkpt>
   <trkpt lat="51.029970000000006" lon="5.0447500000000005">
    <ele>22.97</ele>
   </trkpt>
   <trkpt lat="51.030120000000004" lon="5.04488">
    <ele>23.1</ele>
   </trkpt>
   <trkpt lat="51.030260000000006" lon="5.04481">
    <ele>23.12</ele>
   </trkpt>
   <trkpt lat="51.03105000000001" lon="5.04469">
    <ele>24.060000000000002</ele>
   </trkpt>
   <trkpt lat="51.031220000000005" lon="5.04471">
    <ele>24.110000000000003</ele>
   </trkpt>
   <trkpt lat="51.03145000000001" lon="5.044650000000001">
    <ele>24.240000000000002</ele>
   </trkpt>
   <trkpt lat="51.03155" lon="5.0446">
    <ele>24.41</ele>
   </trkpt>
   <trkpt lat="51.032070000000004" lon="5.044160000000001">
    <ele>24.970000000000002</ele>
   </trkpt>
   <trkpt lat="51.032810000000005" lon="5.043500000000001">
    <ele>25.87</ele>
   </trkpt>
   <trkpt lat="51.03295000000001" lon="5.043430000000001">
    <ele>26.03</ele>
   </trkpt>
   <trkpt lat="51.033816668955446" lon="5.043103363875575">
    <ele>27.66</ele>
   </trkpt>
   <trkpt lat="51.03468333700035" lon="5.042776715533499">
    <ele>29.42</ele>
   </trkpt>
   <trkpt lat="51.035550004134684" lon="5.042450054972951">
    <ele>31.44</ele>
   </trkpt>
   <trkpt lat="51.036416670358385" lon="5.042123382193108">
    <ele>34.22</ele>
   </trkpt>
   <trkpt lat="51.037283335671376" lon="5.041796697193151">
    <ele>38.48</ele>
   </trkpt>
   <trkpt lat="51.03815" lon="5.04147">
    <ele>42.150000000000006</ele>
   </trkpt>
   <trkpt lat="51.038320000000006" lon="5.0414200000000005">
    <ele>42.61</ele>
   </trkpt>
   <trkpt lat="51.03849" lon="5.0414200000000005">
    <ele>43.74</ele>
   </trkpt>
   <trkpt lat="51.03867" lon="5.041460000000001">
    <ele>43.74</ele>
   </trkpt>
   <trkpt lat="51.03925000113949" lon="5.041819991007643">
    <ele>45.540000000000006</ele>
   </trkpt>
   <trkpt lat="51.03983000117306" lon="5.042179991028342">
    <ele>44.230000000000004</ele>
   </trkpt>
   <trkpt lat="51.04041" lon="5.042540000000001">
    <ele>40.78</ele>
   </trkpt>
   <trkpt lat="51.04054000000001" lon="5.0426">
    <ele>38.81</ele>
   </trkpt>
   <trkpt lat="51.04068" lon="5.042630000000001">
    <ele>38.81</ele>
   </trkpt>
   <trkpt lat="51.04077" lon="5.042630000000001">
    <ele>38.41</ele>
   </trkpt>
   <trkpt lat="51.040780000000005" lon="5.042630000000001">
    <ele>38.41</ele>
   </trkpt>
   <trkpt lat="51.040940000000006" lon="5.0426400000000005">
    <ele>37.69</ele>
   </trkpt>
   <trkpt lat="51.04168333386811" lon="5.042386674800516">
    <ele>34.79</ele>
   </trkpt>
   <trkpt lat="51.04242666718858" lon="5.042133341471727">
    <ele>30.840000000000003</ele>
   </trkpt>
   <trkpt lat="51.04317" lon="5.041880000000001">
    <ele>27.73</ele>
   </trkpt>
   <trkpt lat="51.04368000022408" lon="5.041695002008392">
    <ele>26.79</ele>
   </trkpt>
   <trkpt lat="51.04419000000001" lon="5.041510000000001">
    <ele>26.340000000000003</ele>
   </trkpt>
   <trkpt lat="51.04435001584364" lon="5.042622488486741">
    <ele>26.38</ele>
   </trkpt>
   <trkpt lat="51.04451002112633" lon="5.043734984658967">
    <ele>27.13</ele>
   </trkpt>
   <trkpt lat="51.04467001584795" lon="5.04484748851627">
    <ele>27.240000000000002</ele>
   </trkpt>
   <trkpt lat="51.044830000000005" lon="5.04596">
    <ele>27.430000000000003</ele>
   </trkpt>
   <trkpt lat="51.04499252196696" lon="5.047269986226288">
    <ele>27.4</ele>
   </trkpt>
   <trkpt lat="51.04515502929049" lon="5.048579981644287">
    <ele>28.110000000000003</ele>
   </trkpt>
   <trkpt lat="51.045317521970404" lon="5.049889986253285">
    <ele>29.26</ele>
   </trkpt>
   <trkpt lat="51.045480000000005" lon="5.051200000000001">
    <ele>30.21</ele>
   </trkpt>
   <trkpt lat="51.046232500261254" lon="5.0510575069447174">
    <ele>27.950000000000003</ele>
   </trkpt>
   <trkpt lat="51.04698500034926" lon="5.050915009259635">
    <ele>25.41</ele>
   </trkpt>
   <trkpt lat="51.04773750026397" lon="5.050772506944479">
    <ele>23.900000000000002</ele>
   </trkpt>
   <trkpt lat="51.04849" lon="5.050630000000001">
    <ele>23.75</ele>
   </trkpt>
   <trkpt lat="51.048500000000004" lon="5.050630000000001">
    <ele>23.75</ele>
   </trkpt>
   <trkpt lat="51.04930666682272" lon="5.050473338800966">
    <ele>23.82</ele>
   </trkpt>
   <trkpt lat="51.050113333435995" lon="5.050316672144785">
    <ele>23.990000000000002</ele>
   </trkpt>
   <trkpt lat="51.050920000000005" lon="5.05016">
    <ele>24.23</ele>
   </trkpt>
   <trkpt lat="51.05153000000001" lon="5.0500300000000005">
    <ele>24.25</ele>
   </trkpt>
   <trkpt lat="51.05181" lon="5.04989">
    <ele>24.380000000000003</ele>
   </trkpt>
   <trkpt lat="51.05262401208547" lon="5.049329088748358">
    <ele>24.490000000000002</ele>
   </trkpt>
   <trkpt lat="51.05343802148629" lon="5.048768157777673">
    <ele>25.01</ele>
   </trkpt>
   <trkpt lat="51.054252028202306" lon="5.048207207086743">
    <ele>26.35</ele>
   </trkpt>
   <trkpt lat="51.05506603223337" lon="5.047646236674368">
    <ele>27.96</ele>
   </trkpt>
   <trkpt lat="51.05588003357925" lon="5.047085246539347">
    <ele>30.720000000000002</ele>
   </trkpt>
   <trkpt lat="51.05669403223982" lon="5.046524236680478">
    <ele>32.92</ele>
   </trkpt>
   <trkpt lat="51.0575080282149" lon="5.045963207096559">
    <ele>31.900000000000006</ele>
   </trkpt>
   <trkpt lat="51.058322021504296" lon="5.045402157786388">
    <ele>28.75</ele>
   </trkpt>
   <trkpt lat="51.059136012107864" lon="5.044841088748764">
    <ele>26.02</ele>
   </trkpt>
   <trkpt lat="51.05995000000001" lon="5.0442800000000005">
    <ele>24.380000000000003</ele>
   </trkpt>
   <trkpt lat="51.0607550012581" lon="5.043720009792664">
    <ele>23.19</ele>
   </trkpt>
   <trkpt lat="51.06156000000001" lon="5.04316">
    <ele>22.150000000000002</ele>
   </trkpt>
   <trkpt lat="51.06227200409913" lon="5.042670030143425">
    <ele>21.330000000000002</ele>
   </trkpt>
   <trkpt lat="51.062984006149925" lon="5.042180045215178">
    <ele>20.990000000000002</ele>
   </trkpt>
   <trkpt lat="51.06369600615225" lon="5.041690045214458">
    <ele>20.740000000000002</ele>
   </trkpt>
   <trkpt lat="51.06440800410601" lon="5.041200030140458">
    <ele>20.57</ele>
   </trkpt>
   <trkpt lat="51.06512000000001" lon="5.040710000000001">
    <ele>20.46</ele>
   </trkpt>
   <trkpt lat="51.06572000144164" lon="5.040296677393096">
    <ele>20.55</ele>
   </trkpt>
   <trkpt lat="51.06632000142572" lon="5.039883344070911">
    <ele>20.53</ele>
   </trkpt>
   <trkpt lat="51.06692" lon="5.039470000000001">
    <ele>20.78</ele>
   </trkpt>
   <trkpt lat="51.06696" lon="5.039470000000001">
    <ele>20.82</ele>
   </trkpt>
   <trkpt lat="51.06712" lon="5.03939">
    <ele>20.92</ele>
   </trkpt>
   <trkpt lat="51.06725" lon="5.039350000000001">
    <ele>20.87</ele>
   </trkpt>
   <trkpt lat="51.06732" lon="5.03941">
    <ele>20.87</ele>
   </trkpt>
   <trkpt lat="51.067420000000006" lon="5.03988">
    <ele>20.69</ele>
   </trkpt>
   <trkpt lat="51.067440000000005" lon="5.03992">
    <ele>20.69</ele>
   </trkpt>
   <trkpt lat="51.06747000000001" lon="5.04009">
    <ele>20.69</ele>
   </trkpt>
   <trkpt lat="51.067530000000005" lon="5.04079">
    <ele>20.6</ele>
   </trkpt>
   <trkpt lat="51.06757500240012" lon="5.041539999280527">
    <ele>20.540000000000003</ele>
   </trkpt>
   <trkpt lat="51.067620000000005" lon="5.04229">
    <ele>20.560000000000002</ele>
   </trkpt>
   <trkpt lat="51.06768" lon="5.04274">
    <ele>20.560000000000002</ele>
   </trkpt>
   <trkpt lat="51.067690000000006" lon="5.0433900000000005">
    <ele>20.57</ele>
   </trkpt>
   <trkpt lat="51.067800000000005" lon="5.04466">
    <ele>20.790000000000003</ele>
   </trkpt>
   <trkpt lat="51.067980000000006" lon="5.045850000000001">
    <ele>20.92</ele>
   </trkpt>
   <trkpt lat="51.068090000000005" lon="5.0469800000000005">
    <ele>21.09</ele>
   </trkpt>
   <trkpt lat="51.068130002369486" lon="5.047724999390566">
    <ele>21.150000000000002</ele>
   </trkpt>
   <trkpt lat="51.06817" lon="5.04847">
    <ele>21.330000000000002</ele>
   </trkpt>
   <trkpt lat="51.068160000000006" lon="5.048450000000001">
    <ele>21.330000000000002</ele>
   </trkpt>
   <trkpt lat="51.068200000000004" lon="5.04877">
    <ele>21.41</ele>
   </trkpt>
   <trkpt lat="51.06833" lon="5.0493500000000004">
    <ele>21.580000000000002</ele>
   </trkpt>
   <trkpt lat="51.068470000000005" lon="5.049250000000001">
    <ele>21.01</ele>
   </trkpt>
   <trkpt lat="51.069140000000004" lon="5.04926">
    <ele>19.58</ele>
   </trkpt>
   <trkpt lat="51.069739999988386" lon="5.04925000025949">
    <ele>19.430000000000003</ele>
   </trkpt>
   <trkpt lat="51.07033999997593" lon="5.049240000259702">
    <ele>19.560000000000002</ele>
   </trkpt>
   <trkpt lat="51.07094000000001" lon="5.0492300000000006">
    <ele>20.400000000000002</ele>
   </trkpt>
   <trkpt lat="51.07106" lon="5.04926">
    <ele>20.25</ele>
   </trkpt>
   <trkpt lat="51.071539999898704" lon="5.0492400002117295">
    <ele>20.270000000000003</ele>
   </trkpt>
   <trkpt lat="51.07202" lon="5.04922">
    <ele>20.5</ele>
   </trkpt>
   <trkpt lat="51.072100000000006" lon="5.0492300000000006">
    <ele>20.540000000000003</ele>
   </trkpt>
   <trkpt lat="51.07224" lon="5.049270000000001">
    <ele>20.67</ele>
   </trkpt>
   <trkpt lat="51.072340000000004" lon="5.0493500000000004">
    <ele>20.91</ele>
   </trkpt>
   <trkpt lat="51.07245" lon="5.04957">
    <ele>20.91</ele>
   </trkpt>
   <trkpt lat="51.072480000000006" lon="5.04971">
    <ele>20.91</ele>
   </trkpt>
   <trkpt lat="51.072520000000004" lon="5.05018">
    <ele>21.51</ele>
   </trkpt>
   <trkpt lat="51.07256" lon="5.050330000000001">
    <ele>21.71</ele>
   </trkpt>
   <trkpt lat="51.073055014460984" lon="5.051392465935721">
    <ele>23.91</ele>
   </trkpt>
   <trkpt lat="51.07355001929136" lon="5.05245495460168">
    <ele>24.28</ele>
   </trkpt>
   <trkpt lat="51.07404501449074" lon="5.053517465998325">
    <ele>23.48</ele>
   </trkpt>
   <trkpt lat="51.074540000000006" lon="5.0545800000000005">
    <ele>22.98</ele>
   </trkpt>
   <trkpt lat="51.07455" lon="5.05471">
    <ele>22.98</ele>
   </trkpt>
   <trkpt lat="51.074470000000005" lon="5.05602">
    <ele>23.22</ele>
   </trkpt>
   <trkpt lat="51.07448" lon="5.056120000000001">
    <ele>23.21</ele>
   </trkpt>
   <trkpt lat="51.0748600275241" lon="5.057389958297656">
    <ele>25.61</ele>
   </trkpt>
   <trkpt lat="51.07524004128895" lon="5.058659937454572">
    <ele>27.55</ele>
   </trkpt>
   <trkpt lat="51.07562004129412" lon="5.059929937470618">
    <ele>27.57</ele>
   </trkpt>
   <trkpt lat="51.076000027539216" lon="5.061199958345665">
    <ele>26.680000000000003</ele>
   </trkpt>
   <trkpt lat="51.07638000000001" lon="5.06247">
    <ele>25.880000000000003</ele>
   </trkpt>
   <trkpt lat="51.07675602812955" lon="5.063753958264777">
    <ele>24.990000000000002</ele>
   </trkpt>
   <trkpt lat="51.07713204219498" lon="5.0650379373982215">
    <ele>22.55</ele>
   </trkpt>
   <trkpt lat="51.077508042195944" lon="5.066321937400175">
    <ele>22.28</ele>
   </trkpt>
   <trkpt lat="51.077884028131955" lon="5.067605958270472">
    <ele>21.75</ele>
   </trkpt>
   <trkpt lat="51.07826000000001" lon="5.068890000000001">
    <ele>21.59</ele>
   </trkpt>
  </trkseg>
 </trk>
</gpx>
