<?xml version="1.0" encoding="UTF-8"?>
<gpx creator="StravaGPX" version="1.1" xmlns="http://www.topografix.com/GPX/1/1" xmlns:xsi="http://www.w3.org/2001/XMLSchema-instance" xsi:schemaLocation="http://www.topografix.com/GPX/1/1 http://www.topografix.com/GPX/1/1/gpx.xsd">
 <metadata>
  <name>Baal</name>
  <author>
   <name>Joeri Scapicchio</name>
   <link href="https://www.strava.com/athletes/2447439"/>
  </author>
  <copyright author="OpenStreetMap contributors">
   <year>2020</year>
   <license>https://www.openstreetmap.org/copyright</license>
  </copyright>
  <link href="https://www.strava.com/routes/3066405254892350812"/>
 </metadata>
 <trk>
  <name>Baal</name>
  <link href="https://www.strava.com/routes/3066405254892350812"/>
  <type>cycling</type>
  <trkseg>
   <trkpt lat="51.06998" lon="5.0876600000000005">
    <ele>22.770000000000003</ele>
   </trkpt>
   <trkpt lat="51.070060000000005" lon="5.08724">
    <ele>22.770000000000003</ele>
   </trkpt>
   <trkpt lat="51.07027" lon="5.08666">
    <ele>22.53</ele>
   </trkpt>
   <trkpt lat="51.07063" lon="5.08603">
    <ele>22.500000000000004</ele>
   </trkpt>
   <trkpt lat="51.070640000000004" lon="5.08595">
    <ele>22.500000000000004</ele>
   </trkpt>
   <trkpt lat="51.07059" lon="5.085920000000001">
    <ele>22.500000000000004</ele>
   </trkpt>
   <trkpt lat="51.07043" lon="5.0861">
    <ele>22.55</ele>
   </trkpt>
   <trkpt lat="51.0703" lon="5.08612">
    <ele>22.62</ele>
   </trkpt>
   <trkpt lat="51.070150000000005" lon="5.08605">
    <ele>22.72</ele>
   </trkpt>
   <trkpt lat="51.070060000000005" lon="5.086080000000001">
    <ele>22.85</ele>
   </trkpt>
   <trkpt lat="51.06998" lon="5.08605">
    <ele>22.85</ele>
   </trkpt>
   <trkpt lat="51.069880000000005" lon="5.086040000000001">
    <ele>22.930000000000003</ele>
   </trkpt>
   <trkpt lat="51.069410000000005" lon="5.08607">
    <ele>23.360000000000003</ele>
   </trkpt>
   <trkpt lat="51.069430000000004" lon="5.08607">
    <ele>23.340000000000003</ele>
   </trkpt>
   <trkpt lat="51.068720000000006" lon="5.086130000000001">
    <ele>24.130000000000003</ele>
   </trkpt>
   <trkpt lat="51.06871" lon="5.086130000000001">
    <ele>24.130000000000003</ele>
   </trkpt>
   <trkpt lat="51.068130000000004" lon="5.086040000000001">
    <ele>25.200000000000003</ele>
   </trkpt>
   <trkpt lat="51.06727000000001" lon="5.085870000000001">
    <ele>26.750000000000004</ele>
   </trkpt>
   <trkpt lat="51.06712" lon="5.08593">
    <ele>26.6</ele>
   </trkpt>
   <trkpt lat="51.06696" lon="5.08605">
    <ele>26.580000000000002</ele>
   </trkpt>
   <trkpt lat="51.066500000000005" lon="5.08624">
    <ele>26.950000000000003</ele>
   </trkpt>
   <trkpt lat="51.06627" lon="5.086270000000001">
    <ele>27.13</ele>
   </trkpt>
   <trkpt lat="51.066030000000005" lon="5.08636">
    <ele>27.46</ele>
   </trkpt>
   <trkpt lat="51.06597000000001" lon="5.08629">
    <ele>27.46</ele>
   </trkpt>
   <trkpt lat="51.065610001951214" lon="5.0856249949476755">
    <ele>27.680000000000003</ele>
   </trkpt>
   <trkpt lat="51.065250000000006" lon="5.084960000000001">
    <ele>28.740000000000002</ele>
   </trkpt>
   <trkpt lat="51.06524" lon="5.084960000000001">
    <ele>28.75</ele>
   </trkpt>
   <trkpt lat="51.06488" lon="5.084250000000001">
    <ele>29.84</ele>
   </trkpt>
   <trkpt lat="51.06456500128694" lon="5.083694996175586">
    <ele>30.650000000000002</ele>
   </trkpt>
   <trkpt lat="51.06425" lon="5.08314">
    <ele>31.98</ele>
   </trkpt>
   <trkpt lat="51.063970000000005" lon="5.082800000000001">
    <ele>32.97</ele>
   </trkpt>
   <trkpt lat="51.06380000000001" lon="5.08263">
    <ele>33.830000000000005</ele>
   </trkpt>
   <trkpt lat="51.06338" lon="5.0823">
    <ele>35.47</ele>
   </trkpt>
   <trkpt lat="51.063" lon="5.0819600000000005">
    <ele>36.69</ele>
   </trkpt>
   <trkpt lat="51.06246" lon="5.081270000000001">
    <ele>39.1</ele>
   </trkpt>
   <trkpt lat="51.06223000000001" lon="5.08091">
    <ele>39.720000000000006</ele>
   </trkpt>
   <trkpt lat="51.06204" lon="5.080500000000001">
    <ele>40.470000000000006</ele>
   </trkpt>
   <trkpt lat="51.06160001000547" lon="5.079416646054928">
    <ele>41.14</ele>
   </trkpt>
   <trkpt lat="51.061160009997465" lon="5.07833331270226">
    <ele>41.53</ele>
   </trkpt>
   <trkpt lat="51.06072" lon="5.07725">
    <ele>41.07</ele>
   </trkpt>
   <trkpt lat="51.06056" lon="5.07728">
    <ele>40.870000000000005</ele>
   </trkpt>
   <trkpt lat="51.05996999994511" lon="5.07717999870911">
    <ele>39.589999999999996</ele>
   </trkpt>
   <trkpt lat="51.059380000000004" lon="5.0770800000000005">
    <ele>38.39</ele>
   </trkpt>
   <trkpt lat="51.059360000000005" lon="5.0770800000000005">
    <ele>38.38</ele>
   </trkpt>
   <trkpt lat="51.058850000104655" lon="5.076999999130919">
    <ele>38.05</ele>
   </trkpt>
   <trkpt lat="51.05834" lon="5.07692">
    <ele>38.970000000000006</ele>
   </trkpt>
   <trkpt lat="51.058130000000006" lon="5.07685">
    <ele>38.970000000000006</ele>
   </trkpt>
   <trkpt lat="51.057495000147334" lon="5.076724998301593">
    <ele>38.86000000000001</ele>
   </trkpt>
   <trkpt lat="51.05686000000001" lon="5.0766">
    <ele>38.71</ele>
   </trkpt>
   <trkpt lat="51.05669" lon="5.0766100000000005">
    <ele>38.760000000000005</ele>
   </trkpt>
   <trkpt lat="51.05653" lon="5.07666">
    <ele>38.760000000000005</ele>
   </trkpt>
   <trkpt lat="51.056380000000004" lon="5.07674">
    <ele>38.760000000000005</ele>
   </trkpt>
   <trkpt lat="51.05613" lon="5.07695">
    <ele>38.93000000000001</ele>
   </trkpt>
   <trkpt lat="51.055930000000004" lon="5.077240000000001">
    <ele>38.96</ele>
   </trkpt>
   <trkpt lat="51.055640000000004" lon="5.077870000000001">
    <ele>39.27</ele>
   </trkpt>
   <trkpt lat="51.055460000000004" lon="5.07812">
    <ele>39.81</ele>
   </trkpt>
   <trkpt lat="51.05527000000001" lon="5.07831">
    <ele>39.870000000000005</ele>
   </trkpt>
   <trkpt lat="51.05512" lon="5.0784">
    <ele>40.2</ele>
   </trkpt>
   <trkpt lat="51.05491000000001" lon="5.07849">
    <ele>40.49</ele>
   </trkpt>
   <trkpt lat="51.05481" lon="5.0785100000000005">
    <ele>40.550000000000004</ele>
   </trkpt>
   <trkpt lat="51.054570000000005" lon="5.0785">
    <ele>40.43</ele>
   </trkpt>
   <trkpt lat="51.054095000168715" lon="5.078389998898792">
    <ele>38.96</ele>
   </trkpt>
   <trkpt lat="51.05362" lon="5.07828">
    <ele>38.57</ele>
   </trkpt>
   <trkpt lat="51.053610000000006" lon="5.07828">
    <ele>38.57</ele>
   </trkpt>
   <trkpt lat="51.05326" lon="5.07821">
    <ele>38.49</ele>
   </trkpt>
   <trkpt lat="51.053140000000006" lon="5.0782300000000005">
    <ele>38.580000000000005</ele>
   </trkpt>
   <trkpt lat="51.05306" lon="5.0779700000000005">
    <ele>38.510000000000005</ele>
   </trkpt>
   <trkpt lat="51.053000000000004" lon="5.07784">
    <ele>38.510000000000005</ele>
   </trkpt>
   <trkpt lat="51.05284" lon="5.07763">
    <ele>38.57</ele>
   </trkpt>
   <trkpt lat="51.05237000127048" lon="5.077099994702369">
    <ele>38.690000000000005</ele>
   </trkpt>
   <trkpt lat="51.0519" lon="5.07657">
    <ele>38.75</ele>
   </trkpt>
   <trkpt lat="51.051213339694456" lon="5.075706641067395">
    <ele>38.17</ele>
   </trkpt>
   <trkpt lat="51.05052667302894" lon="5.0748433077360255">
    <ele>36.050000000000004</ele>
   </trkpt>
   <trkpt lat="51.04984" lon="5.073980000000001">
    <ele>34.68</ele>
   </trkpt>
   <trkpt lat="51.04917000864395" lon="5.073157464287304">
    <ele>33.88</ele>
   </trkpt>
   <trkpt lat="51.048500011515046" lon="5.072334952371481">
    <ele>34.1</ele>
   </trkpt>
   <trkpt lat="51.04783000861359" lon="5.0715124642514775">
    <ele>35.33</ele>
   </trkpt>
   <trkpt lat="51.047160000000005" lon="5.070690000000001">
    <ele>37.46</ele>
   </trkpt>
   <trkpt lat="51.046940000000006" lon="5.07045">
    <ele>38.690000000000005</ele>
   </trkpt>
   <trkpt lat="51.0461520077558" lon="5.069775954139247">
    <ele>40.040000000000006</ele>
   </trkpt>
   <trkpt lat="51.045364011634845" lon="5.0691019312113745">
    <ele>38.790000000000006</ele>
   </trkpt>
   <trkpt lat="51.044576011637396" lon="5.068427931215072">
    <ele>37.31</ele>
   </trkpt>
   <trkpt lat="51.043788007763666" lon="5.067753954149025">
    <ele>36.77</ele>
   </trkpt>
   <trkpt lat="51.043000000000006" lon="5.067080000000001">
    <ele>33.7</ele>
   </trkpt>
   <trkpt lat="51.04299" lon="5.06707">
    <ele>33.67</ele>
   </trkpt>
   <trkpt lat="51.04251000000001" lon="5.06665">
    <ele>32.34</ele>
   </trkpt>
   <trkpt lat="51.04238" lon="5.06644">
    <ele>32.040000000000006</ele>
   </trkpt>
   <trkpt lat="51.041880008288665" lon="5.065453311999179">
    <ele>30.890000000000004</ele>
   </trkpt>
   <trkpt lat="51.04138000826991" lon="5.064466645295872">
    <ele>30.340000000000003</ele>
   </trkpt>
   <trkpt lat="51.04088" lon="5.06348">
    <ele>29.810000000000002</ele>
   </trkpt>
   <trkpt lat="51.04079" lon="5.063230000000001">
    <ele>29.66</ele>
   </trkpt>
   <trkpt lat="51.040600000000005" lon="5.06217">
    <ele>29.370000000000005</ele>
   </trkpt>
   <trkpt lat="51.04052" lon="5.0618300000000005">
    <ele>29.310000000000002</ele>
   </trkpt>
   <trkpt lat="51.040380000000006" lon="5.06156">
    <ele>29.310000000000002</ele>
   </trkpt>
   <trkpt lat="51.0398566721105" lon="5.0607633153782885">
    <ele>28.76</ele>
   </trkpt>
   <trkpt lat="51.0393333388049" lon="5.059966648754136">
    <ele>28.220000000000002</ele>
   </trkpt>
   <trkpt lat="51.038810000000005" lon="5.059170000000001">
    <ele>27.840000000000003</ele>
   </trkpt>
   <trkpt lat="51.03851" lon="5.0587800000000005">
    <ele>27.96</ele>
   </trkpt>
   <trkpt lat="51.038140000000006" lon="5.058350000000001">
    <ele>27.17</ele>
   </trkpt>
   <trkpt lat="51.03755500292574" lon="5.057524989614585">
    <ele>26.310000000000002</ele>
   </trkpt>
   <trkpt lat="51.036970000000004" lon="5.0567">
    <ele>25.79</ele>
   </trkpt>
   <trkpt lat="51.036432507788874" lon="5.055919972858013">
    <ele>24.73</ele>
   </trkpt>
   <trkpt lat="51.035895010385666" lon="5.055139963811994">
    <ele>24.01</ele>
   </trkpt>
   <trkpt lat="51.03535750779055" lon="5.054359972861352">
    <ele>23.49</ele>
   </trkpt>
   <trkpt lat="51.03482" lon="5.05358">
    <ele>23.13</ele>
   </trkpt>
   <trkpt lat="51.0347" lon="5.05341">
    <ele>23.330000000000002</ele>
   </trkpt>
   <trkpt lat="51.03454000000001" lon="5.053100000000001">
    <ele>23.87</ele>
   </trkpt>
   <trkpt lat="51.03439" lon="5.05215">
    <ele>23.610000000000003</ele>
   </trkpt>
   <trkpt lat="51.034290000000006" lon="5.05173">
    <ele>23.42</ele>
   </trkpt>
   <trkpt lat="51.03398000000001" lon="5.05105">
    <ele>22.94</ele>
   </trkpt>
   <trkpt lat="51.0339" lon="5.05083">
    <ele>22.8</ele>
   </trkpt>
   <trkpt lat="51.033820000000006" lon="5.05076">
    <ele>22.8</ele>
   </trkpt>
   <trkpt lat="51.03376" lon="5.0505700000000004">
    <ele>22.8</ele>
   </trkpt>
   <trkpt lat="51.03338" lon="5.04978">
    <ele>22.430000000000003</ele>
   </trkpt>
   <trkpt lat="51.03309" lon="5.04936">
    <ele>22.340000000000003</ele>
   </trkpt>
   <trkpt lat="51.033030000000004" lon="5.0492300000000006">
    <ele>22.330000000000002</ele>
   </trkpt>
   <trkpt lat="51.03298" lon="5.04917">
    <ele>22.330000000000002</ele>
   </trkpt>
   <trkpt lat="51.032900000000005" lon="5.049130000000001">
    <ele>22.330000000000002</ele>
   </trkpt>
   <trkpt lat="51.03282" lon="5.048990000000001">
    <ele>22.29</ele>
   </trkpt>
   <trkpt lat="51.03244500115914" lon="5.04846999579971">
    <ele>22.2</ele>
   </trkpt>
   <trkpt lat="51.032070000000004" lon="5.04795">
    <ele>22.520000000000003</ele>
   </trkpt>
   <trkpt lat="51.03201000000001" lon="5.04783">
    <ele>22.520000000000003</ele>
   </trkpt>
   <trkpt lat="51.031960000000005" lon="5.047770000000001">
    <ele>22.520000000000003</ele>
   </trkpt>
   <trkpt lat="51.031870000000005" lon="5.04772">
    <ele>22.520000000000003</ele>
   </trkpt>
   <trkpt lat="51.031710000000004" lon="5.0475">
    <ele>22.63</ele>
   </trkpt>
   <trkpt lat="51.031310000000005" lon="5.04722">
    <ele>22.750000000000004</ele>
   </trkpt>
   <trkpt lat="51.03117" lon="5.04715">
    <ele>22.6</ele>
   </trkpt>
   <trkpt lat="51.03087000000001" lon="5.04706">
    <ele>22.490000000000002</ele>
   </trkpt>
   <trkpt lat="51.03049000000001" lon="5.04696">
    <ele>22.8</ele>
   </trkpt>
   <trkpt lat="51.03041" lon="5.04598">
    <ele>22.42</ele>
   </trkpt>
   <trkpt lat="51.03036" lon="5.045800000000001">
    <ele>22.520000000000003</ele>
   </trkpt>
   <trkpt lat="51.030300000000004" lon="5.04541">
    <ele>22.64</ele>
   </trkpt>
   <trkpt lat="51.03016" lon="5.04504">
    <ele>22.830000000000002</ele>
   </trkpt>
   <trkpt lat="51.030120000000004" lon="5.04488">
    <ele>23.1</ele>
   </trkpt>
   <trkpt lat="51.029970000000006" lon="5.0447500000000005">
    <ele>22.97</ele>
   </trkpt>
   <trkpt lat="51.02987" lon="5.04474">
    <ele>22.97</ele>
   </trkpt>
   <trkpt lat="51.02975000000001" lon="5.044770000000001">
    <ele>22.860000000000003</ele>
   </trkpt>
   <trkpt lat="51.029740000000004" lon="5.0441400000000005">
    <ele>22.44</ele>
   </trkpt>
   <trkpt lat="51.029700000000005" lon="5.043690000000001">
    <ele>22.35</ele>
   </trkpt>
   <trkpt lat="51.029504024501506" lon="5.042491979766484">
    <ele>21.92</ele>
   </trkpt>
   <trkpt lat="51.029308036754536" lon="5.041293969664453">
    <ele>21.62</ele>
   </trkpt>
   <trkpt lat="51.02911203675934" lon="5.040095969694384">
    <ele>21.650000000000002</ele>
   </trkpt>
   <trkpt lat="51.02891602451605" lon="5.038897979856755">
    <ele>21.79</ele>
   </trkpt>
   <trkpt lat="51.02872000000001" lon="5.0377">
    <ele>22.0</ele>
   </trkpt>
   <trkpt lat="51.02861000000001" lon="5.03716">
    <ele>21.96</ele>
   </trkpt>
   <trkpt lat="51.02832" lon="5.036090000000001">
    <ele>21.85</ele>
   </trkpt>
   <trkpt lat="51.02834000000001" lon="5.036020000000001">
    <ele>21.85</ele>
   </trkpt>
   <trkpt lat="51.02832" lon="5.0359300000000005">
    <ele>21.85</ele>
   </trkpt>
   <trkpt lat="51.02795001450313" lon="5.034864974448333">
    <ele>21.810000000000002</ele>
   </trkpt>
   <trkpt lat="51.027580019326294" lon="5.033799965899383">
    <ele>21.57</ele>
   </trkpt>
   <trkpt lat="51.027210014469745" lon="5.032734974353098">
    <ele>21.57</ele>
   </trkpt>
   <trkpt lat="51.02684000000001" lon="5.03167">
    <ele>21.62</ele>
   </trkpt>
   <trkpt lat="51.0268" lon="5.03171">
    <ele>21.61</ele>
   </trkpt>
   <trkpt lat="51.02684000000001" lon="5.03167">
    <ele>21.62</ele>
   </trkpt>
   <trkpt lat="51.026880000000006" lon="5.03157">
    <ele>21.76</ele>
   </trkpt>
   <trkpt lat="51.026900000000005" lon="5.031300000000001">
    <ele>21.95</ele>
   </trkpt>
   <trkpt lat="51.027260000000005" lon="5.0305">
    <ele>22.140000000000004</ele>
   </trkpt>
   <trkpt lat="51.027330000000006" lon="5.0302500000000006">
    <ele>22.22</ele>
   </trkpt>
   <trkpt lat="51.02747" lon="5.0289600000000005">
    <ele>21.77</ele>
   </trkpt>
   <trkpt lat="51.027450005160155" lon="5.027859999358242">
    <ele>22.1</ele>
   </trkpt>
   <trkpt lat="51.02743" lon="5.02676">
    <ele>22.0</ele>
   </trkpt>
   <trkpt lat="51.02743" lon="5.02674">
    <ele>22.0</ele>
   </trkpt>
   <trkpt lat="51.027440000000006" lon="5.02592">
    <ele>22.490000000000002</ele>
   </trkpt>
   <trkpt lat="51.02747" lon="5.02571">
    <ele>22.770000000000003</ele>
   </trkpt>
   <trkpt lat="51.027330000000006" lon="5.02545">
    <ele>22.73</ele>
   </trkpt>
   <trkpt lat="51.027010000000004" lon="5.0251">
    <ele>22.55</ele>
   </trkpt>
   <trkpt lat="51.026880000000006" lon="5.024900000000001">
    <ele>22.45</ele>
   </trkpt>
   <trkpt lat="51.026740000000004" lon="5.024290000000001">
    <ele>22.44</ele>
   </trkpt>
   <trkpt lat="51.02676500640371" lon="5.023065000643412">
    <ele>22.81</ele>
   </trkpt>
   <trkpt lat="51.026790000000005" lon="5.02184">
    <ele>22.56</ele>
   </trkpt>
   <trkpt lat="51.026770000000006" lon="5.0217">
    <ele>22.69</ele>
   </trkpt>
   <trkpt lat="51.02720500253868" lon="5.0209200074230464">
    <ele>22.22</ele>
   </trkpt>
   <trkpt lat="51.027640000000005" lon="5.0201400000000005">
    <ele>22.64</ele>
   </trkpt>
   <trkpt lat="51.027680000000004" lon="5.0199300000000004">
    <ele>22.650000000000002</ele>
   </trkpt>
   <trkpt lat="51.027680000000004" lon="5.019710000000001">
    <ele>22.62</ele>
   </trkpt>
   <trkpt lat="51.02758000000001" lon="5.0191300000000005">
    <ele>21.94</ele>
   </trkpt>
   <trkpt lat="51.02754" lon="5.01858">
    <ele>21.650000000000002</ele>
   </trkpt>
   <trkpt lat="51.02754" lon="5.01857">
    <ele>21.650000000000002</ele>
   </trkpt>
   <trkpt lat="51.02751000000001" lon="5.01797">
    <ele>21.85</ele>
   </trkpt>
   <trkpt lat="51.028232007129276" lon="5.017324040245442">
    <ele>21.890000000000004</ele>
   </trkpt>
   <trkpt lat="51.02895401069745" lon="5.01667806036623">
    <ele>22.42</ele>
   </trkpt>
   <trkpt lat="51.029676010704314" lon="5.0160320603613195">
    <ele>23.090000000000003</ele>
   </trkpt>
   <trkpt lat="51.03039800714966" lon="5.015386040229664">
    <ele>24.19</ele>
   </trkpt>
   <trkpt lat="51.03112" lon="5.014740000000001">
    <ele>25.09</ele>
   </trkpt>
   <trkpt lat="51.03145000000001" lon="5.0144">
    <ele>25.48</ele>
   </trkpt>
   <trkpt lat="51.031955001741395" lon="5.013785006546177">
    <ele>25.560000000000002</ele>
   </trkpt>
   <trkpt lat="51.03246000000001" lon="5.013170000000001">
    <ele>25.400000000000002</ele>
   </trkpt>
   <trkpt lat="51.03253" lon="5.013050000000001">
    <ele>25.220000000000002</ele>
   </trkpt>
   <trkpt lat="51.03255000000001" lon="5.0128900000000005">
    <ele>25.220000000000002</ele>
   </trkpt>
   <trkpt lat="51.03289" lon="5.012720000000001">
    <ele>25.150000000000002</ele>
   </trkpt>
   <trkpt lat="51.03289" lon="5.01266">
    <ele>25.150000000000002</ele>
   </trkpt>
   <trkpt lat="51.03293000000001" lon="5.012580000000001">
    <ele>24.380000000000003</ele>
   </trkpt>
   <trkpt lat="51.03342500163698" lon="5.011970006455005">
    <ele>23.520000000000003</ele>
   </trkpt>
   <trkpt lat="51.03392" lon="5.011360000000001">
    <ele>23.020000000000003</ele>
   </trkpt>
   <trkpt lat="51.03392" lon="5.01137">
    <ele>23.020000000000003</ele>
   </trkpt>
   <trkpt lat="51.03427000000001" lon="5.01095">
    <ele>22.930000000000003</ele>
   </trkpt>
   <trkpt lat="51.034620000000004" lon="5.01055">
    <ele>23.900000000000002</ele>
   </trkpt>
   <trkpt lat="51.03430000700978" lon="5.009264990982787">
    <ele>22.150000000000002</ele>
   </trkpt>
   <trkpt lat="51.03398000000001" lon="5.007980000000001">
    <ele>22.340000000000003</ele>
   </trkpt>
   <trkpt lat="51.03392" lon="5.007840000000001">
    <ele>22.310000000000002</ele>
   </trkpt>
   <trkpt lat="51.03354" lon="5.00715">
    <ele>21.96</ele>
   </trkpt>
   <trkpt lat="51.03296" lon="5.00623">
    <ele>21.810000000000002</ele>
   </trkpt>
   <trkpt lat="51.03276" lon="5.00605">
    <ele>21.61</ele>
   </trkpt>
   <trkpt lat="51.032560000000004" lon="5.005890000000001">
    <ele>21.61</ele>
   </trkpt>
   <trkpt lat="51.03201000000001" lon="5.00551">
    <ele>21.39</ele>
   </trkpt>
   <trkpt lat="51.031870000000005" lon="5.00534">
    <ele>21.39</ele>
   </trkpt>
   <trkpt lat="51.03141" lon="5.00459">
    <ele>21.1</ele>
   </trkpt>
   <trkpt lat="51.03103" lon="5.003990000000001">
    <ele>21.120000000000005</ele>
   </trkpt>
   <trkpt lat="51.030300000652154" lon="5.003549992964834">
    <ele>20.950000000000003</ele>
   </trkpt>
   <trkpt lat="51.02957000000001" lon="5.00311">
    <ele>21.1</ele>
   </trkpt>
   <trkpt lat="51.028890000000004" lon="5.002770000000001">
    <ele>20.78</ele>
   </trkpt>
   <trkpt lat="51.02825000000001" lon="5.00257">
    <ele>20.96</ele>
   </trkpt>
   <trkpt lat="51.02807000000001" lon="5.002490000000001">
    <ele>21.03</ele>
   </trkpt>
   <trkpt lat="51.0279" lon="5.00237">
    <ele>21.18</ele>
   </trkpt>
   <trkpt lat="51.027640000000005" lon="5.00215">
    <ele>21.28</ele>
   </trkpt>
   <trkpt lat="51.02720500079262" lon="5.001704995770247">
    <ele>22.1</ele>
   </trkpt>
   <trkpt lat="51.026770000000006" lon="5.00126">
    <ele>22.61</ele>
   </trkpt>
   <trkpt lat="51.026040001859016" lon="5.000589989396742">
    <ele>23.28</ele>
   </trkpt>
   <trkpt lat="51.025310000000005" lon="4.99992">
    <ele>23.330000000000002</ele>
   </trkpt>
   <trkpt lat="51.024620000000006" lon="4.999300000000001">
    <ele>23.000000000000004</ele>
   </trkpt>
   <trkpt lat="51.024950000000004" lon="4.99861">
    <ele>21.890000000000004</ele>
   </trkpt>
   <trkpt lat="51.02531500255872" lon="4.997825006333377">
    <ele>22.19</ele>
   </trkpt>
   <trkpt lat="51.02568" lon="4.99704">
    <ele>22.81</ele>
   </trkpt>
   <trkpt lat="51.025690000000004" lon="4.996790000000001">
    <ele>22.860000000000003</ele>
   </trkpt>
   <trkpt lat="51.025425002649115" lon="4.995994995311658">
    <ele>22.37</ele>
   </trkpt>
   <trkpt lat="51.02516000000001" lon="4.9952000000000005">
    <ele>22.02</ele>
   </trkpt>
   <trkpt lat="51.02475402367876" lon="4.99402195870937">
    <ele>21.41</ele>
   </trkpt>
   <trkpt lat="51.024348035513874" lon="4.992843938052841">
    <ele>21.130000000000003</ele>
   </trkpt>
   <trkpt lat="51.023942035505726" lon="4.991665938030357">
    <ele>20.92</ele>
   </trkpt>
   <trkpt lat="51.02353602365469" lon="4.990487958641858">
    <ele>20.69</ele>
   </trkpt>
   <trkpt lat="51.02313" lon="4.989310000000001">
    <ele>20.71</ele>
   </trkpt>
   <trkpt lat="51.02313" lon="4.9893">
    <ele>20.700000000000003</ele>
   </trkpt>
   <trkpt lat="51.022845002930346" lon="4.9884699948701945">
    <ele>20.62</ele>
   </trkpt>
   <trkpt lat="51.022560000000006" lon="4.987640000000001">
    <ele>19.58</ele>
   </trkpt>
   <trkpt lat="51.02239" lon="4.987780000000001">
    <ele>19.49</ele>
   </trkpt>
   <trkpt lat="51.02235" lon="4.98765">
    <ele>19.28</ele>
   </trkpt>
   <trkpt lat="51.02232000000001" lon="4.98711">
    <ele>19.26</ele>
   </trkpt>
   <trkpt lat="51.022330000000004" lon="4.98697">
    <ele>19.39</ele>
   </trkpt>
   <trkpt lat="51.02261000623002" lon="4.9857650071321595">
    <ele>19.55</ele>
   </trkpt>
   <trkpt lat="51.022890000000004" lon="4.98456">
    <ele>19.49</ele>
   </trkpt>
   <trkpt lat="51.02318000670799" lon="4.983310007645198">
    <ele>19.720000000000002</ele>
   </trkpt>
   <trkpt lat="51.02347" lon="4.982060000000001">
    <ele>20.16</ele>
   </trkpt>
   <trkpt lat="51.02353" lon="4.98188">
    <ele>20.18</ele>
   </trkpt>
   <trkpt lat="51.02357000000001" lon="4.98181">
    <ele>20.18</ele>
   </trkpt>
   <trkpt lat="51.02413000219815" lon="4.9810850088160645">
    <ele>20.040000000000003</ele>
   </trkpt>
   <trkpt lat="51.02469000000001" lon="4.98036">
    <ele>19.94</ele>
   </trkpt>
   <trkpt lat="51.024860000000004" lon="4.98008">
    <ele>19.970000000000002</ele>
   </trkpt>
   <trkpt lat="51.02501" lon="4.979690000000001">
    <ele>19.810000000000002</ele>
   </trkpt>
   <trkpt lat="51.02523000302332" lon="4.9788450041007986">
    <ele>19.85</ele>
   </trkpt>
   <trkpt lat="51.025450000000006" lon="4.978000000000001">
    <ele>20.009999999999998</ele>
   </trkpt>
   <trkpt lat="51.02555" lon="4.977720000000001">
    <ele>20.05</ele>
   </trkpt>
   <trkpt lat="51.02559" lon="4.9774400000000005">
    <ele>20.05</ele>
   </trkpt>
   <trkpt lat="51.02561000000001" lon="4.97702">
    <ele>19.970000000000002</ele>
   </trkpt>
   <trkpt lat="51.02559" lon="4.976800000000001">
    <ele>19.8</ele>
   </trkpt>
   <trkpt lat="51.02554000000001" lon="4.9764100000000004">
    <ele>19.630000000000003</ele>
   </trkpt>
   <trkpt lat="51.02538000347037" lon="4.975504996737379">
    <ele>19.5</ele>
   </trkpt>
   <trkpt lat="51.025220000000004" lon="4.974600000000001">
    <ele>19.31</ele>
   </trkpt>
   <trkpt lat="51.02525000000001" lon="4.97433">
    <ele>19.560000000000002</ele>
   </trkpt>
   <trkpt lat="51.025360000000006" lon="4.97405">
    <ele>19.560000000000002</ele>
   </trkpt>
   <trkpt lat="51.02599000000001" lon="4.973310000000001">
    <ele>19.75</ele>
   </trkpt>
   <trkpt lat="51.02555" lon="4.97224">
    <ele>19.250000000000004</ele>
   </trkpt>
   <trkpt lat="51.02535" lon="4.971830000000001">
    <ele>19.01</ele>
   </trkpt>
   <trkpt lat="51.02512" lon="4.97142">
    <ele>18.840000000000003</ele>
   </trkpt>
   <trkpt lat="51.024640000000005" lon="4.97076">
    <ele>18.61</ele>
   </trkpt>
   <trkpt lat="51.024240000000006" lon="4.97032">
    <ele>18.69</ele>
   </trkpt>
   <trkpt lat="51.02476000088053" lon="4.969870005033646">
    <ele>19.35</ele>
   </trkpt>
   <trkpt lat="51.02528" lon="4.96942">
    <ele>21.36</ele>
   </trkpt>
   <trkpt lat="51.025780000000005" lon="4.96898">
    <ele>28.28</ele>
   </trkpt>
   <trkpt lat="51.02542500279996" lon="4.96817499391384">
    <ele>28.68</ele>
   </trkpt>
   <trkpt lat="51.02507000000001" lon="4.967370000000001">
    <ele>28.76</ele>
   </trkpt>
   <trkpt lat="51.02492" lon="4.966970000000001">
    <ele>28.270000000000003</ele>
   </trkpt>
   <trkpt lat="51.02464334299186" lon="4.965906654008294">
    <ele>27.040000000000003</ele>
   </trkpt>
   <trkpt lat="51.02436667633398" lon="4.96484332070892">
    <ele>25.980000000000004</ele>
   </trkpt>
   <trkpt lat="51.02409" lon="4.963780000000001">
    <ele>24.21</ele>
   </trkpt>
   <trkpt lat="51.02384251286721" lon="4.9627774839489955">
    <ele>22.98</ele>
   </trkpt>
   <trkpt lat="51.023595017157106" lon="4.961774978602256">
    <ele>22.29</ele>
   </trkpt>
   <trkpt lat="51.023347512869805" lon="4.9607724839599445">
    <ele>21.470000000000002</ele>
   </trkpt>
   <trkpt lat="51.02310000000001" lon="4.959770000000001">
    <ele>21.53</ele>
   </trkpt>
   <trkpt lat="51.023" lon="4.95953">
    <ele>21.0</ele>
   </trkpt>
   <trkpt lat="51.02290000000001" lon="4.95924">
    <ele>20.66</ele>
   </trkpt>
   <trkpt lat="51.022676673402685" lon="4.958349991328643">
    <ele>20.1</ele>
   </trkpt>
   <trkpt lat="51.02245334004512" lon="4.957459991232182">
    <ele>19.919999999999998</ele>
   </trkpt>
   <trkpt lat="51.02223000000001" lon="4.95657">
    <ele>19.770000000000003</ele>
   </trkpt>
   <trkpt lat="51.02190000726126" lon="4.955264990687056">
    <ele>19.94</ele>
   </trkpt>
   <trkpt lat="51.021570000000004" lon="4.95396">
    <ele>19.85</ele>
   </trkpt>
   <trkpt lat="51.02134500223653" lon="4.953229996335499">
    <ele>19.669999999999998</ele>
   </trkpt>
   <trkpt lat="51.02112" lon="4.952500000000001">
    <ele>19.810000000000002</ele>
   </trkpt>
   <trkpt lat="51.02084000000001" lon="4.951770000000001">
    <ele>20.220000000000002</ele>
   </trkpt>
   <trkpt lat="51.02046000000001" lon="4.95091">
    <ele>21.310000000000002</ele>
   </trkpt>
   <trkpt lat="51.020160000000004" lon="4.950360000000001">
    <ele>21.26</ele>
   </trkpt>
   <trkpt lat="51.01982000113257" lon="4.949874996627095">
    <ele>21.78</ele>
   </trkpt>
   <trkpt lat="51.01948" lon="4.94939">
    <ele>22.820000000000004</ele>
   </trkpt>
   <trkpt lat="51.019420000000004" lon="4.94925">
    <ele>22.950000000000003</ele>
   </trkpt>
   <trkpt lat="51.019400000000005" lon="4.9491000000000005">
    <ele>22.98</ele>
   </trkpt>
   <trkpt lat="51.019290000000005" lon="4.94909">
    <ele>22.98</ele>
   </trkpt>
   <trkpt lat="51.01919" lon="4.94902">
    <ele>21.27</ele>
   </trkpt>
   <trkpt lat="51.018860000000004" lon="4.94861">
    <ele>20.03</ele>
   </trkpt>
   <trkpt lat="51.01852" lon="4.94836">
    <ele>19.23</ele>
   </trkpt>
   <trkpt lat="51.01852" lon="4.94824">
    <ele>19.28</ele>
   </trkpt>
   <trkpt lat="51.01849000000001" lon="4.948180000000001">
    <ele>19.28</ele>
   </trkpt>
   <trkpt lat="51.018440000000005" lon="4.94815">
    <ele>19.360000000000003</ele>
   </trkpt>
   <trkpt lat="51.018390000000004" lon="4.948160000000001">
    <ele>19.360000000000003</ele>
   </trkpt>
   <trkpt lat="51.01834" lon="4.948230000000001">
    <ele>19.250000000000004</ele>
   </trkpt>
   <trkpt lat="51.018330000000006" lon="4.94831">
    <ele>19.080000000000002</ele>
   </trkpt>
   <trkpt lat="51.01822000000001" lon="4.94834">
    <ele>18.29</ele>
   </trkpt>
   <trkpt lat="51.018170000000005" lon="4.948370000000001">
    <ele>18.29</ele>
   </trkpt>
   <trkpt lat="51.01764000000001" lon="4.949000000000001">
    <ele>17.27</ele>
   </trkpt>
   <trkpt lat="51.017570000000006" lon="4.94913">
    <ele>17.310000000000002</ele>
   </trkpt>
   <trkpt lat="51.017140000000005" lon="4.949490000000001">
    <ele>16.91</ele>
   </trkpt>
   <trkpt lat="51.01655" lon="4.94998">
    <ele>16.71</ele>
   </trkpt>
   <trkpt lat="51.015965000335946" lon="4.950330004527269">
    <ele>16.450000000000003</ele>
   </trkpt>
   <trkpt lat="51.01538000000001" lon="4.95068">
    <ele>16.290000000000003</ele>
   </trkpt>
   <trkpt lat="51.01491500085893" lon="4.951125004448983">
    <ele>16.23</ele>
   </trkpt>
   <trkpt lat="51.014450000000004" lon="4.95157">
    <ele>16.41</ele>
   </trkpt>
   <trkpt lat="51.01426000000001" lon="4.95178">
    <ele>16.64</ele>
   </trkpt>
   <trkpt lat="51.01387000657233" lon="4.952653347882537">
    <ele>17.43</ele>
   </trkpt>
   <trkpt lat="51.013480006634744" lon="4.953526681075889">
    <ele>18.53</ele>
   </trkpt>
   <trkpt lat="51.013090000000005" lon="4.954400000000001">
    <ele>20.540000000000003</ele>
   </trkpt>
   <trkpt lat="51.01258000000001" lon="4.9540500000000005">
    <ele>21.460000000000004</ele>
   </trkpt>
   <trkpt lat="51.01232" lon="4.95392">
    <ele>22.240000000000002</ele>
   </trkpt>
   <trkpt lat="51.01183" lon="4.953760000000001">
    <ele>23.200000000000003</ele>
   </trkpt>
   <trkpt lat="51.01122000079532" lon="4.9534599921218065">
    <ele>22.92</ele>
   </trkpt>
   <trkpt lat="51.010610000822446" lon="4.953159992135276">
    <ele>21.740000000000002</ele>
   </trkpt>
   <trkpt lat="51.010000000000005" lon="4.95286">
    <ele>19.669999999999998</ele>
   </trkpt>
   <trkpt lat="51.010000000000005" lon="4.952850000000001">
    <ele>19.650000000000002</ele>
   </trkpt>
   <trkpt lat="51.009800000000006" lon="4.9527600000000005">
    <ele>19.32</ele>
   </trkpt>
   <trkpt lat="51.009510000000006" lon="4.95267">
    <ele>19.16</ele>
   </trkpt>
   <trkpt lat="51.009310000000006" lon="4.952640000000001">
    <ele>18.400000000000002</ele>
   </trkpt>
   <trkpt lat="51.009190000000004" lon="4.952640000000001">
    <ele>18.18</ele>
   </trkpt>
   <trkpt lat="51.00891000000001" lon="4.95268">
    <ele>17.830000000000002</ele>
   </trkpt>
   <trkpt lat="51.008970000000005" lon="4.9532300000000005">
    <ele>18.04</ele>
   </trkpt>
   <trkpt lat="51.00901" lon="4.95397">
    <ele>18.19</ele>
   </trkpt>
   <trkpt lat="51.00902000000001" lon="4.9548700000000006">
    <ele>18.680000000000003</ele>
   </trkpt>
   <trkpt lat="51.00900000000001" lon="4.9549900000000004">
    <ele>18.740000000000002</ele>
   </trkpt>
   <trkpt lat="51.008970000000005" lon="4.95502">
    <ele>18.740000000000002</ele>
   </trkpt>
   <trkpt lat="51.00842" lon="4.9548700000000006">
    <ele>17.910000000000004</ele>
   </trkpt>
   <trkpt lat="51.00813" lon="4.95474">
    <ele>17.63</ele>
   </trkpt>
   <trkpt lat="51.00793" lon="4.9546">
    <ele>17.5</ele>
   </trkpt>
   <trkpt lat="51.00770000000001" lon="4.95436">
    <ele>17.5</ele>
   </trkpt>
   <trkpt lat="51.007450000000006" lon="4.954140000000001">
    <ele>17.240000000000002</ele>
   </trkpt>
   <trkpt lat="51.00714000000001" lon="4.953930000000001">
    <ele>17.5</ele>
   </trkpt>
   <trkpt lat="51.00665000000001" lon="4.9537">
    <ele>17.48</ele>
   </trkpt>
   <trkpt lat="51.0058660008306" lon="4.95347798498894">
    <ele>17.080000000000002</ele>
   </trkpt>
   <trkpt lat="51.0050820012405" lon="4.9532559774823435">
    <ele>17.300000000000004</ele>
   </trkpt>
   <trkpt lat="51.00429800122969" lon="4.9530339774797545">
    <ele>17.400000000000002</ele>
   </trkpt>
   <trkpt lat="51.00351400079825" lon="4.952811984980713">
    <ele>17.11</ele>
   </trkpt>
   <trkpt lat="51.00273000000001" lon="4.952590000000001">
    <ele>17.05</ele>
   </trkpt>
   <trkpt lat="51.00238" lon="4.952540000000001">
    <ele>16.970000000000002</ele>
   </trkpt>
   <trkpt lat="51.001870000000004" lon="4.95253">
    <ele>17.07</ele>
   </trkpt>
   <trkpt lat="51.00153" lon="4.95256">
    <ele>17.330000000000002</ele>
   </trkpt>
   <trkpt lat="51.00122" lon="4.9526200000000005">
    <ele>17.46</ele>
   </trkpt>
   <trkpt lat="51.001180000000005" lon="4.952380000000001">
    <ele>17.210000000000004</ele>
   </trkpt>
   <trkpt lat="51.00099" lon="4.952030000000001">
    <ele>16.110000000000003</ele>
   </trkpt>
   <trkpt lat="51.000576673527796" lon="4.951133317352935">
    <ele>16.490000000000002</ele>
   </trkpt>
   <trkpt lat="51.00016334019251" lon="4.950236650682266">
    <ele>16.77</ele>
   </trkpt>
   <trkpt lat="50.999750000000006" lon="4.94934">
    <ele>17.52</ele>
   </trkpt>
   <trkpt lat="50.99933500975604" lon="4.948467476606994">
    <ele>17.71</ele>
   </trkpt>
   <trkpt lat="50.99892001301375" lon="4.947594968821809">
    <ele>18.6</ele>
   </trkpt>
   <trkpt lat="50.99850500977338" lon="4.946722476644183">
    <ele>19.1</ele>
   </trkpt>
   <trkpt lat="50.998090000000005" lon="4.94585">
    <ele>19.380000000000003</ele>
   </trkpt>
   <trkpt lat="50.997662509645224" lon="4.944982476041757">
    <ele>19.37</ele>
   </trkpt>
   <trkpt lat="50.99723501286632" lon="4.94411496806838">
    <ele>19.35</ele>
   </trkpt>
   <trkpt lat="50.9968075096635" lon="4.943247476079569">
    <ele>19.340000000000003</ele>
   </trkpt>
   <trkpt lat="50.99638" lon="4.94238">
    <ele>19.680000000000003</ele>
   </trkpt>
   <trkpt lat="50.99625" lon="4.941960000000001">
    <ele>19.78</ele>
   </trkpt>
   <trkpt lat="50.99618" lon="4.941490000000001">
    <ele>19.5</ele>
   </trkpt>
   <trkpt lat="50.99613000323029" lon="4.940619999058651">
    <ele>18.38</ele>
   </trkpt>
   <trkpt lat="50.996080000000006" lon="4.93975">
    <ele>17.830000000000002</ele>
   </trkpt>
   <trkpt lat="50.99602" lon="4.939030000000001">
    <ele>17.240000000000002</ele>
   </trkpt>
   <trkpt lat="50.99602" lon="4.93902">
    <ele>17.23</ele>
   </trkpt>
   <trkpt lat="50.99598" lon="4.93855">
    <ele>17.1</ele>
   </trkpt>
   <trkpt lat="50.995900000000006" lon="4.9381200000000005">
    <ele>17.240000000000002</ele>
   </trkpt>
   <trkpt lat="50.995810000000006" lon="4.93773">
    <ele>17.25</ele>
   </trkpt>
   <trkpt lat="50.99573" lon="4.93763">
    <ele>17.310000000000002</ele>
   </trkpt>
   <trkpt lat="50.99573" lon="4.93747">
    <ele>17.26</ele>
   </trkpt>
   <trkpt lat="50.99559000000001" lon="4.93714">
    <ele>16.91</ele>
   </trkpt>
   <trkpt lat="50.99541000000001" lon="4.936780000000001">
    <ele>16.880000000000003</ele>
   </trkpt>
   <trkpt lat="50.995090000000005" lon="4.93641">
    <ele>17.32</ele>
   </trkpt>
   <trkpt lat="50.994930000000004" lon="4.93616">
    <ele>17.32</ele>
   </trkpt>
   <trkpt lat="50.99484" lon="4.93594">
    <ele>17.69</ele>
   </trkpt>
   <trkpt lat="50.994690002444216" lon="4.935179997436732">
    <ele>18.13</ele>
   </trkpt>
   <trkpt lat="50.99454" lon="4.93442">
    <ele>18.490000000000002</ele>
   </trkpt>
   <trkpt lat="50.99441" lon="4.93341">
    <ele>18.71</ele>
   </trkpt>
   <trkpt lat="50.994330000000005" lon="4.93299">
    <ele>18.680000000000003</ele>
   </trkpt>
   <trkpt lat="50.99425" lon="4.9327000000000005">
    <ele>18.53</ele>
   </trkpt>
   <trkpt lat="50.99414" lon="4.9324">
    <ele>18.47</ele>
   </trkpt>
   <trkpt lat="50.99383" lon="4.931660000000001">
    <ele>18.87</ele>
   </trkpt>
   <trkpt lat="50.993680000000005" lon="4.93078">
    <ele>19.3</ele>
   </trkpt>
   <trkpt lat="50.99349" lon="4.930140000000001">
    <ele>19.75</ele>
   </trkpt>
   <trkpt lat="50.993320000000004" lon="4.92916">
    <ele>19.990000000000002</ele>
   </trkpt>
   <trkpt lat="50.99338" lon="4.92821">
    <ele>19.900000000000002</ele>
   </trkpt>
   <trkpt lat="50.99335000000001" lon="4.927960000000001">
    <ele>19.87</ele>
   </trkpt>
   <trkpt lat="50.9931666741913" lon="4.927019992480238">
    <ele>19.82</ele>
   </trkpt>
   <trkpt lat="50.99298334083977" lon="4.92607999238715">
    <ele>19.82</ele>
   </trkpt>
   <trkpt lat="50.9928" lon="4.925140000000001">
    <ele>20.220000000000002</ele>
   </trkpt>
   <trkpt lat="50.99245500319595" lon="4.9242749935757235">
    <ele>21.26</ele>
   </trkpt>
   <trkpt lat="50.992110000000004" lon="4.9234100000000005">
    <ele>22.9</ele>
   </trkpt>
   <trkpt lat="50.99203000000001" lon="4.92325">
    <ele>22.9</ele>
   </trkpt>
   <trkpt lat="50.991960000000006" lon="4.923150000000001">
    <ele>23.14</ele>
   </trkpt>
   <trkpt lat="50.99141" lon="4.922540000000001">
    <ele>24.790000000000003</ele>
   </trkpt>
   <trkpt lat="50.99083" lon="4.92196">
    <ele>25.810000000000002</ele>
   </trkpt>
   <trkpt lat="50.99062000000001" lon="4.92184">
    <ele>25.880000000000003</ele>
   </trkpt>
   <trkpt lat="50.99016" lon="4.921670000000001">
    <ele>25.730000000000004</ele>
   </trkpt>
   <trkpt lat="50.98996" lon="4.92147">
    <ele>25.43</ele>
   </trkpt>
   <trkpt lat="50.989630000000005" lon="4.9210400000000005">
    <ele>24.740000000000002</ele>
   </trkpt>
   <trkpt lat="50.98946" lon="4.920780000000001">
    <ele>24.3</ele>
   </trkpt>
   <trkpt lat="50.989360000000005" lon="4.9205700000000006">
    <ele>23.96</ele>
   </trkpt>
   <trkpt lat="50.98913" lon="4.920050000000001">
    <ele>23.15</ele>
   </trkpt>
   <trkpt lat="50.98903000000001" lon="4.91967">
    <ele>22.7</ele>
   </trkpt>
   <trkpt lat="50.98891500766836" lon="4.918329996728443">
    <ele>21.32</ele>
   </trkpt>
   <trkpt lat="50.988800000000005" lon="4.91699">
    <ele>20.41</ele>
   </trkpt>
   <trkpt lat="50.98799500012486" lon="4.917205003748041">
    <ele>20.14</ele>
   </trkpt>
   <trkpt lat="50.987190000000005" lon="4.917420000000001">
    <ele>22.11</ele>
   </trkpt>
   <trkpt lat="50.98704000200429" lon="4.916739997941323">
    <ele>21.980000000000004</ele>
   </trkpt>
   <trkpt lat="50.98689" lon="4.916060000000001">
    <ele>21.92</ele>
   </trkpt>
   <trkpt lat="50.98677000000001" lon="4.915290000000001">
    <ele>21.67</ele>
   </trkpt>
   <trkpt lat="50.98662" lon="4.914140000000001">
    <ele>21.330000000000002</ele>
   </trkpt>
   <trkpt lat="50.986520000000006" lon="4.9135800000000005">
    <ele>21.07</ele>
   </trkpt>
   <trkpt lat="50.98621001992729" lon="4.91233247500287">
    <ele>19.76</ele>
   </trkpt>
   <trkpt lat="50.98590002656875" lon="4.911084966667232">
    <ele>17.92</ele>
   </trkpt>
   <trkpt lat="50.98559001992469" lon="4.909837474993393">
    <ele>17.29</ele>
   </trkpt>
   <trkpt lat="50.98528" lon="4.90859">
    <ele>16.59</ele>
   </trkpt>
   <trkpt lat="50.98508" lon="4.9079500000000005">
    <ele>16.380000000000003</ele>
   </trkpt>
   <trkpt lat="50.98481500219526" lon="4.907229995842338">
    <ele>16.41</ele>
   </trkpt>
   <trkpt lat="50.984550000000006" lon="4.906510000000001">
    <ele>16.810000000000002</ele>
   </trkpt>
   <trkpt lat="50.984460000000006" lon="4.90631">
    <ele>16.84</ele>
   </trkpt>
   <trkpt lat="50.98413000000001" lon="4.905670000000001">
    <ele>16.86</ele>
   </trkpt>
   <trkpt lat="50.98366000212754" lon="4.904964992871557">
    <ele>17.12</ele>
   </trkpt>
   <trkpt lat="50.98319000000001" lon="4.904260000000001">
    <ele>17.490000000000002</ele>
   </trkpt>
   <trkpt lat="50.983180000000004" lon="4.904260000000001">
    <ele>17.5</ele>
   </trkpt>
   <trkpt lat="50.98252500411054" lon="4.903284986322829">
    <ele>18.19</ele>
   </trkpt>
   <trkpt lat="50.98187" lon="4.902310000000001">
    <ele>18.660000000000004</ele>
   </trkpt>
   <trkpt lat="50.98194" lon="4.90219">
    <ele>18.660000000000004</ele>
   </trkpt>
   <trkpt lat="50.982765001351005" lon="4.901645009629891">
    <ele>17.32</ele>
   </trkpt>
   <trkpt lat="50.98359000000001" lon="4.9011000000000005">
    <ele>18.48</ele>
   </trkpt>
   <trkpt lat="50.983700000000006" lon="4.901070000000001">
    <ele>18.48</ele>
   </trkpt>
   <trkpt lat="50.9838" lon="4.901120000000001">
    <ele>18.520000000000003</ele>
   </trkpt>
   <trkpt lat="50.98398" lon="4.90115">
    <ele>18.520000000000003</ele>
   </trkpt>
   <trkpt lat="50.98431" lon="4.9011700000000005">
    <ele>18.7</ele>
   </trkpt>
   <trkpt lat="50.98503000016843" lon="4.901020002311402">
    <ele>19.78</ele>
   </trkpt>
   <trkpt lat="50.98575" lon="4.90087">
    <ele>22.2</ele>
   </trkpt>
   <trkpt lat="50.98633" lon="4.90071">
    <ele>23.990000000000002</ele>
   </trkpt>
   <trkpt lat="50.986900000215876" lon="4.900525002249055">
    <ele>27.070000000000004</ele>
   </trkpt>
   <trkpt lat="50.98747" lon="4.900340000000001">
    <ele>29.460000000000004</ele>
   </trkpt>
   <trkpt lat="50.98809500024228" lon="4.90005500388511">
    <ele>30.21</ele>
   </trkpt>
   <trkpt lat="50.98872" lon="4.89977">
    <ele>29.030000000000005</ele>
   </trkpt>
   <trkpt lat="50.989360000000005" lon="4.899590000000001">
    <ele>28.0</ele>
   </trkpt>
   <trkpt lat="50.9898" lon="4.899310000000001">
    <ele>28.32</ele>
   </trkpt>
   <trkpt lat="50.9898" lon="4.898770000000001">
    <ele>28.48</ele>
   </trkpt>
   <trkpt lat="50.98982" lon="4.898510000000001">
    <ele>28.48</ele>
   </trkpt>
   <trkpt lat="50.989920000000005" lon="4.898090000000001">
    <ele>28.35</ele>
   </trkpt>
   <trkpt lat="50.98991" lon="4.89768">
    <ele>28.330000000000002</ele>
   </trkpt>
   <trkpt lat="50.98988000000001" lon="4.8974400000000005">
    <ele>28.39</ele>
   </trkpt>
   <trkpt lat="50.98959000000001" lon="4.8973">
    <ele>28.73</ele>
   </trkpt>
   <trkpt lat="50.98950000000001" lon="4.897220000000001">
    <ele>28.73</ele>
   </trkpt>
   <trkpt lat="50.98942" lon="4.89707">
    <ele>28.96</ele>
   </trkpt>
   <trkpt lat="50.98921000000001" lon="4.89655">
    <ele>30.130000000000003</ele>
   </trkpt>
   <trkpt lat="50.98910000000001" lon="4.896330000000001">
    <ele>30.430000000000003</ele>
   </trkpt>
   <trkpt lat="50.98904" lon="4.89627">
    <ele>30.430000000000003</ele>
   </trkpt>
   <trkpt lat="50.98875" lon="4.896100000000001">
    <ele>31.830000000000002</ele>
   </trkpt>
   <trkpt lat="50.98868" lon="4.8960300000000005">
    <ele>32.1</ele>
   </trkpt>
   <trkpt lat="50.988600000000005" lon="4.89581">
    <ele>32.46</ele>
   </trkpt>
   <trkpt lat="50.988490000000006" lon="4.8952100000000005">
    <ele>32.34</ele>
   </trkpt>
   <trkpt lat="50.98837" lon="4.89489">
    <ele>31.12</ele>
   </trkpt>
   <trkpt lat="50.98827000000001" lon="4.8945300000000005">
    <ele>29.5</ele>
   </trkpt>
   <trkpt lat="50.9880450041041" lon="4.893549995270422">
    <ele>26.53</ele>
   </trkpt>
   <trkpt lat="50.987820000000006" lon="4.89257">
    <ele>25.240000000000002</ele>
   </trkpt>
   <trkpt lat="50.98774" lon="4.891920000000001">
    <ele>24.14</ele>
   </trkpt>
   <trkpt lat="50.98760000290766" lon="4.891089997302145">
    <ele>21.45</ele>
   </trkpt>
   <trkpt lat="50.987460000000006" lon="4.8902600000000005">
    <ele>18.48</ele>
   </trkpt>
   <trkpt lat="50.98736" lon="4.8891800000000005">
    <ele>17.2</ele>
   </trkpt>
   <trkpt lat="50.98707" lon="4.88797">
    <ele>16.76</ele>
   </trkpt>
   <trkpt lat="50.987070002369066" lon="4.887225000557744">
    <ele>16.790000000000003</ele>
   </trkpt>
   <trkpt lat="50.98707" lon="4.886480000000001">
    <ele>17.2</ele>
   </trkpt>
   <trkpt lat="50.98718" lon="4.886080000000001">
    <ele>17.990000000000002</ele>
   </trkpt>
   <trkpt lat="50.9872" lon="4.88595">
    <ele>18.45</ele>
   </trkpt>
   <trkpt lat="50.98716" lon="4.885610000000001">
    <ele>19.380000000000003</ele>
   </trkpt>
   <trkpt lat="50.98711" lon="4.88543">
    <ele>19.669999999999998</ele>
   </trkpt>
   <trkpt lat="50.98696" lon="4.885050000000001">
    <ele>19.96</ele>
   </trkpt>
   <trkpt lat="50.98687" lon="4.884880000000001">
    <ele>20.19</ele>
   </trkpt>
   <trkpt lat="50.9868" lon="4.88482">
    <ele>20.51</ele>
   </trkpt>
   <trkpt lat="50.98651" lon="4.88464">
    <ele>21.120000000000005</ele>
   </trkpt>
   <trkpt lat="50.98637" lon="4.884510000000001">
    <ele>21.16</ele>
   </trkpt>
   <trkpt lat="50.98630000000001" lon="4.88442">
    <ele>20.66</ele>
   </trkpt>
   <trkpt lat="50.98619000000001" lon="4.88408">
    <ele>20.360000000000003</ele>
   </trkpt>
   <trkpt lat="50.986090000000004" lon="4.883830000000001">
    <ele>20.09</ele>
   </trkpt>
   <trkpt lat="50.98608" lon="4.883830000000001">
    <ele>20.09</ele>
   </trkpt>
   <trkpt lat="50.98581" lon="4.88318">
    <ele>20.52</ele>
   </trkpt>
   <trkpt lat="50.98575" lon="4.883100000000001">
    <ele>21.1</ele>
   </trkpt>
   <trkpt lat="50.98563000000001" lon="4.88304">
    <ele>21.380000000000003</ele>
   </trkpt>
   <trkpt lat="50.9853" lon="4.88299">
    <ele>21.130000000000003</ele>
   </trkpt>
   <trkpt lat="50.985170000000004" lon="4.88295">
    <ele>20.91</ele>
   </trkpt>
   <trkpt lat="50.98509000000001" lon="4.8829">
    <ele>20.540000000000003</ele>
   </trkpt>
   <trkpt lat="50.9855" lon="4.881970000000001">
    <ele>16.5</ele>
   </trkpt>
   <trkpt lat="50.985440000000004" lon="4.881500000000001">
    <ele>15.44</ele>
   </trkpt>
   <trkpt lat="50.985420000000005" lon="4.8811800000000005">
    <ele>14.84</ele>
   </trkpt>
   <trkpt lat="50.985420000000005" lon="4.88069">
    <ele>14.48</ele>
   </trkpt>
   <trkpt lat="50.98547000000001" lon="4.88058">
    <ele>14.42</ele>
   </trkpt>
   <trkpt lat="50.985640000000004" lon="4.88042">
    <ele>14.38</ele>
   </trkpt>
   <trkpt lat="50.985690000000005" lon="4.88032">
    <ele>14.38</ele>
   </trkpt>
   <trkpt lat="50.98583000000001" lon="4.87976">
    <ele>14.4</ele>
   </trkpt>
   <trkpt lat="50.98584" lon="4.87966">
    <ele>14.450000000000001</ele>
   </trkpt>
   <trkpt lat="50.985820000000004" lon="4.879530000000001">
    <ele>14.450000000000001</ele>
   </trkpt>
   <trkpt lat="50.98537" lon="4.878710000000001">
    <ele>14.430000000000001</ele>
   </trkpt>
   <trkpt lat="50.985260000000004" lon="4.8784">
    <ele>14.67</ele>
   </trkpt>
   <trkpt lat="50.98509000000001" lon="4.8774500000000005">
    <ele>14.72</ele>
   </trkpt>
   <trkpt lat="50.98505" lon="4.87704">
    <ele>14.72</ele>
   </trkpt>
   <trkpt lat="50.98508" lon="4.8768400000000005">
    <ele>14.8</ele>
   </trkpt>
   <trkpt lat="50.98521" lon="4.87654">
    <ele>15.110000000000001</ele>
   </trkpt>
   <trkpt lat="50.985240000000005" lon="4.87633">
    <ele>15.18</ele>
   </trkpt>
   <trkpt lat="50.985220000000005" lon="4.87614">
    <ele>15.160000000000002</ele>
   </trkpt>
   <trkpt lat="50.98509000000001" lon="4.87584">
    <ele>15.030000000000001</ele>
   </trkpt>
   <trkpt lat="50.98494" lon="4.875640000000001">
    <ele>15.030000000000001</ele>
   </trkpt>
   <trkpt lat="50.98478" lon="4.875360000000001">
    <ele>15.0</ele>
   </trkpt>
   <trkpt lat="50.984460000000006" lon="4.87466">
    <ele>15.250000000000002</ele>
   </trkpt>
   <trkpt lat="50.98416000342095" lon="4.873764994221613">
    <ele>15.430000000000001</ele>
   </trkpt>
   <trkpt lat="50.98386000000001" lon="4.872870000000001">
    <ele>15.63</ele>
   </trkpt>
   <trkpt lat="50.98371" lon="4.872520000000001">
    <ele>15.700000000000001</ele>
   </trkpt>
   <trkpt lat="50.983410000000006" lon="4.87192">
    <ele>15.870000000000001</ele>
   </trkpt>
   <trkpt lat="50.98328000000001" lon="4.871770000000001">
    <ele>15.870000000000001</ele>
   </trkpt>
   <trkpt lat="50.98319000000001" lon="4.871580000000001">
    <ele>15.84</ele>
   </trkpt>
   <trkpt lat="50.98288" lon="4.871090000000001">
    <ele>15.83</ele>
   </trkpt>
   <trkpt lat="50.98281" lon="4.87094">
    <ele>15.65</ele>
   </trkpt>
   <trkpt lat="50.98256500214316" lon="4.870249996671095">
    <ele>15.030000000000001</ele>
   </trkpt>
   <trkpt lat="50.98232" lon="4.869560000000001">
    <ele>14.950000000000001</ele>
   </trkpt>
   <trkpt lat="50.98212" lon="4.8693100000000005">
    <ele>15.01</ele>
   </trkpt>
   <trkpt lat="50.98194" lon="4.86887">
    <ele>15.170000000000002</ele>
   </trkpt>
   <trkpt lat="50.98192" lon="4.86876">
    <ele>15.360000000000001</ele>
   </trkpt>
   <trkpt lat="50.981860000000005" lon="4.8677600000000005">
    <ele>15.490000000000002</ele>
   </trkpt>
   <trkpt lat="50.98180000000001" lon="4.867120000000001">
    <ele>15.600000000000001</ele>
   </trkpt>
   <trkpt lat="50.98178500233722" lon="4.866379999748267">
    <ele>15.540000000000001</ele>
   </trkpt>
   <trkpt lat="50.981770000000004" lon="4.86564">
    <ele>15.22</ele>
   </trkpt>
   <trkpt lat="50.981700000000004" lon="4.8651">
    <ele>15.21</ele>
   </trkpt>
   <trkpt lat="50.98161" lon="4.864850000000001">
    <ele>15.38</ele>
   </trkpt>
   <trkpt lat="50.981300000000005" lon="4.86422">
    <ele>15.8</ele>
   </trkpt>
   <trkpt lat="50.981280000000005" lon="4.86422">
    <ele>15.8</ele>
   </trkpt>
   <trkpt lat="50.98122000000001" lon="4.864280000000001">
    <ele>15.850000000000003</ele>
   </trkpt>
   <trkpt lat="50.98077000000001" lon="4.8645000000000005">
    <ele>15.67</ele>
   </trkpt>
   <trkpt lat="50.98062" lon="4.86453">
    <ele>15.81</ele>
   </trkpt>
   <trkpt lat="50.98048000000001" lon="4.864450000000001">
    <ele>15.96</ele>
   </trkpt>
   <trkpt lat="50.98008" lon="4.86409">
    <ele>16.52</ele>
   </trkpt>
   <trkpt lat="50.980000000000004" lon="4.864070000000001">
    <ele>16.52</ele>
   </trkpt>
   <trkpt lat="50.97988" lon="4.8641000000000005">
    <ele>16.67</ele>
   </trkpt>
   <trkpt lat="50.97954000000001" lon="4.864260000000001">
    <ele>17.080000000000002</ele>
   </trkpt>
   <trkpt lat="50.979420000000005" lon="4.8643">
    <ele>17.5</ele>
   </trkpt>
   <trkpt lat="50.9793" lon="4.8643">
    <ele>17.5</ele>
   </trkpt>
   <trkpt lat="50.979220000000005" lon="4.86425">
    <ele>17.62</ele>
   </trkpt>
   <trkpt lat="50.979150000000004" lon="4.8641700000000005">
    <ele>17.7</ele>
   </trkpt>
   <trkpt lat="50.97860000000001" lon="4.863110000000001">
    <ele>20.09</ele>
   </trkpt>
   <trkpt lat="50.97854" lon="4.863020000000001">
    <ele>21.14</ele>
   </trkpt>
   <trkpt lat="50.97843" lon="4.862970000000001">
    <ele>21.37</ele>
   </trkpt>
   <trkpt lat="50.978410000000004" lon="4.863130000000001">
    <ele>21.580000000000002</ele>
   </trkpt>
   <trkpt lat="50.97831000000001" lon="4.8630700000000004">
    <ele>21.630000000000003</ele>
   </trkpt>
   <trkpt lat="50.97823" lon="4.8631">
    <ele>21.470000000000002</ele>
   </trkpt>
   <trkpt lat="50.978100000000005" lon="4.86324">
    <ele>21.41</ele>
   </trkpt>
   <trkpt lat="50.97787" lon="4.8636800000000004">
    <ele>21.630000000000003</ele>
   </trkpt>
   <trkpt lat="50.977340000000005" lon="4.8646400000000005">
    <ele>23.630000000000003</ele>
   </trkpt>
   <trkpt lat="50.976760000000006" lon="4.86559">
    <ele>27.73</ele>
   </trkpt>
   <trkpt lat="50.97661" lon="4.865830000000001">
    <ele>29.080000000000002</ele>
   </trkpt>
   <trkpt lat="50.97612" lon="4.86516">
    <ele>29.39</ele>
   </trkpt>
   <trkpt lat="50.976020000000005" lon="4.8649700000000005">
    <ele>29.39</ele>
   </trkpt>
   <trkpt lat="50.97579" lon="4.86437">
    <ele>29.5</ele>
   </trkpt>
   <trkpt lat="50.975530000000006" lon="4.8635">
    <ele>29.68</ele>
   </trkpt>
   <trkpt lat="50.97547" lon="4.863160000000001">
    <ele>29.970000000000002</ele>
   </trkpt>
   <trkpt lat="50.97545" lon="4.86235">
    <ele>30.830000000000002</ele>
   </trkpt>
   <trkpt lat="50.975460000000005" lon="4.86204">
    <ele>31.070000000000004</ele>
   </trkpt>
   <trkpt lat="50.97551000000001" lon="4.861330000000001">
    <ele>30.6</ele>
   </trkpt>
   <trkpt lat="50.97547" lon="4.860040000000001">
    <ele>29.280000000000005</ele>
   </trkpt>
   <trkpt lat="50.97542000000001" lon="4.859800000000001">
    <ele>29.200000000000003</ele>
   </trkpt>
   <trkpt lat="50.975120000000004" lon="4.85883">
    <ele>28.630000000000003</ele>
   </trkpt>
   <trkpt lat="50.97507" lon="4.85874">
    <ele>28.630000000000003</ele>
   </trkpt>
   <trkpt lat="50.974920000000004" lon="4.8586">
    <ele>28.35</ele>
   </trkpt>
   <trkpt lat="50.974610000000006" lon="4.85841">
    <ele>27.970000000000002</ele>
   </trkpt>
   <trkpt lat="50.97442" lon="4.85832">
    <ele>27.83</ele>
   </trkpt>
   <trkpt lat="50.974140000000006" lon="4.8582600000000005">
    <ele>27.700000000000003</ele>
   </trkpt>
   <trkpt lat="50.97382" lon="4.8583300000000005">
    <ele>27.35</ele>
   </trkpt>
   <trkpt lat="50.973490000000005" lon="4.85846">
    <ele>26.830000000000002</ele>
   </trkpt>
   <trkpt lat="50.973130000000005" lon="4.8585400000000005">
    <ele>26.230000000000004</ele>
   </trkpt>
   <trkpt lat="50.973020000000005" lon="4.85855">
    <ele>26.230000000000004</ele>
   </trkpt>
   <trkpt lat="50.97280000000001" lon="4.85841">
    <ele>26.09</ele>
   </trkpt>
   <trkpt lat="50.97263" lon="4.85761">
    <ele>26.21</ele>
   </trkpt>
   <trkpt lat="50.972550000000005" lon="4.85714">
    <ele>26.88</ele>
   </trkpt>
   <trkpt lat="50.972485005083094" lon="4.856049998663478">
    <ele>28.200000000000003</ele>
   </trkpt>
   <trkpt lat="50.97242000000001" lon="4.85496">
    <ele>30.26</ele>
   </trkpt>
   <trkpt lat="50.97227" lon="4.85395">
    <ele>33.32</ele>
   </trkpt>
   <trkpt lat="50.97207" lon="4.85322">
    <ele>35.10000000000001</ele>
   </trkpt>
   <trkpt lat="50.97187" lon="4.85229">
    <ele>37.95</ele>
   </trkpt>
   <trkpt lat="50.971830000000004" lon="4.85153">
    <ele>40.86</ele>
   </trkpt>
   <trkpt lat="50.97174500320534" lon="4.850664998531479">
    <ele>42.96</ele>
   </trkpt>
   <trkpt lat="50.97166000000001" lon="4.8498">
    <ele>44.06</ele>
   </trkpt>
   <trkpt lat="50.97166000000001" lon="4.8497900000000005">
    <ele>44.07000000000001</ele>
   </trkpt>
   <trkpt lat="50.971610000000005" lon="4.848960000000001">
    <ele>44.75000000000001</ele>
   </trkpt>
   <trkpt lat="50.97162" lon="4.8485000000000005">
    <ele>45.09</ele>
   </trkpt>
   <trkpt lat="50.97173" lon="4.8477500000000004">
    <ele>46.24</ele>
   </trkpt>
   <trkpt lat="50.9718" lon="4.847650000000001">
    <ele>46.24</ele>
   </trkpt>
   <trkpt lat="50.97230500121855" lon="4.847110005899766">
    <ele>47.34</ele>
   </trkpt>
   <trkpt lat="50.97281" lon="4.846570000000001">
    <ele>48.06</ele>
   </trkpt>
   <trkpt lat="50.97296000000001" lon="4.84633">
    <ele>48.260000000000005</ele>
   </trkpt>
   <trkpt lat="50.9733" lon="4.84548">
    <ele>48.790000000000006</ele>
   </trkpt>
   <trkpt lat="50.97379000419652" lon="4.844776681547093">
    <ele>49.92</ele>
   </trkpt>
   <trkpt lat="50.97428000416978" lon="4.844073348252388">
    <ele>52.43000000000001</ele>
   </trkpt>
   <trkpt lat="50.97477000000001" lon="4.84337">
    <ele>54.660000000000004</ele>
   </trkpt>
   <trkpt lat="50.974970000000006" lon="4.84314">
    <ele>55.06</ele>
   </trkpt>
   <trkpt lat="50.97549" lon="4.84267">
    <ele>56.61000000000001</ele>
   </trkpt>
   <trkpt lat="50.97583" lon="4.842300000000001">
    <ele>56.620000000000005</ele>
   </trkpt>
   <trkpt lat="50.97636000000001" lon="4.84152">
    <ele>56.61000000000001</ele>
   </trkpt>
   <trkpt lat="50.97694500359288" lon="4.8406000116219925">
    <ele>56.440000000000005</ele>
   </trkpt>
   <trkpt lat="50.97753" lon="4.83968">
    <ele>55.790000000000006</ele>
   </trkpt>
   <trkpt lat="50.97798500187255" lon="4.839040006096773">
    <ele>53.63</ele>
   </trkpt>
   <trkpt lat="50.978440000000006" lon="4.8384">
    <ele>49.78</ele>
   </trkpt>
   <trkpt lat="50.97912" lon="4.83753">
    <ele>45.21000000000001</ele>
   </trkpt>
   <trkpt lat="50.97952" lon="4.83697">
    <ele>42.82</ele>
   </trkpt>
   <trkpt lat="50.980270000000004" lon="4.83622">
    <ele>38.68000000000001</ele>
   </trkpt>
   <trkpt lat="50.98077000141784" lon="4.835635006350212">
    <ele>34.660000000000004</ele>
   </trkpt>
   <trkpt lat="50.98127" lon="4.835050000000001">
    <ele>33.580000000000005</ele>
   </trkpt>
   <trkpt lat="50.98142000000001" lon="4.83492">
    <ele>33.6</ele>
   </trkpt>
   <trkpt lat="50.9814" lon="4.834770000000001">
    <ele>33.84</ele>
   </trkpt>
   <trkpt lat="50.98115000000001" lon="4.83439">
    <ele>34.59</ele>
   </trkpt>
   <trkpt lat="50.98109" lon="4.83427">
    <ele>35.11</ele>
   </trkpt>
   <trkpt lat="50.980970000000006" lon="4.833740000000001">
    <ele>37.52</ele>
   </trkpt>
   <trkpt lat="50.980850000000004" lon="4.833410000000001">
    <ele>40.620000000000005</ele>
   </trkpt>
   <trkpt lat="50.98069" lon="4.83319">
    <ele>41.300000000000004</ele>
   </trkpt>
   <trkpt lat="50.980430000000005" lon="4.8329">
    <ele>42.74</ele>
   </trkpt>
   <trkpt lat="50.98035" lon="4.83279">
    <ele>43.31</ele>
   </trkpt>
   <trkpt lat="50.98006" lon="4.8322400000000005">
    <ele>44.18</ele>
   </trkpt>
   <trkpt lat="50.97995" lon="4.8319">
    <ele>44.44</ele>
   </trkpt>
   <trkpt lat="50.97984" lon="4.830970000000001">
    <ele>45.44</ele>
   </trkpt>
   <trkpt lat="50.97977" lon="4.8307">
    <ele>45.44</ele>
   </trkpt>
   <trkpt lat="50.979470000000006" lon="4.82969">
    <ele>46.470000000000006</ele>
   </trkpt>
   <trkpt lat="50.97932" lon="4.82932">
    <ele>46.59</ele>
   </trkpt>
   <trkpt lat="50.97885" lon="4.82852">
    <ele>46.48</ele>
   </trkpt>
   <trkpt lat="50.978640000000006" lon="4.8281">
    <ele>44.82000000000001</ele>
   </trkpt>
   <trkpt lat="50.97840000000001" lon="4.827520000000001">
    <ele>42.28</ele>
   </trkpt>
   <trkpt lat="50.97805" lon="4.8266">
    <ele>40.24</ele>
   </trkpt>
   <trkpt lat="50.977970000000006" lon="4.8266">
    <ele>40.510000000000005</ele>
   </trkpt>
   <trkpt lat="50.977880000000006" lon="4.82655">
    <ele>40.690000000000005</ele>
   </trkpt>
   <trkpt lat="50.977720000000005" lon="4.82662">
    <ele>41.690000000000005</ele>
   </trkpt>
   <trkpt lat="50.97769" lon="4.8266">
    <ele>41.79</ele>
   </trkpt>
   <trkpt lat="50.97749" lon="4.826320000000001">
    <ele>41.31</ele>
   </trkpt>
   <trkpt lat="50.977360000000004" lon="4.82655">
    <ele>41.830000000000005</ele>
   </trkpt>
   <trkpt lat="50.97726" lon="4.82638">
    <ele>42.230000000000004</ele>
   </trkpt>
   <trkpt lat="50.97739000000001" lon="4.826090000000001">
    <ele>43.25</ele>
   </trkpt>
   <trkpt lat="50.97739000000001" lon="4.82592">
    <ele>43.81</ele>
   </trkpt>
   <trkpt lat="50.97731" lon="4.8253900000000005">
    <ele>45.59</ele>
   </trkpt>
   <trkpt lat="50.977050000000006" lon="4.824400000000001">
    <ele>47.81</ele>
   </trkpt>
   <trkpt lat="50.976940000000006" lon="4.823860000000001">
    <ele>50.21</ele>
   </trkpt>
   <trkpt lat="50.976940000000006" lon="4.82385">
    <ele>50.25</ele>
   </trkpt>
   <trkpt lat="50.976890000000004" lon="4.82347">
    <ele>51.43</ele>
   </trkpt>
   <trkpt lat="50.976690000000005" lon="4.82273">
    <ele>51.56</ele>
   </trkpt>
   <trkpt lat="50.9765" lon="4.821700000000001">
    <ele>50.57</ele>
   </trkpt>
   <trkpt lat="50.97639" lon="4.821280000000001">
    <ele>50.02</ele>
   </trkpt>
   <trkpt lat="50.97627000000001" lon="4.8210500000000005">
    <ele>47.980000000000004</ele>
   </trkpt>
   <trkpt lat="50.975840000000005" lon="4.8205100000000005">
    <ele>44.29</ele>
   </trkpt>
   <trkpt lat="50.97549" lon="4.82026">
    <ele>43.76</ele>
   </trkpt>
   <trkpt lat="50.975350000000006" lon="4.820130000000001">
    <ele>40.540000000000006</ele>
   </trkpt>
   <trkpt lat="50.97523" lon="4.8199000000000005">
    <ele>40.540000000000006</ele>
   </trkpt>
   <trkpt lat="50.974830000000004" lon="4.81899">
    <ele>37.34</ele>
   </trkpt>
   <trkpt lat="50.974720000000005" lon="4.81864">
    <ele>36.19</ele>
   </trkpt>
   <trkpt lat="50.97464" lon="4.8184700000000005">
    <ele>34.67</ele>
   </trkpt>
   <trkpt lat="50.974080005530524" lon="4.8176666473225245">
    <ele>31.540000000000006</ele>
   </trkpt>
   <trkpt lat="50.97352000555123" lon="4.816863314019232">
    <ele>28.630000000000003</ele>
   </trkpt>
   <trkpt lat="50.97296000000001" lon="4.81606">
    <ele>26.62</ele>
   </trkpt>
   <trkpt lat="50.972370000000005" lon="4.815460000000001">
    <ele>24.71</ele>
   </trkpt>
   <trkpt lat="50.97218" lon="4.81524">
    <ele>24.240000000000002</ele>
   </trkpt>
   <trkpt lat="50.97167" lon="4.8144800000000005">
    <ele>23.200000000000003</ele>
   </trkpt>
   <trkpt lat="50.97119000000001" lon="4.813700000000001">
    <ele>22.39</ele>
   </trkpt>
   <trkpt lat="50.971180000000004" lon="4.813700000000001">
    <ele>22.39</ele>
   </trkpt>
   <trkpt lat="50.97072000000001" lon="4.812950000000001">
    <ele>22.330000000000002</ele>
   </trkpt>
   <trkpt lat="50.97068" lon="4.81285">
    <ele>22.29</ele>
   </trkpt>
   <trkpt lat="50.969910000000006" lon="4.81297">
    <ele>21.720000000000002</ele>
   </trkpt>
   <trkpt lat="50.969730000000006" lon="4.812860000000001">
    <ele>21.740000000000002</ele>
   </trkpt>
   <trkpt lat="50.96949000000001" lon="4.81257">
    <ele>21.720000000000002</ele>
   </trkpt>
   <trkpt lat="50.969350000000006" lon="4.81236">
    <ele>21.78</ele>
   </trkpt>
   <trkpt lat="50.96891" lon="4.81153">
    <ele>21.650000000000002</ele>
   </trkpt>
   <trkpt lat="50.96847" lon="4.8107500000000005">
    <ele>21.290000000000003</ele>
   </trkpt>
   <trkpt lat="50.96837000000001" lon="4.81052">
    <ele>21.18</ele>
   </trkpt>
   <trkpt lat="50.968270000000004" lon="4.810250000000001">
    <ele>21.18</ele>
   </trkpt>
   <trkpt lat="50.968" lon="4.80931">
    <ele>20.75</ele>
   </trkpt>
   <trkpt lat="50.96791" lon="4.809060000000001">
    <ele>20.740000000000002</ele>
   </trkpt>
   <trkpt lat="50.96741" lon="4.808140000000001">
    <ele>20.900000000000002</ele>
   </trkpt>
   <trkpt lat="50.967270000000006" lon="4.807840000000001">
    <ele>20.89</ele>
   </trkpt>
   <trkpt lat="50.96705000000001" lon="4.807300000000001">
    <ele>20.970000000000002</ele>
   </trkpt>
   <trkpt lat="50.966950000000004" lon="4.806990000000001">
    <ele>21.09</ele>
   </trkpt>
   <trkpt lat="50.9669" lon="4.8068">
    <ele>21.09</ele>
   </trkpt>
   <trkpt lat="50.9669" lon="4.80679">
    <ele>21.09</ele>
   </trkpt>
   <trkpt lat="50.96685" lon="4.8065500000000005">
    <ele>21.150000000000002</ele>
   </trkpt>
   <trkpt lat="50.96672" lon="4.80565">
    <ele>21.14</ele>
   </trkpt>
   <trkpt lat="50.96661" lon="4.80501">
    <ele>20.98</ele>
   </trkpt>
   <trkpt lat="50.96609" lon="4.8039000000000005">
    <ele>21.03</ele>
   </trkpt>
   <trkpt lat="50.965900000000005" lon="4.80355">
    <ele>21.16</ele>
   </trkpt>
   <trkpt lat="50.96573" lon="4.80328">
    <ele>21.37</ele>
   </trkpt>
   <trkpt lat="50.965610000000005" lon="4.80304">
    <ele>21.36</ele>
   </trkpt>
   <trkpt lat="50.965235003428766" lon="4.802144992797047">
    <ele>20.78</ele>
   </trkpt>
   <trkpt lat="50.96486" lon="4.8012500000000005">
    <ele>20.37</ele>
   </trkpt>
   <trkpt lat="50.96464" lon="4.80055">
    <ele>20.16</ele>
   </trkpt>
   <trkpt lat="50.96455" lon="4.80015">
    <ele>19.96</ele>
   </trkpt>
   <trkpt lat="50.9645" lon="4.79982">
    <ele>19.76</ele>
   </trkpt>
   <trkpt lat="50.964410007721746" lon="4.798474997377014">
    <ele>19.3</ele>
   </trkpt>
   <trkpt lat="50.96432" lon="4.79713">
    <ele>18.740000000000002</ele>
   </trkpt>
   <trkpt lat="50.964330000000004" lon="4.796740000000001">
    <ele>18.520000000000003</ele>
   </trkpt>
   <trkpt lat="50.96441" lon="4.796060000000001">
    <ele>18.17</ele>
   </trkpt>
   <trkpt lat="50.964585015287604" lon="4.794967512337433">
    <ele>17.37</ele>
   </trkpt>
   <trkpt lat="50.96476002038455" lon="4.793875016443518">
    <ele>17.12</ele>
   </trkpt>
   <trkpt lat="50.96493501529069" lon="4.792782512318624">
    <ele>16.66</ele>
   </trkpt>
   <trkpt lat="50.96511" lon="4.79169">
    <ele>16.310000000000002</ele>
   </trkpt>
   <trkpt lat="50.96528000000001" lon="4.791040000000001">
    <ele>16.27</ele>
   </trkpt>
   <trkpt lat="50.96557000000001" lon="4.79039">
    <ele>16.060000000000002</ele>
   </trkpt>
   <trkpt lat="50.96594" lon="4.78986">
    <ele>15.93</ele>
   </trkpt>
   <trkpt lat="50.96631000000001" lon="4.789420000000001">
    <ele>15.98</ele>
   </trkpt>
   <trkpt lat="50.96645" lon="4.7893300000000005">
    <ele>16.12</ele>
   </trkpt>
   <trkpt lat="50.96656" lon="4.7891900000000005">
    <ele>16.12</ele>
   </trkpt>
   <trkpt lat="50.966330000000006" lon="4.788760000000001">
    <ele>16.3</ele>
   </trkpt>
   <trkpt lat="50.96638" lon="4.7883700000000005">
    <ele>16.55</ele>
   </trkpt>
   <trkpt lat="50.96640000000001" lon="4.7877600000000005">
    <ele>17.130000000000003</ele>
   </trkpt>
   <trkpt lat="50.96645" lon="4.78723">
    <ele>18.01</ele>
   </trkpt>
   <trkpt lat="50.96658000000001" lon="4.78657">
    <ele>21.130000000000003</ele>
   </trkpt>
   <trkpt lat="50.96678000000001" lon="4.786040000000001">
    <ele>22.51</ele>
   </trkpt>
   <trkpt lat="50.96688" lon="4.785850000000001">
    <ele>23.06</ele>
   </trkpt>
   <trkpt lat="50.9671" lon="4.785500000000001">
    <ele>23.51</ele>
   </trkpt>
   <trkpt lat="50.967270000000006" lon="4.78531">
    <ele>23.330000000000002</ele>
   </trkpt>
   <trkpt lat="50.967890001638814" lon="4.784685008371231">
    <ele>21.150000000000002</ele>
   </trkpt>
   <trkpt lat="50.96851" lon="4.78406">
    <ele>16.6</ele>
   </trkpt>
   <trkpt lat="50.968790000000006" lon="4.78378">
    <ele>15.790000000000001</ele>
   </trkpt>
   <trkpt lat="50.96907" lon="4.783440000000001">
    <ele>15.520000000000001</ele>
   </trkpt>
   <trkpt lat="50.96947" lon="4.782920000000001">
    <ele>15.030000000000001</ele>
   </trkpt>
   <trkpt lat="50.970006672334044" lon="4.782103352246473">
    <ele>14.57</ele>
   </trkpt>
   <trkpt lat="50.970543338973954" lon="4.781286685620852">
    <ele>14.0</ele>
   </trkpt>
   <trkpt lat="50.97108000000001" lon="4.78047">
    <ele>13.64</ele>
   </trkpt>
   <trkpt lat="50.97130000000001" lon="4.78014">
    <ele>13.53</ele>
   </trkpt>
   <trkpt lat="50.97138" lon="4.780200000000001">
    <ele>13.15</ele>
   </trkpt>
   <trkpt lat="50.97144" lon="4.78019">
    <ele>13.15</ele>
   </trkpt>
   <trkpt lat="50.97149" lon="4.780150000000001">
    <ele>13.15</ele>
   </trkpt>
   <trkpt lat="50.97153" lon="4.780010000000001">
    <ele>12.910000000000002</ele>
   </trkpt>
   <trkpt lat="50.972340001056715" lon="4.780231647338417">
    <ele>11.950000000000001</ele>
   </trkpt>
   <trkpt lat="50.97315000169397" lon="4.780453302408357">
    <ele>11.770000000000001</ele>
   </trkpt>
   <trkpt lat="50.97396000191176" lon="4.780674965210309">
    <ele>11.65</ele>
   </trkpt>
   <trkpt lat="50.97477000171005" lon="4.780896635744764">
    <ele>11.91</ele>
   </trkpt>
   <trkpt lat="50.9755800010888" lon="4.781118314012209">
    <ele>12.0</ele>
   </trkpt>
   <trkpt lat="50.97639" lon="4.78134">
    <ele>12.24</ele>
   </trkpt>
   <trkpt lat="50.977250000000005" lon="4.78152">
    <ele>12.33</ele>
   </trkpt>
   <trkpt lat="50.97792499989934" lon="4.781604998747809">
    <ele>12.25</ele>
   </trkpt>
   <trkpt lat="50.97860000000001" lon="4.78169">
    <ele>13.260000000000002</ele>
   </trkpt>
   <trkpt lat="50.978910000000006" lon="4.78169">
    <ele>13.680000000000001</ele>
   </trkpt>
   <trkpt lat="50.97928" lon="4.78165">
    <ele>13.920000000000002</ele>
   </trkpt>
   <trkpt lat="50.97993500014843" lon="4.781550001394569">
    <ele>13.290000000000001</ele>
   </trkpt>
   <trkpt lat="50.98059000000001" lon="4.78145">
    <ele>13.01</ele>
   </trkpt>
   <trkpt lat="50.981010000000005" lon="4.78141">
    <ele>12.75</ele>
   </trkpt>
   <trkpt lat="50.98124000000001" lon="4.78141">
    <ele>12.770000000000001</ele>
   </trkpt>
   <trkpt lat="50.98171000000001" lon="4.781490000000001">
    <ele>12.66</ele>
   </trkpt>
   <trkpt lat="50.98221500014389" lon="4.781694997755727">
    <ele>12.55</ele>
   </trkpt>
   <trkpt lat="50.98272000000001" lon="4.7819">
    <ele>12.33</ele>
   </trkpt>
   <trkpt lat="50.98293" lon="4.78193">
    <ele>12.440000000000001</ele>
   </trkpt>
   <trkpt lat="50.98321000000001" lon="4.78193">
    <ele>12.560000000000002</ele>
   </trkpt>
   <trkpt lat="50.984010000000005" lon="4.78179">
    <ele>13.620000000000001</ele>
   </trkpt>
   <trkpt lat="50.98402" lon="4.78179">
    <ele>13.620000000000001</ele>
   </trkpt>
   <trkpt lat="50.98429" lon="4.781750000000001">
    <ele>14.180000000000001</ele>
   </trkpt>
   <trkpt lat="50.98436" lon="4.78169">
    <ele>14.470000000000002</ele>
   </trkpt>
   <trkpt lat="50.984370000000006" lon="4.7814700000000006">
    <ele>14.470000000000002</ele>
   </trkpt>
   <trkpt lat="50.98431" lon="4.78108">
    <ele>14.17</ele>
   </trkpt>
   <trkpt lat="50.98458" lon="4.780950000000001">
    <ele>15.13</ele>
   </trkpt>
   <trkpt lat="50.984790000000004" lon="4.7808600000000006">
    <ele>15.72</ele>
   </trkpt>
   <trkpt lat="50.98487" lon="4.780880000000001">
    <ele>15.99</ele>
   </trkpt>
   <trkpt lat="50.984910000000006" lon="4.7809800000000005">
    <ele>15.99</ele>
   </trkpt>
   <trkpt lat="50.984930000000006" lon="4.7815">
    <ele>16.080000000000002</ele>
   </trkpt>
   <trkpt lat="50.98496" lon="4.78162">
    <ele>16.330000000000002</ele>
   </trkpt>
   <trkpt lat="50.985020000000006" lon="4.78164">
    <ele>16.52</ele>
   </trkpt>
   <trkpt lat="50.98523" lon="4.78165">
    <ele>16.94</ele>
   </trkpt>
   <trkpt lat="50.98534" lon="4.78169">
    <ele>17.210000000000004</ele>
   </trkpt>
   <trkpt lat="50.98565000000001" lon="4.78172">
    <ele>17.78</ele>
   </trkpt>
   <trkpt lat="50.98597" lon="4.7817300000000005">
    <ele>18.03</ele>
   </trkpt>
   <trkpt lat="50.98610000000001" lon="4.781700000000001">
    <ele>18.160000000000004</ele>
   </trkpt>
   <trkpt lat="50.986200000000004" lon="4.781700000000001">
    <ele>18.39</ele>
   </trkpt>
   <trkpt lat="50.98651" lon="4.78171">
    <ele>19.020000000000003</ele>
   </trkpt>
   <trkpt lat="50.98653" lon="4.78179">
    <ele>19.020000000000003</ele>
   </trkpt>
   <trkpt lat="50.986580000000004" lon="4.78181">
    <ele>19.15</ele>
   </trkpt>
   <trkpt lat="50.986630000000005" lon="4.78171">
    <ele>19.15</ele>
   </trkpt>
   <trkpt lat="50.98710999981901" lon="4.781734999731918">
    <ele>19.41</ele>
   </trkpt>
   <trkpt lat="50.987590000000004" lon="4.78176">
    <ele>19.970000000000002</ele>
   </trkpt>
   <trkpt lat="50.98809000000001" lon="4.78185">
    <ele>20.400000000000002</ele>
   </trkpt>
   <trkpt lat="50.988510000000005" lon="4.781980000000001">
    <ele>21.11</ele>
   </trkpt>
   <trkpt lat="50.98868" lon="4.782050000000001">
    <ele>21.34</ele>
   </trkpt>
   <trkpt lat="50.98884" lon="4.78211">
    <ele>21.62</ele>
   </trkpt>
   <trkpt lat="50.98917" lon="4.782290000000001">
    <ele>22.11</ele>
   </trkpt>
   <trkpt lat="50.989180000000005" lon="4.78221">
    <ele>22.11</ele>
   </trkpt>
   <trkpt lat="50.98924" lon="4.782100000000001">
    <ele>22.430000000000003</ele>
   </trkpt>
   <trkpt lat="50.98949" lon="4.7819">
    <ele>22.680000000000003</ele>
   </trkpt>
   <trkpt lat="50.989610000000006" lon="4.78178">
    <ele>22.72</ele>
   </trkpt>
   <trkpt lat="50.990140000000004" lon="4.78104">
    <ele>23.26</ele>
   </trkpt>
   <trkpt lat="50.99033000000001" lon="4.7807900000000005">
    <ele>23.26</ele>
   </trkpt>
   <trkpt lat="50.990610000000004" lon="4.78049">
    <ele>23.770000000000003</ele>
   </trkpt>
   <trkpt lat="50.991303336636406" lon="4.779870018504793">
    <ele>23.67</ele>
   </trkpt>
   <trkpt lat="50.99199666999147" lon="4.779250018485718">
    <ele>22.7</ele>
   </trkpt>
   <trkpt lat="50.99269" lon="4.778630000000001">
    <ele>22.310000000000002</ele>
   </trkpt>
   <trkpt lat="50.992960000000004" lon="4.77831">
    <ele>21.900000000000002</ele>
   </trkpt>
   <trkpt lat="50.99318" lon="4.77791">
    <ele>21.54</ele>
   </trkpt>
   <trkpt lat="50.993280000000006" lon="4.77756">
    <ele>21.16</ele>
   </trkpt>
   <trkpt lat="50.99335000000001" lon="4.777220000000001">
    <ele>20.86</ele>
   </trkpt>
   <trkpt lat="50.99338" lon="4.77688">
    <ele>20.220000000000002</ele>
   </trkpt>
   <trkpt lat="50.993360007101636" lon="4.775589999376571">
    <ele>18.950000000000003</ele>
   </trkpt>
   <trkpt lat="50.99334" lon="4.7743">
    <ele>18.250000000000004</ele>
   </trkpt>
   <trkpt lat="50.993320000000004" lon="4.773610000000001">
    <ele>17.560000000000002</ele>
   </trkpt>
   <trkpt lat="50.99326000000001" lon="4.77318">
    <ele>17.7</ele>
   </trkpt>
   <trkpt lat="50.993950001245395" lon="4.772796678070771">
    <ele>15.870000000000001</ele>
   </trkpt>
   <trkpt lat="50.99464000123646" lon="4.772413344742613">
    <ele>15.520000000000001</ele>
   </trkpt>
   <trkpt lat="50.99533" lon="4.77203">
    <ele>15.680000000000003</ele>
   </trkpt>
   <trkpt lat="50.99544" lon="4.77195">
    <ele>15.680000000000003</ele>
   </trkpt>
   <trkpt lat="50.99566" lon="4.771710000000001">
    <ele>15.88</ele>
   </trkpt>
   <trkpt lat="50.99586000000001" lon="4.77137">
    <ele>15.88</ele>
   </trkpt>
   <trkpt lat="50.99595000000001" lon="4.7711500000000004">
    <ele>15.770000000000003</ele>
   </trkpt>
   <trkpt lat="50.996120000000005" lon="4.77059">
    <ele>15.790000000000001</ele>
   </trkpt>
   <trkpt lat="50.99631" lon="4.77015">
    <ele>15.97</ele>
   </trkpt>
   <trkpt lat="50.99686801552506" lon="4.769196045910004">
    <ele>15.91</ele>
   </trkpt>
   <trkpt lat="50.997426023281776" lon="4.768242068876195">
    <ele>15.82</ele>
   </trkpt>
   <trkpt lat="50.99798402326982" lon="4.767288068897885">
    <ele>16.450000000000003</ele>
   </trkpt>
   <trkpt lat="50.99854201548889" lon="4.766334045974386">
    <ele>17.6</ele>
   </trkpt>
   <trkpt lat="50.999100000000006" lon="4.76538">
    <ele>19.000000000000004</ele>
   </trkpt>
   <trkpt lat="50.999480000000005" lon="4.764740000000001">
    <ele>21.630000000000003</ele>
   </trkpt>
   <trkpt lat="50.99924000000001" lon="4.76402">
    <ele>21.36</ele>
   </trkpt>
   <trkpt lat="50.999050000000004" lon="4.763120000000001">
    <ele>20.75</ele>
   </trkpt>
   <trkpt lat="50.99876500507096" lon="4.762029993305329">
    <ele>19.58</ele>
   </trkpt>
   <trkpt lat="50.99848" lon="4.760940000000001">
    <ele>18.3</ele>
   </trkpt>
   <trkpt lat="50.998270000000005" lon="4.760350000000001">
    <ele>17.37</ele>
   </trkpt>
   <trkpt lat="50.99812000000001" lon="4.760050000000001">
    <ele>16.92</ele>
   </trkpt>
   <trkpt lat="50.997910000000005" lon="4.75971">
    <ele>16.55</ele>
   </trkpt>
   <trkpt lat="50.99757" lon="4.7592300000000005">
    <ele>15.75</ele>
   </trkpt>
   <trkpt lat="50.997260000000004" lon="4.7587600000000005">
    <ele>15.160000000000002</ele>
   </trkpt>
   <trkpt lat="50.99701" lon="4.75828">
    <ele>14.93</ele>
   </trkpt>
   <trkpt lat="50.99696" lon="4.758">
    <ele>14.57</ele>
   </trkpt>
   <trkpt lat="50.99692" lon="4.757140000000001">
    <ele>14.350000000000001</ele>
   </trkpt>
   <trkpt lat="50.996880000000004" lon="4.75689">
    <ele>14.48</ele>
   </trkpt>
   <trkpt lat="50.99683" lon="4.75671">
    <ele>14.450000000000001</ele>
   </trkpt>
   <trkpt lat="50.996520000000004" lon="4.756080000000001">
    <ele>14.63</ele>
   </trkpt>
   <trkpt lat="50.996185005799184" lon="4.754914991611895">
    <ele>14.700000000000001</ele>
   </trkpt>
   <trkpt lat="50.995850000000004" lon="4.75375">
    <ele>14.820000000000002</ele>
   </trkpt>
   <trkpt lat="50.99562" lon="4.75291">
    <ele>14.430000000000001</ele>
   </trkpt>
   <trkpt lat="50.99593" lon="4.752610000000001">
    <ele>13.82</ele>
   </trkpt>
   <trkpt lat="50.9964350003847" lon="4.752345002839383">
    <ele>13.260000000000002</ele>
   </trkpt>
   <trkpt lat="50.99694" lon="4.75208">
    <ele>12.610000000000001</ele>
   </trkpt>
   <trkpt lat="50.99778500091645" lon="4.751625008268248">
    <ele>12.42</ele>
   </trkpt>
   <trkpt lat="50.998630000000006" lon="4.75117">
    <ele>12.67</ele>
   </trkpt>
   <trkpt lat="50.998740000000005" lon="4.75115">
    <ele>12.67</ele>
   </trkpt>
   <trkpt lat="50.999320000000004" lon="4.7508300000000006">
    <ele>13.31</ele>
   </trkpt>
   <trkpt lat="50.999500000000005" lon="4.7507">
    <ele>13.120000000000001</ele>
   </trkpt>
   <trkpt lat="51.000125000510465" lon="4.750380004273031">
    <ele>13.15</ele>
   </trkpt>
   <trkpt lat="51.000750000000004" lon="4.75006">
    <ele>13.330000000000002</ele>
   </trkpt>
   <trkpt lat="51.00081" lon="4.7502">
    <ele>13.240000000000002</ele>
   </trkpt>
   <trkpt lat="51.0009" lon="4.750330000000001">
    <ele>12.990000000000002</ele>
   </trkpt>
   <trkpt lat="51.00143500073079" lon="4.7507599949945645">
    <ele>13.0</ele>
   </trkpt>
   <trkpt lat="51.00197000000001" lon="4.75119">
    <ele>13.170000000000002</ele>
   </trkpt>
   <trkpt lat="51.00197000000001" lon="4.751180000000001">
    <ele>13.18</ele>
   </trkpt>
   <trkpt lat="51.0026600014689" lon="4.751749991590345">
    <ele>12.910000000000002</ele>
   </trkpt>
   <trkpt lat="51.003350000000005" lon="4.75232">
    <ele>12.780000000000001</ele>
   </trkpt>
   <trkpt lat="51.00379" lon="4.7526600000000006">
    <ele>12.72</ele>
   </trkpt>
   <trkpt lat="51.00436000061855" lon="4.7530499951870855">
    <ele>12.71</ele>
   </trkpt>
   <trkpt lat="51.00493" lon="4.75344">
    <ele>12.89</ele>
   </trkpt>
   <trkpt lat="51.00527" lon="4.75372">
    <ele>12.97</ele>
   </trkpt>
   <trkpt lat="51.0056" lon="4.754020000000001">
    <ele>12.96</ele>
   </trkpt>
   <trkpt lat="51.005750000000006" lon="4.75419">
    <ele>13.0</ele>
   </trkpt>
   <trkpt lat="51.00625000192563" lon="4.754859992791288">
    <ele>12.71</ele>
   </trkpt>
   <trkpt lat="51.006750000000004" lon="4.75553">
    <ele>12.74</ele>
   </trkpt>
   <trkpt lat="51.007000000000005" lon="4.755780000000001">
    <ele>13.01</ele>
   </trkpt>
   <trkpt lat="51.007180000000005" lon="4.7559000000000005">
    <ele>13.070000000000002</ele>
   </trkpt>
   <trkpt lat="51.00723000000001" lon="4.75623">
    <ele>13.070000000000002</ele>
   </trkpt>
   <trkpt lat="51.007290000000005" lon="4.7564">
    <ele>13.0</ele>
   </trkpt>
   <trkpt lat="51.00768000000001" lon="4.7572600000000005">
    <ele>12.74</ele>
   </trkpt>
   <trkpt lat="51.007850000000005" lon="4.75776">
    <ele>12.66</ele>
   </trkpt>
   <trkpt lat="51.00803500227889" lon="4.75848999710666">
    <ele>12.72</ele>
   </trkpt>
   <trkpt lat="51.00822" lon="4.75922">
    <ele>12.67</ele>
   </trkpt>
   <trkpt lat="51.008630000000004" lon="4.760420000000001">
    <ele>12.47</ele>
   </trkpt>
   <trkpt lat="51.00905" lon="4.76116">
    <ele>12.17</ele>
   </trkpt>
   <trkpt lat="51.00967000000001" lon="4.762040000000001">
    <ele>12.190000000000001</ele>
   </trkpt>
   <trkpt lat="51.00981" lon="4.76233">
    <ele>12.25</ele>
   </trkpt>
   <trkpt lat="51.00992" lon="4.76273">
    <ele>12.450000000000001</ele>
   </trkpt>
   <trkpt lat="51.00994000000001" lon="4.76302">
    <ele>12.68</ele>
   </trkpt>
   <trkpt lat="51.009930000000004" lon="4.763330000000001">
    <ele>12.76</ele>
   </trkpt>
   <trkpt lat="51.00981" lon="4.764430000000001">
    <ele>12.92</ele>
   </trkpt>
   <trkpt lat="51.009780000000006" lon="4.764740000000001">
    <ele>13.01</ele>
   </trkpt>
   <trkpt lat="51.010270000000006" lon="4.7647900000000005">
    <ele>12.15</ele>
   </trkpt>
   <trkpt lat="51.01035" lon="4.764810000000001">
    <ele>12.15</ele>
   </trkpt>
   <trkpt lat="51.01053" lon="4.76489">
    <ele>11.83</ele>
   </trkpt>
   <trkpt lat="51.01106000000001" lon="4.76529">
    <ele>11.97</ele>
   </trkpt>
   <trkpt lat="51.011300000000006" lon="4.76553">
    <ele>12.010000000000002</ele>
   </trkpt>
   <trkpt lat="51.01173000000001" lon="4.76609">
    <ele>12.870000000000001</ele>
   </trkpt>
   <trkpt lat="51.011770000000006" lon="4.76623">
    <ele>12.84</ele>
   </trkpt>
   <trkpt lat="51.01178500405673" lon="4.767204999675116">
    <ele>12.910000000000002</ele>
   </trkpt>
   <trkpt lat="51.0118" lon="4.76818">
    <ele>12.900000000000002</ele>
   </trkpt>
   <trkpt lat="51.01191500223492" lon="4.768904998150386">
    <ele>12.98</ele>
   </trkpt>
   <trkpt lat="51.01203" lon="4.76963">
    <ele>13.06</ele>
   </trkpt>
   <trkpt lat="51.01227" lon="4.7707500000000005">
    <ele>13.38</ele>
   </trkpt>
   <trkpt lat="51.012370000000004" lon="4.77104">
    <ele>13.38</ele>
   </trkpt>
   <trkpt lat="51.012460000000004" lon="4.7712200000000005">
    <ele>13.420000000000002</ele>
   </trkpt>
   <trkpt lat="51.01277" lon="4.771710000000001">
    <ele>13.410000000000002</ele>
   </trkpt>
   <trkpt lat="51.01312" lon="4.7724">
    <ele>12.92</ele>
   </trkpt>
   <trkpt lat="51.01352500404386" lon="4.773369991597149">
    <ele>12.72</ele>
   </trkpt>
   <trkpt lat="51.01393" lon="4.7743400000000005">
    <ele>12.520000000000001</ele>
   </trkpt>
   <trkpt lat="51.01393" lon="4.77433">
    <ele>12.51</ele>
   </trkpt>
   <trkpt lat="51.01415" lon="4.77487">
    <ele>12.89</ele>
   </trkpt>
   <trkpt lat="51.01493000000001" lon="4.7742700000000005">
    <ele>11.840000000000002</ele>
   </trkpt>
   <trkpt lat="51.015370000000004" lon="4.7742">
    <ele>11.680000000000001</ele>
   </trkpt>
   <trkpt lat="51.01608" lon="4.77365">
    <ele>12.820000000000002</ele>
   </trkpt>
   <trkpt lat="51.016180000000006" lon="4.7735">
    <ele>12.66</ele>
   </trkpt>
   <trkpt lat="51.01663000365596" lon="4.772585008710669">
    <ele>12.48</ele>
   </trkpt>
   <trkpt lat="51.01708000000001" lon="4.77167">
    <ele>12.260000000000002</ele>
   </trkpt>
   <trkpt lat="51.01758" lon="4.77062">
    <ele>11.99</ele>
   </trkpt>
   <trkpt lat="51.01766000000001" lon="4.77031">
    <ele>12.05</ele>
   </trkpt>
   <trkpt lat="51.01778" lon="4.76963">
    <ele>11.81</ele>
   </trkpt>
   <trkpt lat="51.01785" lon="4.769410000000001">
    <ele>11.7</ele>
   </trkpt>
   <trkpt lat="51.01793000000001" lon="4.76928">
    <ele>11.7</ele>
   </trkpt>
   <trkpt lat="51.01809" lon="4.76909">
    <ele>11.7</ele>
   </trkpt>
   <trkpt lat="51.01885000000001" lon="4.76841">
    <ele>11.63</ele>
   </trkpt>
   <trkpt lat="51.019270000000006" lon="4.76803">
    <ele>11.57</ele>
   </trkpt>
   <trkpt lat="51.019420000000004" lon="4.76782">
    <ele>11.57</ele>
   </trkpt>
   <trkpt lat="51.019510000000004" lon="4.76761">
    <ele>11.72</ele>
   </trkpt>
   <trkpt lat="51.01957" lon="4.767410000000001">
    <ele>11.72</ele>
   </trkpt>
   <trkpt lat="51.019600000000004" lon="4.767180000000001">
    <ele>11.72</ele>
   </trkpt>
   <trkpt lat="51.0195950026637" lon="4.766389999982901">
    <ele>11.690000000000001</ele>
   </trkpt>
   <trkpt lat="51.01959" lon="4.7656">
    <ele>11.38</ele>
   </trkpt>
   <trkpt lat="51.019600000000004" lon="4.7652">
    <ele>11.38</ele>
   </trkpt>
   <trkpt lat="51.019760000000005" lon="4.764150000000001">
    <ele>11.040000000000001</ele>
   </trkpt>
   <trkpt lat="51.01977" lon="4.7639000000000005">
    <ele>10.85</ele>
   </trkpt>
   <trkpt lat="51.01979000000001" lon="4.76376">
    <ele>10.85</ele>
   </trkpt>
   <trkpt lat="51.019690000000004" lon="4.762630000000001">
    <ele>10.22</ele>
   </trkpt>
   <trkpt lat="51.01967500312072" lon="4.7617749997905365">
    <ele>10.290000000000001</ele>
   </trkpt>
   <trkpt lat="51.01966" lon="4.7609200000000005">
    <ele>11.35</ele>
   </trkpt>
   <trkpt lat="51.02022500072758" lon="4.760520004842784">
    <ele>10.94</ele>
   </trkpt>
   <trkpt lat="51.020790000000005" lon="4.760120000000001">
    <ele>11.28</ele>
   </trkpt>
   <trkpt lat="51.021330000000006" lon="4.759720000000001">
    <ele>11.19</ele>
   </trkpt>
   <trkpt lat="51.02200500129177" lon="4.75915000837898">
    <ele>11.32</ele>
   </trkpt>
   <trkpt lat="51.02268" lon="4.75858">
    <ele>11.27</ele>
   </trkpt>
   <trkpt lat="51.022830000000006" lon="4.75847">
    <ele>11.23</ele>
   </trkpt>
   <trkpt lat="51.02306" lon="4.75832">
    <ele>11.22</ele>
   </trkpt>
   <trkpt lat="51.02319000000001" lon="4.75827">
    <ele>11.120000000000001</ele>
   </trkpt>
   <trkpt lat="51.02329" lon="4.75828">
    <ele>11.11</ele>
   </trkpt>
   <trkpt lat="51.02342" lon="4.75835">
    <ele>10.67</ele>
   </trkpt>
   <trkpt lat="51.02378" lon="4.75865">
    <ele>10.180000000000001</ele>
   </trkpt>
   <trkpt lat="51.02416" lon="4.75924">
    <ele>10.650000000000002</ele>
   </trkpt>
   <trkpt lat="51.024370000000005" lon="4.759410000000001">
    <ele>11.4</ele>
   </trkpt>
   <trkpt lat="51.024150000000006" lon="4.76039">
    <ele>10.6</ele>
   </trkpt>
   <trkpt lat="51.024100000000004" lon="4.760960000000001">
    <ele>10.58</ele>
   </trkpt>
   <trkpt lat="51.02411000000001" lon="4.76138">
    <ele>10.72</ele>
   </trkpt>
   <trkpt lat="51.02417000516407" lon="4.762479998590039">
    <ele>11.260000000000002</ele>
   </trkpt>
   <trkpt lat="51.02423" lon="4.76358">
    <ele>11.55</ele>
   </trkpt>
   <trkpt lat="51.02425" lon="4.7641">
    <ele>11.55</ele>
   </trkpt>
   <trkpt lat="51.02424500319189" lon="4.764965000255478">
    <ele>11.56</ele>
   </trkpt>
   <trkpt lat="51.024240000000006" lon="4.76583">
    <ele>11.57</ele>
   </trkpt>
   <trkpt lat="51.02427" lon="4.76668">
    <ele>11.680000000000001</ele>
   </trkpt>
   <trkpt lat="51.024350000000005" lon="4.76743">
    <ele>11.7</ele>
   </trkpt>
   <trkpt lat="51.02456334759847" lon="4.76872332136643">
    <ele>11.590000000000002</ele>
   </trkpt>
   <trkpt lat="51.024776680921526" lon="4.77001665463707">
    <ele>11.49</ele>
   </trkpt>
   <trkpt lat="51.02499" lon="4.771310000000001">
    <ele>11.62</ele>
   </trkpt>
   <trkpt lat="51.0251" lon="4.7719000000000005">
    <ele>11.82</ele>
   </trkpt>
   <trkpt lat="51.02523000000001" lon="4.772390000000001">
    <ele>11.940000000000001</ele>
   </trkpt>
   <trkpt lat="51.025420000000004" lon="4.7729800000000004">
    <ele>11.7</ele>
   </trkpt>
   <trkpt lat="51.02576334003768" lon="4.77386665351891">
    <ele>11.19</ele>
   </trkpt>
   <trkpt lat="51.02610667336597" lon="4.774753320172359">
    <ele>11.23</ele>
   </trkpt>
   <trkpt lat="51.026450000000004" lon="4.77564">
    <ele>11.81</ele>
   </trkpt>
   <trkpt lat="51.02657000000001" lon="4.776000000000001">
    <ele>11.850000000000001</ele>
   </trkpt>
   <trkpt lat="51.02671" lon="4.77658">
    <ele>11.850000000000001</ele>
   </trkpt>
   <trkpt lat="51.026770000000006" lon="4.77695">
    <ele>11.39</ele>
   </trkpt>
   <trkpt lat="51.02684000259456" lon="4.777729998804654">
    <ele>11.39</ele>
   </trkpt>
   <trkpt lat="51.02691" lon="4.778510000000001">
    <ele>11.21</ele>
   </trkpt>
   <trkpt lat="51.02691" lon="4.77852">
    <ele>11.21</ele>
   </trkpt>
   <trkpt lat="51.02702000000001" lon="4.779330000000001">
    <ele>11.63</ele>
   </trkpt>
   <trkpt lat="51.02707" lon="4.77951">
    <ele>11.63</ele>
   </trkpt>
   <trkpt lat="51.02722000000001" lon="4.779750000000001">
    <ele>11.98</ele>
   </trkpt>
   <trkpt lat="51.026920000000004" lon="4.78035">
    <ele>11.98</ele>
   </trkpt>
   <trkpt lat="51.027150000000006" lon="4.780620000000001">
    <ele>11.750000000000002</ele>
   </trkpt>
   <trkpt lat="51.02727" lon="4.78082">
    <ele>11.72</ele>
   </trkpt>
   <trkpt lat="51.027350000000006" lon="4.78117">
    <ele>11.860000000000001</ele>
   </trkpt>
   <trkpt lat="51.02754667669661" lon="4.782253324218118">
    <ele>11.83</ele>
   </trkpt>
   <trkpt lat="51.02774334337746" lon="4.783336657629448">
    <ele>12.15</ele>
   </trkpt>
   <trkpt lat="51.02794" lon="4.784420000000001">
    <ele>12.090000000000002</ele>
   </trkpt>
   <trkpt lat="51.028020000000005" lon="4.7849900000000005">
    <ele>11.9</ele>
   </trkpt>
   <trkpt lat="51.028090000000006" lon="4.785780000000001">
    <ele>11.9</ele>
   </trkpt>
   <trkpt lat="51.02813500564609" lon="4.786929998957151">
    <ele>11.48</ele>
   </trkpt>
   <trkpt lat="51.028180000000006" lon="4.788080000000001">
    <ele>11.72</ele>
   </trkpt>
   <trkpt lat="51.028180000000006" lon="4.788930000000001">
    <ele>11.950000000000001</ele>
   </trkpt>
   <trkpt lat="51.028150000000004" lon="4.789560000000001">
    <ele>12.06</ele>
   </trkpt>
   <trkpt lat="51.02810000391959" lon="4.790520001284367">
    <ele>11.940000000000001</ele>
   </trkpt>
   <trkpt lat="51.02805000000001" lon="4.79148">
    <ele>12.06</ele>
   </trkpt>
   <trkpt lat="51.02805000000001" lon="4.792350000000001">
    <ele>12.23</ele>
   </trkpt>
   <trkpt lat="51.02808" lon="4.79293">
    <ele>12.23</ele>
   </trkpt>
   <trkpt lat="51.028150000000004" lon="4.7935300000000005">
    <ele>12.23</ele>
   </trkpt>
   <trkpt lat="51.0282850027329" lon="4.79432999768161">
    <ele>11.91</ele>
   </trkpt>
   <trkpt lat="51.028420000000004" lon="4.79513">
    <ele>11.83</ele>
   </trkpt>
   <trkpt lat="51.02863000000001" lon="4.79633">
    <ele>11.690000000000001</ele>
   </trkpt>
   <trkpt lat="51.02879" lon="4.79631">
    <ele>11.57</ele>
   </trkpt>
   <trkpt lat="51.02943500146206" lon="4.795720008231931">
    <ele>10.75</ele>
   </trkpt>
   <trkpt lat="51.030080000000005" lon="4.79513">
    <ele>10.950000000000001</ele>
   </trkpt>
   <trkpt lat="51.03041" lon="4.794860000000001">
    <ele>11.45</ele>
   </trkpt>
   <trkpt lat="51.03047" lon="4.794860000000001">
    <ele>11.64</ele>
   </trkpt>
   <trkpt lat="51.03063" lon="4.79497">
    <ele>11.520000000000001</ele>
   </trkpt>
   <trkpt lat="51.03125252069732" lon="4.795802421721553">
    <ele>10.88</ele>
   </trkpt>
   <trkpt lat="51.03187503548107" lon="4.796634865805769">
    <ele>11.420000000000002</ele>
   </trkpt>
   <trkpt lat="51.03249754435098" lon="4.797467332253535">
    <ele>11.65</ele>
   </trkpt>
   <trkpt lat="51.03312004730673" lon="4.798299821065736">
    <ele>11.48</ele>
   </trkpt>
   <trkpt lat="51.03374254434805" lon="4.799132332243257">
    <ele>11.39</ele>
   </trkpt>
   <trkpt lat="51.03436503547466" lon="4.799964865786983">
    <ele>11.19</ele>
   </trkpt>
   <trkpt lat="51.03498752068624" lon="4.800797421697801">
    <ele>11.170000000000002</ele>
   </trkpt>
   <trkpt lat="51.035610000000005" lon="4.80163">
    <ele>11.590000000000002</ele>
   </trkpt>
   <trkpt lat="51.03607000337164" lon="4.802259987470717">
    <ele>11.47</ele>
   </trkpt>
   <trkpt lat="51.03653000335634" lon="4.80288998744958">
    <ele>11.46</ele>
   </trkpt>
   <trkpt lat="51.03699" lon="4.803520000000001">
    <ele>11.35</ele>
   </trkpt>
   <trkpt lat="51.03755" lon="4.80424">
    <ele>11.39</ele>
   </trkpt>
   <trkpt lat="51.03793500129101" lon="4.804759995864667">
    <ele>11.38</ele>
   </trkpt>
   <trkpt lat="51.038320000000006" lon="4.805280000000001">
    <ele>11.340000000000002</ele>
   </trkpt>
   <trkpt lat="51.03855" lon="4.805540000000001">
    <ele>11.35</ele>
   </trkpt>
   <trkpt lat="51.03886000000001" lon="4.80583">
    <ele>11.28</ele>
   </trkpt>
   <trkpt lat="51.03918" lon="4.806030000000001">
    <ele>11.160000000000002</ele>
   </trkpt>
   <trkpt lat="51.03970000021227" lon="4.806284997106053">
    <ele>11.160000000000002</ele>
   </trkpt>
   <trkpt lat="51.040220000000005" lon="4.80654">
    <ele>11.170000000000002</ele>
   </trkpt>
   <trkpt lat="51.04045000000001" lon="4.806780000000001">
    <ele>11.070000000000002</ele>
   </trkpt>
   <trkpt lat="51.040810001571316" lon="4.807369995556522">
    <ele>11.11</ele>
   </trkpt>
   <trkpt lat="51.04117" lon="4.8079600000000005">
    <ele>11.080000000000002</ele>
   </trkpt>
   <trkpt lat="51.041160000000005" lon="4.80794">
    <ele>11.080000000000002</ele>
   </trkpt>
   <trkpt lat="51.041520000000006" lon="4.80853">
    <ele>11.27</ele>
   </trkpt>
   <trkpt lat="51.041920000000005" lon="4.8087">
    <ele>11.160000000000002</ele>
   </trkpt>
   <trkpt lat="51.042080000000006" lon="4.80872">
    <ele>11.14</ele>
   </trkpt>
   <trkpt lat="51.04231000000001" lon="4.80872">
    <ele>11.05</ele>
   </trkpt>
   <trkpt lat="51.042350000000006" lon="4.8088500000000005">
    <ele>11.070000000000002</ele>
   </trkpt>
   <trkpt lat="51.04289000000001" lon="4.808660000000001">
    <ele>10.84</ele>
   </trkpt>
   <trkpt lat="51.043580000271405" lon="4.808480002646315">
    <ele>10.68</ele>
   </trkpt>
   <trkpt lat="51.044270000000004" lon="4.8083">
    <ele>10.5</ele>
   </trkpt>
   <trkpt lat="51.044835000149185" lon="4.808130002065694">
    <ele>10.46</ele>
   </trkpt>
   <trkpt lat="51.0454" lon="4.8079600000000005">
    <ele>10.360000000000001</ele>
   </trkpt>
   <trkpt lat="51.045570000000005" lon="4.80789">
    <ele>10.33</ele>
   </trkpt>
   <trkpt lat="51.045930000000006" lon="4.8077000000000005">
    <ele>10.32</ele>
   </trkpt>
   <trkpt lat="51.046400000000006" lon="4.807370000000001">
    <ele>10.33</ele>
   </trkpt>
   <trkpt lat="51.04691000053022" lon="4.8070150039139135">
    <ele>10.23</ele>
   </trkpt>
   <trkpt lat="51.04742" lon="4.806660000000001">
    <ele>10.25</ele>
   </trkpt>
   <trkpt lat="51.04766000000001" lon="4.806520000000001">
    <ele>10.190000000000001</ele>
   </trkpt>
   <trkpt lat="51.047830000000005" lon="4.80647">
    <ele>10.190000000000001</ele>
   </trkpt>
   <trkpt lat="51.04798" lon="4.806450000000001">
    <ele>10.290000000000001</ele>
   </trkpt>
   <trkpt lat="51.048790000000004" lon="4.80651">
    <ele>10.22</ele>
   </trkpt>
   <trkpt lat="51.04901" lon="4.806500000000001">
    <ele>10.22</ele>
   </trkpt>
   <trkpt lat="51.04936000000001" lon="4.806430000000001">
    <ele>10.24</ele>
   </trkpt>
   <trkpt lat="51.04968" lon="4.806310000000001">
    <ele>10.16</ele>
   </trkpt>
   <trkpt lat="51.05029500055537" lon="4.805970004480453">
    <ele>10.120000000000001</ele>
   </trkpt>
   <trkpt lat="51.05091" lon="4.805630000000001">
    <ele>10.360000000000001</ele>
   </trkpt>
   <trkpt lat="51.051170000000006" lon="4.805560000000001">
    <ele>10.39</ele>
   </trkpt>
   <trkpt lat="51.051390000000005" lon="4.80553">
    <ele>10.370000000000001</ele>
   </trkpt>
   <trkpt lat="51.05154" lon="4.80553">
    <ele>10.370000000000001</ele>
   </trkpt>
   <trkpt lat="51.05222333346453" lon="4.805633330289941">
    <ele>10.43</ele>
   </trkpt>
   <trkpt lat="51.05290666683796" lon="4.8057366636292835">
    <ele>10.42</ele>
   </trkpt>
   <trkpt lat="51.05359000000001" lon="4.805840000000001">
    <ele>10.55</ele>
   </trkpt>
   <trkpt lat="51.053640003104825" lon="4.806694998838842">
    <ele>10.38</ele>
   </trkpt>
   <trkpt lat="51.05369" lon="4.80755">
    <ele>10.34</ele>
   </trkpt>
   <trkpt lat="51.05371" lon="4.80769">
    <ele>10.34</ele>
   </trkpt>
   <trkpt lat="51.05401000313495" lon="4.808544994507151">
    <ele>10.38</ele>
   </trkpt>
   <trkpt lat="51.05431" lon="4.8094">
    <ele>10.38</ele>
   </trkpt>
   <trkpt lat="51.05438" lon="4.809760000000001">
    <ele>10.49</ele>
   </trkpt>
   <trkpt lat="51.054370000000006" lon="4.8100000000000005">
    <ele>10.49</ele>
   </trkpt>
   <trkpt lat="51.05434" lon="4.810180000000001">
    <ele>10.49</ele>
   </trkpt>
   <trkpt lat="51.05416000197977" lon="4.810865002746561">
    <ele>10.55</ele>
   </trkpt>
   <trkpt lat="51.05398" lon="4.81155">
    <ele>10.43</ele>
   </trkpt>
   <trkpt lat="51.05368000000001" lon="4.81264">
    <ele>10.290000000000001</ele>
   </trkpt>
   <trkpt lat="51.05338500336613" lon="4.813520005419912">
    <ele>10.59</ele>
   </trkpt>
   <trkpt lat="51.053090000000005" lon="4.8144">
    <ele>10.540000000000001</ele>
   </trkpt>
   <trkpt lat="51.05283000273511" lon="4.815195004345054">
    <ele>10.360000000000001</ele>
   </trkpt>
   <trkpt lat="51.05257" lon="4.81599">
    <ele>10.3</ele>
   </trkpt>
   <trkpt lat="51.05234" lon="4.81677">
    <ele>9.66</ele>
   </trkpt>
   <trkpt lat="51.05202000139878" lon="4.817310003470194">
    <ele>9.71</ele>
   </trkpt>
   <trkpt lat="51.051700000000004" lon="4.81785">
    <ele>9.770000000000001</ele>
   </trkpt>
   <trkpt lat="51.05158" lon="4.81815">
    <ele>9.83</ele>
   </trkpt>
   <trkpt lat="51.05142000000001" lon="4.8188">
    <ele>9.8</ele>
   </trkpt>
   <trkpt lat="51.05136" lon="4.8189400000000004">
    <ele>9.81</ele>
   </trkpt>
   <trkpt lat="51.051260000000006" lon="4.8190800000000005">
    <ele>9.91</ele>
   </trkpt>
   <trkpt lat="51.051120000000004" lon="4.81921">
    <ele>9.930000000000001</ele>
   </trkpt>
   <trkpt lat="51.05069" lon="4.819640000000001">
    <ele>9.98</ele>
   </trkpt>
   <trkpt lat="51.0506" lon="4.81975">
    <ele>9.98</ele>
   </trkpt>
   <trkpt lat="51.050430000000006" lon="4.82009">
    <ele>10.010000000000002</ele>
   </trkpt>
   <trkpt lat="51.05021000000001" lon="4.82061">
    <ele>10.180000000000001</ele>
   </trkpt>
   <trkpt lat="51.05019000000001" lon="4.82077">
    <ele>10.180000000000001</ele>
   </trkpt>
   <trkpt lat="51.050230000000006" lon="4.820950000000001">
    <ele>10.190000000000001</ele>
   </trkpt>
   <trkpt lat="51.05049" lon="4.82176">
    <ele>10.32</ele>
   </trkpt>
   <trkpt lat="51.05095000000001" lon="4.822450000000001">
    <ele>10.24</ele>
   </trkpt>
   <trkpt lat="51.051120000000004" lon="4.82282">
    <ele>10.15</ele>
   </trkpt>
   <trkpt lat="51.051260000000006" lon="4.82336">
    <ele>10.16</ele>
   </trkpt>
   <trkpt lat="51.051260000000006" lon="4.8233500000000005">
    <ele>10.16</ele>
   </trkpt>
   <trkpt lat="51.05149" lon="4.824260000000001">
    <ele>10.64</ele>
   </trkpt>
   <trkpt lat="51.05160000000001" lon="4.825010000000001">
    <ele>11.14</ele>
   </trkpt>
   <trkpt lat="51.0518033428606" lon="4.8260666573889806">
    <ele>10.59</ele>
   </trkpt>
   <trkpt lat="51.0520066761942" lon="4.827123324056851">
    <ele>10.63</ele>
   </trkpt>
   <trkpt lat="51.05221" lon="4.828180000000001">
    <ele>10.790000000000001</ele>
   </trkpt>
   <trkpt lat="51.052350000000004" lon="4.828720000000001">
    <ele>10.51</ele>
   </trkpt>
   <trkpt lat="51.05268" lon="4.82957">
    <ele>10.13</ele>
   </trkpt>
   <trkpt lat="51.052690000000005" lon="4.8298000000000005">
    <ele>10.15</ele>
   </trkpt>
   <trkpt lat="51.052640000000004" lon="4.8304">
    <ele>10.72</ele>
   </trkpt>
   <trkpt lat="51.053085000887464" lon="4.830834995898343">
    <ele>10.610000000000001</ele>
   </trkpt>
   <trkpt lat="51.05353" lon="4.83127">
    <ele>10.8</ele>
   </trkpt>
   <trkpt lat="51.05368000000001" lon="4.831460000000001">
    <ele>10.92</ele>
   </trkpt>
   <trkpt lat="51.053850000000004" lon="4.83173">
    <ele>10.92</ele>
   </trkpt>
   <trkpt lat="51.05395000000001" lon="4.831930000000001">
    <ele>10.92</ele>
   </trkpt>
   <trkpt lat="51.05406000000001" lon="4.8322">
    <ele>10.910000000000002</ele>
   </trkpt>
   <trkpt lat="51.054170000000006" lon="4.83255">
    <ele>10.910000000000002</ele>
   </trkpt>
   <trkpt lat="51.05435500270896" lon="4.833349996711285">
    <ele>11.09</ele>
   </trkpt>
   <trkpt lat="51.05454" lon="4.83415">
    <ele>11.240000000000002</ele>
   </trkpt>
   <trkpt lat="51.05465" lon="4.834510000000001">
    <ele>11.49</ele>
   </trkpt>
   <trkpt lat="51.05474" lon="4.83473">
    <ele>11.49</ele>
   </trkpt>
   <trkpt lat="51.054970000000004" lon="4.835050000000001">
    <ele>11.82</ele>
   </trkpt>
   <trkpt lat="51.05514" lon="4.835260000000001">
    <ele>11.82</ele>
   </trkpt>
   <trkpt lat="51.05534" lon="4.83541">
    <ele>11.920000000000002</ele>
   </trkpt>
   <trkpt lat="51.055710000000005" lon="4.835590000000001">
    <ele>11.9</ele>
   </trkpt>
   <trkpt lat="51.056606666703864" lon="4.835546668343948">
    <ele>12.05</ele>
   </trkpt>
   <trkpt lat="51.0575033333917" lon="4.83550333500963">
    <ele>12.180000000000001</ele>
   </trkpt>
   <trkpt lat="51.058400000000006" lon="4.83546">
    <ele>12.22</ele>
   </trkpt>
   <trkpt lat="51.058780000000006" lon="4.835380000000001">
    <ele>12.49</ele>
   </trkpt>
   <trkpt lat="51.05903000000001" lon="4.83527">
    <ele>12.42</ele>
   </trkpt>
   <trkpt lat="51.05968000000001" lon="4.8348700000000004">
    <ele>12.910000000000002</ele>
   </trkpt>
   <trkpt lat="51.06015000000001" lon="4.83459">
    <ele>14.17</ele>
   </trkpt>
   <trkpt lat="51.060370000000006" lon="4.83534">
    <ele>14.22</ele>
   </trkpt>
   <trkpt lat="51.0606" lon="4.83595">
    <ele>13.97</ele>
   </trkpt>
   <trkpt lat="51.06107" lon="4.83708">
    <ele>13.930000000000001</ele>
   </trkpt>
   <trkpt lat="51.06145" lon="4.838100000000001">
    <ele>13.450000000000001</ele>
   </trkpt>
   <trkpt lat="51.06086666882457" lon="4.838606679462705">
    <ele>11.690000000000001</ele>
   </trkpt>
   <trkpt lat="51.06028333545881" lon="4.8391133461573315">
    <ele>11.600000000000001</ele>
   </trkpt>
   <trkpt lat="51.05970000000001" lon="4.83962">
    <ele>11.760000000000002</ele>
   </trkpt>
   <trkpt lat="51.059520000000006" lon="4.839790000000001">
    <ele>11.760000000000002</ele>
   </trkpt>
   <trkpt lat="51.059180000000005" lon="4.840190000000001">
    <ele>11.61</ele>
   </trkpt>
   <trkpt lat="51.058690001548676" lon="4.840785006250371">
    <ele>11.540000000000001</ele>
   </trkpt>
   <trkpt lat="51.05820000000001" lon="4.84138">
    <ele>11.540000000000001</ele>
   </trkpt>
   <trkpt lat="51.05800000000001" lon="4.8415300000000006">
    <ele>11.53</ele>
   </trkpt>
   <trkpt lat="51.05771000000001" lon="4.8416500000000005">
    <ele>11.38</ele>
   </trkpt>
   <trkpt lat="51.0572" lon="4.8418">
    <ele>11.200000000000001</ele>
   </trkpt>
   <trkpt lat="51.0566" lon="4.842020000000001">
    <ele>11.030000000000001</ele>
   </trkpt>
   <trkpt lat="51.05628" lon="4.842250000000001">
    <ele>10.88</ele>
   </trkpt>
   <trkpt lat="51.056160000000006" lon="4.842420000000001">
    <ele>10.88</ele>
   </trkpt>
   <trkpt lat="51.05601000000001" lon="4.842700000000001">
    <ele>10.88</ele>
   </trkpt>
   <trkpt lat="51.055550000000004" lon="4.8437">
    <ele>10.88</ele>
   </trkpt>
   <trkpt lat="51.055240000000005" lon="4.844340000000001">
    <ele>11.0</ele>
   </trkpt>
   <trkpt lat="51.05514" lon="4.844460000000001">
    <ele>11.0</ele>
   </trkpt>
   <trkpt lat="51.05489000000001" lon="4.84463">
    <ele>10.97</ele>
   </trkpt>
   <trkpt lat="51.05434" lon="4.8449800000000005">
    <ele>10.860000000000001</ele>
   </trkpt>
   <trkpt lat="51.054210000000005" lon="4.84515">
    <ele>10.92</ele>
   </trkpt>
   <trkpt lat="51.05413" lon="4.845300000000001">
    <ele>10.92</ele>
   </trkpt>
   <trkpt lat="51.054050000000004" lon="4.84558">
    <ele>11.02</ele>
   </trkpt>
   <trkpt lat="51.054030000000004" lon="4.8458000000000006">
    <ele>11.02</ele>
   </trkpt>
   <trkpt lat="51.054086675198114" lon="4.84679999753398">
    <ele>11.02</ele>
   </trkpt>
   <trkpt lat="51.05414334186375" lon="4.847799997515536">
    <ele>11.09</ele>
   </trkpt>
   <trkpt lat="51.0542" lon="4.848800000000001">
    <ele>11.170000000000002</ele>
   </trkpt>
   <trkpt lat="51.05416" lon="4.85012">
    <ele>11.49</ele>
   </trkpt>
   <trkpt lat="51.05404000000001" lon="4.851240000000001">
    <ele>11.56</ele>
   </trkpt>
   <trkpt lat="51.053920000000005" lon="4.85179">
    <ele>11.73</ele>
   </trkpt>
   <trkpt lat="51.053760000000004" lon="4.85238">
    <ele>11.8</ele>
   </trkpt>
   <trkpt lat="51.05349000297936" lon="4.8532200049937835">
    <ele>11.88</ele>
   </trkpt>
   <trkpt lat="51.05322" lon="4.8540600000000005">
    <ele>11.930000000000001</ele>
   </trkpt>
   <trkpt lat="51.053110000000004" lon="4.85439">
    <ele>11.9</ele>
   </trkpt>
   <trkpt lat="51.05281000642527" lon="4.855620008087793">
    <ele>11.850000000000001</ele>
   </trkpt>
   <trkpt lat="51.052510000000005" lon="4.8568500000000006">
    <ele>12.090000000000002</ele>
   </trkpt>
   <trkpt lat="51.05245000000001" lon="4.857410000000001">
    <ele>12.090000000000002</ele>
   </trkpt>
   <trkpt lat="51.052400000000006" lon="4.858770000000001">
    <ele>12.270000000000001</ele>
   </trkpt>
   <trkpt lat="51.05234" lon="4.85916">
    <ele>12.270000000000001</ele>
   </trkpt>
   <trkpt lat="51.05216500375315" lon="4.860095003408029">
    <ele>12.21</ele>
   </trkpt>
   <trkpt lat="51.05199" lon="4.86103">
    <ele>12.33</ele>
   </trkpt>
   <trkpt lat="51.051930000000006" lon="4.86151">
    <ele>12.370000000000001</ele>
   </trkpt>
   <trkpt lat="51.051880000000004" lon="4.86223">
    <ele>12.600000000000001</ele>
   </trkpt>
   <trkpt lat="51.051820000000006" lon="4.86266">
    <ele>12.700000000000001</ele>
   </trkpt>
   <trkpt lat="51.05176" lon="4.86291">
    <ele>12.700000000000001</ele>
   </trkpt>
   <trkpt lat="51.05145000327671" lon="4.863795006108893">
    <ele>12.96</ele>
   </trkpt>
   <trkpt lat="51.051140000000004" lon="4.864680000000001">
    <ele>13.070000000000002</ele>
   </trkpt>
   <trkpt lat="51.051080000000006" lon="4.86491">
    <ele>13.070000000000002</ele>
   </trkpt>
   <trkpt lat="51.05102" lon="4.86538">
    <ele>13.160000000000002</ele>
   </trkpt>
   <trkpt lat="51.051030000000004" lon="4.865670000000001">
    <ele>13.160000000000002</ele>
   </trkpt>
   <trkpt lat="51.051230000000004" lon="4.86683">
    <ele>13.56</ele>
   </trkpt>
   <trkpt lat="51.05136" lon="4.86727">
    <ele>13.71</ele>
   </trkpt>
   <trkpt lat="51.05187" lon="4.86836">
    <ele>13.940000000000001</ele>
   </trkpt>
   <trkpt lat="51.05196" lon="4.86859">
    <ele>14.120000000000001</ele>
   </trkpt>
   <trkpt lat="51.052060000000004" lon="4.86897">
    <ele>14.120000000000001</ele>
   </trkpt>
   <trkpt lat="51.05212" lon="4.869280000000001">
    <ele>14.090000000000002</ele>
   </trkpt>
   <trkpt lat="51.05216" lon="4.869680000000001">
    <ele>14.07</ele>
   </trkpt>
   <trkpt lat="51.05222334436203" lon="4.870816663637551">
    <ele>14.16</ele>
   </trkpt>
   <trkpt lat="51.052286677699826" lon="4.871953330384313">
    <ele>14.41</ele>
   </trkpt>
   <trkpt lat="51.052350000000004" lon="4.87309">
    <ele>14.63</ele>
   </trkpt>
   <trkpt lat="51.052350000000004" lon="4.87357">
    <ele>14.690000000000001</ele>
   </trkpt>
   <trkpt lat="51.0523" lon="4.87429">
    <ele>14.910000000000002</ele>
   </trkpt>
   <trkpt lat="51.052240000000005" lon="4.87474">
    <ele>15.0</ele>
   </trkpt>
   <trkpt lat="51.052150000000005" lon="4.87547">
    <ele>15.160000000000002</ele>
   </trkpt>
   <trkpt lat="51.052130000000005" lon="4.8757600000000005">
    <ele>15.160000000000002</ele>
   </trkpt>
   <trkpt lat="51.052150000000005" lon="4.87617">
    <ele>15.420000000000002</ele>
   </trkpt>
   <trkpt lat="51.052290000000006" lon="4.87715">
    <ele>15.72</ele>
   </trkpt>
   <trkpt lat="51.05227000000001" lon="4.87744">
    <ele>15.89</ele>
   </trkpt>
   <trkpt lat="51.05218000000001" lon="4.877700000000001">
    <ele>15.89</ele>
   </trkpt>
   <trkpt lat="51.052110000000006" lon="4.87781">
    <ele>15.97</ele>
   </trkpt>
   <trkpt lat="51.051880000000004" lon="4.8779900000000005">
    <ele>16.240000000000002</ele>
   </trkpt>
   <trkpt lat="51.05143" lon="4.878290000000001">
    <ele>16.62</ele>
   </trkpt>
   <trkpt lat="51.051300000000005" lon="4.878450000000001">
    <ele>16.94</ele>
   </trkpt>
   <trkpt lat="51.05138" lon="4.878640000000001">
    <ele>17.26</ele>
   </trkpt>
   <trkpt lat="51.051280000000006" lon="4.878760000000001">
    <ele>17.2</ele>
   </trkpt>
   <trkpt lat="51.05151000000001" lon="4.87919">
    <ele>17.060000000000002</ele>
   </trkpt>
   <trkpt lat="51.05160000000001" lon="4.879440000000001">
    <ele>17.1</ele>
   </trkpt>
   <trkpt lat="51.05212" lon="4.88055">
    <ele>17.32</ele>
   </trkpt>
   <trkpt lat="51.05218000000001" lon="4.88069">
    <ele>17.41</ele>
   </trkpt>
   <trkpt lat="51.05218000000001" lon="4.880730000000001">
    <ele>17.45</ele>
   </trkpt>
   <trkpt lat="51.05228" lon="4.880940000000001">
    <ele>17.62</ele>
   </trkpt>
   <trkpt lat="51.05232" lon="4.8809700000000005">
    <ele>17.62</ele>
   </trkpt>
   <trkpt lat="51.05254000000001" lon="4.8814400000000004">
    <ele>17.7</ele>
   </trkpt>
   <trkpt lat="51.053140000000006" lon="4.882490000000001">
    <ele>18.12</ele>
   </trkpt>
   <trkpt lat="51.053230000000006" lon="4.882630000000001">
    <ele>18.19</ele>
   </trkpt>
   <trkpt lat="51.05315" lon="4.882490000000001">
    <ele>18.12</ele>
   </trkpt>
   <trkpt lat="51.05341000000001" lon="4.88293">
    <ele>18.430000000000003</ele>
   </trkpt>
   <trkpt lat="51.05344" lon="4.883">
    <ele>18.430000000000003</ele>
   </trkpt>
   <trkpt lat="51.053450000000005" lon="4.88313">
    <ele>18.7</ele>
   </trkpt>
   <trkpt lat="51.05342" lon="4.883310000000001">
    <ele>18.94</ele>
   </trkpt>
   <trkpt lat="51.05342" lon="4.883430000000001">
    <ele>18.94</ele>
   </trkpt>
   <trkpt lat="51.05321000328645" lon="4.88431000406338">
    <ele>19.080000000000002</ele>
   </trkpt>
   <trkpt lat="51.053000000000004" lon="4.885190000000001">
    <ele>19.520000000000003</ele>
   </trkpt>
   <trkpt lat="51.05293" lon="4.88527">
    <ele>19.520000000000003</ele>
   </trkpt>
   <trkpt lat="51.0527" lon="4.88618">
    <ele>20.25</ele>
   </trkpt>
   <trkpt lat="51.05263000000001" lon="4.88652">
    <ele>20.42</ele>
   </trkpt>
   <trkpt lat="51.052510000000005" lon="4.88693">
    <ele>20.43</ele>
   </trkpt>
   <trkpt lat="51.052295003290354" lon="4.887800003791404">
    <ele>20.8</ele>
   </trkpt>
   <trkpt lat="51.052080000000004" lon="4.88867">
    <ele>21.71</ele>
   </trkpt>
   <trkpt lat="51.051930000000006" lon="4.88917">
    <ele>22.29</ele>
   </trkpt>
   <trkpt lat="51.051730000000006" lon="4.88959">
    <ele>23.06</ele>
   </trkpt>
   <trkpt lat="51.051550000000006" lon="4.889880000000001">
    <ele>23.06</ele>
   </trkpt>
   <trkpt lat="51.05104500204445" lon="4.89059500798987">
    <ele>24.5</ele>
   </trkpt>
   <trkpt lat="51.050540000000005" lon="4.891310000000001">
    <ele>25.630000000000003</ele>
   </trkpt>
   <trkpt lat="51.05021000000001" lon="4.8918800000000005">
    <ele>26.3</ele>
   </trkpt>
   <trkpt lat="51.05008" lon="4.89215">
    <ele>26.3</ele>
   </trkpt>
   <trkpt lat="51.04993" lon="4.892530000000001">
    <ele>26.38</ele>
   </trkpt>
   <trkpt lat="51.04983000000001" lon="4.892860000000001">
    <ele>26.46</ele>
   </trkpt>
   <trkpt lat="51.049760000000006" lon="4.893070000000001">
    <ele>26.46</ele>
   </trkpt>
   <trkpt lat="51.04965000000001" lon="4.8935200000000005">
    <ele>26.76</ele>
   </trkpt>
   <trkpt lat="51.04954000000001" lon="4.89421">
    <ele>27.290000000000003</ele>
   </trkpt>
   <trkpt lat="51.04945500322663" lon="4.8950800016233735">
    <ele>27.590000000000003</ele>
   </trkpt>
   <trkpt lat="51.04937" lon="4.89595">
    <ele>28.080000000000002</ele>
   </trkpt>
   <trkpt lat="51.04937" lon="4.89594">
    <ele>28.080000000000002</ele>
   </trkpt>
   <trkpt lat="51.049240000000005" lon="4.89726">
    <ele>28.470000000000002</ele>
   </trkpt>
   <trkpt lat="51.04936000000001" lon="4.89721">
    <ele>28.450000000000003</ele>
   </trkpt>
   <trkpt lat="51.05008" lon="4.897270000000001">
    <ele>28.16</ele>
   </trkpt>
   <trkpt lat="51.05037" lon="4.897340000000001">
    <ele>27.970000000000002</ele>
   </trkpt>
   <trkpt lat="51.05049" lon="4.89742">
    <ele>27.990000000000002</ele>
   </trkpt>
   <trkpt lat="51.050670000000004" lon="4.897620000000001">
    <ele>27.990000000000002</ele>
   </trkpt>
   <trkpt lat="51.05103000186063" lon="4.898249995395663">
    <ele>27.98</ele>
   </trkpt>
   <trkpt lat="51.051390000000005" lon="4.89888">
    <ele>28.42</ele>
   </trkpt>
   <trkpt lat="51.05165" lon="4.8992">
    <ele>28.520000000000003</ele>
   </trkpt>
   <trkpt lat="51.051930000000006" lon="4.89947">
    <ele>28.55</ele>
   </trkpt>
   <trkpt lat="51.052450000401954" lon="4.899799996254804">
    <ele>28.82</ele>
   </trkpt>
   <trkpt lat="51.05297" lon="4.900130000000001">
    <ele>29.710000000000004</ele>
   </trkpt>
   <trkpt lat="51.05342" lon="4.900370000000001">
    <ele>30.53</ele>
   </trkpt>
   <trkpt lat="51.05341000000001" lon="4.90036">
    <ele>30.520000000000003</ele>
   </trkpt>
   <trkpt lat="51.05391" lon="4.9006300000000005">
    <ele>31.41</ele>
   </trkpt>
   <trkpt lat="51.05435000000001" lon="4.900790000000001">
    <ele>33.04</ele>
   </trkpt>
   <trkpt lat="51.05520499997844" lon="4.900969996642808">
    <ele>35.35</ele>
   </trkpt>
   <trkpt lat="51.05606" lon="4.90115">
    <ele>36.09</ele>
   </trkpt>
   <trkpt lat="51.05666" lon="4.9013100000000005">
    <ele>34.2</ele>
   </trkpt>
   <trkpt lat="51.05727" lon="4.90141">
    <ele>31.150000000000002</ele>
   </trkpt>
   <trkpt lat="51.057680000000005" lon="4.9016">
    <ele>30.04</ele>
   </trkpt>
   <trkpt lat="51.05845000000001" lon="4.90198">
    <ele>28.98</ele>
   </trkpt>
   <trkpt lat="51.05915" lon="4.90244">
    <ele>29.060000000000002</ele>
   </trkpt>
   <trkpt lat="51.05976000086451" lon="4.902869994387942">
    <ele>29.490000000000002</ele>
   </trkpt>
   <trkpt lat="51.060370000000006" lon="4.903300000000001">
    <ele>30.88</ele>
   </trkpt>
   <trkpt lat="51.06067" lon="4.90343">
    <ele>31.92</ele>
   </trkpt>
   <trkpt lat="51.060970000000005" lon="4.9035">
    <ele>33.42</ele>
   </trkpt>
   <trkpt lat="51.06165000000001" lon="4.9036">
    <ele>36.52</ele>
   </trkpt>
   <trkpt lat="51.06177" lon="4.90359">
    <ele>37.13</ele>
   </trkpt>
   <trkpt lat="51.06217" lon="4.9035">
    <ele>37.910000000000004</ele>
   </trkpt>
   <trkpt lat="51.06261000000001" lon="4.903370000000001">
    <ele>36.68000000000001</ele>
   </trkpt>
   <trkpt lat="51.062830000000005" lon="4.903320000000001">
    <ele>35.86</ele>
   </trkpt>
   <trkpt lat="51.063030000000005" lon="4.90333">
    <ele>35.39</ele>
   </trkpt>
   <trkpt lat="51.06318" lon="4.9034">
    <ele>35.39</ele>
   </trkpt>
   <trkpt lat="51.06333000000001" lon="4.9035400000000005">
    <ele>34.45</ele>
   </trkpt>
   <trkpt lat="51.064033338872605" lon="4.904346642139872">
    <ele>32.34</ele>
   </trkpt>
   <trkpt lat="51.06473667219361" lon="4.905153308791883">
    <ele>28.62</ele>
   </trkpt>
   <trkpt lat="51.06544" lon="4.90596">
    <ele>25.25</ele>
   </trkpt>
   <trkpt lat="51.06573" lon="4.906210000000001">
    <ele>24.16</ele>
   </trkpt>
   <trkpt lat="51.06611" lon="4.9064700000000006">
    <ele>23.05</ele>
   </trkpt>
   <trkpt lat="51.066720000000004" lon="4.906750000000001">
    <ele>21.800000000000004</ele>
   </trkpt>
   <trkpt lat="51.06734" lon="4.90699">
    <ele>21.28</ele>
   </trkpt>
   <trkpt lat="51.06749000000001" lon="4.90699">
    <ele>21.330000000000002</ele>
   </trkpt>
   <trkpt lat="51.068035000270584" lon="4.906790002318312">
    <ele>21.130000000000003</ele>
   </trkpt>
   <trkpt lat="51.068580000000004" lon="4.9065900000000005">
    <ele>20.92</ele>
   </trkpt>
   <trkpt lat="51.06906000000001" lon="4.906280000000001">
    <ele>20.62</ele>
   </trkpt>
   <trkpt lat="51.06915000000001" lon="4.90625">
    <ele>20.66</ele>
   </trkpt>
   <trkpt lat="51.06922" lon="4.9062600000000005">
    <ele>20.66</ele>
   </trkpt>
   <trkpt lat="51.069340000000004" lon="4.90634">
    <ele>20.75</ele>
   </trkpt>
   <trkpt lat="51.06998" lon="4.906910000000001">
    <ele>22.430000000000003</ele>
   </trkpt>
   <trkpt lat="51.07020000000001" lon="4.90704">
    <ele>23.650000000000002</ele>
   </trkpt>
   <trkpt lat="51.070420000000006" lon="4.90725">
    <ele>24.470000000000002</ele>
   </trkpt>
   <trkpt lat="51.07068" lon="4.90747">
    <ele>25.05</ele>
   </trkpt>
   <trkpt lat="51.07143000000001" lon="4.90798">
    <ele>25.290000000000003</ele>
   </trkpt>
   <trkpt lat="51.07186" lon="4.9085600000000005">
    <ele>25.02</ele>
   </trkpt>
   <trkpt lat="51.07256" lon="4.90934">
    <ele>23.610000000000003</ele>
   </trkpt>
   <trkpt lat="51.07265" lon="4.909490000000001">
    <ele>23.05</ele>
   </trkpt>
   <trkpt lat="51.07316" lon="4.91058">
    <ele>21.34</ele>
   </trkpt>
   <trkpt lat="51.07341" lon="4.91115">
    <ele>20.950000000000003</ele>
   </trkpt>
   <trkpt lat="51.07385000000001" lon="4.91206">
    <ele>19.270000000000003</ele>
   </trkpt>
   <trkpt lat="51.07395" lon="4.91223">
    <ele>18.82</ele>
   </trkpt>
   <trkpt lat="51.074270000000006" lon="4.912660000000001">
    <ele>18.42</ele>
   </trkpt>
   <trkpt lat="51.07450000000001" lon="4.91307">
    <ele>17.12</ele>
   </trkpt>
   <trkpt lat="51.074830000000006" lon="4.91385">
    <ele>16.91</ele>
   </trkpt>
   <trkpt lat="51.074830000000006" lon="4.91384">
    <ele>16.900000000000002</ele>
   </trkpt>
   <trkpt lat="51.07495" lon="4.91411">
    <ele>16.990000000000002</ele>
   </trkpt>
   <trkpt lat="51.07528000000001" lon="4.914610000000001">
    <ele>17.44</ele>
   </trkpt>
   <trkpt lat="51.075390000000006" lon="4.91472">
    <ele>17.66</ele>
   </trkpt>
   <trkpt lat="51.0754" lon="4.91486">
    <ele>17.44</ele>
   </trkpt>
   <trkpt lat="51.07555000000001" lon="4.91575">
    <ele>16.73</ele>
   </trkpt>
   <trkpt lat="51.075610000000005" lon="4.916670000000001">
    <ele>16.96</ele>
   </trkpt>
   <trkpt lat="51.07553000000001" lon="4.916720000000001">
    <ele>16.85</ele>
   </trkpt>
   <trkpt lat="51.07572000323273" lon="4.91758999644653">
    <ele>15.160000000000002</ele>
   </trkpt>
   <trkpt lat="51.07591000000001" lon="4.9184600000000005">
    <ele>15.120000000000001</ele>
   </trkpt>
   <trkpt lat="51.07593000000001" lon="4.919300000000001">
    <ele>15.620000000000001</ele>
   </trkpt>
   <trkpt lat="51.075900000000004" lon="4.920380000000001">
    <ele>15.260000000000002</ele>
   </trkpt>
   <trkpt lat="51.075900000000004" lon="4.92039">
    <ele>15.260000000000002</ele>
   </trkpt>
   <trkpt lat="51.07585" lon="4.92133">
    <ele>15.590000000000002</ele>
   </trkpt>
   <trkpt lat="51.075660000000006" lon="4.922210000000001">
    <ele>15.67</ele>
   </trkpt>
   <trkpt lat="51.07555000000001" lon="4.9226600000000005">
    <ele>15.97</ele>
   </trkpt>
   <trkpt lat="51.075540000000004" lon="4.92304">
    <ele>16.009999999999998</ele>
   </trkpt>
   <trkpt lat="51.075660000000006" lon="4.923800000000001">
    <ele>16.240000000000002</ele>
   </trkpt>
   <trkpt lat="51.075680000000006" lon="4.9244">
    <ele>16.240000000000002</ele>
   </trkpt>
   <trkpt lat="51.07564000000001" lon="4.925050000000001">
    <ele>16.110000000000003</ele>
   </trkpt>
   <trkpt lat="51.075540000000004" lon="4.92598">
    <ele>16.0</ele>
   </trkpt>
   <trkpt lat="51.075540000000004" lon="4.926130000000001">
    <ele>16.0</ele>
   </trkpt>
   <trkpt lat="51.07558" lon="4.926360000000001">
    <ele>15.98</ele>
   </trkpt>
   <trkpt lat="51.07600500370846" lon="4.927299991232186">
    <ele>15.410000000000002</ele>
   </trkpt>
   <trkpt lat="51.07643" lon="4.928240000000001">
    <ele>15.8</ele>
   </trkpt>
   <trkpt lat="51.076370000000004" lon="4.92828">
    <ele>15.8</ele>
   </trkpt>
   <trkpt lat="51.07557500006391" lon="4.928330000855698">
    <ele>14.910000000000002</ele>
   </trkpt>
   <trkpt lat="51.074780000000004" lon="4.928380000000001">
    <ele>15.620000000000001</ele>
   </trkpt>
   <trkpt lat="51.074605006301475" lon="4.9295950045637476">
    <ele>13.920000000000002</ele>
   </trkpt>
   <trkpt lat="51.07443000000001" lon="4.93081">
    <ele>14.13</ele>
   </trkpt>
   <trkpt lat="51.074360000000006" lon="4.931900000000001">
    <ele>14.360000000000001</ele>
   </trkpt>
   <trkpt lat="51.074360000000006" lon="4.93191">
    <ele>14.360000000000001</ele>
   </trkpt>
   <trkpt lat="51.07428" lon="4.93266">
    <ele>14.370000000000001</ele>
   </trkpt>
   <trkpt lat="51.0743" lon="4.9339200000000005">
    <ele>14.300000000000002</ele>
   </trkpt>
   <trkpt lat="51.07433000368808" lon="4.934849999358746">
    <ele>14.76</ele>
   </trkpt>
   <trkpt lat="51.074360000000006" lon="4.93578">
    <ele>14.89</ele>
   </trkpt>
   <trkpt lat="51.07435" lon="4.93594">
    <ele>14.96</ele>
   </trkpt>
   <trkpt lat="51.074250000000006" lon="4.93625">
    <ele>14.96</ele>
   </trkpt>
   <trkpt lat="51.07421" lon="4.936470000000001">
    <ele>15.3</ele>
   </trkpt>
   <trkpt lat="51.07423000000001" lon="4.936680000000001">
    <ele>15.340000000000002</ele>
   </trkpt>
   <trkpt lat="51.074495005588844" lon="4.937824993427855">
    <ele>15.13</ele>
   </trkpt>
   <trkpt lat="51.074760000000005" lon="4.93897">
    <ele>15.260000000000002</ele>
   </trkpt>
   <trkpt lat="51.07477" lon="4.93925">
    <ele>15.340000000000002</ele>
   </trkpt>
   <trkpt lat="51.074740000000006" lon="4.93933">
    <ele>15.340000000000002</ele>
   </trkpt>
   <trkpt lat="51.07409333691153" lon="4.939976684729722">
    <ele>15.1</ele>
   </trkpt>
   <trkpt lat="51.073446670255414" lon="4.940623351385514">
    <ele>14.88</ele>
   </trkpt>
   <trkpt lat="51.0728" lon="4.94127">
    <ele>15.46</ele>
   </trkpt>
   <trkpt lat="51.07267" lon="4.941280000000001">
    <ele>15.46</ele>
   </trkpt>
   <trkpt lat="51.07244000000001" lon="4.94123">
    <ele>15.620000000000001</ele>
   </trkpt>
   <trkpt lat="51.072250000000004" lon="4.94123">
    <ele>15.66</ele>
   </trkpt>
   <trkpt lat="51.07222" lon="4.94129">
    <ele>15.66</ele>
   </trkpt>
   <trkpt lat="51.07179000000001" lon="4.9417800000000005">
    <ele>15.27</ele>
   </trkpt>
   <trkpt lat="51.07173" lon="4.941940000000001">
    <ele>15.22</ele>
   </trkpt>
   <trkpt lat="51.07146" lon="4.94284">
    <ele>15.450000000000001</ele>
   </trkpt>
   <trkpt lat="51.07139" lon="4.94285">
    <ele>15.450000000000001</ele>
   </trkpt>
   <trkpt lat="51.0709650009349" lon="4.943350004746377">
    <ele>16.150000000000002</ele>
   </trkpt>
   <trkpt lat="51.07054" lon="4.94385">
    <ele>17.0</ele>
   </trkpt>
   <trkpt lat="51.070370000000004" lon="4.9440100000000005">
    <ele>17.12</ele>
   </trkpt>
   <trkpt lat="51.07020000000001" lon="4.9440800000000005">
    <ele>17.210000000000004</ele>
   </trkpt>
   <trkpt lat="51.069840000000006" lon="4.9441500000000005">
    <ele>17.470000000000002</ele>
   </trkpt>
   <trkpt lat="51.06976" lon="4.944190000000001">
    <ele>17.470000000000002</ele>
   </trkpt>
   <trkpt lat="51.069680000000005" lon="4.944260000000001">
    <ele>17.44</ele>
   </trkpt>
   <trkpt lat="51.06924500192705" lon="4.944940006462195">
    <ele>17.2</ele>
   </trkpt>
   <trkpt lat="51.068810000000006" lon="4.945620000000001">
    <ele>16.69</ele>
   </trkpt>
   <trkpt lat="51.06823000000001" lon="4.94658">
    <ele>15.88</ele>
   </trkpt>
   <trkpt lat="51.06817" lon="4.94672">
    <ele>15.88</ele>
   </trkpt>
   <trkpt lat="51.06812000000001" lon="4.9469">
    <ele>15.8</ele>
   </trkpt>
   <trkpt lat="51.06793000420446" lon="4.947895004183003">
    <ele>15.700000000000001</ele>
   </trkpt>
   <trkpt lat="51.06774000000001" lon="4.9488900000000005">
    <ele>15.72</ele>
   </trkpt>
   <trkpt lat="51.06749000000001" lon="4.950060000000001">
    <ele>15.76</ele>
   </trkpt>
   <trkpt lat="51.06741" lon="4.950290000000001">
    <ele>15.780000000000003</ele>
   </trkpt>
   <trkpt lat="51.06741" lon="4.95028">
    <ele>15.780000000000003</ele>
   </trkpt>
   <trkpt lat="51.067370000000004" lon="4.95042">
    <ele>15.780000000000003</ele>
   </trkpt>
   <trkpt lat="51.06734" lon="4.9506000000000006">
    <ele>15.83</ele>
   </trkpt>
   <trkpt lat="51.0672950057924" lon="4.951765001062716">
    <ele>16.060000000000002</ele>
   </trkpt>
   <trkpt lat="51.06725" lon="4.95293">
    <ele>16.16</ele>
   </trkpt>
   <trkpt lat="51.06725" lon="4.95335">
    <ele>16.18</ele>
   </trkpt>
   <trkpt lat="51.067260000000005" lon="4.953670000000001">
    <ele>16.18</ele>
   </trkpt>
   <trkpt lat="51.06741" lon="4.95451">
    <ele>16.09</ele>
   </trkpt>
   <trkpt lat="51.06752" lon="4.9557400000000005">
    <ele>16.41</ele>
   </trkpt>
   <trkpt lat="51.06748" lon="4.95657">
    <ele>16.48</ele>
   </trkpt>
   <trkpt lat="51.067420000000006" lon="4.95751">
    <ele>16.290000000000003</ele>
   </trkpt>
   <trkpt lat="51.06739" lon="4.95772">
    <ele>16.34</ele>
   </trkpt>
   <trkpt lat="51.06727000000001" lon="4.95812">
    <ele>16.630000000000003</ele>
   </trkpt>
   <trkpt lat="51.067040000000006" lon="4.95887">
    <ele>16.650000000000002</ele>
   </trkpt>
   <trkpt lat="51.066990000000004" lon="4.959230000000001">
    <ele>16.68</ele>
   </trkpt>
   <trkpt lat="51.06695000555371" lon="4.960370000705484">
    <ele>16.85</ele>
   </trkpt>
   <trkpt lat="51.06691000000001" lon="4.9615100000000005">
    <ele>16.87</ele>
   </trkpt>
   <trkpt lat="51.06698" lon="4.962610000000001">
    <ele>16.78</ele>
   </trkpt>
   <trkpt lat="51.066990000000004" lon="4.963360000000001">
    <ele>16.78</ele>
   </trkpt>
   <trkpt lat="51.06689" lon="4.964300000000001">
    <ele>16.990000000000002</ele>
   </trkpt>
   <trkpt lat="51.06689" lon="4.96459">
    <ele>16.84</ele>
   </trkpt>
   <trkpt lat="51.066930000000006" lon="4.964910000000001">
    <ele>16.84</ele>
   </trkpt>
   <trkpt lat="51.067040000000006" lon="4.965330000000001">
    <ele>16.830000000000002</ele>
   </trkpt>
   <trkpt lat="51.06748" lon="4.966340000000001">
    <ele>17.210000000000004</ele>
   </trkpt>
   <trkpt lat="51.06758000000001" lon="4.9665300000000006">
    <ele>17.42</ele>
   </trkpt>
   <trkpt lat="51.06757" lon="4.96652">
    <ele>17.42</ele>
   </trkpt>
   <trkpt lat="51.06788" lon="4.9671">
    <ele>19.21</ele>
   </trkpt>
   <trkpt lat="51.067930000000004" lon="4.9671400000000006">
    <ele>19.21</ele>
   </trkpt>
   <trkpt lat="51.06783" lon="4.96752">
    <ele>19.1</ele>
   </trkpt>
   <trkpt lat="51.06772" lon="4.96818">
    <ele>18.430000000000003</ele>
   </trkpt>
   <trkpt lat="51.06772" lon="4.968400000000001">
    <ele>18.38</ele>
   </trkpt>
   <trkpt lat="51.06768" lon="4.968660000000001">
    <ele>18.45</ele>
   </trkpt>
   <trkpt lat="51.067600000000006" lon="4.9689700000000006">
    <ele>17.92</ele>
   </trkpt>
   <trkpt lat="51.067400012634735" lon="4.970186677147689">
    <ele>17.29</ele>
   </trkpt>
   <trkpt lat="51.067200012640136" lon="4.971403343781261">
    <ele>17.05</ele>
   </trkpt>
   <trkpt lat="51.06700000000001" lon="4.97262">
    <ele>17.150000000000002</ele>
   </trkpt>
   <trkpt lat="51.066990000000004" lon="4.97292">
    <ele>17.37</ele>
   </trkpt>
   <trkpt lat="51.06691000000001" lon="4.97339">
    <ele>17.53</ele>
   </trkpt>
   <trkpt lat="51.06685" lon="4.9736400000000005">
    <ele>17.53</ele>
   </trkpt>
   <trkpt lat="51.06683" lon="4.974030000000001">
    <ele>17.88</ele>
   </trkpt>
   <trkpt lat="51.06701" lon="4.974950000000001">
    <ele>18.29</ele>
   </trkpt>
   <trkpt lat="51.06702000000001" lon="4.975110000000001">
    <ele>18.29</ele>
   </trkpt>
   <trkpt lat="51.06726501478877" lon="4.97618498292826">
    <ele>18.46</ele>
   </trkpt>
   <trkpt lat="51.06751001971835" lon="4.977259977237202">
    <ele>18.89</ele>
   </trkpt>
   <trkpt lat="51.06775501478853" lon="4.978334982926591">
    <ele>19.39</ele>
   </trkpt>
   <trkpt lat="51.068000000000005" lon="4.979410000000001">
    <ele>19.76</ele>
   </trkpt>
   <trkpt lat="51.068070000000006" lon="4.979590000000001">
    <ele>19.85</ele>
   </trkpt>
   <trkpt lat="51.068130000000004" lon="4.9796700000000005">
    <ele>19.85</ele>
   </trkpt>
   <trkpt lat="51.06843668130287" lon="4.980979982619867">
    <ele>20.25</ele>
   </trkpt>
   <trkpt lat="51.068743347964855" lon="4.982289982599521">
    <ele>20.450000000000003</ele>
   </trkpt>
   <trkpt lat="51.069050000000004" lon="4.9836">
    <ele>20.51</ele>
   </trkpt>
   <trkpt lat="51.069210000000005" lon="4.98416">
    <ele>20.450000000000003</ele>
   </trkpt>
   <trkpt lat="51.06974" lon="4.98514">
    <ele>20.450000000000003</ele>
   </trkpt>
   <trkpt lat="51.069810000000004" lon="4.98535">
    <ele>20.51</ele>
   </trkpt>
   <trkpt lat="51.069990000000004" lon="4.98618">
    <ele>20.48</ele>
   </trkpt>
   <trkpt lat="51.07003" lon="4.9865200000000005">
    <ele>20.37</ele>
   </trkpt>
   <trkpt lat="51.07005" lon="4.98679">
    <ele>20.37</ele>
   </trkpt>
   <trkpt lat="51.07003" lon="4.9870600000000005">
    <ele>20.200000000000003</ele>
   </trkpt>
   <trkpt lat="51.07000000000001" lon="4.9871300000000005">
    <ele>20.200000000000003</ele>
   </trkpt>
   <trkpt lat="51.069880000000005" lon="4.987240000000001">
    <ele>20.07</ele>
   </trkpt>
   <trkpt lat="51.070040000000006" lon="4.98744">
    <ele>20.270000000000003</ele>
   </trkpt>
   <trkpt lat="51.070370000000004" lon="4.98765">
    <ele>20.85</ele>
   </trkpt>
   <trkpt lat="51.070640000000004" lon="4.98775">
    <ele>21.01</ele>
   </trkpt>
   <trkpt lat="51.07108" lon="4.98777">
    <ele>21.240000000000002</ele>
   </trkpt>
   <trkpt lat="51.0718" lon="4.98772">
    <ele>21.080000000000002</ele>
   </trkpt>
   <trkpt lat="51.0724800000635" lon="4.987650001024197">
    <ele>20.78</ele>
   </trkpt>
   <trkpt lat="51.07316" lon="4.98758">
    <ele>20.48</ele>
   </trkpt>
   <trkpt lat="51.073260000000005" lon="4.9876000000000005">
    <ele>20.48</ele>
   </trkpt>
   <trkpt lat="51.07339" lon="4.987690000000001">
    <ele>20.53</ele>
   </trkpt>
   <trkpt lat="51.07386" lon="4.98815">
    <ele>20.46</ele>
   </trkpt>
   <trkpt lat="51.07408" lon="4.98841">
    <ele>20.59</ele>
   </trkpt>
   <trkpt lat="51.07417" lon="4.9885600000000005">
    <ele>20.59</ele>
   </trkpt>
   <trkpt lat="51.07428" lon="4.9888200000000005">
    <ele>20.57</ele>
   </trkpt>
   <trkpt lat="51.07464801882331" lon="4.989869966633491">
    <ele>19.83</ele>
   </trkpt>
   <trkpt lat="51.07501602824142" lon="4.990919949967842">
    <ele>19.250000000000004</ele>
   </trkpt>
   <trkpt lat="51.07538402825407" lon="4.991969950003112">
    <ele>18.6</ele>
   </trkpt>
   <trkpt lat="51.075752018860996" lon="4.993019966739357">
    <ele>17.87</ele>
   </trkpt>
   <trkpt lat="51.07612" lon="4.994070000000001">
    <ele>17.51</ele>
   </trkpt>
   <trkpt lat="51.076473061917966" lon="4.995339912801712">
    <ele>17.27</ele>
   </trkpt>
   <trkpt lat="51.07682611007783" lon="4.996609844982959">
    <ele>17.2</ele>
   </trkpt>
   <trkpt lat="51.07717914447922" lon="4.997879796543525">
    <ele>17.17</ele>
   </trkpt>
   <trkpt lat="51.07753216512176" lon="4.9991497674831935">
    <ele>17.210000000000004</ele>
   </trkpt>
   <trkpt lat="51.077885172005075" lon="5.000419757801751">
    <ele>17.09</ele>
   </trkpt>
   <trkpt lat="51.07823816512873" lon="5.0016897674989815">
    <ele>17.27</ele>
   </trkpt>
   <trkpt lat="51.07859114449241" lon="5.00295979657467">
    <ele>17.330000000000002</ele>
   </trkpt>
   <trkpt lat="51.07894411009568" lon="5.0042298450286">
    <ele>17.240000000000002</ele>
   </trkpt>
   <trkpt lat="51.079297061938185" lon="5.005499912860556">
    <ele>17.34</ele>
   </trkpt>
   <trkpt lat="51.07965" lon="5.00677">
    <ele>17.44</ele>
   </trkpt>
   <trkpt lat="51.079730000000005" lon="5.00743">
    <ele>17.45</ele>
   </trkpt>
   <trkpt lat="51.079730000000005" lon="5.00741">
    <ele>17.45</ele>
   </trkpt>
   <trkpt lat="51.07978000000001" lon="5.0079400000000005">
    <ele>17.46</ele>
   </trkpt>
   <trkpt lat="51.07985000000001" lon="5.00816">
    <ele>17.59</ele>
   </trkpt>
   <trkpt lat="51.08005000000001" lon="5.00847">
    <ele>17.59</ele>
   </trkpt>
   <trkpt lat="51.080000000000005" lon="5.00875">
    <ele>17.45</ele>
   </trkpt>
   <trkpt lat="51.07994000000001" lon="5.0093700000000005">
    <ele>17.05</ele>
   </trkpt>
   <trkpt lat="51.07963" lon="5.01025">
    <ele>17.48</ele>
   </trkpt>
   <trkpt lat="51.079530000000005" lon="5.010400000000001">
    <ele>18.400000000000002</ele>
   </trkpt>
   <trkpt lat="51.079060000000005" lon="5.010750000000001">
    <ele>19.28</ele>
   </trkpt>
   <trkpt lat="51.079010000000004" lon="5.01081">
    <ele>19.28</ele>
   </trkpt>
   <trkpt lat="51.07894" lon="5.01165">
    <ele>19.860000000000003</ele>
   </trkpt>
   <trkpt lat="51.07884000239034" lon="5.012405001941967">
    <ele>19.860000000000003</ele>
   </trkpt>
   <trkpt lat="51.07874" lon="5.01316">
    <ele>19.950000000000003</ele>
   </trkpt>
   <trkpt lat="51.07869" lon="5.01342">
    <ele>19.950000000000003</ele>
   </trkpt>
   <trkpt lat="51.078520000000005" lon="5.0140400000000005">
    <ele>19.85</ele>
   </trkpt>
   <trkpt lat="51.078340000000004" lon="5.01543">
    <ele>19.73</ele>
   </trkpt>
   <trkpt lat="51.07828500759795" lon="5.016765001686485">
    <ele>20.150000000000002</ele>
   </trkpt>
   <trkpt lat="51.078230000000005" lon="5.0181000000000004">
    <ele>20.130000000000003</ele>
   </trkpt>
   <trkpt lat="51.078235004481165" lon="5.019124999837716">
    <ele>19.919999999999998</ele>
   </trkpt>
   <trkpt lat="51.07824" lon="5.02015">
    <ele>19.6</ele>
   </trkpt>
   <trkpt lat="51.078190000000006" lon="5.02033">
    <ele>19.610000000000003</ele>
   </trkpt>
   <trkpt lat="51.07813" lon="5.0212200000000005">
    <ele>19.8</ele>
   </trkpt>
   <trkpt lat="51.07801000721746" lon="5.022520003276528">
    <ele>19.87</ele>
   </trkpt>
   <trkpt lat="51.077890000000004" lon="5.023820000000001">
    <ele>19.96</ele>
   </trkpt>
   <trkpt lat="51.07781000000001" lon="5.02505">
    <ele>19.900000000000002</ele>
   </trkpt>
   <trkpt lat="51.07777500507087" lon="5.0261400007306">
    <ele>19.82</ele>
   </trkpt>
   <trkpt lat="51.077740000000006" lon="5.02723">
    <ele>19.810000000000002</ele>
   </trkpt>
   <trkpt lat="51.077740000000006" lon="5.027810000000001">
    <ele>19.810000000000002</ele>
   </trkpt>
   <trkpt lat="51.077783345752664" lon="5.029016664345928">
    <ele>19.85</ele>
   </trkpt>
   <trkpt lat="51.07782667908384" lon="5.030223330952412">
    <ele>19.62</ele>
   </trkpt>
   <trkpt lat="51.077870000000004" lon="5.03143">
    <ele>19.340000000000003</ele>
   </trkpt>
   <trkpt lat="51.077870000000004" lon="5.031420000000001">
    <ele>19.340000000000003</ele>
   </trkpt>
   <trkpt lat="51.077890000000004" lon="5.031960000000001">
    <ele>19.380000000000003</ele>
   </trkpt>
   <trkpt lat="51.077940000000005" lon="5.032380000000001">
    <ele>19.44</ele>
   </trkpt>
   <trkpt lat="51.07809000283802" lon="5.0331949973837675">
    <ele>18.98</ele>
   </trkpt>
   <trkpt lat="51.07824" lon="5.03401">
    <ele>18.92</ele>
   </trkpt>
   <trkpt lat="51.07831" lon="5.03465">
    <ele>18.430000000000003</ele>
   </trkpt>
   <trkpt lat="51.07836" lon="5.03551">
    <ele>18.410000000000004</ele>
   </trkpt>
   <trkpt lat="51.078300015859845" lon="5.0368733367889975">
    <ele>19.05</ele>
   </trkpt>
   <trkpt lat="51.07824001586335" lon="5.038236670042514">
    <ele>19.31</ele>
   </trkpt>
   <trkpt lat="51.07818" lon="5.0396">
    <ele>19.5</ele>
   </trkpt>
   <trkpt lat="51.078190000000006" lon="5.040990000000001">
    <ele>19.85</ele>
   </trkpt>
   <trkpt lat="51.07815" lon="5.0422400000000005">
    <ele>20.0</ele>
   </trkpt>
   <trkpt lat="51.078160000000004" lon="5.04305">
    <ele>20.080000000000002</ele>
   </trkpt>
   <trkpt lat="51.078190000000006" lon="5.04358">
    <ele>20.240000000000002</ele>
   </trkpt>
   <trkpt lat="51.078300000000006" lon="5.04438">
    <ele>20.21</ele>
   </trkpt>
   <trkpt lat="51.07846000000001" lon="5.0448900000000005">
    <ele>20.28</ele>
   </trkpt>
   <trkpt lat="51.07889" lon="5.04609">
    <ele>19.950000000000003</ele>
   </trkpt>
   <trkpt lat="51.07902000000001" lon="5.04656">
    <ele>19.91</ele>
   </trkpt>
   <trkpt lat="51.07907" lon="5.046880000000001">
    <ele>20.020000000000003</ele>
   </trkpt>
   <trkpt lat="51.07920000829954" lon="5.048274996068089">
    <ele>19.930000000000003</ele>
   </trkpt>
   <trkpt lat="51.079330000000006" lon="5.049670000000001">
    <ele>20.1</ele>
   </trkpt>
   <trkpt lat="51.07947000000001" lon="5.05097">
    <ele>20.490000000000002</ele>
   </trkpt>
   <trkpt lat="51.07965" lon="5.0520700000000005">
    <ele>20.87</ele>
   </trkpt>
   <trkpt lat="51.079730000000005" lon="5.0528900000000005">
    <ele>20.85</ele>
   </trkpt>
   <trkpt lat="51.079750000000004" lon="5.053610000000001">
    <ele>20.610000000000003</ele>
   </trkpt>
   <trkpt lat="51.079730000000005" lon="5.05428">
    <ele>20.69</ele>
   </trkpt>
   <trkpt lat="51.07974" lon="5.05473">
    <ele>20.8</ele>
   </trkpt>
   <trkpt lat="51.07977" lon="5.054930000000001">
    <ele>20.82</ele>
   </trkpt>
   <trkpt lat="51.079890000000006" lon="5.05534">
    <ele>20.650000000000002</ele>
   </trkpt>
   <trkpt lat="51.079950000000004" lon="5.05599">
    <ele>20.540000000000003</ele>
   </trkpt>
   <trkpt lat="51.079930000000004" lon="5.056190000000001">
    <ele>20.34</ele>
   </trkpt>
   <trkpt lat="51.0799" lon="5.056290000000001">
    <ele>20.34</ele>
   </trkpt>
   <trkpt lat="51.07947000000001" lon="5.05728">
    <ele>20.009999999999998</ele>
   </trkpt>
   <trkpt lat="51.07922000000001" lon="5.05801">
    <ele>20.1</ele>
   </trkpt>
   <trkpt lat="51.079150000000006" lon="5.05808">
    <ele>20.1</ele>
   </trkpt>
   <trkpt lat="51.07894" lon="5.05865">
    <ele>20.150000000000002</ele>
   </trkpt>
   <trkpt lat="51.07851" lon="5.05956">
    <ele>20.130000000000003</ele>
   </trkpt>
   <trkpt lat="51.078390000000006" lon="5.06005">
    <ele>20.34</ele>
   </trkpt>
   <trkpt lat="51.07828000000001" lon="5.06038">
    <ele>20.41</ele>
   </trkpt>
   <trkpt lat="51.078160000000004" lon="5.0606100000000005">
    <ele>20.43</ele>
   </trkpt>
   <trkpt lat="51.07746" lon="5.0613600000000005">
    <ele>21.820000000000004</ele>
   </trkpt>
   <trkpt lat="51.07746" lon="5.06135">
    <ele>21.820000000000004</ele>
   </trkpt>
   <trkpt lat="51.076950001169685" lon="5.061870005714982">
    <ele>23.66</ele>
   </trkpt>
   <trkpt lat="51.076440000000005" lon="5.062390000000001">
    <ele>25.53</ele>
   </trkpt>
   <trkpt lat="51.07638000000001" lon="5.06247">
    <ele>25.880000000000003</ele>
   </trkpt>
   <trkpt lat="51.07672717892697" lon="5.063657089423562">
    <ele>24.990000000000002</ele>
   </trkpt>
   <trkpt lat="51.077074345831974" lon="5.06484419666107">
    <ele>22.820000000000004</ele>
   </trkpt>
   <trkpt lat="51.07742150071466" lon="5.0660313217124">
    <ele>22.400000000000002</ele>
   </trkpt>
   <trkpt lat="51.07776864357468" lon="5.067218464577418">
    <ele>22.18</ele>
   </trkpt>
   <trkpt lat="51.07811577441172" lon="5.068405625255998">
    <ele>21.66</ele>
   </trkpt>
   <trkpt lat="51.078462893225485" lon="5.0695928037480105">
    <ele>21.61</ele>
   </trkpt>
   <trkpt lat="51.078810000000004" lon="5.07078">
    <ele>21.88</ele>
   </trkpt>
   <trkpt lat="51.078900000000004" lon="5.07125">
    <ele>21.88</ele>
   </trkpt>
   <trkpt lat="51.078920000000004" lon="5.071440000000001">
    <ele>21.94</ele>
   </trkpt>
   <trkpt lat="51.07895500364622" lon="5.072364999210074">
    <ele>21.970000000000002</ele>
   </trkpt>
   <trkpt lat="51.078990000000005" lon="5.07329">
    <ele>21.630000000000003</ele>
   </trkpt>
   <trkpt lat="51.079120002714454" lon="5.074089997657132">
    <ele>21.060000000000002</ele>
   </trkpt>
   <trkpt lat="51.07925" lon="5.074890000000001">
    <ele>20.89</ele>
   </trkpt>
   <trkpt lat="51.079260000000005" lon="5.075060000000001">
    <ele>20.98</ele>
   </trkpt>
  </trkseg>
 </trk>
</gpx>
